Godot Engine v4.5.1.stable.official.f62fdbde1 - https://godotengine.org
OpenGL API 3.3.0 NVIDIA 462.59 - Compatibility - Using Device: NVIDIA - Quadro RTX 4000

   0.2s   ok  new-game walkthrough uses normal relaxed work income
   0.2s STEP Main menu → New Game
   0.5s   shot 01_main_menu.png
   0.5s   click [NewGame] New Game
   0.6s   click [CreateRunCharacter] Create character
   1.9s STEP Character Creator
   2.0s   shot 02_creator_default.png
   2.0s   click [Tab_hair] Hair
   2.1s   click [Next_hair] ▶
   2.6s   click [Tab_face] Face
   2.8s   click [Next_face] ▶
   3.0s   click [Next_eye_shape] ▶
   3.2s   click [Tab_body] Body
   3.3s   click [Next_presentation] ▶
   4.1s   shot 03_creator_customised.png
   4.1s   click [Tab_outfit] Outfit
   4.2s   click "Startup Casual"
   4.9s   ok  appearance changed from default (short_neat)
   5.0s   shot 04_creator_final.png
   5.0s   click [Start] Start in Aurelia  →
   5.1s [6月1日（週日） 下午 2:00] STEP Arrival sequence
   7.8s [6月1日（週日） 下午 2:00]   shot 05_arrival_train.png
  11.3s [6月1日（週日） 下午 2:00]   shot 06_arrival_phone.png
  16.5s [6月1日（週日） 下午 2:01]   ok  spawned in the Riverside apartment
  16.5s [6月1日（週日） 下午 2:01]   ok  starting cash $30,000
  16.5s [6月1日（週日） 下午 2:01]   ok  name saved
  18.4s [6月1日（週日） 下午 2:03]   shot 07_apartment_arrival.png
  18.4s [6月1日（週日） 下午 2:03] STEP Chapter 1 — phone & Maya
  21.7s [6月1日（週日） 下午 2:08]   shot 08_phone_home.png
  21.7s [6月1日（週日） 下午 2:08]   click [App_messages] 通知中心
  22.2s [6月1日（週日） 下午 2:09]   ok  first chapter continues by reading notifications, without replying
  22.2s [6月1日（週日） 下午 2:09] STEP Head outside
  26.7s [6月1日（週日） 下午 2:14]   ok  walked back outside
  26.7s [6月1日（週日） 下午 2:14]   ok  visited Riverside
  26.9s [6月1日（週日） 下午 2:14]   shot 09_riverside_outside_home.png
  26.9s [6月1日（週日） 下午 2:14] STEP Bloom Coffee
  30.1s [6月1日（週日） 下午 2:19]   ok  entered Bloom Coffee
  30.3s [6月1日（週日） 下午 2:19]   shot 10_bloom_coffee_inside.png
  31.7s [6月1日（週日） 下午 2:21]   use "Order coffee ($4.50)"
  33.7s [6月1日（週日） 下午 2:21]   choose "› 麻煩了。"
  38.6s [6月1日（週日） 下午 2:32]   ok  bought a coffee from Jun
  41.4s [6月1日（週日） 下午 2:37]   ok  walked back outside
  41.4s [6月1日（週日） 下午 2:37] STEP Walk east to Startup Hub
  43.0s [6月1日（週日） 下午 2:39]   shot 11_riverside_street.png
  58.4s [6月1日（週日） 下午 3:14]   ok  walked to Startup Hub
  58.7s [6月1日（週日） 下午 3:14]   shot 12_startup_hub_arrive.png
  58.7s [6月1日（週日） 下午 3:14] STEP Nexus Co-work
  62.4s [6月1日（週日） 下午 3:19]   ok  entered Nexus Co-work
  62.7s [6月1日（週日） 下午 3:19]   shot 13_cowork_inside.png
  64.0s [6月1日（週日） 下午 3:21]   use "Reception — desks & day passes"
  66.6s [6月1日（週日） 下午 3:22]   choose "› 對。先看看。"
  69.6s [6月1日（週日） 下午 3:23]   click [DayPass] Buy a day pass ($15)
  70.5s [6月1日（週日） 下午 3:24] STEP Business Board
  78.0s [6月1日（週日） 下午 3:36]   use "Business Board"
  78.8s [6月1日（週日） 下午 3:37]   shot 14_business_board.png
  78.8s [6月1日（週日） 下午 3:37]   click [Biz_saas] ● SaaS／軟體
  79.5s [6月1日（週日） 下午 3:38]   shot 15_business_board_planned_saas.png
  79.5s [6月1日（週日） 下午 3:38]   click [Biz_ecommerce] ● 電商
  79.7s [6月1日（週日） 下午 3:38]   click [StartEcommerce] Start an ecommerce side business
  81.3s [6月1日（週日） 下午 3:40]   ok  picked ecommerce as first business
  83.8s [6月1日（週日） 下午 3:44]   ok  Chapter 1 complete
  83.8s [6月1日（週日） 下午 3:44] STEP Chapter 2 — buy stock at a hot desk (Company OS)
  93.1s [6月1日（週日） 下午 3:58]   use "Work at a hot desk — Company OS"
  93.8s [6月1日（週日） 下午 3:58]   shot 16_company_os_overview_personal.png
  93.8s [6月1日（週日） 下午 3:58]   click [Tab_operations] Stock and orders
  94.6s [6月1日（週日） 下午 4:00]   shot 17_company_os_suppliers.png
  94.6s [6月1日（週日） 下午 4:00]   click [Buy_tradelink_wholesale_wireless_earbuds] 購買 $900.00
  95.2s [6月1日（週日） 下午 4:11]   click [Buy_tradelink_wholesale_water_bottle] 購買 $408.00
  95.8s [6月1日（週日） 下午 4:22]   click [Buy_tradelink_wholesale_desk_lamp] 購買 $460.00
  96.4s [6月1日（週日） 下午 4:32]   click [Buy_tradelink_wholesale_phone_stand] 購買 $272.00
  97.0s [6月1日（週日） 下午 4:43]   ok  placed purchase orders (MOQ, prepaid): 4 POs, cash $27,940.50
  97.1s [6月1日（週日） 下午 4:43]   shot 18_company_os_purchase_orders.png
  97.5s [6月1日（週日） 下午 4:44] STEP Home to wait for stock
 100.7s [6月1日（週日） 下午 4:50]   ok  walked back outside
 104.7s [6月1日（週日） 下午 5:08]   ok  walked to Riverside
 122.7s [6月1日（週日） 下午 5:35]   ok  entered Riverside Tower
 122.7s [6月1日（週日） 下午 5:35]   (harness) wait 2 h
 123.5s [6月1日（週日） 下午 7:36]   shot 19_assistant_fulfilment.png
 125.4s [6月1日（週日） 下午 7:39]   use "Sleep"
 126.0s [6月1日（週日） 下午 7:39]   click [Sleep] Sleep until 7:00 AM
 127.9s [6月2日（週一） 上午 7:00]   (harness) wait 2 h
 128.5s [6月2日（週一） 上午 9:01]   (harness) wait 2 h
 129.1s [6月2日（週一） 上午 11:02]   (harness) wait 2 h
 129.8s [6月2日（週一） 下午 1:03]   (harness) wait 2 h
 130.4s [6月2日（週一） 下午 3:04]   (harness) wait 2 h
 131.0s [6月2日（週一） 下午 5:05]   (harness) wait 2 h
 131.9s [6月2日（週一） 下午 7:06]   use "Sleep"
 132.5s [6月2日（週一） 下午 7:06]   click [Sleep] Sleep until 7:00 AM
 134.3s [6月3日（週二） 上午 7:00]   (harness) wait 2 h
 135.0s [6月3日（週二） 上午 9:01]   (harness) wait 2 h
 135.6s [6月3日（週二） 上午 11:02]   (harness) wait 2 h
 136.2s [6月3日（週二） 下午 1:03]   (harness) wait 2 h
 136.9s [6月3日（週二） 下午 3:04]   ok  stock delivered to the apartment
 137.6s [6月3日（週二） 下午 3:05]   shot 20_apartment_with_stock.png
 137.6s [6月3日（週二） 下午 3:05] STEP List products on ShopLane
 138.9s [6月3日（週二） 下午 3:07]   use "Use laptop — Company OS"
 139.5s [6月3日（週二） 下午 3:08]   click [Tab_sales] 電商 · 新
 140.2s [6月3日（週二） 下午 3:09]   shot 21_company_os_sales_ready.png
 140.2s [6月3日（週二） 下午 3:09]   click [ListSelf_wireless_earbuds] Shoot photos myself & list (1 h 20 min)
 140.8s [6月3日（週二） 下午 4:30]   click [ListSelf_water_bottle] Shoot photos myself & list (1 h 20 min)
 141.5s [6月3日（週二） 下午 5:51]   click [ListSelf_desk_lamp] Shoot photos myself & list (1 h 20 min)
 142.1s [6月3日（週二） 下午 5:51]   click [ListSelf_phone_stand] Shoot photos myself & list (1 h 20 min)
 142.8s [6月3日（週二） 下午 7:11]   click [AdPlus_wireless_earbuds] +
 143.5s [6月3日（週二） 下午 7:11]   shot 22_company_os_listings_live.png
 143.5s [6月3日（週二） 下午 7:11]   ok  listings live
 143.5s [6月3日（週二） 下午 7:11]   info card: Your first business loop
 143.5s [6月3日（週二） 下午 7:11]   shot 23_info_your_first_business_loop.png
 143.5s [6月3日（週二） 下午 7:11]   click "Let's go"
 144.4s [6月3日（週二） 下午 7:12] STEP First order → pack → ship
 176.6s [6月3日（週二） 下午 8:00]   ok  first order came in
 176.6s [6月3日（週二） 下午 8:00]   ok  handed to the courier (pickup booked)
 176.6s [6月3日（週二） 下午 8:00] STEP Delivery → first dollar
 176.6s [6月3日（週二） 下午 8:00]   ok  first order delivered (Earn Your First Dollar)
 176.6s [6月3日（週二） 下午 8:00]   revenue booked $37.13 · ShopLane balance $35.09 · cash $27,887.35
 176.8s [6月3日（週二） 下午 8:00]   shot 24_first_dollar.png
 176.8s [6月3日（週二） 下午 8:00] STEP First customer issue
 184.2s [6月3日（週二） 下午 8:11]   use "Sleep"
 184.8s [6月3日（週二） 下午 8:11]   click [Sleep] Sleep until 7:00 AM
 186.7s [6月4日（週三） 上午 7:00]   (harness) wait 2 h
 187.3s [6月4日（週三） 上午 9:01]   (harness) wait 2 h
 188.0s [6月4日（週三） 上午 11:02]   (harness) wait 2 h
 188.7s [6月4日（週三） 下午 1:02]   shot 25_decision_customer_return_first.png
 188.7s [6月4日（週三） 下午 1:02]   decision customer_return_first → replace
 188.7s [6月4日（週三） 下午 1:02]   click [Choice_replace] 寄一個新的（快捷）
 190.6s [6月4日（週三） 下午 1:02]   shot 26_decision_outcome_customer_return_first.png
 190.6s [6月4日（週三） 下午 1:02]   click "OK"
 191.2s [6月4日（週三） 下午 1:02]   ok  resolved the first customer issue
 193.2s [6月4日（週三） 下午 1:05]   ok  Chapter 2 complete
 193.2s [6月4日（週三） 下午 1:05] STEP Purchase cancellation
 194.4s [6月4日（週三） 下午 1:07]   use "Use laptop — Company OS"
 195.0s [6月4日（週三） 下午 1:08]   click [Tab_operations] Stock and orders
 195.8s [6月4日（週三） 下午 1:09]   click [Buy_tradelink_wholesale_wireless_earbuds] 購買 $900.00
 196.9s [6月4日（週三） 下午 1:21]   click [CancelPO_PO-105] Cancel purchase
 197.7s [6月4日（週三） 下午 1:21]   shot 27_purchase_cancel_confirmation.png
 197.7s [6月4日（週三） 下午 1:21]   click [ConfirmReturn] Confirm cancellation
 198.4s [6月4日（週三） 下午 1:21]   ok  extra PO cancelled through UI
 198.4s [6月4日（週三） 下午 1:21]   ok  cancellation cash equals quoted refund
 198.4s [6月4日（週三） 下午 1:21]   ok  ledger balanced after purchase cancellation
 198.9s [6月4日（週三） 下午 1:22]   shot 28_purchase_cancelled_operations.png
 199.3s [6月4日（週三） 下午 1:23] STEP Chapter 3 — wait for a weekday morning
 199.3s [6月4日（週三） 下午 1:23]   (harness) wait 2 h
 200.0s [6月4日（週三） 下午 3:24]   (harness) wait 2 h
 223.8s [6月4日（週三） 下午 6:00]   (harness) wait 2 h
 231.8s [6月4日（週三） 下午 8:12]   use "Sleep"
 232.4s [6月4日（週三） 下午 8:12]   click [Sleep] Sleep until 7:00 AM
 237.5s [6月5日（週四） 上午 7:06]   ok  walked back outside
 237.5s [6月5日（週四） 上午 7:06] STEP Metro to Civic Center → City Hall
 245.6s [6月5日（週四） 上午 7:18]   use "捷運——河濱區站"
 246.7s [6月5日（週四） 上午 7:20]   shot 29_metro_civic_center.png
 246.7s [6月5日（週四） 上午 7:20]   click [Go_civic_center] 市政中心  ·  12 分鐘
 248.1s [6月5日（週四） 上午 7:34]   ok  took the Metro to Civic Center
 248.3s [6月5日（週四） 上午 7:34]   shot 30_civic_center.png
 250.8s [6月5日（週四） 上午 9:08]   traffic collision report dismissed
 259.5s [6月5日（週四） 上午 9:20]   ok  entered Aurelia City Hall
 259.8s [6月5日（週四） 上午 9:20]   shot 31_city_hall_inside.png
 261.5s [6月5日（週四） 上午 9:23]   use "Registration counter"
 263.5s [6月5日（週四） 上午 9:23]   choose "› 我要登記公司。"
 266.4s [6月5日（週四） 上午 9:24]   shot 32_registration_form.png
 266.4s [6月5日（週四） 上午 9:24]   click [Submit] Register & pay
 267.5s [6月5日（週四） 上午 10:10]   shot 33_registration_done.png
 267.5s [6月5日（週四） 上午 10:10]   click "Thanks"
 267.6s [6月5日（週四） 上午 10:10]   ok  registered Riverlight Goods
 267.8s [6月5日（週四） 上午 10:10]   shot 34_decision_low_cash_warning.png
 267.8s [6月5日（週四） 上午 10:10]   decision low_cash_warning → reduce
 267.8s [6月5日（週四） 上午 10:10]   click [Choice_reduce] 縮減開支（暫停廣告、生活從簡）
 269.3s [6月5日（週四） 上午 10:10]   shot 35_decision_outcome_low_cash_warning.png
 269.3s [6月5日（週四） 上午 10:10]   click "OK"
 273.3s [6月5日（週四） 上午 10:16]   ok  walked back outside
 273.3s [6月5日（週四） 上午 10:16] STEP Walk to the Financial District → Nexus Bank
 280.2s [6月5日（週四） 上午 10:35]   ok  walked to Financial District
 299.1s [6月5日（週四） 上午 11:03]   ok  entered Nexus Bank
 299.3s [6月5日（週四） 上午 11:03]   shot 36_bank_inside.png
 300.8s [6月5日（週四） 上午 11:06]   use "Teller — business banking"
 301.8s [6月5日（週四） 上午 11:07]   click "$15,000"
 302.0s [6月5日（週四） 上午 11:08]   click [OpenAccount] 存入 $15,000 開戶
 303.2s [6月5日（週四） 上午 11:39]   shot 37_bank_account_opened.png
 303.5s [6月5日（週四） 上午 11:40]   ok  business account opened with founder capital
 310.0s [6月5日（週四） 上午 11:51]   ok  walked back outside
 310.0s [6月5日（週四） 上午 11:51] STEP Metro to Startup Hub → lease Suite 2B
 320.6s [6月5日（週四） 下午 12:06]   use "捷運——金融區站"
 321.6s [6月5日（週四） 下午 12:08]   shot 38_metro_startup_hub.png
 321.6s [6月5日（週四） 下午 12:08]   click [Go_startup_hub] 新創園區  ·  8 分鐘
 322.7s [6月5日（週四） 下午 12:18]   ok  took the Metro to Startup Hub
 330.4s [6月5日（週四） 下午 12:29]   ok  entered 22 Founders Lane
 330.6s [6月5日（週四） 下午 12:29]   shot 39_suite_2b_tour.png
 332.1s [6月5日（週四） 下午 12:32]   use "和 Tom 說話"
 334.5s [6月5日（週四） 下午 12:32]   click [SignLease] Sign the lease
 335.7s [6月5日（週四） 下午 12:34]   ok  leased Suite 2B
 336.5s [6月5日（週四） 下午 12:35]   shot 40_suite_2b_company_sign.png
 336.5s [6月5日（週四） 下午 12:35] STEP Sit at the desk → Company OS as the company
 337.5s [6月5日（週四） 下午 12:36]   use "Sit at your desk — Company OS"
 338.8s [6月5日（週四） 下午 12:38]   shot 41_company_os_as_company.png
 338.8s [6月5日（週四） 下午 12:38]   click [Tab_finance] Finance
 339.7s [6月5日（週四） 下午 12:40]   shot 42_company_os_finance.png
 339.7s [6月5日（週四） 下午 12:40]   click [Tab_inventory] 庫存 · 新
 340.3s [6月5日（週四） 下午 12:41]   shot 43_company_os_inventory.png
 343.7s [6月5日（週四） 下午 12:46]   ok  Chapter 3 complete
 346.9s [6月5日（週四） 下午 12:52]   ok  walked back outside
 347.2s [6月5日（週四） 下午 12:52]   shot 44_startup_hub_office_sign.png
 347.2s [6月5日（週四） 下午 12:52] STEP Careers — part-time job at Nexus Co-work
 357.1s [6月5日（週四） 下午 1:07]   ok  entered Nexus Co-work
 360.8s [6月5日（週四） 下午 1:12]   use "Business Board"
 361.5s [6月5日（週四） 下午 1:13]   click [Page_jobs] Part-time jobs
 362.3s [6月5日（週四） 下午 1:14]   shot 45_business_board_jobs.png
 362.3s [6月5日（週四） 下午 1:14]   click [Job_cowork_host] 詳情／應徵
 362.9s [6月5日（週四） 下午 1:15]   click [ApplyJob] Take the job
 363.5s [6月5日（週四） 下午 1:16]   shot 46_job_hired.png
 364.6s [6月5日（週四） 下午 1:18]   ok  hired as a community host
 365.4s [6月5日（週四） 下午 1:19]   use "Staff door — work a shift"
 366.2s [6月5日（週四） 下午 1:20]   shot 47_job_shift.png
 366.3s [6月5日（週四） 下午 1:20]   click [WorkShift] 開始 4 小時的班（最多 +$72.84）
 368.2s [6月5日（週四） 下午 5:23]   ok  a 4-hour shift paid by how it went ($68.47)
 368.2s [6月5日（週四） 下午 5:23] STEP Careers — freelance gig at a hot desk
 378.1s [6月5日（週四） 下午 5:38]   use "Work at a hot desk — Company OS"
 378.7s [6月5日（週四） 下午 5:39]   click [Tab_freelance] Explore freelance consulting
 379.4s [6月5日（週四） 下午 5:40]   click [StartFreelance] Start freelancing
 380.1s [6月5日（週四） 下午 5:41]   click [Accept_G1] Accept
 380.6s [6月5日（週四） 下午 5:42]   click [Work_G1] 開啟客戶案件
 380.8s [6月5日（週四） 下午 5:42]   click [Interview_goal] ✗ 專案目標
 381.0s [6月5日（週四） 下午 5:42]   click [Interview_audience] ✗ 目標受眾
 381.1s [6月5日（週四） 下午 5:42]   click [Interview_budget] ✗ 預算
 381.3s [6月5日（週四） 下午 5:42]   click [Proposal] Prepare proposal
 381.4s [6月5日（週四） 下午 5:42]   click [AgreeProposal] Agree quote and scope
 381.6s [6月5日（週四） 下午 5:42]   click [Session_2] Work 2 h
 382.4s [6月5日（週四） 下午 7:42]   shot 48_freelance_gig.png
 382.4s [6月5日（週四） 下午 7:42]   ok  put hours into a freelance gig
 382.6s [6月5日（週四） 下午 7:42]   SaaS stays hidden until its chapter; optional career deferred
 387.6s [6月5日（週四） 下午 7:50]   ok  walked back outside
 387.6s [6月5日（週四） 下午 7:50] STEP Run the company to month-end
 393.5s [6月5日（週四） 下午 8:11]   ok  walked to Riverside
 422.9s [6月5日（週四） 下午 8:55]   ok  entered Riverside Tower
 426.0s [6月5日（週四） 下午 9:00]   use "Sleep"
 426.6s [6月5日（週四） 下午 9:00]   click [Sleep] Sleep until 7:00 AM
 429.0s [6月6日（週五） 下午 7:00]   use "Sleep"
 429.6s [6月6日（週五） 下午 7:00]   click [Sleep] Sleep until 7:00 AM
 431.9s [6月7日（週六） 下午 7:00]   use "Sleep"
 432.5s [6月7日（週六） 下午 7:00]   click [Sleep] Sleep until 7:00 AM
 434.8s [6月8日（週日） 下午 7:00]   use "Sleep"
 435.5s [6月8日（週日） 下午 7:00]   click [Sleep] Sleep until 7:00 AM
 437.8s [6月9日（週一） 下午 7:00]   use "Sleep"
 438.4s [6月9日（週一） 下午 7:00]   click [Sleep] Sleep until 7:00 AM
 440.8s [6月10日（週二） 下午 7:00]   use "Sleep"
 441.4s [6月10日（週二） 下午 7:00]   click [Sleep] Sleep until 7:00 AM
 443.7s [6月11日（週三） 下午 7:00]   shot 49_decision_viral_mention.png
 443.7s [6月11日（週三） 下午 7:00]   decision viral_mention → ride
 443.7s [6月11日（週三） 下午 7:00]   click [Choice_ride] 順其自然
 445.2s [6月11日（週三） 下午 7:00]   shot 50_decision_outcome_viral_mention.png
 445.2s [6月11日（週三） 下午 7:00]   click "OK"
 445.9s [6月11日（週三） 下午 7:00]   use "Sleep"
 446.5s [6月11日（週三） 下午 7:00]   click [Sleep] Sleep until 7:00 AM
 448.9s [6月12日（週四） 下午 7:00]   use "Sleep"
 449.5s [6月12日（週四） 下午 7:00]   click [Sleep] Sleep until 7:00 AM
 451.8s [6月13日（週五） 下午 7:00]   use "Sleep"
 452.5s [6月13日（週五） 下午 7:00]   click [Sleep] Sleep until 7:00 AM
 454.8s [6月14日（週六） 下午 7:00]   use "Sleep"
 455.4s [6月14日（週六） 下午 7:00]   click [Sleep] Sleep until 7:00 AM
 457.9s [6月15日（週日） 下午 7:00]   use "Sleep"
 458.5s [6月15日（週日） 下午 7:00]   click [Sleep] Sleep until 7:00 AM
 460.9s [6月16日（週一） 下午 7:00]   shot 51_decision_unexpected_large_order.png
 460.9s [6月16日（週一） 下午 7:00]   decision unexpected_large_order → review
 460.9s [6月16日（週一） 下午 7:00]   click [Choice_review] 把合約寄給我，我看看。
 462.4s [6月16日（週一） 下午 7:00]   shot 52_decision_outcome_unexpected_large_order.png
 462.4s [6月16日（週一） 下午 7:00]   click "OK"
 463.1s [6月16日（週一） 下午 7:00]   use "Sleep"
 463.7s [6月16日（週一） 下午 7:00]   click [Sleep] Sleep until 7:00 AM
 473.9s [6月17日（週二） 上午 7:13]   use "Use laptop — Company OS"
 474.5s [6月17日（週二） 上午 7:14]   click [Tab_contracts] 合約 · 新 ●
 475.3s [6月17日（週二） 上午 7:15]   shot 53_contract_offer.png
 475.5s [6月17日（週二） 上午 7:15]   click [AcceptContract] Accept
 484.7s [6月17日（週二） 下午 7:12]   use "Sleep"
 485.3s [6月17日（週二） 下午 7:12]   click [Sleep] Sleep until 7:00 AM
 489.1s [6月18日（週三） 上午 7:03]   use "Use laptop — Company OS"
 489.7s [6月18日（週三） 上午 7:04]   click [Tab_contracts] Contracts
 498.8s [6月18日（週三） 下午 7:12]   use "Sleep"
 499.4s [6月18日（週三） 下午 7:12]   click [Sleep] Sleep until 7:00 AM
 503.3s [6月19日（週四） 上午 7:03]   use "Use laptop — Company OS"
 503.9s [6月19日（週四） 上午 7:04]   click [Tab_contracts] Contracts
 513.0s [6月19日（週四） 下午 7:12]   use "Sleep"
 513.6s [6月19日（週四） 下午 7:12]   click [Sleep] Sleep until 7:00 AM
 522.3s [6月20日（週五） 下午 7:09]   use "Sleep"
 522.9s [6月20日（週五） 下午 7:09]   click [Sleep] Sleep until 7:00 AM
 525.4s [6月21日（週六） 下午 7:00]   shot 54_decision_supplier_price_increase.png
 525.4s [6月21日（週六） 下午 7:00]   decision supplier_price_increase → accept
 525.4s [6月21日（週六） 下午 7:00]   click [Choice_accept] 好。繼續跟你進貨。
 526.8s [6月21日（週六） 下午 7:00]   shot 55_decision_outcome_supplier_price_increase.png
 526.8s [6月21日（週六） 下午 7:00]   click "OK"
 527.5s [6月21日（週六） 下午 7:00]   use "Sleep"
 528.1s [6月21日（週六） 下午 7:00]   click [Sleep] Sleep until 7:00 AM
 530.6s [6月22日（週日） 下午 7:00]   use "Sleep"
 531.2s [6月22日（週日） 下午 7:00]   click [Sleep] Sleep until 7:00 AM
 533.8s [6月23日（週一） 下午 7:00]   use "Sleep"
 534.4s [6月23日（週一） 下午 7:00]   click [Sleep] Sleep until 7:00 AM
 537.0s [6月24日（週二） 下午 7:00]   use "Sleep"
 537.6s [6月24日（週二） 下午 7:00]   click [Sleep] Sleep until 7:00 AM
 540.3s [6月25日（週三） 下午 7:00]   use "Sleep"
 540.9s [6月25日（週三） 下午 7:00]   click [Sleep] Sleep until 7:00 AM
 543.4s [6月26日（週四） 下午 7:00]   use "Sleep"
 544.0s [6月26日（週四） 下午 7:00]   click [Sleep] Sleep until 7:00 AM
 546.6s [6月27日（週五） 下午 7:00]   use "Sleep"
 547.2s [6月27日（週五） 下午 7:00]   click [Sleep] Sleep until 7:00 AM
 556.5s [6月28日（週六） 下午 7:10]   use "Sleep"
 557.1s [6月28日（週六） 下午 7:10]   click [Sleep] Sleep until 7:00 AM
 557.8s [6月29日（週日） 上午 12:24]   toast: 新評價 #1622：★★「晚到還有刮痕。」
 559.7s [6月29日（週日） 下午 7:00]   use "Sleep"
 560.3s [6月29日（週日） 下午 7:00]   click [Sleep] Sleep until 7:00 AM
 563.0s [6月30日（週一） 下午 7:00]   use "Sleep"
 563.6s [6月30日（週一） 下午 7:00]   click [Sleep] Sleep until 7:00 AM
 567.9s [7月1日（週二） 上午 7:00]   shot 56_month_close_report.png
 567.9s [7月1日（週二） 上午 7:00]   click [month close] Continue
 569.6s [7月1日（週二） 上午 7:02]   ok  month close ran (June)
 571.5s [7月1日（週二） 上午 7:05]   use "Use laptop — Company OS"
 572.1s [7月1日（週二） 上午 7:06]   click [Tab_finance] Finance
 573.2s [7月1日（週二） 上午 7:07]   shot 57_company_os_finance_july.png
 573.6s [7月1日（週二） 上午 7:08]   ok  Chapter 4 started after the June close
 573.6s [7月1日（週二） 上午 7:08] STEP Chapter 4 — register as an employer at City Hall
 577.6s [7月1日（週二） 上午 7:15]   ok  walked back outside
 596.6s [7月1日（週二） 上午 7:43]   use "捷運——河濱區站"
 597.6s [7月1日（週二） 上午 7:44]   shot 58_metro_civic_center.png
 597.6s [7月1日（週二） 上午 7:44]   click [Go_civic_center] 市政中心  ·  12 分鐘
 598.7s [7月1日（週二） 上午 7:58]   ok  took the Metro to Civic Center
 610.0s [7月1日（週二） 上午 9:25]   ok  entered Aurelia City Hall
 612.9s [7月1日（週二） 上午 9:30]   use "Permits & regulations"
 613.7s [7月1日（週二） 上午 9:31]   shot 59_permits_kiosk.png
 613.7s [7月1日（週二） 上午 9:31]   click [RegisterEmployer] 登記（$150）
 614.8s [7月1日（週二） 上午 9:52]   ok  registered as an employer
 614.8s [7月1日（週二） 上午 9:52] STEP Chapter 4 — post a job, hire, first payroll
 619.1s [7月1日（週二） 上午 10:00]   ok  walked back outside
 628.3s [7月1日（週二） 上午 10:14]   use "捷運——市政中心站"
 629.3s [7月1日（週二） 上午 10:15]   shot 60_metro_riverside.png
 629.3s [7月1日（週二） 上午 10:15]   click [Go_riverside] 河濱區  ·  12 分鐘
 630.4s [7月1日（週二） 上午 10:29]   ok  took the Metro to Riverside
 644.9s [7月1日（週二） 上午 10:51]   ok  entered Riverside Tower
 647.2s [7月1日（週二） 上午 10:54]   use "Use laptop — Company OS"
 647.8s [7月1日（週二） 上午 10:55]   click [Tab_people] 人 · 新
 648.7s [7月1日（週二） 上午 10:56]   shot 61_people_tab.png
 648.9s [7月1日（週二） 上午 10:57]   click [Post_support] Post job
 649.9s [7月1日（週二） 上午 10:58]   ok  job ad posted
 650.0s [7月1日（週二） 上午 10:58]   (harness) wait 2 h
 650.6s [7月1日（週二） 下午 12:59]   (harness) wait 2 h
 651.3s [7月1日（週二） 下午 3:00]   (harness) wait 2 h
 651.9s [7月1日（週二） 下午 5:01]   (harness) wait 2 h
 660.8s [7月1日（週二） 下午 7:14]   use "Sleep"
 661.4s [7月1日（週二） 下午 7:14]   click [Sleep] Sleep until 7:00 AM
 665.4s [7月2日（週三） 上午 7:03]   use "Use laptop — Company OS"
 666.0s [7月2日（週三） 上午 7:04]   click [Tab_people] People
 667.4s [7月2日（週三） 上午 7:05]   shot 62_applicants.png
 667.4s [7月2日（週三） 上午 7:05]   click [Hire_E1] Hire
 668.4s [7月2日（週三） 上午 7:07]   ok  hired the first employee (Noah Ito)
 676.5s [7月2日（週三） 下午 7:12]   use "Sleep"
 677.1s [7月2日（週三） 下午 7:12]   click [Sleep] Sleep until 7:00 AM
 685.9s [7月3日（週四） 下午 7:10]   use "Sleep"
 686.5s [7月3日（週四） 下午 7:10]   click [Sleep] Sleep until 7:00 AM
 689.2s [7月4日（週五） 下午 7:01]   use "Sleep"
 689.8s [7月4日（週五） 下午 7:01]   click [Sleep] Sleep until 7:00 AM
 692.0s [7月5日（週六） 上午 7:00]   ok  first payroll paid
 693.8s [7月5日（週六） 上午 7:03]   use "Use laptop — Company OS"
 694.5s [7月5日（週六） 上午 7:04]   click [Tab_finance] Finance
 695.6s [7月5日（週六） 上午 7:06]   shot 63_cash_forecast.png
 697.1s [7月5日（週六） 上午 7:08]   ok  Chapter 4 complete
 697.1s [7月5日（週六） 上午 7:08] STEP Chapter 5 — Crestline's offer
 705.1s [7月5日（週六） 下午 7:12]   use "Sleep"
 705.7s [7月5日（週六） 下午 7:12]   click [Sleep] Sleep until 7:00 AM
 714.5s [7月6日（週日） 下午 7:10]   use "Sleep"
 715.1s [7月6日（週日） 下午 7:10]   click [Sleep] Sleep until 7:00 AM
 717.7s [7月7日（週一） 下午 7:01]   use "Sleep"
 718.3s [7月7日（週一） 下午 7:01]   click [Sleep] Sleep until 7:00 AM
 720.9s [7月8日（週二） 下午 7:01]   use "Sleep"
 721.5s [7月8日（週二） 下午 7:01]   click [Sleep] Sleep until 7:00 AM
 724.1s [7月9日（週三） 下午 7:00]   shot 64_decision_supplier_price_increase.png
 724.1s [7月9日（週三） 下午 7:00]   decision supplier_price_increase → accept
 724.1s [7月9日（週三） 下午 7:00]   click [Choice_accept] 好。繼續跟你進貨。
 725.5s [7月9日（週三） 下午 7:00]   shot 65_decision_outcome_supplier_price_increase.png
 725.5s [7月9日（週三） 下午 7:00]   click "OK"
 726.2s [7月9日（週三） 下午 7:00]   use "Sleep"
 726.8s [7月9日（週三） 下午 7:00]   click [Sleep] Sleep until 7:00 AM
 729.4s [7月10日（週四） 下午 7:01]   use "Sleep"
 730.0s [7月10日（週四） 下午 7:01]   click [Sleep] Sleep until 7:00 AM
 732.3s [7月11日（週五） 上午 7:00]   shot 66_decision_crestline_big_offer.png
 732.3s [7月11日（週五） 上午 7:00]   decision crestline_big_offer → review
 732.3s [7月11日（週五） 上午 7:00]   click [Choice_review] 把合約寄來，我看看。
 733.7s [7月11日（週五） 上午 7:00]   shot 67_decision_outcome_crestline_big_offer.png
 733.7s [7月11日（週五） 上午 7:00]   click "OK"
 734.3s [7月11日（週五） 上午 7:00]   ok  Crestline offered the big contract
 736.1s [7月11日（週五） 上午 7:03]   use "Use laptop — Company OS"
 736.8s [7月11日（週五） 上午 7:04]   click [Tab_contracts] 合約 ●
 737.7s [7月11日（週五） 上午 7:05]   shot 68_big_contract_offer.png
 737.9s [7月11日（週五） 上午 7:06]   click [AcceptContract] Accept
 739.1s [7月11日（週五） 上午 7:07]   ok  accepted Crestline's contract
 739.1s [7月11日（週五） 上午 7:07] STEP Chapter 5 — borrow from Marcus Reed at Nexus Bank
 743.1s [7月11日（週五） 上午 7:14]   ok  walked back outside
 762.1s [7月11日（週五） 上午 7:43]   use "捷運——河濱區站"
 763.2s [7月11日（週五） 上午 7:44]   shot 69_metro_financial.png
 763.2s [7月11日（週五） 上午 7:44]   click [Go_financial] 金融區  ·  10 分鐘
 764.2s [7月11日（週五） 上午 7:56]   ok  took the Metro to Financial District
 776.5s [7月11日（週五） 下午 1:24]   ok  entered Nexus Bank
 779.2s [7月11日（週五） 下午 1:29]   use "和 Marcus Reed 說話"
 782.3s [7月11日（週五） 下午 1:29]   choose "› 讓我看看你能借多少。"
 784.8s [7月11日（週五） 下午 1:29]   shot 70_loan_offer.png
 784.8s [7月11日（週五） 下午 1:29]   click [Amt_50] $33,000
 785.4s [7月11日（週五） 下午 1:29]   click [Term_12] 12 個月
 786.0s [7月11日（週五） 下午 1:29]   click [TakeLoan] 借 $33,000
 786.4s [7月11日（週五） 下午 1:29]   click [ConfirmLoan] Confirm loan signing
 787.6s [7月11日（週五） 下午 5:00]   ok  loan signing finishes the same afternoon
 788.1s [7月11日（週五） 下午 5:00]   shot 71_loan_taken.png
 788.5s [7月11日（週五） 下午 5:00]   ok  took a Nexus Bank loan (debt $33,000.00)
 788.5s [7月11日（週五） 下午 5:00] STEP Chapter 5 — order the lamps and deliver
 797.0s [7月11日（週五） 下午 5:14]   ok  walked back outside
 807.1s [7月11日（週五） 下午 5:29]   use "捷運——金融區站"
 808.1s [7月11日（週五） 下午 5:30]   shot 72_metro_riverside.png
 808.1s [7月11日（週五） 下午 5:30]   click [Go_riverside] 河濱區  ·  10 分鐘
 809.1s [7月11日（週五） 下午 5:42]   ok  took the Metro to Riverside
 823.6s [7月11日（週五） 下午 6:04]   ok  entered Riverside Tower
 826.7s [7月11日（週五） 下午 7:04]   use "Sleep"
 827.3s [7月11日（週五） 下午 7:04]   click [Sleep] Sleep until 7:00 AM
 829.6s [7月12日（週六） 下午 7:01]   use "Sleep"
 830.2s [7月12日（週六） 下午 7:01]   click [Sleep] Sleep until 7:00 AM
 832.7s [7月13日（週日） 下午 7:01]   use "Sleep"
 833.3s [7月13日（週日） 下午 7:01]   click [Sleep] Sleep until 7:00 AM
 835.6s [7月14日（週一） 上午 7:00]   shot 73_big_contract_assistant_delivered.png
 835.6s [7月14日（週一） 上午 7:00]   ok  delivered 800 lamps to Crestline
 836.4s [7月14日（週一） 上午 7:02]   ok  Chapter 5 complete
 836.4s [7月14日（週一） 上午 7:02] STEP Chapter 6 — forecast, early payment, month in the black
 838.5s [7月14日（週一） 上午 7:05]   use "Use laptop — Company OS"
 839.1s [7月14日（週一） 上午 7:06]   click [Tab_finance] Finance
 840.1s [7月14日（週一） 上午 7:07]   shot 74_cash_forecast_ch6.png
 840.1s [7月14日（週一） 上午 7:07]   click [Tab_contracts] Contracts
 840.9s [7月14日（週一） 上午 7:08]   click [EarlyPayment] 請對方提前付款（折 3%：現在拿 $21,728）
 841.7s [7月14日（週一） 上午 7:10]   shot 75_early_payment.png
 842.0s [7月14日（週一） 上午 7:10]   ok  Crestline paid early (3% discount)
 843.0s [7月14日（週一） 下午 7:02]   shot 76_decision_elena_offer.png
 843.0s [7月14日（週一） 下午 7:02]   decision elena_offer → accept
 843.0s [7月14日（週一） 下午 7:02]   click [Choice_accept] 以 20% 股份換 $40,000
 844.5s [7月14日（週一） 下午 7:02]   shot 77_decision_outcome_elena_offer.png
 844.5s [7月14日（週一） 下午 7:02]   click "OK"
 852.2s [7月14日（週一） 下午 7:13]   use "Sleep"
 852.8s [7月14日（週一） 下午 7:13]   click [Sleep] Sleep until 7:00 AM
 861.4s [7月15日（週二） 下午 7:10]   use "Sleep"
 862.0s [7月15日（週二） 下午 7:10]   click [Sleep] Sleep until 7:00 AM
 864.3s [7月16日（週三） 下午 7:01]   use "Sleep"
 864.9s [7月16日（週三） 下午 7:01]   click [Sleep] Sleep until 7:00 AM
 867.0s [7月17日（週四） 下午 4:29]   toast: 新評價 #2120：★「浪費錢。」
 867.2s [7月17日（週四） 下午 7:01]   use "Sleep"
 867.8s [7月17日（週四） 下午 7:01]   click [Sleep] Sleep until 7:00 AM
 870.1s [7月18日（週五） 下午 7:01]   use "Sleep"
 870.7s [7月18日（週五） 下午 7:01]   click [Sleep] Sleep until 7:00 AM
 872.9s [7月19日（週六） 下午 7:01]   shot 78_competing_job_offer.png
 873.0s [7月19日（週六） 下午 7:01]   retention budget retain
 873.0s [7月19日（週六） 下午 7:01]   click [RetainEmployee] 以每週 $724.39 留人
 873.7s [7月19日（週六） 下午 7:02]   use "Sleep"
 874.3s [7月19日（週六） 下午 7:02]   click [Sleep] Sleep until 7:00 AM
 876.6s [7月20日（週日） 下午 7:01]   use "Sleep"
 877.2s [7月20日（週日） 下午 7:01]   click [Sleep] Sleep until 7:00 AM
 879.6s [7月21日（週一） 下午 7:01]   use "Sleep"
 880.2s [7月21日（週一） 下午 7:01]   click [Sleep] Sleep until 7:00 AM
 882.5s [7月22日（週二） 下午 7:01]   use "Sleep"
 883.1s [7月22日（週二） 下午 7:01]   click [Sleep] Sleep until 7:00 AM
 885.5s [7月23日（週三） 下午 7:01]   use "Sleep"
 886.1s [7月23日（週三） 下午 7:01]   click [Sleep] Sleep until 7:00 AM
 888.4s [7月24日（週四） 下午 7:01]   use "Sleep"
 889.0s [7月24日（週四） 下午 7:01]   click [Sleep] Sleep until 7:00 AM
 891.4s [7月25日（週五） 下午 7:01]   use "Sleep"
 892.0s [7月25日（週五） 下午 7:01]   click [Sleep] Sleep until 7:00 AM
 894.4s [7月26日（週六） 下午 7:01]   use "Sleep"
 895.0s [7月26日（週六） 下午 7:01]   click [Sleep] Sleep until 7:00 AM
 897.3s [7月27日（週日） 下午 7:00]   shot 79_decision_supplier_price_increase.png
 897.3s [7月27日（週日） 下午 7:00]   decision supplier_price_increase → accept
 897.3s [7月27日（週日） 下午 7:00]   click [Choice_accept] 好。繼續跟你進貨。
 898.8s [7月27日（週日） 下午 7:00]   shot 80_decision_outcome_supplier_price_increase.png
 898.8s [7月27日（週日） 下午 7:00]   click "OK"
 899.5s [7月27日（週日） 下午 7:00]   use "Sleep"
 900.1s [7月27日（週日） 下午 7:00]   click [Sleep] Sleep until 7:00 AM
 902.5s [7月28日（週一） 下午 7:01]   use "Sleep"
 903.1s [7月28日（週一） 下午 7:01]   click [Sleep] Sleep until 7:00 AM
 905.5s [7月29日（週二） 下午 7:01]   use "Sleep"
 906.1s [7月29日（週二） 下午 7:01]   click [Sleep] Sleep until 7:00 AM
 908.5s [7月30日（週三） 下午 7:01]   use "Sleep"
 909.1s [7月30日（週三） 下午 7:01]   click [Sleep] Sleep until 7:00 AM
 911.5s [7月31日（週四） 下午 7:01]   use "Sleep"
 912.1s [7月31日（週四） 下午 7:01]   click [Sleep] Sleep until 7:00 AM
 915.5s [8月1日（週五） 上午 7:02]   ok  Chapter 6 complete
 915.5s [8月1日（週五） 上午 7:02]   ok  ledger balanced after chapters 4–6
 915.5s [8月1日（週五） 上午 7:02] STEP Shopping Street — compare Crestline shelf prices
 920.3s [8月1日（週五） 上午 7:10]   ok  walked back outside
 939.3s [8月1日（週五） 上午 7:39]   use "捷運——河濱區站"
 940.3s [8月1日（週五） 上午 7:40]   shot 81_metro_shopping_street.png
 940.3s [8月1日（週五） 上午 7:40]   click [Go_shopping_street] 購物街  ·  15 分鐘
 942.7s [8月1日（週五） 上午 7:57]   ok  took the Metro to Shopping Street
 956.8s [8月1日（週五） 下午 12:18]   ok  entered Crestline Flagship
 957.9s [8月1日（週五） 下午 12:19]   use "Research shelf prices"
 958.0s [8月1日（週五） 下午 12:20]   ok  owned/listed product available for research
 958.0s [8月1日（週五） 下午 12:20]   click [Research_phone_stand] 調查 鋁合金手機架 · 30 分鐘；七天內重看免費
 958.1s [8月1日（週五） 下午 12:50]   ok  real thirty-minute research saved
 958.2s [8月1日（週五） 下午 12:50]   shot 82_crestline_competitor_research.png
 958.2s [8月1日（週五） 下午 12:50]   click [ResearchDone] Return to the store
 960.9s [8月1日（週五） 下午 12:55]   ok  walked back outside
 972.8s [8月1日（週五） 下午 1:13]   use "捷運——購物街站"
 973.8s [8月1日（週五） 下午 1:14]   shot 83_metro_riverside.png
 973.8s [8月1日（週五） 下午 1:14]   click [Go_riverside] 河濱區  ·  15 分鐘
 974.9s [8月1日（週五） 下午 1:31]   ok  took the Metro to Riverside
 989.4s [8月1日（週五） 下午 1:53]   ok  entered Riverside Tower
 991.6s [8月1日（週五） 下午 1:56]   use "Use laptop — Company OS"
 992.3s [8月1日（週五） 下午 1:57]   click [Tab_sales] Ecommerce
 993.2s [8月1日（週五） 下午 1:58]   shot 84_sales_research_badge.png
 993.6s [8月1日（週五） 下午 1:59]   ok  Chapter 7 started after Chapter 6
 993.6s [8月1日（週五） 下午 1:59]   ok  Year 3: the Supply Shock
 993.6s [8月1日（週五） 下午 1:59] STEP Chapter 7 — the news, and Ken's options
 993.8s [8月1日（週五） 下午 1:59]   ok  genuine chapter seven starting checkpoint saved
 997.3s [8月1日（週五） 下午 2:05]   ok  walked back outside
1002.4s [8月1日（週五） 下午 2:13]   ok  entered Bloom Coffee
1005.1s [8月1日（週五） 下午 2:17]   use "Read the news board"
1005.9s [8月1日（週五） 下午 2:22]   shot 85_news_supply_shock.png
1005.9s [8月1日（週五） 下午 2:22]   info card: News board
1006.0s [8月1日（週五） 下午 2:22]   shot 86_info_news_board.png
1006.0s [8月1日（週五） 下午 2:22]   click "Close"
1006.4s [8月1日（週五） 下午 2:22]   ok  read the news (supply_shock)
1010.7s [8月1日（週五） 下午 2:29]   ok  walked back outside
1015.3s [8月1日（週五） 下午 2:36]   ok  entered Riverside Tower
1018.3s [8月1日（週五） 下午 7:05]   use "Sleep"
1018.9s [8月1日（週五） 下午 7:05]   click [Sleep] Sleep until 7:00 AM
1021.3s [8月2日（週六） 下午 7:01]   use "Sleep"
1021.9s [8月2日（週六） 下午 7:01]   click [Sleep] Sleep until 7:00 AM
1024.2s [8月3日（週日） 下午 7:00]   shot 87_decision_supply_shock_plan.png
1024.2s [8月3日（週日） 下午 7:00]   decision supply_shock_plan → local
1024.2s [8月3日（週日） 下午 7:00]   click [Choice_local] 加一個在地備援：奧瑞莉亞職人合作社
1025.6s [8月3日（週日） 下午 7:00]   shot 88_decision_outcome_supply_shock_plan.png
1025.6s [8月3日（週日） 下午 7:00]   click "OK"
1026.3s [8月3日（週日） 下午 7:00]   use "Sleep"
1027.0s [8月3日（週日） 下午 7:00]   click [Sleep] Sleep until 7:00 AM
1027.7s [8月4日（週一） 上午 4:27]   toast: 新評價 #2674：★「壞掉了，賣家不處理。」
1029.1s [8月4日（週一） 上午 7:00]   ok  the local co-op is a supplier now
1029.1s [8月4日（週一） 上午 7:00] STEP Chapter 7 — order from the co-op, raise a price
1031.1s [8月4日（週一） 上午 7:04]   use "Use laptop — Company OS"
1031.7s [8月4日（週一） 上午 7:04]   click [Tab_operations] Stock and orders
1032.6s [8月4日（週一） 上午 7:06]   shot 89_operations_supply_shock.png
1033.2s [8月4日（週一） 上午 7:07]   use "Use laptop — Company OS"
1033.8s [8月4日（週一） 上午 7:08]   click [Tab_people] People
1034.8s [8月4日（週一） 上午 7:09]   click [LetGo_E1] Let go
1035.1s [8月4日（週一） 上午 7:09]   click [Tab_sales] Ecommerce
1035.7s [8月4日（週一） 上午 7:10]   click [PriceUp_wireless_earbuds] +
1036.0s [8月4日（週一） 上午 7:11]   click [PriceUp_wireless_earbuds] +
1036.2s [8月4日（週一） 上午 7:11]   click [PriceUp_wireless_earbuds] +
1036.4s [8月4日（週一） 上午 7:12]   click [PriceUp_wireless_earbuds] +
1036.7s [8月4日（週一） 上午 7:12]   click [PriceUp_wireless_earbuds] +
1037.0s [8月4日（週一） 上午 7:12]   click [PriceUp_wireless_earbuds] +
1037.2s [8月4日（週一） 上午 7:13]   click [PriceUp_wireless_earbuds] +
1037.5s [8月4日（週一） 上午 7:13]   click [PriceUp_wireless_earbuds] +
1037.7s [8月4日（週一） 上午 7:13]   click [PriceUp_wireless_earbuds] +
1038.0s [8月4日（週一） 上午 7:14]   click [PriceUp_wireless_earbuds] +
1038.2s [8月4日（週一） 上午 7:14]   click [PriceUp_wireless_earbuds] +
1038.4s [8月4日（週一） 上午 7:15]   click [PriceUp_wireless_earbuds] +
1038.7s [8月4日（週一） 上午 7:15]   click [PriceUp_wireless_earbuds] +
1039.0s [8月4日（週一） 上午 7:15]   click [PriceUp_wireless_earbuds] +
1039.2s [8月4日（週一） 上午 7:16]   click [PriceUp_wireless_earbuds] +
1039.5s [8月4日（週一） 上午 7:16]   click [PriceUp_wireless_earbuds] +
1039.7s [8月4日（週一） 上午 7:16]   click [PriceUp_wireless_earbuds] +
1040.0s [8月4日（週一） 上午 7:17]   click [PriceUp_wireless_earbuds] +
1040.2s [8月4日（週一） 上午 7:17]   click [PriceUp_wireless_earbuds] +
1040.5s [8月4日（週一） 上午 7:18]   click [PriceUp_wireless_earbuds] +
1040.7s [8月4日（週一） 上午 7:18]   click [PriceUp_wireless_earbuds] +
1041.0s [8月4日（週一） 上午 7:18]   click [PriceUp_wireless_earbuds] +
1041.2s [8月4日（週一） 上午 7:19]   click [PriceUp_wireless_earbuds] +
1041.5s [8月4日（週一） 上午 7:19]   click [PriceUp_wireless_earbuds] +
1041.7s [8月4日（週一） 上午 7:19]   click [PriceUp_wireless_earbuds] +
1042.0s [8月4日（週一） 上午 7:20]   click [PriceUp_wireless_earbuds] +
1042.2s [8月4日（週一） 上午 7:20]   click [PriceUp_wireless_earbuds] +
1042.5s [8月4日（週一） 上午 7:21]   click [PriceUp_wireless_earbuds] +
1042.7s [8月4日（週一） 上午 7:21]   click [PriceUp_wireless_earbuds] +
1043.0s [8月4日（週一） 上午 7:21]   click [PriceUp_wireless_earbuds] +
1043.3s [8月4日（週一） 上午 7:22]   click [PriceUp_wireless_earbuds] +
1043.5s [8月4日（週一） 上午 7:22]   click [PriceUp_wireless_earbuds] +
1043.8s [8月4日（週一） 上午 7:23]   click [PriceUp_wireless_earbuds] +
1044.0s [8月4日（週一） 上午 7:23]   click [PriceUp_wireless_earbuds] +
1044.3s [8月4日（週一） 上午 7:23]   click [PriceUp_wireless_earbuds] +
1044.6s [8月4日（週一） 上午 7:24]   click [PriceUp_wireless_earbuds] +
1044.8s [8月4日（週一） 上午 7:24]   click [PriceUp_wireless_earbuds] +
1045.1s [8月4日（週一） 上午 7:24]   click [PriceUp_wireless_earbuds] +
1045.3s [8月4日（週一） 上午 7:25]   click [PriceUp_wireless_earbuds] +
1045.6s [8月4日（週一） 上午 7:25]   click [PriceUp_wireless_earbuds] +
1045.8s [8月4日（週一） 上午 7:26]   click [PriceUp_wireless_earbuds] +
1046.1s [8月4日（週一） 上午 7:26]   click [PriceUp_water_bottle] +
1046.3s [8月4日（週一） 上午 7:26]   click [PriceUp_water_bottle] +
1046.6s [8月4日（週一） 上午 7:27]   click [PriceUp_water_bottle] +
1046.8s [8月4日（週一） 上午 7:27]   click [PriceUp_water_bottle] +
1047.1s [8月4日（週一） 上午 7:27]   click [PriceUp_water_bottle] +
1047.3s [8月4日（週一） 上午 7:28]   click [PriceUp_water_bottle] +
1047.6s [8月4日（週一） 上午 7:28]   click [PriceUp_water_bottle] +
1047.8s [8月4日（週一） 上午 7:29]   click [PriceUp_water_bottle] +
1048.1s [8月4日（週一） 上午 7:29]   click [PriceUp_water_bottle] +
1048.3s [8月4日（週一） 上午 7:29]   click [PriceUp_water_bottle] +
1048.6s [8月4日（週一） 上午 7:30]   click [PriceUp_water_bottle] +
1048.9s [8月4日（週一） 上午 7:30]   click [PriceUp_water_bottle] +
1049.1s [8月4日（週一） 上午 7:31]   click [PriceUp_water_bottle] +
1049.3s [8月4日（週一） 上午 7:31]   click [PriceUp_water_bottle] +
1049.6s [8月4日（週一） 上午 7:31]   click [PriceUp_water_bottle] +
1049.8s [8月4日（週一） 上午 7:32]   click [PriceUp_water_bottle] +
1050.1s [8月4日（週一） 上午 7:32]   click [PriceUp_phone_stand] +
1050.3s [8月4日（週一） 上午 7:32]   click [PriceUp_phone_stand] +
1050.6s [8月4日（週一） 上午 7:33]   click [PriceUp_phone_stand] +
1050.8s [8月4日（週一） 上午 7:33]   click [PriceUp_phone_stand] +
1051.1s [8月4日（週一） 上午 7:33]   click [PriceUp_phone_stand] +
1051.3s [8月4日（週一） 上午 7:34]   click [PriceUp_phone_stand] +
1051.6s [8月4日（週一） 上午 7:34]   click [PriceUp_phone_stand] +
1051.8s [8月4日（週一） 上午 7:35]   click [PriceUp_phone_stand] +
1052.1s [8月4日（週一） 上午 7:35]   click [PriceUp_phone_stand] +
1052.3s [8月4日（週一） 上午 7:35]   click [PriceUp_phone_stand] +
1052.6s [8月4日（週一） 上午 7:36]   click [PriceUp_phone_stand] +
1052.8s [8月4日（週一） 上午 7:36]   click [PriceUp_phone_stand] +
1053.1s [8月4日（週一） 上午 7:36]   click [PriceUp_phone_stand] +
1053.3s [8月4日（週一） 上午 7:37]   click [PriceUp_phone_stand] +
1054.0s [8月4日（週一） 上午 7:38]   ok  stocked and repriced from actual shipping and supplier costs
1054.2s [8月4日（週一） 上午 7:38]   use "Use laptop — Company OS"
1054.9s [8月4日（週一） 上午 7:39]   click [Tab_operations] Stock and orders
1055.7s [8月4日（週一） 上午 7:40]   click [DeliverTo_riverside_studio] 河濱大樓 7C
1055.9s [8月4日（週一） 上午 7:41]   click [Buy_tradelink_wholesale_wireless_earbuds] 購買 $1,009.00
1056.2s [8月4日（週一） 上午 7:51]   click [Buy_tradelink_wholesale_wireless_earbuds] 購買 $1,009.00
1056.5s [8月4日（週一） 上午 8:02]   click [Buy_tradelink_wholesale_desk_lamp] 購買 $515.60
1056.8s [8月4日（週一） 上午 8:12]   click [Buy_tradelink_wholesale_desk_lamp] 購買 $515.60
1057.1s [8月4日（週一） 上午 8:23]   click [Buy_tradelink_wholesale_desk_lamp] 購買 $515.60
1057.5s [8月4日（週一） 上午 8:33]   click [Buy_tradelink_wholesale_phone_stand] 購買 $403.20
1057.8s [8月4日（週一） 上午 8:44]   click [Buy_tradelink_wholesale_phone_stand] 購買 $403.20
1066.5s [8月4日（週一） 下午 7:12]   use "Sleep"
1067.1s [8月4日（週一） 下午 7:12]   click [Sleep] Sleep until 7:00 AM
1075.8s [8月5日（週二） 下午 7:09]   use "Sleep"
1076.4s [8月5日（週二） 下午 7:09]   click [Sleep] Sleep until 7:00 AM
1078.8s [8月6日（週三） 下午 7:00]   use "Sleep"
1079.4s [8月6日（週三） 下午 7:00]   click [Sleep] Sleep until 7:00 AM
1081.8s [8月7日（週四） 下午 7:00]   use "Sleep"
1082.4s [8月7日（週四） 下午 7:00]   click [Sleep] Sleep until 7:00 AM
1084.8s [8月8日（週五） 下午 7:00]   use "Sleep"
1085.4s [8月8日（週五） 下午 7:00]   click [Sleep] Sleep until 7:00 AM
1087.8s [8月9日（週六） 下午 7:00]   use "Sleep"
1088.4s [8月9日（週六） 下午 7:00]   click [Sleep] Sleep until 7:00 AM
1091.0s [8月10日（週日） 下午 7:00]   use "Sleep"
1091.6s [8月10日（週日） 下午 7:00]   click [Sleep] Sleep until 7:00 AM
1094.2s [8月11日（週一） 下午 7:00]   use "Sleep"
1094.8s [8月11日（週一） 下午 7:00]   click [Sleep] Sleep until 7:00 AM
1097.4s [8月12日（週二） 下午 7:00]   use "Sleep"
1098.0s [8月12日（週二） 下午 7:00]   click [Sleep] Sleep until 7:00 AM
1100.6s [8月13日（週三） 下午 7:00]   use "Sleep"
1101.2s [8月13日（週三） 下午 7:00]   click [Sleep] Sleep until 7:00 AM
1103.7s [8月14日（週四） 下午 7:00]   shot 90_decision_supplier_price_increase.png
1103.7s [8月14日（週四） 下午 7:00]   decision supplier_price_increase → accept
1103.7s [8月14日（週四） 下午 7:00]   click [Choice_accept] 好。繼續跟你進貨。
1105.1s [8月14日（週四） 下午 7:00]   shot 91_decision_outcome_supplier_price_increase.png
1105.1s [8月14日（週四） 下午 7:00]   click "OK"
1105.9s [8月14日（週四） 下午 7:00]   use "Sleep"
1106.5s [8月14日（週四） 下午 7:00]   click [Sleep] Sleep until 7:00 AM
1109.2s [8月15日（週五） 下午 7:00]   use "Sleep"
1109.8s [8月15日（週五） 下午 7:00]   click [Sleep] Sleep until 7:00 AM
1112.4s [8月16日（週六） 下午 7:00]   use "Sleep"
1113.0s [8月16日（週六） 下午 7:00]   click [Sleep] Sleep until 7:00 AM
1115.7s [8月17日（週日） 下午 7:00]   use "Sleep"
1116.3s [8月17日（週日） 下午 7:00]   click [Sleep] Sleep until 7:00 AM
1119.0s [8月18日（週一） 下午 7:00]   use "Sleep"
1119.6s [8月18日（週一） 下午 7:00]   click [Sleep] Sleep until 7:00 AM
1122.3s [8月19日（週二） 下午 7:00]   use "Sleep"
1122.9s [8月19日（週二） 下午 7:00]   click [Sleep] Sleep until 7:00 AM
1125.4s [8月20日（週三） 下午 7:00]   use "Sleep"
1126.0s [8月20日（週三） 下午 7:00]   click [Sleep] Sleep until 7:00 AM
1128.7s [8月21日（週四） 下午 7:00]   use "Sleep"
1129.3s [8月21日（週四） 下午 7:00]   click [Sleep] Sleep until 7:00 AM
1132.0s [8月22日（週五） 下午 7:00]   use "Sleep"
1132.6s [8月22日（週五） 下午 7:00]   click [Sleep] Sleep until 7:00 AM
1142.9s [8月23日（週六） 上午 7:12]   use "Use laptop — Company OS"
1143.8s [8月23日（週六） 上午 7:13]   click [Tab_operations] Stock and orders
1144.7s [8月23日（週六） 上午 7:15]   click [DeliverTo_riverside_studio] 河濱大樓 7C
1145.1s [8月23日（週六） 上午 7:15]   click [Buy_tradelink_wholesale_wireless_earbuds] 購買 $999.50
1145.4s [8月23日（週六） 上午 7:26]   click [Buy_tradelink_wholesale_wireless_earbuds] 購買 $999.50
1145.8s [8月23日（週六） 上午 7:36]   click [Buy_tradelink_wholesale_water_bottle] 購買 $453.00
1146.2s [8月23日（週六） 上午 7:47]   click [Buy_tradelink_wholesale_water_bottle] 購買 $453.00
1155.0s [8月23日（週六） 下午 7:12]   use "Sleep"
1155.6s [8月23日（週六） 下午 7:12]   click [Sleep] Sleep until 7:00 AM
1164.5s [8月24日（週日） 下午 7:09]   use "Sleep"
1165.1s [8月24日（週日） 下午 7:09]   click [Sleep] Sleep until 7:00 AM
1167.7s [8月25日（週一） 下午 7:00]   use "Sleep"
1168.3s [8月25日（週一） 下午 7:00]   click [Sleep] Sleep until 7:00 AM
1171.1s [8月26日（週二） 下午 7:00]   use "Sleep"
1171.7s [8月26日（週二） 下午 7:00]   click [Sleep] Sleep until 7:00 AM
1172.3s [8月26日（週二） 下午 9:06]   toast: 新評價 #2903：★「浪費錢。」
1174.3s [8月27日（週三） 下午 7:00]   use "Sleep"
1174.9s [8月27日（週三） 下午 7:00]   click [Sleep] Sleep until 7:00 AM
1177.6s [8月28日（週四） 下午 7:00]   use "Sleep"
1178.2s [8月28日（週四） 下午 7:00]   click [Sleep] Sleep until 7:00 AM
1180.6s [8月29日（週五） 下午 7:00]   use "Sleep"
1181.2s [8月29日（週五） 下午 7:00]   click [Sleep] Sleep until 7:00 AM
1183.5s [8月30日（週六） 下午 4:19]   toast: 新評價 #2938：★「壞掉了，賣家不處理。」
1183.7s [8月30日（週六） 下午 7:00]   use "Sleep"
1184.3s [8月30日（週六） 下午 7:00]   click [Sleep] Sleep until 7:00 AM
1186.8s [8月31日（週日） 下午 7:00]   use "Sleep"
1187.4s [8月31日（週日） 下午 7:00]   click [Sleep] Sleep until 7:00 AM
1189.9s [9月1日（週一） 上午 7:00]   ok  Chapter 7 complete
1189.9s [9月1日（週一） 上午 7:00]   ok  Chapter 7 passed with real profit, not two losses
1189.9s [9月1日（週一） 上午 7:00]   ch7_month_profit set from actual ledger profit $2,617; survived_losses=false
1189.9s [9月1日（週一） 上午 7:00]   ok  positive chapter seven monthly profit
1189.9s [9月1日（週一） 上午 7:00] STEP Chapter 8 — the Green Shift
1189.9s [9月1日（週一） 上午 7:00]   ok  Year 4: the Green Shift
1194.6s [9月1日（週一） 上午 7:09]   ok  walked back outside
1199.5s [9月1日（週一） 上午 7:16]   ok  entered Bloom Coffee
1202.3s [9月1日（週一） 上午 7:20]   use "Read the news board"
1203.0s [9月1日（週一） 上午 7:25]   shot 92_news_green_shift.png
1203.0s [9月1日（週一） 上午 7:25]   info card: News board
1203.1s [9月1日（週一） 上午 7:25]   shot 93_info_news_board.png
1203.1s [9月1日（週一） 上午 7:25]   click "Close"
1203.5s [9月1日（週一） 上午 7:25]   ok  read the news (green_shift)
1207.8s [9月1日（週一） 上午 7:32]   ok  walked back outside
1212.4s [9月1日（週一） 上午 7:39]   ok  entered Riverside Tower
1214.6s [9月1日（週一） 上午 7:43]   use "Use laptop — Company OS"
1215.3s [9月1日（週一） 上午 7:44]   click [Tab_operations] Stock and orders
1216.1s [9月1日（週一） 上午 7:45]   click [Packaging_recycled] Recycled paper
1216.7s [9月1日（週一） 上午 7:46]   click [Buy_verdant_supply_solar_lamp] 購買 $501.90
1217.3s [9月1日（週一） 上午 7:57]   shot 94_operations_green.png
1217.7s [9月1日（週一） 上午 7:57]   ok  recycled packaging
1226.0s [9月1日（週一） 下午 7:13]   use "Sleep"
1226.6s [9月1日（週一） 下午 7:13]   click [Sleep] Sleep until 7:00 AM
1227.3s [9月1日（週一） 下午 8:05]   toast: 新評價 #2939：★「浪費錢。」
1235.3s [9月2日（週二） 下午 7:10]   use "Sleep"
1235.9s [9月2日（週二） 下午 7:10]   click [Sleep] Sleep until 7:00 AM
1238.2s [9月3日（週三） 下午 7:01]   use "Sleep"
1238.8s [9月3日（週三） 下午 7:01]   click [Sleep] Sleep until 7:00 AM
1241.0s [9月4日（週四） 下午 7:01]   use "Sleep"
1241.6s [9月4日（週四） 下午 7:01]   click [Sleep] Sleep until 7:00 AM
1243.5s [9月5日（週五） 上午 7:00]   ok  solar desk lamps arrived before listing
1245.3s [9月5日（週五） 上午 7:03]   use "Use laptop — Company OS"
1246.0s [9月5日（週五） 上午 7:04]   click [Tab_sales] Ecommerce
1246.7s [9月5日（週五） 上午 7:05]   click [ListSelf_solar_lamp] Shoot photos myself & list (1 h 20 min)
1248.0s [9月5日（週五） 上午 8:27]   ok  solar desk lamps listed
1248.0s [9月5日（週五） 上午 8:27] STEP Chapter 8 — the Green Business Grant at City Hall
1248.0s [9月5日（週五） 上午 8:27]   (harness) wait 2 h
1252.6s [9月5日（週五） 上午 10:35]   ok  walked back outside
1271.6s [9月5日（週五） 上午 11:04]   use "捷運——河濱區站"
1272.6s [9月5日（週五） 上午 11:05]   shot 95_metro_civic_center.png
1272.6s [9月5日（週五） 上午 11:05]   click [Go_civic_center] 市政中心  ·  12 分鐘
1273.7s [9月5日（週五） 上午 11:19]   ok  took the Metro to Civic Center
1284.7s [9月5日（週五） 上午 11:35]   ok  entered Aurelia City Hall
1287.6s [9月5日（週五） 上午 11:40]   use "Permits & regulations"
1288.3s [9月5日（週五） 上午 11:41]   shot 96_green_grant.png
1288.3s [9月5日（週五） 上午 11:41]   click [ApplyGreenGrant] Apply
1289.3s [9月5日（週五） 下午 12:12]   ok  green grant approved
1290.4s [9月5日（週五） 下午 12:14]   ok  Chapter 8 complete
1290.4s [9月5日（週五） 下午 12:14] STEP Chapter 9 — the Clearing Crisis: an import stuck on the wire
1290.4s [9月5日（週五） 下午 12:14]   ok  Year 5: the Clearing Crisis
1294.7s [9月5日（週五） 下午 12:21]   ok  walked back outside
1303.9s [9月5日（週五） 下午 12:35]   use "捷運——市政中心站"
1304.8s [9月5日（週五） 下午 12:36]   shot 97_metro_riverside.png
1304.8s [9月5日（週五） 下午 12:36]   click [Go_riverside] 河濱區  ·  12 分鐘
1305.9s [9月5日（週五） 下午 12:50]   ok  took the Metro to Riverside
1317.6s [9月5日（週五） 下午 1:08]   ok  entered Bloom Coffee
1320.4s [9月5日（週五） 下午 1:12]   use "Read the news board"
1321.1s [9月5日（週五） 下午 1:17]   shot 98_news_clearing_crisis.png
1321.1s [9月5日（週五） 下午 1:17]   info card: News board
1321.2s [9月5日（週五） 下午 1:17]   shot 99_info_news_board.png
1321.2s [9月5日（週五） 下午 1:17]   click "Close"
1321.7s [9月5日（週五） 下午 1:17]   ok  read the news (clearing_crisis)
1325.9s [9月5日（週五） 下午 1:24]   ok  walked back outside
1330.5s [9月5日（週五） 下午 1:31]   ok  entered Riverside Tower
1332.7s [9月5日（週五） 下午 1:35]   use "Use laptop — Company OS"
1333.4s [9月5日（週五） 下午 1:36]   click [Tab_operations] Stock and orders
1334.2s [9月5日（週五） 下午 1:37]   click [Buy_lumina_direct_phone_stand] 購買 $880.00
1335.0s [9月5日（週五） 下午 1:38]   shot 100_settlement_choice.png
1335.0s [9月5日（週五） 下午 1:38]   click [Settle_international_wire] Pay this way
1336.1s [9月5日（週五） 下午 1:40]   ok  import ordered, paid by wire
1336.1s [9月5日（週五） 下午 1:40] STEP Chapter 9 — Lina Zhao at Nexus Bank
1339.8s [9月5日（週五） 下午 1:46]   ok  walked back outside
1358.8s [9月5日（週五） 下午 2:15]   use "捷運——河濱區站"
1359.8s [9月5日（週五） 下午 2:16]   shot 101_metro_financial.png
1359.8s [9月5日（週五） 下午 2:16]   click [Go_financial] 金融區  ·  10 分鐘
1360.8s [9月5日（週五） 下午 2:28]   ok  took the Metro to Financial District
1372.8s [9月5日（週五） 下午 2:46]   ok  entered Nexus Bank
1380.7s [9月5日（週五） 下午 2:58]   use "和 Lina Zhao 說話"
1381.6s [9月5日（週五） 下午 2:58]   shot 102_lina_intro.png
1387.3s [9月5日（週五） 下午 2:58]   choose "› 幫我開一個數位美元帳戶。"
1389.5s [9月5日（週五） 下午 2:58]   ok  met Lina Zhao
1392.6s [9月5日（週五） 下午 3:03]   ok  walked back outside
1392.8s [9月5日（週五） 下午 3:03]   shot 103_decision_supplier_price_increase.png
1392.8s [9月5日（週五） 下午 3:03]   decision supplier_price_increase → accept
1392.8s [9月5日（週五） 下午 3:03]   click [Choice_accept] 好。繼續跟你進貨。
1394.4s [9月5日（週五） 下午 3:03]   shot 104_decision_outcome_supplier_price_increase.png
1394.4s [9月5日（週五） 下午 3:03]   click "OK"
1405.1s [9月5日（週五） 下午 3:18]   use "捷運——金融區站"
1406.1s [9月5日（週五） 下午 3:20]   shot 105_metro_riverside.png
1406.1s [9月5日（週五） 下午 3:20]   click [Go_riverside] 河濱區  ·  10 分鐘
1407.2s [9月5日（週五） 下午 3:32]   ok  took the Metro to Riverside
1421.7s [9月5日（週五） 下午 3:53]   ok  entered Riverside Tower
1423.9s [9月5日（週五） 下午 3:57]   use "Use laptop — Company OS"
1424.7s [9月5日（週五） 下午 3:58]   click [Tab_operations] Stock and orders
1425.6s [9月5日（週五） 下午 3:59]   click [SpeedUp_PO-154] Speed up
1426.4s [9月5日（週五） 下午 4:00]   shot 106_settlement_speed_up.png
1426.4s [9月5日（週五） 下午 4:00]   click [Settle_letter_of_credit] Switch
1435.7s [9月5日（週五） 下午 7:12]   use "Sleep"
1436.3s [9月5日（週五） 下午 7:12]   click [Sleep] Sleep until 7:00 AM
1445.0s [9月6日（週六） 下午 7:10]   use "Sleep"
1445.6s [9月6日（週六） 下午 7:10]   click [Sleep] Sleep until 7:00 AM
1448.2s [9月7日（週日） 下午 7:01]   use "Sleep"
1448.8s [9月7日（週日） 下午 7:01]   click [Sleep] Sleep until 7:00 AM
1451.2s [9月8日（週一） 下午 7:01]   use "Sleep"
1451.8s [9月8日（週一） 下午 7:01]   click [Sleep] Sleep until 7:00 AM
1454.2s [9月9日（週二） 下午 7:01]   use "Sleep"
1454.8s [9月9日（週二） 下午 7:01]   click [Sleep] Sleep until 7:00 AM
1457.2s [9月10日（週三） 下午 7:01]   use "Sleep"
1457.8s [9月10日（週三） 下午 7:01]   click [Sleep] Sleep until 7:00 AM
1460.2s [9月11日（週四） 下午 7:01]   use "Sleep"
1460.8s [9月11日（週四） 下午 7:01]   click [Sleep] Sleep until 7:00 AM
1463.2s [9月12日（週五） 下午 7:01]   use "Sleep"
1463.8s [9月12日（週五） 下午 7:01]   click [Sleep] Sleep until 7:00 AM
1466.2s [9月13日（週六） 下午 7:01]   use "Sleep"
1466.8s [9月13日（週六） 下午 7:01]   click [Sleep] Sleep until 7:00 AM
1475.7s [9月14日（週日） 下午 7:11]   use "Sleep"
1476.3s [9月14日（週日） 下午 7:11]   click [Sleep] Sleep until 7:00 AM
1478.6s [9月15日（週一） 下午 7:01]   use "Sleep"
1479.2s [9月15日（週一） 下午 7:01]   click [Sleep] Sleep until 7:00 AM
1481.5s [9月16日（週二） 下午 7:01]   use "Sleep"
1482.1s [9月16日（週二） 下午 7:01]   click [Sleep] Sleep until 7:00 AM
1484.4s [9月17日（週三） 下午 7:01]   use "Sleep"
1485.0s [9月17日（週三） 下午 7:01]   click [Sleep] Sleep until 7:00 AM
1487.4s [9月18日（週四） 下午 7:01]   use "Sleep"
1488.0s [9月18日（週四） 下午 7:01]   click [Sleep] Sleep until 7:00 AM
1490.4s [9月19日（週五） 下午 7:01]   use "Sleep"
1491.0s [9月19日（週五） 下午 7:01]   click [Sleep] Sleep until 7:00 AM
1493.4s [9月20日（週六） 下午 7:01]   use "Sleep"
1494.0s [9月20日（週六） 下午 7:01]   click [Sleep] Sleep until 7:00 AM
1496.4s [9月21日（週日） 下午 7:01]   use "Sleep"
1497.0s [9月21日（週日） 下午 7:01]   click [Sleep] Sleep until 7:00 AM
1506.0s [9月22日（週一） 下午 7:11]   use "Sleep"
1506.6s [9月22日（週一） 下午 7:11]   click [Sleep] Sleep until 7:00 AM
1508.7s [9月23日（週二） 上午 7:00]   ok  Chapter 9 complete: the import got through
1508.7s [9月23日（週二） 上午 7:00]   ok  ledger balanced after chapters 7–9
1508.7s [9月23日（週二） 上午 7:00] STEP Weekend pop-up: real stock, checkout, automatic return and report
1510.3s [9月23日（週二） 上午 7:03]   use "Reserve a weekend pop-up"
1510.8s [9月23日（週二） 上午 7:03]   shot 107_popup_weekend_reservation.png
1511.7s [9月23日（週二） 上午 7:03]   click [SignPopup] Reserve this weekend
1512.4s [9月23日（週二） 上午 7:03]   ok  real notice reserved weekend
1512.4s [9月23日（週二） 上午 7:03]   ok  fifty available units for pop-up
1513.5s [9月23日（週二） 上午 7:03]   click [PopupStock_desk_lamp] Move selected stock
1514.2s [9月23日（週二） 上午 8:03]   ok  fifty units physically transferred
1514.3s [9月23日（週二） 上午 8:03]   shot 108_popup_stock_and_unit_price.png
WARNING: Art: missing texture res://assets/ui/icons/.png
   at: push_warning (core/variant/variant_utility.cpp:1034)
   GDScript backtrace (most recent call first):
       [0] tex (res://autoload/art.gd:85)
       [1] icon (res://autoload/art.gd:192)
       [2] _draw (res://scripts/world/interactable.gd:81)
1516.1s [9月27日（週六） 上午 10:00]   shot 109_popup_open_shop_and_customer.png
1516.8s [9月27日（週六） 上午 10:01]   use "Reserve a weekend pop-up"
1518.2s [9月27日（週六） 上午 10:01]   click [PopupTill] Work checkout for one hour
1518.9s [9月27日（週六） 上午 11:01]   ok  one-hour checkout actual sales
1520.2s [9月28日（週日） 下午 6:00]   shot 110_popup_weekend_report.png
1520.2s [9月28日（週日） 下午 6:00]   ok  weekend settles automatically
1520.2s [9月28日（週日） 下午 6:00]   ok  pop-up all journals balanced
1520.5s [9月28日（週日） 下午 6:00]   ok  played pop-up save
1523.1s [9月28日（週日） 下午 6:04]   ok  walked back outside
1540.7s [9月28日（週日） 下午 6:31]   use "捷運——購物街站"
1541.7s [9月28日（週日） 下午 6:32]   shot 111_metro_riverside.png
1541.7s [9月28日（週日） 下午 6:32]   click [Go_riverside] 河濱區  ·  15 分鐘
1542.8s [9月28日（週日） 下午 6:49]   ok  took the Metro to Riverside
1557.3s [9月28日（週日） 下午 7:11]   ok  entered Riverside Tower
1557.3s [9月28日（週日） 下午 7:11]   ok  pop-up handoff returns to the home bed
1557.3s [9月28日（週日） 下午 7:11] STEP Old Town — lease the corner café from Mr. Okafor
1560.4s [9月28日（週日） 下午 7:15]   use "Sleep"
1561.0s [9月28日（週日） 下午 7:15]   click [Sleep] Sleep until 7:00 AM
1563.1s [9月29日（週一） 上午 7:01]   (harness) wait 2 h
1568.2s [9月29日（週一） 上午 9:09]   ok  walked back outside
1587.2s [9月29日（週一） 上午 9:38]   use "捷運——河濱區站"
1588.2s [9月29日（週一） 上午 9:39]   shot 112_metro_old_town.png
1588.2s [9月29日（週一） 上午 9:39]   click [Go_old_town] 舊城區  ·  16 分鐘
1589.6s [9月29日（週一） 上午 9:57]   ok  took the Metro to Old Town
1589.8s [9月29日（週一） 上午 9:57]   shot 113_old_town.png
1607.3s [9月29日（週一） 上午 10:23]   ok  entered Okafor Lettings
1608.1s [9月29日（週一） 上午 10:24]   use "和 Okafor 先生 說話"
1611.1s [9月29日（週一） 上午 10:24]   choose "› 這裡以前是什麼店？"
1616.1s [9月29日（週一） 上午 10:25]   shot 114_cafe_lease.png
1616.1s [9月29日（週一） 上午 10:25]   click [SignLease_corner_cafe] Sign the lease
1617.0s [9月29日（週一） 上午 10:26]   ok  leased the corner café unit
1619.4s [9月29日（週一） 上午 10:31]   ok  walked back outside
1619.6s [9月29日（週一） 上午 10:31]   shot 115_old_town_storefronts.png
1627.3s [9月29日（週一） 上午 10:42]   ok  entered Corner Café Unit
1628.5s [9月29日（週一） 上午 10:44]   use "Check the till — Company OS"
1629.1s [9月29日（週一） 上午 10:45]   click [CafeFitOut] 裝修（$5,800）
1629.7s [9月29日（週一） 上午 10:46]   click [CafeSupplies_large] 400 杯份 · $327.66
1630.3s [9月29日（週一） 上午 10:47]   shot 116_cafe_setup.png
1630.7s [9月29日（週一） 上午 10:47]   ok  fit-out under way
1630.7s [9月29日（週一） 上午 10:47]   ok  coffee supplies ordered
1630.7s [9月29日（週一） 上午 10:47] STEP Old Town — the food licence at City Hall (walking via Shopping Street)
1633.3s [9月29日（週一） 上午 10:52]   ok  walked back outside
1644.5s [9月29日（週一） 上午 11:19]   ok  walked to Shopping Street
1649.0s [9月29日（週一） 上午 11:40]   ok  walked to Harbor
1679.3s [9月29日（週一） 下午 12:33]   ok  walked to Riverside
1713.6s [9月29日（週一） 下午 1:35]   ok  walked to Civic Center
1732.7s [9月29日（週一） 下午 2:02]   ok  entered Aurelia City Hall
1735.6s [9月29日（週一） 下午 2:07]   use "Permits & regulations"
1736.2s [9月29日（週一） 下午 2:08]   click [ApplyFoodLicence] Apply
1736.9s [9月29日（週一） 下午 2:28]   shot 117_food_licence.png
1737.2s [9月29日（週一） 下午 2:29]   ok  food licence applied for
1741.5s [9月29日（週一） 下午 2:37]   ok  walked back outside
1750.8s [9月29日（週一） 下午 2:50]   use "捷運——市政中心站"
1751.7s [9月29日（週一） 下午 2:52]   shot 118_metro_riverside.png
1751.7s [9月29日（週一） 下午 2:52]   click [Go_riverside] 河濱區  ·  12 分鐘
1752.8s [9月29日（週一） 下午 3:05]   ok  took the Metro to Riverside
1767.3s [9月29日（週一） 下午 3:27]   ok  entered Riverside Tower
1767.4s [9月29日（週一） 下午 3:27]   (harness) wait 2 h
1768.0s [9月29日（週一） 下午 5:28]   (harness) wait 2 h
1771.7s [9月29日（週一） 下午 7:34]   use "Sleep"
1772.3s [9月29日（週一） 下午 7:34]   click [Sleep] Sleep until 7:00 AM
1774.3s [9月30日（週二） 上午 7:00]   (harness) wait 2 h
1775.0s [9月30日（週二） 上午 9:01]   (harness) wait 2 h
1775.6s [9月30日（週二） 上午 11:02]   (harness) wait 2 h
1776.2s [9月30日（週二） 下午 1:03]   (harness) wait 2 h
1776.9s [9月30日（週二） 下午 3:04]   (harness) wait 2 h
1777.5s [9月30日（週二） 下午 5:05]   (harness) wait 2 h
1778.3s [9月30日（週二） 下午 7:07]   use "Sleep"
1778.9s [9月30日（週二） 下午 7:07]   click [Sleep] Sleep until 7:00 AM
1781.2s [10月1日（週三） 上午 7:00]   (harness) wait 2 h
1781.8s [10月1日（週三） 上午 9:01]   (harness) wait 2 h
1782.5s [10月1日（週三） 上午 11:02]   (harness) wait 2 h
1783.1s [10月1日（週三） 下午 1:03]   (harness) wait 2 h
1783.8s [10月1日（週三） 下午 3:04]   (harness) wait 2 h
1783.8s [10月1日（週三） 下午 5:00]   toast: Riverlight Goods 咖啡 今天沒開門：吧台沒人顧。去僱一位咖啡師（人員分頁），或自己站吧台。
1784.4s [10月1日（週三） 下午 5:05]   (harness) wait 2 h
1785.2s [10月1日（週三） 下午 7:07]   use "Sleep"
1785.8s [10月1日（週三） 下午 7:07]   click [Sleep] Sleep until 7:00 AM
1787.9s [10月2日（週四） 上午 7:00]   ok  fitted out and licensed
1787.9s [10月2日（週四） 上午 7:00] STEP Old Town — opening day behind your own counter
1792.3s [10月2日（週四） 上午 7:08]   ok  walked back outside
1811.4s [10月2日（週四） 上午 7:37]   use "捷運——河濱區站"
1812.3s [10月2日（週四） 上午 7:38]   shot 119_metro_old_town.png
1812.3s [10月2日（週四） 上午 7:38]   click [Go_old_town] 舊城區  ·  16 分鐘
1813.4s [10月2日（週四） 上午 7:56]   ok  took the Metro to Old Town
1825.9s [10月2日（週四） 上午 8:13]   ok  entered Corner Café Unit
1826.0s [10月2日（週四） 上午 8:13]   shot 120_cafe_open.png
1827.5s [10月2日（週四） 上午 8:16]   use "Work the counter (2 h)"
1828.5s [10月2日（週四） 上午 10:17]   ok  served customers at your own café
1829.2s [10月2日（週四） 上午 10:18]   use "Check the till — Company OS"
1830.2s [10月2日（週四） 上午 10:19]   shot 121_cafe_tab.png
1830.5s [10月2日（週四） 上午 10:20]   ok  ledger balanced after opening the café
1833.5s [10月2日（週四） 上午 10:26]   ok  walked back outside
1849.6s [10月2日（週四） 上午 10:50]   use "捷運——舊城區站"
1850.5s [10月2日（週四） 上午 10:51]   shot 122_metro_riverside.png
1850.5s [10月2日（週四） 上午 10:51]   click [Go_riverside] 河濱區  ·  16 分鐘
1851.6s [10月2日（週四） 上午 11:09]   ok  took the Metro to Riverside
1866.1s [10月2日（週四） 上午 11:30]   ok  entered Riverside Tower
1866.1s [10月2日（週四） 上午 11:30] STEP Harbor — metro to the docks, a used van from Sam, and Pier 7
1866.1s [10月2日（週四） 上午 11:30]   ok  actual financing covers the van, bay and working capital
1867.7s [10月2日（週四） 上午 11:34]   ok  walked back outside
1886.8s [10月2日（週四） 下午 12:02]   use "捷運——河濱區站"
1887.7s [10月2日（週四） 下午 12:04]   shot 123_metro_harbor.png
1887.7s [10月2日（週四） 下午 12:04]   click [Go_harbor] 港區  ·  8 分鐘
1888.8s [10月2日（週四） 下午 12:13]   ok  took the Metro to Harbor
1888.9s [10月2日（週四） 下午 12:13]   shot 124_harbor.png
1900.0s [10月2日（週四） 下午 12:30]   shot 125_harbor_street.png
1904.9s [10月2日（週四） 下午 12:36]   ok  entered Dockside Motors
1905.9s [10月2日（週四） 下午 12:37]   use "和 Sam Okoro 說話"
1910.3s [10月2日（週四） 下午 12:37]   choose "› 你這裡有什麼？"
1916.7s [10月2日（週四） 下午 12:38]   shot 126_van_dealer.png
1916.7s [10月2日（週四） 下午 12:38]   click [BuyVan] 買下這台貨車（$9,800.00）
1917.4s [10月2日（週四） 下午 12:39]   shot 127_van_bought.png
1917.7s [10月2日（週四） 下午 12:40]   ok  bought the van from Sam
1917.7s [10月2日（週四） 下午 12:40]   ok  the van is a vehicle expense
1920.4s [10月2日（週四） 下午 12:45]   ok  walked back outside
1930.5s [10月2日（週四） 下午 12:58]   ok  entered Pier 7 Warehouse
1936.1s [10月2日（週四） 下午 1:06]   use "Lettings desk: lease Bay 3"
1936.7s [10月2日（週四） 下午 1:07]   shot 128_pier7_lease.png
1936.7s [10月2日（週四） 下午 1:07]   click [SignLease_pier7_warehouse] Sign the lease
1937.7s [10月2日（週四） 下午 1:08]   ok  leased the Pier 7 bay
1937.7s [10月2日（週四） 下午 1:08]   ok  Pier 7 is a stock location
1938.2s [10月2日（週四） 下午 1:09]   shot 129_pier7_warehouse.png
1944.6s [10月2日（週四） 下午 1:20]   ok  walked back outside
1958.7s [10月2日（週四） 下午 1:41]   use "捷運——港區站"
1959.7s [10月2日（週四） 下午 1:42]   shot 130_metro_riverside.png
1959.7s [10月2日（週四） 下午 1:42]   click [Go_riverside] 河濱區  ·  8 分鐘
1960.8s [10月2日（週四） 下午 1:52]   ok  took the Metro to Riverside
1975.3s [10月2日（週四） 下午 2:14]   ok  entered Riverside Tower
1975.3s [10月2日（週四） 下午 2:14] STEP Harbor — the morning's delivery runs
1975.3s [10月2日（週四） 下午 2:14]   (harness) wait 2 h
1976.0s [10月2日（週四） 下午 4:15]   (harness) wait 2 h
1976.6s [10月2日（週四） 下午 6:16]   (harness) wait 2 h
1980.3s [10月2日（週四） 下午 8:21]   use "Sleep"
1980.9s [10月2日（週四） 下午 8:21]   click [Sleep] Sleep until 7:00 AM
1982.8s [10月3日（週五） 上午 7:00]   (harness) wait 2 h
1983.4s [10月3日（週五） 上午 9:01]   ok  runs were posted in the morning
1987.8s [10月3日（週五） 上午 9:09]   ok  walked back outside
2006.9s [10月3日（週五） 上午 9:38]   use "捷運——河濱區站"
2007.9s [10月3日（週五） 上午 9:39]   shot 131_metro_harbor.png
2007.9s [10月3日（週五） 上午 9:39]   click [Go_harbor] 港區  ·  8 分鐘
2009.1s [10月3日（週五） 上午 9:49]   ok  took the Metro to Harbor
2025.1s [10月3日（週五） 上午 10:13]   ok  entered Pier 7 Warehouse
2029.6s [10月3日（週五） 上午 10:19]   use "Sit at the yard office desk — Company OS"
2030.5s [10月3日（週五） 上午 10:21]   click [Tab_logistics] 物流 · 新
2031.3s [10月3日（週五） 上午 10:22]   shot 132_logistics_tab.png
2032.0s [10月3日（週五） 上午 10:23]   shot 133_logistics_badge_pinned.png
2032.0s [10月3日（週五） 上午 10:23]   click [Tab_logistics] 物流 · 新
2032.4s [10月3日（週五） 上午 10:24]   ok  delivery runs on the board
2032.4s [10月3日（週五） 上午 10:24]   click [Accept_R1] Accept
2033.1s [10月3日（週五） 上午 10:24]   ok  accepted run R1
2033.1s [10月3日（週五） 上午 10:24]   shot 134_logistics_accepted.png
2033.1s [10月3日（週五） 上午 10:24]   click [Drive_R1] Drive it
2033.8s [10月3日（週五） 上午 10:25]   shot 135_route_game_intro.png
2034.1s [10月3日（週五） 上午 10:25]   click [StartGame] Begin practice
2034.6s [10月3日（週五） 上午 10:25]   shot 136_route_game_first_use_step_0.png
2034.6s [10月3日（週五） 上午 10:25]   click [Stop_3]
2034.8s [10月3日（週五） 上午 10:25]   click [Stop_6]
2035.1s [10月3日（週五） 上午 10:25]   click [Stop_1]
2035.4s [10月3日（週五） 上午 10:25]   click [Stop_2]
2035.6s [10月3日（週五） 上午 10:25]   click [Stop_5]
2035.9s [10月3日（週五） 上午 10:25]   click [Stop_4]
ERROR: Must be an ancestor of the control.
   at: ensure_control_visible (scene/gui/scroll_container.cpp:327)
   GDScript backtrace (most recent call first):
       [0] practice_refresh (res://scripts/ui/minigames/mini_game.gd:641)
       [1] _process (res://scripts/ui/minigames/mini_game.gd:601)
2036.2s [10月3日（週五） 上午 10:25]   click [DriveRoute] Drive the route
2036.4s [10月3日（週五） 上午 10:25]   ok  route_game_first_use tutorial completes
2036.4s [10月3日（週五） 上午 10:25]   shot 137_route_game_first_use_ready.png
2036.4s [10月3日（週五） 上午 10:25]   click [StartFormalWork] Start work
2037.1s [10月3日（週五） 上午 10:25]   click [Stop_3]
2037.3s [10月3日（週五） 上午 10:25]   click [Stop_6]
2037.7s [10月3日（週五） 上午 10:25]   shot 138_route_game_planning.png
2037.7s [10月3日（週五） 上午 10:25]   click [Stop_1]
2037.8s [10月3日（週五） 上午 10:25]   click [Stop_2]
2038.0s [10月3日（週五） 上午 10:25]   click [Stop_5]
2038.2s [10月3日（週五） 上午 10:25]   click [Stop_4]
2038.9s [10月3日（週五） 上午 10:25]   shot 139_route_game_planned.png
2038.9s [10月3日（週五） 上午 10:25]   click [DriveRoute] Drive the route
2039.6s [10月3日（週五） 上午 10:25]   shot 140_route_game_results.png
2039.6s [10月3日（週五） 上午 10:25]   click [FinishGame] Continue
2040.6s [10月3日（週五） 下午 1:48]   ok  the run is done and in the history
2040.6s [10月3日（週五） 下午 1:48]   ok  the pay was banked as revenue ($434.34 for run R1)
2040.6s [10月3日（週五） 下午 1:48]   ok  fuel was charged
2040.6s [10月3日（週五） 下午 1:48]   ok  the best route scored 100%
2041.1s [10月3日（週五） 下午 1:48]   shot 141_logistics_tab_paid.png
2041.4s [10月3日（週五） 下午 1:49]   ok  ledger balanced after the first delivery run
2047.4s [10月3日（週五） 下午 1:59]   ok  walked back outside
2061.5s [10月3日（週五） 下午 2:20]   use "捷運——港區站"
2062.5s [10月3日（週五） 下午 2:22]   shot 142_metro_riverside.png
2062.5s [10月3日（週五） 下午 2:22]   click [Go_riverside] 河濱區  ·  8 分鐘
2063.5s [10月3日（週五） 下午 2:31]   ok  took the Metro to Riverside
2078.0s [10月3日（週五） 下午 2:53]   ok  entered Riverside Tower
2078.0s [10月3日（週五） 下午 2:53] STEP Harbor — buy a single class and meet business connections
2079.7s [10月3日（週五） 下午 2:57]   ok  walked back outside
2098.7s [10月3日（週五） 下午 3:25]   use "捷運——河濱區站"
2099.7s [10月3日（週五） 下午 3:26]   shot 143_metro_harbor.png
2099.7s [10月3日（週五） 下午 3:26]   click [Go_harbor] 港區  ·  8 分鐘
2100.8s [10月3日（週五） 下午 3:36]   ok  took the Metro to Harbor
2108.2s [10月3日（週五） 下午 3:47]   ok  entered Harbor Point Fitness
2108.7s [10月3日（週五） 下午 3:48]   use "Front desk"
2108.8s [10月3日（週五） 下午 3:48]   click [FitnessSingle] 單堂課 · $12.00
2109.0s [10月3日（週五） 下午 3:48]   ok  single class charged to personal cash
2109.1s [10月3日（週五） 下午 3:48]   shot 144_fitness_timetable.png
2109.1s [10月3日（週五） 下午 3:48]   click [FitnessWait] 等候下一堂課 · 132 分鐘
2109.2s [10月3日（週五） 下午 5:00]   toast: Riverlight Goods 咖啡 今天沒開門：吧台沒人顧。去僱一位咖啡師（人員分頁），或自己站吧台。
2109.3s [10月3日（週五） 下午 6:00]   shot 145_fitness_class_ready.png
2109.3s [10月3日（週五） 下午 6:00]   ok  timetable reaches actual class start
2109.3s [10月3日（週五） 下午 6:00]   click [FitnessClass_strength] 18:00 · 肌力訓練 · 60 分鐘
2111.4s [10月3日（週五） 下午 7:02]   ok  class consumed saved single pass
2111.6s [10月3日（週五） 下午 7:03]   use "Front desk"
2113.2s [10月4日（週六） 下午 5:00]   toast: Riverlight Goods 咖啡 今天沒開門：吧台沒人顧。去僱一位咖啡師（人員分頁），或自己站吧台。
2114.2s [10月5日（週日） 上午 9:06]   shot 146_decision_supplier_price_increase.png
2114.2s [10月5日（週日） 上午 9:06]   decision supplier_price_increase → accept
2114.2s [10月5日（週日） 上午 9:06]   click [Choice_accept] 好。繼續跟你進貨。
2115.6s [10月5日（週日） 上午 9:06]   shot 147_decision_outcome_supplier_price_increase.png
2115.6s [10月5日（週日） 上午 9:06]   click "OK"
2117.5s [10月6日（週一） 上午 11:08]   ok  Rosa arrived before using reception
2117.7s [10月6日（週一） 上午 11:08]   use "Front desk"
2117.8s [10月6日（週一） 上午 11:09]   click [FitnessSingle] 單堂課 · $12.00
2117.9s [10月6日（週一） 上午 11:09]   click [FitnessWait] 等候下一堂課 · 66 分鐘
2118.1s [10月6日（週一） 下午 12:15]   click [FitnessClass_circuits] 12:15 · 午間循環訓練 · 60 分鐘
2119.5s [10月6日（週一） 下午 1:17]   use "Front desk"
2120.0s [10月6日（週一） 下午 1:18]   ok  Rosa arrived before using reception
2120.1s [10月6日（週一） 下午 1:18]   use "Front desk"
2120.2s [10月6日（週一） 下午 1:18]   click [FitnessSingle] 單堂課 · $12.00
2120.4s [10月6日（週一） 下午 1:19]   click [FitnessWait] 等候下一堂課 · 282 分鐘
2120.6s [10月6日（週一） 下午 5:00]   toast: Riverlight Goods 咖啡 今天沒開門：吧台沒人顧。去僱一位咖啡師（人員分頁），或自己站吧台。
2120.7s [10月6日（週一） 下午 6:00]   click [FitnessClass_strength] 18:00 · 肌力訓練 · 60 分鐘
2122.1s [10月6日（週一） 下午 7:02]   use "Front desk"
2123.4s [10月7日（週二） 上午 11:04]   ok  Rosa arrived before using reception
2123.5s [10月7日（週二） 上午 11:04]   use "Front desk"
2123.6s [10月7日（週二） 上午 11:04]   click [FitnessSingle] 單堂課 · $12.00
2123.8s [10月7日（週二） 上午 11:05]   click [FitnessWait] 等候下一堂課 · 70 分鐘
2124.0s [10月7日（週二） 下午 12:15]   click [FitnessClass_circuits] 12:15 · 午間循環訓練 · 60 分鐘
2125.3s [10月7日（週二） 下午 1:17]   use "Front desk"
2125.8s [10月7日（週二） 下午 1:18]   ok  Rosa arrived before using reception
2126.0s [10月7日（週二） 下午 1:18]   use "Front desk"
2126.1s [10月7日（週二） 下午 1:18]   click [FitnessSingle] 單堂課 · $12.00
2126.3s [10月7日（週二） 下午 1:18]   click [FitnessWait] 等候下一堂課 · 282 分鐘
2126.4s [10月7日（週二） 下午 5:00]   toast: Riverlight Goods 咖啡 今天沒開門：吧台沒人顧。去僱一位咖啡師（人員分頁），或自己站吧台。
2126.5s [10月7日（週二） 下午 6:01]   click [FitnessClass_strength] 18:00 · 肌力訓練 · 60 分鐘
2127.9s [10月7日（週二） 下午 7:03]   use "Front desk"
2129.5s [10月8日（週三） 上午 11:05]   ok  Rosa arrived before using reception
2129.7s [10月8日（週三） 上午 11:05]   use "Front desk"
2129.8s [10月8日（週三） 上午 11:06]   click [FitnessSingle] 單堂課 · $12.00
2130.0s [10月8日（週三） 上午 11:06]   click [FitnessWait] 等候下一堂課 · 69 分鐘
2130.1s [10月8日（週三） 下午 12:15]   click [FitnessClass_circuits] 12:15 · 午間循環訓練 · 60 分鐘
2131.3s [10月8日（週三） 下午 1:16]   shot 148_fitness_networking_opportunity.png
2131.4s [10月8日（週三） 下午 1:16]   shot 149_decision_fitness_press.png
2131.4s [10月8日（週三） 下午 1:16]   decision fitness_press → accept
2131.4s [10月8日（週三） 下午 1:16]   click [Choice_accept] 委託報導 · $75.00
2132.8s [10月8日（週三） 下午 1:16]   shot 150_decision_outcome_fitness_press.png
2132.8s [10月8日（週三） 下午 1:16]   click "OK"
2133.3s [10月8日（週三） 下午 1:16]   ok  fitness and networking books balance
2135.6s [10月8日（週三） 下午 1:21]   ok  walked back outside
2140.8s [10月8日（週三） 下午 1:28]   use "捷運——港區站"
2141.8s [10月8日（週三） 下午 1:30]   shot 151_metro_riverside.png
2141.8s [10月8日（週三） 下午 1:30]   click [Go_riverside] 河濱區  ·  8 分鐘
2142.8s [10月8日（週三） 下午 1:39]   ok  took the Metro to Riverside
2157.3s [10月8日（週三） 下午 2:01]   ok  entered Riverside Tower
2157.4s [10月8日（週三） 下午 2:01]   ok  Chapter 10 started after Chapter 9
2157.4s [10月8日（週三） 下午 2:01]   ok  Year 6: the Digital Finance Boom
2157.4s [10月8日（週三） 下午 2:01] STEP Chapter 10 — the news, and Lina's escrow offer
2159.0s [10月8日（週三） 下午 2:05]   ok  walked back outside
2163.9s [10月8日（週三） 下午 2:12]   ok  entered Bloom Coffee
2166.6s [10月8日（週三） 下午 2:16]   use "Read the news board"
2167.4s [10月8日（週三） 下午 2:21]   shot 152_news_digital_rails.png
2167.4s [10月8日（週三） 下午 2:21]   info card: News board
2167.4s [10月8日（週三） 下午 2:21]   shot 153_info_news_board.png
2167.4s [10月8日（週三） 下午 2:21]   click "Close"
2167.9s [10月8日（週三） 下午 2:21]   ok  read the news (digital_rails)
2172.1s [10月8日（週三） 下午 2:28]   ok  walked back outside
2176.7s [10月8日（週三） 下午 2:35]   ok  entered Riverside Tower
2178.3s [10月8日（週三） 下午 2:39]   ok  walked back outside
2197.3s [10月8日（週三） 下午 3:07]   use "捷運——河濱區站"
2198.3s [10月8日（週三） 下午 3:09]   shot 154_metro_financial.png
2198.3s [10月8日（週三） 下午 3:09]   click [Go_financial] 金融區  ·  10 分鐘
2199.6s [10月8日（週三） 下午 3:20]   ok  took the Metro to Financial District
2211.7s [10月8日（週三） 下午 3:38]   ok  entered Nexus Bank
2219.6s [10月8日（週三） 下午 3:50]   use "和 Lina Zhao 說話"
2220.5s [10月8日（週三） 下午 3:50]   shot 155_lina_rails.png
2226.3s [10月8日（週三） 下午 3:50]   choose "› 有什麼但書？"
2232.2s [10月8日（週三） 下午 3:52]   ok  the '!' badge for escrow pins its card
2232.3s [10月8日（週三） 下午 3:52]   shot 156_badge_escrow_pinned.png
2232.5s [10月8日（週三） 下午 3:52]   shot 157_decision_escrow_offer.png
2232.5s [10月8日（週三） 下午 3:52]   decision escrow_offer → try
2232.5s [10月8日（週三） 下午 3:52]   click [Choice_try] 開立託管帳戶
2234.0s [10月8日（週三） 下午 3:52]   shot 158_decision_outcome_escrow_offer.png
2234.0s [10月8日（週三） 下午 3:52]   click "OK"
2234.5s [10月8日（週三） 下午 3:52]   ok  opened an escrow account
2234.5s [10月8日（週三） 下午 3:52] STEP Chapter 10 — an import paid through escrow
2237.7s [10月8日（週三） 下午 3:58]   ok  walked back outside
2247.8s [10月8日（週三） 下午 4:13]   use "捷運——金融區站"
2248.8s [10月8日（週三） 下午 4:14]   shot 159_metro_riverside.png
2248.8s [10月8日（週三） 下午 4:14]   click [Go_riverside] 河濱區  ·  10 分鐘
2249.9s [10月8日（週三） 下午 4:26]   ok  took the Metro to Riverside
2264.4s [10月8日（週三） 下午 4:48]   ok  entered Riverside Tower
2266.6s [10月8日（週三） 下午 4:51]   use "Use laptop — Company OS"
2267.3s [10月8日（週三） 下午 4:52]   click [Tab_operations] Stock and orders
2268.0s [10月8日（週三） 下午 4:53]   click [Buy_lumina_direct_phone_stand] 購買 $864.00
2268.9s [10月8日（週三） 下午 4:55]   shot 160_settlement_escrow.png
2268.9s [10月8日（週三） 下午 4:55]   click [Settle_escrow] Pay this way
2269.7s [10月8日（週三） 下午 5:00]   toast: Riverlight Goods 咖啡 今天沒開門：吧台沒人顧。去僱一位咖啡師（人員分頁），或自己站吧台。
2269.8s [10月8日（週三） 下午 7:06]   click [Tab_finance] Finance
2270.3s [10月8日（週三） 下午 7:07]   click [Tab_operations] Stock and orders
2275.6s [10月8日（週三） 下午 7:14]   shot 161_operations_escrow_order.png
2276.0s [10月8日（週三） 下午 7:15]   ok  import ordered through escrow
2276.2s [10月8日（週三） 下午 7:15]   use "Use laptop — Company OS"
2276.9s [10月8日（週三） 下午 7:16]   click [Tab_finance] Finance
2277.9s [10月8日（週三） 下午 7:18]   shot 162_finance_held_in_escrow.png
2286.6s [10月8日（週三） 下午 7:31]   use "Sleep"
2287.2s [10月8日（週三） 下午 7:31]   click [Sleep] Sleep until 7:00 AM
2289.4s [10月9日（週四） 下午 5:00]   toast: Riverlight Goods 咖啡 今天沒開門：吧台沒人顧。去僱一位咖啡師（人員分頁），或自己站吧台。
2295.9s [10月9日（週四） 下午 7:10]   use "Sleep"
2296.5s [10月9日（週四） 下午 7:10]   click [Sleep] Sleep until 7:00 AM
2298.5s [10月10日（週五） 下午 5:00]   toast: Riverlight Goods 咖啡 今天沒開門：吧台沒人顧。去僱一位咖啡師（人員分頁），或自己站吧台。
2298.8s [10月10日（週五） 下午 7:01]   use "Sleep"
2299.4s [10月10日（週五） 下午 7:01]   click [Sleep] Sleep until 7:00 AM
2301.4s [10月11日（週六） 下午 5:00]   toast: Riverlight Goods 咖啡 今天沒開門：吧台沒人顧。去僱一位咖啡師（人員分頁），或自己站吧台。
2301.7s [10月11日（週六） 下午 7:01]   use "Sleep"
2302.3s [10月11日（週六） 下午 7:01]   click [Sleep] Sleep until 7:00 AM
2304.5s [10月12日（週日） 下午 7:01]   use "Sleep"
2305.1s [10月12日（週日） 下午 7:01]   click [Sleep] Sleep until 7:00 AM
2307.4s [10月13日（週一） 下午 5:00]   toast: Riverlight Goods 咖啡 今天沒開門：吧台沒人顧。去僱一位咖啡師（人員分頁），或自己站吧台。
2307.6s [10月13日（週一） 下午 7:01]   use "Sleep"
2308.2s [10月13日（週一） 下午 7:01]   click [Sleep] Sleep until 7:00 AM
2310.3s [10月14日（週二） 下午 5:00]   toast: Riverlight Goods 咖啡 今天沒開門：吧台沒人顧。去僱一位咖啡師（人員分頁），或自己站吧台。
2310.6s [10月14日（週二） 下午 7:01]   use "Sleep"
2311.2s [10月14日（週二） 下午 7:01]   click [Sleep] Sleep until 7:00 AM
2313.3s [10月15日（週三） 下午 5:00]   toast: Riverlight Goods 咖啡 今天沒開門：吧台沒人顧。去僱一位咖啡師（人員分頁），或自己站吧台。
2313.5s [10月15日（週三） 下午 7:01]   use "Sleep"
2314.1s [10月15日（週三） 下午 7:01]   click [Sleep] Sleep until 7:00 AM
2314.8s [10月16日（週四） 上午 5:46]   toast: 新評價 #3508：★「浪費錢。」
2316.3s [10月16日（週四） 下午 5:00]   toast: Riverlight Goods 咖啡 今天沒開門：吧台沒人顧。去僱一位咖啡師（人員分頁），或自己站吧台。
2316.5s [10月16日（週四） 下午 7:01]   use "Sleep"
2317.1s [10月16日（週四） 下午 7:01]   click [Sleep] Sleep until 7:00 AM
2319.2s [10月17日（週五） 下午 5:00]   toast: Riverlight Goods 咖啡 今天沒開門：吧台沒人顧。去僱一位咖啡師（人員分頁），或自己站吧台。
2326.1s [10月17日（週五） 下午 7:11]   use "Sleep"
2326.7s [10月17日（週五） 下午 7:11]   click [Sleep] Sleep until 7:00 AM
2328.7s [10月18日（週六） 下午 5:00]   toast: Riverlight Goods 咖啡 今天沒開門：吧台沒人顧。去僱一位咖啡師（人員分頁），或自己站吧台。
2329.0s [10月18日（週六） 下午 7:01]   use "Sleep"
2329.6s [10月18日（週六） 下午 7:01]   click [Sleep] Sleep until 7:00 AM
2331.9s [10月19日（週日） 下午 7:01]   use "Sleep"
2332.5s [10月19日（週日） 下午 7:01]   click [Sleep] Sleep until 7:00 AM
2334.6s [10月20日（週一） 下午 5:00]   toast: Riverlight Goods 咖啡 今天沒開門：吧台沒人顧。去僱一位咖啡師（人員分頁），或自己站吧台。
2334.9s [10月20日（週一） 下午 7:01]   use "Sleep"
2335.5s [10月20日（週一） 下午 7:01]   click [Sleep] Sleep until 7:00 AM
2337.6s [10月21日（週二） 上午 7:01]   ok  escrow released to the supplier on arrival
2337.6s [10月21日（週二） 上午 7:01]   ok  Chapter 10 complete
2337.6s [10月21日（週二） 上午 7:01] STEP Chapter 11 — the bridge exploit
2337.6s [10月21日（週二） 上午 7:01]   ok  Year 7: the Bridge Exploit
2342.4s [10月21日（週二） 上午 7:09]   ok  walked back outside
2347.3s [10月21日（週二） 上午 7:16]   ok  entered Bloom Coffee
2350.0s [10月21日（週二） 上午 7:20]   use "Read the news board"
2350.8s [10月21日（週二） 上午 7:25]   shot 163_news_bridge_before.png
2350.8s [10月21日（週二） 上午 7:25]   info card: News board
2350.8s [10月21日（週二） 上午 7:25]   shot 164_info_news_board.png
2350.8s [10月21日（週二） 上午 7:25]   click "Close"
2351.3s [10月21日（週二） 上午 7:25]   ok  read the news (bridge_before)
2355.5s [10月21日（週二） 上午 7:32]   ok  walked back outside
2360.1s [10月21日（週二） 上午 7:39]   ok  entered Riverside Tower
2362.4s [10月21日（週二） 上午 7:43]   use "Use laptop — Company OS"
2363.1s [10月21日（週二） 上午 7:44]   click [Tab_operations] Stock and orders
2363.9s [10月21日（週二） 上午 7:45]   click [Buy_lumina_direct_phone_stand] 購買 $856.00
2364.7s [10月21日（週二） 上午 7:46]   shot 165_settlement_before_exploit.png
2364.7s [10月21日（週二） 上午 7:46]   click [Settle_escrow] Pay this way
2365.9s [10月21日（週二） 上午 7:48]   ok  restock ordered through escrow (cash $81,156)
2377.6s [10月21日（週二） 上午 8:06]   toast: 快訊：數位美元跨鏈橋遭駭。轉帳凍結，預計 10月27日 上午 8:06 前後恢復。
2379.6s [10月21日（週二） 上午 8:08]   ok  the bridge is frozen with our payment crossing it
2380.3s [10月21日（週二） 上午 8:08]   ok  the '!' badge for frozen_funds pins its card
2380.3s [10月21日（週二） 上午 8:08]   shot 166_badge_frozen_pinned.png
2380.5s [10月21日（週二） 上午 8:08]   shot 167_decision_rail_frozen.png
2380.5s [10月21日（週二） 上午 8:08]   decision rail_frozen → reroute
2380.5s [10月21日（週二） 上午 8:08]   click [Choice_reroute] 改用電匯重新付款（$890）
2382.0s [10月21日（週二） 上午 8:08]   shot 168_decision_outcome_rail_frozen.png
2382.0s [10月21日（週二） 上午 8:08]   click "OK"
2382.5s [10月21日（週二） 上午 8:08]   ok  paid again by wire
2382.8s [10月21日（週二） 上午 8:09]   use "Use laptop — Company OS"
2383.5s [10月21日（週二） 上午 8:10]   click [Tab_finance] Finance
2384.6s [10月21日（週二） 上午 8:11]   shot 169_finance_frozen_funds.png
2384.6s [10月21日（週二） 上午 8:11]   click [Tab_operations] Stock and orders
2390.2s [10月21日（週二） 上午 8:19]   shot 170_operations_frozen_order.png
2394.2s [10月21日（週二） 上午 8:26]   ok  walked back outside
2399.1s [10月21日（週二） 上午 8:34]   ok  entered Bloom Coffee
2401.8s [10月21日（週二） 上午 8:38]   use "Read the news board"
2402.6s [10月21日（週二） 上午 8:43]   shot 171_news_bridge_frozen.png
2402.6s [10月21日（週二） 上午 8:43]   info card: News board
2402.7s [10月21日（週二） 上午 8:43]   shot 172_info_news_board.png
2402.7s [10月21日（週二） 上午 8:43]   click "Close"
2403.1s [10月21日（週二） 上午 8:43]   ok  read the news (bridge_frozen)
2407.4s [10月21日（週二） 上午 8:50]   ok  walked back outside
2412.0s [10月21日（週二） 上午 8:57]   ok  entered Riverside Tower
2412.1s [10月21日（週二） 下午 5:00]   toast: Riverlight Goods 咖啡 今天沒開門：吧台沒人顧。去僱一位咖啡師（人員分頁），或自己站吧台。
2415.0s [10月21日（週二） 下午 7:05]   use "Sleep"
2415.6s [10月21日（週二） 下午 7:05]   click [Sleep] Sleep until 7:00 AM
2417.8s [10月22日（週三） 下午 5:00]   toast: Riverlight Goods 咖啡 今天沒開門：吧台沒人顧。去僱一位咖啡師（人員分頁），或自己站吧台。
2418.0s [10月22日（週三） 下午 7:01]   use "Sleep"
2418.6s [10月22日（週三） 下午 7:01]   click [Sleep] Sleep until 7:00 AM
2420.7s [10月23日（週四） 下午 5:00]   toast: Riverlight Goods 咖啡 今天沒開門：吧台沒人顧。去僱一位咖啡師（人員分頁），或自己站吧台。
2421.0s [10月23日（週四） 下午 7:01]   use "Sleep"
2421.6s [10月23日（週四） 下午 7:01]   click [Sleep] Sleep until 7:00 AM
2423.7s [10月24日（週五） 下午 5:00]   toast: Riverlight Goods 咖啡 今天沒開門：吧台沒人顧。去僱一位咖啡師（人員分頁），或自己站吧台。
2423.9s [10月24日（週五） 下午 7:01]   use "Sleep"
2424.5s [10月24日（週五） 下午 7:01]   click [Sleep] Sleep until 7:00 AM
2426.6s [10月25日（週六） 下午 5:00]   toast: Riverlight Goods 咖啡 今天沒開門：吧台沒人顧。去僱一位咖啡師（人員分頁），或自己站吧台。
2426.9s [10月25日（週六） 下午 7:01]   use "Sleep"
2427.5s [10月25日（週六） 下午 7:01]   click [Sleep] Sleep until 7:00 AM
2429.7s [10月26日（週日） 下午 7:00]   shot 173_decision_supplier_price_increase.png
2429.7s [10月26日（週日） 下午 7:00]   decision supplier_price_increase → accept
2429.7s [10月26日（週日） 下午 7:00]   click [Choice_accept] 好。繼續跟你進貨。
2431.1s [10月26日（週日） 下午 7:00]   shot 174_decision_outcome_supplier_price_increase.png
2431.1s [10月26日（週日） 下午 7:00]   click "OK"
2431.8s [10月26日（週日） 下午 7:00]   use "Sleep"
2432.4s [10月26日（週日） 下午 7:00]   click [Sleep] Sleep until 7:00 AM
2434.5s [10月27日（週一） 下午 5:00]   toast: Riverlight Goods 咖啡 今天沒開門：吧台沒人顧。去僱一位咖啡師（人員分頁），或自己站吧台。
2434.8s [10月27日（週一） 下午 7:01]   use "Sleep"
2435.4s [10月27日（週一） 下午 7:01]   click [Sleep] Sleep until 7:00 AM
2437.5s [10月28日（週二） 下午 5:00]   toast: Riverlight Goods 咖啡 今天沒開門：吧台沒人顧。去僱一位咖啡師（人員分頁），或自己站吧台。
2437.8s [10月28日（週二） 下午 7:01]   use "Sleep"
2438.4s [10月28日（週二） 下午 7:01]   click [Sleep] Sleep until 7:00 AM
2440.5s [10月29日（週三） 下午 5:00]   toast: Riverlight Goods 咖啡 今天沒開門：吧台沒人顧。去僱一位咖啡師（人員分頁），或自己站吧台。
2440.8s [10月29日（週三） 下午 7:01]   use "Sleep"
2441.4s [10月29日（週三） 下午 7:01]   click [Sleep] Sleep until 7:00 AM
2443.4s [10月30日（週四） 下午 5:00]   toast: Riverlight Goods 咖啡 今天沒開門：吧台沒人顧。去僱一位咖啡師（人員分頁），或自己站吧台。
2443.7s [10月30日（週四） 下午 7:01]   use "Sleep"
2444.3s [10月30日（週四） 下午 7:01]   click [Sleep] Sleep until 7:00 AM
2446.4s [10月31日（週五） 下午 5:00]   toast: Riverlight Goods 咖啡 今天沒開門：吧台沒人顧。去僱一位咖啡師（人員分頁），或自己站吧台。
2446.7s [10月31日（週五） 下午 7:01]   use "Sleep"
2447.3s [10月31日（週五） 下午 7:01]   click [Sleep] Sleep until 7:00 AM
2449.6s [11月1日（週六） 下午 5:00]   toast: Riverlight Goods 咖啡 今天沒開門：吧台沒人顧。去僱一位咖啡師（人員分頁），或自己站吧台。
2449.8s [11月1日（週六） 下午 7:01]   use "Sleep"
2450.4s [11月1日（週六） 下午 7:01]   click [Sleep] Sleep until 7:00 AM
2452.7s [11月2日（週日） 下午 7:01]   use "Sleep"
2453.3s [11月2日（週日） 下午 7:01]   click [Sleep] Sleep until 7:00 AM
2455.5s [11月3日（週一） 下午 5:00]   toast: Riverlight Goods 咖啡 今天沒開門：吧台沒人顧。去僱一位咖啡師（人員分頁），或自己站吧台。
2455.8s [11月3日（週一） 下午 7:01]   use "Sleep"
2456.4s [11月3日（週一） 下午 7:01]   click [Sleep] Sleep until 7:00 AM
2458.5s [11月4日（週二） 下午 5:00]   toast: Riverlight Goods 咖啡 今天沒開門：吧台沒人顧。去僱一位咖啡師（人員分頁），或自己站吧台。
2458.8s [11月4日（週二） 下午 7:01]   use "Sleep"
2459.4s [11月4日（週二） 下午 7:01]   click [Sleep] Sleep until 7:00 AM
2461.5s [11月5日（週三） 下午 5:00]   toast: Riverlight Goods 咖啡 今天沒開門：吧台沒人顧。去僱一位咖啡師（人員分頁），或自己站吧台。
2461.7s [11月5日（週三） 下午 7:01]   use "Sleep"
2462.3s [11月5日（週三） 下午 7:01]   click [Sleep] Sleep until 7:00 AM
2464.5s [11月6日（週四） 下午 5:00]   toast: Riverlight Goods 咖啡 今天沒開門：吧台沒人顧。去僱一位咖啡師（人員分頁），或自己站吧台。
2464.7s [11月6日（週四） 下午 7:01]   use "Sleep"
2465.3s [11月6日（週四） 下午 7:01]   click [Sleep] Sleep until 7:00 AM
2467.5s [11月7日（週五） 下午 5:00]   toast: Riverlight Goods 咖啡 今天沒開門：吧台沒人顧。去僱一位咖啡師（人員分頁），或自己站吧台。
2467.7s [11月7日（週五） 下午 7:01]   use "Sleep"
2468.3s [11月7日（週五） 下午 7:01]   click [Sleep] Sleep until 7:00 AM
2470.6s [11月8日（週六） 上午 7:01]   ok  the bridge reopened
2470.6s [11月8日（週六） 上午 7:01]   ok  frozen funds settled
2470.6s [11月8日（週六） 上午 7:01]   ok  Chapter 11 complete: through the freeze and restocked
2470.6s [11月8日（週六） 上午 7:01] STEP Chapter 12 — the regulation wave: the import licence
2470.6s [11月8日（週六） 上午 7:01]   ok  Year 8: the Regulation Wave
2475.2s [11月8日（週六） 上午 7:08]   ok  walked back outside
2480.1s [11月8日（週六） 上午 7:16]   ok  entered Bloom Coffee
2482.8s [11月8日（週六） 上午 7:20]   use "Read the news board"
2483.6s [11月8日（週六） 上午 7:25]   shot 175_news_regulation.png
2483.6s [11月8日（週六） 上午 7:25]   info card: News board
2483.6s [11月8日（週六） 上午 7:25]   shot 176_info_news_board.png
2483.6s [11月8日（週六） 上午 7:25]   click "Close"
2484.1s [11月8日（週六） 上午 7:25]   ok  read the news (regulation)
2488.3s [11月8日（週六） 上午 7:32]   ok  walked back outside
2492.9s [11月8日（週六） 上午 7:39]   ok  entered Riverside Tower
2493.0s [11月8日（週六） 上午 7:39]   (harness) wait 2 h
2493.7s [11月8日（週六） 上午 9:40]   (harness) wait 2 h
2494.4s [11月8日（週六） 上午 11:41]   (harness) wait 2 h
2495.1s [11月8日（週六） 下午 1:42]   (harness) wait 2 h
2495.8s [11月8日（週六） 下午 3:44]   (harness) wait 2 h
2495.8s [11月8日（週六） 下午 5:00]   toast: Riverlight Goods 咖啡 今天沒開門：吧台沒人顧。去僱一位咖啡師（人員分頁），或自己站吧台。
2496.5s [11月8日（週六） 下午 5:45]   (harness) wait 2 h
2500.2s [11月8日（週六） 下午 7:50]   use "Sleep"
2500.8s [11月8日（週六） 下午 7:50]   click [Sleep] Sleep until 7:00 AM
2503.0s [11月9日（週日） 上午 7:01]   (harness) wait 2 h
2503.7s [11月9日（週日） 上午 9:02]   (harness) wait 2 h
2504.4s [11月9日（週日） 上午 11:03]   (harness) wait 2 h
2505.0s [11月9日（週日） 下午 1:04]   (harness) wait 2 h
2505.7s [11月9日（週日） 下午 3:05]   (harness) wait 2 h
2506.4s [11月9日（週日） 下午 5:06]   (harness) wait 2 h
2507.3s [11月9日（週日） 下午 7:07]   use "Sleep"
2507.9s [11月9日（週日） 下午 7:07]   click [Sleep] Sleep until 7:00 AM
2510.2s [11月10日（週一） 上午 7:01]   (harness) wait 2 h
2515.3s [11月10日（週一） 上午 9:09]   ok  walked back outside
2534.3s [11月10日（週一） 上午 9:38]   use "捷運——河濱區站"
2535.3s [11月10日（週一） 上午 9:39]   shot 177_metro_civic_center.png
2535.3s [11月10日（週一） 上午 9:39]   click [Go_civic_center] 市政中心  ·  12 分鐘
2536.6s [11月10日（週一） 上午 9:53]   ok  took the Metro to Civic Center
2548.4s [11月10日（週一） 上午 10:09]   ok  entered Aurelia City Hall
2551.3s [11月10日（週一） 上午 10:14]   use "Permits & regulations"
2552.1s [11月10日（週一） 上午 10:15]   shot 178_permits_import_licence.png
2552.8s [11月10日（週一） 上午 10:16]   ok  the '!' badge for company_registration pins its card
2552.9s [11月10日（週一） 上午 10:16]   shot 179_badge_licence_pinned.png
2553.0s [11月10日（週一） 上午 10:16]   click [ApplyImportLicence] 申請（$450）
2553.7s [11月10日（週一） 上午 10:37]   shot 180_permits_licence_processing.png
2554.1s [11月10日（週一） 上午 10:38]   ok  import licence applied for
2558.4s [11月10日（週一） 上午 10:45]   ok  walked back outside
2567.6s [11月10日（週一） 上午 10:59]   use "捷運——市政中心站"
2568.6s [11月10日（週一） 上午 11:01]   shot 181_metro_riverside.png
2568.6s [11月10日（週一） 上午 11:01]   click [Go_riverside] 河濱區  ·  12 分鐘
2569.7s [11月10日（週一） 上午 11:14]   ok  took the Metro to Riverside
2584.2s [11月10日（週一） 上午 11:36]   ok  entered Riverside Tower
2584.3s [11月10日（週一） 下午 5:00]   toast: Riverlight Goods 咖啡 今天沒開門：吧台沒人顧。去僱一位咖啡師（人員分頁），或自己站吧台。
2587.4s [11月10日（週一） 下午 7:05]   use "Sleep"
2588.0s [11月10日（週一） 下午 7:05]   click [Sleep] Sleep until 7:00 AM
2590.4s [11月11日（週二） 下午 5:00]   toast: Riverlight Goods 咖啡 今天沒開門：吧台沒人顧。去僱一位咖啡師（人員分頁），或自己站吧台。
2590.8s [11月11日（週二） 下午 7:01]   use "Sleep"
2591.4s [11月11日（週二） 下午 7:01]   click [Sleep] Sleep until 7:00 AM
2593.8s [11月12日（週三） 下午 5:00]   toast: Riverlight Goods 咖啡 今天沒開門：吧台沒人顧。去僱一位咖啡師（人員分頁），或自己站吧台。
2594.1s [11月12日（週三） 下午 7:01]   use "Sleep"
2594.7s [11月12日（週三） 下午 7:01]   click [Sleep] Sleep until 7:00 AM
2597.0s [11月13日（週四） 上午 7:01]   ok  import licence granted
2597.0s [11月13日（週四） 上午 7:01] STEP Chapter 12 — a large import goes through KYC
2599.0s [11月13日（週四） 上午 7:04]   use "Use laptop — Company OS"
2599.8s [11月13日（週四） 上午 7:05]   click [Tab_operations] Stock and orders
2600.7s [11月13日（週四） 上午 7:06]   click [Buy_lumina_direct_wireless_earbuds] 購買 $2,678.00
2601.6s [11月13日（週四） 上午 7:07]   shot 182_settlement_kyc.png
2601.6s [11月13日（週四） 上午 7:07]   click [Settle_letter_of_credit] Pay this way
2602.8s [11月13日（週四） 上午 7:09]   ok  the large payment carries a KYC check
2603.0s [11月13日（週四） 下午 5:00]   toast: Riverlight Goods 咖啡 今天沒開門：吧台沒人顧。去僱一位咖啡師（人員分頁），或自己站吧台。
2611.0s [11月13日（週四） 下午 7:12]   use "Sleep"
2611.6s [11月13日（週四） 下午 7:12]   click [Sleep] Sleep until 7:00 AM
2614.0s [11月14日（週五） 下午 5:00]   toast: Riverlight Goods 咖啡 今天沒開門：吧台沒人顧。去僱一位咖啡師（人員分頁），或自己站吧台。
2614.3s [11月14日（週五） 下午 7:00]   shot 183_decision_low_cash_warning.png
2614.3s [11月14日（週五） 下午 7:00]   decision low_cash_warning → reduce
2614.3s [11月14日（週五） 下午 7:00]   click [Choice_reduce] 縮減開支（暫停廣告、生活從簡）
2615.7s [11月14日（週五） 下午 7:00]   shot 184_decision_outcome_low_cash_warning.png
2615.7s [11月14日（週五） 下午 7:00]   click "OK"
2616.3s [11月14日（週五） 下午 7:00]   shot 185_decision_supplier_price_increase.png
2616.3s [11月14日（週五） 下午 7:00]   decision supplier_price_increase → accept
2616.3s [11月14日（週五） 下午 7:00]   click [Choice_accept] 好。繼續跟你進貨。
2617.8s [11月14日（週五） 下午 7:00]   shot 186_decision_outcome_supplier_price_increase.png
2617.8s [11月14日（週五） 下午 7:00]   click "OK"
2624.7s [11月14日（週五） 下午 7:10]   use "Sleep"
2625.3s [11月14日（週五） 下午 7:10]   click [Sleep] Sleep until 7:00 AM
2627.8s [11月15日（週六） 下午 5:00]   toast: Riverlight Goods 咖啡 今天沒開門：吧台沒人顧。去僱一位咖啡師（人員分頁），或自己站吧台。
2628.1s [11月15日（週六） 下午 7:01]   use "Sleep"
2628.7s [11月15日（週六） 下午 7:01]   click [Sleep] Sleep until 7:00 AM
2631.3s [11月16日（週日） 下午 7:01]   use "Sleep"
2631.9s [11月16日（週日） 下午 7:01]   click [Sleep] Sleep until 7:00 AM
2634.2s [11月17日（週一） 上午 7:01]   ok  KYC cleared
2636.0s [11月17日（週一） 上午 7:03]   use "Use laptop — Company OS"
2636.8s [11月17日（週一） 上午 7:04]   click [Tab_finance] Finance
2638.3s [11月17日（週一） 上午 7:06]   shot 187_finance_compliance_cost.png
2638.7s [11月17日（週一） 上午 7:06] STEP Chapter 12 — Victor Hale's offer
2638.7s [11月17日（週一） 上午 7:06]   (harness) wait 2 h
2639.4s [11月17日（週一） 上午 9:06]   shot 188_decision_low_cash_warning.png
2639.4s [11月17日（週一） 上午 9:06]   decision low_cash_warning → reduce
2639.4s [11月17日（週一） 上午 9:06]   click [Choice_reduce] 縮減開支（暫停廣告、生活從簡）
2640.8s [11月17日（週一） 上午 9:06]   shot 189_decision_outcome_low_cash_warning.png
2640.8s [11月17日（週一） 上午 9:06]   click "OK"
2641.4s [11月17日（週一） 上午 9:06]   (harness) wait 2 h
2646.0s [11月17日（週一） 上午 11:14]   ok  walked back outside
2665.0s [11月17日（週一） 上午 11:43]   use "捷運——河濱區站"
2666.0s [11月17日（週一） 上午 11:44]   shot 190_metro_shopping_street.png
2666.0s [11月17日（週一） 上午 11:44]   click [Go_shopping_street] 購物街  ·  15 分鐘
2669.2s [11月17日（週一） 下午 12:01]   ok  took the Metro to Shopping Street
2684.8s [11月17日（週一） 下午 12:21]   ok  entered Crestline Flagship
2685.7s [11月17日（週一） 下午 12:23]   use "和 Victor Hale 說話"
2687.3s [11月17日（週一） 下午 12:23]   shot 191_victor_offer.png
2695.2s [11月17日（週一） 下午 12:25]   ok  the '!' badge for valuation pins its card
2695.3s [11月17日（週一） 下午 12:25]   shot 192_badge_valuation_pinned.png
2695.5s [11月17日（週一） 下午 12:25]   shot 193_decision_acquisition_offer.png
2695.5s [11月17日（週一） 下午 12:25]   decision acquisition_offer → counter
2695.5s [11月17日（週一） 下午 12:25]   click [Choice_counter] 還價：開價 $188,513
2698.5s [11月17日（週一） 下午 12:25]   shot 194_decision_outcome_acquisition_offer.png
2698.5s [11月17日（週一） 下午 12:25]   click "OK"
2699.1s [11月17日（週一） 下午 12:25]   ok  countered Hale Group's offer
2700.5s [11月17日（週一） 下午 12:27]   shot 195_ending_card.png
2703.2s [11月17日（週一） 下午 12:31]   ok  Chapter 12 complete
2703.2s [11月17日（週一） 下午 12:31]   ok  the main story is complete
2703.2s [11月17日（週一） 下午 12:31]   ok  season two continues after Chapter 12
2703.2s [11月17日（週一） 下午 12:31]   ok  ledger balanced after chapters 10–12
2705.9s [11月17日（週一） 下午 12:36]   ok  walked back outside
2718.1s [11月17日（週一） 下午 12:54]   use "捷運——購物街站"
2719.5s [11月17日（週一） 下午 12:55]   shot 196_metro_riverside.png
2719.5s [11月17日（週一） 下午 12:55]   click [Go_riverside] 河濱區  ·  15 分鐘
2721.2s [11月17日（週一） 下午 1:12]   ok  took the Metro to Riverside
2736.6s [11月17日（週一） 下午 1:34]   ok  entered Riverside Tower
2744.6s [11月17日（週一） 下午 1:46] STEP Chapter 13 — Year 9 news and Marcus's international banking explanation
2746.8s [11月17日（週一） 下午 1:49]   ok  walked back outside
2751.9s [11月17日（週一） 下午 1:57]   ok  entered Bloom Coffee
2755.4s [11月17日（週一） 下午 2:01]   use "Read the news board"
2756.5s [11月17日（週一） 下午 2:06]   shot 197_news_global_markets.png
2756.5s [11月17日（週一） 下午 2:06]   info card: News board
2756.6s [11月17日（週一） 下午 2:06]   shot 198_info_news_board.png
2756.6s [11月17日（週一） 下午 2:06]   click "Close"
2757.1s [11月17日（週一） 下午 2:06]   ok  read the news (global_markets)
2761.6s [11月17日（週一） 下午 2:13]   ok  walked back outside
2766.4s [11月17日（週一） 下午 2:20]   ok  entered Riverside Tower
2768.4s [11月17日（週一） 下午 2:24]   ok  walked back outside
2787.4s [11月17日（週一） 下午 2:52]   use "捷運——河濱區站"
2788.8s [11月17日（週一） 下午 2:54]   shot 199_metro_financial.png
2788.8s [11月17日（週一） 下午 2:54]   click [Go_financial] 金融區  ·  10 分鐘
2790.6s [11月17日（週一） 下午 3:05]   ok  took the Metro to Financial District
2802.7s [11月17日（週一） 下午 3:23]   ok  entered Nexus Bank
2805.5s [11月17日（週一） 下午 3:27]   use "和 Marcus Reed 說話"
2807.7s [11月17日（週一） 下午 3:27]   choose "› 我會在每週撥款後換匯。"
2809.7s [11月17日（週一） 下午 3:28]   click [OpenInternationalAccount] 開立國際帳戶（$150.00）
2810.3s [11月17日（週一） 下午 3:58]   shot 200_ch13_international_account.png
2819.5s [11月17日（週一） 下午 4:12]   ok  walked back outside
2829.7s [11月17日（週一） 下午 4:28]   use "捷運——金融區站"
2830.8s [11月17日（週一） 下午 4:29]   shot 201_metro_riverside.png
2830.8s [11月17日（週一） 下午 4:29]   click [Go_riverside] 河濱區  ·  10 分鐘
2832.0s [11月17日（週一） 下午 4:41]   ok  took the Metro to Riverside
2845.1s [11月17日（週一） 下午 5:00]   toast: Riverlight Goods 咖啡 今天沒開門：吧台沒人顧。去僱一位咖啡師（人員分頁），或自己站吧台。
2847.3s [11月17日（週一） 下午 5:02]   ok  entered Riverside Tower
2847.3s [11月17日（週一） 下午 5:02] STEP Chapter 13 — Northridge price and first export
2849.6s [11月17日（週一） 下午 5:06]   use "Use laptop — Company OS"
2850.6s [11月17日（週一） 下午 5:07]   click [Tab_sales] Ecommerce
2851.5s [11月17日（週一） 下午 5:08]   click [SalesPage_overseas] Overseas
2851.8s [11月17日（週一） 下午 5:08]   click [OpenGlobalStore_northridge] Open storefront
2852.6s [11月17日（週一） 下午 5:10]   use "Use laptop — Company OS"
2853.6s [11月17日（週一） 下午 5:11]   click [Tab_operations] Stock and orders
2855.1s [11月17日（週一） 下午 5:13]   click [DeliverTo_riverside_studio] 河濱大樓 7C
2856.4s [11月17日（週一） 下午 5:15]   click [Buy_tradelink_wholesale_water_bottle] 購買 $415.80
2866.8s [11月17日（週一） 下午 7:12]   use "Sleep"
2867.6s [11月17日（週一） 下午 7:12]   click [Sleep] Sleep until 7:00 AM
2875.4s [11月18日（週二） 下午 5:00]   toast: Riverlight Goods 咖啡 今天沒開門：吧台沒人顧。去僱一位咖啡師（人員分頁），或自己站吧台。
2882.7s [11月18日（週二） 下午 7:10]   use "Sleep"
2883.4s [11月18日（週二） 下午 7:10]   click [Sleep] Sleep until 7:00 AM
2891.2s [11月19日（週三） 下午 5:00]   toast: Riverlight Goods 咖啡 今天沒開門：吧台沒人顧。去僱一位咖啡師（人員分頁），或自己站吧台。
2892.2s [11月19日（週三） 下午 7:01]   use "Sleep"
2893.0s [11月19日（週三） 下午 7:01]   click [Sleep] Sleep until 7:00 AM
2898.5s [11月20日（週四） 上午 7:00]   ok  real purchase supplies upcoming export or distributor shipment
2900.3s [11月20日（週四） 上午 7:03]   use "Use laptop — Company OS"
2901.7s [11月20日（週四） 上午 7:04]   click [Tab_sales] Ecommerce
2903.2s [11月20日（週四） 上午 7:07]   click [SalesPage_overseas] Overseas
2904.8s [11月20日（週四） 上午 7:09]   click [SaveGlobalPrice_L3] Save local price
2905.8s [11月20日（週四） 上午 7:10]   ok  selected export listing really has a saved price
2905.9s [11月20日（週四） 上午 7:10]   shot 202_ch13_storefront.png
2910.1s [11月20日（週四） 下午 5:00]   toast: Riverlight Goods 咖啡 今天沒開門：吧台沒人顧。去僱一位咖啡師（人員分頁），或自己站吧台。
2919.6s [11月20日（週四） 下午 7:12]   use "Sleep"
2920.5s [11月20日（週四） 下午 7:12]   click [Sleep] Sleep until 7:00 AM
2931.3s [11月21日（週五） 下午 5:00]   toast: Riverlight Goods 咖啡 今天沒開門：吧台沒人顧。去僱一位咖啡師（人員分頁），或自己站吧台。
2938.9s [11月21日（週五） 下午 7:10]   use "Sleep"
2939.8s [11月21日（週五） 下午 7:10]   click [Sleep] Sleep until 7:00 AM
2949.9s [11月22日（週六） 下午 5:00]   toast: Riverlight Goods 咖啡 今天沒開門：吧台沒人顧。去僱一位咖啡師（人員分頁），或自己站吧台。
2951.0s [11月22日（週六） 下午 7:01]   use "Sleep"
2951.8s [11月22日（週六） 下午 7:01]   click [Sleep] Sleep until 7:00 AM
2960.4s [11月23日（週日） 下午 7:01]   use "Sleep"
2961.2s [11月23日（週日） 下午 7:01]   click [Sleep] Sleep until 7:00 AM
2968.9s [11月24日（週一） 下午 5:00]   toast: Riverlight Goods 咖啡 今天沒開門：吧台沒人顧。去僱一位咖啡師（人員分頁），或自己站吧台。
2969.9s [11月24日（週一） 下午 7:01]   use "Sleep"
2970.7s [11月24日（週一） 下午 7:01]   click [Sleep] Sleep until 7:00 AM
2978.6s [11月25日（週二） 下午 5:00]   toast: Riverlight Goods 咖啡 今天沒開門：吧台沒人顧。去僱一位咖啡師（人員分頁），或自己站吧台。
2979.6s [11月25日（週二） 下午 7:01]   use "Sleep"
2980.4s [11月25日（週二） 下午 7:01]   click [Sleep] Sleep until 7:00 AM
2988.1s [11月26日（週三） 下午 5:00]   toast: Riverlight Goods 咖啡 今天沒開門：吧台沒人顧。去僱一位咖啡師（人員分頁），或自己站吧台。
2989.1s [11月26日（週三） 下午 7:01]   use "Sleep"
2989.9s [11月26日（週三） 下午 7:01]   click [Sleep] Sleep until 7:00 AM
2997.6s [11月27日（週四） 下午 5:00]   toast: Riverlight Goods 咖啡 今天沒開門：吧台沒人顧。去僱一位咖啡師（人員分頁），或自己站吧台。
2998.6s [11月27日（週四） 下午 7:01]   use "Sleep"
2999.4s [11月27日（週四） 下午 7:01]   click [Sleep] Sleep until 7:00 AM
3007.2s [11月28日（週五） 下午 5:00]   toast: Riverlight Goods 咖啡 今天沒開門：吧台沒人顧。去僱一位咖啡師（人員分頁），或自己站吧台。
3008.2s [11月28日（週五） 下午 7:01]   use "Sleep"
3009.0s [11月28日（週五） 下午 7:01]   click [Sleep] Sleep until 7:00 AM
3016.8s [11月29日（週六） 下午 5:00]   toast: Riverlight Goods 咖啡 今天沒開門：吧台沒人顧。去僱一位咖啡師（人員分頁），或自己站吧台。
3024.5s [11月29日（週六） 下午 7:11]   use "Sleep"
3025.3s [11月29日（週六） 下午 7:11]   click [Sleep] Sleep until 7:00 AM
3034.0s [11月30日（週日） 下午 7:01]   use "Sleep"
3034.8s [11月30日（週日） 下午 7:01]   click [Sleep] Sleep until 7:00 AM
3042.8s [12月1日（週一） 下午 5:00]   toast: Riverlight Goods 咖啡 今天沒開門：吧台沒人顧。去僱一位咖啡師（人員分頁），或自己站吧台。
3043.8s [12月1日（週一） 下午 7:01]   use "Sleep"
3044.6s [12月1日（週一） 下午 7:01]   click [Sleep] Sleep until 7:00 AM
3052.5s [12月2日（週二） 下午 5:00]   toast: Riverlight Goods 咖啡 今天沒開門：吧台沒人顧。去僱一位咖啡師（人員分頁），或自己站吧台。
3053.5s [12月2日（週二） 下午 7:00]   shot 203_decision_supplier_price_increase.png
3053.5s [12月2日（週二） 下午 7:00]   decision supplier_price_increase → accept
3053.5s [12月2日（週二） 下午 7:00]   click [Choice_accept] 好。繼續跟你進貨。
3054.9s [12月2日（週二） 下午 7:00]   shot 204_decision_outcome_supplier_price_increase.png
3054.9s [12月2日（週二） 下午 7:00]   click "OK"
3055.6s [12月2日（週二） 下午 7:00]   use "Sleep"
3056.4s [12月2日（週二） 下午 7:00]   click [Sleep] Sleep until 7:00 AM
3064.3s [12月3日（週三） 下午 5:00]   toast: Riverlight Goods 咖啡 今天沒開門：吧台沒人顧。去僱一位咖啡師（人員分頁），或自己站吧台。
3065.3s [12月3日（週三） 下午 7:01]   use "Sleep"
3066.0s [12月3日（週三） 下午 7:01]   click [Sleep] Sleep until 7:00 AM
3074.0s [12月4日（週四） 下午 5:00]   toast: Riverlight Goods 咖啡 今天沒開門：吧台沒人顧。去僱一位咖啡師（人員分頁），或自己站吧台。
3075.0s [12月4日（週四） 下午 7:01]   use "Sleep"
3075.8s [12月4日（週四） 下午 7:01]   click [Sleep] Sleep until 7:00 AM
3083.7s [12月5日（週五） 下午 5:00]   toast: Riverlight Goods 咖啡 今天沒開門：吧台沒人顧。去僱一位咖啡師（人員分頁），或自己站吧台。
3084.8s [12月5日（週五） 下午 7:01]   use "Sleep"
3085.6s [12月5日（週五） 下午 7:01]   click [Sleep] Sleep until 7:00 AM
3093.5s [12月6日（週六） 下午 5:00]   toast: Riverlight Goods 咖啡 今天沒開門：吧台沒人顧。去僱一位咖啡師（人員分頁），或自己站吧台。
3094.6s [12月6日（週六） 下午 7:01]   use "Sleep"
3095.4s [12月6日（週六） 下午 7:01]   click [Sleep] Sleep until 7:00 AM
3097.3s [12月7日（週日） 上午 12:30]   toast: 新評價 #4035：★★★「等了好一陣子才到。」
3100.8s [12月7日（週日） 上午 7:30]   toast: 新評價 #4194：★「壞掉了，賣家不處理。」
3110.9s [12月7日（週日） 下午 7:11]   use "Sleep"
3111.7s [12月7日（週日） 下午 7:11]   click [Sleep] Sleep until 7:00 AM
3113.4s [12月7日（週日） 下午 11:26]   toast: 新評價 #4062：★★★「還行。」
3115.0s [12月8日（週一） 上午 5:28]   toast: 新評價 #4052：★★★「還行。」
3119.3s [12月8日（週一） 下午 3:07]   toast: 新評價 #4058：★★★「品質普通。」
3119.8s [12月8日（週一） 下午 5:00]   toast: Riverlight Goods 咖啡 今天沒開門：吧台沒人顧。去僱一位咖啡師（人員分頁），或自己站吧台。
3120.5s [12月8日（週一） 下午 7:00]   info card: What your overseas order really earned
3120.8s [12月8日（週一） 下午 7:00]   shot 205_info_what_your_overseas_order.png
3120.8s [12月8日（週一） 下午 7:00]   click "Close"
3121.4s [12月8日（週一） 下午 7:02]   use "Sleep"
3122.2s [12月8日（週一） 下午 7:02]   click [Sleep] Sleep until 7:00 AM
3129.5s [12月9日（週二） 上午 7:03]   use "Use laptop — Company OS"
3130.5s [12月9日（週二） 上午 7:04]   click [Tab_finance] Finance
3135.6s [12月9日（週二） 上午 7:12]   shot 206_ch13_real_income.png
3135.6s [12月9日（週二） 上午 7:12]   info card: What your overseas order really earned
3135.7s [12月9日（週二） 上午 7:12]   shot 207_info_what_your_overseas_order.png
3135.7s [12月9日（週二） 上午 7:12]   click "Close"
3136.5s [12月9日（週二） 上午 7:13]   ok  Chapter 13 actual export and conversion complete
3140.5s [12月9日（週二） 上午 7:19] STEP Chapter 14 — Ines in the open Customs House
3140.6s [12月9日（週二） 上午 7:19]   (harness) wait 2 h
3140.6s [12月9日（週二） 上午 7:25]   toast: 新評價 #4079：★★★「等了好一陣子才到。」
3145.5s [12月9日（週二） 上午 9:26]   ok  walked back outside
3164.5s [12月9日（週二） 上午 9:55]   use "捷運——河濱區站"
3165.7s [12月9日（週二） 上午 9:56]   shot 208_metro_harbor.png
3165.7s [12月9日（週二） 上午 9:56]   click [Go_harbor] 港區  ·  8 分鐘
3169.2s [12月9日（週二） 上午 10:06]   ok  took the Metro to Harbor
3179.6s [12月9日（週二） 上午 10:20]   ok  entered Aurelia Customs House
3179.8s [12月9日（週二） 上午 10:20]   use "和 Ines Duarte 說話"
3180.2s [12月9日（週二） 上午 10:21]   shot 209_ch14_ines.png
3182.0s [12月9日（週二） 上午 10:21]   choose "› 我先付關稅，選 DDP。"
3183.9s [12月9日（週二） 上午 10:22]   ok  real Ines dialogue completed
3185.9s [12月9日（週二） 上午 10:25]   ok  walked back outside
3199.9s [12月9日（週二） 上午 10:46]   use "捷運——港區站"
3201.1s [12月9日（週二） 上午 10:48]   shot 210_metro_riverside.png
3201.1s [12月9日（週二） 上午 10:48]   click [Go_riverside] 河濱區  ·  8 分鐘
3202.3s [12月9日（週二） 上午 10:57]   ok  took the Metro to Riverside
3217.5s [12月9日（週二） 上午 11:19]   ok  entered Riverside Tower
3217.5s [12月9日（週二） 上午 11:19] STEP Chapter 14 — DDP declaration and accurate tariff classification
3219.8s [12月9日（週二） 上午 11:23]   use "Use laptop — Company OS"
3220.8s [12月9日（週二） 上午 11:24]   click [Tab_sales] Ecommerce
3221.5s [12月9日（週二） 上午 11:25]   click [SalesPage_overseas] Overseas
3222.7s [12月9日（週二） 上午 11:27]   click [ExportPolicy_ddp_L3] DDP
3224.3s [12月9日（週二） 上午 11:29]   shot 211_ch14_declaration.png
3224.7s [12月9日（週二） 上午 11:29]   ok  real policy and tariff inputs recorded
3224.7s [12月9日（週二） 上午 11:29] STEP Chapter 14 — trial deliveries and return risk
3225.0s [12月9日（週二） 下午 12:28]   toast: 新評價 #4091：★★★「等了好一陣子才到。」
3225.3s [12月9日（週二） 下午 1:59]   toast: 新評價 #4088：★★★「還行。」
3226.3s [12月9日（週二） 下午 5:00]   toast: Riverlight Goods 咖啡 今天沒開門：吧台沒人顧。去僱一位咖啡師（人員分頁），或自己站吧台。
3235.3s [12月9日（週二） 下午 7:13]   use "Sleep"
3236.1s [12月9日（週二） 下午 7:13]   click [Sleep] Sleep until 7:00 AM
3243.2s [12月10日（週三） 下午 1:14]   toast: 新評價 #4103：★★★「還行。」
3244.3s [12月10日（週三） 下午 5:00]   toast: Riverlight Goods 咖啡 今天沒開門：吧台沒人顧。去僱一位咖啡師（人員分頁），或自己站吧台。
3251.9s [12月10日（週三） 下午 7:10]   use "Sleep"
3252.7s [12月10日（週三） 下午 7:11]   click [Sleep] Sleep until 7:00 AM
3255.4s [12月11日（週四） 上午 3:48]   toast: 新評價 #4099：★★★「品質普通。」
3260.9s [12月11日（週四） 下午 5:00]   toast: Riverlight Goods 咖啡 今天沒開門：吧台沒人顧。去僱一位咖啡師（人員分頁），或自己站吧台。
3262.0s [12月11日（週四） 下午 7:01]   use "Sleep"
3262.8s [12月11日（週四） 下午 7:01]   click [Sleep] Sleep until 7:00 AM
3268.5s [12月12日（週五） 上午 8:23]   toast: 新評價 #4114：★★★「等了好一陣子才到。」
3270.9s [12月12日（週五） 下午 5:00]   toast: Riverlight Goods 咖啡 今天沒開門：吧台沒人顧。去僱一位咖啡師（人員分頁），或自己站吧台。
3272.0s [12月12日（週五） 下午 7:01]   use "Sleep"
3272.8s [12月12日（週五） 下午 7:01]   click [Sleep] Sleep until 7:00 AM
3279.2s [12月13日（週六） 上午 10:25]   toast: 新評價 #4164：★★★「品質普通。」
3281.1s [12月13日（週六） 下午 5:00]   toast: Riverlight Goods 咖啡 今天沒開門：吧台沒人顧。去僱一位咖啡師（人員分頁），或自己站吧台。
3282.2s [12月13日（週六） 下午 7:01]   use "Sleep"
3283.0s [12月13日（週六） 下午 7:01]   click [Sleep] Sleep until 7:00 AM
3292.4s [12月14日（週日） 下午 7:01]   use "Sleep"
3293.2s [12月14日（週日） 下午 7:01]   click [Sleep] Sleep until 7:00 AM
3299.6s [12月15日（週一） 上午 10:26]   toast: 新評價 #4345：★★「不太好。感覺很廉價。」
3301.5s [12月15日（週一） 下午 5:00]   toast: Riverlight Goods 咖啡 今天沒開門：吧台沒人顧。去僱一位咖啡師（人員分頁），或自己站吧台。
3302.6s [12月15日（週一） 下午 7:01]   use "Sleep"
3303.4s [12月15日（週一） 下午 7:01]   click [Sleep] Sleep until 7:00 AM
3311.8s [12月16日（週二） 下午 5:00]   toast: Riverlight Goods 咖啡 今天沒開門：吧台沒人顧。去僱一位咖啡師（人員分頁），或自己站吧台。
3312.9s [12月16日（週二） 下午 7:01]   use "Sleep"
3313.7s [12月16日（週二） 下午 7:01]   click [Sleep] Sleep until 7:00 AM
3316.5s [12月17日（週三） 上午 3:19]   toast: 新評價 #4358：★「壞掉了，賣家不處理。」
3319.3s [12月17日（週三） 上午 7:04]   toast: 新評價 #4181：★★★「還行。」
3322.1s [12月17日（週三） 下午 5:00]   toast: Riverlight Goods 咖啡 今天沒開門：吧台沒人顧。去僱一位咖啡師（人員分頁），或自己站吧台。
3323.3s [12月17日（週三） 下午 7:01]   use "Sleep"
3324.1s [12月17日（週三） 下午 7:01]   click [Sleep] Sleep until 7:00 AM
3332.5s [12月18日（週四） 下午 5:00]   toast: Riverlight Goods 咖啡 今天沒開門：吧台沒人顧。去僱一位咖啡師（人員分頁），或自己站吧台。
3340.3s [12月18日（週四） 下午 7:11]   use "Sleep"
3341.1s [12月18日（週四） 下午 7:11]   click [Sleep] Sleep until 7:00 AM
3343.7s [12月19日（週五） 上午 2:25]   toast: 新評價 #4205：★★★「還行。」
3349.5s [12月19日（週五） 下午 5:00]   toast: Riverlight Goods 咖啡 今天沒開門：吧台沒人顧。去僱一位咖啡師（人員分頁），或自己站吧台。
3350.6s [12月19日（週五） 下午 7:01]   use "Sleep"
3351.4s [12月19日（週五） 下午 7:01]   click [Sleep] Sleep until 7:00 AM
3352.1s [12月19日（週五） 下午 7:17]   toast: 新評價 #4230：★★★「還行。」
3360.1s [12月20日（週六） 下午 5:00]   toast: Riverlight Goods 咖啡 今天沒開門：吧台沒人顧。去僱一位咖啡師（人員分頁），或自己站吧台。
3361.1s [12月20日（週六） 下午 7:00]   shot 212_decision_cafe_inspection.png
3361.1s [12月20日（週六） 下午 7:00]   decision cafe_inspection → prepare
3361.1s [12月20日（週六） 下午 7:00]   click [Choice_prepare] 清潔十五分鐘後接受檢查
3362.5s [12月20日（週六） 下午 7:15]   shot 213_decision_outcome_cafe_inspection.png
3362.5s [12月20日（週六） 下午 7:15]   click "OK"
3363.2s [12月20日（週六） 下午 7:15]   use "Sleep"
3364.0s [12月20日（週六） 下午 7:15]   click [Sleep] Sleep until 7:00 AM
3371.6s [12月21日（週日） 下午 1:16]   toast: 新評價 #4256：★★★「品質普通。」
3374.0s [12月21日（週日） 下午 7:01]   use "Sleep"
3374.8s [12月21日（週日） 下午 7:01]   click [Sleep] Sleep until 7:00 AM
3383.4s [12月22日（週一） 下午 5:00]   toast: Riverlight Goods 咖啡 今天沒開門：吧台沒人顧。去僱一位咖啡師（人員分頁），或自己站吧台。
3384.6s [12月22日（週一） 下午 7:01]   use "Sleep"
3385.4s [12月22日（週一） 下午 7:01]   click [Sleep] Sleep until 7:00 AM
3393.0s [12月23日（週二） 上午 7:03]   use "Use laptop — Company OS"
3394.0s [12月23日（週二） 上午 7:04]   click [Tab_sales] Ecommerce
3394.8s [12月23日（週二） 上午 7:06]   click [SalesPage_overseas] Overseas
3395.0s [12月23日（週二） 上午 7:06]   click [PauseGlobalExpansion] Review results and pause expansion
3395.6s [12月23日（週二） 上午 7:06]   shot 214_ch14_trial_results.png
3396.0s [12月23日（週二） 上午 7:07]   shot 215_ch14_trial_observed.png
3396.4s [12月23日（週二） 上午 7:08]   ok  Chapter 14 trial completes
3396.4s [12月23日（週二） 上午 7:08]   ok  chapters 13–14 Ledger balanced
3400.4s [12月23日（週二） 上午 7:14] STEP Chapter 15 — currency briefing and real bank hedge
3404.5s [12月23日（週二） 上午 7:21]   ok  walked back outside
3409.5s [12月23日（週二） 上午 7:28]   ok  entered Bloom Coffee
3412.4s [12月23日（週二） 上午 7:32]   use "Read the news board"
3413.4s [12月23日（週二） 上午 7:37]   shot 216_news_fx_risk.png
3413.4s [12月23日（週二） 上午 7:37]   info card: News board
3413.5s [12月23日（週二） 上午 7:37]   shot 217_info_news_board.png
3413.5s [12月23日（週二） 上午 7:37]   click "Close"
3413.9s [12月23日（週二） 上午 7:37]   ok  read the news (fx_risk)
3418.3s [12月23日（週二） 上午 7:44]   ok  walked back outside
3423.1s [12月23日（週二） 上午 7:51]   ok  entered Riverside Tower
3423.1s [12月23日（週二） 上午 7:51]   (harness) wait 2 h
3424.0s [12月23日（週二） 上午 9:52]   (harness) wait 2 h
3425.0s [12月23日（週二） 上午 11:52]   (harness) wait 2 h
3427.7s [12月23日（週二） 下午 1:56]   ok  walked back outside
3447.1s [12月23日（週二） 下午 2:24]   use "捷運——河濱區站"
3448.4s [12月23日（週二） 下午 2:26]   shot 218_metro_financial.png
3448.4s [12月23日（週二） 下午 2:26]   click [Go_financial] 金融區  ·  10 分鐘
3449.6s [12月23日（週二） 下午 2:38]   ok  took the Metro to Financial District
3461.7s [12月23日（週二） 下午 2:56]   ok  entered Nexus Bank
3464.9s [12月23日（週二） 下午 3:00]   use "和 Marcus Reed 說話"
3468.2s [12月23日（週二） 下午 3:00]   choose "› 讓我看看費用與風險。"
3470.1s [12月23日（週二） 下午 3:01]   click [BankFXRisk] Manage exchange risk
3470.3s [12月23日（週二） 下午 3:01]   shot 219_ch15_forward_quote.png
3470.3s [12月23日（週二） 下午 3:01]   click [ChooseHomeInvoices] Choose home-currency invoices
3470.8s [12月23日（週二） 下午 3:01]   ok  native risk response recorded
3480.5s [12月23日（週二） 下午 3:16]   ok  walked back outside
3490.7s [12月23日（週二） 下午 3:31]   use "捷運——金融區站"
3491.9s [12月23日（週二） 下午 3:33]   shot 220_metro_riverside.png
3491.9s [12月23日（週二） 下午 3:33]   click [Go_riverside] 河濱區  ·  10 分鐘
3493.2s [12月23日（週二） 下午 3:45]   ok  took the Metro to Riverside
3508.3s [12月23日（週二） 下午 4:06]   ok  entered Riverside Tower
3508.7s [12月23日（週二） 下午 5:00]   toast: Riverlight Goods 咖啡 今天沒開門：吧台沒人顧。去僱一位咖啡師（人員分頁），或自己站吧台。
3512.6s [12月23日（週二） 下午 7:05]   use "Sleep"
3513.4s [12月23日（週二） 下午 7:05]   click [Sleep] Sleep until 7:00 AM
3522.2s [12月24日（週三） 下午 5:00]   toast: Riverlight Goods 咖啡 今天沒開門：吧台沒人顧。去僱一位咖啡師（人員分頁），或自己站吧台。
3523.4s [12月24日（週三） 下午 7:01]   use "Sleep"
3524.2s [12月24日（週三） 下午 7:01]   click [Sleep] Sleep until 7:00 AM
3526.6s [12月25日（週四） 上午 1:58]   toast: 新評價 #4313：★★★「等了好一陣子才到。」
3530.6s [12月25日（週四） 上午 9:09]   toast: 新評價 #4344：★★★「還行。」
3532.9s [12月25日（週四） 下午 5:00]   toast: Riverlight Goods 咖啡 今天沒開門：吧台沒人顧。去僱一位咖啡師（人員分頁），或自己站吧台。
3534.0s [12月25日（週四） 下午 7:01]   use "Sleep"
3534.9s [12月25日（週四） 下午 7:01]   click [Sleep] Sleep until 7:00 AM
3543.6s [12月26日（週五） 下午 5:00]   toast: Riverlight Goods 咖啡 今天沒開門：吧台沒人顧。去僱一位咖啡師（人員分頁），或自己站吧台。
3544.7s [12月26日（週五） 下午 7:01]   use "Sleep"
3545.5s [12月26日（週五） 下午 7:01]   click [Sleep] Sleep until 7:00 AM
3554.2s [12月27日（週六） 下午 5:00]   toast: Riverlight Goods 咖啡 今天沒開門：吧台沒人顧。去僱一位咖啡師（人員分頁），或自己站吧台。
3555.4s [12月27日（週六） 下午 7:01]   use "Sleep"
3556.2s [12月27日（週六） 下午 7:01]   click [Sleep] Sleep until 7:00 AM
3557.1s [12月27日（週六） 下午 8:25]   toast: 新評價 #4347：★★★「等了好一陣子才到。」
3566.3s [12月28日（週日） 下午 7:01]   use "Sleep"
3567.1s [12月28日（週日） 下午 7:01]   click [Sleep] Sleep until 7:00 AM
3575.9s [12月29日（週一） 下午 5:00]   toast: Riverlight Goods 咖啡 今天沒開門：吧台沒人顧。去僱一位咖啡師（人員分頁），或自己站吧台。
3577.1s [12月29日（週一） 下午 7:01]   use "Sleep"
3577.9s [12月29日（週一） 下午 7:01]   click [Sleep] Sleep until 7:00 AM
3586.7s [12月30日（週二） 下午 5:00]   toast: Riverlight Goods 咖啡 今天沒開門：吧台沒人顧。去僱一位咖啡師（人員分頁），或自己站吧台。
3587.8s [12月30日（週二） 下午 7:00]   shot 221_decision_supplier_price_increase.png
3587.8s [12月30日（週二） 下午 7:00]   decision supplier_price_increase → accept
3587.8s [12月30日（週二） 下午 7:00]   click [Choice_accept] 好。繼續跟你進貨。
3589.2s [12月30日（週二） 下午 7:00]   shot 222_decision_outcome_supplier_price_increase.png
3589.2s [12月30日（週二） 下午 7:00]   click "OK"
3590.0s [12月30日（週二） 下午 7:00]   use "Sleep"
3590.8s [12月30日（週二） 下午 7:00]   click [Sleep] Sleep until 7:00 AM
3599.8s [12月31日（週三） 下午 5:00]   toast: Riverlight Goods 咖啡 今天沒開門：吧台沒人顧。去僱一位咖啡師（人員分頁），或自己站吧台。
3601.0s [12月31日（週三） 下午 7:01]   use "Sleep"
3601.8s [12月31日（週三） 下午 7:01]   click [Sleep] Sleep until 7:00 AM
3607.0s [1月1日（週四） 上午 7:00]   info card: Exchange response — compare the assumptions
3607.1s [1月1日（週四） 上午 7:00]   shot 223_info_exchange_response_—_comp.png
3607.1s [1月1日（週四） 上午 7:00]   click "Close"
3608.2s [1月1日（週四） 上午 7:00]   shot 224_ch15_comparison.png
3608.2s [1月1日（週四） 上午 7:01]   ok  chapter15 completes from actual response and viewed month close
3608.2s [1月1日（週四） 上午 7:01] STEP Chapter 16 — Omar video, flight and distributor contract
3610.2s [1月1日（週四） 上午 7:04]   use "Use laptop — Company OS"
3611.2s [1月1日（週四） 上午 7:05]   click [Tab_sales] Ecommerce
3612.0s [1月1日（週四） 上午 7:06]   click [SalesPage_overseas] Overseas
3612.2s [1月1日（週四） 上午 7:06]   click [CompareLuminaPartners] Compare Lumina partners
3612.4s [1月1日（週四） 上午 7:07]   click [CallOmar] Video call Omar
3615.6s [1月1日（週四） 上午 7:07]   choose "› 讓我看看費用與風險。"
3617.5s [1月1日（週四） 上午 7:08]   shot 225_ch16_channel_choices.png
3617.5s [1月1日（週四） 上午 7:08]   click [LuminaFlight_co_riverlight_goods] 前往 Lumina — 公司帳戶
3620.6s [1月1日（週四） 下午 5:00]   toast: Riverlight Goods 咖啡 今天沒開門：吧台沒人顧。去僱一位咖啡師（人員分頁），或自己站吧台。
3625.8s [1月2日（週五） 上午 7:08]   info card: Lumina journey
3625.8s [1月2日（週五） 上午 7:08]   shot 226_info_lumina_journey.png
3625.8s [1月2日（週五） 上午 7:08]   click "Close"
3626.3s [1月2日（週五） 上午 7:08]   shot 227_ch16_trip_return.png
3626.3s [1月2日（週五） 上午 7:08]   click [LuminaFlight_player] 回程 — 個人帳戶
3629.4s [1月2日（週五） 下午 5:00]   toast: Riverlight Goods 咖啡 今天沒開門：吧台沒人顧。去僱一位咖啡師（人員分頁），或自己站吧台。
3634.6s [1月3日（週六） 上午 7:08]   info card: Lumina journey
3634.7s [1月3日（週六） 上午 7:08]   shot 228_info_lumina_journey.png
3634.7s [1月3日（週六） 上午 7:08]   click "Close"
3635.3s [1月3日（週六） 上午 7:08]   use "Use laptop — Company OS"
3636.3s [1月3日（週六） 上午 7:10]   click [Tab_operations] Stock and orders
3637.8s [1月3日（週六） 上午 7:12]   click [DeliverTo_riverside_studio] 河濱大樓 7C
3639.1s [1月3日（週六） 上午 7:14]   click [Buy_tradelink_wholesale_wireless_earbuds] 購買 $915.00
3643.5s [1月3日（週六） 下午 5:00]   toast: Riverlight Goods 咖啡 今天沒開門：吧台沒人顧。去僱一位咖啡師（人員分頁），或自己站吧台。
3652.5s [1月3日（週六） 下午 7:12]   use "Sleep"
3653.3s [1月3日（週六） 下午 7:12]   click [Sleep] Sleep until 7:00 AM
3669.7s [1月4日（週日） 下午 7:10]   use "Sleep"
3670.6s [1月4日（週日） 下午 7:10]   click [Sleep] Sleep until 7:00 AM
3677.8s [1月5日（週一） 上午 11:00]   toast: 新評價 #4489：★★★「還行。」
3679.6s [1月5日（週一） 下午 5:00]   toast: Riverlight Goods 咖啡 今天沒開門：吧台沒人顧。去僱一位咖啡師（人員分頁），或自己站吧台。
3680.8s [1月5日（週一） 下午 7:01]   use "Sleep"
3681.7s [1月5日（週一） 下午 7:01]   click [Sleep] Sleep until 7:00 AM
3687.7s [1月6日（週二） 上午 7:00]   ok  real purchase supplies upcoming export or distributor shipment
3689.6s [1月6日（週二） 上午 7:03]   use "Use laptop — Company OS"
3690.6s [1月6日（週二） 上午 7:04]   click [Tab_sales] Ecommerce
3692.3s [1月6日（週二） 上午 7:07]   click [SalesPage_overseas] Overseas
3693.6s [1月6日（週二） 上午 7:09]   click [CompareLuminaPartners] Compare Lumina partners
3694.1s [1月6日（週二） 上午 7:09]   click [RequestOmarContract] Request distributor contract
3695.4s [1月6日（週二） 上午 7:11]   ok  a fresh distributor quote is accepted before contract controls
3695.5s [1月6日（週二） 上午 7:11]   shot 229_ch16_distributor_offer.png
3695.7s [1月6日（週二） 上午 7:11]   click [AcceptContract] Accept
3700.8s [1月6日（週二） 下午 5:00]   toast: Riverlight Goods 咖啡 今天沒開門：吧台沒人顧。去僱一位咖啡師（人員分頁），或自己站吧台。
3709.6s [1月6日（週二） 下午 7:12]   use "Sleep"
3710.5s [1月6日（週二） 下午 7:12]   click [Sleep] Sleep until 7:00 AM
3716.6s [1月7日（週三） 上午 7:00]   ok  native signing and dispatch put goods in transit
3716.7s [1月7日（週三） 上午 7:00]   shot 230_ch16_goods_in_transit.png
3719.9s [1月7日（週三） 下午 5:00]   toast: Riverlight Goods 咖啡 今天沒開門：吧台沒人顧。去僱一位咖啡師（人員分頁），或自己站吧台。
3727.3s [1月7日（週三） 下午 7:10]   use "Sleep"
3728.1s [1月7日（週三） 下午 7:10]   click [Sleep] Sleep until 7:00 AM
3730.6s [1月8日（週四） 上午 1:18]   toast: 新評價 #4535：★★★「還行。」
3737.3s [1月8日（週四） 下午 5:00]   toast: Riverlight Goods 咖啡 今天沒開門：吧台沒人顧。去僱一位咖啡師（人員分頁），或自己站吧台。
3738.5s [1月8日（週四） 下午 7:01]   use "Sleep"
3739.3s [1月8日（週四） 下午 7:01]   click [Sleep] Sleep until 7:00 AM
3748.5s [1月9日（週五） 下午 5:00]   toast: Riverlight Goods 咖啡 今天沒開門：吧台沒人顧。去僱一位咖啡師（人員分頁），或自己站吧台。
3749.7s [1月9日（週五） 下午 7:01]   use "Sleep"
3750.5s [1月9日（週五） 下午 7:01]   click [Sleep] Sleep until 7:00 AM
3759.7s [1月10日（週六） 下午 5:00]   toast: Riverlight Goods 咖啡 今天沒開門：吧台沒人顧。去僱一位咖啡師（人員分頁），或自己站吧台。
3760.9s [1月10日（週六） 下午 7:01]   use "Sleep"
3761.8s [1月10日（週六） 下午 7:01]   click [Sleep] Sleep until 7:00 AM
3772.4s [1月11日（週日） 下午 7:01]   use "Sleep"
3773.3s [1月11日（週日） 下午 7:01]   click [Sleep] Sleep until 7:00 AM
3782.6s [1月12日（週一） 下午 5:00]   toast: Riverlight Goods 咖啡 今天沒開門：吧台沒人顧。去僱一位咖啡師（人員分頁），或自己站吧台。
3783.9s [1月12日（週一） 下午 7:01]   use "Sleep"
3784.7s [1月12日（週一） 下午 7:01]   click [Sleep] Sleep until 7:00 AM
3794.0s [1月13日（週二） 下午 5:00]   toast: Riverlight Goods 咖啡 今天沒開門：吧台沒人顧。去僱一位咖啡師（人員分頁），或自己站吧台。
3795.2s [1月13日（週二） 下午 7:01]   use "Sleep"
3796.0s [1月13日（週二） 下午 7:01]   click [Sleep] Sleep until 7:00 AM
3805.4s [1月14日（週三） 下午 5:00]   toast: Riverlight Goods 咖啡 今天沒開門：吧台沒人顧。去僱一位咖啡師（人員分頁），或自己站吧台。
3806.6s [1月14日（週三） 下午 7:01]   use "Sleep"
3807.4s [1月14日（週三） 下午 7:01]   click [Sleep] Sleep until 7:00 AM
3816.9s [1月15日（週四） 下午 5:00]   toast: Riverlight Goods 咖啡 今天沒開門：吧台沒人顧。去僱一位咖啡師（人員分頁），或自己站吧台。
3824.7s [1月15日（週四） 下午 7:11]   use "Sleep"
3825.5s [1月15日（週四） 下午 7:11]   click [Sleep] Sleep until 7:00 AM
3834.9s [1月16日（週五） 下午 5:00]   toast: Riverlight Goods 咖啡 今天沒開門：吧台沒人顧。去僱一位咖啡師（人員分頁），或自己站吧台。
3836.2s [1月16日（週五） 下午 7:01]   use "Sleep"
3837.0s [1月16日（週五） 下午 7:01]   click [Sleep] Sleep until 7:00 AM
3846.5s [1月17日（週六） 下午 5:00]   toast: Riverlight Goods 咖啡 今天沒開門：吧台沒人顧。去僱一位咖啡師（人員分頁），或自己站吧台。
3847.7s [1月17日（週六） 下午 7:01]   use "Sleep"
3848.6s [1月17日（週六） 下午 7:01]   click [Sleep] Sleep until 7:00 AM
3859.1s [1月18日（週日） 下午 7:01]   use "Sleep"
3859.9s [1月18日（週日） 下午 7:01]   click [Sleep] Sleep until 7:00 AM
3869.4s [1月19日（週一） 下午 5:00]   toast: Riverlight Goods 咖啡 今天沒開門：吧台沒人顧。去僱一位咖啡師（人員分頁），或自己站吧台。
3870.6s [1月19日（週一） 下午 7:01]   use "Sleep"
3871.5s [1月19日（週一） 下午 7:01]   click [Sleep] Sleep until 7:00 AM
3881.0s [1月20日（週二） 下午 5:00]   toast: Riverlight Goods 咖啡 今天沒開門：吧台沒人顧。去僱一位咖啡師（人員分頁），或自己站吧台。
3882.3s [1月20日（週二） 下午 7:01]   use "Sleep"
3883.1s [1月20日（週二） 下午 7:01]   click [Sleep] Sleep until 7:00 AM
3892.8s [1月21日（週三） 下午 5:00]   toast: Riverlight Goods 咖啡 今天沒開門：吧台沒人顧。去僱一位咖啡師（人員分頁），或自己站吧台。
3894.1s [1月21日（週三） 下午 7:01]   use "Sleep"
3895.0s [1月21日（週三） 下午 7:01]   click [Sleep] Sleep until 7:00 AM
3904.5s [1月22日（週四） 下午 5:00]   toast: Riverlight Goods 咖啡 今天沒開門：吧台沒人顧。去僱一位咖啡師（人員分頁），或自己站吧台。
3905.8s [1月22日（週四） 下午 7:01]   use "Sleep"
3906.7s [1月22日（週四） 下午 7:01]   click [Sleep] Sleep until 7:00 AM
3916.3s [1月23日（週五） 下午 5:00]   toast: Riverlight Goods 咖啡 今天沒開門：吧台沒人顧。去僱一位咖啡師（人員分頁），或自己站吧台。
3924.3s [1月23日（週五） 下午 7:11]   use "Sleep"
3925.2s [1月23日（週五） 下午 7:11]   click [Sleep] Sleep until 7:00 AM
3934.8s [1月24日（週六） 下午 5:00]   toast: Riverlight Goods 咖啡 今天沒開門：吧台沒人顧。去僱一位咖啡師（人員分頁），或自己站吧台。
3936.1s [1月24日（週六） 下午 7:01]   use "Sleep"
3937.0s [1月24日（週六） 下午 7:01]   click [Sleep] Sleep until 7:00 AM
3947.8s [1月25日（週日） 下午 7:01]   use "Sleep"
3948.6s [1月25日（週日） 下午 7:01]   click [Sleep] Sleep until 7:00 AM
3958.4s [1月26日（週一） 下午 5:00]   toast: Riverlight Goods 咖啡 今天沒開門：吧台沒人顧。去僱一位咖啡師（人員分頁），或自己站吧台。
3959.6s [1月26日（週一） 下午 7:01]   use "Sleep"
3960.5s [1月26日（週一） 下午 7:01]   click [Sleep] Sleep until 7:00 AM
3970.1s [1月27日（週二） 下午 5:00]   toast: Riverlight Goods 咖啡 今天沒開門：吧台沒人顧。去僱一位咖啡師（人員分頁），或自己站吧台。
3971.6s [1月27日（週二） 下午 7:00]   info card: Customer ownership — 90-day estimate
3971.6s [1月27日（週二） 下午 7:00]   shot 231_info_customer_ownership_—_90-.png
3971.6s [1月27日（週二） 下午 7:00]   click "Close"
3972.3s [1月27日（週二） 下午 7:00]   use "Sleep"
3973.1s [1月27日（週二） 下午 7:00]   click [Sleep] Sleep until 7:00 AM
3979.4s [1月28日（週三） 上午 7:00]   shot 232_decision_rival_undercut.png
3979.4s [1月28日（週三） 上午 7:00]   decision rival_undercut → niche
3979.4s [1月28日（週三） 上午 7:00]   click [Choice_niche] 選擇利基市場
3980.8s [1月28日（週三） 上午 7:00]   shot 233_decision_outcome_rival_undercut.png
3980.8s [1月28日（週三） 上午 7:00]   click "OK"
3982.1s [1月28日（週三） 上午 7:01]   shot 234_ch16_90_day_comparison.png
3982.1s [1月28日（週三） 上午 7:01]   ok  chapter16 recognizes collected partner income
3982.1s [1月28日（週三） 上午 7:01] STEP Overseas warehouse — real lease and sea batch input
3983.9s [1月28日（週三） 上午 7:04]   use "Use laptop — Company OS"
3985.0s [1月28日（週三） 上午 7:05]   click [Tab_operations] Stock and orders
3986.5s [1月28日（週三） 上午 7:08]   click [DeliverTo_riverside_studio] 河濱大樓 7C
3987.9s [1月28日（週三） 上午 7:10]   click [Buy_tradelink_wholesale_wireless_earbuds] 購買 $920.50
3992.6s [1月28日（週三） 下午 5:00]   toast: Riverlight Goods 咖啡 今天沒開門：吧台沒人顧。去僱一位咖啡師（人員分頁），或自己站吧台。
4001.5s [1月28日（週三） 下午 7:12]   use "Sleep"
4002.4s [1月28日（週三） 下午 7:12]   click [Sleep] Sleep until 7:00 AM
4012.0s [1月29日（週四） 下午 5:00]   toast: Riverlight Goods 咖啡 今天沒開門：吧台沒人顧。去僱一位咖啡師（人員分頁），或自己站吧台。
4019.5s [1月29日（週四） 下午 7:10]   use "Sleep"
4020.4s [1月29日（週四） 下午 7:10]   click [Sleep] Sleep until 7:00 AM
4030.0s [1月30日（週五） 下午 5:00]   toast: Riverlight Goods 咖啡 今天沒開門：吧台沒人顧。去僱一位咖啡師（人員分頁），或自己站吧台。
4031.3s [1月30日（週五） 下午 7:01]   use "Sleep"
4032.2s [1月30日（週五） 下午 7:01]   click [Sleep] Sleep until 7:00 AM
4038.5s [1月31日（週六） 上午 7:00]   ok  real purchase supplies upcoming export or distributor shipment
4046.5s [1月31日（週六） 上午 7:12]   use "Use laptop — Company OS"
4047.6s [1月31日（週六） 上午 7:14]   click [Tab_sales] Ecommerce
4048.4s [1月31日（週六） 上午 7:15]   click [SalesPage_overseas] Overseas
4048.6s [1月31日（週六） 上午 7:15]   click [CompareLuminaPartners] Compare Lumina partners
4048.8s [1月31日（週六） 上午 7:15]   click [PartnerChannel_warehouse] Overseas warehouse
4049.0s [1月31日（週六） 上午 7:16]   click [OpenLuminaWarehouse] 開設 Lumina 海外倉（$100.00）
4049.2s [1月31日（週六） 上午 7:16]   click [SendLuminaStock] Send stock by sea
4049.8s [1月31日（週六） 上午 7:17]   shot 235_ch16_warehouse_batch.png
4050.6s [1月31日（週六） 上午 7:18]   ok  warehouse batch really dispatched
4050.6s [1月31日（週六） 上午 7:18]   ok  chapters15–16 books balanced
4050.6s [1月31日（週六） 上午 7:18] STEP Chapter17 — native market news and real niche response
4050.8s [1月31日（週六） 上午 7:18]   use "Use laptop — Company OS"
4051.9s [1月31日（週六） 上午 7:19]   click [Tab_overview] Overview
4052.8s [1月31日（週六） 上午 7:21]   click [OpenLegacyStory] Consolidation and legacy
4053.0s [1月31日（週六） 上午 7:21]   click [read_consolidation_news] Read the consolidation news
4053.6s [1月31日（週六） 上午 7:26]   shot 236_ch17_news.png
4053.6s [1月31日（週六） 上午 7:26]   click [CloseInfo] Close
4054.2s [1月31日（週六） 上午 7:26]   shot 237_ch17_market_choice.png
4055.1s [1月31日（週六） 上午 7:26]   click [Strategy_niche] 利基 ✓
4056.9s [1月31日（週六） 上午 7:26]   click [apply_market_response] Apply price and operating response
4057.9s [1月31日（週六） 上午 7:26]   shot 238_ch17_price_and_campaign.png
4057.9s [1月31日（週六） 上午 7:26]   ok  real price and operating action recorded
4062.1s [1月31日（週六） 下午 5:00]   toast: Riverlight Goods 咖啡 今天沒開門：吧台沒人顧。去僱一位咖啡師（人員分頁），或自己站吧台。
4071.3s [1月31日（週六） 下午 7:12]   use "Sleep"
4072.1s [1月31日（週六） 下午 7:12]   click [Sleep] Sleep until 7:00 AM
4089.8s [2月1日（週日） 下午 7:10]   use "Sleep"
4090.7s [2月1日（週日） 下午 7:10]   click [Sleep] Sleep until 7:00 AM
4100.4s [2月2日（週一） 下午 5:00]   toast: Riverlight Goods 咖啡 今天沒開門：吧台沒人顧。去僱一位咖啡師（人員分頁），或自己站吧台。
4101.7s [2月2日（週一） 下午 7:01]   use "Sleep"
4102.6s [2月2日（週一） 下午 7:01]   click [Sleep] Sleep until 7:00 AM
4112.2s [2月3日（週二） 下午 5:00]   toast: Riverlight Goods 咖啡 今天沒開門：吧台沒人顧。去僱一位咖啡師（人員分頁），或自己站吧台。
4113.5s [2月3日（週二） 下午 7:01]   use "Sleep"
4114.4s [2月3日（週二） 下午 7:01]   click [Sleep] Sleep until 7:00 AM
4124.3s [2月4日（週三） 下午 5:00]   toast: Riverlight Goods 咖啡 今天沒開門：吧台沒人顧。去僱一位咖啡師（人員分頁），或自己站吧台。
4125.6s [2月4日（週三） 下午 7:01]   use "Sleep"
4126.5s [2月4日（週三） 下午 7:01]   click [Sleep] Sleep until 7:00 AM
4136.3s [2月5日（週四） 下午 5:00]   toast: Riverlight Goods 咖啡 今天沒開門：吧台沒人顧。去僱一位咖啡師（人員分頁），或自己站吧台。
4137.6s [2月5日（週四） 下午 7:01]   use "Sleep"
4138.5s [2月5日（週四） 下午 7:01]   click [Sleep] Sleep until 7:00 AM
4148.4s [2月6日（週五） 下午 5:00]   toast: Riverlight Goods 咖啡 今天沒開門：吧台沒人顧。去僱一位咖啡師（人員分頁），或自己站吧台。
4150.0s [2月6日（週五） 下午 7:01]   use "Sleep"
4150.9s [2月6日（週五） 下午 7:01]   click [Sleep] Sleep until 7:00 AM
4160.7s [2月7日（週六） 下午 5:00]   toast: Riverlight Goods 咖啡 今天沒開門：吧台沒人顧。去僱一位咖啡師（人員分頁），或自己站吧台。
4162.0s [2月7日（週六） 下午 7:01]   use "Sleep"
4162.9s [2月7日（週六） 下午 7:01]   click [Sleep] Sleep until 7:00 AM
4173.9s [2月8日（週日） 下午 7:01]   use "Sleep"
4174.8s [2月8日（週日） 下午 7:01]   click [Sleep] Sleep until 7:00 AM
4184.7s [2月9日（週一） 下午 5:00]   toast: Riverlight Goods 咖啡 今天沒開門：吧台沒人顧。去僱一位咖啡師（人員分頁），或自己站吧台。
4192.7s [2月9日（週一） 下午 7:11]   use "Sleep"
4193.5s [2月9日（週一） 下午 7:11]   click [Sleep] Sleep until 7:00 AM
4203.5s [2月10日（週二） 下午 5:00]   toast: Riverlight Goods 咖啡 今天沒開門：吧台沒人顧。去僱一位咖啡師（人員分頁），或自己站吧台。
4204.9s [2月10日（週二） 下午 7:01]   use "Sleep"
4205.7s [2月10日（週二） 下午 7:01]   click [Sleep] Sleep until 7:00 AM
4215.6s [2月11日（週三） 下午 5:00]   toast: Riverlight Goods 咖啡 今天沒開門：吧台沒人顧。去僱一位咖啡師（人員分頁），或自己站吧台。
4217.0s [2月11日（週三） 下午 7:01]   use "Sleep"
4217.9s [2月11日（週三） 下午 7:01]   click [Sleep] Sleep until 7:00 AM
4221.3s [2月12日（週四） 上午 3:56]   toast: 新評價 #5107：★「浪費錢。」
4227.8s [2月12日（週四） 下午 5:00]   toast: Riverlight Goods 咖啡 今天沒開門：吧台沒人顧。去僱一位咖啡師（人員分頁），或自己站吧台。
4229.2s [2月12日（週四） 下午 7:01]   use "Sleep"
4230.1s [2月12日（週四） 下午 7:01]   click [Sleep] Sleep until 7:00 AM
4240.1s [2月13日（週五） 下午 5:00]   toast: Riverlight Goods 咖啡 今天沒開門：吧台沒人顧。去僱一位咖啡師（人員分頁），或自己站吧台。
4241.4s [2月13日（週五） 下午 7:01]   use "Sleep"
4242.3s [2月13日（週五） 下午 7:01]   click [Sleep] Sleep until 7:00 AM
4252.2s [2月14日（週六） 下午 5:00]   toast: Riverlight Goods 咖啡 今天沒開門：吧台沒人顧。去僱一位咖啡師（人員分頁），或自己站吧台。
4253.5s [2月14日（週六） 下午 7:00]   shot 239_decision_supplier_price_increase.png
4253.5s [2月14日（週六） 下午 7:00]   decision supplier_price_increase → accept
4253.5s [2月14日（週六） 下午 7:00]   click [Choice_accept] 好。繼續跟你進貨。
4254.9s [2月14日（週六） 下午 7:00]   shot 240_decision_outcome_supplier_price_increase.png
4254.9s [2月14日（週六） 下午 7:00]   click "OK"
4255.7s [2月14日（週六） 下午 7:00]   use "Sleep"
4256.5s [2月14日（週六） 下午 7:00]   click [Sleep] Sleep until 7:00 AM
4267.8s [2月15日（週日） 下午 7:01]   use "Sleep"
4268.7s [2月15日（週日） 下午 7:01]   click [Sleep] Sleep until 7:00 AM
4278.8s [2月16日（週一） 下午 5:00]   toast: Riverlight Goods 咖啡 今天沒開門：吧台沒人顧。去僱一位咖啡師（人員分頁），或自己站吧台。
4280.1s [2月16日（週一） 下午 7:01]   use "Sleep"
4281.0s [2月16日（週一） 下午 7:01]   click [Sleep] Sleep until 7:00 AM
4291.1s [2月17日（週二） 下午 5:00]   toast: Riverlight Goods 咖啡 今天沒開門：吧台沒人顧。去僱一位咖啡師（人員分頁），或自己站吧台。
4299.1s [2月17日（週二） 下午 7:11]   use "Sleep"
4300.0s [2月17日（週二） 下午 7:11]   click [Sleep] Sleep until 7:00 AM
4310.1s [2月18日（週三） 下午 5:00]   toast: Riverlight Goods 咖啡 今天沒開門：吧台沒人顧。去僱一位咖啡師（人員分頁），或自己站吧台。
4311.4s [2月18日（週三） 下午 7:01]   use "Sleep"
4312.3s [2月18日（週三） 下午 7:01]   click [Sleep] Sleep until 7:00 AM
4322.6s [2月19日（週四） 下午 5:00]   toast: Riverlight Goods 咖啡 今天沒開門：吧台沒人顧。去僱一位咖啡師（人員分頁），或自己站吧台。
4323.9s [2月19日（週四） 下午 7:01]   use "Sleep"
4324.8s [2月19日（週四） 下午 7:01]   click [Sleep] Sleep until 7:00 AM
4326.2s [2月19日（週四） 下午 9:15]   toast: 新評價 #5195：★「浪費錢。」
4335.0s [2月20日（週五） 下午 5:00]   toast: Riverlight Goods 咖啡 今天沒開門：吧台沒人顧。去僱一位咖啡師（人員分頁），或自己站吧台。
4336.4s [2月20日（週五） 下午 7:01]   use "Sleep"
4337.3s [2月20日（週五） 下午 7:01]   click [Sleep] Sleep until 7:00 AM
4347.5s [2月21日（週六） 下午 5:00]   toast: Riverlight Goods 咖啡 今天沒開門：吧台沒人顧。去僱一位咖啡師（人員分頁），或自己站吧台。
4348.9s [2月21日（週六） 下午 7:01]   use "Sleep"
4349.8s [2月21日（週六） 下午 7:01]   click [Sleep] Sleep until 7:00 AM
4361.3s [2月22日（週日） 下午 7:01]   use "Sleep"
4362.2s [2月22日（週日） 下午 7:01]   click [Sleep] Sleep until 7:00 AM
4372.5s [2月23日（週一） 下午 5:00]   toast: Riverlight Goods 咖啡 今天沒開門：吧台沒人顧。去僱一位咖啡師（人員分頁），或自己站吧台。
4373.9s [2月23日（週一） 下午 7:01]   use "Sleep"
4374.8s [2月23日（週一） 下午 7:01]   click [Sleep] Sleep until 7:00 AM
4385.1s [2月24日（週二） 下午 5:00]   toast: Riverlight Goods 咖啡 今天沒開門：吧台沒人顧。去僱一位咖啡師（人員分頁），或自己站吧台。
4386.5s [2月24日（週二） 下午 7:01]   use "Sleep"
4387.4s [2月24日（週二） 下午 7:01]   click [Sleep] Sleep until 7:00 AM
4397.8s [2月25日（週三） 下午 5:00]   toast: Riverlight Goods 咖啡 今天沒開門：吧台沒人顧。去僱一位咖啡師（人員分頁），或自己站吧台。
4405.8s [2月25日（週三） 下午 7:11]   use "Sleep"
4406.7s [2月25日（週三） 下午 7:11]   click [Sleep] Sleep until 7:00 AM
4417.0s [2月26日（週四） 下午 5:00]   toast: Riverlight Goods 咖啡 今天沒開門：吧台沒人顧。去僱一位咖啡師（人員分頁），或自己站吧台。
4418.4s [2月26日（週四） 下午 7:01]   use "Sleep"
4419.3s [2月26日（週四） 下午 7:01]   click [Sleep] Sleep until 7:00 AM
4423.6s [2月27日（週五） 上午 5:05]   toast: 新評價 #5272：★「壞掉了，賣家不處理。」
4429.8s [2月27日（週五） 下午 5:00]   toast: Riverlight Goods 咖啡 今天沒開門：吧台沒人顧。去僱一位咖啡師（人員分頁），或自己站吧台。
4431.2s [2月27日（週五） 下午 7:01]   use "Sleep"
4432.1s [2月27日（週五） 下午 7:01]   click [Sleep] Sleep until 7:00 AM
4442.5s [2月28日（週六） 下午 5:00]   toast: Riverlight Goods 咖啡 今天沒開門：吧台沒人顧。去僱一位咖啡師（人員分頁），或自己站吧台。
4443.9s [2月28日（週六） 下午 7:01]   use "Sleep"
4444.8s [2月28日（週六） 下午 7:01]   click [Sleep] Sleep until 7:00 AM
4456.6s [2月29日（週日） 下午 7:01]   use "Sleep"
4457.5s [2月29日（週日） 下午 7:01]   click [Sleep] Sleep until 7:00 AM
4468.2s [3月1日（週一） 下午 5:00]   toast: Riverlight Goods 咖啡 今天沒開門：吧台沒人顧。去僱一位咖啡師（人員分頁），或自己站吧台。
4469.9s [3月1日（週一） 下午 7:01]   use "Sleep"
4470.8s [3月1日（週一） 下午 7:01]   click [Sleep] Sleep until 7:00 AM
4481.3s [3月2日（週二） 下午 5:00]   toast: Riverlight Goods 咖啡 今天沒開門：吧台沒人顧。去僱一位咖啡師（人員分頁），或自己站吧台。
4482.8s [3月2日（週二） 下午 7:01]   use "Sleep"
4483.7s [3月2日（週二） 下午 7:01]   click [Sleep] Sleep until 7:00 AM
4494.2s [3月3日（週三） 下午 5:00]   toast: Riverlight Goods 咖啡 今天沒開門：吧台沒人顧。去僱一位咖啡師（人員分頁），或自己站吧台。
4495.6s [3月3日（週三） 下午 7:00]   shot 241_decision_supplier_price_increase.png
4495.6s [3月3日（週三） 下午 7:00]   decision supplier_price_increase → accept
4495.6s [3月3日（週三） 下午 7:00]   click [Choice_accept] 好。繼續跟你進貨。
4497.0s [3月3日（週三） 下午 7:00]   shot 242_decision_outcome_supplier_price_increase.png
4497.0s [3月3日（週三） 下午 7:00]   click "OK"
4497.8s [3月3日（週三） 下午 7:00]   use "Sleep"
4498.7s [3月3日（週三） 下午 7:00]   click [Sleep] Sleep until 7:00 AM
4509.2s [3月4日（週四） 下午 5:00]   toast: Riverlight Goods 咖啡 今天沒開門：吧台沒人顧。去僱一位咖啡師（人員分頁），或自己站吧台。
4517.4s [3月4日（週四） 下午 7:11]   use "Sleep"
4518.3s [3月4日（週四） 下午 7:11]   click [Sleep] Sleep until 7:00 AM
4528.9s [3月5日（週五） 下午 5:00]   toast: Riverlight Goods 咖啡 今天沒開門：吧台沒人顧。去僱一位咖啡師（人員分頁），或自己站吧台。
4530.4s [3月5日（週五） 下午 7:01]   use "Sleep"
4531.3s [3月5日（週五） 下午 7:01]   click [Sleep] Sleep until 7:00 AM
4538.1s [3月6日（週六） 上午 7:00]   shot 243_decision_cafe_inspection.png
4538.1s [3月6日（週六） 上午 7:00]   decision cafe_inspection → prepare
4538.1s [3月6日（週六） 上午 7:00]   click [Choice_prepare] 清潔十五分鐘後接受檢查
4539.5s [3月6日（週六） 上午 7:00]   shot 244_decision_outcome_cafe_inspection.png
4539.5s [3月6日（週六） 上午 7:00]   click "OK"
4545.1s [3月6日（週六） 下午 7:01]   use "Sleep"
4546.0s [3月6日（週六） 下午 7:01]   click [Sleep] Sleep until 7:00 AM
4558.4s [3月7日（週日） 下午 7:01]   use "Sleep"
4559.3s [3月7日（週日） 下午 7:01]   click [Sleep] Sleep until 7:00 AM
4570.0s [3月8日（週一） 下午 5:00]   toast: Riverlight Goods 咖啡 今天沒開門：吧台沒人顧。去僱一位咖啡師（人員分頁），或自己站吧台。
4571.4s [3月8日（週一） 下午 7:01]   use "Sleep"
4572.3s [3月8日（週一） 下午 7:01]   click [Sleep] Sleep until 7:00 AM
4583.1s [3月9日（週二） 下午 5:00]   toast: Riverlight Goods 咖啡 今天沒開門：吧台沒人顧。去僱一位咖啡師（人員分頁），或自己站吧台。
4584.6s [3月9日（週二） 下午 7:01]   use "Sleep"
4585.5s [3月9日（週二） 下午 7:01]   click [Sleep] Sleep until 7:00 AM
4596.3s [3月10日（週三） 下午 5:00]   toast: Riverlight Goods 咖啡 今天沒開門：吧台沒人顧。去僱一位咖啡師（人員分頁），或自己站吧台。
4597.7s [3月10日（週三） 下午 7:01]   use "Sleep"
4598.6s [3月10日（週三） 下午 7:01]   click [Sleep] Sleep until 7:00 AM
4609.4s [3月11日（週四） 下午 5:00]   toast: Riverlight Goods 咖啡 今天沒開門：吧台沒人顧。去僱一位咖啡師（人員分頁），或自己站吧台。
4610.9s [3月11日（週四） 下午 7:01]   use "Sleep"
4611.8s [3月11日（週四） 下午 7:01]   click [Sleep] Sleep until 7:00 AM
4622.6s [3月12日（週五） 下午 5:00]   toast: Riverlight Goods 咖啡 今天沒開門：吧台沒人顧。去僱一位咖啡師（人員分頁），或自己站吧台。
4630.9s [3月12日（週五） 下午 7:11]   use "Sleep"
4631.8s [3月12日（週五） 下午 7:11]   click [Sleep] Sleep until 7:00 AM
4642.6s [3月13日（週六） 下午 5:00]   toast: Riverlight Goods 咖啡 今天沒開門：吧台沒人顧。去僱一位咖啡師（人員分頁），或自己站吧台。
4644.0s [3月13日（週六） 下午 7:01]   use "Sleep"
4645.0s [3月13日（週六） 下午 7:01]   click [Sleep] Sleep until 7:00 AM
4657.1s [3月14日（週日） 下午 7:01]   use "Sleep"
4658.1s [3月14日（週日） 下午 7:01]   click [Sleep] Sleep until 7:00 AM
4669.0s [3月15日（週一） 下午 5:00]   toast: Riverlight Goods 咖啡 今天沒開門：吧台沒人顧。去僱一位咖啡師（人員分頁），或自己站吧台。
4670.5s [3月15日（週一） 下午 7:01]   use "Sleep"
4671.5s [3月15日（週一） 下午 7:01]   click [Sleep] Sleep until 7:00 AM
4682.4s [3月16日（週二） 下午 5:00]   toast: Riverlight Goods 咖啡 今天沒開門：吧台沒人顧。去僱一位咖啡師（人員分頁），或自己站吧台。
4683.8s [3月16日（週二） 下午 7:01]   use "Sleep"
4684.8s [3月16日（週二） 下午 7:01]   click [Sleep] Sleep until 7:00 AM
4695.7s [3月17日（週三） 下午 5:00]   toast: Riverlight Goods 咖啡 今天沒開門：吧台沒人顧。去僱一位咖啡師（人員分頁），或自己站吧台。
4697.2s [3月17日（週三） 下午 7:01]   use "Sleep"
4698.1s [3月17日（週三） 下午 7:01]   click [Sleep] Sleep until 7:00 AM
4709.1s [3月18日（週四） 下午 5:00]   toast: Riverlight Goods 咖啡 今天沒開門：吧台沒人顧。去僱一位咖啡師（人員分頁），或自己站吧台。
4710.6s [3月18日（週四） 下午 7:01]   use "Sleep"
4711.5s [3月18日（週四） 下午 7:01]   click [Sleep] Sleep until 7:00 AM
4722.5s [3月19日（週五） 下午 5:00]   toast: Riverlight Goods 咖啡 今天沒開門：吧台沒人顧。去僱一位咖啡師（人員分頁），或自己站吧台。
4724.0s [3月19日（週五） 下午 7:01]   use "Sleep"
4724.9s [3月19日（週五） 下午 7:01]   click [Sleep] Sleep until 7:00 AM
4736.1s [3月20日（週六） 下午 5:00]   toast: Riverlight Goods 咖啡 今天沒開門：吧台沒人顧。去僱一位咖啡師（人員分頁），或自己站吧台。
4744.1s [3月20日（週六） 下午 7:11]   use "Sleep"
4745.1s [3月20日（週六） 下午 7:11]   click [Sleep] Sleep until 7:00 AM
4757.4s [3月21日（週日） 下午 7:01]   use "Sleep"
4758.4s [3月21日（週日） 下午 7:01]   click [Sleep] Sleep until 7:00 AM
4769.4s [3月22日（週一） 下午 5:00]   toast: Riverlight Goods 咖啡 今天沒開門：吧台沒人顧。去僱一位咖啡師（人員分頁），或自己站吧台。
4770.9s [3月22日（週一） 下午 7:00]   shot 245_decision_supplier_price_increase.png
4770.9s [3月22日（週一） 下午 7:00]   decision supplier_price_increase → accept
4770.9s [3月22日（週一） 下午 7:00]   click [Choice_accept] 好。繼續跟你進貨。
4772.3s [3月22日（週一） 下午 7:00]   shot 246_decision_outcome_supplier_price_increase.png
4772.3s [3月22日（週一） 下午 7:00]   click "OK"
4773.0s [3月22日（週一） 下午 7:00]   use "Sleep"
4773.9s [3月22日（週一） 下午 7:00]   click [Sleep] Sleep until 7:00 AM
4785.0s [3月23日（週二） 下午 5:00]   toast: Riverlight Goods 咖啡 今天沒開門：吧台沒人顧。去僱一位咖啡師（人員分頁），或自己站吧台。
4786.6s [3月23日（週二） 下午 7:01]   use "Sleep"
4787.5s [3月23日（週二） 下午 7:01]   click [Sleep] Sleep until 7:00 AM
4798.8s [3月24日（週三） 下午 5:00]   toast: Riverlight Goods 咖啡 今天沒開門：吧台沒人顧。去僱一位咖啡師（人員分頁），或自己站吧台。
4800.3s [3月24日（週三） 下午 7:01]   use "Sleep"
4801.2s [3月24日（週三） 下午 7:01]   click [Sleep] Sleep until 7:00 AM
4812.4s [3月25日（週四） 下午 5:00]   toast: Riverlight Goods 咖啡 今天沒開門：吧台沒人顧。去僱一位咖啡師（人員分頁），或自己站吧台。
4813.9s [3月25日（週四） 下午 7:01]   use "Sleep"
4814.9s [3月25日（週四） 下午 7:01]   click [Sleep] Sleep until 7:00 AM
4826.0s [3月26日（週五） 下午 5:00]   toast: Riverlight Goods 咖啡 今天沒開門：吧台沒人顧。去僱一位咖啡師（人員分頁），或自己站吧台。
4827.5s [3月26日（週五） 下午 7:01]   use "Sleep"
4828.4s [3月26日（週五） 下午 7:01]   click [Sleep] Sleep until 7:00 AM
4839.6s [3月27日（週六） 下午 5:00]   toast: Riverlight Goods 咖啡 今天沒開門：吧台沒人顧。去僱一位咖啡師（人員分頁），或自己站吧台。
4841.2s [3月27日（週六） 下午 7:01]   use "Sleep"
4842.1s [3月27日（週六） 下午 7:01]   click [Sleep] Sleep until 7:00 AM
4861.5s [3月28日（週日） 下午 7:11]   use "Sleep"
4862.4s [3月28日（週日） 下午 7:11]   click [Sleep] Sleep until 7:00 AM
4873.7s [3月29日（週一） 下午 5:00]   toast: Riverlight Goods 咖啡 今天沒開門：吧台沒人顧。去僱一位咖啡師（人員分頁），或自己站吧台。
4875.2s [3月29日（週一） 下午 7:01]   use "Sleep"
4876.1s [3月29日（週一） 下午 7:01]   click [Sleep] Sleep until 7:00 AM
4887.5s [3月30日（週二） 下午 5:00]   toast: Riverlight Goods 咖啡 今天沒開門：吧台沒人顧。去僱一位咖啡師（人員分頁），或自己站吧台。
4889.1s [3月30日（週二） 下午 7:01]   use "Sleep"
4890.0s [3月30日（週二） 下午 7:01]   click [Sleep] Sleep until 7:00 AM
4901.4s [3月31日（週三） 下午 5:00]   toast: Riverlight Goods 咖啡 今天沒開門：吧台沒人顧。去僱一位咖啡師（人員分頁），或自己站吧台。
4903.0s [3月31日（週三） 下午 7:01]   use "Sleep"
4903.9s [3月31日（週三） 下午 7:01]   click [Sleep] Sleep until 7:00 AM
4919.6s [4月1日（週四） 上午 7:12]   use "Use laptop — Company OS"
4920.8s [4月1日（週四） 上午 7:14]   click [Tab_overview] Overview
4921.7s [4月1日（週四） 上午 7:15]   click [OpenLegacyStory] Consolidation and legacy
4922.0s [4月1日（週四） 上午 7:15]   shot 247_ch17_survival_review.png
4923.0s [4月1日（週四） 上午 7:15]   click [kai_interview] Accept Kai's interview
4924.1s [4月1日（週四） 上午 7:15]   shot 248_ch17_comparison.png
4924.1s [4月1日（週四） 上午 7:15]   info card: Compare consolidation routes
4924.2s [4月1日（週四） 上午 7:15]   shot 249_info_compare_consolidation_ro.png
4924.2s [4月1日（週四） 上午 7:15]   click "Close"
4924.6s [4月1日（週四） 上午 7:15]   ok  chapter17 complete or honestly unavailable
4924.6s [4月1日（週四） 上午 7:15] STEP Chapter18 — actual Maya dialogue, ending and every epilogue card
4924.6s [4月1日（週四） 上午 7:15]   click [meet_maya_legacy] Call Maya or meet at Bloom Coffee
4927.7s [4月1日（週四） 上午 7:15]   choose "› 我想繼續經營。"
4931.2s [4月1日（週四） 上午 7:15]   shot 250_ch18_ending_choices.png
4931.2s [4月1日（週四） 上午 7:15]   ok  actual legacy conversation completed
4932.2s [4月1日（週四） 上午 7:15]   click [LegacyChoice_independent] Keep building
4932.9s [4月1日（週四） 上午 7:15]   shot 251_ch18_independent_card_1.png
4933.9s [4月1日（週四） 上午 7:15]   click [legacy_next_card] Next card
4934.7s [4月1日（週四） 上午 7:15]   shot 252_ch18_independent_card_2.png
4935.6s [4月1日（週四） 上午 7:15]   click [legacy_next_card] Next card
4936.4s [4月1日（週四） 上午 7:15]   shot 253_ch18_independent_card_3.png
4937.4s [4月1日（週四） 上午 7:15]   click [legacy_next_card] Next card
4938.1s [4月1日（週四） 上午 7:15]   shot 254_ch18_independent_card_4.png
4939.1s [4月1日（週四） 上午 7:15]   click [legacy_next_card] Next card
4939.9s [4月1日（週四） 上午 7:15]   shot 255_ch18_independent_card_5.png
4940.8s [4月1日（週四） 上午 7:15]   click [legacy_next_card] Finish epilogue
4942.0s [4月1日（週四） 上午 7:15]   ok  all epilogue cards viewed: independent
4942.0s [4月1日（週四） 上午 7:15]   click [KeepThisLife] Keep living this life
4942.2s [4月1日（週四） 上午 7:15]   click [legacy_free_play] Return to free play
4942.4s [4月1日（週四） 上午 7:15]   ok  all chapter17–18 books balance
4942.7s [4月1日（週四） 上午 7:15]   use "Use laptop — Company OS"
4943.9s [4月1日（週四） 上午 7:16]   click [Tab_overview] Overview
4945.6s [4月1日（週四） 上午 7:19]   click [OpenCityFuture] 城市的未來
4946.8s [4月1日（週四） 上午 7:19]   click [city_start] 加入城市提案
4947.3s [4月1日（週四） 上午 7:19] STEP Civic chapter 19 — real supplier invoices and player decision
4948.0s [4月1日（週四） 上午 7:19]   click [city_read] 閱讀市府簡報。
4948.9s [4月1日（週四） 上午 7:19]   shot 256_city19_supplier_budget.png
4949.6s [4月1日（週四） 上午 7:19]   click [city_partner] 加入城市合作，由市府預算支付供應商
4950.9s [4月1日（週四） 上午 7:19]   click [city_wait] 回到城市，等待已付款服務交付
4955.5s [4月1日（週四） 下午 5:00]   toast: Riverlight Goods 咖啡 今天沒開門：吧台沒人顧。去僱一位咖啡師（人員分頁），或自己站吧台。
4964.4s [4月2日（週五） 下午 5:00]   toast: Riverlight Goods 咖啡 今天沒開門：吧台沒人顧。去僱一位咖啡師（人員分頁），或自己站吧台。
4964.8s [4月3日（週六） 下午 5:00]   toast: Riverlight Goods 咖啡 今天沒開門：吧台沒人顧。去僱一位咖啡師（人員分頁），或自己站吧台。
4965.3s [4月5日（週一） 下午 5:00]   toast: Riverlight Goods 咖啡 今天沒開門：吧台沒人顧。去僱一位咖啡師（人員分頁），或自己站吧台。
4965.7s [4月6日（週二） 下午 5:00]   toast: Riverlight Goods 咖啡 今天沒開門：吧台沒人顧。去僱一位咖啡師（人員分頁），或自己站吧台。
4966.0s [4月7日（週三） 下午 5:00]   toast: Riverlight Goods 咖啡 今天沒開門：吧台沒人顧。去僱一位咖啡師（人員分頁），或自己站吧台。
4966.4s [4月8日（週四） 下午 5:00]   toast: Riverlight Goods 咖啡 今天沒開門：吧台沒人顧。去僱一位咖啡師（人員分頁），或自己站吧台。
4967.0s [4月9日（週五） 上午 7:20]   use "Use laptop — Company OS"
4967.8s [4月9日（週五） 上午 7:21]   click [Tab_overview] Overview
4969.5s [4月9日（週五） 上午 7:23]   click [OpenCityFuture] 城市的未來
4970.0s [4月9日（週五） 上午 7:23]   shot 257_city19_real_decisions.png
4970.7s [4月9日（週五） 上午 7:23]   click [CityChoice_balanced] 提交均衡的博覽會申辦提案
4972.0s [4月9日（週五） 上午 7:23]   click [city_wait_result] 回到城市，等待兩天後公布成果
4972.5s [4月9日（週五） 下午 5:00]   toast: Riverlight Goods 咖啡 今天沒開門：吧台沒人顧。去僱一位咖啡師（人員分頁），或自己站吧台。
4973.2s [4月10日（週六） 下午 5:00]   toast: Riverlight Goods 咖啡 今天沒開門：吧台沒人顧。去僱一位咖啡師（人員分頁），或自己站吧台。
4973.8s [4月11日（週日） 上午 8:24]   use "Use laptop — Company OS"
4974.6s [4月11日（週日） 上午 8:25]   click [Tab_overview] Overview
4976.3s [4月11日（週日） 上午 8:27]   click [OpenCityFuture] 城市的未來
4976.8s [4月11日（週日） 上午 8:27]   shot 258_city19_recorded_result.png
4977.5s [4月11日（週日） 上午 8:27]   click [city_review] 檢視實際交付與城市成果。
4978.0s [4月11日（週日） 上午 8:27]   ok  city chapter completed from actual services and result 19
4978.0s [4月11日（週日） 上午 8:27]   ok  city chapter 19 balanced books
4978.0s [4月11日（週日） 上午 8:27] STEP Civic chapter 20 — real supplier invoices and player decision
4978.7s [4月11日（週日） 上午 8:27]   click [city_read] 閱讀市府簡報。
4979.3s [4月11日（週日） 上午 8:27]   shot 259_city20_supplier_budget.png
4979.9s [4月11日（週日） 上午 8:27]   click [city_partner] 加入城市合作，由市府預算支付供應商
4981.2s [4月11日（週日） 上午 8:27]   click [city_wait] 回到城市，等待已付款服務交付
4981.9s [4月12日（週一） 下午 5:00]   toast: Riverlight Goods 咖啡 今天沒開門：吧台沒人顧。去僱一位咖啡師（人員分頁），或自己站吧台。
4982.3s [4月13日（週二） 下午 5:00]   toast: Riverlight Goods 咖啡 今天沒開門：吧台沒人顧。去僱一位咖啡師（人員分頁），或自己站吧台。
4982.6s [4月14日（週三） 下午 5:00]   toast: Riverlight Goods 咖啡 今天沒開門：吧台沒人顧。去僱一位咖啡師（人員分頁），或自己站吧台。
4983.0s [4月15日（週四） 下午 5:00]   toast: Riverlight Goods 咖啡 今天沒開門：吧台沒人顧。去僱一位咖啡師（人員分頁），或自己站吧台。
4983.3s [4月16日（週五） 下午 5:00]   toast: Riverlight Goods 咖啡 今天沒開門：吧台沒人顧。去僱一位咖啡師（人員分頁），或自己站吧台。
4983.7s [4月17日（週六） 下午 5:00]   toast: Riverlight Goods 咖啡 今天沒開門：吧台沒人顧。去僱一位咖啡師（人員分頁），或自己站吧台。
4984.4s [4月19日（週一） 上午 8:28]   use "Use laptop — Company OS"
4985.2s [4月19日（週一） 上午 8:29]   click [Tab_overview] Overview
4987.0s [4月19日（週一） 上午 8:31]   click [OpenCityFuture] 城市的未來
4987.5s [4月19日（週一） 上午 8:31]   shot 260_city20_real_decisions.png
4988.2s [4月19日（週一） 上午 8:31]   click [CityChoice_transparent] 公開招標，接受獨立監督
4989.4s [4月19日（週一） 上午 8:31]   click [city_wait_result] 回到城市，等待兩天後公布成果
4990.0s [4月19日（週一） 下午 5:00]   toast: Riverlight Goods 咖啡 今天沒開門：吧台沒人顧。去僱一位咖啡師（人員分頁），或自己站吧台。
4990.3s [4月20日（週二） 下午 5:00]   toast: Riverlight Goods 咖啡 今天沒開門：吧台沒人顧。去僱一位咖啡師（人員分頁），或自己站吧台。
4990.9s [4月21日（週三） 上午 9:32]   use "Use laptop — Company OS"
4991.7s [4月21日（週三） 上午 9:33]   click [Tab_overview] Overview
4993.4s [4月21日（週三） 上午 9:35]   click [OpenCityFuture] 城市的未來
4994.0s [4月21日（週三） 上午 9:35]   shot 261_city20_recorded_result.png
4994.6s [4月21日（週三） 上午 9:35]   click [city_review] 檢視實際交付與城市成果。
4995.1s [4月21日（週三） 上午 9:35]   ok  city chapter completed from actual services and result 20
4995.1s [4月21日（週三） 上午 9:35]   ok  city chapter 20 balanced books
4995.1s [4月21日（週三） 上午 9:35] STEP Civic chapter 21 — real supplier invoices and player decision
4995.9s [4月21日（週三） 上午 9:35]   click [city_read] 閱讀市府簡報。
4996.4s [4月21日（週三） 上午 9:35]   shot 262_city21_supplier_budget.png
4997.1s [4月21日（週三） 上午 9:35]   click [city_partner] 加入城市合作，由市府預算支付供應商
4998.3s [4月21日（週三） 上午 9:35]   click [city_wait] 回到城市，等待已付款服務交付
4998.9s [4月21日（週三） 下午 5:00]   toast: Riverlight Goods 咖啡 今天沒開門：吧台沒人顧。去僱一位咖啡師（人員分頁），或自己站吧台。
4999.2s [4月22日（週四） 下午 5:00]   toast: Riverlight Goods 咖啡 今天沒開門：吧台沒人顧。去僱一位咖啡師（人員分頁），或自己站吧台。
4999.6s [4月23日（週五） 下午 5:00]   toast: Riverlight Goods 咖啡 今天沒開門：吧台沒人顧。去僱一位咖啡師（人員分頁），或自己站吧台。
4999.9s [4月24日（週六） 下午 5:00]   toast: Riverlight Goods 咖啡 今天沒開門：吧台沒人顧。去僱一位咖啡師（人員分頁），或自己站吧台。
5000.5s [4月26日（週一） 下午 5:00]   toast: Riverlight Goods 咖啡 今天沒開門：吧台沒人顧。去僱一位咖啡師（人員分頁），或自己站吧台。
5000.8s [4月27日（週二） 下午 5:00]   toast: Riverlight Goods 咖啡 今天沒開門：吧台沒人顧。去僱一位咖啡師（人員分頁），或自己站吧台。
5001.2s [4月28日（週三） 下午 5:00]   toast: Riverlight Goods 咖啡 今天沒開門：吧台沒人顧。去僱一位咖啡師（人員分頁），或自己站吧台。
5001.8s [4月29日（週四） 上午 9:36]   use "Use laptop — Company OS"
5002.6s [4月29日（週四） 上午 9:37]   click [Tab_overview] Overview
5004.3s [4月29日（週四） 上午 9:39]   click [OpenCityFuture] 城市的未來
5004.9s [4月29日（週四） 上午 9:39]   shot 263_city21_real_decisions.png
5005.5s [4月29日（週四） 上午 9:39]   click [CityChoice_both] 投資小型網路，爭取分階段實施 · $6,500.00
5006.8s [4月29日（週四） 上午 9:39]   click [city_wait_result] 回到城市，等待兩天後公布成果
5007.3s [4月29日（週四） 下午 5:00]   toast: Riverlight Goods 咖啡 今天沒開門：吧台沒人顧。去僱一位咖啡師（人員分頁），或自己站吧台。
5007.7s [4月30日（週五） 下午 4:22]   toast: 新評價 #6026：★★「不太好。感覺很廉價。」
5007.7s [4月30日（週五） 下午 5:00]   toast: Riverlight Goods 咖啡 今天沒開門：吧台沒人顧。去僱一位咖啡師（人員分頁），或自己站吧台。
5008.3s [5月1日（週六） 上午 4:17]   toast: 新評價 #6034：★「浪費錢。」
5008.6s [5月1日（週六） 上午 10:40]   use "Use laptop — Company OS"
5009.4s [5月1日（週六） 上午 10:41]   click [Tab_overview] Overview
5011.1s [5月1日（週六） 上午 10:43]   click [OpenCityFuture] 城市的未來
5011.7s [5月1日（週六） 上午 10:43]   shot 264_city21_recorded_result.png
5012.3s [5月1日（週六） 上午 10:43]   click [city_review] 檢視實際交付與城市成果。
5012.8s [5月1日（週六） 上午 10:43]   ok  city chapter completed from actual services and result 21
5012.8s [5月1日（週六） 上午 10:43]   ok  city chapter 21 balanced books
5012.8s [5月1日（週六） 上午 10:43] STEP Civic chapter 22 — real supplier invoices and player decision
5013.6s [5月1日（週六） 上午 10:43]   click [city_read] 閱讀市府簡報。
5014.1s [5月1日（週六） 上午 10:43]   shot 265_city22_supplier_budget.png
5014.8s [5月1日（週六） 上午 10:43]   click [city_partner] 加入城市合作，由市府預算支付供應商
5016.0s [5月1日（週六） 上午 10:43]   click [city_wait] 回到城市，等待已付款服務交付
5016.6s [5月1日（週六） 下午 5:00]   toast: Riverlight Goods 咖啡 今天沒開門：吧台沒人顧。去僱一位咖啡師（人員分頁），或自己站吧台。
5017.1s [5月3日（週一） 下午 5:00]   toast: Riverlight Goods 咖啡 今天沒開門：吧台沒人顧。去僱一位咖啡師（人員分頁），或自己站吧台。
5017.5s [5月4日（週二） 下午 5:00]   toast: Riverlight Goods 咖啡 今天沒開門：吧台沒人顧。去僱一位咖啡師（人員分頁），或自己站吧台。
5017.9s [5月5日（週三） 下午 5:00]   toast: Riverlight Goods 咖啡 今天沒開門：吧台沒人顧。去僱一位咖啡師（人員分頁），或自己站吧台。
5018.2s [5月6日（週四） 下午 5:00]   toast: Riverlight Goods 咖啡 今天沒開門：吧台沒人顧。去僱一位咖啡師（人員分頁），或自己站吧台。
5018.5s [5月7日（週五） 上午 12:32]   toast: 新評價 #6090：★「浪費錢。」
5018.6s [5月7日（週五） 下午 5:00]   toast: Riverlight Goods 咖啡 今天沒開門：吧台沒人顧。去僱一位咖啡師（人員分頁），或自己站吧台。
5019.0s [5月8日（週六） 下午 5:00]   toast: Riverlight Goods 咖啡 今天沒開門：吧台沒人顧。去僱一位咖啡師（人員分頁），或自己站吧台。
5019.6s [5月9日（週日） 上午 10:44]   use "Use laptop — Company OS"
5020.4s [5月9日（週日） 上午 10:45]   click [Tab_overview] Overview
5022.2s [5月9日（週日） 上午 10:47]   click [OpenCityFuture] 城市的未來
5022.7s [5月9日（週日） 上午 10:47]   shot 266_city22_real_decisions.png
5023.4s [5月9日（週日） 上午 10:47]   click [CityChoice_culture] 舉辦 4 小時文化工作坊 · $0.00
5024.6s [5月9日（週日） 下午 2:47]   click [city_wait_result] 回到城市，等待兩天後公布成果
5025.3s [5月10日（週一） 下午 5:00]   toast: Riverlight Goods 咖啡 今天沒開門：吧台沒人顧。去僱一位咖啡師（人員分頁），或自己站吧台。
5026.0s [5月11日（週二） 下午 3:48]   use "Use laptop — Company OS"
5026.8s [5月11日（週二） 下午 3:49]   click [Tab_overview] Overview
5028.5s [5月11日（週二） 下午 3:51]   click [OpenCityFuture] 城市的未來
5029.1s [5月11日（週二） 下午 3:51]   shot 267_city22_recorded_result.png
5029.7s [5月11日（週二） 下午 3:51]   click [city_review] 檢視實際交付與城市成果。
5030.2s [5月11日（週二） 下午 3:51]   ok  city chapter completed from actual services and result 22
5030.2s [5月11日（週二） 下午 3:51]   ok  city chapter 22 balanced books
5030.2s [5月11日（週二） 下午 3:51] STEP Civic chapter 23 — real supplier invoices and player decision
5031.0s [5月11日（週二） 下午 3:51]   click [city_read] 閱讀市府簡報。
5031.5s [5月11日（週二） 下午 3:51]   shot 268_city23_supplier_budget.png
5032.2s [5月11日（週二） 下午 3:51]   click [city_partner] 加入城市合作，由市府預算支付供應商
5033.4s [5月11日（週二） 下午 3:51]   click [city_wait] 回到城市，等待已付款服務交付
5033.9s [5月11日（週二） 下午 5:00]   toast: Riverlight Goods 咖啡 今天沒開門：吧台沒人顧。去僱一位咖啡師（人員分頁），或自己站吧台。
5034.4s [5月12日（週三） 下午 5:00]   toast: Riverlight Goods 咖啡 今天沒開門：吧台沒人顧。去僱一位咖啡師（人員分頁），或自己站吧台。
5034.8s [5月13日（週四） 下午 5:00]   toast: Riverlight Goods 咖啡 今天沒開門：吧台沒人顧。去僱一位咖啡師（人員分頁），或自己站吧台。
5035.1s [5月14日（週五） 下午 5:00]   toast: Riverlight Goods 咖啡 今天沒開門：吧台沒人顧。去僱一位咖啡師（人員分頁），或自己站吧台。
5035.5s [5月15日（週六） 下午 5:00]   toast: Riverlight Goods 咖啡 今天沒開門：吧台沒人顧。去僱一位咖啡師（人員分頁），或自己站吧台。
5036.1s [5月17日（週一） 下午 5:00]   toast: Riverlight Goods 咖啡 今天沒開門：吧台沒人顧。去僱一位咖啡師（人員分頁），或自己站吧台。
5036.4s [5月18日（週二） 下午 5:00]   toast: Riverlight Goods 咖啡 今天沒開門：吧台沒人顧。去僱一位咖啡師（人員分頁），或自己站吧台。
5037.1s [5月19日（週三） 下午 3:52]   use "Use laptop — Company OS"
5038.0s [5月19日（週三） 下午 3:53]   click [Tab_overview] Overview
5039.7s [5月19日（週三） 下午 3:55]   click [OpenCityFuture] 城市的未來
5040.3s [5月19日（週三） 下午 3:55]   shot 269_city23_real_decisions.png
5040.9s [5月19日（週三） 下午 3:55]   click [CityChoice_neutral] 保持中立，接受選舉結果
5042.1s [5月19日（週三） 下午 3:55]   click [city_wait_result] 回到城市，等待兩天後公布成果
5042.7s [5月19日（週三） 下午 5:00]   toast: Riverlight Goods 咖啡 今天沒開門：吧台沒人顧。去僱一位咖啡師（人員分頁），或自己站吧台。
5043.1s [5月20日（週四） 下午 5:00]   toast: Riverlight Goods 咖啡 今天沒開門：吧台沒人顧。去僱一位咖啡師（人員分頁），或自己站吧台。
5043.7s [5月21日（週五） 下午 4:56]   use "Use laptop — Company OS"
5044.6s [5月21日（週五） 下午 4:57]   click [Tab_overview] Overview
5046.3s [5月21日（週五） 下午 4:59]   click [OpenCityFuture] 城市的未來
5046.8s [5月21日（週五） 下午 4:59]   shot 270_city23_recorded_result.png
5047.5s [5月21日（週五） 下午 4:59]   click [city_review] 檢視實際交付與城市成果。
5048.0s [5月21日（週五） 下午 4:59]   ok  city chapter completed from actual services and result 23
5048.0s [5月21日（週五） 下午 4:59]   ok  city chapter 23 balanced books
5048.0s [5月21日（週五） 下午 4:59] STEP Civic chapter 24 — real supplier invoices and player decision
5048.7s [5月21日（週五） 下午 4:59]   click [city_read] 閱讀市府簡報。
5049.3s [5月21日（週五） 下午 4:59]   shot 271_city24_supplier_budget.png
5050.0s [5月21日（週五） 下午 4:59]   click [city_partner] 加入城市合作，由市府預算支付供應商
5051.2s [5月21日（週五） 下午 4:59]   click [city_wait] 回到城市，等待已付款服務交付
5051.7s [5月21日（週五） 下午 5:00]   toast: Riverlight Goods 咖啡 今天沒開門：吧台沒人顧。去僱一位咖啡師（人員分頁），或自己站吧台。
5052.1s [5月22日（週六） 下午 5:00]   toast: Riverlight Goods 咖啡 今天沒開門：吧台沒人顧。去僱一位咖啡師（人員分頁），或自己站吧台。
5052.7s [5月24日（週一） 下午 5:00]   toast: Riverlight Goods 咖啡 今天沒開門：吧台沒人顧。去僱一位咖啡師（人員分頁），或自己站吧台。
5053.1s [5月25日（週二） 下午 5:00]   toast: Riverlight Goods 咖啡 今天沒開門：吧台沒人顧。去僱一位咖啡師（人員分頁），或自己站吧台。
5053.5s [5月26日（週三） 下午 5:00]   toast: Riverlight Goods 咖啡 今天沒開門：吧台沒人顧。去僱一位咖啡師（人員分頁），或自己站吧台。
5053.9s [5月27日（週四） 下午 5:00]   toast: Riverlight Goods 咖啡 今天沒開門：吧台沒人顧。去僱一位咖啡師（人員分頁），或自己站吧台。
5054.3s [5月28日（週五） 下午 5:00]   toast: Riverlight Goods 咖啡 今天沒開門：吧台沒人顧。去僱一位咖啡師（人員分頁），或自己站吧台。
5054.9s [5月29日（週六） 下午 5:00]   toast: Riverlight Goods 咖啡 今天沒開門：吧台沒人顧。去僱一位咖啡師（人員分頁），或自己站吧台。
5055.1s [5月29日（週六） 下午 5:00]   use "Use laptop — Company OS"
5056.0s [5月29日（週六） 下午 5:01]   click [Tab_overview] Overview
5057.7s [5月29日（週六） 下午 5:03]   click [OpenCityFuture] 城市的未來
5058.3s [5月29日（週六） 下午 5:03]   shot 272_city24_real_decisions.png
5058.9s [5月29日（週六） 下午 5:03]   click [CityChoice_resilient] 聘用待命團隊 · $1,000.00，減少危機衝擊
5060.2s [5月29日（週六） 下午 5:03]   click [city_wait_result] 回到城市，等待兩天後公布成果
5061.1s [5月31日（週一） 下午 12:14]   toast: 新評價 #6383：★「浪費錢。」
5061.1s [5月31日（週一） 下午 5:00]   toast: Riverlight Goods 咖啡 今天沒開門：吧台沒人顧。去僱一位咖啡師（人員分頁），或自己站吧台。
5061.6s [5月31日（週一） 下午 6:04]   use "Use laptop — Company OS"
5062.5s [5月31日（週一） 下午 6:05]   click [Tab_overview] Overview
5064.2s [5月31日（週一） 下午 6:07]   click [OpenCityFuture] 城市的未來
5064.7s [5月31日（週一） 下午 6:07]   shot 273_city24_recorded_result.png
5065.4s [5月31日（週一） 下午 6:07]   click [city_review] 檢視實際交付與城市成果。
5065.9s [5月31日（週一） 下午 6:07]   ok  city chapter completed from actual services and result 24
5065.9s [5月31日（週一） 下午 6:07]   ok  city chapter 24 balanced books
5065.9s [5月31日（週一） 下午 6:07]   ok  all six civic chapters completed
5065.9s [5月31日（週一） 下午 6:07]   ok  city result preserves the earlier actual business ending
5066.0s [5月31日（週一） 下午 6:07]   shot 274_city_legacy_card_1.png
5066.6s [5月31日（週一） 下午 6:07]   click [city_next_card] 下一張城市回顧卡
5067.2s [5月31日（週一） 下午 6:07]   shot 275_city_legacy_card_2.png
5067.9s [5月31日（週一） 下午 6:07]   click [city_next_card] 下一張城市回顧卡
5068.4s [5月31日（週一） 下午 6:07]   shot 276_city_legacy_card_3.png
5069.1s [5月31日（週一） 下午 6:07]   click [city_next_card] 下一張城市回顧卡
5069.7s [5月31日（週一） 下午 6:07]   shot 277_city_legacy_card_4.png
5070.3s [5月31日（週一） 下午 6:07]   click [city_next_card] 下一張城市回顧卡
5070.9s [5月31日（週一） 下午 6:07]   shot 278_city_legacy_card_5.png
5071.6s [5月31日（週一） 下午 6:07]   click [city_next_card] 下一張城市回顧卡
5072.1s [5月31日（週一） 下午 6:07]   shot 279_city_legacy_card_6.png
5072.8s [5月31日（週一） 下午 6:07]   click [city_next_card] 下一張城市回顧卡
5073.4s [5月31日（週一） 下午 6:07]   shot 280_city_business_legacy_handoff.png
5074.0s [5月31日（週一） 下午 6:07]   click [city_legacy] 接續查看企業 Legacy 結局
5074.5s [5月31日（週一） 下午 6:07]   ok  city legacy connects to actual business legacy
5075.0s [5月31日（週一） 下午 6:07]   ok  played third-season save with real supplier receipts
5075.4s [5月31日（週一） 下午 6:07]   ok  actual played city save passes normal import validation
5075.4s [5月31日（週一） 下午 6:07] STEP Growth — three optional goals, achievements and actual timeline
5075.5s [5月31日（週一） 下午 6:07]   click [GrowthAcknowledge] Put the card in your timeline
5075.7s [5月31日（週一） 下午 6:07]   click [GrowthAcknowledge] Put the card in your timeline
5075.9s [5月31日（週一） 下午 6:07]   click [GrowthAcknowledge] Put the card in your timeline
5076.1s [5月31日（週一） 下午 6:07]   click [GrowthAcknowledge] Put the card in your timeline
5076.3s [5月31日（週一） 下午 6:07]   click [GrowthAcknowledge] Put the card in your timeline
5076.5s [5月31日（週一） 下午 6:07]   click [GrowthAcknowledge] Put the card in your timeline
5076.7s [5月31日（週一） 下午 6:07]   ok  at least three free-play goals
5076.7s [5月31日（週一） 下午 6:07]   shot 281_growth_three_goals.png
5076.7s [5月31日（週一） 下午 6:07]   click [GrowthTab_achievements] Achievements
5076.9s [5月31日（週一） 下午 6:07]   shot 282_growth_achievements.png
5076.9s [5月31日（週一） 下午 6:07]   click [GrowthTab_timeline] The journey so far
5077.6s [5月31日（週一） 下午 6:07]   shot 283_growth_timeline.png
5077.6s [5月31日（週一） 下午 6:07]   click [GrowthReturn] Back to playing
5078.7s [5月31日（週一） 下午 6:07]   click [PauseAchievements] Achievements
5079.4s [5月31日（週一） 下午 6:07]   ok  pause menu opens achievements
5079.5s [5月31日（週一） 下午 6:07]   shot 284_growth_pause_achievements.png
5079.5s [5月31日（週一） 下午 6:07]   ok  growth UI never changes financial books
5079.5s [5月31日（週一） 下午 6:07] STEP Save → reload → same state
5081.1s [5月31日（週一） 下午 6:08]   ok  cash restored after load
5081.1s [5月31日（週一） 下午 6:08]   ok  time restored after load
5081.1s [5月31日（週一） 下午 6:08]   ok  location restored (riverside_apartment)
5081.2s [5月31日（週一） 下午 6:08]   shot 285_after_load.png
5081.2s [5月31日（週一） 下午 6:08] STEP Summary
5081.2s [5月31日（週一） 下午 6:08]   business entity co_riverlight_goods cash $87,720.29 · personal $78,580.53 · orders delivered 5427 · chapters done ["ch1_arrival", "ch2_first_customer", "ch3_open_for_business", "ch4_growing_pains", "ch5_big_contract", "ch6_cash_is_oxygen", "ch7_supply_shock", "ch8_green_shift", "ch9_clearing_crisis", "ch10_digital_rails", "ch11_other_side_of_trust", "ch12_regulation_scale", "ch13_first_order_abroad", "ch14_customs", "ch15_currency_swing", "ch16_partner_overseas", "ch17_consolidation", "ch18_legacy", "ch19_expo_bid", "ch20_harbor_rebuild", "ch21_energy_transition", "ch22_talent_war", "ch23_city_election", "ch24_expo_opening"]
5081.2s [5月31日（週一） 下午 6:08]   ok  ledger balanced at the end
5081.2s [5月31日（週一） 下午 6:08]   ok  story objective completed: ch1_phone
5081.2s [5月31日（週一） 下午 6:08]   ok  story objective completed: ch1_outside
5081.2s [5月31日（週一） 下午 6:08]   ok  story objective completed: ch1_coffee
5081.2s [5月31日（週一） 下午 6:08]   ok  story objective completed: ch1_cowork
5081.2s [5月31日（週一） 下午 6:08]   ok  story objective completed: ch1_board
5081.2s [5月31日（週一） 下午 6:08]   ok  story objective completed: ch2_supplier
5081.2s [5月31日（週一） 下午 6:08]   ok  story objective completed: ch2_stock
5081.2s [5月31日（週一） 下午 6:08]   ok  story objective completed: ch2_listing
5081.2s [5月31日（週一） 下午 6:08]   ok  story objective completed: ch2_order
5081.2s [5月31日（週一） 下午 6:08]   ok  story objective completed: ch2_ship
5081.2s [5月31日（週一） 下午 6:08]   ok  story objective completed: ch2_first_dollar
5081.2s [5月31日（週一） 下午 6:08]   ok  story objective completed: ch2_issue
5081.2s [5月31日（週一） 下午 6:08]   ok  story objective completed: ch3_register
5081.2s [5月31日（週一） 下午 6:08]   ok  story objective completed: ch3_bank
5081.2s [5月31日（週一） 下午 6:08]   ok  story objective completed: ch3_workspace
5081.2s [5月31日（週一） 下午 6:08]   ok  story objective completed: ch3_os
5081.2s [5月31日（週一） 下午 6:08]   ok  story objective completed: ch4_employer
5081.2s [5月31日（週一） 下午 6:08]   ok  story objective completed: ch4_post
5081.2s [5月31日（週一） 下午 6:08]   ok  story objective completed: ch4_hire
5081.2s [5月31日（週一） 下午 6:08]   ok  story objective completed: ch4_payroll
5081.2s [5月31日（週一） 下午 6:08]   ok  story objective completed: ch4_forecast
5081.2s [5月31日（週一） 下午 6:08]   ok  story objective completed: ch5_meet
5081.2s [5月31日（週一） 下午 6:08]   ok  story objective completed: ch5_decide
5081.2s [5月31日（週一） 下午 6:08]   ok  story objective completed: ch5_stock
5081.2s [5月31日（週一） 下午 6:08]   ok  story objective completed: ch5_deliver
5081.2s [5月31日（週一） 下午 6:08]   ok  story objective completed: ch6_forecast
5081.2s [5月31日（週一） 下午 6:08]   ok  story objective completed: ch6_bridge
5081.2s [5月31日（週一） 下午 6:08]   ok  story objective completed: ch6_collect
5081.2s [5月31日（週一） 下午 6:08]   ok  story objective completed: ch6_close
5081.2s [5月31日（週一） 下午 6:08]   ok  story objective completed: ch7_news
5081.2s [5月31日（週一） 下午 6:08]   ok  story objective completed: ch7_ken
5081.2s [5月31日（週一） 下午 6:08]   ok  story objective completed: ch7_stock
5081.2s [5月31日（週一） 下午 6:08]   ok  story objective completed: ch7_price
5081.2s [5月31日（週一） 下午 6:08]   ok  story objective completed: ch7_close
5081.2s [5月31日（週一） 下午 6:08]   ok  story objective completed: ch8_news
5081.2s [5月31日（週一） 下午 6:08]   ok  story objective completed: ch8_pack
5081.2s [5月31日（週一） 下午 6:08]   ok  story objective completed: ch8_product
5081.2s [5月31日（週一） 下午 6:08]   ok  story objective completed: ch8_grant
5081.2s [5月31日（週一） 下午 6:08]   ok  story objective completed: ch9_news
5081.2s [5月31日（週一） 下午 6:08]   ok  story objective completed: ch9_import
5081.2s [5月31日（週一） 下午 6:08]   ok  story objective completed: ch9_lina
5081.2s [5月31日（週一） 下午 6:08]   ok  story objective completed: ch9_settle
5081.2s [5月31日（週一） 下午 6:08]   ok  story objective completed: ch9_arrive
5081.2s [5月31日（週一） 下午 6:08]   ok  story objective completed: ch10_news
5081.2s [5月31日（週一） 下午 6:08]   ok  story objective completed: ch10_lina
5081.2s [5月31日（週一） 下午 6:08]   ok  story objective completed: ch10_import
5081.2s [5月31日（週一） 下午 6:08]   ok  story objective completed: ch10_arrive
5081.2s [5月31日（週一） 下午 6:08]   ok  story objective completed: ch11_news
5081.2s [5月31日（週一） 下午 6:08]   ok  story objective completed: ch11_order
5081.2s [5月31日（週一） 下午 6:08]   ok  story objective completed: ch11_freeze
5081.2s [5月31日（週一） 下午 6:08]   ok  story objective completed: ch11_restock
5081.2s [5月31日（週一） 下午 6:08]   ok  story objective completed: ch12_news
5081.2s [5月31日（週一） 下午 6:08]   ok  story objective completed: ch12_licence
5081.2s [5月31日（週一） 下午 6:08]   ok  story objective completed: ch12_kyc
5081.2s [5月31日（週一） 下午 6:08]   ok  story objective completed: ch12_offer
5081.2s [5月31日（週一） 下午 6:08]   ok  story objective completed: ch13_news
5081.2s [5月31日（週一） 下午 6:08]   ok  story objective completed: ch13_bank
5081.2s [5月31日（週一） 下午 6:08]   ok  story objective completed: ch13_listing
5081.2s [5月31日（週一） 下午 6:08]   ok  story objective completed: ch13_ship
5081.2s [5月31日（週一） 下午 6:08]   ok  story objective completed: ch13_convert
5081.2s [5月31日（週一） 下午 6:08]   ok  story objective completed: ch14_ines
5081.2s [5月31日（週一） 下午 6:08]   ok  story objective completed: ch14_policy
5081.2s [5月31日（週一） 下午 6:08]   ok  story objective completed: ch14_code
5081.2s [5月31日（週一） 下午 6:08]   ok  story objective completed: ch14_trial
5081.2s [5月31日（週一） 下午 6:08]   ok  story objective completed: ch15_news
5081.2s [5月31日（週一） 下午 6:08]   ok  story objective completed: ch15_marcus
5081.2s [5月31日（週一） 下午 6:08]   ok  story objective completed: ch15_response
5081.2s [5月31日（週一） 下午 6:08]   ok  story objective completed: ch15_month
5081.2s [5月31日（週一） 下午 6:08]   ok  story objective completed: ch16_omar
5081.2s [5月31日（週一） 下午 6:08]   ok  story objective completed: ch16_channel
5081.2s [5月31日（週一） 下午 6:08]   ok  story objective completed: ch16_income
5081.2s [5月31日（週一） 下午 6:08]   ok  story objective completed: ch17_news
5081.2s [5月31日（週一） 下午 6:08]   ok  story objective completed: ch17_response
5081.2s [5月31日（週一） 下午 6:08]   ok  story objective completed: ch17_survive
5081.2s [5月31日（週一） 下午 6:08]   ok  story objective completed: ch17_interview
5081.2s [5月31日（週一） 下午 6:08]   ok  story objective completed: ch18_maya
5081.2s [5月31日（週一） 下午 6:08]   ok  story objective completed: ch18_choice
5081.2s [5月31日（週一） 下午 6:08]   ok  story objective completed: ch18_cards
5081.2s [5月31日（週一） 下午 6:08]   ok  story objective completed: city19_read
5081.2s [5月31日（週一） 下午 6:08]   ok  story objective completed: city19_plan
5081.2s [5月31日（週一） 下午 6:08]   ok  story objective completed: city19_choice
5081.2s [5月31日（週一） 下午 6:08]   ok  story objective completed: city19_review
5081.2s [5月31日（週一） 下午 6:08]   ok  story objective completed: city20_read
5081.2s [5月31日（週一） 下午 6:08]   ok  story objective completed: city20_plan
5081.2s [5月31日（週一） 下午 6:08]   ok  story objective completed: city20_choice
5081.2s [5月31日（週一） 下午 6:08]   ok  story objective completed: city20_review
5081.2s [5月31日（週一） 下午 6:08]   ok  story objective completed: city21_read
5081.2s [5月31日（週一） 下午 6:08]   ok  story objective completed: city21_plan
5081.2s [5月31日（週一） 下午 6:08]   ok  story objective completed: city21_choice
5081.2s [5月31日（週一） 下午 6:08]   ok  story objective completed: city21_review
5081.2s [5月31日（週一） 下午 6:08]   ok  story objective completed: city22_read
5081.2s [5月31日（週一） 下午 6:08]   ok  story objective completed: city22_plan
5081.2s [5月31日（週一） 下午 6:08]   ok  story objective completed: city22_choice
5081.2s [5月31日（週一） 下午 6:08]   ok  story objective completed: city22_review
5081.2s [5月31日（週一） 下午 6:08]   ok  story objective completed: city23_read
5081.2s [5月31日（週一） 下午 6:08]   ok  story objective completed: city23_plan
5081.2s [5月31日（週一） 下午 6:08]   ok  story objective completed: city23_choice
5081.2s [5月31日（週一） 下午 6:08]   ok  story objective completed: city23_review
5081.2s [5月31日（週一） 下午 6:08]   ok  story objective completed: city24_read
5081.2s [5月31日（週一） 下午 6:08]   ok  story objective completed: city24_plan
5081.2s [5月31日（週一） 下午 6:08]   ok  story objective completed: city24_choice
5081.2s [5月31日（週一） 下午 6:08]   ok  story objective completed: city24_review
5081.3s [6月1日（週日） 下午 2:00] STEP (harness) skip to Chapter 10
5082.5s [6月1日（週日） 下午 2:02] STEP Industrial — factory lease, machine, technician and first OEM invoice
5085.6s [6月1日（週日） 下午 2:07]   ok  walked back outside
5087.9s [6月1日（週日） 下午 2:11]   traffic collision report dismissed
5104.2s [6月1日（週日） 下午 2:35]   use "捷運——河濱區站"
5105.2s [6月1日（週日） 下午 2:37]   shot 286_metro_industrial.png
5105.2s [6月1日（週日） 下午 2:37]   click [Go_industrial] 工業區  ·  14 分鐘
5106.4s [6月1日（週日） 下午 2:52]   ok  took the Metro to Industrial
5106.5s [6月1日（週日） 下午 2:52]   shot 287_industrial_day.png
5125.5s [6月1日（週日） 下午 3:21]   ok  entered Unit 12 Light Industrial
5130.6s [6月1日（週日） 下午 3:28]   use "Lease Unit 12"
5130.7s [6月1日（週日） 下午 3:28]   click [SignLease_unit12_factory] Sign the lease
5131.2s [6月1日（週日） 下午 3:29]   ok  factory lease signed with actual company funds
5131.4s [6月1日（週日） 下午 3:29]   shot 288_factory_interior.png
5132.6s [6月1日（週日） 下午 3:31]   use "Open Line Planner"
5132.7s [6月1日（週日） 下午 3:32]   click [OpenFactory] Open the factory
5133.1s [6月1日（週日） 下午 3:32]   click [RentMachine] Rent machine · $1,400/month
5133.3s [6月1日（週日） 下午 3:32]   click [HireTomas] Hire Tomas · $1,100/week
5133.5s [6月1日（週日） 下午 3:33]   ok  hired a production technician
5133.5s [6月1日（週日） 下午 3:33]   click [QuoteLess_RFQ-1] −$0.25
5133.7s [6月1日（週日） 下午 3:33]   click [QuoteLess_RFQ-1] −$0.25
5133.9s [6月1日（週日） 下午 3:33]   click [QuoteLess_RFQ-1] −$0.25
5134.1s [6月1日（週日） 下午 3:34]   click [Quote_RFQ-1] Send quote
5134.3s [6月1日（週日） 下午 3:34]   ok  OEM quote became a Jobs contract with deposit
5134.3s [6月1日（週日） 下午 3:34]   click [MaterialMore] +100 units
5134.5s [6月1日（週日） 下午 3:34]   click [MaterialMore] +100 units
5134.7s [6月1日（週日） 下午 3:35]   click [MaterialMore] +100 units
5134.9s [6月1日（週日） 下午 3:35]   click [MaterialMore] +100 units
5135.1s [6月1日（週日） 下午 3:35]   click [MaterialMore] +100 units
5135.3s [6月1日（週日） 下午 3:35]   click [MaterialMore] +100 units
5135.5s [6月1日（週日） 下午 3:36]   click [MaterialMore] +100 units
5135.7s [6月1日（週日） 下午 3:36]   click [MaterialMore] +100 units
5135.9s [6月1日（週日） 下午 3:36]   click [MaterialMore] +100 units
5136.1s [6月1日（週日） 下午 3:37]   click [MaterialMore] +100 units
5136.3s [6月1日（週日） 下午 3:37]   click [BuyMaterials] Order Ferro materials
5138.3s [6月3日（週二） 下午 3:38]   use "Open Line Planner"
5138.4s [6月3日（週二） 下午 3:39]   click [Select_JOB-1] Schedule this order
5138.7s [6月3日（週二） 下午 3:39]   click [FactoryOvertime] ✗ 加班 · 工資 ×1.5、良率降低 2 個百分點
5138.9s [6月3日（週二） 下午 3:39]   click [More_hours] +
5139.1s [6月3日（週二） 下午 3:40]   click [More_hours] +
5139.3s [6月3日（週二） 下午 3:40]   click [More_hours] +
5139.5s [6月3日（週二） 下午 3:40]   click [More_hours] +
5139.7s [6月3日（週二） 下午 3:41]   click [More_hours] +
5139.9s [6月3日（週二） 下午 3:41]   click [More_hours] +
5140.1s [6月3日（週二） 下午 3:41]   click [More_hours] +
5140.3s [6月3日（週二） 下午 3:42]   click [More_hours] +
5140.5s [6月3日（週二） 下午 3:42]   shot 289_line_planner.png
5140.5s [6月3日（週二） 下午 3:42]   click [ReserveSlot] Reserve production slot
5147.6s [6月5日（週四） 上午 1:10]   use "Open Line Planner"
5147.7s [6月5日（週四） 上午 1:10]   ok  first factory revenue has a completed traceable order
5147.7s [6月5日（週四） 上午 1:10]   click [FactoryTab_quality] Quality results
5147.9s [6月5日（週四） 上午 1:10]   shot 290_factory_quality.png
5147.9s [6月5日（週四） 上午 1:10]   ok  OEM material, overtime, invoice and return journals balanced
5152.7s [6月5日（週四） 上午 1:18]   ok  walked back outside
5152.9s [6月5日（週四） 下午 9:00]   shot 291_industrial_night.png
5154.4s [6月5日（週四） 下午 9:03]   traffic collision report dismissed
5169.9s [6月5日（週四） 下午 9:26]   use "捷運——工業區站"
5170.9s [6月5日（週四） 下午 9:27]   shot 292_metro_riverside.png
5170.9s [6月5日（週四） 下午 9:27]   click [Go_riverside] 河濱區  ·  14 分鐘
5171.9s [6月5日（週四） 下午 9:43]   ok  took the Metro to Riverside
5186.4s [6月5日（週四） 下午 10:05]   ok  entered Riverside Tower
5186.4s [6月5日（週四） 下午 10:05] STEP Save → reload → same state
5187.4s [6月5日（週四） 下午 10:06]   ok  cash restored after load
5187.4s [6月5日（週四） 下午 10:06]   ok  time restored after load
5187.4s [6月5日（週四） 下午 10:06]   ok  location restored (riverside_apartment)
5187.6s [6月5日（週四） 下午 10:06]   shot 293_after_load.png
5187.6s [6月1日（週日） 下午 2:00] STEP (harness) skip to Chapter 10
5188.8s [6月1日（週日） 下午 2:02] STEP Residential — licence, brokerage office, client match and first commission
5192.1s [6月3日（週二） 上午 10:06]   ok  walked back outside
5206.1s [6月3日（週二） 上午 10:27]   use "捷運——河濱區站"
5207.1s [6月3日（週二） 上午 10:28]   shot 294_metro_civic_center.png
5207.1s [6月3日（週二） 上午 10:28]   click [Go_civic_center] 市政中心  ·  12 分鐘
5208.2s [6月3日（週二） 上午 10:42]   ok  took the Metro to Civic Center
5215.9s [6月3日（週二） 上午 10:53]   ok  entered Aurelia City Hall
5217.7s [6月3日（週二） 上午 10:55]   use "Permits & regulations"
5217.8s [6月3日（週二） 上午 10:55]   click [PropertyPermits] Property permits
5218.1s [6月3日（週二） 上午 10:56]   click [ApplyRealtyPermit_brokerage] 申請：$250.00 · 3 天
5219.4s [6月6日（週五） 上午 10:58]   ok  brokerage licence followed City Hall fee and three-day process
5222.4s [6月6日（週五） 上午 11:03]   ok  walked back outside
5228.0s [6月6日（週五） 上午 11:12]   use "捷運——市政中心站"
5229.0s [6月6日（週五） 上午 11:13]   shot 295_metro_residential.png
5229.0s [6月6日（週五） 上午 11:13]   click [Go_residential] 住宅區  ·  32 分鐘
5230.1s [6月6日（週五） 上午 11:47]   ok  took the Metro to Residential
5230.2s [6月6日（週五） 上午 11:47]   shot 296_residential_day.png
5233.0s [6月6日（週五） 上午 11:51]   traffic collision report dismissed
5237.2s [6月6日（週五） 上午 11:57]   ok  entered Harlow & Finch Realty
5237.6s [6月6日（週五） 上午 11:58]   use "Lease the brokerage office"
5237.7s [6月6日（週五） 上午 11:58]   click [SignLease_realty_office] Sign the lease
5239.5s [6月6日（週五） 下午 12:01]   use "Open Matchmaker"
5239.6s [6月6日（週五） 下午 12:01]   click [OpenBrokerage] Open the brokerage
5239.8s [6月6日（週五） 下午 12:01]   shot 297_matchmaker.png
5240.4s [6月6日（週五） 下午 12:02]   use "Open Matchmaker"
5240.6s [6月6日（週五） 下午 12:03]   click [Mandate_M-1] 選擇物件
5240.8s [6月6日（週五） 下午 12:03]   click [Client_C-4] 選擇客戶
5241.0s [6月6日（週五） 下午 12:03]   click [Negotiate_soft] 柔性議價
5241.3s [6月6日（週五） 下午 12:03]   click [ArrangeViewing] 安排帶看：$180.00 · 90 分鐘
5242.1s [6月6日（週五） 下午 1:35]   use "Open Matchmaker"
5242.4s [6月6日（週五） 下午 1:35]   click [Mandate_M-2] 選擇物件
5242.6s [6月6日（週五） 下午 1:35]   click [Client_C-5] 選擇客戶
5242.8s [6月6日（週五） 下午 1:36]   click [Negotiate_soft] 柔性議價
5243.0s [6月6日（週五） 下午 1:36]   click [ArrangeViewing] 安排帶看：$180.00 · 90 分鐘
5244.5s [6月13日（週五） 下午 3:07]   use "Open Matchmaker"
5244.8s [6月13日（週五） 下午 3:08]   click [Mandate_M-7] 選擇物件
5245.0s [6月13日（週五） 下午 3:08]   click [Client_C-8] 選擇客戶
5245.2s [6月13日（週五） 下午 3:09]   click [Negotiate_soft] 柔性議價
5245.4s [6月13日（週五） 下午 3:09]   click [ArrangeViewing] 安排帶看：$180.00 · 90 分鐘
5246.2s [6月13日（週五） 下午 4:40]   use "Open Matchmaker"
5246.5s [6月13日（週五） 下午 4:41]   click [Mandate_M-7] 選擇物件
5246.7s [6月13日（週五） 下午 4:41]   click [Client_C-10] 選擇客戶
5246.9s [6月13日（週五） 下午 4:41]   click [Negotiate_soft] 柔性議價
5247.1s [6月13日（週五） 下午 4:41]   click [ArrangeViewing] 安排帶看：$180.00 · 90 分鐘
5248.7s [6月20日（週五） 下午 6:13]   use "Open Matchmaker"
5249.0s [6月20日（週五） 下午 6:13]   click [Mandate_M-12] 選擇物件
5249.2s [6月20日（週五） 下午 6:14]   click [Client_C-13] 選擇客戶
5249.4s [6月20日（週五） 下午 6:14]   click [Negotiate_soft] 柔性議價
5249.6s [6月20日（週五） 下午 6:14]   click [ArrangeViewing] 安排帶看：$180.00 · 90 分鐘
5250.4s [6月20日（週五） 下午 7:46]   use "Open Matchmaker"
5250.7s [6月20日（週五） 下午 7:46]   click [Mandate_M-12] 選擇物件
5250.9s [6月20日（週五） 下午 7:46]   click [Client_C-15] 選擇客戶
5251.1s [6月20日（週五） 下午 7:47]   click [Negotiate_soft] 柔性議價
5251.3s [6月20日（週五） 下午 7:47]   click [ArrangeViewing] 安排帶看：$180.00 · 90 分鐘
5251.9s [6月20日（週五） 下午 9:18]   ok  first brokerage income from a real client deal
5251.9s [6月20日（週五） 下午 9:18]   ok  viewing and commission ledger balanced
5252.1s [6月20日（週五） 下午 9:18]   use "Open Matchmaker"
5252.2s [6月20日（週五） 下午 9:18]   click [RealtyTab_properties] Properties
5252.4s [6月20日（週五） 下午 9:19]   shot 298_property_management.png
5255.8s [6月20日（週五） 下午 9:25]   ok  walked back outside
5261.9s [6月20日（週五） 下午 9:34]   use "捷運——住宅區站"
5262.9s [6月20日（週五） 下午 9:35]   shot 299_metro_riverside.png
5262.9s [6月20日（週五） 下午 9:35]   click [Go_riverside] 河濱區  ·  19 分鐘
5264.0s [6月20日（週五） 下午 9:56]   ok  took the Metro to Riverside
5278.5s [6月20日（週五） 下午 10:18]   ok  entered Riverside Tower
5278.5s [6月20日（週五） 下午 10:18] STEP Save → reload → same state
5279.5s [6月20日（週五） 下午 10:19]   ok  cash restored after load
5279.5s [6月20日（週五） 下午 10:19]   ok  time restored after load
5279.5s [6月20日（週五） 下午 10:19]   ok  location restored (riverside_apartment)
5279.6s [6月20日（週五） 下午 10:19]   shot 300_after_load.png
5279.6s [6月1日（週日） 下午 2:00] STEP (harness) skip to Chapter 10
5280.9s [6月1日（週日） 下午 2:02] STEP University — lease studio, creative pitch, media mix and first client invoice
5284.0s [6月1日（週日） 下午 2:08]   ok  walked back outside
5286.3s [6月1日（週日） 下午 2:11]   traffic collision report dismissed
5302.4s [6月1日（週日） 下午 2:35]   use "捷運——河濱區站"
5303.3s [6月1日（週日） 下午 2:37]   shot 301_metro_university.png
5303.3s [6月1日（週日） 下午 2:37]   click [Go_university] 大學城  ·  13 分鐘
5304.4s [6月1日（週日） 下午 2:51]   ok  took the Metro to University
5304.5s [6月1日（週日） 下午 2:51]   shot 302_university_day.png
5316.9s [6月1日（週日） 下午 3:10]   ok  entered The Loft
5317.3s [6月1日（週日） 下午 3:11]   use "Lease The Loft studio"
5317.4s [6月1日（週日） 下午 3:11]   click [SignLease_loft_office] Sign the lease
5319.3s [6月1日（週日） 下午 3:14]   use "Open Campaign Mixer"
5319.4s [6月1日（週日） 下午 3:14]   click [OpenAgency] Open the campaign studio
5320.1s [6月1日（週日） 下午 3:15]   use "Open Campaign Mixer"
5320.2s [6月1日（週日） 下午 3:15]   click [CreativePitch_JOB-1] Build Creative Pitch
5321.0s [6月1日（週日） 下午 3:15]   click [StartGame] Begin practice
5321.2s [6月1日（週日） 下午 3:15]   shot 303_creative_pitch_first_use_step_0.png
5321.2s [6月1日（週日） 下午 3:15]   click [CreativeCard_slogan_2] Care for every home
5321.5s [6月1日（週日） 下午 3:15]   click [CreativeCard_visual_0] Bold colour
5321.7s [6月1日（週日） 下午 3:15]   click [CreativeCard_tone_3] Refined
5322.0s [6月1日（週日） 下午 3:15]   ok  creative_pitch_first_use tutorial completes
5322.1s [6月1日（週日） 下午 3:15]   shot 304_creative_pitch_first_use_ready.png
5322.1s [6月1日（週日） 下午 3:15]   click [StartFormalWork] Start work
5322.3s [6月1日（週日） 下午 3:15]   click [CreativeCard_slogan_2] Care for every home
5322.5s [6月1日（週日） 下午 3:15]   click [CreativeCard_visual_0] Bold colour
5322.7s [6月1日（週日） 下午 3:15]   click [CreativeCard_tone_3] Refined
5322.9s [6月1日（週日） 下午 3:15]   shot 305_creative_pitch_result.png
5322.9s [6月1日（週日） 下午 3:15]   click [FinishGame] Continue
5323.2s [6月1日（週日） 下午 5:15]   click [Propose_JOB-1] 提出提案 · $280 · 180 分鐘
5324.0s [6月1日（週日） 下午 8:16]   use "Open Campaign Mixer"
5324.1s [6月1日（週日） 下午 8:16]   click [CreativePitch_JOB-2] Build Creative Pitch
5324.9s [6月1日（週日） 下午 8:16]   click [StartGame] Start
5325.1s [6月1日（週日） 下午 8:16]   click [CreativeCard_slogan_3] Quiet excellence
5325.3s [6月1日（週日） 下午 8:16]   click [CreativeCard_visual_1] Clean charts
5325.5s [6月1日（週日） 下午 8:16]   click [CreativeCard_tone_0] Playful
5325.7s [6月1日（週日） 下午 8:16]   shot 306_creative_pitch_result.png
5325.7s [6月1日（週日） 下午 8:16]   click [FinishGame] Continue
5326.0s [6月1日（週日） 下午 10:16]   click [Propose_JOB-2] 提出提案 · $280 · 180 分鐘
5326.6s [6月2日（週一） 上午 1:17]   ok  actual creative cards and proposal win a client job
5326.8s [6月2日（週一） 上午 1:17]   use "Open Campaign Mixer"
5326.9s [6月2日（週一） 上午 1:17]   click [MediaTab_mixer] Media mix
5327.0s [6月2日（週一） 上午 1:17]   click [SelectCampaign_JOB-2] Finch Families
5327.4s [6月2日（週一） 上午 1:18]   click [MixMore_radio] +
5327.6s [6月2日（週一） 上午 1:18]   shot 307_campaign_mixer.png
5329.4s [6月16日（週一） 上午 1:19]   ok  daily campaign finishes actual client work
5329.4s [6月16日（週一） 上午 1:19]   ok  first agency income is a traceable Jobs invoice
5329.4s [6月16日（週一） 上午 1:19]   ok  campaign costs and invoice balance
5329.6s [6月16日（週一） 上午 1:19]   use "Open Campaign Mixer"
5329.7s [6月16日（週一） 上午 1:19]   click [MediaTab_reports] Campaign reports
5329.9s [6月16日（週一） 上午 1:20]   shot 308_campaign_report.png
5332.5s [6月16日（週一） 上午 1:25]   ok  walked back outside
5338.9s [6月16日（週一） 上午 1:34]   use "捷運——大學區站"
5339.8s [6月16日（週一） 上午 1:36]   shot 309_metro_riverside.png
5339.9s [6月16日（週一） 上午 1:36]   click [Go_riverside] 河濱區  ·  13 分鐘
5340.9s [6月16日（週一） 上午 1:50]   ok  took the Metro to Riverside
5350.1s [6月16日（週一） 上午 2:04]   ok  entered Riverside Tower
5350.1s [6月16日（週一） 上午 2:04] STEP Save → reload → same state
5351.1s [6月16日（週一） 上午 2:06]   ok  cash restored after load
5351.1s [6月16日（週一） 上午 2:06]   ok  time restored after load
5351.1s [6月16日（週一） 上午 2:06]   ok  location restored (riverside_apartment)
5351.2s [6月16日（週一） 上午 2:06]   shot 310_after_load.png
5351.2s [6月1日（週日） 下午 2:00] STEP (harness) skip to Chapter 10
5352.5s [6月1日（週日） 下午 2:02] STEP Luxury Heights — take over the Aster Inn, set the Rate Board, staff up and sell the first nights
5355.6s [6月1日（週日） 下午 2:07]   ok  walked back outside
5357.9s [6月1日（週日） 下午 2:11]   traffic collision report dismissed
5374.3s [6月1日（週日） 下午 2:35]   use "捷運——河濱區站"
5375.3s [6月1日（週日） 下午 2:37]   shot 311_metro_luxury_heights.png
5375.3s [6月1日（週日） 下午 2:37]   click [Go_luxury_heights] 豪景高地  ·  18 分鐘
5376.4s [6月1日（週日） 下午 2:56]   ok  took the Metro to Luxury Heights
5376.5s [6月1日（週日） 下午 2:56]   shot 312_luxury_heights_day.png
5395.9s [6月1日（週日） 下午 3:25]   ok  entered The Aster
5397.1s [6月1日（週日） 下午 3:27]   use "Open the Rate Board"
5397.3s [6月1日（週日） 下午 3:27]   click [TakeoverAster] 頂下 Aster 小旅館 · $150,000
5397.6s [6月1日（週日） 下午 3:27]   ok  actual takeover opens the 12-room Aster Inn
5397.6s [6月1日（週日） 下午 3:27]   shot 313_rate_board.png
5397.6s [6月1日（週日） 下午 3:27]   click [Price_standard_10] +$10
5397.9s [6月1日（週日） 下午 3:28]   click [BoardNextOps] Next: daily operations
5398.1s [6月1日（週日） 下午 3:28]   shot 314_hotel_operations.png
5399.7s [6月13日（週五） 下午 9:29]   ok  night audits sell rooms and book room revenue
5399.7s [6月13日（週五） 下午 9:29]   ok  hotel books balance
5399.9s [6月13日（週五） 下午 9:29]   use "Open the Rate Board"
5400.0s [6月13日（週五） 下午 9:29]   click [HotelTab_reviews] Guest reviews
5400.2s [6月13日（週五） 下午 9:30]   shot 315_guest_reviews.png
5400.2s [6月1日（週日） 下午 2:00] STEP (harness) skip to Chapter 10
5401.6s [6月1日（週日） 下午 2:02] STEP Industrial - lease warehouse, Roof Survey, subsidy, install and first solar invoice
5405.0s [6月1日（週日） 下午 2:08]   ok  walked back outside
5407.3s [6月1日（週日） 下午 2:11]   traffic collision report dismissed
5423.3s [6月1日（週日） 下午 2:35]   use "捷運——河濱區站"
5424.3s [6月1日（週日） 下午 2:37]   shot 316_metro_industrial.png
5424.3s [6月1日（週日） 下午 2:37]   click [Go_industrial] 工業區  ·  14 分鐘
5425.4s [6月1日（週日） 下午 2:52]   ok  took the Metro to Industrial
5425.4s [6月1日（週日） 下午 2:52]   shot 317_industrial_energy_day.png
5433.7s [6月1日（週日） 下午 3:05]   ok  entered Helio Warehouse Office
5438.8s [6月1日（週日） 下午 3:13]   use "Lease the Helio warehouse office"
5438.9s [6月1日（週日） 下午 3:13]   click [SignLease_helio_warehouse] Sign the lease
5440.8s [6月1日（週日） 下午 3:16]   use "Open Energy Console"
5440.9s [6月1日（週日） 下午 3:16]   click [OpenEnergy] 開辦太陽能事業
5441.7s [6月1日（週日） 下午 3:17]   use "Open Energy Console"
5441.8s [6月1日（週日） 下午 3:17]   click [Survey_ROOF-1] 勘查這個屋頂
5442.1s [6月1日（週日） 下午 3:18]   click [AutoLayout] 自動擺放最佳位置
5442.4s [6月1日（週日） 下午 3:18]   shot 318_roof_survey.png
5442.4s [6月1日（週日） 下午 3:18]   click [SendQuote] 送出報價 · $29,526
5449.4s [6月1日（週日） 下午 4:13]   use "Open Energy Console"
5449.5s [6月1日（週日） 下午 4:14]   click [Survey_ROOF-2] 勘查這個屋頂
5449.8s [6月1日（週日） 下午 4:14]   click [AutoLayout] 自動擺放最佳位置
5450.1s [6月1日（週日） 下午 4:14]   shot 319_roof_survey.png
5450.1s [6月1日（週日） 下午 4:14]   click [SendQuote] 送出報價 · $7,816
5450.8s [6月1日（週日） 下午 5:01]   use "Open Energy Console"
5450.9s [6月1日（週日） 下午 5:01]   click [Survey_ROOF-3] 勘查這個屋頂
5451.2s [6月1日（週日） 下午 5:01]   click [AutoLayout] 自動擺放最佳位置
5451.5s [6月1日（週日） 下午 5:02]   shot 320_roof_survey.png
5451.5s [6月1日（週日） 下午 5:02]   click [SendQuote] 送出報價 · $10,421
5453.0s [6月8日（週日） 下午 5:48]   use "Open Energy Console"
5453.1s [6月8日（週日） 下午 5:48]   click [Survey_ROOF-4] 勘查這個屋頂
5453.4s [6月8日（週日） 下午 5:49]   click [AutoLayout] 自動擺放最佳位置
5453.7s [6月8日（週日） 下午 5:49]   shot 321_roof_survey.png
5453.7s [6月8日（週日） 下午 5:49]   click [SendQuote] 送出報價 · $7,816
5454.4s [6月8日（週日） 下午 6:35]   use "Open Energy Console"
5454.5s [6月8日（週日） 下午 6:35]   click [Survey_ROOF-5] 勘查這個屋頂
5454.9s [6月8日（週日） 下午 6:36]   click [AutoLayout] 自動擺放最佳位置
5455.1s [6月8日（週日） 下午 6:36]   shot 322_roof_survey.png
5455.1s [6月8日（週日） 下午 6:36]   click [SendQuote] 送出報價 · $13,026
5456.6s [6月15日（週日） 下午 7:23]   use "Open Energy Console"
5456.7s [6月15日（週日） 下午 7:23]   click [Survey_ROOF-6] 勘查這個屋頂
5457.0s [6月15日（週日） 下午 7:23]   click [AutoLayout] 自動擺放最佳位置
5457.3s [6月15日（週日） 下午 7:24]   shot 323_roof_survey.png
5457.3s [6月15日（週日） 下午 7:24]   click [SendQuote] 送出報價 · $14,763
5457.9s [6月15日（週日） 下午 8:10]   ok  actual Roof Survey quote wins a client job
5458.1s [6月15日（週日） 下午 8:10]   use "Open Energy Console"
5458.2s [6月15日（週日） 下午 8:10]   click [EnergyTab_installs] Installs & warranty
5458.5s [6月15日（週日） 下午 8:11]   click [StartInstall_JOB-1] 訂購材料並開工 · $11,220
5463.7s [7月15日（週二） 下午 8:12]   shot 324_month_close_report.png
5463.7s [7月15日（週二） 下午 8:12]   click [month close] Continue
5464.3s [7月15日（週二） 下午 8:12]   ok  crew-days finish the install
5464.3s [7月15日（週二） 下午 8:12]   ok  first solar income is a traceable Jobs invoice
5464.3s [7月15日（週二） 下午 8:12]   ok  materials, install and invoice balance
5464.5s [7月15日（週二） 下午 8:12]   use "Open Energy Console"
5464.6s [7月15日（週二） 下午 8:13]   click [EnergyTab_installs] Installs & warranty
5464.8s [7月15日（週二） 下午 8:13]   shot 325_energy_installs.png
5469.4s [7月15日（週二） 下午 8:21]   ok  walked back outside
5470.3s [7月15日（週二） 下午 8:22]   traffic collision report dismissed
5476.1s [7月15日（週二） 下午 8:31]   use "捷運——工業區站"
5477.0s [7月15日（週二） 下午 8:32]   shot 326_metro_riverside.png
5477.1s [7月15日（週二） 下午 8:32]   click [Go_riverside] 河濱區  ·  14 分鐘
5478.1s [7月15日（週二） 下午 8:48]   ok  took the Metro to Riverside
5492.6s [7月15日（週二） 下午 9:10]   ok  entered Riverside Tower
5492.6s [6月1日（週日） 下午 2:00] STEP (harness) skip to Chapter 10
5494.0s [6月1日（週日） 下午 2:02] STEP Airport - open the auto desk, win a Wednesday auction car, recondition, list and sell it
5497.2s [6月1日（週日） 下午 2:08]   ok  walked back outside
5499.4s [6月1日（週日） 下午 2:11]   traffic collision report dismissed
5515.7s [6月1日（週日） 下午 2:35]   use "捷運——河濱區站"
5516.7s [6月1日（週日） 下午 2:37]   shot 327_metro_airport.png
5516.7s [6月1日（週日） 下午 2:37]   click [Go_airport] 國際機場  ·  24 分鐘
5518.1s [6月1日（週日） 下午 3:02]   ok  took the Metro to Airport
5518.2s [6月1日（週日） 下午 3:02]   shot 328_airport_day.png
5532.6s [6月1日（週日） 下午 3:24]   ok  entered Gateway Car Rental
5534.0s [6月1日（週日） 下午 3:26]   use "Open the fleet desk"
5534.3s [6月1日（週日） 下午 3:27]   click [OpenAutoDesk] 開設汽車櫃台 · 執照費 $400.00
5534.5s [6月1日（週日） 下午 3:27]   ok  actual licence opens the auto desk
5534.8s [6月4日（週三） 上午 10:00]   shot 329_auction_lots.png
5536.8s [6月25日（週三） 上午 10:00]   ok  auto books balance
5536.8s [6月25日（週三） 上午 10:00] STEP Save → reload → same state
5537.7s [6月25日（週三） 上午 10:02]   ok  cash restored after load
5537.7s [6月25日（週三） 上午 10:02]   ok  time restored after load
5537.7s [6月25日（週三） 上午 10:02]   ok  location restored (gateway_car_rental)
5537.8s [6月25日（週三） 上午 10:02]   shot 330_after_load.png
5538.7s [6月1日（週日） 下午 2:01]   click [ToggleWalkingRoutes] Walking routes
5539.4s [6月1日（週日） 下午 2:02]   ok  actual button opens walking diagram
5539.5s [6月1日（週日） 下午 2:02]   shot 331_city_walking_connections.png
5539.5s [6月1日（週日） 下午 2:02]   ok  Euler circuit includes every directed walking link
5539.5s [6月1日（週日） 下午 2:02] STEP Walking riverside > startup_hub
5540.1s [6月1日（週日） 下午 2:02]   shot 332_exit_sign_E_riverside.png
5541.3s [6月1日（週日） 下午 2:16]   ok  actual walking transition to startup_hub
5541.8s [6月1日（週日） 下午 2:17]   ok  arrival does not retrigger a return
5541.8s [6月1日（週日） 下午 2:17] STEP Walking startup_hub > riverside
5542.5s [6月1日（週日） 下午 2:18]   shot 333_exit_sign_W_startup_hub.png
5543.6s [6月1日（週日） 下午 2:32]   ok  actual walking transition to riverside
5544.1s [6月1日（週日） 下午 2:32]   ok  arrival does not retrigger a return
5544.1s [6月1日（週日） 下午 2:32] STEP Walking riverside > civic_center
5547.2s [6月1日（週日） 下午 2:37]   shot 334_exit_sign_N_riverside.png
5548.4s [6月1日（週日） 下午 2:50]   ok  actual walking transition to civic_center
5548.9s [6月1日（週日） 下午 2:50]   ok  arrival does not retrigger a return
5548.9s [6月1日（週日） 下午 2:50] STEP Walking civic_center > riverside
5549.4s [6月1日（週日） 下午 2:51]   shot 335_exit_sign_S_civic_center.png
5550.6s [6月1日（週日） 下午 3:04]   ok  actual walking transition to riverside
5551.1s [6月1日（週日） 下午 3:05]   ok  arrival does not retrigger a return
5551.1s [6月1日（週日） 下午 3:05] STEP Walking riverside > financial
5553.1s [6月1日（週日） 下午 3:17]   ok  actual walking transition to financial
5553.6s [6月1日（週日） 下午 3:18]   ok  arrival does not retrigger a return
5553.6s [6月1日（週日） 下午 3:18] STEP Walking financial > riverside
5555.4s [6月1日（週日） 下午 3:29]   ok  actual walking transition to riverside
5555.9s [6月1日（週日） 下午 3:30]   ok  arrival does not retrigger a return
5555.9s [6月1日（週日） 下午 3:30] STEP Walking riverside > harbor
5577.1s [6月1日（週日） 下午 4:08]   ok  actual walking transition to harbor
5577.6s [6月1日（週日） 下午 4:09]   ok  arrival does not retrigger a return
5577.6s [6月1日（週日） 下午 4:09] STEP Walking harbor > financial
5581.8s [6月1日（週日） 下午 4:27]   ok  actual walking transition to financial
5582.3s [6月1日（週日） 下午 4:28]   ok  arrival does not retrigger a return
5582.3s [6月1日（週日） 下午 4:28] STEP Walking financial > civic_center
5586.8s [6月1日（週日） 下午 4:44]   ok  actual walking transition to civic_center
5587.3s [6月1日（週日） 下午 4:44]   ok  arrival does not retrigger a return
5587.3s [6月1日（週日） 下午 4:44] STEP Walking civic_center > startup_hub
5601.4s [6月1日（週日） 下午 5:16]   ok  actual walking transition to startup_hub
5601.9s [6月1日（週日） 下午 5:17]   ok  arrival does not retrigger a return
5601.9s [6月1日（週日） 下午 5:17] STEP Walking startup_hub > civic_center
5610.4s [6月1日（週日） 下午 5:41]   ok  actual walking transition to civic_center
5610.9s [6月1日（週日） 下午 5:42]   ok  arrival does not retrigger a return
5610.9s [6月1日（週日） 下午 5:42] STEP Walking civic_center > financial
5624.9s [6月1日（週日） 下午 6:12]   ok  actual walking transition to financial
5625.4s [6月1日（週日） 下午 6:12]   ok  arrival does not retrigger a return
5625.4s [6月1日（週日） 下午 6:12] STEP Walking financial > harbor
5632.2s [6月1日（週日） 下午 6:35]   ok  actual walking transition to harbor
5632.7s [6月1日（週日） 下午 6:35]   ok  arrival does not retrigger a return
5632.7s [6月1日（週日） 下午 6:35] STEP Walking harbor > shopping_street
5652.1s [6月1日（週日） 下午 7:21]   ok  actual walking transition to shopping_street
5652.6s [6月1日（週日） 下午 7:22]   ok  arrival does not retrigger a return
5652.6s [6月1日（週日） 下午 7:22] STEP Walking shopping_street > residential
5656.8s [6月1日（週日） 下午 7:36]   ok  actual walking transition to residential
5657.3s [6月1日（週日） 下午 7:37]   ok  arrival does not retrigger a return
5657.3s [6月1日（週日） 下午 7:37] STEP Walking residential > shopping_street
5659.0s [6月1日（週日） 下午 7:48]   ok  actual walking transition to shopping_street
5659.5s [6月1日（週日） 下午 7:48]   ok  arrival does not retrigger a return
5659.5s [6月1日（週日） 下午 7:48] STEP Walking shopping_street > old_town
5666.8s [6月1日（週日） 下午 8:08]   ok  actual walking transition to old_town
5667.3s [6月1日（週日） 下午 8:09]   ok  arrival does not retrigger a return
5667.3s [6月1日（週日） 下午 8:09] STEP Walking old_town > financial
5682.3s [6月1日（週日） 下午 8:39]   ok  actual walking transition to financial
5682.8s [6月1日（週日） 下午 8:39]   ok  arrival does not retrigger a return
5682.8s [6月1日（週日） 下午 8:39] STEP Walking financial > luxury_heights
5697.8s [6月1日（週日） 下午 9:12]   ok  actual walking transition to luxury_heights
5698.3s [6月1日（週日） 下午 9:12]   ok  arrival does not retrigger a return
5698.3s [6月1日（週日） 下午 9:12] STEP Walking luxury_heights > civic_center
5700.4s [6月1日（週日） 下午 9:25]   ok  actual walking transition to civic_center
5700.9s [6月1日（週日） 下午 9:25]   ok  arrival does not retrigger a return
5700.9s [6月1日（週日） 下午 9:25] STEP Walking civic_center > airport
5710.9s [6月1日（週日） 下午 9:54]   ok  actual walking transition to airport
5711.4s [6月1日（週日） 下午 9:55]   ok  arrival does not retrigger a return
5711.4s [6月1日（週日） 下午 9:55] STEP Walking airport > university
5731.9s [6月1日（週日） 下午 10:34]   ok  actual walking transition to university
5732.4s [6月1日（週日） 下午 10:35]   ok  arrival does not retrigger a return
5732.4s [6月1日（週日） 下午 10:35] STEP Walking university > startup_hub
5752.9s [6月1日（週日） 下午 11:14]   ok  actual walking transition to startup_hub
5753.4s [6月1日（週日） 下午 11:15]   ok  arrival does not retrigger a return
5753.4s [6月1日（週日） 下午 11:15] STEP Walking startup_hub > university
5755.1s [6月1日（週日） 下午 11:27]   ok  actual walking transition to university
5755.6s [6月1日（週日） 下午 11:27]   ok  arrival does not retrigger a return
5755.6s [6月1日（週日） 下午 11:27] STEP Walking university > airport
5776.1s [6月2日（週一） 上午 12:06]   ok  actual walking transition to airport
5776.6s [6月2日（週一） 上午 12:07]   ok  arrival does not retrigger a return
5776.6s [6月2日（週一） 上午 12:07] STEP Walking airport > civic_center
5802.8s [6月2日（週一） 上午 1:00]   ok  actual walking transition to civic_center
5803.3s [6月2日（週一） 上午 1:01]   ok  arrival does not retrigger a return
5803.3s [6月2日（週一） 上午 1:01] STEP Walking civic_center > luxury_heights
5807.9s [6月2日（週一） 上午 1:17]   ok  actual walking transition to luxury_heights
5808.4s [6月2日（週一） 上午 1:18]   ok  arrival does not retrigger a return
5808.4s [6月2日（週一） 上午 1:18] STEP Walking luxury_heights > financial
5810.4s [6月2日（週一） 上午 1:31]   ok  actual walking transition to financial
5810.9s [6月2日（週一） 上午 1:31]   ok  arrival does not retrigger a return
5810.9s [6月2日（週一） 上午 1:31] STEP Walking financial > old_town
5825.8s [6月2日（週一） 上午 2:01]   ok  actual walking transition to old_town
5826.3s [6月2日（週一） 上午 2:02]   ok  arrival does not retrigger a return
5826.3s [6月2日（週一） 上午 2:02] STEP Walking old_town > shopping_street
5841.4s [6月2日（週一） 上午 2:34]   ok  actual walking transition to shopping_street
5841.9s [6月2日（週一） 上午 2:35]   ok  arrival does not retrigger a return
5841.9s [6月2日（週一） 上午 2:35] STEP Walking shopping_street > industrial
5857.4s [6月2日（週一） 上午 3:06]   ok  actual walking transition to industrial
5857.9s [6月2日（週一） 上午 3:07]   ok  arrival does not retrigger a return
5857.9s [6月2日（週一） 上午 3:07] STEP Walking industrial > residential
5869.1s [6月2日（週一） 上午 3:34]   ok  actual walking transition to residential
5869.6s [6月2日（週一） 上午 3:34]   ok  arrival does not retrigger a return
5869.6s [6月2日（週一） 上午 3:34] STEP Walking residential > old_town
5893.4s [6月2日（週一） 上午 4:17]   ok  actual walking transition to old_town
5893.9s [6月2日（週一） 上午 4:18]   ok  arrival does not retrigger a return
5893.9s [6月2日（週一） 上午 4:18] STEP Walking old_town > luxury_heights
5915.8s [6月2日（週一） 上午 5:00]   ok  actual walking transition to luxury_heights
5916.3s [6月2日（週一） 上午 5:00]   ok  arrival does not retrigger a return
5916.3s [6月2日（週一） 上午 5:00] STEP Walking luxury_heights > old_town
5918.0s [6月2日（週一） 上午 5:12]   ok  actual walking transition to old_town
5918.5s [6月2日（週一） 上午 5:13]   ok  arrival does not retrigger a return
5918.5s [6月2日（週一） 上午 5:13] STEP Walking old_town > residential
5936.8s [6月2日（週一） 上午 5:47]   ok  actual walking transition to residential
5937.3s [6月2日（週一） 上午 5:48]   ok  arrival does not retrigger a return
5937.3s [6月2日（週一） 上午 5:48] STEP Walking residential > industrial
5961.1s [6月2日（週一） 上午 6:34]   ok  actual walking transition to industrial
5961.6s [6月2日（週一） 上午 6:34]   ok  arrival does not retrigger a return
5961.6s [6月2日（週一） 上午 6:34] STEP Walking industrial > shopping_street
5963.4s [6月2日（週一） 上午 6:45]   ok  actual walking transition to shopping_street
5963.9s [6月2日（週一） 上午 6:46]   ok  arrival does not retrigger a return
5963.9s [6月2日（週一） 上午 6:46] STEP Walking shopping_street > harbor
5979.4s [6月2日（週一） 上午 7:26]   ok  actual walking transition to harbor
5979.9s [6月2日（週一） 上午 7:27]   ok  arrival does not retrigger a return
5979.9s [6月2日（週一） 上午 7:27] STEP Walking harbor > riverside
5998.6s [6月2日（週一） 上午 8:01]   ok  actual walking transition to riverside
5999.1s [6月2日（週一） 上午 8:02]   ok  arrival does not retrigger a return
5999.1s [6月2日（週一） 上午 8:02]   ok  all walking time preserves ledger
5999.1s [6月2日（週一） 上午 8:02] STEP Personal-life route: earned relationships, social event, referral and recovery
5999.4s [6月2日（週一） 上午 8:02]   click [PersonalRequest] 協助・45 分鐘・$0.00
6000.0s [6月2日（週一） 上午 8:02]   click [StartGame] Begin practice
6000.3s [6月2日（週一） 上午 8:02]   shot 336_personal_request_game_first_use_step_0.png
6000.3s [6月2日（週一） 上午 8:02]   click [PersonalAnswer_document] 採用無階梯步道，並說明路程較長 45 分鐘・物料 $0.00・信任 +10
6000.5s [6月2日（週一） 上午 8:02]   ok  personal_request_game_first_use tutorial completes
6000.6s [6月2日（週一） 上午 8:02]   shot 337_personal_request_game_first_use_ready.png
6000.6s [6月2日（週一） 上午 8:02]   click [StartFormalWork] Start work
6001.0s [6月2日（週一） 上午 8:02]   click [PersonalAnswer_document] 採用無階梯步道，並說明路程較長 45 分鐘・物料 $0.00・信任 +10
6001.4s [6月2日（週一） 上午 8:02]   click [FinishGame] Continue
6001.9s [6月2日（週一） 上午 8:47]   ok  real personal request: maya part 1
6001.9s [6月2日（週一） 上午 8:47]   click [PersonalRequest] 協助・60 分鐘・$10.00
6002.5s [6月2日（週一） 上午 8:47]   click [StartGame] Start
6002.9s [6月2日（週一） 上午 8:47]   click [PersonalAnswer_compare] 公布目前營業時間，並說明舊資料有誤 60 分鐘・物料 $10.00・信任 +10
6003.3s [6月2日（週一） 上午 8:47]   click [FinishGame] Continue
6003.7s [6月2日（週一） 上午 9:47]   ok  real personal request: maya part 2
6003.7s [6月2日（週一） 上午 9:47]   click [PersonalRequest] 協助・90 分鐘・$20.00
6004.3s [6月2日（週一） 上午 9:47]   click [StartGame] Start
6004.7s [6月2日（週一） 上午 9:47]   click [PersonalAnswer_scope] 經查核的指南、聯絡方式與明確限制 90 分鐘・物料 $20.00・信任 +10
6005.1s [6月2日（週一） 上午 9:47]   click [FinishGame] Continue
6005.5s [6月2日（週一） 上午 11:17]   ok  real personal request: maya part 3
6006.2s [6月2日（週一） 上午 11:18]   click [PersonalRequest] 協助・45 分鐘・$0.00
6006.8s [6月2日（週一） 上午 11:18]   click [StartGame] Start
6007.2s [6月2日（週一） 上午 11:18]   click [PersonalAnswer_document] 版位條件、佣金與仍需實際訂房 45 分鐘・物料 $0.00・信任 +10
6007.6s [6月2日（週一） 上午 11:18]   click [FinishGame] Continue
6008.0s [6月2日（週一） 下午 12:03]   ok  real personal request: priya part 1
6008.0s [6月2日（週一） 下午 12:03]   click [PersonalRequest] 協助・60 分鐘・$10.00
6008.6s [6月2日（週一） 下午 12:03]   click [StartGame] Start
6009.0s [6月2日（週一） 下午 12:03]   click [PersonalAnswer_compare] 採用目前客房並列出實際設施 60 分鐘・物料 $10.00・信任 +10
6009.4s [6月2日（週一） 下午 12:03]   click [FinishGame] Continue
6009.8s [6月2日（週一） 下午 1:03]   ok  real personal request: priya part 2
6009.8s [6月2日（週一） 下午 1:03]   click [PersonalRequest] 協助・90 分鐘・$20.00
6010.4s [6月2日（週一） 下午 1:03]   click [StartGame] Start
6010.8s [6月2日（週一） 下午 1:03]   click [PersonalAnswer_scope] 已查核的客房文案與通路條款揭露 90 分鐘・物料 $20.00・信任 +10
6011.2s [6月2日（週一） 下午 1:03]   click [FinishGame] Continue
6011.6s [6月2日（週一） 下午 2:33]   ok  real personal request: priya part 3
6012.3s [6月2日（週一） 下午 2:34]   click [PersonalRequest] 協助・45 分鐘・$0.00
6012.9s [6月2日（週一） 下午 2:34]   click [StartGame] Start
6013.3s [6月2日（週一） 下午 2:34]   click [PersonalAnswer_document] 說明修補方式並列出兩種實際價格 45 分鐘・物料 $0.00・信任 +10
6013.7s [6月2日（週一） 下午 2:34]   click [FinishGame] Continue
6014.1s [6月2日（週一） 下午 3:19]   ok  real personal request: nina part 1
6014.1s [6月2日（週一） 下午 3:19]   click [PersonalRequest] 協助・60 分鐘・$10.00
6014.7s [6月2日（週一） 下午 3:19]   click [StartGame] Start
6015.1s [6月2日（週一） 下午 3:19]   click [PersonalAnswer_compare] 描述材質並標明永續宣稱未經查核 60 分鐘・物料 $10.00・信任 +10
6015.5s [6月2日（週一） 下午 3:19]   click [FinishGame] Continue
6015.9s [6月2日（週一） 下午 4:19]   ok  real personal request: nina part 2
6015.9s [6月2日（週一） 下午 4:19]   click [PersonalRequest] 協助・90 分鐘・$20.00
6016.6s [6月2日（週一） 下午 4:19]   click [StartGame] Start
6016.9s [6月2日（週一） 下午 4:19]   click [PersonalAnswer_scope] 記錄可修補範例與檢查限制 90 分鐘・物料 $20.00・信任 +10
6017.3s [6月2日（週一） 下午 4:19]   click [FinishGame] Continue
6017.7s [6月2日（週一） 下午 5:49]   ok  real personal request: nina part 3
6018.4s [6月2日（週一） 下午 5:50]   click [PersonalRequest] 協助・45 分鐘・$0.00
6019.0s [6月2日（週一） 下午 5:50]   click [StartGame] Start
6019.4s [6月2日（週一） 下午 5:50]   click [PersonalAnswer_document] 揭露煞車保養需求並索取維修報價 45 分鐘・物料 $0.00・信任 +10
6019.8s [6月2日（週一） 下午 5:50]   click [FinishGame] Continue
6020.2s [6月2日（週一） 下午 6:35]   ok  real personal request: sam part 1
6020.2s [6月2日（週一） 下午 6:35]   click [PersonalRequest] 協助・60 分鐘・$10.00
6020.8s [6月2日（週一） 下午 6:35]   click [StartGame] Start
6021.2s [6月2日（週一） 下午 6:35]   click [PersonalAnswer_compare] 說明保養日與替代車流程 60 分鐘・物料 $10.00・信任 +10
6021.6s [6月2日（週一） 下午 6:35]   click [FinishGame] Continue
6022.0s [6月2日（週一） 下午 7:35]   ok  real personal request: sam part 2
6022.0s [6月2日（週一） 下午 7:35]   click [PersonalRequest] 協助・90 分鐘・$20.00
6022.7s [6月2日（週一） 下午 7:35]   click [StartGame] Start
6023.0s [6月2日（週一） 下午 7:35]   click [PersonalAnswer_scope] 經查核的交車文件與尚待檢查項目 90 分鐘・物料 $20.00・信任 +10
6023.4s [6月2日（週一） 下午 7:35]   click [FinishGame] Continue
6023.9s [6月2日（週一） 下午 9:05]   ok  real personal request: sam part 3
6023.9s [6月2日（週一） 下午 9:05]   shot 338_personal_sam_partner.png
6023.9s [6月2日（週一） 下午 9:05]   click [ReferralReview] Review the referred job
6024.3s [6月2日（週一） 下午 9:06]   click [ReferralAccept] Accept the referred job
6024.7s [6月2日（週一） 下午 9:06]   click [ReferralWork] Do the referred work
6025.1s [6月2日（週一） 下午 9:07]   click [StartGame] Start
6025.5s [6月2日（週一） 下午 9:07]   click [PersonalAnswer_scope] 經查核的交車文件與尚待檢查項目 90 分鐘・物料 $20.00・信任 +10
6025.9s [6月2日（週一） 下午 9:07]   click [FinishGame] Continue
6026.3s [6月3日（週二） 上午 12:07]   ok  real Jobs referral waits for payment
6026.3s [6月3日（週二） 上午 12:07]   ok  referred work pays actual supplies before collection
6026.4s [6月3日（週二） 上午 12:07]   shot 339_personal_referral_invoice.png
6027.0s [6月3日（週二） 上午 12:08]   click [PersonalRequest] 協助・45 分鐘・$0.00
6027.7s [6月3日（週二） 上午 12:08]   click [StartGame] Start
6028.0s [6月3日（週二） 上午 12:08]   click [PersonalAnswer_document] 列出數量、單價與預計到貨日 45 分鐘・物料 $0.00・信任 +10
6028.4s [6月3日（週二） 上午 12:08]   click [FinishGame] Continue
6028.9s [6月3日（週二） 上午 12:53]   ok  real personal request: ken part 1
6028.9s [6月3日（週二） 上午 12:53]   click [PersonalRequest] 協助・60 分鐘・$10.00
6029.5s [6月3日（週二） 上午 12:53]   click [StartGame] Start
6029.8s [6月3日（週二） 上午 12:53]   click [PersonalAnswer_compare] 說明到期日與付款所需現金 60 分鐘・物料 $10.00・信任 +10
6030.2s [6月3日（週二） 上午 12:53]   click [FinishGame] Continue
6030.7s [6月3日（週二） 上午 1:53]   ok  real personal request: ken part 2
6030.7s [6月3日（週二） 上午 1:53]   click [PersonalRequest] 協助・90 分鐘・$20.00
6031.3s [6月3日（週二） 上午 1:53]   click [StartGame] Start
6031.6s [6月3日（週二） 上午 1:53]   click [PersonalAnswer_scope] 列出已查核文件與缺漏項目 90 分鐘・物料 $20.00・信任 +10
6032.0s [6月3日（週二） 上午 1:53]   click [FinishGame] Continue
6032.5s [6月3日（週二） 上午 3:23]   ok  real personal request: ken part 3
6033.4s [6月5日（週四） 下午 6:00]   shot 340_personal_social_calendar.png
6033.4s [6月5日（週四） 下午 6:00]   click [Social_chamber] Attend
6033.9s [6月5日（週四） 下午 8:01]   ok  social event meal really paid
6034.0s [6月5日（週四） 下午 8:01]   shot 341_personal_social_information.png
6034.7s [6月5日（週四） 下午 8:02]   ok  high-stress illness fixture triggered
6034.8s [6月5日（週四） 下午 8:02]   shot 342_personal_stress_choices.png
6034.8s [6月5日（週四） 下午 8:02]   click [RecoveryRest] Free recovery day · 480 minutes
6035.3s [6月6日（週五） 上午 4:03]   ok  real free rest button ends illness
6035.4s [6月6日（週五） 上午 4:03]   shot 343_personal_recovered_contacts.png
6035.8s [6月6日（週五） 上午 4:04]   ok  personal requests, gifts and referral journals balance
6035.8s [6月6日（週五） 上午 4:04] STEP Save → reload → same state
6036.7s [6月6日（週五） 上午 4:05]   ok  cash restored after load
6036.7s [6月6日（週五） 上午 4:05]   ok  time restored after load
6036.7s [6月6日（週五） 上午 4:05]   ok  location restored (riverside)
6036.9s [6月6日（週五） 上午 4:05]   shot 344_after_load.png
6036.9s [6月6日（週五） 上午 4:05] BOT FINISHED — 0 failure(s) · 6036.9s real
6036.9s [6月6日（週五） 上午 4:05] English audit: 15 on-screen text(s) with untranslated words
