Godot Engine v4.5.1.stable.official.f62fdbde1 - https://godotengine.org
OpenGL API 3.3.0 NVIDIA 462.59 - Compatibility - Using Device: NVIDIA - Quadro RTX 4000

   0.2s   ok  new-game walkthrough uses normal relaxed work income
   0.2s STEP Main menu → New Game
   0.4s   shot 01_main_menu.png
   0.4s   click [NewGame] New Game
   0.5s   click [CreateRunCharacter] Create character
   1.8s STEP Character Creator
   1.9s   shot 02_creator_default.png
   1.9s   click [Tab_hair] Hair
   2.0s   click [Next_hair] ▶
   2.5s   click [Tab_face] Face
   2.6s   click [Next_face] ▶
   2.8s   click [Next_eye_shape] ▶
   3.0s   click [Tab_body] Body
   3.1s   click [Next_presentation] ▶
   3.8s   shot 03_creator_customised.png
   3.8s   click [Tab_outfit] Outfit
   3.9s   click "Startup Casual"
   4.5s   ok  appearance changed from default (short_neat)
   4.6s   shot 04_creator_final.png
   4.6s   click [Start] Start in Aurelia  →
   4.7s [6月1日（週日） 下午 2:00] STEP Arrival sequence
   7.4s [6月1日（週日） 下午 2:00]   shot 05_arrival_train.png
  10.9s [6月1日（週日） 下午 2:00]   shot 06_arrival_phone.png
  16.1s [6月1日（週日） 下午 2:01]   ok  spawned in the Riverside apartment
  16.1s [6月1日（週日） 下午 2:01]   ok  starting cash $30,000
  16.1s [6月1日（週日） 下午 2:01]   ok  name saved
  17.9s [6月1日（週日） 下午 2:03]   shot 07_apartment_arrival.png
  17.9s [6月1日（週日） 下午 2:03] STEP Chapter 1 — phone & Maya
  21.6s [6月1日（週日） 下午 2:08]   shot 08_phone_home.png
  21.6s [6月1日（週日） 下午 2:08]   click [App_messages] 訊息 2
  22.1s [6月1日（週日） 下午 2:09]   click [Thread_maya] Maya  (2) 6月1日 下午 2:00 打給我。或傳訊息。隨便。
  24.1s [6月1日（週日） 下午 2:09]   choose "› 嗯。"
  27.1s [6月1日（週日） 下午 2:09]   choose "› 我要開公司。"
  30.6s [6月1日（週日） 下午 2:09]   ok  Maya conversation done
  30.6s [6月1日（週日） 下午 2:09] STEP Head outside
  34.8s [6月1日（週日） 下午 2:15]   ok  walked back outside
  34.8s [6月1日（週日） 下午 2:15]   ok  visited Riverside
  35.0s [6月1日（週日） 下午 2:15]   shot 09_riverside_outside_home.png
  35.0s [6月1日（週日） 下午 2:15] STEP Bloom Coffee
  38.1s [6月1日（週日） 下午 2:20]   ok  entered Bloom Coffee
  38.3s [6月1日（週日） 下午 2:20]   shot 10_bloom_coffee_inside.png
  39.6s [6月1日（週日） 下午 2:22]   use "Order coffee ($4.50)"
  41.6s [6月1日（週日） 下午 2:22]   choose "› 麻煩了。"
  46.5s [6月1日（週日） 下午 2:33]   ok  bought a coffee from Jun
  49.3s [6月1日（週日） 下午 2:38]   ok  walked back outside
  49.3s [6月1日（週日） 下午 2:38] STEP Walk east to Startup Hub
  50.8s [6月1日（週日） 下午 2:40]   shot 11_riverside_street.png
  65.7s [6月1日（週日） 下午 3:14]   ok  walked to Startup Hub
  65.9s [6月1日（週日） 下午 3:14]   shot 12_startup_hub_arrive.png
  65.9s [6月1日（週日） 下午 3:14] STEP Nexus Co-work
  69.5s [6月1日（週日） 下午 3:20]   ok  entered Nexus Co-work
  69.7s [6月1日（週日） 下午 3:20]   shot 13_cowork_inside.png
  71.0s [6月1日（週日） 下午 3:22]   use "Reception — desks & day passes"
  73.6s [6月1日（週日） 下午 3:22]   choose "› 對。先看看。"
  76.5s [6月1日（週日） 下午 3:23]   click [DayPass] Buy a day pass ($15)
  77.5s [6月1日（週日） 下午 3:24] STEP Business Board
  85.0s [6月1日（週日） 下午 3:36]   use "Business Board"
  85.7s [6月1日（週日） 下午 3:37]   shot 14_business_board.png
  85.7s [6月1日（週日） 下午 3:37]   click [Biz_saas] ● SaaS／軟體
  86.4s [6月1日（週日） 下午 3:38]   shot 15_business_board_planned_saas.png
  86.4s [6月1日（週日） 下午 3:38]   click [Biz_ecommerce] ● 電商
  86.5s [6月1日（週日） 下午 3:38]   click [StartEcommerce] Start an ecommerce side business
  88.1s [6月1日（週日） 下午 3:40]   ok  picked ecommerce as first business
  90.6s [6月1日（週日） 下午 3:44]   ok  Chapter 1 complete
  90.6s [6月1日（週日） 下午 3:44] STEP Chapter 2 — buy stock at a hot desk (Company OS)
  99.5s [6月1日（週日） 下午 3:57]   use "Work at a hot desk — Company OS"
 100.2s [6月1日（週日） 下午 3:58]   shot 16_company_os_overview_personal.png
 100.2s [6月1日（週日） 下午 3:58]   click [Tab_operations] Operations
 100.9s [6月1日（週日） 下午 3:59]   shot 17_company_os_suppliers.png
 100.9s [6月1日（週日） 下午 3:59]   click [Buy_tradelink_wholesale_wireless_earbuds] 購買 $900.00
 101.4s [6月1日（週日） 下午 4:10]   click [Buy_tradelink_wholesale_water_bottle] 購買 $408.00
 102.0s [6月1日（週日） 下午 4:21]   click [Buy_tradelink_wholesale_desk_lamp] 購買 $460.00
 102.5s [6月1日（週日） 下午 4:32]   click [Buy_tradelink_wholesale_phone_stand] 購買 $272.00
 103.1s [6月1日（週日） 下午 4:43]   ok  placed purchase orders (MOQ, prepaid): 4 POs, cash $27,940.50
 103.1s [6月1日（週日） 下午 4:43]   shot 18_company_os_purchase_orders.png
 103.5s [6月1日（週日） 下午 4:43] STEP Home to wait for stock
 106.8s [6月1日（週日） 下午 4:49]   ok  walked back outside
 110.6s [6月1日（週日） 下午 5:07]   ok  walked to Riverside
 128.6s [6月1日（週日） 下午 5:34]   ok  entered Riverside Tower
 128.6s [6月1日（週日） 下午 5:34]   (harness) wait 2 h
 131.2s [6月1日（週日） 下午 7:38]   use "Sleep"
 131.8s [6月1日（週日） 下午 7:38]   click [Sleep] Sleep until 7:00 AM
 133.8s [6月2日（週一） 上午 7:01]   (harness) wait 2 h
 134.4s [6月2日（週一） 上午 9:02]   (harness) wait 2 h
 135.1s [6月2日（週一） 上午 11:03]   (harness) wait 2 h
 135.8s [6月2日（週一） 下午 1:04]   (harness) wait 2 h
 136.5s [6月2日（週一） 下午 3:05]   (harness) wait 2 h
 137.2s [6月2日（週一） 下午 5:06]   (harness) wait 2 h
 138.0s [6月2日（週一） 下午 7:07]   use "Sleep"
 138.6s [6月2日（週一） 下午 7:07]   click [Sleep] Sleep until 7:00 AM
 140.6s [6月3日（週二） 上午 7:01]   (harness) wait 2 h
 141.3s [6月3日（週二） 上午 9:02]   (harness) wait 2 h
 141.9s [6月3日（週二） 上午 11:03]   (harness) wait 2 h
 142.6s [6月3日（週二） 下午 1:04]   (harness) wait 2 h
 143.3s [6月3日（週二） 下午 3:05]   (harness) wait 2 h
 144.0s [6月3日（週二） 下午 5:06]   ok  stock delivered to the apartment
 144.7s [6月3日（週二） 下午 5:07]   shot 19_apartment_with_stock.png
 144.7s [6月3日（週二） 下午 5:07] STEP List products on ShopLane
 146.0s [6月3日（週二） 下午 5:09]   use "Use laptop — Company OS"
 146.6s [6月3日（週二） 下午 5:10]   click [Tab_sales] Ecommerce
 147.4s [6月3日（週二） 下午 5:11]   shot 20_company_os_sales_ready.png
 147.4s [6月3日（週二） 下午 5:11]   click [ListSelf_wireless_earbuds] Shoot photos myself & list (1 h 20 min)
 148.0s [6月3日（週二） 下午 6:32]   click [ListSelf_water_bottle] Shoot photos myself & list (1 h 20 min)
 148.7s [6月3日（週二） 下午 7:53]   click [ListSelf_desk_lamp] Shoot photos myself & list (1 h 20 min)
 149.4s [6月3日（週二） 下午 9:14]   click [ListSelf_phone_stand] Shoot photos myself & list (1 h 20 min)
 150.0s [6月3日（週二） 下午 10:35]   click [AdPlus_wireless_earbuds] +
 150.7s [6月3日（週二） 下午 10:36]   shot 21_company_os_listings_live.png
 150.7s [6月3日（週二） 下午 10:36]   ok  listings live
 151.1s [6月3日（週二） 下午 10:36] STEP First order → pack → ship
 159.3s [6月3日（週二） 下午 10:49]   use "Packing table"
 160.1s [6月3日（週二） 下午 10:50]   shot 22_packing_table.png
 160.1s [6月3日（週二） 下午 10:50]   click [Pack] 打包 2 筆訂單（16 分鐘）
 161.0s [6月3日（週二） 下午 11:07]   click [CourierEconomy] 快遞 · 經濟 3 天（$12.40）
 162.2s [6月3日（週二） 下午 11:09]   ok  first order came in
 162.2s [6月3日（週二） 下午 11:09]   ok  handed to the courier (pickup booked)
 162.2s [6月3日（週二） 下午 11:09] STEP Delivery → first dollar
 171.0s [6月3日（週二） 下午 11:22]   use "Sleep"
 171.6s [6月3日（週二） 下午 11:22]   click [Sleep] Sleep until 7:00 AM
 182.4s [6月4日（週三） 上午 7:14]   use "Packing table"
 183.1s [6月4日（週三） 上午 7:15]   click [Pack] 打包 2 筆訂單（16 分鐘）
 184.0s [6月4日（週三） 上午 7:32]   click [CourierEconomy] 快遞 · 經濟 3 天（$12.40）
 185.2s [6月4日（週三） 上午 7:34]   ok  first order delivered (Earn Your First Dollar)
 185.2s [6月4日（週三） 上午 7:34]   revenue booked $54.26 · ShopLane balance $51.28 · cash $27,812.94
 185.4s [6月4日（週三） 上午 7:34]   shot 23_first_dollar.png
 185.4s [6月4日（週三） 上午 7:34] STEP First customer issue
 185.4s [6月4日（週三） 上午 7:34]   (harness) wait 2 h
 192.4s [6月4日（週三） 上午 9:45]   use "Packing table"
 193.1s [6月4日（週三） 上午 9:46]   click [Pack] 打包 2 筆訂單（16 分鐘）
 194.1s [6月4日（週三） 上午 10:03]   click [CourierEconomy] 快遞 · 經濟 3 天（$12.40）
 195.3s [6月4日（週三） 上午 10:05]   (harness) wait 2 h
 196.2s [6月4日（週三） 下午 12:06]   use "Packing table"
 196.9s [6月4日（週三） 下午 12:07]   click [Pack] 打包 5 筆訂單（40 分鐘）
 197.8s [6月4日（週三） 下午 12:49]   click [CourierEconomy] 快遞 · 經濟 3 天（$28.50）
 199.1s [6月4日（週三） 下午 12:51]   (harness) wait 2 h
 199.9s [6月4日（週三） 下午 2:52]   use "Packing table"
 200.6s [6月4日（週三） 下午 2:53]   click [Pack] 打包 3 筆訂單（24 分鐘）
 201.6s [6月4日（週三） 下午 3:19]   click [CourierEconomy] 快遞 · 經濟 3 天（$15.60）
 202.8s [6月4日（週三） 下午 3:20]   (harness) wait 2 h
 203.6s [6月4日（週三） 下午 5:22]   use "Packing table"
 204.3s [6月4日（週三） 下午 5:23]   click [Pack] 打包 6 筆訂單（48 分鐘）
 205.3s [6月4日（週三） 下午 6:12]   click [CourierEconomy] 快遞 · 經濟 3 天（$25.20）
 206.6s [6月4日（週三） 下午 6:14]   (harness) wait 2 h
 207.4s [6月4日（週三） 下午 8:15]   use "Packing table"
 208.1s [6月4日（週三） 下午 8:16]   click [Pack] 打包 5 筆訂單（40 分鐘）
 209.0s [6月4日（週三） 下午 8:58]   click [CourierEconomy] 快遞 · 經濟 3 天（$22.00）
 212.9s [6月4日（週三） 下午 9:04]   use "Sleep"
 213.5s [6月4日（週三） 下午 9:04]   click [Sleep] Sleep until 7:00 AM
 215.4s [6月5日（週四） 上午 7:00]   shot 24_decision_customer_return_first.png
 215.4s [6月5日（週四） 上午 7:00]   decision customer_return_first → replace
 215.4s [6月5日（週四） 上午 7:00]   click [Choice_replace] 寄一個新的（快捷）
 217.1s [6月5日（週四） 上午 7:00]   shot 25_decision_outcome_customer_return_first.png
 217.1s [6月5日（週四） 上午 7:00]   click "OK"
 226.6s [6月5日（週四） 上午 7:14]   use "Packing table"
 227.3s [6月5日（週四） 上午 7:15]   click [Pack] 打包 7 筆訂單（56 分鐘）
 228.2s [6月5日（週四） 上午 8:12]   click [CourierEconomy] 快遞 · 經濟 3 天（$28.40）
 229.5s [6月5日（週四） 上午 8:14]   ok  resolved the first customer issue
 231.5s [6月5日（週四） 上午 8:17]   ok  Chapter 2 complete
 231.5s [6月5日（週四） 上午 8:17] STEP Purchase cancellation
 233.1s [6月5日（週四） 上午 8:19]   use "Use laptop — Company OS"
 233.7s [6月5日（週四） 上午 8:20]   click [Tab_operations] Operations
 234.4s [6月5日（週四） 上午 8:21]   click [Buy_tradelink_wholesale_wireless_earbuds] 購買 $901.50
 235.5s [6月5日（週四） 上午 8:33]   click [CancelPO_PO-105] Cancel purchase
 236.2s [6月5日（週四） 上午 8:33]   shot 26_purchase_cancel_confirmation.png
 236.2s [6月5日（週四） 上午 8:33]   click [ConfirmReturn] Confirm cancellation
 236.9s [6月5日（週四） 上午 8:33]   ok  extra PO cancelled through UI
 236.9s [6月5日（週四） 上午 8:33]   ok  cancellation cash equals quoted refund
 236.9s [6月5日（週四） 上午 8:33]   ok  ledger balanced after purchase cancellation
 237.4s [6月5日（週四） 上午 8:34]   shot 27_purchase_cancelled_operations.png
 237.8s [6月5日（週四） 上午 8:35] STEP Chapter 3 — wait for a weekday morning
 240.5s [6月5日（週四） 上午 8:40]   ok  walked back outside
 240.5s [6月5日（週四） 上午 8:40] STEP Metro to Civic Center → City Hall
 248.7s [6月5日（週四） 上午 8:52]   use "捷運——河濱區站"
 249.7s [6月5日（週四） 上午 8:53]   shot 28_metro_civic_center.png
 249.7s [6月5日（週四） 上午 8:53]   click [Go_civic_center] 市政中心  ·  12 分鐘
 250.7s [6月5日（週四） 上午 9:07]   ok  took the Metro to Civic Center
 250.8s [6月5日（週四） 上午 9:07]   shot 29_civic_center.png
 253.1s [6月5日（週四） 上午 9:11]   traffic collision report dismissed
 261.6s [6月5日（週四） 上午 9:23]   ok  entered Aurelia City Hall
 261.8s [6月5日（週四） 上午 9:23]   shot 30_city_hall_inside.png
 263.5s [6月5日（週四） 上午 9:26]   use "Registration counter"
 265.5s [6月5日（週四） 上午 9:26]   choose "› 我要登記公司。"
 268.4s [6月5日（週四） 上午 9:27]   shot 31_registration_form.png
 268.4s [6月5日（週四） 上午 9:27]   click [Submit] Register & pay
 269.4s [6月5日（週四） 上午 10:13]   shot 32_registration_done.png
 269.4s [6月5日（週四） 上午 10:13]   click "Thanks"
 269.5s [6月5日（週四） 上午 10:13]   ok  registered Riverlight Goods
 269.6s [6月5日（週四） 上午 10:13]   shot 33_decision_low_cash_warning.png
 269.6s [6月5日（週四） 上午 10:13]   decision low_cash_warning → reduce
 269.6s [6月5日（週四） 上午 10:13]   click [Choice_reduce] 縮減開支（暫停廣告、生活從簡）
 271.0s [6月5日（週四） 上午 10:13]   shot 34_decision_outcome_low_cash_warning.png
 271.0s [6月5日（週四） 上午 10:13]   click "OK"
 275.0s [6月5日（週四） 上午 10:19]   ok  walked back outside
 275.0s [6月5日（週四） 上午 10:19] STEP Walk to the Financial District → Nexus Bank
 281.1s [6月5日（週四） 上午 10:38]   ok  walked to Financial District
 300.0s [6月5日（週四） 上午 11:06]   ok  entered Nexus Bank
 300.1s [6月5日（週四） 上午 11:06]   shot 35_bank_inside.png
 301.7s [6月5日（週四） 上午 11:08]   use "Teller — business banking"
 302.4s [6月5日（週四） 上午 11:09]   click "$15,000"
 302.6s [6月5日（週四） 上午 11:10]   click [OpenAccount] 存入 $15,000 開戶
 303.7s [6月5日（週四） 上午 11:41]   shot 36_bank_account_opened.png
 304.1s [6月5日（週四） 上午 11:42]   ok  business account opened with founder capital
 310.5s [6月5日（週四） 上午 11:53]   ok  walked back outside
 310.5s [6月5日（週四） 上午 11:53] STEP Metro to Startup Hub → lease Suite 2B
 321.1s [6月5日（週四） 下午 12:08]   use "捷運——金融區站"
 322.1s [6月5日（週四） 下午 12:10]   shot 37_metro_startup_hub.png
 322.1s [6月5日（週四） 下午 12:10]   click [Go_startup_hub] 新創園區  ·  8 分鐘
 323.2s [6月5日（週四） 下午 12:20]   ok  took the Metro to Startup Hub
 330.9s [6月5日（週四） 下午 12:31]   ok  entered 22 Founders Lane
 331.0s [6月5日（週四） 下午 12:31]   shot 38_suite_2b_tour.png
 332.6s [6月5日（週四） 下午 12:34]   use "和 Tom 說話"
 335.0s [6月5日（週四） 下午 12:34]   click [SignLease] Sign the lease
 336.2s [6月5日（週四） 下午 12:36]   ok  leased Suite 2B
 336.9s [6月5日（週四） 下午 12:37]   shot 39_suite_2b_company_sign.png
 336.9s [6月5日（週四） 下午 12:37] STEP Sit at the desk → Company OS as the company
 337.9s [6月5日（週四） 下午 12:38]   use "Sit at your desk — Company OS"
 339.2s [6月5日（週四） 下午 12:40]   shot 40_company_os_as_company.png
 339.2s [6月5日（週四） 下午 12:40]   click [Tab_finance] Finance
 339.9s [6月5日（週四） 下午 12:41]   shot 41_company_os_finance.png
 339.9s [6月5日（週四） 下午 12:41]   click [Tab_inventory] Inventory
 340.5s [6月5日（週四） 下午 12:42]   shot 42_company_os_inventory.png
 344.0s [6月5日（週四） 下午 12:48]   ok  Chapter 3 complete
 347.1s [6月5日（週四） 下午 12:53]   ok  walked back outside
 347.3s [6月5日（週四） 下午 12:53]   shot 43_startup_hub_office_sign.png
 347.3s [6月5日（週四） 下午 12:53] STEP Careers — part-time job at Nexus Co-work
 357.3s [6月5日（週四） 下午 1:09]   ok  entered Nexus Co-work
 361.0s [6月5日（週四） 下午 1:14]   use "Business Board"
 361.6s [6月5日（週四） 下午 1:15]   click [Page_jobs] Part-time jobs
 362.4s [6月5日（週四） 下午 1:16]   shot 44_business_board_jobs.png
 362.4s [6月5日（週四） 下午 1:16]   click [Job_cowork_host] 詳情／應徵
 363.0s [6月5日（週四） 下午 1:17]   click [ApplyJob] Take the job
 363.6s [6月5日（週四） 下午 1:18]   shot 45_job_hired.png
 364.8s [6月5日（週四） 下午 1:20]   ok  hired as a community host
 365.6s [6月5日（週四） 下午 1:21]   use "Staff door — work a shift"
 366.4s [6月5日（週四） 下午 1:22]   shot 46_job_shift.png
 366.4s [6月5日（週四） 下午 1:22]   click [WorkShift] 開始 4 小時的班（最多 +$72.96）
 368.3s [6月5日（週四） 下午 5:24]   ok  a 4-hour shift paid by how it went ($68.58)
 368.3s [6月5日（週四） 下午 5:24] STEP Careers — freelance gig at a hot desk
 368.3s [6月5日（週四） 下午 5:24]   info card: Your first business loop
 368.4s [6月5日（週四） 下午 5:24]   shot 47_info_your_first_business_loop.png
 368.4s [6月5日（週四） 下午 5:24]   click "Let's go"
 378.7s [6月5日（週四） 下午 5:39]   use "Work at a hot desk — Company OS"
 379.3s [6月5日（週四） 下午 5:40]   click [Tab_freelance] Explore freelance consulting
 379.9s [6月5日（週四） 下午 5:41]   click [StartFreelance] Start freelancing
 380.6s [6月5日（週四） 下午 5:42]   click [Accept_G1] Accept
 381.2s [6月5日（週四） 下午 5:43]   click [Work_G1] 開啟客戶案件
 381.4s [6月5日（週四） 下午 5:43]   click [Interview_goal] ✗ 專案目標
 381.6s [6月5日（週四） 下午 5:43]   click [Interview_audience] ✗ 目標受眾
 381.7s [6月5日（週四） 下午 5:43]   click [Interview_budget] ✗ 預算
 381.9s [6月5日（週四） 下午 5:43]   click [Proposal] Prepare proposal
 382.0s [6月5日（週四） 下午 5:43]   click [AgreeProposal] Agree quote and scope
 382.2s [6月5日（週四） 下午 5:43]   click [Session_2] Work 2 h
 383.0s [6月5日（週四） 下午 7:43]   shot 48_freelance_gig.png
 383.0s [6月5日（週四） 下午 7:43]   ok  put hours into a freelance gig
 383.1s [6月5日（週四） 下午 7:43] STEP Careers — start a SaaS product
 383.1s [6月5日（週四） 下午 7:43]   click [Tab_saas] Start a software product
 383.8s [6月5日（週四） 下午 7:44]   shot 49_saas_ideas.png
 383.8s [6月5日（週四） 下午 7:44]   click [Saas_freelancer_invoicing] Build this
 384.3s [6月5日（週四） 下午 7:45]   click [SaasCode] 寫程式 2 小時
 385.1s [6月5日（週四） 下午 9:46]   shot 50_saas_building.png
 385.1s [6月5日（週四） 下午 9:46]   ok  started building a SaaS product (2 dev h)
 390.1s [6月5日（週四） 下午 9:54]   ok  walked back outside
 390.2s [6月5日（週四） 下午 9:54] STEP Run the company to month-end
 395.8s [6月5日（週四） 下午 10:15]   ok  walked to Riverside
 425.1s [6月5日（週四） 下午 10:59]   ok  entered Riverside Tower
 428.3s [6月5日（週四） 下午 11:03]   use "Sleep"
 428.9s [6月5日（週四） 下午 11:03]   click [Sleep] Sleep until 7:00 AM
 441.3s [6月6日（週五） 上午 7:16]   use "Packing table"
 442.0s [6月6日（週五） 上午 7:17]   click [Pack] 打包 47 筆訂單（6 小時 16 分）
 443.1s [6月6日（週五） 下午 1:35]   click [CourierEconomy] 快遞 · 經濟 3 天（$177.15）
 454.9s [6月6日（週五） 下午 7:16]   use "Sleep"
 455.5s [6月6日（週五） 下午 7:16]   click [Sleep] Sleep until 7:00 AM
 467.8s [6月7日（週六） 上午 7:16]   use "Packing table"
 468.5s [6月7日（週六） 上午 7:17]   click [Pack] 打包 41 筆訂單（5 小時 28 分）
 469.5s [6月7日（週六） 下午 12:47]   click [CourierEconomy] 快遞 · 經濟 3 天（$177.45）
 473.3s [6月7日（週六） 下午 12:52]   use "Use laptop — Company OS"
 473.9s [6月7日（週六） 下午 12:53]   click [Tab_operations] Operations
 474.1s [6月7日（週六） 下午 12:54]   click [DeliverTo_riverside_studio] 河濱大樓 7C
 474.4s [6月7日（週六） 下午 12:54]   click [Buy_tradelink_wholesale_water_bottle] 購買 $409.20
 474.6s [6月7日（週六） 下午 1:04]   click [Buy_tradelink_wholesale_wireless_earbuds] 購買 $903.00
 483.9s [6月7日（週六） 下午 7:12]   use "Sleep"
 484.5s [6月7日（週六） 下午 7:12]   click [Sleep] Sleep until 7:00 AM
 496.9s [6月8日（週日） 上午 7:16]   use "Packing table"
 497.6s [6月8日（週日） 上午 7:17]   click [Pack] 打包 25 筆訂單（3 小時 20 分）
 498.6s [6月8日（週日） 上午 10:39]   click [CourierEconomy] 快遞 · 經濟 3 天（$109.25）
 502.3s [6月8日（週日） 上午 10:44]   use "Use laptop — Company OS"
 502.9s [6月8日（週日） 上午 10:45]   click [Tab_operations] Operations
 503.2s [6月8日（週日） 上午 10:46]   click [DeliverTo_riverside_studio] 河濱大樓 7C
 503.5s [6月8日（週日） 上午 10:46]   click [Buy_tradelink_wholesale_water_bottle] 購買 $410.40
 503.7s [6月8日（週日） 上午 10:56]   click [Buy_tradelink_wholesale_wireless_earbuds] 購買 $904.50
 513.0s [6月8日（週日） 下午 7:12]   use "Sleep"
 513.6s [6月8日（週日） 下午 7:12]   click [Sleep] Sleep until 7:00 AM
 525.9s [6月9日（週一） 上午 7:16]   use "Packing table"
 526.6s [6月9日（週一） 上午 7:17]   click [Pack] 打包 20 筆訂單（2 小時 40 分）
 527.6s [6月9日（週一） 上午 9:59]   click [CourierEconomy] 快遞 · 經濟 3 天（$96.50）
 531.3s [6月9日（週一） 上午 10:04]   use "Use laptop — Company OS"
 531.9s [6月9日（週一） 上午 10:05]   click [Tab_operations] Operations
 532.2s [6月9日（週一） 上午 10:06]   click [DeliverTo_riverside_studio] 河濱大樓 7C
 532.5s [6月9日（週一） 上午 10:06]   click [Buy_tradelink_wholesale_water_bottle] 購買 $410.40
 532.7s [6月9日（週一） 上午 10:16]   click [Buy_tradelink_wholesale_wireless_earbuds] 購買 $905.00
 542.0s [6月9日（週一） 下午 7:12]   use "Sleep"
 542.6s [6月9日（週一） 下午 7:12]   click [Sleep] Sleep until 7:00 AM
 544.5s [6月10日（週二） 上午 7:00]   shot 51_decision_customer_return.png
 544.5s [6月10日（週二） 上午 7:00]   decision customer_return → refund
 544.5s [6月10日（週二） 上午 7:00]   click [Choice_refund] 退款＋收回商品
 545.9s [6月10日（週二） 上午 7:00]   shot 52_decision_outcome_customer_return.png
 545.9s [6月10日（週二） 上午 7:00]   click "OK"
 557.0s [6月10日（週二） 上午 7:16]   use "Packing table"
 557.7s [6月10日（週二） 上午 7:17]   click [Pack] 打包 31 筆訂單（4 小時 8 分）
 558.6s [6月10日（週二） 上午 11:26]   click [CourierEconomy] 快遞 · 經濟 3 天（$130.20）
 560.0s [6月10日（週二） 上午 11:28]   shot 53_decision_supplier_price_increase.png
 560.0s [6月10日（週二） 上午 11:28]   decision supplier_price_increase → accept
 560.0s [6月10日（週二） 上午 11:28]   click [Choice_accept] 好。繼續跟你進貨。
 561.4s [6月10日（週二） 上午 11:28]   shot 54_decision_outcome_supplier_price_increase.png
 561.4s [6月10日（週二） 上午 11:28]   click "OK"
 572.5s [6月10日（週二） 下午 7:16]   use "Sleep"
 573.1s [6月10日（週二） 下午 7:16]   click [Sleep] Sleep until 7:00 AM
 585.4s [6月11日（週三） 上午 7:16]   use "Packing table"
 586.1s [6月11日（週三） 上午 7:17]   click [Pack] 打包 24 筆訂單（3 小時 12 分）
 587.1s [6月11日（週三） 上午 10:31]   click [CourierEconomy] 快遞 · 經濟 3 天（$86.05）
 588.4s [6月11日（週三） 上午 10:33]   shot 55_decision_customer_return.png
 588.4s [6月11日（週三） 上午 10:33]   decision customer_return → refund
 588.4s [6月11日（週三） 上午 10:33]   click [Choice_refund] 退款＋收回商品
 589.8s [6月11日（週三） 上午 10:33]   shot 56_decision_outcome_customer_return.png
 589.8s [6月11日（週三） 上午 10:33]   click "OK"
 590.4s [6月11日（週三） 上午 10:33]   shot 57_decision_customer_return.png
 590.4s [6月11日（週三） 上午 10:33]   decision customer_return → replace
 590.4s [6月11日（週三） 上午 10:33]   click [Choice_replace] 寄一個新的
 591.8s [6月11日（週三） 上午 10:33]   shot 58_decision_outcome_customer_return.png
 591.8s [6月11日（週三） 上午 10:33]   click "OK"
 592.4s [6月11日（週三） 上午 10:33]   shot 59_decision_customer_return.png
 592.4s [6月11日（週三） 上午 10:33]   decision customer_return → replace
 592.4s [6月11日（週三） 上午 10:33]   click [Choice_replace] 寄一個新的
 593.8s [6月11日（週三） 上午 10:33]   shot 60_decision_outcome_customer_return.png
 593.8s [6月11日（週三） 上午 10:33]   click "OK"
 604.9s [6月11日（週三） 下午 7:16]   use "Sleep"
 605.5s [6月11日（週三） 下午 7:16]   click [Sleep] Sleep until 7:00 AM
 607.4s [6月12日（週四） 上午 7:00]   shot 61_decision_customer_return.png
 607.4s [6月12日（週四） 上午 7:00]   decision customer_return → replace
 607.5s [6月12日（週四） 上午 7:00]   click [Choice_replace] 寄一個新的
 608.9s [6月12日（週四） 上午 7:00]   shot 62_decision_outcome_customer_return.png
 608.9s [6月12日（週四） 上午 7:00]   click "OK"
 619.9s [6月12日（週四） 上午 7:16]   use "Packing table"
 620.6s [6月12日（週四） 上午 7:17]   click [Pack] 打包 27 筆訂單（3 小時 36 分）
 621.6s [6月12日（週四） 上午 10:54]   click [CourierEconomy] 快遞 · 經濟 3 天（$101.40）
 623.1s [6月12日（週四） 下午 7:00]   shot 63_decision_customer_return.png
 623.1s [6月12日（週四） 下午 7:00]   decision customer_return → replace
 623.1s [6月12日（週四） 下午 7:00]   click [Choice_replace] 寄一個新的
 624.5s [6月12日（週四） 下午 7:00]   shot 64_decision_outcome_customer_return.png
 624.5s [6月12日（週四） 下午 7:00]   click "OK"
 635.5s [6月12日（週四） 下午 7:16]   use "Sleep"
 636.1s [6月12日（週四） 下午 7:16]   click [Sleep] Sleep until 7:00 AM
 638.0s [6月13日（週五） 上午 7:00]   shot 65_decision_customer_return.png
 638.0s [6月13日（週五） 上午 7:00]   decision customer_return → replace
 638.0s [6月13日（週五） 上午 7:00]   click [Choice_replace] 寄一個新的
 639.4s [6月13日（週五） 上午 7:00]   shot 66_decision_outcome_customer_return.png
 639.4s [6月13日（週五） 上午 7:00]   click "OK"
 640.0s [6月13日（週五） 上午 7:00]   shot 67_decision_customer_return.png
 640.0s [6月13日（週五） 上午 7:00]   decision customer_return → replace
 640.0s [6月13日（週五） 上午 7:00]   click [Choice_replace] 寄一個新的
 641.4s [6月13日（週五） 上午 7:00]   shot 68_decision_outcome_customer_return.png
 641.4s [6月13日（週五） 上午 7:00]   click "OK"
 642.0s [6月13日（週五） 上午 7:00]   shot 69_decision_customer_return.png
 642.0s [6月13日（週五） 上午 7:00]   decision customer_return → replace
 642.0s [6月13日（週五） 上午 7:00]   click [Choice_replace] 寄一個新的
 643.4s [6月13日（週五） 上午 7:00]   shot 70_decision_outcome_customer_return.png
 643.4s [6月13日（週五） 上午 7:00]   click "OK"
 654.4s [6月13日（週五） 上午 7:16]   use "Packing table"
 655.1s [6月13日（週五） 上午 7:17]   click [Pack] 打包 39 筆訂單（5 小時 12 分）
 656.1s [6月13日（週五） 下午 12:30]   click [CourierEconomy] 快遞 · 經濟 3 天（$141.05）
 657.4s [6月13日（週五） 下午 12:32]   shot 71_decision_customer_return.png
 657.4s [6月13日（週五） 下午 12:32]   decision customer_return → refund
 657.4s [6月13日（週五） 下午 12:32]   click [Choice_refund] 退款＋收回商品
 658.8s [6月13日（週五） 下午 12:32]   shot 72_decision_outcome_customer_return.png
 658.8s [6月13日（週五） 下午 12:32]   click "OK"
 659.3s [6月13日（週五） 下午 12:32]   shot 73_decision_customer_return.png
 659.3s [6月13日（週五） 下午 12:32]   decision customer_return → replace
 659.3s [6月13日（週五） 下午 12:32]   click [Choice_replace] 寄一個新的
 660.7s [6月13日（週五） 下午 12:32]   shot 74_decision_outcome_customer_return.png
 660.7s [6月13日（週五） 下午 12:32]   click "OK"
 661.5s [6月13日（週五） 下午 7:00]   shot 75_decision_customer_return.png
 661.5s [6月13日（週五） 下午 7:00]   decision customer_return → refund
 661.5s [6月13日（週五） 下午 7:00]   click [Choice_refund] 退款＋收回商品
 662.9s [6月13日（週五） 下午 7:00]   shot 76_decision_outcome_customer_return.png
 663.0s [6月13日（週五） 下午 7:00]   click "OK"
 673.9s [6月13日（週五） 下午 7:16]   use "Sleep"
 674.5s [6月13日（週五） 下午 7:16]   click [Sleep] Sleep until 7:00 AM
 676.4s [6月14日（週六） 上午 7:00]   shot 77_decision_customer_return.png
 676.4s [6月14日（週六） 上午 7:00]   decision customer_return → replace
 676.4s [6月14日（週六） 上午 7:00]   click [Choice_replace] 寄一個新的
 677.8s [6月14日（週六） 上午 7:00]   shot 78_decision_outcome_customer_return.png
 677.8s [6月14日（週六） 上午 7:00]   click "OK"
 688.8s [6月14日（週六） 上午 7:16]   use "Packing table"
 689.5s [6月14日（週六） 上午 7:17]   click [Pack] 打包 35 筆訂單（4 小時 40 分）
 690.5s [6月14日（週六） 上午 11:58]   click [CourierEconomy] 快遞 · 經濟 3 天（$131.50）
 692.0s [6月14日（週六） 下午 7:00]   shot 79_decision_customer_return.png
 692.0s [6月14日（週六） 下午 7:00]   decision customer_return → replace
 692.0s [6月14日（週六） 下午 7:00]   click [Choice_replace] 寄一個新的
 693.4s [6月14日（週六） 下午 7:00]   shot 80_decision_outcome_customer_return.png
 693.4s [6月14日（週六） 下午 7:00]   click "OK"
 694.0s [6月14日（週六） 下午 7:00]   shot 81_decision_customer_return.png
 694.0s [6月14日（週六） 下午 7:00] FAIL decision customer_return stayed open after choosing 'replace'
 694.0s [6月14日（週六） 下午 7:00]   decision customer_return → refund
 696.9s [6月14日（週六） 下午 7:00] FAIL button 'Choice_refund' not found
 696.9s [6月14日（週六） 下午 7:00]       diag: modal=Control:DecisionModal dialogue=false phone=false
 697.9s [6月14日（週六） 下午 7:00] FAIL button containing '' not found
 699.2s [6月14日（週六） 下午 7:00]   shot 82_decision_outcome_customer_return.png
 699.2s [6月14日（週六） 下午 7:00]   click "OK"
 699.8s [6月14日（週六） 下午 7:00]   shot 83_decision_customer_return.png
 699.8s [6月14日（週六） 下午 7:00]   decision customer_return → refund
 699.8s [6月14日（週六） 下午 7:00]   click [Choice_refund] 退款＋收回商品
 701.2s [6月14日（週六） 下午 7:00]   shot 84_decision_outcome_customer_return.png
 701.2s [6月14日（週六） 下午 7:00]   click "OK"
 712.2s [6月14日（週六） 下午 7:16]   use "Sleep"
 712.8s [6月14日（週六） 下午 7:16]   click [Sleep] Sleep until 7:00 AM
 714.7s [6月15日（週日） 上午 7:00]   shot 85_decision_customer_return.png
 714.7s [6月15日（週日） 上午 7:00]   decision customer_return → refund
 714.7s [6月15日（週日） 上午 7:00]   click [Choice_refund] 退款＋收回商品
 716.2s [6月15日（週日） 上午 7:00]   shot 86_decision_outcome_customer_return.png
 716.2s [6月15日（週日） 上午 7:00]   click "OK"
 716.7s [6月15日（週日） 上午 7:00]   shot 87_decision_customer_return.png
 716.7s [6月15日（週日） 上午 7:00]   decision customer_return → replace
 716.7s [6月15日（週日） 上午 7:00]   click [Choice_replace] 寄一個新的
 718.1s [6月15日（週日） 上午 7:00]   shot 88_decision_outcome_customer_return.png
 718.1s [6月15日（週日） 上午 7:00]   click "OK"
 729.1s [6月15日（週日） 上午 7:16]   use "Packing table"
 729.8s [6月15日（週日） 上午 7:17]   click [Pack] 打包 33 筆訂單（4 小時 24 分）
 730.8s [6月15日（週日） 上午 11:42]   click [CourierEconomy] 快遞 · 經濟 3 天（$121.85）
 742.6s [6月15日（週日） 下午 7:16]   use "Sleep"
 743.2s [6月15日（週日） 下午 7:16]   click [Sleep] Sleep until 7:00 AM
 745.1s [6月16日（週一） 上午 7:00]   shot 89_decision_customer_return.png
 745.1s [6月16日（週一） 上午 7:00]   decision customer_return → refund
 745.1s [6月16日（週一） 上午 7:00]   click [Choice_refund] 退款＋收回商品
 746.5s [6月16日（週一） 上午 7:00]   shot 90_decision_outcome_customer_return.png
 746.5s [6月16日（週一） 上午 7:00]   click "OK"
 757.5s [6月16日（週一） 上午 7:16]   use "Packing table"
 758.2s [6月16日（週一） 上午 7:17]   click [Pack] 打包 36 筆訂單（4 小時 48 分）
 759.2s [6月16日（週一） 下午 12:06]   click [CourierEconomy] 快遞 · 經濟 3 天（$131.45）
 763.0s [6月16日（週一） 下午 12:12]   use "Use laptop — Company OS"
 763.6s [6月16日（週一） 下午 12:13]   click [Tab_operations] Operations
 763.8s [6月16日（週一） 下午 12:13]   click [DeliverTo_riverside_studio] 河濱大樓 7C
 764.1s [6月16日（週一） 下午 12:14]   click [Buy_tradelink_wholesale_water_bottle] 購買 $471.00
 764.4s [6月16日（週一） 下午 12:24]   click [Buy_tradelink_wholesale_wireless_earbuds] 購買 $903.00
 765.3s [6月16日（週一） 下午 7:00]   shot 91_decision_customer_return.png
 765.3s [6月16日（週一） 下午 7:00]   decision customer_return → refund
 765.3s [6月16日（週一） 下午 7:00]   click [Choice_refund] 退款＋收回商品
 766.7s [6月16日（週一） 下午 7:00]   shot 92_decision_outcome_customer_return.png
 766.7s [6月16日（週一） 下午 7:00]   click "OK"
 767.3s [6月16日（週一） 下午 7:00]   shot 93_decision_customer_return.png
 767.3s [6月16日（週一） 下午 7:00]   decision customer_return → refund
 767.3s [6月16日（週一） 下午 7:00]   click [Choice_refund] 退款＋收回商品
 768.7s [6月16日（週一） 下午 7:00]   shot 94_decision_outcome_customer_return.png
 768.7s [6月16日（週一） 下午 7:00]   click "OK"
 777.8s [6月16日（週一） 下午 7:13]   use "Sleep"
 778.4s [6月16日（週一） 下午 7:13]   click [Sleep] Sleep until 7:00 AM
 780.3s [6月17日（週二） 上午 7:00]   shot 95_decision_customer_return.png
 780.3s [6月17日（週二） 上午 7:00]   decision customer_return → refund
 780.3s [6月17日（週二） 上午 7:00]   click [Choice_refund] 退款＋收回商品
 781.7s [6月17日（週二） 上午 7:00]   shot 96_decision_outcome_customer_return.png
 781.7s [6月17日（週二） 上午 7:00]   click "OK"
 792.7s [6月17日（週二） 上午 7:16]   use "Packing table"
 793.4s [6月17日（週二） 上午 7:17]   click [Pack] 打包 11 筆訂單（1 小時 28 分）
 794.3s [6月17日（週二） 上午 8:46]   click [CourierEconomy] 快遞 · 經濟 3 天（$44.45）
 798.1s [6月17日（週二） 上午 8:52]   use "Use laptop — Company OS"
 798.7s [6月17日（週二） 上午 8:53]   click [Tab_operations] Operations
 799.0s [6月17日（週二） 上午 8:53]   click [DeliverTo_riverside_studio] 河濱大樓 7C
 799.2s [6月17日（週二） 上午 8:54]   click [Buy_tradelink_wholesale_water_bottle] 購買 $469.80
 799.5s [6月17日（週二） 上午 9:04]   click [Buy_tradelink_wholesale_wireless_earbuds] 購買 $901.50
 800.4s [6月17日（週二） 下午 7:00]   shot 97_decision_customer_return.png
 800.4s [6月17日（週二） 下午 7:00]   decision customer_return → refund
 800.4s [6月17日（週二） 下午 7:00]   click [Choice_refund] 退款＋收回商品
 801.9s [6月17日（週二） 下午 7:00]   shot 98_decision_outcome_customer_return.png
 801.9s [6月17日（週二） 下午 7:00]   click "OK"
 806.0s [6月17日（週二） 下午 7:06]   shot 99_decision_customer_return.png
 806.0s [6月17日（週二） 下午 7:06]   decision customer_return → refund
 806.0s [6月17日（週二） 下午 7:06]   click [Choice_refund] 退款＋收回商品
 807.5s [6月17日（週二） 下午 7:06]   shot 100_decision_outcome_customer_return.png
 807.5s [6月17日（週二） 下午 7:06]   click "OK"
 808.1s [6月17日（週二） 下午 7:06]   use "Sleep"
 808.7s [6月17日（週二） 下午 7:06]   click [Sleep] Sleep until 7:00 AM
 810.6s [6月18日（週三） 上午 7:00]   shot 101_decision_customer_return.png
 810.6s [6月18日（週三） 上午 7:00]   decision customer_return → refund
 810.6s [6月18日（週三） 上午 7:00]   click [Choice_refund] 退款＋收回商品
 812.0s [6月18日（週三） 上午 7:00]   shot 102_decision_outcome_customer_return.png
 812.0s [6月18日（週三） 上午 7:00]   click "OK"
 823.0s [6月18日（週三） 上午 7:16]   use "Packing table"
 823.7s [6月18日（週三） 上午 7:17]   click [Pack] 打包 2 筆訂單（16 分鐘）
 824.7s [6月18日（週三） 上午 7:34]   click [CourierEconomy] 快遞 · 經濟 3 天（$12.40）
 828.5s [6月18日（週三） 上午 7:40]   use "Use laptop — Company OS"
 829.1s [6月18日（週三） 上午 7:41]   click [Tab_operations] Operations
 829.4s [6月18日（週三） 上午 7:41]   click [DeliverTo_riverside_studio] 河濱大樓 7C
 829.6s [6月18日（週三） 上午 7:42]   click [Buy_tradelink_wholesale_water_bottle] 購買 $471.00
 829.9s [6月18日（週三） 上午 7:52]   click [Buy_tradelink_wholesale_wireless_earbuds] 購買 $903.00
 830.8s [6月18日（週三） 下午 7:00]   shot 103_decision_customer_return.png
 830.8s [6月18日（週三） 下午 7:00]   decision customer_return → replace
 830.8s [6月18日（週三） 下午 7:00]   click [Choice_replace] 寄一個新的
 832.2s [6月18日（週三） 下午 7:00]   shot 104_decision_outcome_customer_return.png
 832.2s [6月18日（週三） 下午 7:00]   click "OK"
 832.9s [6月18日（週三） 下午 7:00]   shot 105_decision_unexpected_large_order.png
 832.9s [6月18日（週三） 下午 7:00]   decision unexpected_large_order → review
 832.9s [6月18日（週三） 下午 7:00]   click [Choice_review] 把合約寄給我，我看看。
 834.4s [6月18日（週三） 下午 7:00]   shot 106_decision_outcome_unexpected_large_order.png
 834.4s [6月18日（週三） 下午 7:00]   click "OK"
 843.5s [6月18日（週三） 下午 7:13]   use "Sleep"
 844.1s [6月18日（週三） 下午 7:13]   click [Sleep] Sleep until 7:00 AM
 856.4s [6月19日（週四） 上午 7:16]   use "Packing table"
 857.1s [6月19日（週四） 上午 7:17]   click [Pack] 打包 28 筆訂單（3 小時 44 分）
 858.1s [6月19日（週四） 上午 11:03]   click [CourierEconomy] 快遞 · 經濟 3 天（$99.35）
 861.8s [6月19日（週四） 上午 11:08]   use "Use laptop — Company OS"
 862.4s [6月19日（週四） 上午 11:09]   click [Tab_contracts] 合約 ●
 863.2s [6月19日（週四） 上午 11:10]   shot 107_contract_offer.png
 863.2s [6月19日（週四） 上午 11:10]   click [AcceptContract] Accept
 864.4s [6月19日（週四） 下午 6:06]   toast: 新評價 #1309：★「浪費錢。」
 864.5s [6月19日（週四） 下午 7:00]   shot 108_decision_customer_return.png
 864.5s [6月19日（週四） 下午 7:00]   decision customer_return → replace
 864.5s [6月19日（週四） 下午 7:00]   click [Choice_replace] 寄一個新的
 866.0s [6月19日（週四） 下午 7:00]   shot 109_decision_outcome_customer_return.png
 866.0s [6月19日（週四） 下午 7:00]   click "OK"
 866.5s [6月19日（週四） 下午 7:00]   shot 110_decision_customer_return.png
 866.5s [6月19日（週四） 下午 7:00]   decision customer_return → refund
 866.5s [6月19日（週四） 下午 7:00]   click [Choice_refund] 退款＋收回商品
 868.0s [6月19日（週四） 下午 7:00]   shot 111_decision_outcome_customer_return.png
 868.0s [6月19日（週四） 下午 7:00]   click "OK"
 877.1s [6月19日（週四） 下午 7:13]   use "Sleep"
 877.7s [6月19日（週四） 下午 7:13]   click [Sleep] Sleep until 7:00 AM
 879.6s [6月20日（週五） 上午 7:00]   shot 112_decision_customer_return.png
 879.6s [6月20日（週五） 上午 7:00]   decision customer_return → refund
 879.6s [6月20日（週五） 上午 7:00]   click [Choice_refund] 退款＋收回商品
 881.0s [6月20日（週五） 上午 7:00]   shot 113_decision_outcome_customer_return.png
 881.0s [6月20日（週五） 上午 7:00]   click "OK"
 881.6s [6月20日（週五） 上午 7:00]   shot 114_decision_customer_return.png
 881.6s [6月20日（週五） 上午 7:00]   decision customer_return → refund
 881.6s [6月20日（週五） 上午 7:00]   click [Choice_refund] 退款＋收回商品
 883.0s [6月20日（週五） 上午 7:00]   shot 115_decision_outcome_customer_return.png
 883.0s [6月20日（週五） 上午 7:00]   click "OK"
 894.0s [6月20日（週五） 上午 7:16]   use "Packing table"
 894.7s [6月20日（週五） 上午 7:17]   click [Pack] 打包 19 筆訂單（2 小時 32 分）
 895.6s [6月20日（週五） 上午 9:50]   click [CourierEconomy] 快遞 · 經濟 3 天（$71.30）
 899.4s [6月20日（週五） 上午 9:56]   use "Use laptop — Company OS"
 900.0s [6月20日（週五） 上午 9:57]   click [Tab_operations] Operations
 900.2s [6月20日（週五） 上午 9:57]   click [DeliverTo_riverside_studio] 河濱大樓 7C
 900.5s [6月20日（週五） 上午 9:58]   click [Buy_tradelink_wholesale_water_bottle] 購買 $469.80
 900.8s [6月20日（週五） 上午 10:08]   click [Buy_tradelink_wholesale_water_bottle] 購買 $469.80
 901.1s [6月20日（週五） 上午 10:19]   click [Tab_contracts] Contracts
 910.7s [6月20日（週五） 下午 7:13]   use "Sleep"
 911.3s [6月20日（週五） 下午 7:13]   click [Sleep] Sleep until 7:00 AM
 913.2s [6月21日（週六） 上午 7:00]   shot 116_decision_customer_return.png
 913.2s [6月21日（週六） 上午 7:00]   decision customer_return → replace
 913.2s [6月21日（週六） 上午 7:00]   click [Choice_replace] 寄一個新的
 914.6s [6月21日（週六） 上午 7:00]   shot 117_decision_outcome_customer_return.png
 914.6s [6月21日（週六） 上午 7:00]   click "OK"
 925.7s [6月21日（週六） 上午 7:16]   use "Packing table"
 926.4s [6月21日（週六） 上午 7:17]   click [Pack] 打包 29 筆訂單（3 小時 52 分）
 927.3s [6月21日（週六） 上午 11:10]   click [CourierEconomy] 快遞 · 經濟 3 天（$104.55）
 931.1s [6月21日（週六） 上午 11:16]   use "Use laptop — Company OS"
 931.7s [6月21日（週六） 上午 11:17]   click [Tab_operations] Operations
 932.0s [6月21日（週六） 上午 11:17]   click [DeliverTo_riverside_studio] 河濱大樓 7C
 932.3s [6月21日（週六） 上午 11:18]   click [Buy_tradelink_wholesale_water_bottle] 購買 $470.40
 932.6s [6月21日（週六） 上午 11:28]   click [Tab_contracts] Contracts
 933.1s [6月21日（週六） 上午 11:29]   click [DeliverContract] 打包並交貨 120 件（B2B 貨運 $40）
 933.9s [6月21日（週六） 下午 1:00]   shot 118_contract_delivered.png
 934.5s [6月21日（週六） 下午 7:00]   shot 119_decision_customer_return.png
 934.5s [6月21日（週六） 下午 7:00]   decision customer_return → replace
 934.5s [6月21日（週六） 下午 7:00]   click [Choice_replace] 寄一個新的
 935.9s [6月21日（週六） 下午 7:00]   shot 120_decision_outcome_customer_return.png
 935.9s [6月21日（週六） 下午 7:00]   click "OK"
 945.0s [6月21日（週六） 下午 7:13]   use "Sleep"
 945.6s [6月21日（週六） 下午 7:13]   click [Sleep] Sleep until 7:00 AM
 947.5s [6月22日（週日） 上午 7:00]   shot 121_decision_customer_return.png
 947.5s [6月22日（週日） 上午 7:00]   decision customer_return → replace
 947.5s [6月22日（週日） 上午 7:00]   click [Choice_replace] 寄一個新的
 948.9s [6月22日（週日） 上午 7:00]   shot 122_decision_outcome_customer_return.png
 948.9s [6月22日（週日） 上午 7:00]   click "OK"
 949.5s [6月22日（週日） 上午 7:00]   shot 123_decision_customer_return.png
 949.5s [6月22日（週日） 上午 7:00]   decision customer_return → replace
 949.5s [6月22日（週日） 上午 7:00]   click [Choice_replace] 寄一個新的
 950.9s [6月22日（週日） 上午 7:00]   shot 124_decision_outcome_customer_return.png
 950.9s [6月22日（週日） 上午 7:00]   click "OK"
 961.9s [6月22日（週日） 上午 7:16]   use "Packing table"
 962.6s [6月22日（週日） 上午 7:17]   click [Pack] 打包 36 筆訂單（4 小時 48 分）
 963.6s [6月22日（週日） 下午 12:06]   click [CourierEconomy] 快遞 · 經濟 3 天（$122.45）
 975.4s [6月22日（週日） 下午 7:16]   use "Sleep"
 976.0s [6月22日（週日） 下午 7:16]   click [Sleep] Sleep until 7:00 AM
 988.3s [6月23日（週一） 上午 7:16]   use "Packing table"
 989.0s [6月23日（週一） 上午 7:17]   click [Pack] 打包 29 筆訂單（3 小時 52 分）
 990.0s [6月23日（週一） 上午 11:11]   click [CourierEconomy] 快遞 · 經濟 3 天（$113.05）
1001.8s [6月23日（週一） 下午 7:15]   use "Sleep"
1002.4s [6月23日（週一） 下午 7:15]   click [Sleep] Sleep until 7:00 AM
1014.8s [6月24日（週二） 上午 7:16]   use "Packing table"
1015.5s [6月24日（週二） 上午 7:17]   click [Pack] 打包 28 筆訂單（3 小時 44 分）
1016.5s [6月24日（週二） 上午 11:03]   click [CourierEconomy] 快遞 · 經濟 3 天（$106.60）
1020.2s [6月24日（週二） 上午 11:08]   use "Use laptop — Company OS"
1020.8s [6月24日（週二） 上午 11:09]   click [Tab_operations] Operations
1021.1s [6月24日（週二） 上午 11:10]   click [DeliverTo_riverside_studio] 河濱大樓 7C
1021.4s [6月24日（週二） 上午 11:10]   click [Buy_tradelink_wholesale_wireless_earbuds] 購買 $900.00
1022.3s [6月24日（週二） 下午 7:00]   shot 125_decision_customer_return.png
1022.3s [6月24日（週二） 下午 7:00]   decision customer_return → refund
1022.3s [6月24日（週二） 下午 7:00]   click [Choice_refund] 退款＋收回商品
1023.7s [6月24日（週二） 下午 7:00]   shot 126_decision_outcome_customer_return.png
1023.7s [6月24日（週二） 下午 7:00]   click "OK"
1032.8s [6月24日（週二） 下午 7:13]   use "Sleep"
1033.4s [6月24日（週二） 下午 7:13]   click [Sleep] Sleep until 7:00 AM
1035.3s [6月25日（週三） 上午 7:00]   shot 127_decision_customer_return.png
1035.3s [6月25日（週三） 上午 7:00]   decision customer_return → refund
1035.3s [6月25日（週三） 上午 7:00]   click [Choice_refund] 退款＋收回商品
1036.7s [6月25日（週三） 上午 7:00]   shot 128_decision_outcome_customer_return.png
1036.7s [6月25日（週三） 上午 7:00]   click "OK"
1037.3s [6月25日（週三） 上午 7:00]   shot 129_decision_customer_return.png
1037.3s [6月25日（週三） 上午 7:00]   decision customer_return → refund
1037.3s [6月25日（週三） 上午 7:00]   click [Choice_refund] 退款＋收回商品
1038.8s [6月25日（週三） 上午 7:00]   shot 130_decision_outcome_customer_return.png
1038.8s [6月25日（週三） 上午 7:00]   click "OK"
1049.8s [6月25日（週三） 上午 7:16]   use "Packing table"
1050.5s [6月25日（週三） 上午 7:17]   click [Pack] 打包 27 筆訂單（3 小時 36 分）
1051.5s [6月25日（週三） 上午 10:54]   click [CourierEconomy] 快遞 · 經濟 3 天（$95.65）
1055.2s [6月25日（週三） 上午 11:00]   use "Use laptop — Company OS"
1055.8s [6月25日（週三） 上午 11:01]   click [Tab_operations] Operations
1056.1s [6月25日（週三） 上午 11:01]   click [DeliverTo_riverside_studio] 河濱大樓 7C
1056.4s [6月25日（週三） 上午 11:02]   click [Buy_tradelink_wholesale_wireless_earbuds] 購買 $900.00
1057.3s [6月25日（週三） 下午 7:00]   shot 131_decision_customer_return.png
1057.3s [6月25日（週三） 下午 7:00]   decision customer_return → refund
1057.3s [6月25日（週三） 下午 7:00]   click [Choice_refund] 退款＋收回商品
1058.7s [6月25日（週三） 下午 7:00]   shot 132_decision_outcome_customer_return.png
1058.7s [6月25日（週三） 下午 7:00]   click "OK"
1067.8s [6月25日（週三） 下午 7:13]   use "Sleep"
1068.4s [6月25日（週三） 下午 7:13]   click [Sleep] Sleep until 7:00 AM
1080.8s [6月26日（週四） 上午 7:16]   use "Packing table"
1081.5s [6月26日（週四） 上午 7:17]   click [Pack] 打包 13 筆訂單（1 小時 44 分）
1082.4s [6月26日（週四） 上午 9:03]   click [CourierEconomy] 快遞 · 經濟 3 天（$48.85）
1086.2s [6月26日（週四） 上午 9:08]   use "Use laptop — Company OS"
1086.8s [6月26日（週四） 上午 9:09]   click [Tab_operations] Operations
1087.0s [6月26日（週四） 上午 9:10]   click [DeliverTo_riverside_studio] 河濱大樓 7C
1087.3s [6月26日（週四） 上午 9:10]   click [Buy_tradelink_wholesale_wireless_earbuds] 購買 $899.50
1088.3s [6月26日（週四） 下午 7:00]   shot 133_decision_customer_return.png
1088.3s [6月26日（週四） 下午 7:00]   decision customer_return → replace
1088.3s [6月26日（週四） 下午 7:00]   click [Choice_replace] 寄一個新的
1089.7s [6月26日（週四） 下午 7:00]   shot 134_decision_outcome_customer_return.png
1089.7s [6月26日（週四） 下午 7:00]   click "OK"
1095.8s [6月26日（週四） 下午 7:09]   shot 135_decision_customer_return.png
1095.8s [6月26日（週四） 下午 7:09]   decision customer_return → replace
1095.8s [6月26日（週四） 下午 7:09]   click [Choice_replace] 寄一個新的
1097.3s [6月26日（週四） 下午 7:09]   shot 136_decision_outcome_customer_return.png
1097.3s [6月26日（週四） 下午 7:09]   click "OK"
1097.9s [6月26日（週四） 下午 7:09]   use "Sleep"
1098.5s [6月26日（週四） 下午 7:09]   click [Sleep] Sleep until 7:00 AM
1100.4s [6月27日（週五） 上午 7:00]   shot 137_decision_customer_return.png
1100.4s [6月27日（週五） 上午 7:00]   decision customer_return → replace
1100.4s [6月27日（週五） 上午 7:00]   click [Choice_replace] 寄一個新的
1101.9s [6月27日（週五） 上午 7:00]   shot 138_decision_outcome_customer_return.png
1101.9s [6月27日（週五） 上午 7:00]   click "OK"
1102.4s [6月27日（週五） 上午 7:00]   shot 139_decision_customer_return.png
1102.4s [6月27日（週五） 上午 7:00]   decision customer_return → replace
1102.4s [6月27日（週五） 上午 7:00]   click [Choice_replace] 寄一個新的
1103.8s [6月27日（週五） 上午 7:00]   shot 140_decision_outcome_customer_return.png
1103.8s [6月27日（週五） 上午 7:00]   click "OK"
1114.9s [6月27日（週五） 上午 7:16]   use "Packing table"
1115.5s [6月27日（週五） 上午 7:17]   click [Pack] 打包 30 筆訂單（4 h）
1116.5s [6月27日（週五） 上午 11:18]   click [CourierEconomy] 快遞 · 經濟 3 天（$111.00）
1128.3s [6月27日（週五） 下午 7:16]   use "Sleep"
1128.9s [6月27日（週五） 下午 7:16]   click [Sleep] Sleep until 7:00 AM
1130.8s [6月28日（週六） 上午 7:00]   shot 141_decision_customer_return.png
1130.8s [6月28日（週六） 上午 7:00]   decision customer_return → replace
1130.8s [6月28日（週六） 上午 7:00]   click [Choice_replace] 寄一個新的
1132.3s [6月28日（週六） 上午 7:00]   shot 142_decision_outcome_customer_return.png
1132.3s [6月28日（週六） 上午 7:00]   click "OK"
1143.3s [6月28日（週六） 上午 7:16]   use "Packing table"
1144.0s [6月28日（週六） 上午 7:17]   click [Pack] 打包 37 筆訂單（4 小時 56 分）
1145.0s [6月28日（週六） 下午 12:14]   click [CourierEconomy] 快遞 · 經濟 3 天（$126.90）
1146.3s [6月28日（週六） 下午 12:16]   shot 143_decision_customer_return.png
1146.3s [6月28日（週六） 下午 12:16]   decision customer_return → replace
1146.3s [6月28日（週六） 下午 12:16]   click [Choice_replace] 寄一個新的
1147.7s [6月28日（週六） 下午 12:16]   shot 144_decision_outcome_customer_return.png
1147.7s [6月28日（週六） 下午 12:16]   click "OK"
1148.5s [6月28日（週六） 下午 7:00]   shot 145_decision_customer_return.png
1148.5s [6月28日（週六） 下午 7:00]   decision customer_return → replace
1148.5s [6月28日（週六） 下午 7:00]   click [Choice_replace] 寄一個新的
1149.9s [6月28日（週六） 下午 7:00]   shot 146_decision_outcome_customer_return.png
1149.9s [6月28日（週六） 下午 7:00]   click "OK"
1160.9s [6月28日（週六） 下午 7:16]   use "Sleep"
1161.5s [6月28日（週六） 下午 7:16]   click [Sleep] Sleep until 7:00 AM
1163.5s [6月29日（週日） 上午 7:00]   shot 147_decision_customer_return.png
1163.5s [6月29日（週日） 上午 7:00]   decision customer_return → replace
1163.5s [6月29日（週日） 上午 7:00]   click [Choice_replace] 寄一個新的
1164.9s [6月29日（週日） 上午 7:00]   shot 148_decision_outcome_customer_return.png
1164.9s [6月29日（週日） 上午 7:00]   click "OK"
1175.9s [6月29日（週日） 上午 7:16]   use "Packing table"
1176.6s [6月29日（週日） 上午 7:17]   click [Pack] 打包 30 筆訂單（4 h）
1177.6s [6月29日（週日） 上午 11:18]   click [CourierEconomy] 快遞 · 經濟 3 天（$110.25）
1181.4s [6月29日（週日） 上午 11:24]   use "Use laptop — Company OS"
1182.0s [6月29日（週日） 上午 11:25]   click [Tab_operations] Operations
1182.2s [6月29日（週日） 上午 11:25]   click [DeliverTo_riverside_studio] 河濱大樓 7C
1182.5s [6月29日（週日） 上午 11:26]   click [Buy_tradelink_wholesale_water_bottle] 購買 $468.00
1183.4s [6月29日（週日） 下午 7:00]   shot 149_decision_viral_mention.png
1183.4s [6月29日（週日） 下午 7:00]   decision viral_mention → ride
1183.4s [6月29日（週日） 下午 7:00]   click [Choice_ride] 順其自然
1184.8s [6月29日（週日） 下午 7:00]   shot 150_decision_outcome_viral_mention.png
1184.8s [6月29日（週日） 下午 7:00]   click "OK"
1194.0s [6月29日（週日） 下午 7:13]   use "Sleep"
1194.6s [6月29日（週日） 下午 7:13]   click [Sleep] Sleep until 7:00 AM
1196.5s [6月30日（週一） 上午 7:00]   shot 151_decision_customer_return.png
1196.5s [6月30日（週一） 上午 7:00]   decision customer_return → replace
1196.5s [6月30日（週一） 上午 7:00]   click [Choice_replace] 寄一個新的
1197.9s [6月30日（週一） 上午 7:00]   shot 152_decision_outcome_customer_return.png
1197.9s [6月30日（週一） 上午 7:00]   click "OK"
1208.9s [6月30日（週一） 上午 7:16]   use "Packing table"
1209.6s [6月30日（週一） 上午 7:17]   click [Pack] 打包 27 筆訂單（3 小時 36 分）
1210.6s [6月30日（週一） 上午 10:54]   click [CourierEconomy] 快遞 · 經濟 3 天（$93.65）
1211.9s [6月30日（週一） 上午 10:56]   shot 153_decision_customer_return.png
1211.9s [6月30日（週一） 上午 10:56]   decision customer_return → replace
1211.9s [6月30日（週一） 上午 10:56]   click [Choice_replace] 寄一個新的
1213.3s [6月30日（週一） 上午 10:56]   shot 154_decision_outcome_customer_return.png
1213.3s [6月30日（週一） 上午 10:56]   click "OK"
1216.4s [6月30日（週一） 上午 11:00]   use "Use laptop — Company OS"
1217.0s [6月30日（週一） 上午 11:01]   click [Tab_operations] Operations
1217.3s [6月30日（週一） 上午 11:01]   click [DeliverTo_riverside_studio] 河濱大樓 7C
1217.6s [6月30日（週一） 上午 11:02]   click [Buy_tradelink_wholesale_water_bottle] 購買 $467.40
1226.9s [6月30日（週一） 下午 7:13]   use "Sleep"
1227.5s [6月30日（週一） 下午 7:13]   click [Sleep] Sleep until 7:00 AM
1231.3s [7月1日（週二） 上午 7:00]   shot 155_month_close_report.png
1231.3s [7月1日（週二） 上午 7:00]   click [month close] Continue
1242.3s [7月1日（週二） 上午 7:16]   use "Packing table"
1243.0s [7月1日（週二） 上午 7:17]   click [Pack] 打包 15 筆訂單（2 h）
1243.9s [7月1日（週二） 上午 9:18]   click [CourierEconomy] 快遞 · 經濟 3 天（$54.00）
1246.3s [7月1日（週二） 上午 9:22]   ok  month close ran (June)
1248.7s [7月1日（週二） 上午 9:26]   use "Use laptop — Company OS"
1249.3s [7月1日（週二） 上午 9:26]   click [Tab_finance] Finance
1250.2s [7月1日（週二） 上午 9:28]   shot 156_company_os_finance_july.png
1250.6s [7月1日（週二） 上午 9:28]   ok  Chapter 4 started after the June close
1250.6s [7月1日（週二） 上午 9:28] STEP Chapter 4 — register as an employer at City Hall
1254.3s [7月1日（週二） 上午 9:35]   ok  walked back outside
1273.4s [7月1日（週二） 上午 10:04]   use "捷運——河濱區站"
1274.3s [7月1日（週二） 上午 10:05]   shot 157_metro_civic_center.png
1274.3s [7月1日（週二） 上午 10:05]   click [Go_civic_center] 市政中心  ·  12 分鐘
1275.4s [7月1日（週二） 上午 10:19]   ok  took the Metro to Civic Center
1286.4s [7月1日（週二） 上午 10:35]   ok  entered Aurelia City Hall
1289.3s [7月1日（週二） 上午 10:39]   use "Permits & regulations"
1290.0s [7月1日（週二） 上午 10:40]   shot 158_permits_kiosk.png
1290.0s [7月1日（週二） 上午 10:40]   click [RegisterEmployer] 登記（$150）
1291.1s [7月1日（週二） 上午 11:02]   ok  registered as an employer
1291.1s [7月1日（週二） 上午 11:02] STEP Chapter 4 — post a job, hire, first payroll
1295.4s [7月1日（週二） 上午 11:10]   ok  walked back outside
1304.6s [7月1日（週二） 上午 11:23]   use "捷運——市政中心站"
1305.6s [7月1日（週二） 上午 11:25]   shot 159_metro_riverside.png
1305.6s [7月1日（週二） 上午 11:25]   click [Go_riverside] 河濱區  ·  12 分鐘
1306.7s [7月1日（週二） 上午 11:39]   ok  took the Metro to Riverside
1321.2s [7月1日（週二） 下午 12:00]   ok  entered Riverside Tower
1323.5s [7月1日（週二） 下午 12:04]   use "Use laptop — Company OS"
1324.1s [7月1日（週二） 下午 12:05]   click [Tab_people] People
1324.9s [7月1日（週二） 下午 12:06]   shot 160_people_tab.png
1324.9s [7月1日（週二） 下午 12:06]   click [Post_support] Post job
1325.9s [7月1日（週二） 下午 12:07]   ok  job ad posted
1325.9s [7月1日（週二） 下午 12:07]   (harness) wait 2 h
1335.3s [7月1日（週二） 下午 2:21]   use "Packing table"
1336.0s [7月1日（週二） 下午 2:22]   click [Pack] 打包 12 筆訂單（1 小時 36 分）
1336.9s [7月1日（週二） 下午 4:00]   click [CourierEconomy] 快遞 · 經濟 3 天（$45.65）
1338.2s [7月1日（週二） 下午 4:02]   shot 161_decision_supplier_price_increase.png
1338.2s [7月1日（週二） 下午 4:02]   decision supplier_price_increase → accept
1338.2s [7月1日（週二） 下午 4:02]   click [Choice_accept] 好。繼續跟你進貨。
1339.7s [7月1日（週二） 下午 4:02]   shot 162_decision_outcome_supplier_price_increase.png
1339.7s [7月1日（週二） 下午 4:02]   click "OK"
1340.2s [7月1日（週二） 下午 4:02]   (harness) wait 2 h
1347.3s [7月1日（週二） 下午 6:13]   use "Packing table"
1348.0s [7月1日（週二） 下午 6:14]   click [Pack] 打包 18 筆訂單（2 小時 24 分）
1348.9s [7月1日（週二） 下午 8:39]   click [CourierEconomy] 快遞 · 經濟 3 天（$77.10）
1360.6s [7月1日（週二） 下午 8:57]   use "Sleep"
1361.2s [7月1日（週二） 下午 8:57]   click [Sleep] Sleep until 7:00 AM
1363.2s [7月2日（週三） 上午 7:00]   shot 163_decision_customer_return.png
1363.2s [7月2日（週三） 上午 7:00]   decision customer_return → refund
1363.2s [7月2日（週三） 上午 7:00]   click [Choice_refund] 退款＋收回商品
1364.6s [7月2日（週三） 上午 7:00]   shot 164_decision_outcome_customer_return.png
1364.6s [7月2日（週三） 上午 7:00]   click "OK"
1375.7s [7月2日（週三） 上午 7:16]   use "Packing table"
1376.3s [7月2日（週三） 上午 7:17]   click [Pack] 打包 22 筆訂單（2 小時 56 分）
1377.3s [7月2日（週三） 上午 10:14]   click [CourierEconomy] 快遞 · 經濟 3 天（$82.65）
1378.6s [7月2日（週三） 上午 10:16]   shot 165_decision_customer_return.png
1378.6s [7月2日（週三） 上午 10:16]   decision customer_return → refund
1378.6s [7月2日（週三） 上午 10:16]   click [Choice_refund] 退款＋收回商品
1380.1s [7月2日（週三） 上午 10:16]   shot 166_decision_outcome_customer_return.png
1380.1s [7月2日（週三） 上午 10:16]   click "OK"
1383.1s [7月2日（週三） 上午 10:20]   use "Use laptop — Company OS"
1383.7s [7月2日（週三） 上午 10:21]   click [Tab_people] People
1384.7s [7月2日（週三） 上午 10:22]   shot 167_applicants.png
1384.7s [7月2日（週三） 上午 10:22]   click [Hire_E1] Hire
1385.7s [7月2日（週三） 上午 10:24]   ok  hired the first employee (Aria Wu)
1385.9s [7月2日（週三） 下午 7:00]   shot 168_decision_customer_return.png
1385.9s [7月2日（週三） 下午 7:00]   decision customer_return → refund
1385.9s [7月2日（週三） 下午 7:00]   click [Choice_refund] 退款＋收回商品
1387.3s [7月2日（週三） 下午 7:00]   shot 169_decision_outcome_customer_return.png
1387.3s [7月2日（週三） 下午 7:00]   click "OK"
1396.4s [7月2日（週三） 下午 7:13]   use "Sleep"
1397.0s [7月2日（週三） 下午 7:13]   click [Sleep] Sleep until 7:00 AM
1398.9s [7月3日（週四） 上午 7:00]   shot 170_decision_customer_return.png
1398.9s [7月3日（週四） 上午 7:00]   decision customer_return → refund
1398.9s [7月3日（週四） 上午 7:00]   click [Choice_refund] 退款＋收回商品
1400.3s [7月3日（週四） 上午 7:00]   shot 171_decision_outcome_customer_return.png
1400.3s [7月3日（週四） 上午 7:00]   click "OK"
1411.4s [7月3日（週四） 上午 7:16]   use "Packing table"
1412.0s [7月3日（週四） 上午 7:17]   click [Pack] 打包 22 筆訂單（2 小時 56 分）
1413.0s [7月3日（週四） 上午 10:14]   click [CourierEconomy] 快遞 · 經濟 3 天（$91.90）
1424.7s [7月3日（週四） 下午 7:16]   use "Sleep"
1425.3s [7月3日（週四） 下午 7:16]   click [Sleep] Sleep until 7:00 AM
1437.7s [7月4日（週五） 上午 7:16]   use "Packing table"
1438.4s [7月4日（週五） 上午 7:17]   click [Pack] 打包 22 筆訂單（2 小時 56 分）
1439.4s [7月4日（週五） 上午 10:15]   click [CourierEconomy] 快遞 · 經濟 3 天（$87.40）
1451.1s [7月4日（週五） 下午 7:15]   use "Sleep"
1451.7s [7月4日（週五） 下午 7:15]   click [Sleep] Sleep until 7:00 AM
1464.1s [7月5日（週六） 上午 7:16]   use "Packing table"
1464.8s [7月5日（週六） 上午 7:17]   click [Pack] 打包 8 筆訂單（1 小時 4 分）
1465.7s [7月5日（週六） 上午 8:23]   click [CourierEconomy] 快遞 · 經濟 3 天（$32.85）
1467.0s [7月5日（週六） 上午 8:24]   ok  first payroll paid
1469.4s [7月5日（週六） 上午 8:28]   use "Use laptop — Company OS"
1470.0s [7月5日（週六） 上午 8:29]   click [Tab_finance] Finance
1470.8s [7月5日（週六） 上午 8:30]   shot 172_cash_forecast.png
1472.3s [7月5日（週六） 上午 8:32]   ok  Chapter 4 complete
1472.3s [7月5日（週六） 上午 8:32] STEP Chapter 5 — Crestline's offer
1472.5s [7月5日（週六） 下午 7:00]   shot 173_competing_job_offer.png
1472.5s [7月5日（週六） 下午 7:00]   retention budget release
1472.5s [7月5日（週六） 下午 7:00]   click [ReleaseEmployee] Let them take the job
1477.1s [7月5日（週六） 下午 7:07]   shot 174_decision_customer_return.png
1477.1s [7月5日（週六） 下午 7:07]   decision customer_return → refund
1477.1s [7月5日（週六） 下午 7:07]   click [Choice_refund] 退款＋收回商品
1478.5s [7月5日（週六） 下午 7:07]   shot 175_decision_outcome_customer_return.png
1478.5s [7月5日（週六） 下午 7:07]   click "OK"
1479.1s [7月5日（週六） 下午 7:07]   use "Sleep"
1479.7s [7月5日（週六） 下午 7:07]   click [Sleep] Sleep until 7:00 AM
1492.1s [7月6日（週日） 上午 7:16]   use "Packing table"
1492.8s [7月6日（週日） 上午 7:17]   click [Pack] 打包 5 筆訂單（40 分鐘）
1493.8s [7月6日（週日） 上午 7:59]   click [CourierEconomy] 快遞 · 經濟 3 天（$22.00）
1495.2s [7月6日（週日） 下午 7:00]   shot 176_decision_customer_return.png
1495.2s [7月6日（週日） 下午 7:00]   decision customer_return → refund
1495.2s [7月6日（週日） 下午 7:00]   click [Choice_refund] 退款＋收回商品
1496.6s [7月6日（週日） 下午 7:00]   shot 177_decision_outcome_customer_return.png
1496.6s [7月6日（週日） 下午 7:00]   click "OK"
1507.6s [7月6日（週日） 下午 7:16]   use "Sleep"
1508.2s [7月6日（週日） 下午 7:16]   click [Sleep] Sleep until 7:00 AM
1510.2s [7月7日（週一） 上午 7:00]   shot 178_decision_customer_return.png
1510.2s [7月7日（週一） 上午 7:00]   decision customer_return → refund
1510.2s [7月7日（週一） 上午 7:00]   click [Choice_refund] 退款＋收回商品
1511.6s [7月7日（週一） 上午 7:00]   shot 179_decision_outcome_customer_return.png
1511.6s [7月7日（週一） 上午 7:00]   click "OK"
1512.1s [7月7日（週一） 上午 7:00]   shot 180_decision_customer_return.png
1512.1s [7月7日（週一） 上午 7:00]   decision customer_return → refund
1512.1s [7月7日（週一） 上午 7:00]   click [Choice_refund] 退款＋收回商品
1513.5s [7月7日（週一） 上午 7:00]   shot 181_decision_outcome_customer_return.png
1513.5s [7月7日（週一） 上午 7:00]   click "OK"
1514.1s [7月7日（週一） 上午 7:00]   shot 182_decision_customer_return.png
1514.1s [7月7日（週一） 上午 7:00]   decision customer_return → replace
1514.1s [7月7日（週一） 上午 7:00]   click [Choice_replace] 寄一個新的
1515.5s [7月7日（週一） 上午 7:00]   shot 183_decision_outcome_customer_return.png
1515.5s [7月7日（週一） 上午 7:00]   click "OK"
1522.6s [7月7日（週一） 下午 7:10]   use "Sleep"
1523.2s [7月7日（週一） 下午 7:10]   click [Sleep] Sleep until 7:00 AM
1531.6s [7月8日（週二） 下午 7:09]   use "Sleep"
1532.2s [7月8日（週二） 下午 7:09]   click [Sleep] Sleep until 7:00 AM
1534.5s [7月9日（週三） 下午 7:00]   use "Sleep"
1535.1s [7月9日（週三） 下午 7:00]   click [Sleep] Sleep until 7:00 AM
1537.3s [7月10日（週四） 下午 7:00]   use "Sleep"
1537.9s [7月10日（週四） 下午 7:00]   click [Sleep] Sleep until 7:00 AM
1539.8s [7月11日（週五） 上午 7:00]   shot 184_decision_crestline_big_offer.png
1539.8s [7月11日（週五） 上午 7:00]   decision crestline_big_offer → review
1539.8s [7月11日（週五） 上午 7:00]   click [Choice_review] 把合約寄來，我看看。
1541.3s [7月11日（週五） 上午 7:00]   shot 185_decision_outcome_crestline_big_offer.png
1541.3s [7月11日（週五） 上午 7:00]   click "OK"
1541.9s [7月11日（週五） 上午 7:00]   ok  Crestline offered the big contract
1549.9s [7月11日（週五） 上午 7:12]   use "Use laptop — Company OS"
1550.5s [7月11日（週五） 上午 7:13]   click [Tab_contracts] 合約 ●
1551.3s [7月11日（週五） 上午 7:14]   shot 186_big_contract_offer.png
1551.3s [7月11日（週五） 上午 7:14]   click [AcceptContract] Accept
1552.4s [7月11日（週五） 上午 7:16]   ok  accepted Crestline's contract
1552.4s [7月11日（週五） 上午 7:16] STEP Chapter 5 — borrow from Marcus Reed at Nexus Bank
1556.3s [7月11日（週五） 上午 7:23]   ok  walked back outside
1575.4s [7月11日（週五） 上午 7:52]   use "捷運——河濱區站"
1576.3s [7月11日（週五） 上午 7:53]   shot 187_metro_financial.png
1576.3s [7月11日（週五） 上午 7:53]   click [Go_financial] 金融區  ·  10 分鐘
1577.4s [7月11日（週五） 上午 8:05]   ok  took the Metro to Financial District
1577.8s [7月11日（週五） 下午 1:05]   shot 188_decision_customer_return.png
1577.8s [7月11日（週五） 下午 1:05]   decision customer_return → refund
1577.8s [7月11日（週五） 下午 1:05]   click [Choice_refund] 退款＋收回商品
1579.2s [7月11日（週五） 下午 1:05]   shot 189_decision_outcome_customer_return.png
1579.2s [7月11日（週五） 下午 1:05]   click "OK"
1591.8s [7月11日（週五） 下午 1:23]   ok  entered Nexus Bank
1594.5s [7月11日（週五） 下午 1:27]   use "和 Marcus Reed 說話"
1597.5s [7月11日（週五） 下午 1:27]   choose "› 讓我看看你能借多少。"
1599.6s [7月11日（週五） 下午 1:27]   shot 190_loan_offer.png
1599.6s [7月11日（週五） 下午 1:27]   click [Amt_50] $29,000
1599.9s [7月11日（週五） 下午 1:27]   click [Term_12] 12 個月
1600.2s [7月11日（週五） 下午 1:27]   click [TakeLoan] 借 $29,000
1600.5s [7月11日（週五） 下午 1:27]   click [ConfirmLoan] Confirm loan signing
1601.1s [7月11日（週五） 下午 5:00]   ok  loan signing finishes the same afternoon
1601.6s [7月11日（週五） 下午 5:00]   shot 191_loan_taken.png
1602.0s [7月11日（週五） 下午 5:00]   ok  took a Nexus Bank loan (debt $29,000.00)
1602.0s [7月11日（週五） 下午 5:00] STEP Chapter 5 — order the lamps and deliver
1610.5s [7月11日（週五） 下午 5:14]   ok  walked back outside
1620.6s [7月11日（週五） 下午 5:29]   use "捷運——金融區站"
1621.6s [7月11日（週五） 下午 5:30]   shot 192_metro_riverside.png
1621.6s [7月11日（週五） 下午 5:30]   click [Go_riverside] 河濱區  ·  10 分鐘
1622.6s [7月11日（週五） 下午 5:42]   ok  took the Metro to Riverside
1637.1s [7月11日（週五） 下午 6:04]   ok  entered Riverside Tower
1639.4s [7月11日（週五） 下午 6:07]   use "Use laptop — Company OS"
1640.0s [7月11日（週五） 下午 6:08]   click [Tab_contracts] Contracts
1640.7s [7月11日（週五） 下午 6:09]   click [FillContract] 追加訂購 800 件，向 TradeLink 批發（$9,160）
1641.5s [7月11日（週五） 下午 6:20]   shot 193_contract_restock.png
1650.2s [7月11日（週五） 下午 7:12]   use "Sleep"
1650.8s [7月11日（週五） 下午 7:12]   click [Sleep] Sleep until 7:00 AM
1663.2s [7月12日（週六） 上午 7:16]   use "Packing table"
1663.9s [7月12日（週六） 上午 7:17]   click [Pack] 打包 1 筆訂單（8 分鐘）
1664.9s [7月12日（週六） 上午 7:27]   click [CourierEconomy] 快遞 · 經濟 3 天（$9.20）
1676.6s [7月12日（週六） 下午 7:15]   use "Sleep"
1677.2s [7月12日（週六） 下午 7:15]   click [Sleep] Sleep until 7:00 AM
1685.6s [7月13日（週日） 下午 7:09]   use "Sleep"
1686.2s [7月13日（週日） 下午 7:09]   click [Sleep] Sleep until 7:00 AM
1690.0s [7月14日（週一） 上午 7:03]   use "Use laptop — Company OS"
1690.6s [7月14日（週一） 上午 7:04]   click [Tab_contracts] Contracts
1691.3s [7月14日（週一） 上午 7:05]   click [DeliverContract] 打包並交貨 800 件（B2B 貨運 $40）
1692.4s [7月14日（週一） 上午 8:37]   shot 194_big_contract_delivered.png
1692.8s [7月14日（週一） 上午 8:37]   ok  delivered 800 lamps to Crestline
1693.9s [7月14日（週一） 上午 8:39]   ok  Chapter 5 complete
1693.9s [7月14日（週一） 上午 8:39] STEP Chapter 6 — forecast, early payment, month in the black
1694.1s [7月14日（週一） 上午 8:39]   use "Use laptop — Company OS"
1694.7s [7月14日（週一） 上午 8:40]   click [Tab_finance] Finance
1695.8s [7月14日（週一） 上午 8:41]   shot 195_cash_forecast_ch6.png
1695.8s [7月14日（週一） 上午 8:41]   click [Tab_contracts] Contracts
1696.3s [7月14日（週一） 上午 8:43]   click [EarlyPayment] 請對方提前付款（折 3%：現在拿 $21,728）
1697.1s [7月14日（週一） 上午 8:44]   shot 196_early_payment.png
1697.5s [7月14日（週一） 上午 8:44]   ok  Crestline paid early (3% discount)
1705.6s [7月14日（週一） 下午 7:12]   use "Sleep"
1706.2s [7月14日（週一） 下午 7:12]   click [Sleep] Sleep until 7:00 AM
1708.3s [7月15日（週二） 下午 7:00]   shot 197_decision_elena_offer.png
1708.3s [7月15日（週二） 下午 7:00]   decision elena_offer → accept
1708.3s [7月15日（週二） 下午 7:00]   click [Choice_accept] 以 20% 股份換 $40,000
1709.8s [7月15日（週二） 下午 7:00]   shot 198_decision_outcome_elena_offer.png
1709.8s [7月15日（週二） 下午 7:00]   click "OK"
1716.8s [7月15日（週二） 下午 7:10]   use "Sleep"
1717.4s [7月15日（週二） 下午 7:10]   click [Sleep] Sleep until 7:00 AM
1719.6s [7月16日（週三） 下午 7:00]   use "Sleep"
1720.2s [7月16日（週三） 下午 7:00]   click [Sleep] Sleep until 7:00 AM
1722.4s [7月17日（週四） 下午 7:00]   use "Sleep"
1723.0s [7月17日（週四） 下午 7:00]   click [Sleep] Sleep until 7:00 AM
1725.2s [7月18日（週五） 下午 7:00]   use "Sleep"
1725.8s [7月18日（週五） 下午 7:00]   click [Sleep] Sleep until 7:00 AM
1728.0s [7月19日（週六） 下午 7:00]   use "Sleep"
1728.6s [7月19日（週六） 下午 7:00]   click [Sleep] Sleep until 7:00 AM
1730.8s [7月20日（週日） 下午 7:00]   use "Sleep"
1731.4s [7月20日（週日） 下午 7:00]   click [Sleep] Sleep until 7:00 AM
1733.6s [7月21日（週一） 下午 7:00]   use "Sleep"
1734.2s [7月21日（週一） 下午 7:00]   click [Sleep] Sleep until 7:00 AM
1736.3s [7月22日（週二） 下午 7:00]   shot 199_decision_supplier_price_increase.png
1736.3s [7月22日（週二） 下午 7:00]   decision supplier_price_increase → accept
1736.3s [7月22日（週二） 下午 7:00]   click [Choice_accept] 好。繼續跟你進貨。
1737.7s [7月22日（週二） 下午 7:00]   shot 200_decision_outcome_supplier_price_increase.png
1737.7s [7月22日（週二） 下午 7:00]   click "OK"
1738.4s [7月22日（週二） 下午 7:00]   use "Sleep"
1739.0s [7月22日（週二） 下午 7:00]   click [Sleep] Sleep until 7:00 AM
1747.8s [7月23日（週三） 下午 7:10]   use "Sleep"
1748.4s [7月23日（週三） 下午 7:10]   click [Sleep] Sleep until 7:00 AM
1750.6s [7月24日（週四） 下午 7:00]   use "Sleep"
1751.2s [7月24日（週四） 下午 7:00]   click [Sleep] Sleep until 7:00 AM
1753.4s [7月25日（週五） 下午 7:00]   use "Sleep"
1754.0s [7月25日（週五） 下午 7:00]   click [Sleep] Sleep until 7:00 AM
1756.2s [7月26日（週六） 下午 7:00]   use "Sleep"
1756.8s [7月26日（週六） 下午 7:00]   click [Sleep] Sleep until 7:00 AM
1759.0s [7月27日（週日） 下午 7:00]   use "Sleep"
1759.6s [7月27日（週日） 下午 7:00]   click [Sleep] Sleep until 7:00 AM
1761.8s [7月28日（週一） 下午 7:00]   use "Sleep"
1762.4s [7月28日（週一） 下午 7:00]   click [Sleep] Sleep until 7:00 AM
1764.6s [7月29日（週二） 下午 7:00]   use "Sleep"
1765.2s [7月29日（週二） 下午 7:00]   click [Sleep] Sleep until 7:00 AM
1767.4s [7月30日（週三） 下午 7:00]   use "Sleep"
1768.0s [7月30日（週三） 下午 7:00]   click [Sleep] Sleep until 7:00 AM
1776.8s [7月31日（週四） 下午 7:10]   use "Sleep"
1777.4s [7月31日（週四） 下午 7:10]   click [Sleep] Sleep until 7:00 AM
1781.2s [8月1日（週五） 上午 7:00]   shot 201_month_close_report.png
1781.2s [8月1日（週五） 上午 7:00]   click [month close] Continue
1782.8s [8月1日（週五） 上午 7:02]   ok  Chapter 6 complete
1782.8s [8月1日（週五） 上午 7:02]   ok  ledger balanced after chapters 4–6
1782.8s [8月1日（週五） 上午 7:02] STEP Shopping Street — compare Crestline shelf prices
1787.5s [8月1日（週五） 上午 7:10]   ok  walked back outside
1806.5s [8月1日（週五） 上午 7:38]   use "捷運——河濱區站"
1807.5s [8月1日（週五） 上午 7:40]   shot 202_metro_shopping_street.png
1807.5s [8月1日（週五） 上午 7:40]   click [Go_shopping_street] 購物街  ·  15 分鐘
1808.8s [8月1日（週五） 上午 7:56]   ok  took the Metro to Shopping Street
1822.6s [8月1日（週五） 下午 12:17]   ok  entered Crestline Flagship
1823.7s [8月1日（週五） 下午 12:19]   use "Research shelf prices"
1823.8s [8月1日（週五） 下午 12:19]   ok  owned/listed product available for research
1823.8s [8月1日（週五） 下午 12:19]   click [Research_desk_lamp] 調查 LED 檯燈 · 30 分鐘；七天內重看免費
1824.0s [8月1日（週五） 下午 12:49]   ok  real thirty-minute research saved
1824.0s [8月1日（週五） 下午 12:49]   shot 203_crestline_competitor_research.png
1824.0s [8月1日（週五） 下午 12:49]   click [ResearchDone] Return to the store
1826.7s [8月1日（週五） 下午 12:54]   ok  walked back outside
1838.7s [8月1日（週五） 下午 1:12]   use "捷運——購物街站"
1839.6s [8月1日（週五） 下午 1:14]   shot 204_metro_riverside.png
1839.6s [8月1日（週五） 下午 1:14]   click [Go_riverside] 河濱區  ·  15 分鐘
1840.7s [8月1日（週五） 下午 1:30]   ok  took the Metro to Riverside
1855.2s [8月1日（週五） 下午 1:52]   ok  entered Riverside Tower
1857.5s [8月1日（週五） 下午 1:55]   use "Use laptop — Company OS"
1858.1s [8月1日（週五） 下午 1:56]   click [Tab_sales] Ecommerce
1858.8s [8月1日（週五） 下午 1:58]   shot 205_sales_research_badge.png
1859.3s [8月1日（週五） 下午 1:58]   ok  Chapter 7 started after Chapter 6
1859.3s [8月1日（週五） 下午 1:58]   ok  Year 3: the Supply Shock
1859.3s [8月1日（週五） 下午 1:58] STEP Chapter 7 — the news, and Ken's options
1859.4s [8月1日（週五） 下午 1:58]   ok  genuine chapter seven starting checkpoint saved
1862.9s [8月1日（週五） 下午 2:05]   ok  walked back outside
1867.8s [8月1日（週五） 下午 2:12]   ok  entered Bloom Coffee
1870.5s [8月1日（週五） 下午 2:16]   use "Read the news board"
1871.3s [8月1日（週五） 下午 2:21]   shot 206_news_supply_shock.png
1871.3s [8月1日（週五） 下午 2:21]   info card: News board
1871.3s [8月1日（週五） 下午 2:21]   shot 207_info_news_board.png
1871.3s [8月1日（週五） 下午 2:21]   click "Close"
1871.8s [8月1日（週五） 下午 2:21]   ok  read the news (supply_shock)
1876.0s [8月1日（週五） 下午 2:28]   ok  walked back outside
1880.6s [8月1日（週五） 下午 2:35]   ok  entered Riverside Tower
1883.7s [8月1日（週五） 下午 7:05]   use "Sleep"
1884.3s [8月1日（週五） 下午 7:05]   click [Sleep] Sleep until 7:00 AM
1886.5s [8月2日（週六） 下午 7:00]   use "Sleep"
1887.1s [8月2日（週六） 下午 7:00]   click [Sleep] Sleep until 7:00 AM
1889.3s [8月3日（週日） 下午 7:00]   shot 208_decision_supply_shock_plan.png
1889.3s [8月3日（週日） 下午 7:00]   decision supply_shock_plan → local
1889.3s [8月3日（週日） 下午 7:00]   click [Choice_local] 加一個在地備援：奧瑞莉亞職人合作社
1890.7s [8月3日（週日） 下午 7:00]   shot 209_decision_outcome_supply_shock_plan.png
1890.7s [8月3日（週日） 下午 7:00]   click "OK"
1891.4s [8月3日（週日） 下午 7:00]   use "Sleep"
1892.0s [8月3日（週日） 下午 7:00]   click [Sleep] Sleep until 7:00 AM
1894.0s [8月4日（週一） 上午 7:01]   ok  the local co-op is a supplier now
1894.0s [8月4日（週一） 上午 7:01] STEP Chapter 7 — order from the co-op, raise a price
1896.0s [8月4日（週一） 上午 7:04]   use "Use laptop — Company OS"
1896.6s [8月4日（週一） 上午 7:05]   click [Tab_operations] Operations
1897.5s [8月4日（週一） 上午 7:06]   shot 210_operations_supply_shock.png
1897.5s [8月4日（週一） 上午 7:06]   click [Buy_aurelia_makers_desk_lamp] 購買 $417.00
1898.1s [8月4日（週一） 上午 7:17]   click [Buy_aurelia_makers_desk_lamp] 購買 $417.00
1898.8s [8月4日（週一） 上午 7:28]   click [Buy_aurelia_makers_desk_lamp] 購買 $417.00
1899.5s [8月4日（週一） 上午 7:39]   click [Buy_aurelia_makers_desk_lamp] 購買 $417.00
1900.9s [8月4日（週一） 上午 7:51]   use "Use laptop — Company OS"
1901.5s [8月4日（週一） 上午 7:52]   click [Tab_people] People
1902.2s [8月4日（週一） 上午 7:53]   click [Tab_sales] Ecommerce
1902.8s [8月4日（週一） 上午 7:54]   click [PriceUp_wireless_earbuds] +
1903.1s [8月4日（週一） 上午 7:54]   click [PriceUp_wireless_earbuds] +
1903.3s [8月4日（週一） 上午 7:54]   click [PriceUp_wireless_earbuds] +
1903.6s [8月4日（週一） 上午 7:55]   click [PriceUp_wireless_earbuds] +
1903.8s [8月4日（週一） 上午 7:55]   click [PriceUp_wireless_earbuds] +
1904.1s [8月4日（週一） 上午 7:56]   click [PriceUp_wireless_earbuds] +
1904.3s [8月4日（週一） 上午 7:56]   click [PriceUp_wireless_earbuds] +
1904.6s [8月4日（週一） 上午 7:56]   click [PriceUp_wireless_earbuds] +
1904.8s [8月4日（週一） 上午 7:57]   click [PriceUp_wireless_earbuds] +
1905.1s [8月4日（週一） 上午 7:57]   click [PriceUp_wireless_earbuds] +
1905.3s [8月4日（週一） 上午 7:57]   click [PriceUp_wireless_earbuds] +
1905.6s [8月4日（週一） 上午 7:58]   click [PriceUp_wireless_earbuds] +
1905.8s [8月4日（週一） 上午 7:58]   click [PriceUp_wireless_earbuds] +
1906.1s [8月4日（週一） 上午 7:59]   click [PriceUp_wireless_earbuds] +
1906.3s [8月4日（週一） 上午 7:59]   click [PriceUp_wireless_earbuds] +
1906.6s [8月4日（週一） 上午 7:59]   click [PriceUp_wireless_earbuds] +
1906.8s [8月4日（週一） 上午 8:00]   click [PriceUp_wireless_earbuds] +
1907.1s [8月4日（週一） 上午 8:00]   click [PriceUp_wireless_earbuds] +
1907.3s [8月4日（週一） 上午 8:00]   click [PriceUp_wireless_earbuds] +
1907.6s [8月4日（週一） 上午 8:01]   click [PriceUp_wireless_earbuds] +
1907.8s [8月4日（週一） 上午 8:01]   click [PriceUp_wireless_earbuds] +
1908.1s [8月4日（週一） 上午 8:02]   click [PriceUp_wireless_earbuds] +
1908.3s [8月4日（週一） 上午 8:02]   click [PriceUp_wireless_earbuds] +
1908.6s [8月4日（週一） 上午 8:02]   click [PriceUp_wireless_earbuds] +
1908.8s [8月4日（週一） 上午 8:03]   click [PriceUp_wireless_earbuds] +
1909.1s [8月4日（週一） 上午 8:03]   click [PriceUp_wireless_earbuds] +
1909.3s [8月4日（週一） 上午 8:03]   click [PriceUp_wireless_earbuds] +
1909.6s [8月4日（週一） 上午 8:04]   click [PriceUp_wireless_earbuds] +
1909.8s [8月4日（週一） 上午 8:04]   click [PriceUp_wireless_earbuds] +
1910.1s [8月4日（週一） 上午 8:05]   click [PriceUp_wireless_earbuds] +
1910.3s [8月4日（週一） 上午 8:05]   click [PriceUp_wireless_earbuds] +
1910.6s [8月4日（週一） 上午 8:05]   click [PriceUp_wireless_earbuds] +
1910.8s [8月4日（週一） 上午 8:06]   click [PriceUp_wireless_earbuds] +
1911.1s [8月4日（週一） 上午 8:06]   click [PriceUp_wireless_earbuds] +
1911.3s [8月4日（週一） 上午 8:06]   click [PriceUp_wireless_earbuds] +
1911.6s [8月4日（週一） 上午 8:07]   click [PriceUp_wireless_earbuds] +
1911.8s [8月4日（週一） 上午 8:07]   click [PriceUp_wireless_earbuds] +
1912.1s [8月4日（週一） 上午 8:08]   click [PriceUp_wireless_earbuds] +
1912.3s [8月4日（週一） 上午 8:08]   click [PriceUp_wireless_earbuds] +
1912.6s [8月4日（週一） 上午 8:08]   click [PriceUp_wireless_earbuds] +
1912.8s [8月4日（週一） 上午 8:09]   click [PriceUp_wireless_earbuds] +
1913.1s [8月4日（週一） 上午 8:09]   click [PriceUp_water_bottle] +
1913.3s [8月4日（週一） 上午 8:09]   click [PriceUp_water_bottle] +
1913.6s [8月4日（週一） 上午 8:10]   click [PriceUp_water_bottle] +
1913.8s [8月4日（週一） 上午 8:10]   click [PriceUp_water_bottle] +
1914.1s [8月4日（週一） 上午 8:11]   click [PriceUp_water_bottle] +
1914.3s [8月4日（週一） 上午 8:11]   click [PriceUp_water_bottle] +
1914.6s [8月4日（週一） 上午 8:11]   click [PriceUp_water_bottle] +
1914.8s [8月4日（週一） 上午 8:12]   click [PriceUp_water_bottle] +
1915.1s [8月4日（週一） 上午 8:12]   click [PriceUp_water_bottle] +
1915.3s [8月4日（週一） 上午 8:12]   click [PriceUp_water_bottle] +
1915.6s [8月4日（週一） 上午 8:13]   click [PriceUp_water_bottle] +
1915.8s [8月4日（週一） 上午 8:13]   click [PriceUp_water_bottle] +
1916.1s [8月4日（週一） 上午 8:14]   click [PriceUp_water_bottle] +
1916.3s [8月4日（週一） 上午 8:14]   click [PriceUp_water_bottle] +
1916.6s [8月4日（週一） 上午 8:14]   click [PriceUp_water_bottle] +
1916.8s [8月4日（週一） 上午 8:15]   click [PriceUp_water_bottle] +
1917.1s [8月4日（週一） 上午 8:15]   click [PriceUp_water_bottle] +
1917.3s [8月4日（週一） 上午 8:16]   click [PriceUp_water_bottle] +
1917.6s [8月4日（週一） 上午 8:16]   click [PriceUp_water_bottle] +
1917.8s [8月4日（週一） 上午 8:16]   click [PriceUp_desk_lamp] +
1918.1s [8月4日（週一） 上午 8:17]   click [PriceUp_desk_lamp] +
1918.3s [8月4日（週一） 上午 8:17]   click [PriceUp_desk_lamp] +
1918.6s [8月4日（週一） 上午 8:17]   click [PriceUp_desk_lamp] +
1918.9s [8月4日（週一） 上午 8:18]   click [PriceUp_desk_lamp] +
1919.1s [8月4日（週一） 上午 8:18]   click [PriceUp_desk_lamp] +
1919.4s [8月4日（週一） 上午 8:19]   click [PriceUp_desk_lamp] +
1919.6s [8月4日（週一） 上午 8:19]   click [PriceUp_desk_lamp] +
1919.9s [8月4日（週一） 上午 8:19]   click [PriceUp_desk_lamp] +
1920.1s [8月4日（週一） 上午 8:20]   click [PriceUp_desk_lamp] +
1920.4s [8月4日（週一） 上午 8:20]   click [PriceUp_desk_lamp] +
1920.6s [8月4日（週一） 上午 8:20]   click [PriceUp_desk_lamp] +
1920.9s [8月4日（週一） 上午 8:21]   click [PriceUp_desk_lamp] +
1921.1s [8月4日（週一） 上午 8:21]   click [PriceUp_desk_lamp] +
1921.4s [8月4日（週一） 上午 8:22]   click [PriceUp_desk_lamp] +
1921.6s [8月4日（週一） 上午 8:22]   click [PriceUp_desk_lamp] +
1921.9s [8月4日（週一） 上午 8:22]   click [PriceUp_desk_lamp] +
1922.1s [8月4日（週一） 上午 8:23]   click [PriceUp_desk_lamp] +
1922.4s [8月4日（週一） 上午 8:23]   click [PriceUp_desk_lamp] +
1922.6s [8月4日（週一） 上午 8:23]   click [PriceUp_desk_lamp] +
1922.9s [8月4日（週一） 上午 8:24]   click [PriceUp_desk_lamp] +
1923.1s [8月4日（週一） 上午 8:24]   click [PriceUp_desk_lamp] +
1923.4s [8月4日（週一） 上午 8:25]   click [PriceUp_desk_lamp] +
1923.6s [8月4日（週一） 上午 8:25]   click [PriceUp_desk_lamp] +
1923.9s [8月4日（週一） 上午 8:25]   click [PriceUp_desk_lamp] +
1924.1s [8月4日（週一） 上午 8:26]   click [PriceUp_desk_lamp] +
1924.4s [8月4日（週一） 上午 8:26]   click [PriceUp_desk_lamp] +
1924.6s [8月4日（週一） 上午 8:26]   click [PriceUp_desk_lamp] +
1924.9s [8月4日（週一） 上午 8:27]   click [PriceUp_desk_lamp] +
1925.1s [8月4日（週一） 上午 8:27]   click [PriceUp_desk_lamp] +
1925.4s [8月4日（週一） 上午 8:28]   click [PriceUp_desk_lamp] +
1925.6s [8月4日（週一） 上午 8:28]   click [PriceUp_desk_lamp] +
1925.9s [8月4日（週一） 上午 8:28]   click [PriceUp_desk_lamp] +
1926.1s [8月4日（週一） 上午 8:29]   click [PriceUp_desk_lamp] +
1926.4s [8月4日（週一） 上午 8:29]   click [PriceUp_phone_stand] +
1926.6s [8月4日（週一） 上午 8:29]   click [PriceUp_phone_stand] +
1926.9s [8月4日（週一） 上午 8:30]   click [PriceUp_phone_stand] +
1927.1s [8月4日（週一） 上午 8:30]   click [PriceUp_phone_stand] +
1927.4s [8月4日（週一） 上午 8:31]   click [PriceUp_phone_stand] +
1927.6s [8月4日（週一） 上午 8:31]   click [PriceUp_phone_stand] +
1927.9s [8月4日（週一） 上午 8:31]   click [PriceUp_phone_stand] +
1928.1s [8月4日（週一） 上午 8:32]   click [PriceUp_phone_stand] +
1928.4s [8月4日（週一） 上午 8:32]   click [PriceUp_phone_stand] +
1928.6s [8月4日（週一） 上午 8:32]   click [PriceUp_phone_stand] +
1928.9s [8月4日（週一） 上午 8:33]   click [PriceUp_phone_stand] +
1929.6s [8月4日（週一） 上午 8:34]   ok  stocked and repriced from actual shipping and supplier costs
1929.8s [8月4日（週一） 上午 8:34]   use "Use laptop — Company OS"
1930.4s [8月4日（週一） 上午 8:35]   click [Tab_operations] Operations
1931.2s [8月4日（週一） 上午 8:36]   click [DeliverTo_riverside_studio] 河濱大樓 7C
1931.5s [8月4日（週一） 上午 8:37]   click [Buy_tradelink_wholesale_wireless_earbuds] 購買 $998.50
1931.8s [8月4日（週一） 上午 8:47]   click [Buy_tradelink_wholesale_wireless_earbuds] 購買 $998.50
1932.0s [8月4日（週一） 上午 8:58]   click [Buy_tradelink_wholesale_wireless_earbuds] 購買 $998.50
1932.3s [8月4日（週一） 上午 9:08]   click [Buy_tradelink_wholesale_water_bottle] 購買 $520.80
1932.6s [8月4日（週一） 上午 9:18]   click [Buy_tradelink_wholesale_water_bottle] 購買 $520.80
1932.9s [8月4日（週一） 上午 9:29]   click [Buy_tradelink_wholesale_water_bottle] 購買 $520.80
1933.2s [8月4日（週一） 上午 9:39]   click [Buy_tradelink_wholesale_phone_stand] 購買 $301.60
1933.5s [8月4日（週一） 上午 9:50]   click [Buy_tradelink_wholesale_phone_stand] 購買 $301.60
1942.3s [8月4日（週一） 下午 7:12]   use "Sleep"
1942.9s [8月4日（週一） 下午 7:12]   click [Sleep] Sleep until 7:00 AM
1951.4s [8月5日（週二） 下午 7:09]   use "Sleep"
1952.0s [8月5日（週二） 下午 7:09]   click [Sleep] Sleep until 7:00 AM
1954.2s [8月6日（週三） 下午 7:00]   use "Sleep"
1954.8s [8月6日（週三） 下午 7:00]   click [Sleep] Sleep until 7:00 AM
1957.1s [8月7日（週四） 下午 7:00]   use "Sleep"
1957.7s [8月7日（週四） 下午 7:00]   click [Sleep] Sleep until 7:00 AM
1970.1s [8月8日（週五） 上午 7:16]   use "Packing table"
1970.8s [8月8日（週五） 上午 7:17]   click [Pack] 打包 5 筆訂單（40 分鐘）
1971.8s [8月8日（週五） 上午 7:59]   click [CourierEconomy] 快遞 · 經濟 3 天（$34.80）
1983.5s [8月8日（週五） 下午 7:15]   use "Sleep"
1984.1s [8月8日（週五） 下午 7:15]   click [Sleep] Sleep until 7:00 AM
1996.6s [8月9日（週六） 上午 7:16]   use "Packing table"
1997.3s [8月9日（週六） 上午 7:17]   click [Pack] 打包 10 筆訂單（1 小時 20 分）
1998.2s [8月9日（週六） 上午 8:39]   click [CourierEconomy] 快遞 · 經濟 3 天（$69.45）
2009.9s [8月9日（週六） 下午 7:15]   use "Sleep"
2010.5s [8月9日（週六） 下午 7:15]   click [Sleep] Sleep until 7:00 AM
2022.9s [8月10日（週日） 上午 7:16]   use "Packing table"
2023.6s [8月10日（週日） 上午 7:17]   click [Pack] 打包 9 筆訂單（1 小時 12 分）
2024.6s [8月10日（週日） 上午 8:31]   click [CourierEconomy] 快遞 · 經濟 3 天（$57.84）
2036.3s [8月10日（週日） 下午 7:15]   use "Sleep"
2036.9s [8月10日（週日） 下午 7:15]   click [Sleep] Sleep until 7:00 AM
2049.2s [8月11日（週一） 上午 7:16]   use "Packing table"
2049.9s [8月11日（週一） 上午 7:17]   click [Pack] 打包 14 筆訂單（1 小時 52 分）
2050.9s [8月11日（週一） 上午 9:11]   click [CourierEconomy] 快遞 · 經濟 3 天（$100.59）
2062.6s [8月11日（週一） 下午 7:15]   use "Sleep"
2063.2s [8月11日（週一） 下午 7:15]   click [Sleep] Sleep until 7:00 AM
2075.6s [8月12日（週二） 上午 7:16]   use "Packing table"
2076.3s [8月12日（週二） 上午 7:17]   click [Pack] 打包 4 筆訂單（32 分鐘）
2077.2s [8月12日（週二） 上午 7:51]   click [CourierEconomy] 快遞 · 經濟 3 天（$29.04）
2088.9s [8月12日（週二） 下午 7:15]   use "Sleep"
2089.5s [8月12日（週二） 下午 7:15]   click [Sleep] Sleep until 7:00 AM
2090.2s [8月13日（週三） 上午 12:55]   toast: 新評價 #1875：★★★「等了好一陣子才到。」
2101.9s [8月13日（週三） 上午 7:16]   use "Packing table"
2102.6s [8月13日（週三） 上午 7:17]   click [Pack] 打包 10 筆訂單（1 小時 20 分）
2103.6s [8月13日（週三） 上午 8:39]   click [CourierEconomy] 快遞 · 經濟 3 天（$71.70）
2105.0s [8月13日（週三） 下午 7:00]   shot 211_decision_supplier_price_increase.png
2105.0s [8月13日（週三） 下午 7:00]   decision supplier_price_increase → accept
2105.0s [8月13日（週三） 下午 7:00]   click [Choice_accept] 好。繼續跟你進貨。
2106.4s [8月13日（週三） 下午 7:00]   shot 212_decision_outcome_supplier_price_increase.png
2106.4s [8月13日（週三） 下午 7:00]   click "OK"
2117.4s [8月13日（週三） 下午 7:16]   use "Sleep"
2118.0s [8月13日（週三） 下午 7:16]   click [Sleep] Sleep until 7:00 AM
2120.0s [8月14日（週四） 上午 7:00]   shot 213_decision_customer_return.png
2120.0s [8月14日（週四） 上午 7:00]   decision customer_return → replace
2120.0s [8月14日（週四） 上午 7:00]   click [Choice_replace] 寄一個新的
2121.4s [8月14日（週四） 上午 7:00]   shot 214_decision_outcome_customer_return.png
2121.4s [8月14日（週四） 上午 7:00]   click "OK"
2132.4s [8月14日（週四） 上午 7:16]   use "Packing table"
2133.1s [8月14日（週四） 上午 7:17]   click [Pack] 打包 14 筆訂單（1 小時 52 分）
2134.1s [8月14日（週四） 上午 9:10]   click [CourierEconomy] 快遞 · 經濟 3 天（$92.49）
2145.8s [8月14日（週四） 下午 7:16]   use "Sleep"
2146.4s [8月14日（週四） 下午 7:16]   click [Sleep] Sleep until 7:00 AM
2158.8s [8月15日（週五） 上午 7:16]   use "Packing table"
2159.5s [8月15日（週五） 上午 7:17]   click [Pack] 打包 9 筆訂單（1 小時 12 分）
2160.5s [8月15日（週五） 上午 8:31]   click [CourierEconomy] 快遞 · 經濟 3 天（$64.59）
2172.2s [8月15日（週五） 下午 7:15]   use "Sleep"
2172.8s [8月15日（週五） 下午 7:15]   click [Sleep] Sleep until 7:00 AM
2174.7s [8月16日（週六） 上午 7:00]   shot 215_decision_customer_return.png
2174.7s [8月16日（週六） 上午 7:00]   decision customer_return → replace
2174.7s [8月16日（週六） 上午 7:00]   click [Choice_replace] 寄一個新的
2176.1s [8月16日（週六） 上午 7:00]   shot 216_decision_outcome_customer_return.png
2176.1s [8月16日（週六） 上午 7:00]   click "OK"
2176.7s [8月16日（週六） 上午 7:00]   shot 217_decision_customer_return.png
2176.7s [8月16日（週六） 上午 7:00]   decision customer_return → replace
2176.7s [8月16日（週六） 上午 7:00]   click [Choice_replace] 寄一個新的
2178.1s [8月16日（週六） 上午 7:00]   shot 218_decision_outcome_customer_return.png
2178.1s [8月16日（週六） 上午 7:00]   click "OK"
2189.1s [8月16日（週六） 上午 7:16]   use "Packing table"
2189.8s [8月16日（週六） 上午 7:17]   click [Pack] 打包 11 筆訂單（1 小時 28 分）
2190.7s [8月16日（週六） 上午 8:46]   click [CourierEconomy] 快遞 · 經濟 3 天（$69.36）
2192.1s [8月16日（週六） 下午 7:00]   shot 219_decision_customer_return.png
2192.1s [8月16日（週六） 下午 7:00]   decision customer_return → replace
2192.1s [8月16日（週六） 下午 7:00]   click [Choice_replace] 寄一個新的
2193.6s [8月16日（週六） 下午 7:00]   shot 220_decision_outcome_customer_return.png
2193.6s [8月16日（週六） 下午 7:00]   click "OK"
2204.6s [8月16日（週六） 下午 7:16]   use "Sleep"
2205.2s [8月16日（週六） 下午 7:16]   click [Sleep] Sleep until 7:00 AM
2217.6s [8月17日（週日） 上午 7:16]   use "Packing table"
2218.3s [8月17日（週日） 上午 7:17]   click [Pack] 打包 10 筆訂單（1 小時 20 分）
2219.2s [8月17日（週日） 上午 8:39]   click [CourierEconomy] 快遞 · 經濟 3 天（$77.55）
2220.6s [8月17日（週日） 下午 7:00]   shot 221_decision_customer_return.png
2220.6s [8月17日（週日） 下午 7:00]   decision customer_return → replace
2220.6s [8月17日（週日） 下午 7:00]   click [Choice_replace] 寄一個新的
2222.1s [8月17日（週日） 下午 7:00]   shot 222_decision_outcome_customer_return.png
2222.1s [8月17日（週日） 下午 7:00]   click "OK"
2233.1s [8月17日（週日） 下午 7:16]   use "Sleep"
2233.7s [8月17日（週日） 下午 7:16]   click [Sleep] Sleep until 7:00 AM
2235.6s [8月18日（週一） 上午 7:00]   shot 223_decision_customer_return.png
2235.6s [8月18日（週一） 上午 7:00]   decision customer_return → replace
2235.6s [8月18日（週一） 上午 7:00]   click [Choice_replace] 寄一個新的
2237.1s [8月18日（週一） 上午 7:00]   shot 224_decision_outcome_customer_return.png
2237.1s [8月18日（週一） 上午 7:00]   click "OK"
2248.1s [8月18日（週一） 上午 7:16]   use "Packing table"
2248.8s [8月18日（週一） 上午 7:17]   click [Pack] 打包 7 筆訂單（56 分鐘）
2249.7s [8月18日（週一） 上午 8:14]   click [CourierEconomy] 快遞 · 經濟 3 天（$46.32）
2261.5s [8月18日（週一） 下午 7:16]   use "Sleep"
2262.1s [8月18日（週一） 下午 7:16]   click [Sleep] Sleep until 7:00 AM
2264.0s [8月19日（週二） 上午 7:00]   shot 225_decision_customer_return.png
2264.0s [8月19日（週二） 上午 7:00]   decision customer_return → replace
2264.0s [8月19日（週二） 上午 7:00]   click [Choice_replace] 寄一個新的
2265.5s [8月19日（週二） 上午 7:00]   shot 226_decision_outcome_customer_return.png
2265.5s [8月19日（週二） 上午 7:00]   click "OK"
2276.5s [8月19日（週二） 上午 7:16]   use "Packing table"
2277.2s [8月19日（週二） 上午 7:17]   click [Pack] 打包 13 筆訂單（1 小時 44 分）
2278.1s [8月19日（週二） 上午 9:02]   click [CourierEconomy] 快遞 · 經濟 3 天（$85.38）
2289.8s [8月19日（週二） 下午 7:16]   use "Sleep"
2290.4s [8月19日（週二） 下午 7:16]   click [Sleep] Sleep until 7:00 AM
2302.8s [8月20日（週三） 上午 7:16]   use "Packing table"
2303.5s [8月20日（週三） 上午 7:17]   click [Pack] 打包 13 筆訂單（1 小時 44 分）
2304.5s [8月20日（週三） 上午 9:03]   click [CourierEconomy] 快遞 · 經濟 3 天（$86.73）
2316.2s [8月20日（週三） 下午 7:15]   use "Sleep"
2316.8s [8月20日（週三） 下午 7:15]   click [Sleep] Sleep until 7:00 AM
2326.7s [8月21日（週四） 上午 7:13]   toast: 新評價 #1938：★★★「還行。」
2329.2s [8月21日（週四） 上午 7:16]   use "Packing table"
2329.9s [8月21日（週四） 上午 7:17]   click [Pack] 打包 7 筆訂單（56 分鐘）
2330.8s [8月21日（週四） 上午 8:15]   click [CourierEconomy] 快遞 · 經濟 3 天（$46.32）
2332.1s [8月21日（週四） 上午 8:16]   shot 227_decision_customer_return.png
2332.1s [8月21日（週四） 上午 8:16]   decision customer_return → replace
2332.1s [8月21日（週四） 上午 8:16]   click [Choice_replace] 寄一個新的
2333.5s [8月21日（週四） 上午 8:16]   shot 228_decision_outcome_customer_return.png
2333.5s [8月21日（週四） 上午 8:16]   click "OK"
2344.6s [8月21日（週四） 下午 7:16]   use "Sleep"
2345.2s [8月21日（週四） 下午 7:16]   click [Sleep] Sleep until 7:00 AM
2345.8s [8月21日（週四） 下午 10:31]   toast: 新評價 #1975：★★★「還行。」
2357.6s [8月22日（週五） 上午 7:16]   use "Packing table"
2358.2s [8月22日（週五） 上午 7:17]   click [Pack] 打包 7 筆訂單（56 分鐘）
2359.2s [8月22日（週五） 上午 8:15]   click [CourierEconomy] 快遞 · 經濟 3 天（$58.02）
2370.9s [8月22日（週五） 下午 7:15]   use "Sleep"
2371.5s [8月22日（週五） 下午 7:15]   click [Sleep] Sleep until 7:00 AM
2372.2s [8月23日（週六） 上午 2:55]   toast: 新評價 #1983：★★★「還行。」
2383.9s [8月23日（週六） 上午 7:16]   use "Packing table"
2384.6s [8月23日（週六） 上午 7:17]   click [Pack] 打包 9 筆訂單（1 小時 12 分）
2385.5s [8月23日（週六） 上午 8:31]   click [CourierEconomy] 快遞 · 經濟 3 天（$57.84）
2389.2s [8月23日（週六） 上午 8:36]   use "Use laptop — Company OS"
2389.8s [8月23日（週六） 上午 8:37]   click [Tab_operations] Operations
2390.6s [8月23日（週六） 上午 8:38]   click [DeliverTo_riverside_studio] 河濱大樓 7C
2390.9s [8月23日（週六） 上午 8:39]   click [Buy_tradelink_wholesale_wireless_earbuds] 購買 $1,013.00
2391.2s [8月23日（週六） 上午 8:49]   click [Buy_tradelink_wholesale_wireless_earbuds] 購買 $1,013.00
2400.5s [8月23日（週六） 下午 7:13]   use "Sleep"
2401.1s [8月23日（週六） 下午 7:13]   click [Sleep] Sleep until 7:00 AM
2403.0s [8月24日（週日） 上午 7:00]   shot 229_decision_customer_return.png
2403.0s [8月24日（週日） 上午 7:00]   decision customer_return → replace
2403.0s [8月24日（週日） 上午 7:00]   click [Choice_replace] 寄一個新的
2404.4s [8月24日（週日） 上午 7:00]   shot 230_decision_outcome_customer_return.png
2404.4s [8月24日（週日） 上午 7:00]   click "OK"
2415.5s [8月24日（週日） 上午 7:16]   use "Packing table"
2416.1s [8月24日（週日） 上午 7:17]   click [Pack] 打包 7 筆訂單（56 分鐘）
2417.1s [8月24日（週日） 上午 8:14]   click [CourierEconomy] 快遞 · 經濟 3 天（$46.32）
2420.8s [8月24日（週日） 上午 8:20]   use "Use laptop — Company OS"
2421.4s [8月24日（週日） 上午 8:21]   click [Tab_operations] Operations
2422.2s [8月24日（週日） 上午 8:22]   click [DeliverTo_riverside_studio] 河濱大樓 7C
2422.5s [8月24日（週日） 上午 8:22]   click [Buy_tradelink_wholesale_phone_stand] 購買 $305.60
2422.8s [8月24日（週日） 上午 8:33]   click [Buy_tradelink_wholesale_phone_stand] 購買 $305.60
2423.6s [8月24日（週日） 下午 2:56]   toast: 新評價 #1988：★★★「等了好一陣子才到。」
2423.7s [8月24日（週日） 下午 7:00]   shot 231_decision_customer_return.png
2423.7s [8月24日（週日） 下午 7:00]   decision customer_return → replace
2423.7s [8月24日（週日） 下午 7:00]   click [Choice_replace] 寄一個新的
2425.1s [8月24日（週日） 下午 7:00]   shot 232_decision_outcome_customer_return.png
2425.1s [8月24日（週日） 下午 7:00]   click "OK"
2434.2s [8月24日（週日） 下午 7:13]   use "Sleep"
2434.8s [8月24日（週日） 下午 7:13]   click [Sleep] Sleep until 7:00 AM
2435.5s [8月24日（週日） 下午 11:15]   toast: 新評價 #2002：★★★「品質普通。」
2435.5s [8月25日（週一） 上午 1:13]   toast: 新評價 #1999：★★★「還行。」
2447.2s [8月25日（週一） 上午 7:16]   use "Packing table"
2447.9s [8月25日（週一） 上午 7:17]   click [Pack] 打包 7 筆訂單（56 分鐘）
2448.9s [8月25日（週一） 上午 8:15]   click [CourierEconomy] 快遞 · 經濟 3 天（$50.82）
2450.2s [8月25日（週一） 下午 5:56]   toast: 新評價 #2000：★★★「品質普通。」
2460.6s [8月25日（週一） 下午 7:15]   use "Sleep"
2461.2s [8月25日（週一） 下午 7:15]   click [Sleep] Sleep until 7:00 AM
2461.8s [8月25日（週一） 下午 10:53]   toast: 新評價 #2034：★★★「等了好一陣子才到。」
2473.6s [8月26日（週二） 上午 7:16]   use "Packing table"
2474.3s [8月26日（週二） 上午 7:17]   click [Pack] 打包 9 筆訂單（1 小時 12 分）
2475.3s [8月26日（週二） 上午 8:31]   click [CourierEconomy] 快遞 · 經濟 3 天（$62.34）
2487.0s [8月26日（週二） 下午 7:15]   use "Sleep"
2487.6s [8月26日（週二） 下午 7:15]   click [Sleep] Sleep until 7:00 AM
2488.2s [8月26日（週二） 下午 11:22]   toast: 新評價 #2031：★「浪費錢。」
2489.5s [8月27日（週三） 上午 7:00]   shot 233_decision_customer_return.png
2489.5s [8月27日（週三） 上午 7:00]   decision customer_return → replace
2489.5s [8月27日（週三） 上午 7:00]   click [Choice_replace] 寄一個新的
2490.9s [8月27日（週三） 上午 7:00]   shot 234_decision_outcome_customer_return.png
2490.9s [8月27日（週三） 上午 7:00]   click "OK"
2502.0s [8月27日（週三） 上午 7:16]   use "Packing table"
2502.6s [8月27日（週三） 上午 7:17]   click [Pack] 打包 12 筆訂單（1 小時 36 分）
2503.6s [8月27日（週三） 上午 8:54]   click [CourierEconomy] 快遞 · 經濟 3 天（$75.12）
2505.0s [8月27日（週三） 下午 7:00]   shot 235_decision_customer_return.png
2505.0s [8月27日（週三） 下午 7:00]   decision customer_return → replace
2505.0s [8月27日（週三） 下午 7:00]   click [Choice_replace] 寄一個新的
2506.4s [8月27日（週三） 下午 7:00]   shot 236_decision_outcome_customer_return.png
2506.4s [8月27日（週三） 下午 7:00]   click "OK"
2517.4s [8月27日（週三） 下午 7:16]   use "Sleep"
2518.0s [8月27日（週三） 下午 7:16]   click [Sleep] Sleep until 7:00 AM
2530.4s [8月28日（週四） 上午 7:16]   use "Packing table"
2531.1s [8月28日（週四） 上午 7:17]   click [Pack] 打包 5 筆訂單（40 分鐘）
2532.1s [8月28日（週四） 上午 7:59]   click [CourierEconomy] 快遞 · 經濟 3 天（$34.80）
2533.5s [8月28日（週四） 下午 7:00]   shot 237_decision_customer_return.png
2533.5s [8月28日（週四） 下午 7:00]   decision customer_return → replace
2533.5s [8月28日（週四） 下午 7:00]   click [Choice_replace] 寄一個新的
2534.9s [8月28日（週四） 下午 7:00]   shot 238_decision_outcome_customer_return.png
2534.9s [8月28日（週四） 下午 7:00]   click "OK"
2545.9s [8月28日（週四） 下午 7:16]   use "Sleep"
2546.5s [8月28日（週四） 下午 7:16]   click [Sleep] Sleep until 7:00 AM
2558.9s [8月29日（週五） 上午 7:16]   use "Packing table"
2559.6s [8月29日（週五） 上午 7:17]   click [Pack] 打包 8 筆訂單（1 小時 4 分）
2560.6s [8月29日（週五） 上午 8:23]   click [CourierEconomy] 快遞 · 經濟 3 天（$54.33）
2564.3s [8月29日（週五） 上午 8:28]   use "Use laptop — Company OS"
2564.9s [8月29日（週五） 上午 8:29]   click [Tab_operations] Operations
2565.7s [8月29日（週五） 上午 8:30]   click [DeliverTo_riverside_studio] 河濱大樓 7C
2566.0s [8月29日（週五） 上午 8:31]   click [Buy_tradelink_wholesale_water_bottle] 購買 $528.60
2566.3s [8月29日（週五） 上午 8:41]   click [Buy_tradelink_wholesale_water_bottle] 購買 $528.60
2575.6s [8月29日（週五） 下午 7:13]   use "Sleep"
2576.2s [8月29日（週五） 下午 7:13]   click [Sleep] Sleep until 7:00 AM
2588.6s [8月30日（週六） 上午 7:16]   use "Packing table"
2589.3s [8月30日（週六） 上午 7:17]   click [Pack] 打包 3 筆訂單（24 分鐘）
2590.3s [8月30日（週六） 上午 7:43]   click [CourierEconomy] 快遞 · 經濟 3 天（$23.28）
2602.0s [8月30日（週六） 下午 7:15]   use "Sleep"
2602.6s [8月30日（週六） 下午 7:15]   click [Sleep] Sleep until 7:00 AM
2615.0s [8月31日（週日） 上午 7:16]   use "Packing table"
2615.7s [8月31日（週日） 上午 7:17]   click [Pack] 打包 5 筆訂單（40 分鐘）
2616.7s [8月31日（週日） 上午 7:59]   click [CourierEconomy] 快遞 · 經濟 3 天（$34.80）
2628.5s [8月31日（週日） 下午 7:15]   use "Sleep"
2629.1s [8月31日（週日） 下午 7:15]   click [Sleep] Sleep until 7:00 AM
2632.9s [9月1日（週一） 上午 7:00]   shot 239_month_close_report.png
2632.9s [9月1日（週一） 上午 7:00]   click [month close] Continue
2644.0s [9月1日（週一） 上午 7:16]   use "Packing table"
2644.7s [9月1日（週一） 上午 7:17]   click [Pack] 打包 11 筆訂單（1 小時 28 分）
2645.6s [9月1日（週一） 上午 8:46]   click [CourierEconomy] 快遞 · 經濟 3 天（$51.76）
2646.8s [9月1日（週一） 上午 8:48]   ok  Chapter 7 complete
2646.8s [9月1日（週一） 上午 8:48]   ok  Chapter 7 passed with real profit, not two losses
2646.8s [9月1日（週一） 上午 8:48]   ch7_month_profit set from actual ledger profit $5,250; survived_losses=false
2646.8s [9月1日（週一） 上午 8:48]   ok  positive chapter seven monthly profit
2646.8s [9月1日（週一） 上午 8:48] STEP Chapter 8 — the Green Shift
2646.8s [9月1日（週一） 上午 8:48]   ok  Year 4: the Green Shift
2650.1s [9月1日（週一） 上午 8:54]   ok  walked back outside
2655.0s [9月1日（週一） 上午 9:01]   ok  entered Bloom Coffee
2657.7s [9月1日（週一） 上午 9:06]   use "Read the news board"
2658.5s [9月1日（週一） 上午 9:11]   shot 240_news_green_shift.png
2658.5s [9月1日（週一） 上午 9:11]   info card: News board
2658.5s [9月1日（週一） 上午 9:11]   shot 241_info_news_board.png
2658.5s [9月1日（週一） 上午 9:11]   click "Close"
2659.0s [9月1日（週一） 上午 9:11]   ok  read the news (green_shift)
2663.2s [9月1日（週一） 上午 9:18]   ok  walked back outside
2667.8s [9月1日（週一） 上午 9:25]   ok  entered Riverside Tower
2670.1s [9月1日（週一） 上午 9:29]   use "Use laptop — Company OS"
2670.6s [9月1日（週一） 上午 9:30]   click [Tab_operations] Operations
2671.4s [9月1日（週一） 上午 9:31]   click [Packaging_recycled] Recycled paper
2672.0s [9月1日（週一） 上午 9:32]   click [Buy_verdant_supply_solar_lamp] 購買 $507.30
2672.6s [9月1日（週一） 上午 9:42]   shot 242_operations_green.png
2673.1s [9月1日（週一） 上午 9:43]   ok  recycled packaging
2681.4s [9月1日（週一） 下午 7:13]   use "Sleep"
2682.0s [9月1日（週一） 下午 7:13]   click [Sleep] Sleep until 7:00 AM
2684.0s [9月2日（週二） 上午 7:00]   shot 243_decision_customer_return.png
2684.0s [9月2日（週二） 上午 7:00]   decision customer_return → replace
2684.0s [9月2日（週二） 上午 7:00]   click [Choice_replace] 寄一個新的
2685.4s [9月2日（週二） 上午 7:00]   shot 244_decision_outcome_customer_return.png
2685.4s [9月2日（週二） 上午 7:00]   click "OK"
2696.4s [9月2日（週二） 上午 7:16]   use "Packing table"
2697.1s [9月2日（週二） 上午 7:17]   click [Pack] 打包 9 筆訂單（1 小時 12 分）
2698.0s [9月2日（週二） 上午 8:30]   click [CourierEconomy] 快遞 · 經濟 3 天（$45.07）
2709.7s [9月2日（週二） 下午 7:16]   use "Sleep"
2710.3s [9月2日（週二） 下午 7:16]   click [Sleep] Sleep until 7:00 AM
2722.7s [9月3日（週三） 上午 7:16]   use "Packing table"
2723.4s [9月3日（週三） 上午 7:17]   click [Pack] 打包 8 筆訂單（1 小時 4 分）
2724.4s [9月3日（週三） 上午 8:23]   click [CourierEconomy] 快遞 · 經濟 3 天（$43.51）
2725.8s [9月3日（週三） 下午 7:01]   shot 245_decision_supplier_price_increase.png
2725.8s [9月3日（週三） 下午 7:01]   decision supplier_price_increase → accept
2725.8s [9月3日（週三） 下午 7:01]   click [Choice_accept] 好。繼續跟你進貨。
2727.2s [9月3日（週三） 下午 7:01]   shot 246_decision_outcome_supplier_price_increase.png
2727.2s [9月3日（週三） 下午 7:01]   click "OK"
2738.2s [9月3日（週三） 下午 7:17]   use "Sleep"
2738.8s [9月3日（週三） 下午 7:17]   click [Sleep] Sleep until 7:00 AM
2751.3s [9月4日（週四） 上午 7:16]   use "Packing table"
2752.0s [9月4日（週四） 上午 7:17]   click [Pack] 打包 7 筆訂單（56 分鐘）
2752.9s [9月4日（週四） 上午 8:15]   click [CourierEconomy] 快遞 · 經濟 3 天（$35.12）
2764.5s [9月4日（週四） 下午 7:16]   use "Sleep"
2765.1s [9月4日（週四） 下午 7:16]   click [Sleep] Sleep until 7:00 AM
2777.6s [9月5日（週五） 上午 7:16]   use "Packing table"
2778.3s [9月5日（週五） 上午 7:17]   click [Pack] 打包 9 筆訂單（1 小時 12 分）
2779.2s [9月5日（週五） 上午 8:31]   click [CourierEconomy] 快遞 · 經濟 3 天（$45.07）
2780.5s [9月5日（週五） 上午 8:32]   ok  solar desk lamps arrived before listing
2782.9s [9月5日（週五） 上午 8:36]   use "Use laptop — Company OS"
2783.5s [9月5日（週五） 上午 8:37]   click [Tab_sales] Ecommerce
2784.3s [9月5日（週五） 上午 8:38]   click [ListSelf_solar_lamp] Shoot photos myself & list (1 h 20 min)
2785.6s [9月5日（週五） 上午 10:00]   ok  solar desk lamps listed
2785.6s [9月5日（週五） 上午 10:00] STEP Chapter 8 — the Green Business Grant at City Hall
2789.3s [9月5日（週五） 上午 10:07]   ok  walked back outside
2808.3s [9月5日（週五） 上午 10:35]   use "捷運——河濱區站"
2809.3s [9月5日（週五） 上午 10:37]   shot 247_metro_civic_center.png
2809.3s [9月5日（週五） 上午 10:37]   click [Go_civic_center] 市政中心  ·  12 分鐘
2810.3s [9月5日（週五） 上午 10:50]   ok  took the Metro to Civic Center
2821.4s [9月5日（週五） 上午 11:07]   ok  entered Aurelia City Hall
2824.3s [9月5日（週五） 上午 11:11]   use "Permits & regulations"
2825.0s [9月5日（週五） 上午 11:12]   shot 248_green_grant.png
2825.0s [9月5日（週五） 上午 11:12]   click [ApplyGreenGrant] Apply
2826.0s [9月5日（週五） 上午 11:44]   ok  green grant approved
2827.1s [9月5日（週五） 上午 11:45]   ok  Chapter 8 complete
2827.1s [9月5日（週五） 上午 11:45] STEP Chapter 9 — the Clearing Crisis: an import stuck on the wire
2827.1s [9月5日（週五） 上午 11:45]   ok  Year 5: the Clearing Crisis
2831.4s [9月5日（週五） 上午 11:53]   ok  walked back outside
2840.6s [9月5日（週五） 下午 12:07]   use "捷運——市政中心站"
2841.6s [9月5日（週五） 下午 12:08]   shot 249_metro_riverside.png
2841.6s [9月5日（週五） 下午 12:08]   click [Go_riverside] 河濱區  ·  12 分鐘
2842.7s [9月5日（週五） 下午 12:22]   ok  took the Metro to Riverside
2854.4s [9月5日（週五） 下午 12:39]   ok  entered Bloom Coffee
2857.1s [9月5日（週五） 下午 12:43]   use "Read the news board"
2857.9s [9月5日（週五） 下午 12:49]   shot 250_news_clearing_crisis.png
2857.9s [9月5日（週五） 下午 12:49]   info card: News board
2857.9s [9月5日（週五） 下午 12:49]   shot 251_info_news_board.png
2857.9s [9月5日（週五） 下午 12:49]   click "Close"
2858.4s [9月5日（週五） 下午 12:49]   ok  read the news (clearing_crisis)
2862.6s [9月5日（週五） 下午 12:56]   ok  walked back outside
2867.2s [9月5日（週五） 下午 1:03]   ok  entered Riverside Tower
2869.4s [9月5日（週五） 下午 1:07]   use "Use laptop — Company OS"
2870.0s [9月5日（週五） 下午 1:08]   click [Tab_operations] Operations
2870.8s [9月5日（週五） 下午 1:09]   click [Buy_lumina_direct_phone_stand] 購買 $892.00
2871.7s [9月5日（週五） 下午 1:10]   shot 252_settlement_choice.png
2871.7s [9月5日（週五） 下午 1:10]   click [Settle_international_wire] Pay this way
2872.8s [9月5日（週五） 下午 1:12]   ok  import ordered, paid by wire
2872.8s [9月5日（週五） 下午 1:12] STEP Chapter 9 — Lina Zhao at Nexus Bank
2876.4s [9月5日（週五） 下午 1:18]   ok  walked back outside
2895.4s [9月5日（週五） 下午 1:47]   use "捷運——河濱區站"
2896.4s [9月5日（週五） 下午 1:48]   shot 253_metro_financial.png
2896.4s [9月5日（週五） 下午 1:48]   click [Go_financial] 金融區  ·  10 分鐘
2897.5s [9月5日（週五） 下午 2:00]   ok  took the Metro to Financial District
2909.4s [9月5日（週五） 下午 2:18]   ok  entered Nexus Bank
2917.3s [9月5日（週五） 下午 2:30]   use "和 Lina Zhao 說話"
2918.2s [9月5日（週五） 下午 2:30]   shot 254_lina_intro.png
2924.0s [9月5日（週五） 下午 2:30]   choose "› 幫我開一個數位美元帳戶。"
2926.1s [9月5日（週五） 下午 2:30]   ok  met Lina Zhao
2929.2s [9月5日（週五） 下午 2:35]   ok  walked back outside
2939.3s [9月5日（週五） 下午 2:50]   use "捷運——金融區站"
2940.3s [9月5日（週五） 下午 2:52]   shot 255_metro_riverside.png
2940.3s [9月5日（週五） 下午 2:52]   click [Go_riverside] 河濱區  ·  10 分鐘
2941.3s [9月5日（週五） 下午 3:04]   ok  took the Metro to Riverside
2955.8s [9月5日（週五） 下午 3:25]   ok  entered Riverside Tower
2958.1s [9月5日（週五） 下午 3:29]   use "Use laptop — Company OS"
2958.7s [9月5日（週五） 下午 3:30]   click [Tab_operations] Operations
2959.5s [9月5日（週五） 下午 3:31]   click [SpeedUp_PO-146] Speed up
2960.2s [9月5日（週五） 下午 3:32]   shot 256_settlement_speed_up.png
2960.2s [9月5日（週五） 下午 3:32]   click [Settle_letter_of_credit] Switch
2969.6s [9月5日（週五） 下午 7:13]   use "Sleep"
2970.2s [9月5日（週五） 下午 7:13]   click [Sleep] Sleep until 7:00 AM
2970.8s [9月5日（週五） 下午 8:49]   toast: 新評價 #2118：★★★「等了好一陣子才到。」
2982.6s [9月6日（週六） 上午 7:16]   use "Packing table"
2983.3s [9月6日（週六） 上午 7:17]   click [Pack] 打包 7 筆訂單（56 分鐘）
2984.3s [9月6日（週六） 上午 8:15]   click [CourierEconomy] 快遞 · 經濟 3 天（$38.28）
2985.5s [9月6日（週六） 上午 10:11]   toast: 新評價 #2125：★★★「還行。」
2985.6s [9月6日（週六） 下午 7:00]   shot 257_decision_customer_return.png
2985.6s [9月6日（週六） 下午 7:00]   decision customer_return → replace
2985.6s [9月6日（週六） 下午 7:00]   click [Choice_replace] 寄一個新的
2987.1s [9月6日（週六） 下午 7:00]   shot 258_decision_outcome_customer_return.png
2987.1s [9月6日（週六） 下午 7:00]   click "OK"
2998.1s [9月6日（週六） 下午 7:16]   use "Sleep"
2998.7s [9月6日（週六） 下午 7:16]   click [Sleep] Sleep until 7:00 AM
2999.3s [9月6日（週六） 下午 7:46]   toast: 新評價 #2126：★★★「品質普通。」
2999.3s [9月6日（週六） 下午 10:52]   toast: 新評價 #2128：★★★「還行。」
3000.7s [9月7日（週日） 上午 7:00]   shot 259_decision_customer_return.png
3000.7s [9月7日（週日） 上午 7:00]   decision customer_return → replace
3000.7s [9月7日（週日） 上午 7:00]   click [Choice_replace] 寄一個新的
3002.1s [9月7日（週日） 上午 7:00]   shot 260_decision_outcome_customer_return.png
3002.1s [9月7日（週日） 上午 7:00]   click "OK"
3013.1s [9月7日（週日） 上午 7:16]   use "Packing table"
3013.8s [9月7日（週日） 上午 7:17]   click [Pack] 打包 6 筆訂單（48 分鐘）
3014.7s [9月7日（週日） 上午 8:06]   click [CourierEconomy] 快遞 · 經濟 3 天（$29.04）
3026.4s [9月7日（週日） 下午 7:16]   use "Sleep"
3027.0s [9月7日（週日） 下午 7:16]   click [Sleep] Sleep until 7:00 AM
3028.9s [9月8日（週一） 上午 7:00]   shot 261_decision_customer_return.png
3028.9s [9月8日（週一） 上午 7:00]   decision customer_return → replace
3029.0s [9月8日（週一） 上午 7:00]   click [Choice_replace] 寄一個新的
3030.4s [9月8日（週一） 上午 7:00]   shot 262_decision_outcome_customer_return.png
3030.4s [9月8日（週一） 上午 7:00]   click "OK"
3041.4s [9月8日（週一） 上午 7:16]   use "Packing table"
3042.1s [9月8日（週一） 上午 7:17]   click [Pack] 打包 11 筆訂單（1 小時 28 分）
3043.0s [9月8日（週一） 上午 8:46]   click [CourierEconomy] 快遞 · 經濟 3 天（$48.24）
3054.7s [9月8日（週一） 下午 7:16]   use "Sleep"
3055.3s [9月8日（週一） 下午 7:16]   click [Sleep] Sleep until 7:00 AM
3067.7s [9月9日（週二） 上午 7:16]   use "Packing table"
3068.4s [9月9日（週二） 上午 7:17]   click [Pack] 打包 7 筆訂單（56 分鐘）
3068.6s [9月9日（週二） 上午 8:14]   toast: 新評價 #2174：★★★「等了好一陣子才到。」
3069.4s [9月9日（週二） 上午 8:15]   click [CourierEconomy] 快遞 · 經濟 3 天（$32.88）
3081.0s [9月9日（週二） 下午 7:16]   use "Sleep"
3081.6s [9月9日（週二） 下午 7:16]   click [Sleep] Sleep until 7:00 AM
3094.0s [9月10日（週三） 上午 7:16]   use "Packing table"
3094.7s [9月10日（週三） 上午 7:17]   click [Pack] 打包 12 筆訂單（1 小時 36 分）
3095.7s [9月10日（週三） 上午 8:55]   click [CourierEconomy] 快遞 · 經濟 3 天（$52.08）
3107.4s [9月10日（週三） 下午 7:16]   use "Sleep"
3108.0s [9月10日（週三） 下午 7:16]   click [Sleep] Sleep until 7:00 AM
3120.4s [9月11日（週四） 上午 7:16]   use "Packing table"
3121.1s [9月11日（週四） 上午 7:17]   click [Pack] 打包 6 筆訂單（48 分鐘）
3122.0s [9月11日（週四） 上午 8:07]   click [CourierEconomy] 快遞 · 經濟 3 天（$29.04）
3133.7s [9月11日（週四） 下午 7:16]   use "Sleep"
3134.3s [9月11日（週四） 下午 7:16]   click [Sleep] Sleep until 7:00 AM
3134.9s [9月11日（週四） 下午 10:27]   toast: 新評價 #2226：★★★「品質普通。」
3146.7s [9月12日（週五） 上午 7:16]   use "Packing table"
3147.4s [9月12日（週五） 上午 7:17]   click [Pack] 打包 10 筆訂單（1 小時 20 分）
3148.4s [9月12日（週五） 上午 8:39]   click [CourierEconomy] 快遞 · 經濟 3 天（$44.40）
3160.0s [9月12日（週五） 下午 7:16]   use "Sleep"
3160.6s [9月12日（週五） 下午 7:16]   click [Sleep] Sleep until 7:00 AM
3173.0s [9月13日（週六） 上午 7:16]   use "Packing table"
3173.7s [9月13日（週六） 上午 7:17]   click [Pack] 打包 7 筆訂單（56 分鐘）
3174.7s [9月13日（週六） 上午 8:15]   click [CourierEconomy] 快遞 · 經濟 3 天（$34.38）
3176.1s [9月13日（週六） 下午 7:00]   shot 263_decision_customer_return.png
3176.1s [9月13日（週六） 下午 7:00]   decision customer_return → replace
3176.1s [9月13日（週六） 下午 7:00]   click [Choice_replace] 寄一個新的
3177.5s [9月13日（週六） 下午 7:00]   shot 264_decision_outcome_customer_return.png
3177.5s [9月13日（週六） 下午 7:00]   click "OK"
3188.6s [9月13日（週六） 下午 7:16]   use "Sleep"
3189.2s [9月13日（週六） 下午 7:16]   click [Sleep] Sleep until 7:00 AM
3201.6s [9月14日（週日） 上午 7:16]   use "Packing table"
3202.3s [9月14日（週日） 上午 7:17]   click [Pack] 打包 6 筆訂單（48 分鐘）
3203.3s [9月14日（週日） 上午 8:07]   click [CourierEconomy] 快遞 · 經濟 3 天（$29.04）
3214.9s [9月14日（週日） 下午 7:16]   use "Sleep"
3215.5s [9月14日（週日） 下午 7:16]   click [Sleep] Sleep until 7:00 AM
3216.2s [9月14日（週日） 下午 8:09]   toast: 新評價 #2238：★★★「還行。」
3228.0s [9月15日（週一） 上午 7:16]   use "Packing table"
3228.7s [9月15日（週一） 上午 7:17]   click [Pack] 打包 7 筆訂單（56 分鐘）
3229.7s [9月15日（週一） 上午 8:15]   click [CourierEconomy] 快遞 · 經濟 3 天（$36.78）
3241.3s [9月15日（週一） 下午 7:16]   use "Sleep"
3241.9s [9月15日（週一） 下午 7:16]   click [Sleep] Sleep until 7:00 AM
3254.4s [9月16日（週二） 上午 7:16]   use "Packing table"
3255.1s [9月16日（週二） 上午 7:17]   click [Pack] 打包 5 筆訂單（40 分鐘）
3256.0s [9月16日（週二） 上午 7:59]   click [CourierEconomy] 快遞 · 經濟 3 天（$29.10）
3257.4s [9月16日（週二） 下午 7:00]   shot 265_decision_customer_return.png
3257.4s [9月16日（週二） 下午 7:00]   decision customer_return → replace
3257.4s [9月16日（週二） 下午 7:00]   click [Choice_replace] 寄一個新的
3258.8s [9月16日（週二） 下午 7:00]   shot 266_decision_outcome_customer_return.png
3258.8s [9月16日（週二） 下午 7:00]   click "OK"
3269.8s [9月16日（週二） 下午 7:16]   use "Sleep"
3270.4s [9月16日（週二） 下午 7:16]   click [Sleep] Sleep until 7:00 AM
3282.9s [9月17日（週三） 上午 7:16]   use "Packing table"
3283.6s [9月17日（週三） 上午 7:17]   click [Pack] 打包 7 筆訂單（56 分鐘）
3284.5s [9月17日（週三） 上午 8:15]   click [CourierEconomy] 快遞 · 經濟 3 天（$34.38）
3296.1s [9月17日（週三） 下午 7:16]   use "Sleep"
3296.7s [9月17日（週三） 下午 7:16]   click [Sleep] Sleep until 7:00 AM
3297.4s [9月18日（週四） 上午 6:58]   toast: 新評價 #2281：★★★「品質普通。」
3309.1s [9月18日（週四） 上午 7:16]   use "Packing table"
3309.8s [9月18日（週四） 上午 7:17]   click [Pack] 打包 4 筆訂單（32 分鐘）
3310.8s [9月18日（週四） 上午 7:51]   click [CourierEconomy] 快遞 · 經濟 3 天（$22.86）
3322.5s [9月18日（週四） 下午 7:16]   use "Sleep"
3323.1s [9月18日（週四） 下午 7:16]   click [Sleep] Sleep until 7:00 AM
3325.1s [9月19日（週五） 上午 7:00]   shot 267_decision_customer_return.png
3325.1s [9月19日（週五） 上午 7:00]   decision customer_return → replace
3325.1s [9月19日（週五） 上午 7:00]   click [Choice_replace] 寄一個新的
3326.5s [9月19日（週五） 上午 7:00]   shot 268_decision_outcome_customer_return.png
3326.5s [9月19日（週五） 上午 7:00]   click "OK"
3337.5s [9月19日（週五） 上午 7:16]   use "Packing table"
3338.2s [9月19日（週五） 上午 7:17]   click [Pack] 打包 6 筆訂單（48 分鐘）
3339.2s [9月19日（週五） 上午 8:06]   click [CourierEconomy] 快遞 · 經濟 3 天（$29.04）
3340.4s [9月19日（週五） 上午 9:44]   toast: 新評價 #2291：★★★「品質普通。」
3350.8s [9月19日（週五） 下午 7:16]   use "Sleep"
3351.4s [9月19日（週五） 下午 7:16]   click [Sleep] Sleep until 7:00 AM
3363.8s [9月20日（週六） 上午 7:16]   use "Packing table"
3364.5s [9月20日（週六） 上午 7:17]   click [Pack] 打包 7 筆訂單（56 分鐘）
3365.5s [9月20日（週六） 上午 8:15]   click [CourierEconomy] 快遞 · 經濟 3 天（$32.88）
3377.2s [9月20日（週六） 下午 7:16]   use "Sleep"
3377.8s [9月20日（週六） 下午 7:16]   click [Sleep] Sleep until 7:00 AM
3379.8s [9月21日（週日） 上午 7:00]   shot 269_decision_customer_return.png
3379.8s [9月21日（週日） 上午 7:00]   decision customer_return → refund
3379.8s [9月21日（週日） 上午 7:00]   click [Choice_refund] 退款＋收回商品
3381.2s [9月21日（週日） 上午 7:00]   shot 270_decision_outcome_customer_return.png
3381.2s [9月21日（週日） 上午 7:00]   click "OK"
3392.2s [9月21日（週日） 上午 7:16]   use "Packing table"
3392.9s [9月21日（週日） 上午 7:17]   click [Pack] 打包 5 筆訂單（40 分鐘）
3393.9s [9月21日（週日） 上午 7:58]   click [CourierEconomy] 快遞 · 經濟 3 天（$25.20）
3405.5s [9月21日（週日） 下午 7:16]   use "Sleep"
3406.1s [9月21日（週日） 下午 7:16]   click [Sleep] Sleep until 7:00 AM
3408.1s [9月22日（週一） 上午 7:00]   shot 271_decision_customer_return.png
3408.1s [9月22日（週一） 上午 7:00]   decision customer_return → refund
3408.1s [9月22日（週一） 上午 7:00]   click [Choice_refund] 退款＋收回商品
3409.5s [9月22日（週一） 上午 7:00]   shot 272_decision_outcome_customer_return.png
3409.5s [9月22日（週一） 上午 7:00]   click "OK"
3420.5s [9月22日（週一） 上午 7:16]   use "Packing table"
3421.2s [9月22日（週一） 上午 7:17]   click [Pack] 打包 3 筆訂單（24 分鐘）
3422.2s [9月22日（週一） 上午 7:42]   click [CourierEconomy] 快遞 · 經濟 3 天（$21.42）
3423.9s [9月22日（週一） 下午 7:00]   shot 273_decision_supplier_price_increase.png
3423.9s [9月22日（週一） 下午 7:00]   decision supplier_price_increase → accept
3423.9s [9月22日（週一） 下午 7:00]   click [Choice_accept] 好。繼續跟你進貨。
3425.5s [9月22日（週一） 下午 7:00]   shot 274_decision_outcome_supplier_price_increase.png
3425.5s [9月22日（週一） 下午 7:00]   click "OK"
3436.6s [9月22日（週一） 下午 7:16]   use "Sleep"
3437.2s [9月22日（週一） 下午 7:16]   click [Sleep] Sleep until 7:00 AM
3439.2s [9月23日（週二） 上午 7:00]   shot 275_decision_customer_return.png
3439.2s [9月23日（週二） 上午 7:00]   decision customer_return → refund
3439.2s [9月23日（週二） 上午 7:00]   click [Choice_refund] 退款＋收回商品
3440.6s [9月23日（週二） 上午 7:00]   shot 276_decision_outcome_customer_return.png
3440.6s [9月23日（週二） 上午 7:00]   click "OK"
3451.6s [9月23日（週二） 上午 7:16]   use "Packing table"
3452.3s [9月23日（週二） 上午 7:17]   click [Pack] 打包 5 筆訂單（40 分鐘）
3453.3s [9月23日（週二） 上午 7:58]   click [CourierEconomy] 快遞 · 經濟 3 天（$24.98）
3454.5s [9月23日（週二） 上午 8:00]   ok  Chapter 9 complete: the import got through
3454.5s [9月23日（週二） 上午 8:00]   ok  ledger balanced after chapters 7–9
3454.5s [9月23日（週二） 上午 8:00] STEP Weekend pop-up: real stock, checkout, automatic return and report
3456.2s [9月23日（週二） 上午 8:03]   use "Reserve a weekend pop-up"
3456.6s [9月23日（週二） 上午 8:03]   shot 277_popup_weekend_reservation.png
3457.6s [9月23日（週二） 上午 8:03]   click [SignPopup] Reserve this weekend
3458.3s [9月23日（週二） 上午 8:03]   ok  real notice reserved weekend
3458.3s [9月23日（週二） 上午 8:03]   ok  fifty available units for pop-up
3459.3s [9月23日（週二） 上午 8:03]   click [PopupStock_water_bottle] Move selected stock
3460.0s [9月23日（週二） 上午 9:03]   ok  fifty units physically transferred
3460.1s [9月23日（週二） 上午 9:03]   shot 278_popup_stock_and_unit_price.png
3460.2s [9月24日（週三） 下午 2:33]   toast: 新評價 #2323：★★★「等了好一陣子才到。」
WARNING: Art: missing texture res://assets/ui/icons/.png
   at: push_warning (core/variant/variant_utility.cpp:1034)
   GDScript backtrace (most recent call first):
       [0] tex (res://autoload/art.gd:85)
       [1] icon (res://autoload/art.gd:192)
       [2] _draw (res://scripts/world/interactable.gd:81)
3461.6s [9月27日（週六） 上午 10:00]   shot 279_popup_open_shop_and_customer.png
3461.6s [9月27日（週六） 上午 10:00]   shot 280_decision_customer_return.png
3461.6s [9月27日（週六） 上午 10:00]   decision customer_return → replace
3461.6s [9月27日（週六） 上午 10:00]   click [Choice_replace] 寄一個新的
3463.1s [9月27日（週六） 上午 10:00]   shot 281_decision_outcome_customer_return.png
3463.1s [9月27日（週六） 上午 10:00]   click "OK"
3463.6s [9月27日（週六） 上午 10:00]   shot 282_decision_customer_return.png
3463.6s [9月27日（週六） 上午 10:00]   decision customer_return → replace
3463.6s [9月27日（週六） 上午 10:00]   click [Choice_replace] 寄一個新的
3465.0s [9月27日（週六） 上午 10:00]   shot 283_decision_outcome_customer_return.png
3465.0s [9月27日（週六） 上午 10:00]   click "OK"
3466.4s [9月27日（週六） 上午 10:01]   use "Reserve a weekend pop-up"
3467.8s [9月27日（週六） 上午 10:01]   click [PopupTill] Work checkout for one hour
3468.5s [9月27日（週六） 上午 11:01]   ok  one-hour checkout actual sales
3469.8s [9月28日（週日） 下午 6:00]   shot 284_popup_weekend_report.png
3469.8s [9月28日（週日） 下午 6:00]   ok  weekend settles automatically
3469.8s [9月28日（週日） 下午 6:00]   ok  pop-up all journals balanced
3470.0s [9月28日（週日） 下午 6:00]   ok  played pop-up save
3472.7s [9月28日（週日） 下午 6:04]   ok  walked back outside
3490.2s [9月28日（週日） 下午 6:31]   use "捷運——購物街站"
3491.2s [9月28日（週日） 下午 6:32]   shot 285_metro_riverside.png
3491.2s [9月28日（週日） 下午 6:32]   click [Go_riverside] 河濱區  ·  15 分鐘
3492.3s [9月28日（週日） 下午 6:49]   ok  took the Metro to Riverside
3506.8s [9月28日（週日） 下午 7:11]   ok  entered Riverside Tower
3506.8s [9月28日（週日） 下午 7:11]   ok  pop-up handoff returns to the home bed
3506.8s [9月28日（週日） 下午 7:11] STEP Old Town — lease the corner café from Mr. Okafor
3509.8s [9月28日（週日） 下午 7:15]   use "Sleep"
3510.4s [9月28日（週日） 下午 7:15]   click [Sleep] Sleep until 7:00 AM
3523.0s [9月29日（週一） 上午 7:16]   use "Packing table"
3523.7s [9月29日（週一） 上午 7:17]   click [Pack] 打包 15 筆訂單（2 h）
3524.7s [9月29日（週一） 上午 9:19]   click [CourierEconomy] 快遞 · 經濟 3 天（$63.76）
3529.3s [9月29日（週一） 上午 9:27]   ok  walked back outside
3548.3s [9月29日（週一） 上午 9:55]   use "捷運——河濱區站"
3549.3s [9月29日（週一） 上午 9:57]   shot 286_metro_old_town.png
3549.3s [9月29日（週一） 上午 9:57]   click [Go_old_town] 舊城區  ·  16 分鐘
3550.4s [9月29日（週一） 上午 10:14]   ok  took the Metro to Old Town
3550.5s [9月29日（週一） 上午 10:14]   shot 287_old_town.png
3568.0s [9月29日（週一） 上午 10:41]   ok  entered Okafor Lettings
3568.8s [9月29日（週一） 上午 10:42]   use "和 Okafor 先生 說話"
3571.8s [9月29日（週一） 上午 10:42]   choose "› 這裡以前是什麼店？"
3576.8s [9月29日（週一） 上午 10:43]   shot 288_cafe_lease.png
3576.8s [9月29日（週一） 上午 10:43]   click [SignLease_corner_cafe] Sign the lease
3577.7s [9月29日（週一） 上午 10:44]   ok  leased the corner café unit
3580.0s [9月29日（週一） 上午 10:49]   ok  walked back outside
3580.2s [9月29日（週一） 上午 10:49]   shot 289_old_town_storefronts.png
3587.8s [9月29日（週一） 上午 11:00]   ok  entered Corner Café Unit
3589.0s [9月29日（週一） 上午 11:02]   use "Check the till — Company OS"
3589.6s [9月29日（週一） 上午 11:03]   click [CafeFitOut] 裝修（$5,800）
3590.1s [9月29日（週一） 上午 11:04]   click [CafeSupplies_large] 400 杯份 · $331.97
3590.6s [9月29日（週一） 上午 11:05]   shot 290_cafe_setup.png
3591.0s [9月29日（週一） 上午 11:05]   ok  fit-out under way
3591.0s [9月29日（週一） 上午 11:05]   ok  coffee supplies ordered
3591.0s [9月29日（週一） 上午 11:05] STEP Old Town — the food licence at City Hall (walking via Shopping Street)
3593.7s [9月29日（週一） 上午 11:10]   ok  walked back outside
3604.6s [9月29日（週一） 上午 11:37]   ok  walked to Shopping Street
3608.1s [9月29日（週一） 上午 11:58]   ok  walked to Harbor
3638.4s [9月29日（週一） 下午 12:51]   ok  walked to Riverside
3672.7s [9月29日（週一） 下午 1:53]   ok  walked to Civic Center
3690.9s [9月29日（週一） 下午 2:20]   ok  entered Aurelia City Hall
3693.8s [9月29日（週一） 下午 2:24]   use "Permits & regulations"
3694.4s [9月29日（週一） 下午 2:25]   click [ApplyFoodLicence] Apply
3695.0s [9月29日（週一） 下午 2:46]   shot 291_food_licence.png
3695.4s [9月29日（週一） 下午 2:47]   ok  food licence applied for
3699.7s [9月29日（週一） 下午 2:54]   ok  walked back outside
3708.9s [9月29日（週一） 下午 3:08]   use "捷運——市政中心站"
3709.9s [9月29日（週一） 下午 3:10]   shot 292_metro_riverside.png
3709.9s [9月29日（週一） 下午 3:10]   click [Go_riverside] 河濱區  ·  12 分鐘
3711.0s [9月29日（週一） 下午 3:23]   ok  took the Metro to Riverside
3725.5s [9月29日（週一） 下午 3:45]   ok  entered Riverside Tower
3725.6s [9月29日（週一） 下午 3:45]   (harness) wait 2 h
3728.2s [9月29日（週一） 下午 5:49]   use "Packing table"
3728.8s [9月29日（週一） 下午 5:50]   click [Pack] 打包 1 筆訂單（8 分鐘）
3729.8s [9月29日（週一） 下午 6:00]   click [CourierEconomy] 快遞 · 經濟 3 天（$9.52）
3731.0s [9月29日（週一） 下午 6:01]   (harness) wait 2 h
3742.3s [9月29日（週一） 下午 8:18]   use "Sleep"
3742.9s [9月29日（週一） 下午 8:18]   click [Sleep] Sleep until 7:00 AM
3755.4s [9月30日（週二） 上午 7:16]   use "Packing table"
3756.1s [9月30日（週二） 上午 7:17]   click [Pack] 打包 1 筆訂單（8 分鐘）
3757.1s [9月30日（週二） 上午 7:27]   click [CourierEconomy] 快遞 · 經濟 3 天（$9.52）
3758.3s [9月30日（週二） 上午 7:29]   (harness) wait 2 h
3759.0s [9月30日（週二） 上午 9:30]   (harness) wait 2 h
3766.1s [9月30日（週二） 上午 11:40]   use "Packing table"
3766.8s [9月30日（週二） 上午 11:41]   click [Pack] 打包 1 筆訂單（8 分鐘）
3767.7s [9月30日（週二） 上午 11:51]   click [CourierEconomy] 快遞 · 經濟 3 天（$13.10）
3769.0s [9月30日（週二） 上午 11:53]   (harness) wait 2 h
3769.7s [9月30日（週二） 下午 1:54]   (harness) wait 2 h
3770.4s [9月30日（週二） 下午 3:55]   (harness) wait 2 h
3771.1s [9月30日（週二） 下午 5:56]   (harness) wait 2 h
3771.9s [9月30日（週二） 下午 7:57]   use "Packing table"
3772.6s [9月30日（週二） 下午 7:58]   click [Pack] 打包 1 筆訂單（8 分鐘）
3773.5s [9月30日（週二） 下午 8:07]   click [CourierEconomy] 快遞 · 經濟 3 天（$9.52）
3785.3s [9月30日（週二） 下午 8:25]   use "Sleep"
3785.9s [9月30日（週二） 下午 8:25]   click [Sleep] Sleep until 7:00 AM
3789.4s [10月1日（週三） 上午 7:00]   shot 293_month_close_report.png
3789.4s [10月1日（週三） 上午 7:00]   click [month close] Continue
3790.0s [10月1日（週三） 上午 7:00]   (harness) wait 2 h
3801.1s [10月1日（週三） 上午 9:17]   use "Packing table"
3801.8s [10月1日（週三） 上午 9:18]   click [Pack] 打包 1 筆訂單（8 分鐘）
3802.7s [10月1日（週三） 上午 9:27]   click [CourierEconomy] 快遞 · 經濟 3 天（$9.52）
3804.0s [10月1日（週三） 上午 9:29]   (harness) wait 2 h
3804.6s [10月1日（週三） 上午 11:30]   (harness) wait 2 h
3805.3s [10月1日（週三） 下午 1:31]   (harness) wait 2 h
3812.4s [10月1日（週三） 下午 3:42]   use "Packing table"
3813.1s [10月1日（週三） 下午 3:43]   click [Pack] 打包 1 筆訂單（8 分鐘）
3814.0s [10月1日（週三） 下午 3:52]   click [CourierEconomy] 快遞 · 經濟 3 天（$9.52）
3815.2s [10月1日（週三） 下午 3:54]   (harness) wait 2 h
3815.2s [10月1日（週三） 下午 5:00]   toast: Riverlight Goods 咖啡 今天沒開門：吧台沒人顧。去僱一位咖啡師（人員分頁），或自己站吧台。
3815.9s [10月1日（週三） 下午 5:55]   (harness) wait 2 h
3827.1s [10月1日（週三） 下午 8:12]   use "Sleep"
3827.7s [10月1日（週三） 下午 8:12]   click [Sleep] Sleep until 7:00 AM
3840.2s [10月2日（週四） 上午 7:16]   use "Packing table"
3840.9s [10月2日（週四） 上午 7:17]   click [Pack] 打包 1 筆訂單（8 分鐘）
3841.8s [10月2日（週四） 上午 7:27]   click [CourierEconomy] 快遞 · 經濟 3 天（$9.52）
3843.1s [10月2日（週四） 上午 7:28]   ok  fitted out and licensed
3843.1s [10月2日（週四） 上午 7:28] STEP Old Town — opening day behind your own counter
3846.4s [10月2日（週四） 上午 7:34]   ok  walked back outside
3865.4s [10月2日（週四） 上午 8:03]   use "捷運——河濱區站"
3866.4s [10月2日（週四） 上午 8:04]   shot 294_metro_old_town.png
3866.4s [10月2日（週四） 上午 8:04]   click [Go_old_town] 舊城區  ·  16 分鐘
3867.4s [10月2日（週四） 上午 8:22]   ok  took the Metro to Old Town
3879.1s [10月2日（週四） 上午 8:40]   ok  entered Corner Café Unit
3879.2s [10月2日（週四） 上午 8:40]   shot 295_cafe_open.png
3880.8s [10月2日（週四） 上午 8:42]   use "Work the counter (2 h)"
3881.7s [10月2日（週四） 上午 10:43]   ok  served customers at your own café
3882.5s [10月2日（週四） 上午 10:45]   use "Check the till — Company OS"
3883.1s [10月2日（週四） 上午 10:46]   shot 296_cafe_tab.png
3883.5s [10月2日（週四） 上午 10:46]   ok  ledger balanced after opening the café
3886.5s [10月2日（週四） 上午 10:52]   ok  walked back outside
3902.6s [10月2日（週四） 上午 11:16]   use "捷運——舊城區站"
3903.6s [10月2日（週四） 上午 11:17]   shot 297_metro_riverside.png
3903.6s [10月2日（週四） 上午 11:17]   click [Go_riverside] 河濱區  ·  16 分鐘
3904.6s [10月2日（週四） 上午 11:35]   ok  took the Metro to Riverside
3919.1s [10月2日（週四） 上午 11:57]   ok  entered Riverside Tower
3919.1s [10月2日（週四） 上午 11:57] STEP Harbor — metro to the docks, a used van from Sam, and Pier 7
3919.1s [10月2日（週四） 上午 11:57]   ok  actual financing covers the van, bay and working capital
3920.8s [10月2日（週四） 下午 12:00]   ok  walked back outside
3939.8s [10月2日（週四） 下午 12:29]   use "捷運——河濱區站"
3940.8s [10月2日（週四） 下午 12:30]   shot 298_metro_harbor.png
3940.8s [10月2日（週四） 下午 12:30]   click [Go_harbor] 港區  ·  8 分鐘
3941.8s [10月2日（週四） 下午 12:40]   ok  took the Metro to Harbor
3941.9s [10月2日（週四） 下午 12:40]   shot 299_harbor.png
3953.0s [10月2日（週四） 下午 12:56]   shot 300_harbor_street.png
3956.7s [10月2日（週四） 下午 1:02]   ok  entered Dockside Motors
3957.8s [10月2日（週四） 下午 1:03]   use "和 Sam Okoro 說話"
3960.8s [10月2日（週四） 下午 1:03]   choose "› 你這裡有什麼？"
3965.8s [10月2日（週四） 下午 1:04]   shot 301_van_dealer.png
3965.8s [10月2日（週四） 下午 1:04]   click [BuyVan] 買下這台貨車（$9,800.00）
3966.4s [10月2日（週四） 下午 1:05]   shot 302_van_bought.png
3966.8s [10月2日（週四） 下午 1:06]   ok  bought the van from Sam
3966.8s [10月2日（週四） 下午 1:06]   ok  the van is a vehicle expense
3969.5s [10月2日（週四） 下午 1:11]   ok  walked back outside
3978.2s [10月2日（週四） 下午 1:24]   ok  entered Pier 7 Warehouse
3983.8s [10月2日（週四） 下午 1:32]   use "Lettings desk: lease Bay 3"
3984.4s [10月2日（週四） 下午 1:33]   shot 303_pier7_lease.png
3984.4s [10月2日（週四） 下午 1:33]   click [SignLease_pier7_warehouse] Sign the lease
3985.4s [10月2日（週四） 下午 1:34]   ok  leased the Pier 7 bay
3985.4s [10月2日（週四） 下午 1:34]   ok  Pier 7 is a stock location
3986.0s [10月2日（週四） 下午 1:35]   shot 304_pier7_warehouse.png
3992.3s [10月2日（週四） 下午 1:46]   ok  walked back outside
4006.5s [10月2日（週四） 下午 2:07]   use "捷運——港區站"
4007.4s [10月2日（週四） 下午 2:08]   shot 305_metro_riverside.png
4007.4s [10月2日（週四） 下午 2:08]   click [Go_riverside] 河濱區  ·  8 分鐘
4008.5s [10月2日（週四） 下午 2:18]   ok  took the Metro to Riverside
4023.0s [10月2日（週四） 下午 2:40]   ok  entered Riverside Tower
4023.0s [10月2日（週四） 下午 2:40] STEP Harbor — the morning's delivery runs
4023.1s [10月2日（週四） 下午 2:40]   (harness) wait 2 h
4023.7s [10月2日（週四） 下午 4:41]   (harness) wait 2 h
4024.4s [10月2日（週四） 下午 6:42]   (harness) wait 2 h
4028.1s [10月2日（週四） 下午 8:48]   use "Sleep"
4028.7s [10月2日（週四） 下午 8:48]   click [Sleep] Sleep until 7:00 AM
4030.8s [10月3日（週五） 上午 7:01]   (harness) wait 2 h
4031.5s [10月3日（週五） 上午 9:02]   ok  runs were posted in the morning
4035.9s [10月3日（週五） 上午 9:09]   ok  walked back outside
4054.9s [10月3日（週五） 上午 9:38]   use "捷運——河濱區站"
4055.9s [10月3日（週五） 上午 9:39]   shot 306_metro_harbor.png
4055.9s [10月3日（週五） 上午 9:39]   click [Go_harbor] 港區  ·  8 分鐘
4057.0s [10月3日（週五） 上午 9:49]   ok  took the Metro to Harbor
4073.0s [10月3日（週五） 上午 10:13]   ok  entered Pier 7 Warehouse
4077.6s [10月3日（週五） 上午 10:20]   use "Sit at the yard office desk — Company OS"
4078.2s [10月3日（週五） 上午 10:21]   click [Tab_logistics] Logistics
4079.0s [10月3日（週五） 上午 10:22]   shot 307_logistics_tab.png
4079.6s [10月3日（週五） 上午 10:23]   shot 308_logistics_badge_pinned.png
4079.6s [10月3日（週五） 上午 10:23]   click [Tab_logistics] Logistics
4080.1s [10月3日（週五） 上午 10:23]   ok  delivery runs on the board
4080.1s [10月3日（週五） 上午 10:23]   click [Accept_R1] Accept
4080.7s [10月3日（週五） 上午 10:24]   ok  accepted run R1
4080.7s [10月3日（週五） 上午 10:24]   shot 309_logistics_accepted.png
4080.7s [10月3日（週五） 上午 10:24]   click [Drive_R1] Drive it
4081.5s [10月3日（週五） 上午 10:25]   shot 310_route_game_intro.png
4081.5s [10月3日（週五） 上午 10:25]   click [StartGame] Begin practice
4082.0s [10月3日（週五） 上午 10:25]   click [Stop_4] 
4082.2s [10月3日（週五） 上午 10:25]   click [Stop_1] 
4082.6s [10月3日（週五） 上午 10:25]   shot 311_route_game_planning.png
4082.6s [10月3日（週五） 上午 10:25]   click [Stop_2] 
4082.7s [10月3日（週五） 上午 10:25]   click [Stop_6] 
4082.9s [10月3日（週五） 上午 10:25]   click [Stop_3] 
4083.1s [10月3日（週五） 上午 10:25]   click [Stop_5] 
4083.8s [10月3日（週五） 上午 10:25]   shot 312_route_game_planned.png
4083.8s [10月3日（週五） 上午 10:25]   click [DriveRoute] Drive the route
4084.4s [10月3日（週五） 上午 10:25]   shot 313_route_game_results.png
4087.4s [10月3日（週五） 上午 10:25] FAIL button 'FinishGame' not found
4087.4s [10月3日（週五） 上午 10:25]       diag: modal=Control:RouteGame dialogue=false phone=false
4088.2s [10月3日（週五） 上午 10:25] FAIL the run is done and in the history
4088.2s [10月3日（週五） 上午 10:25] FAIL the pay was banked as revenue ($0.00 for run R1)
4088.2s [10月3日（週五） 上午 10:25] FAIL fuel was charged
SCRIPT ERROR: Out of bounds get index '0' (on base: 'Array')
   at: Walkthrough._harbor_logistics (res://tests/walkthrough/walkthrough.gd:2212)
   GDScript backtrace (most recent call first):
       [0] _harbor_logistics (res://tests/walkthrough/walkthrough.gd:2212)
       [1] wait (res://tests/walkthrough/bot.gd:302)
4088.2s [10月3日（週五） 上午 10:25] STEP Harbor — buy a single class and meet business connections
4128.7s [10月3日（週五） 上午 10:25] FAIL could not reach (288.0, 266.0) (at (62.94184, 130.3817))
4133.8s [10月3日（週五） 上午 10:25] FAIL could not reach (288.0, 298.0) (at (62.94184, 130.3817))
4138.2s [10月3日（週五） 上午 10:25] FAIL walked back outside
4138.2s [10月3日（週五） 上午 10:25] FAIL interactable not found: metro
4139.1s [10月3日（週五） 上午 10:25]   shot 314_metro_harbor.png
4144.0s [10月3日（週五） 上午 10:25] FAIL button 'Go_harbor' not found
4144.0s [10月3日（週五） 上午 10:25]       diag: modal=Control:RouteGame dialogue=false phone=false
4150.4s [10月3日（週五） 上午 10:25] FAIL took the Metro to Harbor
4150.4s [10月3日（週五） 上午 11:25] FAIL enter_building: not in a district
4150.4s [10月3日（週五） 上午 11:25] FAIL interactable not found: Rosa's reception
4155.4s [10月3日（週五） 上午 11:25] FAIL button 'FitnessSingle' not found
4155.4s [10月3日（週五） 上午 11:25]       diag: modal=Control:RouteGame dialogue=false phone=false
4155.4s [10月3日（週五） 上午 11:25] FAIL single class charged to personal cash
4155.6s [10月3日（週五） 上午 11:25]   shot 315_fitness_timetable.png
4160.4s [10月3日（週五） 上午 11:25] FAIL button 'FitnessWait' not found
4160.4s [10月3日（週五） 上午 11:25]       diag: modal=Control:RouteGame dialogue=false phone=false
4160.6s [10月3日（週五） 上午 11:25]   shot 316_fitness_class_ready.png
4160.6s [10月3日（週五） 上午 11:25] FAIL timetable reaches actual class start
4161.4s [10月3日（週五） 上午 11:25]   ok  class consumed saved single pass
4161.4s [10月3日（週五） 上午 11:25] FAIL interactable not found: fitness
4161.9s [10月3日（週五） 上午 11:25] FAIL interactable not found: Rosa's reception
4166.9s [10月3日（週五） 上午 11:33] FAIL button 'FitnessSingle' not found
4166.9s [10月3日（週五） 上午 11:33]       diag: modal=Control:CompanyOS dialogue=false phone=false
4171.9s [10月3日（週五） 上午 11:40] FAIL button 'FitnessWait' not found
4171.9s [10月3日（週五） 上午 11:40]       diag: modal=Control:CompanyOS dialogue=false phone=false
4172.9s [10月3日（週五） 上午 11:42] FAIL interactable not found: fitness
4173.4s [10月3日（週五） 上午 11:42] FAIL interactable not found: Rosa's reception
4178.4s [10月3日（週五） 上午 11:50] FAIL button 'FitnessSingle' not found
4178.4s [10月3日（週五） 上午 11:50]       diag: modal=none dialogue=false phone=false
4183.4s [10月3日（週五） 上午 11:57] FAIL button 'FitnessWait' not found
4183.4s [10月3日（週五） 上午 11:57]       diag: modal=none dialogue=false phone=false
4184.5s [10月3日（週五） 上午 11:59] FAIL interactable not found: fitness
4184.5s [10月3日（週五） 上午 11:59] FAIL interactable not found: Rosa's reception
4189.5s [10月3日（週五） 下午 12:06] FAIL button 'FitnessSingle' not found
4189.5s [10月3日（週五） 下午 12:06]       diag: modal=none dialogue=false phone=false
4194.5s [10月3日（週五） 下午 12:14] FAIL button 'FitnessWait' not found
4194.5s [10月3日（週五） 下午 12:14]       diag: modal=none dialogue=false phone=false
4195.5s [10月3日（週五） 下午 12:15] FAIL interactable not found: fitness
4195.5s [10月3日（週五） 下午 12:15] FAIL interactable not found: Rosa's reception
4200.6s [10月3日（週五） 下午 12:23] FAIL button 'FitnessSingle' not found
4200.6s [10月3日（週五） 下午 12:23]       diag: modal=none dialogue=false phone=false
4205.6s [10月3日（週五） 下午 12:31] FAIL button 'FitnessWait' not found
4205.6s [10月3日（週五） 下午 12:31]       diag: modal=none dialogue=false phone=false
4206.6s [10月3日（週五） 下午 12:32] FAIL interactable not found: fitness
4206.6s [10月3日（週五） 下午 12:32] FAIL interactable not found: Rosa's reception
4211.6s [10月3日（週五） 下午 12:40] FAIL button 'FitnessSingle' not found
4211.6s [10月3日（週五） 下午 12:40]       diag: modal=none dialogue=false phone=false
4216.7s [10月3日（週五） 下午 12:47] FAIL button 'FitnessWait' not found
4216.7s [10月3日（週五） 下午 12:47]       diag: modal=none dialogue=false phone=false
4217.7s [10月3日（週五） 下午 12:49] FAIL interactable not found: fitness
4217.7s [10月3日（週五） 下午 12:49] FAIL interactable not found: Rosa's reception
4222.7s [10月3日（週五） 下午 12:56] FAIL button 'FitnessSingle' not found
4222.7s [10月3日（週五） 下午 12:56]       diag: modal=none dialogue=false phone=false
4227.7s [10月3日（週五） 下午 1:04] FAIL button 'FitnessWait' not found
4227.7s [10月3日（週五） 下午 1:04]       diag: modal=none dialogue=false phone=false
4228.8s [10月3日（週五） 下午 1:05] FAIL interactable not found: fitness
4228.8s [10月3日（週五） 下午 1:05] FAIL interactable not found: Rosa's reception
4233.8s [10月3日（週五） 下午 1:13] FAIL button 'FitnessSingle' not found
4233.8s [10月3日（週五） 下午 1:13]       diag: modal=none dialogue=false phone=false
4238.8s [10月3日（週五） 下午 1:20] FAIL button 'FitnessWait' not found
4238.8s [10月3日（週五） 下午 1:20]       diag: modal=none dialogue=false phone=false
4239.9s [10月3日（週五） 下午 1:22] FAIL interactable not found: fitness
4239.9s [10月3日（週五） 下午 1:22] FAIL interactable not found: Rosa's reception
4244.9s [10月3日（週五） 下午 1:29] FAIL button 'FitnessSingle' not found
4244.9s [10月3日（週五） 下午 1:29]       diag: modal=none dialogue=false phone=false
4249.9s [10月3日（週五） 下午 1:37] FAIL button 'FitnessWait' not found
4249.9s [10月3日（週五） 下午 1:37]       diag: modal=none dialogue=false phone=false
4251.0s [10月3日（週五） 下午 1:39] FAIL interactable not found: fitness
4251.0s [10月3日（週五） 下午 1:39] FAIL interactable not found: Rosa's reception
4256.0s [10月3日（週五） 下午 1:46] FAIL button 'FitnessSingle' not found
4256.0s [10月3日（週五） 下午 1:46]       diag: modal=none dialogue=false phone=false
4261.0s [10月3日（週五） 下午 1:54] FAIL button 'FitnessWait' not found
4261.0s [10月3日（週五） 下午 1:54]       diag: modal=none dialogue=false phone=false
4262.0s [10月3日（週五） 下午 1:55] FAIL interactable not found: fitness
4262.0s [10月3日（週五） 下午 1:55] FAIL interactable not found: Rosa's reception
4267.1s [10月3日（週五） 下午 2:03] FAIL button 'FitnessSingle' not found
4267.1s [10月3日（週五） 下午 2:03]       diag: modal=none dialogue=false phone=false
4272.1s [10月3日（週五） 下午 2:10] FAIL button 'FitnessWait' not found
4272.1s [10月3日（週五） 下午 2:10]       diag: modal=none dialogue=false phone=false
4273.1s [10月3日（週五） 下午 2:12] FAIL interactable not found: fitness
4273.1s [10月3日（週五） 下午 2:12] FAIL interactable not found: Rosa's reception
4278.1s [10月3日（週五） 下午 2:19] FAIL button 'FitnessSingle' not found
4278.1s [10月3日（週五） 下午 2:19]       diag: modal=none dialogue=false phone=false
4283.2s [10月3日（週五） 下午 2:27] FAIL button 'FitnessWait' not found
4283.2s [10月3日（週五） 下午 2:27]       diag: modal=none dialogue=false phone=false
4284.2s [10月3日（週五） 下午 2:28] FAIL interactable not found: fitness
4284.2s [10月3日（週五） 下午 2:28] FAIL interactable not found: Rosa's reception
4289.2s [10月3日（週五） 下午 2:36] FAIL button 'FitnessSingle' not found
4289.2s [10月3日（週五） 下午 2:36]       diag: modal=none dialogue=false phone=false
4294.2s [10月3日（週五） 下午 2:44] FAIL button 'FitnessWait' not found
4294.2s [10月3日（週五） 下午 2:44]       diag: modal=none dialogue=false phone=false
4295.3s [10月3日（週五） 下午 2:45]   ok  fitness and networking books balance
4301.2s [10月3日（週五） 下午 2:55]   ok  walked back outside
4315.4s [10月3日（週五） 下午 3:16]   use "捷運——港區站"
4316.3s [10月3日（週五） 下午 3:18]   shot 317_metro_riverside.png
4316.3s [10月3日（週五） 下午 3:18]   click [Go_riverside] 河濱區  ·  8 分鐘
4317.4s [10月3日（週五） 下午 3:27]   ok  took the Metro to Riverside
4320.2s [10月3日（週五） 下午 3:32]   toast: 新評價 #2354：★★★「還行。」
4331.9s [10月3日（週五） 下午 3:49]   ok  entered Riverside Tower
4331.9s [10月3日（週五） 下午 3:49]   ok  Chapter 10 started after Chapter 9
4331.9s [10月3日（週五） 下午 3:49]   ok  Year 6: the Digital Finance Boom
4331.9s [10月3日（週五） 下午 3:49] STEP Chapter 10 — the news, and Lina's escrow offer
4333.6s [10月3日（週五） 下午 3:53]   ok  walked back outside
4338.4s [10月3日（週五） 下午 4:00]   ok  entered Bloom Coffee
4341.2s [10月3日（週五） 下午 4:04]   use "Read the news board"
4341.9s [10月3日（週五） 下午 4:09]   shot 318_news_digital_rails.png
4341.9s [10月3日（週五） 下午 4:09]   info card: News board
4342.0s [10月3日（週五） 下午 4:09]   shot 319_info_news_board.png
4342.0s [10月3日（週五） 下午 4:09]   click "Close"
4342.4s [10月3日（週五） 下午 4:09]   ok  read the news (digital_rails)
4346.7s [10月3日（週五） 下午 4:16]   ok  walked back outside
4351.3s [10月3日（週五） 下午 4:23]   ok  entered Riverside Tower
4351.3s [10月3日（週五） 下午 4:23]   (harness) wait 2 h
4351.3s [10月3日（週五） 下午 5:00]   toast: Riverlight Goods 咖啡 今天沒開門：吧台沒人顧。去僱一位咖啡師（人員分頁），或自己站吧台。
4353.9s [10月3日（週五） 下午 6:27]   use "Packing table"
4354.6s [10月3日（週五） 下午 6:28]   click [Pack] 打包 3 筆訂單（24 分鐘）
4355.5s [10月3日（週五） 下午 6:54]   click [CourierEconomy] 快遞 · 經濟 3 天（$21.52）
4356.8s [10月3日（週五） 下午 6:56]   (harness) wait 2 h
4368.1s [10月3日（週五） 下午 9:13]   use "Sleep"
4368.7s [10月3日（週五） 下午 9:13]   click [Sleep] Sleep until 7:00 AM
4370.8s [10月4日（週六） 上午 7:01]   (harness) wait 2 h
4371.5s [10月4日（週六） 上午 9:02]   (harness) wait 2 h
4372.3s [10月4日（週六） 上午 11:03]   (harness) wait 2 h
4373.0s [10月4日（週六） 下午 1:04]   (harness) wait 2 h
4373.7s [10月4日（週六） 下午 3:05]   (harness) wait 2 h
4373.8s [10月4日（週六） 下午 4:00]   toast: R1 號外送單被取消了：超過截止時間。
4373.8s [10月4日（週六） 下午 5:00]   toast: Riverlight Goods 咖啡 今天沒開門：吧台沒人顧。去僱一位咖啡師（人員分頁），或自己站吧台。
4374.5s [10月4日（週六） 下午 5:06]   (harness) wait 2 h
4381.6s [10月4日（週六） 下午 7:17]   use "Sleep"
4382.2s [10月4日（週六） 下午 7:17]   click [Sleep] Sleep until 7:00 AM
4394.7s [10月5日（週日） 上午 7:16]   use "Packing table"
4395.4s [10月5日（週日） 上午 7:17]   click [Pack] 打包 3 筆訂單（24 分鐘）
4396.3s [10月5日（週日） 上午 7:43]   click [CourierEconomy] 快遞 · 經濟 3 天（$16.56）
4397.6s [10月5日（週日） 上午 7:45]   (harness) wait 2 h
4398.4s [10月5日（週日） 上午 9:46]   (harness) wait 2 h
4399.1s [10月5日（週日） 上午 11:47]   (harness) wait 2 h
4399.9s [10月5日（週日） 下午 1:48]   (harness) wait 2 h
4399.9s [10月5日（週日） 下午 2:08]   toast: 新評價 #2352：★★★「等了好一陣子才到。」
4406.9s [10月5日（週日） 下午 3:59]   use "Packing table"
4407.6s [10月5日（週日） 下午 4:00]   click [Pack] 打包 1 筆訂單（8 分鐘）
4408.6s [10月5日（週日） 下午 4:09]   click [CourierEconomy] 快遞 · 經濟 3 天（$9.52）
4409.9s [10月5日（週日） 下午 4:11]   shot 320_decision_escrow_offer.png
4409.9s [10月5日（週日） 下午 4:11]   decision escrow_offer → try
4409.9s [10月5日（週日） 下午 4:11]   click [Choice_try] 開立託管帳戶
4411.3s [10月5日（週日） 下午 4:11]   shot 321_decision_outcome_escrow_offer.png
4411.3s [10月5日（週日） 下午 4:11]   click "OK"
4411.9s [10月5日（週日） 下午 4:11]   (harness) wait 2 h
4412.7s [10月5日（週日） 下午 6:12]   (harness) wait 2 h
4423.9s [10月5日（週日） 下午 8:29]   use "Sleep"
4424.5s [10月5日（週日） 下午 8:29]   click [Sleep] Sleep until 7:00 AM
4437.0s [10月6日（週一） 上午 7:16]   use "Packing table"
4437.6s [10月6日（週一） 上午 7:17]   click [Pack] 打包 2 筆訂單（16 分鐘）
4438.6s [10月6日（週一） 上午 7:35]   click [CourierEconomy] 快遞 · 經濟 3 天（$13.04）
4439.9s [10月6日（週一） 上午 7:37]   (harness) wait 2 h
4440.6s [10月6日（週一） 上午 9:38]   (harness) wait 2 h
4447.6s [10月6日（週一） 上午 11:48]   use "Packing table"
4448.3s [10月6日（週一） 上午 11:49]   click [Pack] 打包 1 筆訂單（8 分鐘）
4449.2s [10月6日（週一） 上午 11:59]   click [CourierEconomy] 快遞 · 經濟 3 天（$9.52）
4453.8s [10月6日（週一） 下午 12:06]   ok  walked back outside
4472.8s [10月6日（週一） 下午 12:35]   use "捷運——河濱區站"
4473.8s [10月6日（週一） 下午 12:36]   shot 322_metro_financial.png
4473.8s [10月6日（週一） 下午 12:36]   click [Go_financial] 金融區  ·  10 分鐘
4474.9s [10月6日（週一） 下午 12:48]   ok  took the Metro to Financial District
4486.9s [10月6日（週一） 下午 1:06]   ok  entered Nexus Bank
4494.8s [10月6日（週一） 下午 1:18]   use "和 Lina Zhao 說話"
4495.7s [10月6日（週一） 下午 1:18]   shot 323_lina_rails.png
4509.4s [10月6日（週一） 下午 1:37]   ok  opened an escrow account
4509.4s [10月6日（週一） 下午 1:37] STEP Chapter 10 — an import paid through escrow
4512.5s [10月6日（週一） 下午 1:43]   ok  walked back outside
4522.6s [10月6日（週一） 下午 1:58]   use "捷運——金融區站"
4523.6s [10月6日（週一） 下午 1:59]   shot 324_metro_riverside.png
4523.6s [10月6日（週一） 下午 1:59]   click [Go_riverside] 河濱區  ·  10 分鐘
4524.7s [10月6日（週一） 下午 2:11]   ok  took the Metro to Riverside
4539.2s [10月6日（週一） 下午 2:33]   ok  entered Riverside Tower
4541.5s [10月6日（週一） 下午 2:36]   use "Use laptop — Company OS"
4542.1s [10月6日（週一） 下午 2:37]   click [Tab_operations] Operations
4542.8s [10月6日（週一） 下午 2:38]   click [Buy_lumina_direct_phone_stand] 購買 $872.00
4543.7s [10月6日（週一） 下午 2:39]   shot 325_settlement_escrow.png
4543.7s [10月6日（週一） 下午 2:39]   click [Settle_escrow] Pay this way
4544.4s [10月6日（週一） 下午 4:51]   click [Tab_finance] Finance
4544.7s [10月6日（週一） 下午 4:51]   click [Tab_operations] Operations
4550.0s [10月6日（週一） 下午 4:59]   shot 326_operations_escrow_order.png
4550.4s [10月6日（週一） 下午 4:59]   ok  import ordered through escrow
4550.4s [10月6日（週一） 下午 5:00]   toast: Riverlight Goods 咖啡 今天沒開門：吧台沒人顧。去僱一位咖啡師（人員分頁），或自己站吧台。
4550.7s [10月6日（週一） 下午 5:00]   use "Use laptop — Company OS"
4551.3s [10月6日（週一） 下午 5:01]   click [Tab_finance] Finance
4552.1s [10月6日（週一） 下午 5:02]   shot 327_finance_held_in_escrow.png
4560.9s [10月6日（週一） 下午 7:12]   use "Sleep"
4561.5s [10月6日（週一） 下午 7:12]   click [Sleep] Sleep until 7:00 AM
4563.7s [10月7日（週二） 下午 5:00]   toast: Riverlight Goods 咖啡 今天沒開門：吧台沒人顧。去僱一位咖啡師（人員分頁），或自己站吧台。
4570.1s [10月7日（週二） 下午 7:09]   use "Sleep"
4570.7s [10月7日（週二） 下午 7:09]   click [Sleep] Sleep until 7:00 AM
4583.2s [10月8日（週三） 上午 7:16]   use "Packing table"
4583.9s [10月8日（週三） 上午 7:17]   click [Pack] 打包 2 筆訂單（16 分鐘）
4584.8s [10月8日（週三） 上午 7:35]   click [CourierEconomy] 快遞 · 經濟 3 天（$13.04）
4586.1s [10月8日（週三） 下午 5:00]   toast: Riverlight Goods 咖啡 今天沒開門：吧台沒人顧。去僱一位咖啡師（人員分頁），或自己站吧台。
4596.5s [10月8日（週三） 下午 7:16]   use "Sleep"
4597.1s [10月8日（週三） 下午 7:16]   click [Sleep] Sleep until 7:00 AM
4609.6s [10月9日（週四） 上午 7:16]   use "Packing table"
4610.3s [10月9日（週四） 上午 7:17]   click [Pack] 打包 2 筆訂單（16 分鐘）
4611.2s [10月9日（週四） 上午 7:35]   click [CourierEconomy] 快遞 · 經濟 3 天（$14.42）
4612.5s [10月9日（週四） 下午 5:00]   toast: Riverlight Goods 咖啡 今天沒開門：吧台沒人顧。去僱一位咖啡師（人員分頁），或自己站吧台。
4622.9s [10月9日（週四） 下午 7:15]   use "Sleep"
4623.5s [10月9日（週四） 下午 7:15]   click [Sleep] Sleep until 7:00 AM
4625.7s [10月10日（週五） 下午 5:00]   toast: Riverlight Goods 咖啡 今天沒開門：吧台沒人顧。去僱一位咖啡師（人員分頁），或自己站吧台。
4632.1s [10月10日（週五） 下午 7:09]   use "Sleep"
4632.7s [10月10日（週五） 下午 7:09]   click [Sleep] Sleep until 7:00 AM
4645.2s [10月11日（週六） 上午 7:16]   use "Packing table"
4645.9s [10月11日（週六） 上午 7:17]   click [Pack] 打包 7 筆訂單（56 分鐘）
4646.8s [10月11日（週六） 上午 8:15]   click [CourierEconomy] 快遞 · 經濟 3 天（$37.80）
4648.1s [10月11日（週六） 下午 5:00]   toast: Riverlight Goods 咖啡 今天沒開門：吧台沒人顧。去僱一位咖啡師（人員分頁），或自己站吧台。
4658.5s [10月11日（週六） 下午 7:15]   use "Sleep"
4659.1s [10月11日（週六） 下午 7:15]   click [Sleep] Sleep until 7:00 AM
4671.6s [10月12日（週日） 上午 7:16]   use "Packing table"
4672.3s [10月12日（週日） 上午 7:17]   click [Pack] 打包 2 筆訂單（16 分鐘）
4673.2s [10月12日（週日） 上午 7:35]   click [CourierEconomy] 快遞 · 經濟 3 天（$15.80）
4674.6s [10月12日（週日） 下午 7:00]   shot 328_decision_supplier_price_increase.png
4674.6s [10月12日（週日） 下午 7:00]   decision supplier_price_increase → accept
4674.6s [10月12日（週日） 下午 7:00]   click [Choice_accept] 好。繼續跟你進貨。
4676.0s [10月12日（週日） 下午 7:00]   shot 329_decision_outcome_supplier_price_increase.png
4676.0s [10月12日（週日） 下午 7:00]   click "OK"
4687.1s [10月12日（週日） 下午 7:16]   use "Sleep"
4687.7s [10月12日（週日） 下午 7:16]   click [Sleep] Sleep until 7:00 AM
4700.1s [10月13日（週一） 上午 7:16]   use "Packing table"
4700.8s [10月13日（週一） 上午 7:17]   click [Pack] 打包 2 筆訂單（16 分鐘）
4701.8s [10月13日（週一） 上午 7:35]   click [CourierEconomy] 快遞 · 經濟 3 天（$16.62）
4703.1s [10月13日（週一） 下午 5:00]   toast: Riverlight Goods 咖啡 今天沒開門：吧台沒人顧。去僱一位咖啡師（人員分頁），或自己站吧台。
4713.5s [10月13日（週一） 下午 7:15]   use "Sleep"
4714.1s [10月13日（週一） 下午 7:15]   click [Sleep] Sleep until 7:00 AM
4726.5s [10月14日（週二） 上午 7:16]   use "Packing table"
4727.2s [10月14日（週二） 上午 7:17]   click [Pack] 打包 2 筆訂單（16 分鐘）
4728.1s [10月14日（週二） 上午 7:35]   click [CourierEconomy] 快遞 · 經濟 3 天（$13.04）
4729.5s [10月14日（週二） 下午 5:00]   toast: Riverlight Goods 咖啡 今天沒開門：吧台沒人顧。去僱一位咖啡師（人員分頁），或自己站吧台。
4739.8s [10月14日（週二） 下午 7:16]   use "Sleep"
4740.4s [10月14日（週二） 下午 7:16]   click [Sleep] Sleep until 7:00 AM
4752.9s [10月15日（週三） 上午 7:16]   use "Packing table"
4753.6s [10月15日（週三） 上午 7:17]   click [Pack] 打包 4 筆訂單（32 分鐘）
4754.5s [10月15日（週三） 上午 7:51]   click [CourierEconomy] 快遞 · 經濟 3 天（$27.24）
4755.8s [10月15日（週三） 下午 5:00]   toast: Riverlight Goods 咖啡 今天沒開門：吧台沒人顧。去僱一位咖啡師（人員分頁），或自己站吧台。
4766.2s [10月15日（週三） 下午 7:16]   use "Sleep"
4766.8s [10月15日（週三） 下午 7:16]   click [Sleep] Sleep until 7:00 AM
4779.2s [10月16日（週四） 上午 7:16]   use "Packing table"
4779.9s [10月16日（週四） 上午 7:17]   click [Pack] 打包 1 筆訂單（8 分鐘）
4780.9s [10月16日（週四） 上午 7:27]   click [CourierEconomy] 快遞 · 經濟 3 天（$9.52）
4782.2s [10月16日（週四） 下午 5:00]   toast: Riverlight Goods 咖啡 今天沒開門：吧台沒人顧。去僱一位咖啡師（人員分頁），或自己站吧台。
4792.6s [10月16日（週四） 下午 7:15]   use "Sleep"
4793.2s [10月16日（週四） 下午 7:15]   click [Sleep] Sleep until 7:00 AM
4805.6s [10月17日（週五） 上午 7:16]   use "Packing table"
4806.3s [10月17日（週五） 上午 7:17]   click [Pack] 打包 2 筆訂單（16 分鐘）
4807.3s [10月17日（週五） 上午 7:35]   click [CourierEconomy] 快遞 · 經濟 3 天（$13.04）
4808.6s [10月17日（週五） 下午 5:00]   toast: Riverlight Goods 咖啡 今天沒開門：吧台沒人顧。去僱一位咖啡師（人員分頁），或自己站吧台。
4819.0s [10月17日（週五） 下午 7:15]   use "Sleep"
4819.6s [10月17日（週五） 下午 7:15]   click [Sleep] Sleep until 7:00 AM
4821.7s [10月18日（週六） 下午 5:00]   toast: Riverlight Goods 咖啡 今天沒開門：吧台沒人顧。去僱一位咖啡師（人員分頁），或自己站吧台。
4828.2s [10月18日（週六） 下午 7:09]   use "Sleep"
4828.8s [10月18日（週六） 下午 7:09]   click [Sleep] Sleep until 7:00 AM
4830.7s [10月19日（週日） 上午 7:00]   shot 330_decision_customer_return.png
4830.7s [10月19日（週日） 上午 7:00]   decision customer_return → replace
4830.8s [10月19日（週日） 上午 7:00]   click [Choice_replace] 寄一個新的
4832.2s [10月19日（週日） 上午 7:00]   shot 331_decision_outcome_customer_return.png
4832.2s [10月19日（週日） 上午 7:00]   click "OK"
4843.2s [10月19日（週日） 上午 7:16]   use "Packing table"
4843.9s [10月19日（週日） 上午 7:17]   click [Pack] 打包 1 筆訂單（8 分鐘）
4844.8s [10月19日（週日） 上午 7:26]   click [CourierEconomy] 快遞 · 經濟 3 天（$9.36）
4846.1s [10月19日（週日） 上午 7:28]   ok  escrow released to the supplier on arrival
4846.1s [10月19日（週日） 上午 7:28]   ok  Chapter 10 complete
4846.1s [10月19日（週日） 上午 7:28] STEP Chapter 11 — the bridge exploit
4846.1s [10月19日（週日） 上午 7:28]   ok  Year 7: the Bridge Exploit
4849.4s [10月19日（週日） 上午 7:34]   ok  walked back outside
4854.3s [10月19日（週日） 上午 7:42]   ok  entered Bloom Coffee
4857.0s [10月19日（週日） 上午 7:46]   use "Read the news board"
4857.8s [10月19日（週日） 上午 7:51]   shot 332_news_bridge_before.png
4857.8s [10月19日（週日） 上午 7:51]   info card: News board
4857.8s [10月19日（週日） 上午 7:51]   shot 333_info_news_board.png
4857.8s [10月19日（週日） 上午 7:51]   click "Close"
4858.3s [10月19日（週日） 上午 7:51]   ok  read the news (bridge_before)
4862.5s [10月19日（週日） 上午 7:58]   ok  walked back outside
4867.1s [10月19日（週日） 上午 8:05]   ok  entered Riverside Tower
4869.4s [10月19日（週日） 上午 8:09]   use "Use laptop — Company OS"
4869.9s [10月19日（週日） 上午 8:10]   click [Tab_operations] Operations
4870.7s [10月19日（週日） 上午 8:11]   click [Buy_lumina_direct_phone_stand] 購買 $864.00
4871.6s [10月19日（週日） 上午 8:12]   shot 334_settlement_before_exploit.png
4871.6s [10月19日（週日） 上午 8:12]   click [Settle_escrow] Pay this way
4872.8s [10月19日（週日） 上午 8:14]   ok  restock ordered through escrow (cash $79,055)
4884.6s [10月19日（週日） 上午 8:32]   toast: 快訊：數位美元跨鏈橋遭駭。轉帳凍結，預計 10月25日 上午 8:32 前後恢復。
4886.5s [10月19日（週日） 上午 8:34]   ok  the bridge is frozen with our payment crossing it
4887.2s [10月19日（週日） 上午 8:34]   ok  the '!' badge for frozen_funds pins its card
4887.3s [10月19日（週日） 上午 8:34]   shot 335_badge_frozen_pinned.png
4887.5s [10月19日（週日） 上午 8:34]   shot 336_decision_rail_frozen.png
4887.5s [10月19日（週日） 上午 8:34]   decision rail_frozen → reroute
4887.5s [10月19日（週日） 上午 8:34]   click [Choice_reroute] 改用電匯重新付款（$898）
4888.9s [10月19日（週日） 上午 8:34]   shot 337_decision_outcome_rail_frozen.png
4888.9s [10月19日（週日） 上午 8:34]   click "OK"
4889.5s [10月19日（週日） 上午 8:34]   ok  paid again by wire
4889.7s [10月19日（週日） 上午 8:35]   use "Use laptop — Company OS"
4890.3s [10月19日（週日） 上午 8:36]   click [Tab_finance] Finance
4891.2s [10月19日（週日） 上午 8:37]   shot 338_finance_frozen_funds.png
4891.2s [10月19日（週日） 上午 8:37]   click [Tab_operations] Operations
4896.8s [10月19日（週日） 上午 8:45]   shot 339_operations_frozen_order.png
4900.9s [10月19日（週日） 上午 8:52]   ok  walked back outside
4905.8s [10月19日（週日） 上午 9:00]   ok  entered Bloom Coffee
4908.5s [10月19日（週日） 上午 9:04]   use "Read the news board"
4909.3s [10月19日（週日） 上午 9:09]   shot 340_news_bridge_frozen.png
4909.3s [10月19日（週日） 上午 9:09]   info card: News board
4909.3s [10月19日（週日） 上午 9:09]   shot 341_info_news_board.png
4909.3s [10月19日（週日） 上午 9:09]   click "Close"
4909.8s [10月19日（週日） 上午 9:09]   ok  read the news (bridge_frozen)
4914.0s [10月19日（週日） 上午 9:16]   ok  walked back outside
4918.6s [10月19日（週日） 上午 9:23]   ok  entered Riverside Tower
4921.6s [10月19日（週日） 下午 7:05]   use "Sleep"
4922.2s [10月19日（週日） 下午 7:05]   click [Sleep] Sleep until 7:00 AM
4934.8s [10月20日（週一） 上午 7:16]   use "Packing table"
4935.5s [10月20日（週一） 上午 7:17]   click [Pack] 打包 2 筆訂單（16 分鐘）
4936.5s [10月20日（週一） 上午 7:35]   click [CourierEconomy] 快遞 · 經濟 3 天（$12.72）
4937.8s [10月20日（週一） 下午 5:00]   toast: Riverlight Goods 咖啡 今天沒開門：吧台沒人顧。去僱一位咖啡師（人員分頁），或自己站吧台。
4948.2s [10月20日（週一） 下午 7:15]   use "Sleep"
4948.8s [10月20日（週一） 下午 7:15]   click [Sleep] Sleep until 7:00 AM
4961.2s [10月21日（週二） 上午 7:16]   use "Packing table"
4961.9s [10月21日（週二） 上午 7:17]   click [Pack] 打包 3 筆訂單（24 分鐘）
4962.9s [10月21日（週二） 上午 7:43]   click [CourierEconomy] 快遞 · 經濟 3 天（$16.08）
4964.2s [10月21日（週二） 下午 5:00]   toast: Riverlight Goods 咖啡 今天沒開門：吧台沒人顧。去僱一位咖啡師（人員分頁），或自己站吧台。
4974.5s [10月21日（週二） 下午 7:16]   use "Sleep"
4975.1s [10月21日（週二） 下午 7:16]   click [Sleep] Sleep until 7:00 AM
4977.3s [10月22日（週三） 下午 5:00]   toast: Riverlight Goods 咖啡 今天沒開門：吧台沒人顧。去僱一位咖啡師（人員分頁），或自己站吧台。
4983.7s [10月22日（週三） 下午 7:09]   use "Sleep"
4984.3s [10月22日（週三） 下午 7:09]   click [Sleep] Sleep until 7:00 AM
4986.4s [10月23日（週四） 下午 5:00]   toast: Riverlight Goods 咖啡 今天沒開門：吧台沒人顧。去僱一位咖啡師（人員分頁），或自己站吧台。
4992.8s [10月23日（週四） 下午 7:09]   use "Sleep"
4993.4s [10月23日（週四） 下午 7:09]   click [Sleep] Sleep until 7:00 AM
4995.6s [10月24日（週五） 下午 5:00]   toast: Riverlight Goods 咖啡 今天沒開門：吧台沒人顧。去僱一位咖啡師（人員分頁），或自己站吧台。
4995.8s [10月24日（週五） 下午 7:00]   use "Sleep"
4996.4s [10月24日（週五） 下午 7:00]   click [Sleep] Sleep until 7:00 AM
4998.5s [10月25日（週六） 下午 5:00]   toast: Riverlight Goods 咖啡 今天沒開門：吧台沒人顧。去僱一位咖啡師（人員分頁），或自己站吧台。
4998.7s [10月25日（週六） 下午 7:00]   use "Sleep"
4999.3s [10月25日（週六） 下午 7:00]   click [Sleep] Sleep until 7:00 AM
5001.6s [10月26日（週日） 下午 7:00]   use "Sleep"
5002.2s [10月26日（週日） 下午 7:00]   click [Sleep] Sleep until 7:00 AM
5004.3s [10月27日（週一） 下午 5:00]   toast: Riverlight Goods 咖啡 今天沒開門：吧台沒人顧。去僱一位咖啡師（人員分頁），或自己站吧台。
5004.5s [10月27日（週一） 下午 7:00]   use "Sleep"
5005.1s [10月27日（週一） 下午 7:00]   click [Sleep] Sleep until 7:00 AM
5007.2s [10月28日（週二） 下午 5:00]   toast: Riverlight Goods 咖啡 今天沒開門：吧台沒人顧。去僱一位咖啡師（人員分頁），或自己站吧台。
5007.4s [10月28日（週二） 下午 7:00]   use "Sleep"
5008.0s [10月28日（週二） 下午 7:00]   click [Sleep] Sleep until 7:00 AM
5010.1s [10月29日（週三） 下午 5:00]   toast: Riverlight Goods 咖啡 今天沒開門：吧台沒人顧。去僱一位咖啡師（人員分頁），或自己站吧台。
5010.3s [10月29日（週三） 下午 7:00]   use "Sleep"
5010.9s [10月29日（週三） 下午 7:00]   click [Sleep] Sleep until 7:00 AM
5013.0s [10月30日（週四） 下午 5:00]   toast: Riverlight Goods 咖啡 今天沒開門：吧台沒人顧。去僱一位咖啡師（人員分頁），或自己站吧台。
5013.3s [10月30日（週四） 下午 7:00]   use "Sleep"
5013.9s [10月30日（週四） 下午 7:00]   click [Sleep] Sleep until 7:00 AM
5016.0s [10月31日（週五） 下午 5:00]   toast: Riverlight Goods 咖啡 今天沒開門：吧台沒人顧。去僱一位咖啡師（人員分頁），或自己站吧台。
5022.7s [10月31日（週五） 下午 7:10]   use "Sleep"
5023.3s [10月31日（週五） 下午 7:10]   click [Sleep] Sleep until 7:00 AM
5026.9s [11月1日（週六） 上午 7:00]   shot 342_month_close_report.png
5026.9s [11月1日（週六） 上午 7:00]   click [month close] Continue
5027.6s [11月1日（週六） 下午 5:00]   toast: Riverlight Goods 咖啡 今天沒開門：吧台沒人顧。去僱一位咖啡師（人員分頁），或自己站吧台。
5027.8s [11月1日（週六） 下午 7:01]   use "Sleep"
5028.4s [11月1日（週六） 下午 7:01]   click [Sleep] Sleep until 7:00 AM
5030.7s [11月2日（週日） 下午 7:00]   use "Sleep"
5031.3s [11月2日（週日） 下午 7:00]   click [Sleep] Sleep until 7:00 AM
5033.4s [11月3日（週一） 下午 5:00]   toast: Riverlight Goods 咖啡 今天沒開門：吧台沒人顧。去僱一位咖啡師（人員分頁），或自己站吧台。
5033.8s [11月3日（週一） 下午 7:00]   shot 343_decision_supplier_price_increase.png
5033.8s [11月3日（週一） 下午 7:00]   decision supplier_price_increase → accept
5033.8s [11月3日（週一） 下午 7:00]   click [Choice_accept] 好。繼續跟你進貨。
5035.5s [11月3日（週一） 下午 7:00]   shot 344_decision_outcome_supplier_price_increase.png
5035.5s [11月3日（週一） 下午 7:00]   click "OK"
5036.2s [11月3日（週一） 下午 7:00]   use "Sleep"
5036.8s [11月3日（週一） 下午 7:00]   click [Sleep] Sleep until 7:00 AM
5038.9s [11月4日（週二） 上午 7:01]   ok  the bridge reopened
5038.9s [11月4日（週二） 上午 7:01]   ok  frozen funds settled
5038.9s [11月4日（週二） 上午 7:01]   ok  Chapter 11 complete: through the freeze and restocked
5038.9s [11月4日（週二） 上午 7:01] STEP Chapter 12 — the regulation wave: the import licence
5038.9s [11月4日（週二） 上午 7:01]   ok  Year 8: the Regulation Wave
5043.7s [11月4日（週二） 上午 7:09]   ok  walked back outside
5048.5s [11月4日（週二） 上午 7:16]   ok  entered Bloom Coffee
5051.3s [11月4日（週二） 上午 7:20]   use "Read the news board"
5052.0s [11月4日（週二） 上午 7:25]   shot 345_news_regulation.png
5052.0s [11月4日（週二） 上午 7:25]   info card: News board
5052.1s [11月4日（週二） 上午 7:25]   shot 346_info_news_board.png
5052.1s [11月4日（週二） 上午 7:25]   click "Close"
5052.6s [11月4日（週二） 上午 7:25]   ok  read the news (regulation)
5056.8s [11月4日（週二） 上午 7:32]   ok  walked back outside
5061.4s [11月4日（週二） 上午 7:39]   ok  entered Riverside Tower
5061.4s [11月4日（週二） 上午 7:39]   (harness) wait 2 h
5063.7s [11月4日（週二） 上午 9:44]   ok  walked back outside
5082.8s [11月4日（週二） 上午 10:12]   use "捷運——河濱區站"
5083.8s [11月4日（週二） 上午 10:14]   shot 347_metro_civic_center.png
5083.8s [11月4日（週二） 上午 10:14]   click [Go_civic_center] 市政中心  ·  12 分鐘
5084.8s [11月4日（週二） 上午 10:27]   ok  took the Metro to Civic Center
5095.9s [11月4日（週二） 上午 10:44]   ok  entered Aurelia City Hall
5098.8s [11月4日（週二） 上午 10:48]   use "Permits & regulations"
5099.5s [11月4日（週二） 上午 10:49]   shot 348_permits_import_licence.png
5100.1s [11月4日（週二） 上午 10:50]   ok  the '!' badge for company_registration pins its card
5100.2s [11月4日（週二） 上午 10:50]   shot 349_badge_licence_pinned.png
5100.3s [11月4日（週二） 上午 10:51]   click [ApplyImportLicence] 申請（$450）
5101.1s [11月4日（週二） 上午 11:12]   shot 350_permits_licence_processing.png
5101.5s [11月4日（週二） 上午 11:12]   ok  import licence applied for
5105.8s [11月4日（週二） 上午 11:20]   ok  walked back outside
5115.0s [11月4日（週二） 上午 11:34]   use "捷運——市政中心站"
5116.0s [11月4日（週二） 上午 11:35]   shot 351_metro_riverside.png
5116.0s [11月4日（週二） 上午 11:35]   click [Go_riverside] 河濱區  ·  12 分鐘
5117.0s [11月4日（週二） 上午 11:49]   ok  took the Metro to Riverside
5131.6s [11月4日（週二） 下午 12:11]   ok  entered Riverside Tower
5131.6s [11月4日（週二） 下午 5:00]   toast: Riverlight Goods 咖啡 今天沒開門：吧台沒人顧。去僱一位咖啡師（人員分頁），或自己站吧台。
5134.6s [11月4日（週二） 下午 7:04]   use "Sleep"
5135.2s [11月4日（週二） 下午 7:04]   click [Sleep] Sleep until 7:00 AM
5137.4s [11月5日（週三） 下午 5:00]   toast: Riverlight Goods 咖啡 今天沒開門：吧台沒人顧。去僱一位咖啡師（人員分頁），或自己站吧台。
5137.6s [11月5日（週三） 下午 7:00]   use "Sleep"
5138.2s [11月5日（週三） 下午 7:00]   click [Sleep] Sleep until 7:00 AM
5140.3s [11月6日（週四） 下午 5:00]   toast: Riverlight Goods 咖啡 今天沒開門：吧台沒人顧。去僱一位咖啡師（人員分頁），或自己站吧台。
5140.5s [11月6日（週四） 下午 7:00]   use "Sleep"
5141.1s [11月6日（週四） 下午 7:00]   click [Sleep] Sleep until 7:00 AM
5143.2s [11月7日（週五） 上午 7:01]   ok  import licence granted
5143.2s [11月7日（週五） 上午 7:01] STEP Chapter 12 — a large import goes through KYC
5145.3s [11月7日（週五） 上午 7:04]   use "Use laptop — Company OS"
5145.9s [11月7日（週五） 上午 7:05]   click [Tab_operations] Operations
5146.7s [11月7日（週五） 上午 7:06]   click [DeliverTo_riverside_studio] 河濱大樓 7C
5147.4s [11月7日（週五） 上午 7:07]   click [Buy_lumina_direct_wireless_earbuds] 購買 $2,706.00
5148.2s [11月7日（週五） 上午 7:08]   shot 352_settlement_kyc.png
5148.2s [11月7日（週五） 上午 7:08]   click [Settle_letter_of_credit] Pay this way
5149.4s [11月7日（週五） 上午 7:10]   ok  the large payment carries a KYC check
5149.5s [11月7日（週五） 下午 5:00]   toast: Riverlight Goods 咖啡 今天沒開門：吧台沒人顧。去僱一位咖啡師（人員分頁），或自己站吧台。
5157.4s [11月7日（週五） 下午 7:12]   use "Sleep"
5158.0s [11月7日（週五） 下午 7:12]   click [Sleep] Sleep until 7:00 AM
5160.1s [11月8日（週六） 下午 5:00]   toast: Riverlight Goods 咖啡 今天沒開門：吧台沒人顧。去僱一位咖啡師（人員分頁），或自己站吧台。
5166.6s [11月8日（週六） 下午 7:09]   use "Sleep"
5167.2s [11月8日（週六） 下午 7:09]   click [Sleep] Sleep until 7:00 AM
5169.5s [11月9日（週日） 下午 7:00]   use "Sleep"
5170.1s [11月9日（週日） 下午 7:00]   click [Sleep] Sleep until 7:00 AM
5172.3s [11月10日（週一） 下午 5:00]   toast: Riverlight Goods 咖啡 今天沒開門：吧台沒人顧。去僱一位咖啡師（人員分頁），或自己站吧台。
5172.5s [11月10日（週一） 下午 7:00]   use "Sleep"
5173.1s [11月10日（週一） 下午 7:00]   click [Sleep] Sleep until 7:00 AM
5175.2s [11月11日（週二） 上午 7:01]   ok  KYC cleared
5177.1s [11月11日（週二） 上午 7:03]   use "Use laptop — Company OS"
5177.7s [11月11日（週二） 上午 7:04]   click [Tab_finance] Finance
5178.5s [11月11日（週二） 上午 7:05]   shot 353_finance_compliance_cost.png
5178.9s [11月11日（週二） 上午 7:06] STEP Chapter 12 — Victor Hale's offer
5179.0s [11月11日（週二） 上午 7:06]   (harness) wait 2 h
5179.7s [11月11日（週二） 上午 9:07]   (harness) wait 2 h
5184.3s [11月11日（週二） 上午 11:15]   ok  walked back outside
5203.3s [11月11日（週二） 上午 11:44]   use "捷運——河濱區站"
5204.3s [11月11日（週二） 上午 11:45]   shot 354_metro_shopping_street.png
5204.3s [11月11日（週二） 上午 11:45]   click [Go_shopping_street] 購物街  ·  15 分鐘
5205.6s [11月11日（週二） 下午 12:02]   ok  took the Metro to Shopping Street
5219.6s [11月11日（週二） 下午 12:22]   ok  entered Crestline Flagship
5220.5s [11月11日（週二） 下午 12:24]   use "和 Victor Hale 說話"
5221.3s [11月11日（週二） 下午 12:24]   shot 355_victor_offer.png
5229.0s [11月11日（週二） 下午 12:26]   ok  the '!' badge for valuation pins its card
5229.0s [11月11日（週二） 下午 12:26]   shot 356_badge_valuation_pinned.png
5229.2s [11月11日（週二） 下午 12:26]   shot 357_decision_acquisition_offer.png
5229.2s [11月11日（週二） 下午 12:26]   decision acquisition_offer → counter
5229.2s [11月11日（週二） 下午 12:26]   click [Choice_counter] 還價：開價 $113,146
5231.0s [11月11日（週二） 下午 12:26]   shot 358_decision_outcome_acquisition_offer.png
5231.0s [11月11日（週二） 下午 12:26]   click "OK"
5231.6s [11月11日（週二） 下午 12:26]   ok  countered Hale Group's offer
5232.9s [11月11日（週二） 下午 12:28]   shot 359_ending_card.png
5235.8s [11月11日（週二） 下午 12:33]   ok  Chapter 12 complete
5235.8s [11月11日（週二） 下午 12:33]   ok  the main story is complete
5235.8s [11月11日（週二） 下午 12:33]   ok  season two continues after Chapter 12
5235.8s [11月11日（週二） 下午 12:33]   ok  ledger balanced after chapters 10–12
5238.1s [11月11日（週二） 下午 12:37]   ok  walked back outside
5250.1s [11月11日（週二） 下午 12:55]   use "捷運——購物街站"
5251.1s [11月11日（週二） 下午 12:56]   shot 360_metro_riverside.png
5251.1s [11月11日（週二） 下午 12:56]   click [Go_riverside] 河濱區  ·  15 分鐘
5252.2s [11月11日（週二） 下午 1:13]   ok  took the Metro to Riverside
5266.7s [11月11日（週二） 下午 1:35]   ok  entered Riverside Tower
5274.8s [11月11日（週二） 下午 1:47] STEP Chapter 13 — Year 9 news and Marcus's international banking explanation
5276.4s [11月11日（週二） 下午 1:50]   ok  walked back outside
5281.2s [11月11日（週二） 下午 1:58]   ok  entered Bloom Coffee
5284.0s [11月11日（週二） 下午 2:02]   use "Read the news board"
5284.9s [11月11日（週二） 下午 2:07]   shot 361_news_global_markets.png
5284.9s [11月11日（週二） 下午 2:07]   info card: News board
5284.9s [11月11日（週二） 下午 2:07]   shot 362_info_news_board.png
5284.9s [11月11日（週二） 下午 2:07]   click "Close"
5285.4s [11月11日（週二） 下午 2:07]   ok  read the news (global_markets)
5289.6s [11月11日（週二） 下午 2:14]   ok  walked back outside
5294.2s [11月11日（週二） 下午 2:21]   ok  entered Riverside Tower
5295.8s [11月11日（週二） 下午 2:25]   ok  walked back outside
5314.8s [11月11日（週二） 下午 2:53]   use "捷運——河濱區站"
5315.9s [11月11日（週二） 下午 2:55]   shot 363_metro_financial.png
5315.9s [11月11日（週二） 下午 2:55]   click [Go_financial] 金融區  ·  10 分鐘
5317.0s [11月11日（週二） 下午 3:06]   ok  took the Metro to Financial District
5328.9s [11月11日（週二） 下午 3:24]   ok  entered Nexus Bank
5331.7s [11月11日（週二） 下午 3:28]   use "和 Marcus Reed 說話"
5333.7s [11月11日（週二） 下午 3:28]   choose "› 我會在每週撥款後換匯。"
5335.4s [11月11日（週二） 下午 3:29]   click [OpenInternationalAccount] 開立國際帳戶（$150.00）
5335.7s [11月11日（週二） 下午 3:59]   shot 364_ch13_international_account.png
5344.7s [11月11日（週二） 下午 4:13]   ok  walked back outside
5354.8s [11月11日（週二） 下午 4:29]   use "捷運——金融區站"
5355.8s [11月11日（週二） 下午 4:30]   shot 365_metro_riverside.png
5355.8s [11月11日（週二） 下午 4:30]   click [Go_riverside] 河濱區  ·  10 分鐘
5356.9s [11月11日（週二） 下午 4:42]   ok  took the Metro to Riverside
5368.8s [11月11日（週二） 下午 5:00]   toast: Riverlight Goods 咖啡 今天沒開門：吧台沒人顧。去僱一位咖啡師（人員分頁），或自己站吧台。
5371.4s [11月11日（週二） 下午 5:03]   ok  entered Riverside Tower
5371.4s [11月11日（週二） 下午 5:03] STEP Chapter 13 — Northridge price and first export
5373.7s [11月11日（週二） 下午 5:07]   use "Use laptop — Company OS"
5374.4s [11月11日（週二） 下午 5:08]   click [Tab_sales] Ecommerce
5375.1s [11月11日（週二） 下午 5:09]   click [SalesPage_overseas] Overseas
5375.3s [11月11日（週二） 下午 5:09]   click [OpenGlobalStore_northridge] Open storefront
5376.3s [11月11日（週二） 下午 5:11]   use "Use laptop — Company OS"
5377.0s [11月11日（週二） 下午 5:12]   click [Tab_operations] Operations
5378.5s [11月11日（週二） 下午 5:14]   click [DeliverTo_riverside_studio] 河濱大樓 7C
5379.8s [11月11日（週二） 下午 5:16]   click [Buy_tradelink_wholesale_desk_lamp] 購買 $469.20
5389.4s [11月11日（週二） 下午 7:12]   use "Sleep"
5390.0s [11月11日（週二） 下午 7:12]   click [Sleep] Sleep until 7:00 AM
5394.1s [11月12日（週三） 下午 5:00]   toast: Riverlight Goods 咖啡 今天沒開門：吧台沒人顧。去僱一位咖啡師（人員分頁），或自己站吧台。
5400.9s [11月12日（週三） 下午 7:09]   use "Sleep"
5401.5s [11月12日（週三） 下午 7:09]   click [Sleep] Sleep until 7:00 AM
5405.7s [11月13日（週四） 下午 5:00]   toast: Riverlight Goods 咖啡 今天沒開門：吧台沒人顧。去僱一位咖啡師（人員分頁），或自己站吧台。
5406.2s [11月13日（週四） 下午 7:00]   use "Sleep"
5406.8s [11月13日（週四） 下午 7:00]   click [Sleep] Sleep until 7:00 AM
5410.0s [11月14日（週五） 上午 7:01]   ok  real purchase supplies upcoming export or distributor shipment
5411.9s [11月14日（週五） 上午 7:03]   use "Use laptop — Company OS"
5412.6s [11月14日（週五） 上午 7:04]   click [Tab_sales] Ecommerce
5414.1s [11月14日（週五） 上午 7:07]   click [SalesPage_overseas] Overseas
5415.6s [11月14日（週五） 上午 7:09]   click [SaveGlobalPrice_L4] Save local price
5416.4s [11月14日（週五） 上午 7:10]   ok  selected export listing really has a saved price
5416.5s [11月14日（週五） 上午 7:10]   shot 366_ch13_storefront.png
5417.9s [11月14日（週五） 下午 5:00]   toast: Riverlight Goods 咖啡 今天沒開門：吧台沒人顧。去僱一位咖啡師（人員分頁），或自己站吧台。
5426.0s [11月14日（週五） 下午 7:12]   use "Sleep"
5426.6s [11月14日（週五） 下午 7:12]   click [Sleep] Sleep until 7:00 AM
5440.4s [11月15日（週六） 上午 7:16]   use "Packing table"
5441.1s [11月15日（週六） 上午 7:17]   click [Pack] 打包 6 筆訂單（48 分鐘）
5442.3s [11月15日（週六） 上午 8:07]   click [CourierEconomy] 經濟快遞／國際 7–14 天（$103.14）
5444.4s [11月15日（週六） 下午 5:00]   toast: Riverlight Goods 咖啡 今天沒開門：吧台沒人顧。去僱一位咖啡師（人員分頁），或自己站吧台。
5455.1s [11月15日（週六） 下午 7:15]   use "Sleep"
5455.8s [11月15日（週六） 下午 7:15]   click [Sleep] Sleep until 7:00 AM
5469.4s [11月16日（週日） 上午 7:16]   use "Packing table"
5470.1s [11月16日（週日） 上午 7:17]   click [Pack] 打包 7 筆訂單（56 分鐘）
5471.3s [11月16日（週日） 上午 8:15]   click [CourierEconomy] 經濟快遞／國際 7–14 天（$119.75）
5483.9s [11月16日（週日） 下午 7:15]   use "Sleep"
5484.6s [11月16日（週日） 下午 7:15]   click [Sleep] Sleep until 7:00 AM
5498.2s [11月17日（週一） 上午 7:16]   use "Packing table"
5498.9s [11月17日（週一） 上午 7:17]   click [Pack] 打包 3 筆訂單（24 分鐘）
5499.9s [11月17日（週一） 上午 7:43]   click [CourierEconomy] 經濟快遞／國際 7–14 天（$64.08）
5502.1s [11月17日（週一） 下午 5:00]   toast: Riverlight Goods 咖啡 今天沒開門：吧台沒人顧。去僱一位咖啡師（人員分頁），或自己站吧台。
5512.7s [11月17日（週一） 下午 7:15]   use "Sleep"
5513.3s [11月17日（週一） 下午 7:15]   click [Sleep] Sleep until 7:00 AM
5526.9s [11月18日（週二） 上午 7:16]   use "Packing table"
5527.7s [11月18日（週二） 上午 7:17]   click [Pack] 打包 2 筆訂單（16 分鐘）
5528.7s [11月18日（週二） 上午 7:35]   click [CourierEconomy] 經濟快遞／國際 7–14 天（$44.72）
5530.9s [11月18日（週二） 下午 5:00]   toast: Riverlight Goods 咖啡 今天沒開門：吧台沒人顧。去僱一位咖啡師（人員分頁），或自己站吧台。
5541.5s [11月18日（週二） 下午 7:15]   use "Sleep"
5542.1s [11月18日（週二） 下午 7:15]   click [Sleep] Sleep until 7:00 AM
5555.7s [11月19日（週三） 上午 7:16]   use "Packing table"
5556.4s [11月19日（週三） 上午 7:17]   click [Pack] 打包 2 筆訂單（16 分鐘）
5557.4s [11月19日（週三） 上午 7:35]   click [CourierEconomy] 經濟快遞／國際 7–14 天（$33.83）
5559.6s [11月19日（週三） 下午 5:00]   toast: Riverlight Goods 咖啡 今天沒開門：吧台沒人顧。去僱一位咖啡師（人員分頁），或自己站吧台。
5570.2s [11月19日（週三） 下午 7:16]   use "Sleep"
5570.8s [11月19日（週三） 下午 7:16]   click [Sleep] Sleep until 7:00 AM
5584.4s [11月20日（週四） 上午 7:16]   use "Packing table"
5585.2s [11月20日（週四） 上午 7:17]   click [Pack] 打包 3 筆訂單（24 分鐘）
5586.1s [11月20日（週四） 上午 7:43]   click [CourierEconomy] 經濟快遞／國際 7–14 天（$39.56）
5588.3s [11月20日（週四） 下午 5:00]   toast: Riverlight Goods 咖啡 今天沒開門：吧台沒人顧。去僱一位咖啡師（人員分頁），或自己站吧台。
5599.0s [11月20日（週四） 下午 7:15]   use "Sleep"
5599.6s [11月20日（週四） 下午 7:15]   click [Sleep] Sleep until 7:00 AM
5613.2s [11月21日（週五） 上午 7:16]   use "Packing table"
5613.9s [11月21日（週五） 上午 7:17]   click [Pack] 打包 1 筆訂單（8 分鐘）
5614.9s [11月21日（週五） 上午 7:27]   click [CourierEconomy] 經濟快遞／國際 7–14 天（$25.36）
5617.0s [11月21日（週五） 下午 5:00]   toast: Riverlight Goods 咖啡 今天沒開門：吧台沒人顧。去僱一位咖啡師（人員分頁），或自己站吧台。
5627.6s [11月21日（週五） 下午 7:15]   use "Sleep"
5628.3s [11月21日（週五） 下午 7:15]   click [Sleep] Sleep until 7:00 AM
5641.9s [11月22日（週六） 上午 7:16]   use "Packing table"
5642.6s [11月22日（週六） 上午 7:17]   click [Pack] 打包 2 筆訂單（16 分鐘）
5643.5s [11月22日（週六） 上午 7:35]   click [CourierEconomy] 經濟快遞／國際 7–14 天（$32.46）
5645.8s [11月22日（週六） 下午 5:00]   toast: Riverlight Goods 咖啡 今天沒開門：吧台沒人顧。去僱一位咖啡師（人員分頁），或自己站吧台。
5656.4s [11月22日（週六） 下午 7:15]   use "Sleep"
5657.0s [11月22日（週六） 下午 7:15]   click [Sleep] Sleep until 7:00 AM
5670.6s [11月23日（週日） 上午 7:16]   use "Packing table"
5671.4s [11月23日（週日） 上午 7:17]   click [Pack] 打包 2 筆訂單（16 分鐘）
5672.3s [11月23日（週日） 上午 7:35]   click [CourierEconomy] 快遞 · 經濟 3 天（$13.04）
5674.9s [11月23日（週日） 下午 7:00]   shot 367_decision_supplier_price_increase.png
5674.9s [11月23日（週日） 下午 7:00]   decision supplier_price_increase → accept
5674.9s [11月23日（週日） 下午 7:00]   click [Choice_accept] 好。繼續跟你進貨。
5676.3s [11月23日（週日） 下午 7:00]   shot 368_decision_outcome_supplier_price_increase.png
5676.3s [11月23日（週日） 下午 7:00]   click "OK"
5687.3s [11月23日（週日） 下午 7:16]   use "Sleep"
5687.9s [11月23日（週日） 下午 7:16]   click [Sleep] Sleep until 7:00 AM
5701.6s [11月24日（週一） 上午 7:16]   use "Packing table"
5702.3s [11月24日（週一） 上午 7:17]   click [Pack] 打包 7 筆訂單（56 分鐘）
5703.4s [11月24日（週一） 上午 8:15]   click [CourierEconomy] 經濟快遞／國際 7–14 天（$97.58）
5705.6s [11月24日（週一） 下午 5:00]   toast: Riverlight Goods 咖啡 今天沒開門：吧台沒人顧。去僱一位咖啡師（人員分頁），或自己站吧台。
5716.2s [11月24日（週一） 下午 7:15]   use "Sleep"
5716.8s [11月24日（週一） 下午 7:15]   click [Sleep] Sleep until 7:00 AM
5730.6s [11月25日（週二） 上午 7:16]   use "Packing table"
5731.3s [11月25日（週二） 上午 7:17]   click [Pack] 打包 2 筆訂單（16 分鐘）
5732.3s [11月25日（週二） 上午 7:35]   click [CourierEconomy] 經濟快遞／國際 7–14 天（$32.46）
5734.5s [11月25日（週二） 下午 5:00]   toast: Riverlight Goods 咖啡 今天沒開門：吧台沒人顧。去僱一位咖啡師（人員分頁），或自己站吧台。
5745.1s [11月25日（週二） 下午 7:15]   use "Sleep"
5745.7s [11月25日（週二） 下午 7:15]   click [Sleep] Sleep until 7:00 AM
5759.4s [11月26日（週三） 上午 7:16]   use "Packing table"
5760.2s [11月26日（週三） 上午 7:17]   click [Pack] 打包 4 筆訂單（32 分鐘）
5761.1s [11月26日（週三） 上午 7:51]   click [CourierEconomy] 經濟快遞／國際 7–14 天（$40.87）
5763.3s [11月26日（週三） 下午 5:00]   toast: Riverlight Goods 咖啡 今天沒開門：吧台沒人顧。去僱一位咖啡師（人員分頁），或自己站吧台。
5773.9s [11月26日（週三） 下午 7:15]   use "Sleep"
5774.6s [11月26日（週三） 下午 7:15]   click [Sleep] Sleep until 7:00 AM
5779.0s [11月27日（週四） 下午 5:00]   toast: Riverlight Goods 咖啡 今天沒開門：吧台沒人顧。去僱一位咖啡師（人員分頁），或自己站吧台。
5785.7s [11月27日（週四） 下午 7:09]   use "Sleep"
5786.3s [11月27日（週四） 下午 7:09]   click [Sleep] Sleep until 7:00 AM
5800.0s [11月28日（週五） 上午 7:16]   use "Packing table"
5800.8s [11月28日（週五） 上午 7:17]   click [Pack] 打包 2 筆訂單（16 分鐘）
5801.7s [11月28日（週五） 上午 7:35]   click [CourierEconomy] 快遞 · 經濟 3 天（$13.04）
5804.0s [11月28日（週五） 下午 5:00]   toast: Riverlight Goods 咖啡 今天沒開門：吧台沒人顧。去僱一位咖啡師（人員分頁），或自己站吧台。
5814.6s [11月28日（週五） 下午 7:15]   use "Sleep"
5815.2s [11月28日（週五） 下午 7:15]   click [Sleep] Sleep until 7:00 AM
5828.9s [11月29日（週六） 上午 7:16]   use "Packing table"
5829.6s [11月29日（週六） 上午 7:17]   click [Pack] 打包 1 筆訂單（8 分鐘）
5830.6s [11月29日（週六） 上午 7:27]   click [CourierEconomy] 快遞 · 經濟 3 天（$9.52）
5832.8s [11月29日（週六） 下午 5:00]   toast: Riverlight Goods 咖啡 今天沒開門：吧台沒人顧。去僱一位咖啡師（人員分頁），或自己站吧台。
5843.4s [11月29日（週六） 下午 7:15]   use "Sleep"
5844.1s [11月29日（週六） 下午 7:15]   click [Sleep] Sleep until 7:00 AM
5857.7s [11月30日（週日） 上午 7:16]   use "Packing table"
5858.5s [11月30日（週日） 上午 7:17]   click [Pack] 打包 2 筆訂單（16 分鐘）
5859.4s [11月30日（週日） 上午 7:35]   click [CourierEconomy] 快遞 · 經濟 3 天（$13.04）
5872.3s [11月30日（週日） 下午 7:15]   use "Sleep"
5872.9s [11月30日（週日） 下午 7:15]   click [Sleep] Sleep until 7:00 AM
5874.7s [12月1日（週一） 上午 6:39]   toast: 新評價 #2540：★★★「品質普通。」
5877.8s [12月1日（週一） 上午 7:00]   shot 369_month_close_report.png
5877.8s [12月1日（週一） 上午 7:00]   click [month close] Continue
5888.8s [12月1日（週一） 上午 7:16]   use "Packing table"
5889.5s [12月1日（週一） 上午 7:17]   click [Pack] 打包 3 筆訂單（24 分鐘）
5890.6s [12月1日（週一） 上午 7:43]   click [CourierEconomy] 快遞 · 經濟 3 天（$16.56）
5892.8s [12月1日（週一） 下午 5:00]   toast: Riverlight Goods 咖啡 今天沒開門：吧台沒人顧。去僱一位咖啡師（人員分頁），或自己站吧台。
5903.4s [12月1日（週一） 下午 7:16]   use "Sleep"
5904.0s [12月1日（週一） 下午 7:16]   click [Sleep] Sleep until 7:00 AM
5905.5s [12月2日（週二） 上午 3:07]   toast: 新評價 #2528：★★★「等了好一陣子才到。」
5905.5s [12月2日（週二） 上午 3:42]   toast: 新評價 #2543：★★★「等了好一陣子才到。」
5908.4s [12月2日（週二） 下午 5:00]   toast: Riverlight Goods 咖啡 今天沒開門：吧台沒人顧。去僱一位咖啡師（人員分頁），或自己站吧台。
5915.1s [12月2日（週二） 下午 7:09]   use "Sleep"
5915.8s [12月2日（週二） 下午 7:09]   click [Sleep] Sleep until 7:00 AM
5920.2s [12月3日（週三） 下午 5:00]   toast: Riverlight Goods 咖啡 今天沒開門：吧台沒人顧。去僱一位咖啡師（人員分頁），或自己站吧台。
5926.9s [12月3日（週三） 下午 7:09]   use "Sleep"
5927.6s [12月3日（週三） 下午 7:09]   click [Sleep] Sleep until 7:00 AM
5931.8s [12月4日（週四） 下午 5:00]   toast: Riverlight Goods 咖啡 今天沒開門：吧台沒人顧。去僱一位咖啡師（人員分頁），或自己站吧台。
5932.3s [12月4日（週四） 下午 7:00]   use "Sleep"
5932.9s [12月4日（週四） 下午 7:00]   click [Sleep] Sleep until 7:00 AM
5946.7s [12月5日（週五） 上午 7:16]   use "Packing table"
5947.5s [12月5日（週五） 上午 7:17]   click [Pack] 打包 1 筆訂單（8 分鐘）
5948.4s [12月5日（週五） 上午 7:27]   click [CourierEconomy] 快遞 · 經濟 3 天（$9.52）
5950.7s [12月5日（週五） 下午 5:00]   toast: Riverlight Goods 咖啡 今天沒開門：吧台沒人顧。去僱一位咖啡師（人員分頁），或自己站吧台。
5961.3s [12月5日（週五） 下午 7:15]   use "Sleep"
5961.9s [12月5日（週五） 下午 7:15]   click [Sleep] Sleep until 7:00 AM
5965.1s [12月6日（週六） 上午 7:00]   shot 370_decision_customer_return.png
5965.1s [12月6日（週六） 上午 7:00]   decision customer_return → replace
5965.1s [12月6日（週六） 上午 7:00]   click [Choice_replace] 寄一個新的
5966.5s [12月6日（週六） 上午 7:00]   shot 371_decision_outcome_customer_return.png
5966.5s [12月6日（週六） 上午 7:00]   click "OK"
5977.6s [12月6日（週六） 上午 7:16]   use "Packing table"
5978.3s [12月6日（週六） 上午 7:17]   click [Pack] 打包 4 筆訂單（32 分鐘）
5979.3s [12月6日（週六） 上午 7:50]   click [CourierEconomy] 快遞 · 經濟 3 天（$20.08）
5981.5s [12月6日（週六） 下午 5:00]   toast: Riverlight Goods 咖啡 今天沒開門：吧台沒人顧。去僱一位咖啡師（人員分頁），或自己站吧台。
5992.1s [12月6日（週六） 下午 7:16]   use "Sleep"
5992.7s [12月6日（週六） 下午 7:16]   click [Sleep] Sleep until 7:00 AM
6006.4s [12月7日（週日） 上午 7:16]   use "Packing table"
6007.1s [12月7日（週日） 上午 7:17]   click [Pack] 打包 1 筆訂單（8 分鐘）
6008.1s [12月7日（週日） 上午 7:27]   click [CourierEconomy] 快遞 · 經濟 3 天（$9.52）
6020.9s [12月7日（週日） 下午 7:16]   use "Sleep"
6021.5s [12月7日（週日） 下午 7:16]   click [Sleep] Sleep until 7:00 AM
6035.1s [12月8日（週一） 上午 7:16]   use "Packing table"
6035.9s [12月8日（週一） 上午 7:17]   click [Pack] 打包 2 筆訂單（16 分鐘）
6036.8s [12月8日（週一） 上午 7:35]   click [CourierEconomy] 快遞 · 經濟 3 天（$13.04）
6039.0s [12月8日（週一） 下午 5:00]   toast: Riverlight Goods 咖啡 今天沒開門：吧台沒人顧。去僱一位咖啡師（人員分頁），或自己站吧台。
6049.7s [12月8日（週一） 下午 7:16]   use "Sleep"
6050.3s [12月8日（週一） 下午 7:16]   click [Sleep] Sleep until 7:00 AM
6064.0s [12月9日（週二） 上午 7:16]   use "Packing table"
6064.7s [12月9日（週二） 上午 7:17]   click [Pack] 打包 1 筆訂單（8 分鐘）
6065.7s [12月9日（週二） 上午 7:27]   click [CourierEconomy] 快遞 · 經濟 3 天（$9.52）
6069.4s [12月9日（週二） 上午 7:32]   use "Use laptop — Company OS"
6070.1s [12月9日（週二） 上午 7:33]   click [Tab_finance] Finance
6070.9s [12月9日（週二） 上午 7:34]   click [ConvertGlobal_NRD] 換匯入帳（$881.29）
6075.4s [12月9日（週二） 上午 7:41]   shot 372_ch13_real_income.png
6075.4s [12月9日（週二） 上午 7:41]   info card: What your overseas order really earned
6075.4s [12月9日（週二） 上午 7:41]   shot 373_info_what_your_overseas_order.png
6075.4s [12月9日（週二） 上午 7:41]   click "Close"
6076.3s [12月9日（週二） 上午 7:43]   ok  Chapter 13 actual export and conversion complete
6080.3s [12月9日（週二） 上午 7:49] STEP Chapter 14 — Ines in the open Customs House
6080.4s [12月9日（週二） 上午 7:49]   (harness) wait 2 h
6089.7s [12月9日（週二） 上午 10:02]   use "Packing table"
6090.5s [12月9日（週二） 上午 10:04]   click [Pack] 打包 2 筆訂單（16 分鐘）
6091.5s [12月9日（週二） 上午 10:21]   click [CourierEconomy] 快遞 · 經濟 3 天（$13.04）
6096.0s [12月9日（週二） 上午 10:29]   ok  walked back outside
6115.1s [12月9日（週二） 上午 10:57]   use "捷運——河濱區站"
6116.1s [12月9日（週二） 上午 10:59]   shot 374_metro_harbor.png
6116.1s [12月9日（週二） 上午 10:59]   click [Go_harbor] 港區  ·  8 分鐘
6118.4s [12月9日（週二） 上午 11:09]   ok  took the Metro to Harbor
6128.2s [12月9日（週二） 上午 11:23]   ok  entered Aurelia Customs House
6128.3s [12月9日（週二） 上午 11:23]   use "和 Ines Duarte 說話"
6128.6s [12月9日（週二） 上午 11:23]   shot 375_ch14_ines.png
6130.4s [12月9日（週二） 上午 11:23]   choose "› 我先付關稅，選 DDP。"
6132.1s [12月9日（週二） 上午 11:23]   ok  real Ines dialogue completed
6133.9s [12月9日（週二） 上午 11:27]   ok  walked back outside
6147.9s [12月9日（週二） 上午 11:48]   use "捷運——港區站"
6148.9s [12月9日（週二） 上午 11:50]   shot 376_metro_riverside.png
6148.9s [12月9日（週二） 上午 11:50]   click [Go_riverside] 河濱區  ·  8 分鐘
6150.0s [12月9日（週二） 上午 11:59]   ok  took the Metro to Riverside
6164.5s [12月9日（週二） 下午 12:21]   ok  entered Riverside Tower
6164.5s [12月9日（週二） 下午 12:21] STEP Chapter 14 — DDP declaration and accurate tariff classification
6166.8s [12月9日（週二） 下午 12:24]   use "Use laptop — Company OS"
6167.5s [12月9日（週二） 下午 12:26]   click [Tab_sales] Ecommerce
6168.2s [12月9日（週二） 下午 12:27]   click [SalesPage_overseas] Overseas
6169.5s [12月9日（週二） 下午 12:28]   click [ExportPolicy_ddp_L4] DDP
6170.3s [12月9日（週二） 下午 12:30]   click [TariffCode_L4] 一般商品
6171.9s [12月9日（週二） 下午 12:32]   shot 377_ch14_declaration.png
6172.3s [12月9日（週二） 下午 12:33]   ok  real policy and tariff inputs recorded
6172.3s [12月9日（週二） 下午 12:33] STEP Chapter 14 — trial deliveries and return risk
6172.8s [12月9日（週二） 下午 5:00]   toast: Riverlight Goods 咖啡 今天沒開門：吧台沒人顧。去僱一位咖啡師（人員分頁），或自己站吧台。
6181.3s [12月9日（週二） 下午 7:12]   use "Sleep"
6181.9s [12月9日（週二） 下午 7:12]   click [Sleep] Sleep until 7:00 AM
6183.1s [12月10日（週三） 上午 12:06]   toast: 新評價 #2583：★★★「還行。」
6195.7s [12月10日（週三） 上午 7:16]   use "Packing table"
6196.4s [12月10日（週三） 上午 7:17]   click [Pack] 打包 1 筆訂單（8 分鐘）
6197.4s [12月10日（週三） 上午 7:27]   click [CourierEconomy] 快遞 · 經濟 3 天（$9.52）
6199.7s [12月10日（週三） 下午 5:00]   toast: Riverlight Goods 咖啡 今天沒開門：吧台沒人顧。去僱一位咖啡師（人員分頁），或自己站吧台。
6210.3s [12月10日（週三） 下午 7:15]   use "Sleep"
6210.9s [12月10日（週三） 下午 7:15]   click [Sleep] Sleep until 7:00 AM
6224.6s [12月11日（週四） 上午 7:16]   use "Packing table"
6225.4s [12月11日（週四） 上午 7:17]   click [Pack] 打包 1 筆訂單（8 分鐘）
6226.3s [12月11日（週四） 上午 7:27]   click [CourierEconomy] 快遞 · 經濟 3 天（$9.52）
6227.8s [12月11日（週四） 上午 9:26]   toast: 新評價 #2622：★★★「等了好一陣子才到。」
6228.6s [12月11日（週四） 下午 5:00]   toast: Riverlight Goods 咖啡 今天沒開門：吧台沒人顧。去僱一位咖啡師（人員分頁），或自己站吧台。
6229.0s [12月11日（週四） 下午 7:00]   shot 378_decision_supplier_price_increase.png
6229.0s [12月11日（週四） 下午 7:00]   decision supplier_price_increase → accept
6229.0s [12月11日（週四） 下午 7:00]   click [Choice_accept] 好。繼續跟你進貨。
6230.5s [12月11日（週四） 下午 7:00]   shot 379_decision_outcome_supplier_price_increase.png
6230.5s [12月11日（週四） 下午 7:00]   click "OK"
6241.5s [12月11日（週四） 下午 7:16]   use "Sleep"
6242.1s [12月11日（週四） 下午 7:16]   click [Sleep] Sleep until 7:00 AM
6246.5s [12月12日（週五） 下午 5:00]   toast: Riverlight Goods 咖啡 今天沒開門：吧台沒人顧。去僱一位咖啡師（人員分頁），或自己站吧台。
6253.1s [12月12日（週五） 下午 7:09]   use "Sleep"
6253.8s [12月12日（週五） 下午 7:09]   click [Sleep] Sleep until 7:00 AM
6267.6s [12月13日（週六） 上午 7:16]   use "Packing table"
6268.3s [12月13日（週六） 上午 7:17]   click [Pack] 打包 1 筆訂單（8 分鐘）
6269.3s [12月13日（週六） 上午 7:27]   click [CourierEconomy] 快遞 · 經濟 3 天（$9.52）
6271.6s [12月13日（週六） 下午 5:00]   toast: Riverlight Goods 咖啡 今天沒開門：吧台沒人顧。去僱一位咖啡師（人員分頁），或自己站吧台。
6282.3s [12月13日（週六） 下午 7:15]   use "Sleep"
6282.9s [12月13日（週六） 下午 7:15]   click [Sleep] Sleep until 7:00 AM
6296.6s [12月14日（週日） 上午 7:16]   use "Packing table"
6297.4s [12月14日（週日） 上午 7:17]   click [Pack] 打包 1 筆訂單（8 分鐘）
6298.3s [12月14日（週日） 上午 7:27]   click [CourierEconomy] 快遞 · 經濟 3 天（$9.52）
6311.2s [12月14日（週日） 下午 7:15]   use "Sleep"
6311.8s [12月14日（週日） 下午 7:15]   click [Sleep] Sleep until 7:00 AM
6316.2s [12月15日（週一） 下午 5:00]   toast: Riverlight Goods 咖啡 今天沒開門：吧台沒人顧。去僱一位咖啡師（人員分頁），或自己站吧台。
6316.6s [12月15日（週一） 下午 7:00]   shot 380_decision_customer_return.png
6316.6s [12月15日（週一） 下午 7:00]   decision customer_return → replace
6316.6s [12月15日（週一） 下午 7:00]   click [Choice_replace] 寄一個新的
6318.0s [12月15日（週一） 下午 7:00]   shot 381_decision_outcome_customer_return.png
6318.0s [12月15日（週一） 下午 7:00]   click "OK"
6324.9s [12月15日（週一） 下午 7:10]   use "Sleep"
6325.5s [12月15日（週一） 下午 7:10]   click [Sleep] Sleep until 7:00 AM
6339.3s [12月16日（週二） 上午 7:16]   use "Packing table"
6340.0s [12月16日（週二） 上午 7:17]   click [Pack] 打包 2 筆訂單（16 分鐘）
6341.0s [12月16日（週二） 上午 7:35]   click [CourierEconomy] 快遞 · 經濟 3 天（$13.04）
6343.2s [12月16日（週二） 下午 5:00]   toast: Riverlight Goods 咖啡 今天沒開門：吧台沒人顧。去僱一位咖啡師（人員分頁），或自己站吧台。
6353.8s [12月16日（週二） 下午 7:15]   use "Sleep"
6354.5s [12月16日（週二） 下午 7:15]   click [Sleep] Sleep until 7:00 AM
6368.3s [12月17日（週三） 上午 7:16]   use "Packing table"
6369.0s [12月17日（週三） 上午 7:17]   click [Pack] 打包 1 筆訂單（8 分鐘）
6370.0s [12月17日（週三） 上午 7:27]   click [CourierEconomy] 快遞 · 經濟 3 天（$9.52）
6372.2s [12月17日（週三） 下午 5:00]   toast: Riverlight Goods 咖啡 今天沒開門：吧台沒人顧。去僱一位咖啡師（人員分頁），或自己站吧台。
6382.9s [12月17日（週三） 下午 7:15]   use "Sleep"
6383.5s [12月17日（週三） 下午 7:15]   click [Sleep] Sleep until 7:00 AM
6388.0s [12月18日（週四） 下午 5:00]   toast: Riverlight Goods 咖啡 今天沒開門：吧台沒人顧。去僱一位咖啡師（人員分頁），或自己站吧台。
6394.7s [12月18日（週四） 下午 7:09]   use "Sleep"
6395.3s [12月18日（週四） 下午 7:09]   click [Sleep] Sleep until 7:00 AM
6409.1s [12月19日（週五） 上午 7:16]   use "Packing table"
6409.8s [12月19日（週五） 上午 7:17]   click [Pack] 打包 1 筆訂單（8 分鐘）
6410.8s [12月19日（週五） 上午 7:27]   click [CourierEconomy] 快遞 · 經濟 3 天（$9.52）
6413.1s [12月19日（週五） 下午 5:00]   toast: Riverlight Goods 咖啡 今天沒開門：吧台沒人顧。去僱一位咖啡師（人員分頁），或自己站吧台。
6423.7s [12月19日（週五） 下午 7:15]   use "Sleep"
6424.4s [12月19日（週五） 下午 7:15]   click [Sleep] Sleep until 7:00 AM
6427.6s [12月20日（週六） 上午 7:00]   shot 382_decision_customer_return.png
6427.6s [12月20日（週六） 上午 7:00]   decision customer_return → replace
6427.6s [12月20日（週六） 上午 7:00]   click [Choice_replace] 寄一個新的
6429.1s [12月20日（週六） 上午 7:00]   shot 383_decision_outcome_customer_return.png
6429.1s [12月20日（週六） 上午 7:00]   click "OK"
6440.1s [12月20日（週六） 上午 7:16]   use "Packing table"
6440.8s [12月20日（週六） 上午 7:17]   click [Pack] 打包 2 筆訂單（16 分鐘）
6441.9s [12月20日（週六） 上午 7:35]   click [CourierEconomy] 快遞 · 經濟 3 天（$13.04）
6444.1s [12月20日（週六） 下午 5:00]   toast: Riverlight Goods 咖啡 今天沒開門：吧台沒人顧。去僱一位咖啡師（人員分頁），或自己站吧台。
6454.8s [12月20日（週六） 下午 7:16]   use "Sleep"
6455.4s [12月20日（週六） 下午 7:16]   click [Sleep] Sleep until 7:00 AM
6466.4s [12月21日（週日） 下午 7:09]   use "Sleep"
6467.0s [12月21日（週日） 下午 7:09]   click [Sleep] Sleep until 7:00 AM
6471.4s [12月22日（週一） 下午 5:00]   toast: Riverlight Goods 咖啡 今天沒開門：吧台沒人顧。去僱一位咖啡師（人員分頁），或自己站吧台。
6471.9s [12月22日（週一） 下午 7:00]   use "Sleep"
6472.5s [12月22日（週一） 下午 7:00]   click [Sleep] Sleep until 7:00 AM
6486.3s [12月23日（週二） 上午 7:16]   use "Packing table"
6487.1s [12月23日（週二） 上午 7:17]   click [Pack] 打包 1 筆訂單（8 分鐘）
6488.0s [12月23日（週二） 上午 7:27]   click [CourierEconomy] 快遞 · 經濟 3 天（$9.52）
6490.3s [12月23日（週二） 下午 5:00]   toast: Riverlight Goods 咖啡 今天沒開門：吧台沒人顧。去僱一位咖啡師（人員分頁），或自己站吧台。
6501.0s [12月23日（週二） 下午 7:15]   use "Sleep"
6501.7s [12月23日（週二） 下午 7:15]   click [Sleep] Sleep until 7:00 AM
6515.4s [12月24日（週三） 上午 7:16]   use "Packing table"
6516.1s [12月24日（週三） 上午 7:17]   click [Pack] 打包 1 筆訂單（8 分鐘）
6517.1s [12月24日（週三） 上午 7:27]   click [CourierEconomy] 快遞 · 經濟 3 天（$9.52）
6520.8s [12月24日（週三） 上午 7:32]   use "Use laptop — Company OS"
6521.5s [12月24日（週三） 上午 7:33]   click [Tab_sales] Ecommerce
6522.2s [12月24日（週三） 上午 7:34]   click [SalesPage_overseas] Overseas
6522.5s [12月24日（週三） 上午 7:35]   click [PauseGlobalExpansion] Review results and pause expansion
6522.8s [12月24日（週三） 上午 7:35]   shot 384_ch14_trial_results.png
6523.2s [12月24日（週三） 上午 7:36]   shot 385_ch14_trial_observed.png
6523.7s [12月24日（週三） 上午 7:37]   ok  Chapter 14 trial completes
6523.7s [12月24日（週三） 上午 7:37]   ok  chapters 13–14 Ledger balanced
6527.7s [12月24日（週三） 上午 7:43] STEP Chapter 15 — currency briefing and real bank hedge
6531.4s [12月24日（週三） 上午 7:49]   ok  walked back outside
6536.3s [12月24日（週三） 上午 7:56]   ok  entered Bloom Coffee
6539.0s [12月24日（週三） 上午 8:01]   use "Read the news board"
6539.9s [12月24日（週三） 上午 8:06]   shot 386_news_fx_risk.png
6539.9s [12月24日（週三） 上午 8:06]   info card: News board
6539.9s [12月24日（週三） 上午 8:06]   shot 387_info_news_board.png
6539.9s [12月24日（週三） 上午 8:06]   click "Close"
6540.4s [12月24日（週三） 上午 8:06]   ok  read the news (fx_risk)
6544.6s [12月24日（週三） 上午 8:13]   ok  walked back outside
6549.2s [12月24日（週三） 上午 8:20]   ok  entered Riverside Tower
6549.2s [12月24日（週三） 上午 8:20]   (harness) wait 2 h
6550.0s [12月24日（週三） 上午 10:21]   (harness) wait 2 h
6550.7s [12月24日（週三） 下午 12:22]   (harness) wait 2 h
6553.0s [12月24日（週三） 下午 2:26]   ok  walked back outside
6572.0s [12月24日（週三） 下午 2:55]   use "捷運——河濱區站"
6573.0s [12月24日（週三） 下午 2:56]   shot 388_metro_financial.png
6573.0s [12月24日（週三） 下午 2:56]   click [Go_financial] 金融區  ·  10 分鐘
6574.2s [12月24日（週三） 下午 3:08]   ok  took the Metro to Financial District
6586.2s [12月24日（週三） 下午 3:26]   ok  entered Nexus Bank
6588.9s [12月24日（週三） 下午 3:30]   use "和 Marcus Reed 說話"
6591.9s [12月24日（週三） 下午 3:30]   choose "› 讓我看看費用與風險。"
6593.6s [12月24日（週三） 下午 3:31]   click [BankFXRisk] Manage exchange risk
6593.8s [12月24日（週三） 下午 3:31]   shot 389_ch15_forward_quote.png
6593.8s [12月24日（週三） 下午 3:31]   click [ChooseHomeInvoices] Choose home-currency invoices
6594.1s [12月24日（週三） 下午 3:31]   ok  native risk response recorded
6603.4s [12月24日（週三） 下午 3:46]   ok  walked back outside
6613.6s [12月24日（週三） 下午 4:01]   use "捷運——金融區站"
6614.6s [12月24日（週三） 下午 4:03]   shot 390_metro_riverside.png
6614.6s [12月24日（週三） 下午 4:03]   click [Go_riverside] 河濱區  ·  10 分鐘
6615.7s [12月24日（週三） 下午 4:15]   ok  took the Metro to Riverside
6630.2s [12月24日（週三） 下午 4:36]   ok  entered Riverside Tower
6630.3s [12月24日（週三） 下午 5:00]   toast: Riverlight Goods 咖啡 今天沒開門：吧台沒人顧。去僱一位咖啡師（人員分頁），或自己站吧台。
6633.6s [12月24日（週三） 下午 7:05]   use "Sleep"
6634.2s [12月24日（週三） 下午 7:05]   click [Sleep] Sleep until 7:00 AM
6648.1s [12月25日（週四） 上午 7:16]   use "Packing table"
6648.8s [12月25日（週四） 上午 7:17]   click [Pack] 打包 2 筆訂單（16 分鐘）
6649.7s [12月25日（週四） 上午 7:35]   click [CourierEconomy] 快遞 · 經濟 3 天（$13.04）
6652.0s [12月25日（週四） 下午 5:00]   toast: Riverlight Goods 咖啡 今天沒開門：吧台沒人顧。去僱一位咖啡師（人員分頁），或自己站吧台。
6652.4s [12月25日（週四） 下午 7:00]   shot 391_decision_cafe_inspection.png
6652.4s [12月25日（週四） 下午 7:00]   decision cafe_inspection → prepare
6652.4s [12月25日（週四） 下午 7:00]   click [Choice_prepare] 清潔十五分鐘後接受檢查
6653.8s [12月25日（週四） 下午 7:15]   shot 392_decision_outcome_cafe_inspection.png
6653.8s [12月25日（週四） 下午 7:15]   click "OK"
6664.8s [12月25日（週四） 下午 7:31]   use "Sleep"
6665.4s [12月25日（週四） 下午 7:31]   click [Sleep] Sleep until 7:00 AM
6679.2s [12月26日（週五） 上午 7:16]   use "Packing table"
6680.0s [12月26日（週五） 上午 7:17]   click [Pack] 打包 2 筆訂單（16 分鐘）
6680.9s [12月26日（週五） 上午 7:35]   click [CourierEconomy] 快遞 · 經濟 3 天（$13.04）
6693.8s [12月26日（週五） 下午 7:15]   use "Sleep"
6694.5s [12月26日（週五） 下午 7:15]   click [Sleep] Sleep until 7:00 AM
6708.3s [12月27日（週六） 上午 7:16]   use "Packing table"
6709.0s [12月27日（週六） 上午 7:17]   click [Pack] 打包 2 筆訂單（16 分鐘）
6709.9s [12月27日（週六） 上午 7:35]   click [CourierEconomy] 快遞 · 經濟 3 天（$13.04）
6712.2s [12月27日（週六） 下午 5:00]   toast: Riverlight Goods 咖啡 今天沒開門：吧台沒人顧。去僱一位咖啡師（人員分頁），或自己站吧台。
6722.8s [12月27日（週六） 下午 7:16]   use "Sleep"
6723.5s [12月27日（週六） 下午 7:16]   click [Sleep] Sleep until 7:00 AM
6737.2s [12月28日（週日） 上午 7:16]   use "Packing table"
6737.9s [12月28日（週日） 上午 7:17]   click [Pack] 打包 4 筆訂單（32 分鐘）
6738.9s [12月28日（週日） 上午 7:51]   click [CourierEconomy] 快遞 · 經濟 3 天（$20.08）
6751.7s [12月28日（週日） 下午 7:15]   use "Sleep"
6752.4s [12月28日（週日） 下午 7:15]   click [Sleep] Sleep until 7:00 AM
6755.7s [12月29日（週一） 上午 7:00]   shot 393_decision_customer_return.png
6755.7s [12月29日（週一） 上午 7:00]   decision customer_return → replace
6755.7s [12月29日（週一） 上午 7:00]   click [Choice_replace] 寄一個新的
6757.1s [12月29日（週一） 上午 7:00]   shot 394_decision_outcome_customer_return.png
6757.1s [12月29日（週一） 上午 7:00]   click "OK"
6768.1s [12月29日（週一） 上午 7:16]   use "Packing table"
6768.9s [12月29日（週一） 上午 7:17]   click [Pack] 打包 1 筆訂單（8 分鐘）
6769.8s [12月29日（週一） 上午 7:26]   click [CourierEconomy] 快遞 · 經濟 3 天（$9.52）
6772.1s [12月29日（週一） 下午 5:00]   toast: Riverlight Goods 咖啡 今天沒開門：吧台沒人顧。去僱一位咖啡師（人員分頁），或自己站吧台。
6782.7s [12月29日（週一） 下午 7:16]   use "Sleep"
6783.4s [12月29日（週一） 下午 7:16]   click [Sleep] Sleep until 7:00 AM
6797.1s [12月30日（週二） 上午 7:16]   use "Packing table"
6797.9s [12月30日（週二） 上午 7:17]   click [Pack] 打包 2 筆訂單（16 分鐘）
6798.8s [12月30日（週二） 上午 7:35]   click [CourierEconomy] 快遞 · 經濟 3 天（$13.04）
6801.1s [12月30日（週二） 下午 5:00]   toast: Riverlight Goods 咖啡 今天沒開門：吧台沒人顧。去僱一位咖啡師（人員分頁），或自己站吧台。
6811.7s [12月30日（週二） 下午 7:15]   use "Sleep"
6812.4s [12月30日（週二） 下午 7:15]   click [Sleep] Sleep until 7:00 AM
6815.7s [12月31日（週三） 上午 7:00]   shot 395_decision_customer_return.png
6815.7s [12月31日（週三） 上午 7:00]   decision customer_return → replace
6815.7s [12月31日（週三） 上午 7:00]   click [Choice_replace] 寄一個新的
6817.1s [12月31日（週三） 上午 7:00]   shot 396_decision_outcome_customer_return.png
6817.1s [12月31日（週三） 上午 7:00]   click "OK"
6828.1s [12月31日（週三） 上午 7:16]   use "Packing table"
6828.9s [12月31日（週三） 上午 7:17]   click [Pack] 打包 1 筆訂單（8 分鐘）
6829.8s [12月31日（週三） 上午 7:26]   click [CourierEconomy] 快遞 · 經濟 3 天（$9.52）
6832.1s [12月31日（週三） 下午 5:00]   toast: Riverlight Goods 咖啡 今天沒開門：吧台沒人顧。去僱一位咖啡師（人員分頁），或自己站吧台。
6842.8s [12月31日（週三） 下午 7:16]   use "Sleep"
6843.4s [12月31日（週三） 下午 7:16]   click [Sleep] Sleep until 7:00 AM
6846.9s [1月1日（週四） 上午 7:00]   info card: Exchange response — compare the assumptions
6847.0s [1月1日（週四） 上午 7:00]   shot 397_info_exchange_response_—_comp.png
6847.0s [1月1日（週四） 上午 7:00]   click "Close"
6848.9s [1月1日（週四） 上午 7:00]   shot 398_month_close_report.png
6848.9s [1月1日（週四） 上午 7:00]   click [month close] Continue
6859.9s [1月1日（週四） 上午 7:16]   use "Packing table"
6860.7s [1月1日（週四） 上午 7:17]   click [Pack] 打包 1 筆訂單（8 分鐘）
6861.6s [1月1日（週四） 上午 7:26]   click [CourierEconomy] 快遞 · 經濟 3 天（$9.52）
6863.6s [1月1日（週四） 上午 7:29]   shot 399_ch15_comparison.png
6863.6s [1月1日（週四） 上午 7:29]   ok  chapter15 completes from actual response and viewed month close
6863.6s [1月1日（週四） 上午 7:29] STEP Chapter 16 — Omar video, flight and distributor contract
6866.1s [1月1日（週四） 上午 7:33]   use "Use laptop — Company OS"
6866.8s [1月1日（週四） 上午 7:34]   click [Tab_sales] Ecommerce
6867.5s [1月1日（週四） 上午 7:35]   click [SalesPage_overseas] Overseas
6867.8s [1月1日（週四） 上午 7:36]   click [CompareLuminaPartners] Compare Lumina partners
6868.0s [1月1日（週四） 上午 7:36]   click [CallOmar] Video call Omar
6871.1s [1月1日（週四） 上午 7:36]   choose "› 讓我看看費用與風險。"
6872.8s [1月1日（週四） 上午 7:36]   shot 400_ch16_channel_choices.png
6872.8s [1月1日（週四） 上午 7:36]   click [LuminaFlight_co_riverlight_goods] 前往 Lumina — 公司帳戶
6874.0s [1月1日（週四） 下午 5:00]   toast: Riverlight Goods 咖啡 今天沒開門：吧台沒人顧。去僱一位咖啡師（人員分頁），或自己站吧台。
6876.1s [1月2日（週五） 上午 7:37]   info card: Lumina journey
6876.2s [1月2日（週五） 上午 7:37]   shot 401_info_lumina_journey.png
6876.2s [1月2日（週五） 上午 7:37]   click "Close"
6876.7s [1月2日（週五） 上午 7:37]   shot 402_ch16_trip_return.png
6876.7s [1月2日（週五） 上午 7:37]   click [LuminaFlight_player] 回程 — 個人帳戶
6876.9s [1月2日（週五） 上午 8:11]   toast: 新評價 #2699：★「浪費錢。」
6877.8s [1月2日（週五） 下午 5:00]   toast: Riverlight Goods 咖啡 今天沒開門：吧台沒人顧。去僱一位咖啡師（人員分頁），或自己站吧台。
6880.0s [1月3日（週六） 上午 7:37]   info card: Lumina journey
6880.0s [1月3日（週六） 上午 7:37]   shot 403_info_lumina_journey.png
6880.1s [1月3日（週六） 上午 7:37]   click "Close"
6880.5s [1月3日（週六） 上午 7:37]   click [RequestOmarContract] Request distributor contract
6881.4s [1月3日（週六） 上午 7:38]   ok  a fresh distributor quote is accepted before contract controls
6881.4s [1月3日（週六） 上午 7:38]   shot 404_ch16_distributor_offer.png
6881.4s [1月3日（週六） 上午 7:38]   click [AcceptContract] Accept
6881.8s [1月3日（週六） 上午 7:39]   click [DeliverContract] 寄送 10 件到 Lumina；現在支付運費與關稅
6882.3s [1月3日（週六） 上午 9:09]   ok  native signing and dispatch put goods in transit
6882.4s [1月3日（週六） 上午 9:09]   shot 405_ch16_goods_in_transit.png
6884.1s [1月3日（週六） 下午 5:00]   toast: Riverlight Goods 咖啡 今天沒開門：吧台沒人顧。去僱一位咖啡師（人員分頁），或自己站吧台。
6892.8s [1月3日（週六） 下午 7:13]   use "Sleep"
6893.5s [1月3日（週六） 下午 7:13]   click [Sleep] Sleep until 7:00 AM
6907.3s [1月4日（週日） 上午 7:16]   use "Packing table"
6908.0s [1月4日（週日） 上午 7:17]   click [Pack] 打包 4 筆訂單（32 分鐘）
6909.1s [1月4日（週日） 上午 7:51]   click [CourierEconomy] 快遞 · 經濟 3 天（$20.08）
6911.7s [1月4日（週日） 下午 7:00]   shot 406_decision_supplier_price_increase.png
6911.7s [1月4日（週日） 下午 7:00]   decision supplier_price_increase → accept
6911.7s [1月4日（週日） 下午 7:00]   click [Choice_accept] 好。繼續跟你進貨。
6913.1s [1月4日（週日） 下午 7:00]   shot 407_decision_outcome_supplier_price_increase.png
6913.1s [1月4日（週日） 下午 7:00]   click "OK"
6924.2s [1月4日（週日） 下午 7:16]   use "Sleep"
6924.8s [1月4日（週日） 下午 7:16]   click [Sleep] Sleep until 7:00 AM
6938.6s [1月5日（週一） 上午 7:16]   use "Packing table"
6939.3s [1月5日（週一） 上午 7:17]   click [Pack] 打包 1 筆訂單（8 分鐘）
6940.3s [1月5日（週一） 上午 7:27]   click [CourierEconomy] 快遞 · 經濟 3 天（$9.52）
6942.5s [1月5日（週一） 下午 5:00]   toast: Riverlight Goods 咖啡 今天沒開門：吧台沒人顧。去僱一位咖啡師（人員分頁），或自己站吧台。
6953.2s [1月5日（週一） 下午 7:15]   use "Sleep"
6953.8s [1月5日（週一） 下午 7:15]   click [Sleep] Sleep until 7:00 AM
6958.3s [1月6日（週二） 下午 5:00]   toast: Riverlight Goods 咖啡 今天沒開門：吧台沒人顧。去僱一位咖啡師（人員分頁），或自己站吧台。
6965.0s [1月6日（週二） 下午 7:09]   use "Sleep"
6965.6s [1月6日（週二） 下午 7:09]   click [Sleep] Sleep until 7:00 AM
6970.1s [1月7日（週三） 下午 5:00]   toast: Riverlight Goods 咖啡 今天沒開門：吧台沒人顧。去僱一位咖啡師（人員分頁），或自己站吧台。
6976.9s [1月7日（週三） 下午 7:09]   use "Sleep"
6977.5s [1月7日（週三） 下午 7:09]   click [Sleep] Sleep until 7:00 AM
6991.4s [1月8日（週四） 上午 7:16]   use "Packing table"
6992.1s [1月8日（週四） 上午 7:17]   click [Pack] 打包 4 筆訂單（32 分鐘）
6993.1s [1月8日（週四） 上午 7:51]   click [CourierEconomy] 快遞 · 經濟 3 天（$20.08）
6995.4s [1月8日（週四） 下午 5:00]   toast: Riverlight Goods 咖啡 今天沒開門：吧台沒人顧。去僱一位咖啡師（人員分頁），或自己站吧台。
7006.1s [1月8日（週四） 下午 7:15]   use "Sleep"
7006.7s [1月8日（週四） 下午 7:15]   click [Sleep] Sleep until 7:00 AM
7020.5s [1月9日（週五） 上午 7:16]   use "Packing table"
7021.3s [1月9日（週五） 上午 7:17]   click [Pack] 打包 2 筆訂單（16 分鐘）
7022.2s [1月9日（週五） 上午 7:35]   click [CourierEconomy] 快遞 · 經濟 3 天（$13.04）
7024.4s [1月9日（週五） 下午 4:44]   toast: 新評價 #2724：★★★「還行。」
7024.5s [1月9日（週五） 下午 5:00]   toast: Riverlight Goods 咖啡 今天沒開門：吧台沒人顧。去僱一位咖啡師（人員分頁），或自己站吧台。
7035.1s [1月9日（週五） 下午 7:16]   use "Sleep"
7035.8s [1月9日（週五） 下午 7:16]   click [Sleep] Sleep until 7:00 AM
7036.7s [1月9日（週五） 下午 10:24]   toast: 新評價 #2723：★★★「品質普通。」
7049.6s [1月10日（週六） 上午 7:16]   use "Packing table"
7050.3s [1月10日（週六） 上午 7:17]   click [Pack] 打包 2 筆訂單（16 分鐘）
7051.3s [1月10日（週六） 上午 7:35]   click [CourierEconomy] 快遞 · 經濟 3 天（$13.04）
7053.6s [1月10日（週六） 下午 5:00]   toast: Riverlight Goods 咖啡 今天沒開門：吧台沒人顧。去僱一位咖啡師（人員分頁），或自己站吧台。
7064.2s [1月10日（週六） 下午 7:15]   use "Sleep"
7064.9s [1月10日（週六） 下午 7:15]   click [Sleep] Sleep until 7:00 AM
7076.0s [1月11日（週日） 下午 7:09]   use "Sleep"
7076.7s [1月11日（週日） 下午 7:09]   click [Sleep] Sleep until 7:00 AM
7090.6s [1月12日（週一） 上午 7:16]   use "Packing table"
7091.4s [1月12日（週一） 上午 7:17]   click [Pack] 打包 1 筆訂單（8 分鐘）
7092.3s [1月12日（週一） 上午 7:27]   click [CourierEconomy] 快遞 · 經濟 3 天（$9.52）
7094.6s [1月12日（週一） 下午 5:00]   toast: Riverlight Goods 咖啡 今天沒開門：吧台沒人顧。去僱一位咖啡師（人員分頁），或自己站吧台。
7105.3s [1月12日（週一） 下午 7:15]   use "Sleep"
7105.9s [1月12日（週一） 下午 7:15]   click [Sleep] Sleep until 7:00 AM
7107.5s [1月13日（週二） 上午 4:38]   toast: 新評價 #2738：★★★「品質普通。」
7109.2s [1月13日（週二） 上午 7:00]   shot 408_decision_customer_return.png
7109.2s [1月13日（週二） 上午 7:00]   decision customer_return → replace
7109.2s [1月13日（週二） 上午 7:00]   click [Choice_replace] 寄一個新的
7110.6s [1月13日（週二） 上午 7:00]   shot 409_decision_outcome_customer_return.png
7110.6s [1月13日（週二） 上午 7:00]   click "OK"
7112.3s [1月13日（週二） 下午 5:00]   toast: Riverlight Goods 咖啡 今天沒開門：吧台沒人顧。去僱一位咖啡師（人員分頁），或自己站吧台。
7119.0s [1月13日（週二） 下午 7:10]   use "Sleep"
7119.7s [1月13日（週二） 下午 7:10]   click [Sleep] Sleep until 7:00 AM
7133.5s [1月14日（週三） 上午 7:16]   use "Packing table"
7134.2s [1月14日（週三） 上午 7:17]   click [Pack] 打包 1 筆訂單（8 分鐘）
7135.2s [1月14日（週三） 上午 7:27]   click [CourierEconomy] 快遞 · 經濟 3 天（$9.52）
7137.5s [1月14日（週三） 下午 5:00]   toast: Riverlight Goods 咖啡 今天沒開門：吧台沒人顧。去僱一位咖啡師（人員分頁），或自己站吧台。
7148.1s [1月14日（週三） 下午 7:15]   use "Sleep"
7148.7s [1月14日（週三） 下午 7:15]   click [Sleep] Sleep until 7:00 AM
7162.6s [1月15日（週四） 上午 7:16]   use "Packing table"
7163.4s [1月15日（週四） 上午 7:17]   click [Pack] 打包 2 筆訂單（16 分鐘）
7164.3s [1月15日（週四） 上午 7:35]   click [CourierEconomy] 快遞 · 經濟 3 天（$13.04）
7166.6s [1月15日（週四） 下午 5:00]   toast: Riverlight Goods 咖啡 今天沒開門：吧台沒人顧。去僱一位咖啡師（人員分頁），或自己站吧台。
7177.2s [1月15日（週四） 下午 7:15]   use "Sleep"
7177.9s [1月15日（週四） 下午 7:15]   click [Sleep] Sleep until 7:00 AM
7191.8s [1月16日（週五） 上午 7:16]   use "Packing table"
7192.5s [1月16日（週五） 上午 7:17]   click [Pack] 打包 2 筆訂單（16 分鐘）
7193.5s [1月16日（週五） 上午 7:35]   click [CourierEconomy] 快遞 · 經濟 3 天（$13.04）
7195.8s [1月16日（週五） 下午 5:00]   toast: Riverlight Goods 咖啡 今天沒開門：吧台沒人顧。去僱一位咖啡師（人員分頁），或自己站吧台。
7206.5s [1月16日（週五） 下午 7:15]   use "Sleep"
7207.1s [1月16日（週五） 下午 7:15]   click [Sleep] Sleep until 7:00 AM
7220.9s [1月17日（週六） 上午 7:16]   use "Packing table"
7221.7s [1月17日（週六） 上午 7:17]   click [Pack] 打包 1 筆訂單（8 分鐘）
7222.7s [1月17日（週六） 上午 7:27]   click [CourierEconomy] 快遞 · 經濟 3 天（$9.52）
7225.0s [1月17日（週六） 下午 5:00]   toast: Riverlight Goods 咖啡 今天沒開門：吧台沒人顧。去僱一位咖啡師（人員分頁），或自己站吧台。
7235.7s [1月17日（週六） 下午 7:15]   use "Sleep"
7236.3s [1月17日（週六） 下午 7:15]   click [Sleep] Sleep until 7:00 AM
7239.7s [1月18日（週日） 上午 7:00]   shot 410_decision_customer_return.png
7239.7s [1月18日（週日） 上午 7:00]   decision customer_return → replace
7239.7s [1月18日（週日） 上午 7:00]   click [Choice_replace] 寄一個新的
7241.1s [1月18日（週日） 上午 7:00]   shot 411_decision_outcome_customer_return.png
7241.1s [1月18日（週日） 上午 7:00]   click "OK"
7252.1s [1月18日（週日） 上午 7:16]   use "Packing table"
7252.9s [1月18日（週日） 上午 7:17]   click [Pack] 打包 2 筆訂單（16 分鐘）
7253.8s [1月18日（週日） 上午 7:34]   click [CourierEconomy] 快遞 · 經濟 3 天（$13.04）
7266.9s [1月18日（週日） 下午 7:16]   use "Sleep"
7267.5s [1月18日（週日） 下午 7:16]   click [Sleep] Sleep until 7:00 AM
7281.3s [1月19日（週一） 上午 7:16]   use "Packing table"
7282.1s [1月19日（週一） 上午 7:17]   click [Pack] 打包 5 筆訂單（40 分鐘）
7283.0s [1月19日（週一） 上午 7:59]   click [CourierEconomy] 快遞 · 經濟 3 天（$23.60）
7285.3s [1月19日（週一） 下午 5:00]   toast: Riverlight Goods 咖啡 今天沒開門：吧台沒人顧。去僱一位咖啡師（人員分頁），或自己站吧台。
7295.9s [1月19日（週一） 下午 7:16]   use "Sleep"
7296.5s [1月19日（週一） 下午 7:16]   click [Sleep] Sleep until 7:00 AM
7310.3s [1月20日（週二） 上午 7:16]   use "Packing table"
7311.1s [1月20日（週二） 上午 7:17]   click [Pack] 打包 2 筆訂單（16 分鐘）
7312.0s [1月20日（週二） 上午 7:35]   click [CourierEconomy] 快遞 · 經濟 3 天（$13.04）
7314.4s [1月20日（週二） 下午 5:00]   toast: Riverlight Goods 咖啡 今天沒開門：吧台沒人顧。去僱一位咖啡師（人員分頁），或自己站吧台。
7314.8s [1月20日（週二） 下午 7:00]   shot 412_decision_customer_return.png
7314.8s [1月20日（週二） 下午 7:00]   decision customer_return → replace
7314.8s [1月20日（週二） 下午 7:00]   click [Choice_replace] 寄一個新的
7316.2s [1月20日（週二） 下午 7:00]   shot 413_decision_outcome_customer_return.png
7316.2s [1月20日（週二） 下午 7:00]   click "OK"
7327.2s [1月20日（週二） 下午 7:16]   use "Sleep"
7327.9s [1月20日（週二） 下午 7:16]   click [Sleep] Sleep until 7:00 AM
7341.7s [1月21日（週三） 上午 7:16]   use "Packing table"
7342.5s [1月21日（週三） 上午 7:17]   click [Pack] 打包 2 筆訂單（16 分鐘）
7343.4s [1月21日（週三） 上午 7:35]   click [CourierEconomy] 快遞 · 經濟 3 天（$13.04）
7345.7s [1月21日（週三） 下午 5:00]   toast: Riverlight Goods 咖啡 今天沒開門：吧台沒人顧。去僱一位咖啡師（人員分頁），或自己站吧台。
7356.4s [1月21日（週三） 下午 7:15]   use "Sleep"
7357.0s [1月21日（週三） 下午 7:15]   click [Sleep] Sleep until 7:00 AM
7370.8s [1月22日（週四） 上午 7:16]   use "Packing table"
7371.5s [1月22日（週四） 上午 7:17]   click [Pack] 打包 2 筆訂單（16 分鐘）
7372.5s [1月22日（週四） 上午 7:35]   click [CourierEconomy] 快遞 · 經濟 3 天（$13.04）
7374.8s [1月22日（週四） 下午 5:00]   toast: Riverlight Goods 咖啡 今天沒開門：吧台沒人顧。去僱一位咖啡師（人員分頁），或自己站吧台。
7385.5s [1月22日（週四） 下午 7:15]   use "Sleep"
7386.2s [1月22日（週四） 下午 7:15]   click [Sleep] Sleep until 7:00 AM
7400.0s [1月23日（週五） 上午 7:16]   use "Packing table"
7400.7s [1月23日（週五） 上午 7:17]   click [Pack] 打包 1 筆訂單（8 分鐘）
7401.7s [1月23日（週五） 上午 7:27]   click [CourierEconomy] 快遞 · 經濟 3 天（$9.52）
7404.0s [1月23日（週五） 下午 5:00]   toast: Riverlight Goods 咖啡 今天沒開門：吧台沒人顧。去僱一位咖啡師（人員分頁），或自己站吧台。
7404.4s [1月23日（週五） 下午 7:00]   shot 414_decision_supplier_price_increase.png
7404.4s [1月23日（週五） 下午 7:00]   decision supplier_price_increase → accept
7404.4s [1月23日（週五） 下午 7:00]   click [Choice_accept] 好。繼續跟你進貨。
7405.8s [1月23日（週五） 下午 7:00]   shot 415_decision_outcome_supplier_price_increase.png
7405.8s [1月23日（週五） 下午 7:00]   click "OK"
7416.9s [1月23日（週五） 下午 7:16]   use "Sleep"
7417.5s [1月23日（週五） 下午 7:16]   click [Sleep] Sleep until 7:00 AM
7420.9s [1月24日（週六） 上午 7:00]   shot 416_decision_customer_return.png
7420.9s [1月24日（週六） 上午 7:00]   decision customer_return → replace
7420.9s [1月24日（週六） 上午 7:00]   click [Choice_replace] 寄一個新的
7422.3s [1月24日（週六） 上午 7:00]   shot 417_decision_outcome_customer_return.png
7422.3s [1月24日（週六） 上午 7:00]   click "OK"
7433.3s [1月24日（週六） 上午 7:16]   use "Packing table"
7434.1s [1月24日（週六） 上午 7:17]   click [Pack] 打包 1 筆訂單（8 分鐘）
7435.0s [1月24日（週六） 上午 7:26]   click [CourierEconomy] 快遞 · 經濟 3 天（$9.52）
7437.4s [1月24日（週六） 下午 5:00]   toast: Riverlight Goods 咖啡 今天沒開門：吧台沒人顧。去僱一位咖啡師（人員分頁），或自己站吧台。
7437.9s [1月24日（週六） 下午 7:00]   info card: Customer ownership — 90-day estimate
7437.9s [1月24日（週六） 下午 7:00]   shot 418_info_customer_ownership_—_90-.png
7437.9s [1月24日（週六） 下午 7:00]   click "Close"
7438.4s [1月24日（週六） 下午 7:00]   shot 419_decision_customer_return.png
7438.4s [1月24日（週六） 下午 7:00]   decision customer_return → replace
7438.4s [1月24日（週六） 下午 7:00]   click [Choice_replace] 寄一個新的
7439.8s [1月24日（週六） 下午 7:00]   shot 420_decision_outcome_customer_return.png
7439.8s [1月24日（週六） 下午 7:00]   click "OK"
7441.3s [1月24日（週六） 下午 7:02]   shot 421_decision_rival_undercut.png
7441.3s [1月24日（週六） 下午 7:02]   decision rival_undercut → niche
7441.3s [1月24日（週六） 下午 7:02]   click [Choice_niche] 選擇利基市場
7442.7s [1月24日（週六） 下午 7:02]   shot 422_decision_outcome_rival_undercut.png
7442.7s [1月24日（週六） 下午 7:02]   click "OK"
7452.9s [1月24日（週六） 下午 7:17]   use "Sleep"
7453.6s [1月24日（週六） 下午 7:17]   click [Sleep] Sleep until 7:00 AM
7467.4s [1月25日（週日） 上午 7:16]   use "Packing table"
7468.1s [1月25日（週日） 上午 7:17]   click [Pack] 打包 2 筆訂單（16 分鐘）
7469.1s [1月25日（週日） 上午 7:35]   click [CourierEconomy] 快遞 · 經濟 3 天（$13.04）
7471.1s [1月25日（週日） 上午 7:37]   shot 423_ch16_90_day_comparison.png
7471.1s [1月25日（週日） 上午 7:38]   ok  chapter16 recognizes collected partner income
7471.1s [1月25日（週日） 上午 7:38] STEP Overseas warehouse — real lease and sea batch input
7473.6s [1月25日（週日） 上午 7:41]   use "Use laptop — Company OS"
7474.3s [1月25日（週日） 上午 7:42]   click [Tab_sales] Ecommerce
7475.0s [1月25日（週日） 上午 7:44]   click [SalesPage_overseas] Overseas
7475.2s [1月25日（週日） 上午 7:44]   click [CompareLuminaPartners] Compare Lumina partners
7475.4s [1月25日（週日） 上午 7:44]   click [PartnerChannel_warehouse] Overseas warehouse
7475.6s [1月25日（週日） 上午 7:45]   click [OpenLuminaWarehouse] 開設 Lumina 海外倉（$100.00）
7475.8s [1月25日（週日） 上午 7:45]   click [SendLuminaStock] Send stock by sea
7476.2s [1月25日（週日） 上午 7:45]   shot 424_ch16_warehouse_batch.png
7477.1s [1月25日（週日） 上午 7:47]   ok  warehouse batch really dispatched
7477.1s [1月25日（週日） 上午 7:47]   ok  chapters15–16 books balanced
7477.1s [1月25日（週日） 上午 7:47] STEP Chapter17 — native market news and real niche response
7477.3s [1月25日（週日） 上午 7:47]   use "Use laptop — Company OS"
7478.0s [1月25日（週日） 上午 7:48]   click [Tab_overview] Overview
7478.8s [1月25日（週日） 上午 7:49]   click [OpenLegacyStory] Consolidation and legacy
7479.0s [1月25日（週日） 上午 7:49]   click [read_consolidation_news] Read the consolidation news
7479.3s [1月25日（週日） 上午 7:54]   shot 425_ch17_news.png
7479.3s [1月25日（週日） 上午 7:54]   click [CloseInfo] Close
7479.9s [1月25日（週日） 上午 7:54]   shot 426_ch17_market_choice.png
7480.8s [1月25日（週日） 上午 7:54]   click [Strategy_niche] 利基 ✓
7482.6s [1月25日（週日） 上午 7:54]   click [apply_market_response] Apply price and operating response
7483.4s [1月25日（週日） 上午 7:54]   shot 427_ch17_price_and_campaign.png
7483.4s [1月25日（週日） 上午 7:54]   ok  real price and operating action recorded
7494.1s [1月25日（週日） 下午 7:13]   use "Sleep"
7494.7s [1月25日（週日） 下午 7:13]   click [Sleep] Sleep until 7:00 AM
7508.7s [1月26日（週一） 上午 7:16]   use "Packing table"
7509.4s [1月26日（週一） 上午 7:17]   click [Pack] 打包 3 筆訂單（24 分鐘）
7510.4s [1月26日（週一） 上午 7:43]   click [CourierEconomy] 快遞 · 經濟 3 天（$16.56）
7512.7s [1月26日（週一） 下午 5:00]   toast: Riverlight Goods 咖啡 今天沒開門：吧台沒人顧。去僱一位咖啡師（人員分頁），或自己站吧台。
7523.3s [1月26日（週一） 下午 7:15]   use "Sleep"
7524.0s [1月26日（週一） 下午 7:15]   click [Sleep] Sleep until 7:00 AM
7537.8s [1月27日（週二） 上午 7:16]   use "Packing table"
7538.6s [1月27日（週二） 上午 7:17]   click [Pack] 打包 3 筆訂單（24 分鐘）
7539.5s [1月27日（週二） 上午 7:43]   click [CourierEconomy] 快遞 · 經濟 3 天（$16.56）
7541.9s [1月27日（週二） 下午 5:00]   toast: Riverlight Goods 咖啡 今天沒開門：吧台沒人顧。去僱一位咖啡師（人員分頁），或自己站吧台。
7552.5s [1月27日（週二） 下午 7:15]   use "Sleep"
7553.2s [1月27日（週二） 下午 7:15]   click [Sleep] Sleep until 7:00 AM
7557.8s [1月28日（週三） 下午 5:00]   toast: Riverlight Goods 咖啡 今天沒開門：吧台沒人顧。去僱一位咖啡師（人員分頁），或自己站吧台。
7564.5s [1月28日（週三） 下午 7:09]   use "Sleep"
7565.1s [1月28日（週三） 下午 7:09]   click [Sleep] Sleep until 7:00 AM
7578.9s [1月29日（週四） 上午 7:16]   use "Packing table"
7579.7s [1月29日（週四） 上午 7:17]   click [Pack] 打包 1 筆訂單（8 分鐘）
7580.6s [1月29日（週四） 上午 7:27]   click [CourierEconomy] 快遞 · 經濟 3 天（$9.52）
7583.0s [1月29日（週四） 下午 5:00]   toast: Riverlight Goods 咖啡 今天沒開門：吧台沒人顧。去僱一位咖啡師（人員分頁），或自己站吧台。
7593.7s [1月29日（週四） 下午 7:15]   use "Sleep"
7594.3s [1月29日（週四） 下午 7:15]   click [Sleep] Sleep until 7:00 AM
7598.9s [1月30日（週五） 下午 5:00]   toast: Riverlight Goods 咖啡 今天沒開門：吧台沒人顧。去僱一位咖啡師（人員分頁），或自己站吧台。
7605.6s [1月30日（週五） 下午 7:09]   use "Sleep"
7606.2s [1月30日（週五） 下午 7:09]   click [Sleep] Sleep until 7:00 AM
7620.1s [1月31日（週六） 上午 7:16]   use "Packing table"
7620.9s [1月31日（週六） 上午 7:17]   click [Pack] 打包 1 筆訂單（8 分鐘）
7621.8s [1月31日（週六） 上午 7:27]   click [CourierEconomy] 快遞 · 經濟 3 天（$9.52）
7624.2s [1月31日（週六） 下午 5:00]   toast: Riverlight Goods 咖啡 今天沒開門：吧台沒人顧。去僱一位咖啡師（人員分頁），或自己站吧台。
7634.9s [1月31日（週六） 下午 7:15]   use "Sleep"
7635.5s [1月31日（週六） 下午 7:15]   click [Sleep] Sleep until 7:00 AM
7640.6s [2月1日（週日） 上午 7:00]   shot 428_month_close_report.png
7640.6s [2月1日（週日） 上午 7:00]   click [month close] Continue
7651.7s [2月1日（週日） 上午 7:16]   use "Packing table"
7652.4s [2月1日（週日） 上午 7:17]   click [Pack] 打包 7 筆訂單（56 分鐘）
7653.6s [2月1日（週日） 上午 8:15]   click [CourierEconomy] 快遞 · 經濟 3 天（$30.64）
7657.3s [2月1日（週日） 下午 7:03]   toast: 新評價 #2807：★★★「還行。」
7666.4s [2月1日（週日） 下午 7:16]   use "Sleep"
7667.1s [2月1日（週日） 下午 7:16]   click [Sleep] Sleep until 7:00 AM
7680.9s [2月2日（週一） 上午 7:16]   use "Packing table"
7681.7s [2月2日（週一） 上午 7:17]   click [Pack] 打包 2 筆訂單（16 分鐘）
7682.6s [2月2日（週一） 上午 7:35]   click [CourierEconomy] 快遞 · 經濟 3 天（$13.04）
7685.0s [2月2日（週一） 下午 5:00]   toast: Riverlight Goods 咖啡 今天沒開門：吧台沒人顧。去僱一位咖啡師（人員分頁），或自己站吧台。
7695.7s [2月2日（週一） 下午 7:15]   use "Sleep"
7696.3s [2月2日（週一） 下午 7:15]   click [Sleep] Sleep until 7:00 AM
7710.2s [2月3日（週二） 上午 7:16]   use "Packing table"
7711.0s [2月3日（週二） 上午 7:17]   click [Pack] 打包 2 筆訂單（16 分鐘）
7711.9s [2月3日（週二） 上午 7:35]   click [CourierEconomy] 快遞 · 經濟 3 天（$13.04）
7714.2s [2月3日（週二） 下午 5:00]   toast: Riverlight Goods 咖啡 今天沒開門：吧台沒人顧。去僱一位咖啡師（人員分頁），或自己站吧台。
7724.9s [2月3日（週二） 下午 7:15]   use "Sleep"
7725.5s [2月3日（週二） 下午 7:15]   click [Sleep] Sleep until 7:00 AM
7739.4s [2月4日（週三） 上午 7:16]   use "Packing table"
7740.2s [2月4日（週三） 上午 7:17]   click [Pack] 打包 4 筆訂單（32 分鐘）
7741.2s [2月4日（週三） 上午 7:51]   click [CourierEconomy] 快遞 · 經濟 3 天（$20.08）
7743.6s [2月4日（週三） 下午 5:00]   toast: Riverlight Goods 咖啡 今天沒開門：吧台沒人顧。去僱一位咖啡師（人員分頁），或自己站吧台。
7754.3s [2月4日（週三） 下午 7:15]   use "Sleep"
7754.9s [2月4日（週三） 下午 7:15]   click [Sleep] Sleep until 7:00 AM
7768.8s [2月5日（週四） 上午 7:16]   use "Packing table"
7769.5s [2月5日（週四） 上午 7:17]   click [Pack] 打包 3 筆訂單（24 分鐘）
7770.5s [2月5日（週四） 上午 7:43]   click [CourierEconomy] 快遞 · 經濟 3 天（$16.56）
7772.9s [2月5日（週四） 下午 5:00]   toast: Riverlight Goods 咖啡 今天沒開門：吧台沒人顧。去僱一位咖啡師（人員分頁），或自己站吧台。
7783.5s [2月5日（週四） 下午 7:15]   use "Sleep"
7784.2s [2月5日（週四） 下午 7:15]   click [Sleep] Sleep until 7:00 AM
7798.0s [2月6日（週五） 上午 7:16]   use "Packing table"
7798.7s [2月6日（週五） 上午 7:17]   click [Pack] 打包 1 筆訂單（8 分鐘）
7799.7s [2月6日（週五） 上午 7:27]   click [CourierEconomy] 快遞 · 經濟 3 天（$9.52）
7802.0s [2月6日（週五） 下午 5:00]   toast: Riverlight Goods 咖啡 今天沒開門：吧台沒人顧。去僱一位咖啡師（人員分頁），或自己站吧台。
7812.7s [2月6日（週五） 下午 7:15]   use "Sleep"
7813.3s [2月6日（週五） 下午 7:15]   click [Sleep] Sleep until 7:00 AM
7816.7s [2月7日（週六） 上午 7:00]   shot 429_decision_customer_return.png
7816.7s [2月7日（週六） 上午 7:00]   decision customer_return → replace
7816.7s [2月7日（週六） 上午 7:00]   click [Choice_replace] 寄一個新的
7818.2s [2月7日（週六） 上午 7:00]   shot 430_decision_outcome_customer_return.png
7818.2s [2月7日（週六） 上午 7:00]   click "OK"
7818.7s [2月7日（週六） 上午 7:00]   shot 431_decision_customer_return.png
7818.7s [2月7日（週六） 上午 7:00]   decision customer_return → replace
7818.7s [2月7日（週六） 上午 7:00]   click [Choice_replace] 寄一個新的
7820.1s [2月7日（週六） 上午 7:00]   shot 432_decision_outcome_customer_return.png
7820.1s [2月7日（週六） 上午 7:00]   click "OK"
7831.1s [2月7日（週六） 上午 7:16]   use "Packing table"
7831.9s [2月7日（週六） 上午 7:17]   click [Pack] 打包 2 筆訂單（16 分鐘）
7832.8s [2月7日（週六） 上午 7:34]   click [CourierEconomy] 快遞 · 經濟 3 天（$13.04）
7835.2s [2月7日（週六） 下午 5:00]   toast: Riverlight Goods 咖啡 今天沒開門：吧台沒人顧。去僱一位咖啡師（人員分頁），或自己站吧台。
7845.9s [2月7日（週六） 下午 7:16]   use "Sleep"
7846.5s [2月7日（週六） 下午 7:16]   click [Sleep] Sleep until 7:00 AM
7850.0s [2月8日（週日） 上午 7:00]   shot 433_decision_customer_return.png
7850.0s [2月8日（週日） 上午 7:00]   decision customer_return → replace
7850.0s [2月8日（週日） 上午 7:00]   click [Choice_replace] 寄一個新的
7851.4s [2月8日（週日） 上午 7:00]   shot 434_decision_outcome_customer_return.png
7851.4s [2月8日（週日） 上午 7:00]   click "OK"
7862.5s [2月8日（週日） 上午 7:16]   use "Packing table"
7863.2s [2月8日（週日） 上午 7:17]   click [Pack] 打包 1 筆訂單（8 分鐘）
7864.2s [2月8日（週日） 上午 7:26]   click [CourierEconomy] 快遞 · 經濟 3 天（$9.52）
7877.2s [2月8日（週日） 下午 7:16]   use "Sleep"
7877.8s [2月8日（週日） 下午 7:16]   click [Sleep] Sleep until 7:00 AM
7881.8s [2月9日（週一） 上午 11:31]   toast: 新評價 #2848：★「浪費錢。」
7882.5s [2月9日（週一） 下午 5:00]   toast: Riverlight Goods 咖啡 今天沒開門：吧台沒人顧。去僱一位咖啡師（人員分頁），或自己站吧台。
7889.2s [2月9日（週一） 下午 7:09]   use "Sleep"
7889.9s [2月9日（週一） 下午 7:09]   click [Sleep] Sleep until 7:00 AM
7893.4s [2月10日（週二） 上午 7:00]   shot 435_decision_customer_return.png
7893.4s [2月10日（週二） 上午 7:00]   decision customer_return → refund
7893.4s [2月10日（週二） 上午 7:00]   click [Choice_refund] 退款＋收回商品
7894.8s [2月10日（週二） 上午 7:00]   shot 436_decision_outcome_customer_return.png
7894.8s [2月10日（週二） 上午 7:00]   click "OK"
7896.5s [2月10日（週二） 下午 5:00]   toast: Riverlight Goods 咖啡 今天沒開門：吧台沒人顧。去僱一位咖啡師（人員分頁），或自己站吧台。
7897.0s [2月10日（週二） 下午 7:00]   shot 437_decision_supplier_price_increase.png
7897.0s [2月10日（週二） 下午 7:00]   decision supplier_price_increase → accept
7897.0s [2月10日（週二） 下午 7:00]   click [Choice_accept] 好。繼續跟你進貨。
7898.4s [2月10日（週二） 下午 7:00]   shot 438_decision_outcome_supplier_price_increase.png
7898.4s [2月10日（週二） 下午 7:00]   click "OK"
7905.4s [2月10日（週二） 下午 7:10]   use "Sleep"
7906.0s [2月10日（週二） 下午 7:10]   click [Sleep] Sleep until 7:00 AM
7910.6s [2月11日（週三） 下午 5:00]   toast: Riverlight Goods 咖啡 今天沒開門：吧台沒人顧。去僱一位咖啡師（人員分頁），或自己站吧台。
7911.1s [2月11日（週三） 下午 7:00]   use "Sleep"
7911.8s [2月11日（週三） 下午 7:00]   click [Sleep] Sleep until 7:00 AM
7916.5s [2月12日（週四） 下午 5:00]   toast: Riverlight Goods 咖啡 今天沒開門：吧台沒人顧。去僱一位咖啡師（人員分頁），或自己站吧台。
7917.0s [2月12日（週四） 下午 7:00]   shot 439_decision_customer_return.png
7917.0s [2月12日（週四） 下午 7:00]   decision customer_return → refund
7917.0s [2月12日（週四） 下午 7:00]   click [Choice_refund] 退款＋收回商品
7918.4s [2月12日（週四） 下午 7:00]   shot 440_decision_outcome_customer_return.png
7918.4s [2月12日（週四） 下午 7:00]   click "OK"
7919.1s [2月12日（週四） 下午 7:00]   use "Sleep"
7919.8s [2月12日（週四） 下午 7:00]   click [Sleep] Sleep until 7:00 AM
7924.4s [2月13日（週五） 下午 5:00]   toast: Riverlight Goods 咖啡 今天沒開門：吧台沒人顧。去僱一位咖啡師（人員分頁），或自己站吧台。
7924.9s [2月13日（週五） 下午 7:00]   use "Sleep"
7925.5s [2月13日（週五） 下午 7:00]   click [Sleep] Sleep until 7:00 AM
7930.2s [2月14日（週六） 下午 5:00]   toast: Riverlight Goods 咖啡 今天沒開門：吧台沒人顧。去僱一位咖啡師（人員分頁），或自己站吧台。
7930.8s [2月14日（週六） 下午 7:00]   use "Sleep"
7931.4s [2月14日（週六） 下午 7:00]   click [Sleep] Sleep until 7:00 AM
7936.6s [2月15日（週日） 下午 7:00]   use "Sleep"
7937.2s [2月15日（週日） 下午 7:00]   click [Sleep] Sleep until 7:00 AM
7941.8s [2月16日（週一） 下午 5:00]   toast: Riverlight Goods 咖啡 今天沒開門：吧台沒人顧。去僱一位咖啡師（人員分頁），或自己站吧台。
7942.4s [2月16日（週一） 下午 7:00]   use "Sleep"
7943.0s [2月16日（週一） 下午 7:00]   click [Sleep] Sleep until 7:00 AM
7947.6s [2月17日（週二） 下午 5:00]   toast: Riverlight Goods 咖啡 今天沒開門：吧台沒人顧。去僱一位咖啡師（人員分頁），或自己站吧台。
7948.2s [2月17日（週二） 下午 7:00]   use "Sleep"
7948.8s [2月17日（週二） 下午 7:00]   click [Sleep] Sleep until 7:00 AM
7953.5s [2月18日（週三） 下午 5:00]   toast: Riverlight Goods 咖啡 今天沒開門：吧台沒人顧。去僱一位咖啡師（人員分頁），或自己站吧台。
7954.1s [2月18日（週三） 下午 7:00]   use "Sleep"
7954.7s [2月18日（週三） 下午 7:00]   click [Sleep] Sleep until 7:00 AM
7959.4s [2月19日（週四） 下午 5:00]   toast: Riverlight Goods 咖啡 今天沒開門：吧台沒人顧。去僱一位咖啡師（人員分頁），或自己站吧台。
7960.0s [2月19日（週四） 下午 7:00]   use "Sleep"
7960.6s [2月19日（週四） 下午 7:00]   click [Sleep] Sleep until 7:00 AM
7965.2s [2月20日（週五） 下午 5:00]   toast: Riverlight Goods 咖啡 今天沒開門：吧台沒人顧。去僱一位咖啡師（人員分頁），或自己站吧台。
7965.8s [2月20日（週五） 下午 7:00]   use "Sleep"
7966.4s [2月20日（週五） 下午 7:00]   click [Sleep] Sleep until 7:00 AM
7971.0s [2月21日（週六） 下午 5:00]   toast: Riverlight Goods 咖啡 今天沒開門：吧台沒人顧。去僱一位咖啡師（人員分頁），或自己站吧台。
7971.6s [2月21日（週六） 下午 7:00]   use "Sleep"
7972.2s [2月21日（週六） 下午 7:00]   click [Sleep] Sleep until 7:00 AM
7977.5s [2月22日（週日） 下午 7:00]   use "Sleep"
7978.1s [2月22日（週日） 下午 7:00]   click [Sleep] Sleep until 7:00 AM
7982.8s [2月23日（週一） 下午 5:00]   toast: Riverlight Goods 咖啡 今天沒開門：吧台沒人顧。去僱一位咖啡師（人員分頁），或自己站吧台。
7983.3s [2月23日（週一） 下午 7:00]   use "Sleep"
7984.0s [2月23日（週一） 下午 7:00]   click [Sleep] Sleep until 7:00 AM
7988.6s [2月24日（週二） 下午 5:00]   toast: Riverlight Goods 咖啡 今天沒開門：吧台沒人顧。去僱一位咖啡師（人員分頁），或自己站吧台。
7989.1s [2月24日（週二） 下午 7:00]   use "Sleep"
7989.8s [2月24日（週二） 下午 7:00]   click [Sleep] Sleep until 7:00 AM
7994.5s [2月25日（週三） 下午 5:00]   toast: Riverlight Goods 咖啡 今天沒開門：吧台沒人顧。去僱一位咖啡師（人員分頁），或自己站吧台。
7995.0s [2月25日（週三） 下午 7:00]   use "Sleep"
7995.7s [2月25日（週三） 下午 7:00]   click [Sleep] Sleep until 7:00 AM
8000.3s [2月26日（週四） 下午 5:00]   toast: Riverlight Goods 咖啡 今天沒開門：吧台沒人顧。去僱一位咖啡師（人員分頁），或自己站吧台。
8000.8s [2月26日（週四） 下午 7:00]   use "Sleep"
8001.4s [2月26日（週四） 下午 7:00]   click [Sleep] Sleep until 7:00 AM
8006.1s [2月27日（週五） 下午 5:00]   toast: Riverlight Goods 咖啡 今天沒開門：吧台沒人顧。去僱一位咖啡師（人員分頁），或自己站吧台。
8006.7s [2月27日（週五） 下午 7:00]   use "Sleep"
8007.3s [2月27日（週五） 下午 7:00]   click [Sleep] Sleep until 7:00 AM
8011.9s [2月28日（週六） 下午 5:00]   toast: Riverlight Goods 咖啡 今天沒開門：吧台沒人顧。去僱一位咖啡師（人員分頁），或自己站吧台。
8012.5s [2月28日（週六） 下午 7:00]   use "Sleep"
8013.1s [2月28日（週六） 下午 7:00]   click [Sleep] Sleep until 7:00 AM
8018.4s [2月29日（週日） 下午 7:00]   use "Sleep"
8019.0s [2月29日（週日） 下午 7:00]   click [Sleep] Sleep until 7:00 AM
8024.0s [3月1日（週一） 上午 7:00]   shot 441_month_close_report.png
8024.0s [3月1日（週一） 上午 7:00]   click [month close] Continue
8025.8s [3月1日（週一） 下午 5:00]   toast: Riverlight Goods 咖啡 今天沒開門：吧台沒人顧。去僱一位咖啡師（人員分頁），或自己站吧台。
8026.3s [3月1日（週一） 下午 7:01]   use "Sleep"
8027.0s [3月1日（週一） 下午 7:01]   click [Sleep] Sleep until 7:00 AM
8031.6s [3月2日（週二） 下午 5:00]   toast: Riverlight Goods 咖啡 今天沒開門：吧台沒人顧。去僱一位咖啡師（人員分頁），或自己站吧台。
8032.1s [3月2日（週二） 下午 7:00]   shot 442_decision_supplier_price_increase.png
8032.1s [3月2日（週二） 下午 7:00]   decision supplier_price_increase → accept
8032.1s [3月2日（週二） 下午 7:00]   click [Choice_accept] 好。繼續跟你進貨。
8033.5s [3月2日（週二） 下午 7:00]   shot 443_decision_outcome_supplier_price_increase.png
8033.5s [3月2日（週二） 下午 7:00]   click "OK"
8034.2s [3月2日（週二） 下午 7:00]   use "Sleep"
8034.9s [3月2日（週二） 下午 7:00]   click [Sleep] Sleep until 7:00 AM
8039.6s [3月3日（週三） 下午 5:00]   toast: Riverlight Goods 咖啡 今天沒開門：吧台沒人顧。去僱一位咖啡師（人員分頁），或自己站吧台。
8040.2s [3月3日（週三） 下午 7:00]   use "Sleep"
8040.8s [3月3日（週三） 下午 7:00]   click [Sleep] Sleep until 7:00 AM
8045.4s [3月4日（週四） 下午 5:00]   toast: Riverlight Goods 咖啡 今天沒開門：吧台沒人顧。去僱一位咖啡師（人員分頁），或自己站吧台。
8046.0s [3月4日（週四） 下午 7:00]   use "Sleep"
8046.6s [3月4日（週四） 下午 7:00]   click [Sleep] Sleep until 7:00 AM
8051.2s [3月5日（週五） 下午 5:00]   toast: Riverlight Goods 咖啡 今天沒開門：吧台沒人顧。去僱一位咖啡師（人員分頁），或自己站吧台。
8051.8s [3月5日（週五） 下午 7:00]   use "Sleep"
8052.4s [3月5日（週五） 下午 7:00]   click [Sleep] Sleep until 7:00 AM
8057.1s [3月6日（週六） 下午 5:00]   toast: Riverlight Goods 咖啡 今天沒開門：吧台沒人顧。去僱一位咖啡師（人員分頁），或自己站吧台。
8057.6s [3月6日（週六） 下午 7:00]   use "Sleep"
8058.3s [3月6日（週六） 下午 7:00]   click [Sleep] Sleep until 7:00 AM
8063.4s [3月7日（週日） 下午 7:00]   use "Sleep"
8064.0s [3月7日（週日） 下午 7:00]   click [Sleep] Sleep until 7:00 AM
8068.7s [3月8日（週一） 下午 5:00]   toast: Riverlight Goods 咖啡 今天沒開門：吧台沒人顧。去僱一位咖啡師（人員分頁），或自己站吧台。
8069.3s [3月8日（週一） 下午 7:00]   use "Sleep"
8069.9s [3月8日（週一） 下午 7:00]   click [Sleep] Sleep until 7:00 AM
8074.6s [3月9日（週二） 下午 5:00]   toast: Riverlight Goods 咖啡 今天沒開門：吧台沒人顧。去僱一位咖啡師（人員分頁），或自己站吧台。
8075.2s [3月9日（週二） 下午 7:00]   use "Sleep"
8075.8s [3月9日（週二） 下午 7:00]   click [Sleep] Sleep until 7:00 AM
8080.5s [3月10日（週三） 下午 5:00]   toast: Riverlight Goods 咖啡 今天沒開門：吧台沒人顧。去僱一位咖啡師（人員分頁），或自己站吧台。
8081.1s [3月10日（週三） 下午 7:00]   use "Sleep"
8081.8s [3月10日（週三） 下午 7:00]   click [Sleep] Sleep until 7:00 AM
8085.3s [3月11日（週四） 上午 7:00]   shot 444_decision_cafe_inspection.png
8085.3s [3月11日（週四） 上午 7:00]   decision cafe_inspection → prepare
8085.3s [3月11日（週四） 上午 7:00]   click [Choice_prepare] 清潔十五分鐘後接受檢查
8086.8s [3月11日（週四） 上午 7:15]   shot 445_decision_outcome_cafe_inspection.png
8086.8s [3月11日（週四） 上午 7:15]   click "OK"
8089.0s [3月11日（週四） 下午 7:01]   use "Sleep"
8089.7s [3月11日（週四） 下午 7:01]   click [Sleep] Sleep until 7:00 AM
8094.3s [3月12日（週五） 下午 5:00]   toast: Riverlight Goods 咖啡 今天沒開門：吧台沒人顧。去僱一位咖啡師（人員分頁），或自己站吧台。
8094.9s [3月12日（週五） 下午 7:00]   use "Sleep"
8095.5s [3月12日（週五） 下午 7:00]   click [Sleep] Sleep until 7:00 AM
8100.3s [3月13日（週六） 下午 5:00]   toast: Riverlight Goods 咖啡 今天沒開門：吧台沒人顧。去僱一位咖啡師（人員分頁），或自己站吧台。
8100.8s [3月13日（週六） 下午 7:00]   use "Sleep"
8101.4s [3月13日（週六） 下午 7:00]   click [Sleep] Sleep until 7:00 AM
8106.7s [3月14日（週日） 下午 7:00]   use "Sleep"
8107.3s [3月14日（週日） 下午 7:00]   click [Sleep] Sleep until 7:00 AM
8112.0s [3月15日（週一） 下午 5:00]   toast: Riverlight Goods 咖啡 今天沒開門：吧台沒人顧。去僱一位咖啡師（人員分頁），或自己站吧台。
8112.6s [3月15日（週一） 下午 7:00]   use "Sleep"
8113.2s [3月15日（週一） 下午 7:00]   click [Sleep] Sleep until 7:00 AM
8117.8s [3月16日（週二） 下午 5:00]   toast: Riverlight Goods 咖啡 今天沒開門：吧台沒人顧。去僱一位咖啡師（人員分頁），或自己站吧台。
8118.4s [3月16日（週二） 下午 7:00]   use "Sleep"
8119.1s [3月16日（週二） 下午 7:00]   click [Sleep] Sleep until 7:00 AM
8123.8s [3月17日（週三） 下午 5:00]   toast: Riverlight Goods 咖啡 今天沒開門：吧台沒人顧。去僱一位咖啡師（人員分頁），或自己站吧台。
8124.4s [3月17日（週三） 下午 7:00]   use "Sleep"
8125.0s [3月17日（週三） 下午 7:00]   click [Sleep] Sleep until 7:00 AM
8129.7s [3月18日（週四） 下午 5:00]   toast: Riverlight Goods 咖啡 今天沒開門：吧台沒人顧。去僱一位咖啡師（人員分頁），或自己站吧台。
8130.3s [3月18日（週四） 下午 7:00]   use "Sleep"
8131.0s [3月18日（週四） 下午 7:00]   click [Sleep] Sleep until 7:00 AM
8135.6s [3月19日（週五） 下午 5:00]   toast: Riverlight Goods 咖啡 今天沒開門：吧台沒人顧。去僱一位咖啡師（人員分頁），或自己站吧台。
8136.2s [3月19日（週五） 下午 7:00]   use "Sleep"
8136.8s [3月19日（週五） 下午 7:00]   click [Sleep] Sleep until 7:00 AM
8141.5s [3月20日（週六） 下午 5:00]   toast: Riverlight Goods 咖啡 今天沒開門：吧台沒人顧。去僱一位咖啡師（人員分頁），或自己站吧台。
8142.0s [3月20日（週六） 下午 7:00]   use "Sleep"
8142.7s [3月20日（週六） 下午 7:00]   click [Sleep] Sleep until 7:00 AM
8147.8s [3月21日（週日） 下午 7:00]   use "Sleep"
8148.5s [3月21日（週日） 下午 7:00]   click [Sleep] Sleep until 7:00 AM
8153.3s [3月22日（週一） 下午 5:00]   toast: Riverlight Goods 咖啡 今天沒開門：吧台沒人顧。去僱一位咖啡師（人員分頁），或自己站吧台。
8153.7s [3月22日（週一） 下午 7:00]   shot 446_decision_supplier_price_increase.png
8153.7s [3月22日（週一） 下午 7:00]   decision supplier_price_increase → accept
8153.7s [3月22日（週一） 下午 7:00]   click [Choice_accept] 好。繼續跟你進貨。
8155.2s [3月22日（週一） 下午 7:00]   shot 447_decision_outcome_supplier_price_increase.png
8155.2s [3月22日（週一） 下午 7:00]   click "OK"
8155.9s [3月22日（週一） 下午 7:00]   use "Sleep"
8156.5s [3月22日（週一） 下午 7:00]   click [Sleep] Sleep until 7:00 AM
8161.2s [3月23日（週二） 下午 5:00]   toast: Riverlight Goods 咖啡 今天沒開門：吧台沒人顧。去僱一位咖啡師（人員分頁），或自己站吧台。
8161.8s [3月23日（週二） 下午 7:00]   use "Sleep"
8162.4s [3月23日（週二） 下午 7:00]   click [Sleep] Sleep until 7:00 AM
8167.1s [3月24日（週三） 下午 5:00]   toast: Riverlight Goods 咖啡 今天沒開門：吧台沒人顧。去僱一位咖啡師（人員分頁），或自己站吧台。
8167.7s [3月24日（週三） 下午 7:00]   use "Sleep"
8168.3s [3月24日（週三） 下午 7:00]   click [Sleep] Sleep until 7:00 AM
8172.9s [3月25日（週四） 下午 5:00]   toast: Riverlight Goods 咖啡 今天沒開門：吧台沒人顧。去僱一位咖啡師（人員分頁），或自己站吧台。
8173.4s [3月25日（週四） 下午 7:00]   use "Sleep"
8174.1s [3月25日（週四） 下午 7:00]   click [Sleep] Sleep until 7:00 AM
8185.5s [3月26日（週五） 上午 7:12]   use "Use laptop — Company OS"
8186.3s [3月26日（週五） 上午 7:14]   click [Tab_overview] Overview
8187.0s [3月26日（週五） 上午 7:15]   click [OpenLegacyStory] Consolidation and legacy
8187.3s [3月26日（週五） 上午 7:15]   shot 448_ch17_survival_review.png
8188.3s [3月26日（週五） 上午 7:15]   click [kai_interview] Accept Kai's interview
8189.4s [3月26日（週五） 上午 7:15]   shot 449_ch17_comparison.png
8189.4s [3月26日（週五） 上午 7:15]   info card: Compare consolidation routes
8189.4s [3月26日（週五） 上午 7:15]   shot 450_info_compare_consolidation_ro.png
8189.4s [3月26日（週五） 上午 7:15]   click "Close"
8189.9s [3月26日（週五） 上午 7:15]   ok  chapter17 complete or honestly unavailable
8189.9s [3月26日（週五） 上午 7:15] STEP Chapter18 — actual Maya dialogue, ending and every epilogue card
8189.9s [3月26日（週五） 上午 7:15]   click [meet_maya_legacy] Call Maya or meet at Bloom Coffee
8193.0s [3月26日（週五） 上午 7:15]   choose "› 我想繼續經營。"
8195.8s [3月26日（週五） 上午 7:15]   shot 451_ch18_ending_choices.png
8195.8s [3月26日（週五） 上午 7:15]   ok  actual legacy conversation completed
8196.8s [3月26日（週五） 上午 7:15]   click [LegacyChoice_independent] Keep building
8197.5s [3月26日（週五） 上午 7:15]   shot 452_ch18_independent_card_1.png
8198.5s [3月26日（週五） 上午 7:15]   click [legacy_next_card] Next card
8199.2s [3月26日（週五） 上午 7:15]   shot 453_ch18_independent_card_2.png
8200.2s [3月26日（週五） 上午 7:15]   click [legacy_next_card] Next card
8201.0s [3月26日（週五） 上午 7:15]   shot 454_ch18_independent_card_3.png
8201.9s [3月26日（週五） 上午 7:15]   click [legacy_next_card] Next card
8202.7s [3月26日（週五） 上午 7:15]   shot 455_ch18_independent_card_4.png
8203.7s [3月26日（週五） 上午 7:15]   click [legacy_next_card] Next card
8204.4s [3月26日（週五） 上午 7:15]   shot 456_ch18_independent_card_5.png
8205.4s [3月26日（週五） 上午 7:15]   click [legacy_next_card] Finish epilogue
8206.3s [3月26日（週五） 上午 7:15]   ok  all epilogue cards viewed: independent
8206.3s [3月26日（週五） 上午 7:15]   click [KeepThisLife] Keep living this life
8206.4s [3月26日（週五） 上午 7:15]   click [legacy_free_play] Return to free play
8206.6s [3月26日（週五） 上午 7:15]   ok  all chapter17–18 books balance
8206.9s [3月26日（週五） 上午 7:15]   use "Use laptop — Company OS"
8207.6s [3月26日（週五） 上午 7:16]   click [Tab_overview] Overview
8209.1s [3月26日（週五） 上午 7:18]   click [OpenCityFuture] 城市的未來
8210.4s [3月26日（週五） 上午 7:19]   click [city_start] 加入城市提案
8210.9s [3月26日（週五） 上午 7:19] STEP Civic chapter 19 — real supplier invoices and player decision
8211.6s [3月26日（週五） 上午 7:19]   click [city_read] 閱讀市府簡報。
8212.2s [3月26日（週五） 上午 7:19]   shot 457_city19_supplier_budget.png
8212.9s [3月26日（週五） 上午 7:19]   click [city_partner] 加入城市合作，由市府預算支付供應商
8214.2s [3月26日（週五） 上午 7:19]   click [city_wait] 回到城市，等待已付款服務交付
8215.8s [3月26日（週五） 下午 5:00]   toast: Riverlight Goods 咖啡 今天沒開門：吧台沒人顧。去僱一位咖啡師（人員分頁），或自己站吧台。
8218.6s [3月27日（週六） 下午 5:00]   toast: Riverlight Goods 咖啡 今天沒開門：吧台沒人顧。去僱一位咖啡師（人員分頁），或自己站吧台。
8224.3s [3月29日（週一） 下午 5:00]   toast: Riverlight Goods 咖啡 今天沒開門：吧台沒人顧。去僱一位咖啡師（人員分頁），或自己站吧台。
8227.1s [3月30日（週二） 下午 5:00]   toast: Riverlight Goods 咖啡 今天沒開門：吧台沒人顧。去僱一位咖啡師（人員分頁），或自己站吧台。
8230.0s [3月31日（週三） 下午 5:00]   toast: Riverlight Goods 咖啡 今天沒開門：吧台沒人顧。去僱一位咖啡師（人員分頁），或自己站吧台。
8233.0s [4月1日（週四） 下午 5:00]   toast: Riverlight Goods 咖啡 今天沒開門：吧台沒人顧。去僱一位咖啡師（人員分頁），或自己站吧台。
8235.8s [4月2日（週五） 下午 5:00]   toast: Riverlight Goods 咖啡 今天沒開門：吧台沒人顧。去僱一位咖啡師（人員分頁），或自己站吧台。
[watchdog] main loop stalled 20 s · sim phase 'hour:macro' · story check 'city19_plan' · last bot line '  toast: Riverlight Goods 咖啡 今天沒開門：吧台沒人顧。去僱一位咖啡師（人員分頁），或自己站吧台。'
8239.1s [4月3日（週六） 上午 7:19]   shot 458_month_close_report.png
8239.1s [4月3日（週六） 上午 7:19]   click [month close] Continue
8239.9s [4月3日（週六） 上午 7:20]   use "Use laptop — Company OS"
8240.6s [4月3日（週六） 上午 7:21]   click [Tab_overview] Overview
8242.1s [4月3日（週六） 上午 7:23]   click [OpenCityFuture] 城市的未來
8242.7s [4月3日（週六） 上午 7:23]   shot 459_city19_real_decisions.png
8243.4s [4月3日（週六） 上午 7:23]   click [CityChoice_balanced] 提交均衡的博覽會申辦提案
8244.7s [4月3日（週六） 上午 7:23]   click [city_wait_result] 回到城市，等待兩天後公布成果
8246.4s [4月3日（週六） 下午 5:00]   toast: Riverlight Goods 咖啡 今天沒開門：吧台沒人顧。去僱一位咖啡師（人員分頁），或自己站吧台。
8251.5s [4月5日（週一） 上午 8:24]   use "Use laptop — Company OS"
8252.2s [4月5日（週一） 上午 8:25]   click [Tab_overview] Overview
8253.7s [4月5日（週一） 上午 8:27]   click [OpenCityFuture] 城市的未來
8254.2s [4月5日（週一） 上午 8:27]   shot 460_city19_recorded_result.png
8254.9s [4月5日（週一） 上午 8:27]   click [city_review] 檢視實際交付與城市成果。
8255.5s [4月5日（週一） 上午 8:27]   ok  city chapter completed from actual services and result 19
8255.5s [4月5日（週一） 上午 8:27]   ok  city chapter 19 balanced books
8255.5s [4月5日（週一） 上午 8:27] STEP Civic chapter 20 — real supplier invoices and player decision
8256.2s [4月5日（週一） 上午 8:27]   click [city_read] 閱讀市府簡報。
8256.8s [4月5日（週一） 上午 8:27]   shot 461_city20_supplier_budget.png
8257.5s [4月5日（週一） 上午 8:27]   click [city_partner] 加入城市合作，由市府預算支付供應商
8258.7s [4月5日（週一） 上午 8:27]   click [city_wait] 回到城市，等待已付款服務交付
8260.3s [4月5日（週一） 下午 5:00]   toast: Riverlight Goods 咖啡 今天沒開門：吧台沒人顧。去僱一位咖啡師（人員分頁），或自己站吧台。
8263.2s [4月6日（週二） 下午 5:00]   toast: Riverlight Goods 咖啡 今天沒開門：吧台沒人顧。去僱一位咖啡師（人員分頁），或自己站吧台。
8266.0s [4月7日（週三） 下午 5:00]   toast: Riverlight Goods 咖啡 今天沒開門：吧台沒人顧。去僱一位咖啡師（人員分頁），或自己站吧台。
8268.9s [4月8日（週四） 下午 5:00]   toast: Riverlight Goods 咖啡 今天沒開門：吧台沒人顧。去僱一位咖啡師（人員分頁），或自己站吧台。
8271.7s [4月9日（週五） 下午 5:00]   toast: Riverlight Goods 咖啡 今天沒開門：吧台沒人顧。去僱一位咖啡師（人員分頁），或自己站吧台。
8274.6s [4月10日（週六） 下午 5:00]   toast: Riverlight Goods 咖啡 今天沒開門：吧台沒人顧。去僱一位咖啡師（人員分頁），或自己站吧台。
8280.4s [4月12日（週一） 下午 5:00]   toast: Riverlight Goods 咖啡 今天沒開門：吧台沒人顧。去僱一位咖啡師（人員分頁），或自己站吧台。
[watchdog] main loop stalled 20 s · sim phase 'hour:macro' · story check 'city20_plan' · last bot line '  toast: Riverlight Goods 咖啡 今天沒開門：吧台沒人顧。去僱一位咖啡師（人員分頁），或自己站吧台。'
8282.6s [4月13日（週二） 上午 8:28]   use "Use laptop — Company OS"
8283.3s [4月13日（週二） 上午 8:29]   click [Tab_overview] Overview
8284.8s [4月13日（週二） 上午 8:31]   click [OpenCityFuture] 城市的未來
8285.4s [4月13日（週二） 上午 8:31]   shot 462_city20_real_decisions.png
8286.1s [4月13日（週二） 上午 8:31]   click [CityChoice_transparent] 公開招標，接受獨立監督
8287.4s [4月13日（週二） 上午 8:31]   click [city_wait_result] 回到城市，等待兩天後公布成果
8288.9s [4月13日（週二） 下午 5:00]   toast: Riverlight Goods 咖啡 今天沒開門：吧台沒人顧。去僱一位咖啡師（人員分頁），或自己站吧台。
8291.7s [4月14日（週三） 下午 5:00]   toast: Riverlight Goods 咖啡 今天沒開門：吧台沒人顧。去僱一位咖啡師（人員分頁），或自己站吧台。
8294.1s [4月15日（週四） 上午 9:32]   use "Use laptop — Company OS"
8294.8s [4月15日（週四） 上午 9:33]   click [Tab_overview] Overview
8296.3s [4月15日（週四） 上午 9:35]   click [OpenCityFuture] 城市的未來
8296.9s [4月15日（週四） 上午 9:35]   shot 463_city20_recorded_result.png
8297.6s [4月15日（週四） 上午 9:35]   click [city_review] 檢視實際交付與城市成果。
8298.1s [4月15日（週四） 上午 9:35]   ok  city chapter completed from actual services and result 20
8298.1s [4月15日（週四） 上午 9:35]   ok  city chapter 20 balanced books
8298.1s [4月15日（週四） 上午 9:35] STEP Civic chapter 21 — real supplier invoices and player decision
8298.9s [4月15日（週四） 上午 9:35]   click [city_read] 閱讀市府簡報。
8299.5s [4月15日（週四） 上午 9:35]   shot 464_city21_supplier_budget.png
8300.2s [4月15日（週四） 上午 9:35]   click [city_partner] 加入城市合作，由市府預算支付供應商
8301.4s [4月15日（週四） 上午 9:35]   click [city_wait] 回到城市，等待已付款服務交付
8302.9s [4月15日（週四） 下午 5:00]   toast: Riverlight Goods 咖啡 今天沒開門：吧台沒人顧。去僱一位咖啡師（人員分頁），或自己站吧台。
8305.8s [4月16日（週五） 下午 5:00]   toast: Riverlight Goods 咖啡 今天沒開門：吧台沒人顧。去僱一位咖啡師（人員分頁），或自己站吧台。
8308.6s [4月17日（週六） 下午 5:00]   toast: Riverlight Goods 咖啡 今天沒開門：吧台沒人顧。去僱一位咖啡師（人員分頁），或自己站吧台。
8314.5s [4月19日（週一） 下午 5:00]   toast: Riverlight Goods 咖啡 今天沒開門：吧台沒人顧。去僱一位咖啡師（人員分頁），或自己站吧台。
8317.4s [4月20日（週二） 下午 5:00]   toast: Riverlight Goods 咖啡 今天沒開門：吧台沒人顧。去僱一位咖啡師（人員分頁），或自己站吧台。
8320.4s [4月21日（週三） 下午 5:00]   toast: Riverlight Goods 咖啡 今天沒開門：吧台沒人顧。去僱一位咖啡師（人員分頁），或自己站吧台。
8323.2s [4月22日（週四） 下午 5:00]   toast: Riverlight Goods 咖啡 今天沒開門：吧台沒人顧。去僱一位咖啡師（人員分頁），或自己站吧台。
8325.6s [4月23日（週五） 上午 9:36]   use "Use laptop — Company OS"
8326.3s [4月23日（週五） 上午 9:37]   click [Tab_overview] Overview
8327.8s [4月23日（週五） 上午 9:39]   click [OpenCityFuture] 城市的未來
8328.4s [4月23日（週五） 上午 9:39]   shot 465_city21_real_decisions.png
8329.0s [4月23日（週五） 上午 9:39]   click [CityChoice_both] 投資小型網路，爭取分階段實施 · $6,500.00
8330.4s [4月23日（週五） 上午 9:39]   click [city_wait_result] 回到城市，等待兩天後公布成果
8331.8s [4月23日（週五） 下午 5:00]   toast: Riverlight Goods 咖啡 今天沒開門：吧台沒人顧。去僱一位咖啡師（人員分頁），或自己站吧台。
8334.7s [4月24日（週六） 下午 5:00]   toast: Riverlight Goods 咖啡 今天沒開門：吧台沒人顧。去僱一位咖啡師（人員分頁），或自己站吧台。
8337.1s [4月25日（週日） 上午 10:40]   use "Use laptop — Company OS"
8337.9s [4月25日（週日） 上午 10:41]   click [Tab_overview] Overview
8339.4s [4月25日（週日） 上午 10:43]   click [OpenCityFuture] 城市的未來
8339.9s [4月25日（週日） 上午 10:43]   shot 466_city21_recorded_result.png
8340.6s [4月25日（週日） 上午 10:43]   click [city_review] 檢視實際交付與城市成果。
8341.2s [4月25日（週日） 上午 10:43]   ok  city chapter completed from actual services and result 21
8341.2s [4月25日（週日） 上午 10:43]   ok  city chapter 21 balanced books
8341.2s [4月25日（週日） 上午 10:43] STEP Civic chapter 22 — real supplier invoices and player decision
8341.9s [4月25日（週日） 上午 10:43]   click [city_read] 閱讀市府簡報。
8342.6s [4月25日（週日） 上午 10:43]   shot 467_city22_supplier_budget.png
8343.2s [4月25日（週日） 上午 10:43]   click [city_partner] 加入城市合作，由市府預算支付供應商
8344.5s [4月25日（週日） 上午 10:43]   click [city_wait] 回到城市，等待已付款服務交付
8348.6s [4月26日（週一） 下午 5:00]   toast: Riverlight Goods 咖啡 今天沒開門：吧台沒人顧。去僱一位咖啡師（人員分頁），或自己站吧台。
8351.4s [4月27日（週二） 下午 5:00]   toast: Riverlight Goods 咖啡 今天沒開門：吧台沒人顧。去僱一位咖啡師（人員分頁），或自己站吧台。
8354.3s [4月28日（週三） 下午 5:00]   toast: Riverlight Goods 咖啡 今天沒開門：吧台沒人顧。去僱一位咖啡師（人員分頁），或自己站吧台。
8357.2s [4月29日（週四） 下午 5:00]   toast: Riverlight Goods 咖啡 今天沒開門：吧台沒人顧。去僱一位咖啡師（人員分頁），或自己站吧台。
8360.1s [4月30日（週五） 下午 5:00]   toast: Riverlight Goods 咖啡 今天沒開門：吧台沒人顧。去僱一位咖啡師（人員分頁），或自己站吧台。
8363.0s [5月1日（週六） 下午 5:00]   toast: Riverlight Goods 咖啡 今天沒開門：吧台沒人顧。去僱一位咖啡師（人員分頁），或自己站吧台。
[watchdog] main loop stalled 20 s · sim phase 'hour:macro' · story check 'city22_plan' · last bot line '  toast: Riverlight Goods 咖啡 今天沒開門：吧台沒人顧。去僱一位咖啡師（人員分頁），或自己站吧台。'
8369.6s [5月3日（週一） 上午 10:43]   shot 468_month_close_report.png
8369.6s [5月3日（週一） 上午 10:43]   click [month close] Continue
8370.4s [5月3日（週一） 上午 10:44]   use "Use laptop — Company OS"
8371.1s [5月3日（週一） 上午 10:45]   click [Tab_overview] Overview
8372.6s [5月3日（週一） 上午 10:47]   click [OpenCityFuture] 城市的未來
8373.2s [5月3日（週一） 上午 10:47]   shot 469_city22_real_decisions.png
8373.8s [5月3日（週一） 上午 10:47]   click [CityChoice_culture] 舉辦 4 小時文化工作坊 · $0.00
8375.6s [5月3日（週一） 下午 2:47]   click [city_wait_result] 回到城市，等待兩天後公布成果
8376.5s [5月3日（週一） 下午 5:00]   toast: Riverlight Goods 咖啡 今天沒開門：吧台沒人顧。去僱一位咖啡師（人員分頁），或自己站吧台。
8379.4s [5月4日（週二） 下午 5:00]   toast: Riverlight Goods 咖啡 今天沒開門：吧台沒人顧。去僱一位咖啡師（人員分頁），或自己站吧台。
8382.6s [5月5日（週三） 下午 3:48]   use "Use laptop — Company OS"
8383.3s [5月5日（週三） 下午 3:49]   click [Tab_overview] Overview
8384.8s [5月5日（週三） 下午 3:51]   click [OpenCityFuture] 城市的未來
8385.4s [5月5日（週三） 下午 3:51]   shot 470_city22_recorded_result.png
8386.0s [5月5日（週三） 下午 3:51]   click [city_review] 檢視實際交付與城市成果。
8386.7s [5月5日（週三） 下午 3:51]   ok  city chapter completed from actual services and result 22
8386.7s [5月5日（週三） 下午 3:51]   ok  city chapter 22 balanced books
8386.7s [5月5日（週三） 下午 3:51] STEP Civic chapter 23 — real supplier invoices and player decision
8387.5s [5月5日（週三） 下午 3:51]   click [city_read] 閱讀市府簡報。
8388.3s [5月5日（週三） 下午 3:51]   shot 471_city23_supplier_budget.png
8388.9s [5月5日（週三） 下午 3:51]   click [city_partner] 加入城市合作，由市府預算支付供應商
8390.1s [5月5日（週三） 下午 3:51]   click [city_wait] 回到城市，等待已付款服務交付
8390.9s [5月5日（週三） 下午 5:00]   toast: Riverlight Goods 咖啡 今天沒開門：吧台沒人顧。去僱一位咖啡師（人員分頁），或自己站吧台。
8393.9s [5月6日（週四） 下午 5:00]   toast: Riverlight Goods 咖啡 今天沒開門：吧台沒人顧。去僱一位咖啡師（人員分頁），或自己站吧台。
8397.3s [5月7日（週五） 下午 5:00]   toast: Riverlight Goods 咖啡 今天沒開門：吧台沒人顧。去僱一位咖啡師（人員分頁），或自己站吧台。
8400.7s [5月8日（週六） 下午 5:00]   toast: Riverlight Goods 咖啡 今天沒開門：吧台沒人顧。去僱一位咖啡師（人員分頁），或自己站吧台。
8406.9s [5月10日（週一） 下午 5:00]   toast: Riverlight Goods 咖啡 今天沒開門：吧台沒人顧。去僱一位咖啡師（人員分頁），或自己站吧台。
8409.9s [5月11日（週二） 下午 5:00]   toast: Riverlight Goods 咖啡 今天沒開門：吧台沒人顧。去僱一位咖啡師（人員分頁），或自己站吧台。
[watchdog] main loop stalled 20 s · sim phase 'hour:macro' · story check 'city23_plan' · last bot line '  toast: Riverlight Goods 咖啡 今天沒開門：吧台沒人顧。去僱一位咖啡師（人員分頁），或自己站吧台。'
8413.0s [5月12日（週三） 下午 5:00]   toast: Riverlight Goods 咖啡 今天沒開門：吧台沒人顧。去僱一位咖啡師（人員分頁），或自己站吧台。
8416.2s [5月13日（週四） 下午 3:52]   use "Use laptop — Company OS"
8417.0s [5月13日（週四） 下午 3:53]   click [Tab_overview] Overview
8418.5s [5月13日（週四） 下午 3:55]   click [OpenCityFuture] 城市的未來
8419.0s [5月13日（週四） 下午 3:55]   shot 472_city23_real_decisions.png
8419.7s [5月13日（週四） 下午 3:55]   click [CityChoice_neutral] 保持中立，接受選舉結果
8421.0s [5月13日（週四） 下午 3:55]   click [city_wait_result] 回到城市，等待兩天後公布成果
8421.8s [5月13日（週四） 下午 5:00]   toast: Riverlight Goods 咖啡 今天沒開門：吧台沒人顧。去僱一位咖啡師（人員分頁），或自己站吧台。
8424.9s [5月14日（週五） 下午 5:00]   toast: Riverlight Goods 咖啡 今天沒開門：吧台沒人顧。去僱一位咖啡師（人員分頁），或自己站吧台。
8428.3s [5月15日（週六） 下午 4:56]   use "Use laptop — Company OS"
8429.1s [5月15日（週六） 下午 4:57]   click [Tab_overview] Overview
8430.6s [5月15日（週六） 下午 4:59]   click [OpenCityFuture] 城市的未來
8431.1s [5月15日（週六） 下午 4:59]   shot 473_city23_recorded_result.png
8431.8s [5月15日（週六） 下午 4:59]   click [city_review] 檢視實際交付與城市成果。
8432.4s [5月15日（週六） 下午 4:59]   ok  city chapter completed from actual services and result 23
8432.4s [5月15日（週六） 下午 4:59]   ok  city chapter 23 balanced books
8432.4s [5月15日（週六） 下午 4:59] STEP Civic chapter 24 — real supplier invoices and player decision
8433.1s [5月15日（週六） 下午 4:59]   click [city_read] 閱讀市府簡報。
8433.8s [5月15日（週六） 下午 4:59]   shot 474_city24_supplier_budget.png
8434.5s [5月15日（週六） 下午 4:59]   click [city_partner] 加入城市合作，由市府預算支付供應商
8435.7s [5月15日（週六） 下午 4:59]   click [city_wait] 回到城市，等待已付款服務交付
8436.3s [5月15日（週六） 下午 5:00]   toast: Riverlight Goods 咖啡 今天沒開門：吧台沒人顧。去僱一位咖啡師（人員分頁），或自己站吧台。
8442.9s [5月17日（週一） 下午 5:00]   toast: Riverlight Goods 咖啡 今天沒開門：吧台沒人顧。去僱一位咖啡師（人員分頁），或自己站吧台。
8446.2s [5月18日（週二） 下午 5:00]   toast: Riverlight Goods 咖啡 今天沒開門：吧台沒人顧。去僱一位咖啡師（人員分頁），或自己站吧台。
8449.8s [5月19日（週三） 下午 5:00]   toast: Riverlight Goods 咖啡 今天沒開門：吧台沒人顧。去僱一位咖啡師（人員分頁），或自己站吧台。
8453.3s [5月20日（週四） 下午 5:00]   toast: Riverlight Goods 咖啡 今天沒開門：吧台沒人顧。去僱一位咖啡師（人員分頁），或自己站吧台。
8456.8s [5月21日（週五） 下午 5:00]   toast: Riverlight Goods 咖啡 今天沒開門：吧台沒人顧。去僱一位咖啡師（人員分頁），或自己站吧台。
8460.2s [5月22日（週六） 下午 5:00]   toast: Riverlight Goods 咖啡 今天沒開門：吧台沒人顧。去僱一位咖啡師（人員分頁），或自己站吧台。
[watchdog] main loop stalled 20 s · sim phase 'eco.order_place' · story check 'city24_plan' · last bot line '  toast: Riverlight Goods 咖啡 今天沒開門：吧台沒人顧。去僱一位咖啡師（人員分頁），或自己站吧台。'
8464.0s [5月23日（週日） 下午 5:00]   use "Use laptop — Company OS"
8464.7s [5月23日（週日） 下午 5:01]   click [Tab_overview] Overview
8466.2s [5月23日（週日） 下午 5:03]   click [OpenCityFuture] 城市的未來
8466.8s [5月23日（週日） 下午 5:03]   shot 475_city24_real_decisions.png
8467.4s [5月23日（週日） 下午 5:03]   click [CityChoice_resilient] 聘用待命團隊 · $1,000.00，減少危機衝擊
8468.8s [5月23日（週日） 下午 5:03]   click [city_wait_result] 回到城市，等待兩天後公布成果
8472.7s [5月24日（週一） 下午 5:00]   toast: Riverlight Goods 咖啡 今天沒開門：吧台沒人顧。去僱一位咖啡師（人員分頁），或自己站吧台。
8476.0s [5月25日（週二） 下午 5:00]   toast: Riverlight Goods 咖啡 今天沒開門：吧台沒人顧。去僱一位咖啡師（人員分頁），或自己站吧台。
8476.6s [5月25日（週二） 下午 6:04]   use "Use laptop — Company OS"
8477.4s [5月25日（週二） 下午 6:05]   click [Tab_overview] Overview
8478.9s [5月25日（週二） 下午 6:07]   click [OpenCityFuture] 城市的未來
8479.5s [5月25日（週二） 下午 6:07]   shot 476_city24_recorded_result.png
8480.1s [5月25日（週二） 下午 6:07]   click [city_review] 檢視實際交付與城市成果。
8480.7s [5月25日（週二） 下午 6:07]   ok  city chapter completed from actual services and result 24
8480.7s [5月25日（週二） 下午 6:07]   ok  city chapter 24 balanced books
8480.7s [5月25日（週二） 下午 6:07]   ok  all six civic chapters completed
8480.7s [5月25日（週二） 下午 6:07]   ok  city result preserves the earlier actual business ending
8480.8s [5月25日（週二） 下午 6:07]   shot 477_city_legacy_card_1.png
8481.4s [5月25日（週二） 下午 6:07]   click [city_next_card] 下一張城市回顧卡
8482.0s [5月25日（週二） 下午 6:07]   shot 478_city_legacy_card_2.png
8482.7s [5月25日（週二） 下午 6:07]   click [city_next_card] 下一張城市回顧卡
8483.2s [5月25日（週二） 下午 6:07]   shot 479_city_legacy_card_3.png
8483.9s [5月25日（週二） 下午 6:07]   click [city_next_card] 下一張城市回顧卡
8484.4s [5月25日（週二） 下午 6:07]   shot 480_city_legacy_card_4.png
8485.1s [5月25日（週二） 下午 6:07]   click [city_next_card] 下一張城市回顧卡
8485.7s [5月25日（週二） 下午 6:07]   shot 481_city_legacy_card_5.png
8486.4s [5月25日（週二） 下午 6:07]   click [city_next_card] 下一張城市回顧卡
8486.9s [5月25日（週二） 下午 6:07]   shot 482_city_legacy_card_6.png
8487.6s [5月25日（週二） 下午 6:07]   click [city_next_card] 下一張城市回顧卡
8488.1s [5月25日（週二） 下午 6:07]   shot 483_city_business_legacy_handoff.png
8488.8s [5月25日（週二） 下午 6:07]   click [city_legacy] 接續查看企業 Legacy 結局
8489.3s [5月25日（週二） 下午 6:07]   ok  city legacy connects to actual business legacy
8489.4s [5月25日（週二） 下午 6:07]   ok  played third-season save with real supplier receipts
8489.6s [5月25日（週二） 下午 6:07]   ok  actual played city save passes normal import validation
8489.6s [5月25日（週二） 下午 6:07] STEP Growth — three optional goals, achievements and actual timeline
8490.1s [5月25日（週二） 下午 6:07]   click [GrowthAcknowledge] Put the card in your timeline
8490.5s [5月25日（週二） 下午 6:07]   click [GrowthAcknowledge] Put the card in your timeline
8490.8s [5月25日（週二） 下午 6:07]   click [GrowthAcknowledge] Put the card in your timeline
8491.1s [5月25日（週二） 下午 6:07]   click [GrowthAcknowledge] Put the card in your timeline
8491.4s [5月25日（週二） 下午 6:07]   click [GrowthAcknowledge] Put the card in your timeline
8491.7s [5月25日（週二） 下午 6:07]   ok  at least three free-play goals
8491.8s [5月25日（週二） 下午 6:07]   shot 484_growth_three_goals.png
8491.8s [5月25日（週二） 下午 6:07]   click [GrowthTab_achievements] Achievements
8492.2s [5月25日（週二） 下午 6:07]   shot 485_growth_achievements.png
8492.2s [5月25日（週二） 下午 6:07]   click [GrowthTab_timeline] The journey so far
8492.7s [5月25日（週二） 下午 6:07]   shot 486_growth_timeline.png
8492.7s [5月25日（週二） 下午 6:07]   click [GrowthReturn] Back to playing
8493.8s [5月25日（週二） 下午 6:07]   click [PauseAchievements] Achievements
8494.7s [5月25日（週二） 下午 6:07]   ok  pause menu opens achievements
8494.7s [5月25日（週二） 下午 6:07]   shot 487_growth_pause_achievements.png
8494.7s [5月25日（週二） 下午 6:07]   ok  growth UI never changes financial books
8494.7s [5月25日（週二） 下午 6:07] STEP Save → reload → same state
8496.0s [5月25日（週二） 下午 6:08]   ok  cash restored after load
8496.0s [5月25日（週二） 下午 6:08]   ok  time restored after load
8496.0s [5月25日（週二） 下午 6:08]   ok  location restored (riverside_apartment)
8496.2s [5月25日（週二） 下午 6:08]   shot 488_after_load.png
8496.2s [5月25日（週二） 下午 6:08] STEP Summary
8496.2s [5月25日（週二） 下午 6:08]   business entity co_riverlight_goods cash $29,423.06 · personal $42,631.36 · orders delivered 1450 · chapters done ["ch1_arrival", "ch2_first_customer", "ch3_open_for_business", "ch4_growing_pains", "ch5_big_contract", "ch6_cash_is_oxygen", "ch7_supply_shock", "ch8_green_shift", "ch9_clearing_crisis", "ch10_digital_rails", "ch11_other_side_of_trust", "ch12_regulation_scale", "ch13_first_order_abroad", "ch14_customs", "ch15_currency_swing", "ch16_partner_overseas", "ch17_consolidation", "ch18_legacy", "ch19_expo_bid", "ch20_harbor_rebuild", "ch21_energy_transition", "ch22_talent_war", "ch23_city_election", "ch24_expo_opening"]
8496.2s [5月25日（週二） 下午 6:08]   ok  ledger balanced at the end
8496.2s [5月25日（週二） 下午 6:08]   ok  story objective completed: ch1_phone
8496.2s [5月25日（週二） 下午 6:08]   ok  story objective completed: ch1_outside
8496.2s [5月25日（週二） 下午 6:08]   ok  story objective completed: ch1_coffee
8496.2s [5月25日（週二） 下午 6:08]   ok  story objective completed: ch1_cowork
8496.2s [5月25日（週二） 下午 6:08]   ok  story objective completed: ch1_board
8496.2s [5月25日（週二） 下午 6:08]   ok  story objective completed: ch2_supplier
8496.2s [5月25日（週二） 下午 6:08]   ok  story objective completed: ch2_stock
8496.2s [5月25日（週二） 下午 6:08]   ok  story objective completed: ch2_listing
8496.2s [5月25日（週二） 下午 6:08]   ok  story objective completed: ch2_order
8496.2s [5月25日（週二） 下午 6:08]   ok  story objective completed: ch2_ship
8496.2s [5月25日（週二） 下午 6:08]   ok  story objective completed: ch2_first_dollar
8496.2s [5月25日（週二） 下午 6:08]   ok  story objective completed: ch2_issue
8496.2s [5月25日（週二） 下午 6:08]   ok  story objective completed: ch3_register
8496.2s [5月25日（週二） 下午 6:08]   ok  story objective completed: ch3_bank
8496.2s [5月25日（週二） 下午 6:08]   ok  story objective completed: ch3_workspace
8496.2s [5月25日（週二） 下午 6:08]   ok  story objective completed: ch3_os
8496.2s [5月25日（週二） 下午 6:08]   ok  story objective completed: ch4_employer
8496.2s [5月25日（週二） 下午 6:08]   ok  story objective completed: ch4_post
8496.2s [5月25日（週二） 下午 6:08]   ok  story objective completed: ch4_hire
8496.2s [5月25日（週二） 下午 6:08]   ok  story objective completed: ch4_payroll
8496.2s [5月25日（週二） 下午 6:08]   ok  story objective completed: ch4_forecast
8496.2s [5月25日（週二） 下午 6:08]   ok  story objective completed: ch5_meet
8496.2s [5月25日（週二） 下午 6:08]   ok  story objective completed: ch5_decide
8496.2s [5月25日（週二） 下午 6:08]   ok  story objective completed: ch5_stock
8496.2s [5月25日（週二） 下午 6:08]   ok  story objective completed: ch5_deliver
8496.2s [5月25日（週二） 下午 6:08]   ok  story objective completed: ch6_forecast
8496.2s [5月25日（週二） 下午 6:08]   ok  story objective completed: ch6_bridge
8496.2s [5月25日（週二） 下午 6:08]   ok  story objective completed: ch6_collect
8496.2s [5月25日（週二） 下午 6:08]   ok  story objective completed: ch6_close
8496.2s [5月25日（週二） 下午 6:08]   ok  story objective completed: ch7_news
8496.2s [5月25日（週二） 下午 6:08]   ok  story objective completed: ch7_ken
8496.2s [5月25日（週二） 下午 6:08]   ok  story objective completed: ch7_stock
8496.2s [5月25日（週二） 下午 6:08]   ok  story objective completed: ch7_price
8496.2s [5月25日（週二） 下午 6:08]   ok  story objective completed: ch7_close
8496.2s [5月25日（週二） 下午 6:08]   ok  story objective completed: ch8_news
8496.2s [5月25日（週二） 下午 6:08]   ok  story objective completed: ch8_pack
8496.2s [5月25日（週二） 下午 6:08]   ok  story objective completed: ch8_product
8496.2s [5月25日（週二） 下午 6:08]   ok  story objective completed: ch8_grant
8496.2s [5月25日（週二） 下午 6:08]   ok  story objective completed: ch9_news
8496.2s [5月25日（週二） 下午 6:08]   ok  story objective completed: ch9_import
8496.2s [5月25日（週二） 下午 6:08]   ok  story objective completed: ch9_lina
8496.2s [5月25日（週二） 下午 6:08]   ok  story objective completed: ch9_settle
8496.2s [5月25日（週二） 下午 6:08]   ok  story objective completed: ch9_arrive
8496.2s [5月25日（週二） 下午 6:08]   ok  story objective completed: ch10_news
8496.2s [5月25日（週二） 下午 6:08]   ok  story objective completed: ch10_lina
8496.2s [5月25日（週二） 下午 6:08]   ok  story objective completed: ch10_import
8496.2s [5月25日（週二） 下午 6:08]   ok  story objective completed: ch10_arrive
8496.2s [5月25日（週二） 下午 6:08]   ok  story objective completed: ch11_news
8496.2s [5月25日（週二） 下午 6:08]   ok  story objective completed: ch11_order
8496.2s [5月25日（週二） 下午 6:08]   ok  story objective completed: ch11_freeze
8496.2s [5月25日（週二） 下午 6:08]   ok  story objective completed: ch11_restock
8496.2s [5月25日（週二） 下午 6:08]   ok  story objective completed: ch12_news
8496.2s [5月25日（週二） 下午 6:08]   ok  story objective completed: ch12_licence
8496.2s [5月25日（週二） 下午 6:08]   ok  story objective completed: ch12_kyc
8496.2s [5月25日（週二） 下午 6:08]   ok  story objective completed: ch12_offer
8496.2s [5月25日（週二） 下午 6:08]   ok  story objective completed: ch13_news
8496.2s [5月25日（週二） 下午 6:08]   ok  story objective completed: ch13_bank
8496.2s [5月25日（週二） 下午 6:08]   ok  story objective completed: ch13_listing
8496.2s [5月25日（週二） 下午 6:08]   ok  story objective completed: ch13_ship
8496.2s [5月25日（週二） 下午 6:08]   ok  story objective completed: ch13_convert
8496.2s [5月25日（週二） 下午 6:08]   ok  story objective completed: ch14_ines
8496.2s [5月25日（週二） 下午 6:08]   ok  story objective completed: ch14_policy
8496.2s [5月25日（週二） 下午 6:08]   ok  story objective completed: ch14_code
8496.2s [5月25日（週二） 下午 6:08]   ok  story objective completed: ch14_trial
8496.2s [5月25日（週二） 下午 6:08]   ok  story objective completed: ch15_news
8496.2s [5月25日（週二） 下午 6:08]   ok  story objective completed: ch15_marcus
8496.2s [5月25日（週二） 下午 6:08]   ok  story objective completed: ch15_response
8496.2s [5月25日（週二） 下午 6:08]   ok  story objective completed: ch15_month
8496.2s [5月25日（週二） 下午 6:08]   ok  story objective completed: ch16_omar
8496.2s [5月25日（週二） 下午 6:08]   ok  story objective completed: ch16_channel
8496.2s [5月25日（週二） 下午 6:08]   ok  story objective completed: ch16_income
8496.2s [5月25日（週二） 下午 6:08]   ok  story objective completed: ch17_news
8496.2s [5月25日（週二） 下午 6:08]   ok  story objective completed: ch17_response
8496.2s [5月25日（週二） 下午 6:08]   ok  story objective completed: ch17_survive
8496.2s [5月25日（週二） 下午 6:08]   ok  story objective completed: ch17_interview
8496.2s [5月25日（週二） 下午 6:08]   ok  story objective completed: ch18_maya
8496.2s [5月25日（週二） 下午 6:08]   ok  story objective completed: ch18_choice
8496.2s [5月25日（週二） 下午 6:08]   ok  story objective completed: ch18_cards
8496.2s [5月25日（週二） 下午 6:08]   ok  story objective completed: city19_read
8496.2s [5月25日（週二） 下午 6:08]   ok  story objective completed: city19_plan
8496.2s [5月25日（週二） 下午 6:08]   ok  story objective completed: city19_choice
8496.2s [5月25日（週二） 下午 6:08]   ok  story objective completed: city19_review
8496.2s [5月25日（週二） 下午 6:08]   ok  story objective completed: city20_read
8496.2s [5月25日（週二） 下午 6:08]   ok  story objective completed: city20_plan
8496.2s [5月25日（週二） 下午 6:08]   ok  story objective completed: city20_choice
8496.2s [5月25日（週二） 下午 6:08]   ok  story objective completed: city20_review
8496.2s [5月25日（週二） 下午 6:08]   ok  story objective completed: city21_read
8496.2s [5月25日（週二） 下午 6:08]   ok  story objective completed: city21_plan
8496.2s [5月25日（週二） 下午 6:08]   ok  story objective completed: city21_choice
8496.2s [5月25日（週二） 下午 6:08]   ok  story objective completed: city21_review
8496.2s [5月25日（週二） 下午 6:08]   ok  story objective completed: city22_read
8496.2s [5月25日（週二） 下午 6:08]   ok  story objective completed: city22_plan
8496.2s [5月25日（週二） 下午 6:08]   ok  story objective completed: city22_choice
8496.2s [5月25日（週二） 下午 6:08]   ok  story objective completed: city22_review
8496.2s [5月25日（週二） 下午 6:08]   ok  story objective completed: city23_read
8496.2s [5月25日（週二） 下午 6:08]   ok  story objective completed: city23_plan
8496.2s [5月25日（週二） 下午 6:08]   ok  story objective completed: city23_choice
8496.2s [5月25日（週二） 下午 6:08]   ok  story objective completed: city23_review
8496.2s [5月25日（週二） 下午 6:08]   ok  story objective completed: city24_read
8496.2s [5月25日（週二） 下午 6:08]   ok  story objective completed: city24_plan
8496.2s [5月25日（週二） 下午 6:08]   ok  story objective completed: city24_choice
8496.2s [5月25日（週二） 下午 6:08]   ok  story objective completed: city24_review
8496.2s [6月1日（週日） 下午 2:00] STEP (harness) skip to Chapter 10
8497.5s [6月1日（週日） 下午 2:02] STEP Industrial — factory lease, machine, technician and first OEM invoice
8500.6s [6月1日（週日） 下午 2:08]   ok  walked back outside
8502.9s [6月1日（週日） 下午 2:11]   traffic collision report dismissed
8519.1s [6月1日（週日） 下午 2:35]   use "捷運——河濱區站"
8520.1s [6月1日（週日） 下午 2:37]   shot 489_metro_industrial.png
8520.1s [6月1日（週日） 下午 2:37]   click [Go_industrial] 工業區  ·  14 分鐘
8521.2s [6月1日（週日） 下午 2:52]   ok  took the Metro to Industrial
8521.3s [6月1日（週日） 下午 2:52]   shot 490_industrial_day.png
8540.2s [6月1日（週日） 下午 3:21]   ok  entered Unit 12 Light Industrial
8545.2s [6月1日（週日） 下午 3:28]   use "Lease Unit 12"
8545.3s [6月1日（週日） 下午 3:28]   click [SignLease_unit12_factory] Sign the lease
8545.9s [6月1日（週日） 下午 3:29]   ok  factory lease signed with actual company funds
8546.1s [6月1日（週日） 下午 3:29]   shot 491_factory_interior.png
8547.4s [6月1日（週日） 下午 3:32]   use "Open Line Planner"
8547.5s [6月1日（週日） 下午 3:32]   click [OpenFactory] Open the factory
8547.7s [6月1日（週日） 下午 3:32]   click [RentMachine] Rent machine · $1,400/month
8547.9s [6月1日（週日） 下午 3:32]   click [HireTomas] Hire Tomas · $1,100/week
8548.1s [6月1日（週日） 下午 3:33]   ok  hired a production technician
8548.1s [6月1日（週日） 下午 3:33]   click [QuoteLess_RFQ-1] −$0.25
8548.3s [6月1日（週日） 下午 3:33]   click [QuoteLess_RFQ-1] −$0.25
8548.5s [6月1日（週日） 下午 3:33]   click [QuoteLess_RFQ-1] −$0.25
8548.7s [6月1日（週日） 下午 3:33]   click [Quote_RFQ-1] Send quote
8548.9s [6月1日（週日） 下午 3:34]   ok  OEM quote became a Jobs contract with deposit
8548.9s [6月1日（週日） 下午 3:34]   click [MaterialMore] +100 units
8549.1s [6月1日（週日） 下午 3:34]   click [MaterialMore] +100 units
8549.3s [6月1日（週日） 下午 3:34]   click [MaterialMore] +100 units
8549.5s [6月1日（週日） 下午 3:35]   click [MaterialMore] +100 units
8549.7s [6月1日（週日） 下午 3:35]   click [MaterialMore] +100 units
8549.9s [6月1日（週日） 下午 3:35]   click [MaterialMore] +100 units
8550.1s [6月1日（週日） 下午 3:36]   click [MaterialMore] +100 units
8550.3s [6月1日（週日） 下午 3:36]   click [MaterialMore] +100 units
8550.5s [6月1日（週日） 下午 3:36]   click [MaterialMore] +100 units
8550.7s [6月1日（週日） 下午 3:36]   click [MaterialMore] +100 units
8550.9s [6月1日（週日） 下午 3:37]   click [BuyMaterials] Order Ferro materials
8552.5s [6月3日（週二） 下午 3:38]   use "Open Line Planner"
8552.6s [6月3日（週二） 下午 3:39]   click [Select_JOB-1] Schedule this order
8552.8s [6月3日（週二） 下午 3:39]   click [FactoryOvertime] ✗ 加班 · 工資 ×1.5、良率降低 2 個百分點
8553.0s [6月3日（週二） 下午 3:39]   click [More_hours] +
8553.2s [6月3日（週二） 下午 3:40]   click [More_hours] +
8553.4s [6月3日（週二） 下午 3:40]   click [More_hours] +
8553.6s [6月3日（週二） 下午 3:40]   click [More_hours] +
8553.8s [6月3日（週二） 下午 3:40]   click [More_hours] +
8554.0s [6月3日（週二） 下午 3:41]   click [More_hours] +
8554.2s [6月3日（週二） 下午 3:41]   click [More_hours] +
8554.4s [6月3日（週二） 下午 3:41]   click [More_hours] +
8554.7s [6月3日（週二） 下午 3:42]   shot 492_line_planner.png
8554.7s [6月3日（週二） 下午 3:42]   click [ReserveSlot] Reserve production slot
8561.8s [6月5日（週四） 上午 1:09]   use "Open Line Planner"
8561.9s [6月5日（週四） 上午 1:10]   click [Deliver_JOB-1] Deliver and invoice
8562.1s [6月5日（週四） 上午 1:10]   ok  first factory revenue has a completed traceable order
8562.1s [6月5日（週四） 上午 1:10]   click [FactoryTab_quality] Quality results
8562.3s [6月5日（週四） 上午 1:10]   shot 493_factory_quality.png
8562.3s [6月5日（週四） 上午 1:10]   ok  OEM material, overtime, invoice and return journals balanced
8567.2s [6月5日（週四） 上午 1:18]   ok  walked back outside
8567.4s [6月5日（週四） 下午 9:00]   shot 494_industrial_night.png
8568.9s [6月5日（週四） 下午 9:03]   traffic collision report dismissed
8584.2s [6月5日（週四） 下午 9:26]   use "捷運——工業區站"
8585.2s [6月5日（週四） 下午 9:27]   shot 495_metro_riverside.png
8585.2s [6月5日（週四） 下午 9:27]   click [Go_riverside] 河濱區  ·  14 分鐘
8586.3s [6月5日（週四） 下午 9:43]   ok  took the Metro to Riverside
8600.8s [6月5日（週四） 下午 10:05]   ok  entered Riverside Tower
8600.8s [6月5日（週四） 下午 10:05] STEP Save → reload → same state
8601.8s [6月5日（週四） 下午 10:06]   ok  cash restored after load
8601.8s [6月5日（週四） 下午 10:06]   ok  time restored after load
8601.8s [6月5日（週四） 下午 10:06]   ok  location restored (riverside_apartment)
8601.9s [6月5日（週四） 下午 10:06]   shot 496_after_load.png
8601.9s [6月1日（週日） 下午 2:00] STEP (harness) skip to Chapter 10
8603.2s [6月1日（週日） 下午 2:02] STEP Residential — licence, brokerage office, client match and first commission
8606.5s [6月3日（週二） 上午 10:06]   ok  walked back outside
8620.4s [6月3日（週二） 上午 10:27]   use "捷運——河濱區站"
8621.4s [6月3日（週二） 上午 10:28]   shot 497_metro_civic_center.png
8621.4s [6月3日（週二） 上午 10:28]   click [Go_civic_center] 市政中心  ·  12 分鐘
8622.5s [6月3日（週二） 上午 10:42]   ok  took the Metro to Civic Center
8630.0s [6月3日（週二） 上午 10:53]   ok  entered Aurelia City Hall
8631.8s [6月3日（週二） 上午 10:55]   use "Permits & regulations"
8631.9s [6月3日（週二） 上午 10:56]   click [PropertyPermits] Property permits
8632.0s [6月3日（週二） 上午 10:56]   click [ApplyRealtyPermit_brokerage] 申請：$250.00 · 3 天
8633.4s [6月6日（週五） 上午 10:58]   ok  brokerage licence followed City Hall fee and three-day process
8636.4s [6月6日（週五） 上午 11:03]   ok  walked back outside
8642.0s [6月6日（週五） 上午 11:12]   use "捷運——市政中心站"
8643.0s [6月6日（週五） 上午 11:13]   shot 498_metro_residential.png
8643.0s [6月6日（週五） 上午 11:13]   click [Go_residential] 住宅區  ·  32 分鐘
8644.1s [6月6日（週五） 上午 11:47]   ok  took the Metro to Residential
8644.2s [6月6日（週五） 上午 11:47]   shot 499_residential_day.png
8647.0s [6月6日（週五） 上午 11:51]   traffic collision report dismissed
8651.2s [6月6日（週五） 上午 11:57]   ok  entered Harlow & Finch Realty
8651.6s [6月6日（週五） 上午 11:58]   use "Lease the brokerage office"
8651.7s [6月6日（週五） 上午 11:58]   click [SignLease_realty_office] Sign the lease
8653.6s [6月6日（週五） 下午 12:01]   use "Open Matchmaker"
8653.7s [6月6日（週五） 下午 12:01]   click [OpenBrokerage] Open the brokerage
8654.0s [6月6日（週五） 下午 12:01]   shot 500_matchmaker.png
8654.5s [6月6日（週五） 下午 12:02]   use "Open Matchmaker"
8654.6s [6月6日（週五） 下午 12:03]   click [Mandate_M-1] 選擇物件
8654.8s [6月6日（週五） 下午 12:03]   click [Client_C-4] 選擇客戶
8655.0s [6月6日（週五） 下午 12:03]   click [Negotiate_soft] 柔性議價
8655.2s [6月6日（週五） 下午 12:03]   click [ArrangeViewing] 安排帶看：$180.00 · 90 分鐘
8656.1s [6月6日（週五） 下午 1:35]   use "Open Matchmaker"
8656.2s [6月6日（週五） 下午 1:35]   click [Mandate_M-2] 選擇物件
8656.4s [6月6日（週五） 下午 1:35]   click [Client_C-5] 選擇客戶
8656.6s [6月6日（週五） 下午 1:35]   click [Negotiate_soft] 柔性議價
8656.8s [6月6日（週五） 下午 1:36]   click [ArrangeViewing] 安排帶看：$180.00 · 90 分鐘
8658.5s [6月13日（週五） 下午 3:07]   use "Open Matchmaker"
8658.6s [6月13日（週五） 下午 3:08]   click [Mandate_M-7] 選擇物件
8658.8s [6月13日（週五） 下午 3:08]   click [Client_C-8] 選擇客戶
8659.0s [6月13日（週五） 下午 3:08]   click [Negotiate_soft] 柔性議價
8659.2s [6月13日（週五） 下午 3:08]   click [ArrangeViewing] 安排帶看：$180.00 · 90 分鐘
8660.0s [6月13日（週五） 下午 4:40]   use "Open Matchmaker"
8660.1s [6月13日（週五） 下午 4:40]   click [Mandate_M-7] 選擇物件
8660.3s [6月13日（週五） 下午 4:40]   click [Client_C-10] 選擇客戶
8660.5s [6月13日（週五） 下午 4:40]   click [Negotiate_soft] 柔性議價
8660.7s [6月13日（週五） 下午 4:41]   click [ArrangeViewing] 安排帶看：$180.00 · 90 分鐘
8662.4s [6月20日（週五） 下午 6:12]   use "Open Matchmaker"
8662.5s [6月20日（週五） 下午 6:13]   click [Mandate_M-12] 選擇物件
8662.7s [6月20日（週五） 下午 6:13]   click [Client_C-13] 選擇客戶
8662.9s [6月20日（週五） 下午 6:13]   click [Negotiate_soft] 柔性議價
8663.1s [6月20日（週五） 下午 6:13]   click [ArrangeViewing] 安排帶看：$180.00 · 90 分鐘
8664.0s [6月20日（週五） 下午 7:45]   use "Open Matchmaker"
8664.1s [6月20日（週五） 下午 7:45]   click [Mandate_M-12] 選擇物件
8664.3s [6月20日（週五） 下午 7:45]   click [Client_C-15] 選擇客戶
8664.5s [6月20日（週五） 下午 7:46]   click [Negotiate_soft] 柔性議價
8664.7s [6月20日（週五） 下午 7:46]   click [ArrangeViewing] 安排帶看：$180.00 · 90 分鐘
8665.4s [6月20日（週五） 下午 9:17]   ok  first brokerage income from a real client deal
8665.4s [6月20日（週五） 下午 9:17]   ok  viewing and commission ledger balanced
8665.6s [6月20日（週五） 下午 9:17]   use "Open Matchmaker"
8665.7s [6月20日（週五） 下午 9:17]   click [RealtyTab_properties] Properties
8665.9s [6月20日（週五） 下午 9:18]   shot 501_property_management.png
8669.3s [6月20日（週五） 下午 9:24]   ok  walked back outside
8675.5s [6月20日（週五） 下午 9:33]   use "捷運——住宅區站"
8676.4s [6月20日（週五） 下午 9:34]   shot 502_metro_riverside.png
8676.4s [6月20日（週五） 下午 9:34]   click [Go_riverside] 河濱區  ·  19 分鐘
8677.5s [6月20日（週五） 下午 9:55]   ok  took the Metro to Riverside
8692.0s [6月20日（週五） 下午 10:17]   ok  entered Riverside Tower
8692.0s [6月20日（週五） 下午 10:17] STEP Save → reload → same state
8693.0s [6月20日（週五） 下午 10:18]   ok  cash restored after load
8693.0s [6月20日（週五） 下午 10:18]   ok  time restored after load
8693.0s [6月20日（週五） 下午 10:18]   ok  location restored (riverside_apartment)
8693.1s [6月20日（週五） 下午 10:18]   shot 503_after_load.png
8693.1s [6月1日（週日） 下午 2:00] STEP (harness) skip to Chapter 10
8694.4s [6月1日（週日） 下午 2:02] STEP University — lease studio, creative pitch, media mix and first client invoice
8697.5s [6月1日（週日） 下午 2:08]   ok  walked back outside
8699.8s [6月1日（週日） 下午 2:11]   traffic collision report dismissed
8715.8s [6月1日（週日） 下午 2:35]   use "捷運——河濱區站"
8716.8s [6月1日（週日） 下午 2:37]   shot 504_metro_university.png
8716.8s [6月1日（週日） 下午 2:37]   click [Go_university] 大學城  ·  13 分鐘
8717.8s [6月1日（週日） 下午 2:51]   ok  took the Metro to University
8717.9s [6月1日（週日） 下午 2:51]   shot 505_university_day.png
8730.4s [6月1日（週日） 下午 3:10]   ok  entered The Loft
8730.8s [6月1日（週日） 下午 3:11]   use "Lease The Loft studio"
8730.9s [6月1日（週日） 下午 3:11]   click [SignLease_loft_office] Sign the lease
8732.8s [6月1日（週日） 下午 3:14]   use "Open Campaign Mixer"
8732.9s [6月1日（週日） 下午 3:14]   click [OpenAgency] Open the campaign studio
8733.7s [6月1日（週日） 下午 3:15]   use "Open Campaign Mixer"
8733.8s [6月1日（週日） 下午 3:15]   click [CreativePitch_JOB-1] Build Creative Pitch
8734.4s [6月1日（週日） 下午 3:16]   click [StartGame] Begin practice
8734.6s [6月1日（週日） 下午 3:16]   click [CreativeCard_slogan_2] Care for every home
8734.8s [6月1日（週日） 下午 3:16]   click [CreativeCard_visual_0] Bold colour
8735.0s [6月1日（週日） 下午 3:16]   click [CreativeCard_tone_3] Refined
8735.2s [6月1日（週日） 下午 3:16]   shot 506_creative_pitch_result.png
8740.2s [6月1日（週日） 下午 3:16] FAIL button 'FinishGame' not found
8740.2s [6月1日（週日） 下午 3:16]       diag: modal=Control:CreativePitch dialogue=false phone=false
8740.2s [6月1日（週日） 下午 3:16]   click [Propose_JOB-1] 提出提案 · $280 · 180 分鐘
8780.8s [6月1日（週日） 下午 3:16] FAIL could not reach (52.0, 108.0) (at (70.80991, 112.7143))
8786.1s [6月1日（週日） 下午 3:16] FAIL could not reach (52.0, 108.0) (at (70.80991, 112.7143))
8791.1s [6月1日（週日） 下午 3:16] FAIL could not reach (52.0, 108.0) (at (70.80991, 112.7143))
8796.2s [6月1日（週日） 下午 3:16] FAIL could not reach (52.0, 108.0) (at (70.80991, 112.7143))
8801.3s [6月1日（週日） 下午 3:16] FAIL could not reach (52.0, 108.0) (at (70.80991, 112.7143))
8806.3s [6月1日（週日） 下午 3:16] FAIL could not reach (52.0, 102.0) (at (70.80991, 112.7143))
8846.4s [6月1日（週日） 下午 3:16] FAIL could not reach (52.0, 108.0) (at (70.80991, 112.7143))
8851.7s [6月1日（週日） 下午 3:16] FAIL could not reach (52.0, 108.0) (at (70.80991, 112.7143))
8856.7s [6月1日（週日） 下午 3:16] FAIL could not reach (52.0, 108.0) (at (70.80991, 112.7143))
8861.8s [6月1日（週日） 下午 3:16] FAIL could not reach (52.0, 108.0) (at (70.80991, 112.7143))
8866.9s [6月1日（週日） 下午 3:16] FAIL could not reach (52.0, 108.0) (at (70.80991, 112.7143))
8871.9s [6月1日（週日） 下午 3:16] FAIL could not reach (52.0, 102.0) (at (70.80991, 112.7143))
8912.0s [6月1日（週日） 下午 3:16] FAIL could not reach (52.0, 108.0) (at (70.80991, 112.7143))
8917.2s [6月1日（週日） 下午 3:16] FAIL could not reach (52.0, 108.0) (at (70.80991, 112.7143))
8922.3s [6月1日（週日） 下午 3:16] FAIL could not reach (52.0, 108.0) (at (70.80991, 112.7143))
8927.4s [6月1日（週日） 下午 3:16] FAIL could not reach (52.0, 108.0) (at (70.80991, 112.7143))
8932.4s [6月1日（週日） 下午 3:16] FAIL could not reach (52.0, 108.0) (at (70.80991, 112.7143))
8937.5s [6月1日（週日） 下午 3:16] FAIL could not reach (52.0, 102.0) (at (70.80991, 112.7143))
8937.6s [6月1日（週日） 下午 3:16] FAIL interaction focus did not match: media_open
8937.6s [6月1日（週日） 下午 3:16]   click [CreativePitch_JOB-2] Build Creative Pitch
8943.2s [6月1日（週日） 下午 3:16] FAIL button 'StartGame' not found
8943.2s [6月1日（週日） 下午 3:16]       diag: modal=Control:CreativePitch dialogue=false phone=false
8943.2s [6月1日（週日） 下午 3:16]   click [CreativeCard_slogan_3] Quiet excellence
8943.4s [6月1日（週日） 下午 3:16]   click [CreativeCard_visual_1] Clean charts
8943.6s [6月1日（週日） 下午 3:16]   click [CreativeCard_tone_0] Playful
8943.8s [6月1日（週日） 下午 3:16]   shot 507_creative_pitch_result.png
8943.8s [6月1日（週日） 下午 3:16]   click [FinishGame] Continue
8944.0s [6月1日（週日） 下午 5:16]   click [Propose_JOB-2] 提出提案 · $280 · 180 分鐘
8945.6s [6月8日（週日） 下午 8:17]   use "Open Campaign Mixer"
8945.7s [6月8日（週日） 下午 8:17]   click [CreativePitch_JOB-3] Build Creative Pitch
8946.3s [6月8日（週日） 下午 8:17]   click [StartGame] Start
8946.4s [6月8日（週日） 下午 8:17]   click [CreativeCard_slogan_0] Belong together
8946.6s [6月8日（週日） 下午 8:17]   click [CreativeCard_visual_1] Clean charts
8946.8s [6月8日（週日） 下午 8:17]   click [CreativeCard_tone_1] Direct
8947.1s [6月8日（週日） 下午 8:17]   shot 508_creative_pitch_result.png
8947.1s [6月8日（週日） 下午 8:17]   click [FinishGame] Continue
8947.2s [6月8日（週日） 下午 10:17]   click [Propose_JOB-3] 提出提案 · $280 · 180 分鐘
8947.9s [6月9日（週一） 上午 1:18]   ok  actual creative cards and proposal win a client job
8948.0s [6月9日（週一） 上午 1:18]   use "Open Campaign Mixer"
8948.1s [6月9日（週一） 上午 1:18]   click [MediaTab_mixer] Media mix
8948.3s [6月9日（週一） 上午 1:18]   click [SelectCampaign_JOB-3] Northstar Books
8948.5s [6月9日（週一） 上午 1:18]   click [MixMore_radio] +
8948.7s [6月9日（週一） 上午 1:19]   shot 509_campaign_mixer.png
8950.7s [6月23日（週一） 上午 1:20]   ok  daily campaign finishes actual client work
8950.7s [6月23日（週一） 上午 1:20]   ok  first agency income is a traceable Jobs invoice
8950.7s [6月23日（週一） 上午 1:20]   ok  campaign costs and invoice balance
8950.9s [6月23日（週一） 上午 1:20]   use "Open Campaign Mixer"
8951.0s [6月23日（週一） 上午 1:20]   click [MediaTab_reports] Campaign reports
8951.2s [6月23日（週一） 上午 1:20]   shot 510_campaign_report.png
8953.8s [6月23日（週一） 上午 1:25]   ok  walked back outside
8954.9s [6月23日（週一） 上午 1:27]   traffic collision report dismissed
8964.7s [6月23日（週一） 上午 1:42]   use "捷運——大學區站"
8965.7s [6月23日（週一） 上午 1:43]   shot 511_metro_riverside.png
8965.7s [6月23日（週一） 上午 1:43]   click [Go_riverside] 河濱區  ·  13 分鐘
8966.7s [6月23日（週一） 上午 1:58]   ok  took the Metro to Riverside
8981.2s [6月23日（週一） 上午 2:20]   ok  entered Riverside Tower
8981.2s [6月23日（週一） 上午 2:20] STEP Save → reload → same state
8982.2s [6月23日（週一） 上午 2:21]   ok  cash restored after load
8982.2s [6月23日（週一） 上午 2:21]   ok  time restored after load
8982.2s [6月23日（週一） 上午 2:21]   ok  location restored (riverside_apartment)
8982.4s [6月23日（週一） 上午 2:21]   shot 512_after_load.png
8982.4s [6月1日（週日） 下午 2:00] STEP (harness) skip to Chapter 10
8983.6s [6月1日（週日） 下午 2:02] STEP Luxury Heights — take over the Aster Inn, set the Rate Board, staff up and sell the first nights
8986.7s [6月1日（週日） 下午 2:08]   ok  walked back outside
8989.0s [6月1日（週日） 下午 2:11]   traffic collision report dismissed
9005.2s [6月1日（週日） 下午 2:35]   use "捷運——河濱區站"
9006.2s [6月1日（週日） 下午 2:37]   shot 513_metro_luxury_heights.png
9006.2s [6月1日（週日） 下午 2:37]   click [Go_luxury_heights] 豪景高地  ·  18 分鐘
9007.2s [6月1日（週日） 下午 2:56]   ok  took the Metro to Luxury Heights
9007.3s [6月1日（週日） 下午 2:56]   shot 514_luxury_heights_day.png
9026.2s [6月1日（週日） 下午 3:25]   ok  entered The Aster
9027.4s [6月1日（週日） 下午 3:27]   use "Open the Rate Board"
9027.5s [6月1日（週日） 下午 3:27]   click [TakeoverAster] 頂下 Aster 小旅館 · $150,000
9027.7s [6月1日（週日） 下午 3:27]   ok  actual takeover opens the 12-room Aster Inn
9027.7s [6月1日（週日） 下午 3:27]   shot 515_rate_board.png
9027.7s [6月1日（週日） 下午 3:27]   click [Price_standard_10] +$10
9027.9s [6月1日（週日） 下午 3:28]   click [BoardNextOps] Next: daily operations
9028.2s [6月1日（週日） 下午 3:28]   shot 516_hotel_operations.png
9030.0s [6月13日（週五） 下午 9:29]   ok  night audits sell rooms and book room revenue
9030.0s [6月13日（週五） 下午 9:29]   ok  hotel books balance
9030.2s [6月13日（週五） 下午 9:29]   use "Open the Rate Board"
9030.3s [6月13日（週五） 下午 9:29]   click [HotelTab_reviews] Guest reviews
9030.5s [6月13日（週五） 下午 9:29]   shot 517_guest_reviews.png
9030.5s [6月1日（週日） 下午 2:00] STEP (harness) skip to Chapter 10
9031.9s [6月1日（週日） 下午 2:03] STEP Industrial - lease warehouse, Roof Survey, subsidy, install and first solar invoice
9035.4s [6月1日（週日） 下午 2:09]   ok  walked back outside
9037.7s [6月1日（週日） 下午 2:12]   traffic collision report dismissed
9053.7s [6月1日（週日） 下午 2:36]   use "捷運——河濱區站"
9054.7s [6月1日（週日） 下午 2:38]   shot 518_metro_industrial.png
9054.7s [6月1日（週日） 下午 2:38]   click [Go_industrial] 工業區  ·  14 分鐘
9055.8s [6月1日（週日） 下午 2:53]   ok  took the Metro to Industrial
9055.8s [6月1日（週日） 下午 2:53]   shot 519_industrial_energy_day.png
9064.1s [6月1日（週日） 下午 3:06]   ok  entered Helio Warehouse Office
9069.1s [6月1日（週日） 下午 3:13]   use "Lease the Helio warehouse office"
9069.2s [6月1日（週日） 下午 3:14]   click [SignLease_helio_warehouse] Sign the lease
9071.3s [6月1日（週日） 下午 3:17]   use "Open Energy Console"
9071.4s [6月1日（週日） 下午 3:17]   click [OpenEnergy] 開辦太陽能事業
9072.2s [6月1日（週日） 下午 3:18]   use "Open Energy Console"
9072.3s [6月1日（週日） 下午 3:18]   click [Survey_ROOF-1] 勘查這個屋頂
9072.5s [6月1日（週日） 下午 3:19]   click [AutoLayout] 自動擺放最佳位置
9072.8s [6月1日（週日） 下午 3:19]   shot 520_roof_survey.png
9072.8s [6月1日（週日） 下午 3:19]   click [SendQuote] 送出報價 · $29,526
9079.7s [6月1日（週日） 下午 4:14]   use "Open Energy Console"
9079.8s [6月1日（週日） 下午 4:15]   click [Survey_ROOF-2] 勘查這個屋頂
9080.0s [6月1日（週日） 下午 4:15]   click [AutoLayout] 自動擺放最佳位置
9080.3s [6月1日（週日） 下午 4:15]   shot 521_roof_survey.png
9080.3s [6月1日（週日） 下午 4:15]   click [SendQuote] 送出報價 · $7,816
9081.1s [6月1日（週日） 下午 5:01]   use "Open Energy Console"
9081.2s [6月1日（週日） 下午 5:02]   click [Survey_ROOF-3] 勘查這個屋頂
9081.4s [6月1日（週日） 下午 5:02]   click [AutoLayout] 自動擺放最佳位置
9081.6s [6月1日（週日） 下午 5:02]   shot 522_roof_survey.png
9081.6s [6月1日（週日） 下午 5:02]   click [SendQuote] 送出報價 · $10,421
9083.2s [6月8日（週日） 下午 5:49]   use "Open Energy Console"
9083.3s [6月8日（週日） 下午 5:49]   click [Survey_ROOF-4] 勘查這個屋頂
9083.5s [6月8日（週日） 下午 5:49]   click [AutoLayout] 自動擺放最佳位置
9083.7s [6月8日（週日） 下午 5:50]   shot 523_roof_survey.png
9083.7s [6月8日（週日） 下午 5:50]   click [SendQuote] 送出報價 · $7,816
9084.5s [6月8日（週日） 下午 6:36]   use "Open Energy Console"
9084.6s [6月8日（週日） 下午 6:36]   click [Survey_ROOF-5] 勘查這個屋頂
9084.8s [6月8日（週日） 下午 6:36]   click [AutoLayout] 自動擺放最佳位置
9085.1s [6月8日（週日） 下午 6:37]   shot 524_roof_survey.png
9085.1s [6月8日（週日） 下午 6:37]   click [SendQuote] 送出報價 · $13,026
9086.7s [6月15日（週日） 下午 7:23]   use "Open Energy Console"
9086.8s [6月15日（週日） 下午 7:23]   click [Survey_ROOF-6] 勘查這個屋頂
9087.0s [6月15日（週日） 下午 7:23]   click [AutoLayout] 自動擺放最佳位置
9087.2s [6月15日（週日） 下午 7:24]   shot 525_roof_survey.png
9087.2s [6月15日（週日） 下午 7:24]   click [SendQuote] 送出報價 · $14,763
9087.8s [6月15日（週日） 下午 8:10]   ok  actual Roof Survey quote wins a client job
9088.0s [6月15日（週日） 下午 8:10]   use "Open Energy Console"
9088.1s [6月15日（週日） 下午 8:10]   click [EnergyTab_installs] Installs & warranty
9088.3s [6月15日（週日） 下午 8:10]   click [StartInstall_JOB-1] 訂購材料並開工 · $11,220
9093.7s [7月15日（週二） 下午 8:12]   shot 526_month_close_report.png
9093.7s [7月15日（週二） 下午 8:12]   click [month close] Continue
9094.3s [7月15日（週二） 下午 8:12]   ok  crew-days finish the install
9094.3s [7月15日（週二） 下午 8:12]   ok  first solar income is a traceable Jobs invoice
9094.3s [7月15日（週二） 下午 8:12]   ok  materials, install and invoice balance
9094.4s [7月15日（週二） 下午 8:13]   use "Open Energy Console"
9094.5s [7月15日（週二） 下午 8:13]   click [EnergyTab_installs] Installs & warranty
9094.7s [7月15日（週二） 下午 8:13]   shot 527_energy_installs.png
9099.4s [7月15日（週二） 下午 8:21]   ok  walked back outside
9100.3s [7月15日（週二） 下午 8:22]   traffic collision report dismissed
9106.0s [7月15日（週二） 下午 8:31]   use "捷運——工業區站"
9107.0s [7月15日（週二） 下午 8:32]   shot 528_metro_riverside.png
9107.0s [7月15日（週二） 下午 8:32]   click [Go_riverside] 河濱區  ·  14 分鐘
9108.0s [7月15日（週二） 下午 8:48]   ok  took the Metro to Riverside
9122.5s [7月15日（週二） 下午 9:10]   ok  entered Riverside Tower
9122.5s [6月1日（週日） 下午 2:00] STEP (harness) skip to Chapter 10
9124.0s [6月1日（週日） 下午 2:02] STEP Airport - open the auto desk, win a Wednesday auction car, recondition, list and sell it
9127.1s [6月1日（週日） 下午 2:07]   ok  walked back outside
9129.4s [6月1日（週日） 下午 2:11]   traffic collision report dismissed
9145.7s [6月1日（週日） 下午 2:35]   use "捷運——河濱區站"
9146.7s [6月1日（週日） 下午 2:37]   shot 529_metro_airport.png
9146.7s [6月1日（週日） 下午 2:37]   click [Go_airport] 國際機場  ·  24 分鐘
9147.8s [6月1日（週日） 下午 3:02]   ok  took the Metro to Airport
9147.9s [6月1日（週日） 下午 3:02]   shot 530_airport_day.png
9162.3s [6月1日（週日） 下午 3:24]   ok  entered Gateway Car Rental
9163.7s [6月1日（週日） 下午 3:26]   use "Open the fleet desk"
9163.8s [6月1日（週日） 下午 3:26]   click [OpenAutoDesk] 開設汽車櫃台 · 執照費 $400.00
9164.0s [6月1日（週日） 下午 3:27]   ok  actual licence opens the auto desk
9164.3s [6月4日（週三） 上午 10:00]   shot 531_auction_lots.png
9166.5s [6月25日（週三） 上午 10:00]   ok  auto books balance
9166.5s [6月25日（週三） 上午 10:00] STEP Save → reload → same state
9167.3s [6月25日（週三） 上午 10:01]   ok  cash restored after load
9167.3s [6月25日（週三） 上午 10:01]   ok  time restored after load
9167.3s [6月25日（週三） 上午 10:01]   ok  location restored (gateway_car_rental)
9167.4s [6月25日（週三） 上午 10:01]   shot 532_after_load.png
9168.3s [6月1日（週日） 下午 2:02]   click [ToggleWalkingRoutes] Walking routes
9169.0s [6月1日（週日） 下午 2:03]   ok  actual button opens walking diagram
9169.0s [6月1日（週日） 下午 2:03]   shot 533_city_walking_connections.png
9169.0s [6月1日（週日） 下午 2:03]   ok  Euler circuit includes every directed walking link
9169.0s [6月1日（週日） 下午 2:03] STEP Walking riverside > startup_hub
9169.7s [6月1日（週日） 下午 2:04]   shot 534_exit_sign_E_riverside.png
9170.7s [6月1日（週日） 下午 2:17]   ok  actual walking transition to startup_hub
9171.2s [6月1日（週日） 下午 2:18]   ok  arrival does not retrigger a return
9171.2s [6月1日（週日） 下午 2:18] STEP Walking startup_hub > riverside
9172.0s [6月1日（週日） 下午 2:19]   shot 535_exit_sign_W_startup_hub.png
9173.0s [6月1日（週日） 下午 2:33]   ok  actual walking transition to riverside
9173.5s [6月1日（週日） 下午 2:33]   ok  arrival does not retrigger a return
9173.5s [6月1日（週日） 下午 2:33] STEP Walking riverside > civic_center
9176.7s [6月1日（週日） 下午 2:38]   shot 536_exit_sign_N_riverside.png
9177.8s [6月1日（週日） 下午 2:51]   ok  actual walking transition to civic_center
9178.3s [6月1日（週日） 下午 2:52]   ok  arrival does not retrigger a return
9178.3s [6月1日（週日） 下午 2:52] STEP Walking civic_center > riverside
9178.9s [6月1日（週日） 下午 2:52]   shot 537_exit_sign_S_civic_center.png
9180.0s [6月1日（週日） 下午 3:05]   ok  actual walking transition to riverside
9180.5s [6月1日（週日） 下午 3:06]   ok  arrival does not retrigger a return
9180.5s [6月1日（週日） 下午 3:06] STEP Walking riverside > financial
9182.5s [6月1日（週日） 下午 3:18]   ok  actual walking transition to financial
9183.0s [6月1日（週日） 下午 3:19]   ok  arrival does not retrigger a return
9183.0s [6月1日（週日） 下午 3:19] STEP Walking financial > riverside
9184.8s [6月1日（週日） 下午 3:30]   ok  actual walking transition to riverside
9185.3s [6月1日（週日） 下午 3:31]   ok  arrival does not retrigger a return
9185.3s [6月1日（週日） 下午 3:31] STEP Walking riverside > harbor
9206.5s [6月1日（週日） 下午 4:09]   ok  actual walking transition to harbor
9207.0s [6月1日（週日） 下午 4:10]   ok  arrival does not retrigger a return
9207.0s [6月1日（週日） 下午 4:10] STEP Walking harbor > financial
9211.3s [6月1日（週日） 下午 4:28]   ok  actual walking transition to financial
9211.8s [6月1日（週日） 下午 4:29]   ok  arrival does not retrigger a return
9211.8s [6月1日（週日） 下午 4:29] STEP Walking financial > civic_center
9216.3s [6月1日（週日） 下午 4:45]   ok  actual walking transition to civic_center
9216.8s [6月1日（週日） 下午 4:46]   ok  arrival does not retrigger a return
9216.8s [6月1日（週日） 下午 4:46] STEP Walking civic_center > startup_hub
9230.8s [6月1日（週日） 下午 5:18]   ok  actual walking transition to startup_hub
9231.3s [6月1日（週日） 下午 5:18]   ok  arrival does not retrigger a return
9231.3s [6月1日（週日） 下午 5:18] STEP Walking startup_hub > civic_center
9239.0s [6月1日（週日） 下午 5:41]   ok  actual walking transition to civic_center
9239.5s [6月1日（週日） 下午 5:42]   ok  arrival does not retrigger a return
9239.5s [6月1日（週日） 下午 5:42] STEP Walking civic_center > financial
9253.5s [6月1日（週日） 下午 6:12]   ok  actual walking transition to financial
9254.0s [6月1日（週日） 下午 6:12]   ok  arrival does not retrigger a return
9254.0s [6月1日（週日） 下午 6:12] STEP Walking financial > harbor
9260.8s [6月1日（週日） 下午 6:35]   ok  actual walking transition to harbor
9261.3s [6月1日（週日） 下午 6:35]   ok  arrival does not retrigger a return
9261.3s [6月1日（週日） 下午 6:35] STEP Walking harbor > shopping_street
9280.8s [6月1日（週日） 下午 7:21]   ok  actual walking transition to shopping_street
9281.3s [6月1日（週日） 下午 7:22]   ok  arrival does not retrigger a return
9281.3s [6月1日（週日） 下午 7:22] STEP Walking shopping_street > residential
9285.5s [6月1日（週日） 下午 7:36]   ok  actual walking transition to residential
9286.0s [6月1日（週日） 下午 7:37]   ok  arrival does not retrigger a return
9286.0s [6月1日（週日） 下午 7:37] STEP Walking residential > shopping_street
9287.7s [6月1日（週日） 下午 7:48]   ok  actual walking transition to shopping_street
9288.2s [6月1日（週日） 下午 7:48]   ok  arrival does not retrigger a return
9288.2s [6月1日（週日） 下午 7:48] STEP Walking shopping_street > old_town
9294.8s [6月1日（週日） 下午 8:08]   ok  actual walking transition to old_town
9295.3s [6月1日（週日） 下午 8:09]   ok  arrival does not retrigger a return
9295.3s [6月1日（週日） 下午 8:09] STEP Walking old_town > financial
9310.5s [6月1日（週日） 下午 8:39]   ok  actual walking transition to financial
9311.0s [6月1日（週日） 下午 8:39]   ok  arrival does not retrigger a return
9311.0s [6月1日（週日） 下午 8:39] STEP Walking financial > luxury_heights
9325.9s [6月1日（週日） 下午 9:12]   ok  actual walking transition to luxury_heights
9326.4s [6月1日（週日） 下午 9:12]   ok  arrival does not retrigger a return
9326.4s [6月1日（週日） 下午 9:12] STEP Walking luxury_heights > civic_center
9328.4s [6月1日（週日） 下午 9:25]   ok  actual walking transition to civic_center
9328.9s [6月1日（週日） 下午 9:25]   ok  arrival does not retrigger a return
9328.9s [6月1日（週日） 下午 9:25] STEP Walking civic_center > airport
9339.0s [6月1日（週日） 下午 9:54]   ok  actual walking transition to airport
9339.5s [6月1日（週日） 下午 9:55]   ok  arrival does not retrigger a return
9339.5s [6月1日（週日） 下午 9:55] STEP Walking airport > university
9360.0s [6月1日（週日） 下午 10:34]   ok  actual walking transition to university
9360.5s [6月1日（週日） 下午 10:35]   ok  arrival does not retrigger a return
9360.5s [6月1日（週日） 下午 10:35] STEP Walking university > startup_hub
9381.0s [6月1日（週日） 下午 11:14]   ok  actual walking transition to startup_hub
9381.5s [6月1日（週日） 下午 11:15]   ok  arrival does not retrigger a return
9381.5s [6月1日（週日） 下午 11:15] STEP Walking startup_hub > university
9383.1s [6月1日（週日） 下午 11:27]   ok  actual walking transition to university
9383.6s [6月1日（週日） 下午 11:27]   ok  arrival does not retrigger a return
9383.6s [6月1日（週日） 下午 11:27] STEP Walking university > airport
9404.2s [6月2日（週一） 上午 12:06]   ok  actual walking transition to airport
9404.7s [6月2日（週一） 上午 12:07]   ok  arrival does not retrigger a return
9404.7s [6月2日（週一） 上午 12:07] STEP Walking airport > civic_center
9430.9s [6月2日（週一） 上午 1:00]   ok  actual walking transition to civic_center
9431.4s [6月2日（週一） 上午 1:01]   ok  arrival does not retrigger a return
9431.4s [6月2日（週一） 上午 1:01] STEP Walking civic_center > luxury_heights
9436.0s [6月2日（週一） 上午 1:17]   ok  actual walking transition to luxury_heights
9436.5s [6月2日（週一） 上午 1:18]   ok  arrival does not retrigger a return
9436.5s [6月2日（週一） 上午 1:18] STEP Walking luxury_heights > financial
9438.5s [6月2日（週一） 上午 1:31]   ok  actual walking transition to financial
9439.0s [6月2日（週一） 上午 1:31]   ok  arrival does not retrigger a return
9439.0s [6月2日（週一） 上午 1:31] STEP Walking financial > old_town
9453.9s [6月2日（週一） 上午 2:01]   ok  actual walking transition to old_town
9454.4s [6月2日（週一） 上午 2:02]   ok  arrival does not retrigger a return
9454.4s [6月2日（週一） 上午 2:02] STEP Walking old_town > shopping_street
9469.5s [6月2日（週一） 上午 2:34]   ok  actual walking transition to shopping_street
9470.0s [6月2日（週一） 上午 2:35]   ok  arrival does not retrigger a return
9470.0s [6月2日（週一） 上午 2:35] STEP Walking shopping_street > industrial
9485.5s [6月2日（週一） 上午 3:06]   ok  actual walking transition to industrial
9486.0s [6月2日（週一） 上午 3:07]   ok  arrival does not retrigger a return
9486.0s [6月2日（週一） 上午 3:07] STEP Walking industrial > residential
9497.2s [6月2日（週一） 上午 3:34]   ok  actual walking transition to residential
9497.7s [6月2日（週一） 上午 3:34]   ok  arrival does not retrigger a return
9497.7s [6月2日（週一） 上午 3:34] STEP Walking residential > old_town
9521.5s [6月2日（週一） 上午 4:17]   ok  actual walking transition to old_town
9522.0s [6月2日（週一） 上午 4:18]   ok  arrival does not retrigger a return
9522.0s [6月2日（週一） 上午 4:18] STEP Walking old_town > luxury_heights
9543.9s [6月2日（週一） 上午 5:00]   ok  actual walking transition to luxury_heights
9544.4s [6月2日（週一） 上午 5:00]   ok  arrival does not retrigger a return
9544.4s [6月2日（週一） 上午 5:00] STEP Walking luxury_heights > old_town
9546.1s [6月2日（週一） 上午 5:12]   ok  actual walking transition to old_town
9546.6s [6月2日（週一） 上午 5:13]   ok  arrival does not retrigger a return
9546.6s [6月2日（週一） 上午 5:13] STEP Walking old_town > residential
9564.9s [6月2日（週一） 上午 5:47]   ok  actual walking transition to residential
9565.4s [6月2日（週一） 上午 5:48]   ok  arrival does not retrigger a return
9565.4s [6月2日（週一） 上午 5:48] STEP Walking residential > industrial
9589.2s [6月2日（週一） 上午 6:34]   ok  actual walking transition to industrial
9589.7s [6月2日（週一） 上午 6:35]   ok  arrival does not retrigger a return
9589.7s [6月2日（週一） 上午 6:35] STEP Walking industrial > shopping_street
9591.6s [6月2日（週一） 上午 6:45]   ok  actual walking transition to shopping_street
9592.0s [6月2日（週一） 上午 6:46]   ok  arrival does not retrigger a return
9592.0s [6月2日（週一） 上午 6:46] STEP Walking shopping_street > harbor
9607.5s [6月2日（週一） 上午 7:26]   ok  actual walking transition to harbor
9608.0s [6月2日（週一） 上午 7:27]   ok  arrival does not retrigger a return
9608.0s [6月2日（週一） 上午 7:27] STEP Walking harbor > riverside
9626.2s [6月2日（週一） 上午 8:01]   ok  actual walking transition to riverside
9626.7s [6月2日（週一） 上午 8:02]   ok  arrival does not retrigger a return
9626.7s [6月2日（週一） 上午 8:02]   ok  all walking time preserves ledger
9626.7s [6月2日（週一） 上午 8:02] STEP Personal-life route: earned relationships, social event, referral and recovery
9627.0s [6月2日（週一） 上午 8:02]   click [PersonalRequest] 協助・45 分鐘・$0.00
9627.4s [6月2日（週一） 上午 8:03]   click [StartGame] Begin practice
9627.7s [6月2日（週一） 上午 8:03]   click [PersonalAnswer_document] 採用無階梯步道，並說明路程較長 45 分鐘・物料 $0.00・信任 +10
9633.2s [6月2日（週一） 上午 8:03] FAIL button 'FinishGame' not found
9633.2s [6月2日（週一） 上午 8:03]       diag: modal=Control:PersonalRequestGame dialogue=false phone=false
9633.5s [6月2日（週一） 上午 8:03] FAIL real personal request: maya part 1
9638.5s [6月2日（週一） 上午 8:03] FAIL button 'PersonalRequest' not found
9638.5s [6月2日（週一） 上午 8:03]       diag: modal=Control:PersonalRequestGame dialogue=false phone=false
9638.5s [6月2日（週一） 上午 8:03]       diag: PersonalRequest visible=false disabled=false
9643.7s [6月2日（週一） 上午 8:03] FAIL button 'StartGame' not found
9643.7s [6月2日（週一） 上午 8:03]       diag: modal=Control:PersonalRequestGame dialogue=false phone=false
9643.7s [6月2日（週一） 上午 8:03]       diag: StartGame visible=false disabled=false
9648.9s [6月2日（週一） 上午 8:03] FAIL button 'PersonalAnswer_compare' not found
9648.9s [6月2日（週一） 上午 8:03]       diag: modal=Control:PersonalRequestGame dialogue=false phone=false
9654.1s [6月2日（週一） 上午 8:03] FAIL button 'FinishGame' not found
9654.1s [6月2日（週一） 上午 8:03]       diag: modal=Control:PersonalRequestGame dialogue=false phone=false
9654.4s [6月2日（週一） 上午 8:03] FAIL real personal request: maya part 2
9659.4s [6月2日（週一） 上午 8:03] FAIL button 'PersonalRequest' not found
9659.4s [6月2日（週一） 上午 8:03]       diag: modal=Control:PersonalRequestGame dialogue=false phone=false
9659.4s [6月2日（週一） 上午 8:03]       diag: PersonalRequest visible=false disabled=false
9664.7s [6月2日（週一） 上午 8:03] FAIL button 'StartGame' not found
9664.7s [6月2日（週一） 上午 8:03]       diag: modal=Control:PersonalRequestGame dialogue=false phone=false
9664.7s [6月2日（週一） 上午 8:03]       diag: StartGame visible=false disabled=false
9669.9s [6月2日（週一） 上午 8:03] FAIL button 'PersonalAnswer_scope' not found
9669.9s [6月2日（週一） 上午 8:03]       diag: modal=Control:PersonalRequestGame dialogue=false phone=false
9675.1s [6月2日（週一） 上午 8:03] FAIL button 'FinishGame' not found
9675.1s [6月2日（週一） 上午 8:03]       diag: modal=Control:PersonalRequestGame dialogue=false phone=false
9675.4s [6月2日（週一） 上午 8:03] FAIL real personal request: maya part 3
9676.1s [6月2日（週一） 上午 8:03]   click [PersonalRequest] 協助・45 分鐘・$0.00
9676.5s [6月2日（週一） 上午 8:03]   click [StartGame] Start
9676.9s [6月2日（週一） 上午 8:03]   click [PersonalAnswer_document] 採用無階梯步道，並說明路程較長 45 分鐘・物料 $0.00・信任 +10
9677.3s [6月2日（週一） 上午 8:03]   click [FinishGame] Continue
9677.7s [6月2日（週一） 上午 8:48]   ok  real personal request: priya part 1
9677.7s [6月2日（週一） 上午 8:48]   click [PersonalRequest] 協助・60 分鐘・$10.00
9678.1s [6月2日（週一） 上午 8:48]   click [StartGame] Start
9678.5s [6月2日（週一） 上午 8:48]   click [PersonalAnswer_compare] 採用目前客房並列出實際設施 60 分鐘・物料 $10.00・信任 +10
9678.9s [6月2日（週一） 上午 8:48]   click [FinishGame] Continue
9679.3s [6月2日（週一） 上午 9:48]   ok  real personal request: priya part 2
9679.3s [6月2日（週一） 上午 9:48]   click [PersonalRequest] 協助・90 分鐘・$20.00
9679.7s [6月2日（週一） 上午 9:48]   click [StartGame] Start
9680.1s [6月2日（週一） 上午 9:48]   click [PersonalAnswer_scope] 已查核的客房文案與通路條款揭露 90 分鐘・物料 $20.00・信任 +10
9680.5s [6月2日（週一） 上午 9:48]   click [FinishGame] Continue
9680.9s [6月2日（週一） 上午 11:18]   ok  real personal request: priya part 3
9681.6s [6月2日（週一） 上午 11:18]   click [PersonalRequest] 協助・45 分鐘・$0.00
9682.0s [6月2日（週一） 上午 11:18]   click [StartGame] Start
9682.4s [6月2日（週一） 上午 11:18]   click [PersonalAnswer_document] 採用無階梯步道，並說明路程較長 45 分鐘・物料 $0.00・信任 +10
9682.8s [6月2日（週一） 上午 11:18]   click [FinishGame] Continue
9683.2s [6月2日（週一） 下午 12:03]   ok  real personal request: nina part 1
9683.2s [6月2日（週一） 下午 12:03]   click [PersonalRequest] 協助・60 分鐘・$10.00
9683.6s [6月2日（週一） 下午 12:03]   click [StartGame] Start
9684.0s [6月2日（週一） 下午 12:03]   click [PersonalAnswer_compare] 描述材質並標明永續宣稱未經查核 60 分鐘・物料 $10.00・信任 +10
9684.4s [6月2日（週一） 下午 12:03]   click [FinishGame] Continue
9684.8s [6月2日（週一） 下午 1:03]   ok  real personal request: nina part 2
9684.8s [6月2日（週一） 下午 1:03]   click [PersonalRequest] 協助・90 分鐘・$20.00
9685.2s [6月2日（週一） 下午 1:03]   click [StartGame] Start
9685.6s [6月2日（週一） 下午 1:03]   click [PersonalAnswer_scope] 記錄可修補範例與檢查限制 90 分鐘・物料 $20.00・信任 +10
9686.0s [6月2日（週一） 下午 1:03]   click [FinishGame] Continue
9686.4s [6月2日（週一） 下午 2:33]   ok  real personal request: nina part 3
9687.1s [6月2日（週一） 下午 2:33]   click [PersonalRequest] 協助・45 分鐘・$0.00
9687.5s [6月2日（週一） 下午 2:33]   click [StartGame] Start
9687.9s [6月2日（週一） 下午 2:33]   click [PersonalAnswer_document] 採用無階梯步道，並說明路程較長 45 分鐘・物料 $0.00・信任 +10
9688.3s [6月2日（週一） 下午 2:33]   click [FinishGame] Continue
9688.7s [6月2日（週一） 下午 3:18]   ok  real personal request: sam part 1
9688.7s [6月2日（週一） 下午 3:18]   click [PersonalRequest] 協助・60 分鐘・$10.00
9689.1s [6月2日（週一） 下午 3:18]   click [StartGame] Start
9689.5s [6月2日（週一） 下午 3:18]   click [PersonalAnswer_compare] 說明保養日與替代車流程 60 分鐘・物料 $10.00・信任 +10
9689.9s [6月2日（週一） 下午 3:18]   click [FinishGame] Continue
9690.3s [6月2日（週一） 下午 4:18]   ok  real personal request: sam part 2
9690.3s [6月2日（週一） 下午 4:18]   click [PersonalRequest] 協助・90 分鐘・$20.00
9690.7s [6月2日（週一） 下午 4:18]   click [StartGame] Start
9691.1s [6月2日（週一） 下午 4:18]   click [PersonalAnswer_scope] 經查核的交車文件與尚待檢查項目 90 分鐘・物料 $20.00・信任 +10
9691.5s [6月2日（週一） 下午 4:18]   click [FinishGame] Continue
9691.9s [6月2日（週一） 下午 5:48]   ok  real personal request: sam part 3
9692.0s [6月2日（週一） 下午 5:48]   shot 538_personal_sam_partner.png
9692.0s [6月2日（週一） 下午 5:48]   click [ReferralReview] Review the referred job
9692.3s [6月2日（週一） 下午 5:48]   click [ReferralAccept] Accept the referred job
9692.7s [6月2日（週一） 下午 5:48]   click [ReferralWork] Do the referred work
9693.1s [6月2日（週一） 下午 5:48]   click [StartGame] Start
9693.5s [6月2日（週一） 下午 5:48]   click [PersonalAnswer_scope] 經查核的交車文件與尚待檢查項目 90 分鐘・物料 $20.00・信任 +10
9693.9s [6月2日（週一） 下午 5:48]   click [FinishGame] Continue
9694.3s [6月2日（週一） 下午 8:48]   ok  real Jobs referral waits for payment
9694.3s [6月2日（週一） 下午 8:48]   ok  referred work pays actual supplies before collection
9694.4s [6月2日（週一） 下午 8:48]   shot 539_personal_referral_invoice.png
9695.1s [6月2日（週一） 下午 8:48]   click [PersonalRequest] 協助・45 分鐘・$0.00
9695.5s [6月2日（週一） 下午 8:48]   click [StartGame] Start
9695.8s [6月2日（週一） 下午 8:48]   click [PersonalAnswer_document] 採用無階梯步道，並說明路程較長 45 分鐘・物料 $0.00・信任 +10
9696.2s [6月2日（週一） 下午 8:48]   click [FinishGame] Continue
9696.7s [6月2日（週一） 下午 9:33]   ok  real personal request: ken part 1
9696.7s [6月2日（週一） 下午 9:33]   click [PersonalRequest] 協助・60 分鐘・$10.00
9697.1s [6月2日（週一） 下午 9:33]   click [StartGame] Start
9697.4s [6月2日（週一） 下午 9:33]   click [PersonalAnswer_compare] 說明到期日與付款所需現金 60 分鐘・物料 $10.00・信任 +10
9697.8s [6月2日（週一） 下午 9:33]   click [FinishGame] Continue
9698.3s [6月2日（週一） 下午 10:33]   ok  real personal request: ken part 2
9698.3s [6月2日（週一） 下午 10:33]   click [PersonalRequest] 協助・90 分鐘・$20.00
9698.7s [6月2日（週一） 下午 10:33]   click [StartGame] Start
9699.0s [6月2日（週一） 下午 10:33]   click [PersonalAnswer_scope] 列出已查核文件與缺漏項目 90 分鐘・物料 $20.00・信任 +10
9699.4s [6月2日（週一） 下午 10:33]   click [FinishGame] Continue
9699.9s [6月3日（週二） 上午 12:03]   ok  real personal request: ken part 3
9700.7s [6月5日（週四） 下午 6:00]   shot 540_personal_social_calendar.png
9700.7s [6月5日（週四） 下午 6:00]   click [Social_chamber] Attend
9701.2s [6月5日（週四） 下午 8:00]   ok  social event meal really paid
9701.2s [6月5日（週四） 下午 8:00]   shot 541_personal_social_information.png
9701.9s [6月5日（週四） 下午 8:00]   ok  high-stress illness fixture triggered
9702.0s [6月5日（週四） 下午 8:00]   shot 542_personal_stress_choices.png
9702.0s [6月5日（週四） 下午 8:00]   click [RecoveryRest] Free recovery day · 480 minutes
9702.5s [6月6日（週五） 上午 4:00]   ok  real free rest button ends illness
9702.6s [6月6日（週五） 上午 4:00]   shot 543_personal_recovered_contacts.png
9703.0s [6月6日（週五） 上午 4:00]   ok  personal requests, gifts and referral journals balance
9703.0s [6月6日（週五） 上午 4:00] STEP Save → reload → same state
9704.0s [6月6日（週五） 上午 4:01]   ok  cash restored after load
9704.0s [6月6日（週五） 上午 4:01]   ok  time restored after load
9704.0s [6月6日（週五） 上午 4:01]   ok  location restored (riverside)
9704.2s [6月6日（週五） 上午 4:01]   shot 544_after_load.png
9704.2s [6月6日（週五） 上午 4:01] BOT FINISHED — 100 failure(s) · 9704.2s real
9704.2s [6月6日（週五） 上午 4:01] English audit: 24 on-screen text(s) with untranslated words
