Godot Engine v4.5.1.stable.official.f62fdbde1 - https://godotengine.org

   0.0s STEP Main menu → New Game
   0.0s   (shot main_menu skipped: headless)
   0.0s   click [NewGame] New Game
   0.1s STEP Character Creator
   0.1s   (shot creator_default skipped: headless)
   0.1s   click [Tab_hair] Hair
   0.1s   click [Next_hair] ▶
   0.1s   click [Tab_face] Face
   0.1s   click [Next_face] ▶
   0.1s   click [Next_eye_shape] ▶
   0.1s   click [Tab_body] Body
   0.1s   click [Next_presentation] ▶
   0.1s   (shot creator_customised skipped: headless)
   0.1s   click [Tab_outfit] Outfit
   0.1s   click "Startup Casual"
   0.2s   ok  appearance changed from default (short_neat)
   0.2s   (shot creator_final skipped: headless)
   0.2s   click [Start] Start in Aurelia  →
   0.2s [Sun, Jun 1 2:00 PM] STEP Arrival sequence
   0.2s [Sun, Jun 1 2:00 PM]   (shot arrival_train skipped: headless)
   0.2s [Sun, Jun 1 2:00 PM]   (shot arrival_phone skipped: headless)
   0.3s [Sun, Jun 1 2:01 PM]   ok  spawned in the Riverside apartment
   0.3s [Sun, Jun 1 2:01 PM]   ok  starting cash $30,000
   0.3s [Sun, Jun 1 2:01 PM]   ok  name saved
   0.3s [Sun, Jun 1 2:03 PM]   (shot apartment_arrival skipped: headless)
   0.3s [Sun, Jun 1 2:03 PM] STEP Chapter 1 — phone & Maya
   0.4s [Sun, Jun 1 2:08 PM]   (shot phone_home skipped: headless)
   0.4s [Sun, Jun 1 2:08 PM]   click [App_messages] Messages 2
   0.5s [Sun, Jun 1 2:09 PM]   click [Thread_maya] Maya  ● Call me. Or text. Or whate
   0.5s [Sun, Jun 1 2:09 PM]   choose "› Yeah."
   0.6s [Sun, Jun 1 2:09 PM]   choose "› I'm starting a company."
   0.7s [Sun, Jun 1 2:09 PM]   ok  Maya conversation done
   0.7s [Sun, Jun 1 2:09 PM] STEP Head outside
   1.0s [Sun, Jun 1 2:15 PM]   ok  walked back outside
   1.0s [Sun, Jun 1 2:15 PM]   ok  visited Riverside
   1.0s [Sun, Jun 1 2:15 PM]   (shot riverside_outside_home skipped: headless)
   1.0s [Sun, Jun 1 2:15 PM] STEP Bloom Coffee
   1.2s [Sun, Jun 1 2:20 PM]   ok  entered Bloom Coffee
   1.2s [Sun, Jun 1 2:20 PM]   (shot bloom_coffee_inside skipped: headless)
   1.3s [Sun, Jun 1 2:22 PM]   use "Order coffee ($4.50)"
   1.3s [Sun, Jun 1 2:22 PM]   choose "› Please."
   1.5s [Sun, Jun 1 2:33 PM]   ok  bought a coffee from Jun
   1.6s [Sun, Jun 1 2:38 PM]   ok  walked back outside
   1.6s [Sun, Jun 1 2:38 PM] STEP Walk east to Startup Hub
   1.7s [Sun, Jun 1 2:40 PM]   (shot riverside_street skipped: headless)
   2.4s [Sun, Jun 1 3:11 PM]   ok  walked to Startup Hub
   2.4s [Sun, Jun 1 3:11 PM]   (shot startup_hub_arrive skipped: headless)
   2.4s [Sun, Jun 1 3:11 PM] STEP Nexus Co-work
   2.6s [Sun, Jun 1 3:17 PM]   ok  entered Nexus Co-work
   2.6s [Sun, Jun 1 3:17 PM]   (shot cowork_inside skipped: headless)
   2.7s [Sun, Jun 1 3:19 PM]   use "Reception — desks & day passes"
   2.7s [Sun, Jun 1 3:19 PM]   choose "› Yeah. Just looking."
   2.9s [Sun, Jun 1 3:20 PM]   click [DayPass] Buy a day pass ($15)
   2.9s [Sun, Jun 1 3:21 PM] STEP Business Board
   3.2s [Sun, Jun 1 3:32 PM]   use "Business Board"
   3.2s [Sun, Jun 1 3:34 PM]   (shot business_board skipped: headless)
   3.2s [Sun, Jun 1 3:34 PM]   click [Biz_saas] ● SaaS / Software
   3.3s [Sun, Jun 1 3:34 PM]   (shot business_board_planned_saas skipped: headless)
   3.3s [Sun, Jun 1 3:34 PM]   click [Biz_ecommerce] ● Ecommerce
   3.3s [Sun, Jun 1 3:34 PM]   click [StartEcommerce] Start an ecommerce side business
   3.3s [Sun, Jun 1 3:36 PM]   ok  picked ecommerce as first business
   3.4s [Sun, Jun 1 3:40 PM]   ok  Chapter 1 complete
   3.4s [Sun, Jun 1 3:40 PM] STEP Chapter 2 — buy stock at a hot desk (Company OS)
   3.7s [Sun, Jun 1 3:53 PM]   use "Work at a hot desk — Company OS"
   3.7s [Sun, Jun 1 3:54 PM]   (shot company_os_overview_personal skipped: headless)
   3.7s [Sun, Jun 1 3:54 PM]   click [Tab_operations] Operations
   3.8s [Sun, Jun 1 3:55 PM]   (shot company_os_suppliers skipped: headless)
   3.8s [Sun, Jun 1 3:55 PM]   click [Buy_tradelink_wholesale_wireless_earbuds] Buy $900
   3.8s [Sun, Jun 1 4:06 PM]   click [Buy_tradelink_wholesale_water_bottle] Buy $408
   3.9s [Sun, Jun 1 4:17 PM]   click [Buy_tradelink_wholesale_desk_lamp] Buy $460
   3.9s [Sun, Jun 1 4:27 PM]   click [Buy_tradelink_wholesale_phone_stand] Buy $272
   4.0s [Sun, Jun 1 4:38 PM]   ok  placed purchase orders (MOQ, prepaid): 4 POs, cash $27,940.50
   4.0s [Sun, Jun 1 4:38 PM]   (shot company_os_purchase_orders skipped: headless)
   4.0s [Sun, Jun 1 4:39 PM] STEP Home to wait for stock
   4.2s [Sun, Jun 1 4:44 PM]   ok  walked back outside
   4.4s [Sun, Jun 1 5:02 PM]   ok  walked to Riverside
   5.1s [Sun, Jun 1 5:26 PM]   ok  entered Riverside Tower
   5.1s [Sun, Jun 1 5:26 PM]   (harness) wait 2 h
   5.2s [Sun, Jun 1 7:30 PM]   use "Sleep"
   5.2s [Sun, Jun 1 7:30 PM]   click [Sleep] Sleep until 7:00 AM
   5.3s [Mon, Jun 2 7:01 AM]   (harness) wait 2 h
   5.3s [Mon, Jun 2 9:02 AM]   (harness) wait 2 h
   5.3s [Mon, Jun 2 11:03 AM]   (harness) wait 2 h
   5.3s [Mon, Jun 2 1:04 PM]   (harness) wait 2 h
   5.3s [Mon, Jun 2 3:05 PM]   (harness) wait 2 h
   5.4s [Mon, Jun 2 5:06 PM]   (harness) wait 2 h
   5.4s [Mon, Jun 2 7:07 PM]   use "Sleep"
   5.4s [Mon, Jun 2 7:07 PM]   click [Sleep] Sleep until 7:00 AM
   5.5s [Tue, Jun 3 7:01 AM]   (harness) wait 2 h
   5.5s [Tue, Jun 3 9:02 AM]   (harness) wait 2 h
   5.5s [Tue, Jun 3 11:03 AM]   (harness) wait 2 h
   5.5s [Tue, Jun 3 1:04 PM]   (harness) wait 2 h
   5.6s [Tue, Jun 3 3:05 PM]   (harness) wait 2 h
   5.6s [Tue, Jun 3 5:06 PM]   ok  stock delivered to the apartment
   5.6s [Tue, Jun 3 5:07 PM]   (shot apartment_with_stock skipped: headless)
   5.6s [Tue, Jun 3 5:07 PM] STEP List products on ShopLane
   5.6s [Tue, Jun 3 5:08 PM]   use "Use laptop — Company OS"
   5.7s [Tue, Jun 3 5:09 PM]   click [Tab_sales] Sales
   5.7s [Tue, Jun 3 5:10 PM]   (shot company_os_sales_ready skipped: headless)
   5.7s [Tue, Jun 3 5:10 PM]   click [ListSelf_wireless_earbuds] Shoot photos myself & list (1 h 20 min)
   5.7s [Tue, Jun 3 6:31 PM]   click [ListSelf_water_bottle] Shoot photos myself & list (1 h 20 min)
   5.8s [Tue, Jun 3 7:52 PM]   click [ListSelf_desk_lamp] Shoot photos myself & list (1 h 20 min)
   5.8s [Tue, Jun 3 9:13 PM]   click [ListSelf_phone_stand] Shoot photos myself & list (1 h 20 min)
   5.9s [Tue, Jun 3 10:34 PM]   click [AdPlus_wireless_earbuds] +
   5.9s [Tue, Jun 3 10:34 PM]   (shot company_os_listings_live skipped: headless)
   5.9s [Tue, Jun 3 10:34 PM]   ok  listings live
   6.0s [Tue, Jun 3 10:35 PM] STEP First order → pack → ship
   6.2s [Tue, Jun 3 10:47 PM]   use "Packing table"
   6.2s [Tue, Jun 3 10:48 PM]   (shot packing_table skipped: headless)
   6.2s [Tue, Jun 3 10:48 PM]   click [Pack] Pack 13 orders (1 h 44 min)
   6.3s [Wed, Jun 4 12:34 AM]   click [CourierEconomy] Courier · Economy 3d ($51.60)
   6.3s [Wed, Jun 4 12:35 AM]   ok  first order came in
   6.3s [Wed, Jun 4 12:35 AM]   ok  handed to the courier (pickup booked)
   6.3s [Wed, Jun 4 12:35 AM] STEP Delivery → first dollar
   6.6s [Wed, Jun 4 12:49 AM]   use "Sleep"
   6.6s [Wed, Jun 4 12:49 AM]   click [Sleep] Sleep until 7:00 AM
   6.9s [Wed, Jun 4 7:14 AM]   use "Packing table"
   6.9s [Wed, Jun 4 7:15 AM]   click [Pack] Pack 10 orders (1 h 20 min)
   7.0s [Wed, Jun 4 8:36 AM]   click [CourierEconomy] Courier · Economy 3d ($38.00)
   7.0s [Wed, Jun 4 8:38 AM]   ok  first order delivered (Earn Your First Dollar)
   7.0s [Wed, Jun 4 8:38 AM]   revenue booked $356.87 · ShopLane balance $321.17 · cash $27,737.50
   7.0s [Wed, Jun 4 8:38 AM]   (shot first_dollar skipped: headless)
   7.0s [Wed, Jun 4 8:38 AM] STEP First customer issue
   7.0s [Wed, Jun 4 8:38 AM]   (harness) wait 2 h
   7.2s [Wed, Jun 4 10:48 AM]   use "Packing table"
   7.2s [Wed, Jun 4 10:49 AM]   click [Pack] Pack 5 orders (40 min)
   7.3s [Wed, Jun 4 11:31 AM]   click [CourierEconomy] Courier · Economy 3d ($22.00)
   7.3s [Wed, Jun 4 11:32 AM]   (harness) wait 2 h
   7.3s [Wed, Jun 4 1:34 PM]   use "Packing table"
   7.4s [Wed, Jun 4 1:35 PM]   click [Pack] Pack 13 orders (1 h 44 min)
   7.4s [Wed, Jun 4 3:28 PM]   click [CourierEconomy] Courier · Economy 3d ($52.80)
   7.4s [Wed, Jun 4 3:30 PM]   (harness) wait 2 h
   7.5s [Wed, Jun 4 5:31 PM]   use "Packing table"
   7.5s [Wed, Jun 4 5:32 PM]   click [Pack] Pack 9 orders (1 h 12 min)
   7.5s [Wed, Jun 4 6:45 PM]   click [CourierEconomy] Courier · Economy 3d ($34.80)
   7.6s [Wed, Jun 4 6:47 PM]   (harness) wait 2 h
   7.6s [Wed, Jun 4 8:48 PM]   use "Packing table"
   7.6s [Wed, Jun 4 8:49 PM]   click [Pack] Pack 11 orders (1 h 28 min)
   7.7s [Wed, Jun 4 10:19 PM]   click [CourierEconomy] Courier · Economy 3d ($43.20)
   7.8s [Wed, Jun 4 10:24 PM]   use "Sleep"
   7.8s [Wed, Jun 4 10:24 PM]   click [Sleep] Sleep until 7:00 AM
   7.9s [Thu, Jun 5 7:00 AM]   (shot decision_customer_return_first skipped: headless)
   7.9s [Thu, Jun 5 7:00 AM]   decision customer_return_first → replace
   7.9s [Thu, Jun 5 7:00 AM]   click [Choice_replace] Send a replacement (express)
   8.0s [Thu, Jun 5 7:00 AM]   (shot decision_outcome_customer_return_first skipped: headless)
   8.0s [Thu, Jun 5 7:00 AM]   click "OK"
   8.2s [Thu, Jun 5 7:14 AM]   use "Packing table"
   8.3s [Thu, Jun 5 7:15 AM]   click [Pack] Pack 16 orders (2 h 8 min)
   8.3s [Thu, Jun 5 9:24 AM]   click [CourierEconomy] Courier · Economy 3d ($63.20)
   8.3s [Thu, Jun 5 9:26 AM]   ok  resolved the first customer issue
   8.4s [Thu, Jun 5 9:29 AM]   ok  Chapter 2 complete
   8.4s [Thu, Jun 5 9:29 AM] STEP Purchase cancellation
   8.5s [Thu, Jun 5 9:31 AM]   use "Use laptop — Company OS"
   8.5s [Thu, Jun 5 9:32 AM]   click [Tab_operations] Operations
   8.5s [Thu, Jun 5 9:33 AM]   click [Buy_tradelink_wholesale_wireless_earbuds] Buy $900
   8.6s [Thu, Jun 5 9:44 AM]   click [CancelPO_PO-105] Cancel purchase
   8.6s [Thu, Jun 5 9:44 AM]   (shot purchase_cancel_confirmation skipped: headless)
   8.6s [Thu, Jun 5 9:44 AM]   click [ConfirmReturn] Confirm cancellation
   8.7s [Thu, Jun 5 9:44 AM]   ok  extra PO cancelled through UI
   8.7s [Thu, Jun 5 9:44 AM]   ok  cancellation cash equals quoted refund
   8.7s [Thu, Jun 5 9:44 AM]   ok  ledger balanced after purchase cancellation
   8.7s [Thu, Jun 5 9:45 AM]   (shot purchase_cancelled_operations skipped: headless)
   8.7s [Thu, Jun 5 9:46 AM] STEP Chapter 3 — wait for a weekday morning
   8.9s [Thu, Jun 5 9:51 AM]   ok  walked back outside
   8.9s [Thu, Jun 5 9:51 AM] STEP Metro to Civic Center → City Hall
   9.3s [Thu, Jun 5 10:03 AM]   use "Metro — Riverside Station"
   9.3s [Thu, Jun 5 10:04 AM]   (shot metro_civic_center skipped: headless)
   9.3s [Thu, Jun 5 10:04 AM]   click [Go_civic_center] Civic Center  ·  12 min
   9.4s [Thu, Jun 5 10:18 AM]   ok  took the Metro to Civic Center
   9.4s [Thu, Jun 5 10:18 AM]   (shot civic_center skipped: headless)
   9.8s [Thu, Jun 5 10:28 AM]   ok  entered Aurelia City Hall
   9.8s [Thu, Jun 5 10:28 AM]   (shot city_hall_inside skipped: headless)
   9.8s [Thu, Jun 5 10:30 AM]   use "Registration counter"
   9.9s [Thu, Jun 5 10:30 AM]   choose "› I want to register a company."
  10.0s [Thu, Jun 5 10:31 AM]   (shot registration_form skipped: headless)
  10.0s [Thu, Jun 5 10:31 AM]   click [Submit] Register & pay
  10.0s [Thu, Jun 5 11:17 AM]   (shot registration_done skipped: headless)
  10.0s [Thu, Jun 5 11:17 AM]   click "Thanks"
  10.0s [Thu, Jun 5 11:17 AM]   ok  registered Riverlight Goods
  10.0s [Thu, Jun 5 11:17 AM]   (shot decision_low_cash_warning skipped: headless)
  10.0s [Thu, Jun 5 11:17 AM]   decision low_cash_warning → reduce
  10.0s [Thu, Jun 5 11:17 AM]   click [Choice_reduce] Cut spending (pause ads, cheaper living)
  10.1s [Thu, Jun 5 11:17 AM]   (shot decision_outcome_low_cash_warning skipped: headless)
  10.1s [Thu, Jun 5 11:17 AM]   click "OK"
  10.2s [Thu, Jun 5 11:22 AM]   ok  walked back outside
  10.2s [Thu, Jun 5 11:22 AM] STEP Walk to the Financial District → Nexus Bank
  10.8s [Thu, Jun 5 11:42 AM]   ok  walked to Financial District
  11.0s [Thu, Jun 5 11:48 AM]   ok  entered Nexus Bank
  11.0s [Thu, Jun 5 11:48 AM]   (shot bank_inside skipped: headless)
  11.0s [Thu, Jun 5 11:50 AM]   use "Teller — business banking"
  11.1s [Thu, Jun 5 11:51 AM]   click "$15,000"
  11.1s [Thu, Jun 5 11:51 AM]   click [OpenAccount] Open account with $15,000
  11.2s [Thu, Jun 5 12:23 PM]   (shot bank_account_opened skipped: headless)
  11.3s [Thu, Jun 5 12:23 PM]   ok  business account opened with founder capital
  11.4s [Thu, Jun 5 12:28 PM]   ok  walked back outside
  11.4s [Thu, Jun 5 12:28 PM] STEP Metro to Startup Hub → lease Suite 2B
  11.7s [Thu, Jun 5 12:37 PM]   use "Metro — Financial District Station"
  11.7s [Thu, Jun 5 12:39 PM]   (shot metro_startup_hub skipped: headless)
  11.7s [Thu, Jun 5 12:39 PM]   click [Go_startup_hub] Startup Hub  ·  8 min
  11.8s [Thu, Jun 5 12:48 PM]   ok  took the Metro to Startup Hub
  12.1s [Thu, Jun 5 12:56 PM]   ok  entered 22 Founders Lane
  12.1s [Thu, Jun 5 12:56 PM]   (shot suite_2b_tour skipped: headless)
  12.1s [Thu, Jun 5 12:57 PM]   use "Talk to Tom"
  12.3s [Thu, Jun 5 12:57 PM]   click [SignLease] Sign the lease
  12.3s [Thu, Jun 5 12:59 PM]   ok  leased Suite 2B
  12.3s [Thu, Jun 5 1:00 PM]   (shot suite_2b_company_sign skipped: headless)
  12.3s [Thu, Jun 5 1:00 PM] STEP Sit at the desk → Company OS as the company
  12.4s [Thu, Jun 5 1:01 PM]   use "Sit at your desk — Company OS"
  12.4s [Thu, Jun 5 1:02 PM]   (shot company_os_as_company skipped: headless)
  12.4s [Thu, Jun 5 1:02 PM]   click [Tab_finance] Finance
  12.5s [Thu, Jun 5 1:03 PM]   (shot company_os_finance skipped: headless)
  12.5s [Thu, Jun 5 1:03 PM]   click [Tab_inventory] Inventory
  12.5s [Thu, Jun 5 1:04 PM]   (shot company_os_inventory skipped: headless)
  12.6s [Thu, Jun 5 1:09 PM]   ok  Chapter 3 complete
  12.8s [Thu, Jun 5 1:14 PM]   ok  walked back outside
  12.8s [Thu, Jun 5 1:14 PM]   (shot startup_hub_office_sign skipped: headless)
  12.8s [Thu, Jun 5 1:14 PM] STEP Careers — part-time job at Nexus Co-work
  13.2s [Thu, Jun 5 1:24 PM]   ok  entered Nexus Co-work
  13.2s [Thu, Jun 5 1:27 PM]   use "Business Board"
  13.3s [Thu, Jun 5 1:28 PM]   click [Page_jobs] Part-time jobs
  13.3s [Thu, Jun 5 1:29 PM]   (shot business_board_jobs skipped: headless)
  13.3s [Thu, Jun 5 1:29 PM]   click [Job_cowork_host] Details / apply
  13.4s [Thu, Jun 5 1:30 PM]   click [ApplyJob] Take the job
  13.4s [Thu, Jun 5 1:31 PM]   (shot job_hired skipped: headless)
  13.5s [Thu, Jun 5 1:32 PM]   ok  hired as a community host
  13.8s [Thu, Jun 5 1:42 PM]   use "Staff door — work a shift"
  13.8s [Thu, Jun 5 1:43 PM]   (shot job_shift skipped: headless)
  13.8s [Thu, Jun 5 1:43 PM]   click [WorkShift] Start a 4-hour shift (up to +$72.00)
  13.9s [Thu, Jun 5 5:45 PM]   ok  a 4-hour shift paid by how it went ($67.68)
  13.9s [Thu, Jun 5 5:45 PM] STEP Careers — freelance gig at a hot desk
  13.9s [Thu, Jun 5 5:45 PM]   info card: Your first business loop
  13.9s [Thu, Jun 5 5:45 PM]   (shot info_your_first_business_loop skipped: headless)
  13.9s [Thu, Jun 5 5:45 PM]   click "Let's go"
  14.2s [Thu, Jun 5 5:58 PM]   use "Work at a hot desk — Company OS"
  14.3s [Thu, Jun 5 5:59 PM]   click [Tab_freelance] Freelance
  14.3s [Thu, Jun 5 6:00 PM]   click [StartFreelance] Start freelancing
  14.3s [Thu, Jun 5 6:01 PM]   click [Accept_G1] Accept
  14.3s [Thu, Jun 5 6:01 PM]   click [Work_G1] Work 2 h
  14.4s [Thu, Jun 5 8:02 PM]   (shot freelance_gig skipped: headless)
  14.4s [Thu, Jun 5 8:02 PM]   ok  put hours into a freelance gig
  14.4s [Thu, Jun 5 8:02 PM] STEP Careers — start a SaaS product
  14.4s [Thu, Jun 5 8:02 PM]   click [Tab_saas] SaaS
  14.4s [Thu, Jun 5 8:03 PM]   (shot saas_ideas skipped: headless)
  14.4s [Thu, Jun 5 8:03 PM]   click [Saas_freelancer_invoicing] Build this
  14.4s [Thu, Jun 5 8:04 PM]   click [SaasCode] Code for 2 hours
  14.5s [Thu, Jun 5 10:05 PM]   (shot saas_building skipped: headless)
  14.5s [Thu, Jun 5 10:05 PM]   ok  started building a SaaS product (2 dev h)
  14.6s [Thu, Jun 5 10:11 PM]   ok  walked back outside
  14.6s [Thu, Jun 5 10:11 PM] STEP Run the company to month-end
  14.9s [Thu, Jun 5 10:29 PM]   ok  walked to Riverside
  15.6s [Thu, Jun 5 10:53 PM]   ok  entered Riverside Tower
  15.7s [Thu, Jun 5 10:55 PM]   use "Use laptop — Company OS"
  15.7s [Thu, Jun 5 10:56 PM]   click [Tab_operations] Operations
  15.7s [Thu, Jun 5 10:57 PM]   click [DeliverTo_riverside_studio] Riverside Tower, Unit
  15.7s [Thu, Jun 5 10:57 PM]   click [Buy_tradelink_wholesale_water_bottle] Buy $408
  15.8s [Thu, Jun 5 11:07 PM]   click [Buy_tradelink_wholesale_wireless_earbuds] Buy $900
  16.1s [Thu, Jun 5 11:29 PM]   use "Sleep"
  16.1s [Thu, Jun 5 11:29 PM]   click [Sleep] Sleep until 7:00 AM
  16.4s [Fri, Jun 6 7:14 AM]   use "Packing table"
  16.5s [Fri, Jun 6 7:15 AM]   click [Pack] Pack 52 orders (6 h 56 min)
  16.5s [Fri, Jun 6 2:20 PM]   click [CourierEconomy] Courier · Economy 3d ($193.60)
  16.6s [Fri, Jun 6 2:24 PM]   use "Use laptop — Company OS"
  16.7s [Fri, Jun 6 2:25 PM]   click [Tab_operations] Operations
  16.7s [Fri, Jun 6 2:25 PM]   click [DeliverTo_riverside_studio] Riverside Tower, Unit
  16.8s [Fri, Jun 6 2:25 PM]   click [Buy_tradelink_wholesale_water_bottle] Buy $408
  16.8s [Fri, Jun 6 2:36 PM]   click [Buy_tradelink_wholesale_wireless_earbuds] Buy $900
  16.9s [Fri, Jun 6 7:00 PM]   (shot decision_customer_return skipped: headless)
  16.9s [Fri, Jun 6 7:00 PM]   decision customer_return → refund
  16.9s [Fri, Jun 6 7:00 PM]   click [Choice_refund] Refund + take it back
  16.9s [Fri, Jun 6 7:00 PM]   (shot decision_outcome_customer_return skipped: headless)
  16.9s [Fri, Jun 6 7:00 PM]   click "OK"
  17.2s [Fri, Jun 6 7:12 PM]   use "Sleep"
  17.2s [Fri, Jun 6 7:12 PM]   click [Sleep] Sleep until 7:00 AM
  17.5s [Sat, Jun 7 7:14 AM]   use "Packing table"
  17.6s [Sat, Jun 7 7:15 AM]   click [Pack] Pack 57 orders (7 h 36 min)
  17.6s [Sat, Jun 7 2:52 PM]   click [CourierEconomy] Courier · Economy 3d ($210.40)
  18.0s [Sat, Jun 7 7:13 PM]   use "Sleep"
  18.0s [Sat, Jun 7 7:13 PM]   click [Sleep] Sleep until 7:00 AM
  18.3s [Sun, Jun 8 7:14 AM]   use "Packing table"
  18.4s [Sun, Jun 8 7:15 AM]   click [Pack] Pack 32 orders (4 h 16 min)
  18.4s [Sun, Jun 8 11:32 AM]   click [CourierEconomy] Courier · Economy 3d ($124.40)
  18.5s [Sun, Jun 8 11:33 AM]   (shot decision_customer_return skipped: headless)
  18.5s [Sun, Jun 8 11:33 AM]   decision customer_return → replace
  18.5s [Sun, Jun 8 11:33 AM]   click [Choice_replace] Send a replacement
  18.5s [Sun, Jun 8 11:33 AM]   (shot decision_outcome_customer_return skipped: headless)
  18.5s [Sun, Jun 8 11:33 AM]   click "OK"
  18.8s [Sun, Jun 8 7:14 PM]   use "Sleep"
  18.8s [Sun, Jun 8 7:14 PM]   click [Sleep] Sleep until 7:00 AM
  18.9s [Mon, Jun 9 7:00 AM]   (shot decision_customer_return skipped: headless)
  18.9s [Mon, Jun 9 7:00 AM]   decision customer_return → replace
  18.9s [Mon, Jun 9 7:00 AM]   click [Choice_replace] Send a replacement
  19.0s [Mon, Jun 9 7:00 AM]   (shot decision_outcome_customer_return skipped: headless)
  19.0s [Mon, Jun 9 7:00 AM]   click "OK"
  19.0s [Mon, Jun 9 7:00 AM]   (shot decision_customer_return skipped: headless)
  19.0s [Mon, Jun 9 7:00 AM]   decision customer_return → replace
  19.0s [Mon, Jun 9 7:00 AM]   click [Choice_replace] Send a replacement
  19.0s [Mon, Jun 9 7:00 AM]   (shot decision_outcome_customer_return skipped: headless)
  19.0s [Mon, Jun 9 7:00 AM]   click "OK"
  19.3s [Mon, Jun 9 7:14 AM]   use "Packing table"
  19.3s [Mon, Jun 9 7:15 AM]   click [Pack] Pack 37 orders (4 h 56 min)
  19.4s [Mon, Jun 9 12:12 PM]   click [CourierEconomy] Courier · Economy 3d ($130.40)
  19.5s [Mon, Jun 9 12:13 PM]   (shot decision_customer_return skipped: headless)
  19.5s [Mon, Jun 9 12:13 PM]   decision customer_return → replace
  19.5s [Mon, Jun 9 12:13 PM]   click [Choice_replace] Send a replacement
  19.5s [Mon, Jun 9 12:13 PM]   (shot decision_outcome_customer_return skipped: headless)
  19.5s [Mon, Jun 9 12:13 PM]   click "OK"
  19.8s [Mon, Jun 9 7:14 PM]   use "Sleep"
  19.8s [Mon, Jun 9 7:14 PM]   click [Sleep] Sleep until 7:00 AM
  19.9s [Tue, Jun 10 7:00 AM]   (shot decision_customer_return skipped: headless)
  19.9s [Tue, Jun 10 7:00 AM]   decision customer_return → replace
  19.9s [Tue, Jun 10 7:00 AM]   click [Choice_replace] Send a replacement
  19.9s [Tue, Jun 10 7:00 AM]   (shot decision_outcome_customer_return skipped: headless)
  19.9s [Tue, Jun 10 7:00 AM]   click "OK"
  20.2s [Tue, Jun 10 7:14 AM]   use "Packing table"
  20.2s [Tue, Jun 10 7:15 AM]   click [Pack] Pack 23 orders (3 h 4 min)
  20.3s [Tue, Jun 10 10:20 AM]   click [CourierEconomy] Courier · Economy 3d ($83.60)
  20.4s [Tue, Jun 10 7:00 PM]   (shot decision_supplier_price_increase skipped: headless)
  20.4s [Tue, Jun 10 7:00 PM]   decision supplier_price_increase → accept
  20.4s [Tue, Jun 10 7:00 PM]   click [Choice_accept] Okay. Keep supplying me.
  20.4s [Tue, Jun 10 7:00 PM]   (shot decision_outcome_supplier_price_increase skipped: headless)
  20.4s [Tue, Jun 10 7:00 PM]   click "OK"
  20.7s [Tue, Jun 10 7:14 PM]   use "Sleep"
  20.7s [Tue, Jun 10 7:14 PM]   click [Sleep] Sleep until 7:00 AM
  21.1s [Wed, Jun 11 7:14 AM]   use "Packing table"
  21.1s [Wed, Jun 11 7:15 AM]   click [Pack] Pack 9 orders (1 h 12 min)
  21.1s [Wed, Jun 11 8:28 AM]   click [CourierEconomy] Courier · Economy 3d ($34.80)
  21.2s [Wed, Jun 11 7:00 PM]   (shot decision_customer_return skipped: headless)
  21.2s [Wed, Jun 11 7:00 PM]   decision customer_return → refund
  21.2s [Wed, Jun 11 7:00 PM]   click [Choice_refund] Refund + take it back
  21.3s [Wed, Jun 11 7:00 PM]   (shot decision_outcome_customer_return skipped: headless)
  21.3s [Wed, Jun 11 7:00 PM]   click "OK"
  21.3s [Wed, Jun 11 7:00 PM]   (shot decision_customer_return skipped: headless)
  21.3s [Wed, Jun 11 7:00 PM]   decision customer_return → refund
  21.3s [Wed, Jun 11 7:00 PM]   click [Choice_refund] Refund + take it back
  21.3s [Wed, Jun 11 7:00 PM]   (shot decision_outcome_customer_return skipped: headless)
  21.3s [Wed, Jun 11 7:00 PM]   click "OK"
  21.6s [Wed, Jun 11 7:14 PM]   use "Sleep"
  21.6s [Wed, Jun 11 7:14 PM]   click [Sleep] Sleep until 7:00 AM
  21.7s [Thu, Jun 12 7:00 AM]   (shot decision_customer_return skipped: headless)
  21.7s [Thu, Jun 12 7:00 AM]   decision customer_return → refund
  21.7s [Thu, Jun 12 7:00 AM]   click [Choice_refund] Refund + take it back
  21.8s [Thu, Jun 12 7:00 AM]   (shot decision_outcome_customer_return skipped: headless)
  21.8s [Thu, Jun 12 7:00 AM]   click "OK"
  22.1s [Thu, Jun 12 7:14 AM]   use "Packing table"
  22.1s [Thu, Jun 12 7:15 AM]   click [Pack] Pack 22 orders (2 h 56 min)
  22.1s [Thu, Jun 12 10:12 AM]   click [CourierEconomy] Courier · Economy 3d ($78.40)
  22.5s [Thu, Jun 12 7:13 PM]   use "Sleep"
  22.5s [Thu, Jun 12 7:13 PM]   click [Sleep] Sleep until 7:00 AM
  22.6s [Fri, Jun 13 7:00 AM]   (shot decision_customer_return skipped: headless)
  22.6s [Fri, Jun 13 7:00 AM]   decision customer_return → refund
  22.6s [Fri, Jun 13 7:00 AM]   click [Choice_refund] Refund + take it back
  22.7s [Fri, Jun 13 7:00 AM]   (shot decision_outcome_customer_return skipped: headless)
  22.7s [Fri, Jun 13 7:00 AM]   click "OK"
  22.7s [Fri, Jun 13 7:00 AM]   (shot decision_customer_return skipped: headless)
  22.7s [Fri, Jun 13 7:00 AM]   decision customer_return → replace
  22.7s [Fri, Jun 13 7:00 AM]   click [Choice_replace] Send a replacement
  22.7s [Fri, Jun 13 7:00 AM]   (shot decision_outcome_customer_return skipped: headless)
  22.7s [Fri, Jun 13 7:00 AM]   click "OK"
  23.0s [Fri, Jun 13 7:14 AM]   use "Packing table"
  23.0s [Fri, Jun 13 7:15 AM]   click [Pack] Pack 19 orders (2 h 32 min)
  23.1s [Fri, Jun 13 9:48 AM]   click [CourierEconomy] Courier · Economy 3d ($66.80)
  23.1s [Fri, Jun 13 9:49 AM]   (shot decision_customer_return skipped: headless)
  23.1s [Fri, Jun 13 9:49 AM]   decision customer_return → replace
  23.1s [Fri, Jun 13 9:49 AM]   click [Choice_replace] Send a replacement
  23.2s [Fri, Jun 13 9:49 AM]   (shot decision_outcome_customer_return skipped: headless)
  23.2s [Fri, Jun 13 9:49 AM]   click "OK"
  23.5s [Fri, Jun 13 7:14 PM]   use "Sleep"
  23.5s [Fri, Jun 13 7:14 PM]   click [Sleep] Sleep until 7:00 AM
  23.6s [Sat, Jun 14 7:00 AM]   (shot decision_customer_return skipped: headless)
  23.6s [Sat, Jun 14 7:00 AM]   decision customer_return → replace
  23.6s [Sat, Jun 14 7:00 AM]   click [Choice_replace] Send a replacement
  23.7s [Sat, Jun 14 7:00 AM]   (shot decision_outcome_customer_return skipped: headless)
  23.7s [Sat, Jun 14 7:00 AM]   click "OK"
  23.7s [Sat, Jun 14 7:00 AM]   (shot decision_customer_return skipped: headless)
  23.7s [Sat, Jun 14 7:00 AM]   decision customer_return → replace
  23.7s [Sat, Jun 14 7:00 AM]   click [Choice_replace] Send a replacement
  23.7s [Sat, Jun 14 7:00 AM]   (shot decision_outcome_customer_return skipped: headless)
  23.7s [Sat, Jun 14 7:00 AM]   click "OK"
  23.7s [Sat, Jun 14 7:00 AM]   (shot decision_customer_return skipped: headless)
  23.7s [Sat, Jun 14 7:00 AM]   decision customer_return → replace
  23.7s [Sat, Jun 14 7:00 AM]   click [Choice_replace] Send a replacement
  23.8s [Sat, Jun 14 7:00 AM]   (shot decision_outcome_customer_return skipped: headless)
  23.8s [Sat, Jun 14 7:00 AM]   click "OK"
  23.8s [Sat, Jun 14 7:00 AM]   (shot decision_customer_return skipped: headless)
  23.8s [Sat, Jun 14 7:00 AM]   decision customer_return → replace
  23.8s [Sat, Jun 14 7:00 AM]   click [Choice_replace] Send a replacement
  23.8s [Sat, Jun 14 7:00 AM]   (shot decision_outcome_customer_return skipped: headless)
  23.8s [Sat, Jun 14 7:00 AM]   click "OK"
  24.1s [Sat, Jun 14 7:14 AM]   use "Packing table"
  24.2s [Sat, Jun 14 7:15 AM]   click [Pack] Pack 28 orders (3 h 44 min)
  24.2s [Sat, Jun 14 11:00 AM]   click [CourierEconomy] Courier · Economy 3d ($97.60)
  24.5s [Sat, Jun 14 7:13 PM]   use "Sleep"
  24.6s [Sat, Jun 14 7:13 PM]   click [Sleep] Sleep until 7:00 AM
  25.0s [Sun, Jun 15 7:14 AM]   use "Packing table"
  25.0s [Sun, Jun 15 7:15 AM]   click [Pack] Pack 22 orders (2 h 56 min)
  25.0s [Sun, Jun 15 10:12 AM]   click [CourierEconomy] Courier · Economy 3d ($76.40)
  25.1s [Sun, Jun 15 6:50 PM]   toast: New review #1272: ★ "Waste of money."
  25.4s [Sun, Jun 15 7:13 PM]   use "Sleep"
  25.4s [Sun, Jun 15 7:13 PM]   click [Sleep] Sleep until 7:00 AM
  25.8s [Mon, Jun 16 7:14 AM]   use "Packing table"
  25.8s [Mon, Jun 16 7:15 AM]   click [Pack] Pack 22 orders (2 h 56 min)
  25.9s [Mon, Jun 16 10:12 AM]   click [CourierEconomy] Courier · Economy 3d ($76.40)
  25.9s [Mon, Jun 16 10:16 AM]   use "Use laptop — Company OS"
  26.0s [Mon, Jun 16 10:17 AM]   click [Tab_operations] Operations
  26.1s [Mon, Jun 16 10:17 AM]   click [DeliverTo_riverside_studio] Riverside Tower, Unit
  26.1s [Mon, Jun 16 10:17 AM]   click [Buy_tradelink_wholesale_water_bottle] Buy $469
  26.4s [Mon, Jun 16 7:12 PM]   use "Sleep"
  26.4s [Mon, Jun 16 7:12 PM]   click [Sleep] Sleep until 7:00 AM
  26.8s [Tue, Jun 17 7:14 AM]   use "Packing table"
  26.8s [Tue, Jun 17 7:15 AM]   click [Pack] Pack 21 orders (2 h 48 min)
  26.9s [Tue, Jun 17 10:04 AM]   click [CourierEconomy] Courier · Economy 3d ($73.20)
  27.0s [Tue, Jun 17 10:08 AM]   use "Use laptop — Company OS"
  27.0s [Tue, Jun 17 10:09 AM]   click [Tab_operations] Operations
  27.1s [Tue, Jun 17 10:09 AM]   click [DeliverTo_riverside_studio] Riverside Tower, Unit
  27.1s [Tue, Jun 17 10:09 AM]   click [Buy_tradelink_wholesale_water_bottle] Buy $469
  27.2s [Tue, Jun 17 10:20 AM]   click [Buy_tradelink_wholesale_wireless_earbuds] Buy $900
  27.3s [Tue, Jun 17 7:00 PM]   (shot decision_customer_return skipped: headless)
  27.3s [Tue, Jun 17 7:00 PM]   decision customer_return → replace
  27.3s [Tue, Jun 17 7:00 PM]   click [Choice_replace] Send a replacement
  27.3s [Tue, Jun 17 7:00 PM]   (shot decision_outcome_customer_return skipped: headless)
  27.3s [Tue, Jun 17 7:00 PM]   click "OK"
  27.6s [Tue, Jun 17 7:12 PM]   use "Sleep"
  27.6s [Tue, Jun 17 7:12 PM]   click [Sleep] Sleep until 7:00 AM
  28.1s [Wed, Jun 18 7:14 AM]   use "Packing table"
  28.1s [Wed, Jun 18 7:15 AM]   click [Pack] Pack 17 orders (2 h 16 min)
  28.1s [Wed, Jun 18 9:32 AM]   click [CourierEconomy] Courier · Economy 3d ($60.40)
  28.2s [Wed, Jun 18 9:33 AM]   (shot decision_unexpected_large_order skipped: headless)
  28.2s [Wed, Jun 18 9:33 AM]   decision unexpected_large_order → review
  28.2s [Wed, Jun 18 9:33 AM]   click [Choice_review] Send me the contract. I'll look.
  28.2s [Wed, Jun 18 9:33 AM]   (shot decision_outcome_unexpected_large_order skipped: headless)
  28.2s [Wed, Jun 18 9:33 AM]   click "OK"
  28.3s [Wed, Jun 18 9:36 AM]   use "Use laptop — Company OS"
  28.3s [Wed, Jun 18 9:37 AM]   click [Tab_operations] Operations
  28.4s [Wed, Jun 18 9:37 AM]   click [DeliverTo_riverside_studio] Riverside Tower, Unit
  28.4s [Wed, Jun 18 9:37 AM]   click [Buy_tradelink_wholesale_water_bottle] Buy $469
  28.5s [Wed, Jun 18 9:47 AM]   click [Buy_tradelink_wholesale_wireless_earbuds] Buy $900
  28.5s [Wed, Jun 18 9:57 AM]   click [Tab_contracts] Contracts ●
  28.6s [Wed, Jun 18 9:58 AM]   (shot contract_offer skipped: headless)
  28.6s [Wed, Jun 18 9:58 AM]   click [AcceptContract] Accept
  28.9s [Wed, Jun 18 7:11 PM]   use "Sleep"
  28.9s [Wed, Jun 18 7:11 PM]   click [Sleep] Sleep until 7:00 AM
  29.0s [Thu, Jun 19 7:00 AM]   (shot decision_customer_return skipped: headless)
  29.0s [Thu, Jun 19 7:00 AM]   decision customer_return → refund
  29.0s [Thu, Jun 19 7:00 AM]   click [Choice_refund] Refund + take it back
  29.0s [Thu, Jun 19 7:00 AM]   (shot decision_outcome_customer_return skipped: headless)
  29.0s [Thu, Jun 19 7:00 AM]   click "OK"
  29.3s [Thu, Jun 19 7:14 AM]   use "Packing table"
  29.3s [Thu, Jun 19 7:15 AM]   click [Pack] Pack 11 orders (1 h 28 min)
  29.4s [Thu, Jun 19 8:44 AM]   click [CourierEconomy] Courier · Economy 3d ($41.20)
  29.5s [Thu, Jun 19 8:48 AM]   use "Use laptop — Company OS"
  29.5s [Thu, Jun 19 8:49 AM]   click [Tab_operations] Operations
  29.6s [Thu, Jun 19 8:49 AM]   click [DeliverTo_riverside_studio] Riverside Tower, Unit
  29.6s [Thu, Jun 19 8:49 AM]   click [Buy_tradelink_wholesale_water_bottle] Buy $469
  29.6s [Thu, Jun 19 8:59 AM]   click [Buy_tradelink_wholesale_water_bottle] Buy $469
  29.7s [Thu, Jun 19 9:10 AM]   click [Buy_tradelink_wholesale_wireless_earbuds] Buy $900
  29.7s [Thu, Jun 19 9:20 AM]   click [Tab_contracts] Contracts
  30.0s [Thu, Jun 19 7:12 PM]   use "Sleep"
  30.1s [Thu, Jun 19 7:12 PM]   click [Sleep] Sleep until 7:00 AM
  30.4s [Fri, Jun 20 7:14 AM]   use "Packing table"
  30.4s [Fri, Jun 20 7:15 AM]   click [Pack] Pack 15 orders (2 h)
  30.5s [Fri, Jun 20 9:16 AM]   click [CourierEconomy] Courier · Economy 3d ($54.00)
  30.6s [Fri, Jun 20 9:20 AM]   use "Use laptop — Company OS"
  30.6s [Fri, Jun 20 9:21 AM]   click [Tab_operations] Operations
  30.7s [Fri, Jun 20 9:21 AM]   click [DeliverTo_riverside_studio] Riverside Tower, Unit
  30.7s [Fri, Jun 20 9:21 AM]   click [Buy_tradelink_wholesale_water_bottle] Buy $469
  30.8s [Fri, Jun 20 9:32 AM]   click [Buy_tradelink_wholesale_water_bottle] Buy $469
  30.8s [Fri, Jun 20 9:42 AM]   click [Tab_contracts] Contracts
  31.1s [Fri, Jun 20 7:12 PM]   use "Sleep"
  31.2s [Fri, Jun 20 7:12 PM]   click [Sleep] Sleep until 7:00 AM
  31.5s [Sat, Jun 21 7:14 AM]   use "Packing table"
  31.6s [Sat, Jun 21 7:15 AM]   click [Pack] Pack 26 orders (3 h 28 min)
  31.6s [Sat, Jun 21 10:44 AM]   click [CourierEconomy] Courier · Economy 3d ($89.20)
  31.6s [Sat, Jun 21 10:45 AM]   (shot decision_viral_mention skipped: headless)
  31.6s [Sat, Jun 21 10:45 AM]   decision viral_mention → ride
  31.6s [Sat, Jun 21 10:45 AM]   click [Choice_ride] Ride it out
  31.7s [Sat, Jun 21 10:45 AM]   (shot decision_outcome_viral_mention skipped: headless)
  31.7s [Sat, Jun 21 10:45 AM]   click "OK"
  31.8s [Sat, Jun 21 10:48 AM]   use "Use laptop — Company OS"
  31.8s [Sat, Jun 21 10:49 AM]   click [Tab_operations] Operations
  31.9s [Sat, Jun 21 10:49 AM]   click [DeliverTo_riverside_studio] Riverside Tower, Unit
  31.9s [Sat, Jun 21 10:49 AM]   click [Buy_tradelink_wholesale_water_bottle] Buy $469
  32.0s [Sat, Jun 21 10:59 AM]   click [Buy_tradelink_wholesale_water_bottle] Buy $469
  32.0s [Sat, Jun 21 10:59 AM]   toast: Riverside Tower, Unit 7C is full: 578 of 600 units, counting stock on the way. 22 Founders Lane, Suite 2B has room: choose it under "Deliver to" in Operations.
  32.0s [Sat, Jun 21 10:59 AM]   click [Tab_contracts] Contracts
  32.0s [Sat, Jun 21 11:00 AM]   click [DeliverContract] Pack & deliver 120 units (B2B freight $40)
  32.1s [Sat, Jun 21 12:31 PM]   (shot contract_delivered skipped: headless)
  32.1s [Sat, Jun 21 12:31 PM]   (shot decision_customer_return skipped: headless)
  32.1s [Sat, Jun 21 12:31 PM]   decision customer_return → replace
  32.1s [Sat, Jun 21 12:31 PM]   click [Choice_replace] Send a replacement
  32.1s [Sat, Jun 21 12:31 PM]   (shot decision_outcome_customer_return skipped: headless)
  32.1s [Sat, Jun 21 12:31 PM]   click "OK"
  32.4s [Sat, Jun 21 7:12 PM]   use "Sleep"
  32.4s [Sat, Jun 21 7:12 PM]   click [Sleep] Sleep until 7:00 AM
  32.5s [Sun, Jun 22 7:00 AM]   (shot decision_customer_return skipped: headless)
  32.5s [Sun, Jun 22 7:00 AM]   decision customer_return → replace
  32.5s [Sun, Jun 22 7:00 AM]   click [Choice_replace] Send a replacement
  32.6s [Sun, Jun 22 7:00 AM]   (shot decision_outcome_customer_return skipped: headless)
  32.6s [Sun, Jun 22 7:00 AM]   click "OK"
  32.8s [Sun, Jun 22 7:14 AM]   use "Packing table"
  32.9s [Sun, Jun 22 7:15 AM]   click [Pack] Pack 47 orders (6 h 16 min)
  33.0s [Sun, Jun 22 1:32 PM]   click [CourierEconomy] Courier · Economy 3d ($156.40)
  33.3s [Sun, Jun 22 7:13 PM]   use "Sleep"
  33.3s [Sun, Jun 22 7:13 PM]   click [Sleep] Sleep until 7:00 AM
  33.8s [Mon, Jun 23 7:14 AM]   use "Packing table"
  33.8s [Mon, Jun 23 7:15 AM]   click [Pack] Pack 49 orders (6 h 32 min)
  33.9s [Mon, Jun 23 1:48 PM]   click [CourierEconomy] Courier · Economy 3d ($162.80)
  34.2s [Mon, Jun 23 7:13 PM]   use "Sleep"
  34.3s [Mon, Jun 23 7:13 PM]   click [Sleep] Sleep until 7:00 AM
  34.6s [Tue, Jun 24 7:14 AM]   use "Packing table"
  34.7s [Tue, Jun 24 7:15 AM]   click [Pack] Pack 40 orders (5 h 20 min)
  34.7s [Tue, Jun 24 12:36 PM]   click [CourierEconomy] Courier · Economy 3d ($134.00)
  35.1s [Tue, Jun 24 7:13 PM]   use "Sleep"
  35.1s [Tue, Jun 24 7:13 PM]   click [Sleep] Sleep until 7:00 AM
  35.3s [Wed, Jun 25 7:00 AM]   (shot decision_customer_return skipped: headless)
  35.3s [Wed, Jun 25 7:00 AM]   decision customer_return → replace
  35.3s [Wed, Jun 25 7:00 AM]   click [Choice_replace] Send a replacement
  35.3s [Wed, Jun 25 7:00 AM]   (shot decision_outcome_customer_return skipped: headless)
  35.3s [Wed, Jun 25 7:00 AM]   click "OK"
  35.6s [Wed, Jun 25 7:14 AM]   use "Packing table"
  35.6s [Wed, Jun 25 7:15 AM]   click [Pack] Pack 25 orders (3 h 20 min)
  35.7s [Wed, Jun 25 10:36 AM]   click [CourierEconomy] Courier · Economy 3d ($86.00)
  36.0s [Wed, Jun 25 7:13 PM]   use "Sleep"
  36.0s [Wed, Jun 25 7:13 PM]   click [Sleep] Sleep until 7:00 AM
  36.4s [Thu, Jun 26 7:14 AM]   use "Packing table"
  36.5s [Thu, Jun 26 7:15 AM]   click [Pack] Pack 24 orders (3 h 12 min)
  36.5s [Thu, Jun 26 10:28 AM]   click [CourierEconomy] Courier · Economy 3d ($82.80)
  36.6s [Thu, Jun 26 7:00 PM]   (shot decision_customer_return skipped: headless)
  36.6s [Thu, Jun 26 7:00 PM]   decision customer_return → replace
  36.6s [Thu, Jun 26 7:00 PM]   click [Choice_replace] Send a replacement
  36.6s [Thu, Jun 26 7:00 PM]   (shot decision_outcome_customer_return skipped: headless)
  36.6s [Thu, Jun 26 7:00 PM]   click "OK"
  36.9s [Thu, Jun 26 7:14 PM]   use "Sleep"
  37.0s [Thu, Jun 26 7:14 PM]   click [Sleep] Sleep until 7:00 AM
  37.4s [Fri, Jun 27 7:14 AM]   use "Packing table"
  37.4s [Fri, Jun 27 7:15 AM]   click [Pack] Pack 21 orders (2 h 48 min)
  37.4s [Fri, Jun 27 10:04 AM]   click [CourierEconomy] Courier · Economy 3d ($73.20)
  37.9s [Fri, Jun 27 7:13 PM]   use "Sleep"
  37.9s [Fri, Jun 27 7:13 PM]   click [Sleep] Sleep until 7:00 AM
  38.0s [Sat, Jun 28 7:00 AM]   (shot decision_customer_return skipped: headless)
  38.0s [Sat, Jun 28 7:00 AM]   decision customer_return → replace
  38.0s [Sat, Jun 28 7:00 AM]   click [Choice_replace] Send a replacement
  38.1s [Sat, Jun 28 7:00 AM]   (shot decision_outcome_customer_return skipped: headless)
  38.1s [Sat, Jun 28 7:00 AM]   click "OK"
  38.3s [Sat, Jun 28 7:14 AM]   use "Packing table"
  38.4s [Sat, Jun 28 7:15 AM]   click [Pack] Pack 20 orders (2 h 40 min)
  38.4s [Sat, Jun 28 9:56 AM]   click [CourierEconomy] Courier · Economy 3d ($70.00)
  38.4s [Sat, Jun 28 9:57 AM]   (shot decision_customer_return skipped: headless)
  38.5s [Sat, Jun 28 9:57 AM]   decision customer_return → replace
  38.5s [Sat, Jun 28 9:57 AM]   click [Choice_replace] Send a replacement
  38.5s [Sat, Jun 28 9:57 AM]   (shot decision_outcome_customer_return skipped: headless)
  38.5s [Sat, Jun 28 9:57 AM]   click "OK"
  38.6s [Sat, Jun 28 7:00 PM]   (shot decision_customer_return skipped: headless)
  38.6s [Sat, Jun 28 7:00 PM]   decision customer_return → replace
  38.6s [Sat, Jun 28 7:00 PM]   click [Choice_replace] Send a replacement
  38.6s [Sat, Jun 28 7:00 PM]   (shot decision_outcome_customer_return skipped: headless)
  38.6s [Sat, Jun 28 7:00 PM]   click "OK"
  38.9s [Sat, Jun 28 7:14 PM]   use "Sleep"
  38.9s [Sat, Jun 28 7:14 PM]   click [Sleep] Sleep until 7:00 AM
  39.1s [Sun, Jun 29 7:00 AM]   (shot decision_customer_return skipped: headless)
  39.1s [Sun, Jun 29 7:00 AM]   decision customer_return → replace
  39.1s [Sun, Jun 29 7:00 AM]   click [Choice_replace] Send a replacement
  39.1s [Sun, Jun 29 7:00 AM]   (shot decision_outcome_customer_return skipped: headless)
  39.1s [Sun, Jun 29 7:00 AM]   click "OK"
  39.1s [Sun, Jun 29 7:00 AM]   (shot decision_customer_return skipped: headless)
  39.1s [Sun, Jun 29 7:00 AM]   decision customer_return → replace
  39.1s [Sun, Jun 29 7:00 AM]   click [Choice_replace] Send a replacement
  39.2s [Sun, Jun 29 7:00 AM]   (shot decision_outcome_customer_return skipped: headless)
  39.2s [Sun, Jun 29 7:00 AM]   click "OK"
  39.5s [Sun, Jun 29 7:14 AM]   use "Packing table"
  39.5s [Sun, Jun 29 7:15 AM]   click [Pack] Pack 31 orders (4 h 8 min)
  39.6s [Sun, Jun 29 11:24 AM]   click [CourierEconomy] Courier · Economy 3d ($105.20)
  39.9s [Sun, Jun 29 7:13 PM]   use "Sleep"
  40.0s [Sun, Jun 29 7:13 PM]   click [Sleep] Sleep until 7:00 AM
  40.1s [Mon, Jun 30 7:00 AM]   (shot decision_customer_return skipped: headless)
  40.1s [Mon, Jun 30 7:00 AM]   decision customer_return → replace
  40.1s [Mon, Jun 30 7:00 AM]   click [Choice_replace] Send a replacement
  40.1s [Mon, Jun 30 7:00 AM]   (shot decision_outcome_customer_return skipped: headless)
  40.1s [Mon, Jun 30 7:00 AM]   click "OK"
  40.4s [Mon, Jun 30 7:14 AM]   use "Packing table"
  40.4s [Mon, Jun 30 7:15 AM]   click [Pack] Pack 19 orders (2 h 32 min)
  40.5s [Mon, Jun 30 9:48 AM]   click [CourierEconomy] Courier · Economy 3d ($66.80)
  40.5s [Mon, Jun 30 9:49 AM]   (shot decision_supplier_price_increase skipped: headless)
  40.5s [Mon, Jun 30 9:49 AM]   decision supplier_price_increase → accept
  40.5s [Mon, Jun 30 9:49 AM]   click [Choice_accept] Okay. Keep supplying me.
  40.6s [Mon, Jun 30 9:49 AM]   (shot decision_outcome_supplier_price_increase skipped: headless)
  40.6s [Mon, Jun 30 9:49 AM]   click "OK"
  40.6s [Mon, Jun 30 9:49 AM]   (shot decision_customer_return skipped: headless)
  40.6s [Mon, Jun 30 9:49 AM]   decision customer_return → replace
  40.6s [Mon, Jun 30 9:49 AM]   click [Choice_replace] Send a replacement
  40.7s [Mon, Jun 30 9:49 AM]   (shot decision_outcome_customer_return skipped: headless)
  40.7s [Mon, Jun 30 9:49 AM]   click "OK"
  41.0s [Mon, Jun 30 7:14 PM]   use "Sleep"
  41.0s [Mon, Jun 30 7:14 PM]   click [Sleep] Sleep until 7:00 AM
  41.2s [Tue, Jul 1 7:00 AM]   (shot month_close_report skipped: headless)
  41.2s [Tue, Jul 1 7:00 AM]   click [month close] Continue
  41.4s [Tue, Jul 1 7:07 AM]   (shot decision_customer_return skipped: headless)
  41.4s [Tue, Jul 1 7:07 AM]   decision customer_return → replace
  41.4s [Tue, Jul 1 7:07 AM]   click [Choice_replace] Send a replacement
  41.4s [Tue, Jul 1 7:07 AM]   (shot decision_outcome_customer_return skipped: headless)
  41.4s [Tue, Jul 1 7:07 AM]   click "OK"
  41.4s [Tue, Jul 1 7:07 AM]   use "Packing table"
  41.5s [Tue, Jul 1 7:08 AM]   click [Pack] Pack 19 orders (2 h 32 min)
  41.5s [Tue, Jul 1 9:42 AM]   click [CourierEconomy] Courier · Economy 3d ($66.80)
  41.6s [Tue, Jul 1 9:45 AM]   ok  month close ran (June)
  41.6s [Tue, Jul 1 9:47 AM]   use "Use laptop — Company OS"
  41.7s [Tue, Jul 1 9:48 AM]   click [Tab_finance] Finance
  41.8s [Tue, Jul 1 9:49 AM]   (shot company_os_finance_july skipped: headless)
  41.8s [Tue, Jul 1 9:50 AM]   ok  Chapter 4 started after the June close
  41.8s [Tue, Jul 1 9:50 AM] STEP Chapter 4 — register as an employer at City Hall
  42.0s [Tue, Jul 1 9:55 AM]   ok  walked back outside
  42.7s [Tue, Jul 1 10:16 AM]   use "Metro — Riverside Station"
  42.9s [Tue, Jul 1 10:17 AM]   (shot metro_civic_center skipped: headless)
  42.9s [Tue, Jul 1 10:17 AM]   click [Go_civic_center] Civic Center  ·  12 min
  43.0s [Tue, Jul 1 10:31 AM]   ok  took the Metro to Civic Center
  43.4s [Tue, Jul 1 10:41 AM]   ok  entered Aurelia City Hall
  43.4s [Tue, Jul 1 10:44 AM]   use "Permits & regulations"
  43.4s [Tue, Jul 1 10:45 AM]   (shot permits_kiosk skipped: headless)
  43.4s [Tue, Jul 1 10:45 AM]   click [RegisterEmployer] Register ($150)
  43.5s [Tue, Jul 1 11:06 AM]   ok  registered as an employer
  43.5s [Tue, Jul 1 11:06 AM] STEP Chapter 4 — post a job, hire, first payroll
  43.7s [Tue, Jul 1 11:12 AM]   ok  walked back outside
  43.9s [Tue, Jul 1 11:20 AM]   use "Metro — Civic Center Station"
  44.0s [Tue, Jul 1 11:22 AM]   (shot metro_riverside skipped: headless)
  44.0s [Tue, Jul 1 11:22 AM]   click [Go_riverside] Riverside  ·  12 min
  44.1s [Tue, Jul 1 11:35 AM]   ok  took the Metro to Riverside
  44.6s [Tue, Jul 1 11:49 AM]   ok  entered Riverside Tower
  44.7s [Tue, Jul 1 11:51 AM]   use "Use laptop — Company OS"
  44.7s [Tue, Jul 1 11:52 AM]   click [Tab_people] People
  44.7s [Tue, Jul 1 11:53 AM]   (shot people_tab skipped: headless)
  44.8s [Tue, Jul 1 11:53 AM]   click [Post_support] Post job
  44.8s [Tue, Jul 1 11:54 AM]   ok  job ad posted
  44.8s [Tue, Jul 1 11:54 AM]   (harness) wait 2 h
  45.1s [Tue, Jul 1 2:07 PM]   use "Packing table"
  45.1s [Tue, Jul 1 2:08 PM]   click [Pack] Pack 7 orders (56 min)
  45.1s [Tue, Jul 1 3:05 PM]   click [CourierEconomy] Courier · Economy 3d ($28.40)
  45.2s [Tue, Jul 1 3:07 PM]   (harness) wait 2 h
  45.2s [Tue, Jul 1 5:08 PM]   use "Packing table"
  45.3s [Tue, Jul 1 5:09 PM]   click [Pack] Pack 7 orders (56 min)
  45.3s [Tue, Jul 1 6:07 PM]   click [CourierEconomy] Courier · Economy 3d ($28.40)
  45.3s [Tue, Jul 1 6:08 PM]   (harness) wait 2 h
  45.4s [Tue, Jul 1 8:08 PM]   (shot decision_customer_return skipped: headless)
  45.4s [Tue, Jul 1 8:08 PM]   decision customer_return → replace
  45.4s [Tue, Jul 1 8:08 PM]   click [Choice_replace] Send a replacement
  45.4s [Tue, Jul 1 8:08 PM]   (shot decision_outcome_customer_return skipped: headless)
  45.4s [Tue, Jul 1 8:08 PM]   click "OK"
  45.4s [Tue, Jul 1 8:09 PM]   use "Packing table"
  45.5s [Tue, Jul 1 8:10 PM]   click [Pack] Pack 5 orders (40 min)
  45.5s [Tue, Jul 1 8:51 PM]   click [CourierEconomy] Courier · Economy 3d ($22.00)
  45.6s [Tue, Jul 1 8:57 PM]   use "Sleep"
  45.6s [Tue, Jul 1 8:57 PM]   click [Sleep] Sleep until 7:00 AM
  45.8s [Wed, Jul 2 7:00 AM]   (shot decision_customer_return skipped: headless)
  45.8s [Wed, Jul 2 7:00 AM]   decision customer_return → replace
  45.8s [Wed, Jul 2 7:00 AM]   click [Choice_replace] Send a replacement
  45.8s [Wed, Jul 2 7:00 AM]   (shot decision_outcome_customer_return skipped: headless)
  45.8s [Wed, Jul 2 7:00 AM]   click "OK"
  46.1s [Wed, Jul 2 7:14 AM]   use "Packing table"
  46.1s [Wed, Jul 2 7:15 AM]   click [Pack] Pack 1 order (8 min)
  46.1s [Wed, Jul 2 7:24 AM]   click [CourierEconomy] Courier · Economy 3d ($9.20)
  46.3s [Wed, Jul 2 7:28 AM]   use "Use laptop — Company OS"
  46.3s [Wed, Jul 2 7:29 AM]   click [Tab_people] People
  46.4s [Wed, Jul 2 7:30 AM]   (shot applicants skipped: headless)
  46.4s [Wed, Jul 2 7:30 AM]   click [Hire_E1] Hire
  46.4s [Wed, Jul 2 7:31 AM]   ok  hired the first employee (Leo Lam)
  46.7s [Wed, Jul 2 7:12 PM]   use "Sleep"
  46.7s [Wed, Jul 2 7:12 PM]   click [Sleep] Sleep until 7:00 AM
  46.8s [Thu, Jul 3 7:00 AM]   (shot decision_customer_return skipped: headless)
  46.8s [Thu, Jul 3 7:00 AM]   decision customer_return → refund
  46.8s [Thu, Jul 3 7:00 AM]   click [Choice_refund] Refund + take it back
  46.9s [Thu, Jul 3 7:00 AM]   (shot decision_outcome_customer_return skipped: headless)
  46.9s [Thu, Jul 3 7:00 AM]   click "OK"
  47.2s [Thu, Jul 3 7:14 AM]   use "Packing table"
  47.2s [Thu, Jul 3 7:15 AM]   click [Pack] Pack 20 orders (2 h 40 min)
  47.2s [Thu, Jul 3 9:56 AM]   click [CourierEconomy] Courier · Economy 3d ($70.00)
  47.6s [Thu, Jul 3 7:13 PM]   use "Sleep"
  47.6s [Thu, Jul 3 7:13 PM]   click [Sleep] Sleep until 7:00 AM
  48.0s [Fri, Jul 4 7:14 AM]   use "Packing table"
  48.0s [Fri, Jul 4 7:15 AM]   click [Pack] Pack 12 orders (1 h 36 min)
  48.1s [Fri, Jul 4 8:52 AM]   click [CourierEconomy] Courier · Economy 3d ($44.40)
  48.5s [Fri, Jul 4 7:13 PM]   use "Sleep"
  48.5s [Fri, Jul 4 7:13 PM]   click [Sleep] Sleep until 7:00 AM
  48.9s [Sat, Jul 5 7:14 AM]   use "Packing table"
  48.9s [Sat, Jul 5 7:15 AM]   click [Pack] Pack 13 orders (1 h 44 min)
  49.0s [Sat, Jul 5 9:00 AM]   click [CourierEconomy] Courier · Economy 3d ($47.60)
  49.0s [Sat, Jul 5 9:02 AM]   ok  first payroll paid
  49.1s [Sat, Jul 5 9:04 AM]   use "Use laptop — Company OS"
  49.1s [Sat, Jul 5 9:05 AM]   click [Tab_finance] Finance
  49.3s [Sat, Jul 5 9:06 AM]   (shot cash_forecast skipped: headless)
  49.3s [Sat, Jul 5 9:08 AM]   ok  Chapter 4 complete
  49.3s [Sat, Jul 5 9:08 AM] STEP Chapter 5 — Crestline's offer
  49.6s [Sat, Jul 5 7:12 PM]   use "Sleep"
  49.7s [Sat, Jul 5 7:12 PM]   click [Sleep] Sleep until 7:00 AM
  50.1s [Sun, Jul 6 7:14 AM]   use "Packing table"
  50.1s [Sun, Jul 6 7:15 AM]   click [Pack] Pack 7 orders (56 min)
  50.1s [Sun, Jul 6 8:12 AM]   click [CourierEconomy] Courier · Economy 3d ($28.40)
  50.6s [Sun, Jul 6 7:13 PM]   use "Sleep"
  50.6s [Sun, Jul 6 7:13 PM]   click [Sleep] Sleep until 7:00 AM
  51.0s [Mon, Jul 7 7:14 AM]   use "Packing table"
  51.0s [Mon, Jul 7 7:15 AM]   click [Pack] Pack 14 orders (1 h 52 min)
  51.1s [Mon, Jul 7 9:08 AM]   click [CourierEconomy] Courier · Economy 3d ($50.80)
  51.5s [Mon, Jul 7 7:13 PM]   use "Sleep"
  51.5s [Mon, Jul 7 7:13 PM]   click [Sleep] Sleep until 7:00 AM
  52.0s [Tue, Jul 8 7:14 AM]   use "Packing table"
  52.0s [Tue, Jul 8 7:15 AM]   click [Pack] Pack 9 orders (1 h 12 min)
  52.1s [Tue, Jul 8 8:28 AM]   click [CourierEconomy] Courier · Economy 3d ($34.80)
  52.5s [Tue, Jul 8 7:13 PM]   use "Sleep"
  52.5s [Tue, Jul 8 7:13 PM]   click [Sleep] Sleep until 7:00 AM
  52.9s [Wed, Jul 9 7:14 AM]   use "Packing table"
  52.9s [Wed, Jul 9 7:15 AM]   click [Pack] Pack 7 orders (56 min)
  53.0s [Wed, Jul 9 8:12 AM]   click [CourierEconomy] Courier · Economy 3d ($28.40)
  53.4s [Wed, Jul 9 7:13 PM]   use "Sleep"
  53.4s [Wed, Jul 9 7:13 PM]   click [Sleep] Sleep until 7:00 AM
  53.8s [Thu, Jul 10 7:14 AM]   use "Packing table"
  53.8s [Thu, Jul 10 7:15 AM]   click [Pack] Pack 17 orders (2 h 16 min)
  53.9s [Thu, Jul 10 9:32 AM]   click [CourierEconomy] Courier · Economy 3d ($60.40)
  54.0s [Thu, Jul 10 7:02 PM]   (shot decision_crestline_big_offer skipped: headless)
  54.0s [Thu, Jul 10 7:02 PM]   decision crestline_big_offer → review
  54.0s [Thu, Jul 10 7:02 PM]   click [Choice_review] Send the contract. I'll review it.
  54.1s [Thu, Jul 10 7:02 PM]   (shot decision_outcome_crestline_big_offer skipped: headless)
  54.1s [Thu, Jul 10 7:02 PM]   click "OK"
  54.3s [Thu, Jul 10 7:14 PM]   use "Sleep"
  54.4s [Thu, Jul 10 7:14 PM]   click [Sleep] Sleep until 7:00 AM
  54.8s [Fri, Jul 11 7:14 AM]   use "Packing table"
  54.8s [Fri, Jul 11 7:15 AM]   click [Pack] Pack 9 orders (1 h 12 min)
  54.8s [Fri, Jul 11 8:28 AM]   click [CourierEconomy] Courier · Economy 3d ($34.80)
  54.9s [Fri, Jul 11 8:30 AM]   ok  Crestline offered the big contract
  54.9s [Fri, Jul 11 8:32 AM]   use "Use laptop — Company OS"
  55.0s [Fri, Jul 11 8:33 AM]   click [Tab_contracts] Contracts ●
  55.1s [Fri, Jul 11 8:34 AM]   (shot big_contract_offer skipped: headless)
  55.1s [Fri, Jul 11 8:34 AM]   click [AcceptContract] Accept
  55.1s [Fri, Jul 11 8:35 AM]   ok  accepted Crestline's contract
  55.1s [Fri, Jul 11 8:35 AM] STEP Chapter 5 — borrow from Marcus Reed at Nexus Bank
  55.3s [Fri, Jul 11 8:41 AM]   ok  walked back outside
  56.0s [Fri, Jul 11 9:01 AM]   use "Metro — Riverside Station"
  56.2s [Fri, Jul 11 9:03 AM]   (shot metro_financial skipped: headless)
  56.2s [Fri, Jul 11 9:03 AM]   click [Go_financial] Financial District  ·  10 min
  56.3s [Fri, Jul 11 9:14 AM]   ok  took the Metro to Financial District
  56.8s [Fri, Jul 11 1:21 PM]   ok  entered Nexus Bank
  56.8s [Fri, Jul 11 1:24 PM]   use "Talk to Marcus Reed"
  57.0s [Fri, Jul 11 1:24 PM]   choose "› Show me what you can do."
  57.2s [Fri, Jul 11 1:24 PM]   (shot loan_offer skipped: headless)
  57.2s [Fri, Jul 11 1:24 PM]   click [Amt_50] $24,000
  57.4s [Fri, Jul 11 1:24 PM]   click [Term_12] 12 months
  57.5s [Fri, Jul 11 1:24 PM]   click [TakeLoan] Borrow $24,000
  57.5s [Fri, Jul 11 1:24 PM]   click [ConfirmLoan] Confirm loan signing
  57.8s [Fri, Jul 11 5:00 PM]   ok  loan signing finishes the same afternoon
  57.8s [Fri, Jul 11 5:00 PM]   (shot loan_taken skipped: headless)
  57.9s [Fri, Jul 11 5:00 PM]   ok  took a Nexus Bank loan (debt $24,000.00)
  57.9s [Fri, Jul 11 5:00 PM] STEP Chapter 5 — order the lamps and deliver
  58.1s [Fri, Jul 11 5:05 PM]   ok  walked back outside
  58.3s [Fri, Jul 11 5:15 PM]   use "Metro — Financial District Station"
  58.4s [Fri, Jul 11 5:16 PM]   (shot metro_riverside skipped: headless)
  58.4s [Fri, Jul 11 5:16 PM]   click [Go_riverside] Riverside  ·  10 min
  58.5s [Fri, Jul 11 5:27 PM]   ok  took the Metro to Riverside
  59.0s [Fri, Jul 11 5:41 PM]   ok  entered Riverside Tower
  59.1s [Fri, Jul 11 5:43 PM]   use "Use laptop — Company OS"
  59.1s [Fri, Jul 11 5:44 PM]   click [Tab_contracts] Contracts
  59.2s [Fri, Jul 11 5:45 PM]   click [FillContract] Order 800 more from TradeLink Wholesale ($9,200)
  59.2s [Fri, Jul 11 5:56 PM]   (shot contract_restock skipped: headless)
  59.5s [Fri, Jul 11 7:11 PM]   use "Sleep"
  59.5s [Fri, Jul 11 7:11 PM]   click [Sleep] Sleep until 7:00 AM
  59.9s [Sat, Jul 12 7:14 AM]   use "Packing table"
  60.0s [Sat, Jul 12 7:15 AM]   click [Pack] Pack 5 orders (40 min)
  60.0s [Sat, Jul 12 7:56 AM]   click [CourierEconomy] Courier · Economy 3d ($22.00)
  60.4s [Sat, Jul 12 7:13 PM]   use "Sleep"
  60.4s [Sat, Jul 12 7:13 PM]   click [Sleep] Sleep until 7:00 AM
  60.9s [Sun, Jul 13 7:14 AM]   use "Packing table"
  60.9s [Sun, Jul 13 7:15 AM]   click [Pack] Pack 7 orders (56 min)
  60.9s [Sun, Jul 13 8:12 AM]   click [CourierEconomy] Courier · Economy 3d ($28.40)
  61.3s [Sun, Jul 13 7:13 PM]   use "Sleep"
  61.4s [Sun, Jul 13 7:13 PM]   click [Sleep] Sleep until 7:00 AM
  61.8s [Mon, Jul 14 7:14 AM]   use "Packing table"
  61.8s [Mon, Jul 14 7:15 AM]   click [Pack] Pack 5 orders (40 min)
  61.9s [Mon, Jul 14 7:56 AM]   click [CourierEconomy] Courier · Economy 3d ($22.00)
  61.9s [Mon, Jul 14 8:00 AM]   use "Use laptop — Company OS"
  62.0s [Mon, Jul 14 8:01 AM]   click [Tab_contracts] Contracts
  62.1s [Mon, Jul 14 8:02 AM]   click [DeliverContract] Pack & deliver 800 units (B2B freight $40)
  62.1s [Mon, Jul 14 9:33 AM]   (shot big_contract_delivered skipped: headless)
  62.2s [Mon, Jul 14 9:34 AM]   ok  delivered 800 lamps to Crestline
  62.2s [Mon, Jul 14 9:35 AM]   ok  Chapter 5 complete
  62.2s [Mon, Jul 14 9:35 AM] STEP Chapter 6 — forecast, early payment, month in the black
  62.2s [Mon, Jul 14 9:35 AM]   use "Use laptop — Company OS"
  62.3s [Mon, Jul 14 9:36 AM]   click [Tab_finance] Finance
  62.3s [Mon, Jul 14 9:37 AM]   (shot cash_forecast_ch6 skipped: headless)
  62.3s [Mon, Jul 14 9:37 AM]   click [Tab_contracts] Contracts
  62.4s [Mon, Jul 14 9:38 AM]   click [EarlyPayment] Ask for early payment (−3%: $21,728 now)
  62.4s [Mon, Jul 14 9:39 AM]   (shot early_payment skipped: headless)
  62.4s [Mon, Jul 14 9:40 AM]   ok  Crestline paid early (3% discount)
  62.7s [Mon, Jul 14 7:11 PM]   use "Sleep"
  62.7s [Mon, Jul 14 7:11 PM]   click [Sleep] Sleep until 7:00 AM
  62.9s [Tue, Jul 15 7:00 PM]   (shot decision_elena_offer skipped: headless)
  62.9s [Tue, Jul 15 7:00 PM]   decision elena_offer → accept
  62.9s [Tue, Jul 15 7:00 PM]   click [Choice_accept] Take $40,000 for 20%
  62.9s [Tue, Jul 15 7:00 PM]   (shot decision_outcome_elena_offer skipped: headless)
  62.9s [Tue, Jul 15 7:00 PM]   click "OK"
  62.9s [Tue, Jul 15 7:00 PM]   use "Sleep"
  63.0s [Tue, Jul 15 7:00 PM]   click [Sleep] Sleep until 7:00 AM
  63.1s [Wed, Jul 16 7:00 PM]   use "Sleep"
  63.2s [Wed, Jul 16 7:00 PM]   click [Sleep] Sleep until 7:00 AM
  63.3s [Thu, Jul 17 7:00 PM]   use "Sleep"
  63.4s [Thu, Jul 17 7:00 PM]   click [Sleep] Sleep until 7:00 AM
  63.6s [Fri, Jul 18 7:00 PM]   use "Sleep"
  63.6s [Fri, Jul 18 7:00 PM]   click [Sleep] Sleep until 7:00 AM
  63.8s [Sat, Jul 19 7:00 PM]   (shot decision_supplier_price_increase skipped: headless)
  63.8s [Sat, Jul 19 7:00 PM]   decision supplier_price_increase → accept
  63.8s [Sat, Jul 19 7:00 PM]   click [Choice_accept] Okay. Keep supplying me.
  63.8s [Sat, Jul 19 7:00 PM]   (shot decision_outcome_supplier_price_increase skipped: headless)
  63.8s [Sat, Jul 19 7:00 PM]   click "OK"
  64.1s [Sat, Jul 19 7:10 PM]   use "Sleep"
  64.1s [Sat, Jul 19 7:10 PM]   click [Sleep] Sleep until 7:00 AM
  64.2s [Sun, Jul 20 7:00 PM]   use "Sleep"
  64.3s [Sun, Jul 20 7:00 PM]   click [Sleep] Sleep until 7:00 AM
  64.4s [Mon, Jul 21 7:00 PM]   use "Sleep"
  64.5s [Mon, Jul 21 7:00 PM]   click [Sleep] Sleep until 7:00 AM
  64.7s [Tue, Jul 22 7:00 PM]   use "Sleep"
  64.7s [Tue, Jul 22 7:00 PM]   click [Sleep] Sleep until 7:00 AM
  64.9s [Wed, Jul 23 7:00 PM]   use "Sleep"
  64.9s [Wed, Jul 23 7:00 PM]   click [Sleep] Sleep until 7:00 AM
  65.3s [Thu, Jul 24 7:09 PM]   use "Sleep"
  65.3s [Thu, Jul 24 7:10 PM]   click [Sleep] Sleep until 7:00 AM
  65.5s [Fri, Jul 25 7:00 PM]   use "Sleep"
  65.6s [Fri, Jul 25 7:00 PM]   click [Sleep] Sleep until 7:00 AM
  65.7s [Sat, Jul 26 7:00 PM]   use "Sleep"
  65.8s [Sat, Jul 26 7:00 PM]   click [Sleep] Sleep until 7:00 AM
  66.0s [Sun, Jul 27 7:00 PM]   use "Sleep"
  66.0s [Sun, Jul 27 7:00 PM]   click [Sleep] Sleep until 7:00 AM
  66.2s [Mon, Jul 28 7:00 PM]   use "Sleep"
  66.2s [Mon, Jul 28 7:00 PM]   click [Sleep] Sleep until 7:00 AM
  66.6s [Tue, Jul 29 7:09 PM]   use "Sleep"
  66.6s [Tue, Jul 29 7:09 PM]   click [Sleep] Sleep until 7:00 AM
  66.8s [Wed, Jul 30 7:00 PM]   use "Sleep"
  66.8s [Wed, Jul 30 7:00 PM]   click [Sleep] Sleep until 7:00 AM
  67.0s [Thu, Jul 31 7:00 PM]   use "Sleep"
  67.0s [Thu, Jul 31 7:00 PM]   click [Sleep] Sleep until 7:00 AM
  67.2s [Fri, Aug 1 7:00 AM]   (shot month_close_report skipped: headless)
  67.2s [Fri, Aug 1 7:00 AM]   click [month close] Continue
  67.3s [Fri, Aug 1 7:02 AM]   ok  Chapter 6 complete
  67.3s [Fri, Aug 1 7:02 AM]   ok  ledger balanced after chapters 4–6
  67.3s [Fri, Aug 1 7:02 AM]   ok  Chapter 7 started after Chapter 6
  67.3s [Fri, Aug 1 7:02 AM]   ok  Year 3: the Supply Shock
  67.3s [Fri, Aug 1 7:02 AM] STEP Chapter 7 — the news, and Ken's options
  67.5s [Fri, Aug 1 7:08 AM]   ok  walked back outside
  67.8s [Fri, Aug 1 7:13 AM]   ok  entered Bloom Coffee
  67.9s [Fri, Aug 1 7:15 AM]   use "Read the news board"
  67.9s [Fri, Aug 1 7:20 AM]   (shot news_supply_shock skipped: headless)
  67.9s [Fri, Aug 1 7:20 AM]   ok  read the news (supply_shock)
  68.1s [Fri, Aug 1 7:25 AM]   ok  walked back outside
  68.3s [Fri, Aug 1 7:30 AM]   ok  entered Riverside Tower
  68.4s [Fri, Aug 1 7:03 PM]   use "Sleep"
  68.4s [Fri, Aug 1 7:03 PM]   click [Sleep] Sleep until 7:00 AM
  68.6s [Sat, Aug 2 7:00 PM]   use "Sleep"
  68.6s [Sat, Aug 2 7:00 PM]   click [Sleep] Sleep until 7:00 AM
  68.8s [Sun, Aug 3 7:00 PM]   (shot decision_supply_shock_plan skipped: headless)
  68.8s [Sun, Aug 3 7:00 PM]   decision supply_shock_plan → local
  68.8s [Sun, Aug 3 7:00 PM]   click [Choice_local] Add a local backup: Aurelia Makers Co-op
  68.9s [Sun, Aug 3 7:00 PM]   (shot decision_outcome_supply_shock_plan skipped: headless)
  68.9s [Sun, Aug 3 7:00 PM]   click "OK"
  68.9s [Sun, Aug 3 7:00 PM]   use "Sleep"
  68.9s [Sun, Aug 3 7:00 PM]   click [Sleep] Sleep until 7:00 AM
  69.1s [Mon, Aug 4 7:01 AM]   ok  the local co-op is a supplier now
  69.1s [Mon, Aug 4 7:01 AM] STEP Chapter 7 — order from the co-op, raise a price
  69.1s [Mon, Aug 4 7:02 AM]   use "Use laptop — Company OS"
  69.2s [Mon, Aug 4 7:03 AM]   click [Tab_operations] Operations
  69.2s [Mon, Aug 4 7:04 AM]   (shot operations_supply_shock skipped: headless)
  69.2s [Mon, Aug 4 7:04 AM]   click [Buy_aurelia_makers_desk_lamp] Buy $417
  69.3s [Mon, Aug 4 7:15 AM]   click [Buy_aurelia_makers_desk_lamp] Buy $417
  69.4s [Mon, Aug 4 7:26 AM]   click [Buy_aurelia_makers_desk_lamp] Buy $417
  69.4s [Mon, Aug 4 7:37 AM]   click [Buy_aurelia_makers_desk_lamp] Buy $417
  69.5s [Mon, Aug 4 7:48 AM]   click [Tab_sales] Sales
  69.5s [Mon, Aug 4 7:48 AM]   click [PriceUp_wireless_earbuds] +
  69.6s [Mon, Aug 4 7:49 AM]   click [PriceUp_wireless_earbuds] +
  69.6s [Mon, Aug 4 7:49 AM]   click [PriceUp_wireless_earbuds] +
  69.7s [Mon, Aug 4 7:49 AM]   click [PriceUp_wireless_earbuds] +
  69.7s [Mon, Aug 4 7:49 AM]   click [PriceUp_wireless_earbuds] +
  69.7s [Mon, Aug 4 7:49 AM]   click [PriceUp_wireless_earbuds] +
  69.8s [Mon, Aug 4 7:50 AM]   click [PriceUp_wireless_earbuds] +
  69.8s [Mon, Aug 4 7:50 AM]   click [PriceUp_wireless_earbuds] +
  69.9s [Mon, Aug 4 7:50 AM]   click [PriceUp_wireless_earbuds] +
  69.9s [Mon, Aug 4 7:50 AM]   click [PriceUp_wireless_earbuds] +
  69.9s [Mon, Aug 4 7:51 AM]   click [PriceUp_wireless_earbuds] +
  70.0s [Mon, Aug 4 7:51 AM]   click [PriceUp_wireless_earbuds] +
  70.0s [Mon, Aug 4 7:51 AM]   click [PriceUp_water_bottle] +
  70.0s [Mon, Aug 4 7:51 AM]   click [PriceUp_water_bottle] +
  70.1s [Mon, Aug 4 7:51 AM]   click [PriceUp_water_bottle] +
  70.1s [Mon, Aug 4 7:52 AM]   click [PriceUp_water_bottle] +
  70.2s [Mon, Aug 4 7:52 AM]   click [PriceUp_water_bottle] +
  70.2s [Mon, Aug 4 7:52 AM]   click [PriceUp_desk_lamp] +
  70.2s [Mon, Aug 4 7:52 AM]   click [PriceUp_desk_lamp] +
  70.3s [Mon, Aug 4 7:53 AM]   click [PriceUp_desk_lamp] +
  70.3s [Mon, Aug 4 7:53 AM]   click [PriceUp_desk_lamp] +
  70.3s [Mon, Aug 4 7:53 AM]   click [PriceUp_desk_lamp] +
  70.4s [Mon, Aug 4 7:53 AM]   click [PriceUp_desk_lamp] +
  70.4s [Mon, Aug 4 7:53 AM]   click [PriceUp_desk_lamp] +
  70.5s [Mon, Aug 4 7:54 AM]   click [PriceUp_desk_lamp] +
  70.5s [Mon, Aug 4 7:54 AM]   click [PriceUp_phone_stand] +
  70.6s [Mon, Aug 4 7:54 AM]   click [PriceUp_phone_stand] +
  70.7s [Mon, Aug 4 7:54 AM]   click [PriceUp_phone_stand] +
  70.7s [Mon, Aug 4 7:55 AM]   click [PriceUp_phone_stand] +
  70.8s [Mon, Aug 4 7:57 AM]   ok  stocked and repriced
  70.8s [Mon, Aug 4 7:57 AM]   use "Use laptop — Company OS"
  70.9s [Mon, Aug 4 7:58 AM]   click [Tab_operations] Operations
  70.9s [Mon, Aug 4 7:59 AM]   click [DeliverTo_riverside_studio] Riverside Tower, Unit
  71.0s [Mon, Aug 4 7:59 AM]   click [Buy_tradelink_wholesale_wireless_earbuds] Buy $1,008
  71.1s [Mon, Aug 4 8:09 AM]   click [Buy_tradelink_wholesale_wireless_earbuds] Buy $1,008
  71.1s [Mon, Aug 4 8:20 AM]   click [Buy_tradelink_wholesale_wireless_earbuds] Buy $1,008
  71.2s [Mon, Aug 4 8:30 AM]   click [Buy_tradelink_wholesale_water_bottle] Buy $526
  71.2s [Mon, Aug 4 8:40 AM]   click [Buy_tradelink_wholesale_water_bottle] Buy $526
  71.3s [Mon, Aug 4 8:50 AM]   click [Buy_tradelink_wholesale_water_bottle] Buy $526
  71.3s [Mon, Aug 4 9:01 AM]   click [Buy_tradelink_wholesale_phone_stand] Buy $305
  71.4s [Mon, Aug 4 9:11 AM]   click [Buy_tradelink_wholesale_phone_stand] Buy $305
  71.8s [Mon, Aug 4 7:11 PM]   use "Sleep"
  71.8s [Mon, Aug 4 7:11 PM]   click [Sleep] Sleep until 7:00 AM
  72.2s [Tue, Aug 5 7:09 PM]   use "Sleep"
  72.3s [Tue, Aug 5 7:09 PM]   click [Sleep] Sleep until 7:00 AM
  72.4s [Wed, Aug 6 7:00 PM]   use "Sleep"
  72.5s [Wed, Aug 6 7:00 PM]   click [Sleep] Sleep until 7:00 AM
  72.7s [Thu, Aug 7 7:00 PM]   use "Sleep"
  72.7s [Thu, Aug 7 7:00 PM]   click [Sleep] Sleep until 7:00 AM
  73.2s [Fri, Aug 8 7:14 AM]   use "Packing table"
  73.2s [Fri, Aug 8 7:15 AM]   click [Pack] Pack 23 orders (3 h 4 min)
  73.3s [Fri, Aug 8 10:20 AM]   click [CourierEconomy] Courier · Economy 3d ($138.48)
  73.7s [Fri, Aug 8 7:13 PM]   use "Sleep"
  73.7s [Fri, Aug 8 7:13 PM]   click [Sleep] Sleep until 7:00 AM
  74.1s [Sat, Aug 9 7:14 AM]   use "Packing table"
  74.1s [Sat, Aug 9 7:15 AM]   click [Pack] Pack 15 orders (2 h)
  74.2s [Sat, Aug 9 9:16 AM]   click [CourierEconomy] Courier · Economy 3d ($92.40)
  74.6s [Sat, Aug 9 7:13 PM]   use "Sleep"
  74.6s [Sat, Aug 9 7:13 PM]   click [Sleep] Sleep until 7:00 AM
  75.1s [Sun, Aug 10 7:14 AM]   use "Packing table"
  75.1s [Sun, Aug 10 7:15 AM]   click [Pack] Pack 27 orders (3 h 36 min)
  75.1s [Sun, Aug 10 10:52 AM]   click [CourierEconomy] Courier · Economy 3d ($161.52)
  75.6s [Sun, Aug 10 7:13 PM]   use "Sleep"
  75.6s [Sun, Aug 10 7:13 PM]   click [Sleep] Sleep until 7:00 AM
  76.0s [Mon, Aug 11 7:14 AM]   use "Packing table"
  76.0s [Mon, Aug 11 7:15 AM]   click [Pack] Pack 21 orders (2 h 48 min)
  76.1s [Mon, Aug 11 10:04 AM]   click [CourierEconomy] Courier · Economy 3d ($126.96)
  76.5s [Mon, Aug 11 7:13 PM]   use "Sleep"
  76.6s [Mon, Aug 11 7:13 PM]   click [Sleep] Sleep until 7:00 AM
  77.0s [Tue, Aug 12 7:14 AM]   use "Packing table"
  77.1s [Tue, Aug 12 7:15 AM]   click [Pack] Pack 28 orders (3 h 44 min)
  77.1s [Tue, Aug 12 11:00 AM]   click [CourierEconomy] Courier · Economy 3d ($167.28)
  77.6s [Tue, Aug 12 7:13 PM]   use "Sleep"
  77.6s [Tue, Aug 12 7:13 PM]   click [Sleep] Sleep until 7:00 AM
  77.6s [Wed, Aug 13 1:15 AM]   toast: New review #1983: ★ "Waste of money."
  78.1s [Wed, Aug 13 7:14 AM]   use "Packing table"
  78.1s [Wed, Aug 13 7:15 AM]   click [Pack] Pack 14 orders (1 h 52 min)
  78.1s [Wed, Aug 13 9:08 AM]   click [CourierEconomy] Courier · Economy 3d ($86.64)
  78.6s [Wed, Aug 13 7:13 PM]   use "Sleep"
  78.6s [Wed, Aug 13 7:13 PM]   click [Sleep] Sleep until 7:00 AM
  79.1s [Thu, Aug 14 7:14 AM]   use "Packing table"
  79.1s [Thu, Aug 14 7:15 AM]   click [Pack] Pack 18 orders (2 h 24 min)
  79.1s [Thu, Aug 14 9:40 AM]   click [CourierEconomy] Courier · Economy 3d ($109.68)
  79.2s [Thu, Aug 14 9:41 AM]   (shot decision_supplier_price_increase skipped: headless)
  79.2s [Thu, Aug 14 9:41 AM]   decision supplier_price_increase → accept
  79.2s [Thu, Aug 14 9:41 AM]   click [Choice_accept] Okay. Keep supplying me.
  79.2s [Thu, Aug 14 9:41 AM]   (shot decision_outcome_supplier_price_increase skipped: headless)
  79.2s [Thu, Aug 14 9:41 AM]   click "OK"
  79.7s [Thu, Aug 14 7:14 PM]   use "Sleep"
  79.7s [Thu, Aug 14 7:14 PM]   click [Sleep] Sleep until 7:00 AM
  80.2s [Fri, Aug 15 7:14 AM]   use "Packing table"
  80.2s [Fri, Aug 15 7:15 AM]   click [Pack] Pack 22 orders (2 h 56 min)
  80.2s [Fri, Aug 15 10:12 AM]   click [CourierEconomy] Courier · Economy 3d ($132.72)
  80.7s [Fri, Aug 15 7:13 PM]   use "Sleep"
  80.7s [Fri, Aug 15 7:13 PM]   click [Sleep] Sleep until 7:00 AM
  81.2s [Sat, Aug 16 7:14 AM]   use "Packing table"
  81.3s [Sat, Aug 16 7:15 AM]   click [Pack] Pack 14 orders (1 h 52 min)
  81.3s [Sat, Aug 16 9:08 AM]   click [CourierEconomy] Courier · Economy 3d ($86.64)
  81.8s [Sat, Aug 16 7:13 PM]   use "Sleep"
  81.8s [Sat, Aug 16 7:13 PM]   click [Sleep] Sleep until 7:00 AM
  82.3s [Sun, Aug 17 7:14 AM]   use "Packing table"
  82.3s [Sun, Aug 17 7:15 AM]   click [Pack] Pack 19 orders (2 h 32 min)
  82.4s [Sun, Aug 17 9:48 AM]   click [CourierEconomy] Courier · Economy 3d ($115.44)
  82.8s [Sun, Aug 17 7:13 PM]   use "Sleep"
  82.9s [Sun, Aug 17 7:13 PM]   click [Sleep] Sleep until 7:00 AM
  83.3s [Mon, Aug 18 7:14 AM]   use "Packing table"
  83.4s [Mon, Aug 18 7:15 AM]   click [Pack] Pack 25 orders (3 h 20 min)
  83.4s [Mon, Aug 18 10:36 AM]   click [CourierEconomy] Courier · Economy 3d ($150.00)
  83.6s [Mon, Aug 18 10:40 AM]   use "Use laptop — Company OS"
  83.7s [Mon, Aug 18 10:41 AM]   click [Tab_operations] Operations
  83.8s [Mon, Aug 18 10:42 AM]   click [DeliverTo_riverside_studio] Riverside Tower, Unit
  83.9s [Mon, Aug 18 10:42 AM]   click [Buy_tradelink_wholesale_phone_stand] Buy $305
  84.0s [Mon, Aug 18 10:52 AM]   click [Buy_tradelink_wholesale_phone_stand] Buy $305
  84.3s [Mon, Aug 18 7:12 PM]   use "Sleep"
  84.4s [Mon, Aug 18 7:12 PM]   click [Sleep] Sleep until 7:00 AM
  84.8s [Tue, Aug 19 7:14 AM]   use "Packing table"
  84.9s [Tue, Aug 19 7:15 AM]   click [Pack] Pack 26 orders (3 h 28 min)
  84.9s [Tue, Aug 19 10:44 AM]   click [CourierEconomy] Courier · Economy 3d ($155.76)
  85.4s [Tue, Aug 19 7:13 PM]   use "Sleep"
  85.4s [Tue, Aug 19 7:13 PM]   click [Sleep] Sleep until 7:00 AM
  85.8s [Wed, Aug 20 7:14 AM]   use "Packing table"
  85.9s [Wed, Aug 20 7:15 AM]   click [Pack] Pack 22 orders (2 h 56 min)
  85.9s [Wed, Aug 20 10:12 AM]   click [CourierEconomy] Courier · Economy 3d ($132.72)
  86.4s [Wed, Aug 20 7:13 PM]   use "Sleep"
  86.4s [Wed, Aug 20 7:13 PM]   click [Sleep] Sleep until 7:00 AM
  86.9s [Thu, Aug 21 7:14 AM]   use "Packing table"
  86.9s [Thu, Aug 21 7:15 AM]   click [Pack] Pack 24 orders (3 h 12 min)
  87.0s [Thu, Aug 21 10:28 AM]   click [CourierEconomy] Courier · Economy 3d ($144.24)
  87.4s [Thu, Aug 21 7:13 PM]   use "Sleep"
  87.5s [Thu, Aug 21 7:13 PM]   click [Sleep] Sleep until 7:00 AM
  87.9s [Fri, Aug 22 7:14 AM]   use "Packing table"
  87.9s [Fri, Aug 22 7:15 AM]   click [Pack] Pack 22 orders (2 h 56 min)
  88.0s [Fri, Aug 22 10:12 AM]   click [CourierEconomy] Courier · Economy 3d ($132.72)
  88.1s [Fri, Aug 22 10:16 AM]   use "Use laptop — Company OS"
  88.2s [Fri, Aug 22 10:17 AM]   click [Tab_operations] Operations
  88.3s [Fri, Aug 22 10:18 AM]   click [DeliverTo_riverside_studio] Riverside Tower, Unit
  88.4s [Fri, Aug 22 10:18 AM]   click [Buy_tradelink_wholesale_wireless_earbuds] Buy $1,008
  88.4s [Fri, Aug 22 10:28 AM]   click [Buy_tradelink_wholesale_wireless_earbuds] Buy $1,008
  88.8s [Fri, Aug 22 7:12 PM]   use "Sleep"
  88.8s [Fri, Aug 22 7:12 PM]   click [Sleep] Sleep until 7:00 AM
  89.2s [Sat, Aug 23 7:14 AM]   use "Packing table"
  89.3s [Sat, Aug 23 7:15 AM]   click [Pack] Pack 23 orders (3 h 4 min)
  89.3s [Sat, Aug 23 10:20 AM]   click [CourierEconomy] Courier · Economy 3d ($138.48)
  89.4s [Sat, Aug 23 10:24 AM]   use "Use laptop — Company OS"
  89.5s [Sat, Aug 23 10:25 AM]   click [Tab_operations] Operations
  89.7s [Sat, Aug 23 10:26 AM]   click [DeliverTo_riverside_studio] Riverside Tower, Unit
  89.8s [Sat, Aug 23 10:26 AM]   click [Buy_tradelink_wholesale_water_bottle] Buy $526
  89.8s [Sat, Aug 23 10:36 AM]   click [Buy_tradelink_wholesale_water_bottle] Buy $526
  89.9s [Sat, Aug 23 10:47 AM]   click [Buy_tradelink_wholesale_desk_lamp] Buy $515
  89.9s [Sat, Aug 23 10:57 AM]   click [Buy_tradelink_wholesale_desk_lamp] Buy $515
  90.3s [Sat, Aug 23 7:11 PM]   use "Sleep"
  90.3s [Sat, Aug 23 7:11 PM]   click [Sleep] Sleep until 7:00 AM
  90.3s [Sun, Aug 24 1:33 AM]   toast: New review #2239: ★★ "Arrived late and scratched."
  90.8s [Sun, Aug 24 7:14 AM]   use "Packing table"
  90.8s [Sun, Aug 24 7:15 AM]   click [Pack] Pack 23 orders (3 h 4 min)
  90.8s [Sun, Aug 24 10:20 AM]   click [CourierEconomy] Courier · Economy 3d ($138.48)
  91.3s [Sun, Aug 24 7:13 PM]   use "Sleep"
  91.3s [Sun, Aug 24 7:13 PM]   click [Sleep] Sleep until 7:00 AM
  91.8s [Mon, Aug 25 7:14 AM]   use "Packing table"
  91.9s [Mon, Aug 25 7:15 AM]   click [Pack] Pack 18 orders (2 h 24 min)
  91.9s [Mon, Aug 25 9:40 AM]   click [CourierEconomy] Courier · Economy 3d ($109.68)
  92.4s [Mon, Aug 25 7:13 PM]   use "Sleep"
  92.4s [Mon, Aug 25 7:13 PM]   click [Sleep] Sleep until 7:00 AM
  92.9s [Tue, Aug 26 7:14 AM]   use "Packing table"
  92.9s [Tue, Aug 26 7:15 AM]   click [Pack] Pack 24 orders (3 h 12 min)
  93.0s [Tue, Aug 26 10:28 AM]   click [CourierEconomy] Courier · Economy 3d ($144.24)
  93.4s [Tue, Aug 26 7:13 PM]   use "Sleep"
  93.5s [Tue, Aug 26 7:13 PM]   click [Sleep] Sleep until 7:00 AM
  93.9s [Wed, Aug 27 7:14 AM]   use "Packing table"
  94.0s [Wed, Aug 27 7:15 AM]   click [Pack] Pack 30 orders (4 h)
  94.0s [Wed, Aug 27 11:16 AM]   click [CourierEconomy] Courier · Economy 3d ($196.80)
  94.5s [Wed, Aug 27 7:13 PM]   use "Sleep"
  94.5s [Wed, Aug 27 7:13 PM]   click [Sleep] Sleep until 7:00 AM
  95.0s [Thu, Aug 28 7:14 AM]   use "Packing table"
  95.0s [Thu, Aug 28 7:15 AM]   click [Pack] Pack 26 orders (3 h 28 min)
  95.1s [Thu, Aug 28 10:44 AM]   click [CourierEconomy] Courier · Economy 3d ($166.56)
  95.6s [Thu, Aug 28 7:13 PM]   use "Sleep"
  95.6s [Thu, Aug 28 7:13 PM]   click [Sleep] Sleep until 7:00 AM
  96.1s [Fri, Aug 29 7:14 AM]   use "Packing table"
  96.1s [Fri, Aug 29 7:15 AM]   click [Pack] Pack 23 orders (3 h 4 min)
  96.2s [Fri, Aug 29 10:20 AM]   click [CourierEconomy] Courier · Economy 3d ($156.48)
  96.7s [Fri, Aug 29 7:13 PM]   use "Sleep"
  96.7s [Fri, Aug 29 7:13 PM]   click [Sleep] Sleep until 7:00 AM
  97.2s [Sat, Aug 30 7:14 AM]   use "Packing table"
  97.2s [Sat, Aug 30 7:15 AM]   click [Pack] Pack 33 orders (4 h 24 min)
  97.3s [Sat, Aug 30 11:40 AM]   click [CourierEconomy] Courier · Economy 3d ($224.88)
  97.8s [Sat, Aug 30 7:13 PM]   use "Sleep"
  97.8s [Sat, Aug 30 7:13 PM]   click [Sleep] Sleep until 7:00 AM
  98.3s [Sun, Aug 31 7:14 AM]   use "Packing table"
  98.3s [Sun, Aug 31 7:15 AM]   click [Pack] Pack 31 orders (4 h 8 min)
  98.4s [Sun, Aug 31 11:24 AM]   click [CourierEconomy] Courier · Economy 3d ($202.56)
  98.9s [Sun, Aug 31 7:13 PM]   use "Sleep"
  98.9s [Sun, Aug 31 7:13 PM]   click [Sleep] Sleep until 7:00 AM
  99.2s [Mon, Sep 1 7:00 AM]   (shot month_close_report skipped: headless)
  99.2s [Mon, Sep 1 7:00 AM]   click [month close] Continue
  99.5s [Mon, Sep 1 7:14 AM]   use "Packing table"
  99.6s [Mon, Sep 1 7:15 AM]   click [Pack] Pack 24 orders (3 h 12 min)
  99.6s [Mon, Sep 1 10:28 AM]   click [CourierEconomy] Courier · Economy 3d ($173.04)
  99.7s [Mon, Sep 1 10:29 AM]   (shot decision_supplier_price_increase skipped: headless)
  99.7s [Mon, Sep 1 10:29 AM]   decision supplier_price_increase → accept
  99.7s [Mon, Sep 1 10:29 AM]   click [Choice_accept] Okay. Keep supplying me.
  99.8s [Mon, Sep 1 10:29 AM]   (shot decision_outcome_supplier_price_increase skipped: headless)
  99.8s [Mon, Sep 1 10:29 AM]   click "OK"
 100.2s [Mon, Sep 1 7:14 PM]   use "Sleep"
 100.2s [Mon, Sep 1 7:14 PM]   click [Sleep] Sleep until 7:00 AM
 100.6s [Tue, Sep 2 7:14 AM]   use "Packing table"
 100.7s [Tue, Sep 2 7:15 AM]   click [Pack] Pack 27 orders (3 h 36 min)
 100.7s [Tue, Sep 2 10:52 AM]   click [CourierEconomy] Courier · Economy 3d ($172.32)
 101.3s [Tue, Sep 2 7:13 PM]   use "Sleep"
 101.3s [Tue, Sep 2 7:13 PM]   click [Sleep] Sleep until 7:00 AM
 101.8s [Wed, Sep 3 7:14 AM]   use "Packing table"
 101.8s [Wed, Sep 3 7:15 AM]   click [Pack] Pack 31 orders (4 h 8 min)
 101.9s [Wed, Sep 3 11:24 AM]   click [CourierEconomy] Courier · Economy 3d ($198.96)
 102.0s [Wed, Sep 3 11:28 AM]   use "Use laptop — Company OS"
 102.1s [Wed, Sep 3 11:29 AM]   click [Tab_operations] Operations
 102.3s [Wed, Sep 3 11:30 AM]   click [DeliverTo_riverside_studio] Riverside Tower, Unit
 102.3s [Wed, Sep 3 11:30 AM]   click [Buy_tradelink_wholesale_wireless_earbuds] Buy $1,008
 102.4s [Wed, Sep 3 11:40 AM]   click [Buy_tradelink_wholesale_wireless_earbuds] Buy $1,008
 102.8s [Wed, Sep 3 7:12 PM]   use "Sleep"
 102.8s [Wed, Sep 3 7:12 PM]   click [Sleep] Sleep until 7:00 AM
 103.3s [Thu, Sep 4 7:14 AM]   use "Packing table"
 103.3s [Thu, Sep 4 7:15 AM]   click [Pack] Pack 27 orders (3 h 36 min)
 103.4s [Thu, Sep 4 10:52 AM]   click [CourierEconomy] Courier · Economy 3d ($179.52)
 103.8s [Thu, Sep 4 7:13 PM]   use "Sleep"
 103.9s [Thu, Sep 4 7:13 PM]   click [Sleep] Sleep until 7:00 AM
 104.3s [Fri, Sep 5 7:14 AM]   use "Packing table"
 104.4s [Fri, Sep 5 7:15 AM]   click [Pack] Pack 24 orders (3 h 12 min)
 104.4s [Fri, Sep 5 10:28 AM]   click [CourierEconomy] Courier · Economy 3d ($158.64)
 104.9s [Fri, Sep 5 7:13 PM]   use "Sleep"
 104.9s [Fri, Sep 5 7:13 PM]   click [Sleep] Sleep until 7:00 AM
 105.4s [Sat, Sep 6 7:14 AM]   use "Packing table"
 105.4s [Sat, Sep 6 7:15 AM]   click [Pack] Pack 24 orders (3 h 12 min)
 105.5s [Sat, Sep 6 10:28 AM]   click [CourierEconomy] Courier · Economy 3d ($155.04)
 105.5s [Sat, Sep 6 10:32 AM]   use "Use laptop — Company OS"
 105.7s [Sat, Sep 6 10:33 AM]   click [Tab_operations] Operations
 105.8s [Sat, Sep 6 10:34 AM]   click [DeliverTo_riverside_studio] Riverside Tower, Unit
 105.9s [Sat, Sep 6 10:34 AM]   click [Buy_tradelink_wholesale_phone_stand] Buy $305
 106.0s [Sat, Sep 6 10:44 AM]   click [Buy_tradelink_wholesale_phone_stand] Buy $305
 106.3s [Sat, Sep 6 7:12 PM]   use "Sleep"
 106.3s [Sat, Sep 6 7:12 PM]   click [Sleep] Sleep until 7:00 AM
 106.8s [Sun, Sep 7 7:14 AM]   use "Packing table"
 106.9s [Sun, Sep 7 7:15 AM]   click [Pack] Pack 23 orders (3 h 4 min)
 106.9s [Sun, Sep 7 10:20 AM]   click [CourierEconomy] Courier · Economy 3d ($152.88)
 107.0s [Sun, Sep 7 10:24 AM]   use "Use laptop — Company OS"
 107.1s [Sun, Sep 7 10:25 AM]   click [Tab_operations] Operations
 107.3s [Sun, Sep 7 10:26 AM]   click [DeliverTo_riverside_studio] Riverside Tower, Unit
 107.4s [Sun, Sep 7 10:26 AM]   click [Buy_tradelink_wholesale_desk_lamp] Buy $515
 107.5s [Sun, Sep 7 10:36 AM]   click [Buy_tradelink_wholesale_desk_lamp] Buy $515
 107.9s [Sun, Sep 7 7:12 PM]   use "Sleep"
 107.9s [Sun, Sep 7 7:12 PM]   click [Sleep] Sleep until 7:00 AM
 108.4s [Mon, Sep 8 7:14 AM]   use "Packing table"
 108.4s [Mon, Sep 8 7:15 AM]   click [Pack] Pack 22 orders (2 h 56 min)
 108.5s [Mon, Sep 8 10:12 AM]   click [CourierEconomy] Courier · Economy 3d ($143.52)
 109.0s [Mon, Sep 8 7:13 PM]   use "Sleep"
 109.0s [Mon, Sep 8 7:13 PM]   click [Sleep] Sleep until 7:00 AM
 109.5s [Tue, Sep 9 7:14 AM]   use "Packing table"
 109.5s [Tue, Sep 9 7:15 AM]   click [Pack] Pack 30 orders (4 h)
 109.6s [Tue, Sep 9 11:16 AM]   click [CourierEconomy] Courier · Economy 3d ($196.80)
 110.1s [Tue, Sep 9 7:13 PM]   use "Sleep"
 110.1s [Tue, Sep 9 7:13 PM]   click [Sleep] Sleep until 7:00 AM
 110.6s [Wed, Sep 10 7:14 AM]   use "Packing table"
 110.6s [Wed, Sep 10 7:15 AM]   click [Pack] Pack 19 orders (2 h 32 min)
 110.7s [Wed, Sep 10 9:48 AM]   click [CourierEconomy] Courier · Economy 3d ($122.64)
 111.2s [Wed, Sep 10 7:13 PM]   use "Sleep"
 111.2s [Wed, Sep 10 7:13 PM]   click [Sleep] Sleep until 7:00 AM
 111.7s [Thu, Sep 11 7:14 AM]   use "Packing table"
 111.7s [Thu, Sep 11 7:15 AM]   click [Pack] Pack 26 orders (3 h 28 min)
 111.7s [Thu, Sep 11 10:44 AM]   click [CourierEconomy] Courier · Economy 3d ($170.16)
 111.8s [Thu, Sep 11 10:48 AM]   use "Use laptop — Company OS"
 111.9s [Thu, Sep 11 10:49 AM]   click [Tab_operations] Operations
 112.1s [Thu, Sep 11 10:50 AM]   click [DeliverTo_riverside_studio] Riverside Tower, Unit
 112.2s [Thu, Sep 11 10:50 AM]   click [Buy_tradelink_wholesale_water_bottle] Buy $604
 112.2s [Thu, Sep 11 11:00 AM]   click [Buy_tradelink_wholesale_water_bottle] Buy $604
 112.6s [Thu, Sep 11 7:12 PM]   use "Sleep"
 112.6s [Thu, Sep 11 7:12 PM]   click [Sleep] Sleep until 7:00 AM
 113.1s [Fri, Sep 12 7:14 AM]   use "Packing table"
 113.1s [Fri, Sep 12 7:15 AM]   click [Pack] Pack 32 orders (4 h 16 min)
 113.2s [Fri, Sep 12 11:32 AM]   click [CourierEconomy] Courier · Economy 3d ($204.72)
 113.7s [Fri, Sep 12 7:13 PM]   use "Sleep"
 113.8s [Fri, Sep 12 7:13 PM]   click [Sleep] Sleep until 7:00 AM
 114.3s [Sat, Sep 13 7:14 AM]   use "Packing table"
 114.3s [Sat, Sep 13 7:15 AM]   click [Pack] Pack 26 orders (3 h 28 min)
 114.3s [Sat, Sep 13 10:44 AM]   click [CourierEconomy] Courier · Economy 3d ($170.16)
 114.8s [Sat, Sep 13 7:13 PM]   use "Sleep"
 114.9s [Sat, Sep 13 7:13 PM]   click [Sleep] Sleep until 7:00 AM
 115.3s [Sun, Sep 14 7:14 AM]   use "Packing table"
 115.4s [Sun, Sep 14 7:15 AM]   click [Pack] Pack 27 orders (3 h 36 min)
 115.4s [Sun, Sep 14 10:52 AM]   click [CourierEconomy] Courier · Economy 3d ($193.92)
 116.0s [Sun, Sep 14 7:13 PM]   use "Sleep"
 116.0s [Sun, Sep 14 7:13 PM]   click [Sleep] Sleep until 7:00 AM
 116.4s [Mon, Sep 15 7:14 AM]   use "Packing table"
 116.5s [Mon, Sep 15 7:15 AM]   click [Pack] Pack 33 orders (4 h 24 min)
 116.6s [Mon, Sep 15 11:40 AM]   click [CourierEconomy] Courier · Economy 3d ($203.28)
 117.1s [Mon, Sep 15 7:13 PM]   use "Sleep"
 117.1s [Mon, Sep 15 7:13 PM]   click [Sleep] Sleep until 7:00 AM
 117.6s [Tue, Sep 16 7:14 AM]   use "Packing table"
 117.6s [Tue, Sep 16 7:15 AM]   click [Pack] Pack 30 orders (4 h)
 117.7s [Tue, Sep 16 11:16 AM]   click [CourierEconomy] Courier · Economy 3d ($193.20)
 117.8s [Tue, Sep 16 11:20 AM]   use "Use laptop — Company OS"
 117.9s [Tue, Sep 16 11:21 AM]   click [Tab_operations] Operations
 118.1s [Tue, Sep 16 11:22 AM]   click [DeliverTo_riverside_studio] Riverside Tower, Unit
 118.2s [Tue, Sep 16 11:22 AM]   click [Buy_tradelink_wholesale_wireless_earbuds] Buy $1,008
 118.3s [Tue, Sep 16 11:32 AM]   click [Buy_tradelink_wholesale_wireless_earbuds] Buy $1,008
 118.7s [Tue, Sep 16 7:12 PM]   use "Sleep"
 118.7s [Tue, Sep 16 7:12 PM]   click [Sleep] Sleep until 7:00 AM
 119.2s [Wed, Sep 17 7:14 AM]   use "Packing table"
 119.2s [Wed, Sep 17 7:15 AM]   click [Pack] Pack 24 orders (3 h 12 min)
 119.3s [Wed, Sep 17 10:28 AM]   click [CourierEconomy] Courier · Economy 3d ($162.24)
 119.8s [Wed, Sep 17 7:13 PM]   use "Sleep"
 119.8s [Wed, Sep 17 7:13 PM]   click [Sleep] Sleep until 7:00 AM
 120.3s [Thu, Sep 18 7:14 AM]   use "Packing table"
 120.3s [Thu, Sep 18 7:15 AM]   click [Pack] Pack 25 orders (3 h 20 min)
 120.4s [Thu, Sep 18 10:36 AM]   click [CourierEconomy] Courier · Economy 3d ($175.20)
 121.0s [Thu, Sep 18 7:13 PM]   use "Sleep"
 121.0s [Thu, Sep 18 7:13 PM]   click [Sleep] Sleep until 7:00 AM
 121.5s [Fri, Sep 19 7:14 AM]   use "Packing table"
 121.6s [Fri, Sep 19 7:15 AM]   click [Pack] Pack 31 orders (4 h 8 min)
 121.6s [Fri, Sep 19 11:24 AM]   click [CourierEconomy] Courier · Economy 3d ($206.16)
 121.7s [Fri, Sep 19 11:25 AM]   (shot decision_supplier_price_increase skipped: headless)
 121.7s [Fri, Sep 19 11:25 AM]   decision supplier_price_increase → accept
 121.7s [Fri, Sep 19 11:25 AM]   click [Choice_accept] Okay. Keep supplying me.
 121.7s [Fri, Sep 19 11:25 AM]   (shot decision_outcome_supplier_price_increase skipped: headless)
 121.7s [Fri, Sep 19 11:25 AM]   click "OK"
 122.2s [Fri, Sep 19 7:14 PM]   use "Sleep"
 122.2s [Fri, Sep 19 7:14 PM]   click [Sleep] Sleep until 7:00 AM
 122.7s [Sat, Sep 20 7:14 AM]   use "Packing table"
 122.8s [Sat, Sep 20 7:15 AM]   click [Pack] Pack 24 orders (3 h 12 min)
 122.8s [Sat, Sep 20 10:28 AM]   click [CourierEconomy] Courier · Economy 3d ($155.04)
 123.3s [Sat, Sep 20 7:13 PM]   use "Sleep"
 123.4s [Sat, Sep 20 7:13 PM]   click [Sleep] Sleep until 7:00 AM
 123.9s [Sun, Sep 21 7:14 AM]   use "Packing table"
 123.9s [Sun, Sep 21 7:15 AM]   click [Pack] Pack 32 orders (4 h 16 min)
 124.0s [Sun, Sep 21 11:32 AM]   click [CourierEconomy] Courier · Economy 3d ($215.52)
 124.1s [Sun, Sep 21 11:36 AM]   use "Use laptop — Company OS"
 124.2s [Sun, Sep 21 11:37 AM]   click [Tab_operations] Operations
 124.4s [Sun, Sep 21 11:38 AM]   click [DeliverTo_riverside_studio] Riverside Tower, Unit
 124.5s [Sun, Sep 21 11:38 AM]   click [Buy_tradelink_wholesale_desk_lamp] Buy $515
 124.5s [Sun, Sep 21 11:48 AM]   click [Buy_tradelink_wholesale_desk_lamp] Buy $515
 124.9s [Sun, Sep 21 7:12 PM]   use "Sleep"
 124.9s [Sun, Sep 21 7:12 PM]   click [Sleep] Sleep until 7:00 AM
 125.4s [Mon, Sep 22 7:14 AM]   use "Packing table"
 125.4s [Mon, Sep 22 7:15 AM]   click [Pack] Pack 29 orders (3 h 52 min)
 125.5s [Mon, Sep 22 11:08 AM]   click [CourierEconomy] Courier · Economy 3d ($187.44)
 126.1s [Mon, Sep 22 7:13 PM]   use "Sleep"
 126.1s [Mon, Sep 22 7:13 PM]   click [Sleep] Sleep until 7:00 AM
 126.6s [Tue, Sep 23 7:14 AM]   use "Packing table"
 126.6s [Tue, Sep 23 7:15 AM]   click [Pack] Pack 24 orders (3 h 12 min)
 126.7s [Tue, Sep 23 10:28 AM]   click [CourierEconomy] Courier · Economy 3d ($162.24)
 127.2s [Tue, Sep 23 7:13 PM]   use "Sleep"
 127.2s [Tue, Sep 23 7:13 PM]   click [Sleep] Sleep until 7:00 AM
 127.7s [Wed, Sep 24 7:14 AM]   use "Packing table"
 127.8s [Wed, Sep 24 7:15 AM]   click [Pack] Pack 30 orders (4 h)
 127.8s [Wed, Sep 24 11:16 AM]   click [CourierEconomy] Courier · Economy 3d ($200.40)
 128.4s [Wed, Sep 24 7:13 PM]   use "Sleep"
 128.4s [Wed, Sep 24 7:13 PM]   click [Sleep] Sleep until 7:00 AM
 128.9s [Thu, Sep 25 7:14 AM]   use "Packing table"
 129.0s [Thu, Sep 25 7:15 AM]   click [Pack] Pack 23 orders (3 h 4 min)
 129.0s [Thu, Sep 25 10:20 AM]   click [CourierEconomy] Courier · Economy 3d ($149.28)
 129.1s [Thu, Sep 25 10:24 AM]   use "Use laptop — Company OS"
 129.3s [Thu, Sep 25 10:25 AM]   click [Tab_operations] Operations
 129.5s [Thu, Sep 25 10:26 AM]   click [DeliverTo_riverside_studio] Riverside Tower, Unit
 129.6s [Thu, Sep 25 10:26 AM]   click [Buy_tradelink_wholesale_water_bottle] Buy $604
 129.7s [Thu, Sep 25 10:36 AM]   click [Buy_tradelink_wholesale_water_bottle] Buy $604
 129.8s [Thu, Sep 25 10:47 AM]   click [Buy_tradelink_wholesale_phone_stand] Buy $305
 130.2s [Thu, Sep 25 7:12 PM]   use "Sleep"
 130.2s [Thu, Sep 25 7:12 PM]   click [Sleep] Sleep until 7:00 AM
 130.8s [Fri, Sep 26 7:14 AM]   use "Packing table"
 130.9s [Fri, Sep 26 7:15 AM]   click [Pack] Pack 18 orders (2 h 24 min)
 130.9s [Fri, Sep 26 9:40 AM]   click [CourierEconomy] Courier · Economy 3d ($120.48)
 131.5s [Fri, Sep 26 7:13 PM]   use "Sleep"
 131.5s [Fri, Sep 26 7:13 PM]   click [Sleep] Sleep until 7:00 AM
 132.0s [Sat, Sep 27 7:14 AM]   use "Packing table"
 132.1s [Sat, Sep 27 7:15 AM]   click [Pack] Pack 30 orders (4 h)
 132.1s [Sat, Sep 27 11:16 AM]   click [CourierEconomy] Courier · Economy 3d ($214.80)
 132.2s [Sat, Sep 27 4:30 PM]   toast: New review #3192: ★★ "Arrived late and scratched."
 132.7s [Sat, Sep 27 7:13 PM]   use "Sleep"
 132.7s [Sat, Sep 27 7:13 PM]   click [Sleep] Sleep until 7:00 AM
 133.2s [Sun, Sep 28 7:14 AM]   use "Packing table"
 133.2s [Sun, Sep 28 7:15 AM]   click [Pack] Pack 20 orders (2 h 40 min)
 133.3s [Sun, Sep 28 9:56 AM]   click [CourierEconomy] Courier · Economy 3d ($132.00)
 133.9s [Sun, Sep 28 7:13 PM]   use "Sleep"
 133.9s [Sun, Sep 28 7:13 PM]   click [Sleep] Sleep until 7:00 AM
 134.4s [Mon, Sep 29 7:14 AM]   use "Packing table"
 134.5s [Mon, Sep 29 7:15 AM]   click [Pack] Pack 28 orders (3 h 44 min)
 134.5s [Mon, Sep 29 11:00 AM]   click [CourierEconomy] Courier · Economy 3d ($178.08)
 135.1s [Mon, Sep 29 7:13 PM]   use "Sleep"
 135.1s [Mon, Sep 29 7:13 PM]   click [Sleep] Sleep until 7:00 AM
 135.6s [Tue, Sep 30 7:14 AM]   use "Packing table"
 135.7s [Tue, Sep 30 7:15 AM]   click [Pack] Pack 22 orders (2 h 56 min)
 135.7s [Tue, Sep 30 10:12 AM]   click [CourierEconomy] Courier · Economy 3d ($143.52)
 136.3s [Tue, Sep 30 7:13 PM]   use "Sleep"
 136.3s [Tue, Sep 30 7:13 PM]   click [Sleep] Sleep until 7:00 AM
 136.8s [Wed, Oct 1 7:00 AM]   (shot month_close_report skipped: headless)
 136.8s [Wed, Oct 1 7:00 AM]   click [month close] Continue
 137.1s [Wed, Oct 1 7:14 AM]   use "Packing table"
 137.1s [Wed, Oct 1 7:15 AM]   click [Pack] Pack 27 orders (3 h 36 min)
 137.2s [Wed, Oct 1 10:52 AM]   click [CourierEconomy] Courier · Economy 3d ($131.32)
 137.3s [Wed, Oct 1 10:54 AM]   ok  Chapter 7 complete
 137.3s [Wed, Oct 1 10:54 AM]   ok  Chapter 7 passed with real profit, not two losses
 137.3s [Wed, Oct 1 10:54 AM]   ch7_month_profit set from actual ledger profit $1,824; survived_losses=false
 137.3s [Wed, Oct 1 10:54 AM]   ok  positive chapter seven monthly profit
 137.3s [Wed, Oct 1 10:54 AM] STEP Chapter 8 — the Green Shift
 137.3s [Wed, Oct 1 10:54 AM]   ok  Year 4: the Green Shift
 137.7s [Wed, Oct 1 10:58 AM]   ok  walked back outside
 138.1s [Wed, Oct 1 11:03 AM]   ok  entered Bloom Coffee
 138.2s [Wed, Oct 1 11:06 AM]   use "Read the news board"
 138.2s [Wed, Oct 1 11:11 AM]   (shot news_green_shift skipped: headless)
 138.2s [Wed, Oct 1 11:11 AM]   ok  read the news (green_shift)
 138.6s [Wed, Oct 1 11:16 AM]   ok  walked back outside
 138.9s [Wed, Oct 1 11:21 AM]   ok  entered Riverside Tower
 139.0s [Wed, Oct 1 11:23 AM]   use "Use laptop — Company OS"
 139.1s [Wed, Oct 1 11:24 AM]   click [Tab_operations] Operations
 139.2s [Wed, Oct 1 11:25 AM]   click [Packaging_recycled] Recycled paper
 139.2s [Wed, Oct 1 11:26 AM]   click [Buy_verdant_supply_solar_lamp] Buy $504
 139.3s [Wed, Oct 1 11:36 AM]   (shot operations_green skipped: headless)
 139.3s [Wed, Oct 1 11:37 AM]   ok  recycled packaging
 139.6s [Wed, Oct 1 7:11 PM]   use "Sleep"
 139.7s [Wed, Oct 1 7:11 PM]   click [Sleep] Sleep until 7:00 AM
 140.2s [Thu, Oct 2 7:14 AM]   use "Packing table"
 140.2s [Thu, Oct 2 7:15 AM]   click [Pack] Pack 34 orders (4 h 32 min)
 140.3s [Thu, Oct 2 11:48 AM]   click [CourierEconomy] Courier · Economy 3d ($163.04)
 140.9s [Thu, Oct 2 7:13 PM]   use "Sleep"
 140.9s [Thu, Oct 2 7:13 PM]   click [Sleep] Sleep until 7:00 AM
 141.5s [Fri, Oct 3 7:14 AM]   use "Packing table"
 141.5s [Fri, Oct 3 7:15 AM]   click [Pack] Pack 33 orders (4 h 24 min)
 141.6s [Fri, Oct 3 11:40 AM]   click [CourierEconomy] Courier · Economy 3d ($156.28)
 142.2s [Fri, Oct 3 7:13 PM]   use "Sleep"
 142.2s [Fri, Oct 3 7:13 PM]   click [Sleep] Sleep until 7:00 AM
 142.8s [Sat, Oct 4 7:14 AM]   use "Packing table"
 142.8s [Sat, Oct 4 7:15 AM]   click [Pack] Pack 29 orders (3 h 52 min)
 142.9s [Sat, Oct 4 11:08 AM]   click [CourierEconomy] Courier · Economy 3d ($144.84)
 143.4s [Sat, Oct 4 7:13 PM]   use "Sleep"
 143.4s [Sat, Oct 4 7:13 PM]   click [Sleep] Sleep until 7:00 AM
 144.0s [Sun, Oct 5 7:14 AM]   use "Packing table"
 144.0s [Sun, Oct 5 7:15 AM]   click [Pack] Pack 22 orders (2 h 56 min)
 144.1s [Sun, Oct 5 10:12 AM]   click [CourierEconomy] Courier · Economy 3d ($113.12)
 144.1s [Sun, Oct 5 10:14 AM]   ok  solar desk lamps arrived before listing
 144.2s [Sun, Oct 5 10:16 AM]   use "Use laptop — Company OS"
 144.3s [Sun, Oct 5 10:17 AM]   click [Tab_sales] Sales
 144.6s [Sun, Oct 5 10:18 AM]   click [ListSelf_solar_lamp] Shoot photos myself & list (1 h 20 min)
 144.7s [Sun, Oct 5 11:40 AM]   ok  solar desk lamps listed
 144.7s [Sun, Oct 5 11:40 AM] STEP Chapter 8 — the Green Business Grant at City Hall
 144.7s [Sun, Oct 5 11:40 AM]   (harness) wait 2 h
 145.1s [Sun, Oct 5 1:52 PM]   use "Packing table"
 145.1s [Sun, Oct 5 1:53 PM]   click [Pack] Pack 8 orders (1 h 4 min)
 145.2s [Sun, Oct 5 2:59 PM]   click [CourierEconomy] Courier · Economy 3d ($44.48)
 145.2s [Sun, Oct 5 3:00 PM]   (harness) wait 2 h
 145.3s [Sun, Oct 5 5:02 PM]   use "Packing table"
 145.3s [Sun, Oct 5 5:03 PM]   click [Pack] Pack 6 orders (48 min)
 145.5s [Sun, Oct 5 5:52 PM]   click [CourierEconomy] Courier · Economy 3d ($30.96)
 145.6s [Sun, Oct 5 5:54 PM]   (harness) wait 2 h
 145.6s [Sun, Oct 5 7:55 PM]   use "Packing table"
 145.7s [Sun, Oct 5 7:56 PM]   click [Pack] Pack 7 orders (56 min)
 145.7s [Sun, Oct 5 8:53 PM]   click [CourierEconomy] Courier · Economy 3d ($37.72)
 145.9s [Sun, Oct 5 8:59 PM]   use "Sleep"
 145.9s [Sun, Oct 5 8:59 PM]   click [Sleep] Sleep until 7:00 AM
 146.0s [Mon, Oct 6 6:33 AM]   toast: New review #3374: ★ "Broken. Seller wouldn't help."
 146.5s [Mon, Oct 6 7:14 AM]   use "Packing table"
 146.5s [Mon, Oct 6 7:15 AM]   click [Pack] Pack 5 orders (40 min)
 146.6s [Mon, Oct 6 7:56 AM]   click [CourierEconomy] Courier · Economy 3d ($26.80)
 146.6s [Mon, Oct 6 7:58 AM]   (harness) wait 2 h
 147.1s [Mon, Oct 6 10:08 AM]   use "Packing table"
 147.1s [Mon, Oct 6 10:10 AM]   click [Pack] Pack 1 order (8 min)
 147.1s [Mon, Oct 6 10:19 AM]   click [CourierEconomy] Courier · Economy 3d ($10.16)
 147.5s [Mon, Oct 6 10:25 AM]   ok  walked back outside
 148.3s [Mon, Oct 6 10:46 AM]   use "Metro — Riverside Station"
 148.5s [Mon, Oct 6 10:47 AM]   (shot metro_civic_center skipped: headless)
 148.5s [Mon, Oct 6 10:47 AM]   click [Go_civic_center] Civic Center  ·  12 min
 148.7s [Mon, Oct 6 11:01 AM]   ok  took the Metro to Civic Center
 149.2s [Mon, Oct 6 11:12 AM]   ok  entered Aurelia City Hall
 149.3s [Mon, Oct 6 11:14 AM]   use "Permits & regulations"
 149.3s [Mon, Oct 6 11:15 AM]   (shot green_grant skipped: headless)
 149.3s [Mon, Oct 6 11:15 AM]   click [ApplyGreenGrant] Apply
 149.4s [Mon, Oct 6 11:47 AM]   ok  green grant approved
 149.4s [Mon, Oct 6 11:48 AM]   ok  Chapter 8 complete
 149.4s [Mon, Oct 6 11:48 AM] STEP Chapter 9 — the Clearing Crisis: an import stuck on the wire
 149.4s [Mon, Oct 6 11:48 AM]   ok  Year 5: the Clearing Crisis
 149.7s [Mon, Oct 6 11:54 AM]   ok  walked back outside
 150.0s [Mon, Oct 6 12:02 PM]   use "Metro — Civic Center Station"
 150.0s [Mon, Oct 6 12:03 PM]   (shot metro_riverside skipped: headless)
 150.0s [Mon, Oct 6 12:03 PM]   click [Go_riverside] Riverside  ·  12 min
 150.3s [Mon, Oct 6 12:17 PM]   ok  took the Metro to Riverside
 150.9s [Mon, Oct 6 12:28 PM]   ok  entered Bloom Coffee
 150.9s [Mon, Oct 6 12:31 PM]   use "Read the news board"
 151.0s [Mon, Oct 6 12:36 PM]   (shot news_clearing_crisis skipped: headless)
 151.0s [Mon, Oct 6 12:36 PM]   ok  read the news (clearing_crisis)
 151.3s [Mon, Oct 6 12:41 PM]   ok  walked back outside
 151.7s [Mon, Oct 6 12:46 PM]   ok  entered Riverside Tower
 151.7s [Mon, Oct 6 12:48 PM]   use "Use laptop — Company OS"
 151.9s [Mon, Oct 6 12:49 PM]   click [Tab_operations] Operations
 151.9s [Mon, Oct 6 12:50 PM]   click [Buy_lumina_direct_phone_stand] Buy $884
 152.0s [Mon, Oct 6 12:51 PM]   (shot settlement_choice skipped: headless)
 152.0s [Mon, Oct 6 12:51 PM]   click [Settle_international_wire] Pay this way
 152.1s [Mon, Oct 6 12:53 PM]   ok  import ordered, paid by wire
 152.1s [Mon, Oct 6 12:53 PM] STEP Chapter 9 — Lina Zhao at Nexus Bank
 152.4s [Mon, Oct 6 12:58 PM]   ok  walked back outside
 153.2s [Mon, Oct 6 1:18 PM]   use "Metro — Riverside Station"
 153.4s [Mon, Oct 6 1:20 PM]   (shot metro_financial skipped: headless)
 153.4s [Mon, Oct 6 1:20 PM]   click [Go_financial] Financial District  ·  10 min
 153.7s [Mon, Oct 6 1:31 PM]   ok  took the Metro to Financial District
 154.3s [Mon, Oct 6 1:43 PM]   ok  entered Nexus Bank
 154.5s [Mon, Oct 6 1:54 PM]   use "Talk to Lina Zhao"
 154.6s [Mon, Oct 6 1:54 PM]   (shot lina_intro skipped: headless)
 155.1s [Mon, Oct 6 1:54 PM]   choose "› Set me up with a digital dollar account."
 155.3s [Mon, Oct 6 1:54 PM]   ok  met Lina Zhao
 155.6s [Mon, Oct 6 1:58 PM]   ok  walked back outside
 155.9s [Mon, Oct 6 2:07 PM]   use "Metro — Financial District Station"
 156.0s [Mon, Oct 6 2:09 PM]   (shot metro_riverside skipped: headless)
 156.0s [Mon, Oct 6 2:09 PM]   click [Go_riverside] Riverside  ·  10 min
 156.2s [Mon, Oct 6 2:20 PM]   ok  took the Metro to Riverside
 156.9s [Mon, Oct 6 2:34 PM]   ok  entered Riverside Tower
 157.0s [Mon, Oct 6 2:36 PM]   use "Use laptop — Company OS"
 157.1s [Mon, Oct 6 2:37 PM]   click [Tab_operations] Operations
 157.2s [Mon, Oct 6 2:38 PM]   click [SpeedUp_PO-158] Speed up
 157.2s [Mon, Oct 6 2:39 PM]   (shot settlement_speed_up skipped: headless)
 157.2s [Mon, Oct 6 2:39 PM]   click [Settle_letter_of_credit] Switch
 157.5s [Mon, Oct 6 7:11 PM]   use "Sleep"
 157.6s [Mon, Oct 6 7:11 PM]   click [Sleep] Sleep until 7:00 AM
 158.1s [Tue, Oct 7 7:14 AM]   use "Packing table"
 158.2s [Tue, Oct 7 7:15 AM]   click [Pack] Pack 24 orders (3 h 12 min)
 158.2s [Tue, Oct 7 10:28 AM]   click [CourierEconomy] Courier · Economy 3d ($107.76)
 158.8s [Tue, Oct 7 7:13 PM]   use "Sleep"
 158.8s [Tue, Oct 7 7:13 PM]   click [Sleep] Sleep until 7:00 AM
 159.5s [Wed, Oct 8 7:14 AM]   use "Packing table"
 159.5s [Wed, Oct 8 7:15 AM]   click [Pack] Pack 29 orders (3 h 52 min)
 159.6s [Wed, Oct 8 11:08 AM]   click [CourierEconomy] Courier · Economy 3d ($134.16)
 160.1s [Wed, Oct 8 7:13 PM]   use "Sleep"
 160.1s [Wed, Oct 8 7:13 PM]   click [Sleep] Sleep until 7:00 AM
 160.7s [Thu, Oct 9 7:14 AM]   use "Packing table"
 160.7s [Thu, Oct 9 7:15 AM]   click [Pack] Pack 23 orders (3 h 4 min)
 160.8s [Thu, Oct 9 10:20 AM]   click [CourierEconomy] Courier · Economy 3d ($101.52)
 161.4s [Thu, Oct 9 7:13 PM]   use "Sleep"
 161.4s [Thu, Oct 9 7:13 PM]   click [Sleep] Sleep until 7:00 AM
 162.0s [Fri, Oct 10 7:14 AM]   use "Packing table"
 162.0s [Fri, Oct 10 7:15 AM]   click [Pack] Pack 24 orders (3 h 12 min)
 162.1s [Fri, Oct 10 10:28 AM]   click [CourierEconomy] Courier · Economy 3d ($105.36)
 162.6s [Fri, Oct 10 7:13 PM]   use "Sleep"
 162.7s [Fri, Oct 10 7:13 PM]   click [Sleep] Sleep until 7:00 AM
 163.2s [Sat, Oct 11 7:14 AM]   use "Packing table"
 163.2s [Sat, Oct 11 7:15 AM]   click [Pack] Pack 30 orders (4 h)
 163.3s [Sat, Oct 11 11:16 AM]   click [CourierEconomy] Courier · Economy 3d ($138.00)
 163.4s [Sat, Oct 11 11:17 AM]   (shot decision_supplier_price_increase skipped: headless)
 163.4s [Sat, Oct 11 11:17 AM]   decision supplier_price_increase → accept
 163.4s [Sat, Oct 11 11:17 AM]   click [Choice_accept] Okay. Keep supplying me.
 163.4s [Sat, Oct 11 11:17 AM]   (shot decision_outcome_supplier_price_increase skipped: headless)
 163.4s [Sat, Oct 11 11:17 AM]   click "OK"
 164.0s [Sat, Oct 11 7:13 PM]   use "Sleep"
 164.0s [Sat, Oct 11 7:13 PM]   click [Sleep] Sleep until 7:00 AM
 164.6s [Sun, Oct 12 7:14 AM]   use "Packing table"
 164.6s [Sun, Oct 12 7:15 AM]   click [Pack] Pack 32 orders (4 h 16 min)
 164.7s [Sun, Oct 12 9:59 AM]   toast: New review #3616: ★★ "Arrived late and scratched."
 164.7s [Sun, Oct 12 11:32 AM]   click [CourierEconomy] Courier · Economy 3d ($140.88)
 165.3s [Sun, Oct 12 7:13 PM]   use "Sleep"
 165.3s [Sun, Oct 12 7:13 PM]   click [Sleep] Sleep until 7:00 AM
 165.9s [Mon, Oct 13 7:14 AM]   use "Packing table"
 165.9s [Mon, Oct 13 7:15 AM]   click [Pack] Pack 20 orders (2 h 40 min)
 166.0s [Mon, Oct 13 9:56 AM]   click [CourierEconomy] Courier · Economy 3d ($87.60)
 166.6s [Mon, Oct 13 7:13 PM]   use "Sleep"
 166.6s [Mon, Oct 13 7:13 PM]   click [Sleep] Sleep until 7:00 AM
 167.2s [Tue, Oct 14 7:14 AM]   use "Packing table"
 167.2s [Tue, Oct 14 7:15 AM]   click [Pack] Pack 19 orders (2 h 32 min)
 167.3s [Tue, Oct 14 9:48 AM]   click [CourierEconomy] Courier · Economy 3d ($81.36)
 167.8s [Tue, Oct 14 7:13 PM]   use "Sleep"
 167.9s [Tue, Oct 14 7:13 PM]   click [Sleep] Sleep until 7:00 AM
 168.4s [Wed, Oct 15 7:14 AM]   use "Packing table"
 168.5s [Wed, Oct 15 7:15 AM]   click [Pack] Pack 10 orders (1 h 20 min)
 168.5s [Wed, Oct 15 8:36 AM]   click [CourierEconomy] Courier · Economy 3d ($46.80)
 169.1s [Wed, Oct 15 7:13 PM]   use "Sleep"
 169.1s [Wed, Oct 15 7:13 PM]   click [Sleep] Sleep until 7:00 AM
 169.8s [Thu, Oct 16 7:14 AM]   use "Packing table"
 169.8s [Thu, Oct 16 7:15 AM]   click [Pack] Pack 6 orders (48 min)
 169.8s [Thu, Oct 16 8:04 AM]   click [CourierEconomy] Courier · Economy 3d ($29.04)
 170.5s [Thu, Oct 16 7:13 PM]   use "Sleep"
 170.5s [Thu, Oct 16 7:13 PM]   click [Sleep] Sleep until 7:00 AM
 171.1s [Fri, Oct 17 7:14 AM]   use "Packing table"
 171.1s [Fri, Oct 17 7:15 AM]   click [Pack] Pack 2 orders (16 min)
 171.1s [Fri, Oct 17 7:32 AM]   click [CourierEconomy] Courier · Economy 3d ($13.68)
 171.7s [Fri, Oct 17 7:13 PM]   use "Sleep"
 171.7s [Fri, Oct 17 7:13 PM]   click [Sleep] Sleep until 7:00 AM
 172.3s [Sat, Oct 18 7:14 AM]   use "Packing table"
 172.3s [Sat, Oct 18 7:15 AM]   click [Pack] Pack 1 order (8 min)
 172.4s [Sat, Oct 18 7:24 AM]   click [CourierEconomy] Courier · Economy 3d ($9.84)
 173.0s [Sat, Oct 18 7:13 PM]   use "Sleep"
 173.0s [Sat, Oct 18 7:13 PM]   click [Sleep] Sleep until 7:00 AM
 173.6s [Sun, Oct 19 7:14 AM]   use "Packing table"
 173.6s [Sun, Oct 19 7:15 AM]   click [Pack] Pack 1 order (8 min)
 173.6s [Sun, Oct 19 7:24 AM]   click [CourierEconomy] Courier · Economy 3d ($9.84)
 174.2s [Sun, Oct 19 7:13 PM]   use "Sleep"
 174.2s [Sun, Oct 19 7:13 PM]   click [Sleep] Sleep until 7:00 AM
 174.8s [Mon, Oct 20 7:14 AM]   use "Packing table"
 174.8s [Mon, Oct 20 7:15 AM]   click [Pack] Pack 1 order (8 min)
 174.9s [Mon, Oct 20 7:24 AM]   click [CourierEconomy] Courier · Economy 3d ($9.84)
 175.5s [Mon, Oct 20 7:13 PM]   use "Sleep"
 175.5s [Mon, Oct 20 7:13 PM]   click [Sleep] Sleep until 7:00 AM
 175.9s [Tue, Oct 21 7:00 PM]   use "Sleep"
 175.9s [Tue, Oct 21 7:00 PM]   click [Sleep] Sleep until 7:00 AM
 176.3s [Wed, Oct 22 7:00 PM]   use "Sleep"
 176.3s [Wed, Oct 22 7:00 PM]   click [Sleep] Sleep until 7:00 AM
 176.7s [Thu, Oct 23 7:00 PM]   use "Sleep"
 176.7s [Thu, Oct 23 7:00 PM]   click [Sleep] Sleep until 7:00 AM
 177.0s [Fri, Oct 24 7:01 AM]   ok  Chapter 9 complete: the import got through
 177.0s [Fri, Oct 24 7:01 AM]   ok  ledger balanced after chapters 7–9
 177.0s [Fri, Oct 24 7:01 AM] STEP Old Town — lease the corner café from Mr. Okafor
 177.0s [Fri, Oct 24 7:01 AM]   (harness) wait 2 h
 177.4s [Fri, Oct 24 9:08 AM]   ok  walked back outside
 178.3s [Fri, Oct 24 9:29 AM]   use "Metro — Riverside Station"
 178.5s [Fri, Oct 24 9:30 AM]   (shot metro_old_town skipped: headless)
 178.5s [Fri, Oct 24 9:30 AM]   click [Go_old_town] Old Town  ·  16 min
 178.8s [Fri, Oct 24 9:47 AM]   ok  took the Metro to Old Town
 178.8s [Fri, Oct 24 9:47 AM]   (shot old_town skipped: headless)
 179.6s [Fri, Oct 24 10:04 AM]   ok  entered Okafor Lettings
 179.6s [Fri, Oct 24 10:05 AM]   use "Talk to Mr. Okafor"
 179.8s [Fri, Oct 24 10:05 AM]   choose "› What was it before?"
 180.0s [Fri, Oct 24 10:06 AM]   (shot cafe_lease skipped: headless)
 180.0s [Fri, Oct 24 10:06 AM]   click [SignLease_corner_cafe] Sign the lease
 180.0s [Fri, Oct 24 10:07 AM]   ok  leased the corner café unit
 180.5s [Fri, Oct 24 10:11 AM]   ok  walked back outside
 180.5s [Fri, Oct 24 10:11 AM]   (shot old_town_storefronts skipped: headless)
 181.0s [Fri, Oct 24 10:19 AM]   ok  entered Corner Café Unit
 181.1s [Fri, Oct 24 10:20 AM]   use "Check the till — Company OS"
 181.1s [Fri, Oct 24 10:21 AM]   click [CafeFitOut] Fit out ($5,800)
 181.1s [Fri, Oct 24 10:21 AM]   click [CafeSupplies_large] 400 cups · $330
 181.2s [Fri, Oct 24 10:22 AM]   (shot cafe_setup skipped: headless)
 181.2s [Fri, Oct 24 10:23 AM]   ok  fit-out under way
 181.2s [Fri, Oct 24 10:23 AM]   ok  coffee supplies ordered
 181.2s [Fri, Oct 24 10:23 AM] STEP Old Town — the food licence at City Hall (walking via Shopping Street)
 181.5s [Fri, Oct 24 10:27 AM]   ok  walked back outside
 182.1s [Fri, Oct 24 10:44 AM]   ok  walked to Shopping Street
 183.0s [Fri, Oct 24 11:12 AM]   ok  walked to Civic Center
 183.4s [Fri, Oct 24 11:19 AM]   ok  entered Aurelia City Hall
 183.4s [Fri, Oct 24 11:21 AM]   use "Permits & regulations"
 183.5s [Fri, Oct 24 11:22 AM]   click [ApplyFoodLicence] Apply
 183.5s [Fri, Oct 24 11:43 AM]   (shot food_licence skipped: headless)
 183.5s [Fri, Oct 24 11:44 AM]   ok  food licence applied for
 183.9s [Fri, Oct 24 11:49 AM]   ok  walked back outside
 184.1s [Fri, Oct 24 11:57 AM]   use "Metro — Civic Center Station"
 184.2s [Fri, Oct 24 11:59 AM]   (shot metro_riverside skipped: headless)
 184.2s [Fri, Oct 24 11:59 AM]   click [Go_riverside] Riverside  ·  12 min
 184.5s [Fri, Oct 24 12:12 PM]   ok  took the Metro to Riverside
 185.2s [Fri, Oct 24 12:26 PM]   ok  entered Riverside Tower
 185.2s [Fri, Oct 24 12:26 PM]   (harness) wait 2 h
 185.2s [Fri, Oct 24 2:27 PM]   (harness) wait 2 h
 185.3s [Fri, Oct 24 4:28 PM]   (harness) wait 2 h
 185.3s [Fri, Oct 24 6:29 PM]   (harness) wait 2 h
 185.4s [Fri, Oct 24 8:33 PM]   use "Sleep"
 185.4s [Fri, Oct 24 8:33 PM]   click [Sleep] Sleep until 7:00 AM
 185.7s [Sat, Oct 25 7:01 AM]   (harness) wait 2 h
 185.8s [Sat, Oct 25 9:02 AM]   (harness) wait 2 h
 185.8s [Sat, Oct 25 11:03 AM]   (harness) wait 2 h
 185.8s [Sat, Oct 25 1:04 PM]   (harness) wait 2 h
 185.9s [Sat, Oct 25 3:05 PM]   (harness) wait 2 h
 185.9s [Sat, Oct 25 5:06 PM]   (harness) wait 2 h
 186.0s [Sat, Oct 25 7:07 PM]   use "Sleep"
 186.0s [Sat, Oct 25 7:07 PM]   click [Sleep] Sleep until 7:00 AM
 186.3s [Sun, Oct 26 7:01 AM]   (harness) wait 2 h
 186.3s [Sun, Oct 26 9:02 AM]   (harness) wait 2 h
 186.4s [Sun, Oct 26 11:03 AM]   (harness) wait 2 h
 186.4s [Sun, Oct 26 1:04 PM]   (harness) wait 2 h
 186.4s [Sun, Oct 26 3:05 PM]   (harness) wait 2 h
 186.5s [Sun, Oct 26 5:06 PM]   (harness) wait 2 h
 186.5s [Sun, Oct 26 7:07 PM]   use "Sleep"
 186.5s [Sun, Oct 26 7:07 PM]   click [Sleep] Sleep until 7:00 AM
 186.8s [Mon, Oct 27 7:01 AM]   ok  fitted out and licensed
 186.8s [Mon, Oct 27 7:01 AM] STEP Old Town — opening day behind your own counter
 187.2s [Mon, Oct 27 7:06 AM]   ok  walked back outside
 188.0s [Mon, Oct 27 7:27 AM]   use "Metro — Riverside Station"
 188.2s [Mon, Oct 27 7:29 AM]   (shot metro_old_town skipped: headless)
 188.2s [Mon, Oct 27 7:29 AM]   click [Go_old_town] Old Town  ·  16 min
 188.5s [Mon, Oct 27 7:46 AM]   ok  took the Metro to Old Town
 189.1s [Mon, Oct 27 7:57 AM]   ok  entered Corner Café Unit
 189.1s [Mon, Oct 27 7:57 AM]   (shot cafe_open skipped: headless)
 189.1s [Mon, Oct 27 7:59 AM]   use "Work the counter (2 h)"
 189.2s [Mon, Oct 27 10:00 AM]   ok  served customers at your own café
 189.2s [Mon, Oct 27 10:01 AM]   use "Check the till — Company OS"
 189.2s [Mon, Oct 27 10:02 AM]   (shot cafe_tab skipped: headless)
 189.3s [Mon, Oct 27 10:03 AM]   ok  ledger balanced after opening the café
 189.6s [Mon, Oct 27 10:07 AM]   ok  walked back outside
 190.2s [Mon, Oct 27 10:25 AM]   use "Metro — Old Town Station"
 190.3s [Mon, Oct 27 10:26 AM]   (shot metro_riverside skipped: headless)
 190.3s [Mon, Oct 27 10:26 AM]   click [Go_riverside] Riverside  ·  16 min
 190.6s [Mon, Oct 27 10:44 AM]   ok  took the Metro to Riverside
 191.3s [Mon, Oct 27 10:58 AM]   ok  entered Riverside Tower
 191.3s [Mon, Oct 27 10:58 AM] STEP Harbor — metro to the docks, a used van from Sam, and Pier 7
 191.3s [Mon, Oct 27 10:58 AM]   ok  actual financing covers the van, bay and working capital
 191.7s [Mon, Oct 27 11:01 AM]   ok  walked back outside
 192.4s [Mon, Oct 27 11:22 AM]   use "Metro — Riverside Station"
 192.7s [Mon, Oct 27 11:23 AM]   (shot metro_harbor skipped: headless)
 192.7s [Mon, Oct 27 11:23 AM]   click [Go_harbor] Harbor  ·  8 min
 193.0s [Mon, Oct 27 11:33 AM]   ok  took the Metro to Harbor
 193.0s [Mon, Oct 27 11:33 AM]   (shot harbor skipped: headless)
 193.4s [Mon, Oct 27 11:43 AM]   (shot harbor_street skipped: headless)
 193.8s [Mon, Oct 27 11:47 AM]   ok  entered Dockside Motors
 193.8s [Mon, Oct 27 11:48 AM]   use "Talk to Sam Okoro"
 194.0s [Mon, Oct 27 11:48 AM]   choose "› What have you got?"
 194.2s [Mon, Oct 27 11:49 AM]   (shot van_dealer skipped: headless)
 194.2s [Mon, Oct 27 11:49 AM]   click [BuyVan] Buy the van ($9,800)
 194.5s [Mon, Oct 27 11:50 AM]   (shot van_bought skipped: headless)
 194.5s [Mon, Oct 27 11:50 AM]   ok  bought the van from Sam
 194.5s [Mon, Oct 27 11:50 AM]   ok  the van is a vehicle expense
 194.8s [Mon, Oct 27 11:54 AM]   ok  walked back outside
 195.3s [Mon, Oct 27 12:03 PM]   ok  entered Pier 7 Warehouse
 195.5s [Mon, Oct 27 12:08 PM]   use "Lettings desk: lease Bay 3"
 195.5s [Mon, Oct 27 12:09 PM]   (shot pier7_lease skipped: headless)
 195.5s [Mon, Oct 27 12:09 PM]   click [SignLease_pier7_warehouse] Sign the lease
 195.6s [Mon, Oct 27 12:10 PM]   ok  leased the Pier 7 bay
 195.6s [Mon, Oct 27 12:10 PM]   ok  Pier 7 is a stock location
 195.6s [Mon, Oct 27 12:11 PM]   (shot pier7_warehouse skipped: headless)
 196.0s [Mon, Oct 27 12:18 PM]   ok  walked back outside
 196.4s [Mon, Oct 27 12:31 PM]   use "Metro — Harbor Station"
 196.5s [Mon, Oct 27 12:32 PM]   (shot metro_riverside skipped: headless)
 196.5s [Mon, Oct 27 12:32 PM]   click [Go_riverside] Riverside  ·  8 min
 196.7s [Mon, Oct 27 12:42 PM]   ok  took the Metro to Riverside
 197.5s [Mon, Oct 27 12:56 PM]   ok  entered Riverside Tower
 197.5s [Mon, Oct 27 12:56 PM] STEP Harbor — the morning's delivery runs
 197.5s [Mon, Oct 27 12:56 PM]   (harness) wait 2 h
 197.5s [Mon, Oct 27 2:57 PM]   (harness) wait 2 h
 197.5s [Mon, Oct 27 4:58 PM]   (harness) wait 2 h
 197.6s [Mon, Oct 27 6:59 PM]   (harness) wait 2 h
 197.7s [Mon, Oct 27 9:03 PM]   use "Sleep"
 197.7s [Mon, Oct 27 9:03 PM]   click [Sleep] Sleep until 7:00 AM
 198.0s [Tue, Oct 28 7:01 AM]   (harness) wait 2 h
 198.0s [Tue, Oct 28 9:02 AM]   ok  runs were posted in the morning
 198.4s [Tue, Oct 28 9:07 AM]   ok  walked back outside
 199.1s [Tue, Oct 28 9:28 AM]   use "Metro — Riverside Station"
 199.4s [Tue, Oct 28 9:30 AM]   (shot metro_harbor skipped: headless)
 199.4s [Tue, Oct 28 9:30 AM]   click [Go_harbor] Harbor  ·  8 min
 199.7s [Tue, Oct 28 9:39 AM]   ok  took the Metro to Harbor
 200.3s [Tue, Oct 28 9:54 AM]   ok  entered Pier 7 Warehouse
 200.4s [Tue, Oct 28 9:58 AM]   use "Sit at the yard office desk — Company OS"
 200.6s [Tue, Oct 28 9:59 AM]   click [Tab_logistics] Logistics
 200.6s [Tue, Oct 28 10:00 AM]   (shot logistics_tab skipped: headless)
 200.6s [Tue, Oct 28 10:01 AM]   (shot logistics_badge_pinned skipped: headless)
 200.6s [Tue, Oct 28 10:01 AM]   click [Tab_logistics] Logistics
 200.7s [Tue, Oct 28 10:02 AM]   ok  delivery runs on the board
 200.7s [Tue, Oct 28 10:02 AM]   click [Accept_R1] Accept
 200.7s [Tue, Oct 28 10:03 AM]   ok  accepted run R1
 200.7s [Tue, Oct 28 10:03 AM]   (shot logistics_accepted skipped: headless)
 200.7s [Tue, Oct 28 10:03 AM]   click [Drive_R1] Drive it
 200.7s [Tue, Oct 28 10:03 AM]   (shot route_game_intro skipped: headless)
 200.7s [Tue, Oct 28 10:03 AM]   click [StartGame] Start
 200.7s [Tue, Oct 28 10:03 AM]   click [Stop_5]
 200.7s [Tue, Oct 28 10:03 AM]   click [Stop_4]
 200.7s [Tue, Oct 28 10:03 AM]   (shot route_game_planning skipped: headless)
 200.7s [Tue, Oct 28 10:03 AM]   click [Stop_3]
 200.7s [Tue, Oct 28 10:03 AM]   click [Stop_2]
 200.8s [Tue, Oct 28 10:03 AM]   click [Stop_1]
 200.8s [Tue, Oct 28 10:03 AM]   click [Stop_6]
 200.8s [Tue, Oct 28 10:03 AM]   (shot route_game_planned skipped: headless)
 200.8s [Tue, Oct 28 10:03 AM]   click [DriveRoute] Drive the route
 200.8s [Tue, Oct 28 10:03 AM]   (shot route_game_results skipped: headless)
 200.8s [Tue, Oct 28 10:03 AM]   click [FinishGame] Continue
 200.9s [Tue, Oct 28 1:48 PM]   ok  the run is done and in the history
 200.9s [Tue, Oct 28 1:48 PM]   ok  the pay was banked as revenue ($170.50 for run R1)
 200.9s [Tue, Oct 28 1:48 PM]   ok  fuel was charged
 200.9s [Tue, Oct 28 1:48 PM]   ok  the best route scored 100%
 200.9s [Tue, Oct 28 1:48 PM]   (shot logistics_tab_paid skipped: headless)
 200.9s [Tue, Oct 28 1:49 PM]   ok  ledger balanced after the first delivery run
 201.3s [Tue, Oct 28 1:56 PM]   ok  walked back outside
 201.7s [Tue, Oct 28 2:09 PM]   use "Metro — Harbor Station"
 201.7s [Tue, Oct 28 2:10 PM]   (shot metro_riverside skipped: headless)
 201.7s [Tue, Oct 28 2:10 PM]   click [Go_riverside] Riverside  ·  8 min
 202.0s [Tue, Oct 28 2:20 PM]   ok  took the Metro to Riverside
 202.7s [Tue, Oct 28 2:33 PM]   ok  entered Riverside Tower
 202.7s [Tue, Oct 28 2:33 PM]   ok  Chapter 10 started after Chapter 9
 202.7s [Tue, Oct 28 2:33 PM]   ok  Year 6: the Digital Finance Boom
 202.7s [Tue, Oct 28 2:33 PM] STEP Chapter 10 — the news, and Lina's escrow offer
 203.0s [Tue, Oct 28 2:37 PM]   ok  walked back outside
 203.4s [Tue, Oct 28 2:41 PM]   ok  entered Bloom Coffee
 203.5s [Tue, Oct 28 2:44 PM]   use "Read the news board"
 203.5s [Tue, Oct 28 2:49 PM]   (shot news_digital_rails skipped: headless)
 203.5s [Tue, Oct 28 2:49 PM]   ok  read the news (digital_rails)
 203.9s [Tue, Oct 28 2:54 PM]   ok  walked back outside
 204.3s [Tue, Oct 28 2:59 PM]   ok  entered Riverside Tower
 204.6s [Tue, Oct 28 3:02 PM]   ok  walked back outside
 205.3s [Tue, Oct 28 3:23 PM]   use "Metro — Riverside Station"
 205.6s [Tue, Oct 28 3:25 PM]   (shot metro_financial skipped: headless)
 205.6s [Tue, Oct 28 3:25 PM]   click [Go_financial] Financial District  ·  10 min
 205.9s [Tue, Oct 28 3:36 PM]   ok  took the Metro to Financial District
 206.4s [Tue, Oct 28 3:47 PM]   ok  entered Nexus Bank
 206.7s [Tue, Oct 28 3:58 PM]   use "Talk to Lina Zhao"
 206.7s [Tue, Oct 28 3:58 PM]   (shot lina_rails skipped: headless)
 207.3s [Tue, Oct 28 3:58 PM]   choose "› What's the catch?"
 207.5s [Tue, Oct 28 4:00 PM]   ok  the '!' badge for escrow pins its card
 207.5s [Tue, Oct 28 4:00 PM]   (shot badge_escrow_pinned skipped: headless)
 207.5s [Tue, Oct 28 4:00 PM]   (shot decision_escrow_offer skipped: headless)
 207.5s [Tue, Oct 28 4:00 PM]   decision escrow_offer → try
 207.5s [Tue, Oct 28 4:00 PM]   click [Choice_try] Open an escrow account
 207.6s [Tue, Oct 28 4:00 PM]   (shot decision_outcome_escrow_offer skipped: headless)
 207.6s [Tue, Oct 28 4:00 PM]   click "OK"
 207.6s [Tue, Oct 28 4:00 PM]   ok  opened an escrow account
 207.6s [Tue, Oct 28 4:00 PM] STEP Chapter 10 — an import paid through escrow
 207.9s [Tue, Oct 28 4:05 PM]   ok  walked back outside
 208.2s [Tue, Oct 28 4:14 PM]   use "Metro — Financial District Station"
 208.3s [Tue, Oct 28 4:15 PM]   (shot metro_riverside skipped: headless)
 208.3s [Tue, Oct 28 4:15 PM]   click [Go_riverside] Riverside  ·  10 min
 208.6s [Tue, Oct 28 4:27 PM]   ok  took the Metro to Riverside
 209.3s [Tue, Oct 28 4:40 PM]   ok  entered Riverside Tower
 209.4s [Tue, Oct 28 4:43 PM]   use "Use laptop — Company OS"
 209.5s [Tue, Oct 28 4:43 PM]   click [Tab_operations] Operations
 209.6s [Tue, Oct 28 4:44 PM]   click [Buy_lumina_direct_phone_stand] Buy $864
 209.6s [Tue, Oct 28 4:45 PM]   (shot settlement_escrow skipped: headless)
 209.6s [Tue, Oct 28 4:45 PM]   click [Settle_escrow] Pay this way
 209.7s [Tue, Oct 28 5:00 PM]   toast: Riverlight Goods Café stayed shut today: nobody was behind the counter. Hire a barista (People tab) or work the counter yourself.
 209.8s [Tue, Oct 28 6:56 PM]   click [Tab_finance] Finance
 209.9s [Tue, Oct 28 6:57 PM]   click [Tab_operations] Operations
 210.1s [Tue, Oct 28 7:04 PM]   (shot operations_escrow_order skipped: headless)
 210.1s [Tue, Oct 28 7:05 PM]   ok  import ordered through escrow
 210.1s [Tue, Oct 28 7:05 PM]   use "Use laptop — Company OS"
 210.3s [Tue, Oct 28 7:06 PM]   click [Tab_finance] Finance
 210.5s [Tue, Oct 28 7:07 PM]   (shot finance_held_in_escrow skipped: headless)
 210.9s [Tue, Oct 28 7:19 PM]   use "Sleep"
 211.0s [Tue, Oct 28 7:19 PM]   click [Sleep] Sleep until 7:00 AM
 211.3s [Wed, Oct 29 5:00 PM]   toast: Riverlight Goods Café stayed shut today: nobody was behind the counter. Hire a barista (People tab) or work the counter yourself.
 211.3s [Wed, Oct 29 7:00 PM]   use "Sleep"
 211.3s [Wed, Oct 29 7:00 PM]   click [Sleep] Sleep until 7:00 AM
 211.7s [Thu, Oct 30 5:00 PM]   toast: Riverlight Goods Café stayed shut today: nobody was behind the counter. Hire a barista (People tab) or work the counter yourself.
 211.7s [Thu, Oct 30 7:00 PM]   (shot decision_supplier_price_increase skipped: headless)
 211.7s [Thu, Oct 30 7:00 PM]   decision supplier_price_increase → accept
 211.7s [Thu, Oct 30 7:00 PM]   click [Choice_accept] Okay. Keep supplying me.
 211.8s [Thu, Oct 30 7:00 PM]   (shot decision_outcome_supplier_price_increase skipped: headless)
 211.8s [Thu, Oct 30 7:00 PM]   click "OK"
 211.8s [Thu, Oct 30 7:00 PM]   use "Sleep"
 211.8s [Thu, Oct 30 7:00 PM]   click [Sleep] Sleep until 7:00 AM
 212.2s [Fri, Oct 31 5:00 PM]   toast: Riverlight Goods Café stayed shut today: nobody was behind the counter. Hire a barista (People tab) or work the counter yourself.
 212.2s [Fri, Oct 31 7:00 PM]   use "Sleep"
 212.2s [Fri, Oct 31 7:00 PM]   click [Sleep] Sleep until 7:00 AM
 212.8s [Sat, Nov 1 7:00 AM]   (shot month_close_report skipped: headless)
 212.8s [Sat, Nov 1 7:00 AM]   click [month close] Continue
 212.9s [Sat, Nov 1 5:00 PM]   toast: Riverlight Goods Café stayed shut today: nobody was behind the counter. Hire a barista (People tab) or work the counter yourself.
 212.9s [Sat, Nov 1 7:01 PM]   use "Sleep"
 212.9s [Sat, Nov 1 7:01 PM]   click [Sleep] Sleep until 7:00 AM
 213.6s [Sun, Nov 2 7:09 PM]   use "Sleep"
 213.6s [Sun, Nov 2 7:09 PM]   click [Sleep] Sleep until 7:00 AM
 214.0s [Mon, Nov 3 5:00 PM]   toast: Riverlight Goods Café stayed shut today: nobody was behind the counter. Hire a barista (People tab) or work the counter yourself.
 214.0s [Mon, Nov 3 7:00 PM]   use "Sleep"
 214.0s [Mon, Nov 3 7:00 PM]   click [Sleep] Sleep until 7:00 AM
 214.3s [Tue, Nov 4 5:00 PM]   toast: Riverlight Goods Café stayed shut today: nobody was behind the counter. Hire a barista (People tab) or work the counter yourself.
 214.4s [Tue, Nov 4 7:00 PM]   use "Sleep"
 214.4s [Tue, Nov 4 7:00 PM]   click [Sleep] Sleep until 7:00 AM
 214.8s [Wed, Nov 5 5:00 PM]   toast: Riverlight Goods Café stayed shut today: nobody was behind the counter. Hire a barista (People tab) or work the counter yourself.
 214.8s [Wed, Nov 5 7:00 PM]   use "Sleep"
 214.8s [Wed, Nov 5 7:00 PM]   click [Sleep] Sleep until 7:00 AM
 215.2s [Thu, Nov 6 5:00 PM]   toast: Riverlight Goods Café stayed shut today: nobody was behind the counter. Hire a barista (People tab) or work the counter yourself.
 215.2s [Thu, Nov 6 7:00 PM]   use "Sleep"
 215.2s [Thu, Nov 6 7:00 PM]   click [Sleep] Sleep until 7:00 AM
 215.6s [Fri, Nov 7 5:00 PM]   toast: Riverlight Goods Café stayed shut today: nobody was behind the counter. Hire a barista (People tab) or work the counter yourself.
 215.9s [Fri, Nov 7 7:10 PM]   use "Sleep"
 215.9s [Fri, Nov 7 7:10 PM]   click [Sleep] Sleep until 7:00 AM
 216.2s [Sat, Nov 8 5:00 PM]   toast: Riverlight Goods Café stayed shut today: nobody was behind the counter. Hire a barista (People tab) or work the counter yourself.
 216.3s [Sat, Nov 8 7:00 PM]   use "Sleep"
 216.3s [Sat, Nov 8 7:00 PM]   click [Sleep] Sleep until 7:00 AM
 216.7s [Sun, Nov 9 7:00 PM]   use "Sleep"
 216.7s [Sun, Nov 9 7:00 PM]   click [Sleep] Sleep until 7:00 AM
 217.0s [Mon, Nov 10 7:01 AM]   ok  escrow released to the supplier on arrival
 217.0s [Mon, Nov 10 7:01 AM]   ok  Chapter 10 complete
 217.0s [Mon, Nov 10 7:01 AM] STEP Chapter 11 — the bridge exploit
 217.0s [Mon, Nov 10 7:01 AM]   ok  Year 7: the Bridge Exploit
 217.4s [Mon, Nov 10 7:07 AM]   ok  walked back outside
 217.8s [Mon, Nov 10 7:12 AM]   ok  entered Bloom Coffee
 217.9s [Mon, Nov 10 7:14 AM]   use "Read the news board"
 217.9s [Mon, Nov 10 7:19 AM]   (shot news_bridge_before skipped: headless)
 217.9s [Mon, Nov 10 7:19 AM]   ok  read the news (bridge_before)
 218.2s [Mon, Nov 10 7:24 AM]   ok  walked back outside
 218.6s [Mon, Nov 10 7:29 AM]   ok  entered Riverside Tower
 218.7s [Mon, Nov 10 7:31 AM]   use "Use laptop — Company OS"
 218.8s [Mon, Nov 10 7:32 AM]   click [Tab_operations] Operations
 218.9s [Mon, Nov 10 7:33 AM]   click [Buy_lumina_direct_phone_stand] Buy $856
 218.9s [Mon, Nov 10 7:34 AM]   (shot settlement_before_exploit skipped: headless)
 218.9s [Mon, Nov 10 7:34 AM]   click [Settle_escrow] Pay this way
 219.0s [Mon, Nov 10 7:36 AM]   ok  restock ordered through escrow (cash $56,201)
 219.6s [Mon, Nov 10 7:54 AM]   toast: BREAKING: the digital-dollar bridge was exploited. Transfers are frozen until about Nov 16 7:54 AM.
 219.8s [Mon, Nov 10 7:56 AM]   ok  the bridge is frozen with our payment crossing it
 219.8s [Mon, Nov 10 7:56 AM]   ok  the '!' badge for frozen_funds pins its card
 219.8s [Mon, Nov 10 7:56 AM]   (shot badge_frozen_pinned skipped: headless)
 219.8s [Mon, Nov 10 7:56 AM]   (shot decision_rail_frozen skipped: headless)
 219.8s [Mon, Nov 10 7:56 AM]   decision rail_frozen → reroute
 219.8s [Mon, Nov 10 7:56 AM]   click [Choice_reroute] Pay again by wire ($890)
 219.9s [Mon, Nov 10 7:56 AM]   (shot decision_outcome_rail_frozen skipped: headless)
 219.9s [Mon, Nov 10 7:56 AM]   click "OK"
 219.9s [Mon, Nov 10 7:56 AM]   ok  paid again by wire
 219.9s [Mon, Nov 10 7:57 AM]   use "Use laptop — Company OS"
 220.1s [Mon, Nov 10 7:57 AM]   click [Tab_finance] Finance
 220.2s [Mon, Nov 10 7:58 AM]   (shot finance_frozen_funds skipped: headless)
 220.2s [Mon, Nov 10 7:58 AM]   click [Tab_operations] Operations
 220.4s [Mon, Nov 10 8:06 AM]   (shot operations_frozen_order skipped: headless)
 221.0s [Mon, Nov 10 8:12 AM]   ok  walked back outside
 221.3s [Mon, Nov 10 8:17 AM]   ok  entered Bloom Coffee
 221.4s [Mon, Nov 10 8:20 AM]   use "Read the news board"
 221.4s [Mon, Nov 10 8:25 AM]   (shot news_bridge_frozen skipped: headless)
 221.4s [Mon, Nov 10 8:25 AM]   ok  read the news (bridge_frozen)
 221.8s [Mon, Nov 10 8:30 AM]   ok  walked back outside
 222.2s [Mon, Nov 10 8:35 AM]   ok  entered Riverside Tower
 222.2s [Mon, Nov 10 5:00 PM]   toast: Riverlight Goods Café stayed shut today: nobody was behind the counter. Hire a barista (People tab) or work the counter yourself.
 222.3s [Mon, Nov 10 7:03 PM]   use "Sleep"
 222.3s [Mon, Nov 10 7:03 PM]   click [Sleep] Sleep until 7:00 AM
 222.7s [Tue, Nov 11 5:00 PM]   toast: Riverlight Goods Café stayed shut today: nobody was behind the counter. Hire a barista (People tab) or work the counter yourself.
 222.7s [Tue, Nov 11 7:00 PM]   use "Sleep"
 222.7s [Tue, Nov 11 7:00 PM]   click [Sleep] Sleep until 7:00 AM
 223.1s [Wed, Nov 12 5:00 PM]   toast: Riverlight Goods Café stayed shut today: nobody was behind the counter. Hire a barista (People tab) or work the counter yourself.
 223.1s [Wed, Nov 12 7:00 PM]   use "Sleep"
 223.2s [Wed, Nov 12 7:00 PM]   click [Sleep] Sleep until 7:00 AM
 223.5s [Thu, Nov 13 5:00 PM]   toast: Riverlight Goods Café stayed shut today: nobody was behind the counter. Hire a barista (People tab) or work the counter yourself.
 223.5s [Thu, Nov 13 7:00 PM]   use "Sleep"
 223.5s [Thu, Nov 13 7:00 PM]   click [Sleep] Sleep until 7:00 AM
 223.9s [Fri, Nov 14 5:00 PM]   toast: Riverlight Goods Café stayed shut today: nobody was behind the counter. Hire a barista (People tab) or work the counter yourself.
 223.9s [Fri, Nov 14 7:00 PM]   (shot decision_low_cash_warning skipped: headless)
 223.9s [Fri, Nov 14 7:00 PM]   decision low_cash_warning → reduce
 223.9s [Fri, Nov 14 7:00 PM]   click [Choice_reduce] Cut spending (pause ads, cheaper living)
 224.0s [Fri, Nov 14 7:00 PM]   (shot decision_outcome_low_cash_warning skipped: headless)
 224.0s [Fri, Nov 14 7:00 PM]   click "OK"
 224.0s [Fri, Nov 14 7:00 PM]   use "Sleep"
 224.0s [Fri, Nov 14 7:00 PM]   click [Sleep] Sleep until 7:00 AM
 224.4s [Sat, Nov 15 5:00 PM]   toast: Riverlight Goods Café stayed shut today: nobody was behind the counter. Hire a barista (People tab) or work the counter yourself.
 224.4s [Sat, Nov 15 7:00 PM]   use "Sleep"
 224.4s [Sat, Nov 15 7:00 PM]   click [Sleep] Sleep until 7:00 AM
 224.8s [Sun, Nov 16 7:00 PM]   use "Sleep"
 224.8s [Sun, Nov 16 7:00 PM]   click [Sleep] Sleep until 7:00 AM
 225.2s [Mon, Nov 17 5:00 PM]   toast: Riverlight Goods Café stayed shut today: nobody was behind the counter. Hire a barista (People tab) or work the counter yourself.
 225.2s [Mon, Nov 17 7:00 PM]   (shot decision_low_cash_warning skipped: headless)
 225.2s [Mon, Nov 17 7:00 PM]   decision low_cash_warning → reduce
 225.2s [Mon, Nov 17 7:00 PM]   click [Choice_reduce] Cut spending (pause ads, cheaper living)
 225.2s [Mon, Nov 17 7:00 PM]   (shot decision_outcome_low_cash_warning skipped: headless)
 225.2s [Mon, Nov 17 7:00 PM]   click "OK"
 225.3s [Mon, Nov 17 7:00 PM]   use "Sleep"
 225.3s [Mon, Nov 17 7:00 PM]   click [Sleep] Sleep until 7:00 AM
 225.7s [Tue, Nov 18 5:00 PM]   toast: Riverlight Goods Café stayed shut today: nobody was behind the counter. Hire a barista (People tab) or work the counter yourself.
 225.7s [Tue, Nov 18 7:00 PM]   use "Sleep"
 225.7s [Tue, Nov 18 7:00 PM]   click [Sleep] Sleep until 7:00 AM
 226.1s [Wed, Nov 19 5:00 PM]   toast: Riverlight Goods Café stayed shut today: nobody was behind the counter. Hire a barista (People tab) or work the counter yourself.
 226.1s [Wed, Nov 19 7:00 PM]   use "Sleep"
 226.2s [Wed, Nov 19 7:00 PM]   click [Sleep] Sleep until 7:00 AM
 226.5s [Thu, Nov 20 5:00 PM]   toast: Riverlight Goods Café stayed shut today: nobody was behind the counter. Hire a barista (People tab) or work the counter yourself.
 226.6s [Thu, Nov 20 7:00 PM]   (shot decision_low_cash_warning skipped: headless)
 226.6s [Thu, Nov 20 7:00 PM]   decision low_cash_warning → reduce
 226.6s [Thu, Nov 20 7:00 PM]   click [Choice_reduce] Cut spending (pause ads, cheaper living)
 226.6s [Thu, Nov 20 7:00 PM]   (shot decision_outcome_low_cash_warning skipped: headless)
 226.6s [Thu, Nov 20 7:00 PM]   click "OK"
 226.6s [Thu, Nov 20 7:00 PM]   use "Sleep"
 226.7s [Thu, Nov 20 7:00 PM]   click [Sleep] Sleep until 7:00 AM
 227.0s [Fri, Nov 21 5:00 PM]   toast: Riverlight Goods Café stayed shut today: nobody was behind the counter. Hire a barista (People tab) or work the counter yourself.
 227.0s [Fri, Nov 21 7:00 PM]   use "Sleep"
 227.0s [Fri, Nov 21 7:00 PM]   click [Sleep] Sleep until 7:00 AM
 227.4s [Sat, Nov 22 5:00 PM]   toast: Riverlight Goods Café stayed shut today: nobody was behind the counter. Hire a barista (People tab) or work the counter yourself.
 227.5s [Sat, Nov 22 7:00 PM]   use "Sleep"
 227.5s [Sat, Nov 22 7:00 PM]   click [Sleep] Sleep until 7:00 AM
 227.9s [Sun, Nov 23 7:00 PM]   (shot decision_low_cash_warning skipped: headless)
 227.9s [Sun, Nov 23 7:00 PM]   decision low_cash_warning → reduce
 227.9s [Sun, Nov 23 7:00 PM]   click [Choice_reduce] Cut spending (pause ads, cheaper living)
 228.0s [Sun, Nov 23 7:00 PM]   (shot decision_outcome_low_cash_warning skipped: headless)
 228.0s [Sun, Nov 23 7:00 PM]   click "OK"
 228.0s [Sun, Nov 23 7:00 PM]   use "Sleep"
 228.0s [Sun, Nov 23 7:00 PM]   click [Sleep] Sleep until 7:00 AM
 228.4s [Mon, Nov 24 5:00 PM]   toast: Riverlight Goods Café stayed shut today: nobody was behind the counter. Hire a barista (People tab) or work the counter yourself.
 228.4s [Mon, Nov 24 7:00 PM]   use "Sleep"
 228.4s [Mon, Nov 24 7:00 PM]   click [Sleep] Sleep until 7:00 AM
 228.8s [Tue, Nov 25 5:00 PM]   toast: Riverlight Goods Café stayed shut today: nobody was behind the counter. Hire a barista (People tab) or work the counter yourself.
 228.8s [Tue, Nov 25 7:00 PM]   use "Sleep"
 228.8s [Tue, Nov 25 7:00 PM]   click [Sleep] Sleep until 7:00 AM
 229.2s [Wed, Nov 26 5:00 PM]   toast: Riverlight Goods Café stayed shut today: nobody was behind the counter. Hire a barista (People tab) or work the counter yourself.
 229.2s [Wed, Nov 26 7:00 PM]   (shot decision_low_cash_warning skipped: headless)
 229.2s [Wed, Nov 26 7:00 PM]   decision low_cash_warning → reduce
 229.2s [Wed, Nov 26 7:00 PM]   click [Choice_reduce] Cut spending (pause ads, cheaper living)
 229.3s [Wed, Nov 26 7:00 PM]   (shot decision_outcome_low_cash_warning skipped: headless)
 229.3s [Wed, Nov 26 7:00 PM]   click "OK"
 229.3s [Wed, Nov 26 7:00 PM]   use "Sleep"
 229.3s [Wed, Nov 26 7:00 PM]   click [Sleep] Sleep until 7:00 AM
 229.7s [Thu, Nov 27 7:01 AM]   ok  the bridge reopened
 229.7s [Thu, Nov 27 7:01 AM]   ok  frozen funds settled
 229.7s [Thu, Nov 27 7:01 AM]   ok  Chapter 11 complete: through the freeze and restocked
 229.7s [Thu, Nov 27 7:01 AM] STEP Chapter 12 — the regulation wave: the import licence
 229.7s [Thu, Nov 27 7:01 AM]   ok  Year 8: the Regulation Wave
 230.0s [Thu, Nov 27 7:06 AM]   ok  walked back outside
 230.4s [Thu, Nov 27 7:11 AM]   ok  entered Bloom Coffee
 230.5s [Thu, Nov 27 7:14 AM]   use "Read the news board"
 230.5s [Thu, Nov 27 7:19 AM]   (shot news_regulation skipped: headless)
 230.5s [Thu, Nov 27 7:19 AM]   ok  read the news (regulation)
 230.9s [Thu, Nov 27 7:24 AM]   ok  walked back outside
 231.3s [Thu, Nov 27 7:29 AM]   ok  entered Riverside Tower
 231.3s [Thu, Nov 27 7:29 AM]   (harness) wait 2 h
 231.6s [Thu, Nov 27 9:33 AM]   ok  walked back outside
 232.4s [Thu, Nov 27 9:54 AM]   use "Metro — Riverside Station"
 232.6s [Thu, Nov 27 9:56 AM]   (shot metro_civic_center skipped: headless)
 232.6s [Thu, Nov 27 9:56 AM]   click [Go_civic_center] Civic Center  ·  12 min
 232.9s [Thu, Nov 27 10:09 AM]   ok  took the Metro to Civic Center
 233.4s [Thu, Nov 27 10:20 AM]   ok  entered Aurelia City Hall
 233.5s [Thu, Nov 27 10:22 AM]   use "Permits & regulations"
 233.5s [Thu, Nov 27 10:23 AM]   (shot permits_import_licence skipped: headless)
 233.5s [Thu, Nov 27 10:24 AM]   ok  the '!' badge for import_licence pins its card
 233.5s [Thu, Nov 27 10:24 AM]   (shot badge_licence_pinned skipped: headless)
 233.5s [Thu, Nov 27 10:25 AM]   click [ApplyImportLicence] Apply ($450)
 233.6s [Thu, Nov 27 10:46 AM]   (shot permits_licence_processing skipped: headless)
 233.6s [Thu, Nov 27 10:46 AM]   ok  import licence applied for
 233.9s [Thu, Nov 27 10:52 AM]   ok  walked back outside
 234.1s [Thu, Nov 27 11:00 AM]   use "Metro — Civic Center Station"
 234.2s [Thu, Nov 27 11:01 AM]   (shot metro_riverside skipped: headless)
 234.2s [Thu, Nov 27 11:01 AM]   click [Go_riverside] Riverside  ·  12 min
 234.5s [Thu, Nov 27 11:15 AM]   ok  took the Metro to Riverside
 235.1s [Thu, Nov 27 11:29 AM]   ok  entered Riverside Tower
 235.2s [Thu, Nov 27 5:00 PM]   toast: Riverlight Goods Café stayed shut today: nobody was behind the counter. Hire a barista (People tab) or work the counter yourself.
 235.3s [Thu, Nov 27 7:03 PM]   use "Sleep"
 235.3s [Thu, Nov 27 7:03 PM]   click [Sleep] Sleep until 7:00 AM
 235.6s [Fri, Nov 28 5:00 PM]   toast: Riverlight Goods Café stayed shut today: nobody was behind the counter. Hire a barista (People tab) or work the counter yourself.
 235.6s [Fri, Nov 28 7:00 PM]   use "Sleep"
 235.7s [Fri, Nov 28 7:00 PM]   click [Sleep] Sleep until 7:00 AM
 236.1s [Sat, Nov 29 5:00 PM]   toast: Riverlight Goods Café stayed shut today: nobody was behind the counter. Hire a barista (People tab) or work the counter yourself.
 236.1s [Sat, Nov 29 7:00 PM]   (shot decision_low_cash_warning skipped: headless)
 236.1s [Sat, Nov 29 7:00 PM]   decision low_cash_warning → reduce
 236.1s [Sat, Nov 29 7:00 PM]   click [Choice_reduce] Cut spending (pause ads, cheaper living)
 236.1s [Sat, Nov 29 7:00 PM]   (shot decision_outcome_low_cash_warning skipped: headless)
 236.1s [Sat, Nov 29 7:00 PM]   click "OK"
 236.2s [Sat, Nov 29 7:00 PM]   (shot decision_supplier_price_increase skipped: headless)
 236.2s [Sat, Nov 29 7:00 PM]   decision supplier_price_increase → accept
 236.2s [Sat, Nov 29 7:00 PM]   click [Choice_accept] Okay. Keep supplying me.
 236.2s [Sat, Nov 29 7:00 PM]   (shot decision_outcome_supplier_price_increase skipped: headless)
 236.2s [Sat, Nov 29 7:00 PM]   click "OK"
 236.2s [Sat, Nov 29 7:00 PM]   use "Sleep"
 236.2s [Sat, Nov 29 7:00 PM]   click [Sleep] Sleep until 7:00 AM
 236.5s [Sun, Nov 30 7:01 AM]   ok  import licence granted
 236.5s [Sun, Nov 30 7:01 AM] STEP Chapter 12 — a large import goes through KYC
 236.6s [Sun, Nov 30 7:03 AM]   use "Use laptop — Company OS"
 236.7s [Sun, Nov 30 7:03 AM]   click [Tab_operations] Operations
 236.8s [Sun, Nov 30 7:04 AM]   click [DeliverTo_riverside_studio] Riverside Tower, Unit
 236.9s [Sun, Nov 30 7:05 AM]   click [Buy_lumina_direct_wireless_earbuds] Buy $2,692
 236.9s [Sun, Nov 30 7:06 AM]   (shot settlement_kyc skipped: headless)
 236.9s [Sun, Nov 30 7:06 AM]   click [Settle_letter_of_credit] Pay this way
 237.0s [Sun, Nov 30 7:08 AM]   ok  the large payment carries a KYC check
 237.3s [Sun, Nov 30 7:11 PM]   use "Sleep"
 237.3s [Sun, Nov 30 7:11 PM]   click [Sleep] Sleep until 7:00 AM
 237.8s [Mon, Dec 1 7:00 AM]   (shot month_close_report skipped: headless)
 237.8s [Mon, Dec 1 7:00 AM]   click [month close] Continue
 237.9s [Mon, Dec 1 5:00 PM]   toast: Riverlight Goods Café stayed shut today: nobody was behind the counter. Hire a barista (People tab) or work the counter yourself.
 237.9s [Mon, Dec 1 7:01 PM]   use "Sleep"
 237.9s [Mon, Dec 1 7:01 PM]   click [Sleep] Sleep until 7:00 AM
 238.3s [Tue, Dec 2 5:00 PM]   toast: Riverlight Goods Café stayed shut today: nobody was behind the counter. Hire a barista (People tab) or work the counter yourself.
 238.3s [Tue, Dec 2 7:00 PM]   (shot decision_low_cash_warning skipped: headless)
 238.3s [Tue, Dec 2 7:00 PM]   decision low_cash_warning → reduce
 238.3s [Tue, Dec 2 7:00 PM]   click [Choice_reduce] Cut spending (pause ads, cheaper living)
 238.4s [Tue, Dec 2 7:00 PM]   (shot decision_outcome_low_cash_warning skipped: headless)
 238.4s [Tue, Dec 2 7:00 PM]   click "OK"
 238.4s [Tue, Dec 2 7:00 PM]   use "Sleep"
 238.4s [Tue, Dec 2 7:00 PM]   click [Sleep] Sleep until 7:00 AM
 238.8s [Wed, Dec 3 5:00 PM]   toast: Riverlight Goods Café stayed shut today: nobody was behind the counter. Hire a barista (People tab) or work the counter yourself.
 238.8s [Wed, Dec 3 7:00 PM]   use "Sleep"
 238.9s [Wed, Dec 3 7:00 PM]   click [Sleep] Sleep until 7:00 AM
 239.2s [Thu, Dec 4 7:01 AM]   ok  KYC cleared
 239.2s [Thu, Dec 4 7:02 AM]   use "Use laptop — Company OS"
 239.4s [Thu, Dec 4 7:03 AM]   click [Tab_finance] Finance
 239.6s [Thu, Dec 4 7:04 AM]   (shot finance_compliance_cost skipped: headless)
 239.6s [Thu, Dec 4 7:05 AM] STEP Chapter 12 — Victor Hale's offer
 239.6s [Thu, Dec 4 7:05 AM]   (harness) wait 2 h
 239.6s [Thu, Dec 4 9:06 AM]   (harness) wait 2 h
 240.0s [Thu, Dec 4 11:12 AM]   ok  walked back outside
 240.8s [Thu, Dec 4 11:33 AM]   use "Metro — Riverside Station"
 241.0s [Thu, Dec 4 11:34 AM]   (shot metro_shopping_street skipped: headless)
 241.0s [Thu, Dec 4 11:34 AM]   click [Go_shopping_street] Shopping Street  ·  15 min
 241.3s [Thu, Dec 4 11:51 AM]   ok  took the Metro to Shopping Street
 242.0s [Thu, Dec 4 12:04 PM]   ok  entered Crestline Flagship
 242.1s [Thu, Dec 4 12:05 PM]   use "Talk to Victor Hale"
 242.1s [Thu, Dec 4 12:05 PM]   (shot victor_offer skipped: headless)
 242.6s [Thu, Dec 4 12:07 PM]   ok  the '!' badge for valuation pins its card
 242.6s [Thu, Dec 4 12:07 PM]   (shot badge_valuation_pinned skipped: headless)
 242.6s [Thu, Dec 4 12:07 PM]   (shot decision_acquisition_offer skipped: headless)
 242.6s [Thu, Dec 4 12:07 PM]   decision acquisition_offer → counter
 242.6s [Thu, Dec 4 12:07 PM]   click [Choice_counter] Counter: ask for $99,961
 242.6s [Thu, Dec 4 12:07 PM]   (shot decision_outcome_acquisition_offer skipped: headless)
 242.6s [Thu, Dec 4 12:07 PM]   click "OK"
 242.6s [Thu, Dec 4 12:07 PM]   ok  countered Hale Group's offer
 242.9s [Thu, Dec 4 12:09 PM]   (shot ending_card skipped: headless)
 243.0s [Thu, Dec 4 12:14 PM]   ok  Chapter 12 complete
 243.0s [Thu, Dec 4 12:14 PM]   ok  the main story is complete
 243.0s [Thu, Dec 4 12:14 PM]   ok  free play: the growth goal
 243.0s [Thu, Dec 4 12:14 PM]   ok  ledger balanced after chapters 10–12
 243.3s [Thu, Dec 4 12:17 PM]   ok  walked back outside
 243.7s [Thu, Dec 4 12:28 PM]   use "Metro — Shopping Street Station"
 243.7s [Thu, Dec 4 12:30 PM]   (shot metro_riverside skipped: headless)
 243.7s [Thu, Dec 4 12:30 PM]   click [Go_riverside] Riverside  ·  15 min
 244.0s [Thu, Dec 4 12:46 PM]   ok  took the Metro to Riverside
 244.7s [Thu, Dec 4 1:00 PM]   ok  entered Riverside Tower
 244.7s [Thu, Dec 4 1:00 PM] STEP Save → reload → same state
 245.6s [Thu, Dec 4 1:01 PM]   ok  cash restored after load
 245.6s [Thu, Dec 4 1:01 PM]   ok  time restored after load
 245.6s [Thu, Dec 4 1:01 PM]   ok  location restored (riverside_apartment)
 245.6s [Thu, Dec 4 1:01 PM]   (shot after_load skipped: headless)
 245.6s [Thu, Dec 4 1:01 PM] STEP Summary
 245.6s [Thu, Dec 4 1:01 PM]   business entity co_riverlight_goods cash $46,920.38 · personal $48,683.58 · orders delivered 2662 · chapters done ["ch1_arrival", "ch2_first_customer", "ch3_open_for_business", "ch4_growing_pains", "ch5_big_contract", "ch6_cash_is_oxygen", "ch7_supply_shock", "ch8_green_shift", "ch9_clearing_crisis", "ch10_digital_rails", "ch11_other_side_of_trust", "ch12_regulation_scale"]
 245.6s [Thu, Dec 4 1:01 PM]   ok  ledger balanced at the end
 245.6s [Thu, Dec 4 1:01 PM]   ok  story objective completed: ch1_phone
 245.6s [Thu, Dec 4 1:01 PM]   ok  story objective completed: ch1_outside
 245.6s [Thu, Dec 4 1:01 PM]   ok  story objective completed: ch1_coffee
 245.6s [Thu, Dec 4 1:01 PM]   ok  story objective completed: ch1_cowork
 245.6s [Thu, Dec 4 1:01 PM]   ok  story objective completed: ch1_board
 245.6s [Thu, Dec 4 1:01 PM]   ok  story objective completed: ch2_supplier
 245.6s [Thu, Dec 4 1:01 PM]   ok  story objective completed: ch2_stock
 245.6s [Thu, Dec 4 1:01 PM]   ok  story objective completed: ch2_listing
 245.6s [Thu, Dec 4 1:01 PM]   ok  story objective completed: ch2_order
 245.6s [Thu, Dec 4 1:01 PM]   ok  story objective completed: ch2_ship
 245.6s [Thu, Dec 4 1:01 PM]   ok  story objective completed: ch2_first_dollar
 245.6s [Thu, Dec 4 1:01 PM]   ok  story objective completed: ch2_issue
 245.6s [Thu, Dec 4 1:01 PM]   ok  story objective completed: ch3_register
 245.6s [Thu, Dec 4 1:01 PM]   ok  story objective completed: ch3_bank
 245.6s [Thu, Dec 4 1:01 PM]   ok  story objective completed: ch3_workspace
 245.6s [Thu, Dec 4 1:01 PM]   ok  story objective completed: ch3_os
 245.6s [Thu, Dec 4 1:01 PM]   ok  story objective completed: ch4_employer
 245.6s [Thu, Dec 4 1:01 PM]   ok  story objective completed: ch4_post
 245.6s [Thu, Dec 4 1:01 PM]   ok  story objective completed: ch4_hire
 245.6s [Thu, Dec 4 1:01 PM]   ok  story objective completed: ch4_payroll
 245.6s [Thu, Dec 4 1:01 PM]   ok  story objective completed: ch4_forecast
 245.6s [Thu, Dec 4 1:01 PM]   ok  story objective completed: ch5_meet
 245.6s [Thu, Dec 4 1:01 PM]   ok  story objective completed: ch5_decide
 245.6s [Thu, Dec 4 1:01 PM]   ok  story objective completed: ch5_stock
 245.6s [Thu, Dec 4 1:01 PM]   ok  story objective completed: ch5_deliver
 245.6s [Thu, Dec 4 1:01 PM]   ok  story objective completed: ch6_forecast
 245.6s [Thu, Dec 4 1:01 PM]   ok  story objective completed: ch6_bridge
 245.6s [Thu, Dec 4 1:01 PM]   ok  story objective completed: ch6_collect
 245.6s [Thu, Dec 4 1:01 PM]   ok  story objective completed: ch6_close
 245.6s [Thu, Dec 4 1:01 PM]   ok  story objective completed: ch7_news
 245.6s [Thu, Dec 4 1:01 PM]   ok  story objective completed: ch7_ken
 245.6s [Thu, Dec 4 1:01 PM]   ok  story objective completed: ch7_stock
 245.6s [Thu, Dec 4 1:01 PM]   ok  story objective completed: ch7_price
 245.6s [Thu, Dec 4 1:01 PM]   ok  story objective completed: ch7_close
 245.6s [Thu, Dec 4 1:01 PM]   ok  story objective completed: ch8_news
 245.6s [Thu, Dec 4 1:01 PM]   ok  story objective completed: ch8_pack
 245.6s [Thu, Dec 4 1:01 PM]   ok  story objective completed: ch8_product
 245.6s [Thu, Dec 4 1:01 PM]   ok  story objective completed: ch8_grant
 245.6s [Thu, Dec 4 1:01 PM]   ok  story objective completed: ch9_news
 245.6s [Thu, Dec 4 1:01 PM]   ok  story objective completed: ch9_import
 245.6s [Thu, Dec 4 1:01 PM]   ok  story objective completed: ch9_lina
 245.6s [Thu, Dec 4 1:01 PM]   ok  story objective completed: ch9_settle
 245.6s [Thu, Dec 4 1:01 PM]   ok  story objective completed: ch9_arrive
 245.6s [Thu, Dec 4 1:01 PM]   ok  story objective completed: ch10_news
 245.6s [Thu, Dec 4 1:01 PM]   ok  story objective completed: ch10_lina
 245.6s [Thu, Dec 4 1:01 PM]   ok  story objective completed: ch10_import
 245.6s [Thu, Dec 4 1:01 PM]   ok  story objective completed: ch10_arrive
 245.6s [Thu, Dec 4 1:01 PM]   ok  story objective completed: ch11_news
 245.6s [Thu, Dec 4 1:01 PM]   ok  story objective completed: ch11_order
 245.6s [Thu, Dec 4 1:01 PM]   ok  story objective completed: ch11_freeze
 245.6s [Thu, Dec 4 1:01 PM]   ok  story objective completed: ch11_restock
 245.6s [Thu, Dec 4 1:01 PM]   ok  story objective completed: ch12_news
 245.6s [Thu, Dec 4 1:01 PM]   ok  story objective completed: ch12_licence
 245.6s [Thu, Dec 4 1:01 PM]   ok  story objective completed: ch12_kyc
 245.6s [Thu, Dec 4 1:01 PM]   ok  story objective completed: ch12_offer
 245.6s [Thu, Dec 4 1:01 PM] BOT FINISHED — 0 failure(s) · 245.6s real
