Godot Engine v4.5.1.stable.official.f62fdbde1 - https://godotengine.org

   0.0s STEP Main menu → New Game
   0.0s   (shot main_menu skipped: headless)
   0.0s   click [NewGame] New Game
   0.1s STEP Character Creator
   0.1s   (shot creator_default skipped: headless)
   0.1s   click [Tab_hair] Hair
   0.1s   click [Next_hair] ▶
   0.1s   click [Tab_face] Face
   0.1s   click [Next_face] ▶
   0.1s   click [Next_eye_shape] ▶
   0.1s   click [Tab_body] Body
   0.2s   click [Next_presentation] ▶
   0.2s   (shot creator_customised skipped: headless)
   0.2s   click [Tab_outfit] Outfit
   0.2s   click "Startup Casual"
   0.2s   ok  appearance changed from default (short_neat)
   0.2s   (shot creator_final skipped: headless)
   0.2s   click [Start] Start in Aurelia  →
   0.2s [6月1日（週日） 下午 2:00] STEP Arrival sequence
   0.2s [6月1日（週日） 下午 2:00]   (shot arrival_train skipped: headless)
   0.2s [6月1日（週日） 下午 2:00]   (shot arrival_phone skipped: headless)
   0.3s [6月1日（週日） 下午 2:01]   ok  spawned in the Riverside apartment
   0.3s [6月1日（週日） 下午 2:01]   ok  starting cash $30,000
   0.3s [6月1日（週日） 下午 2:01]   ok  name saved
   0.4s [6月1日（週日） 下午 2:03]   (shot apartment_arrival skipped: headless)
   0.4s [6月1日（週日） 下午 2:03] STEP Chapter 1 — phone & Maya
   0.5s [6月1日（週日） 下午 2:08]   (shot phone_home skipped: headless)
   0.5s [6月1日（週日） 下午 2:08]   click [App_messages] 訊息 2
   0.5s [6月1日（週日） 下午 2:09]   click [Thread_maya] Maya  ● 打給我。或傳訊息。隨便。
   0.6s [6月1日（週日） 下午 2:09]   choose "› 嗯。"
   0.6s [6月1日（週日） 下午 2:09]   choose "› 我要開公司。"
   0.7s [6月1日（週日） 下午 2:09]   ok  Maya conversation done
   0.7s [6月1日（週日） 下午 2:09] STEP Head outside
   1.1s [6月1日（週日） 下午 2:15]   ok  walked back outside
   1.1s [6月1日（週日） 下午 2:15]   ok  visited Riverside
   1.1s [6月1日（週日） 下午 2:15]   (shot riverside_outside_home skipped: headless)
   1.1s [6月1日（週日） 下午 2:15] STEP Bloom Coffee
   1.3s [6月1日（週日） 下午 2:20]   ok  entered Bloom Coffee
   1.3s [6月1日（週日） 下午 2:20]   (shot bloom_coffee_inside skipped: headless)
   1.3s [6月1日（週日） 下午 2:22]   use "Order coffee ($4.50)"
   1.4s [6月1日（週日） 下午 2:22]   choose "› 麻煩了。"
   1.6s [6月1日（週日） 下午 2:33]   ok  bought a coffee from Jun
   1.7s [6月1日（週日） 下午 2:38]   ok  walked back outside
   1.7s [6月1日（週日） 下午 2:38] STEP Walk east to Startup Hub
   1.8s [6月1日（週日） 下午 2:40]   (shot riverside_street skipped: headless)
   2.5s [6月1日（週日） 下午 3:11]   ok  walked to Startup Hub
   2.5s [6月1日（週日） 下午 3:11]   (shot startup_hub_arrive skipped: headless)
   2.5s [6月1日（週日） 下午 3:11] STEP Nexus Co-work
   2.7s [6月1日（週日） 下午 3:17]   ok  entered Nexus Co-work
   2.7s [6月1日（週日） 下午 3:17]   (shot cowork_inside skipped: headless)
   2.8s [6月1日（週日） 下午 3:19]   use "Reception — desks & day passes"
   2.8s [6月1日（週日） 下午 3:19]   choose "› 對。先看看。"
   2.9s [6月1日（週日） 下午 3:20]   click [DayPass] Buy a day pass ($15)
   3.0s [6月1日（週日） 下午 3:21] STEP Business Board
   3.3s [6月1日（週日） 下午 3:32]   use "Business Board"
   3.3s [6月1日（週日） 下午 3:34]   (shot business_board skipped: headless)
   3.3s [6月1日（週日） 下午 3:34]   click [Biz_saas] ● SaaS／軟體
   3.3s [6月1日（週日） 下午 3:34]   (shot business_board_planned_saas skipped: headless)
   3.3s [6月1日（週日） 下午 3:34]   click [Biz_ecommerce] ● 電商
   3.3s [6月1日（週日） 下午 3:34]   click [StartEcommerce] Start an ecommerce side business
   3.4s [6月1日（週日） 下午 3:36]   ok  picked ecommerce as first business
   3.5s [6月1日（週日） 下午 3:40]   ok  Chapter 1 complete
   3.5s [6月1日（週日） 下午 3:40] STEP Chapter 2 — buy stock at a hot desk (Company OS)
   3.8s [6月1日（週日） 下午 3:53]   use "Work at a hot desk — Company OS"
   3.8s [6月1日（週日） 下午 3:54]   (shot company_os_overview_personal skipped: headless)
   3.8s [6月1日（週日） 下午 3:54]   click [Tab_operations] Operations
   3.9s [6月1日（週日） 下午 3:55]   (shot company_os_suppliers skipped: headless)
   3.9s [6月1日（週日） 下午 3:55]   click [Buy_tradelink_wholesale_wireless_earbuds] 購買 $900
   4.0s [6月1日（週日） 下午 4:06]   click [Buy_tradelink_wholesale_water_bottle] 購買 $408
   4.0s [6月1日（週日） 下午 4:17]   click [Buy_tradelink_wholesale_desk_lamp] 購買 $460
   4.1s [6月1日（週日） 下午 4:27]   click [Buy_tradelink_wholesale_phone_stand] 購買 $272
   4.1s [6月1日（週日） 下午 4:38]   ok  placed purchase orders (MOQ, prepaid): 4 POs, cash $27,940.50
   4.1s [6月1日（週日） 下午 4:38]   (shot company_os_purchase_orders skipped: headless)
   4.2s [6月1日（週日） 下午 4:39] STEP Home to wait for stock
   4.3s [6月1日（週日） 下午 4:44]   ok  walked back outside
   4.6s [6月1日（週日） 下午 5:02]   ok  walked to Riverside
   5.3s [6月1日（週日） 下午 5:26]   ok  entered Riverside Tower
   5.3s [6月1日（週日） 下午 5:26]   (harness) wait 2 h
   5.4s [6月1日（週日） 下午 7:30]   use "Sleep"
   5.4s [6月1日（週日） 下午 7:30]   click [Sleep] Sleep until 7:00 AM
   5.5s [6月2日（週一） 上午 7:01]   (harness) wait 2 h
   5.5s [6月2日（週一） 上午 9:02]   (harness) wait 2 h
   5.5s [6月2日（週一） 上午 11:03]   (harness) wait 2 h
   5.5s [6月2日（週一） 下午 1:04]   (harness) wait 2 h
   5.6s [6月2日（週一） 下午 3:05]   (harness) wait 2 h
   5.6s [6月2日（週一） 下午 5:06]   (harness) wait 2 h
   5.6s [6月2日（週一） 下午 7:07]   use "Sleep"
   5.6s [6月2日（週一） 下午 7:07]   click [Sleep] Sleep until 7:00 AM
   5.7s [6月3日（週二） 上午 7:01]   (harness) wait 2 h
   5.7s [6月3日（週二） 上午 9:02]   (harness) wait 2 h
   5.7s [6月3日（週二） 上午 11:03]   (harness) wait 2 h
   5.8s [6月3日（週二） 下午 1:04]   (harness) wait 2 h
   5.8s [6月3日（週二） 下午 3:05]   ok  stock delivered to the apartment
   5.8s [6月3日（週二） 下午 3:06]   (shot apartment_with_stock skipped: headless)
   5.8s [6月3日（週二） 下午 3:06] STEP List products on ShopLane
   5.8s [6月3日（週二） 下午 3:07]   use "Use laptop — Company OS"
   5.9s [6月3日（週二） 下午 3:08]   click [Tab_sales] Sales
   5.9s [6月3日（週二） 下午 3:09]   (shot company_os_sales_ready skipped: headless)
   5.9s [6月3日（週二） 下午 3:09]   click [ListSelf_wireless_earbuds] Shoot photos myself & list (1 h 20 min)
   6.0s [6月3日（週二） 下午 4:30]   click [ListSelf_water_bottle] Shoot photos myself & list (1 h 20 min)
   6.1s [6月3日（週二） 下午 5:51]   click [ListSelf_desk_lamp] Shoot photos myself & list (1 h 20 min)
   6.1s [6月3日（週二） 下午 7:12]   click [ListSelf_phone_stand] Shoot photos myself & list (1 h 20 min)
   6.2s [6月3日（週二） 下午 8:33]   click [AdPlus_wireless_earbuds] +
   6.3s [6月3日（週二） 下午 8:33]   (shot company_os_listings_live skipped: headless)
   6.3s [6月3日（週二） 下午 8:33]   ok  listings live
   6.3s [6月3日（週二） 下午 8:34] STEP First order → pack → ship
   6.5s [6月3日（週二） 下午 8:46]   use "Packing table"
   6.6s [6月3日（週二） 下午 8:47]   (shot packing_table skipped: headless)
   6.6s [6月3日（週二） 下午 8:47]   click [Pack] 打包 15 筆訂單（2 h）
   6.6s [6月3日（週二） 下午 10:49]   click [CourierEconomy] 快遞 · 經濟 3 天（$54.00）
   6.7s [6月3日（週二） 下午 10:50]   ok  first order came in
   6.7s [6月3日（週二） 下午 10:50]   ok  handed to the courier (pickup booked)
   6.7s [6月3日（週二） 下午 10:50] STEP Delivery → first dollar
   7.0s [6月3日（週二） 下午 11:04]   use "Sleep"
   7.0s [6月3日（週二） 下午 11:04]   click [Sleep] Sleep until 7:00 AM
   7.3s [6月4日（週三） 上午 7:14]   use "Packing table"
   7.3s [6月4日（週三） 上午 7:15]   click [Pack] 打包 13 筆訂單（1 小時 44 分）
   7.4s [6月4日（週三） 上午 9:00]   click [CourierEconomy] 快遞 · 經濟 3 天（$53.60）
   7.4s [6月4日（週三） 上午 9:02]   ok  first order delivered (Earn Your First Dollar)
   7.4s [6月4日（週三） 上午 9:02]   revenue booked $367.85 · ShopLane balance $331.05 · cash $27,716.80
   7.4s [6月4日（週三） 上午 9:02]   (shot first_dollar skipped: headless)
   7.4s [6月4日（週三） 上午 9:02] STEP First customer issue
   7.4s [6月4日（週三） 上午 9:02]   (harness) wait 2 h
   7.7s [6月4日（週三） 上午 11:12]   use "Packing table"
   7.7s [6月4日（週三） 上午 11:13]   click [Pack] 打包 9 筆訂單（1 小時 12 分）
   7.7s [6月4日（週三） 下午 12:27]   click [CourierEconomy] 快遞 · 經濟 3 天（$36.80）
   7.8s [6月4日（週三） 下午 12:28]   (harness) wait 2 h
   7.8s [6月4日（週三） 下午 2:30]   use "Packing table"
   7.8s [6月4日（週三） 下午 2:31]   click [Pack] 打包 14 筆訂單（1 小時 52 分）
   7.9s [6月4日（週三） 下午 4:24]   click [CourierEconomy] 快遞 · 經濟 3 天（$58.80）
   7.9s [6月4日（週三） 下午 4:26]   (harness) wait 2 h
   8.0s [6月4日（週三） 下午 6:27]   use "Packing table"
   8.0s [6月4日（週三） 下午 6:28]   click [Pack] 打包 14 筆訂單（1 小時 52 分）
   8.0s [6月4日（週三） 下午 8:29]   click [CourierEconomy] 快遞 · 經濟 3 天（$54.00）
   8.2s [6月4日（週三） 下午 8:35]   use "Sleep"
   8.2s [6月4日（週三） 下午 8:35]   click [Sleep] Sleep until 7:00 AM
   8.3s [6月5日（週四） 上午 7:00]   (shot decision_customer_return_first skipped: headless)
   8.3s [6月5日（週四） 上午 7:00]   decision customer_return_first → replace
   8.3s [6月5日（週四） 上午 7:00]   click [Choice_replace] 寄一個新的（快捷）
   8.3s [6月5日（週四） 上午 7:00]   (shot decision_outcome_customer_return_first skipped: headless)
   8.3s [6月5日（週四） 上午 7:00]   click "OK"
   8.6s [6月5日（週四） 上午 7:14]   use "Packing table"
   8.6s [6月5日（週四） 上午 7:15]   click [Pack] 打包 27 筆訂單（3 小時 36 分）
   8.7s [6月5日（週四） 上午 10:52]   click [CourierEconomy] 快遞 · 經濟 3 天（$98.40）
   8.7s [6月5日（週四） 上午 10:54]   ok  resolved the first customer issue
   8.8s [6月5日（週四） 上午 10:57]   ok  Chapter 2 complete
   8.8s [6月5日（週四） 上午 10:57] STEP Purchase cancellation
   8.9s [6月5日（週四） 上午 10:59]   use "Use laptop — Company OS"
   8.9s [6月5日（週四） 上午 11:00]   click [Tab_operations] Operations
   9.0s [6月5日（週四） 上午 11:01]   click [Buy_tradelink_wholesale_wireless_earbuds] 購買 $900
   9.1s [6月5日（週四） 上午 11:12]   click [CancelPO_PO-105] Cancel purchase
   9.1s [6月5日（週四） 上午 11:12]   (shot purchase_cancel_confirmation skipped: headless)
   9.1s [6月5日（週四） 上午 11:12]   click [ConfirmReturn] Confirm cancellation
   9.2s [6月5日（週四） 上午 11:12]   ok  extra PO cancelled through UI
   9.2s [6月5日（週四） 上午 11:12]   ok  cancellation cash equals quoted refund
   9.2s [6月5日（週四） 上午 11:12]   ok  ledger balanced after purchase cancellation
   9.2s [6月5日（週四） 上午 11:13]   (shot purchase_cancelled_operations skipped: headless)
   9.2s [6月5日（週四） 上午 11:14] STEP Chapter 3 — wait for a weekday morning
   9.3s [6月5日（週四） 上午 11:19]   ok  walked back outside
   9.3s [6月5日（週四） 上午 11:19] STEP Metro to Civic Center → City Hall
   9.7s [6月5日（週四） 上午 11:31]   use "捷運——河濱區站"
   9.8s [6月5日（週四） 上午 11:32]   (shot metro_civic_center skipped: headless)
   9.8s [6月5日（週四） 上午 11:32]   click [Go_civic_center] 市政中心  ·  12 分鐘
   9.9s [6月5日（週四） 上午 11:46]   ok  took the Metro to Civic Center
   9.9s [6月5日（週四） 上午 11:46]   (shot civic_center skipped: headless)
  10.3s [6月5日（週四） 上午 11:56]   ok  entered Aurelia City Hall
  10.3s [6月5日（週四） 上午 11:56]   (shot city_hall_inside skipped: headless)
  10.3s [6月5日（週四） 上午 11:58]   use "Registration counter"
  10.4s [6月5日（週四） 上午 11:58]   choose "› 我要登記公司。"
  10.4s [6月5日（週四） 上午 11:59]   (shot registration_form skipped: headless)
  10.4s [6月5日（週四） 上午 11:59]   click [Submit] Register & pay
  10.5s [6月5日（週四） 下午 12:45]   (shot registration_done skipped: headless)
  10.5s [6月5日（週四） 下午 12:45]   click "Thanks"
  10.5s [6月5日（週四） 下午 12:45]   ok  registered Riverlight Goods
  10.5s [6月5日（週四） 下午 12:45]   (shot decision_low_cash_warning skipped: headless)
  10.5s [6月5日（週四） 下午 12:45]   decision low_cash_warning → reduce
  10.5s [6月5日（週四） 下午 12:45]   click [Choice_reduce] 縮減開支（暫停廣告、生活從簡）
  10.5s [6月5日（週四） 下午 12:45]   (shot decision_outcome_low_cash_warning skipped: headless)
  10.5s [6月5日（週四） 下午 12:45]   click "OK"
  10.7s [6月5日（週四） 下午 12:50]   ok  walked back outside
  10.7s [6月5日（週四） 下午 12:50] STEP Walk to the Financial District → Nexus Bank
  11.2s [6月5日（週四） 下午 1:10]   ok  walked to Financial District
  11.4s [6月5日（週四） 下午 1:16]   ok  entered Nexus Bank
  11.4s [6月5日（週四） 下午 1:16]   (shot bank_inside skipped: headless)
  11.4s [6月5日（週四） 下午 1:18]   use "Teller — business banking"
  11.5s [6月5日（週四） 下午 1:19]   click "$15,000"
  11.6s [6月5日（週四） 下午 1:19]   click [OpenAccount] 存入 $15,000 開戶
  11.7s [6月5日（週四） 下午 1:51]   (shot bank_account_opened skipped: headless)
  11.7s [6月5日（週四） 下午 1:51]   ok  business account opened with founder capital
  11.9s [6月5日（週四） 下午 1:56]   ok  walked back outside
  11.9s [6月5日（週四） 下午 1:56] STEP Metro to Startup Hub → lease Suite 2B
  12.2s [6月5日（週四） 下午 2:05]   use "捷運——金融區站"
  12.2s [6月5日（週四） 下午 2:07]   (shot metro_startup_hub skipped: headless)
  12.2s [6月5日（週四） 下午 2:07]   click [Go_startup_hub] 新創園區  ·  8 分鐘
  12.3s [6月5日（週四） 下午 2:16]   ok  took the Metro to Startup Hub
  12.6s [6月5日（週四） 下午 2:24]   ok  entered 22 Founders Lane
  12.6s [6月5日（週四） 下午 2:24]   (shot suite_2b_tour skipped: headless)
  12.6s [6月5日（週四） 下午 2:25]   use "和 Tom 說話"
  12.7s [6月5日（週四） 下午 2:25]   click [SignLease] Sign the lease
  12.8s [6月5日（週四） 下午 2:27]   ok  leased Suite 2B
  12.8s [6月5日（週四） 下午 2:28]   (shot suite_2b_company_sign skipped: headless)
  12.8s [6月5日（週四） 下午 2:28] STEP Sit at the desk → Company OS as the company
  12.8s [6月5日（週四） 下午 2:29]   use "Sit at your desk — Company OS"
  12.9s [6月5日（週四） 下午 2:30]   (shot company_os_as_company skipped: headless)
  12.9s [6月5日（週四） 下午 2:30]   click [Tab_finance] Finance
  12.9s [6月5日（週四） 下午 2:31]   (shot company_os_finance skipped: headless)
  12.9s [6月5日（週四） 下午 2:31]   click [Tab_inventory] Inventory
  13.0s [6月5日（週四） 下午 2:32]   (shot company_os_inventory skipped: headless)
  13.1s [6月5日（週四） 下午 2:37]   ok  Chapter 3 complete
  13.2s [6月5日（週四） 下午 2:42]   ok  walked back outside
  13.2s [6月5日（週四） 下午 2:42]   (shot startup_hub_office_sign skipped: headless)
  13.2s [6月5日（週四） 下午 2:42] STEP Careers — part-time job at Nexus Co-work
  13.6s [6月5日（週四） 下午 2:52]   ok  entered Nexus Co-work
  13.7s [6月5日（週四） 下午 2:55]   use "Business Board"
  13.8s [6月5日（週四） 下午 2:56]   click [Page_jobs] Part-time jobs
  13.8s [6月5日（週四） 下午 2:57]   (shot business_board_jobs skipped: headless)
  13.8s [6月5日（週四） 下午 2:57]   click [Job_cowork_host] 詳情／應徵
  13.8s [6月5日（週四） 下午 2:58]   click [ApplyJob] Take the job
  13.9s [6月5日（週四） 下午 2:59]   (shot job_hired skipped: headless)
  13.9s [6月5日（週四） 下午 3:00]   ok  hired as a community host
  14.2s [6月5日（週四） 下午 3:10]   use "Staff door — work a shift"
  14.3s [6月5日（週四） 下午 3:11]   (shot job_shift skipped: headless)
  14.3s [6月5日（週四） 下午 3:11]   click [WorkShift] 開始 4 小時的班（最多 +$72.00）
  14.4s [6月5日（週四） 下午 7:13]   ok  a 4-hour shift paid by how it went ($67.68)
  14.4s [6月5日（週四） 下午 7:13] STEP Careers — freelance gig at a hot desk
  14.4s [6月5日（週四） 下午 7:13]   info card: Your first business loop
  14.4s [6月5日（週四） 下午 7:13]   (shot info_your_first_business_loop skipped: headless)
  14.4s [6月5日（週四） 下午 7:13]   click "Let's go"
  14.7s [6月5日（週四） 下午 7:26]   use "Work at a hot desk — Company OS"
  14.8s [6月5日（週四） 下午 7:27]   click [Tab_freelance] Freelance
  14.8s [6月5日（週四） 下午 7:28]   click [StartFreelance] Start freelancing
  14.8s [6月5日（週四） 下午 7:29]   click [Accept_G1] Accept
  14.9s [6月5日（週四） 下午 7:29]   click [Work_G1] 工作 2 小時
  14.9s [6月5日（週四） 下午 9:30]   (shot freelance_gig skipped: headless)
  14.9s [6月5日（週四） 下午 9:30]   ok  put hours into a freelance gig
  14.9s [6月5日（週四） 下午 9:30] STEP Careers — start a SaaS product
  14.9s [6月5日（週四） 下午 9:30]   click [Tab_saas] SaaS
  14.9s [6月5日（週四） 下午 9:31]   (shot saas_ideas skipped: headless)
  14.9s [6月5日（週四） 下午 9:31]   click [Saas_freelancer_invoicing] Build this
  15.0s [6月5日（週四） 下午 9:32]   click [SaasCode] 寫程式 2 小時
  15.0s [6月5日（週四） 下午 11:33]   (shot saas_building skipped: headless)
  15.0s [6月5日（週四） 下午 11:33]   ok  started building a SaaS product (2 dev h)
  15.2s [6月5日（週四） 下午 11:39]   ok  walked back outside
  15.2s [6月5日（週四） 下午 11:39] STEP Run the company to month-end
  15.4s [6月5日（週四） 下午 11:57]   ok  walked to Riverside
  16.2s [6月6日（週五） 上午 12:21]   ok  entered Riverside Tower
  16.3s [6月6日（週五） 上午 12:23]   use "Use laptop — Company OS"
  16.3s [6月6日（週五） 上午 12:24]   click [Tab_operations] Operations
  16.4s [6月6日（週五） 上午 12:25]   click [DeliverTo_riverside_studio] 河濱大樓 7C
  16.4s [6月6日（週五） 上午 12:25]   click [Buy_tradelink_wholesale_water_bottle] 購買 $408
  16.5s [6月6日（週五） 上午 12:35]   click [Buy_tradelink_wholesale_wireless_earbuds] 購買 $900
  16.8s [6月6日（週五） 上午 12:57]   use "Sleep"
  16.8s [6月6日（週五） 上午 12:57]   click [Sleep] Sleep until 7:00 AM
  17.1s [6月6日（週五） 上午 7:14]   use "Packing table"
  17.2s [6月6日（週五） 上午 7:15]   click [Pack] 打包 58 筆訂單（7 小時 44 分）
  17.2s [6月6日（週五） 下午 3:00]   click [CourierEconomy] 快遞 · 經濟 3 天（$215.60）
  17.3s [6月6日（週五） 下午 3:04]   use "Use laptop — Company OS"
  17.4s [6月6日（週五） 下午 3:05]   click [Tab_operations] Operations
  17.4s [6月6日（週五） 下午 3:05]   click [DeliverTo_riverside_studio] 河濱大樓 7C
  17.5s [6月6日（週五） 下午 3:05]   click [Buy_tradelink_wholesale_water_bottle] 購買 $408
  17.5s [6月6日（週五） 下午 3:16]   click [Buy_tradelink_wholesale_wireless_earbuds] 購買 $900
  17.9s [6月6日（週五） 下午 7:11]   use "Sleep"
  17.9s [6月6日（週五） 下午 7:11]   click [Sleep] Sleep until 7:00 AM
  18.2s [6月7日（週六） 上午 7:14]   use "Packing table"
  18.3s [6月7日（週六） 上午 7:15]   click [Pack] 打包 43 筆訂單（5 小時 44 分）
  18.3s [6月7日（週六） 下午 1:00]   click [CourierEconomy] 快遞 · 經濟 3 天（$159.60）
  18.4s [6月7日（週六） 下午 1:01]   (shot decision_viral_mention skipped: headless)
  18.4s [6月7日（週六） 下午 1:01]   decision viral_mention → ride
  18.4s [6月7日（週六） 下午 1:01]   click [Choice_ride] 順其自然
  18.4s [6月7日（週六） 下午 1:01]   (shot decision_outcome_viral_mention skipped: headless)
  18.4s [6月7日（週六） 下午 1:01]   click "OK"
  18.5s [6月7日（週六） 下午 1:04]   use "Use laptop — Company OS"
  18.5s [6月7日（週六） 下午 1:05]   click [Tab_operations] Operations
  18.6s [6月7日（週六） 下午 1:05]   click [DeliverTo_riverside_studio] 河濱大樓 7C
  18.6s [6月7日（週六） 下午 1:05]   click [Buy_tradelink_wholesale_water_bottle] 購買 $408
  18.7s [6月7日（週六） 下午 1:15]   click [Buy_tradelink_wholesale_wireless_earbuds] 購買 $900
  19.0s [6月7日（週六） 下午 7:12]   use "Sleep"
  19.1s [6月7日（週六） 下午 7:12]   click [Sleep] Sleep until 7:00 AM
  19.4s [6月8日（週日） 上午 7:14]   use "Packing table"
  19.4s [6月8日（週日） 上午 7:15]   click [Pack] 打包 31 筆訂單（4 小時 8 分）
  19.5s [6月8日（週日） 上午 11:24]   click [CourierEconomy] 快遞 · 經濟 3 天（$119.20）
  19.6s [6月8日（週日） 上午 11:28]   use "Use laptop — Company OS"
  19.6s [6月8日（週日） 上午 11:29]   click [Tab_operations] Operations
  19.7s [6月8日（週日） 上午 11:29]   click [DeliverTo_riverside_studio] 河濱大樓 7C
  19.8s [6月8日（週日） 上午 11:29]   click [Buy_tradelink_wholesale_water_bottle] 購買 $408
  20.1s [6月8日（週日） 下午 7:12]   use "Sleep"
  20.1s [6月8日（週日） 下午 7:12]   click [Sleep] Sleep until 7:00 AM
  20.4s [6月9日（週一） 上午 7:14]   use "Packing table"
  20.5s [6月9日（週一） 上午 7:15]   click [Pack] 打包 19 筆訂單（2 小時 32 分）
  20.5s [6月9日（週一） 上午 9:48]   click [CourierEconomy] 快遞 · 經濟 3 天（$70.80）
  20.9s [6月9日（週一） 下午 7:13]   use "Sleep"
  20.9s [6月9日（週一） 下午 7:13]   click [Sleep] Sleep until 7:00 AM
  21.0s [6月10日（週二） 上午 7:00]   (shot decision_customer_return skipped: headless)
  21.0s [6月10日（週二） 上午 7:00]   decision customer_return → refund
  21.0s [6月10日（週二） 上午 7:00]   click [Choice_refund] 退款＋收回商品
  21.0s [6月10日（週二） 上午 7:00]   (shot decision_outcome_customer_return skipped: headless)
  21.0s [6月10日（週二） 上午 7:00]   click "OK"
  21.3s [6月10日（週二） 上午 7:14]   use "Packing table"
  21.3s [6月10日（週二） 上午 7:15]   click [Pack] 打包 25 筆訂單（3 小時 20 分）
  21.4s [6月10日（週二） 上午 10:36]   click [CourierEconomy] 快遞 · 經濟 3 天（$86.00）
  21.8s [6月10日（週二） 下午 7:13]   use "Sleep"
  21.8s [6月10日（週二） 下午 7:13]   click [Sleep] Sleep until 7:00 AM
  21.8s [6月10日（週二） 下午 8:50]   toast: 新評價 #1069：★★「晚到還有刮痕。」
  21.9s [6月11日（週三） 上午 7:00]   (shot decision_customer_return skipped: headless)
  21.9s [6月11日（週三） 上午 7:00]   decision customer_return → refund
  21.9s [6月11日（週三） 上午 7:00]   click [Choice_refund] 退款＋收回商品
  21.9s [6月11日（週三） 上午 7:00]   (shot decision_outcome_customer_return skipped: headless)
  21.9s [6月11日（週三） 上午 7:00]   click "OK"
  22.2s [6月11日（週三） 上午 7:14]   use "Packing table"
  22.3s [6月11日（週三） 上午 7:15]   click [Pack] 打包 24 筆訂單（3 小時 12 分）
  22.3s [6月11日（週三） 上午 10:28]   click [CourierEconomy] 快遞 · 經濟 3 天（$84.80）
  22.4s [6月11日（週三） 下午 7:00]   (shot decision_customer_return skipped: headless)
  22.4s [6月11日（週三） 下午 7:00]   decision customer_return → replace
  22.4s [6月11日（週三） 下午 7:00]   click [Choice_replace] 寄一個新的
  22.4s [6月11日（週三） 下午 7:00]   (shot decision_outcome_customer_return skipped: headless)
  22.4s [6月11日（週三） 下午 7:00]   click "OK"
  22.5s [6月11日（週三） 下午 7:00]   (shot decision_customer_return skipped: headless)
  22.5s [6月11日（週三） 下午 7:00]   decision customer_return → replace
  22.5s [6月11日（週三） 下午 7:00]   click [Choice_replace] 寄一個新的
  22.5s [6月11日（週三） 下午 7:00]   (shot decision_outcome_customer_return skipped: headless)
  22.5s [6月11日（週三） 下午 7:00]   click "OK"
  22.8s [6月11日（週三） 下午 7:14]   use "Sleep"
  22.8s [6月11日（週三） 下午 7:14]   click [Sleep] Sleep until 7:00 AM
  23.2s [6月12日（週四） 上午 7:14]   use "Packing table"
  23.2s [6月12日（週四） 上午 7:15]   click [Pack] 打包 17 筆訂單（2 小時 16 分）
  23.3s [6月12日（週四） 上午 9:32]   click [CourierEconomy] 快遞 · 經濟 3 天（$60.40）
  23.3s [6月12日（週四） 下午 7:00]   (shot decision_customer_return skipped: headless)
  23.3s [6月12日（週四） 下午 7:00]   decision customer_return → replace
  23.3s [6月12日（週四） 下午 7:00]   click [Choice_replace] 寄一個新的
  23.4s [6月12日（週四） 下午 7:00]   (shot decision_outcome_customer_return skipped: headless)
  23.4s [6月12日（週四） 下午 7:00]   click "OK"
  23.4s [6月12日（週四） 下午 7:00]   (shot decision_supplier_price_increase skipped: headless)
  23.4s [6月12日（週四） 下午 7:00]   decision supplier_price_increase → accept
  23.4s [6月12日（週四） 下午 7:00]   click [Choice_accept] 好。繼續跟你進貨。
  23.5s [6月12日（週四） 下午 7:00]   (shot decision_outcome_supplier_price_increase skipped: headless)
  23.5s [6月12日（週四） 下午 7:00]   click "OK"
  23.5s [6月12日（週四） 下午 7:00]   (shot decision_customer_return skipped: headless)
  23.5s [6月12日（週四） 下午 7:00]   decision customer_return → refund
  23.5s [6月12日（週四） 下午 7:00]   click [Choice_refund] 退款＋收回商品
  23.5s [6月12日（週四） 下午 7:00]   (shot decision_outcome_customer_return skipped: headless)
  23.5s [6月12日（週四） 下午 7:00]   click "OK"
  23.8s [6月12日（週四） 下午 7:14]   use "Sleep"
  23.8s [6月12日（週四） 下午 7:14]   click [Sleep] Sleep until 7:00 AM
  24.0s [6月13日（週五） 上午 7:00]   (shot decision_customer_return skipped: headless)
  24.0s [6月13日（週五） 上午 7:00]   decision customer_return → replace
  24.0s [6月13日（週五） 上午 7:00]   click [Choice_replace] 寄一個新的
  24.0s [6月13日（週五） 上午 7:00]   (shot decision_outcome_customer_return skipped: headless)
  24.0s [6月13日（週五） 上午 7:00]   click "OK"
  24.3s [6月13日（週五） 上午 7:14]   use "Packing table"
  24.3s [6月13日（週五） 上午 7:15]   click [Pack] 打包 21 筆訂單（2 小時 48 分）
  24.4s [6月13日（週五） 上午 10:04]   click [CourierEconomy] 快遞 · 經濟 3 天（$73.20）
  24.4s [6月13日（週五） 下午 7:00]   (shot decision_customer_return skipped: headless)
  24.4s [6月13日（週五） 下午 7:00]   decision customer_return → refund
  24.4s [6月13日（週五） 下午 7:00]   click [Choice_refund] 退款＋收回商品
  24.5s [6月13日（週五） 下午 7:00]   (shot decision_outcome_customer_return skipped: headless)
  24.5s [6月13日（週五） 下午 7:00]   click "OK"
  24.5s [6月13日（週五） 下午 7:00]   (shot decision_customer_return skipped: headless)
  24.5s [6月13日（週五） 下午 7:00]   decision customer_return → refund
  24.5s [6月13日（週五） 下午 7:00]   click [Choice_refund] 退款＋收回商品
  24.6s [6月13日（週五） 下午 7:00]   (shot decision_outcome_customer_return skipped: headless)
  24.6s [6月13日（週五） 下午 7:00]   click "OK"
  24.9s [6月13日（週五） 下午 7:14]   use "Sleep"
  24.9s [6月13日（週五） 下午 7:14]   click [Sleep] Sleep until 7:00 AM
  25.2s [6月14日（週六） 上午 7:14]   use "Packing table"
  25.3s [6月14日（週六） 上午 7:15]   click [Pack] 打包 28 筆訂單（3 小時 44 分）
  25.3s [6月14日（週六） 上午 11:00]   click [CourierEconomy] 快遞 · 經濟 3 天（$97.60）
  25.7s [6月14日（週六） 下午 7:13]   use "Sleep"
  25.7s [6月14日（週六） 下午 7:13]   click [Sleep] Sleep until 7:00 AM
  26.1s [6月15日（週日） 上午 7:14]   use "Packing table"
  26.1s [6月15日（週日） 上午 7:15]   click [Pack] 打包 15 筆訂單（2 h）
  26.2s [6月15日（週日） 上午 9:16]   click [CourierEconomy] 快遞 · 經濟 3 天（$54.00）
  26.2s [6月15日（週日） 上午 9:17]   (shot decision_customer_return skipped: headless)
  26.2s [6月15日（週日） 上午 9:17]   decision customer_return → replace
  26.2s [6月15日（週日） 上午 9:17]   click [Choice_replace] 寄一個新的
  26.3s [6月15日（週日） 上午 9:17]   (shot decision_outcome_customer_return skipped: headless)
  26.3s [6月15日（週日） 上午 9:17]   click "OK"
  26.6s [6月15日（週日） 下午 7:14]   use "Sleep"
  26.7s [6月15日（週日） 下午 7:14]   click [Sleep] Sleep until 7:00 AM
  26.8s [6月16日（週一） 上午 7:00]   (shot decision_customer_return skipped: headless)
  26.8s [6月16日（週一） 上午 7:00]   decision customer_return → replace
  26.8s [6月16日（週一） 上午 7:00]   click [Choice_replace] 寄一個新的
  26.8s [6月16日（週一） 上午 7:00]   (shot decision_outcome_customer_return skipped: headless)
  26.8s [6月16日（週一） 上午 7:00]   click "OK"
  27.1s [6月16日（週一） 上午 7:14]   use "Packing table"
  27.1s [6月16日（週一） 上午 7:15]   click [Pack] 打包 25 筆訂單（3 小時 20 分）
  27.2s [6月16日（週一） 上午 10:36]   click [CourierEconomy] 快遞 · 經濟 3 天（$86.00）
  27.2s [6月16日（週一） 上午 10:37]   (shot decision_unexpected_large_order skipped: headless)
  27.2s [6月16日（週一） 上午 10:37]   decision unexpected_large_order → review
  27.2s [6月16日（週一） 上午 10:37]   click [Choice_review] 把合約寄給我，我看看。
  27.3s [6月16日（週一） 上午 10:37]   (shot decision_outcome_unexpected_large_order skipped: headless)
  27.3s [6月16日（週一） 上午 10:37]   click "OK"
  27.4s [6月16日（週一） 上午 10:40]   use "Use laptop — Company OS"
  27.4s [6月16日（週一） 上午 10:41]   click [Tab_contracts] 合約 ●
  27.5s [6月16日（週一） 上午 10:41]   (shot contract_offer skipped: headless)
  27.5s [6月16日（週一） 上午 10:41]   click [AcceptContract] Accept
  27.8s [6月16日（週一） 下午 7:12]   use "Sleep"
  27.8s [6月16日（週一） 下午 7:12]   click [Sleep] Sleep until 7:00 AM
  28.2s [6月17日（週二） 上午 7:14]   use "Packing table"
  28.2s [6月17日（週二） 上午 7:15]   click [Pack] 打包 29 筆訂單（3 小時 52 分）
  28.3s [6月17日（週二） 上午 11:08]   click [CourierEconomy] 快遞 · 經濟 3 天（$98.80）
  28.4s [6月17日（週二） 上午 11:12]   use "Use laptop — Company OS"
  28.4s [6月17日（週二） 上午 11:13]   click [Tab_operations] Operations
  28.5s [6月17日（週二） 上午 11:13]   click [DeliverTo_riverside_studio] 河濱大樓 7C
  28.5s [6月17日（週二） 上午 11:13]   click [Buy_tradelink_wholesale_water_bottle] 購買 $469
  28.6s [6月17日（週二） 上午 11:24]   click [Tab_contracts] Contracts
  28.6s [6月17日（週二） 上午 11:24]   click [DeliverContract] 打包並交貨 120 件（B2B 貨運 $40）
  28.7s [6月17日（週二） 下午 12:55]   (shot contract_delivered skipped: headless)
  28.9s [6月17日（週二） 下午 7:12]   use "Sleep"
  29.0s [6月17日（週二） 下午 7:12]   click [Sleep] Sleep until 7:00 AM
  29.1s [6月18日（週三） 上午 7:00]   (shot decision_customer_return skipped: headless)
  29.1s [6月18日（週三） 上午 7:00]   decision customer_return → refund
  29.1s [6月18日（週三） 上午 7:00]   click [Choice_refund] 退款＋收回商品
  29.1s [6月18日（週三） 上午 7:00]   (shot decision_outcome_customer_return skipped: headless)
  29.1s [6月18日（週三） 上午 7:00]   click "OK"
  29.4s [6月18日（週三） 上午 7:14]   use "Packing table"
  29.4s [6月18日（週三） 上午 7:15]   click [Pack] 打包 15 筆訂單（2 h）
  29.5s [6月18日（週三） 上午 9:16]   click [CourierEconomy] 快遞 · 經濟 3 天（$54.00）
  29.6s [6月18日（週三） 上午 9:20]   use "Use laptop — Company OS"
  29.6s [6月18日（週三） 上午 9:21]   click [Tab_operations] Operations
  29.7s [6月18日（週三） 上午 9:21]   click [DeliverTo_riverside_studio] 河濱大樓 7C
  29.8s [6月18日（週三） 上午 9:21]   click [Buy_tradelink_wholesale_water_bottle] 購買 $469
  30.1s [6月18日（週三） 下午 7:12]   use "Sleep"
  30.1s [6月18日（週三） 下午 7:12]   click [Sleep] Sleep until 7:00 AM
  30.5s [6月19日（週四） 上午 7:14]   use "Packing table"
  30.5s [6月19日（週四） 上午 7:15]   click [Pack] 打包 11 筆訂單（1 小時 28 分）
  30.5s [6月19日（週四） 上午 8:44]   click [CourierEconomy] 快遞 · 經濟 3 天（$41.20）
  30.6s [6月19日（週四） 上午 8:48]   use "Use laptop — Company OS"
  30.7s [6月19日（週四） 上午 8:49]   click [Tab_operations] Operations
  30.8s [6月19日（週四） 上午 8:49]   click [DeliverTo_riverside_studio] 河濱大樓 7C
  30.8s [6月19日（週四） 上午 8:49]   click [Buy_tradelink_wholesale_water_bottle] 購買 $469
  30.9s [6月19日（週四） 下午 7:00]   (shot decision_customer_return skipped: headless)
  30.9s [6月19日（週四） 下午 7:00]   decision customer_return → replace
  30.9s [6月19日（週四） 下午 7:00]   click [Choice_replace] 寄一個新的
  31.0s [6月19日（週四） 下午 7:00]   (shot decision_outcome_customer_return skipped: headless)
  31.0s [6月19日（週四） 下午 7:00]   click "OK"
  31.2s [6月19日（週四） 下午 7:12]   use "Sleep"
  31.3s [6月19日（週四） 下午 7:12]   click [Sleep] Sleep until 7:00 AM
  31.4s [6月20日（週五） 上午 7:00]   (shot decision_customer_return skipped: headless)
  31.4s [6月20日（週五） 上午 7:00]   decision customer_return → replace
  31.4s [6月20日（週五） 上午 7:00]   click [Choice_replace] 寄一個新的
  31.4s [6月20日（週五） 上午 7:00]   (shot decision_outcome_customer_return skipped: headless)
  31.4s [6月20日（週五） 上午 7:00]   click "OK"
  31.7s [6月20日（週五） 上午 7:14]   use "Packing table"
  31.7s [6月20日（週五） 上午 7:15]   click [Pack] 打包 16 筆訂單（2 小時 8 分）
  31.8s [6月20日（週五） 上午 9:24]   click [CourierEconomy] 快遞 · 經濟 3 天（$57.20）
  31.8s [6月20日（週五） 上午 9:25]   (shot decision_customer_return skipped: headless)
  31.8s [6月20日（週五） 上午 9:25]   decision customer_return → replace
  31.8s [6月20日（週五） 上午 9:25]   click [Choice_replace] 寄一個新的
  31.9s [6月20日（週五） 上午 9:25]   (shot decision_outcome_customer_return skipped: headless)
  31.9s [6月20日（週五） 上午 9:25]   click "OK"
  32.2s [6月20日（週五） 下午 7:14]   use "Sleep"
  32.3s [6月20日（週五） 下午 7:14]   click [Sleep] Sleep until 7:00 AM
  32.4s [6月21日（週六） 上午 7:00]   (shot decision_customer_return skipped: headless)
  32.4s [6月21日（週六） 上午 7:00]   decision customer_return → replace
  32.4s [6月21日（週六） 上午 7:00]   click [Choice_replace] 寄一個新的
  32.4s [6月21日（週六） 上午 7:00]   (shot decision_outcome_customer_return skipped: headless)
  32.4s [6月21日（週六） 上午 7:00]   click "OK"
  32.7s [6月21日（週六） 上午 7:14]   use "Packing table"
  32.7s [6月21日（週六） 上午 7:15]   click [Pack] 打包 24 筆訂單（3 小時 12 分）
  32.8s [6月21日（週六） 上午 10:28]   click [CourierEconomy] 快遞 · 經濟 3 天（$82.80）
  32.9s [6月21日（週六） 下午 7:00]   (shot decision_customer_return skipped: headless)
  32.9s [6月21日（週六） 下午 7:00]   decision customer_return → replace
  32.9s [6月21日（週六） 下午 7:00]   click [Choice_replace] 寄一個新的
  33.0s [6月21日（週六） 下午 7:00]   (shot decision_outcome_customer_return skipped: headless)
  33.0s [6月21日（週六） 下午 7:00]   click "OK"
  33.3s [6月21日（週六） 下午 7:14]   use "Sleep"
  33.3s [6月21日（週六） 下午 7:14]   click [Sleep] Sleep until 7:00 AM
  33.4s [6月22日（週日） 上午 7:00]   (shot decision_customer_return skipped: headless)
  33.4s [6月22日（週日） 上午 7:00]   decision customer_return → replace
  33.4s [6月22日（週日） 上午 7:00]   click [Choice_replace] 寄一個新的
  33.4s [6月22日（週日） 上午 7:00]   (shot decision_outcome_customer_return skipped: headless)
  33.4s [6月22日（週日） 上午 7:00]   click "OK"
  33.4s [6月22日（週日） 上午 7:00]   (shot decision_customer_return skipped: headless)
  33.4s [6月22日（週日） 上午 7:00]   decision customer_return → replace
  33.4s [6月22日（週日） 上午 7:00]   click [Choice_replace] 寄一個新的
  33.5s [6月22日（週日） 上午 7:00]   (shot decision_outcome_customer_return skipped: headless)
  33.5s [6月22日（週日） 上午 7:00]   click "OK"
  33.8s [6月22日（週日） 上午 7:14]   use "Packing table"
  33.8s [6月22日（週日） 上午 7:15]   click [Pack] 打包 22 筆訂單（2 小時 56 分）
  33.9s [6月22日（週日） 上午 10:12]   click [CourierEconomy] 快遞 · 經濟 3 天（$76.40）
  33.9s [6月22日（週日） 上午 10:13]   (shot decision_customer_return skipped: headless)
  33.9s [6月22日（週日） 上午 10:13]   decision customer_return → replace
  33.9s [6月22日（週日） 上午 10:13]   click [Choice_replace] 寄一個新的
  34.0s [6月22日（週日） 上午 10:13]   (shot decision_outcome_customer_return skipped: headless)
  34.0s [6月22日（週日） 上午 10:13]   click "OK"
  34.0s [6月22日（週日） 上午 10:16]   use "Use laptop — Company OS"
  34.1s [6月22日（週日） 上午 10:17]   click [Tab_operations] Operations
  34.1s [6月22日（週日） 上午 10:17]   click [DeliverTo_riverside_studio] 河濱大樓 7C
  34.2s [6月22日（週日） 上午 10:17]   click [Buy_tradelink_wholesale_wireless_earbuds] 購買 $900
  34.3s [6月22日（週日） 下午 7:00]   (shot decision_customer_return skipped: headless)
  34.3s [6月22日（週日） 下午 7:00]   decision customer_return → refund
  34.3s [6月22日（週日） 下午 7:00]   click [Choice_refund] 退款＋收回商品
  34.4s [6月22日（週日） 下午 7:00]   (shot decision_outcome_customer_return skipped: headless)
  34.4s [6月22日（週日） 下午 7:00]   click "OK"
  34.4s [6月22日（週日） 下午 7:00]   (shot decision_customer_return skipped: headless)
  34.4s [6月22日（週日） 下午 7:00]   decision customer_return → replace
  34.4s [6月22日（週日） 下午 7:00]   click [Choice_replace] 寄一個新的
  34.4s [6月22日（週日） 下午 7:00]   (shot decision_outcome_customer_return skipped: headless)
  34.4s [6月22日（週日） 下午 7:00]   click "OK"
  34.7s [6月22日（週日） 下午 7:12]   use "Sleep"
  34.8s [6月22日（週日） 下午 7:12]   click [Sleep] Sleep until 7:00 AM
  35.1s [6月23日（週一） 上午 7:14]   use "Packing table"
  35.2s [6月23日（週一） 上午 7:15]   click [Pack] 打包 17 筆訂單（2 小時 16 分）
  35.2s [6月23日（週一） 上午 9:32]   click [CourierEconomy] 快遞 · 經濟 3 天（$60.40）
  35.3s [6月23日（週一） 上午 9:36]   use "Use laptop — Company OS"
  35.4s [6月23日（週一） 上午 9:37]   click [Tab_operations] Operations
  35.5s [6月23日（週一） 上午 9:37]   click [DeliverTo_riverside_studio] 河濱大樓 7C
  35.5s [6月23日（週一） 上午 9:37]   click [Buy_tradelink_wholesale_wireless_earbuds] 購買 $900
  35.8s [6月23日（週一） 下午 7:12]   use "Sleep"
  35.9s [6月23日（週一） 下午 7:12]   click [Sleep] Sleep until 7:00 AM
  36.0s [6月24日（週二） 上午 7:00]   (shot decision_customer_return skipped: headless)
  36.0s [6月24日（週二） 上午 7:00]   decision customer_return → refund
  36.0s [6月24日（週二） 上午 7:00]   click [Choice_refund] 退款＋收回商品
  36.0s [6月24日（週二） 上午 7:00]   (shot decision_outcome_customer_return skipped: headless)
  36.0s [6月24日（週二） 上午 7:00]   click "OK"
  36.3s [6月24日（週二） 上午 7:14]   use "Packing table"
  36.3s [6月24日（週二） 上午 7:15]   click [Pack] 打包 7 筆訂單（56 分鐘）
  36.4s [6月24日（週二） 上午 8:12]   click [CourierEconomy] 快遞 · 經濟 3 天（$28.40）
  36.5s [6月24日（週二） 上午 8:16]   use "Use laptop — Company OS"
  36.6s [6月24日（週二） 上午 8:17]   click [Tab_operations] Operations
  36.6s [6月24日（週二） 上午 8:17]   click [DeliverTo_riverside_studio] 河濱大樓 7C
  36.7s [6月24日（週二） 上午 8:17]   click [Buy_tradelink_wholesale_wireless_earbuds] 購買 $900
  37.0s [6月24日（週二） 下午 7:12]   use "Sleep"
  37.0s [6月24日（週二） 下午 7:12]   click [Sleep] Sleep until 7:00 AM
  37.4s [6月25日（週三） 上午 7:14]   use "Packing table"
  37.5s [6月25日（週三） 上午 7:15]   click [Pack] 打包 17 筆訂單（2 小時 16 分）
  37.5s [6月25日（週三） 上午 9:32]   click [CourierEconomy] 快遞 · 經濟 3 天（$60.40）
  37.9s [6月25日（週三） 下午 7:13]   use "Sleep"
  38.0s [6月25日（週三） 下午 7:13]   click [Sleep] Sleep until 7:00 AM
  38.4s [6月26日（週四） 上午 7:14]   use "Packing table"
  38.4s [6月26日（週四） 上午 7:15]   click [Pack] 打包 20 筆訂單（2 小時 40 分）
  38.4s [6月26日（週四） 上午 9:56]   click [CourierEconomy] 快遞 · 經濟 3 天（$70.00）
  38.9s [6月26日（週四） 下午 7:13]   use "Sleep"
  38.9s [6月26日（週四） 下午 7:13]   click [Sleep] Sleep until 7:00 AM
  39.0s [6月27日（週五） 上午 7:00]   (shot decision_customer_return skipped: headless)
  39.0s [6月27日（週五） 上午 7:00]   decision customer_return → replace
  39.0s [6月27日（週五） 上午 7:00]   click [Choice_replace] 寄一個新的
  39.1s [6月27日（週五） 上午 7:00]   (shot decision_outcome_customer_return skipped: headless)
  39.1s [6月27日（週五） 上午 7:00]   click "OK"
  39.1s [6月27日（週五） 上午 7:00]   (shot decision_customer_return skipped: headless)
  39.1s [6月27日（週五） 上午 7:00]   decision customer_return → replace
  39.1s [6月27日（週五） 上午 7:00]   click [Choice_replace] 寄一個新的
  39.1s [6月27日（週五） 上午 7:00]   (shot decision_outcome_customer_return skipped: headless)
  39.1s [6月27日（週五） 上午 7:00]   click "OK"
  39.4s [6月27日（週五） 上午 7:14]   use "Packing table"
  39.4s [6月27日（週五） 上午 7:15]   click [Pack] 打包 26 筆訂單（3 小時 28 分）
  39.6s [6月27日（週五） 上午 10:44]   click [CourierEconomy] 快遞 · 經濟 3 天（$89.20）
  39.6s [6月27日（週五） 下午 7:00]   (shot decision_customer_return skipped: headless)
  39.6s [6月27日（週五） 下午 7:00]   decision customer_return → replace
  39.6s [6月27日（週五） 下午 7:00]   click [Choice_replace] 寄一個新的
  39.7s [6月27日（週五） 下午 7:00]   (shot decision_outcome_customer_return skipped: headless)
  39.7s [6月27日（週五） 下午 7:00]   click "OK"
  40.0s [6月27日（週五） 下午 7:14]   use "Sleep"
  40.0s [6月27日（週五） 下午 7:14]   click [Sleep] Sleep until 7:00 AM
  40.4s [6月28日（週六） 上午 7:14]   use "Packing table"
  40.5s [6月28日（週六） 上午 7:15]   click [Pack] 打包 22 筆訂單（2 小時 56 分）
  40.5s [6月28日（週六） 上午 10:12]   click [CourierEconomy] 快遞 · 經濟 3 天（$76.40）
  40.9s [6月28日（週六） 下午 7:13]   use "Sleep"
  40.9s [6月28日（週六） 下午 7:13]   click [Sleep] Sleep until 7:00 AM
  41.3s [6月29日（週日） 上午 7:14]   use "Packing table"
  41.4s [6月29日（週日） 上午 7:15]   click [Pack] 打包 15 筆訂單（2 h）
  41.4s [6月29日（週日） 上午 9:16]   click [CourierEconomy] 快遞 · 經濟 3 天（$54.00）
  41.4s [6月29日（週日） 上午 9:17]   (shot decision_customer_return skipped: headless)
  41.4s [6月29日（週日） 上午 9:17]   decision customer_return → replace
  41.4s [6月29日（週日） 上午 9:17]   click [Choice_replace] 寄一個新的
  41.5s [6月29日（週日） 上午 9:17]   (shot decision_outcome_customer_return skipped: headless)
  41.5s [6月29日（週日） 上午 9:17]   click "OK"
  41.5s [6月29日（週日） 下午 7:00]   (shot decision_customer_return skipped: headless)
  41.5s [6月29日（週日） 下午 7:00]   decision customer_return → replace
  41.5s [6月29日（週日） 下午 7:00]   click [Choice_replace] 寄一個新的
  41.6s [6月29日（週日） 下午 7:00]   (shot decision_outcome_customer_return skipped: headless)
  41.6s [6月29日（週日） 下午 7:00]   click "OK"
  41.6s [6月29日（週日） 下午 7:00]   (shot decision_customer_return skipped: headless)
  41.6s [6月29日（週日） 下午 7:00]   decision customer_return → replace
  41.6s [6月29日（週日） 下午 7:00]   click [Choice_replace] 寄一個新的
  41.7s [6月29日（週日） 下午 7:00]   (shot decision_outcome_customer_return skipped: headless)
  41.7s [6月29日（週日） 下午 7:00]   click "OK"
  42.0s [6月29日（週日） 下午 7:14]   use "Sleep"
  42.0s [6月29日（週日） 下午 7:14]   click [Sleep] Sleep until 7:00 AM
  42.1s [6月30日（週一） 上午 7:00]   (shot decision_customer_return skipped: headless)
  42.1s [6月30日（週一） 上午 7:00]   decision customer_return → replace
  42.1s [6月30日（週一） 上午 7:00]   click [Choice_replace] 寄一個新的
  42.2s [6月30日（週一） 上午 7:00]   (shot decision_outcome_customer_return skipped: headless)
  42.2s [6月30日（週一） 上午 7:00]   click "OK"
  42.5s [6月30日（週一） 上午 7:14]   use "Packing table"
  42.5s [6月30日（週一） 上午 7:15]   click [Pack] 打包 26 筆訂單（3 小時 28 分）
  42.6s [6月30日（週一） 上午 10:44]   click [CourierEconomy] 快遞 · 經濟 3 天（$89.20）
  42.6s [6月30日（週一） 下午 7:00]   (shot decision_supplier_price_increase skipped: headless)
  42.6s [6月30日（週一） 下午 7:00]   decision supplier_price_increase → accept
  42.6s [6月30日（週一） 下午 7:00]   click [Choice_accept] 好。繼續跟你進貨。
  42.7s [6月30日（週一） 下午 7:00]   (shot decision_outcome_supplier_price_increase skipped: headless)
  42.7s [6月30日（週一） 下午 7:00]   click "OK"
  42.7s [6月30日（週一） 下午 7:00]   (shot decision_customer_return skipped: headless)
  42.7s [6月30日（週一） 下午 7:00]   decision customer_return → replace
  42.7s [6月30日（週一） 下午 7:00]   click [Choice_replace] 寄一個新的
  42.8s [6月30日（週一） 下午 7:00]   (shot decision_outcome_customer_return skipped: headless)
  42.8s [6月30日（週一） 下午 7:00]   click "OK"
  42.8s [6月30日（週一） 下午 7:00]   (shot decision_customer_return skipped: headless)
  42.8s [6月30日（週一） 下午 7:00]   decision customer_return → replace
  42.8s [6月30日（週一） 下午 7:00]   click [Choice_replace] 寄一個新的
  42.9s [6月30日（週一） 下午 7:00]   (shot decision_outcome_customer_return skipped: headless)
  42.9s [6月30日（週一） 下午 7:00]   click "OK"
  43.2s [6月30日（週一） 下午 7:14]   use "Sleep"
  43.2s [6月30日（週一） 下午 7:14]   click [Sleep] Sleep until 7:00 AM
  43.5s [7月1日（週二） 上午 7:00]   (shot month_close_report skipped: headless)
  43.5s [7月1日（週二） 上午 7:00]   click [month close] Continue
  43.5s [7月1日（週二） 上午 7:00]   (shot decision_customer_return skipped: headless)
  43.5s [7月1日（週二） 上午 7:00]   decision customer_return → replace
  43.5s [7月1日（週二） 上午 7:00]   click [Choice_replace] 寄一個新的
  43.5s [7月1日（週二） 上午 7:00]   (shot decision_outcome_customer_return skipped: headless)
  43.5s [7月1日（週二） 上午 7:00]   click "OK"
  43.8s [7月1日（週二） 上午 7:14]   use "Packing table"
  43.9s [7月1日（週二） 上午 7:15]   click [Pack] 打包 27 筆訂單（3 小時 36 分）
  44.0s [7月1日（週二） 上午 10:52]   click [CourierEconomy] 快遞 · 經濟 3 天（$92.40）
  44.1s [7月1日（週二） 上午 10:55]   ok  month close ran (June)
  44.1s [7月1日（週二） 上午 10:57]   use "Use laptop — Company OS"
  44.2s [7月1日（週二） 上午 10:58]   click [Tab_finance] Finance
  44.2s [7月1日（週二） 上午 10:59]   (shot company_os_finance_july skipped: headless)
  44.3s [7月1日（週二） 上午 11:00]   ok  Chapter 4 started after the June close
  44.3s [7月1日（週二） 上午 11:00] STEP Chapter 4 — register as an employer at City Hall
  44.5s [7月1日（週二） 上午 11:05]   ok  walked back outside
  45.2s [7月1日（週二） 上午 11:26]   use "捷運——河濱區站"
  45.3s [7月1日（週二） 上午 11:27]   (shot metro_civic_center skipped: headless)
  45.3s [7月1日（週二） 上午 11:27]   click [Go_civic_center] 市政中心  ·  12 分鐘
  45.4s [7月1日（週二） 上午 11:41]   ok  took the Metro to Civic Center
  45.8s [7月1日（週二） 上午 11:51]   ok  entered Aurelia City Hall
  45.9s [7月1日（週二） 上午 11:54]   use "Permits & regulations"
  45.9s [7月1日（週二） 上午 11:55]   (shot permits_kiosk skipped: headless)
  45.9s [7月1日（週二） 上午 11:55]   click [RegisterEmployer] 登記（$150）
  46.0s [7月1日（週二） 下午 12:17]   ok  registered as an employer
  46.0s [7月1日（週二） 下午 12:17] STEP Chapter 4 — post a job, hire, first payroll
  46.2s [7月1日（週二） 下午 12:22]   ok  walked back outside
  46.4s [7月1日（週二） 下午 12:30]   use "捷運——市政中心站"
  46.5s [7月1日（週二） 下午 12:32]   (shot metro_riverside skipped: headless)
  46.5s [7月1日（週二） 下午 12:32]   click [Go_riverside] 河濱區  ·  12 分鐘
  46.6s [7月1日（週二） 下午 12:45]   ok  took the Metro to Riverside
  47.2s [7月1日（週二） 下午 12:59]   ok  entered Riverside Tower
  47.2s [7月1日（週二） 下午 1:01]   use "Use laptop — Company OS"
  47.2s [7月1日（週二） 下午 1:02]   click [Tab_people] People
  47.3s [7月1日（週二） 下午 1:03]   (shot people_tab skipped: headless)
  47.3s [7月1日（週二） 下午 1:03]   click [Post_support] Post job
  47.3s [7月1日（週二） 下午 1:04]   ok  job ad posted
  47.3s [7月1日（週二） 下午 1:04]   (harness) wait 2 h
  47.6s [7月1日（週二） 下午 3:17]   use "Packing table"
  47.6s [7月1日（週二） 下午 3:18]   click [Pack] 打包 8 筆訂單（1 小時 4 分）
  47.7s [7月1日（週二） 下午 4:23]   click [CourierEconomy] 快遞 · 經濟 3 天（$31.60）
  47.8s [7月1日（週二） 下午 4:25]   (harness) wait 2 h
  47.8s [7月1日（週二） 下午 6:26]   use "Packing table"
  47.8s [7月1日（週二） 下午 6:27]   click [Pack] 打包 2 筆訂單（16 分鐘）
  47.9s [7月1日（週二） 下午 6:53]   click [CourierEconomy] 快遞 · 經濟 3 天（$15.60）
  47.9s [7月1日（週二） 下午 6:54]   (harness) wait 2 h
  48.0s [7月1日（週二） 下午 8:56]   use "Packing table"
  48.0s [7月1日（週二） 下午 8:57]   click [Pack] 打包 2 筆訂單（16 分鐘）
  48.0s [7月1日（週二） 下午 9:14]   click [CourierEconomy] 快遞 · 經濟 3 天（$12.40）
  48.1s [7月1日（週二） 下午 9:20]   use "Sleep"
  48.2s [7月1日（週二） 下午 9:20]   click [Sleep] Sleep until 7:00 AM
  48.6s [7月2日（週三） 上午 7:14]   use "Packing table"
  48.6s [7月2日（週三） 上午 7:15]   click [Pack] 打包 7 筆訂單（56 分鐘）
  48.6s [7月2日（週三） 上午 8:12]   click [CourierEconomy] 快遞 · 經濟 3 天（$28.40）
  48.7s [7月2日（週三） 上午 8:16]   use "Use laptop — Company OS"
  48.8s [7月2日（週三） 上午 8:17]   click [Tab_people] People
  48.9s [7月2日（週三） 上午 8:18]   (shot applicants skipped: headless)
  48.9s [7月2日（週三） 上午 8:18]   click [Hire_E1] Hire
  48.9s [7月2日（週三） 上午 8:19]   ok  hired the first employee (Ravi Clarke)
  49.2s [7月2日（週三） 下午 7:12]   use "Sleep"
  49.2s [7月2日（週三） 下午 7:12]   click [Sleep] Sleep until 7:00 AM
  49.6s [7月3日（週四） 上午 7:14]   use "Packing table"
  49.6s [7月3日（週四） 上午 7:15]   click [Pack] 打包 28 筆訂單（3 小時 44 分）
  49.7s [7月3日（週四） 上午 11:00]   click [CourierEconomy] 快遞 · 經濟 3 天（$95.60）
  50.1s [7月3日（週四） 下午 7:13]   use "Sleep"
  50.1s [7月3日（週四） 下午 7:13]   click [Sleep] Sleep until 7:00 AM
  50.5s [7月4日（週五） 上午 7:14]   use "Packing table"
  50.6s [7月4日（週五） 上午 7:15]   click [Pack] 打包 20 筆訂單（2 小時 40 分）
  50.6s [7月4日（週五） 上午 9:56]   click [CourierEconomy] 快遞 · 經濟 3 天（$70.00）
  51.0s [7月4日（週五） 下午 7:13]   use "Sleep"
  51.1s [7月4日（週五） 下午 7:13]   click [Sleep] Sleep until 7:00 AM
  51.5s [7月5日（週六） 上午 7:14]   use "Packing table"
  51.5s [7月5日（週六） 上午 7:15]   click [Pack] 打包 16 筆訂單（2 小時 8 分）
  51.5s [7月5日（週六） 上午 9:24]   click [CourierEconomy] 快遞 · 經濟 3 天（$57.20）
  51.6s [7月5日（週六） 上午 9:26]   ok  first payroll paid
  51.6s [7月5日（週六） 上午 9:28]   use "Use laptop — Company OS"
  51.7s [7月5日（週六） 上午 9:29]   click [Tab_finance] Finance
  51.9s [7月5日（週六） 上午 9:30]   (shot cash_forecast skipped: headless)
  51.9s [7月5日（週六） 上午 9:32]   ok  Chapter 4 complete
  51.9s [7月5日（週六） 上午 9:32] STEP Chapter 5 — Crestline's offer
  52.2s [7月5日（週六） 下午 7:12]   use "Sleep"
  52.2s [7月5日（週六） 下午 7:12]   click [Sleep] Sleep until 7:00 AM
  52.7s [7月6日（週日） 上午 7:14]   use "Packing table"
  52.7s [7月6日（週日） 上午 7:15]   click [Pack] 打包 8 筆訂單（1 小時 4 分）
  52.8s [7月6日（週日） 上午 8:20]   click [CourierEconomy] 快遞 · 經濟 3 天（$31.60）
  53.2s [7月6日（週日） 下午 7:13]   use "Sleep"
  53.2s [7月6日（週日） 下午 7:13]   click [Sleep] Sleep until 7:00 AM
  53.7s [7月7日（週一） 上午 7:14]   use "Packing table"
  53.7s [7月7日（週一） 上午 7:15]   click [Pack] 打包 10 筆訂單（1 小時 20 分）
  53.7s [7月7日（週一） 上午 8:36]   click [CourierEconomy] 快遞 · 經濟 3 天（$38.00）
  54.2s [7月7日（週一） 下午 7:13]   use "Sleep"
  54.3s [7月7日（週一） 下午 7:13]   click [Sleep] Sleep until 7:00 AM
  54.7s [7月8日（週二） 上午 7:14]   use "Packing table"
  54.8s [7月8日（週二） 上午 7:15]   click [Pack] 打包 9 筆訂單（1 小時 12 分）
  54.8s [7月8日（週二） 上午 8:28]   click [CourierEconomy] 快遞 · 經濟 3 天（$34.80）
  55.2s [7月8日（週二） 下午 7:13]   use "Sleep"
  55.3s [7月8日（週二） 下午 7:13]   click [Sleep] Sleep until 7:00 AM
  55.7s [7月9日（週三） 上午 7:14]   use "Packing table"
  55.7s [7月9日（週三） 上午 7:15]   click [Pack] 打包 2 筆訂單（16 分鐘）
  55.8s [7月9日（週三） 上午 7:32]   click [CourierEconomy] 快遞 · 經濟 3 天（$12.40）
  56.2s [7月9日（週三） 下午 7:13]   use "Sleep"
  56.2s [7月9日（週三） 下午 7:13]   click [Sleep] Sleep until 7:00 AM
  56.4s [7月10日（週四） 下午 7:02]   (shot decision_crestline_big_offer skipped: headless)
  56.4s [7月10日（週四） 下午 7:02]   decision crestline_big_offer → review
  56.4s [7月10日（週四） 下午 7:02]   click [Choice_review] 把合約寄來，我看看。
  56.5s [7月10日（週四） 下午 7:02]   (shot decision_outcome_crestline_big_offer skipped: headless)
  56.5s [7月10日（週四） 下午 7:02]   click "OK"
  56.5s [7月10日（週四） 下午 7:02]   use "Sleep"
  56.5s [7月10日（週四） 下午 7:02]   click [Sleep] Sleep until 7:00 AM
  57.0s [7月11日（週五） 上午 7:14]   use "Packing table"
  57.0s [7月11日（週五） 上午 7:15]   click [Pack] 打包 1 筆訂單（8 分鐘）
  57.0s [7月11日（週五） 上午 7:24]   click [CourierEconomy] 快遞 · 經濟 3 天（$9.20）
  57.1s [7月11日（週五） 上午 7:26]   ok  Crestline offered the big contract
  57.1s [7月11日（週五） 上午 7:28]   use "Use laptop — Company OS"
  57.2s [7月11日（週五） 上午 7:29]   click [Tab_contracts] 合約 ●
  57.3s [7月11日（週五） 上午 7:30]   (shot big_contract_offer skipped: headless)
  57.3s [7月11日（週五） 上午 7:30]   click [AcceptContract] Accept
  57.3s [7月11日（週五） 上午 7:32]   ok  accepted Crestline's contract
  57.3s [7月11日（週五） 上午 7:32] STEP Chapter 5 — borrow from Marcus Reed at Nexus Bank
  57.5s [7月11日（週五） 上午 7:37]   ok  walked back outside
  58.3s [7月11日（週五） 上午 7:58]   use "捷運——河濱區站"
  58.4s [7月11日（週五） 上午 7:59]   (shot metro_financial skipped: headless)
  58.4s [7月11日（週五） 上午 7:59]   click [Go_financial] 金融區  ·  10 分鐘
  58.5s [7月11日（週五） 上午 8:10]   ok  took the Metro to Financial District
  59.0s [7月11日（週五） 下午 1:17]   ok  entered Nexus Bank
  59.1s [7月11日（週五） 下午 1:20]   use "和 Marcus Reed 說話"
  59.3s [7月11日（週五） 下午 1:20]   choose "› 讓我看看你能借多少。"
  59.5s [7月11日（週五） 下午 1:20]   (shot loan_offer skipped: headless)
  59.5s [7月11日（週五） 下午 1:20]   click [Amt_50] $24,000
  59.6s [7月11日（週五） 下午 1:20]   click [Term_12] 12 個月
  59.7s [7月11日（週五） 下午 1:20]   click [TakeLoan] 借 $24,000
  59.8s [7月11日（週五） 下午 1:20]   click [ConfirmLoan] Confirm loan signing
  60.1s [7月11日（週五） 下午 5:00]   ok  loan signing finishes the same afternoon
  60.1s [7月11日（週五） 下午 5:00]   (shot loan_taken skipped: headless)
  60.1s [7月11日（週五） 下午 5:00]   ok  took a Nexus Bank loan (debt $24,000.00)
  60.1s [7月11日（週五） 下午 5:00] STEP Chapter 5 — order the lamps and deliver
  60.3s [7月11日（週五） 下午 5:05]   ok  walked back outside
  60.6s [7月11日（週五） 下午 5:15]   use "捷運——金融區站"
  60.7s [7月11日（週五） 下午 5:16]   (shot metro_riverside skipped: headless)
  60.7s [7月11日（週五） 下午 5:16]   click [Go_riverside] 河濱區  ·  10 分鐘
  60.8s [7月11日（週五） 下午 5:27]   ok  took the Metro to Riverside
  61.4s [7月11日（週五） 下午 5:41]   ok  entered Riverside Tower
  61.5s [7月11日（週五） 下午 5:43]   use "Use laptop — Company OS"
  61.6s [7月11日（週五） 下午 5:44]   click [Tab_contracts] Contracts
  61.6s [7月11日（週五） 下午 5:45]   click [FillContract] 追加訂購 800 件，向 TradeLink 批發（$9,200）
  61.7s [7月11日（週五） 下午 5:56]   (shot contract_restock skipped: headless)
  62.0s [7月11日（週五） 下午 7:11]   use "Sleep"
  62.0s [7月11日（週五） 下午 7:11]   click [Sleep] Sleep until 7:00 AM
  62.4s [7月12日（週六） 上午 7:14]   use "Packing table"
  62.4s [7月12日（週六） 上午 7:15]   click [Pack] 打包 1 筆訂單（8 分鐘）
  62.5s [7月12日（週六） 上午 7:24]   click [CourierEconomy] 快遞 · 經濟 3 天（$9.20）
  62.9s [7月12日（週六） 下午 7:13]   use "Sleep"
  62.9s [7月12日（週六） 下午 7:13]   click [Sleep] Sleep until 7:00 AM
  63.1s [7月13日（週日） 下午 7:00]   use "Sleep"
  63.1s [7月13日（週日） 下午 7:00]   click [Sleep] Sleep until 7:00 AM
  63.6s [7月14日（週一） 上午 7:14]   use "Packing table"
  63.6s [7月14日（週一） 上午 7:15]   click [Pack] 打包 1 筆訂單（8 分鐘）
  63.6s [7月14日（週一） 上午 7:24]   click [CourierEconomy] 快遞 · 經濟 3 天（$9.20）
  63.7s [7月14日（週一） 上午 7:28]   use "Use laptop — Company OS"
  63.8s [7月14日（週一） 上午 7:29]   click [Tab_contracts] Contracts
  63.9s [7月14日（週一） 上午 7:30]   click [DeliverContract] 打包並交貨 800 件（B2B 貨運 $40）
  63.9s [7月14日（週一） 上午 9:01]   (shot big_contract_delivered skipped: headless)
  64.0s [7月14日（週一） 上午 9:02]   ok  delivered 800 lamps to Crestline
  64.0s [7月14日（週一） 上午 9:03]   ok  Chapter 5 complete
  64.0s [7月14日（週一） 上午 9:03] STEP Chapter 6 — forecast, early payment, month in the black
  64.0s [7月14日（週一） 上午 9:03]   use "Use laptop — Company OS"
  64.1s [7月14日（週一） 上午 9:04]   click [Tab_finance] Finance
  64.2s [7月14日（週一） 上午 9:05]   (shot cash_forecast_ch6 skipped: headless)
  64.2s [7月14日（週一） 上午 9:05]   click [Tab_contracts] Contracts
  64.2s [7月14日（週一） 上午 9:06]   click [EarlyPayment] 請對方提前付款（折 3%：現在拿 $21,728）
  64.2s [7月14日（週一） 上午 9:07]   (shot early_payment skipped: headless)
  64.2s [7月14日（週一） 上午 9:08]   ok  Crestline paid early (3% discount)
  64.5s [7月14日（週一） 下午 7:11]   use "Sleep"
  64.5s [7月14日（週一） 下午 7:11]   click [Sleep] Sleep until 7:00 AM
  64.7s [7月15日（週二） 下午 7:00]   (shot decision_elena_offer skipped: headless)
  64.7s [7月15日（週二） 下午 7:00]   decision elena_offer → accept
  64.7s [7月15日（週二） 下午 7:00]   click [Choice_accept] 以 20% 股份換 $40,000
  64.7s [7月15日（週二） 下午 7:00]   (shot decision_outcome_elena_offer skipped: headless)
  64.7s [7月15日（週二） 下午 7:00]   click "OK"
  64.8s [7月15日（週二） 下午 7:00]   use "Sleep"
  64.8s [7月15日（週二） 下午 7:00]   click [Sleep] Sleep until 7:00 AM
  65.0s [7月16日（週三） 下午 7:00]   use "Sleep"
  65.0s [7月16日（週三） 下午 7:00]   click [Sleep] Sleep until 7:00 AM
  65.2s [7月17日（週四） 下午 7:00]   use "Sleep"
  65.2s [7月17日（週四） 下午 7:00]   click [Sleep] Sleep until 7:00 AM
  65.4s [7月18日（週五） 下午 7:00]   use "Sleep"
  65.4s [7月18日（週五） 下午 7:00]   click [Sleep] Sleep until 7:00 AM
  65.9s [7月19日（週六） 下午 7:09]   use "Sleep"
  65.9s [7月19日（週六） 下午 7:10]   click [Sleep] Sleep until 7:00 AM
  66.1s [7月20日（週日） 下午 7:00]   use "Sleep"
  66.1s [7月20日（週日） 下午 7:00]   click [Sleep] Sleep until 7:00 AM
  66.3s [7月21日（週一） 下午 7:00]   use "Sleep"
  66.3s [7月21日（週一） 下午 7:00]   click [Sleep] Sleep until 7:00 AM
  66.5s [7月22日（週二） 下午 7:00]   use "Sleep"
  66.5s [7月22日（週二） 下午 7:00]   click [Sleep] Sleep until 7:00 AM
  66.7s [7月23日（週三） 下午 7:00]   use "Sleep"
  66.7s [7月23日（週三） 下午 7:00]   click [Sleep] Sleep until 7:00 AM
  67.1s [7月24日（週四） 下午 7:09]   use "Sleep"
  67.2s [7月24日（週四） 下午 7:09]   click [Sleep] Sleep until 7:00 AM
  67.3s [7月25日（週五） 下午 7:00]   use "Sleep"
  67.3s [7月25日（週五） 下午 7:00]   click [Sleep] Sleep until 7:00 AM
  67.5s [7月26日（週六） 下午 7:00]   use "Sleep"
  67.5s [7月26日（週六） 下午 7:00]   click [Sleep] Sleep until 7:00 AM
  67.7s [7月27日（週日） 下午 7:00]   use "Sleep"
  67.8s [7月27日（週日） 下午 7:00]   click [Sleep] Sleep until 7:00 AM
  68.0s [7月28日（週一） 下午 7:00]   use "Sleep"
  68.0s [7月28日（週一） 下午 7:00]   click [Sleep] Sleep until 7:00 AM
  68.4s [7月29日（週二） 下午 7:09]   use "Sleep"
  68.4s [7月29日（週二） 下午 7:09]   click [Sleep] Sleep until 7:00 AM
  68.6s [7月30日（週三） 下午 7:00]   use "Sleep"
  68.6s [7月30日（週三） 下午 7:00]   click [Sleep] Sleep until 7:00 AM
  68.8s [7月31日（週四） 下午 7:00]   use "Sleep"
  68.8s [7月31日（週四） 下午 7:00]   click [Sleep] Sleep until 7:00 AM
  69.1s [8月1日（週五） 上午 7:00]   (shot month_close_report skipped: headless)
  69.1s [8月1日（週五） 上午 7:00]   click [month close] Continue
  69.1s [8月1日（週五） 上午 7:02]   ok  Chapter 6 complete
  69.1s [8月1日（週五） 上午 7:02]   ok  ledger balanced after chapters 4–6
  69.2s [8月1日（週五） 上午 7:02]   ok  Chapter 7 started after Chapter 6
  69.2s [8月1日（週五） 上午 7:02]   ok  Year 3: the Supply Shock
  69.2s [8月1日（週五） 上午 7:02] STEP Chapter 7 — the news, and Ken's options
  69.4s [8月1日（週五） 上午 7:08]   ok  walked back outside
  69.7s [8月1日（週五） 上午 7:13]   ok  entered Bloom Coffee
  69.7s [8月1日（週五） 上午 7:15]   use "Read the news board"
  69.8s [8月1日（週五） 上午 7:20]   (shot news_supply_shock skipped: headless)
  69.8s [8月1日（週五） 上午 7:20]   ok  read the news (supply_shock)
  70.0s [8月1日（週五） 上午 7:25]   ok  walked back outside
  70.3s [8月1日（週五） 上午 7:30]   ok  entered Riverside Tower
  70.4s [8月1日（週五） 下午 7:03]   use "Sleep"
  70.4s [8月1日（週五） 下午 7:03]   click [Sleep] Sleep until 7:00 AM
  70.6s [8月2日（週六） 下午 7:00]   (shot decision_supplier_price_increase skipped: headless)
  70.6s [8月2日（週六） 下午 7:00]   decision supplier_price_increase → accept
  70.6s [8月2日（週六） 下午 7:00]   click [Choice_accept] 好。繼續跟你進貨。
  70.7s [8月2日（週六） 下午 7:00]   (shot decision_outcome_supplier_price_increase skipped: headless)
  70.7s [8月2日（週六） 下午 7:00]   click "OK"
  70.7s [8月2日（週六） 下午 7:00]   use "Sleep"
  70.7s [8月2日（週六） 下午 7:00]   click [Sleep] Sleep until 7:00 AM
  70.9s [8月3日（週日） 下午 7:00]   (shot decision_supply_shock_plan skipped: headless)
  70.9s [8月3日（週日） 下午 7:00]   decision supply_shock_plan → local
  70.9s [8月3日（週日） 下午 7:00]   click [Choice_local] 加一個在地備援：奧瑞莉亞職人合作社
  70.9s [8月3日（週日） 下午 7:00]   (shot decision_outcome_supply_shock_plan skipped: headless)
  70.9s [8月3日（週日） 下午 7:00]   click "OK"
  71.0s [8月3日（週日） 下午 7:00]   use "Sleep"
  71.0s [8月3日（週日） 下午 7:00]   click [Sleep] Sleep until 7:00 AM
  71.1s [8月4日（週一） 上午 7:01]   ok  the local co-op is a supplier now
  71.1s [8月4日（週一） 上午 7:01] STEP Chapter 7 — order from the co-op, raise a price
  71.2s [8月4日（週一） 上午 7:02]   use "Use laptop — Company OS"
  71.2s [8月4日（週一） 上午 7:03]   click [Tab_operations] Operations
  71.3s [8月4日（週一） 上午 7:04]   (shot operations_supply_shock skipped: headless)
  71.3s [8月4日（週一） 上午 7:04]   click [Buy_aurelia_makers_desk_lamp] 購買 $417
  71.4s [8月4日（週一） 上午 7:15]   click [Buy_aurelia_makers_desk_lamp] 購買 $417
  71.5s [8月4日（週一） 上午 7:26]   click [Buy_aurelia_makers_desk_lamp] 購買 $417
  71.6s [8月4日（週一） 上午 7:37]   click [Buy_aurelia_makers_desk_lamp] 購買 $417
  71.7s [8月4日（週一） 上午 7:48]   click [Tab_sales] Sales
  71.7s [8月4日（週一） 上午 7:48]   click [PriceUp_wireless_earbuds] +
  71.8s [8月4日（週一） 上午 7:49]   click [PriceUp_wireless_earbuds] +
  71.8s [8月4日（週一） 上午 7:49]   click [PriceUp_wireless_earbuds] +
  71.9s [8月4日（週一） 上午 7:49]   click [PriceUp_wireless_earbuds] +
  71.9s [8月4日（週一） 上午 7:49]   click [PriceUp_wireless_earbuds] +
  72.0s [8月4日（週一） 上午 7:49]   click [PriceUp_wireless_earbuds] +
  72.1s [8月4日（週一） 上午 7:50]   click [PriceUp_wireless_earbuds] +
  72.1s [8月4日（週一） 上午 7:50]   click [PriceUp_wireless_earbuds] +
  72.2s [8月4日（週一） 上午 7:50]   click [PriceUp_wireless_earbuds] +
  72.2s [8月4日（週一） 上午 7:50]   click [PriceUp_wireless_earbuds] +
  72.3s [8月4日（週一） 上午 7:51]   click [PriceUp_wireless_earbuds] +
  72.3s [8月4日（週一） 上午 7:51]   click [PriceUp_wireless_earbuds] +
  72.3s [8月4日（週一） 上午 7:51]   click [PriceUp_water_bottle] +
  72.4s [8月4日（週一） 上午 7:51]   click [PriceUp_water_bottle] +
  72.4s [8月4日（週一） 上午 7:51]   click [PriceUp_water_bottle] +
  72.5s [8月4日（週一） 上午 7:52]   click [PriceUp_water_bottle] +
  72.5s [8月4日（週一） 上午 7:52]   click [PriceUp_water_bottle] +
  72.6s [8月4日（週一） 上午 7:52]   click [PriceUp_desk_lamp] +
  72.6s [8月4日（週一） 上午 7:52]   click [PriceUp_desk_lamp] +
  72.7s [8月4日（週一） 上午 7:53]   click [PriceUp_desk_lamp] +
  72.7s [8月4日（週一） 上午 7:53]   click [PriceUp_desk_lamp] +
  72.8s [8月4日（週一） 上午 7:53]   click [PriceUp_desk_lamp] +
  72.8s [8月4日（週一） 上午 7:53]   click [PriceUp_desk_lamp] +
  72.9s [8月4日（週一） 上午 7:53]   click [PriceUp_desk_lamp] +
  72.9s [8月4日（週一） 上午 7:54]   click [PriceUp_desk_lamp] +
  73.0s [8月4日（週一） 上午 7:54]   click [PriceUp_phone_stand] +
  73.0s [8月4日（週一） 上午 7:54]   click [PriceUp_phone_stand] +
  73.1s [8月4日（週一） 上午 7:54]   click [PriceUp_phone_stand] +
  73.1s [8月4日（週一） 上午 7:55]   click [PriceUp_phone_stand] +
  73.2s [8月4日（週一） 上午 7:57]   ok  stocked and repriced
  73.2s [8月4日（週一） 上午 7:57]   use "Use laptop — Company OS"
  73.3s [8月4日（週一） 上午 7:58]   click [Tab_operations] Operations
  73.4s [8月4日（週一） 上午 7:59]   click [DeliverTo_riverside_studio] 河濱大樓 7C
  73.5s [8月4日（週一） 上午 7:59]   click [Buy_tradelink_wholesale_wireless_earbuds] 購買 $1,008
  73.5s [8月4日（週一） 上午 8:09]   click [Buy_tradelink_wholesale_wireless_earbuds] 購買 $1,008
  73.6s [8月4日（週一） 上午 8:20]   click [Buy_tradelink_wholesale_wireless_earbuds] 購買 $1,008
  73.7s [8月4日（週一） 上午 8:30]   click [Buy_tradelink_wholesale_water_bottle] 購買 $526
  73.7s [8月4日（週一） 上午 8:40]   click [Buy_tradelink_wholesale_water_bottle] 購買 $526
  73.8s [8月4日（週一） 上午 8:50]   click [Buy_tradelink_wholesale_water_bottle] 購買 $526
  73.9s [8月4日（週一） 上午 9:01]   click [Buy_tradelink_wholesale_phone_stand] 購買 $305
  74.0s [8月4日（週一） 上午 9:11]   click [Buy_tradelink_wholesale_phone_stand] 購買 $305
  74.4s [8月4日（週一） 下午 7:11]   use "Sleep"
  74.4s [8月4日（週一） 下午 7:11]   click [Sleep] Sleep until 7:00 AM
  74.8s [8月5日（週二） 下午 7:09]   use "Sleep"
  74.9s [8月5日（週二） 下午 7:09]   click [Sleep] Sleep until 7:00 AM
  75.0s [8月6日（週三） 下午 7:00]   use "Sleep"
  75.1s [8月6日（週三） 下午 7:00]   click [Sleep] Sleep until 7:00 AM
  75.3s [8月7日（週四） 下午 7:00]   use "Sleep"
  75.3s [8月7日（週四） 下午 7:00]   click [Sleep] Sleep until 7:00 AM
  75.8s [8月8日（週五） 上午 7:14]   use "Packing table"
  75.8s [8月8日（週五） 上午 7:15]   click [Pack] 打包 15 筆訂單（2 h）
  75.8s [8月8日（週五） 上午 9:16]   click [CourierEconomy] 快遞 · 經濟 3 天（$92.40）
  76.3s [8月8日（週五） 下午 7:13]   use "Sleep"
  76.3s [8月8日（週五） 下午 7:13]   click [Sleep] Sleep until 7:00 AM
  76.7s [8月9日（週六） 上午 7:14]   use "Packing table"
  76.8s [8月9日（週六） 上午 7:15]   click [Pack] 打包 23 筆訂單（3 小時 4 分）
  76.8s [8月9日（週六） 上午 10:20]   click [CourierEconomy] 快遞 · 經濟 3 天（$138.48）
  77.3s [8月9日（週六） 下午 7:13]   use "Sleep"
  77.3s [8月9日（週六） 下午 7:13]   click [Sleep] Sleep until 7:00 AM
  77.7s [8月10日（週日） 上午 7:14]   use "Packing table"
  77.7s [8月10日（週日） 上午 7:15]   click [Pack] 打包 22 筆訂單（2 小時 56 分）
  77.8s [8月10日（週日） 上午 10:12]   click [CourierEconomy] 快遞 · 經濟 3 天（$132.72）
  78.3s [8月10日（週日） 下午 7:13]   use "Sleep"
  78.3s [8月10日（週日） 下午 7:13]   click [Sleep] Sleep until 7:00 AM
  78.7s [8月11日（週一） 上午 7:14]   use "Packing table"
  78.7s [8月11日（週一） 上午 7:15]   click [Pack] 打包 16 筆訂單（2 小時 8 分）
  78.8s [8月11日（週一） 上午 9:24]   click [CourierEconomy] 快遞 · 經濟 3 天（$98.16）
  79.2s [8月11日（週一） 下午 7:13]   use "Sleep"
  79.2s [8月11日（週一） 下午 7:13]   click [Sleep] Sleep until 7:00 AM
  79.7s [8月12日（週二） 上午 7:14]   use "Packing table"
  79.8s [8月12日（週二） 上午 7:15]   click [Pack] 打包 21 筆訂單（2 小時 48 分）
  79.8s [8月12日（週二） 上午 10:04]   click [CourierEconomy] 快遞 · 經濟 3 天（$126.96）
  80.3s [8月12日（週二） 下午 7:13]   use "Sleep"
  80.3s [8月12日（週二） 下午 7:13]   click [Sleep] Sleep until 7:00 AM
  80.7s [8月13日（週三） 上午 7:14]   use "Packing table"
  80.8s [8月13日（週三） 上午 7:15]   click [Pack] 打包 23 筆訂單（3 小時 4 分）
  80.8s [8月13日（週三） 上午 10:20]   click [CourierEconomy] 快遞 · 經濟 3 天（$138.48）
  81.3s [8月13日（週三） 下午 7:13]   use "Sleep"
  81.3s [8月13日（週三） 下午 7:13]   click [Sleep] Sleep until 7:00 AM
  81.7s [8月14日（週四） 上午 7:14]   use "Packing table"
  81.8s [8月14日（週四） 上午 7:15]   click [Pack] 打包 18 筆訂單（2 小時 24 分）
  81.8s [8月14日（週四） 上午 9:40]   click [CourierEconomy] 快遞 · 經濟 3 天（$109.68）
  82.3s [8月14日（週四） 下午 7:13]   use "Sleep"
  82.3s [8月14日（週四） 下午 7:13]   click [Sleep] Sleep until 7:00 AM
  82.8s [8月15日（週五） 上午 7:14]   use "Packing table"
  82.8s [8月15日（週五） 上午 7:15]   click [Pack] 打包 29 筆訂單（3 小時 52 分）
  82.9s [8月15日（週五） 上午 11:08]   click [CourierEconomy] 快遞 · 經濟 3 天（$173.04）
  83.3s [8月15日（週五） 下午 7:13]   use "Sleep"
  83.3s [8月15日（週五） 下午 7:13]   click [Sleep] Sleep until 7:00 AM
  83.8s [8月16日（週六） 上午 7:14]   use "Packing table"
  83.8s [8月16日（週六） 上午 7:15]   click [Pack] 打包 25 筆訂單（3 小時 20 分）
  83.9s [8月16日（週六） 上午 10:36]   click [CourierEconomy] 快遞 · 經濟 3 天（$150.00）
  84.0s [8月16日（週六） 上午 10:40]   use "Use laptop — Company OS"
  84.1s [8月16日（週六） 上午 10:41]   click [Tab_operations] Operations
  84.3s [8月16日（週六） 上午 10:42]   click [DeliverTo_riverside_studio] 河濱大樓 7C
  84.4s [8月16日（週六） 上午 10:42]   click [Buy_tradelink_wholesale_phone_stand] 購買 $305
  84.7s [8月16日（週六） 下午 7:12]   use "Sleep"
  84.8s [8月16日（週六） 下午 7:12]   click [Sleep] Sleep until 7:00 AM
  85.2s [8月17日（週日） 上午 7:14]   use "Packing table"
  85.2s [8月17日（週日） 上午 7:15]   click [Pack] 打包 23 筆訂單（3 小時 4 分）
  85.3s [8月17日（週日） 上午 10:20]   click [CourierEconomy] 快遞 · 經濟 3 天（$138.48）
  85.7s [8月17日（週日） 下午 7:13]   use "Sleep"
  85.8s [8月17日（週日） 下午 7:13]   click [Sleep] Sleep until 7:00 AM
  86.2s [8月18日（週一） 上午 7:14]   use "Packing table"
  86.2s [8月18日（週一） 上午 7:15]   click [Pack] 打包 18 筆訂單（2 小時 24 分）
  86.3s [8月18日（週一） 上午 9:40]   click [CourierEconomy] 快遞 · 經濟 3 天（$109.68）
  86.4s [8月18日（週一） 上午 9:44]   use "Use laptop — Company OS"
  86.5s [8月18日（週一） 上午 9:45]   click [Tab_operations] Operations
  86.7s [8月18日（週一） 上午 9:46]   click [DeliverTo_riverside_studio] 河濱大樓 7C
  86.8s [8月18日（週一） 上午 9:46]   click [Buy_tradelink_wholesale_desk_lamp] 購買 $515
  86.9s [8月18日（週一） 上午 9:56]   click [Buy_tradelink_wholesale_desk_lamp] 購買 $515
  87.2s [8月18日（週一） 下午 7:12]   use "Sleep"
  87.3s [8月18日（週一） 下午 7:12]   click [Sleep] Sleep until 7:00 AM
  87.7s [8月19日（週二） 上午 7:14]   use "Packing table"
  87.7s [8月19日（週二） 上午 7:15]   click [Pack] 打包 20 筆訂單（2 小時 40 分）
  87.8s [8月19日（週二） 上午 9:56]   click [CourierEconomy] 快遞 · 經濟 3 天（$121.20）
  88.3s [8月19日（週二） 下午 7:13]   use "Sleep"
  88.3s [8月19日（週二） 下午 7:13]   click [Sleep] Sleep until 7:00 AM
  88.7s [8月20日（週三） 上午 7:14]   use "Packing table"
  88.7s [8月20日（週三） 上午 7:15]   click [Pack] 打包 15 筆訂單（2 h）
  88.8s [8月20日（週三） 上午 9:16]   click [CourierEconomy] 快遞 · 經濟 3 天（$92.40）
  89.3s [8月20日（週三） 下午 7:13]   use "Sleep"
  89.3s [8月20日（週三） 下午 7:13]   click [Sleep] Sleep until 7:00 AM
  89.8s [8月21日（週四） 上午 7:14]   use "Packing table"
  89.8s [8月21日（週四） 上午 7:15]   click [Pack] 打包 23 筆訂單（3 小時 4 分）
  89.9s [8月21日（週四） 上午 10:20]   click [CourierEconomy] 快遞 · 經濟 3 天（$138.48）
  90.0s [8月21日（週四） 上午 10:24]   use "Use laptop — Company OS"
  90.1s [8月21日（週四） 上午 10:25]   click [Tab_operations] Operations
  90.3s [8月21日（週四） 上午 10:26]   click [DeliverTo_riverside_studio] 河濱大樓 7C
  90.3s [8月21日（週四） 上午 10:26]   click [Buy_tradelink_wholesale_wireless_earbuds] 購買 $1,008
  90.4s [8月21日（週四） 上午 10:36]   click [Buy_tradelink_wholesale_wireless_earbuds] 購買 $1,008
  90.8s [8月21日（週四） 下午 7:12]   use "Sleep"
  90.8s [8月21日（週四） 下午 7:12]   click [Sleep] Sleep until 7:00 AM
  91.3s [8月22日（週五） 上午 7:14]   use "Packing table"
  91.4s [8月22日（週五） 上午 7:15]   click [Pack] 打包 32 筆訂單（4 小時 16 分）
  91.4s [8月22日（週五） 上午 11:32]   click [CourierEconomy] 快遞 · 經濟 3 天（$197.52）
  91.9s [8月22日（週五） 下午 7:13]   use "Sleep"
  91.9s [8月22日（週五） 下午 7:13]   click [Sleep] Sleep until 7:00 AM
  92.4s [8月23日（週六） 上午 7:14]   use "Packing table"
  92.4s [8月23日（週六） 上午 7:15]   click [Pack] 打包 26 筆訂單（3 小時 28 分）
  92.5s [8月23日（週六） 上午 10:44]   click [CourierEconomy] 快遞 · 經濟 3 天（$166.56）
  92.9s [8月23日（週六） 下午 7:13]   use "Sleep"
  93.0s [8月23日（週六） 下午 7:13]   click [Sleep] Sleep until 7:00 AM
  93.4s [8月24日（週日） 上午 7:14]   use "Packing table"
  93.4s [8月24日（週日） 上午 7:15]   click [Pack] 打包 21 筆訂單（2 小時 48 分）
  93.5s [8月24日（週日） 上午 10:04]   click [CourierEconomy] 快遞 · 經濟 3 天（$155.76）
  93.6s [8月24日（週日） 上午 10:08]   use "Use laptop — Company OS"
  93.6s [8月24日（週日） 上午 10:09]   click [Tab_operations] Operations
  93.8s [8月24日（週日） 上午 10:10]   click [DeliverTo_riverside_studio] 河濱大樓 7C
  93.9s [8月24日（週日） 上午 10:10]   click [Buy_tradelink_wholesale_water_bottle] 購買 $526
  93.9s [8月24日（週日） 上午 10:20]   click [Buy_tradelink_wholesale_water_bottle] 購買 $526
  94.1s [8月24日（週日） 下午 7:00]   (shot decision_supplier_price_increase skipped: headless)
  94.1s [8月24日（週日） 下午 7:00]   decision supplier_price_increase → accept
  94.1s [8月24日（週日） 下午 7:00]   click [Choice_accept] 好。繼續跟你進貨。
  94.1s [8月24日（週日） 下午 7:00]   (shot decision_outcome_supplier_price_increase skipped: headless)
  94.1s [8月24日（週日） 下午 7:00]   click "OK"
  94.4s [8月24日（週日） 下午 7:12]   use "Sleep"
  94.4s [8月24日（週日） 下午 7:12]   click [Sleep] Sleep until 7:00 AM
  94.9s [8月25日（週一） 上午 7:14]   use "Packing table"
  94.9s [8月25日（週一） 上午 7:15]   click [Pack] 打包 29 筆訂單（3 小時 52 分）
  95.0s [8月25日（週一） 上午 11:08]   click [CourierEconomy] 快遞 · 經濟 3 天（$180.24）
  95.5s [8月25日（週一） 下午 7:13]   use "Sleep"
  95.5s [8月25日（週一） 下午 7:13]   click [Sleep] Sleep until 7:00 AM
  96.1s [8月26日（週二） 上午 7:14]   use "Packing table"
  96.1s [8月26日（週二） 上午 7:15]   click [Pack] 打包 28 筆訂單（3 小時 44 分）
  96.2s [8月26日（週二） 上午 11:00]   click [CourierEconomy] 快遞 · 經濟 3 天（$181.68）
  96.3s [8月26日（週二） 上午 11:04]   use "Use laptop — Company OS"
  96.4s [8月26日（週二） 上午 11:05]   click [Tab_operations] Operations
  96.6s [8月26日（週二） 上午 11:06]   click [DeliverTo_riverside_studio] 河濱大樓 7C
  96.7s [8月26日（週二） 上午 11:06]   click [Buy_tradelink_wholesale_phone_stand] 購買 $305
  97.1s [8月26日（週二） 下午 7:12]   use "Sleep"
  97.1s [8月26日（週二） 下午 7:12]   click [Sleep] Sleep until 7:00 AM
  97.6s [8月27日（週三） 上午 7:14]   use "Packing table"
  97.6s [8月27日（週三） 上午 7:15]   click [Pack] 打包 21 筆訂單（2 小時 48 分）
  97.6s [8月27日（週三） 上午 10:04]   click [CourierEconomy] 快遞 · 經濟 3 天（$137.76）
  98.1s [8月27日（週三） 下午 7:13]   use "Sleep"
  98.1s [8月27日（週三） 下午 7:13]   click [Sleep] Sleep until 7:00 AM
  98.6s [8月28日（週四） 上午 7:14]   use "Packing table"
  98.6s [8月28日（週四） 上午 7:15]   click [Pack] 打包 21 筆訂單（2 小時 48 分）
  98.7s [8月28日（週四） 上午 10:04]   click [CourierEconomy] 快遞 · 經濟 3 天（$141.36）
  99.2s [8月28日（週四） 下午 7:13]   use "Sleep"
  99.2s [8月28日（週四） 下午 7:13]   click [Sleep] Sleep until 7:00 AM
  99.6s [8月29日（週五） 上午 7:14]   use "Packing table"
  99.7s [8月29日（週五） 上午 7:15]   click [Pack] 打包 25 筆訂單（3 小時 20 分）
  99.7s [8月29日（週五） 上午 10:36]   click [CourierEconomy] 快遞 · 經濟 3 天（$171.60）
 100.2s [8月29日（週五） 下午 7:13]   use "Sleep"
 100.2s [8月29日（週五） 下午 7:13]   click [Sleep] Sleep until 7:00 AM
 100.3s [8月30日（週六） 上午 6:24]   toast: 新評價 #2333：★「壞掉了，賣家不處理。」
 100.7s [8月30日（週六） 上午 7:14]   use "Packing table"
 100.7s [8月30日（週六） 上午 7:15]   click [Pack] 打包 26 筆訂單（3 小時 28 分）
 100.8s [8月30日（週六） 上午 10:44]   click [CourierEconomy] 快遞 · 經濟 3 天（$170.16）
 101.3s [8月30日（週六） 下午 7:13]   use "Sleep"
 101.3s [8月30日（週六） 下午 7:13]   click [Sleep] Sleep until 7:00 AM
 101.8s [8月31日（週日） 上午 7:14]   use "Packing table"
 101.8s [8月31日（週日） 上午 7:15]   click [Pack] 打包 23 筆訂單（3 小時 4 分）
 101.8s [8月31日（週日） 上午 10:20]   click [CourierEconomy] 快遞 · 經濟 3 天（$156.48）
 102.4s [8月31日（週日） 下午 7:13]   use "Sleep"
 102.4s [8月31日（週日） 下午 7:13]   click [Sleep] Sleep until 7:00 AM
 102.7s [9月1日（週一） 上午 7:00]   (shot month_close_report skipped: headless)
 102.7s [9月1日（週一） 上午 7:00]   click [month close] Continue
 103.0s [9月1日（週一） 上午 7:14]   use "Packing table"
 103.0s [9月1日（週一） 上午 7:15]   click [Pack] 打包 26 筆訂單（3 小時 28 分）
 103.1s [9月1日（週一） 上午 10:44]   click [CourierEconomy] 快遞 · 經濟 3 天（$166.56）
 103.6s [9月1日（週一） 下午 7:13]   use "Sleep"
 103.6s [9月1日（週一） 下午 7:13]   click [Sleep] Sleep until 7:00 AM
 104.0s [9月2日（週二） 上午 7:14]   use "Packing table"
 104.1s [9月2日（週二） 上午 7:15]   click [Pack] 打包 27 筆訂單（3 小時 36 分）
 104.1s [9月2日（週二） 上午 10:52]   click [CourierEconomy] 快遞 · 經濟 3 天（$186.72）
 104.6s [9月2日（週二） 下午 7:13]   use "Sleep"
 104.6s [9月2日（週二） 下午 7:13]   click [Sleep] Sleep until 7:00 AM
 105.1s [9月3日（週三） 上午 7:14]   use "Packing table"
 105.1s [9月3日（週三） 上午 7:15]   click [Pack] 打包 33 筆訂單（4 小時 24 分）
 105.2s [9月3日（週三） 上午 11:40]   click [CourierEconomy] 快遞 · 經濟 3 天（$206.88）
 105.6s [9月3日（週三） 下午 7:13]   use "Sleep"
 105.7s [9月3日（週三） 下午 7:13]   click [Sleep] Sleep until 7:00 AM
 106.2s [9月4日（週四） 上午 7:14]   use "Packing table"
 106.2s [9月4日（週四） 上午 7:15]   click [Pack] 打包 30 筆訂單（4 h）
 106.3s [9月4日（週四） 上午 11:16]   click [CourierEconomy] 快遞 · 經濟 3 天（$196.80）
 106.4s [9月4日（週四） 上午 11:20]   use "Use laptop — Company OS"
 106.4s [9月4日（週四） 上午 11:21]   click [Tab_operations] Operations
 106.7s [9月4日（週四） 上午 11:22]   click [DeliverTo_riverside_studio] 河濱大樓 7C
 106.7s [9月4日（週四） 上午 11:22]   click [Buy_tradelink_wholesale_desk_lamp] 購買 $515
 106.8s [9月4日（週四） 上午 11:32]   click [Buy_tradelink_wholesale_desk_lamp] 購買 $515
 106.9s [9月4日（週四） 上午 11:43]   click [Buy_tradelink_wholesale_phone_stand] 購買 $305
 107.3s [9月4日（週四） 下午 7:12]   use "Sleep"
 107.3s [9月4日（週四） 下午 7:12]   click [Sleep] Sleep until 7:00 AM
 107.8s [9月5日（週五） 上午 7:14]   use "Packing table"
 107.8s [9月5日（週五） 上午 7:15]   click [Pack] 打包 32 筆訂單（4 小時 16 分）
 107.9s [9月5日（週五） 上午 11:32]   click [CourierEconomy] 快遞 · 經濟 3 天（$208.32）
 108.4s [9月5日（週五） 下午 7:13]   use "Sleep"
 108.4s [9月5日（週五） 下午 7:13]   click [Sleep] Sleep until 7:00 AM
 109.0s [9月6日（週六） 上午 7:14]   use "Packing table"
 109.0s [9月6日（週六） 上午 7:15]   click [Pack] 打包 28 筆訂單（3 小時 44 分）
 109.1s [9月6日（週六） 上午 11:00]   click [CourierEconomy] 快遞 · 經濟 3 天（$178.08）
 109.2s [9月6日（週六） 上午 11:04]   use "Use laptop — Company OS"
 109.3s [9月6日（週六） 上午 11:05]   click [Tab_operations] Operations
 109.5s [9月6日（週六） 上午 11:06]   click [DeliverTo_riverside_studio] 河濱大樓 7C
 109.6s [9月6日（週六） 上午 11:06]   click [Buy_tradelink_wholesale_wireless_earbuds] 購買 $1,008
 109.7s [9月6日（週六） 上午 11:16]   click [Buy_tradelink_wholesale_wireless_earbuds] 購買 $1,008
 110.1s [9月6日（週六） 下午 7:12]   use "Sleep"
 110.1s [9月6日（週六） 下午 7:12]   click [Sleep] Sleep until 7:00 AM
 110.5s [9月7日（週日） 上午 7:14]   use "Packing table"
 110.6s [9月7日（週日） 上午 7:15]   click [Pack] 打包 20 筆訂單（2 小時 40 分）
 110.6s [9月7日（週日） 上午 9:56]   click [CourierEconomy] 快遞 · 經濟 3 天（$128.40）
 111.1s [9月7日（週日） 下午 7:13]   use "Sleep"
 111.1s [9月7日（週日） 下午 7:13]   click [Sleep] Sleep until 7:00 AM
 111.6s [9月8日（週一） 上午 7:14]   use "Packing table"
 111.7s [9月8日（週一） 上午 7:15]   click [Pack] 打包 23 筆訂單（3 小時 4 分）
 111.7s [9月8日（週一） 上午 10:20]   click [CourierEconomy] 快遞 · 經濟 3 天（$156.48）
 112.2s [9月8日（週一） 下午 7:13]   use "Sleep"
 112.3s [9月8日（週一） 下午 7:13]   click [Sleep] Sleep until 7:00 AM
 112.7s [9月9日（週二） 上午 7:14]   use "Packing table"
 112.8s [9月9日（週二） 上午 7:15]   click [Pack] 打包 34 筆訂單（4 小時 32 分）
 112.9s [9月9日（週二） 上午 11:48]   click [CourierEconomy] 快遞 · 經濟 3 天（$212.64）
 113.0s [9月9日（週二） 上午 11:52]   use "Use laptop — Company OS"
 113.1s [9月9日（週二） 上午 11:53]   click [Tab_operations] Operations
 113.3s [9月9日（週二） 上午 11:54]   click [DeliverTo_riverside_studio] 河濱大樓 7C
 113.3s [9月9日（週二） 上午 11:54]   click [Buy_tradelink_wholesale_water_bottle] 購買 $526
 113.4s [9月9日（週二） 下午 12:04]   click [Buy_tradelink_wholesale_water_bottle] 購買 $526
 113.8s [9月9日（週二） 下午 7:12]   use "Sleep"
 113.8s [9月9日（週二） 下午 7:12]   click [Sleep] Sleep until 7:00 AM
 114.3s [9月10日（週三） 上午 7:14]   use "Packing table"
 114.4s [9月10日（週三） 上午 7:15]   click [Pack] 打包 34 筆訂單（4 小時 32 分）
 114.5s [9月10日（週三） 上午 11:48]   click [CourierEconomy] 快遞 · 經濟 3 天（$216.24）
 114.9s [9月10日（週三） 下午 7:13]   use "Sleep"
 115.0s [9月10日（週三） 下午 7:13]   click [Sleep] Sleep until 7:00 AM
 115.5s [9月11日（週四） 上午 7:14]   use "Packing table"
 115.5s [9月11日（週四） 上午 7:15]   click [Pack] 打包 28 筆訂單（3 小時 44 分）
 115.6s [9月11日（週四） 上午 11:00]   click [CourierEconomy] 快遞 · 經濟 3 天（$203.28）
 116.0s [9月11日（週四） 下午 7:13]   use "Sleep"
 116.1s [9月11日（週四） 下午 7:13]   click [Sleep] Sleep until 7:00 AM
 116.6s [9月12日（週五） 上午 7:14]   use "Packing table"
 116.6s [9月12日（週五） 上午 7:15]   click [Pack] 打包 15 筆訂單（2 h）
 116.7s [9月12日（週五） 上午 9:16]   click [CourierEconomy] 快遞 · 經濟 3 天（$96.00）
 117.2s [9月12日（週五） 下午 7:13]   use "Sleep"
 117.2s [9月12日（週五） 下午 7:13]   click [Sleep] Sleep until 7:00 AM
 117.7s [9月13日（週六） 上午 7:14]   use "Packing table"
 117.8s [9月13日（週六） 上午 7:15]   click [Pack] 打包 32 筆訂單（4 小時 16 分）
 117.9s [9月13日（週六） 上午 11:32]   click [CourierEconomy] 快遞 · 經濟 3 天（$211.92）
 118.4s [9月13日（週六） 下午 7:13]   use "Sleep"
 118.4s [9月13日（週六） 下午 7:13]   click [Sleep] Sleep until 7:00 AM
 119.0s [9月14日（週日） 上午 7:14]   use "Packing table"
 119.0s [9月14日（週日） 上午 7:15]   click [Pack] 打包 24 筆訂單（3 小時 12 分）
 119.1s [9月14日（週日） 上午 10:28]   click [CourierEconomy] 快遞 · 經濟 3 天（$147.84）
 119.3s [9月14日（週日） 上午 10:32]   use "Use laptop — Company OS"
 119.4s [9月14日（週日） 上午 10:33]   click [Tab_operations] Operations
 119.6s [9月14日（週日） 上午 10:34]   click [DeliverTo_riverside_studio] 河濱大樓 7C
 119.7s [9月14日（週日） 上午 10:34]   click [Buy_tradelink_wholesale_phone_stand] 購買 $305
 119.8s [9月14日（週日） 上午 10:44]   click [Buy_tradelink_wholesale_phone_stand] 購買 $305
 120.2s [9月14日（週日） 下午 7:12]   use "Sleep"
 120.2s [9月14日（週日） 下午 7:12]   click [Sleep] Sleep until 7:00 AM
 120.3s [9月14日（週日） 下午 11:00]   toast: 新評價 #2776：★「壞掉了，賣家不處理。」
 120.7s [9月15日（週一） 上午 7:14]   use "Packing table"
 120.8s [9月15日（週一） 上午 7:15]   click [Pack] 打包 26 筆訂單（3 小時 28 分）
 120.8s [9月15日（週一） 上午 10:44]   click [CourierEconomy] 快遞 · 經濟 3 天（$173.76）
 121.3s [9月15日（週一） 下午 7:13]   use "Sleep"
 121.4s [9月15日（週一） 下午 7:13]   click [Sleep] Sleep until 7:00 AM
 121.9s [9月16日（週二） 上午 7:14]   use "Packing table"
 121.9s [9月16日（週二） 上午 7:15]   click [Pack] 打包 23 筆訂單（3 小時 4 分）
 121.9s [9月16日（週二） 上午 10:20]   click [CourierEconomy] 快遞 · 經濟 3 天（$149.28）
 122.5s [9月16日（週二） 下午 7:13]   use "Sleep"
 122.5s [9月16日（週二） 下午 7:13]   click [Sleep] Sleep until 7:00 AM
 123.0s [9月17日（週三） 上午 7:14]   use "Packing table"
 123.1s [9月17日（週三） 上午 7:15]   click [Pack] 打包 28 筆訂單（3 小時 44 分）
 123.1s [9月17日（週三） 上午 11:00]   click [CourierEconomy] 快遞 · 經濟 3 天（$185.28）
 123.7s [9月17日（週三） 下午 7:13]   use "Sleep"
 123.7s [9月17日（週三） 下午 7:13]   click [Sleep] Sleep until 7:00 AM
 124.2s [9月18日（週四） 上午 7:14]   use "Packing table"
 124.2s [9月18日（週四） 上午 7:15]   click [Pack] 打包 33 筆訂單（4 小時 24 分）
 124.3s [9月18日（週四） 上午 11:40]   click [CourierEconomy] 快遞 · 經濟 3 天（$217.68）
 124.4s [9月18日（週四） 上午 11:44]   use "Use laptop — Company OS"
 124.5s [9月18日（週四） 上午 11:45]   click [Tab_operations] Operations
 124.8s [9月18日（週四） 上午 11:46]   click [DeliverTo_riverside_studio] 河濱大樓 7C
 124.8s [9月18日（週四） 上午 11:46]   click [Buy_tradelink_wholesale_wireless_earbuds] 購買 $1,008
 124.9s [9月18日（週四） 上午 11:56]   click [Buy_tradelink_wholesale_wireless_earbuds] 購買 $1,008
 125.3s [9月18日（週四） 下午 7:12]   use "Sleep"
 125.3s [9月18日（週四） 下午 7:12]   click [Sleep] Sleep until 7:00 AM
 125.9s [9月19日（週五） 上午 7:14]   use "Packing table"
 125.9s [9月19日（週五） 上午 7:15]   click [Pack] 打包 37 筆訂單（4 小時 56 分）
 126.0s [9月19日（週五） 下午 12:12]   click [CourierEconomy] 快遞 · 經濟 3 天（$226.32）
 126.1s [9月19日（週五） 下午 12:16]   use "Use laptop — Company OS"
 126.2s [9月19日（週五） 下午 12:17]   click [Tab_operations] Operations
 126.5s [9月19日（週五） 下午 12:18]   click [DeliverTo_riverside_studio] 河濱大樓 7C
 126.5s [9月19日（週五） 下午 12:18]   click [Buy_tradelink_wholesale_desk_lamp] 購買 $515
 126.6s [9月19日（週五） 下午 12:28]   click [Buy_tradelink_wholesale_desk_lamp] 購買 $515
 127.1s [9月19日（週五） 下午 7:12]   use "Sleep"
 127.1s [9月19日（週五） 下午 7:12]   click [Sleep] Sleep until 7:00 AM
 127.6s [9月20日（週六） 上午 7:14]   use "Packing table"
 127.6s [9月20日（週六） 上午 7:15]   click [Pack] 打包 36 筆訂單（4 小時 48 分）
 127.7s [9月20日（週六） 下午 12:04]   click [CourierEconomy] 快遞 · 經濟 3 天（$249.36）
 128.2s [9月20日（週六） 下午 7:13]   use "Sleep"
 128.3s [9月20日（週六） 下午 7:13]   click [Sleep] Sleep until 7:00 AM
 128.8s [9月21日（週日） 上午 7:14]   use "Packing table"
 128.8s [9月21日（週日） 上午 7:15]   click [Pack] 打包 23 筆訂單（3 小時 4 分）
 128.9s [9月21日（週日） 上午 10:20]   click [CourierEconomy] 快遞 · 經濟 3 天（$152.88）
 128.9s [9月21日（週日） 上午 10:21]   (shot decision_supplier_price_increase skipped: headless)
 128.9s [9月21日（週日） 上午 10:21]   decision supplier_price_increase → accept
 128.9s [9月21日（週日） 上午 10:21]   click [Choice_accept] 好。繼續跟你進貨。
 129.0s [9月21日（週日） 上午 10:21]   (shot decision_outcome_supplier_price_increase skipped: headless)
 129.0s [9月21日（週日） 上午 10:21]   click "OK"
 129.5s [9月21日（週日） 下午 7:14]   use "Sleep"
 129.5s [9月21日（週日） 下午 7:14]   click [Sleep] Sleep until 7:00 AM
 130.0s [9月22日（週一） 上午 7:14]   use "Packing table"
 130.1s [9月22日（週一） 上午 7:15]   click [Pack] 打包 24 筆訂單（3 小時 12 分）
 130.1s [9月22日（週一） 上午 10:28]   click [CourierEconomy] 快遞 · 經濟 3 天（$155.04）
 130.7s [9月22日（週一） 下午 7:13]   use "Sleep"
 130.7s [9月22日（週一） 下午 7:13]   click [Sleep] Sleep until 7:00 AM
 131.2s [9月23日（週二） 上午 7:14]   use "Packing table"
 131.3s [9月23日（週二） 上午 7:15]   click [Pack] 打包 35 筆訂單（4 小時 40 分）
 131.3s [9月23日（週二） 上午 11:56]   click [CourierEconomy] 快遞 · 經濟 3 天（$222.00）
 131.4s [9月23日（週二） 下午 12:00]   use "Use laptop — Company OS"
 131.6s [9月23日（週二） 下午 12:01]   click [Tab_operations] Operations
 131.8s [9月23日（週二） 下午 12:02]   click [DeliverTo_riverside_studio] 河濱大樓 7C
 131.9s [9月23日（週二） 下午 12:02]   click [Buy_tradelink_wholesale_water_bottle] 購買 $604
 132.0s [9月23日（週二） 下午 12:12]   click [Buy_tradelink_wholesale_water_bottle] 購買 $604
 132.4s [9月23日（週二） 下午 7:12]   use "Sleep"
 132.4s [9月23日（週二） 下午 7:12]   click [Sleep] Sleep until 7:00 AM
 133.0s [9月24日（週三） 上午 7:14]   use "Packing table"
 133.0s [9月24日（週三） 上午 7:15]   click [Pack] 打包 25 筆訂單（3 小時 20 分）
 133.1s [9月24日（週三） 上午 10:36]   click [CourierEconomy] 快遞 · 經濟 3 天（$171.60）
 133.7s [9月24日（週三） 下午 7:13]   use "Sleep"
 133.7s [9月24日（週三） 下午 7:13]   click [Sleep] Sleep until 7:00 AM
 134.3s [9月25日（週四） 上午 7:14]   use "Packing table"
 134.4s [9月25日（週四） 上午 7:15]   click [Pack] 打包 31 筆訂單（4 小時 8 分）
 134.4s [9月25日（週四） 上午 11:24]   click [CourierEconomy] 快遞 · 經濟 3 天（$206.16）
 135.0s [9月25日（週四） 下午 7:13]   use "Sleep"
 135.0s [9月25日（週四） 下午 7:13]   click [Sleep] Sleep until 7:00 AM
 135.0s [9月26日（週五） 上午 1:23]   toast: 新評價 #3048：★「浪費錢。」
 135.5s [9月26日（週五） 上午 7:14]   use "Packing table"
 135.6s [9月26日（週五） 上午 7:15]   click [Pack] 打包 19 筆訂單（2 小時 32 分）
 135.6s [9月26日（週五） 上午 9:48]   click [CourierEconomy] 快遞 · 經濟 3 天（$133.44）
 136.2s [9月26日（週五） 下午 7:13]   use "Sleep"
 136.2s [9月26日（週五） 下午 7:13]   click [Sleep] Sleep until 7:00 AM
 136.8s [9月27日（週六） 上午 7:14]   use "Packing table"
 136.8s [9月27日（週六） 上午 7:15]   click [Pack] 打包 23 筆訂單（3 小時 4 分）
 136.9s [9月27日（週六） 上午 10:20]   click [CourierEconomy] 快遞 · 經濟 3 天（$145.68）
 137.4s [9月27日（週六） 下午 7:13]   use "Sleep"
 137.5s [9月27日（週六） 下午 7:13]   click [Sleep] Sleep until 7:00 AM
 138.0s [9月28日（週日） 上午 7:14]   use "Packing table"
 138.0s [9月28日（週日） 上午 7:15]   click [Pack] 打包 26 筆訂單（3 小時 28 分）
 138.1s [9月28日（週日） 上午 10:44]   click [CourierEconomy] 快遞 · 經濟 3 天（$177.36）
 138.6s [9月28日（週日） 下午 7:13]   use "Sleep"
 138.7s [9月28日（週日） 下午 7:13]   click [Sleep] Sleep until 7:00 AM
 139.2s [9月29日（週一） 上午 7:14]   use "Packing table"
 139.3s [9月29日（週一） 上午 7:15]   click [Pack] 打包 23 筆訂單（3 小時 4 分）
 139.3s [9月29日（週一） 上午 10:20]   click [CourierEconomy] 快遞 · 經濟 3 天（$145.68）
 139.9s [9月29日（週一） 下午 7:13]   use "Sleep"
 139.9s [9月29日（週一） 下午 7:13]   click [Sleep] Sleep until 7:00 AM
 140.5s [9月30日（週二） 上午 7:14]   use "Packing table"
 140.5s [9月30日（週二） 上午 7:15]   click [Pack] 打包 26 筆訂單（3 小時 28 分）
 140.6s [9月30日（週二） 上午 10:44]   click [CourierEconomy] 快遞 · 經濟 3 天（$173.76）
 141.2s [9月30日（週二） 下午 7:13]   use "Sleep"
 141.2s [9月30日（週二） 下午 7:13]   click [Sleep] Sleep until 7:00 AM
 141.6s [10月1日（週三） 上午 7:00]   (shot month_close_report skipped: headless)
 141.6s [10月1日（週三） 上午 7:00]   click [month close] Continue
 142.0s [10月1日（週三） 上午 7:14]   use "Packing table"
 142.0s [10月1日（週三） 上午 7:15]   click [Pack] 打包 25 筆訂單（3 小時 20 分）
 142.1s [10月1日（週三） 上午 10:36]   click [CourierEconomy] 快遞 · 經濟 3 天（$120.40）
 142.1s [10月1日（週三） 上午 10:38]   ok  Chapter 7 complete
 142.1s [10月1日（週三） 上午 10:38]   ok  Chapter 7 passed with real profit, not two losses
 142.1s [10月1日（週三） 上午 10:38]   ch7_month_profit set from actual ledger profit $1,491; survived_losses=false
 142.1s [10月1日（週三） 上午 10:38]   ok  positive chapter seven monthly profit
 142.1s [10月1日（週三） 上午 10:38] STEP Chapter 8 — the Green Shift
 142.1s [10月1日（週三） 上午 10:38]   ok  Year 4: the Green Shift
 142.6s [10月1日（週三） 上午 10:42]   ok  walked back outside
 143.0s [10月1日（週三） 上午 10:47]   ok  entered Bloom Coffee
 143.0s [10月1日（週三） 上午 10:50]   use "Read the news board"
 143.0s [10月1日（週三） 上午 10:55]   (shot news_green_shift skipped: headless)
 143.1s [10月1日（週三） 上午 10:55]   ok  read the news (green_shift)
 143.4s [10月1日（週三） 上午 11:00]   ok  walked back outside
 143.8s [10月1日（週三） 上午 11:05]   ok  entered Riverside Tower
 143.8s [10月1日（週三） 上午 11:07]   use "Use laptop — Company OS"
 143.9s [10月1日（週三） 上午 11:08]   click [Tab_operations] Operations
 144.0s [10月1日（週三） 上午 11:09]   click [Packaging_recycled] Recycled paper
 144.1s [10月1日（週三） 上午 11:10]   click [Buy_verdant_supply_solar_lamp] 購買 $504
 144.2s [10月1日（週三） 上午 11:20]   (shot operations_green skipped: headless)
 144.3s [10月1日（週三） 上午 11:21]   ok  recycled packaging
 144.6s [10月1日（週三） 下午 7:11]   use "Sleep"
 144.6s [10月1日（週三） 下午 7:11]   click [Sleep] Sleep until 7:00 AM
 145.2s [10月2日（週四） 上午 7:14]   use "Packing table"
 145.2s [10月2日（週四） 上午 7:15]   click [Pack] 打包 26 筆訂單（3 小時 28 分）
 145.3s [10月2日（週四） 上午 10:44]   click [CourierEconomy] 快遞 · 經濟 3 天（$127.16）
 145.8s [10月2日（週四） 下午 7:13]   use "Sleep"
 145.9s [10月2日（週四） 下午 7:13]   click [Sleep] Sleep until 7:00 AM
 146.4s [10月3日（週五） 上午 7:14]   use "Packing table"
 146.5s [10月3日（週五） 上午 7:15]   click [Pack] 打包 32 筆訂單（4 小時 16 分）
 146.6s [10月3日（週五） 上午 11:32]   click [CourierEconomy] 快遞 · 經濟 3 天（$154.72）
 147.1s [10月3日（週五） 下午 7:13]   use "Sleep"
 147.1s [10月3日（週五） 下午 7:13]   click [Sleep] Sleep until 7:00 AM
 147.7s [10月4日（週六） 上午 7:14]   use "Packing table"
 147.8s [10月4日（週六） 上午 7:15]   click [Pack] 打包 21 筆訂單（2 小時 48 分）
 147.8s [10月4日（週六） 上午 10:04]   click [CourierEconomy] 快遞 · 經濟 3 天（$98.56）
 148.4s [10月4日（週六） 下午 7:13]   use "Sleep"
 148.4s [10月4日（週六） 下午 7:13]   click [Sleep] Sleep until 7:00 AM
 149.1s [10月5日（週日） 上午 7:14]   use "Packing table"
 149.1s [10月5日（週日） 上午 7:15]   click [Pack] 打包 34 筆訂單（4 小時 32 分）
 149.2s [10月5日（週日） 上午 11:48]   click [CourierEconomy] 快遞 · 經濟 3 天（$157.84）
 149.2s [10月5日（週日） 上午 11:50]   ok  solar desk lamps arrived before listing
 149.3s [10月5日（週日） 上午 11:52]   use "Use laptop — Company OS"
 149.4s [10月5日（週日） 上午 11:53]   click [Tab_sales] Sales
 149.7s [10月5日（週日） 上午 11:54]   click [ListSelf_solar_lamp] Shoot photos myself & list (1 h 20 min)
 149.8s [10月5日（週日） 下午 1:16]   ok  solar desk lamps listed
 149.8s [10月5日（週日） 下午 1:16] STEP Chapter 8 — the Green Business Grant at City Hall
 149.8s [10月5日（週日） 下午 1:16]   (harness) wait 2 h
 150.1s [10月5日（週日） 下午 3:28]   use "Packing table"
 150.2s [10月5日（週日） 下午 3:29]   click [Pack] 打包 15 筆訂單（2 h）
 150.2s [10月5日（週日） 下午 5:31]   click [CourierEconomy] 快遞 · 經濟 3 天（$81.40）
 150.3s [10月5日（週日） 下午 5:32]   (harness) wait 2 h
 150.3s [10月5日（週日） 下午 7:34]   use "Packing table"
 150.4s [10月5日（週日） 下午 7:35]   click [Pack] 打包 8 筆訂單（1 小時 4 分）
 150.6s [10月5日（週日） 下午 8:40]   click [CourierEconomy] 快遞 · 經濟 3 天（$41.88）
 151.0s [10月5日（週日） 下午 8:55]   use "Sleep"
 151.0s [10月5日（週日） 下午 8:55]   click [Sleep] Sleep until 7:00 AM
 151.6s [10月6日（週一） 上午 7:14]   use "Packing table"
 151.6s [10月6日（週一） 上午 7:15]   click [Pack] 打包 9 筆訂單（1 小時 12 分）
 151.6s [10月6日（週一） 上午 8:28]   click [CourierEconomy] 快遞 · 經濟 3 天（$43.44）
 151.7s [10月6日（週一） 上午 8:30]   (harness) wait 2 h
 152.1s [10月6日（週一） 上午 10:40]   use "Packing table"
 152.2s [10月6日（週一） 上午 10:41]   click [Pack] 打包 3 筆訂單（24 分鐘）
 152.2s [10月6日（週一） 上午 11:07]   click [CourierEconomy] 快遞 · 經濟 3 天（$21.08）
 152.6s [10月6日（週一） 上午 11:13]   ok  walked back outside
 153.4s [10月6日（週一） 上午 11:34]   use "捷運——河濱區站"
 153.6s [10月6日（週一） 上午 11:35]   (shot metro_civic_center skipped: headless)
 153.6s [10月6日（週一） 上午 11:35]   click [Go_civic_center] 市政中心  ·  12 分鐘
 153.9s [10月6日（週一） 上午 11:49]   ok  took the Metro to Civic Center
 154.4s [10月6日（週一） 下午 12:00]   ok  entered Aurelia City Hall
 154.5s [10月6日（週一） 下午 12:02]   use "Permits & regulations"
 154.5s [10月6日（週一） 下午 12:03]   (shot green_grant skipped: headless)
 154.5s [10月6日（週一） 下午 12:03]   click [ApplyGreenGrant] Apply
 154.5s [10月6日（週一） 下午 12:35]   ok  green grant approved
 154.6s [10月6日（週一） 下午 12:36]   ok  Chapter 8 complete
 154.6s [10月6日（週一） 下午 12:36] STEP Chapter 9 — the Clearing Crisis: an import stuck on the wire
 154.6s [10月6日（週一） 下午 12:36]   ok  Year 5: the Clearing Crisis
 154.9s [10月6日（週一） 下午 12:42]   ok  walked back outside
 155.2s [10月6日（週一） 下午 12:50]   use "捷運——市政中心站"
 155.2s [10月6日（週一） 下午 12:51]   (shot metro_riverside skipped: headless)
 155.2s [10月6日（週一） 下午 12:51]   click [Go_riverside] 河濱區  ·  12 分鐘
 155.5s [10月6日（週一） 下午 1:05]   ok  took the Metro to Riverside
 156.1s [10月6日（週一） 下午 1:16]   ok  entered Bloom Coffee
 156.1s [10月6日（週一） 下午 1:19]   use "Read the news board"
 156.2s [10月6日（週一） 下午 1:24]   (shot news_clearing_crisis skipped: headless)
 156.2s [10月6日（週一） 下午 1:24]   ok  read the news (clearing_crisis)
 156.5s [10月6日（週一） 下午 1:29]   ok  walked back outside
 156.9s [10月6日（週一） 下午 1:34]   ok  entered Riverside Tower
 156.9s [10月6日（週一） 下午 1:36]   use "Use laptop — Company OS"
 157.1s [10月6日（週一） 下午 1:37]   click [Tab_operations] Operations
 157.2s [10月6日（週一） 下午 1:38]   click [Buy_lumina_direct_phone_stand] 購買 $884
 157.2s [10月6日（週一） 下午 1:39]   (shot settlement_choice skipped: headless)
 157.2s [10月6日（週一） 下午 1:39]   click [Settle_international_wire] Pay this way
 157.3s [10月6日（週一） 下午 1:41]   ok  import ordered, paid by wire
 157.3s [10月6日（週一） 下午 1:41] STEP Chapter 9 — Lina Zhao at Nexus Bank
 157.6s [10月6日（週一） 下午 1:46]   ok  walked back outside
 158.5s [10月6日（週一） 下午 2:06]   use "捷運——河濱區站"
 158.7s [10月6日（週一） 下午 2:08]   (shot metro_financial skipped: headless)
 158.7s [10月6日（週一） 下午 2:08]   click [Go_financial] 金融區  ·  10 分鐘
 159.0s [10月6日（週一） 下午 2:19]   ok  took the Metro to Financial District
 159.5s [10月6日（週一） 下午 2:31]   ok  entered Nexus Bank
 159.8s [10月6日（週一） 下午 2:42]   use "和 Lina Zhao 說話"
 159.9s [10月6日（週一） 下午 2:42]   (shot lina_intro skipped: headless)
 160.1s [10月6日（週一） 下午 2:42]   choose "› 幫我開一個數位美元帳戶。"
 160.3s [10月6日（週一） 下午 2:42]   ok  met Lina Zhao
 160.6s [10月6日（週一） 下午 2:46]   ok  walked back outside
 160.9s [10月6日（週一） 下午 2:55]   use "捷運——金融區站"
 161.0s [10月6日（週一） 下午 2:57]   (shot metro_riverside skipped: headless)
 161.0s [10月6日（週一） 下午 2:57]   click [Go_riverside] 河濱區  ·  10 分鐘
 161.3s [10月6日（週一） 下午 3:08]   ok  took the Metro to Riverside
 161.9s [10月6日（週一） 下午 3:22]   ok  entered Riverside Tower
 162.0s [10月6日（週一） 下午 3:24]   use "Use laptop — Company OS"
 162.1s [10月6日（週一） 下午 3:25]   click [Tab_operations] Operations
 162.2s [10月6日（週一） 下午 3:26]   click [SpeedUp_PO-156] Speed up
 162.2s [10月6日（週一） 下午 3:27]   (shot settlement_speed_up skipped: headless)
 162.2s [10月6日（週一） 下午 3:27]   click [Settle_letter_of_credit] Switch
 162.6s [10月6日（週一） 下午 7:11]   use "Sleep"
 162.6s [10月6日（週一） 下午 7:11]   click [Sleep] Sleep until 7:00 AM
 163.2s [10月7日（週二） 上午 7:14]   use "Packing table"
 163.2s [10月7日（週二） 上午 7:15]   click [Pack] 打包 32 筆訂單（4 小時 16 分）
 163.3s [10月7日（週二） 上午 11:32]   click [CourierEconomy] 快遞 · 經濟 3 天（$138.48）
 163.9s [10月7日（週二） 下午 7:13]   use "Sleep"
 163.9s [10月7日（週二） 下午 7:13]   click [Sleep] Sleep until 7:00 AM
 164.6s [10月8日（週三） 上午 7:14]   use "Packing table"
 164.7s [10月8日（週三） 上午 7:15]   click [Pack] 打包 23 筆訂單（3 小時 4 分）
 164.7s [10月8日（週三） 上午 10:20]   click [CourierEconomy] 快遞 · 經濟 3 天（$106.32）
 165.3s [10月8日（週三） 下午 7:13]   use "Sleep"
 165.3s [10月8日（週三） 下午 7:13]   click [Sleep] Sleep until 7:00 AM
 165.9s [10月9日（週四） 上午 7:14]   use "Packing table"
 166.0s [10月9日（週四） 上午 7:15]   click [Pack] 打包 30 筆訂單（4 h）
 166.1s [10月9日（週四） 上午 11:16]   click [CourierEconomy] 快遞 · 經濟 3 天（$135.60）
 166.7s [10月9日（週四） 下午 7:13]   use "Sleep"
 166.7s [10月9日（週四） 下午 7:13]   click [Sleep] Sleep until 7:00 AM
 167.3s [10月10日（週五） 上午 7:14]   use "Packing table"
 167.4s [10月10日（週五） 上午 7:15]   click [Pack] 打包 16 筆訂單（2 小時 8 分）
 167.4s [10月10日（週五） 上午 9:24]   click [CourierEconomy] 快遞 · 經濟 3 天（$79.44）
 168.0s [10月10日（週五） 下午 7:13]   use "Sleep"
 168.1s [10月10日（週五） 下午 7:13]   click [Sleep] Sleep until 7:00 AM
 168.6s [10月11日（週六） 上午 7:14]   use "Packing table"
 168.7s [10月11日（週六） 上午 7:15]   click [Pack] 打包 18 筆訂單（2 小時 24 分）
 168.7s [10月11日（週六） 上午 9:40]   click [CourierEconomy] 快遞 · 經濟 3 天（$82.32）
 169.3s [10月11日（週六） 下午 7:13]   use "Sleep"
 169.3s [10月11日（週六） 下午 7:13]   click [Sleep] Sleep until 7:00 AM
 169.9s [10月12日（週日） 上午 7:14]   use "Packing table"
 170.0s [10月12日（週日） 上午 7:15]   click [Pack] 打包 20 筆訂單（2 小時 40 分）
 170.1s [10月12日（週日） 上午 9:56]   click [CourierEconomy] 快遞 · 經濟 3 天（$92.40）
 170.1s [10月12日（週日） 上午 9:57]   (shot decision_supplier_price_increase skipped: headless)
 170.1s [10月12日（週日） 上午 9:57]   decision supplier_price_increase → accept
 170.1s [10月12日（週日） 上午 9:57]   click [Choice_accept] 好。繼續跟你進貨。
 170.1s [10月12日（週日） 上午 9:57]   (shot decision_outcome_supplier_price_increase skipped: headless)
 170.1s [10月12日（週日） 上午 9:57]   click "OK"
 170.7s [10月12日（週日） 下午 7:13]   use "Sleep"
 170.7s [10月12日（週日） 下午 7:14]   click [Sleep] Sleep until 7:00 AM
 171.3s [10月13日（週一） 上午 7:14]   use "Packing table"
 171.3s [10月13日（週一） 上午 7:15]   click [Pack] 打包 15 筆訂單（2 h）
 171.4s [10月13日（週一） 上午 9:16]   click [CourierEconomy] 快遞 · 經濟 3 天（$63.60）
 171.9s [10月13日（週一） 下午 7:13]   use "Sleep"
 172.0s [10月13日（週一） 下午 7:13]   click [Sleep] Sleep until 7:00 AM
 172.6s [10月14日（週二） 上午 7:14]   use "Packing table"
 172.6s [10月14日（週二） 上午 7:15]   click [Pack] 打包 7 筆訂單（56 分鐘）
 172.7s [10月14日（週二） 上午 8:12]   click [CourierEconomy] 快遞 · 經濟 3 天（$32.88）
 173.2s [10月14日（週二） 下午 7:13]   use "Sleep"
 173.3s [10月14日（週二） 下午 7:13]   click [Sleep] Sleep until 7:00 AM
 173.9s [10月15日（週三） 上午 7:14]   use "Packing table"
 173.9s [10月15日（週三） 上午 7:15]   click [Pack] 打包 9 筆訂單（1 小時 12 分）
 174.0s [10月15日（週三） 上午 8:28]   click [CourierEconomy] 快遞 · 經濟 3 天（$40.56）
 174.6s [10月15日（週三） 下午 7:13]   use "Sleep"
 174.6s [10月15日（週三） 下午 7:13]   click [Sleep] Sleep until 7:00 AM
 175.2s [10月16日（週四） 上午 7:14]   use "Packing table"
 175.2s [10月16日（週四） 上午 7:15]   click [Pack] 打包 2 筆訂單（16 分鐘）
 175.2s [10月16日（週四） 上午 7:32]   click [CourierEconomy] 快遞 · 經濟 3 天（$13.68）
 175.8s [10月16日（週四） 下午 7:13]   use "Sleep"
 175.9s [10月16日（週四） 下午 7:13]   click [Sleep] Sleep until 7:00 AM
 176.5s [10月17日（週五） 上午 7:14]   use "Packing table"
 176.5s [10月17日（週五） 上午 7:15]   click [Pack] 打包 1 筆訂單（8 分鐘）
 176.5s [10月17日（週五） 上午 7:24]   click [CourierEconomy] 快遞 · 經濟 3 天（$12.24）
 177.1s [10月17日（週五） 下午 7:13]   use "Sleep"
 177.2s [10月17日（週五） 下午 7:13]   click [Sleep] Sleep until 7:00 AM
 177.5s [10月18日（週六） 下午 7:00]   use "Sleep"
 177.6s [10月18日（週六） 下午 7:00]   click [Sleep] Sleep until 7:00 AM
 177.9s [10月19日（週日） 下午 7:00]   use "Sleep"
 178.0s [10月19日（週日） 下午 7:00]   click [Sleep] Sleep until 7:00 AM
 178.3s [10月20日（週一） 下午 7:00]   use "Sleep"
 178.4s [10月20日（週一） 下午 7:00]   click [Sleep] Sleep until 7:00 AM
 178.7s [10月21日（週二） 下午 7:00]   use "Sleep"
 178.7s [10月21日（週二） 下午 7:00]   click [Sleep] Sleep until 7:00 AM
 179.4s [10月22日（週三） 下午 7:10]   use "Sleep"
 179.4s [10月22日（週三） 下午 7:10]   click [Sleep] Sleep until 7:00 AM
 179.8s [10月23日（週四） 下午 7:00]   use "Sleep"
 179.8s [10月23日（週四） 下午 7:00]   click [Sleep] Sleep until 7:00 AM
 180.1s [10月24日（週五） 上午 7:01]   ok  Chapter 9 complete: the import got through
 180.1s [10月24日（週五） 上午 7:01]   ok  ledger balanced after chapters 7–9
 180.1s [10月24日（週五） 上午 7:01] STEP Old Town — lease the corner café from Mr. Okafor
 180.1s [10月24日（週五） 上午 7:01]   (harness) wait 2 h
 180.5s [10月24日（週五） 上午 9:07]   ok  walked back outside
 181.3s [10月24日（週五） 上午 9:28]   use "捷運——河濱區站"
 181.5s [10月24日（週五） 上午 9:30]   (shot metro_old_town skipped: headless)
 181.6s [10月24日（週五） 上午 9:30]   click [Go_old_town] 舊城區  ·  16 分鐘
 181.8s [10月24日（週五） 上午 9:47]   ok  took the Metro to Old Town
 181.8s [10月24日（週五） 上午 9:47]   (shot old_town skipped: headless)
 182.7s [10月24日（週五） 上午 10:04]   ok  entered Okafor Lettings
 182.7s [10月24日（週五） 上午 10:04]   use "和 Okafor 先生 說話"
 182.8s [10月24日（週五） 上午 10:04]   choose "› 這裡以前是什麼店？"
 182.9s [10月24日（週五） 上午 10:05]   (shot cafe_lease skipped: headless)
 182.9s [10月24日（週五） 上午 10:05]   click [SignLease_corner_cafe] Sign the lease
 183.0s [10月24日（週五） 上午 10:06]   ok  leased the corner café unit
 183.3s [10月24日（週五） 上午 10:10]   ok  walked back outside
 183.3s [10月24日（週五） 上午 10:10]   (shot old_town_storefronts skipped: headless)
 183.8s [10月24日（週五） 上午 10:18]   ok  entered Corner Café Unit
 183.8s [10月24日（週五） 上午 10:19]   use "Check the till — Company OS"
 183.9s [10月24日（週五） 上午 10:20]   click [CafeFitOut] 裝修（$5,800）
 183.9s [10月24日（週五） 上午 10:20]   click [CafeSupplies_large] 400 杯份 · $330
 183.9s [10月24日（週五） 上午 10:21]   (shot cafe_setup skipped: headless)
 184.0s [10月24日（週五） 上午 10:22]   ok  fit-out under way
 184.0s [10月24日（週五） 上午 10:22]   ok  coffee supplies ordered
 184.0s [10月24日（週五） 上午 10:22] STEP Old Town — the food licence at City Hall (walking via Shopping Street)
 184.3s [10月24日（週五） 上午 10:26]   ok  walked back outside
 184.9s [10月24日（週五） 上午 10:43]   ok  walked to Shopping Street
 185.8s [10月24日（週五） 上午 11:11]   ok  walked to Civic Center
 186.3s [10月24日（週五） 上午 11:18]   ok  entered Aurelia City Hall
 186.3s [10月24日（週五） 上午 11:20]   use "Permits & regulations"
 186.3s [10月24日（週五） 上午 11:21]   click [ApplyFoodLicence] Apply
 186.4s [10月24日（週五） 上午 11:42]   (shot food_licence skipped: headless)
 186.4s [10月24日（週五） 上午 11:43]   ok  food licence applied for
 186.7s [10月24日（週五） 上午 11:48]   ok  walked back outside
 187.0s [10月24日（週五） 上午 11:56]   use "捷運——市政中心站"
 187.0s [10月24日（週五） 上午 11:58]   (shot metro_riverside skipped: headless)
 187.0s [10月24日（週五） 上午 11:58]   click [Go_riverside] 河濱區  ·  12 分鐘
 187.3s [10月24日（週五） 下午 12:11]   ok  took the Metro to Riverside
 188.0s [10月24日（週五） 下午 12:25]   ok  entered Riverside Tower
 188.0s [10月24日（週五） 下午 12:25]   (harness) wait 2 h
 188.1s [10月24日（週五） 下午 2:26]   (harness) wait 2 h
 188.1s [10月24日（週五） 下午 4:27]   (harness) wait 2 h
 188.1s [10月24日（週五） 下午 6:28]   (harness) wait 2 h
 188.3s [10月24日（週五） 下午 8:32]   use "Sleep"
 188.3s [10月24日（週五） 下午 8:32]   click [Sleep] Sleep until 7:00 AM
 188.5s [10月25日（週六） 上午 7:01]   (harness) wait 2 h
 188.6s [10月25日（週六） 上午 9:02]   (harness) wait 2 h
 188.6s [10月25日（週六） 上午 11:03]   (harness) wait 2 h
 188.6s [10月25日（週六） 下午 1:04]   (harness) wait 2 h
 188.7s [10月25日（週六） 下午 3:05]   (harness) wait 2 h
 188.7s [10月25日（週六） 下午 5:06]   (harness) wait 2 h
 188.7s [10月25日（週六） 下午 7:07]   use "Sleep"
 188.8s [10月25日（週六） 下午 7:07]   click [Sleep] Sleep until 7:00 AM
 189.0s [10月26日（週日） 上午 7:01]   (harness) wait 2 h
 189.1s [10月26日（週日） 上午 9:02]   (harness) wait 2 h
 189.1s [10月26日（週日） 上午 11:03]   (harness) wait 2 h
 189.1s [10月26日（週日） 下午 1:04]   (harness) wait 2 h
 189.2s [10月26日（週日） 下午 3:05]   (harness) wait 2 h
 189.2s [10月26日（週日） 下午 5:06]   (harness) wait 2 h
 189.2s [10月26日（週日） 下午 7:07]   use "Sleep"
 189.2s [10月26日（週日） 下午 7:07]   click [Sleep] Sleep until 7:00 AM
 189.5s [10月27日（週一） 上午 7:01]   ok  fitted out and licensed
 189.5s [10月27日（週一） 上午 7:01] STEP Old Town — opening day behind your own counter
 189.9s [10月27日（週一） 上午 7:06]   ok  walked back outside
 190.7s [10月27日（週一） 上午 7:27]   use "捷運——河濱區站"
 190.9s [10月27日（週一） 上午 7:29]   (shot metro_old_town skipped: headless)
 190.9s [10月27日（週一） 上午 7:29]   click [Go_old_town] 舊城區  ·  16 分鐘
 191.2s [10月27日（週一） 上午 7:46]   ok  took the Metro to Old Town
 191.8s [10月27日（週一） 上午 7:57]   ok  entered Corner Café Unit
 191.8s [10月27日（週一） 上午 7:57]   (shot cafe_open skipped: headless)
 191.8s [10月27日（週一） 上午 7:59]   use "Work the counter (2 h)"
 191.9s [10月27日（週一） 上午 10:00]   ok  served customers at your own café
 191.9s [10月27日（週一） 上午 10:01]   use "Check the till — Company OS"
 191.9s [10月27日（週一） 上午 10:02]   (shot cafe_tab skipped: headless)
 191.9s [10月27日（週一） 上午 10:03]   ok  ledger balanced after opening the café
 192.2s [10月27日（週一） 上午 10:07]   ok  walked back outside
 192.8s [10月27日（週一） 上午 10:25]   use "捷運——舊城區站"
 192.9s [10月27日（週一） 上午 10:26]   (shot metro_riverside skipped: headless)
 192.9s [10月27日（週一） 上午 10:26]   click [Go_riverside] 河濱區  ·  16 分鐘
 193.2s [10月27日（週一） 上午 10:44]   ok  took the Metro to Riverside
 193.9s [10月27日（週一） 上午 10:58]   ok  entered Riverside Tower
 193.9s [10月27日（週一） 上午 10:58] STEP Harbor — metro to the docks, a used van from Sam, and Pier 7
 193.9s [10月27日（週一） 上午 10:58]   ok  actual financing covers the van, bay and working capital
 194.2s [10月27日（週一） 上午 11:01]   ok  walked back outside
 194.9s [10月27日（週一） 上午 11:22]   use "捷運——河濱區站"
 195.2s [10月27日（週一） 上午 11:23]   (shot metro_harbor skipped: headless)
 195.2s [10月27日（週一） 上午 11:23]   click [Go_harbor] 港區  ·  8 分鐘
 195.5s [10月27日（週一） 上午 11:33]   ok  took the Metro to Harbor
 195.5s [10月27日（週一） 上午 11:33]   (shot harbor skipped: headless)
 195.8s [10月27日（週一） 上午 11:43]   (shot harbor_street skipped: headless)
 196.2s [10月27日（週一） 上午 11:47]   ok  entered Dockside Motors
 196.2s [10月27日（週一） 上午 11:48]   use "和 Sam Okoro 說話"
 196.3s [10月27日（週一） 上午 11:48]   choose "› 你這裡有什麼？"
 196.5s [10月27日（週一） 上午 11:49]   (shot van_dealer skipped: headless)
 196.5s [10月27日（週一） 上午 11:49]   click [BuyVan] 買下這台貨車（$9,800）
 196.5s [10月27日（週一） 上午 11:50]   (shot van_bought skipped: headless)
 196.5s [10月27日（週一） 上午 11:50]   ok  bought the van from Sam
 196.5s [10月27日（週一） 上午 11:50]   ok  the van is a vehicle expense
 196.8s [10月27日（週一） 上午 11:54]   ok  walked back outside
 197.3s [10月27日（週一） 下午 12:03]   ok  entered Pier 7 Warehouse
 197.5s [10月27日（週一） 下午 12:08]   use "Lettings desk: lease Bay 3"
 197.5s [10月27日（週一） 下午 12:09]   (shot pier7_lease skipped: headless)
 197.5s [10月27日（週一） 下午 12:09]   click [SignLease_pier7_warehouse] Sign the lease
 197.6s [10月27日（週一） 下午 12:10]   ok  leased the Pier 7 bay
 197.6s [10月27日（週一） 下午 12:10]   ok  Pier 7 is a stock location
 197.6s [10月27日（週一） 下午 12:11]   (shot pier7_warehouse skipped: headless)
 198.0s [10月27日（週一） 下午 12:18]   ok  walked back outside
 198.5s [10月27日（週一） 下午 12:31]   use "捷運——港區站"
 198.5s [10月27日（週一） 下午 12:32]   (shot metro_riverside skipped: headless)
 198.5s [10月27日（週一） 下午 12:32]   click [Go_riverside] 河濱區  ·  8 分鐘
 198.8s [10月27日（週一） 下午 12:42]   ok  took the Metro to Riverside
 199.5s [10月27日（週一） 下午 12:56]   ok  entered Riverside Tower
 199.5s [10月27日（週一） 下午 12:56] STEP Harbor — the morning's delivery runs
 199.5s [10月27日（週一） 下午 12:56]   (harness) wait 2 h
 199.5s [10月27日（週一） 下午 2:57]   (harness) wait 2 h
 199.6s [10月27日（週一） 下午 4:58]   (harness) wait 2 h
 199.6s [10月27日（週一） 下午 6:59]   (harness) wait 2 h
 199.7s [10月27日（週一） 下午 9:03]   use "Sleep"
 199.8s [10月27日（週一） 下午 9:03]   click [Sleep] Sleep until 7:00 AM
 200.0s [10月28日（週二） 上午 7:01]   (harness) wait 2 h
 200.1s [10月28日（週二） 上午 9:02]   ok  runs were posted in the morning
 200.4s [10月28日（週二） 上午 9:07]   ok  walked back outside
 201.2s [10月28日（週二） 上午 9:28]   use "捷運——河濱區站"
 201.5s [10月28日（週二） 上午 9:30]   (shot metro_harbor skipped: headless)
 201.5s [10月28日（週二） 上午 9:30]   click [Go_harbor] 港區  ·  8 分鐘
 201.7s [10月28日（週二） 上午 9:39]   ok  took the Metro to Harbor
 202.5s [10月28日（週二） 上午 9:54]   ok  entered Pier 7 Warehouse
 202.6s [10月28日（週二） 上午 9:58]   use "Sit at the yard office desk — Company OS"
 202.7s [10月28日（週二） 上午 9:59]   click [Tab_logistics] Logistics
 202.8s [10月28日（週二） 上午 10:00]   (shot logistics_tab skipped: headless)
 202.8s [10月28日（週二） 上午 10:01]   (shot logistics_badge_pinned skipped: headless)
 202.8s [10月28日（週二） 上午 10:01]   click [Tab_logistics] Logistics
 202.8s [10月28日（週二） 上午 10:02]   ok  delivery runs on the board
 202.8s [10月28日（週二） 上午 10:02]   click [Accept_R1] Accept
 202.9s [10月28日（週二） 上午 10:03]   ok  accepted run R1
 202.9s [10月28日（週二） 上午 10:03]   (shot logistics_accepted skipped: headless)
 202.9s [10月28日（週二） 上午 10:03]   click [Drive_R1] Drive it
 202.9s [10月28日（週二） 上午 10:03]   (shot route_game_intro skipped: headless)
 202.9s [10月28日（週二） 上午 10:03]   click [StartGame] Start
 202.9s [10月28日（週二） 上午 10:03]   click [Stop_2]
 202.9s [10月28日（週二） 上午 10:03]   click [Stop_1]
 202.9s [10月28日（週二） 上午 10:03]   (shot route_game_planning skipped: headless)
 202.9s [10月28日（週二） 上午 10:03]   click [Stop_5]
 202.9s [10月28日（週二） 上午 10:03]   click [Stop_6]
 202.9s [10月28日（週二） 上午 10:03]   click [Stop_3]
 202.9s [10月28日（週二） 上午 10:03]   click [Stop_4]
 203.0s [10月28日（週二） 上午 10:03]   (shot route_game_planned skipped: headless)
 203.0s [10月28日（週二） 上午 10:03]   click [DriveRoute] Drive the route
 203.0s [10月28日（週二） 上午 10:03]   (shot route_game_results skipped: headless)
 203.0s [10月28日（週二） 上午 10:03]   click [FinishGame] Continue
 203.0s [10月28日（週二） 下午 1:38]   ok  the run is done and in the history
 203.0s [10月28日（週二） 下午 1:38]   ok  the pay was banked as revenue ($172.70 for run R1)
 203.0s [10月28日（週二） 下午 1:38]   ok  fuel was charged
 203.0s [10月28日（週二） 下午 1:38]   ok  the best route scored 100%
 203.1s [10月28日（週二） 下午 1:38]   (shot logistics_tab_paid skipped: headless)
 203.1s [10月28日（週二） 下午 1:39]   ok  ledger balanced after the first delivery run
 203.5s [10月28日（週二） 下午 1:46]   ok  walked back outside
 203.9s [10月28日（週二） 下午 1:59]   use "捷運——港區站"
 204.0s [10月28日（週二） 下午 2:00]   (shot metro_riverside skipped: headless)
 204.0s [10月28日（週二） 下午 2:00]   click [Go_riverside] 河濱區  ·  8 分鐘
 204.2s [10月28日（週二） 下午 2:10]   ok  took the Metro to Riverside
 204.9s [10月28日（週二） 下午 2:23]   ok  entered Riverside Tower
 205.0s [10月28日（週二） 下午 2:23]   ok  Chapter 10 started after Chapter 9
 205.0s [10月28日（週二） 下午 2:23]   ok  Year 6: the Digital Finance Boom
 205.0s [10月28日（週二） 下午 2:23] STEP Chapter 10 — the news, and Lina's escrow offer
 205.2s [10月28日（週二） 下午 2:27]   ok  walked back outside
 205.6s [10月28日（週二） 下午 2:31]   ok  entered Bloom Coffee
 205.7s [10月28日（週二） 下午 2:34]   use "Read the news board"
 205.7s [10月28日（週二） 下午 2:39]   (shot news_digital_rails skipped: headless)
 205.7s [10月28日（週二） 下午 2:39]   ok  read the news (digital_rails)
 206.1s [10月28日（週二） 下午 2:44]   ok  walked back outside
 206.5s [10月28日（週二） 下午 2:49]   ok  entered Riverside Tower
 206.8s [10月28日（週二） 下午 2:52]   ok  walked back outside
 207.5s [10月28日（週二） 下午 3:13]   use "捷運——河濱區站"
 207.8s [10月28日（週二） 下午 3:15]   (shot metro_financial skipped: headless)
 207.8s [10月28日（週二） 下午 3:15]   click [Go_financial] 金融區  ·  10 分鐘
 208.1s [10月28日（週二） 下午 3:26]   ok  took the Metro to Financial District
 208.6s [10月28日（週二） 下午 3:37]   ok  entered Nexus Bank
 208.9s [10月28日（週二） 下午 3:48]   use "和 Lina Zhao 說話"
 209.0s [10月28日（週二） 下午 3:48]   (shot lina_rails skipped: headless)
 209.2s [10月28日（週二） 下午 3:48]   choose "› 有什麼但書？"
 209.6s [10月28日（週二） 下午 3:50]   ok  the '!' badge for escrow pins its card
 209.6s [10月28日（週二） 下午 3:50]   (shot badge_escrow_pinned skipped: headless)
 209.6s [10月28日（週二） 下午 3:50]   (shot decision_escrow_offer skipped: headless)
 209.6s [10月28日（週二） 下午 3:50]   decision escrow_offer → try
 209.6s [10月28日（週二） 下午 3:50]   click [Choice_try] 開立託管帳戶
 209.7s [10月28日（週二） 下午 3:50]   (shot decision_outcome_escrow_offer skipped: headless)
 209.7s [10月28日（週二） 下午 3:50]   click "OK"
 209.7s [10月28日（週二） 下午 3:50]   ok  opened an escrow account
 209.7s [10月28日（週二） 下午 3:50] STEP Chapter 10 — an import paid through escrow
 210.0s [10月28日（週二） 下午 3:55]   ok  walked back outside
 210.3s [10月28日（週二） 下午 4:04]   use "捷運——金融區站"
 210.4s [10月28日（週二） 下午 4:05]   (shot metro_riverside skipped: headless)
 210.4s [10月28日（週二） 下午 4:05]   click [Go_riverside] 河濱區  ·  10 分鐘
 210.7s [10月28日（週二） 下午 4:17]   ok  took the Metro to Riverside
 211.4s [10月28日（週二） 下午 4:30]   ok  entered Riverside Tower
 211.5s [10月28日（週二） 下午 4:33]   use "Use laptop — Company OS"
 211.6s [10月28日（週二） 下午 4:33]   click [Tab_operations] Operations
 211.7s [10月28日（週二） 下午 4:34]   click [Buy_lumina_direct_phone_stand] 購買 $864
 211.7s [10月28日（週二） 下午 4:35]   (shot settlement_escrow skipped: headless)
 211.7s [10月28日（週二） 下午 4:35]   click [Settle_escrow] Pay this way
 211.8s [10月28日（週二） 下午 5:00]   toast: Riverlight Goods 咖啡 今天沒開門：吧台沒人顧。去僱一位咖啡師（人員分頁），或自己站吧台。
 211.8s [10月28日（週二） 下午 6:46]   click [Tab_finance] Finance
 212.0s [10月28日（週二） 下午 6:47]   click [Tab_operations] Operations
 212.2s [10月28日（週二） 下午 6:54]   (shot operations_escrow_order skipped: headless)
 212.3s [10月28日（週二） 下午 6:55]   ok  import ordered through escrow
 212.3s [10月28日（週二） 下午 6:55]   use "Use laptop — Company OS"
 212.4s [10月28日（週二） 下午 6:56]   click [Tab_finance] Finance
 212.6s [10月28日（週二） 下午 6:57]   (shot finance_held_in_escrow skipped: headless)
 213.1s [10月28日（週二） 下午 7:12]   use "Sleep"
 213.1s [10月28日（週二） 下午 7:12]   click [Sleep] Sleep until 7:00 AM
 213.4s [10月29日（週三） 下午 5:00]   toast: Riverlight Goods 咖啡 今天沒開門：吧台沒人顧。去僱一位咖啡師（人員分頁），或自己站吧台。
 213.4s [10月29日（週三） 下午 7:00]   use "Sleep"
 213.5s [10月29日（週三） 下午 7:00]   click [Sleep] Sleep until 7:00 AM
 213.9s [10月30日（週四） 下午 5:00]   toast: Riverlight Goods 咖啡 今天沒開門：吧台沒人顧。去僱一位咖啡師（人員分頁），或自己站吧台。
 213.9s [10月30日（週四） 下午 7:00]   (shot decision_supplier_price_increase skipped: headless)
 213.9s [10月30日（週四） 下午 7:00]   decision supplier_price_increase → accept
 213.9s [10月30日（週四） 下午 7:00]   click [Choice_accept] 好。繼續跟你進貨。
 213.9s [10月30日（週四） 下午 7:00]   (shot decision_outcome_supplier_price_increase skipped: headless)
 213.9s [10月30日（週四） 下午 7:00]   click "OK"
 214.0s [10月30日（週四） 下午 7:00]   use "Sleep"
 214.0s [10月30日（週四） 下午 7:00]   click [Sleep] Sleep until 7:00 AM
 214.4s [10月31日（週五） 下午 5:00]   toast: Riverlight Goods 咖啡 今天沒開門：吧台沒人顧。去僱一位咖啡師（人員分頁），或自己站吧台。
 214.4s [10月31日（週五） 下午 7:00]   use "Sleep"
 214.4s [10月31日（週五） 下午 7:00]   click [Sleep] Sleep until 7:00 AM
 214.9s [11月1日（週六） 上午 7:00]   (shot month_close_report skipped: headless)
 214.9s [11月1日（週六） 上午 7:00]   click [month close] Continue
 215.0s [11月1日（週六） 下午 5:00]   toast: Riverlight Goods 咖啡 今天沒開門：吧台沒人顧。去僱一位咖啡師（人員分頁），或自己站吧台。
 215.0s [11月1日（週六） 下午 7:01]   use "Sleep"
 215.0s [11月1日（週六） 下午 7:01]   click [Sleep] Sleep until 7:00 AM
 215.6s [11月2日（週日） 下午 7:09]   use "Sleep"
 215.7s [11月2日（週日） 下午 7:09]   click [Sleep] Sleep until 7:00 AM
 216.0s [11月3日（週一） 下午 5:00]   toast: Riverlight Goods 咖啡 今天沒開門：吧台沒人顧。去僱一位咖啡師（人員分頁），或自己站吧台。
 216.1s [11月3日（週一） 下午 7:00]   use "Sleep"
 216.1s [11月3日（週一） 下午 7:00]   click [Sleep] Sleep until 7:00 AM
 216.4s [11月4日（週二） 下午 5:00]   toast: Riverlight Goods 咖啡 今天沒開門：吧台沒人顧。去僱一位咖啡師（人員分頁），或自己站吧台。
 216.4s [11月4日（週二） 下午 7:00]   use "Sleep"
 216.4s [11月4日（週二） 下午 7:00]   click [Sleep] Sleep until 7:00 AM
 216.8s [11月5日（週三） 下午 5:00]   toast: Riverlight Goods 咖啡 今天沒開門：吧台沒人顧。去僱一位咖啡師（人員分頁），或自己站吧台。
 216.8s [11月5日（週三） 下午 7:00]   use "Sleep"
 216.8s [11月5日（週三） 下午 7:00]   click [Sleep] Sleep until 7:00 AM
 217.2s [11月6日（週四） 下午 5:00]   toast: Riverlight Goods 咖啡 今天沒開門：吧台沒人顧。去僱一位咖啡師（人員分頁），或自己站吧台。
 217.2s [11月6日（週四） 下午 7:00]   use "Sleep"
 217.2s [11月6日（週四） 下午 7:00]   click [Sleep] Sleep until 7:00 AM
 217.6s [11月7日（週五） 下午 5:00]   toast: Riverlight Goods 咖啡 今天沒開門：吧台沒人顧。去僱一位咖啡師（人員分頁），或自己站吧台。
 217.9s [11月7日（週五） 下午 7:10]   use "Sleep"
 217.9s [11月7日（週五） 下午 7:10]   click [Sleep] Sleep until 7:00 AM
 218.2s [11月8日（週六） 下午 5:00]   toast: Riverlight Goods 咖啡 今天沒開門：吧台沒人顧。去僱一位咖啡師（人員分頁），或自己站吧台。
 218.3s [11月8日（週六） 下午 7:00]   use "Sleep"
 218.3s [11月8日（週六） 下午 7:00]   click [Sleep] Sleep until 7:00 AM
 218.7s [11月9日（週日） 下午 7:00]   use "Sleep"
 218.7s [11月9日（週日） 下午 7:00]   click [Sleep] Sleep until 7:00 AM
 219.0s [11月10日（週一） 上午 7:01]   ok  escrow released to the supplier on arrival
 219.0s [11月10日（週一） 上午 7:01]   ok  Chapter 10 complete
 219.0s [11月10日（週一） 上午 7:01] STEP Chapter 11 — the bridge exploit
 219.0s [11月10日（週一） 上午 7:01]   ok  Year 7: the Bridge Exploit
 219.4s [11月10日（週一） 上午 7:07]   ok  walked back outside
 219.8s [11月10日（週一） 上午 7:12]   ok  entered Bloom Coffee
 219.9s [11月10日（週一） 上午 7:14]   use "Read the news board"
 219.9s [11月10日（週一） 上午 7:19]   (shot news_bridge_before skipped: headless)
 219.9s [11月10日（週一） 上午 7:19]   ok  read the news (bridge_before)
 220.2s [11月10日（週一） 上午 7:24]   ok  walked back outside
 220.6s [11月10日（週一） 上午 7:29]   ok  entered Riverside Tower
 220.7s [11月10日（週一） 上午 7:31]   use "Use laptop — Company OS"
 220.8s [11月10日（週一） 上午 7:32]   click [Tab_operations] Operations
 220.9s [11月10日（週一） 上午 7:33]   click [Buy_lumina_direct_phone_stand] 購買 $856
 221.0s [11月10日（週一） 上午 7:34]   (shot settlement_before_exploit skipped: headless)
 221.0s [11月10日（週一） 上午 7:34]   click [Settle_escrow] Pay this way
 221.1s [11月10日（週一） 上午 7:36]   ok  restock ordered through escrow (cash $54,978)
 221.6s [11月10日（週一） 上午 7:54]   toast: 快訊：數位美元跨鏈橋遭駭。轉帳凍結，預計 11月16日 上午 7:54 前後恢復。
 221.8s [11月10日（週一） 上午 7:56]   ok  the bridge is frozen with our payment crossing it
 221.8s [11月10日（週一） 上午 7:56]   ok  the '!' badge for frozen_funds pins its card
 221.8s [11月10日（週一） 上午 7:56]   (shot badge_frozen_pinned skipped: headless)
 221.8s [11月10日（週一） 上午 7:56]   (shot decision_rail_frozen skipped: headless)
 221.8s [11月10日（週一） 上午 7:56]   decision rail_frozen → reroute
 221.8s [11月10日（週一） 上午 7:56]   click [Choice_reroute] 改用電匯重新付款（$890）
 221.9s [11月10日（週一） 上午 7:56]   (shot decision_outcome_rail_frozen skipped: headless)
 221.9s [11月10日（週一） 上午 7:56]   click "OK"
 221.9s [11月10日（週一） 上午 7:56]   ok  paid again by wire
 221.9s [11月10日（週一） 上午 7:57]   use "Use laptop — Company OS"
 222.1s [11月10日（週一） 上午 7:57]   click [Tab_finance] Finance
 222.2s [11月10日（週一） 上午 7:58]   (shot finance_frozen_funds skipped: headless)
 222.2s [11月10日（週一） 上午 7:58]   click [Tab_operations] Operations
 222.5s [11月10日（週一） 上午 8:06]   (shot operations_frozen_order skipped: headless)
 223.0s [11月10日（週一） 上午 8:12]   ok  walked back outside
 223.4s [11月10日（週一） 上午 8:17]   ok  entered Bloom Coffee
 223.4s [11月10日（週一） 上午 8:20]   use "Read the news board"
 223.5s [11月10日（週一） 上午 8:25]   (shot news_bridge_frozen skipped: headless)
 223.5s [11月10日（週一） 上午 8:25]   ok  read the news (bridge_frozen)
 223.8s [11月10日（週一） 上午 8:30]   ok  walked back outside
 224.2s [11月10日（週一） 上午 8:35]   ok  entered Riverside Tower
 224.2s [11月10日（週一） 下午 5:00]   toast: Riverlight Goods 咖啡 今天沒開門：吧台沒人顧。去僱一位咖啡師（人員分頁），或自己站吧台。
 224.3s [11月10日（週一） 下午 7:03]   use "Sleep"
 224.3s [11月10日（週一） 下午 7:03]   click [Sleep] Sleep until 7:00 AM
 224.6s [11月11日（週二） 下午 5:00]   toast: Riverlight Goods 咖啡 今天沒開門：吧台沒人顧。去僱一位咖啡師（人員分頁），或自己站吧台。
 224.6s [11月11日（週二） 下午 7:00]   use "Sleep"
 224.7s [11月11日（週二） 下午 7:00]   click [Sleep] Sleep until 7:00 AM
 225.0s [11月12日（週三） 下午 5:00]   toast: Riverlight Goods 咖啡 今天沒開門：吧台沒人顧。去僱一位咖啡師（人員分頁），或自己站吧台。
 225.0s [11月12日（週三） 下午 7:00]   use "Sleep"
 225.0s [11月12日（週三） 下午 7:00]   click [Sleep] Sleep until 7:00 AM
 225.4s [11月13日（週四） 下午 5:00]   toast: Riverlight Goods 咖啡 今天沒開門：吧台沒人顧。去僱一位咖啡師（人員分頁），或自己站吧台。
 225.4s [11月13日（週四） 下午 7:00]   use "Sleep"
 225.4s [11月13日（週四） 下午 7:00]   click [Sleep] Sleep until 7:00 AM
 225.7s [11月14日（週五） 下午 5:00]   toast: Riverlight Goods 咖啡 今天沒開門：吧台沒人顧。去僱一位咖啡師（人員分頁），或自己站吧台。
 225.8s [11月14日（週五） 下午 7:00]   (shot decision_low_cash_warning skipped: headless)
 225.8s [11月14日（週五） 下午 7:00]   decision low_cash_warning → reduce
 225.8s [11月14日（週五） 下午 7:00]   click [Choice_reduce] 縮減開支（暫停廣告、生活從簡）
 225.8s [11月14日（週五） 下午 7:00]   (shot decision_outcome_low_cash_warning skipped: headless)
 225.8s [11月14日（週五） 下午 7:00]   click "OK"
 225.8s [11月14日（週五） 下午 7:00]   use "Sleep"
 225.8s [11月14日（週五） 下午 7:00]   click [Sleep] Sleep until 7:00 AM
 226.2s [11月15日（週六） 下午 5:00]   toast: Riverlight Goods 咖啡 今天沒開門：吧台沒人顧。去僱一位咖啡師（人員分頁），或自己站吧台。
 226.2s [11月15日（週六） 下午 7:00]   use "Sleep"
 226.2s [11月15日（週六） 下午 7:00]   click [Sleep] Sleep until 7:00 AM
 226.6s [11月16日（週日） 下午 7:00]   use "Sleep"
 226.6s [11月16日（週日） 下午 7:00]   click [Sleep] Sleep until 7:00 AM
 227.0s [11月17日（週一） 下午 5:00]   toast: Riverlight Goods 咖啡 今天沒開門：吧台沒人顧。去僱一位咖啡師（人員分頁），或自己站吧台。
 227.0s [11月17日（週一） 下午 7:00]   (shot decision_low_cash_warning skipped: headless)
 227.0s [11月17日（週一） 下午 7:00]   decision low_cash_warning → reduce
 227.0s [11月17日（週一） 下午 7:00]   click [Choice_reduce] 縮減開支（暫停廣告、生活從簡）
 227.1s [11月17日（週一） 下午 7:00]   (shot decision_outcome_low_cash_warning skipped: headless)
 227.1s [11月17日（週一） 下午 7:00]   click "OK"
 227.1s [11月17日（週一） 下午 7:00]   use "Sleep"
 227.1s [11月17日（週一） 下午 7:00]   click [Sleep] Sleep until 7:00 AM
 227.5s [11月18日（週二） 下午 5:00]   toast: Riverlight Goods 咖啡 今天沒開門：吧台沒人顧。去僱一位咖啡師（人員分頁），或自己站吧台。
 227.5s [11月18日（週二） 下午 7:00]   use "Sleep"
 227.5s [11月18日（週二） 下午 7:00]   click [Sleep] Sleep until 7:00 AM
 227.9s [11月19日（週三） 下午 5:00]   toast: Riverlight Goods 咖啡 今天沒開門：吧台沒人顧。去僱一位咖啡師（人員分頁），或自己站吧台。
 227.9s [11月19日（週三） 下午 7:00]   use "Sleep"
 228.0s [11月19日（週三） 下午 7:00]   click [Sleep] Sleep until 7:00 AM
 228.3s [11月20日（週四） 下午 5:00]   toast: Riverlight Goods 咖啡 今天沒開門：吧台沒人顧。去僱一位咖啡師（人員分頁），或自己站吧台。
 228.3s [11月20日（週四） 下午 7:00]   (shot decision_low_cash_warning skipped: headless)
 228.3s [11月20日（週四） 下午 7:00]   decision low_cash_warning → reduce
 228.3s [11月20日（週四） 下午 7:00]   click [Choice_reduce] 縮減開支（暫停廣告、生活從簡）
 228.4s [11月20日（週四） 下午 7:00]   (shot decision_outcome_low_cash_warning skipped: headless)
 228.4s [11月20日（週四） 下午 7:00]   click "OK"
 228.4s [11月20日（週四） 下午 7:00]   use "Sleep"
 228.4s [11月20日（週四） 下午 7:00]   click [Sleep] Sleep until 7:00 AM
 228.8s [11月21日（週五） 下午 5:00]   toast: Riverlight Goods 咖啡 今天沒開門：吧台沒人顧。去僱一位咖啡師（人員分頁），或自己站吧台。
 228.8s [11月21日（週五） 下午 7:00]   (shot decision_supplier_price_increase skipped: headless)
 228.8s [11月21日（週五） 下午 7:00]   decision supplier_price_increase → accept
 228.8s [11月21日（週五） 下午 7:00]   click [Choice_accept] 好。繼續跟你進貨。
 228.9s [11月21日（週五） 下午 7:00]   (shot decision_outcome_supplier_price_increase skipped: headless)
 228.9s [11月21日（週五） 下午 7:00]   click "OK"
 228.9s [11月21日（週五） 下午 7:00]   use "Sleep"
 228.9s [11月21日（週五） 下午 7:00]   click [Sleep] Sleep until 7:00 AM
 229.3s [11月22日（週六） 下午 5:00]   toast: Riverlight Goods 咖啡 今天沒開門：吧台沒人顧。去僱一位咖啡師（人員分頁），或自己站吧台。
 229.3s [11月22日（週六） 下午 7:00]   use "Sleep"
 229.3s [11月22日（週六） 下午 7:00]   click [Sleep] Sleep until 7:00 AM
 229.8s [11月23日（週日） 下午 7:00]   (shot decision_low_cash_warning skipped: headless)
 229.8s [11月23日（週日） 下午 7:00]   decision low_cash_warning → reduce
 229.8s [11月23日（週日） 下午 7:00]   click [Choice_reduce] 縮減開支（暫停廣告、生活從簡）
 229.8s [11月23日（週日） 下午 7:00]   (shot decision_outcome_low_cash_warning skipped: headless)
 229.8s [11月23日（週日） 下午 7:00]   click "OK"
 229.9s [11月23日（週日） 下午 7:00]   use "Sleep"
 229.9s [11月23日（週日） 下午 7:00]   click [Sleep] Sleep until 7:00 AM
 230.3s [11月24日（週一） 下午 5:00]   toast: Riverlight Goods 咖啡 今天沒開門：吧台沒人顧。去僱一位咖啡師（人員分頁），或自己站吧台。
 230.3s [11月24日（週一） 下午 7:00]   use "Sleep"
 230.3s [11月24日（週一） 下午 7:00]   click [Sleep] Sleep until 7:00 AM
 230.7s [11月25日（週二） 下午 5:00]   toast: Riverlight Goods 咖啡 今天沒開門：吧台沒人顧。去僱一位咖啡師（人員分頁），或自己站吧台。
 230.7s [11月25日（週二） 下午 7:00]   use "Sleep"
 230.8s [11月25日（週二） 下午 7:00]   click [Sleep] Sleep until 7:00 AM
 231.1s [11月26日（週三） 下午 5:00]   toast: Riverlight Goods 咖啡 今天沒開門：吧台沒人顧。去僱一位咖啡師（人員分頁），或自己站吧台。
 231.2s [11月26日（週三） 下午 7:00]   (shot decision_low_cash_warning skipped: headless)
 231.2s [11月26日（週三） 下午 7:00]   decision low_cash_warning → reduce
 231.2s [11月26日（週三） 下午 7:00]   click [Choice_reduce] 縮減開支（暫停廣告、生活從簡）
 231.2s [11月26日（週三） 下午 7:00]   (shot decision_outcome_low_cash_warning skipped: headless)
 231.2s [11月26日（週三） 下午 7:00]   click "OK"
 231.2s [11月26日（週三） 下午 7:00]   use "Sleep"
 231.3s [11月26日（週三） 下午 7:00]   click [Sleep] Sleep until 7:00 AM
 231.6s [11月27日（週四） 下午 5:00]   toast: Riverlight Goods 咖啡 今天沒開門：吧台沒人顧。去僱一位咖啡師（人員分頁），或自己站吧台。
 231.7s [11月27日（週四） 下午 7:00]   use "Sleep"
 231.7s [11月27日（週四） 下午 7:00]   click [Sleep] Sleep until 7:00 AM
 232.0s [11月28日（週五） 上午 7:01]   ok  the bridge reopened
 232.0s [11月28日（週五） 上午 7:01]   ok  frozen funds settled
 232.0s [11月28日（週五） 上午 7:01]   ok  Chapter 11 complete: through the freeze and restocked
 232.0s [11月28日（週五） 上午 7:01] STEP Chapter 12 — the regulation wave: the import licence
 232.0s [11月28日（週五） 上午 7:01]   ok  Year 8: the Regulation Wave
 232.4s [11月28日（週五） 上午 7:06]   ok  walked back outside
 232.8s [11月28日（週五） 上午 7:11]   ok  entered Bloom Coffee
 232.8s [11月28日（週五） 上午 7:14]   use "Read the news board"
 232.8s [11月28日（週五） 上午 7:19]   (shot news_regulation skipped: headless)
 232.9s [11月28日（週五） 上午 7:19]   ok  read the news (regulation)
 233.2s [11月28日（週五） 上午 7:24]   ok  walked back outside
 233.6s [11月28日（週五） 上午 7:29]   ok  entered Riverside Tower
 233.6s [11月28日（週五） 上午 7:29]   (harness) wait 2 h
 233.9s [11月28日（週五） 上午 9:33]   ok  walked back outside
 234.7s [11月28日（週五） 上午 9:54]   use "捷運——河濱區站"
 234.9s [11月28日（週五） 上午 9:56]   (shot metro_civic_center skipped: headless)
 234.9s [11月28日（週五） 上午 9:56]   click [Go_civic_center] 市政中心  ·  12 分鐘
 235.1s [11月28日（週五） 上午 10:09]   ok  took the Metro to Civic Center
 235.6s [11月28日（週五） 上午 10:20]   ok  entered Aurelia City Hall
 235.7s [11月28日（週五） 上午 10:22]   use "Permits & regulations"
 235.7s [11月28日（週五） 上午 10:23]   (shot permits_import_licence skipped: headless)
 235.8s [11月28日（週五） 上午 10:24]   ok  the '!' badge for import_licence pins its card
 235.8s [11月28日（週五） 上午 10:24]   (shot badge_licence_pinned skipped: headless)
 235.8s [11月28日（週五） 上午 10:25]   click [ApplyImportLicence] 申請（$450）
 235.8s [11月28日（週五） 上午 10:46]   (shot permits_licence_processing skipped: headless)
 235.8s [11月28日（週五） 上午 10:46]   ok  import licence applied for
 236.1s [11月28日（週五） 上午 10:52]   ok  walked back outside
 236.4s [11月28日（週五） 上午 11:00]   use "捷運——市政中心站"
 236.4s [11月28日（週五） 上午 11:01]   (shot metro_riverside skipped: headless)
 236.4s [11月28日（週五） 上午 11:01]   click [Go_riverside] 河濱區  ·  12 分鐘
 236.7s [11月28日（週五） 上午 11:15]   ok  took the Metro to Riverside
 237.3s [11月28日（週五） 上午 11:29]   ok  entered Riverside Tower
 237.4s [11月28日（週五） 下午 5:00]   toast: Riverlight Goods 咖啡 今天沒開門：吧台沒人顧。去僱一位咖啡師（人員分頁），或自己站吧台。
 237.4s [11月28日（週五） 下午 7:03]   use "Sleep"
 237.5s [11月28日（週五） 下午 7:03]   click [Sleep] Sleep until 7:00 AM
 237.8s [11月29日（週六） 下午 5:00]   toast: Riverlight Goods 咖啡 今天沒開門：吧台沒人顧。去僱一位咖啡師（人員分頁），或自己站吧台。
 237.8s [11月29日（週六） 下午 7:00]   (shot decision_low_cash_warning skipped: headless)
 237.8s [11月29日（週六） 下午 7:00]   decision low_cash_warning → reduce
 237.8s [11月29日（週六） 下午 7:00]   click [Choice_reduce] 縮減開支（暫停廣告、生活從簡）
 237.9s [11月29日（週六） 下午 7:00]   (shot decision_outcome_low_cash_warning skipped: headless)
 237.9s [11月29日（週六） 下午 7:00]   click "OK"
 237.9s [11月29日（週六） 下午 7:00]   use "Sleep"
 237.9s [11月29日（週六） 下午 7:00]   click [Sleep] Sleep until 7:00 AM
 238.3s [11月30日（週日） 下午 7:00]   use "Sleep"
 238.3s [11月30日（週日） 下午 7:00]   click [Sleep] Sleep until 7:00 AM
 238.8s [12月1日（週一） 上午 7:00]   (shot month_close_report skipped: headless)
 238.8s [12月1日（週一） 上午 7:00]   click [month close] Continue
 238.8s [12月1日（週一） 上午 7:00]   ok  import licence granted
 238.8s [12月1日（週一） 上午 7:00] STEP Chapter 12 — a large import goes through KYC
 238.9s [12月1日（週一） 上午 7:02]   use "Use laptop — Company OS"
 239.0s [12月1日（週一） 上午 7:03]   click [Tab_operations] Operations
 239.2s [12月1日（週一） 上午 7:04]   click [DeliverTo_riverside_studio] 河濱大樓 7C
 239.3s [12月1日（週一） 上午 7:05]   click [Buy_lumina_direct_wireless_earbuds] 購買 $2,692
 239.3s [12月1日（週一） 上午 7:06]   (shot settlement_kyc skipped: headless)
 239.3s [12月1日（週一） 上午 7:06]   click [Settle_letter_of_credit] Pay this way
 239.4s [12月1日（週一） 上午 7:08]   ok  the large payment carries a KYC check
 239.5s [12月1日（週一） 下午 5:00]   toast: Riverlight Goods 咖啡 今天沒開門：吧台沒人顧。去僱一位咖啡師（人員分頁），或自己站吧台。
 239.9s [12月1日（週一） 下午 7:11]   use "Sleep"
 239.9s [12月1日（週一） 下午 7:11]   click [Sleep] Sleep until 7:00 AM
 240.3s [12月2日（週二） 下午 5:00]   toast: Riverlight Goods 咖啡 今天沒開門：吧台沒人顧。去僱一位咖啡師（人員分頁），或自己站吧台。
 240.3s [12月2日（週二） 下午 7:00]   (shot decision_low_cash_warning skipped: headless)
 240.3s [12月2日（週二） 下午 7:00]   decision low_cash_warning → reduce
 240.3s [12月2日（週二） 下午 7:00]   click [Choice_reduce] 縮減開支（暫停廣告、生活從簡）
 240.4s [12月2日（週二） 下午 7:00]   (shot decision_outcome_low_cash_warning skipped: headless)
 240.4s [12月2日（週二） 下午 7:00]   click "OK"
 240.4s [12月2日（週二） 下午 7:00]   use "Sleep"
 240.4s [12月2日（週二） 下午 7:00]   click [Sleep] Sleep until 7:00 AM
 240.8s [12月3日（週三） 下午 5:00]   toast: Riverlight Goods 咖啡 今天沒開門：吧台沒人顧。去僱一位咖啡師（人員分頁），或自己站吧台。
 240.8s [12月3日（週三） 下午 7:00]   use "Sleep"
 240.8s [12月3日（週三） 下午 7:00]   click [Sleep] Sleep until 7:00 AM
 241.2s [12月4日（週四） 下午 5:00]   toast: Riverlight Goods 咖啡 今天沒開門：吧台沒人顧。去僱一位咖啡師（人員分頁），或自己站吧台。
 241.2s [12月4日（週四） 下午 7:00]   use "Sleep"
 241.2s [12月4日（週四） 下午 7:00]   click [Sleep] Sleep until 7:00 AM
 241.5s [12月5日（週五） 上午 7:01]   ok  KYC cleared
 241.5s [12月5日（週五） 上午 7:02]   use "Use laptop — Company OS"
 241.7s [12月5日（週五） 上午 7:03]   click [Tab_finance] Finance
 241.9s [12月5日（週五） 上午 7:04]   (shot finance_compliance_cost skipped: headless)
 241.9s [12月5日（週五） 上午 7:05] STEP Chapter 12 — Victor Hale's offer
 241.9s [12月5日（週五） 上午 7:05]   (harness) wait 2 h
 241.9s [12月5日（週五） 上午 9:05]   (shot decision_low_cash_warning skipped: headless)
 241.9s [12月5日（週五） 上午 9:05]   decision low_cash_warning → reduce
 241.9s [12月5日（週五） 上午 9:05]   click [Choice_reduce] 縮減開支（暫停廣告、生活從簡）
 241.9s [12月5日（週五） 上午 9:05]   (shot decision_outcome_low_cash_warning skipped: headless)
 241.9s [12月5日（週五） 上午 9:05]   click "OK"
 242.0s [12月5日（週五） 上午 9:05]   (harness) wait 2 h
 242.4s [12月5日（週五） 上午 11:12]   ok  walked back outside
 243.1s [12月5日（週五） 上午 11:33]   use "捷運——河濱區站"
 243.3s [12月5日（週五） 上午 11:34]   (shot metro_shopping_street skipped: headless)
 243.3s [12月5日（週五） 上午 11:34]   click [Go_shopping_street] 購物街  ·  15 分鐘
 243.6s [12月5日（週五） 上午 11:50]   ok  took the Metro to Shopping Street
 244.3s [12月5日（週五） 下午 12:03]   ok  entered Crestline Flagship
 244.3s [12月5日（週五） 下午 12:04]   use "和 Victor Hale 說話"
 244.3s [12月5日（週五） 下午 12:04]   (shot victor_offer skipped: headless)
 244.7s [12月5日（週五） 下午 12:06]   ok  the '!' badge for valuation pins its card
 244.7s [12月5日（週五） 下午 12:06]   (shot badge_valuation_pinned skipped: headless)
 244.7s [12月5日（週五） 下午 12:06]   (shot decision_acquisition_offer skipped: headless)
 244.7s [12月5日（週五） 下午 12:06]   decision acquisition_offer → counter
 244.7s [12月5日（週五） 下午 12:06]   click [Choice_counter] 還價：開價 $95,006
 244.7s [12月5日（週五） 下午 12:06]   (shot decision_outcome_acquisition_offer skipped: headless)
 244.7s [12月5日（週五） 下午 12:06]   click "OK"
 244.7s [12月5日（週五） 下午 12:06]   ok  countered Hale Group's offer
 244.8s [12月5日（週五） 下午 12:08]   (shot ending_card skipped: headless)
 245.1s [12月5日（週五） 下午 12:13]   ok  Chapter 12 complete
 245.1s [12月5日（週五） 下午 12:13]   ok  the main story is complete
 245.1s [12月5日（週五） 下午 12:13]   ok  free play: the growth goal
 245.1s [12月5日（週五） 下午 12:13]   ok  ledger balanced after chapters 10–12
 245.4s [12月5日（週五） 下午 12:16]   ok  walked back outside
 245.8s [12月5日（週五） 下午 12:27]   use "捷運——購物街站"
 245.8s [12月5日（週五） 下午 12:29]   (shot metro_riverside skipped: headless)
 245.8s [12月5日（週五） 下午 12:29]   click [Go_riverside] 河濱區  ·  15 分鐘
 246.1s [12月5日（週五） 下午 12:45]   ok  took the Metro to Riverside
 246.8s [12月5日（週五） 下午 12:59]   ok  entered Riverside Tower
 246.8s [12月5日（週五） 下午 12:59] STEP Save → reload → same state
 247.5s [12月5日（週五） 下午 1:00]   ok  cash restored after load
 247.5s [12月5日（週五） 下午 1:00]   ok  time restored after load
 247.5s [12月5日（週五） 下午 1:00]   ok  location restored (riverside_apartment)
 247.5s [12月5日（週五） 下午 1:00]   (shot after_load skipped: headless)
 247.5s [12月5日（週五） 下午 1:00] STEP Summary
 247.5s [12月5日（週五） 下午 1:00]   business entity co_riverlight_goods cash $43,950.09 · personal $46,229.88 · orders delivered 2522 · chapters done ["ch1_arrival", "ch2_first_customer", "ch3_open_for_business", "ch4_growing_pains", "ch5_big_contract", "ch6_cash_is_oxygen", "ch7_supply_shock", "ch8_green_shift", "ch9_clearing_crisis", "ch10_digital_rails", "ch11_other_side_of_trust", "ch12_regulation_scale"]
 247.5s [12月5日（週五） 下午 1:00]   ok  ledger balanced at the end
 247.5s [12月5日（週五） 下午 1:00]   ok  story objective completed: ch1_phone
 247.5s [12月5日（週五） 下午 1:00]   ok  story objective completed: ch1_outside
 247.5s [12月5日（週五） 下午 1:00]   ok  story objective completed: ch1_coffee
 247.5s [12月5日（週五） 下午 1:00]   ok  story objective completed: ch1_cowork
 247.5s [12月5日（週五） 下午 1:00]   ok  story objective completed: ch1_board
 247.5s [12月5日（週五） 下午 1:00]   ok  story objective completed: ch2_supplier
 247.5s [12月5日（週五） 下午 1:00]   ok  story objective completed: ch2_stock
 247.5s [12月5日（週五） 下午 1:00]   ok  story objective completed: ch2_listing
 247.5s [12月5日（週五） 下午 1:00]   ok  story objective completed: ch2_order
 247.5s [12月5日（週五） 下午 1:00]   ok  story objective completed: ch2_ship
 247.5s [12月5日（週五） 下午 1:00]   ok  story objective completed: ch2_first_dollar
 247.5s [12月5日（週五） 下午 1:00]   ok  story objective completed: ch2_issue
 247.5s [12月5日（週五） 下午 1:00]   ok  story objective completed: ch3_register
 247.5s [12月5日（週五） 下午 1:00]   ok  story objective completed: ch3_bank
 247.5s [12月5日（週五） 下午 1:00]   ok  story objective completed: ch3_workspace
 247.5s [12月5日（週五） 下午 1:00]   ok  story objective completed: ch3_os
 247.5s [12月5日（週五） 下午 1:00]   ok  story objective completed: ch4_employer
 247.5s [12月5日（週五） 下午 1:00]   ok  story objective completed: ch4_post
 247.5s [12月5日（週五） 下午 1:00]   ok  story objective completed: ch4_hire
 247.5s [12月5日（週五） 下午 1:00]   ok  story objective completed: ch4_payroll
 247.5s [12月5日（週五） 下午 1:00]   ok  story objective completed: ch4_forecast
 247.5s [12月5日（週五） 下午 1:00]   ok  story objective completed: ch5_meet
 247.5s [12月5日（週五） 下午 1:00]   ok  story objective completed: ch5_decide
 247.5s [12月5日（週五） 下午 1:00]   ok  story objective completed: ch5_stock
 247.5s [12月5日（週五） 下午 1:00]   ok  story objective completed: ch5_deliver
 247.5s [12月5日（週五） 下午 1:00]   ok  story objective completed: ch6_forecast
 247.5s [12月5日（週五） 下午 1:00]   ok  story objective completed: ch6_bridge
 247.5s [12月5日（週五） 下午 1:00]   ok  story objective completed: ch6_collect
 247.5s [12月5日（週五） 下午 1:00]   ok  story objective completed: ch6_close
 247.5s [12月5日（週五） 下午 1:00]   ok  story objective completed: ch7_news
 247.5s [12月5日（週五） 下午 1:00]   ok  story objective completed: ch7_ken
 247.5s [12月5日（週五） 下午 1:00]   ok  story objective completed: ch7_stock
 247.5s [12月5日（週五） 下午 1:00]   ok  story objective completed: ch7_price
 247.5s [12月5日（週五） 下午 1:00]   ok  story objective completed: ch7_close
 247.5s [12月5日（週五） 下午 1:00]   ok  story objective completed: ch8_news
 247.5s [12月5日（週五） 下午 1:00]   ok  story objective completed: ch8_pack
 247.5s [12月5日（週五） 下午 1:00]   ok  story objective completed: ch8_product
 247.5s [12月5日（週五） 下午 1:00]   ok  story objective completed: ch8_grant
 247.5s [12月5日（週五） 下午 1:00]   ok  story objective completed: ch9_news
 247.5s [12月5日（週五） 下午 1:00]   ok  story objective completed: ch9_import
 247.5s [12月5日（週五） 下午 1:00]   ok  story objective completed: ch9_lina
 247.5s [12月5日（週五） 下午 1:00]   ok  story objective completed: ch9_settle
 247.5s [12月5日（週五） 下午 1:00]   ok  story objective completed: ch9_arrive
 247.5s [12月5日（週五） 下午 1:00]   ok  story objective completed: ch10_news
 247.5s [12月5日（週五） 下午 1:00]   ok  story objective completed: ch10_lina
 247.5s [12月5日（週五） 下午 1:00]   ok  story objective completed: ch10_import
 247.5s [12月5日（週五） 下午 1:00]   ok  story objective completed: ch10_arrive
 247.5s [12月5日（週五） 下午 1:00]   ok  story objective completed: ch11_news
 247.5s [12月5日（週五） 下午 1:00]   ok  story objective completed: ch11_order
 247.5s [12月5日（週五） 下午 1:00]   ok  story objective completed: ch11_freeze
 247.5s [12月5日（週五） 下午 1:00]   ok  story objective completed: ch11_restock
 247.5s [12月5日（週五） 下午 1:00]   ok  story objective completed: ch12_news
 247.5s [12月5日（週五） 下午 1:00]   ok  story objective completed: ch12_licence
 247.5s [12月5日（週五） 下午 1:00]   ok  story objective completed: ch12_kyc
 247.5s [12月5日（週五） 下午 1:00]   ok  story objective completed: ch12_offer
 247.5s [12月5日（週五） 下午 1:00] BOT FINISHED — 0 failure(s) · 247.5s real
 247.5s [12月5日（週五） 下午 1:00] English audit: 47 on-screen text(s) with untranslated words
