Godot Engine v4.5.1.stable.official.f62fdbde1 - https://godotengine.org
OpenGL API 3.3.0 NVIDIA 462.59 - Compatibility - Using Device: NVIDIA - Quadro RTX 4000

   0.0s STEP Main menu → New Game
   0.6s   shot 01_main_menu.png
   0.6s   click [NewGame] New Game
   1.9s STEP Character Creator
   2.0s   shot 02_creator_default.png
   2.1s   click [Tab_hair] Hair
   2.2s   click [Next_hair] ▶
   2.6s   click [Tab_face] Face
   2.7s   click [Next_face] ▶
   2.8s   click [Next_eye_shape] ▶
   2.9s   click [Tab_body] Body
   3.0s   click [Next_presentation] ▶
   3.6s   shot 03_creator_customised.png
   3.6s   click [Tab_outfit] Outfit
   3.7s   click "Startup Casual"
   4.3s   ok  appearance changed from default (short_neat)
   4.4s   shot 04_creator_final.png
   4.4s   click [Start] Start in Aurelia  →
   4.4s [6月1日（週日） 下午 2:00] STEP Arrival sequence
   7.1s [6月1日（週日） 下午 2:00]   shot 05_arrival_train.png
  10.7s [6月1日（週日） 下午 2:00]   shot 06_arrival_phone.png
  15.8s [6月1日（週日） 下午 2:01]   ok  spawned in the Riverside apartment
  15.8s [6月1日（週日） 下午 2:01]   ok  starting cash $30,000
  15.8s [6月1日（週日） 下午 2:01]   ok  name saved
  17.6s [6月1日（週日） 下午 2:03]   shot 07_apartment_arrival.png
  17.6s [6月1日（週日） 下午 2:03] STEP Chapter 1 — phone & Maya
  20.7s [6月1日（週日） 下午 2:07]   shot 08_phone_home.png
  20.7s [6月1日（週日） 下午 2:07]   click [App_messages] 訊息 2
  21.2s [6月1日（週日） 下午 2:08]   click [Thread_maya] Maya  ● 打給我。或傳訊息。隨便。
  23.3s [6月1日（週日） 下午 2:09]   choose "› 嗯。"
  26.2s [6月1日（週日） 下午 2:09]   choose "› 我要開公司。"
  29.6s [6月1日（週日） 下午 2:09]   ok  Maya conversation done
  29.6s [6月1日（週日） 下午 2:09] STEP Head outside
  33.5s [6月1日（週日） 下午 2:15]   ok  walked back outside
  33.5s [6月1日（週日） 下午 2:15]   ok  visited Riverside
  33.7s [6月1日（週日） 下午 2:15]   shot 09_riverside_outside_home.png
  33.7s [6月1日（週日） 下午 2:15] STEP Bloom Coffee
  36.9s [6月1日（週日） 下午 2:20]   ok  entered Bloom Coffee
  37.1s [6月1日（週日） 下午 2:20]   shot 10_bloom_coffee_inside.png
  38.4s [6月1日（週日） 下午 2:22]   use "Order coffee ($4.50)"
  40.4s [6月1日（週日） 下午 2:22]   choose "› 麻煩了。"
  45.4s [6月1日（週日） 下午 2:33]   ok  bought a coffee from Jun
  48.2s [6月1日（週日） 下午 2:38]   ok  walked back outside
  48.2s [6月1日（週日） 下午 2:38] STEP Walk east to Startup Hub
  49.7s [6月1日（週日） 下午 2:40]   shot 11_riverside_street.png
  62.3s [6月1日（週日） 下午 3:11]   ok  walked to Startup Hub
  62.5s [6月1日（週日） 下午 3:11]   shot 12_startup_hub_arrive.png
  62.5s [6月1日（週日） 下午 3:11] STEP Nexus Co-work
  66.4s [6月1日（週日） 下午 3:17]   ok  entered Nexus Co-work
  66.6s [6月1日（週日） 下午 3:17]   shot 13_cowork_inside.png
  67.8s [6月1日（週日） 下午 3:19]   use "Reception — desks & day passes"
  70.4s [6月1日（週日） 下午 3:19]   choose "› 對。先看看。"
  73.3s [6月1日（週日） 下午 3:20]   click [DayPass] Buy a day pass ($15)
  74.2s [6月1日（週日） 下午 3:21] STEP Business Board
  81.7s [6月1日（週日） 下午 3:32]   use "Business Board"
  82.5s [6月1日（週日） 下午 3:34]   shot 14_business_board.png
  82.5s [6月1日（週日） 下午 3:34]   click [Biz_saas] ● SaaS／軟體
  83.1s [6月1日（週日） 下午 3:34]   shot 15_business_board_planned_saas.png
  83.1s [6月1日（週日） 下午 3:34]   click [Biz_ecommerce] ● 電商
  83.2s [6月1日（週日） 下午 3:35]   click [StartEcommerce] Start an ecommerce side business
  84.6s [6月1日（週日） 下午 3:37]   ok  picked ecommerce as first business
  87.1s [6月1日（週日） 下午 3:41]   ok  Chapter 1 complete
  87.1s [6月1日（週日） 下午 3:41] STEP Chapter 2 — buy stock at a hot desk (Company OS)
  96.0s [6月1日（週日） 下午 3:54]   use "Work at a hot desk — Company OS"
  96.7s [6月1日（週日） 下午 3:55]   shot 16_company_os_overview_personal.png
  96.7s [6月1日（週日） 下午 3:55]   click [Tab_operations] Operations
  97.4s [6月1日（週日） 下午 3:56]   shot 17_company_os_suppliers.png
  97.4s [6月1日（週日） 下午 3:56]   click [Buy_tradelink_wholesale_wireless_earbuds] 購買 $900.00
  97.8s [6月1日（週日） 下午 4:07]   click [Buy_tradelink_wholesale_water_bottle] 購買 $408.00
  98.3s [6月1日（週日） 下午 4:17]   click [Buy_tradelink_wholesale_desk_lamp] 購買 $460.00
  98.8s [6月1日（週日） 下午 4:28]   click [Buy_tradelink_wholesale_phone_stand] 購買 $272.00
  99.3s [6月1日（週日） 下午 4:39]   ok  placed purchase orders (MOQ, prepaid): 4 POs, cash $27,940.50
  99.3s [6月1日（週日） 下午 4:39]   shot 18_company_os_purchase_orders.png
  99.7s [6月1日（週日） 下午 4:39] STEP Home to wait for stock
 102.9s [6月1日（週日） 下午 4:45]   ok  walked back outside
 107.0s [6月1日（週日） 下午 5:03]   ok  walked to Riverside
 122.8s [6月1日（週日） 下午 5:27]   ok  entered Riverside Tower
 122.9s [6月1日（週日） 下午 5:27]   (harness) wait 2 h
 125.5s [6月1日（週日） 下午 7:31]   use "Sleep"
 126.1s [6月1日（週日） 下午 7:31]   click [Sleep] Sleep until 7:00 AM
 128.0s [6月2日（週一） 上午 7:01]   (harness) wait 2 h
 128.7s [6月2日（週一） 上午 9:01]   (harness) wait 2 h
 129.4s [6月2日（週一） 上午 11:02]   (harness) wait 2 h
 130.1s [6月2日（週一） 下午 1:03]   (harness) wait 2 h
 130.8s [6月2日（週一） 下午 3:04]   (harness) wait 2 h
 131.5s [6月2日（週一） 下午 5:05]   (harness) wait 2 h
 132.3s [6月2日（週一） 下午 7:07]   use "Sleep"
 132.9s [6月2日（週一） 下午 7:07]   click [Sleep] Sleep until 7:00 AM
 134.8s [6月3日（週二） 上午 7:01]   (harness) wait 2 h
 135.5s [6月3日（週二） 上午 9:01]   (harness) wait 2 h
 136.2s [6月3日（週二） 上午 11:03]   (harness) wait 2 h
 136.9s [6月3日（週二） 下午 1:03]   (harness) wait 2 h
 137.6s [6月3日（週二） 下午 3:04]   ok  stock delivered to the apartment
 138.3s [6月3日（週二） 下午 3:05]   shot 19_apartment_with_stock.png
 138.4s [6月3日（週二） 下午 3:05] STEP List products on ShopLane
 139.5s [6月3日（週二） 下午 3:07]   use "Use laptop — Company OS"
 140.1s [6月3日（週二） 下午 3:08]   click [Tab_sales] Ecommerce
 141.1s [6月3日（週二） 下午 3:09]   shot 20_company_os_sales_ready.png
 141.1s [6月3日（週二） 下午 3:09]   click [ListSelf_wireless_earbuds] Shoot photos myself & list (1 h 20 min)
 141.7s [6月3日（週二） 下午 4:30]   click [ListSelf_water_bottle] Shoot photos myself & list (1 h 20 min)
 142.3s [6月3日（週二） 下午 5:51]   click [ListSelf_desk_lamp] Shoot photos myself & list (1 h 20 min)
 143.0s [6月3日（週二） 下午 7:12]   click [ListSelf_phone_stand] Shoot photos myself & list (1 h 20 min)
 143.6s [6月3日（週二） 下午 8:33]   click [AdPlus_wireless_earbuds] +
 144.3s [6月3日（週二） 下午 8:34]   shot 21_company_os_listings_live.png
 144.4s [6月3日（週二） 下午 8:34]   ok  listings live
 144.8s [6月3日（週二） 下午 8:35] STEP First order → pack → ship
 153.1s [6月3日（週二） 下午 8:47]   use "Packing table"
 154.1s [6月3日（週二） 下午 8:48]   shot 22_packing_table.png
 154.2s [6月3日（週二） 下午 8:48]   click [Pack] 打包 17 筆訂單（2 小時 16 分）
 155.1s [6月3日（週二） 下午 11:06]   click [CourierEconomy] 快遞 · 經濟 3 天（$82.60）
 156.2s [6月3日（週二） 下午 11:07]   ok  first order came in
 156.3s [6月3日（週二） 下午 11:07]   ok  handed to the courier (pickup booked)
 156.3s [6月3日（週二） 下午 11:07] STEP Delivery → first dollar
 165.2s [6月3日（週二） 下午 11:21]   use "Sleep"
 165.8s [6月3日（週二） 下午 11:21]   click [Sleep] Sleep until 7:00 AM
 176.4s [6月4日（週三） 上午 7:14]   use "Packing table"
 177.1s [6月4日（週三） 上午 7:15]   click [Pack] 打包 18 筆訂單（2 小時 24 分）
 178.0s [6月4日（週三） 上午 9:40]   click [CourierEconomy] 快遞 · 經濟 3 天（$89.40）
 179.2s [6月4日（週三） 上午 9:42]   ok  first order delivered (Earn Your First Dollar)
 179.2s [6月4日（週三） 上午 9:42]   revenue booked $477.83 · ShopLane balance $430.03 · cash $27,648.60
 179.3s [6月4日（週三） 上午 9:42]   shot 23_first_dollar.png
 179.3s [6月4日（週三） 上午 9:42] STEP First customer issue
 179.3s [6月4日（週三） 上午 9:42]   (harness) wait 2 h
 186.3s [6月4日（週三） 上午 11:53]   use "Packing table"
 187.1s [6月4日（週三） 上午 11:54]   click [Pack] 打包 13 筆訂單（1 小時 44 分）
 188.0s [6月4日（週三） 下午 1:39]   click [CourierEconomy] 快遞 · 經濟 3 天（$65.80）
 189.1s [6月4日（週三） 下午 1:41]   (harness) wait 2 h
 189.9s [6月4日（週三） 下午 3:42]   use "Packing table"
 190.6s [6月4日（週三） 下午 3:43]   click [Pack] 打包 15 筆訂單（2 h）
 191.5s [6月4日（週三） 下午 5:44]   click [CourierEconomy] 快遞 · 經濟 3 天（$79.40）
 192.7s [6月4日（週三） 下午 5:46]   (harness) wait 2 h
 193.5s [6月4日（週三） 下午 7:47]   use "Packing table"
 194.2s [6月4日（週三） 下午 7:48]   click [Pack] 打包 14 筆訂單（1 小時 52 分）
 195.1s [6月4日（週三） 下午 9:42]   click [CourierEconomy] 快遞 · 經濟 3 天（$67.40）
 198.9s [6月4日（週三） 下午 9:47]   use "Sleep"
 199.5s [6月4日（週三） 下午 9:47]   click [Sleep] Sleep until 7:00 AM
 201.3s [6月5日（週四） 上午 7:00]   shot 24_decision_customer_return_first.png
 201.3s [6月5日（週四） 上午 7:00]   decision customer_return_first → replace
 201.3s [6月5日（週四） 上午 7:00]   click [Choice_replace] 寄一個新的（快捷）
 203.0s [6月5日（週四） 上午 7:00]   shot 25_decision_outcome_customer_return_first.png
 203.0s [6月5日（週四） 上午 7:00]   click "OK"
 203.8s [6月5日（週四） 上午 7:00]   shot 26_decision_customer_return_first.png
 203.8s [6月5日（週四） 上午 7:00]   decision customer_return_first → replace
 203.8s [6月5日（週四） 上午 7:00]   click [Choice_replace] 寄一個新的（快捷）
 205.3s [6月5日（週四） 上午 7:00]   shot 27_decision_outcome_customer_return_first.png
 205.3s [6月5日（週四） 上午 7:00]   click "OK"
 214.7s [6月5日（週四） 上午 7:14]   use "Packing table"
 215.4s [6月5日（週四） 上午 7:15]   click [Pack] 打包 17 筆訂單（2 小時 16 分）
 216.4s [6月5日（週四） 上午 9:32]   click [CourierEconomy] 快遞 · 經濟 3 天（$93.00）
 217.5s [6月5日（週四） 上午 9:34]   shot 28_decision_customer_return.png
 217.5s [6月5日（週四） 上午 9:34]   decision customer_return → replace
 217.5s [6月5日（週四） 上午 9:34]   click [Choice_replace] 寄一個新的
 218.9s [6月5日（週四） 上午 9:34]   shot 29_decision_outcome_customer_return.png
 218.9s [6月5日（週四） 上午 9:34]   click "OK"
 219.4s [6月5日（週四） 上午 9:34]   ok  resolved the first customer issue
 221.4s [6月5日（週四） 上午 9:37]   ok  Chapter 2 complete
 221.4s [6月5日（週四） 上午 9:37] STEP Purchase cancellation
 223.0s [6月5日（週四） 上午 9:40]   use "Use laptop — Company OS"
 223.6s [6月5日（週四） 上午 9:40]   click [Tab_operations] Operations
 224.2s [6月5日（週四） 上午 9:41]   click [Buy_tradelink_wholesale_wireless_earbuds] 購買 $900.00
 225.2s [6月5日（週四） 上午 9:53]   click [CancelPO_PO-105] Cancel purchase
 225.9s [6月5日（週四） 上午 9:53]   shot 30_purchase_cancel_confirmation.png
 225.9s [6月5日（週四） 上午 9:53]   click [ConfirmReturn] Confirm cancellation
 226.5s [6月5日（週四） 上午 9:53]   ok  extra PO cancelled through UI
 226.5s [6月5日（週四） 上午 9:53]   ok  cancellation cash equals quoted refund
 226.5s [6月5日（週四） 上午 9:53]   ok  ledger balanced after purchase cancellation
 227.0s [6月5日（週四） 上午 9:54]   shot 31_purchase_cancelled_operations.png
 227.3s [6月5日（週四） 上午 9:55] STEP Chapter 3 — wait for a weekday morning
 230.1s [6月5日（週四） 上午 10:00]   ok  walked back outside
 230.1s [6月5日（週四） 上午 10:00] STEP Metro to Civic Center → City Hall
 238.2s [6月5日（週四） 上午 10:12]   use "捷運——河濱區站"
 239.2s [6月5日（週四） 上午 10:13]   shot 32_metro_civic_center.png
 239.2s [6月5日（週四） 上午 10:13]   click [Go_civic_center] 市政中心  ·  12 分鐘
 240.3s [6月5日（週四） 上午 10:27]   ok  took the Metro to Civic Center
 240.4s [6月5日（週四） 上午 10:27]   shot 33_civic_center.png
 247.4s [6月5日（週四） 上午 10:37]   ok  entered Aurelia City Hall
 247.5s [6月5日（週四） 上午 10:37]   shot 34_city_hall_inside.png
 248.6s [6月5日（週四） 上午 10:39]   use "Registration counter"
 250.6s [6月5日（週四） 上午 10:39]   choose "› 我要登記公司。"
 253.5s [6月5日（週四） 上午 10:40]   shot 35_registration_form.png
 253.5s [6月5日（週四） 上午 10:40]   click [Submit] Register & pay
 254.4s [6月5日（週四） 上午 11:26]   shot 36_registration_done.png
 254.5s [6月5日（週四） 上午 11:26]   click "Thanks"
 254.5s [6月5日（週四） 上午 11:26]   ok  registered Riverlight Goods
 254.6s [6月5日（週四） 上午 11:26]   shot 37_decision_low_cash_warning.png
 254.6s [6月5日（週四） 上午 11:26]   decision low_cash_warning → reduce
 254.6s [6月5日（週四） 上午 11:26]   click [Choice_reduce] 縮減開支（暫停廣告、生活從簡）
 256.0s [6月5日（週四） 上午 11:26]   shot 38_decision_outcome_low_cash_warning.png
 256.0s [6月5日（週四） 上午 11:26]   click "OK"
 259.0s [6月5日（週四） 上午 11:31]   ok  walked back outside
 259.0s [6月5日（週四） 上午 11:31] STEP Walk to the Financial District → Nexus Bank
 268.5s [6月5日（週四） 上午 11:51]   ok  walked to Financial District
 272.7s [6月5日（週四） 上午 11:57]   ok  entered Nexus Bank
 272.9s [6月5日（週四） 上午 11:57]   shot 39_bank_inside.png
 273.8s [6月5日（週四） 上午 11:59]   use "Teller — business banking"
 274.6s [6月5日（週四） 下午 12:00]   click "$15,000"
 274.7s [6月5日（週四） 下午 12:00]   click [OpenAccount] 存入 $15,000 開戶
 275.7s [6月5日（週四） 下午 12:32]   shot 40_bank_account_opened.png
 276.1s [6月5日（週四） 下午 12:32]   ok  business account opened with founder capital
 280.4s [6月5日（週四） 下午 12:40]   ok  walked back outside
 280.4s [6月5日（週四） 下午 12:40] STEP Metro to Startup Hub → lease Suite 2B
 286.9s [6月5日（週四） 下午 12:50]   use "捷運——金融區站"
 287.8s [6月5日（週四） 下午 12:51]   shot 41_metro_startup_hub.png
 287.8s [6月5日（週四） 下午 12:51]   click [Go_startup_hub] 新創園區  ·  8 分鐘
 288.9s [6月5日（週四） 下午 1:01]   ok  took the Metro to Startup Hub
 293.9s [6月5日（週四） 下午 1:08]   ok  entered 22 Founders Lane
 294.0s [6月5日（週四） 下午 1:08]   shot 42_suite_2b_tour.png
 295.0s [6月5日（週四） 下午 1:10]   use "和 Tom 說話"
 297.4s [6月5日（週四） 下午 1:10]   click [SignLease] Sign the lease
 298.5s [6月5日（週四） 下午 1:12]   ok  leased Suite 2B
 299.2s [6月5日（週四） 下午 1:13]   shot 43_suite_2b_company_sign.png
 299.2s [6月5日（週四） 下午 1:13] STEP Sit at the desk → Company OS as the company
 299.8s [6月5日（週四） 下午 1:14]   use "Sit at your desk — Company OS"
 301.0s [6月5日（週四） 下午 1:15]   shot 44_company_os_as_company.png
 301.0s [6月5日（週四） 下午 1:15]   click [Tab_finance] Finance
 301.7s [6月5日（週四） 下午 1:17]   shot 45_company_os_finance.png
 301.7s [6月5日（週四） 下午 1:17]   click [Tab_inventory] Inventory
 302.3s [6月5日（週四） 下午 1:17]   shot 46_company_os_inventory.png
 305.7s [6月5日（週四） 下午 1:23]   ok  Chapter 3 complete
 308.0s [6月5日（週四） 下午 1:27]   ok  walked back outside
 308.2s [6月5日（週四） 下午 1:27]   shot 47_startup_hub_office_sign.png
 308.2s [6月5日（週四） 下午 1:27] STEP Careers — part-time job at Nexus Co-work
 314.5s [6月5日（週四） 下午 1:37]   ok  entered Nexus Co-work
 316.8s [6月5日（週四） 下午 1:40]   use "Business Board"
 317.5s [6月5日（週四） 下午 1:41]   click [Page_jobs] Part-time jobs
 318.2s [6月5日（週四） 下午 1:42]   shot 48_business_board_jobs.png
 318.2s [6月5日（週四） 下午 1:42]   click [Job_cowork_host] 詳情／應徵
 318.7s [6月5日（週四） 下午 1:43]   click [ApplyJob] Take the job
 319.3s [6月5日（週四） 下午 1:44]   shot 49_job_hired.png
 320.4s [6月5日（週四） 下午 1:46]   ok  hired as a community host
 327.1s [6月5日（週四） 下午 1:56]   use "Staff door — work a shift"
 327.9s [6月5日（週四） 下午 1:57]   shot 50_job_shift.png
 327.9s [6月5日（週四） 下午 1:57]   click [WorkShift] 開始 4 小時的班（最多 +$72）
 329.7s [6月5日（週四） 下午 5:59]   ok  a 4-hour shift paid by how it went ($67.68)
 329.7s [6月5日（週四） 下午 5:59] STEP Careers — freelance gig at a hot desk
 329.7s [6月5日（週四） 下午 5:59]   info card: Your first business loop
 329.8s [6月5日（週四） 下午 5:59]   shot 51_info_your_first_business_loop.png
 329.8s [6月5日（週四） 下午 5:59]   click "Let's go"
 338.7s [6月5日（週四） 下午 6:12]   use "Work at a hot desk — Company OS"
 339.3s [6月5日（週四） 下午 6:13]   click [Tab_freelance] Explore freelance consulting
 339.8s [6月5日（週四） 下午 6:14]   click [StartFreelance] Start freelancing
 340.5s [6月5日（週四） 下午 6:15]   click [Accept_G1] Accept
 341.0s [6月5日（週四） 下午 6:15]   click [Work_G1] 工作 2 小時
 341.8s [6月5日（週四） 下午 8:16]   shot 52_freelance_gig.png
 341.8s [6月5日（週四） 下午 8:16]   ok  put hours into a freelance gig
 341.8s [6月5日（週四） 下午 8:16] STEP Careers — start a SaaS product
 341.8s [6月5日（週四） 下午 8:16]   click [Tab_saas] Start a software product
 342.4s [6月5日（週四） 下午 8:17]   shot 53_saas_ideas.png
 342.4s [6月5日（週四） 下午 8:17]   click [Saas_freelancer_invoicing] Build this
 342.9s [6月5日（週四） 下午 8:18]   click [SaasCode] 寫程式 2 小時
 343.6s [6月5日（週四） 下午 10:19]   shot 54_saas_building.png
 343.6s [6月5日（週四） 下午 10:19]   ok  started building a SaaS product (2 dev h)
 347.2s [6月5日（週四） 下午 10:26]   ok  walked back outside
 347.2s [6月5日（週四） 下午 10:26] STEP Run the company to month-end
 351.2s [6月5日（週四） 下午 10:44]   ok  walked to Riverside
 367.1s [6月5日（週四） 下午 11:07]   ok  entered Riverside Tower
 368.6s [6月5日（週四） 下午 11:10]   use "Use laptop — Company OS"
 369.2s [6月5日（週四） 下午 11:11]   click [Tab_operations] Operations
 369.4s [6月5日（週四） 下午 11:11]   click [DeliverTo_riverside_studio] 河濱大樓 7C
 369.5s [6月5日（週四） 下午 11:11]   click [Buy_tradelink_wholesale_water_bottle] 購買 $408.00
 377.7s [6月5日（週四） 下午 11:33]   use "Sleep"
 378.3s [6月5日（週四） 下午 11:33]   click [Sleep] Sleep until 7:00 AM
 389.0s [6月6日（週五） 上午 7:14]   use "Packing table"
 389.7s [6月6日（週五） 上午 7:15]   click [Pack] 打包 65 筆訂單（8 小時 40 分）
 390.7s [6月6日（週五） 下午 3:56]   click [CourierEconomy] 快遞 · 經濟 3 天（$307.60）
 391.9s [6月6日（週五） 下午 3:58]   shot 55_decision_customer_return.png
 391.9s [6月6日（週五） 下午 3:58]   decision customer_return → replace
 391.9s [6月6日（週五） 下午 3:58]   click [Choice_replace] 寄一個新的
 393.2s [6月6日（週五） 下午 3:58]   shot 56_decision_outcome_customer_return.png
 393.2s [6月6日（週五） 下午 3:58]   click "OK"
 395.3s [6月6日（週五） 下午 4:01]   use "Use laptop — Company OS"
 395.9s [6月6日（週五） 下午 4:02]   click [Tab_operations] Operations
 396.1s [6月6日（週五） 下午 4:02]   click [DeliverTo_riverside_studio] 河濱大樓 7C
 396.3s [6月6日（週五） 下午 4:02]   click [Buy_tradelink_wholesale_water_bottle] 購買 $408.00
 396.5s [6月6日（週五） 下午 4:12]   click [Buy_tradelink_wholesale_wireless_earbuds] 購買 $900.00
 404.8s [6月6日（週五） 下午 7:12]   use "Sleep"
 405.4s [6月6日（週五） 下午 7:12]   click [Sleep] Sleep until 7:00 AM
 416.1s [6月7日（週六） 上午 7:14]   use "Packing table"
 416.8s [6月7日（週六） 上午 7:15]   click [Pack] 打包 48 筆訂單（6 小時 24 分）
 417.7s [6月7日（週六） 下午 1:40]   click [CourierEconomy] 快遞 · 經濟 3 天（$220.60）
 420.4s [6月7日（週六） 下午 1:44]   use "Use laptop — Company OS"
 421.0s [6月7日（週六） 下午 1:45]   click [Tab_operations] Operations
 421.2s [6月7日（週六） 下午 1:45]   click [DeliverTo_riverside_studio] 河濱大樓 7C
 421.4s [6月7日（週六） 下午 1:46]   click [Buy_tradelink_wholesale_water_bottle] 購買 $408.00
 421.6s [6月7日（週六） 下午 1:56]   click [Buy_tradelink_wholesale_wireless_earbuds] 購買 $900.00
 429.9s [6月7日（週六） 下午 7:11]   use "Sleep"
 430.5s [6月7日（週六） 下午 7:11]   click [Sleep] Sleep until 7:00 AM
 441.2s [6月8日（週日） 上午 7:14]   use "Packing table"
 441.9s [6月8日（週日） 上午 7:15]   click [Pack] 打包 27 筆訂單（3 小時 36 分）
 442.0s [6月8日（週日） 上午 8:01]   toast: 新評價 #1040：★「壞掉了，賣家不處理。」
 442.8s [6月8日（週日） 上午 10:52]   click [CourierEconomy] 快遞 · 經濟 3 天（$135.00）
 445.5s [6月8日（週日） 上午 10:56]   use "Use laptop — Company OS"
 446.1s [6月8日（週日） 上午 10:57]   click [Tab_operations] Operations
 446.3s [6月8日（週日） 上午 10:57]   click [DeliverTo_riverside_studio] 河濱大樓 7C
 446.5s [6月8日（週日） 上午 10:58]   click [Buy_tradelink_wholesale_wireless_earbuds] 購買 $900.00
 447.2s [6月8日（週日） 下午 7:00]   shot 57_decision_customer_return.png
 447.2s [6月8日（週日） 下午 7:00]   decision customer_return → replace
 447.2s [6月8日（週日） 下午 7:00]   click [Choice_replace] 寄一個新的
 448.6s [6月8日（週日） 下午 7:00]   shot 58_decision_outcome_customer_return.png
 448.6s [6月8日（週日） 下午 7:00]   click "OK"
 449.1s [6月8日（週日） 下午 7:00]   shot 59_decision_customer_return.png
 449.1s [6月8日（週日） 下午 7:00]   decision customer_return → refund
 449.1s [6月8日（週日） 下午 7:00]   click [Choice_refund] 退款＋收回商品
 450.5s [6月8日（週日） 下午 7:00]   shot 60_decision_outcome_customer_return.png
 450.5s [6月8日（週日） 下午 7:00]   click "OK"
 458.7s [6月8日（週日） 下午 7:12]   use "Sleep"
 459.3s [6月8日（週日） 下午 7:12]   click [Sleep] Sleep until 7:00 AM
 461.2s [6月9日（週一） 上午 7:00]   shot 61_decision_customer_return.png
 461.2s [6月9日（週一） 上午 7:00]   decision customer_return → replace
 461.2s [6月9日（週一） 上午 7:00]   click [Choice_replace] 寄一個新的
 462.5s [6月9日（週一） 上午 7:00]   shot 62_decision_outcome_customer_return.png
 462.6s [6月9日（週一） 上午 7:00]   click "OK"
 471.9s [6月9日（週一） 上午 7:14]   use "Packing table"
 472.6s [6月9日（週一） 上午 7:15]   click [Pack] 打包 24 筆訂單（3 小時 12 分）
 473.5s [6月9日（週一） 上午 10:28]   click [CourierEconomy] 快遞 · 經濟 3 天（$109.40）
 474.9s [6月9日（週一） 下午 7:00]   shot 63_decision_customer_return.png
 474.9s [6月9日（週一） 下午 7:00]   decision customer_return → refund
 474.9s [6月9日（週一） 下午 7:00]   click [Choice_refund] 退款＋收回商品
 476.3s [6月9日（週一） 下午 7:00]   shot 64_decision_outcome_customer_return.png
 476.3s [6月9日（週一） 下午 7:00]   click "OK"
 485.7s [6月9日（週一） 下午 7:13]   use "Sleep"
 486.3s [6月9日（週一） 下午 7:14]   click [Sleep] Sleep until 7:00 AM
 488.1s [6月10日（週二） 上午 7:00]   shot 65_decision_customer_return.png
 488.1s [6月10日（週二） 上午 7:00]   decision customer_return → replace
 488.1s [6月10日（週二） 上午 7:00]   click [Choice_replace] 寄一個新的
 489.5s [6月10日（週二） 上午 7:00]   shot 66_decision_outcome_customer_return.png
 489.5s [6月10日（週二） 上午 7:00]   click "OK"
 498.9s [6月10日（週二） 上午 7:14]   use "Packing table"
 499.6s [6月10日（週二） 上午 7:15]   click [Pack] 打包 25 筆訂單（3 小時 20 分）
 500.5s [6月10日（週二） 上午 10:36]   click [CourierEconomy] 快遞 · 經濟 3 天（$111.00）
 501.8s [6月10日（週二） 下午 7:00]   shot 67_decision_customer_return.png
 501.8s [6月10日（週二） 下午 7:00]   decision customer_return → replace
 501.8s [6月10日（週二） 下午 7:00]   click [Choice_replace] 寄一個新的
 503.2s [6月10日（週二） 下午 7:00]   shot 68_decision_outcome_customer_return.png
 503.2s [6月10日（週二） 下午 7:00]   click "OK"
 512.6s [6月10日（週二） 下午 7:14]   use "Sleep"
 513.2s [6月10日（週二） 下午 7:14]   click [Sleep] Sleep until 7:00 AM
 515.0s [6月11日（週三） 上午 7:00]   shot 69_decision_customer_return.png
 515.0s [6月11日（週三） 上午 7:00]   decision customer_return → replace
 515.0s [6月11日（週三） 上午 7:00]   click [Choice_replace] 寄一個新的
 516.4s [6月11日（週三） 上午 7:00]   shot 70_decision_outcome_customer_return.png
 516.5s [6月11日（週三） 上午 7:00]   click "OK"
 525.9s [6月11日（週三） 上午 7:14]   use "Packing table"
 526.6s [6月11日（週三） 上午 7:15]   click [Pack] 打包 28 筆訂單（3 小時 44 分）
 527.5s [6月11日（週三） 上午 11:00]   click [CourierEconomy] 快遞 · 經濟 3 天（$123.60）
 528.7s [6月11日（週三） 上午 11:02]   shot 71_decision_customer_return.png
 528.7s [6月11日（週三） 上午 11:02]   decision customer_return → replace
 528.7s [6月11日（週三） 上午 11:02]   click [Choice_replace] 寄一個新的
 530.1s [6月11日（週三） 上午 11:02]   shot 72_decision_outcome_customer_return.png
 530.1s [6月11日（週三） 上午 11:02]   click "OK"
 539.5s [6月11日（週三） 下午 7:14]   use "Sleep"
 540.1s [6月11日（週三） 下午 7:14]   click [Sleep] Sleep until 7:00 AM
 542.0s [6月12日（週四） 上午 7:00]   shot 73_decision_customer_return.png
 542.0s [6月12日（週四） 上午 7:00]   decision customer_return → refund
 542.0s [6月12日（週四） 上午 7:00]   click [Choice_refund] 退款＋收回商品
 543.3s [6月12日（週四） 上午 7:00]   shot 74_decision_outcome_customer_return.png
 543.3s [6月12日（週四） 上午 7:00]   click "OK"
 543.8s [6月12日（週四） 上午 7:00]   shot 75_decision_customer_return.png
 543.8s [6月12日（週四） 上午 7:00]   decision customer_return → refund
 543.8s [6月12日（週四） 上午 7:00]   click [Choice_refund] 退款＋收回商品
 545.2s [6月12日（週四） 上午 7:00]   shot 76_decision_outcome_customer_return.png
 545.2s [6月12日（週四） 上午 7:00]   click "OK"
 554.6s [6月12日（週四） 上午 7:13]   use "Packing table"
 555.2s [6月12日（週四） 上午 7:15]   click [Pack] 打包 19 筆訂單（2 小時 32 分）
 556.2s [6月12日（週四） 上午 9:48]   click [CourierEconomy] 快遞 · 經濟 3 天（$85.80）
 557.4s [6月12日（週四） 上午 9:50]   shot 77_decision_customer_return.png
 557.4s [6月12日（週四） 上午 9:50]   decision customer_return → refund
 557.4s [6月12日（週四） 上午 9:50]   click [Choice_refund] 退款＋收回商品
 558.7s [6月12日（週四） 上午 9:50]   shot 78_decision_outcome_customer_return.png
 558.8s [6月12日（週四） 上午 9:50]   click "OK"
 559.3s [6月12日（週四） 上午 9:50]   shot 79_decision_customer_return.png
 559.3s [6月12日（週四） 上午 9:50]   decision customer_return → replace
 559.3s [6月12日（週四） 上午 9:50]   click [Choice_replace] 寄一個新的
 560.7s [6月12日（週四） 上午 9:50]   shot 80_decision_outcome_customer_return.png
 560.7s [6月12日（週四） 上午 9:50]   click "OK"
 561.3s [6月12日（週四） 下午 2:47]   toast: 新評價 #1108：★「壞掉了，賣家不處理。」
 561.4s [6月12日（週四） 下午 7:00]   shot 81_decision_customer_return.png
 561.4s [6月12日（週四） 下午 7:00]   decision customer_return → replace
 561.4s [6月12日（週四） 下午 7:00]   click [Choice_replace] 寄一個新的
 562.8s [6月12日（週四） 下午 7:00]   shot 82_decision_outcome_customer_return.png
 562.8s [6月12日（週四） 下午 7:00]   click "OK"
 563.4s [6月12日（週四） 下午 7:00]   shot 83_decision_customer_return.png
 563.4s [6月12日（週四） 下午 7:00]   decision customer_return → refund
 563.4s [6月12日（週四） 下午 7:00]   click [Choice_refund] 退款＋收回商品
 564.7s [6月12日（週四） 下午 7:00]   shot 84_decision_outcome_customer_return.png
 564.7s [6月12日（週四） 下午 7:00]   click "OK"
 574.1s [6月12日（週四） 下午 7:13]   use "Sleep"
 574.7s [6月12日（週四） 下午 7:14]   click [Sleep] Sleep until 7:00 AM
 585.4s [6月13日（週五） 上午 7:14]   use "Packing table"
 586.0s [6月13日（週五） 上午 7:15]   click [Pack] 打包 20 筆訂單（2 小時 40 分）
 586.9s [6月13日（週五） 上午 9:56]   click [CourierEconomy] 快遞 · 經濟 3 天（$90.00）
 588.3s [6月13日（週五） 下午 7:00]   shot 85_decision_customer_return.png
 588.3s [6月13日（週五） 下午 7:00]   decision customer_return → refund
 588.3s [6月13日（週五） 下午 7:00]   click [Choice_refund] 退款＋收回商品
 589.7s [6月13日（週五） 下午 7:00]   shot 86_decision_outcome_customer_return.png
 589.7s [6月13日（週五） 下午 7:00]   click "OK"
 590.2s [6月13日（週五） 下午 7:00]   shot 87_decision_supplier_price_increase.png
 590.2s [6月13日（週五） 下午 7:00]   decision supplier_price_increase → accept
 590.2s [6月13日（週五） 下午 7:00]   click [Choice_accept] 好。繼續跟你進貨。
 591.6s [6月13日（週五） 下午 7:00]   shot 88_decision_outcome_supplier_price_increase.png
 591.6s [6月13日（週五） 下午 7:00]   click "OK"
 600.9s [6月13日（週五） 下午 7:13]   use "Sleep"
 601.5s [6月13日（週五） 下午 7:14]   click [Sleep] Sleep until 7:00 AM
 603.4s [6月14日（週六） 上午 7:00]   shot 89_decision_customer_return.png
 603.4s [6月14日（週六） 上午 7:00]   decision customer_return → replace
 603.4s [6月14日（週六） 上午 7:00]   click [Choice_replace] 寄一個新的
 604.7s [6月14日（週六） 上午 7:00]   shot 90_decision_outcome_customer_return.png
 604.7s [6月14日（週六） 上午 7:00]   click "OK"
 605.2s [6月14日（週六） 上午 7:00]   shot 91_decision_customer_return.png
 605.2s [6月14日（週六） 上午 7:00]   decision customer_return → replace
 605.2s [6月14日（週六） 上午 7:00]   click [Choice_replace] 寄一個新的
 606.6s [6月14日（週六） 上午 7:00]   shot 92_decision_outcome_customer_return.png
 606.6s [6月14日（週六） 上午 7:00]   click "OK"
 616.0s [6月14日（週六） 上午 7:14]   use "Packing table"
 616.6s [6月14日（週六） 上午 7:15]   click [Pack] 打包 23 筆訂單（3 小時 4 分）
 617.6s [6月14日（週六） 上午 10:20]   click [CourierEconomy] 快遞 · 經濟 3 天（$102.60）
 627.6s [6月14日（週六） 下午 7:13]   use "Sleep"
 628.2s [6月14日（週六） 下午 7:13]   click [Sleep] Sleep until 7:00 AM
 628.8s [6月14日（週六） 下午 11:35]   toast: 新評價 #1302：★「浪費錢。」
 638.9s [6月15日（週日） 上午 7:14]   use "Packing table"
 639.6s [6月15日（週日） 上午 7:15]   click [Pack] 打包 33 筆訂單（4 小時 24 分）
 640.5s [6月15日（週日） 上午 11:40]   click [CourierEconomy] 快遞 · 經濟 3 天（$144.60）
 641.9s [6月15日（週日） 下午 7:00]   shot 93_decision_customer_return.png
 641.9s [6月15日（週日） 下午 7:00]   decision customer_return → replace
 641.9s [6月15日（週日） 下午 7:00]   click [Choice_replace] 寄一個新的
 643.3s [6月15日（週日） 下午 7:00]   shot 94_decision_outcome_customer_return.png
 643.3s [6月15日（週日） 下午 7:00]   click "OK"
 652.7s [6月15日（週日） 下午 7:14]   use "Sleep"
 653.3s [6月15日（週日） 下午 7:14]   click [Sleep] Sleep until 7:00 AM
 655.1s [6月16日（週一） 上午 7:00]   shot 95_decision_customer_return.png
 655.1s [6月16日（週一） 上午 7:00]   decision customer_return → replace
 655.1s [6月16日（週一） 上午 7:00]   click [Choice_replace] 寄一個新的
 656.5s [6月16日（週一） 上午 7:00]   shot 96_decision_outcome_customer_return.png
 656.5s [6月16日（週一） 上午 7:00]   click "OK"
 665.9s [6月16日（週一） 上午 7:13]   use "Packing table"
 666.5s [6月16日（週一） 上午 7:15]   click [Pack] 打包 19 筆訂單（2 小時 32 分）
 667.4s [6月16日（週一） 上午 9:48]   click [CourierEconomy] 快遞 · 經濟 3 天（$85.80）
 668.6s [6月16日（週一） 上午 9:50]   shot 97_decision_viral_mention.png
 668.6s [6月16日（週一） 上午 9:50]   decision viral_mention → ride
 668.6s [6月16日（週一） 上午 9:50]   click [Choice_ride] 順其自然
 670.0s [6月16日（週一） 上午 9:50]   shot 98_decision_outcome_viral_mention.png
 670.0s [6月16日（週一） 上午 9:50]   click "OK"
 670.8s [6月16日（週一） 下午 7:00]   shot 99_decision_customer_return.png
 670.8s [6月16日（週一） 下午 7:00]   decision customer_return → replace
 670.8s [6月16日（週一） 下午 7:00]   click [Choice_replace] 寄一個新的
 672.2s [6月16日（週一） 下午 7:00]   shot 100_decision_outcome_customer_return.png
 672.2s [6月16日（週一） 下午 7:00]   click "OK"
 681.5s [6月16日（週一） 下午 7:13]   use "Sleep"
 682.1s [6月16日（週一） 下午 7:13]   click [Sleep] Sleep until 7:00 AM
 683.9s [6月17日（週二） 上午 7:00]   shot 101_decision_customer_return.png
 683.9s [6月17日（週二） 上午 7:00]   decision customer_return → replace
 683.9s [6月17日（週二） 上午 7:00]   click [Choice_replace] 寄一個新的
 685.3s [6月17日（週二） 上午 7:00]   shot 102_decision_outcome_customer_return.png
 685.3s [6月17日（週二） 上午 7:00]   click "OK"
 694.6s [6月17日（週二） 上午 7:13]   use "Packing table"
 695.3s [6月17日（週二） 上午 7:15]   click [Pack] 打包 36 筆訂單（4 小時 48 分）
 696.3s [6月17日（週二） 下午 12:04]   click [CourierEconomy] 快遞 · 經濟 3 天（$157.20）
 697.5s [6月17日（週二） 下午 12:06]   shot 103_decision_customer_return.png
 697.5s [6月17日（週二） 下午 12:06]   decision customer_return → replace
 697.5s [6月17日（週二） 下午 12:06]   click [Choice_replace] 寄一個新的
 698.9s [6月17日（週二） 下午 12:06]   shot 104_decision_outcome_customer_return.png
 698.9s [6月17日（週二） 下午 12:06]   click "OK"
 699.4s [6月17日（週二） 下午 12:06]   shot 105_decision_customer_return.png
 699.4s [6月17日（週二） 下午 12:06]   decision customer_return → replace
 699.4s [6月17日（週二） 下午 12:06]   click [Choice_replace] 寄一個新的
 700.8s [6月17日（週二） 下午 12:06]   shot 106_decision_outcome_customer_return.png
 700.8s [6月17日（週二） 下午 12:06]   click "OK"
 710.2s [6月17日（週二） 下午 7:14]   use "Sleep"
 710.8s [6月17日（週二） 下午 7:14]   click [Sleep] Sleep until 7:00 AM
 712.6s [6月18日（週三） 上午 7:00]   shot 107_decision_customer_return.png
 712.6s [6月18日（週三） 上午 7:00]   decision customer_return → replace
 712.6s [6月18日（週三） 上午 7:00]   click [Choice_replace] 寄一個新的
 714.0s [6月18日（週三） 上午 7:00]   shot 108_decision_outcome_customer_return.png
 714.0s [6月18日（週三） 上午 7:00]   click "OK"
 714.5s [6月18日（週三） 上午 7:00]   shot 109_decision_customer_return.png
 714.5s [6月18日（週三） 上午 7:00]   decision customer_return → refund
 714.5s [6月18日（週三） 上午 7:00]   click [Choice_refund] 退款＋收回商品
 715.9s [6月18日（週三） 上午 7:00]   shot 110_decision_outcome_customer_return.png
 715.9s [6月18日（週三） 上午 7:00]   click "OK"
 725.3s [6月18日（週三） 上午 7:13]   use "Packing table"
 726.0s [6月18日（週三） 上午 7:15]   click [Pack] 打包 51 筆訂單（6 小時 48 分）
 726.9s [6月18日（週三） 下午 2:04]   click [CourierEconomy] 快遞 · 經濟 3 天（$220.20）
 729.6s [6月18日（週三） 下午 2:08]   use "Use laptop — Company OS"
 730.2s [6月18日（週三） 下午 2:09]   click [Tab_operations] Operations
 730.4s [6月18日（週三） 下午 2:09]   click [DeliverTo_riverside_studio] 河濱大樓 7C
 730.6s [6月18日（週三） 下午 2:09]   click [Buy_tradelink_wholesale_water_bottle] 購買 $469.20
 731.4s [6月18日（週三） 下午 7:00]   shot 111_decision_unexpected_large_order.png
 731.4s [6月18日（週三） 下午 7:00]   decision unexpected_large_order → review
 731.4s [6月18日（週三） 下午 7:00]   click [Choice_review] 把合約寄給我，我看看。
 732.8s [6月18日（週三） 下午 7:00]   shot 112_decision_outcome_unexpected_large_order.png
 732.8s [6月18日（週三） 下午 7:00]   click "OK"
 741.0s [6月18日（週三） 下午 7:12]   use "Sleep"
 741.6s [6月18日（週三） 下午 7:12]   click [Sleep] Sleep until 7:00 AM
 743.4s [6月19日（週四） 上午 7:00]   shot 113_decision_customer_return.png
 743.5s [6月19日（週四） 上午 7:00]   decision customer_return → replace
 743.5s [6月19日（週四） 上午 7:00]   click [Choice_replace] 寄一個新的
 744.9s [6月19日（週四） 上午 7:00]   shot 114_decision_outcome_customer_return.png
 745.0s [6月19日（週四） 上午 7:00]   click "OK"
 754.4s [6月19日（週四） 上午 7:13]   use "Packing table"
 755.1s [6月19日（週四） 上午 7:15]   click [Pack] 打包 8 筆訂單（1 小時 4 分）
 756.0s [6月19日（週四） 上午 8:20]   click [CourierEconomy] 快遞 · 經濟 3 天（$39.60）
 758.8s [6月19日（週四） 上午 8:24]   use "Use laptop — Company OS"
 759.4s [6月19日（週四） 上午 8:25]   click [Tab_operations] Operations
 759.6s [6月19日（週四） 上午 8:25]   click [DeliverTo_riverside_studio] 河濱大樓 7C
 759.8s [6月19日（週四） 上午 8:26]   click [Buy_tradelink_wholesale_water_bottle] 購買 $469.20
 760.0s [6月19日（週四） 上午 8:36]   click [Tab_contracts] 合約 ●
 760.7s [6月19日（週四） 上午 8:37]   shot 115_contract_offer.png
 760.8s [6月19日（週四） 上午 8:37]   click [AcceptContract] Accept
 769.5s [6月19日（週四） 下午 7:11]   use "Sleep"
 770.1s [6月19日（週四） 下午 7:11]   click [Sleep] Sleep until 7:00 AM
 772.1s [6月20日（週五） 上午 7:00]   shot 116_decision_customer_return.png
 772.1s [6月20日（週五） 上午 7:00]   decision customer_return → refund
 772.1s [6月20日（週五） 上午 7:00]   click [Choice_refund] 退款＋收回商品
 773.5s [6月20日（週五） 上午 7:00]   shot 117_decision_outcome_customer_return.png
 773.5s [6月20日（週五） 上午 7:00]   click "OK"
 782.9s [6月20日（週五） 上午 7:13]   use "Packing table"
 783.6s [6月20日（週五） 上午 7:15]   click [Pack] 打包 5 筆訂單（40 分鐘）
 784.6s [6月20日（週五） 上午 7:56]   click [CourierEconomy] 快遞 · 經濟 3 天（$27.00）
 787.3s [6月20日（週五） 上午 8:00]   use "Use laptop — Company OS"
 787.9s [6月20日（週五） 上午 8:01]   click [Tab_operations] Operations
 788.1s [6月20日（週五） 上午 8:01]   click [DeliverTo_riverside_studio] 河濱大樓 7C
 788.3s [6月20日（週五） 上午 8:02]   click [Buy_tradelink_wholesale_water_bottle] 購買 $469.20
 788.5s [6月20日（週五） 上午 8:12]   click [Buy_tradelink_wholesale_water_bottle] 購買 $469.20
 788.7s [6月20日（週五） 上午 8:22]   click [Buy_tradelink_wholesale_water_bottle] 購買 $469.20
 789.1s [6月20日（週五） 上午 8:33]   click [Tab_contracts] Contracts
 790.2s [6月20日（週五） 下午 7:00]   shot 118_decision_customer_return.png
 790.3s [6月20日（週五） 下午 7:00]   decision customer_return → replace
 790.3s [6月20日（週五） 下午 7:00]   click [Choice_replace] 寄一個新的
 791.7s [6月20日（週五） 下午 7:00]   shot 119_decision_outcome_customer_return.png
 791.7s [6月20日（週五） 下午 7:00]   click "OK"
 799.9s [6月20日（週五） 下午 7:12]   use "Sleep"
 800.5s [6月20日（週五） 下午 7:12]   click [Sleep] Sleep until 7:00 AM
 811.2s [6月21日（週六） 上午 7:14]   use "Packing table"
 811.9s [6月21日（週六） 上午 7:15]   click [Pack] 打包 13 筆訂單（1 小時 44 分）
 812.8s [6月21日（週六） 上午 9:00]   click [CourierEconomy] 快遞 · 經濟 3 天（$60.60）
 815.5s [6月21日（週六） 上午 9:04]   use "Use laptop — Company OS"
 816.2s [6月21日（週六） 上午 9:05]   click [Tab_operations] Operations
 816.4s [6月21日（週六） 上午 9:05]   click [DeliverTo_riverside_studio] 河濱大樓 7C
 816.6s [6月21日（週六） 上午 9:06]   click [Buy_tradelink_wholesale_water_bottle] 購買 $469.20
 816.8s [6月21日（週六） 上午 9:16]   click [Buy_tradelink_wholesale_water_bottle] 購買 $469.20
 817.2s [6月21日（週六） 上午 9:27]   click [Tab_contracts] Contracts
 826.0s [6月21日（週六） 下午 7:12]   use "Sleep"
 826.6s [6月21日（週六） 下午 7:12]   click [Sleep] Sleep until 7:00 AM
 828.6s [6月22日（週日） 上午 7:00]   shot 120_decision_customer_return.png
 828.7s [6月22日（週日） 上午 7:00]   decision customer_return → replace
 828.7s [6月22日（週日） 上午 7:00]   click [Choice_replace] 寄一個新的
 830.1s [6月22日（週日） 上午 7:00]   shot 121_decision_outcome_customer_return.png
 830.1s [6月22日（週日） 上午 7:00]   click "OK"
 839.6s [6月22日（週日） 上午 7:14]   use "Packing table"
 840.3s [6月22日（週日） 上午 7:15]   click [Pack] 打包 20 筆訂單（2 小時 40 分）
 841.3s [6月22日（週日） 上午 9:56]   click [CourierEconomy] 快遞 · 經濟 3 天（$90.00）
 842.6s [6月22日（週日） 上午 9:58]   shot 122_decision_customer_return.png
 842.6s [6月22日（週日） 上午 9:58]   decision customer_return → replace
 842.6s [6月22日（週日） 上午 9:58]   click [Choice_replace] 寄一個新的
 843.9s [6月22日（週日） 上午 9:58]   shot 123_decision_outcome_customer_return.png
 844.1s [6月22日（週日） 上午 9:58]   click "OK"
 846.2s [6月22日（週日） 上午 10:01]   use "Use laptop — Company OS"
 846.8s [6月22日（週日） 上午 10:02]   click [Tab_operations] Operations
 847.1s [6月22日（週日） 上午 10:02]   click [DeliverTo_riverside_studio] 河濱大樓 7C
 847.3s [6月22日（週日） 上午 10:02]   click [Buy_tradelink_wholesale_water_bottle] 購買 $469.20
 847.5s [6月22日（週日） 上午 10:13]   click [Buy_tradelink_wholesale_water_bottle] 購買 $469.20
 847.8s [6月22日（週日） 上午 10:23]   click [Buy_tradelink_wholesale_wireless_earbuds] 購買 $900.00
 848.0s [6月22日（週日） 上午 10:33]   click [Tab_contracts] Contracts
 856.6s [6月22日（週日） 下午 7:11]   use "Sleep"
 857.3s [6月22日（週日） 下午 7:11]   click [Sleep] Sleep until 7:00 AM
 859.1s [6月23日（週一） 上午 7:00]   shot 124_decision_customer_return.png
 859.3s [6月23日（週一） 上午 7:00]   decision customer_return → refund
 859.3s [6月23日（週一） 上午 7:00]   click [Choice_refund] 退款＋收回商品
 860.7s [6月23日（週一） 上午 7:00]   shot 125_decision_outcome_customer_return.png
 860.7s [6月23日（週一） 上午 7:00]   click "OK"
 870.0s [6月23日（週一） 上午 7:14]   use "Packing table"
 870.7s [6月23日（週一） 上午 7:15]   click [Pack] 打包 17 筆訂單（2 小時 16 分）
 871.6s [6月23日（週一） 上午 9:32]   click [CourierEconomy] 快遞 · 經濟 3 天（$77.40）
 874.4s [6月23日（週一） 上午 9:36]   use "Use laptop — Company OS"
 875.1s [6月23日（週一） 上午 9:37]   click [Tab_operations] Operations
 875.3s [6月23日（週一） 上午 9:37]   click [DeliverTo_riverside_studio] 河濱大樓 7C
 875.5s [6月23日（週一） 上午 9:38]   click [Tab_contracts] Contracts
 876.1s [6月23日（週一） 上午 9:39]   click [DeliverContract] 打包並交貨 120 件（B2B 貨運 $40）
 876.9s [6月23日（週一） 上午 11:10]   shot 126_contract_delivered.png
 877.4s [6月23日（週一） 上午 11:10]   shot 127_decision_customer_return.png
 877.4s [6月23日（週一） 上午 11:10]   decision customer_return → replace
 877.4s [6月23日（週一） 上午 11:10]   click [Choice_replace] 寄一個新的
 878.8s [6月23日（週一） 上午 11:10]   shot 128_decision_outcome_customer_return.png
 878.8s [6月23日（週一） 上午 11:10]   click "OK"
 887.1s [6月23日（週一） 下午 7:12]   use "Sleep"
 887.7s [6月23日（週一） 下午 7:12]   click [Sleep] Sleep until 7:00 AM
 889.5s [6月24日（週二） 上午 7:00]   shot 129_decision_customer_return.png
 889.7s [6月24日（週二） 上午 7:00]   decision customer_return → replace
 889.7s [6月24日（週二） 上午 7:00]   click [Choice_replace] 寄一個新的
 891.0s [6月24日（週二） 上午 7:00]   shot 130_decision_outcome_customer_return.png
 891.0s [6月24日（週二） 上午 7:00]   click "OK"
 891.6s [6月24日（週二） 上午 7:00]   shot 131_decision_customer_return.png
 891.6s [6月24日（週二） 上午 7:00]   decision customer_return → refund
 891.6s [6月24日（週二） 上午 7:00]   click [Choice_refund] 退款＋收回商品
 893.0s [6月24日（週二） 上午 7:00]   shot 132_decision_outcome_customer_return.png
 893.0s [6月24日（週二） 上午 7:00]   click "OK"
 902.4s [6月24日（週二） 上午 7:13]   use "Packing table"
 903.2s [6月24日（週二） 上午 7:15]   click [Pack] 打包 10 筆訂單（1 小時 20 分）
 904.1s [6月24日（週二） 上午 8:36]   click [CourierEconomy] 快遞 · 經濟 3 天（$48.00）
 906.9s [6月24日（週二） 上午 8:40]   use "Use laptop — Company OS"
 907.5s [6月24日（週二） 上午 8:41]   click [Tab_operations] Operations
 907.7s [6月24日（週二） 上午 8:41]   click [DeliverTo_riverside_studio] 河濱大樓 7C
 907.9s [6月24日（週二） 上午 8:42]   click [Buy_tradelink_wholesale_wireless_earbuds] 購買 $900.00
 908.6s [6月24日（週二） 下午 7:00]   shot 133_decision_customer_return.png
 908.6s [6月24日（週二） 下午 7:00]   decision customer_return → replace
 908.7s [6月24日（週二） 下午 7:00]   click [Choice_replace] 寄一個新的
 910.0s [6月24日（週二） 下午 7:00]   shot 134_decision_outcome_customer_return.png
 910.1s [6月24日（週二） 下午 7:00]   click "OK"
 910.6s [6月24日（週二） 下午 7:00]   shot 135_decision_customer_return.png
 910.7s [6月24日（週二） 下午 7:00]   decision customer_return → replace
 910.7s [6月24日（週二） 下午 7:00]   click [Choice_replace] 寄一個新的
 912.2s [6月24日（週二） 下午 7:00]   shot 136_decision_outcome_customer_return.png
 912.2s [6月24日（週二） 下午 7:00]   click "OK"
 912.8s [6月24日（週二） 下午 7:00]   shot 137_decision_customer_return.png
 912.8s [6月24日（週二） 下午 7:00]   decision customer_return → replace
 912.8s [6月24日（週二） 下午 7:00]   click [Choice_replace] 寄一個新的
 914.3s [6月24日（週二） 下午 7:00]   shot 138_decision_outcome_customer_return.png
 914.4s [6月24日（週二） 下午 7:00]   click "OK"
 922.6s [6月24日（週二） 下午 7:12]   use "Sleep"
 923.3s [6月24日（週二） 下午 7:12]   click [Sleep] Sleep until 7:00 AM
 934.2s [6月25日（週三） 上午 7:14]   use "Packing table"
 934.9s [6月25日（週三） 上午 7:15]   click [Pack] 打包 14 筆訂單（1 小時 52 分）
 935.8s [6月25日（週三） 上午 9:08]   click [CourierEconomy] 快遞 · 經濟 3 天（$64.80）
 937.1s [6月25日（週三） 上午 9:10]   shot 139_decision_customer_return.png
 937.2s [6月25日（週三） 上午 9:10]   decision customer_return → replace
 937.2s [6月25日（週三） 上午 9:10]   click [Choice_replace] 寄一個新的
 938.6s [6月25日（週三） 上午 9:10]   shot 140_decision_outcome_customer_return.png
 938.7s [6月25日（週三） 上午 9:10]   click "OK"
 948.2s [6月25日（週三） 下午 7:14]   use "Sleep"
 948.8s [6月25日（週三） 下午 7:14]   click [Sleep] Sleep until 7:00 AM
 959.5s [6月26日（週四） 上午 7:14]   use "Packing table"
 960.2s [6月26日（週四） 上午 7:15]   click [Pack] 打包 27 筆訂單（3 小時 36 分）
 961.1s [6月26日（週四） 上午 10:52]   click [CourierEconomy] 快遞 · 經濟 3 天（$119.40）
 971.3s [6月26日（週四） 下午 7:13]   use "Sleep"
 971.9s [6月26日（週四） 下午 7:13]   click [Sleep] Sleep until 7:00 AM
 982.7s [6月27日（週五） 上午 7:14]   use "Packing table"
 983.4s [6月27日（週五） 上午 7:15]   click [Pack] 打包 26 筆訂單（3 小時 28 分）
 984.4s [6月27日（週五） 上午 10:52]   click [CourierEconomy] 快遞 · 經濟 3 天（$119.40）
 994.6s [6月27日（週五） 下午 7:14]   use "Sleep"
 995.2s [6月27日（週五） 下午 7:14]   click [Sleep] Sleep until 7:00 AM
 997.1s [6月28日（週六） 上午 7:00]   shot 141_decision_customer_return.png
 997.1s [6月28日（週六） 上午 7:00]   decision customer_return → replace
 997.2s [6月28日（週六） 上午 7:00]   click [Choice_replace] 寄一個新的
 998.6s [6月28日（週六） 上午 7:00]   shot 142_decision_outcome_customer_return.png
 998.6s [6月28日（週六） 上午 7:00]   click "OK"
1008.0s [6月28日（週六） 上午 7:14]   use "Packing table"
1008.7s [6月28日（週六） 上午 7:15]   click [Pack] 打包 18 筆訂單（2 小時 24 分）
1009.6s [6月28日（週六） 上午 9:40]   click [CourierEconomy] 快遞 · 經濟 3 天（$81.60）
1019.7s [6月28日（週六） 下午 7:13]   use "Sleep"
1020.3s [6月28日（週六） 下午 7:13]   click [Sleep] Sleep until 7:00 AM
1031.0s [6月29日（週日） 上午 7:14]   use "Packing table"
1031.7s [6月29日（週日） 上午 7:15]   click [Pack] 打包 16 筆訂單（2 小時 8 分）
1032.6s [6月29日（週日） 上午 9:24]   click [CourierEconomy] 快遞 · 經濟 3 天（$73.20）
1042.7s [6月29日（週日） 下午 7:13]   use "Sleep"
1043.3s [6月29日（週日） 下午 7:13]   click [Sleep] Sleep until 7:00 AM
1054.0s [6月30日（週一） 上午 7:14]   use "Packing table"
1054.7s [6月30日（週一） 上午 7:15]   click [Pack] 打包 25 筆訂單（3 小時 20 分）
1055.6s [6月30日（週一） 上午 10:36]   click [CourierEconomy] 快遞 · 經濟 3 天（$111.00）
1065.7s [6月30日（週一） 下午 7:13]   use "Sleep"
1066.3s [6月30日（週一） 下午 7:13]   click [Sleep] Sleep until 7:00 AM
1070.0s [7月1日（週二） 上午 7:00]   shot 143_month_close_report.png
1070.0s [7月1日（週二） 上午 7:00]   click [month close] Continue
1079.3s [7月1日（週二） 上午 7:13]   use "Packing table"
1080.0s [7月1日（週二） 上午 7:15]   click [Pack] 打包 20 筆訂單（2 小時 40 分）
1080.9s [7月1日（週二） 上午 9:56]   click [CourierEconomy] 快遞 · 經濟 3 天（$90.00）
1082.1s [7月1日（週二） 上午 9:58]   shot 144_decision_customer_return.png
1082.1s [7月1日（週二） 上午 9:58]   decision customer_return → replace
1082.1s [7月1日（週二） 上午 9:58]   click [Choice_replace] 寄一個新的
1083.6s [7月1日（週二） 上午 9:58]   shot 145_decision_outcome_customer_return.png
1083.6s [7月1日（週二） 上午 9:58]   click "OK"
1085.2s [7月1日（週二） 上午 10:00]   ok  month close ran (June)
1086.7s [7月1日（週二） 上午 10:02]   use "Use laptop — Company OS"
1087.3s [7月1日（週二） 上午 10:03]   click [Tab_finance] Finance
1088.1s [7月1日（週二） 上午 10:04]   shot 146_company_os_finance_july.png
1088.5s [7月1日（週二） 上午 10:05]   ok  Chapter 4 started after the June close
1088.5s [7月1日（週二） 上午 10:05] STEP Chapter 4 — register as an employer at City Hall
1091.2s [7月1日（週二） 上午 10:09]   ok  walked back outside
1091.3s [7月1日（週二） 上午 10:09]   shot 147_decision_customer_return.png
1091.3s [7月1日（週二） 上午 10:09]   decision customer_return → replace
1091.3s [7月1日（週二） 上午 10:09]   click [Choice_replace] 寄一個新的
1092.8s [7月1日（週二） 上午 10:09]   shot 148_decision_outcome_customer_return.png
1092.8s [7月1日（週二） 上午 10:09]   click "OK"
1107.2s [7月1日（週二） 上午 10:30]   use "捷運——河濱區站"
1108.2s [7月1日（週二） 上午 10:32]   shot 149_metro_civic_center.png
1108.2s [7月1日（週二） 上午 10:32]   click [Go_civic_center] 市政中心  ·  12 分鐘
1109.2s [7月1日（週二） 上午 10:45]   ok  took the Metro to Civic Center
1116.3s [7月1日（週二） 上午 10:56]   ok  entered Aurelia City Hall
1118.1s [7月1日（週二） 上午 10:58]   use "Permits & regulations"
1118.8s [7月1日（週二） 上午 10:59]   shot 150_permits_kiosk.png
1118.8s [7月1日（週二） 上午 10:59]   click [RegisterEmployer] 登記（$150）
1119.8s [7月1日（週二） 上午 11:21]   ok  registered as an employer
1119.8s [7月1日（週二） 上午 11:21] STEP Chapter 4 — post a job, hire, first payroll
1122.8s [7月1日（週二） 上午 11:27]   ok  walked back outside
1128.4s [7月1日（週二） 上午 11:35]   use "捷運——市政中心站"
1129.4s [7月1日（週二） 上午 11:36]   shot 151_metro_riverside.png
1129.4s [7月1日（週二） 上午 11:36]   click [Go_riverside] 河濱區  ·  12 分鐘
1130.4s [7月1日（週二） 上午 11:50]   ok  took the Metro to Riverside
1139.6s [7月1日（週二） 下午 12:04]   ok  entered Riverside Tower
1141.0s [7月1日（週二） 下午 12:06]   use "Use laptop — Company OS"
1141.6s [7月1日（週二） 下午 12:07]   click [Tab_people] People
1142.3s [7月1日（週二） 下午 12:08]   shot 152_people_tab.png
1142.3s [7月1日（週二） 下午 12:08]   click [Post_support] Post job
1143.2s [7月1日（週二） 下午 12:09]   ok  job ad posted
1143.2s [7月1日（週二） 下午 12:09]   (harness) wait 2 h
1151.7s [7月1日（週二） 下午 2:22]   use "Packing table"
1152.4s [7月1日（週二） 下午 2:23]   click [Pack] 打包 10 筆訂單（1 小時 20 分）
1153.3s [7月1日（週二） 下午 3:44]   click [CourierEconomy] 快遞 · 經濟 3 天（$48.00）
1154.6s [7月1日（週二） 下午 3:46]   shot 153_decision_supplier_price_increase.png
1154.6s [7月1日（週二） 下午 3:46]   decision supplier_price_increase → accept
1154.6s [7月1日（週二） 下午 3:46]   click [Choice_accept] 好。繼續跟你進貨。
1156.0s [7月1日（週二） 下午 3:46]   shot 154_decision_outcome_supplier_price_increase.png
1156.0s [7月1日（週二） 下午 3:46]   click "OK"
1156.5s [7月1日（週二） 下午 3:46]   (harness) wait 2 h
1157.3s [7月1日（週二） 下午 5:47]   use "Packing table"
1158.0s [7月1日（週二） 下午 5:49]   click [Pack] 打包 3 筆訂單（24 分鐘）
1158.9s [7月1日（週二） 下午 6:14]   click [CourierEconomy] 快遞 · 經濟 3 天（$18.60）
1160.0s [7月1日（週二） 下午 6:16]   (harness) wait 2 h
1160.9s [7月1日（週二） 下午 8:17]   use "Packing table"
1161.6s [7月1日（週二） 下午 8:18]   click [Pack] 打包 3 筆訂單（24 分鐘）
1162.5s [7月1日（週二） 下午 8:43]   click [CourierEconomy] 快遞 · 經濟 3 天（$18.60）
1166.3s [7月1日（週二） 下午 8:49]   use "Sleep"
1166.9s [7月1日（週二） 下午 8:49]   click [Sleep] Sleep until 7:00 AM
1177.6s [7月2日（週三） 上午 7:14]   use "Packing table"
1178.3s [7月2日（週三） 上午 7:15]   click [Pack] 打包 11 筆訂單（1 小時 28 分）
1179.2s [7月2日（週三） 上午 8:44]   click [CourierEconomy] 快遞 · 經濟 3 天（$52.20）
1181.9s [7月2日（週三） 上午 8:48]   use "Use laptop — Company OS"
1182.5s [7月2日（週三） 上午 8:49]   click [Tab_people] People
1183.5s [7月2日（週三） 上午 8:50]   shot 155_applicants.png
1183.5s [7月2日（週三） 上午 8:50]   click [Hire_E1] Hire
1184.4s [7月2日（週三） 上午 8:52]   ok  hired the first employee (Luis Novak)
1192.2s [7月2日（週三） 下午 7:11]   use "Sleep"
1192.8s [7月2日（週三） 下午 7:11]   click [Sleep] Sleep until 7:00 AM
1194.6s [7月3日（週四） 上午 7:00]   shot 156_decision_customer_return.png
1194.6s [7月3日（週四） 上午 7:00]   decision customer_return → replace
1194.6s [7月3日（週四） 上午 7:00]   click [Choice_replace] 寄一個新的
1196.0s [7月3日（週四） 上午 7:00]   shot 157_decision_outcome_customer_return.png
1196.0s [7月3日（週四） 上午 7:00]   click "OK"
1205.4s [7月3日（週四） 上午 7:13]   use "Packing table"
1206.1s [7月3日（週四） 上午 7:15]   click [Pack] 打包 22 筆訂單（2 小時 56 分）
1207.0s [7月3日（週四） 上午 10:12]   click [CourierEconomy] 快遞 · 經濟 3 天（$98.40）
1208.2s [7月3日（週四） 上午 10:14]   shot 158_decision_customer_return.png
1208.2s [7月3日（週四） 上午 10:14]   decision customer_return → replace
1208.2s [7月3日（週四） 上午 10:14]   click [Choice_replace] 寄一個新的
1209.7s [7月3日（週四） 上午 10:14]   shot 159_decision_outcome_customer_return.png
1209.7s [7月3日（週四） 上午 10:14]   click "OK"
1210.2s [7月3日（週四） 上午 10:14]   shot 160_decision_customer_return.png
1210.2s [7月3日（週四） 上午 10:14]   decision customer_return → replace
1210.2s [7月3日（週四） 上午 10:14]   click [Choice_replace] 寄一個新的
1211.6s [7月3日（週四） 上午 10:14]   shot 161_decision_outcome_customer_return.png
1211.6s [7月3日（週四） 上午 10:14]   click "OK"
1220.9s [7月3日（週四） 下午 7:13]   use "Sleep"
1221.5s [7月3日（週四） 下午 7:13]   click [Sleep] Sleep until 7:00 AM
1232.3s [7月4日（週五） 上午 7:14]   use "Packing table"
1233.0s [7月4日（週五） 上午 7:15]   click [Pack] 打包 25 筆訂單（3 小時 20 分）
1233.9s [7月4日（週五） 上午 10:36]   click [CourierEconomy] 快遞 · 經濟 3 天（$111.00）
1243.9s [7月4日（週五） 下午 7:13]   use "Sleep"
1244.5s [7月4日（週五） 下午 7:13]   click [Sleep] Sleep until 7:00 AM
1255.2s [7月5日（週六） 上午 7:14]   use "Packing table"
1255.9s [7月5日（週六） 上午 7:15]   click [Pack] 打包 15 筆訂單（2 h）
1256.8s [7月5日（週六） 上午 9:16]   click [CourierEconomy] 快遞 · 經濟 3 天（$69.00）
1257.9s [7月5日（週六） 上午 9:18]   ok  first payroll paid
1259.5s [7月5日（週六） 上午 9:20]   use "Use laptop — Company OS"
1260.2s [7月5日（週六） 上午 9:21]   click [Tab_finance] Finance
1260.9s [7月5日（週六） 上午 9:22]   shot 162_cash_forecast.png
1262.3s [7月5日（週六） 上午 9:24]   ok  Chapter 4 complete
1262.3s [7月5日（週六） 上午 9:24] STEP Chapter 5 — Crestline's offer
1270.0s [7月5日（週六） 下午 7:11]   use "Sleep"
1270.6s [7月5日（週六） 下午 7:11]   click [Sleep] Sleep until 7:00 AM
1281.4s [7月6日（週日） 上午 7:14]   use "Packing table"
1282.0s [7月6日（週日） 上午 7:15]   click [Pack] 打包 10 筆訂單（1 小時 20 分）
1283.0s [7月6日（週日） 上午 8:36]   click [CourierEconomy] 快遞 · 經濟 3 天（$48.00）
1292.9s [7月6日（週日） 下午 7:13]   use "Sleep"
1293.5s [7月6日（週日） 下午 7:13]   click [Sleep] Sleep until 7:00 AM
1304.3s [7月7日（週一） 上午 7:14]   use "Packing table"
1305.0s [7月7日（週一） 上午 7:15]   click [Pack] 打包 10 筆訂單（1 小時 20 分）
1305.9s [7月7日（週一） 上午 8:36]   click [CourierEconomy] 快遞 · 經濟 3 天（$48.00）
1315.8s [7月7日（週一） 下午 7:13]   use "Sleep"
1316.4s [7月7日（週一） 下午 7:13]   click [Sleep] Sleep until 7:00 AM
1327.2s [7月8日（週二） 上午 7:14]   use "Packing table"
1327.9s [7月8日（週二） 上午 7:15]   click [Pack] 打包 14 筆訂單（1 小時 52 分）
1328.8s [7月8日（週二） 上午 9:16]   click [CourierEconomy] 快遞 · 經濟 3 天（$69.00）
1338.7s [7月8日（週二） 下午 7:13]   use "Sleep"
1339.3s [7月8日（週二） 下午 7:13]   click [Sleep] Sleep until 7:00 AM
1350.1s [7月9日（週三） 上午 7:14]   use "Packing table"
1350.8s [7月9日（週三） 上午 7:15]   click [Pack] 打包 15 筆訂單（2 h）
1351.7s [7月9日（週三） 上午 9:16]   click [CourierEconomy] 快遞 · 經濟 3 天（$69.00）
1361.6s [7月9日（週三） 下午 7:13]   use "Sleep"
1362.2s [7月9日（週三） 下午 7:13]   click [Sleep] Sleep until 7:00 AM
1372.9s [7月10日（週四） 上午 7:14]   use "Packing table"
1373.6s [7月10日（週四） 上午 7:15]   click [Pack] 打包 15 筆訂單（2 h）
1374.5s [7月10日（週四） 上午 9:16]   click [CourierEconomy] 快遞 · 經濟 3 天（$69.00）
1376.9s [7月10日（週四） 下午 7:02]   shot 163_decision_crestline_big_offer.png
1376.9s [7月10日（週四） 下午 7:02]   decision crestline_big_offer → review
1376.9s [7月10日（週四） 下午 7:02]   click [Choice_review] 把合約寄來，我看看。
1378.2s [7月10日（週四） 下午 7:02]   shot 164_decision_outcome_crestline_big_offer.png
1378.3s [7月10日（週四） 下午 7:02]   click "OK"
1386.5s [7月10日（週四） 下午 7:14]   use "Sleep"
1387.1s [7月10日（週四） 下午 7:14]   click [Sleep] Sleep until 7:00 AM
1397.8s [7月11日（週五） 上午 7:14]   use "Packing table"
1398.6s [7月11日（週五） 上午 7:15]   click [Pack] 打包 11 筆訂單（1 小時 28 分）
1399.5s [7月11日（週五） 上午 8:44]   click [CourierEconomy] 快遞 · 經濟 3 天（$52.20）
1400.6s [7月11日（週五） 上午 8:46]   ok  Crestline offered the big contract
1402.1s [7月11日（週五） 上午 8:48]   use "Use laptop — Company OS"
1402.7s [7月11日（週五） 上午 8:49]   click [Tab_contracts] 合約 ●
1403.5s [7月11日（週五） 上午 8:50]   shot 165_big_contract_offer.png
1403.5s [7月11日（週五） 上午 8:50]   click [AcceptContract] Accept
1404.5s [7月11日（週五） 上午 8:52]   ok  accepted Crestline's contract
1404.5s [7月11日（週五） 上午 8:52] STEP Chapter 5 — borrow from Marcus Reed at Nexus Bank
1407.2s [7月11日（週五） 上午 8:57]   ok  walked back outside
1421.2s [7月11日（週五） 上午 9:18]   use "捷運——河濱區站"
1422.1s [7月11日（週五） 上午 9:19]   shot 166_metro_financial.png
1422.1s [7月11日（週五） 上午 9:19]   click [Go_financial] 金融區  ·  10 分鐘
1423.2s [7月11日（週五） 上午 9:31]   ok  took the Metro to Financial District
1431.1s [7月11日（週五） 下午 1:17]   ok  entered Nexus Bank
1432.8s [7月11日（週五） 下午 1:20]   use "和 Marcus Reed 說話"
1435.8s [7月11日（週五） 下午 1:20]   choose "› 讓我看看你能借多少。"
1437.8s [7月11日（週五） 下午 1:20]   shot 167_loan_offer.png
1437.8s [7月11日（週五） 下午 1:20]   click [Amt_50] $23,000
1438.1s [7月11日（週五） 下午 1:20]   click [Term_12] 12 個月
1438.3s [7月11日（週五） 下午 1:20]   click [TakeLoan] 借 $23,000
1438.6s [7月11日（週五） 下午 1:20]   click [ConfirmLoan] Confirm loan signing
1439.0s [7月11日（週五） 下午 5:00]   ok  loan signing finishes the same afternoon
1439.6s [7月11日（週五） 下午 5:00]   shot 168_loan_taken.png
1440.0s [7月11日（週五） 下午 5:00]   ok  took a Nexus Bank loan (debt $23,000.00)
1440.0s [7月11日（週五） 下午 5:00] STEP Chapter 5 — order the lamps and deliver
1445.5s [7月11日（週五） 下午 5:09]   ok  walked back outside
1451.7s [7月11日（週五） 下午 5:19]   use "捷運——金融區站"
1452.7s [7月11日（週五） 下午 5:20]   shot 169_metro_riverside.png
1452.7s [7月11日（週五） 下午 5:20]   click [Go_riverside] 河濱區  ·  10 分鐘
1453.7s [7月11日（週五） 下午 5:32]   ok  took the Metro to Riverside
1462.8s [7月11日（週五） 下午 5:45]   ok  entered Riverside Tower
1464.3s [7月11日（週五） 下午 5:47]   use "Use laptop — Company OS"
1464.9s [7月11日（週五） 下午 5:48]   click [Tab_contracts] Contracts
1465.5s [7月11日（週五） 下午 5:49]   click [FillContract] 追加訂購 800 件，向 TradeLink 批發（$9,200）
1466.2s [7月11日（週五） 下午 6:00]   shot 170_contract_restock.png
1474.2s [7月11日（週五） 下午 7:11]   use "Sleep"
1474.8s [7月11日（週五） 下午 7:11]   click [Sleep] Sleep until 7:00 AM
1485.5s [7月12日（週六） 上午 7:14]   use "Packing table"
1486.2s [7月12日（週六） 上午 7:15]   click [Pack] 打包 13 筆訂單（1 小時 44 分）
1487.1s [7月12日（週六） 上午 9:00]   click [CourierEconomy] 快遞 · 經濟 3 天（$60.60）
1497.0s [7月12日（週六） 下午 7:13]   use "Sleep"
1497.6s [7月12日（週六） 下午 7:13]   click [Sleep] Sleep until 7:00 AM
1508.4s [7月13日（週日） 上午 7:14]   use "Packing table"
1509.1s [7月13日（週日） 上午 7:15]   click [Pack] 打包 16 筆訂單（2 小時 8 分）
1510.0s [7月13日（週日） 上午 9:24]   click [CourierEconomy] 快遞 · 經濟 3 天（$73.20）
1519.9s [7月13日（週日） 下午 7:13]   use "Sleep"
1520.5s [7月13日（週日） 下午 7:13]   click [Sleep] Sleep until 7:00 AM
1531.2s [7月14日（週一） 上午 7:14]   use "Packing table"
1531.9s [7月14日（週一） 上午 7:15]   click [Pack] 打包 14 筆訂單（1 小時 52 分）
1532.9s [7月14日（週一） 上午 9:08]   click [CourierEconomy] 快遞 · 經濟 3 天（$64.80）
1535.5s [7月14日（週一） 上午 9:12]   use "Use laptop — Company OS"
1536.1s [7月14日（週一） 上午 9:13]   click [Tab_contracts] Contracts
1536.8s [7月14日（週一） 上午 9:14]   click [DeliverContract] 打包並交貨 800 件（B2B 貨運 $40）
1537.9s [7月14日（週一） 上午 10:45]   shot 171_big_contract_delivered.png
1538.3s [7月14日（週一） 上午 10:46]   ok  delivered 800 lamps to Crestline
1539.3s [7月14日（週一） 上午 10:48]   ok  Chapter 5 complete
1539.3s [7月14日（週一） 上午 10:48] STEP Chapter 6 — forecast, early payment, month in the black
1539.5s [7月14日（週一） 上午 10:48]   use "Use laptop — Company OS"
1540.1s [7月14日（週一） 上午 10:49]   click [Tab_finance] Finance
1541.1s [7月14日（週一） 上午 10:50]   shot 172_cash_forecast_ch6.png
1541.1s [7月14日（週一） 上午 10:50]   click [Tab_contracts] Contracts
1541.6s [7月14日（週一） 上午 10:51]   click [EarlyPayment] 請對方提前付款（折 3%：現在拿 $21,728）
1542.3s [7月14日（週一） 上午 10:52]   shot 173_early_payment.png
1542.7s [7月14日（週一） 上午 10:53]   ok  Crestline paid early (3% discount)
1550.4s [7月14日（週一） 下午 7:11]   use "Sleep"
1551.0s [7月14日（週一） 下午 7:11]   click [Sleep] Sleep until 7:00 AM
1561.8s [7月15日（週二） 上午 7:14]   use "Packing table"
1562.5s [7月15日（週二） 上午 7:15]   click [Pack] 打包 17 筆訂單（2 小時 16 分）
1563.4s [7月15日（週二） 上午 9:32]   click [CourierEconomy] 快遞 · 經濟 3 天（$77.40）
1564.7s [7月15日（週二） 下午 7:00]   shot 174_decision_elena_offer.png
1564.7s [7月15日（週二） 下午 7:00]   decision elena_offer → accept
1564.7s [7月15日（週二） 下午 7:00]   click [Choice_accept] 以 20% 股份換 $40,000
1566.1s [7月15日（週二） 下午 7:00]   shot 175_decision_outcome_elena_offer.png
1566.1s [7月15日（週二） 下午 7:00]   click "OK"
1575.5s [7月15日（週二） 下午 7:14]   use "Sleep"
1576.1s [7月15日（週二） 下午 7:14]   click [Sleep] Sleep until 7:00 AM
1586.9s [7月16日（週三） 上午 7:14]   use "Packing table"
1587.6s [7月16日（週三） 上午 7:15]   click [Pack] 打包 9 筆訂單（1 小時 12 分）
1588.5s [7月16日（週三） 上午 8:28]   click [CourierEconomy] 快遞 · 經濟 3 天（$43.80）
1598.4s [7月16日（週三） 下午 7:13]   use "Sleep"
1599.0s [7月16日（週三） 下午 7:13]   click [Sleep] Sleep until 7:00 AM
1609.8s [7月17日（週四） 上午 7:14]   use "Packing table"
1610.5s [7月17日（週四） 上午 7:15]   click [Pack] 打包 11 筆訂單（1 小時 28 分）
1611.4s [7月17日（週四） 上午 8:44]   click [CourierEconomy] 快遞 · 經濟 3 天（$52.20）
1621.3s [7月17日（週四） 下午 7:13]   use "Sleep"
1621.9s [7月17日（週四） 下午 7:13]   click [Sleep] Sleep until 7:00 AM
1632.7s [7月18日（週五） 上午 7:14]   use "Packing table"
1633.4s [7月18日（週五） 上午 7:15]   click [Pack] 打包 15 筆訂單（2 h）
1634.3s [7月18日（週五） 上午 9:16]   click [CourierEconomy] 快遞 · 經濟 3 天（$69.00）
1644.2s [7月18日（週五） 下午 7:13]   use "Sleep"
1644.8s [7月18日（週五） 下午 7:13]   click [Sleep] Sleep until 7:00 AM
1655.6s [7月19日（週六） 上午 7:14]   use "Packing table"
1656.3s [7月19日（週六） 上午 7:15]   click [Pack] 打包 18 筆訂單（2 小時 24 分）
1657.2s [7月19日（週六） 上午 9:40]   click [CourierEconomy] 快遞 · 經濟 3 天（$81.60）
1667.1s [7月19日（週六） 下午 7:13]   use "Sleep"
1667.7s [7月19日（週六） 下午 7:13]   click [Sleep] Sleep until 7:00 AM
1678.5s [7月20日（週日） 上午 7:14]   use "Packing table"
1679.2s [7月20日（週日） 上午 7:15]   click [Pack] 打包 17 筆訂單（2 小時 16 分）
1680.1s [7月20日（週日） 上午 9:32]   click [CourierEconomy] 快遞 · 經濟 3 天（$77.40）
1690.0s [7月20日（週日） 下午 7:13]   use "Sleep"
1690.6s [7月20日（週日） 下午 7:13]   click [Sleep] Sleep until 7:00 AM
1701.4s [7月21日（週一） 上午 7:14]   use "Packing table"
1702.1s [7月21日（週一） 上午 7:15]   click [Pack] 打包 13 筆訂單（1 小時 44 分）
1703.0s [7月21日（週一） 上午 9:00]   click [CourierEconomy] 快遞 · 經濟 3 天（$60.60）
1712.9s [7月21日（週一） 下午 7:13]   use "Sleep"
1713.5s [7月21日（週一） 下午 7:13]   click [Sleep] Sleep until 7:00 AM
1715.8s [7月22日（週二） 下午 7:00]   use "Sleep"
1716.3s [7月22日（週二） 下午 7:00]   click [Sleep] Sleep until 7:00 AM
1718.6s [7月23日（週三） 下午 7:00]   use "Sleep"
1719.2s [7月23日（週三） 下午 7:00]   click [Sleep] Sleep until 7:00 AM
1730.0s [7月24日（週四） 上午 7:14]   use "Packing table"
1730.7s [7月24日（週四） 上午 7:15]   click [Pack] 打包 1 筆訂單（8 分鐘）
1731.6s [7月24日（週四） 上午 7:24]   click [CourierEconomy] 快遞 · 經濟 3 天（$10.20）
1741.6s [7月24日（週四） 下午 7:13]   use "Sleep"
1742.2s [7月24日（週四） 下午 7:13]   click [Sleep] Sleep until 7:00 AM
1753.0s [7月25日（週五） 上午 7:14]   use "Packing table"
1753.7s [7月25日（週五） 上午 7:15]   click [Pack] 打包 1 筆訂單（8 分鐘）
1754.6s [7月25日（週五） 上午 7:24]   click [CourierEconomy] 快遞 · 經濟 3 天（$10.20）
1764.5s [7月25日（週五） 下午 7:13]   use "Sleep"
1765.1s [7月25日（週五） 下午 7:13]   click [Sleep] Sleep until 7:00 AM
1773.7s [7月26日（週六） 下午 7:09]   use "Sleep"
1774.3s [7月26日（週六） 下午 7:09]   click [Sleep] Sleep until 7:00 AM
1785.1s [7月27日（週日） 上午 7:14]   use "Packing table"
1785.8s [7月27日（週日） 上午 7:15]   click [Pack] 打包 1 筆訂單（8 分鐘）
1786.7s [7月27日（週日） 上午 7:24]   click [CourierEconomy] 快遞 · 經濟 3 天（$10.20）
1796.7s [7月27日（週日） 下午 7:13]   use "Sleep"
1797.3s [7月27日（週日） 下午 7:13]   click [Sleep] Sleep until 7:00 AM
1799.5s [7月28日（週一） 下午 7:00]   use "Sleep"
1800.1s [7月28日（週一） 下午 7:00]   click [Sleep] Sleep until 7:00 AM
1802.3s [7月29日（週二） 下午 7:00]   shot 176_decision_supplier_price_increase.png
1802.3s [7月29日（週二） 下午 7:00]   decision supplier_price_increase → accept
1802.3s [7月29日（週二） 下午 7:00]   click [Choice_accept] 好。繼續跟你進貨。
1803.7s [7月29日（週二） 下午 7:00]   shot 177_decision_outcome_supplier_price_increase.png
1803.7s [7月29日（週二） 下午 7:00]   click "OK"
1804.3s [7月29日（週二） 下午 7:00]   use "Sleep"
1804.9s [7月29日（週二） 下午 7:00]   click [Sleep] Sleep until 7:00 AM
1807.1s [7月30日（週三） 下午 7:00]   use "Sleep"
1807.7s [7月30日（週三） 下午 7:00]   click [Sleep] Sleep until 7:00 AM
1810.0s [7月31日（週四） 下午 7:00]   use "Sleep"
1810.6s [7月31日（週四） 下午 7:00]   click [Sleep] Sleep until 7:00 AM
1814.4s [8月1日（週五） 上午 7:00]   shot 178_month_close_report.png
1814.4s [8月1日（週五） 上午 7:00]   click [month close] Continue
1816.0s [8月1日（週五） 上午 7:02]   ok  Chapter 6 complete
1816.0s [8月1日（週五） 上午 7:02]   ok  ledger balanced after chapters 4–6
1816.0s [8月1日（週五） 上午 7:02]   ok  Chapter 7 started after Chapter 6
1816.0s [8月1日（週五） 上午 7:02]   ok  Year 3: the Supply Shock
1816.0s [8月1日（週五） 上午 7:02] STEP Chapter 7 — the news, and Ken's options
1819.3s [8月1日（週五） 上午 7:08]   ok  walked back outside
1822.6s [8月1日（週五） 上午 7:13]   ok  entered Bloom Coffee
1824.3s [8月1日（週五） 上午 7:15]   use "Read the news board"
1825.1s [8月1日（週五） 上午 7:20]   shot 179_news_supply_shock.png
1825.5s [8月1日（週五） 上午 7:20]   ok  read the news (supply_shock)
1828.4s [8月1日（週五） 上午 7:25]   ok  walked back outside
1831.6s [8月1日（週五） 上午 7:30]   ok  entered Riverside Tower
1833.5s [8月1日（週五） 下午 7:03]   use "Sleep"
1834.1s [8月1日（週五） 下午 7:03]   click [Sleep] Sleep until 7:00 AM
1836.4s [8月2日（週六） 下午 7:00]   use "Sleep"
1837.0s [8月2日（週六） 下午 7:00]   click [Sleep] Sleep until 7:00 AM
1839.1s [8月3日（週日） 下午 7:00]   shot 180_decision_supply_shock_plan.png
1839.1s [8月3日（週日） 下午 7:00]   decision supply_shock_plan → local
1839.1s [8月3日（週日） 下午 7:00]   click [Choice_local] 加一個在地備援：奧瑞莉亞職人合作社
1840.5s [8月3日（週日） 下午 7:00]   shot 181_decision_outcome_supply_shock_plan.png
1840.5s [8月3日（週日） 下午 7:00]   click "OK"
1841.2s [8月3日（週日） 下午 7:00]   use "Sleep"
1841.8s [8月3日（週日） 下午 7:00]   click [Sleep] Sleep until 7:00 AM
1843.7s [8月4日（週一） 上午 7:01]   ok  the local co-op is a supplier now
1843.7s [8月4日（週一） 上午 7:01] STEP Chapter 7 — order from the co-op, raise a price
1845.0s [8月4日（週一） 上午 7:02]   use "Use laptop — Company OS"
1845.6s [8月4日（週一） 上午 7:03]   click [Tab_operations] Operations
1846.3s [8月4日（週一） 上午 7:04]   shot 182_operations_supply_shock.png
1846.3s [8月4日（週一） 上午 7:04]   click [Buy_aurelia_makers_desk_lamp] 購買 $417.00
1846.9s [8月4日（週一） 上午 7:15]   click [Buy_aurelia_makers_desk_lamp] 購買 $417.00
1847.5s [8月4日（週一） 上午 7:26]   click [Buy_aurelia_makers_desk_lamp] 購買 $417.00
1848.1s [8月4日（週一） 上午 7:37]   click [Buy_aurelia_makers_desk_lamp] 購買 $417.00
1848.7s [8月4日（週一） 上午 7:48]   click [Tab_sales] Ecommerce
1849.3s [8月4日（週一） 上午 7:49]   click [PriceUp_wireless_earbuds] +
1849.5s [8月4日（週一） 上午 7:49]   click [PriceUp_wireless_earbuds] +
1849.7s [8月4日（週一） 上午 7:50]   click [PriceUp_wireless_earbuds] +
1849.9s [8月4日（週一） 上午 7:50]   click [PriceUp_wireless_earbuds] +
1850.1s [8月4日（週一） 上午 7:50]   click [PriceUp_wireless_earbuds] +
1850.2s [8月4日（週一） 上午 7:50]   click [PriceUp_wireless_earbuds] +
1850.4s [8月4日（週一） 上午 7:51]   click [PriceUp_wireless_earbuds] +
1850.6s [8月4日（週一） 上午 7:51]   click [PriceUp_wireless_earbuds] +
1850.8s [8月4日（週一） 上午 7:51]   click [PriceUp_wireless_earbuds] +
1851.0s [8月4日（週一） 上午 7:51]   click [PriceUp_wireless_earbuds] +
1851.2s [8月4日（週一） 上午 7:52]   click [PriceUp_wireless_earbuds] +
1851.3s [8月4日（週一） 上午 7:52]   click [PriceUp_wireless_earbuds] +
1851.5s [8月4日（週一） 上午 7:52]   click [PriceUp_water_bottle] +
1851.7s [8月4日（週一） 上午 7:53]   click [PriceUp_water_bottle] +
1851.9s [8月4日（週一） 上午 7:53]   click [PriceUp_water_bottle] +
1852.1s [8月4日（週一） 上午 7:53]   click [PriceUp_water_bottle] +
1852.3s [8月4日（週一） 上午 7:53]   click [PriceUp_water_bottle] +
1852.4s [8月4日（週一） 上午 7:54]   click [PriceUp_desk_lamp] +
1852.6s [8月4日（週一） 上午 7:54]   click [PriceUp_desk_lamp] +
1852.8s [8月4日（週一） 上午 7:54]   click [PriceUp_desk_lamp] +
1853.0s [8月4日（週一） 上午 7:54]   click [PriceUp_desk_lamp] +
1853.2s [8月4日（週一） 上午 7:55]   click [PriceUp_desk_lamp] +
1853.4s [8月4日（週一） 上午 7:55]   click [PriceUp_desk_lamp] +
1853.5s [8月4日（週一） 上午 7:55]   click [PriceUp_desk_lamp] +
1853.7s [8月4日（週一） 上午 7:56]   click [PriceUp_desk_lamp] +
1853.9s [8月4日（週一） 上午 7:56]   click [PriceUp_phone_stand] +
1854.1s [8月4日（週一） 上午 7:56]   click [PriceUp_phone_stand] +
1854.3s [8月4日（週一） 上午 7:56]   click [PriceUp_phone_stand] +
1854.5s [8月4日（週一） 上午 7:57]   click [PriceUp_phone_stand] +
1856.0s [8月4日（週一） 上午 7:59]   ok  stocked and repriced
1856.2s [8月4日（週一） 上午 7:59]   use "Use laptop — Company OS"
1856.8s [8月4日（週一） 上午 8:00]   click [Tab_operations] Operations
1857.5s [8月4日（週一） 上午 8:01]   click [DeliverTo_riverside_studio] 河濱大樓 7C
1857.7s [8月4日（週一） 上午 8:02]   click [Buy_tradelink_wholesale_wireless_earbuds] 購買 $1,008.00
1857.9s [8月4日（週一） 上午 8:12]   click [Buy_tradelink_wholesale_wireless_earbuds] 購買 $1,008.00
1858.2s [8月4日（週一） 上午 8:22]   click [Buy_tradelink_wholesale_wireless_earbuds] 購買 $1,008.00
1858.4s [8月4日（週一） 上午 8:33]   click [Buy_tradelink_wholesale_water_bottle] 購買 $525.60
1858.6s [8月4日（週一） 上午 8:43]   click [Buy_tradelink_wholesale_water_bottle] 購買 $525.60
1858.8s [8月4日（週一） 上午 8:53]   click [Buy_tradelink_wholesale_water_bottle] 購買 $525.60
1859.0s [8月4日（週一） 上午 9:04]   click [Buy_tradelink_wholesale_phone_stand] 購買 $304.80
1859.2s [8月4日（週一） 上午 9:14]   click [Buy_tradelink_wholesale_phone_stand] 購買 $304.80
1867.3s [8月4日（週一） 下午 7:11]   use "Sleep"
1867.9s [8月4日（週一） 下午 7:11]   click [Sleep] Sleep until 7:00 AM
1876.4s [8月5日（週二） 下午 7:09]   use "Sleep"
1877.0s [8月5日（週二） 下午 7:09]   click [Sleep] Sleep until 7:00 AM
1879.3s [8月6日（週三） 下午 7:00]   use "Sleep"
1880.0s [8月6日（週三） 下午 7:00]   click [Sleep] Sleep until 7:00 AM
1882.3s [8月7日（週四） 下午 7:00]   use "Sleep"
1882.9s [8月7日（週四） 下午 7:00]   click [Sleep] Sleep until 7:00 AM
1893.7s [8月8日（週五） 上午 7:14]   use "Packing table"
1894.3s [8月8日（週五） 上午 7:15]   click [Pack] 打包 17 筆訂單（2 小時 16 分）
1895.3s [8月8日（週五） 上午 9:32]   click [CourierEconomy] 快遞 · 經濟 3 天（$134.52）
1905.2s [8月8日（週五） 下午 7:13]   use "Sleep"
1905.8s [8月8日（週五） 下午 7:13]   click [Sleep] Sleep until 7:00 AM
1916.6s [8月9日（週六） 上午 7:14]   use "Packing table"
1917.3s [8月9日（週六） 上午 7:15]   click [Pack] 打包 22 筆訂單（2 小時 56 分）
1918.2s [8月9日（週六） 上午 10:12]   click [CourierEconomy] 快遞 · 經濟 3 天（$172.32）
1928.2s [8月9日（週六） 下午 7:13]   use "Sleep"
1928.8s [8月9日（週六） 下午 7:13]   click [Sleep] Sleep until 7:00 AM
1939.6s [8月10日（週日） 上午 7:14]   use "Packing table"
1940.3s [8月10日（週日） 上午 7:15]   click [Pack] 打包 23 筆訂單（3 小時 4 分）
1941.2s [8月10日（週日） 上午 10:20]   click [CourierEconomy] 快遞 · 經濟 3 天（$179.88）
1951.3s [8月10日（週日） 下午 7:13]   use "Sleep"
1951.9s [8月10日（週日） 下午 7:13]   click [Sleep] Sleep until 7:00 AM
1962.6s [8月11日（週一） 上午 7:14]   use "Packing table"
1963.3s [8月11日（週一） 上午 7:15]   click [Pack] 打包 20 筆訂單（2 小時 40 分）
1964.3s [8月11日（週一） 上午 9:56]   click [CourierEconomy] 快遞 · 經濟 3 天（$157.20）
1974.2s [8月11日（週一） 下午 7:13]   use "Sleep"
1974.8s [8月11日（週一） 下午 7:13]   click [Sleep] Sleep until 7:00 AM
1985.6s [8月12日（週二） 上午 7:14]   use "Packing table"
1986.3s [8月12日（週二） 上午 7:15]   click [Pack] 打包 23 筆訂單（3 小時 4 分）
1987.3s [8月12日（週二） 上午 10:20]   click [CourierEconomy] 快遞 · 經濟 3 天（$179.88）
1997.3s [8月12日（週二） 下午 7:13]   use "Sleep"
1997.9s [8月12日（週二） 下午 7:13]   click [Sleep] Sleep until 7:00 AM
2008.7s [8月13日（週三） 上午 7:14]   use "Packing table"
2009.4s [8月13日（週三） 上午 7:15]   click [Pack] 打包 18 筆訂單（2 小時 24 分）
2010.4s [8月13日（週三） 上午 9:40]   click [CourierEconomy] 快遞 · 經濟 3 天（$142.08）
2020.4s [8月13日（週三） 下午 7:13]   use "Sleep"
2021.0s [8月13日（週三） 下午 7:13]   click [Sleep] Sleep until 7:00 AM
2031.8s [8月14日（週四） 上午 7:14]   use "Packing table"
2032.5s [8月14日（週四） 上午 7:15]   click [Pack] 打包 17 筆訂單（2 小時 16 分）
2033.4s [8月14日（週四） 上午 9:32]   click [CourierEconomy] 快遞 · 經濟 3 天（$134.52）
2043.4s [8月14日（週四） 下午 7:13]   use "Sleep"
2044.0s [8月14日（週四） 下午 7:13]   click [Sleep] Sleep until 7:00 AM
2054.8s [8月15日（週五） 上午 7:14]   use "Packing table"
2055.5s [8月15日（週五） 上午 7:15]   click [Pack] 打包 28 筆訂單（3 小時 44 分）
2056.4s [8月15日（週五） 上午 11:00]   click [CourierEconomy] 快遞 · 經濟 3 天（$217.68）
2066.4s [8月15日（週五） 下午 7:13]   use "Sleep"
2067.1s [8月15日（週五） 下午 7:13]   click [Sleep] Sleep until 7:00 AM
2077.9s [8月16日（週六） 上午 7:14]   use "Packing table"
2078.6s [8月16日（週六） 上午 7:15]   click [Pack] 打包 15 筆訂單（2 h）
2079.7s [8月16日（週六） 上午 9:16]   click [CourierEconomy] 快遞 · 經濟 3 天（$119.40）
2089.7s [8月16日（週六） 下午 7:13]   use "Sleep"
2090.3s [8月16日（週六） 下午 7:13]   click [Sleep] Sleep until 7:00 AM
2101.1s [8月17日（週日） 上午 7:14]   use "Packing table"
2101.8s [8月17日（週日） 上午 7:15]   click [Pack] 打包 30 筆訂單（4 h）
2102.7s [8月17日（週日） 上午 11:16]   click [CourierEconomy] 快遞 · 經濟 3 天（$232.80）
2105.4s [8月17日（週日） 上午 11:20]   use "Use laptop — Company OS"
2106.1s [8月17日（週日） 上午 11:21]   click [Tab_operations] Operations
2106.8s [8月17日（週日） 上午 11:22]   click [DeliverTo_riverside_studio] 河濱大樓 7C
2107.0s [8月17日（週日） 上午 11:23]   click [Buy_tradelink_wholesale_desk_lamp] 購買 $515.20
2107.3s [8月17日（週日） 上午 11:33]   click [Buy_tradelink_wholesale_desk_lamp] 購買 $515.20
2115.6s [8月17日（週日） 下午 7:12]   use "Sleep"
2116.2s [8月17日（週日） 下午 7:12]   click [Sleep] Sleep until 7:00 AM
2127.1s [8月18日（週一） 上午 7:14]   use "Packing table"
2127.8s [8月18日（週一） 上午 7:15]   click [Pack] 打包 19 筆訂單（2 小時 32 分）
2127.8s [8月18日（週一） 上午 7:55]   toast: 新評價 #2229：★「浪費錢。」
2128.7s [8月18日（週一） 上午 9:48]   click [CourierEconomy] 快遞 · 經濟 3 天（$149.64）
2131.4s [8月18日（週一） 上午 9:52]   use "Use laptop — Company OS"
2132.1s [8月18日（週一） 上午 9:53]   click [Tab_operations] Operations
2132.8s [8月18日（週一） 上午 9:54]   click [DeliverTo_riverside_studio] 河濱大樓 7C
2133.0s [8月18日（週一） 上午 9:55]   click [Buy_tradelink_wholesale_phone_stand] 購買 $304.80
2133.3s [8月18日（週一） 上午 10:05]   click [Buy_tradelink_wholesale_phone_stand] 購買 $304.80
2141.7s [8月18日（週一） 下午 7:12]   use "Sleep"
2142.3s [8月18日（週一） 下午 7:12]   click [Sleep] Sleep until 7:00 AM
2153.1s [8月19日（週二） 上午 7:14]   use "Packing table"
2153.8s [8月19日（週二） 上午 7:15]   click [Pack] 打包 15 筆訂單（2 h）
2154.7s [8月19日（週二） 上午 9:24]   click [CourierEconomy] 快遞 · 經濟 3 天（$126.96）
2164.7s [8月19日（週二） 下午 7:13]   use "Sleep"
2165.3s [8月19日（週二） 下午 7:13]   click [Sleep] Sleep until 7:00 AM
2176.1s [8月20日（週三） 上午 7:14]   use "Packing table"
2176.8s [8月20日（週三） 上午 7:15]   click [Pack] 打包 15 筆訂單（2 h）
2177.7s [8月20日（週三） 上午 9:16]   click [CourierEconomy] 快遞 · 經濟 3 天（$119.40）
2187.7s [8月20日（週三） 下午 7:13]   use "Sleep"
2188.3s [8月20日（週三） 下午 7:13]   click [Sleep] Sleep until 7:00 AM
2199.2s [8月21日（週四） 上午 7:14]   use "Packing table"
2199.9s [8月21日（週四） 上午 7:15]   click [Pack] 打包 24 筆訂單（3 小時 12 分）
2200.8s [8月21日（週四） 上午 10:28]   click [CourierEconomy] 快遞 · 經濟 3 天（$201.48）
2202.1s [8月21日（週四） 上午 10:30]   shot 183_decision_supplier_price_increase.png
2202.1s [8月21日（週四） 上午 10:30]   decision supplier_price_increase → accept
2202.1s [8月21日（週四） 上午 10:30]   click [Choice_accept] 好。繼續跟你進貨。
2203.4s [8月21日（週四） 上午 10:30]   shot 184_decision_outcome_supplier_price_increase.png
2203.4s [8月21日（週四） 上午 10:30]   click "OK"
2205.5s [8月21日（週四） 上午 10:33]   use "Use laptop — Company OS"
2206.1s [8月21日（週四） 上午 10:33]   click [Tab_operations] Operations
2206.8s [8月21日（週四） 上午 10:35]   click [DeliverTo_riverside_studio] 河濱大樓 7C
2207.0s [8月21日（週四） 上午 10:35]   click [Buy_tradelink_wholesale_wireless_earbuds] 購買 $1,008.00
2207.2s [8月21日（週四） 上午 10:45]   click [Buy_tradelink_wholesale_wireless_earbuds] 購買 $1,008.00
2215.6s [8月21日（週四） 下午 7:12]   use "Sleep"
2216.2s [8月21日（週四） 下午 7:12]   click [Sleep] Sleep until 7:00 AM
2227.0s [8月22日（週五） 上午 7:14]   use "Packing table"
2227.7s [8月22日（週五） 上午 7:15]   click [Pack] 打包 27 筆訂單（3 小時 36 分）
2228.7s [8月22日（週五） 上午 10:52]   click [CourierEconomy] 快遞 · 經濟 3 天（$219.48）
2238.7s [8月22日（週五） 下午 7:13]   use "Sleep"
2239.3s [8月22日（週五） 下午 7:13]   click [Sleep] Sleep until 7:00 AM
2250.1s [8月23日（週六） 上午 7:14]   use "Packing table"
2250.8s [8月23日（週六） 上午 7:15]   click [Pack] 打包 25 筆訂單（3 小時 20 分）
2251.7s [8月23日（週六） 上午 10:36]   click [CourierEconomy] 快遞 · 經濟 3 天（$209.04）
2261.7s [8月23日（週六） 下午 7:13]   use "Sleep"
2262.3s [8月23日（週六） 下午 7:13]   click [Sleep] Sleep until 7:00 AM
2273.2s [8月24日（週日） 上午 7:14]   use "Packing table"
2273.9s [8月24日（週日） 上午 7:15]   click [Pack] 打包 27 筆訂單（3 小時 36 分）
2274.8s [8月24日（週日） 上午 10:52]   click [CourierEconomy] 快遞 · 經濟 3 天（$247.56）
2284.9s [8月24日（週日） 下午 7:13]   use "Sleep"
2285.5s [8月24日（週日） 下午 7:13]   click [Sleep] Sleep until 7:00 AM
2296.3s [8月25日（週一） 上午 7:14]   use "Packing table"
2297.0s [8月25日（週一） 上午 7:15]   click [Pack] 打包 25 筆訂單（3 小時 20 分）
2298.0s [8月25日（週一） 上午 10:36]   click [CourierEconomy] 快遞 · 經濟 3 天（$232.44）
2300.7s [8月25日（週一） 上午 10:40]   use "Use laptop — Company OS"
2301.4s [8月25日（週一） 上午 10:41]   click [Tab_operations] Operations
2302.1s [8月25日（週一） 上午 10:42]   click [DeliverTo_riverside_studio] 河濱大樓 7C
2302.3s [8月25日（週一） 上午 10:43]   click [Buy_tradelink_wholesale_water_bottle] 購買 $604.20
2302.5s [8月25日（週一） 上午 10:53]   click [Buy_tradelink_wholesale_water_bottle] 購買 $604.20
2310.9s [8月25日（週一） 下午 7:11]   use "Sleep"
2311.5s [8月25日（週一） 下午 7:12]   click [Sleep] Sleep until 7:00 AM
2322.4s [8月26日（週二） 上午 7:14]   use "Packing table"
2323.1s [8月26日（週二） 上午 7:15]   click [Pack] 打包 33 筆訂單（4 小時 24 分）
2324.0s [8月26日（週二） 上午 11:40]   click [CourierEconomy] 快遞 · 經濟 3 天（$278.88）
2334.1s [8月26日（週二） 下午 7:13]   use "Sleep"
2334.7s [8月26日（週二） 下午 7:13]   click [Sleep] Sleep until 7:00 AM
2345.5s [8月27日（週三） 上午 7:14]   use "Packing table"
2346.2s [8月27日（週三） 上午 7:15]   click [Pack] 打包 22 筆訂單（2 小時 56 分）
2347.2s [8月27日（週三） 上午 10:12]   click [CourierEconomy] 快遞 · 經濟 3 天（$186.36）
2357.2s [8月27日（週三） 下午 7:13]   use "Sleep"
2357.8s [8月27日（週三） 下午 7:13]   click [Sleep] Sleep until 7:00 AM
2368.7s [8月28日（週四） 上午 7:14]   use "Packing table"
2369.4s [8月28日（週四） 上午 7:15]   click [Pack] 打包 27 筆訂單（3 小時 36 分）
2370.3s [8月28日（週四） 上午 10:52]   click [CourierEconomy] 快遞 · 經濟 3 天（$238.20）
2380.4s [8月28日（週四） 下午 7:13]   use "Sleep"
2381.0s [8月28日（週四） 下午 7:13]   click [Sleep] Sleep until 7:00 AM
2391.8s [8月29日（週五） 上午 7:14]   use "Packing table"
2392.5s [8月29日（週五） 上午 7:15]   click [Pack] 打包 26 筆訂單（3 小時 28 分）
2393.5s [8月29日（週五） 上午 10:44]   click [CourierEconomy] 快遞 · 經濟 3 天（$225.96）
2403.5s [8月29日（週五） 下午 7:13]   use "Sleep"
2404.1s [8月29日（週五） 下午 7:13]   click [Sleep] Sleep until 7:00 AM
2415.0s [8月30日（週六） 上午 7:14]   use "Packing table"
2415.7s [8月30日（週六） 上午 7:15]   click [Pack] 打包 42 筆訂單（5 小時 36 分）
2416.7s [8月30日（週六） 下午 12:52]   click [CourierEconomy] 快遞 · 經濟 3 天（$356.28）
2426.7s [8月30日（週六） 下午 7:13]   use "Sleep"
2427.3s [8月30日（週六） 下午 7:13]   click [Sleep] Sleep until 7:00 AM
2438.2s [8月31日（週日） 上午 7:14]   use "Packing table"
2438.9s [8月31日（週日） 上午 7:15]   click [Pack] 打包 36 筆訂單（4 小時 48 分）
2439.9s [8月31日（週日） 下午 12:04]   click [CourierEconomy] 快遞 · 經濟 3 天（$292.20）
2450.0s [8月31日（週日） 下午 7:13]   use "Sleep"
2450.6s [8月31日（週日） 下午 7:13]   click [Sleep] Sleep until 7:00 AM
2454.2s [9月1日（週一） 上午 7:00]   shot 185_month_close_report.png
2454.2s [9月1日（週一） 上午 7:00]   click [month close] Continue
2463.6s [9月1日（週一） 上午 7:13]   use "Packing table"
2464.3s [9月1日（週一） 上午 7:15]   click [Pack] 打包 27 筆訂單（3 小時 36 分）
2465.2s [9月1日（週一） 上午 10:52]   click [CourierEconomy] 快遞 · 經濟 3 天（$228.84）
2467.9s [9月1日（週一） 上午 10:56]   use "Use laptop — Company OS"
2468.6s [9月1日（週一） 上午 10:57]   click [Tab_operations] Operations
2469.3s [9月1日（週一） 上午 10:58]   click [DeliverTo_riverside_studio] 河濱大樓 7C
2469.5s [9月1日（週一） 上午 10:58]   click [Buy_tradelink_wholesale_desk_lamp] 購買 $515.20
2469.7s [9月1日（週一） 上午 11:09]   click [Buy_tradelink_wholesale_desk_lamp] 購買 $515.20
2478.1s [9月1日（週一） 下午 7:11]   use "Sleep"
2478.7s [9月1日（週一） 下午 7:11]   click [Sleep] Sleep until 7:00 AM
2489.6s [9月2日（週二） 上午 7:14]   use "Packing table"
2490.3s [9月2日（週二） 上午 7:15]   click [Pack] 打包 22 筆訂單（2 小時 56 分）
2491.2s [9月2日（週二） 上午 10:12]   click [CourierEconomy] 快遞 · 經濟 3 天（$186.36）
2501.3s [9月2日（週二） 下午 7:13]   use "Sleep"
2501.9s [9月2日（週二） 下午 7:13]   click [Sleep] Sleep until 7:00 AM
2512.8s [9月3日（週三） 上午 7:14]   use "Packing table"
2513.5s [9月3日（週三） 上午 7:15]   click [Pack] 打包 33 筆訂單（4 小時 24 分）
2514.5s [9月3日（週三） 上午 11:40]   click [CourierEconomy] 快遞 · 經濟 3 天（$260.16）
2517.2s [9月3日（週三） 上午 11:44]   use "Use laptop — Company OS"
2517.9s [9月3日（週三） 上午 11:45]   click [Tab_operations] Operations
2518.5s [9月3日（週三） 上午 11:46]   click [DeliverTo_riverside_studio] 河濱大樓 7C
2518.8s [9月3日（週三） 上午 11:47]   click [Buy_tradelink_wholesale_wireless_earbuds] 購買 $1,008.00
2519.0s [9月3日（週三） 上午 11:57]   click [Buy_tradelink_wholesale_wireless_earbuds] 購買 $1,008.00
2527.4s [9月3日（週三） 下午 7:12]   use "Sleep"
2528.0s [9月3日（週三） 下午 7:12]   click [Sleep] Sleep until 7:00 AM
2538.9s [9月4日（週四） 上午 7:14]   use "Packing table"
2539.6s [9月4日（週四） 上午 7:15]   click [Pack] 打包 24 筆訂單（3 小時 12 分）
2540.6s [9月4日（週四） 上午 10:28]   click [CourierEconomy] 快遞 · 經濟 3 天（$206.16）
2550.6s [9月4日（週四） 下午 7:13]   use "Sleep"
2551.2s [9月4日（週四） 下午 7:13]   click [Sleep] Sleep until 7:00 AM
2562.2s [9月5日（週五） 上午 7:14]   use "Packing table"
2562.9s [9月5日（週五） 上午 7:15]   click [Pack] 打包 27 筆訂單（3 小時 36 分）
2563.1s [9月5日（週五） 上午 10:48]   toast: 新評價 #2655：★「浪費錢。」
2563.9s [9月5日（週五） 上午 10:52]   click [CourierEconomy] 快遞 · 經濟 3 天（$233.52）
2574.0s [9月5日（週五） 下午 7:13]   use "Sleep"
2574.6s [9月5日（週五） 下午 7:13]   click [Sleep] Sleep until 7:00 AM
2585.5s [9月6日（週六） 上午 7:14]   use "Packing table"
2586.2s [9月6日（週六） 上午 7:15]   click [Pack] 打包 26 筆訂單（3 小時 28 分）
2587.2s [9月6日（週六） 上午 10:44]   click [CourierEconomy] 快遞 · 經濟 3 天（$240.00）
2589.9s [9月6日（週六） 上午 10:48]   use "Use laptop — Company OS"
2590.6s [9月6日（週六） 上午 10:49]   click [Tab_operations] Operations
2591.3s [9月6日（週六） 上午 10:50]   click [DeliverTo_riverside_studio] 河濱大樓 7C
2591.6s [9月6日（週六） 上午 10:51]   click [Buy_tradelink_wholesale_phone_stand] 購買 $304.80
2591.8s [9月6日（週六） 上午 11:01]   click [Buy_tradelink_wholesale_phone_stand] 購買 $304.80
2600.2s [9月6日（週六） 下午 7:12]   use "Sleep"
2600.8s [9月6日（週六） 下午 7:12]   click [Sleep] Sleep until 7:00 AM
2611.8s [9月7日（週日） 上午 7:14]   use "Packing table"
2612.5s [9月7日（週日） 上午 7:15]   click [Pack] 打包 30 筆訂單（4 h）
2613.5s [9月7日（週日） 上午 11:16]   click [CourierEconomy] 快遞 · 經濟 3 天（$256.20）
2623.5s [9月7日（週日） 下午 7:13]   use "Sleep"
2624.1s [9月7日（週日） 下午 7:13]   click [Sleep] Sleep until 7:00 AM
2635.1s [9月8日（週一） 上午 7:14]   use "Packing table"
2635.8s [9月8日（週一） 上午 7:15]   click [Pack] 打包 29 筆訂單（3 小時 52 分）
2636.8s [9月8日（週一） 上午 11:08]   click [CourierEconomy] 快遞 · 經濟 3 天（$253.32）
2638.0s [9月8日（週一） 上午 11:10]   shot 186_decision_supplier_price_increase.png
2638.0s [9月8日（週一） 上午 11:10]   decision supplier_price_increase → accept
2638.0s [9月8日（週一） 上午 11:10]   click [Choice_accept] 好。繼續跟你進貨。
2639.4s [9月8日（週一） 上午 11:10]   shot 187_decision_outcome_supplier_price_increase.png
2639.4s [9月8日（週一） 上午 11:10]   click "OK"
2641.5s [9月8日（週一） 上午 11:13]   use "Use laptop — Company OS"
2642.2s [9月8日（週一） 上午 11:14]   click [Tab_operations] Operations
2642.9s [9月8日（週一） 上午 11:15]   click [DeliverTo_riverside_studio] 河濱大樓 7C
2643.1s [9月8日（週一） 上午 11:15]   click [Buy_tradelink_wholesale_water_bottle] 購買 $525.60
2643.3s [9月8日（週一） 上午 11:25]   click [Buy_tradelink_wholesale_water_bottle] 購買 $525.60
2651.7s [9月8日（週一） 下午 7:12]   use "Sleep"
2652.3s [9月8日（週一） 下午 7:12]   click [Sleep] Sleep until 7:00 AM
2663.3s [9月9日（週二） 上午 7:14]   use "Packing table"
2664.0s [9月9日（週二） 上午 7:15]   click [Pack] 打包 25 筆訂單（3 小時 20 分）
2664.9s [9月9日（週二） 上午 10:36]   click [CourierEconomy] 快遞 · 經濟 3 天（$218.40）
2675.1s [9月9日（週二） 下午 7:13]   use "Sleep"
2675.7s [9月9日（週二） 下午 7:13]   click [Sleep] Sleep until 7:00 AM
2686.7s [9月10日（週三） 上午 7:14]   use "Packing table"
2687.4s [9月10日（週三） 上午 7:15]   click [Pack] 打包 29 筆訂單（3 小時 52 分）
2688.4s [9月10日（週三） 上午 11:08]   click [CourierEconomy] 快遞 · 經濟 3 天（$243.96）
2698.6s [9月10日（週三） 下午 7:14]   use "Sleep"
2699.2s [9月10日（週三） 下午 7:14]   click [Sleep] Sleep until 7:00 AM
2710.2s [9月11日（週四） 上午 7:14]   use "Packing table"
2710.9s [9月11日（週四） 上午 7:15]   click [Pack] 打包 29 筆訂單（3 小時 52 分）
2711.9s [9月11日（週四） 上午 11:08]   click [CourierEconomy] 快遞 · 經濟 3 天（$239.28）
2721.9s [9月11日（週四） 下午 7:13]   use "Sleep"
2722.5s [9月11日（週四） 下午 7:13]   click [Sleep] Sleep until 7:00 AM
2733.5s [9月12日（週五） 上午 7:14]   use "Packing table"
2734.2s [9月12日（週五） 上午 7:15]   click [Pack] 打包 17 筆訂單（2 小時 16 分）
2735.2s [9月12日（週五） 上午 9:32]   click [CourierEconomy] 快遞 · 經濟 3 天（$148.56）
2745.3s [9月12日（週五） 下午 7:13]   use "Sleep"
2745.9s [9月12日（週五） 下午 7:13]   click [Sleep] Sleep until 7:00 AM
2756.9s [9月13日（週六） 上午 7:14]   use "Packing table"
2757.6s [9月13日（週六） 上午 7:15]   click [Pack] 打包 32 筆訂單（4 小時 16 分）
2758.6s [9月13日（週六） 上午 11:32]   click [CourierEconomy] 快遞 · 經濟 3 天（$276.00）
2768.7s [9月13日（週六） 下午 7:13]   use "Sleep"
2769.3s [9月13日（週六） 下午 7:13]   click [Sleep] Sleep until 7:00 AM
2780.4s [9月14日（週日） 上午 7:14]   use "Packing table"
2781.1s [9月14日（週日） 上午 7:15]   click [Pack] 打包 28 筆訂單（3 小時 44 分）
2782.1s [9月14日（週日） 上午 11:00]   click [CourierEconomy] 快遞 · 經濟 3 天（$231.72）
2792.2s [9月14日（週日） 下午 7:13]   use "Sleep"
2792.8s [9月14日（週日） 下午 7:13]   click [Sleep] Sleep until 7:00 AM
2803.8s [9月15日（週一） 上午 7:14]   use "Packing table"
2804.5s [9月15日（週一） 上午 7:15]   click [Pack] 打包 30 筆訂單（4 h）
2805.5s [9月15日（週一） 上午 11:16]   click [CourierEconomy] 快遞 · 經濟 3 天（$256.20）
2806.7s [9月15日（週一） 下午 3:27]   toast: 新評價 #2991：★★「晚到還有刮痕。」
2815.6s [9月15日（週一） 下午 7:13]   use "Sleep"
2816.2s [9月15日（週一） 下午 7:13]   click [Sleep] Sleep until 7:00 AM
2827.2s [9月16日（週二） 上午 7:14]   use "Packing table"
2827.9s [9月16日（週二） 上午 7:15]   click [Pack] 打包 30 筆訂單（4 h）
2828.8s [9月16日（週二） 上午 11:16]   click [CourierEconomy] 快遞 · 經濟 3 天（$260.88）
2831.5s [9月16日（週二） 上午 11:20]   use "Use laptop — Company OS"
2832.3s [9月16日（週二） 上午 11:21]   click [Tab_operations] Operations
2833.0s [9月16日（週二） 上午 11:22]   click [DeliverTo_riverside_studio] 河濱大樓 7C
2833.2s [9月16日（週二） 上午 11:23]   click [Buy_tradelink_wholesale_desk_lamp] 購買 $515.20
2833.4s [9月16日（週二） 上午 11:33]   click [Buy_tradelink_wholesale_desk_lamp] 購買 $515.20
2841.8s [9月16日（週二） 下午 7:12]   use "Sleep"
2842.4s [9月16日（週二） 下午 7:12]   click [Sleep] Sleep until 7:00 AM
2853.4s [9月17日（週三） 上午 7:14]   use "Packing table"
2854.1s [9月17日（週三） 上午 7:15]   click [Pack] 打包 36 筆訂單（4 小時 48 分）
2855.1s [9月17日（週三） 下午 12:04]   click [CourierEconomy] 快遞 · 經濟 3 天（$306.24）
2857.8s [9月17日（週三） 下午 12:08]   use "Use laptop — Company OS"
2858.5s [9月17日（週三） 下午 12:09]   click [Tab_operations] Operations
2859.3s [9月17日（週三） 下午 12:10]   click [DeliverTo_riverside_studio] 河濱大樓 7C
2859.5s [9月17日（週三） 下午 12:11]   click [Buy_tradelink_wholesale_wireless_earbuds] 購買 $1,008.00
2859.7s [9月17日（週三） 下午 12:21]   click [Buy_tradelink_wholesale_wireless_earbuds] 購買 $1,008.00
2868.1s [9月17日（週三） 下午 7:12]   use "Sleep"
2868.7s [9月17日（週三） 下午 7:12]   click [Sleep] Sleep until 7:00 AM
2879.7s [9月18日（週四） 上午 7:14]   use "Packing table"
2880.4s [9月18日（週四） 上午 7:15]   click [Pack] 打包 35 筆訂單（4 小時 40 分）
2880.5s [9月18日（週四） 上午 7:26]   toast: 新評價 #3061：★「壞掉了，賣家不處理。」
2881.4s [9月18日（週四） 上午 11:56]   click [CourierEconomy] 快遞 · 經濟 3 天（$298.68）
2891.5s [9月18日（週四） 下午 7:13]   use "Sleep"
2892.1s [9月18日（週四） 下午 7:13]   click [Sleep] Sleep until 7:00 AM
2903.1s [9月19日（週五） 上午 7:14]   use "Packing table"
2903.8s [9月19日（週五） 上午 7:15]   click [Pack] 打包 31 筆訂單（4 小時 8 分）
2904.8s [9月19日（週五） 上午 11:24]   click [CourierEconomy] 快遞 · 經濟 3 天（$277.80）
2914.9s [9月19日（週五） 下午 7:13]   use "Sleep"
2915.5s [9月19日（週五） 下午 7:13]   click [Sleep] Sleep until 7:00 AM
2926.6s [9月20日（週六） 上午 7:14]   use "Packing table"
2927.3s [9月20日（週六） 上午 7:15]   click [Pack] 打包 27 筆訂單（3 小時 36 分）
2928.3s [9月20日（週六） 上午 10:52]   click [CourierEconomy] 快遞 · 經濟 3 天（$233.52）
2938.4s [9月20日（週六） 下午 7:13]   use "Sleep"
2939.0s [9月20日（週六） 下午 7:13]   click [Sleep] Sleep until 7:00 AM
2950.1s [9月21日（週日） 上午 7:14]   use "Packing table"
2950.8s [9月21日（週日） 上午 7:15]   click [Pack] 打包 26 筆訂單（3 小時 28 分）
2951.8s [9月21日（週日） 上午 10:44]   click [CourierEconomy] 快遞 · 經濟 3 天（$230.64）
2954.5s [9月21日（週日） 上午 10:48]   use "Use laptop — Company OS"
2955.3s [9月21日（週日） 上午 10:49]   click [Tab_operations] Operations
2956.0s [9月21日（週日） 上午 10:50]   click [DeliverTo_riverside_studio] 河濱大樓 7C
2956.2s [9月21日（週日） 上午 10:51]   click [Buy_tradelink_wholesale_water_bottle] 購買 $525.60
2956.4s [9月21日（週日） 上午 11:01]   click [Buy_tradelink_wholesale_water_bottle] 購買 $525.60
2964.9s [9月21日（週日） 下午 7:12]   use "Sleep"
2965.5s [9月21日（週日） 下午 7:12]   click [Sleep] Sleep until 7:00 AM
2976.5s [9月22日（週一） 上午 7:14]   use "Packing table"
2977.2s [9月22日（週一） 上午 7:15]   click [Pack] 打包 38 筆訂單（5 小時 4 分）
2978.3s [9月22日（週一） 下午 12:20]   click [CourierEconomy] 快遞 · 經濟 3 天（$312.00）
2988.4s [9月22日（週一） 下午 7:13]   use "Sleep"
2989.0s [9月22日（週一） 下午 7:13]   click [Sleep] Sleep until 7:00 AM
3000.0s [9月23日（週二） 上午 7:14]   use "Packing table"
3000.7s [9月23日（週二） 上午 7:15]   click [Pack] 打包 23 筆訂單（3 小時 4 分）
3001.7s [9月23日（週二） 上午 10:20]   click [CourierEconomy] 快遞 · 經濟 3 天（$207.96）
3011.9s [9月23日（週二） 下午 7:13]   use "Sleep"
3012.5s [9月23日（週二） 下午 7:13]   click [Sleep] Sleep until 7:00 AM
3023.6s [9月24日（週三） 上午 7:14]   use "Packing table"
3024.3s [9月24日（週三） 上午 7:15]   click [Pack] 打包 29 筆訂單（3 小時 52 分）
3025.3s [9月24日（週三） 上午 11:08]   click [CourierEconomy] 快遞 · 經濟 3 天（$253.32）
3035.4s [9月24日（週三） 下午 7:13]   use "Sleep"
3036.0s [9月24日（週三） 下午 7:13]   click [Sleep] Sleep until 7:00 AM
3047.1s [9月25日（週四） 上午 7:14]   use "Packing table"
3047.8s [9月25日（週四） 上午 7:15]   click [Pack] 打包 35 筆訂單（4 小時 40 分）
3048.8s [9月25日（週四） 上午 11:56]   click [CourierEconomy] 快遞 · 經濟 3 天（$303.36）
3051.5s [9月25日（週四） 下午 12:00]   use "Use laptop — Company OS"
3052.3s [9月25日（週四） 下午 12:01]   click [Tab_operations] Operations
3052.9s [9月25日（週四） 下午 12:02]   click [DeliverTo_riverside_studio] 河濱大樓 7C
3053.1s [9月25日（週四） 下午 12:03]   click [Buy_tradelink_wholesale_phone_stand] 購買 $304.80
3053.4s [9月25日（週四） 下午 12:13]   click [Buy_tradelink_wholesale_phone_stand] 購買 $304.80
3061.7s [9月25日（週四） 下午 7:12]   use "Sleep"
3062.3s [9月25日（週四） 下午 7:12]   click [Sleep] Sleep until 7:00 AM
3073.4s [9月26日（週五） 上午 7:14]   use "Packing table"
3074.1s [9月26日（週五） 上午 7:15]   click [Pack] 打包 21 筆訂單（2 小時 48 分）
3075.0s [9月26日（週五） 上午 10:04]   click [CourierEconomy] 快遞 · 經濟 3 天（$183.48）
3085.5s [9月26日（週五） 下午 7:13]   use "Sleep"
3086.1s [9月26日（週五） 下午 7:13]   click [Sleep] Sleep until 7:00 AM
3097.1s [9月27日（週六） 上午 7:14]   use "Packing table"
3097.8s [9月27日（週六） 上午 7:15]   click [Pack] 打包 25 筆訂單（3 小時 20 分）
3098.8s [9月27日（週六） 上午 10:36]   click [CourierEconomy] 快遞 · 經濟 3 天（$223.08）
3100.0s [9月27日（週六） 上午 11:02]   toast: 新評價 #3380：★「浪費錢。」
3109.0s [9月27日（週六） 下午 7:13]   use "Sleep"
3109.6s [9月27日（週六） 下午 7:13]   click [Sleep] Sleep until 7:00 AM
3120.7s [9月28日（週日） 上午 7:14]   use "Packing table"
3121.4s [9月28日（週日） 上午 7:15]   click [Pack] 打包 28 筆訂單（3 小時 44 分）
3122.3s [9月28日（週日） 上午 11:00]   click [CourierEconomy] 快遞 · 經濟 3 天（$236.40）
3123.5s [9月28日（週日） 上午 11:02]   shot 188_decision_supplier_price_increase.png
3123.6s [9月28日（週日） 上午 11:02]   decision supplier_price_increase → accept
3123.6s [9月28日（週日） 上午 11:02]   click [Choice_accept] 好。繼續跟你進貨。
3124.9s [9月28日（週日） 上午 11:02]   shot 189_decision_outcome_supplier_price_increase.png
3124.9s [9月28日（週日） 上午 11:02]   click "OK"
3134.5s [9月28日（週日） 下午 7:14]   use "Sleep"
3135.1s [9月28日（週日） 下午 7:14]   click [Sleep] Sleep until 7:00 AM
3146.2s [9月29日（週一） 上午 7:14]   use "Packing table"
3146.9s [9月29日（週一） 上午 7:15]   click [Pack] 打包 26 筆訂單（3 小時 28 分）
3147.9s [9月29日（週一） 上午 10:44]   click [CourierEconomy] 快遞 · 經濟 3 天（$221.28）
3150.6s [9月29日（週一） 上午 10:48]   use "Use laptop — Company OS"
3151.3s [9月29日（週一） 上午 10:49]   click [Tab_operations] Operations
3152.0s [9月29日（週一） 上午 10:50]   click [DeliverTo_riverside_studio] 河濱大樓 7C
3152.2s [9月29日（週一） 上午 10:51]   click [Buy_tradelink_wholesale_wireless_earbuds] 購買 $1,008.00
3152.5s [9月29日（週一） 上午 11:01]   click [Buy_tradelink_wholesale_wireless_earbuds] 購買 $1,008.00
3152.7s [9月29日（週一） 上午 11:11]   click [Buy_tradelink_wholesale_desk_lamp] 購買 $515.20
3152.9s [9月29日（週一） 上午 11:22]   click [Buy_tradelink_wholesale_desk_lamp] 購買 $515.20
3161.4s [9月29日（週一） 下午 7:11]   use "Sleep"
3162.0s [9月29日（週一） 下午 7:11]   click [Sleep] Sleep until 7:00 AM
3162.6s [9月29日（週一） 下午 10:24]   toast: 新評價 #3429：★★「晚到還有刮痕。」
3162.7s [9月30日（週二） 上午 2:20]   toast: 新評價 #3444：★★「晚到還有刮痕。」
3173.0s [9月30日（週二） 上午 7:14]   use "Packing table"
3173.7s [9月30日（週二） 上午 7:15]   click [Pack] 打包 13 筆訂單（1 小時 44 分）
3174.7s [9月30日（週二） 上午 9:00]   click [CourierEconomy] 快遞 · 經濟 3 天（$118.32）
3184.8s [9月30日（週二） 下午 7:13]   use "Sleep"
3185.4s [9月30日（週二） 下午 7:13]   click [Sleep] Sleep until 7:00 AM
3189.7s [10月1日（週三） 上午 7:00]   shot 190_month_close_report.png
3189.7s [10月1日（週三） 上午 7:00]   click [month close] Continue
3199.0s [10月1日（週三） 上午 7:13]   use "Packing table"
3199.7s [10月1日（週三） 上午 7:15]   click [Pack] 打包 26 筆訂單（3 小時 28 分）
3200.7s [10月1日（週三） 上午 10:44]   click [CourierEconomy] 快遞 · 經濟 3 天（$151.34）
3202.1s [10月1日（週三） 上午 10:46]   ok  Chapter 7 complete
3202.1s [10月1日（週三） 上午 10:46]   ok  Chapter 7 passed with real profit, not two losses
3202.1s [10月1日（週三） 上午 10:46]   ch7_month_profit set from actual ledger profit $264; survived_losses=false
3202.1s [10月1日（週三） 上午 10:46]   ok  positive chapter seven monthly profit
3202.1s [10月1日（週三） 上午 10:46] STEP Chapter 8 — the Green Shift
3202.1s [10月1日（週三） 上午 10:46]   ok  Year 4: the Green Shift
3204.6s [10月1日（週三） 上午 10:50]   ok  walked back outside
3207.8s [10月1日（週三） 上午 10:55]   ok  entered Bloom Coffee
3209.6s [10月1日（週三） 上午 10:58]   use "Read the news board"
3210.3s [10月1日（週三） 上午 11:03]   shot 191_news_green_shift.png
3210.7s [10月1日（週三） 上午 11:03]   ok  read the news (green_shift)
3213.7s [10月1日（週三） 上午 11:08]   ok  walked back outside
3216.8s [10月1日（週三） 上午 11:13]   ok  entered Riverside Tower
3218.2s [10月1日（週三） 上午 11:15]   use "Use laptop — Company OS"
3218.9s [10月1日（週三） 上午 11:16]   click [Tab_operations] Operations
3219.6s [10月1日（週三） 上午 11:17]   click [Packaging_recycled] Recycled paper
3220.2s [10月1日（週三） 上午 11:18]   click [Buy_verdant_supply_solar_lamp] 購買 $504.00
3220.8s [10月1日（週三） 上午 11:29]   shot 192_operations_green.png
3221.2s [10月1日（週三） 上午 11:29]   ok  recycled packaging
3228.8s [10月1日（週三） 下午 7:12]   use "Sleep"
3229.4s [10月1日（週三） 下午 7:12]   click [Sleep] Sleep until 7:00 AM
3240.5s [10月2日（週四） 上午 7:14]   use "Packing table"
3241.1s [10月2日（週四） 上午 7:15]   click [Pack] 打包 30 筆訂單（4 h）
3241.3s [10月2日（週四） 上午 9:48]   toast: 新評價 #3509：★「浪費錢。」
3242.2s [10月2日（週四） 上午 11:16]   click [CourierEconomy] 快遞 · 經濟 3 天（$183.32）
3252.3s [10月2日（週四） 下午 7:13]   use "Sleep"
3252.9s [10月2日（週四） 下午 7:13]   click [Sleep] Sleep until 7:00 AM
3264.0s [10月3日（週五） 上午 7:14]   use "Packing table"
3264.7s [10月3日（週五） 上午 7:15]   click [Pack] 打包 24 筆訂單（3 小時 12 分）
3265.7s [10月3日（週五） 上午 10:28]   click [CourierEconomy] 快遞 · 經濟 3 天（$147.18）
3275.9s [10月3日（週五） 下午 7:13]   use "Sleep"
3276.5s [10月3日（週五） 下午 7:13]   click [Sleep] Sleep until 7:00 AM
3287.6s [10月4日（週六） 上午 7:14]   use "Packing table"
3288.2s [10月4日（週六） 上午 7:15]   click [Pack] 打包 24 筆訂單（3 小時 12 分）
3289.2s [10月4日（週六） 上午 10:28]   click [CourierEconomy] 快遞 · 經濟 3 天（$150.56）
3299.5s [10月4日（週六） 下午 7:13]   use "Sleep"
3300.1s [10月4日（週六） 下午 7:13]   click [Sleep] Sleep until 7:00 AM
3311.2s [10月5日（週日） 上午 7:14]   use "Packing table"
3311.9s [10月5日（週日） 上午 7:15]   click [Pack] 打包 32 筆訂單（4 小時 16 分）
3312.9s [10月5日（週日） 上午 11:32]   click [CourierEconomy] 快遞 · 經濟 3 天（$211.14）
3314.0s [10月5日（週日） 上午 11:34]   ok  solar desk lamps arrived before listing
3315.6s [10月5日（週日） 上午 11:36]   use "Use laptop — Company OS"
3316.4s [10月5日（週日） 上午 11:37]   click [Tab_sales] Ecommerce
3317.1s [10月5日（週日） 上午 11:38]   click [ListSelf_solar_lamp] Shoot photos myself & list (1 h 20 min)
3318.4s [10月5日（週日） 下午 1:00]   ok  solar desk lamps listed
3318.4s [10月5日（週日） 下午 1:00] STEP Chapter 8 — the Green Business Grant at City Hall
3318.4s [10月5日（週日） 下午 1:00]   (harness) wait 2 h
3326.8s [10月5日（週日） 下午 3:13]   use "Packing table"
3327.5s [10月5日（週日） 下午 3:14]   click [Pack] 打包 13 筆訂單（1 小時 44 分）
3328.4s [10月5日（週日） 下午 4:59]   click [CourierEconomy] 快遞 · 經濟 3 天（$90.50）
3329.6s [10月5日（週日） 下午 5:01]   (harness) wait 2 h
3330.5s [10月5日（週日） 下午 7:02]   use "Packing table"
3331.2s [10月5日（週日） 下午 7:03]   click [Pack] 打包 13 筆訂單（1 小時 44 分）
3332.1s [10月5日（週日） 下午 8:49]   click [CourierEconomy] 快遞 · 經濟 3 天（$90.50）
3342.1s [10月5日（週日） 下午 9:04]   use "Sleep"
3342.7s [10月5日（週日） 下午 9:04]   click [Sleep] Sleep until 7:00 AM
3353.8s [10月6日（週一） 上午 7:14]   use "Packing table"
3354.5s [10月6日（週一） 上午 7:15]   click [Pack] 打包 5 筆訂單（40 分鐘）
3355.4s [10月6日（週一） 上午 7:56]   click [CourierEconomy] 快遞 · 經濟 3 天（$40.06）
3356.5s [10月6日（週一） 上午 7:58]   (harness) wait 2 h
3363.8s [10月6日（週一） 上午 10:08]   use "Packing table"
3364.5s [10月6日（週一） 上午 10:09]   click [Pack] 打包 3 筆訂單（24 分鐘）
3365.4s [10月6日（週一） 上午 10:35]   click [CourierEconomy] 快遞 · 經濟 3 天（$29.14）
3368.9s [10月6日（週一） 上午 10:41]   ok  walked back outside
3383.0s [10月6日（週一） 上午 11:02]   use "捷運——河濱區站"
3384.0s [10月6日（週一） 上午 11:03]   shot 193_metro_civic_center.png
3384.0s [10月6日（週一） 上午 11:03]   click [Go_civic_center] 市政中心  ·  12 分鐘
3385.0s [10月6日（週一） 上午 11:17]   ok  took the Metro to Civic Center
3392.0s [10月6日（週一） 上午 11:27]   ok  entered Aurelia City Hall
3393.8s [10月6日（週一） 上午 11:30]   use "Permits & regulations"
3394.6s [10月6日（週一） 上午 11:31]   shot 194_green_grant.png
3394.6s [10月6日（週一） 上午 11:31]   click [ApplyGreenGrant] Apply
3395.6s [10月6日（週一） 下午 12:02]   ok  green grant approved
3396.6s [10月6日（週一） 下午 12:04]   ok  Chapter 8 complete
3396.6s [10月6日（週一） 下午 12:04] STEP Chapter 9 — the Clearing Crisis: an import stuck on the wire
3396.6s [10月6日（週一） 下午 12:04]   ok  Year 5: the Clearing Crisis
3399.6s [10月6日（週一） 下午 12:09]   ok  walked back outside
3405.2s [10月6日（週一） 下午 12:18]   use "捷運——市政中心站"
3406.2s [10月6日（週一） 下午 12:19]   shot 195_metro_riverside.png
3406.2s [10月6日（週一） 下午 12:19]   click [Go_riverside] 河濱區  ·  12 分鐘
3407.1s [10月6日（週一） 下午 12:32]   ok  took the Metro to Riverside
3414.6s [10月6日（週一） 下午 12:43]   ok  entered Bloom Coffee
3416.4s [10月6日（週一） 下午 12:46]   use "Read the news board"
3417.1s [10月6日（週一） 下午 12:51]   shot 196_news_clearing_crisis.png
3417.5s [10月6日（週一） 下午 12:51]   ok  read the news (clearing_crisis)
3420.4s [10月6日（週一） 下午 12:56]   ok  walked back outside
3423.6s [10月6日（週一） 下午 1:00]   ok  entered Riverside Tower
3425.0s [10月6日（週一） 下午 1:03]   use "Use laptop — Company OS"
3425.7s [10月6日（週一） 下午 1:04]   click [Tab_operations] Operations
3426.4s [10月6日（週一） 下午 1:05]   click [Buy_lumina_direct_phone_stand] 購買 $884.00
3427.3s [10月6日（週一） 下午 1:06]   shot 197_settlement_choice.png
3427.3s [10月6日（週一） 下午 1:06]   click [Settle_international_wire] Pay this way
3428.3s [10月6日（週一） 下午 1:07]   ok  import ordered, paid by wire
3428.3s [10月6日（週一） 下午 1:07] STEP Chapter 9 — Lina Zhao at Nexus Bank
3430.8s [10月6日（週一） 下午 1:12]   ok  walked back outside
3444.8s [10月6日（週一） 下午 1:33]   use "捷運——河濱區站"
3446.0s [10月6日（週一） 下午 1:34]   shot 198_metro_financial.png
3446.0s [10月6日（週一） 下午 1:34]   click [Go_financial] 金融區  ·  10 分鐘
3447.0s [10月6日（週一） 下午 1:46]   ok  took the Metro to Financial District
3454.6s [10月6日（週一） 下午 1:57]   ok  entered Nexus Bank
3461.9s [10月6日（週一） 下午 2:08]   use "和 Lina Zhao 說話"
3462.7s [10月6日（週一） 下午 2:08]   shot 199_lina_intro.png
3468.5s [10月6日（週一） 下午 2:08]   choose "› 幫我開一個數位美元帳戶。"
3470.8s [10月6日（週一） 下午 2:08]   ok  met Lina Zhao
3473.0s [10月6日（週一） 下午 2:12]   ok  walked back outside
3479.2s [10月6日（週一） 下午 2:21]   use "捷運——金融區站"
3480.2s [10月6日（週一） 下午 2:22]   shot 200_metro_riverside.png
3480.2s [10月6日（週一） 下午 2:22]   click [Go_riverside] 河濱區  ·  10 分鐘
3481.2s [10月6日（週一） 下午 2:34]   ok  took the Metro to Riverside
3490.3s [10月6日（週一） 下午 2:47]   ok  entered Riverside Tower
3491.7s [10月6日（週一） 下午 2:49]   use "Use laptop — Company OS"
3492.4s [10月6日（週一） 下午 2:50]   click [Tab_operations] Operations
3493.1s [10月6日（週一） 下午 2:51]   click [SpeedUp_PO-165] Speed up
3493.8s [10月6日（週一） 下午 2:52]   shot 201_settlement_speed_up.png
3493.8s [10月6日（週一） 下午 2:52]   click [Settle_letter_of_credit] Switch
3502.6s [10月6日（週一） 下午 7:12]   use "Sleep"
3503.2s [10月6日（週一） 下午 7:12]   click [Sleep] Sleep until 7:00 AM
3514.3s [10月7日（週二） 上午 7:14]   use "Packing table"
3515.0s [10月7日（週二） 上午 7:15]   click [Pack] 打包 26 筆訂單（3 小時 28 分）
3516.0s [10月7日（週二） 上午 10:44]   click [CourierEconomy] 快遞 · 經濟 3 天（$146.40）
3526.2s [10月7日（週二） 下午 7:13]   use "Sleep"
3526.8s [10月7日（週二） 下午 7:13]   click [Sleep] Sleep until 7:00 AM
3537.9s [10月8日（週三） 上午 7:14]   use "Packing table"
3538.6s [10月8日（週三） 上午 7:15]   click [Pack] 打包 31 筆訂單（4 小時 8 分）
3539.6s [10月8日（週三） 上午 11:32]   click [CourierEconomy] 快遞 · 經濟 3 天（$198.48）
3549.8s [10月8日（週三） 下午 7:13]   use "Sleep"
3550.4s [10月8日（週三） 下午 7:13]   click [Sleep] Sleep until 7:00 AM
3561.6s [10月9日（週四） 上午 7:14]   use "Packing table"
3562.3s [10月9日（週四） 上午 7:15]   click [Pack] 打包 43 筆訂單（5 小時 44 分）
3563.3s [10月9日（週四） 下午 1:00]   click [CourierEconomy] 快遞 · 經濟 3 天（$260.16）
3573.4s [10月9日（週四） 下午 7:13]   use "Sleep"
3574.0s [10月9日（週四） 下午 7:13]   click [Sleep] Sleep until 7:00 AM
3585.4s [10月10日（週五） 上午 7:14]   use "Packing table"
3586.1s [10月10日（週五） 上午 7:15]   click [Pack] 打包 33 筆訂單（4 小時 24 分）
3587.1s [10月10日（週五） 上午 11:40]   click [CourierEconomy] 快遞 · 經濟 3 天（$184.80）
3597.3s [10月10日（週五） 下午 7:13]   use "Sleep"
3597.9s [10月10日（週五） 下午 7:13]   click [Sleep] Sleep until 7:00 AM
3609.1s [10月11日（週六） 上午 7:14]   use "Packing table"
3609.8s [10月11日（週六） 上午 7:15]   click [Pack] 打包 34 筆訂單（4 小時 32 分）
3610.8s [10月11日（週六） 上午 11:48]   click [CourierEconomy] 快遞 · 經濟 3 天（$192.96）
3621.0s [10月11日（週六） 下午 7:13]   use "Sleep"
3621.6s [10月11日（週六） 下午 7:13]   click [Sleep] Sleep until 7:00 AM
3632.7s [10月12日（週日） 上午 7:14]   use "Packing table"
3633.4s [10月12日（週日） 上午 7:15]   click [Pack] 打包 28 筆訂單（3 小時 44 分）
3634.4s [10月12日（週日） 上午 11:00]   click [CourierEconomy] 快遞 · 經濟 3 天（$159.60）
3644.6s [10月12日（週日） 下午 7:13]   use "Sleep"
3645.2s [10月12日（週日） 下午 7:13]   click [Sleep] Sleep until 7:00 AM
3656.4s [10月13日（週一） 上午 7:14]   use "Packing table"
3657.1s [10月13日（週一） 上午 7:15]   click [Pack] 打包 33 筆訂單（4 小時 24 分）
3658.1s [10月13日（週一） 上午 11:40]   click [CourierEconomy] 快遞 · 經濟 3 天（$175.44）
3668.4s [10月13日（週一） 下午 7:13]   use "Sleep"
3669.0s [10月13日（週一） 下午 7:13]   click [Sleep] Sleep until 7:00 AM
3680.4s [10月14日（週二） 上午 7:14]   use "Packing table"
3681.1s [10月14日（週二） 上午 7:15]   click [Pack] 打包 35 筆訂單（4 小時 40 分）
3682.1s [10月14日（週二） 上午 11:56]   click [CourierEconomy] 快遞 · 經濟 3 天（$210.48）
3692.2s [10月14日（週二） 下午 7:13]   use "Sleep"
3692.8s [10月14日（週二） 下午 7:13]   click [Sleep] Sleep until 7:00 AM
3704.0s [10月15日（週三） 上午 7:14]   use "Packing table"
3704.7s [10月15日（週三） 上午 7:15]   click [Pack] 打包 36 筆訂單（4 小時 48 分）
3705.7s [10月15日（週三） 下午 12:04]   click [CourierEconomy] 快遞 · 經濟 3 天（$209.28）
3716.1s [10月15日（週三） 下午 7:13]   use "Sleep"
3716.7s [10月15日（週三） 下午 7:13]   click [Sleep] Sleep until 7:00 AM
3727.9s [10月16日（週四） 上午 7:14]   use "Packing table"
3728.6s [10月16日（週四） 上午 7:15]   click [Pack] 打包 17 筆訂單（2 小時 16 分）
3729.6s [10月16日（週四） 上午 9:32]   click [CourierEconomy] 快遞 · 經濟 3 天（$101.04）
3739.8s [10月16日（週四） 下午 7:13]   use "Sleep"
3740.4s [10月16日（週四） 下午 7:13]   click [Sleep] Sleep until 7:00 AM
3751.6s [10月17日（週五） 上午 7:14]   use "Packing table"
3752.3s [10月17日（週五） 上午 7:15]   click [Pack] 打包 19 筆訂單（2 小時 32 分）
3753.3s [10月17日（週五） 上午 9:48]   click [CourierEconomy] 快遞 · 經濟 3 天（$117.36）
3763.6s [10月17日（週五） 下午 7:13]   use "Sleep"
3764.2s [10月17日（週五） 下午 7:13]   click [Sleep] Sleep until 7:00 AM
3775.4s [10月18日（週六） 上午 7:14]   use "Packing table"
3776.1s [10月18日（週六） 上午 7:15]   click [Pack] 打包 14 筆訂單（1 小時 52 分）
3777.0s [10月18日（週六） 上午 9:08]   click [CourierEconomy] 快遞 · 經濟 3 天（$85.92）
3787.3s [10月18日（週六） 下午 7:13]   use "Sleep"
3787.9s [10月18日（週六） 下午 7:13]   click [Sleep] Sleep until 7:00 AM
3799.1s [10月19日（週日） 上午 7:14]   use "Packing table"
3799.8s [10月19日（週日） 上午 7:15]   click [Pack] 打包 16 筆訂單（2 小時 8 分）
3800.8s [10月19日（週日） 上午 9:24]   click [CourierEconomy] 快遞 · 經濟 3 天（$96.00）
3811.1s [10月19日（週日） 下午 7:13]   use "Sleep"
3811.7s [10月19日（週日） 下午 7:13]   click [Sleep] Sleep until 7:00 AM
3822.9s [10月20日（週一） 上午 7:14]   use "Packing table"
3823.6s [10月20日（週一） 上午 7:15]   click [Pack] 打包 7 筆訂單（56 分鐘）
3824.5s [10月20日（週一） 上午 8:12]   click [CourierEconomy] 快遞 · 經濟 3 天（$47.52）
3834.9s [10月20日（週一） 下午 7:13]   use "Sleep"
3835.5s [10月20日（週一） 下午 7:13]   click [Sleep] Sleep until 7:00 AM
3846.7s [10月21日（週二） 上午 7:14]   use "Packing table"
3847.4s [10月21日（週二） 上午 7:15]   click [Pack] 打包 8 筆訂單（1 小時 4 分）
3848.4s [10月21日（週二） 上午 8:20]   click [CourierEconomy] 快遞 · 經濟 3 天（$49.44）
3858.7s [10月21日（週二） 下午 7:13]   use "Sleep"
3859.3s [10月21日（週二） 下午 7:13]   click [Sleep] Sleep until 7:00 AM
3870.5s [10月22日（週三） 上午 7:14]   use "Packing table"
3871.2s [10月22日（週三） 上午 7:15]   click [Pack] 打包 8 筆訂單（1 小時 4 分）
3872.1s [10月22日（週三） 上午 8:20]   click [CourierEconomy] 快遞 · 經濟 3 天（$46.32）
3882.4s [10月22日（週三） 下午 7:13]   use "Sleep"
3883.1s [10月22日（週三） 下午 7:13]   click [Sleep] Sleep until 7:00 AM
3894.3s [10月23日（週四） 上午 7:14]   use "Packing table"
3894.9s [10月23日（週四） 上午 7:15]   click [Pack] 打包 5 筆訂單（40 分鐘）
3895.8s [10月23日（週四） 上午 7:56]   click [CourierEconomy] 快遞 · 經濟 3 天（$31.20）
3906.3s [10月23日（週四） 下午 7:13]   use "Sleep"
3906.9s [10月23日（週四） 下午 7:13]   click [Sleep] Sleep until 7:00 AM
3918.1s [10月24日（週五） 上午 7:14]   use "Packing table"
3918.8s [10月24日（週五） 上午 7:15]   click [Pack] 打包 1 筆訂單（8 分鐘）
3919.7s [10月24日（週五） 上午 7:24]   click [CourierEconomy] 快遞 · 經濟 3 天（$10.62）
3920.8s [10月24日（週五） 上午 7:26]   ok  Chapter 9 complete: the import got through
3920.8s [10月24日（週五） 上午 7:26]   ok  ledger balanced after chapters 7–9
3920.8s [10月24日（週五） 上午 7:26] STEP Weekend pop-up: real stock, checkout, automatic return and report
3922.2s [10月24日（週五） 上午 7:28]   use "Reserve a weekend pop-up"
3922.6s [10月24日（週五） 上午 7:28]   shot 202_popup_weekend_reservation.png
3923.9s [10月24日（週五） 上午 7:28]   click [SignPopup] Reserve this weekend
3924.5s [10月24日（週五） 上午 7:28]   ok  real notice reserved weekend
3924.6s [10月24日（週五） 上午 7:28]   ok  fifty available units for pop-up
3925.6s [10月24日（週五） 上午 7:28]   click [PopupStock_phone_stand] Move selected stock
3926.2s [10月24日（週五） 上午 8:28]   ok  fifty units physically transferred
3926.3s [10月24日（週五） 上午 8:28]   shot 203_popup_stock_and_unit_price.png
3927.8s [10月25日（週六） 上午 10:00]   shot 204_popup_open_shop_and_customer.png
3928.3s [10月25日（週六） 上午 10:01]   use "Reserve a weekend pop-up"
3929.8s [10月25日（週六） 上午 10:01]   click [PopupTill] Work checkout for one hour
3930.4s [10月25日（週六） 上午 11:01]   ok  one-hour checkout actual sales
3932.0s [10月26日（週日） 下午 6:00]   shot 205_popup_weekend_report.png
3932.0s [10月26日（週日） 下午 6:00]   ok  weekend settles automatically
3932.0s [10月26日（週日） 下午 6:00]   ok  pop-up all journals balanced
3932.3s [10月26日（週日） 下午 6:00]   ok  played pop-up save
3935.2s [10月26日（週日） 下午 6:03]   ok  walked back outside
3945.8s [10月26日（週日） 下午 6:19]   use "捷運——購物街站"
3946.8s [10月26日（週日） 下午 6:21]   shot 206_metro_riverside.png
3946.8s [10月26日（週日） 下午 6:21]   click [Go_riverside] 河濱區  ·  15 分鐘
3947.8s [10月26日（週日） 下午 6:37]   ok  took the Metro to Riverside
3956.9s [10月26日（週日） 下午 6:50]   ok  entered Riverside Tower
3956.9s [10月26日（週日） 下午 6:50]   ok  pop-up handoff returns to the home bed
3956.9s [10月26日（週日） 下午 6:50] STEP Old Town — lease the corner café from Mr. Okafor
3957.0s [10月26日（週日） 下午 6:50]   (harness) wait 2 h
3959.6s [10月26日（週日） 下午 8:54]   use "Sleep"
3960.2s [10月26日（週日） 下午 8:54]   click [Sleep] Sleep until 7:00 AM
3962.6s [10月27日（週一） 上午 7:01]   (harness) wait 2 h
3966.4s [10月27日（週一） 上午 9:07]   ok  walked back outside
3980.4s [10月27日（週一） 上午 9:28]   use "捷運——河濱區站"
3981.6s [10月27日（週一） 上午 9:29]   shot 207_metro_old_town.png
3981.6s [10月27日（週一） 上午 9:29]   click [Go_old_town] 舊城區  ·  16 分鐘
3983.0s [10月27日（週一） 上午 9:47]   ok  took the Metro to Old Town
3983.1s [10月27日（週一） 上午 9:47]   shot 208_old_town.png
3994.0s [10月27日（週一） 上午 10:03]   ok  entered Okafor Lettings
3994.5s [10月27日（週一） 上午 10:04]   use "和 Okafor 先生 說話"
3997.6s [10月27日（週一） 上午 10:04]   choose "› 這裡以前是什麼店？"
4002.6s [10月27日（週一） 上午 10:05]   shot 209_cafe_lease.png
4002.6s [10月27日（週一） 上午 10:05]   click [SignLease_corner_cafe] Sign the lease
4003.4s [10月27日（週一） 上午 10:06]   ok  leased the corner café unit
4005.2s [10月27日（週一） 上午 10:10]   ok  walked back outside
4005.4s [10月27日（週一） 上午 10:10]   shot 210_old_town_storefronts.png
4010.4s [10月27日（週一） 上午 10:17]   ok  entered Corner Café Unit
4011.1s [10月27日（週一） 上午 10:18]   use "Check the till — Company OS"
4011.7s [10月27日（週一） 上午 10:19]   click [CafeFitOut] 裝修（$5,800）
4012.2s [10月27日（週一） 上午 10:20]   click [CafeSupplies_large] 400 杯份 · $329.60
4012.7s [10月27日（週一） 上午 10:20]   shot 211_cafe_setup.png
4013.1s [10月27日（週一） 上午 10:21]   ok  fit-out under way
4013.1s [10月27日（週一） 上午 10:21]   ok  coffee supplies ordered
4013.1s [10月27日（週一） 上午 10:21] STEP Old Town — the food licence at City Hall (walking via Shopping Street)
4015.1s [10月27日（週一） 上午 10:25]   ok  walked back outside
4022.8s [10月27日（週一） 上午 10:42]   ok  walked to Shopping Street
4036.2s [10月27日（週一） 上午 11:10]   ok  walked to Civic Center
4040.4s [10月27日（週一） 上午 11:16]   ok  entered Aurelia City Hall
4042.2s [10月27日（週一） 上午 11:19]   use "Permits & regulations"
4042.8s [10月27日（週一） 上午 11:20]   click [ApplyFoodLicence] Apply
4043.4s [10月27日（週一） 上午 11:40]   shot 212_food_licence.png
4043.8s [10月27日（週一） 上午 11:41]   ok  food licence applied for
4046.8s [10月27日（週一） 上午 11:46]   ok  walked back outside
4052.4s [10月27日（週一） 上午 11:55]   use "捷運——市政中心站"
4053.4s [10月27日（週一） 上午 11:56]   shot 213_metro_riverside.png
4053.4s [10月27日（週一） 上午 11:56]   click [Go_riverside] 河濱區  ·  12 分鐘
4054.4s [10月27日（週一） 下午 12:09]   ok  took the Metro to Riverside
4063.5s [10月27日（週一） 下午 12:23]   ok  entered Riverside Tower
4063.6s [10月27日（週一） 下午 12:23]   (harness) wait 2 h
4064.2s [10月27日（週一） 下午 2:24]   (harness) wait 2 h
4064.9s [10月27日（週一） 下午 4:25]   (harness) wait 2 h
4065.6s [10月27日（週一） 下午 6:26]   (harness) wait 2 h
4068.2s [10月27日（週一） 下午 8:30]   use "Sleep"
4068.8s [10月27日（週一） 下午 8:30]   click [Sleep] Sleep until 7:00 AM
4071.2s [10月28日（週二） 上午 7:01]   (harness) wait 2 h
4071.9s [10月28日（週二） 上午 9:02]   (harness) wait 2 h
4072.6s [10月28日（週二） 上午 11:03]   (harness) wait 2 h
4073.3s [10月28日（週二） 下午 1:04]   (harness) wait 2 h
4073.9s [10月28日（週二） 下午 3:05]   (harness) wait 2 h
4074.6s [10月28日（週二） 下午 5:06]   (harness) wait 2 h
4075.5s [10月28日（週二） 下午 7:07]   use "Sleep"
4076.1s [10月28日（週二） 下午 7:07]   click [Sleep] Sleep until 7:00 AM
4078.6s [10月29日（週三） 上午 7:01]   (harness) wait 2 h
4079.3s [10月29日（週三） 上午 9:02]   (harness) wait 2 h
4079.9s [10月29日（週三） 上午 11:03]   (harness) wait 2 h
4080.6s [10月29日（週三） 下午 1:04]   ok  fitted out and licensed
4080.6s [10月29日（週三） 下午 1:04] STEP Old Town — opening day behind your own counter
4083.8s [10月29日（週三） 下午 1:09]   ok  walked back outside
4097.7s [10月29日（週三） 下午 1:30]   use "捷運——河濱區站"
4099.0s [10月29日（週三） 下午 1:31]   shot 214_metro_old_town.png
4099.0s [10月29日（週三） 下午 1:31]   click [Go_old_town] 舊城區  ·  16 分鐘
4100.0s [10月29日（週三） 下午 1:49]   ok  took the Metro to Old Town
4107.4s [10月29日（週三） 下午 2:00]   ok  entered Corner Café Unit
4107.6s [10月29日（週三） 下午 2:00]   shot 215_cafe_open.png
4108.5s [10月29日（週三） 下午 2:01]   use "Work the counter (2 h)"
4109.5s [10月29日（週三） 下午 4:03]   ok  served customers at your own café
4110.0s [10月29日（週三） 下午 4:04]   use "Check the till — Company OS"
4110.6s [10月29日（週三） 下午 4:04]   shot 216_cafe_tab.png
4111.0s [10月29日（週三） 下午 4:05]   ok  ledger balanced after opening the café
4113.2s [10月29日（週三） 下午 4:09]   ok  walked back outside
4125.4s [10月29日（週三） 下午 4:27]   use "捷運——舊城區站"
4126.4s [10月29日（週三） 下午 4:29]   shot 217_metro_riverside.png
4126.4s [10月29日（週三） 下午 4:29]   click [Go_riverside] 河濱區  ·  16 分鐘
4127.4s [10月29日（週三） 下午 4:46]   ok  took the Metro to Riverside
4136.5s [10月29日（週三） 下午 4:59]   ok  entered Riverside Tower
4136.5s [10月29日（週三） 下午 4:59] STEP Harbor — metro to the docks, a used van from Sam, and Pier 7
4136.5s [10月29日（週三） 下午 4:59]   ok  actual financing covers the van, bay and working capital
4136.7s [10月29日（週三） 下午 5:00]   (harness) wait 2 h
4139.3s [10月29日（週三） 下午 7:04]   use "Sleep"
4139.9s [10月29日（週三） 下午 7:04]   click [Sleep] Sleep until 7:00 AM
4142.2s [10月30日（週四） 上午 7:01]   (harness) wait 2 h
4146.0s [10月30日（週四） 上午 9:07]   ok  walked back outside
4159.9s [10月30日（週四） 上午 9:28]   use "捷運——河濱區站"
4161.2s [10月30日（週四） 上午 9:29]   shot 218_metro_harbor.png
4161.2s [10月30日（週四） 上午 9:29]   click [Go_harbor] 港區  ·  8 分鐘
4163.4s [10月30日（週四） 上午 9:39]   ok  took the Metro to Harbor
4163.5s [10月30日（週四） 上午 9:39]   shot 219_harbor.png
4170.5s [10月30日（週四） 上午 9:49]   shot 220_harbor_street.png
4173.1s [10月30日（週四） 上午 9:53]   ok  entered Dockside Motors
4181.2s [10月30日（週四） 上午 10:05]   use "和 Sam Okoro 說話"
4184.3s [10月30日（週四） 上午 10:05]   choose "› 你這裡有什麼？"
4189.3s [10月30日（週四） 上午 10:06]   shot 221_van_dealer.png
4189.3s [10月30日（週四） 上午 10:06]   click [BuyVan] 買下這台貨車（$9,800）
4189.9s [10月30日（週四） 上午 10:07]   shot 222_van_bought.png
4190.3s [10月30日（週四） 上午 10:07]   ok  bought the van from Sam
4190.4s [10月30日（週四） 上午 10:07]   ok  the van is a vehicle expense
4192.7s [10月30日（週四） 上午 10:12]   ok  walked back outside
4198.4s [10月30日（週四） 上午 10:20]   ok  entered Pier 7 Warehouse
4202.0s [10月30日（週四） 上午 10:25]   use "Lettings desk: lease Bay 3"
4202.7s [10月30日（週四） 上午 10:26]   shot 223_pier7_lease.png
4202.7s [10月30日（週四） 上午 10:26]   click [SignLease_pier7_warehouse] Sign the lease
4203.5s [10月30日（週四） 上午 10:28]   ok  leased the Pier 7 bay
4203.5s [10月30日（週四） 上午 10:28]   ok  Pier 7 is a stock location
4204.1s [10月30日（週四） 上午 10:28]   shot 224_pier7_warehouse.png
4208.3s [10月30日（週四） 上午 10:36]   ok  walked back outside
4216.9s [10月30日（週四） 上午 10:48]   use "捷運——港區站"
4217.9s [10月30日（週四） 上午 10:50]   shot 225_metro_riverside.png
4217.9s [10月30日（週四） 上午 10:50]   click [Go_riverside] 河濱區  ·  8 分鐘
4218.9s [10月30日（週四） 上午 10:59]   ok  took the Metro to Riverside
4228.0s [10月30日（週四） 上午 11:13]   ok  entered Riverside Tower
4228.0s [10月30日（週四） 上午 11:13] STEP Harbor — the morning's delivery runs
4228.1s [10月30日（週四） 上午 11:13]   (harness) wait 2 h
4228.8s [10月30日（週四） 下午 1:14]   (harness) wait 2 h
4229.5s [10月30日（週四） 下午 3:15]   (harness) wait 2 h
4229.5s [10月30日（週四） 下午 5:00]   toast: Riverlight Goods 咖啡 今天沒開門：吧台沒人顧。去僱一位咖啡師（人員分頁），或自己站吧台。
4230.1s [10月30日（週四） 下午 5:16]   (harness) wait 2 h
4232.7s [10月30日（週四） 下午 7:20]   use "Sleep"
4233.3s [10月30日（週四） 下午 7:20]   click [Sleep] Sleep until 7:00 AM
4235.5s [10月31日（週五） 上午 7:01]   (harness) wait 2 h
4236.2s [10月31日（週五） 上午 9:02]   ok  runs were posted in the morning
4239.3s [10月31日（週五） 上午 9:07]   ok  walked back outside
4253.3s [10月31日（週五） 上午 9:28]   use "捷運——河濱區站"
4254.3s [10月31日（週五） 上午 9:29]   shot 226_metro_harbor.png
4254.3s [10月31日（週五） 上午 9:29]   click [Go_harbor] 港區  ·  8 分鐘
4255.6s [10月31日（週五） 上午 9:39]   ok  took the Metro to Harbor
4265.6s [10月31日（週五） 上午 9:53]   ok  entered Pier 7 Warehouse
4268.4s [10月31日（週五） 上午 9:58]   use "Sit at the yard office desk — Company OS"
4269.1s [10月31日（週五） 上午 9:59]   click [Tab_logistics] Logistics
4269.9s [10月31日（週五） 上午 10:00]   shot 227_logistics_tab.png
4270.5s [10月31日（週五） 上午 10:01]   shot 228_logistics_badge_pinned.png
4270.5s [10月31日（週五） 上午 10:01]   click [Tab_logistics] Logistics
4270.9s [10月31日（週五） 上午 10:01]   ok  delivery runs on the board
4270.9s [10月31日（週五） 上午 10:01]   click [Accept_R3] Accept
4271.5s [10月31日（週五） 上午 10:02]   ok  accepted run R3
4271.6s [10月31日（週五） 上午 10:02]   shot 229_logistics_accepted.png
4271.6s [10月31日（週五） 上午 10:02]   click [Drive_R3] Drive it
4272.2s [10月31日（週五） 上午 10:02]   shot 230_route_game_intro.png
4272.2s [10月31日（週五） 上午 10:02]   click [StartGame] Start
4272.8s [10月31日（週五） 上午 10:02]   click [Stop_2] 
4272.8s [10月31日（週五） 上午 10:02]   click [Stop_3] 
4273.2s [10月31日（週五） 上午 10:02]   shot 231_route_game_planning.png
4273.2s [10月31日（週五） 上午 10:02]   click [Stop_6] 
4273.2s [10月31日（週五） 上午 10:02]   click [Stop_4] 
4273.3s [10月31日（週五） 上午 10:02]   click [Stop_1] 
4273.4s [10月31日（週五） 上午 10:02]   click [Stop_5] 
4274.0s [10月31日（週五） 上午 10:02]   shot 232_route_game_planned.png
4274.0s [10月31日（週五） 上午 10:02]   click [DriveRoute] Drive the route
4274.6s [10月31日（週五） 上午 10:02]   shot 233_route_game_results.png
4274.6s [10月31日（週五） 上午 10:02]   click [FinishGame] Continue
4275.5s [10月31日（週五） 下午 1:43]   ok  the run is done and in the history
4275.5s [10月31日（週五） 下午 1:43]   ok  the pay was banked as revenue ($169.40 for run R3)
4275.5s [10月31日（週五） 下午 1:43]   ok  fuel was charged
4275.6s [10月31日（週五） 下午 1:43]   ok  the best route scored 100%
4276.0s [10月31日（週五） 下午 1:43]   shot 234_logistics_tab_paid.png
4276.4s [10月31日（週五） 下午 1:44]   ok  ledger balanced after the first delivery run
4280.3s [10月31日（週五） 下午 1:51]   ok  walked back outside
4288.9s [10月31日（週五） 下午 2:04]   use "捷運——港區站"
4289.9s [10月31日（週五） 下午 2:05]   shot 235_metro_riverside.png
4289.9s [10月31日（週五） 下午 2:05]   click [Go_riverside] 河濱區  ·  8 分鐘
4290.9s [10月31日（週五） 下午 2:14]   ok  took the Metro to Riverside
4300.0s [10月31日（週五） 下午 2:28]   ok  entered Riverside Tower
4300.0s [10月31日（週五） 下午 2:28]   ok  Chapter 10 started after Chapter 9
4300.0s [10月31日（週五） 下午 2:28]   ok  Year 6: the Digital Finance Boom
4300.0s [10月31日（週五） 下午 2:28] STEP Chapter 10 — the news, and Lina's escrow offer
4301.4s [10月31日（週五） 下午 2:31]   ok  walked back outside
4304.7s [10月31日（週五） 下午 2:35]   ok  entered Bloom Coffee
4306.5s [10月31日（週五） 下午 2:38]   use "Read the news board"
4307.2s [10月31日（週五） 下午 2:43]   shot 236_news_digital_rails.png
4307.6s [10月31日（週五） 下午 2:43]   ok  read the news (digital_rails)
4310.5s [10月31日（週五） 下午 2:48]   ok  walked back outside
4313.7s [10月31日（週五） 下午 2:53]   ok  entered Riverside Tower
4315.1s [10月31日（週五） 下午 2:55]   ok  walked back outside
4329.0s [10月31日（週五） 下午 3:16]   use "捷運——河濱區站"
4330.3s [10月31日（週五） 下午 3:18]   shot 237_metro_financial.png
4330.3s [10月31日（週五） 下午 3:18]   click [Go_financial] 金融區  ·  10 分鐘
4331.3s [10月31日（週五） 下午 3:29]   ok  took the Metro to Financial District
4338.9s [10月31日（週五） 下午 3:40]   ok  entered Nexus Bank
4346.2s [10月31日（週五） 下午 3:51]   use "和 Lina Zhao 說話"
4347.0s [10月31日（週五） 下午 3:51]   shot 238_lina_rails.png
4352.8s [10月31日（週五） 下午 3:51]   choose "› 有什麼但書？"
4358.8s [10月31日（週五） 下午 3:53]   ok  the '!' badge for escrow pins its card
4358.9s [10月31日（週五） 下午 3:53]   shot 239_badge_escrow_pinned.png
4359.1s [10月31日（週五） 下午 3:53]   shot 240_decision_escrow_offer.png
4359.1s [10月31日（週五） 下午 3:53]   decision escrow_offer → try
4359.1s [10月31日（週五） 下午 3:53]   click [Choice_try] 開立託管帳戶
4360.4s [10月31日（週五） 下午 3:53]   shot 241_decision_outcome_escrow_offer.png
4360.5s [10月31日（週五） 下午 3:53]   click "OK"
4361.0s [10月31日（週五） 下午 3:53]   ok  opened an escrow account
4361.0s [10月31日（週五） 下午 3:53] STEP Chapter 10 — an import paid through escrow
4363.2s [10月31日（週五） 下午 3:57]   ok  walked back outside
4369.6s [10月31日（週五） 下午 4:07]   use "捷運——金融區站"
4370.6s [10月31日（週五） 下午 4:08]   shot 242_metro_riverside.png
4370.6s [10月31日（週五） 下午 4:08]   click [Go_riverside] 河濱區  ·  10 分鐘
4371.6s [10月31日（週五） 下午 4:19]   ok  took the Metro to Riverside
4380.7s [10月31日（週五） 下午 4:33]   ok  entered Riverside Tower
4382.1s [10月31日（週五） 下午 4:35]   use "Use laptop — Company OS"
4382.8s [10月31日（週五） 下午 4:36]   click [Tab_operations] Operations
4383.6s [10月31日（週五） 下午 4:37]   click [Buy_lumina_direct_phone_stand] 購買 $864.00
4384.4s [10月31日（週五） 下午 4:38]   shot 243_settlement_escrow.png
4384.4s [10月31日（週五） 下午 4:38]   click [Settle_escrow] Pay this way
4385.1s [10月31日（週五） 下午 5:00]   toast: Riverlight Goods 咖啡 今天沒開門：吧台沒人顧。去僱一位咖啡師（人員分頁），或自己站吧台。
4385.2s [10月31日（週五） 下午 6:49]   click [Tab_finance] Finance
4385.6s [10月31日（週五） 下午 6:50]   click [Tab_operations] Operations
4390.8s [10月31日（週五） 下午 6:57]   shot 244_operations_escrow_order.png
4391.1s [10月31日（週五） 下午 6:58]   ok  import ordered through escrow
4391.3s [10月31日（週五） 下午 6:58]   use "Use laptop — Company OS"
4392.0s [10月31日（週五） 下午 6:59]   click [Tab_finance] Finance
4392.9s [10月31日（週五） 下午 7:01]   shot 245_finance_held_in_escrow.png
4401.0s [10月31日（週五） 下午 7:13]   use "Sleep"
4401.6s [10月31日（週五） 下午 7:13]   click [Sleep] Sleep until 7:00 AM
4405.4s [11月1日（週六） 上午 7:00]   shot 246_month_close_report.png
4405.4s [11月1日（週六） 上午 7:00]   click [month close] Continue
4406.1s [11月1日（週六） 下午 5:00]   toast: Riverlight Goods 咖啡 今天沒開門：吧台沒人顧。去僱一位咖啡師（人員分頁），或自己站吧台。
4406.4s [11月1日（週六） 下午 7:01]   use "Sleep"
4407.0s [11月1日（週六） 下午 7:01]   click [Sleep] Sleep until 7:00 AM
4409.4s [11月2日（週日） 下午 7:00]   shot 247_decision_supplier_price_increase.png
4409.4s [11月2日（週日） 下午 7:00]   decision supplier_price_increase → accept
4409.4s [11月2日（週日） 下午 7:00]   click [Choice_accept] 好。繼續跟你進貨。
4410.8s [11月2日（週日） 下午 7:00]   shot 248_decision_outcome_supplier_price_increase.png
4410.8s [11月2日（週日） 下午 7:00]   click "OK"
4411.4s [11月2日（週日） 下午 7:00]   use "Sleep"
4412.0s [11月2日（週日） 下午 7:00]   click [Sleep] Sleep until 7:00 AM
4414.3s [11月3日（週一） 下午 5:00]   toast: Riverlight Goods 咖啡 今天沒開門：吧台沒人顧。去僱一位咖啡師（人員分頁），或自己站吧台。
4414.6s [11月3日（週一） 下午 7:00]   use "Sleep"
4415.2s [11月3日（週一） 下午 7:00]   click [Sleep] Sleep until 7:00 AM
4417.5s [11月4日（週二） 下午 5:00]   toast: Riverlight Goods 咖啡 今天沒開門：吧台沒人顧。去僱一位咖啡師（人員分頁），或自己站吧台。
4417.7s [11月4日（週二） 下午 7:00]   use "Sleep"
4418.4s [11月4日（週二） 下午 7:00]   click [Sleep] Sleep until 7:00 AM
4420.6s [11月5日（週三） 下午 5:00]   toast: Riverlight Goods 咖啡 今天沒開門：吧台沒人顧。去僱一位咖啡師（人員分頁），或自己站吧台。
4427.3s [11月5日（週三） 下午 7:10]   use "Sleep"
4427.9s [11月5日（週三） 下午 7:10]   click [Sleep] Sleep until 7:00 AM
4430.2s [11月6日（週四） 下午 5:00]   toast: Riverlight Goods 咖啡 今天沒開門：吧台沒人顧。去僱一位咖啡師（人員分頁），或自己站吧台。
4430.4s [11月6日（週四） 下午 7:00]   use "Sleep"
4431.0s [11月6日（週四） 下午 7:00]   click [Sleep] Sleep until 7:00 AM
4433.3s [11月7日（週五） 下午 5:00]   toast: Riverlight Goods 咖啡 今天沒開門：吧台沒人顧。去僱一位咖啡師（人員分頁），或自己站吧台。
4433.5s [11月7日（週五） 下午 7:00]   use "Sleep"
4434.1s [11月7日（週五） 下午 7:00]   click [Sleep] Sleep until 7:00 AM
4436.4s [11月8日（週六） 下午 5:00]   toast: Riverlight Goods 咖啡 今天沒開門：吧台沒人顧。去僱一位咖啡師（人員分頁），或自己站吧台。
4436.7s [11月8日（週六） 下午 7:00]   use "Sleep"
4437.3s [11月8日（週六） 下午 7:00]   click [Sleep] Sleep until 7:00 AM
4439.7s [11月9日（週日） 下午 7:00]   use "Sleep"
4440.4s [11月9日（週日） 下午 7:00]   click [Sleep] Sleep until 7:00 AM
4442.6s [11月10日（週一） 下午 5:00]   toast: Riverlight Goods 咖啡 今天沒開門：吧台沒人顧。去僱一位咖啡師（人員分頁），或自己站吧台。
4449.5s [11月10日（週一） 下午 7:10]   use "Sleep"
4450.1s [11月10日（週一） 下午 7:10]   click [Sleep] Sleep until 7:00 AM
4452.4s [11月11日（週二） 下午 5:00]   toast: Riverlight Goods 咖啡 今天沒開門：吧台沒人顧。去僱一位咖啡師（人員分頁），或自己站吧台。
4452.7s [11月11日（週二） 下午 7:00]   use "Sleep"
4453.3s [11月11日（週二） 下午 7:00]   click [Sleep] Sleep until 7:00 AM
4455.5s [11月12日（週三） 下午 5:00]   toast: Riverlight Goods 咖啡 今天沒開門：吧台沒人顧。去僱一位咖啡師（人員分頁），或自己站吧台。
4455.9s [11月12日（週三） 下午 7:00]   use "Sleep"
4456.5s [11月12日（週三） 下午 7:00]   click [Sleep] Sleep until 7:00 AM
4458.8s [11月13日（週四） 上午 7:01]   ok  escrow released to the supplier on arrival
4458.8s [11月13日（週四） 上午 7:01]   ok  Chapter 10 complete
4458.8s [11月13日（週四） 上午 7:01] STEP Chapter 11 — the bridge exploit
4458.8s [11月13日（週四） 上午 7:01]   ok  Year 7: the Bridge Exploit
4462.1s [11月13日（週四） 上午 7:06]   ok  walked back outside
4465.4s [11月13日（週四） 上午 7:11]   ok  entered Bloom Coffee
4467.1s [11月13日（週四） 上午 7:14]   use "Read the news board"
4467.8s [11月13日（週四） 上午 7:19]   shot 249_news_bridge_before.png
4468.2s [11月13日（週四） 上午 7:19]   ok  read the news (bridge_before)
4471.2s [11月13日（週四） 上午 7:24]   ok  walked back outside
4474.3s [11月13日（週四） 上午 7:29]   ok  entered Riverside Tower
4475.8s [11月13日（週四） 上午 7:31]   use "Use laptop — Company OS"
4476.4s [11月13日（週四） 上午 7:32]   click [Tab_operations] Operations
4477.1s [11月13日（週四） 上午 7:33]   click [Buy_lumina_direct_phone_stand] 購買 $856.00
4477.9s [11月13日（週四） 上午 7:34]   shot 250_settlement_before_exploit.png
4477.9s [11月13日（週四） 上午 7:34]   click [Settle_escrow] Pay this way
4479.4s [11月13日（週四） 上午 7:36]   ok  restock ordered through escrow (cash $51,836)
4491.2s [11月13日（週四） 上午 7:54]   toast: 快訊：數位美元跨鏈橋遭駭。轉帳凍結，預計 11月19日 上午 7:54 前後恢復。
4512.2s [11月13日（週四） 上午 8:24]   ok  the bridge is frozen with our payment crossing it
4513.0s [11月13日（週四） 上午 8:25]   ok  the '!' badge for moq pins its card
4513.0s [11月13日（週四） 上午 8:25]   shot 251_badge_frozen_pinned.png
4513.2s [11月13日（週四） 上午 8:26] FAIL paid again by wire
4553.9s [11月13日（週四） 上午 9:26] FAIL could not reach (172.0, 84.0) (at (178.3478, 99.86795))
4559.4s [11月13日（週四） 上午 9:34] FAIL could not reach (172.0, 84.0) (at (178.3478, 99.86795))
4564.4s [11月13日（週四） 上午 9:42] FAIL could not reach (172.0, 84.0) (at (178.3478, 99.86795))
4569.5s [11月13日（週四） 上午 9:49] FAIL could not reach (172.0, 84.0) (at (178.3478, 99.86795))
4574.6s [11月13日（週四） 上午 9:57] FAIL could not reach (172.0, 84.0) (at (178.3478, 99.86795))
4579.7s [11月13日（週四） 上午 10:04] FAIL could not reach (172.0, 78.0) (at (178.3478, 99.86795))
4579.8s [11月13日（週四） 上午 10:04] FAIL interaction focus did not match: laptop
4580.3s [11月13日（週四） 上午 10:05]   click [Tab_finance] Finance
4581.1s [11月13日（週四） 上午 10:06]   shot 252_finance_frozen_funds.png
4581.1s [11月13日（週四） 上午 10:06]   click [Tab_operations] Operations
4586.7s [11月13日（週四） 上午 10:15]   shot 253_operations_frozen_order.png
4587.3s [11月13日（週四） 上午 10:15]   shot 254_decision_rail_frozen.png
4587.3s [11月13日（週四） 上午 10:15]   decision rail_frozen → reroute
4587.3s [11月13日（週四） 上午 10:15]   click [Choice_reroute] 改用電匯重新付款（$890）
4588.7s [11月13日（週四） 上午 10:15]   shot 255_decision_outcome_rail_frozen.png
4588.7s [11月13日（週四） 上午 10:15]   click "OK"
4591.9s [11月13日（週四） 上午 10:20]   ok  walked back outside
4595.2s [11月13日（週四） 上午 10:24]   ok  entered Bloom Coffee
4596.9s [11月13日（週四） 上午 10:27]   use "Read the news board"
4597.7s [11月13日（週四） 上午 10:32]   shot 256_news_bridge_frozen.png
4598.0s [11月13日（週四） 上午 10:32]   ok  read the news (bridge_frozen)
4601.0s [11月13日（週四） 上午 10:37]   ok  walked back outside
4604.1s [11月13日（週四） 上午 10:42]   ok  entered Riverside Tower
4604.3s [11月13日（週四） 下午 5:00]   toast: Riverlight Goods 咖啡 今天沒開門：吧台沒人顧。去僱一位咖啡師（人員分頁），或自己站吧台。
4606.1s [11月13日（週四） 下午 7:02]   use "Sleep"
4606.7s [11月13日（週四） 下午 7:02]   click [Sleep] Sleep until 7:00 AM
4609.0s [11月14日（週五） 下午 5:00]   toast: Riverlight Goods 咖啡 今天沒開門：吧台沒人顧。去僱一位咖啡師（人員分頁），或自己站吧台。
4609.2s [11月14日（週五） 下午 7:00]   shot 257_decision_low_cash_warning.png
4609.2s [11月14日（週五） 下午 7:00]   decision low_cash_warning → reduce
4609.2s [11月14日（週五） 下午 7:00]   click [Choice_reduce] 縮減開支（暫停廣告、生活從簡）
4610.6s [11月14日（週五） 下午 7:00]   shot 258_decision_outcome_low_cash_warning.png
4610.6s [11月14日（週五） 下午 7:00]   click "OK"
4611.3s [11月14日（週五） 下午 7:00]   use "Sleep"
4611.9s [11月14日（週五） 下午 7:00]   click [Sleep] Sleep until 7:00 AM
4614.1s [11月15日（週六） 下午 5:00]   toast: Riverlight Goods 咖啡 今天沒開門：吧台沒人顧。去僱一位咖啡師（人員分頁），或自己站吧台。
4614.4s [11月15日（週六） 下午 7:00]   use "Sleep"
4615.0s [11月15日（週六） 下午 7:00]   click [Sleep] Sleep until 7:00 AM
4617.5s [11月16日（週日） 下午 7:00]   use "Sleep"
4618.1s [11月16日（週日） 下午 7:00]   click [Sleep] Sleep until 7:00 AM
4620.4s [11月17日（週一） 下午 5:00]   toast: Riverlight Goods 咖啡 今天沒開門：吧台沒人顧。去僱一位咖啡師（人員分頁），或自己站吧台。
4620.6s [11月17日（週一） 下午 7:00]   shot 259_decision_low_cash_warning.png
4620.6s [11月17日（週一） 下午 7:00]   decision low_cash_warning → reduce
4620.6s [11月17日（週一） 下午 7:00]   click [Choice_reduce] 縮減開支（暫停廣告、生活從簡）
4622.0s [11月17日（週一） 下午 7:00]   shot 260_decision_outcome_low_cash_warning.png
4622.0s [11月17日（週一） 下午 7:00]   click "OK"
4622.7s [11月17日（週一） 下午 7:00]   use "Sleep"
4623.3s [11月17日（週一） 下午 7:00]   click [Sleep] Sleep until 7:00 AM
4625.6s [11月18日（週二） 下午 5:00]   toast: Riverlight Goods 咖啡 今天沒開門：吧台沒人顧。去僱一位咖啡師（人員分頁），或自己站吧台。
4625.9s [11月18日（週二） 下午 7:00]   use "Sleep"
4626.5s [11月18日（週二） 下午 7:00]   click [Sleep] Sleep until 7:00 AM
4628.8s [11月19日（週三） 下午 5:00]   toast: Riverlight Goods 咖啡 今天沒開門：吧台沒人顧。去僱一位咖啡師（人員分頁），或自己站吧台。
4629.1s [11月19日（週三） 下午 7:00]   use "Sleep"
4629.7s [11月19日（週三） 下午 7:00]   click [Sleep] Sleep until 7:00 AM
4632.0s [11月20日（週四） 下午 5:00]   toast: Riverlight Goods 咖啡 今天沒開門：吧台沒人顧。去僱一位咖啡師（人員分頁），或自己站吧台。
4632.1s [11月20日（週四） 下午 7:00]   shot 261_decision_low_cash_warning.png
4632.1s [11月20日（週四） 下午 7:00]   decision low_cash_warning → reduce
4632.1s [11月20日（週四） 下午 7:00]   click [Choice_reduce] 縮減開支（暫停廣告、生活從簡）
4633.5s [11月20日（週四） 下午 7:00]   shot 262_decision_outcome_low_cash_warning.png
4633.5s [11月20日（週四） 下午 7:00]   click "OK"
4634.2s [11月20日（週四） 下午 7:00]   use "Sleep"
4634.8s [11月20日（週四） 下午 7:00]   click [Sleep] Sleep until 7:00 AM
4637.1s [11月21日（週五） 下午 5:00]   toast: Riverlight Goods 咖啡 今天沒開門：吧台沒人顧。去僱一位咖啡師（人員分頁），或自己站吧台。
4637.4s [11月21日（週五） 下午 7:00]   use "Sleep"
4638.0s [11月21日（週五） 下午 7:00]   click [Sleep] Sleep until 7:00 AM
4640.3s [11月22日（週六） 下午 5:00]   toast: Riverlight Goods 咖啡 今天沒開門：吧台沒人顧。去僱一位咖啡師（人員分頁），或自己站吧台。
4640.5s [11月22日（週六） 下午 7:00]   use "Sleep"
4641.1s [11月22日（週六） 下午 7:00]   click [Sleep] Sleep until 7:00 AM
4643.6s [11月23日（週日） 下午 7:00]   shot 263_decision_low_cash_warning.png
4643.6s [11月23日（週日） 下午 7:00]   decision low_cash_warning → reduce
4643.6s [11月23日（週日） 下午 7:00]   click [Choice_reduce] 縮減開支（暫停廣告、生活從簡）
4644.9s [11月23日（週日） 下午 7:00]   shot 264_decision_outcome_low_cash_warning.png
4644.9s [11月23日（週日） 下午 7:00]   click "OK"
4645.6s [11月23日（週日） 下午 7:00]   use "Sleep"
4646.2s [11月23日（週日） 下午 7:00]   click [Sleep] Sleep until 7:00 AM
4648.5s [11月24日（週一） 下午 5:00]   toast: Riverlight Goods 咖啡 今天沒開門：吧台沒人顧。去僱一位咖啡師（人員分頁），或自己站吧台。
4648.8s [11月24日（週一） 下午 7:00]   use "Sleep"
4649.4s [11月24日（週一） 下午 7:00]   click [Sleep] Sleep until 7:00 AM
4651.7s [11月25日（週二） 下午 5:00]   toast: Riverlight Goods 咖啡 今天沒開門：吧台沒人顧。去僱一位咖啡師（人員分頁），或自己站吧台。
4652.0s [11月25日（週二） 下午 7:00]   use "Sleep"
4652.6s [11月25日（週二） 下午 7:00]   click [Sleep] Sleep until 7:00 AM
4654.9s [11月26日（週三） 下午 5:00]   toast: Riverlight Goods 咖啡 今天沒開門：吧台沒人顧。去僱一位咖啡師（人員分頁），或自己站吧台。
4655.1s [11月26日（週三） 下午 7:00]   shot 265_decision_low_cash_warning.png
4655.1s [11月26日（週三） 下午 7:00]   decision low_cash_warning → reduce
4655.1s [11月26日（週三） 下午 7:00]   click [Choice_reduce] 縮減開支（暫停廣告、生活從簡）
4656.5s [11月26日（週三） 下午 7:00]   shot 266_decision_outcome_low_cash_warning.png
4656.5s [11月26日（週三） 下午 7:00]   click "OK"
4657.1s [11月26日（週三） 下午 7:00]   use "Sleep"
4657.7s [11月26日（週三） 下午 7:00]   click [Sleep] Sleep until 7:00 AM
4660.0s [11月27日（週四） 下午 5:00]   toast: Riverlight Goods 咖啡 今天沒開門：吧台沒人顧。去僱一位咖啡師（人員分頁），或自己站吧台。
4660.3s [11月27日（週四） 下午 7:00]   use "Sleep"
4660.9s [11月27日（週四） 下午 7:00]   click [Sleep] Sleep until 7:00 AM
4663.2s [11月28日（週五） 下午 5:00]   toast: Riverlight Goods 咖啡 今天沒開門：吧台沒人顧。去僱一位咖啡師（人員分頁），或自己站吧台。
4663.4s [11月28日（週五） 下午 7:00]   use "Sleep"
4664.0s [11月28日（週五） 下午 7:00]   click [Sleep] Sleep until 7:00 AM
4666.4s [11月29日（週六） 上午 7:01]   ok  the bridge reopened
4666.4s [11月29日（週六） 上午 7:01]   ok  frozen funds settled
4666.4s [11月29日（週六） 上午 7:01]   ok  Chapter 11 complete: through the freeze and restocked
4666.4s [11月29日（週六） 上午 7:01] STEP Chapter 12 — the regulation wave: the import licence
4666.4s [11月29日（週六） 上午 7:01]   ok  Year 8: the Regulation Wave
4669.6s [11月29日（週六） 上午 7:06]   ok  walked back outside
4673.0s [11月29日（週六） 上午 7:11]   ok  entered Bloom Coffee
4674.7s [11月29日（週六） 上午 7:13]   use "Read the news board"
4675.4s [11月29日（週六） 上午 7:18]   shot 267_news_regulation.png
4675.8s [11月29日（週六） 上午 7:18]   ok  read the news (regulation)
4678.7s [11月29日（週六） 上午 7:23]   ok  walked back outside
4681.9s [11月29日（週六） 上午 7:28]   ok  entered Riverside Tower
4681.9s [11月29日（週六） 上午 7:28]   (harness) wait 2 h
4682.6s [11月29日（週六） 上午 9:28]   shot 268_decision_low_cash_warning.png
4682.6s [11月29日（週六） 上午 9:28]   decision low_cash_warning → reduce
4682.6s [11月29日（週六） 上午 9:28]   click [Choice_reduce] 縮減開支（暫停廣告、生活從簡）
4683.9s [11月29日（週六） 上午 9:28]   shot 269_decision_outcome_low_cash_warning.png
4683.9s [11月29日（週六） 上午 9:28]   click "OK"
4684.5s [11月29日（週六） 上午 9:28]   (harness) wait 2 h
4685.3s [11月29日（週六） 上午 11:29]   (harness) wait 2 h
4686.0s [11月29日（週六） 下午 1:31]   (harness) wait 2 h
4686.8s [11月29日（週六） 下午 3:32]   (harness) wait 2 h
4686.8s [11月29日（週六） 下午 5:00]   toast: Riverlight Goods 咖啡 今天沒開門：吧台沒人顧。去僱一位咖啡師（人員分頁），或自己站吧台。
4687.5s [11月29日（週六） 下午 5:33]   (harness) wait 2 h
4690.2s [11月29日（週六） 下午 7:37]   use "Sleep"
4690.8s [11月29日（週六） 下午 7:37]   click [Sleep] Sleep until 7:00 AM
4693.0s [11月30日（週日） 上午 7:01]   (harness) wait 2 h
4693.8s [11月30日（週日） 上午 9:02]   (harness) wait 2 h
4694.5s [11月30日（週日） 上午 11:03]   (harness) wait 2 h
4695.2s [11月30日（週日） 下午 1:04]   (harness) wait 2 h
4696.0s [11月30日（週日） 下午 3:05]   (harness) wait 2 h
4696.7s [11月30日（週日） 下午 5:06]   (harness) wait 2 h
4697.7s [11月30日（週日） 下午 7:08]   use "Sleep"
4698.3s [11月30日（週日） 下午 7:08]   click [Sleep] Sleep until 7:00 AM
4702.1s [12月1日（週一） 上午 7:00]   shot 270_month_close_report.png
4702.1s [12月1日（週一） 上午 7:00]   click [month close] Continue
4702.8s [12月1日（週一） 上午 7:00]   (harness) wait 2 h
4706.6s [12月1日（週一） 上午 9:07]   ok  walked back outside
4720.6s [12月1日（週一） 上午 9:28]   use "捷運——河濱區站"
4721.8s [12月1日（週一） 上午 9:29]   shot 271_metro_civic_center.png
4721.8s [12月1日（週一） 上午 9:29]   click [Go_civic_center] 市政中心  ·  12 分鐘
4722.8s [12月1日（週一） 上午 9:42]   ok  took the Metro to Civic Center
4729.9s [12月1日（週一） 上午 9:53]   ok  entered Aurelia City Hall
4731.7s [12月1日（週一） 上午 9:55]   use "Permits & regulations"
4732.4s [12月1日（週一） 上午 9:56]   shot 272_permits_import_licence.png
4733.0s [12月1日（週一） 上午 9:57]   ok  the '!' badge for company_registration pins its card
4733.0s [12月1日（週一） 上午 9:57]   shot 273_badge_licence_pinned.png
4733.2s [12月1日（週一） 上午 9:58]   click [ApplyImportLicence] 申請（$450）
4733.9s [12月1日（週一） 上午 10:19]   shot 274_permits_licence_processing.png
4734.2s [12月1日（週一） 上午 10:19]   ok  import licence applied for
4737.2s [12月1日（週一） 上午 10:24]   ok  walked back outside
4742.8s [12月1日（週一） 上午 10:33]   use "捷運——市政中心站"
4743.8s [12月1日（週一） 上午 10:34]   shot 275_metro_riverside.png
4743.8s [12月1日（週一） 上午 10:34]   click [Go_riverside] 河濱區  ·  12 分鐘
4744.8s [12月1日（週一） 上午 10:48]   ok  took the Metro to Riverside
4754.0s [12月1日（週一） 上午 11:01]   ok  entered Riverside Tower
4754.1s [12月1日（週一） 下午 5:00]   toast: Riverlight Goods 咖啡 今天沒開門：吧台沒人顧。去僱一位咖啡師（人員分頁），或自己站吧台。
4755.9s [12月1日（週一） 下午 7:03]   use "Sleep"
4756.5s [12月1日（週一） 下午 7:03]   click [Sleep] Sleep until 7:00 AM
4758.8s [12月2日（週二） 下午 5:00]   toast: Riverlight Goods 咖啡 今天沒開門：吧台沒人顧。去僱一位咖啡師（人員分頁），或自己站吧台。
4759.0s [12月2日（週二） 下午 7:00]   shot 276_decision_low_cash_warning.png
4759.0s [12月2日（週二） 下午 7:00]   decision low_cash_warning → reduce
4759.0s [12月2日（週二） 下午 7:00]   click [Choice_reduce] 縮減開支（暫停廣告、生活從簡）
4760.4s [12月2日（週二） 下午 7:00]   shot 277_decision_outcome_low_cash_warning.png
4760.4s [12月2日（週二） 下午 7:00]   click "OK"
4760.9s [12月2日（週二） 下午 7:00]   shot 278_decision_supplier_price_increase.png
4760.9s [12月2日（週二） 下午 7:00]   decision supplier_price_increase → accept
4760.9s [12月2日（週二） 下午 7:00]   click [Choice_accept] 好。繼續跟你進貨。
4762.3s [12月2日（週二） 下午 7:00]   shot 279_decision_outcome_supplier_price_increase.png
4762.3s [12月2日（週二） 下午 7:00]   click "OK"
4763.0s [12月2日（週二） 下午 7:00]   use "Sleep"
4763.6s [12月2日（週二） 下午 7:00]   click [Sleep] Sleep until 7:00 AM
4765.8s [12月3日（週三） 下午 5:00]   toast: Riverlight Goods 咖啡 今天沒開門：吧台沒人顧。去僱一位咖啡師（人員分頁），或自己站吧台。
4766.1s [12月3日（週三） 下午 7:00]   use "Sleep"
4766.7s [12月3日（週三） 下午 7:00]   click [Sleep] Sleep until 7:00 AM
4769.0s [12月4日（週四） 上午 7:01]   ok  import licence granted
4769.0s [12月4日（週四） 上午 7:01] STEP Chapter 12 — a large import goes through KYC
4770.3s [12月4日（週四） 上午 7:03]   use "Use laptop — Company OS"
4771.0s [12月4日（週四） 上午 7:04]   click [Tab_operations] Operations
4771.7s [12月4日（週四） 上午 7:05]   click [DeliverTo_riverside_studio] 河濱大樓 7C
4772.3s [12月4日（週四） 上午 7:06]   click [Buy_lumina_direct_wireless_earbuds] 購買 $2,692.00
4773.1s [12月4日（週四） 上午 7:07]   shot 280_settlement_kyc.png
4773.1s [12月4日（週四） 上午 7:07]   click [Settle_letter_of_credit] Pay this way
4774.2s [12月4日（週四） 上午 7:08]   ok  the large payment carries a KYC check
4774.3s [12月4日（週四） 下午 5:00]   toast: Riverlight Goods 咖啡 今天沒開門：吧台沒人顧。去僱一位咖啡師（人員分頁），或自己站吧台。
4781.8s [12月4日（週四） 下午 7:11]   use "Sleep"
4782.4s [12月4日（週四） 下午 7:11]   click [Sleep] Sleep until 7:00 AM
4784.7s [12月5日（週五） 下午 5:00]   toast: Riverlight Goods 咖啡 今天沒開門：吧台沒人顧。去僱一位咖啡師（人員分頁），或自己站吧台。
4784.9s [12月5日（週五） 下午 7:00]   shot 281_decision_low_cash_warning.png
4784.9s [12月5日（週五） 下午 7:00]   decision low_cash_warning → reduce
4784.9s [12月5日（週五） 下午 7:00]   click [Choice_reduce] 縮減開支（暫停廣告、生活從簡）
4786.3s [12月5日（週五） 下午 7:00]   shot 282_decision_outcome_low_cash_warning.png
4786.3s [12月5日（週五） 下午 7:00]   click "OK"
4786.9s [12月5日（週五） 下午 7:00]   use "Sleep"
4787.5s [12月5日（週五） 下午 7:00]   click [Sleep] Sleep until 7:00 AM
4789.9s [12月6日（週六） 下午 5:00]   toast: Riverlight Goods 咖啡 今天沒開門：吧台沒人顧。去僱一位咖啡師（人員分頁），或自己站吧台。
4790.1s [12月6日（週六） 下午 7:00]   use "Sleep"
4790.7s [12月6日（週六） 下午 7:00]   click [Sleep] Sleep until 7:00 AM
4793.3s [12月7日（週日） 下午 7:00]   use "Sleep"
4793.9s [12月7日（週日） 下午 7:00]   click [Sleep] Sleep until 7:00 AM
4796.2s [12月8日（週一） 上午 7:01]   ok  KYC cleared
4797.3s [12月8日（週一） 上午 7:02]   use "Use laptop — Company OS"
4798.0s [12月8日（週一） 上午 7:03]   click [Tab_finance] Finance
4798.8s [12月8日（週一） 上午 7:04]   shot 283_finance_compliance_cost.png
4799.2s [12月8日（週一） 上午 7:05] STEP Chapter 12 — Victor Hale's offer
4799.2s [12月8日（週一） 上午 7:05]   (harness) wait 2 h
4799.9s [12月8日（週一） 上午 9:05]   shot 284_decision_low_cash_warning.png
4799.9s [12月8日（週一） 上午 9:05]   decision low_cash_warning → reduce
4799.9s [12月8日（週一） 上午 9:05]   click [Choice_reduce] 縮減開支（暫停廣告、生活從簡）
4801.3s [12月8日（週一） 上午 9:05]   shot 285_decision_outcome_low_cash_warning.png
4801.3s [12月8日（週一） 上午 9:05]   click "OK"
4801.9s [12月8日（週一） 上午 9:05]   (harness) wait 2 h
4805.4s [12月8日（週一） 上午 11:11]   ok  walked back outside
4819.3s [12月8日（週一） 上午 11:32]   use "捷運——河濱區站"
4820.6s [12月8日（週一） 上午 11:34]   shot 286_metro_shopping_street.png
4820.6s [12月8日（週一） 上午 11:34]   click [Go_shopping_street] 購物街  ·  15 分鐘
4821.6s [12月8日（週一） 上午 11:50]   ok  took the Metro to Shopping Street
4830.4s [12月8日（週一） 下午 12:03]   ok  entered Crestline Flagship
4831.1s [12月8日（週一） 下午 12:04]   use "和 Victor Hale 說話"
4832.0s [12月8日（週一） 下午 12:04]   shot 287_victor_offer.png
4839.5s [12月8日（週一） 下午 12:06]   ok  the '!' badge for valuation pins its card
4839.6s [12月8日（週一） 下午 12:06]   shot 288_badge_valuation_pinned.png
4839.8s [12月8日（週一） 下午 12:06]   shot 289_decision_acquisition_offer.png
4839.8s [12月8日（週一） 下午 12:06]   decision acquisition_offer → counter
4839.8s [12月8日（週一） 下午 12:06]   click [Choice_counter] 還價：開價 $100,188
4841.8s [12月8日（週一） 下午 12:06]   shot 290_decision_outcome_acquisition_offer.png
4841.8s [12月8日（週一） 下午 12:06]   click "OK"
4842.3s [12月8日（週一） 下午 12:06]   ok  countered Hale Group's offer
4843.6s [12月8日（週一） 下午 12:08]   shot 291_ending_card.png
4846.5s [12月8日（週一） 下午 12:12]   ok  Chapter 12 complete
4846.5s [12月8日（週一） 下午 12:12]   ok  the main story is complete
4846.5s [12月8日（週一） 下午 12:12]   ok  season two continues after Chapter 12
4846.5s [12月8日（週一） 下午 12:12]   ok  ledger balanced after chapters 10–12
4848.4s [12月8日（週一） 下午 12:16]   ok  walked back outside
4855.7s [12月8日（週一） 下午 12:27]   use "捷運——購物街站"
4856.9s [12月8日（週一） 下午 12:28]   shot 292_metro_riverside.png
4856.9s [12月8日（週一） 下午 12:28]   click [Go_riverside] 河濱區  ·  15 分鐘
4858.0s [12月8日（週一） 下午 12:44]   ok  took the Metro to Riverside
4867.2s [12月8日（週一） 下午 12:58]   ok  entered Riverside Tower
4875.2s [12月8日（週一） 下午 1:09] STEP Chapter 13 — Year 9 news and Marcus's international banking explanation
4876.7s [12月8日（週一） 下午 1:12]   ok  walked back outside
4880.1s [12月8日（週一） 下午 1:17]   ok  entered Bloom Coffee
4881.8s [12月8日（週一） 下午 1:19]   use "Read the news board"
4882.8s [12月8日（週一） 下午 1:24]   shot 293_news_global_markets.png
4883.1s [12月8日（週一） 下午 1:24]   ok  read the news (global_markets)
4886.1s [12月8日（週一） 下午 1:29]   ok  walked back outside
4889.4s [12月8日（週一） 下午 1:34]   ok  entered Riverside Tower
4890.9s [12月8日（週一） 下午 1:36]   ok  walked back outside
4904.9s [12月8日（週一） 下午 1:57]   use "捷運——河濱區站"
4906.2s [12月8日（週一） 下午 1:59]   shot 294_metro_financial.png
4906.2s [12月8日（週一） 下午 1:59]   click [Go_financial] 金融區  ·  10 分鐘
4907.5s [12月8日（週一） 下午 2:10]   ok  took the Metro to Financial District
4915.2s [12月8日（週一） 下午 2:21]   ok  entered Nexus Bank
4916.9s [12月8日（週一） 下午 2:24]   use "和 Marcus Reed 說話"
4919.1s [12月8日（週一） 下午 2:24]   choose "› 我會在每週撥款後換匯。"
4920.8s [12月8日（週一） 下午 2:25]   click [OpenInternationalAccount] 開立國際帳戶（$150.00）
4921.3s [12月8日（週一） 下午 2:55]   shot 295_ch13_international_account.png
4927.6s [12月8日（週一） 下午 3:05]   ok  walked back outside
4933.7s [12月8日（週一） 下午 3:14]   use "捷運——金融區站"
4934.9s [12月8日（週一） 下午 3:15]   shot 296_metro_riverside.png
4934.9s [12月8日（週一） 下午 3:15]   click [Go_riverside] 河濱區  ·  10 分鐘
4936.0s [12月8日（週一） 下午 3:27]   ok  took the Metro to Riverside
4945.2s [12月8日（週一） 下午 3:40]   ok  entered Riverside Tower
4945.2s [12月8日（週一） 下午 3:40] STEP Chapter 13 — Northridge price and first export
4946.6s [12月8日（週一） 下午 3:42]   use "Use laptop — Company OS"
4947.5s [12月8日（週一） 下午 3:43]   click [Tab_sales] Ecommerce
4948.2s [12月8日（週一） 下午 3:44]   click [SalesPage_overseas] Overseas
4948.3s [12月8日（週一） 下午 3:45]   click [OpenGlobalStore_northridge] Open storefront
4949.1s [12月8日（週一） 下午 3:46]   use "Use laptop — Company OS"
4950.0s [12月8日（週一） 下午 3:47]   click [Tab_operations] Operations
4951.4s [12月8日（週一） 下午 3:49]   click [DeliverTo_riverside_studio] 河濱大樓 7C
4952.7s [12月8日（週一） 下午 3:51]   click [Buy_tradelink_wholesale_wireless_earbuds] 購買 $918.00
4954.3s [12月8日（週一） 下午 5:00]   toast: Riverlight Goods 咖啡 今天沒開門：吧台沒人顧。去僱一位咖啡師（人員分頁），或自己站吧台。
4962.8s [12月8日（週一） 下午 7:11]   use "Sleep"
4963.5s [12月8日（週一） 下午 7:11]   click [Sleep] Sleep until 7:00 AM
4970.5s [12月9日（週二） 下午 5:00]   toast: Riverlight Goods 咖啡 今天沒開門：吧台沒人顧。去僱一位咖啡師（人員分頁），或自己站吧台。
4971.4s [12月9日（週二） 下午 7:00]   use "Sleep"
4972.2s [12月9日（週二） 下午 7:00]   click [Sleep] Sleep until 7:00 AM
4979.2s [12月10日（週三） 下午 5:00]   toast: Riverlight Goods 咖啡 今天沒開門：吧台沒人顧。去僱一位咖啡師（人員分頁），或自己站吧台。
4980.0s [12月10日（週三） 下午 7:00]   use "Sleep"
4980.8s [12月10日（週三） 下午 7:00]   click [Sleep] Sleep until 7:00 AM
4994.7s [12月11日（週四） 上午 7:14]   use "Packing table"
4995.6s [12月11日（週四） 上午 7:15]   click [Pack] 打包 3 筆訂單（24 分鐘）
4996.7s [12月11日（週四） 上午 7:41]   click [CourierEconomy] 快遞 · 經濟 3 天（$19.86）
4999.4s [12月11日（週四） 上午 7:45]   use "Use laptop — Company OS"
5000.3s [12月11日（週四） 上午 7:46]   click [Tab_sales] Ecommerce
5001.8s [12月11日（週四） 上午 7:48]   click [SalesPage_overseas] Overseas
5003.3s [12月11日（週四） 上午 7:50]   click [SaveGlobalPrice_L2] Save local price
5004.1s [12月11日（週四） 上午 7:51]   ok  selected export listing really has a saved price
5004.2s [12月11日（週四） 上午 7:51]   shot 297_ch13_storefront.png
5006.8s [12月11日（週四） 下午 5:00]   toast: Riverlight Goods 咖啡 今天沒開門：吧台沒人顧。去僱一位咖啡師（人員分頁），或自己站吧台。
5015.2s [12月11日（週四） 下午 7:11]   use "Sleep"
5015.9s [12月11日（週四） 下午 7:11]   click [Sleep] Sleep until 7:00 AM
5029.6s [12月12日（週五） 上午 7:14]   use "Packing table"
5030.5s [12月12日（週五） 上午 7:15]   click [Pack] 打包 21 筆訂單（2 小時 48 分）
5032.3s [12月12日（週五） 上午 10:04]   click [CourierEconomy] 經濟快遞／國際 7–14 天（$309.38）
5035.0s [12月12日（週五） 下午 5:00]   toast: Riverlight Goods 咖啡 今天沒開門：吧台沒人顧。去僱一位咖啡師（人員分頁），或自己站吧台。
5044.9s [12月12日（週五） 下午 7:13]   use "Sleep"
5045.6s [12月12日（週五） 下午 7:13]   click [Sleep] Sleep until 7:00 AM
5059.4s [12月13日（週六） 上午 7:14]   use "Packing table"
5060.2s [12月13日（週六） 上午 7:15]   click [Pack] 打包 17 筆訂單（2 小時 16 分）
5061.8s [12月13日（週六） 上午 9:32]   click [CourierEconomy] 經濟快遞／國際 7–14 天（$246.68）
5064.8s [12月13日（週六） 下午 5:00]   toast: Riverlight Goods 咖啡 今天沒開門：吧台沒人顧。去僱一位咖啡師（人員分頁），或自己站吧台。
5074.4s [12月13日（週六） 下午 7:13]   use "Sleep"
5075.2s [12月13日（週六） 下午 7:13]   click [Sleep] Sleep until 7:00 AM
5089.0s [12月14日（週日） 上午 7:14]   use "Packing table"
5089.8s [12月14日（週日） 上午 7:15]   click [Pack] 打包 9 筆訂單（1 小時 12 分）
5091.2s [12月14日（週日） 上午 8:28]   click [CourierEconomy] 經濟快遞／國際 7–14 天（$150.76）
5104.0s [12月14日（週日） 下午 7:13]   use "Sleep"
5104.7s [12月14日（週日） 下午 7:13]   click [Sleep] Sleep until 7:00 AM
5112.0s [12月15日（週一） 下午 5:00]   toast: Riverlight Goods 咖啡 今天沒開門：吧台沒人顧。去僱一位咖啡師（人員分頁），或自己站吧台。
5112.9s [12月15日（週一） 下午 7:00]   use "Sleep"
5113.7s [12月15日（週一） 下午 7:00]   click [Sleep] Sleep until 7:00 AM
5120.8s [12月16日（週二） 下午 5:00]   toast: Riverlight Goods 咖啡 今天沒開門：吧台沒人顧。去僱一位咖啡師（人員分頁），或自己站吧台。
5121.8s [12月16日（週二） 下午 7:00]   use "Sleep"
5122.5s [12月16日（週二） 下午 7:00]   click [Sleep] Sleep until 7:00 AM
5129.8s [12月17日（週三） 下午 5:00]   toast: Riverlight Goods 咖啡 今天沒開門：吧台沒人顧。去僱一位咖啡師（人員分頁），或自己站吧台。
5130.7s [12月17日（週三） 下午 7:00]   use "Sleep"
5131.5s [12月17日（週三） 下午 7:00]   click [Sleep] Sleep until 7:00 AM
5138.7s [12月18日（週四） 下午 5:00]   toast: Riverlight Goods 咖啡 今天沒開門：吧台沒人顧。去僱一位咖啡師（人員分頁），或自己站吧台。
5139.7s [12月18日（週四） 下午 7:00]   use "Sleep"
5140.5s [12月18日（週四） 下午 7:00]   click [Sleep] Sleep until 7:00 AM
5142.0s [12月18日（週四） 下午 11:58]   toast: 新評價 #4573：★★「晚到還有刮痕。」
5147.6s [12月19日（週五） 下午 5:00]   toast: Riverlight Goods 咖啡 今天沒開門：吧台沒人顧。去僱一位咖啡師（人員分頁），或自己站吧台。
5155.2s [12月19日（週五） 下午 7:10]   use "Sleep"
5155.9s [12月19日（週五） 下午 7:10]   click [Sleep] Sleep until 7:00 AM
5169.9s [12月20日（週六） 上午 7:14]   use "Packing table"
5170.7s [12月20日（週六） 上午 7:15]   click [Pack] 打包 13 筆訂單（1 小時 44 分）
5172.1s [12月20日（週六） 上午 9:00]   click [CourierEconomy] 經濟快遞／國際 7–14 天（$169.24）
5173.3s [12月20日（週六） 上午 9:02]   shot 298_decision_supplier_price_increase.png
5173.3s [12月20日（週六） 上午 9:02]   decision supplier_price_increase → accept
5173.3s [12月20日（週六） 上午 9:02]   click [Choice_accept] 好。繼續跟你進貨。
5174.7s [12月20日（週六） 上午 9:02]   shot 299_decision_outcome_supplier_price_increase.png
5174.7s [12月20日（週六） 上午 9:02]   click "OK"
5177.0s [12月20日（週六） 下午 5:00]   toast: Riverlight Goods 咖啡 今天沒開門：吧台沒人顧。去僱一位咖啡師（人員分頁），或自己站吧台。
5186.7s [12月20日（週六） 下午 7:13]   use "Sleep"
5187.5s [12月20日（週六） 下午 7:13]   click [Sleep] Sleep until 7:00 AM
5201.2s [12月21日（週日） 上午 7:14]   use "Packing table"
5202.0s [12月21日（週日） 上午 7:15]   click [Pack] 打包 16 筆訂單（2 小時 8 分）
5203.6s [12月21日（週日） 上午 9:24]   click [CourierEconomy] 經濟快遞／國際 7–14 天（$212.58）
5216.3s [12月21日（週日） 下午 7:13]   use "Sleep"
5217.0s [12月21日（週日） 下午 7:14]   click [Sleep] Sleep until 7:00 AM
5230.9s [12月22日（週一） 上午 7:14]   use "Packing table"
5231.8s [12月22日（週一） 上午 7:15]   click [Pack] 打包 16 筆訂單（2 小時 8 分）
5233.4s [12月22日（週一） 上午 9:24]   click [CourierEconomy] 經濟快遞／國際 7–14 天（$212.58）
5236.6s [12月22日（週一） 下午 5:00]   toast: Riverlight Goods 咖啡 今天沒開門：吧台沒人顧。去僱一位咖啡師（人員分頁），或自己站吧台。
5246.2s [12月22日（週一） 下午 7:14]   use "Sleep"
5247.0s [12月22日（週一） 下午 7:14]   click [Sleep] Sleep until 7:00 AM
5260.9s [12月23日（週二） 上午 7:14]   use "Packing table"
5262.0s [12月23日（週二） 上午 7:15]   click [Pack] 打包 16 筆訂單（2 小時 8 分）
5263.7s [12月23日（週二） 上午 9:25]   click [CourierEconomy] 經濟快遞／國際 7–14 天（$242.06）
5267.0s [12月23日（週二） 下午 5:00]   toast: Riverlight Goods 咖啡 今天沒開門：吧台沒人顧。去僱一位咖啡師（人員分頁），或自己站吧台。
5276.8s [12月23日（週二） 下午 7:14]   use "Sleep"
5277.6s [12月23日（週二） 下午 7:14]   click [Sleep] Sleep until 7:00 AM
5291.5s [12月24日（週三） 上午 7:14]   use "Packing table"
5292.3s [12月24日（週三） 上午 7:15]   click [Pack] 打包 21 筆訂單（2 小時 48 分）
5294.1s [12月24日（週三） 上午 10:04]   click [CourierEconomy] 經濟快遞／國際 7–14 天（$294.64）
5296.9s [12月24日（週三） 下午 5:00]   toast: Riverlight Goods 咖啡 今天沒開門：吧台沒人顧。去僱一位咖啡師（人員分頁），或自己站吧台。
5306.6s [12月24日（週三） 下午 7:13]   use "Sleep"
5307.4s [12月24日（週三） 下午 7:13]   click [Sleep] Sleep until 7:00 AM
5321.2s [12月25日（週四） 上午 7:14]   use "Packing table"
5322.1s [12月25日（週四） 上午 7:15]   click [Pack] 打包 25 筆訂單（3 小時 20 分）
5323.9s [12月25日（週四） 上午 10:36]   click [CourierEconomy] 經濟快遞／國際 7–14 天（$431.04）
5326.8s [12月25日（週四） 下午 5:00]   toast: Riverlight Goods 咖啡 今天沒開門：吧台沒人顧。去僱一位咖啡師（人員分頁），或自己站吧台。
5336.6s [12月25日（週四） 下午 7:13]   use "Sleep"
5337.4s [12月25日（週四） 下午 7:13]   click [Sleep] Sleep until 7:00 AM
5351.7s [12月26日（週五） 上午 7:14]   use "Packing table"
5352.5s [12月26日（週五） 上午 7:15]   click [Pack] 打包 23 筆訂單（3 小時 4 分）
5354.4s [12月26日（週五） 上午 10:20]   click [CourierEconomy] 經濟快遞／國際 7–14 天（$303.88）
5357.2s [12月26日（週五） 下午 5:00]   toast: Riverlight Goods 咖啡 今天沒開門：吧台沒人顧。去僱一位咖啡師（人員分頁），或自己站吧台。
5366.9s [12月26日（週五） 下午 7:13]   use "Sleep"
5367.7s [12月26日（週五） 下午 7:13]   click [Sleep] Sleep until 7:00 AM
5381.5s [12月27日（週六） 上午 7:14]   use "Packing table"
5382.4s [12月27日（週六） 上午 7:15]   click [Pack] 打包 18 筆訂單（2 小時 24 分）
5384.1s [12月27日（週六） 上午 9:40]   click [CourierEconomy] 經濟快遞／國際 7–14 天（$310.26）
5387.1s [12月27日（週六） 下午 5:00]   toast: Riverlight Goods 咖啡 今天沒開門：吧台沒人顧。去僱一位咖啡師（人員分頁），或自己站吧台。
5396.7s [12月27日（週六） 下午 7:13]   use "Sleep"
5397.6s [12月27日（週六） 下午 7:13]   click [Sleep] Sleep until 7:00 AM
5411.4s [12月28日（週日） 上午 7:14]   use "Packing table"
5412.3s [12月28日（週日） 上午 7:15]   click [Pack] 打包 12 筆訂單（1 小時 36 分）
5413.7s [12月28日（週日） 上午 8:52]   click [CourierEconomy] 經濟快遞／國際 7–14 天（$194.10）
5417.7s [12月28日（週日） 下午 7:00]   shot 300_decision_cafe_inspection.png
5417.7s [12月28日（週日） 下午 7:00]   decision cafe_inspection → prepare
5417.7s [12月28日（週日） 下午 7:00]   click [Choice_prepare] 清潔十五分鐘後接受檢查
5419.3s [12月28日（週日） 下午 7:15]   shot 301_decision_outcome_cafe_inspection.png
5419.3s [12月28日（週日） 下午 7:15]   click "OK"
5428.9s [12月28日（週日） 下午 7:28]   use "Sleep"
5429.6s [12月28日（週日） 下午 7:28]   click [Sleep] Sleep until 7:00 AM
5443.6s [12月29日（週一） 上午 7:14]   use "Packing table"
5444.5s [12月29日（週一） 上午 7:15]   click [Pack] 打包 21 筆訂單（2 小時 48 分）
5446.3s [12月29日（週一） 上午 10:04]   click [CourierEconomy] 經濟快遞／國際 7–14 天（$338.86）
5449.0s [12月29日（週一） 上午 10:08]   use "Use laptop — Company OS"
5449.9s [12月29日（週一） 上午 10:09]   click [Tab_finance] Finance
5450.7s [12月29日（週一） 上午 10:10]   click [ConvertGlobal_NRD] 換匯入帳（$638.69）
5455.4s [12月29日（週一） 上午 10:17]   shot 302_ch13_real_income.png
5456.1s [12月29日（週一） 上午 10:18]   ok  Chapter 13 actual export and conversion complete
5460.1s [12月29日（週一） 上午 10:24] STEP Chapter 14 — Ines in the open Customs House
5462.9s [12月29日（週一） 上午 10:29]   ok  walked back outside
5477.0s [12月29日（週一） 上午 10:50]   use "捷運——河濱區站"
5478.5s [12月29日（週一） 上午 10:51]   shot 303_metro_harbor.png
5478.5s [12月29日（週一） 上午 10:51]   click [Go_harbor] 港區  ·  8 分鐘
5480.2s [12月29日（週一） 上午 11:01]   ok  took the Metro to Harbor
5486.5s [12月29日（週一） 上午 11:09]   ok  entered Aurelia Customs House
5486.6s [12月29日（週一） 上午 11:10]   use "和 Ines Duarte 說話"
5487.0s [12月29日（週一） 上午 11:10]   shot 304_ch14_ines.png
5488.8s [12月29日（週一） 上午 11:10]   choose "› 我先付關稅，選 DDP。"
5490.9s [12月29日（週一） 上午 11:11]   ok  real Ines dialogue completed
5492.5s [12月29日（週一） 上午 11:14]   ok  walked back outside
5503.5s [12月29日（週一） 上午 11:30]   use "捷運——港區站"
5504.7s [12月29日（週一） 上午 11:32]   shot 305_metro_riverside.png
5504.7s [12月29日（週一） 上午 11:32]   click [Go_riverside] 河濱區  ·  8 分鐘
5505.8s [12月29日（週一） 上午 11:41]   ok  took the Metro to Riverside
5515.0s [12月29日（週一） 上午 11:54]   ok  entered Riverside Tower
5515.0s [12月29日（週一） 上午 11:54] STEP Chapter 14 — DDP declaration and accurate tariff classification
5516.4s [12月29日（週一） 上午 11:56]   use "Use laptop — Company OS"
5517.4s [12月29日（週一） 上午 11:58]   click [Tab_sales] Ecommerce
5518.1s [12月29日（週一） 上午 11:59]   click [SalesPage_overseas] Overseas
5519.6s [12月29日（週一） 下午 12:00]   click [ExportPolicy_ddp_L2] DDP
5520.7s [12月29日（週一） 下午 12:02]   click [TariffCode_L2] 一般商品
5522.2s [12月29日（週一） 下午 12:04]   shot 306_ch14_declaration.png
5522.5s [12月29日（週一） 下午 12:04]   ok  real policy and tariff inputs recorded
5522.5s [12月29日（週一） 下午 12:04] STEP Chapter 14 — trial deliveries and return risk
5531.8s [12月29日（週一） 下午 7:12]   use "Sleep"
5532.9s [12月29日（週一） 下午 7:12]   click [Sleep] Sleep until 7:00 AM
5546.8s [12月30日（週二） 上午 7:14]   use "Packing table"
5547.7s [12月30日（週二） 上午 7:15]   click [Pack] 打包 17 筆訂單（2 小時 16 分）
5549.3s [12月30日（週二） 上午 9:32]   click [CourierEconomy] 經濟快遞／國際 7–14 天（$246.68）
5552.5s [12月30日（週二） 下午 5:00]   toast: Riverlight Goods 咖啡 今天沒開門：吧台沒人顧。去僱一位咖啡師（人員分頁），或自己站吧台。
5553.3s [12月30日（週二） 下午 7:00]   shot 307_decision_customs_hold.png
5553.3s [12月30日（週二） 下午 7:00]   decision customs_hold → documents
5553.3s [12月30日（週二） 下午 7:00]   click [Choice_documents] 補齊文件並付減額罰款
5554.9s [12月30日（週二） 下午 7:00]   shot 308_decision_outcome_customs_hold.png
5554.9s [12月30日（週二） 下午 7:00]   click "OK"
5564.4s [12月30日（週二） 下午 7:13]   use "Sleep"
5565.1s [12月30日（週二） 下午 7:13]   click [Sleep] Sleep until 7:00 AM
5579.2s [12月31日（週三） 上午 7:14]   use "Packing table"
5580.1s [12月31日（週三） 上午 7:15]   click [Pack] 打包 1 筆訂單（8 分鐘）
5581.0s [12月31日（週三） 上午 7:24]   click [CourierEconomy] 經濟快遞／國際 7–14 天（$25.36）
5584.6s [12月31日（週三） 下午 5:00]   toast: Riverlight Goods 咖啡 今天沒開門：吧台沒人顧。去僱一位咖啡師（人員分頁），或自己站吧台。
5594.3s [12月31日（週三） 下午 7:13]   use "Sleep"
5595.0s [12月31日（週三） 下午 7:13]   click [Sleep] Sleep until 7:00 AM
5602.0s [1月1日（週四） 上午 7:00]   shot 309_month_close_report.png
5602.0s [1月1日（週四） 上午 7:00]   click [month close] Continue
5611.3s [1月1日（週四） 上午 7:13]   use "Packing table"
5612.2s [1月1日（週四） 上午 7:15]   click [Pack] 打包 2 筆訂單（16 分鐘）
5613.1s [1月1日（週四） 上午 7:32]   click [CourierEconomy] 經濟快遞／國際 7–14 天（$29.98）
5616.6s [1月1日（週四） 下午 5:00]   toast: Riverlight Goods 咖啡 今天沒開門：吧台沒人顧。去僱一位咖啡師（人員分頁），或自己站吧台。
5626.3s [1月1日（週四） 下午 7:13]   use "Sleep"
5627.1s [1月1日（週四） 下午 7:13]   click [Sleep] Sleep until 7:00 AM
5641.0s [1月2日（週五） 上午 7:14]   use "Packing table"
5641.9s [1月2日（週五） 上午 7:15]   click [Pack] 打包 1 筆訂單（8 分鐘）
5642.8s [1月2日（週五） 上午 7:24]   click [CourierEconomy] 經濟快遞／國際 7–14 天（$25.36）
5646.3s [1月2日（週五） 下午 5:00]   toast: Riverlight Goods 咖啡 今天沒開門：吧台沒人顧。去僱一位咖啡師（人員分頁），或自己站吧台。
5656.1s [1月2日（週五） 下午 7:13]   use "Sleep"
5656.9s [1月2日（週五） 下午 7:13]   click [Sleep] Sleep until 7:00 AM
5664.4s [1月3日（週六） 下午 5:00]   toast: Riverlight Goods 咖啡 今天沒開門：吧台沒人顧。去僱一位咖啡師（人員分頁），或自己站吧台。
5665.4s [1月3日（週六） 下午 7:00]   use "Sleep"
5666.1s [1月3日（週六） 下午 7:00]   click [Sleep] Sleep until 7:00 AM
5674.6s [1月4日（週日） 下午 7:00]   use "Sleep"
5675.3s [1月4日（週日） 下午 7:00]   click [Sleep] Sleep until 7:00 AM
5683.0s [1月5日（週一） 下午 5:00]   toast: Riverlight Goods 咖啡 今天沒開門：吧台沒人顧。去僱一位咖啡師（人員分頁），或自己站吧台。
5684.0s [1月5日（週一） 下午 7:00]   use "Sleep"
5684.8s [1月5日（週一） 下午 7:00]   click [Sleep] Sleep until 7:00 AM
5692.4s [1月6日（週二） 下午 5:00]   toast: Riverlight Goods 咖啡 今天沒開門：吧台沒人顧。去僱一位咖啡師（人員分頁），或自己站吧台。
5693.4s [1月6日（週二） 下午 7:00]   use "Sleep"
5694.1s [1月6日（週二） 下午 7:00]   click [Sleep] Sleep until 7:00 AM
5708.4s [1月7日（週三） 上午 7:14]   use "Packing table"
5709.3s [1月7日（週三） 上午 7:15]   click [Pack] 打包 1 筆訂單（8 分鐘）
5710.2s [1月7日（週三） 上午 7:24]   click [CourierEconomy] 快遞 · 經濟 3 天（$10.62）
5713.7s [1月7日（週三） 下午 5:00]   toast: Riverlight Goods 咖啡 今天沒開門：吧台沒人顧。去僱一位咖啡師（人員分頁），或自己站吧台。
5714.5s [1月7日（週三） 下午 7:00]   shot 310_decision_supplier_price_increase.png
5714.5s [1月7日（週三） 下午 7:00]   decision supplier_price_increase → accept
5714.5s [1月7日（週三） 下午 7:00]   click [Choice_accept] 好。繼續跟你進貨。
5715.9s [1月7日（週三） 下午 7:00]   shot 311_decision_outcome_supplier_price_increase.png
5715.9s [1月7日（週三） 下午 7:00]   click "OK"
5725.6s [1月7日（週三） 下午 7:14]   use "Sleep"
5726.4s [1月7日（週三） 下午 7:14]   click [Sleep] Sleep until 7:00 AM
5734.8s [1月8日（週四） 下午 5:00]   toast: Riverlight Goods 咖啡 今天沒開門：吧台沒人顧。去僱一位咖啡師（人員分頁），或自己站吧台。
5742.0s [1月8日（週四） 下午 7:09]   use "Sleep"
5742.8s [1月8日（週四） 下午 7:09]   click [Sleep] Sleep until 7:00 AM
5757.1s [1月9日（週五） 上午 7:14]   use "Packing table"
5758.0s [1月9日（週五） 上午 7:15]   click [Pack] 打包 1 筆訂單（8 分鐘）
5758.9s [1月9日（週五） 上午 7:24]   click [CourierEconomy] 經濟快遞／國際 7–14 天（$25.36）
5762.5s [1月9日（週五） 下午 5:00]   toast: Riverlight Goods 咖啡 今天沒開門：吧台沒人顧。去僱一位咖啡師（人員分頁），或自己站吧台。
5772.3s [1月9日（週五） 下午 7:13]   use "Sleep"
5773.1s [1月9日（週五） 下午 7:13]   click [Sleep] Sleep until 7:00 AM
5781.4s [1月10日（週六） 下午 5:00]   toast: Riverlight Goods 咖啡 今天沒開門：吧台沒人顧。去僱一位咖啡師（人員分頁），或自己站吧台。
5782.5s [1月10日（週六） 下午 7:00]   use "Sleep"
5783.3s [1月10日（週六） 下午 7:00]   click [Sleep] Sleep until 7:00 AM
5797.6s [1月11日（週日） 上午 7:14]   use "Packing table"
5798.4s [1月11日（週日） 上午 7:15]   click [Pack] 打包 1 筆訂單（8 分鐘）
5799.3s [1月11日（週日） 上午 7:24]   click [CourierEconomy] 快遞 · 經濟 3 天（$10.62）
5812.7s [1月11日（週日） 下午 7:13]   use "Sleep"
5813.5s [1月11日（週日） 下午 7:13]   click [Sleep] Sleep until 7:00 AM
5827.7s [1月12日（週一） 上午 7:14]   use "Packing table"
5828.6s [1月12日（週一） 上午 7:15]   click [Pack] 打包 1 筆訂單（8 分鐘）
5829.5s [1月12日（週一） 上午 7:24]   click [CourierEconomy] 快遞 · 經濟 3 天（$10.62）
5833.1s [1月12日（週一） 下午 5:00]   toast: Riverlight Goods 咖啡 今天沒開門：吧台沒人顧。去僱一位咖啡師（人員分頁），或自己站吧台。
5843.2s [1月12日（週一） 下午 7:13]   use "Sleep"
5843.9s [1月12日（週一） 下午 7:13]   click [Sleep] Sleep until 7:00 AM
5858.1s [1月13日（週二） 上午 7:14]   use "Packing table"
5858.9s [1月13日（週二） 上午 7:15]   click [Pack] 打包 1 筆訂單（8 分鐘）
5859.8s [1月13日（週二） 上午 7:24]   click [CourierEconomy] 快遞 · 經濟 3 天（$10.62）
5862.5s [1月13日（週二） 上午 7:28]   use "Use laptop — Company OS"
5863.6s [1月13日（週二） 上午 7:29]   click [Tab_sales] Ecommerce
5864.3s [1月13日（週二） 上午 7:30]   click [SalesPage_overseas] Overseas
5864.5s [1月13日（週二） 上午 7:31]   click [PauseGlobalExpansion] Review results and pause expansion
5865.0s [1月13日（週二） 上午 7:31]   shot 312_ch14_trial_results.png
5865.4s [1月13日（週二） 上午 7:32]   shot 313_ch14_trial_observed.png
5865.8s [1月13日（週二） 上午 7:32]   ok  Chapter 14 trial completes
5865.8s [1月13日（週二） 上午 7:32]   ok  chapters 13–14 Ledger balanced
5869.8s [1月13日（週二） 上午 7:38] STEP Chapter 15 — currency briefing and real bank hedge
5872.6s [1月13日（週二） 上午 7:43]   ok  walked back outside
5876.0s [1月13日（週二） 上午 7:48]   ok  entered Bloom Coffee
5877.7s [1月13日（週二） 上午 7:50]   use "Read the news board"
5878.7s [1月13日（週二） 上午 7:55]   shot 314_news_fx_risk.png
5879.0s [1月13日（週二） 上午 7:55]   ok  read the news (fx_risk)
5882.5s [1月13日（週二） 上午 8:00]   ok  walked back outside
5885.7s [1月13日（週二） 上午 8:04]   ok  entered Riverside Tower
5885.8s [1月13日（週二） 上午 8:05]   (harness) wait 2 h
5886.6s [1月13日（週二） 上午 10:05]   (harness) wait 2 h
5887.5s [1月13日（週二） 下午 12:05]   (harness) wait 2 h
5889.9s [1月13日（週二） 下午 2:08]   ok  walked back outside
5903.8s [1月13日（週二） 下午 2:29]   use "捷運——河濱區站"
5905.3s [1月13日（週二） 下午 2:31]   shot 315_metro_financial.png
5905.3s [1月13日（週二） 下午 2:31]   click [Go_financial] 金融區  ·  10 分鐘
5906.4s [1月13日（週二） 下午 2:42]   ok  took the Metro to Financial District
5914.1s [1月13日（週二） 下午 2:53]   ok  entered Nexus Bank
5915.9s [1月13日（週二） 下午 2:56]   use "和 Marcus Reed 說話"
5919.1s [1月13日（週二） 下午 2:56]   choose "› 讓我看看費用與風險。"
5920.9s [1月13日（週二） 下午 2:57]   click [BankFXRisk] Manage exchange risk
5921.0s [1月13日（週二） 下午 2:57]   shot 316_ch15_forward_quote.png
5921.0s [1月13日（週二） 下午 2:57]   click [ChooseHomeInvoices] Choose home-currency invoices
5921.4s [1月13日（週二） 下午 2:57]   ok  native risk response recorded
5928.2s [1月13日（週二） 下午 3:07]   ok  walked back outside
5934.3s [1月13日（週二） 下午 3:17]   use "捷運——金融區站"
5935.5s [1月13日（週二） 下午 3:18]   shot 317_metro_riverside.png
5935.5s [1月13日（週二） 下午 3:18]   click [Go_riverside] 河濱區  ·  10 分鐘
5936.6s [1月13日（週二） 下午 3:29]   ok  took the Metro to Riverside
5945.8s [1月13日（週二） 下午 3:43]   ok  entered Riverside Tower
5946.4s [1月13日（週二） 下午 5:00]   toast: Riverlight Goods 咖啡 今天沒開門：吧台沒人顧。去僱一位咖啡師（人員分頁），或自己站吧台。
5948.9s [1月13日（週二） 下午 7:02]   use "Sleep"
5949.7s [1月13日（週二） 下午 7:03]   click [Sleep] Sleep until 7:00 AM
5957.4s [1月14日（週三） 下午 5:00]   toast: Riverlight Goods 咖啡 今天沒開門：吧台沒人顧。去僱一位咖啡師（人員分頁），或自己站吧台。
5958.3s [1月14日（週三） 下午 7:00]   use "Sleep"
5959.1s [1月14日（週三） 下午 7:00]   click [Sleep] Sleep until 7:00 AM
5966.7s [1月15日（週四） 下午 5:00]   toast: Riverlight Goods 咖啡 今天沒開門：吧台沒人顧。去僱一位咖啡師（人員分頁），或自己站吧台。
5967.6s [1月15日（週四） 下午 7:00]   use "Sleep"
5968.4s [1月15日（週四） 下午 7:00]   click [Sleep] Sleep until 7:00 AM
5976.2s [1月16日（週五） 下午 5:00]   toast: Riverlight Goods 咖啡 今天沒開門：吧台沒人顧。去僱一位咖啡師（人員分頁），或自己站吧台。
5977.1s [1月16日（週五） 下午 7:00]   use "Sleep"
5977.9s [1月16日（週五） 下午 7:00]   click [Sleep] Sleep until 7:00 AM
5985.8s [1月17日（週六） 下午 5:00]   toast: Riverlight Goods 咖啡 今天沒開門：吧台沒人顧。去僱一位咖啡師（人員分頁），或自己站吧台。
5986.8s [1月17日（週六） 下午 7:00]   use "Sleep"
5987.6s [1月17日（週六） 下午 7:00]   click [Sleep] Sleep until 7:00 AM
5996.1s [1月18日（週日） 下午 7:00]   use "Sleep"
5996.8s [1月18日（週日） 下午 7:00]   click [Sleep] Sleep until 7:00 AM
6004.5s [1月19日（週一） 下午 5:00]   toast: Riverlight Goods 咖啡 今天沒開門：吧台沒人顧。去僱一位咖啡師（人員分頁），或自己站吧台。
6005.4s [1月19日（週一） 下午 7:00]   use "Sleep"
6006.2s [1月19日（週一） 下午 7:00]   click [Sleep] Sleep until 7:00 AM
6013.8s [1月20日（週二） 下午 5:00]   toast: Riverlight Goods 咖啡 今天沒開門：吧台沒人顧。去僱一位咖啡師（人員分頁），或自己站吧台。
6014.8s [1月20日（週二） 下午 7:00]   use "Sleep"
6015.5s [1月20日（週二） 下午 7:00]   click [Sleep] Sleep until 7:00 AM
6023.2s [1月21日（週三） 下午 5:00]   toast: Riverlight Goods 咖啡 今天沒開門：吧台沒人顧。去僱一位咖啡師（人員分頁），或自己站吧台。
6024.2s [1月21日（週三） 下午 7:00]   use "Sleep"
6024.9s [1月21日（週三） 下午 7:00]   click [Sleep] Sleep until 7:00 AM
6032.7s [1月22日（週四） 下午 5:00]   toast: Riverlight Goods 咖啡 今天沒開門：吧台沒人顧。去僱一位咖啡師（人員分頁），或自己站吧台。
6033.7s [1月22日（週四） 下午 7:00]   use "Sleep"
6034.5s [1月22日（週四） 下午 7:00]   click [Sleep] Sleep until 7:00 AM
6042.1s [1月23日（週五） 下午 5:00]   toast: Riverlight Goods 咖啡 今天沒開門：吧台沒人顧。去僱一位咖啡師（人員分頁），或自己站吧台。
6043.1s [1月23日（週五） 下午 7:00]   use "Sleep"
6043.9s [1月23日（週五） 下午 7:00]   click [Sleep] Sleep until 7:00 AM
6051.6s [1月24日（週六） 下午 5:00]   toast: Riverlight Goods 咖啡 今天沒開門：吧台沒人顧。去僱一位咖啡師（人員分頁），或自己站吧台。
6052.5s [1月24日（週六） 下午 7:00]   use "Sleep"
6053.3s [1月24日（週六） 下午 7:00]   click [Sleep] Sleep until 7:00 AM
6061.9s [1月25日（週日） 下午 7:00]   use "Sleep"
6062.7s [1月25日（週日） 下午 7:00]   click [Sleep] Sleep until 7:00 AM
6070.4s [1月26日（週一） 下午 5:00]   toast: Riverlight Goods 咖啡 今天沒開門：吧台沒人顧。去僱一位咖啡師（人員分頁），或自己站吧台。
6071.6s [1月26日（週一） 下午 7:00]   use "Sleep"
6072.4s [1月26日（週一） 下午 7:00]   click [Sleep] Sleep until 7:00 AM
6080.3s [1月27日（週二） 下午 5:00]   toast: Riverlight Goods 咖啡 今天沒開門：吧台沒人顧。去僱一位咖啡師（人員分頁），或自己站吧台。
6081.3s [1月27日（週二） 下午 7:00]   use "Sleep"
6082.1s [1月27日（週二） 下午 7:00]   click [Sleep] Sleep until 7:00 AM
6089.9s [1月28日（週三） 下午 5:00]   toast: Riverlight Goods 咖啡 今天沒開門：吧台沒人顧。去僱一位咖啡師（人員分頁），或自己站吧台。
6090.9s [1月28日（週三） 下午 7:00]   use "Sleep"
6091.7s [1月28日（週三） 下午 7:00]   click [Sleep] Sleep until 7:00 AM
6099.3s [1月29日（週四） 下午 5:00]   toast: Riverlight Goods 咖啡 今天沒開門：吧台沒人顧。去僱一位咖啡師（人員分頁），或自己站吧台。
6100.2s [1月29日（週四） 下午 7:00]   shot 318_decision_supplier_price_increase.png
6100.2s [1月29日（週四） 下午 7:00]   decision supplier_price_increase → accept
6100.2s [1月29日（週四） 下午 7:00]   click [Choice_accept] 好。繼續跟你進貨。
6101.6s [1月29日（週四） 下午 7:00]   shot 319_decision_outcome_supplier_price_increase.png
6101.6s [1月29日（週四） 下午 7:00]   click "OK"
6102.2s [1月29日（週四） 下午 7:00]   use "Sleep"
6103.0s [1月29日（週四） 下午 7:00]   click [Sleep] Sleep until 7:00 AM
6110.7s [1月30日（週五） 下午 5:00]   toast: Riverlight Goods 咖啡 今天沒開門：吧台沒人顧。去僱一位咖啡師（人員分頁），或自己站吧台。
6111.7s [1月30日（週五） 下午 7:00]   use "Sleep"
6112.4s [1月30日（週五） 下午 7:00]   click [Sleep] Sleep until 7:00 AM
6120.2s [1月31日（週六） 下午 5:00]   toast: Riverlight Goods 咖啡 今天沒開門：吧台沒人顧。去僱一位咖啡師（人員分頁），或自己站吧台。
6121.1s [1月31日（週六） 下午 7:00]   use "Sleep"
6121.9s [1月31日（週六） 下午 7:00]   click [Sleep] Sleep until 7:00 AM
6127.3s [2月1日（週日） 上午 7:00]   info card: Exchange response — compare the assumptions
6127.4s [2月1日（週日） 上午 7:00]   shot 320_info_exchange_response_—_comp.png
6127.4s [2月1日（週日） 上午 7:00]   click "Close"
6129.3s [2月1日（週日） 上午 7:00]   shot 321_month_close_report.png
6129.3s [2月1日（週日） 上午 7:00]   click [month close] Continue
6130.6s [2月1日（週日） 上午 7:01]   shot 322_ch15_comparison.png
6130.6s [2月1日（週日） 上午 7:01]   ok  chapter15 completes from actual response and viewed month close
6130.6s [2月1日（週日） 上午 7:01] STEP Chapter 16 — Omar video, flight and distributor contract
6131.8s [2月1日（週日） 上午 7:03]   use "Use laptop — Company OS"
6132.8s [2月1日（週日） 上午 7:04]   click [Tab_sales] Ecommerce
6133.5s [2月1日（週日） 上午 7:06]   click [SalesPage_overseas] Overseas
6133.7s [2月1日（週日） 上午 7:06]   click [CompareLuminaPartners] Compare Lumina partners
6133.8s [2月1日（週日） 上午 7:06]   click [CallOmar] Video call Omar
6136.9s [2月1日（週日） 上午 7:06]   choose "› 讓我看看費用與風險。"
6138.7s [2月1日（週日） 上午 7:07]   shot 323_ch16_channel_choices.png
6138.7s [2月1日（週日） 上午 7:07]   click [LuminaFlight_co_riverlight_goods] 前往 Lumina — 公司帳戶
6145.4s [2月2日（週一） 上午 7:07]   info card: Lumina journey
6145.4s [2月2日（週一） 上午 7:07]   shot 324_info_lumina_journey.png
6145.4s [2月2日（週一） 上午 7:07]   click "Close"
6145.9s [2月2日（週一） 上午 7:07]   shot 325_ch16_trip_return.png
6145.9s [2月2日（週一） 上午 7:07]   click [LuminaFlight_player] 回程 — 個人帳戶
6148.4s [2月2日（週一） 下午 5:00]   toast: Riverlight Goods 咖啡 今天沒開門：吧台沒人顧。去僱一位咖啡師（人員分頁），或自己站吧台。
6152.6s [2月3日（週二） 上午 7:07]   info card: Lumina journey
6152.7s [2月3日（週二） 上午 7:07]   shot 326_info_lumina_journey.png
6152.7s [2月3日（週二） 上午 7:07]   click "Close"
6153.6s [2月3日（週二） 上午 7:08]   use "Use laptop — Company OS"
6154.6s [2月3日（週二） 上午 7:09]   click [Tab_operations] Operations
6156.0s [2月3日（週二） 上午 7:11]   click [DeliverTo_riverside_studio] 河濱大樓 7C
6157.3s [2月3日（週二） 上午 7:13]   click [Buy_tradelink_wholesale_wireless_earbuds] 購買 $918.00
6160.9s [2月3日（週二） 下午 5:00]   toast: Riverlight Goods 咖啡 今天沒開門：吧台沒人顧。去僱一位咖啡師（人員分頁），或自己站吧台。
6169.0s [2月3日（週二） 下午 7:11]   use "Sleep"
6169.8s [2月3日（週二） 下午 7:11]   click [Sleep] Sleep until 7:00 AM
6177.5s [2月4日（週三） 下午 5:00]   toast: Riverlight Goods 咖啡 今天沒開門：吧台沒人顧。去僱一位咖啡師（人員分頁），或自己站吧台。
6184.7s [2月4日（週三） 下午 7:09]   use "Sleep"
6185.5s [2月4日（週三） 下午 7:09]   click [Sleep] Sleep until 7:00 AM
6193.2s [2月5日（週四） 下午 5:00]   toast: Riverlight Goods 咖啡 今天沒開門：吧台沒人顧。去僱一位咖啡師（人員分頁），或自己站吧台。
6194.2s [2月5日（週四） 下午 7:00]   use "Sleep"
6195.0s [2月5日（週四） 下午 7:00]   click [Sleep] Sleep until 7:00 AM
6209.3s [2月6日（週五） 上午 7:14]   use "Packing table"
6210.2s [2月6日（週五） 上午 7:15]   click [Pack] 打包 14 筆訂單（1 小時 52 分）
6211.9s [2月6日（週五） 上午 9:08]   click [CourierEconomy] 快遞 · 經濟 3 天（$70.68）
6213.1s [2月6日（週五） 上午 9:10]   ok  real purchase supplies upcoming export or distributor shipment
6214.6s [2月6日（週五） 上午 9:12]   use "Use laptop — Company OS"
6215.7s [2月6日（週五） 上午 9:13]   click [Tab_sales] Ecommerce
6217.2s [2月6日（週五） 上午 9:16]   click [SalesPage_overseas] Overseas
6218.4s [2月6日（週五） 上午 9:17]   click [CompareLuminaPartners] Compare Lumina partners
6218.9s [2月6日（週五） 上午 9:18]   click [RequestOmarContract] Request distributor contract
6220.0s [2月6日（週五） 上午 9:19]   ok  a fresh distributor quote is accepted before contract controls
6220.1s [2月6日（週五） 上午 9:19]   shot 327_ch16_distributor_offer.png
6220.1s [2月6日（週五） 上午 9:19]   click [AcceptContract] Accept
6220.7s [2月6日（週五） 上午 9:20]   click [DeliverContract] 寄送 10 件到 Lumina；現在支付運費與關稅
6221.4s [2月6日（週五） 上午 10:50]   ok  native signing and dispatch put goods in transit
6221.4s [2月6日（週五） 上午 10:50]   shot 328_ch16_goods_in_transit.png
6224.5s [2月6日（週五） 下午 5:00]   toast: Riverlight Goods 咖啡 今天沒開門：吧台沒人顧。去僱一位咖啡師（人員分頁），或自己站吧台。
6233.1s [2月6日（週五） 下午 7:12]   use "Sleep"
6233.9s [2月6日（週五） 下午 7:12]   click [Sleep] Sleep until 7:00 AM
6248.5s [2月7日（週六） 上午 7:14]   use "Packing table"
6249.4s [2月7日（週六） 上午 7:15]   click [Pack] 打包 9 筆訂單（1 小時 12 分）
6250.8s [2月7日（週六） 上午 8:28]   click [CourierEconomy] 快遞 · 經濟 3 天（$47.58）
6254.2s [2月7日（週六） 下午 5:00]   toast: Riverlight Goods 咖啡 今天沒開門：吧台沒人顧。去僱一位咖啡師（人員分頁），或自己站吧台。
6264.0s [2月7日（週六） 下午 7:13]   use "Sleep"
6264.8s [2月7日（週六） 下午 7:13]   click [Sleep] Sleep until 7:00 AM
6279.2s [2月8日（週日） 上午 7:14]   use "Packing table"
6280.1s [2月8日（週日） 上午 7:15]   click [Pack] 打包 4 筆訂單（32 分鐘）
6281.0s [2月8日（週日） 上午 7:48]   click [CourierEconomy] 快遞 · 經濟 3 天（$24.48）
6294.6s [2月8日（週日） 下午 7:13]   use "Sleep"
6295.4s [2月8日（週日） 下午 7:13]   click [Sleep] Sleep until 7:00 AM
6309.8s [2月9日（週一） 上午 7:14]   use "Packing table"
6310.7s [2月9日（週一） 上午 7:15]   click [Pack] 打包 9 筆訂單（1 小時 12 分）
6312.1s [2月9日（週一） 上午 8:28]   click [CourierEconomy] 快遞 · 經濟 3 天（$47.58）
6315.9s [2月9日（週一） 下午 5:00]   toast: Riverlight Goods 咖啡 今天沒開門：吧台沒人顧。去僱一位咖啡師（人員分頁），或自己站吧台。
6325.8s [2月9日（週一） 下午 7:14]   use "Sleep"
6326.6s [2月9日（週一） 下午 7:14]   click [Sleep] Sleep until 7:00 AM
6341.1s [2月10日（週二） 上午 7:14]   use "Packing table"
6342.0s [2月10日（週二） 上午 7:15]   click [Pack] 打包 4 筆訂單（32 分鐘）
6342.8s [2月10日（週二） 上午 7:48]   click [CourierEconomy] 快遞 · 經濟 3 天（$24.48）
6346.6s [2月10日（週二） 下午 5:00]   toast: Riverlight Goods 咖啡 今天沒開門：吧台沒人顧。去僱一位咖啡師（人員分頁），或自己站吧台。
6356.6s [2月10日（週二） 下午 7:13]   use "Sleep"
6357.4s [2月10日（週二） 下午 7:13]   click [Sleep] Sleep until 7:00 AM
6366.2s [2月11日（週三） 下午 5:00]   toast: Riverlight Goods 咖啡 今天沒開門：吧台沒人顧。去僱一位咖啡師（人員分頁），或自己站吧台。
6373.4s [2月11日（週三） 下午 7:09]   use "Sleep"
6374.2s [2月11日（週三） 下午 7:09]   click [Sleep] Sleep until 7:00 AM
6382.8s [2月12日（週四） 下午 5:00]   toast: Riverlight Goods 咖啡 今天沒開門：吧台沒人顧。去僱一位咖啡師（人員分頁），或自己站吧台。
6383.9s [2月12日（週四） 下午 7:00]   use "Sleep"
6384.6s [2月12日（週四） 下午 7:00]   click [Sleep] Sleep until 7:00 AM
6393.0s [2月13日（週五） 下午 5:00]   toast: Riverlight Goods 咖啡 今天沒開門：吧台沒人顧。去僱一位咖啡師（人員分頁），或自己站吧台。
6394.1s [2月13日（週五） 下午 7:00]   use "Sleep"
6394.9s [2月13日（週五） 下午 7:00]   click [Sleep] Sleep until 7:00 AM
6403.1s [2月14日（週六） 下午 5:00]   toast: Riverlight Goods 咖啡 今天沒開門：吧台沒人顧。去僱一位咖啡師（人員分頁），或自己站吧台。
6404.1s [2月14日（週六） 下午 7:00]   use "Sleep"
6404.9s [2月14日（週六） 下午 7:00]   click [Sleep] Sleep until 7:00 AM
6414.5s [2月15日（週日） 下午 7:00]   use "Sleep"
6415.3s [2月15日（週日） 下午 7:00]   click [Sleep] Sleep until 7:00 AM
6424.0s [2月16日（週一） 下午 5:00]   toast: Riverlight Goods 咖啡 今天沒開門：吧台沒人顧。去僱一位咖啡師（人員分頁），或自己站吧台。
6425.0s [2月16日（週一） 下午 7:00]   use "Sleep"
6425.8s [2月16日（週一） 下午 7:00]   click [Sleep] Sleep until 7:00 AM
6433.9s [2月17日（週二） 下午 5:00]   toast: Riverlight Goods 咖啡 今天沒開門：吧台沒人顧。去僱一位咖啡師（人員分頁），或自己站吧台。
6434.8s [2月17日（週二） 下午 7:00]   shot 329_decision_supplier_price_increase.png
6434.8s [2月17日（週二） 下午 7:00]   decision supplier_price_increase → accept
6434.8s [2月17日（週二） 下午 7:00]   click [Choice_accept] 好。繼續跟你進貨。
6436.2s [2月17日（週二） 下午 7:00]   shot 330_decision_outcome_supplier_price_increase.png
6436.2s [2月17日（週二） 下午 7:00]   click "OK"
6443.3s [2月17日（週二） 下午 7:10]   use "Sleep"
6444.0s [2月17日（週二） 下午 7:10]   click [Sleep] Sleep until 7:00 AM
6452.3s [2月18日（週三） 下午 5:00]   toast: Riverlight Goods 咖啡 今天沒開門：吧台沒人顧。去僱一位咖啡師（人員分頁），或自己站吧台。
6453.2s [2月18日（週三） 下午 7:00]   use "Sleep"
6454.0s [2月18日（週三） 下午 7:00]   click [Sleep] Sleep until 7:00 AM
6461.9s [2月19日（週四） 下午 5:00]   toast: Riverlight Goods 咖啡 今天沒開門：吧台沒人顧。去僱一位咖啡師（人員分頁），或自己站吧台。
6462.9s [2月19日（週四） 下午 7:00]   use "Sleep"
6463.7s [2月19日（週四） 下午 7:00]   click [Sleep] Sleep until 7:00 AM
6471.9s [2月20日（週五） 下午 5:00]   toast: Riverlight Goods 咖啡 今天沒開門：吧台沒人顧。去僱一位咖啡師（人員分頁），或自己站吧台。
6472.9s [2月20日（週五） 下午 7:00]   use "Sleep"
6473.7s [2月20日（週五） 下午 7:00]   click [Sleep] Sleep until 7:00 AM
6481.8s [2月21日（週六） 下午 5:00]   toast: Riverlight Goods 咖啡 今天沒開門：吧台沒人顧。去僱一位咖啡師（人員分頁），或自己站吧台。
6482.9s [2月21日（週六） 下午 7:00]   use "Sleep"
6483.7s [2月21日（週六） 下午 7:00]   click [Sleep] Sleep until 7:00 AM
6499.5s [2月22日（週日） 下午 7:10]   use "Sleep"
6500.2s [2月22日（週日） 下午 7:10]   click [Sleep] Sleep until 7:00 AM
6508.3s [2月23日（週一） 下午 5:00]   toast: Riverlight Goods 咖啡 今天沒開門：吧台沒人顧。去僱一位咖啡師（人員分頁），或自己站吧台。
6509.3s [2月23日（週一） 下午 7:00]   use "Sleep"
6510.1s [2月23日（週一） 下午 7:00]   click [Sleep] Sleep until 7:00 AM
6518.3s [2月24日（週二） 下午 5:00]   toast: Riverlight Goods 咖啡 今天沒開門：吧台沒人顧。去僱一位咖啡師（人員分頁），或自己站吧台。
6519.3s [2月24日（週二） 下午 7:00]   use "Sleep"
6520.1s [2月24日（週二） 下午 7:00]   click [Sleep] Sleep until 7:00 AM
6528.2s [2月25日（週三） 下午 5:00]   toast: Riverlight Goods 咖啡 今天沒開門：吧台沒人顧。去僱一位咖啡師（人員分頁），或自己站吧台。
6529.3s [2月25日（週三） 下午 7:00]   use "Sleep"
6530.1s [2月25日（週三） 下午 7:00]   click [Sleep] Sleep until 7:00 AM
6538.4s [2月26日（週四） 下午 5:00]   toast: Riverlight Goods 咖啡 今天沒開門：吧台沒人顧。去僱一位咖啡師（人員分頁），或自己站吧台。
6539.4s [2月26日（週四） 下午 7:00]   use "Sleep"
6540.2s [2月26日（週四） 下午 7:00]   click [Sleep] Sleep until 7:00 AM
6548.2s [2月27日（週五） 下午 5:00]   toast: Riverlight Goods 咖啡 今天沒開門：吧台沒人顧。去僱一位咖啡師（人員分頁），或自己站吧台。
6549.3s [2月27日（週五） 下午 7:00]   info card: Customer ownership — 90-day estimate
6549.4s [2月27日（週五） 下午 7:00]   shot 331_info_customer_ownership_—_90-.png
6549.4s [2月27日（週五） 下午 7:00]   click "Close"
6550.8s [2月27日（週五） 下午 7:02]   shot 332_decision_rival_undercut.png
6550.8s [2月27日（週五） 下午 7:02]   decision rival_undercut → niche
6550.8s [2月27日（週五） 下午 7:02]   click [Choice_niche] 選擇利基市場
6552.2s [2月27日（週五） 下午 7:02]   shot 333_decision_outcome_rival_undercut.png
6552.2s [2月27日（週五） 下午 7:02]   click "OK"
6552.9s [2月27日（週五） 下午 7:03]   use "Sleep"
6553.7s [2月27日（週五） 下午 7:03]   click [Sleep] Sleep until 7:00 AM
6560.0s [2月28日（週六） 上午 7:01]   shot 334_ch16_90_day_comparison.png
6560.0s [2月28日（週六） 上午 7:02]   ok  chapter16 recognizes collected partner income
6560.0s [2月28日（週六） 上午 7:02] STEP Overseas warehouse — real lease and sea batch input
6561.2s [2月28日（週六） 上午 7:03]   use "Use laptop — Company OS"
6562.2s [2月28日（週六） 上午 7:05]   click [Tab_operations] Operations
6563.6s [2月28日（週六） 上午 7:07]   click [DeliverTo_riverside_studio] 河濱大樓 7C
6564.8s [2月28日（週六） 上午 7:09]   click [Buy_tradelink_wholesale_wireless_earbuds] 購買 $918.00
6568.6s [2月28日（週六） 下午 5:00]   toast: Riverlight Goods 咖啡 今天沒開門：吧台沒人顧。去僱一位咖啡師（人員分頁），或自己站吧台。
6577.1s [2月28日（週六） 下午 7:11]   use "Sleep"
6577.9s [2月28日（週六） 下午 7:11]   click [Sleep] Sleep until 7:00 AM
6587.1s [2月29日（週日） 下午 7:00]   use "Sleep"
6587.8s [2月29日（週日） 下午 7:00]   click [Sleep] Sleep until 7:00 AM
6594.9s [3月1日（週一） 上午 7:00]   shot 335_month_close_report.png
6594.9s [3月1日（週一） 上午 7:00]   click [month close] Continue
6598.2s [3月1日（週一） 下午 5:00]   toast: Riverlight Goods 咖啡 今天沒開門：吧台沒人顧。去僱一位咖啡師（人員分頁），或自己站吧台。
6599.2s [3月1日（週一） 下午 7:01]   use "Sleep"
6599.9s [3月1日（週一） 下午 7:01]   click [Sleep] Sleep until 7:00 AM
6614.3s [3月2日（週二） 上午 7:14]   use "Packing table"
6615.2s [3月2日（週二） 上午 7:15]   click [Pack] 打包 5 筆訂單（40 分鐘）
6616.1s [3月2日（週二） 上午 7:57]   click [CourierEconomy] 快遞 · 經濟 3 天（$29.10）
6617.2s [3月2日（週二） 上午 7:58]   ok  real purchase supplies upcoming export or distributor shipment
6619.1s [3月2日（週二） 上午 8:01]   use "Use laptop — Company OS"
6620.1s [3月2日（週二） 上午 8:01]   click [Tab_sales] Ecommerce
6620.8s [3月2日（週二） 上午 8:02]   click [SalesPage_overseas] Overseas
6621.0s [3月2日（週二） 上午 8:03]   click [CompareLuminaPartners] Compare Lumina partners
6621.1s [3月2日（週二） 上午 8:03]   click [PartnerChannel_warehouse] Overseas warehouse
6621.3s [3月2日（週二） 上午 8:03]   click [OpenLuminaWarehouse] 開設 Lumina 海外倉（$100.00）
6621.4s [3月2日（週二） 上午 8:03]   click [SendLuminaStock] Send stock by sea
6621.9s [3月2日（週二） 上午 8:04]   shot 336_ch16_warehouse_batch.png
6622.7s [3月2日（週二） 上午 8:05]   ok  warehouse batch really dispatched
6622.7s [3月2日（週二） 上午 8:05]   ok  chapters15–16 books balanced
6622.7s [3月2日（週二） 上午 8:05] STEP Chapter17 — native market news and real niche response
6623.2s [3月2日（週二） 上午 8:06]   use "Use laptop — Company OS"
6624.2s [3月2日（週二） 上午 8:07]   click [Tab_overview] Overview
6625.0s [3月2日（週二） 上午 8:08]   click [OpenLegacyStory] Consolidation and legacy
6625.2s [3月2日（週二） 上午 8:08]   click [read_consolidation_news] Read the consolidation news
6625.6s [3月2日（週二） 上午 8:13]   shot 337_ch17_news.png
6625.6s [3月2日（週二） 上午 8:13]   click [CloseInfo] Close
6626.1s [3月2日（週二） 上午 8:13]   shot 338_ch17_market_choice.png
6627.1s [3月2日（週二） 上午 8:13]   click [Strategy_niche] 利基 ✓
6628.8s [3月2日（週二） 上午 8:13]   click [apply_market_response] Apply price and operating response
6629.8s [3月2日（週二） 上午 8:13]   shot 339_ch17_price_and_campaign.png
6629.8s [3月2日（週二） 上午 8:13]   ok  real price and operating action recorded
6632.8s [3月2日（週二） 下午 5:00]   toast: Riverlight Goods 咖啡 今天沒開門：吧台沒人顧。去僱一位咖啡師（人員分頁），或自己站吧台。
6641.5s [3月2日（週二） 下午 7:11]   use "Sleep"
6642.2s [3月2日（週二） 下午 7:11]   click [Sleep] Sleep until 7:00 AM
6656.6s [3月3日（週三） 上午 7:14]   use "Packing table"
6657.5s [3月3日（週三） 上午 7:15]   click [Pack] 打包 3 筆訂單（24 分鐘）
6658.4s [3月3日（週三） 上午 7:40]   click [CourierEconomy] 快遞 · 經濟 3 天（$19.86）
6662.1s [3月3日（週三） 下午 5:00]   toast: Riverlight Goods 咖啡 今天沒開門：吧台沒人顧。去僱一位咖啡師（人員分頁），或自己站吧台。
6671.8s [3月3日（週三） 下午 7:13]   use "Sleep"
6672.6s [3月3日（週三） 下午 7:13]   click [Sleep] Sleep until 7:00 AM
6687.2s [3月4日（週四） 上午 7:14]   use "Packing table"
6688.1s [3月4日（週四） 上午 7:15]   click [Pack] 打包 3 筆訂單（24 分鐘）
6689.0s [3月4日（週四） 上午 7:40]   click [CourierEconomy] 快遞 · 經濟 3 天（$19.86）
6692.8s [3月4日（週四） 下午 5:00]   toast: Riverlight Goods 咖啡 今天沒開門：吧台沒人顧。去僱一位咖啡師（人員分頁），或自己站吧台。
6703.0s [3月4日（週四） 下午 7:13]   use "Sleep"
6703.8s [3月4日（週四） 下午 7:13]   click [Sleep] Sleep until 7:00 AM
6718.2s [3月5日（週五） 上午 7:14]   use "Packing table"
6719.1s [3月5日（週五） 上午 7:15]   click [Pack] 打包 5 筆訂單（40 分鐘）
6720.2s [3月5日（週五） 上午 7:56]   click [CourierEconomy] 快遞 · 經濟 3 天（$29.10）
6724.3s [3月5日（週五） 下午 5:00]   toast: Riverlight Goods 咖啡 今天沒開門：吧台沒人顧。去僱一位咖啡師（人員分頁），或自己站吧台。
6734.3s [3月5日（週五） 下午 7:13]   use "Sleep"
6735.1s [3月5日（週五） 下午 7:13]   click [Sleep] Sleep until 7:00 AM
6749.2s [3月6日（週六） 上午 7:14]   use "Packing table"
6750.1s [3月6日（週六） 上午 7:15]   click [Pack] 打包 1 筆訂單（8 分鐘）
6751.0s [3月6日（週六） 上午 7:24]   click [CourierEconomy] 快遞 · 經濟 3 天（$10.62）
6754.8s [3月6日（週六） 下午 5:00]   toast: Riverlight Goods 咖啡 今天沒開門：吧台沒人顧。去僱一位咖啡師（人員分頁），或自己站吧台。
6764.6s [3月6日（週六） 下午 7:13]   use "Sleep"
6765.4s [3月6日（週六） 下午 7:13]   click [Sleep] Sleep until 7:00 AM
6779.8s [3月7日（週日） 上午 7:14]   use "Packing table"
6780.7s [3月7日（週日） 上午 7:15]   click [Pack] 打包 4 筆訂單（32 分鐘）
6781.6s [3月7日（週日） 上午 7:48]   click [CourierEconomy] 快遞 · 經濟 3 天（$24.48）
6795.0s [3月7日（週日） 下午 7:13]   use "Sleep"
6795.8s [3月7日（週日） 下午 7:13]   click [Sleep] Sleep until 7:00 AM
6810.6s [3月8日（週一） 上午 7:14]   use "Packing table"
6811.5s [3月8日（週一） 上午 7:15]   click [Pack] 打包 5 筆訂單（40 分鐘）
6812.7s [3月8日（週一） 上午 7:56]   click [CourierEconomy] 快遞 · 經濟 3 天（$29.10）
6816.6s [3月8日（週一） 下午 5:00]   toast: Riverlight Goods 咖啡 今天沒開門：吧台沒人顧。去僱一位咖啡師（人員分頁），或自己站吧台。
6826.6s [3月8日（週一） 下午 7:13]   use "Sleep"
6827.4s [3月8日（週一） 下午 7:13]   click [Sleep] Sleep until 7:00 AM
6832.8s [3月9日（週二） 上午 7:00]   shot 340_decision_cafe_inspection.png
6832.8s [3月9日（週二） 上午 7:00]   decision cafe_inspection → prepare
6832.8s [3月9日（週二） 上午 7:00]   click [Choice_prepare] 清潔十五分鐘後接受檢查
6834.2s [3月9日（週二） 上午 7:15]   shot 341_decision_outcome_cafe_inspection.png
6834.2s [3月9日（週二） 上午 7:15]   click "OK"
6843.5s [3月9日（週二） 上午 7:29]   use "Packing table"
6844.5s [3月9日（週二） 上午 7:30]   click [Pack] 打包 6 筆訂單（48 分鐘）
6845.9s [3月9日（週二） 上午 8:19]   click [CourierEconomy] 快遞 · 經濟 3 天（$33.72）
6850.6s [3月9日（週二） 下午 7:00]   shot 342_decision_supplier_price_increase.png
6850.6s [3月9日（週二） 下午 7:00]   decision supplier_price_increase → accept
6850.6s [3月9日（週二） 下午 7:00]   click [Choice_accept] 好。繼續跟你進貨。
6851.9s [3月9日（週二） 下午 7:00]   shot 343_decision_outcome_supplier_price_increase.png
6851.9s [3月9日（週二） 下午 7:00]   click "OK"
6861.3s [3月9日（週二） 下午 7:14]   use "Sleep"
6862.1s [3月9日（週二） 下午 7:14]   click [Sleep] Sleep until 7:00 AM
6876.6s [3月10日（週三） 上午 7:14]   use "Packing table"
6877.5s [3月10日（週三） 上午 7:15]   click [Pack] 打包 1 筆訂單（8 分鐘）
6878.6s [3月10日（週三） 上午 7:24]   click [CourierEconomy] 快遞 · 經濟 3 天（$10.62）
6882.4s [3月10日（週三） 下午 5:00]   toast: Riverlight Goods 咖啡 今天沒開門：吧台沒人顧。去僱一位咖啡師（人員分頁），或自己站吧台。
6882.5s [3月10日（週三） 下午 5:56]   toast: 新評價 #5508：★★★「品質普通。」
6892.4s [3月10日（週三） 下午 7:13]   use "Sleep"
6893.2s [3月10日（週三） 下午 7:13]   click [Sleep] Sleep until 7:00 AM
6907.5s [3月11日（週四） 上午 7:14]   use "Packing table"
6908.4s [3月11日（週四） 上午 7:15]   click [Pack] 打包 2 筆訂單（16 分鐘）
6909.5s [3月11日（週四） 上午 7:32]   click [CourierEconomy] 快遞 · 經濟 3 天（$15.24）
6913.2s [3月11日（週四） 下午 5:00]   toast: Riverlight Goods 咖啡 今天沒開門：吧台沒人顧。去僱一位咖啡師（人員分頁），或自己站吧台。
6923.0s [3月11日（週四） 下午 7:13]   use "Sleep"
6923.8s [3月11日（週四） 下午 7:13]   click [Sleep] Sleep until 7:00 AM
6938.0s [3月12日（週五） 上午 7:14]   use "Packing table"
6938.9s [3月12日（週五） 上午 7:15]   click [Pack] 打包 4 筆訂單（32 分鐘）
6940.0s [3月12日（週五） 上午 7:48]   click [CourierEconomy] 快遞 · 經濟 3 天（$24.48）
6943.8s [3月12日（週五） 下午 5:00]   toast: Riverlight Goods 咖啡 今天沒開門：吧台沒人顧。去僱一位咖啡師（人員分頁），或自己站吧台。
6953.6s [3月12日（週五） 下午 7:13]   use "Sleep"
6954.4s [3月12日（週五） 下午 7:13]   click [Sleep] Sleep until 7:00 AM
6962.6s [3月13日（週六） 下午 5:00]   toast: Riverlight Goods 咖啡 今天沒開門：吧台沒人顧。去僱一位咖啡師（人員分頁），或自己站吧台。
6969.9s [3月13日（週六） 下午 7:09]   use "Sleep"
6970.7s [3月13日（週六） 下午 7:09]   click [Sleep] Sleep until 7:00 AM
6979.7s [3月14日（週日） 下午 7:00]   use "Sleep"
6980.5s [3月14日（週日） 下午 7:00]   click [Sleep] Sleep until 7:00 AM
6988.5s [3月15日（週一） 下午 5:00]   toast: Riverlight Goods 咖啡 今天沒開門：吧台沒人顧。去僱一位咖啡師（人員分頁），或自己站吧台。
6989.6s [3月15日（週一） 下午 7:00]   use "Sleep"
6990.3s [3月15日（週一） 下午 7:00]   click [Sleep] Sleep until 7:00 AM
6998.3s [3月16日（週二） 下午 5:00]   toast: Riverlight Goods 咖啡 今天沒開門：吧台沒人顧。去僱一位咖啡師（人員分頁），或自己站吧台。
6999.3s [3月16日（週二） 下午 7:00]   use "Sleep"
7000.0s [3月16日（週二） 下午 7:00]   click [Sleep] Sleep until 7:00 AM
7008.2s [3月17日（週三） 下午 5:00]   toast: Riverlight Goods 咖啡 今天沒開門：吧台沒人顧。去僱一位咖啡師（人員分頁），或自己站吧台。
7009.2s [3月17日（週三） 下午 7:00]   use "Sleep"
7010.0s [3月17日（週三） 下午 7:00]   click [Sleep] Sleep until 7:00 AM
7018.3s [3月18日（週四） 下午 5:00]   toast: Riverlight Goods 咖啡 今天沒開門：吧台沒人顧。去僱一位咖啡師（人員分頁），或自己站吧台。
7019.2s [3月18日（週四） 下午 7:00]   use "Sleep"
7020.0s [3月18日（週四） 下午 7:00]   click [Sleep] Sleep until 7:00 AM
7028.1s [3月19日（週五） 下午 5:00]   toast: Riverlight Goods 咖啡 今天沒開門：吧台沒人顧。去僱一位咖啡師（人員分頁），或自己站吧台。
7035.5s [3月19日（週五） 下午 7:10]   use "Sleep"
7036.3s [3月19日（週五） 下午 7:10]   click [Sleep] Sleep until 7:00 AM
7044.4s [3月20日（週六） 下午 5:00]   toast: Riverlight Goods 咖啡 今天沒開門：吧台沒人顧。去僱一位咖啡師（人員分頁），或自己站吧台。
7045.4s [3月20日（週六） 下午 7:00]   use "Sleep"
7046.2s [3月20日（週六） 下午 7:00]   click [Sleep] Sleep until 7:00 AM
7055.2s [3月21日（週日） 下午 7:00]   use "Sleep"
7056.0s [3月21日（週日） 下午 7:00]   click [Sleep] Sleep until 7:00 AM
7064.1s [3月22日（週一） 下午 5:00]   toast: Riverlight Goods 咖啡 今天沒開門：吧台沒人顧。去僱一位咖啡師（人員分頁），或自己站吧台。
7065.1s [3月22日（週一） 下午 7:00]   use "Sleep"
7065.9s [3月22日（週一） 下午 7:00]   click [Sleep] Sleep until 7:00 AM
7073.9s [3月23日（週二） 下午 5:00]   toast: Riverlight Goods 咖啡 今天沒開門：吧台沒人顧。去僱一位咖啡師（人員分頁），或自己站吧台。
7074.9s [3月23日（週二） 下午 7:00]   use "Sleep"
7075.7s [3月23日（週二） 下午 7:00]   click [Sleep] Sleep until 7:00 AM
7083.9s [3月24日（週三） 下午 5:00]   toast: Riverlight Goods 咖啡 今天沒開門：吧台沒人顧。去僱一位咖啡師（人員分頁），或自己站吧台。
7091.4s [3月24日（週三） 下午 7:10]   use "Sleep"
7092.2s [3月24日（週三） 下午 7:10]   click [Sleep] Sleep until 7:00 AM
7100.2s [3月25日（週四） 下午 5:00]   toast: Riverlight Goods 咖啡 今天沒開門：吧台沒人顧。去僱一位咖啡師（人員分頁），或自己站吧台。
7101.2s [3月25日（週四） 下午 7:00]   use "Sleep"
7102.0s [3月25日（週四） 下午 7:00]   click [Sleep] Sleep until 7:00 AM
7110.0s [3月26日（週五） 下午 5:00]   toast: Riverlight Goods 咖啡 今天沒開門：吧台沒人顧。去僱一位咖啡師（人員分頁），或自己站吧台。
7111.0s [3月26日（週五） 下午 7:00]   use "Sleep"
7111.8s [3月26日（週五） 下午 7:00]   click [Sleep] Sleep until 7:00 AM
7119.9s [3月27日（週六） 下午 5:00]   toast: Riverlight Goods 咖啡 今天沒開門：吧台沒人顧。去僱一位咖啡師（人員分頁），或自己站吧台。
7120.9s [3月27日（週六） 下午 7:00]   use "Sleep"
7121.7s [3月27日（週六） 下午 7:00]   click [Sleep] Sleep until 7:00 AM
7130.6s [3月28日（週日） 下午 7:00]   use "Sleep"
7131.4s [3月28日（週日） 下午 7:00]   click [Sleep] Sleep until 7:00 AM
7139.4s [3月29日（週一） 下午 5:00]   toast: Riverlight Goods 咖啡 今天沒開門：吧台沒人顧。去僱一位咖啡師（人員分頁），或自己站吧台。
7146.9s [3月29日（週一） 下午 7:10]   use "Sleep"
7147.7s [3月29日（週一） 下午 7:10]   click [Sleep] Sleep until 7:00 AM
7155.8s [3月30日（週二） 下午 5:00]   toast: Riverlight Goods 咖啡 今天沒開門：吧台沒人顧。去僱一位咖啡師（人員分頁），或自己站吧台。
7156.7s [3月30日（週二） 下午 7:00]   shot 344_decision_low_cash_warning.png
7156.7s [3月30日（週二） 下午 7:00]   decision low_cash_warning → reduce
7156.7s [3月30日（週二） 下午 7:00]   click [Choice_reduce] 縮減開支（暫停廣告、生活從簡）
7158.2s [3月30日（週二） 下午 7:00]   shot 345_decision_outcome_low_cash_warning.png
7158.2s [3月30日（週二） 下午 7:00]   click "OK"
7158.9s [3月30日（週二） 下午 7:00]   use "Sleep"
7159.7s [3月30日（週二） 下午 7:00]   click [Sleep] Sleep until 7:00 AM
7167.6s [3月31日（週三） 下午 5:00]   toast: Riverlight Goods 咖啡 今天沒開門：吧台沒人顧。去僱一位咖啡師（人員分頁），或自己站吧台。
7168.5s [3月31日（週三） 下午 7:00]   shot 346_decision_supplier_price_increase.png
7168.5s [3月31日（週三） 下午 7:00]   decision supplier_price_increase → accept
7168.5s [3月31日（週三） 下午 7:00]   click [Choice_accept] 好。繼續跟你進貨。
7169.9s [3月31日（週三） 下午 7:00]   shot 347_decision_outcome_supplier_price_increase.png
7169.9s [3月31日（週三） 下午 7:00]   click "OK"
7170.5s [3月31日（週三） 下午 7:00]   use "Sleep"
7171.3s [3月31日（週三） 下午 7:00]   click [Sleep] Sleep until 7:00 AM
7178.3s [4月1日（週四） 上午 7:00]   shot 348_month_close_report.png
7178.3s [4月1日（週四） 上午 7:00]   click [month close] Continue
7181.6s [4月1日（週四） 下午 5:00]   toast: Riverlight Goods 咖啡 今天沒開門：吧台沒人顧。去僱一位咖啡師（人員分頁），或自己站吧台。
7182.6s [4月1日（週四） 下午 7:01]   use "Sleep"
7183.3s [4月1日（週四） 下午 7:01]   click [Sleep] Sleep until 7:00 AM
7191.3s [4月2日（週五） 下午 5:00]   toast: 薪水發不出來：現金不夠付 $675。公司欠團隊 $675。
7191.3s [4月2日（週五） 下午 5:00]   toast: Riverlight Goods 咖啡 今天沒開門：吧台沒人顧。去僱一位咖啡師（人員分頁），或自己站吧台。
7192.2s [4月2日（週五） 下午 7:00]   shot 349_decision_low_cash_warning.png
7192.2s [4月2日（週五） 下午 7:00]   decision low_cash_warning → reduce
7192.2s [4月2日（週五） 下午 7:00]   click [Choice_reduce] 縮減開支（暫停廣告、生活從簡）
7193.8s [4月2日（週五） 下午 7:00]   shot 350_decision_outcome_low_cash_warning.png
7193.8s [4月2日（週五） 下午 7:00]   click "OK"
7194.5s [4月2日（週五） 下午 7:00]   use "Sleep"
7195.2s [4月2日（週五） 下午 7:00]   click [Sleep] Sleep until 7:00 AM
7203.3s [4月3日（週六） 下午 5:00]   toast: Riverlight Goods 咖啡 今天沒開門：吧台沒人顧。去僱一位咖啡師（人員分頁），或自己站吧台。
7210.8s [4月3日（週六） 下午 7:10]   use "Sleep"
7211.5s [4月3日（週六） 下午 7:10]   click [Sleep] Sleep until 7:00 AM
7220.5s [4月4日（週日） 下午 7:00]   use "Sleep"
7221.2s [4月4日（週日） 下午 7:00]   click [Sleep] Sleep until 7:00 AM
7229.3s [4月5日（週一） 下午 5:00]   toast: Riverlight Goods 咖啡 今天沒開門：吧台沒人顧。去僱一位咖啡師（人員分頁），或自己站吧台。
7230.2s [4月5日（週一） 下午 7:00]   shot 351_decision_low_cash_warning.png
7230.2s [4月5日（週一） 下午 7:00]   decision low_cash_warning → reduce
7230.2s [4月5日（週一） 下午 7:00]   click [Choice_reduce] 縮減開支（暫停廣告、生活從簡）
7231.8s [4月5日（週一） 下午 7:00]   shot 352_decision_outcome_low_cash_warning.png
7231.8s [4月5日（週一） 下午 7:00]   click "OK"
7232.4s [4月5日（週一） 下午 7:00]   use "Sleep"
7233.2s [4月5日（週一） 下午 7:00]   click [Sleep] Sleep until 7:00 AM
7241.1s [4月6日（週二） 下午 5:00]   toast: Riverlight Goods 咖啡 今天沒開門：吧台沒人顧。去僱一位咖啡師（人員分頁），或自己站吧台。
7242.1s [4月6日（週二） 下午 7:00]   use "Sleep"
7242.9s [4月6日（週二） 下午 7:00]   click [Sleep] Sleep until 7:00 AM
7250.9s [4月7日（週三） 下午 5:00]   toast: Riverlight Goods 咖啡 今天沒開門：吧台沒人顧。去僱一位咖啡師（人員分頁），或自己站吧台。
7251.9s [4月7日（週三） 下午 7:00]   use "Sleep"
7252.7s [4月7日（週三） 下午 7:00]   click [Sleep] Sleep until 7:00 AM
7260.7s [4月8日（週四） 下午 5:00]   toast: Riverlight Goods 咖啡 今天沒開門：吧台沒人顧。去僱一位咖啡師（人員分頁），或自己站吧台。
7261.6s [4月8日（週四） 下午 7:00]   shot 353_decision_low_cash_warning.png
7261.6s [4月8日（週四） 下午 7:00]   decision low_cash_warning → reduce
7261.6s [4月8日（週四） 下午 7:00]   click [Choice_reduce] 縮減開支（暫停廣告、生活從簡）
7263.2s [4月8日（週四） 下午 7:00]   shot 354_decision_outcome_low_cash_warning.png
7263.2s [4月8日（週四） 下午 7:00]   click "OK"
7270.3s [4月8日（週四） 下午 7:10]   use "Sleep"
7271.1s [4月8日（週四） 下午 7:10]   click [Sleep] Sleep until 7:00 AM
7278.0s [4月9日（週五） 下午 1:20]   toast: Nexus 銀行要求貸款 L1 立即清償：7 天內須還 $7,925。
7279.1s [4月9日（週五） 下午 5:00]   toast: 薪水發不出來：現金不夠付 $1,350。公司欠團隊 $1,350。
7279.1s [4月9日（週五） 下午 5:00]   toast: Riverlight Goods 咖啡 今天沒開門：吧台沒人顧。去僱一位咖啡師（人員分頁），或自己站吧台。
7280.2s [4月9日（週五） 下午 7:00]   use "Sleep"
7281.0s [4月9日（週五） 下午 7:00]   click [Sleep] Sleep until 7:00 AM
7289.0s [4月10日（週六） 下午 5:00]   toast: Riverlight Goods 咖啡 今天沒開門：吧台沒人顧。去僱一位咖啡師（人員分頁），或自己站吧台。
7290.0s [4月10日（週六） 下午 7:00]   use "Sleep"
7290.8s [4月10日（週六） 下午 7:00]   click [Sleep] Sleep until 7:00 AM
7299.6s [4月11日（週日） 下午 7:00]   shot 355_decision_low_cash_warning.png
7299.6s [4月11日（週日） 下午 7:00]   decision low_cash_warning → reduce
7299.6s [4月11日（週日） 下午 7:00]   click [Choice_reduce] 縮減開支（暫停廣告、生活從簡）
7301.2s [4月11日（週日） 下午 7:00]   shot 356_decision_outcome_low_cash_warning.png
7301.2s [4月11日（週日） 下午 7:00]   click "OK"
7301.9s [4月11日（週日） 下午 7:00]   use "Sleep"
7302.7s [4月11日（週日） 下午 7:00]   click [Sleep] Sleep until 7:00 AM
7310.8s [4月12日（週一） 下午 5:00]   toast: Riverlight Goods 咖啡 今天沒開門：吧台沒人顧。去僱一位咖啡師（人員分頁），或自己站吧台。
7311.9s [4月12日（週一） 下午 7:00]   use "Sleep"
7312.7s [4月12日（週一） 下午 7:00]   click [Sleep] Sleep until 7:00 AM
7320.5s [4月13日（週二） 下午 5:00]   toast: Riverlight Goods 咖啡 今天沒開門：吧台沒人顧。去僱一位咖啡師（人員分頁），或自己站吧台。
7328.2s [4月13日（週二） 下午 7:10]   use "Sleep"
7328.9s [4月13日（週二） 下午 7:10]   click [Sleep] Sleep until 7:00 AM
7337.0s [4月14日（週三） 下午 5:00]   toast: Riverlight Goods 咖啡 今天沒開門：吧台沒人顧。去僱一位咖啡師（人員分頁），或自己站吧台。
7337.9s [4月14日（週三） 下午 7:00]   shot 357_decision_low_cash_warning.png
7337.9s [4月14日（週三） 下午 7:00]   decision low_cash_warning → reduce
7337.9s [4月14日（週三） 下午 7:00]   click [Choice_reduce] 縮減開支（暫停廣告、生活從簡）
7339.5s [4月14日（週三） 下午 7:00]   shot 358_decision_outcome_low_cash_warning.png
7339.5s [4月14日（週三） 下午 7:00]   click "OK"
7340.2s [4月14日（週三） 下午 7:00]   use "Sleep"
7341.0s [4月14日（週三） 下午 7:00]   click [Sleep] Sleep until 7:00 AM
7349.2s [4月15日（週四） 下午 5:00]   toast: Riverlight Goods 咖啡 今天沒開門：吧台沒人顧。去僱一位咖啡師（人員分頁），或自己站吧台。
7350.2s [4月15日（週四） 下午 7:00]   use "Sleep"
7351.0s [4月15日（週四） 下午 7:00]   click [Sleep] Sleep until 7:00 AM
7358.0s [4月16日（週五） 下午 1:20]   toast: Riverlight Goods 付不出債務了，你必須決定接下來怎麼做。
7359.0s [4月16日（週五） 下午 5:00]   toast: 薪水發不出來：現金不夠付 $2,025。公司欠團隊 $2,025。
7359.0s [4月16日（週五） 下午 5:00]   toast: Luis Novak 離職了。
7359.0s [4月16日（週五） 下午 5:00]   toast: Riverlight Goods 咖啡 今天沒開門：吧台沒人顧。去僱一位咖啡師（人員分頁），或自己站吧台。
7359.9s [4月16日（週五） 下午 7:00] FAIL company closed during the walkthrough; recovery is required before business steps
7364.9s [4月16日（週五） 下午 7:00] FAIL button 'StartOver' not found
7364.9s [4月16日（週五） 下午 7:00]       diag: modal=Control:InsolvencyModal dialogue=false phone=false
7364.9s [4月16日（週五） 下午 7:00] FAIL company closed during the walkthrough; recovery is required before business steps
7369.9s [4月16日（週五） 下午 7:00] FAIL button 'StartOver' not found
7369.9s [4月16日（週五） 下午 7:00]       diag: modal=Control:InsolvencyModal dialogue=false phone=false
7369.9s [4月16日（週五） 下午 7:00] FAIL company closed during the walkthrough; recovery is required before business steps
7375.3s [4月16日（週五） 下午 7:00] FAIL button 'StartOver' not found
7375.3s [4月16日（週五） 下午 7:00]       diag: modal=Control:InsolvencyModal dialogue=false phone=false
7375.4s [4月16日（週五） 下午 7:00] FAIL company closed during the walkthrough; recovery is required before business steps
7380.4s [4月16日（週五） 下午 7:00] FAIL button 'StartOver' not found
7380.4s [4月16日（週五） 下午 7:00]       diag: modal=Control:InsolvencyModal dialogue=false phone=false
7380.4s [4月16日（週五） 下午 7:00] FAIL company closed during the walkthrough; recovery is required before business steps
7385.4s [4月16日（週五） 下午 7:00] FAIL button 'StartOver' not found
7385.4s [4月16日（週五） 下午 7:00]       diag: modal=Control:InsolvencyModal dialogue=false phone=false
7385.4s [4月16日（週五） 下午 7:00] FAIL company closed during the walkthrough; recovery is required before business steps
7390.4s [4月16日（週五） 下午 7:00] FAIL button 'StartOver' not found
7390.4s [4月16日（週五） 下午 7:00]       diag: modal=Control:InsolvencyModal dialogue=false phone=false
7390.4s [4月16日（週五） 下午 7:00] FAIL company closed during the walkthrough; recovery is required before business steps
7395.4s [4月16日（週五） 下午 7:00] FAIL button 'StartOver' not found
7395.4s [4月16日（週五） 下午 7:00]       diag: modal=Control:InsolvencyModal dialogue=false phone=false
7395.4s [4月16日（週五） 下午 7:00] FAIL company closed during the walkthrough; recovery is required before business steps
7400.4s [4月16日（週五） 下午 7:00] FAIL button 'StartOver' not found
7400.4s [4月16日（週五） 下午 7:00]       diag: modal=Control:InsolvencyModal dialogue=false phone=false
7400.4s [4月16日（週五） 下午 7:00] FAIL company closed during the walkthrough; recovery is required before business steps
7405.4s [4月16日（週五） 下午 7:00] FAIL button 'StartOver' not found
7405.4s [4月16日（週五） 下午 7:00]       diag: modal=Control:InsolvencyModal dialogue=false phone=false
7405.5s [4月16日（週五） 下午 7:00] FAIL company closed during the walkthrough; recovery is required before business steps
7410.5s [4月16日（週五） 下午 7:00] FAIL button 'StartOver' not found
7410.5s [4月16日（週五） 下午 7:00]       diag: modal=Control:InsolvencyModal dialogue=false phone=false
7410.5s [4月16日（週五） 下午 7:00] FAIL company closed during the walkthrough; recovery is required before business steps
7415.5s [4月16日（週五） 下午 7:00] FAIL button 'StartOver' not found
7415.5s [4月16日（週五） 下午 7:00]       diag: modal=Control:InsolvencyModal dialogue=false phone=false
7415.5s [4月16日（週五） 下午 7:00] FAIL company closed during the walkthrough; recovery is required before business steps
7420.5s [4月16日（週五） 下午 7:00] FAIL button 'StartOver' not found
7420.5s [4月16日（週五） 下午 7:00]       diag: modal=Control:InsolvencyModal dialogue=false phone=false
7420.5s [4月16日（週五） 下午 7:00] FAIL company closed during the walkthrough; recovery is required before business steps
7425.5s [4月16日（週五） 下午 7:00] FAIL button 'StartOver' not found
7425.5s [4月16日（週五） 下午 7:00]       diag: modal=Control:InsolvencyModal dialogue=false phone=false
7425.5s [4月16日（週五） 下午 7:00] FAIL company closed during the walkthrough; recovery is required before business steps
7430.5s [4月16日（週五） 下午 7:00] FAIL button 'StartOver' not found
7430.5s [4月16日（週五） 下午 7:00]       diag: modal=Control:InsolvencyModal dialogue=false phone=false
7430.5s [4月16日（週五） 下午 7:00] FAIL company closed during the walkthrough; recovery is required before business steps
7435.5s [4月16日（週五） 下午 7:00] FAIL button 'StartOver' not found
7435.6s [4月16日（週五） 下午 7:00]       diag: modal=Control:InsolvencyModal dialogue=false phone=false
7435.6s [4月16日（週五） 下午 7:00] FAIL company closed during the walkthrough; recovery is required before business steps
7440.6s [4月16日（週五） 下午 7:00] FAIL button 'StartOver' not found
7440.6s [4月16日（週五） 下午 7:00]       diag: modal=Control:InsolvencyModal dialogue=false phone=false
7440.6s [4月16日（週五） 下午 7:00] FAIL company closed during the walkthrough; recovery is required before business steps
7445.6s [4月16日（週五） 下午 7:00] FAIL button 'StartOver' not found
7445.6s [4月16日（週五） 下午 7:00]       diag: modal=Control:InsolvencyModal dialogue=false phone=false
7445.6s [4月16日（週五） 下午 7:00] FAIL company closed during the walkthrough; recovery is required before business steps
7450.6s [4月16日（週五） 下午 7:00] FAIL button 'StartOver' not found
7450.6s [4月16日（週五） 下午 7:00]       diag: modal=Control:InsolvencyModal dialogue=false phone=false
7450.6s [4月16日（週五） 下午 7:00] FAIL company closed during the walkthrough; recovery is required before business steps
7455.6s [4月16日（週五） 下午 7:00] FAIL button 'StartOver' not found
7455.6s [4月16日（週五） 下午 7:00]       diag: modal=Control:InsolvencyModal dialogue=false phone=false
7455.6s [4月16日（週五） 下午 7:00] FAIL company closed during the walkthrough; recovery is required before business steps
7460.6s [4月16日（週五） 下午 7:00] FAIL button 'StartOver' not found
7460.6s [4月16日（週五） 下午 7:00]       diag: modal=Control:InsolvencyModal dialogue=false phone=false
7460.6s [4月16日（週五） 下午 7:00] FAIL company closed during the walkthrough; recovery is required before business steps
7465.6s [4月16日（週五） 下午 7:00] FAIL button 'StartOver' not found
7465.7s [4月16日（週五） 下午 7:00]       diag: modal=Control:InsolvencyModal dialogue=false phone=false
7465.7s [4月16日（週五） 下午 7:00] FAIL company closed during the walkthrough; recovery is required before business steps
7470.7s [4月16日（週五） 下午 7:00] FAIL button 'StartOver' not found
7470.7s [4月16日（週五） 下午 7:00]       diag: modal=Control:InsolvencyModal dialogue=false phone=false
7470.7s [4月16日（週五） 下午 7:00] FAIL company closed during the walkthrough; recovery is required before business steps
7475.7s [4月16日（週五） 下午 7:00] FAIL button 'StartOver' not found
7475.7s [4月16日（週五） 下午 7:00]       diag: modal=Control:InsolvencyModal dialogue=false phone=false
7475.7s [4月16日（週五） 下午 7:00] FAIL company closed during the walkthrough; recovery is required before business steps
7480.7s [4月16日（週五） 下午 7:00] FAIL button 'StartOver' not found
7480.7s [4月16日（週五） 下午 7:00]       diag: modal=Control:InsolvencyModal dialogue=false phone=false
7480.7s [4月16日（週五） 下午 7:00] FAIL company closed during the walkthrough; recovery is required before business steps
7485.7s [4月16日（週五） 下午 7:00] FAIL button 'StartOver' not found
7485.7s [4月16日（週五） 下午 7:00]       diag: modal=Control:InsolvencyModal dialogue=false phone=false
7485.7s [4月16日（週五） 下午 7:00] FAIL company closed during the walkthrough; recovery is required before business steps
7490.7s [4月16日（週五） 下午 7:00] FAIL button 'StartOver' not found
7490.7s [4月16日（週五） 下午 7:00]       diag: modal=Control:InsolvencyModal dialogue=false phone=false
7490.7s [4月16日（週五） 下午 7:00] FAIL company closed during the walkthrough; recovery is required before business steps
7495.7s [4月16日（週五） 下午 7:00] FAIL button 'StartOver' not found
7495.7s [4月16日（週五） 下午 7:00]       diag: modal=Control:InsolvencyModal dialogue=false phone=false
7495.7s [4月16日（週五） 下午 7:00] FAIL company closed during the walkthrough; recovery is required before business steps
7500.8s [4月16日（週五） 下午 7:00] FAIL button 'StartOver' not found
7500.8s [4月16日（週五） 下午 7:00]       diag: modal=Control:InsolvencyModal dialogue=false phone=false
7500.8s [4月16日（週五） 下午 7:00] FAIL company closed during the walkthrough; recovery is required before business steps
