Godot Engine v4.5.1.stable.official.f62fdbde1 - https://godotengine.org

[   0% ] [90m[1mfirst_scan_filesystem[22m | Started 專案初始化中 (5 steps)[39m[0m
[   0% ] [90m[1mfirst_scan_filesystem[22m | 正在掃描檔案結構…[39m[0m
[  16% ] [90m[1mfirst_scan_filesystem[22m | 載入全域類別名稱中…[39m[0m
[  33% ] [90m[1mfirst_scan_filesystem[22m | 正在驗證GD擴充功能...[39m[0m
[  50% ] [90m[1mfirst_scan_filesystem[22m | 正在建立自動載入腳本…[39m[0m
[  66% ] [90m[1mfirst_scan_filesystem[22m | 初始化外掛程式...[39m[0m
[  83% ] [90m[1mfirst_scan_filesystem[22m | 開始掃描檔案...[39m[0m
[92m[ DONE ][39m [1mfirst_scan_filesystem[22m
[0m
[   0% ] [90m[1m_update_scan_actions[22m | Started 掃描動作中... (2080 steps)[39m[0m
[   0% ] [90m[1m_update_scan_actions[22m | acc_backpack.png[39m[0m
[   0% ] [90m[1m_update_scan_actions[22m | acc_backpack_carry.png[39m[0m
[   0% ] [90m[1m_update_scan_actions[22m | acc_backpack_idle.png[39m[0m
[   0% ] [90m[1m_update_scan_actions[22m | acc_backpack_interact.png[39m[0m
[   0% ] [90m[1m_update_scan_actions[22m | acc_backpack_phone.png[39m[0m
[   0% ] [90m[1m_update_scan_actions[22m | acc_backpack_sit.png[39m[0m
[   0% ] [90m[1m_update_scan_actions[22m | acc_glasses_round.png[39m[0m
[   0% ] [90m[1m_update_scan_actions[22m | acc_glasses_round_carry.png[39m[0m
[   0% ] [90m[1m_update_scan_actions[22m | acc_glasses_round_idle.png[39m[0m
[   0% ] [90m[1m_update_scan_actions[22m | acc_glasses_round_interact.png[39m[0m
[   0% ] [90m[1m_update_scan_actions[22m | acc_glasses_round_phone.png[39m[0m
[   0% ] [90m[1m_update_scan_actions[22m | acc_glasses_round_sit.png[39m[0m
[   0% ] [90m[1m_update_scan_actions[22m | acc_glasses_square.png[39m[0m
[   0% ] [90m[1m_update_scan_actions[22m | acc_glasses_square_carry.png[39m[0m
[   0% ] [90m[1m_update_scan_actions[22m | acc_glasses_square_idle.png[39m[0m
[   0% ] [90m[1m_update_scan_actions[22m | acc_glasses_square_interact.png[39m[0m
[   0% ] [90m[1m_update_scan_actions[22m | acc_glasses_square_phone.png[39m[0m
[   0% ] [90m[1m_update_scan_actions[22m | acc_glasses_square_sit.png[39m[0m
[   0% ] [90m[1m_update_scan_actions[22m | body_feminine_heart.png[39m[0m
[   0% ] [90m[1m_update_scan_actions[22m | body_feminine_heart_carry.png[39m[0m
[   0% ] [90m[1m_update_scan_actions[22m | body_feminine_heart_idle.png[39m[0m
[   1% ] [90m[1m_update_scan_actions[22m | body_feminine_heart_interact.png[39m[0m
[   1% ] [90m[1m_update_scan_actions[22m | body_feminine_heart_phone.png[39m[0m
[   1% ] [90m[1m_update_scan_actions[22m | body_feminine_heart_sit.png[39m[0m
[   1% ] [90m[1m_update_scan_actions[22m | body_feminine_oval.png[39m[0m
[   1% ] [90m[1m_update_scan_actions[22m | body_feminine_oval_carry.png[39m[0m
[   1% ] [90m[1m_update_scan_actions[22m | body_feminine_oval_idle.png[39m[0m
[   1% ] [90m[1m_update_scan_actions[22m | body_feminine_oval_interact.png[39m[0m
[   1% ] [90m[1m_update_scan_actions[22m | body_feminine_oval_phone.png[39m[0m
[   1% ] [90m[1m_update_scan_actions[22m | body_feminine_oval_sit.png[39m[0m
[   1% ] [90m[1m_update_scan_actions[22m | body_feminine_round.png[39m[0m
[   1% ] [90m[1m_update_scan_actions[22m | body_feminine_round_carry.png[39m[0m
[   1% ] [90m[1m_update_scan_actions[22m | body_feminine_round_idle.png[39m[0m
[   1% ] [90m[1m_update_scan_actions[22m | body_feminine_round_interact.png[39m[0m
[   1% ] [90m[1m_update_scan_actions[22m | body_feminine_round_phone.png[39m[0m
[   1% ] [90m[1m_update_scan_actions[22m | body_feminine_round_sit.png[39m[0m
[   1% ] [90m[1m_update_scan_actions[22m | body_feminine_square.png[39m[0m
[   1% ] [90m[1m_update_scan_actions[22m | body_feminine_square_carry.png[39m[0m
[   1% ] [90m[1m_update_scan_actions[22m | body_feminine_square_idle.png[39m[0m
[   1% ] [90m[1m_update_scan_actions[22m | body_feminine_square_interact.png[39m[0m
[   1% ] [90m[1m_update_scan_actions[22m | body_feminine_square_phone.png[39m[0m
[   1% ] [90m[1m_update_scan_actions[22m | body_feminine_square_sit.png[39m[0m
[   2% ] [90m[1m_update_scan_actions[22m | body_masculine_heart.png[39m[0m
[   2% ] [90m[1m_update_scan_actions[22m | body_masculine_heart_carry.png[39m[0m
[   2% ] [90m[1m_update_scan_actions[22m | body_masculine_heart_idle.png[39m[0m
[   2% ] [90m[1m_update_scan_actions[22m | body_masculine_heart_interact.png[39m[0m
[   2% ] [90m[1m_update_scan_actions[22m | body_masculine_heart_phone.png[39m[0m
[   2% ] [90m[1m_update_scan_actions[22m | body_masculine_heart_sit.png[39m[0m
[   2% ] [90m[1m_update_scan_actions[22m | body_masculine_oval.png[39m[0m
[   2% ] [90m[1m_update_scan_actions[22m | body_masculine_oval_carry.png[39m[0m
[   2% ] [90m[1m_update_scan_actions[22m | body_masculine_oval_idle.png[39m[0m
[   2% ] [90m[1m_update_scan_actions[22m | body_masculine_oval_interact.png[39m[0m
[   2% ] [90m[1m_update_scan_actions[22m | body_masculine_oval_phone.png[39m[0m
[   2% ] [90m[1m_update_scan_actions[22m | body_masculine_oval_sit.png[39m[0m
[   2% ] [90m[1m_update_scan_actions[22m | body_masculine_round.png[39m[0m
[   2% ] [90m[1m_update_scan_actions[22m | body_masculine_round_carry.png[39m[0m
[   2% ] [90m[1m_update_scan_actions[22m | body_masculine_round_idle.png[39m[0m
[   2% ] [90m[1m_update_scan_actions[22m | body_masculine_round_interact.png[39m[0m
[   2% ] [90m[1m_update_scan_actions[22m | body_masculine_round_phone.png[39m[0m
[   2% ] [90m[1m_update_scan_actions[22m | body_masculine_round_sit.png[39m[0m
[   2% ] [90m[1m_update_scan_actions[22m | body_masculine_square.png[39m[0m
[   2% ] [90m[1m_update_scan_actions[22m | body_masculine_square_carry.png[39m[0m
[   2% ] [90m[1m_update_scan_actions[22m | body_masculine_square_idle.png[39m[0m
[   3% ] [90m[1m_update_scan_actions[22m | body_masculine_square_interact.png[39m[0m
[   3% ] [90m[1m_update_scan_actions[22m | body_masculine_square_phone.png[39m[0m
[   3% ] [90m[1m_update_scan_actions[22m | body_masculine_square_sit.png[39m[0m
[   3% ] [90m[1m_update_scan_actions[22m | body_neutral_heart.png[39m[0m
[   3% ] [90m[1m_update_scan_actions[22m | body_neutral_heart_carry.png[39m[0m
[   3% ] [90m[1m_update_scan_actions[22m | body_neutral_heart_idle.png[39m[0m
[   3% ] [90m[1m_update_scan_actions[22m | body_neutral_heart_interact.png[39m[0m
[   3% ] [90m[1m_update_scan_actions[22m | body_neutral_heart_phone.png[39m[0m
[   3% ] [90m[1m_update_scan_actions[22m | body_neutral_heart_sit.png[39m[0m
[   3% ] [90m[1m_update_scan_actions[22m | body_neutral_oval.png[39m[0m
[   3% ] [90m[1m_update_scan_actions[22m | body_neutral_oval_carry.png[39m[0m
[   3% ] [90m[1m_update_scan_actions[22m | body_neutral_oval_idle.png[39m[0m
[   3% ] [90m[1m_update_scan_actions[22m | body_neutral_oval_interact.png[39m[0m
[   3% ] [90m[1m_update_scan_actions[22m | body_neutral_oval_phone.png[39m[0m
[   3% ] [90m[1m_update_scan_actions[22m | body_neutral_oval_sit.png[39m[0m
[   3% ] [90m[1m_update_scan_actions[22m | body_neutral_round.png[39m[0m
[   3% ] [90m[1m_update_scan_actions[22m | body_neutral_round_carry.png[39m[0m
[   3% ] [90m[1m_update_scan_actions[22m | body_neutral_round_idle.png[39m[0m
[   3% ] [90m[1m_update_scan_actions[22m | body_neutral_round_interact.png[39m[0m
[   3% ] [90m[1m_update_scan_actions[22m | body_neutral_round_phone.png[39m[0m
[   3% ] [90m[1m_update_scan_actions[22m | body_neutral_round_sit.png[39m[0m
[   4% ] [90m[1m_update_scan_actions[22m | body_neutral_square.png[39m[0m
[   4% ] [90m[1m_update_scan_actions[22m | body_neutral_square_carry.png[39m[0m
[   4% ] [90m[1m_update_scan_actions[22m | body_neutral_square_idle.png[39m[0m
[   4% ] [90m[1m_update_scan_actions[22m | body_neutral_square_interact.png[39m[0m
[   4% ] [90m[1m_update_scan_actions[22m | body_neutral_square_phone.png[39m[0m
[   4% ] [90m[1m_update_scan_actions[22m | body_neutral_square_sit.png[39m[0m
[   4% ] [90m[1m_update_scan_actions[22m | brows_arched.png[39m[0m
[   4% ] [90m[1m_update_scan_actions[22m | brows_arched_carry.png[39m[0m
[   4% ] [90m[1m_update_scan_actions[22m | brows_arched_expressions.png[39m[0m
[   4% ] [90m[1m_update_scan_actions[22m | brows_arched_expressions_carry.png[39m[0m
[   4% ] [90m[1m_update_scan_actions[22m | brows_arched_expressions_idle.png[39m[0m
[   4% ] [90m[1m_update_scan_actions[22m | brows_arched_expressions_interact.png[39m[0m
[   4% ] [90m[1m_update_scan_actions[22m | brows_arched_expressions_phone.png[39m[0m
[   4% ] [90m[1m_update_scan_actions[22m | brows_arched_expressions_sit.png[39m[0m
[   4% ] [90m[1m_update_scan_actions[22m | brows_arched_idle.png[39m[0m
[   4% ] [90m[1m_update_scan_actions[22m | brows_arched_interact.png[39m[0m
[   4% ] [90m[1m_update_scan_actions[22m | brows_arched_phone.png[39m[0m
[   4% ] [90m[1m_update_scan_actions[22m | brows_arched_sit.png[39m[0m
[   4% ] [90m[1m_update_scan_actions[22m | brows_soft.png[39m[0m
[   4% ] [90m[1m_update_scan_actions[22m | brows_soft_carry.png[39m[0m
[   4% ] [90m[1m_update_scan_actions[22m | brows_soft_expressions.png[39m[0m
[   5% ] [90m[1m_update_scan_actions[22m | brows_soft_expressions_carry.png[39m[0m
[   5% ] [90m[1m_update_scan_actions[22m | brows_soft_expressions_idle.png[39m[0m
[   5% ] [90m[1m_update_scan_actions[22m | brows_soft_expressions_interact.png[39m[0m
[   5% ] [90m[1m_update_scan_actions[22m | brows_soft_expressions_phone.png[39m[0m
[   5% ] [90m[1m_update_scan_actions[22m | brows_soft_expressions_sit.png[39m[0m
[   5% ] [90m[1m_update_scan_actions[22m | brows_soft_idle.png[39m[0m
[   5% ] [90m[1m_update_scan_actions[22m | brows_soft_interact.png[39m[0m
[   5% ] [90m[1m_update_scan_actions[22m | brows_soft_phone.png[39m[0m
[   5% ] [90m[1m_update_scan_actions[22m | brows_soft_sit.png[39m[0m
[   5% ] [90m[1m_update_scan_actions[22m | brows_straight.png[39m[0m
[   5% ] [90m[1m_update_scan_actions[22m | brows_straight_carry.png[39m[0m
[   5% ] [90m[1m_update_scan_actions[22m | brows_straight_expressions.png[39m[0m
[   5% ] [90m[1m_update_scan_actions[22m | brows_straight_expressions_carry.png[39m[0m
[   5% ] [90m[1m_update_scan_actions[22m | brows_straight_expressions_idle.png[39m[0m
[   5% ] [90m[1m_update_scan_actions[22m | brows_straight_expressions_interact.png[39m[0m
[   5% ] [90m[1m_update_scan_actions[22m | brows_straight_expressions_phone.png[39m[0m
[   5% ] [90m[1m_update_scan_actions[22m | brows_straight_expressions_sit.png[39m[0m
[   5% ] [90m[1m_update_scan_actions[22m | brows_straight_idle.png[39m[0m
[   5% ] [90m[1m_update_scan_actions[22m | brows_straight_interact.png[39m[0m
[   5% ] [90m[1m_update_scan_actions[22m | brows_straight_phone.png[39m[0m
[   6% ] [90m[1m_update_scan_actions[22m | brows_straight_sit.png[39m[0m
[   6% ] [90m[1m_update_scan_actions[22m | brows_thick.png[39m[0m
[   6% ] [90m[1m_update_scan_actions[22m | brows_thick_carry.png[39m[0m
[   6% ] [90m[1m_update_scan_actions[22m | brows_thick_expressions.png[39m[0m
[   6% ] [90m[1m_update_scan_actions[22m | brows_thick_expressions_carry.png[39m[0m
[   6% ] [90m[1m_update_scan_actions[22m | brows_thick_expressions_idle.png[39m[0m
[   6% ] [90m[1m_update_scan_actions[22m | brows_thick_expressions_interact.png[39m[0m
[   6% ] [90m[1m_update_scan_actions[22m | brows_thick_expressions_phone.png[39m[0m
[   6% ] [90m[1m_update_scan_actions[22m | brows_thick_expressions_sit.png[39m[0m
[   6% ] [90m[1m_update_scan_actions[22m | brows_thick_idle.png[39m[0m
[   6% ] [90m[1m_update_scan_actions[22m | brows_thick_interact.png[39m[0m
[   6% ] [90m[1m_update_scan_actions[22m | brows_thick_phone.png[39m[0m
[   6% ] [90m[1m_update_scan_actions[22m | brows_thick_sit.png[39m[0m
[   6% ] [90m[1m_update_scan_actions[22m | eyes_almond.png[39m[0m
[   6% ] [90m[1m_update_scan_actions[22m | eyes_almond_carry.png[39m[0m
[   6% ] [90m[1m_update_scan_actions[22m | eyes_almond_expressions.png[39m[0m
[   6% ] [90m[1m_update_scan_actions[22m | eyes_almond_expressions_carry.png[39m[0m
[   6% ] [90m[1m_update_scan_actions[22m | eyes_almond_expressions_idle.png[39m[0m
[   6% ] [90m[1m_update_scan_actions[22m | eyes_almond_expressions_interact.png[39m[0m
[   6% ] [90m[1m_update_scan_actions[22m | eyes_almond_expressions_phone.png[39m[0m
[   6% ] [90m[1m_update_scan_actions[22m | eyes_almond_expressions_sit.png[39m[0m
[   7% ] [90m[1m_update_scan_actions[22m | eyes_almond_idle.png[39m[0m
[   7% ] [90m[1m_update_scan_actions[22m | eyes_almond_interact.png[39m[0m
[   7% ] [90m[1m_update_scan_actions[22m | eyes_almond_phone.png[39m[0m
[   7% ] [90m[1m_update_scan_actions[22m | eyes_almond_sit.png[39m[0m
[   7% ] [90m[1m_update_scan_actions[22m | eyes_detail_almond.png[39m[0m
[   7% ] [90m[1m_update_scan_actions[22m | eyes_detail_almond_carry.png[39m[0m
[   7% ] [90m[1m_update_scan_actions[22m | eyes_detail_almond_expressions.png[39m[0m
[   7% ] [90m[1m_update_scan_actions[22m | eyes_detail_almond_expressions_carry.png[39m[0m
[   7% ] [90m[1m_update_scan_actions[22m | eyes_detail_almond_expressions_idle.png[39m[0m
[   7% ] [90m[1m_update_scan_actions[22m | eyes_detail_almond_expressions_interact.png[39m[0m
[   7% ] [90m[1m_update_scan_actions[22m | eyes_detail_almond_expressions_phone.png[39m[0m
[   7% ] [90m[1m_update_scan_actions[22m | eyes_detail_almond_expressions_sit.png[39m[0m
[   7% ] [90m[1m_update_scan_actions[22m | eyes_detail_almond_idle.png[39m[0m
[   7% ] [90m[1m_update_scan_actions[22m | eyes_detail_almond_interact.png[39m[0m
[   7% ] [90m[1m_update_scan_actions[22m | eyes_detail_almond_phone.png[39m[0m
[   7% ] [90m[1m_update_scan_actions[22m | eyes_detail_almond_sit.png[39m[0m
[   7% ] [90m[1m_update_scan_actions[22m | eyes_detail_narrow.png[39m[0m
[   7% ] [90m[1m_update_scan_actions[22m | eyes_detail_narrow_carry.png[39m[0m
[   7% ] [90m[1m_update_scan_actions[22m | eyes_detail_narrow_expressions.png[39m[0m
[   7% ] [90m[1m_update_scan_actions[22m | eyes_detail_narrow_expressions_carry.png[39m[0m
[   7% ] [90m[1m_update_scan_actions[22m | eyes_detail_narrow_expressions_idle.png[39m[0m
[   8% ] [90m[1m_update_scan_actions[22m | eyes_detail_narrow_expressions_interact.png[39m[0m
[   8% ] [90m[1m_update_scan_actions[22m | eyes_detail_narrow_expressions_phone.png[39m[0m
[   8% ] [90m[1m_update_scan_actions[22m | eyes_detail_narrow_expressions_sit.png[39m[0m
[   8% ] [90m[1m_update_scan_actions[22m | eyes_detail_narrow_idle.png[39m[0m
[   8% ] [90m[1m_update_scan_actions[22m | eyes_detail_narrow_interact.png[39m[0m
[   8% ] [90m[1m_update_scan_actions[22m | eyes_detail_narrow_phone.png[39m[0m
[   8% ] [90m[1m_update_scan_actions[22m | eyes_detail_narrow_sit.png[39m[0m
[   8% ] [90m[1m_update_scan_actions[22m | eyes_detail_round.png[39m[0m
[   8% ] [90m[1m_update_scan_actions[22m | eyes_detail_round_carry.png[39m[0m
[   8% ] [90m[1m_update_scan_actions[22m | eyes_detail_round_expressions.png[39m[0m
[   8% ] [90m[1m_update_scan_actions[22m | eyes_detail_round_expressions_carry.png[39m[0m
[   8% ] [90m[1m_update_scan_actions[22m | eyes_detail_round_expressions_idle.png[39m[0m
[   8% ] [90m[1m_update_scan_actions[22m | eyes_detail_round_expressions_interact.png[39m[0m
[   8% ] [90m[1m_update_scan_actions[22m | eyes_detail_round_expressions_phone.png[39m[0m
[   8% ] [90m[1m_update_scan_actions[22m | eyes_detail_round_expressions_sit.png[39m[0m
[   8% ] [90m[1m_update_scan_actions[22m | eyes_detail_round_idle.png[39m[0m
[   8% ] [90m[1m_update_scan_actions[22m | eyes_detail_round_interact.png[39m[0m
[   8% ] [90m[1m_update_scan_actions[22m | eyes_detail_round_phone.png[39m[0m
[   8% ] [90m[1m_update_scan_actions[22m | eyes_detail_round_sit.png[39m[0m
[   8% ] [90m[1m_update_scan_actions[22m | eyes_detail_wide.png[39m[0m
[   8% ] [90m[1m_update_scan_actions[22m | eyes_detail_wide_carry.png[39m[0m
[   9% ] [90m[1m_update_scan_actions[22m | eyes_detail_wide_expressions.png[39m[0m
[   9% ] [90m[1m_update_scan_actions[22m | eyes_detail_wide_expressions_carry.png[39m[0m
[   9% ] [90m[1m_update_scan_actions[22m | eyes_detail_wide_expressions_idle.png[39m[0m
[   9% ] [90m[1m_update_scan_actions[22m | eyes_detail_wide_expressions_interact.png[39m[0m
[   9% ] [90m[1m_update_scan_actions[22m | eyes_detail_wide_expressions_phone.png[39m[0m
[   9% ] [90m[1m_update_scan_actions[22m | eyes_detail_wide_expressions_sit.png[39m[0m
[   9% ] [90m[1m_update_scan_actions[22m | eyes_detail_wide_idle.png[39m[0m
[   9% ] [90m[1m_update_scan_actions[22m | eyes_detail_wide_interact.png[39m[0m
[   9% ] [90m[1m_update_scan_actions[22m | eyes_detail_wide_phone.png[39m[0m
[   9% ] [90m[1m_update_scan_actions[22m | eyes_detail_wide_sit.png[39m[0m
[   9% ] [90m[1m_update_scan_actions[22m | eyes_narrow.png[39m[0m
[   9% ] [90m[1m_update_scan_actions[22m | eyes_narrow_carry.png[39m[0m
[   9% ] [90m[1m_update_scan_actions[22m | eyes_narrow_expressions.png[39m[0m
[   9% ] [90m[1m_update_scan_actions[22m | eyes_narrow_expressions_carry.png[39m[0m
[   9% ] [90m[1m_update_scan_actions[22m | eyes_narrow_expressions_idle.png[39m[0m
[   9% ] [90m[1m_update_scan_actions[22m | eyes_narrow_expressions_interact.png[39m[0m
[   9% ] [90m[1m_update_scan_actions[22m | eyes_narrow_expressions_phone.png[39m[0m
[   9% ] [90m[1m_update_scan_actions[22m | eyes_narrow_expressions_sit.png[39m[0m
[   9% ] [90m[1m_update_scan_actions[22m | eyes_narrow_idle.png[39m[0m
[   9% ] [90m[1m_update_scan_actions[22m | eyes_narrow_interact.png[39m[0m
[   9% ] [90m[1m_update_scan_actions[22m | eyes_narrow_phone.png[39m[0m
[  10% ] [90m[1m_update_scan_actions[22m | eyes_narrow_sit.png[39m[0m
[  10% ] [90m[1m_update_scan_actions[22m | eyes_round.png[39m[0m
[  10% ] [90m[1m_update_scan_actions[22m | eyes_round_carry.png[39m[0m
[  10% ] [90m[1m_update_scan_actions[22m | eyes_round_expressions.png[39m[0m
[  10% ] [90m[1m_update_scan_actions[22m | eyes_round_expressions_carry.png[39m[0m
[  10% ] [90m[1m_update_scan_actions[22m | eyes_round_expressions_idle.png[39m[0m
[  10% ] [90m[1m_update_scan_actions[22m | eyes_round_expressions_interact.png[39m[0m
[  10% ] [90m[1m_update_scan_actions[22m | eyes_round_expressions_phone.png[39m[0m
[  10% ] [90m[1m_update_scan_actions[22m | eyes_round_expressions_sit.png[39m[0m
[  10% ] [90m[1m_update_scan_actions[22m | eyes_round_idle.png[39m[0m
[  10% ] [90m[1m_update_scan_actions[22m | eyes_round_interact.png[39m[0m
[  10% ] [90m[1m_update_scan_actions[22m | eyes_round_phone.png[39m[0m
[  10% ] [90m[1m_update_scan_actions[22m | eyes_round_sit.png[39m[0m
[  10% ] [90m[1m_update_scan_actions[22m | eyes_wide.png[39m[0m
[  10% ] [90m[1m_update_scan_actions[22m | eyes_wide_carry.png[39m[0m
[  10% ] [90m[1m_update_scan_actions[22m | eyes_wide_expressions.png[39m[0m
[  10% ] [90m[1m_update_scan_actions[22m | eyes_wide_expressions_carry.png[39m[0m
[  10% ] [90m[1m_update_scan_actions[22m | eyes_wide_expressions_idle.png[39m[0m
[  10% ] [90m[1m_update_scan_actions[22m | eyes_wide_expressions_interact.png[39m[0m
[  10% ] [90m[1m_update_scan_actions[22m | eyes_wide_expressions_phone.png[39m[0m
[  11% ] [90m[1m_update_scan_actions[22m | eyes_wide_expressions_sit.png[39m[0m
[  11% ] [90m[1m_update_scan_actions[22m | eyes_wide_idle.png[39m[0m
[  11% ] [90m[1m_update_scan_actions[22m | eyes_wide_interact.png[39m[0m
[  11% ] [90m[1m_update_scan_actions[22m | eyes_wide_phone.png[39m[0m
[  11% ] [90m[1m_update_scan_actions[22m | eyes_wide_sit.png[39m[0m
[  11% ] [90m[1m_update_scan_actions[22m | hair_bob_back.png[39m[0m
[  11% ] [90m[1m_update_scan_actions[22m | hair_bob_back_carry.png[39m[0m
[  11% ] [90m[1m_update_scan_actions[22m | hair_bob_back_idle.png[39m[0m
[  11% ] [90m[1m_update_scan_actions[22m | hair_bob_back_interact.png[39m[0m
[  11% ] [90m[1m_update_scan_actions[22m | hair_bob_back_phone.png[39m[0m
[  11% ] [90m[1m_update_scan_actions[22m | hair_bob_back_sit.png[39m[0m
[  11% ] [90m[1m_update_scan_actions[22m | hair_bob_front.png[39m[0m
[  11% ] [90m[1m_update_scan_actions[22m | hair_bob_front_carry.png[39m[0m
[  11% ] [90m[1m_update_scan_actions[22m | hair_bob_front_idle.png[39m[0m
[  11% ] [90m[1m_update_scan_actions[22m | hair_bob_front_interact.png[39m[0m
[  11% ] [90m[1m_update_scan_actions[22m | hair_bob_front_phone.png[39m[0m
[  11% ] [90m[1m_update_scan_actions[22m | hair_bob_front_sit.png[39m[0m
[  11% ] [90m[1m_update_scan_actions[22m | hair_bun_back.png[39m[0m
[  11% ] [90m[1m_update_scan_actions[22m | hair_bun_back_carry.png[39m[0m
[  11% ] [90m[1m_update_scan_actions[22m | hair_bun_back_idle.png[39m[0m
[  11% ] [90m[1m_update_scan_actions[22m | hair_bun_back_interact.png[39m[0m
[  12% ] [90m[1m_update_scan_actions[22m | hair_bun_back_phone.png[39m[0m
[  12% ] [90m[1m_update_scan_actions[22m | hair_bun_back_sit.png[39m[0m
[  12% ] [90m[1m_update_scan_actions[22m | hair_bun_front.png[39m[0m
[  12% ] [90m[1m_update_scan_actions[22m | hair_bun_front_carry.png[39m[0m
[  12% ] [90m[1m_update_scan_actions[22m | hair_bun_front_idle.png[39m[0m
[  12% ] [90m[1m_update_scan_actions[22m | hair_bun_front_interact.png[39m[0m
[  12% ] [90m[1m_update_scan_actions[22m | hair_bun_front_phone.png[39m[0m
[  12% ] [90m[1m_update_scan_actions[22m | hair_bun_front_sit.png[39m[0m
[  12% ] [90m[1m_update_scan_actions[22m | hair_buzz_back.png[39m[0m
[  12% ] [90m[1m_update_scan_actions[22m | hair_buzz_back_carry.png[39m[0m
[  12% ] [90m[1m_update_scan_actions[22m | hair_buzz_back_idle.png[39m[0m
[  12% ] [90m[1m_update_scan_actions[22m | hair_buzz_back_interact.png[39m[0m
[  12% ] [90m[1m_update_scan_actions[22m | hair_buzz_back_phone.png[39m[0m
[  12% ] [90m[1m_update_scan_actions[22m | hair_buzz_back_sit.png[39m[0m
[  12% ] [90m[1m_update_scan_actions[22m | hair_buzz_front.png[39m[0m
[  12% ] [90m[1m_update_scan_actions[22m | hair_buzz_front_carry.png[39m[0m
[  12% ] [90m[1m_update_scan_actions[22m | hair_buzz_front_idle.png[39m[0m
[  12% ] [90m[1m_update_scan_actions[22m | hair_buzz_front_interact.png[39m[0m
[  12% ] [90m[1m_update_scan_actions[22m | hair_buzz_front_phone.png[39m[0m
[  12% ] [90m[1m_update_scan_actions[22m | hair_buzz_front_sit.png[39m[0m
[  12% ] [90m[1m_update_scan_actions[22m | hair_long_back.png[39m[0m
[  13% ] [90m[1m_update_scan_actions[22m | hair_long_back_carry.png[39m[0m
[  13% ] [90m[1m_update_scan_actions[22m | hair_long_back_idle.png[39m[0m
[  13% ] [90m[1m_update_scan_actions[22m | hair_long_back_interact.png[39m[0m
[  13% ] [90m[1m_update_scan_actions[22m | hair_long_back_phone.png[39m[0m
[  13% ] [90m[1m_update_scan_actions[22m | hair_long_back_sit.png[39m[0m
[  13% ] [90m[1m_update_scan_actions[22m | hair_long_front.png[39m[0m
[  13% ] [90m[1m_update_scan_actions[22m | hair_long_front_carry.png[39m[0m
[  13% ] [90m[1m_update_scan_actions[22m | hair_long_front_idle.png[39m[0m
[  13% ] [90m[1m_update_scan_actions[22m | hair_long_front_interact.png[39m[0m
[  13% ] [90m[1m_update_scan_actions[22m | hair_long_front_phone.png[39m[0m
[  13% ] [90m[1m_update_scan_actions[22m | hair_long_front_sit.png[39m[0m
[  13% ] [90m[1m_update_scan_actions[22m | hair_messy_back.png[39m[0m
[  13% ] [90m[1m_update_scan_actions[22m | hair_messy_back_carry.png[39m[0m
[  13% ] [90m[1m_update_scan_actions[22m | hair_messy_back_idle.png[39m[0m
[  13% ] [90m[1m_update_scan_actions[22m | hair_messy_back_interact.png[39m[0m
[  13% ] [90m[1m_update_scan_actions[22m | hair_messy_back_phone.png[39m[0m
[  13% ] [90m[1m_update_scan_actions[22m | hair_messy_back_sit.png[39m[0m
[  13% ] [90m[1m_update_scan_actions[22m | hair_messy_front.png[39m[0m
[  13% ] [90m[1m_update_scan_actions[22m | hair_messy_front_carry.png[39m[0m
[  13% ] [90m[1m_update_scan_actions[22m | hair_messy_front_idle.png[39m[0m
[  13% ] [90m[1m_update_scan_actions[22m | hair_messy_front_interact.png[39m[0m
[  14% ] [90m[1m_update_scan_actions[22m | hair_messy_front_phone.png[39m[0m
[  14% ] [90m[1m_update_scan_actions[22m | hair_messy_front_sit.png[39m[0m
[  14% ] [90m[1m_update_scan_actions[22m | hair_ponytail_back.png[39m[0m
[  14% ] [90m[1m_update_scan_actions[22m | hair_ponytail_back_carry.png[39m[0m
[  14% ] [90m[1m_update_scan_actions[22m | hair_ponytail_back_idle.png[39m[0m
[  14% ] [90m[1m_update_scan_actions[22m | hair_ponytail_back_interact.png[39m[0m
[  14% ] [90m[1m_update_scan_actions[22m | hair_ponytail_back_phone.png[39m[0m
[  14% ] [90m[1m_update_scan_actions[22m | hair_ponytail_back_sit.png[39m[0m
[  14% ] [90m[1m_update_scan_actions[22m | hair_ponytail_front.png[39m[0m
[  14% ] [90m[1m_update_scan_actions[22m | hair_ponytail_front_carry.png[39m[0m
[  14% ] [90m[1m_update_scan_actions[22m | hair_ponytail_front_idle.png[39m[0m
[  14% ] [90m[1m_update_scan_actions[22m | hair_ponytail_front_interact.png[39m[0m
[  14% ] [90m[1m_update_scan_actions[22m | hair_ponytail_front_phone.png[39m[0m
[  14% ] [90m[1m_update_scan_actions[22m | hair_ponytail_front_sit.png[39m[0m
[  14% ] [90m[1m_update_scan_actions[22m | hair_short_neat_back.png[39m[0m
[  14% ] [90m[1m_update_scan_actions[22m | hair_short_neat_back_carry.png[39m[0m
[  14% ] [90m[1m_update_scan_actions[22m | hair_short_neat_back_idle.png[39m[0m
[  14% ] [90m[1m_update_scan_actions[22m | hair_short_neat_back_interact.png[39m[0m
[  14% ] [90m[1m_update_scan_actions[22m | hair_short_neat_back_phone.png[39m[0m
[  14% ] [90m[1m_update_scan_actions[22m | hair_short_neat_back_sit.png[39m[0m
[  14% ] [90m[1m_update_scan_actions[22m | hair_short_neat_front.png[39m[0m
[  15% ] [90m[1m_update_scan_actions[22m | hair_short_neat_front_carry.png[39m[0m
[  15% ] [90m[1m_update_scan_actions[22m | hair_short_neat_front_idle.png[39m[0m
[  15% ] [90m[1m_update_scan_actions[22m | hair_short_neat_front_interact.png[39m[0m
[  15% ] [90m[1m_update_scan_actions[22m | hair_short_neat_front_phone.png[39m[0m
[  15% ] [90m[1m_update_scan_actions[22m | hair_short_neat_front_sit.png[39m[0m
[  15% ] [90m[1m_update_scan_actions[22m | hair_side_part_back.png[39m[0m
[  15% ] [90m[1m_update_scan_actions[22m | hair_side_part_back_carry.png[39m[0m
[  15% ] [90m[1m_update_scan_actions[22m | hair_side_part_back_idle.png[39m[0m
[  15% ] [90m[1m_update_scan_actions[22m | hair_side_part_back_interact.png[39m[0m
[  15% ] [90m[1m_update_scan_actions[22m | hair_side_part_back_phone.png[39m[0m
[  15% ] [90m[1m_update_scan_actions[22m | hair_side_part_back_sit.png[39m[0m
[  15% ] [90m[1m_update_scan_actions[22m | hair_side_part_front.png[39m[0m
[  15% ] [90m[1m_update_scan_actions[22m | hair_side_part_front_carry.png[39m[0m
[  15% ] [90m[1m_update_scan_actions[22m | hair_side_part_front_idle.png[39m[0m
[  15% ] [90m[1m_update_scan_actions[22m | hair_side_part_front_interact.png[39m[0m
[  15% ] [90m[1m_update_scan_actions[22m | hair_side_part_front_phone.png[39m[0m
[  15% ] [90m[1m_update_scan_actions[22m | hair_side_part_front_sit.png[39m[0m
[  15% ] [90m[1m_update_scan_actions[22m | iris_almond.png[39m[0m
[  15% ] [90m[1m_update_scan_actions[22m | iris_almond_carry.png[39m[0m
[  15% ] [90m[1m_update_scan_actions[22m | iris_almond_expressions.png[39m[0m
[  16% ] [90m[1m_update_scan_actions[22m | iris_almond_expressions_carry.png[39m[0m
[  16% ] [90m[1m_update_scan_actions[22m | iris_almond_expressions_idle.png[39m[0m
[  16% ] [90m[1m_update_scan_actions[22m | iris_almond_expressions_interact.png[39m[0m
[  16% ] [90m[1m_update_scan_actions[22m | iris_almond_expressions_phone.png[39m[0m
[  16% ] [90m[1m_update_scan_actions[22m | iris_almond_expressions_sit.png[39m[0m
[  16% ] [90m[1m_update_scan_actions[22m | iris_almond_idle.png[39m[0m
[  16% ] [90m[1m_update_scan_actions[22m | iris_almond_interact.png[39m[0m
[  16% ] [90m[1m_update_scan_actions[22m | iris_almond_phone.png[39m[0m
[  16% ] [90m[1m_update_scan_actions[22m | iris_almond_sit.png[39m[0m
[  16% ] [90m[1m_update_scan_actions[22m | iris_narrow.png[39m[0m
[  16% ] [90m[1m_update_scan_actions[22m | iris_narrow_carry.png[39m[0m
[  16% ] [90m[1m_update_scan_actions[22m | iris_narrow_expressions.png[39m[0m
[  16% ] [90m[1m_update_scan_actions[22m | iris_narrow_expressions_carry.png[39m[0m
[  16% ] [90m[1m_update_scan_actions[22m | iris_narrow_expressions_idle.png[39m[0m
[  16% ] [90m[1m_update_scan_actions[22m | iris_narrow_expressions_interact.png[39m[0m
[  16% ] [90m[1m_update_scan_actions[22m | iris_narrow_expressions_phone.png[39m[0m
[  16% ] [90m[1m_update_scan_actions[22m | iris_narrow_expressions_sit.png[39m[0m
[  16% ] [90m[1m_update_scan_actions[22m | iris_narrow_idle.png[39m[0m
[  16% ] [90m[1m_update_scan_actions[22m | iris_narrow_interact.png[39m[0m
[  16% ] [90m[1m_update_scan_actions[22m | iris_narrow_phone.png[39m[0m
[  16% ] [90m[1m_update_scan_actions[22m | iris_narrow_sit.png[39m[0m
[  17% ] [90m[1m_update_scan_actions[22m | iris_round.png[39m[0m
[  17% ] [90m[1m_update_scan_actions[22m | iris_round_carry.png[39m[0m
[  17% ] [90m[1m_update_scan_actions[22m | iris_round_expressions.png[39m[0m
[  17% ] [90m[1m_update_scan_actions[22m | iris_round_expressions_carry.png[39m[0m
[  17% ] [90m[1m_update_scan_actions[22m | iris_round_expressions_idle.png[39m[0m
[  17% ] [90m[1m_update_scan_actions[22m | iris_round_expressions_interact.png[39m[0m
[  17% ] [90m[1m_update_scan_actions[22m | iris_round_expressions_phone.png[39m[0m
[  17% ] [90m[1m_update_scan_actions[22m | iris_round_expressions_sit.png[39m[0m
[  17% ] [90m[1m_update_scan_actions[22m | iris_round_idle.png[39m[0m
[  17% ] [90m[1m_update_scan_actions[22m | iris_round_interact.png[39m[0m
[  17% ] [90m[1m_update_scan_actions[22m | iris_round_phone.png[39m[0m
[  17% ] [90m[1m_update_scan_actions[22m | iris_round_sit.png[39m[0m
[  17% ] [90m[1m_update_scan_actions[22m | iris_wide.png[39m[0m
[  17% ] [90m[1m_update_scan_actions[22m | iris_wide_carry.png[39m[0m
[  17% ] [90m[1m_update_scan_actions[22m | iris_wide_expressions.png[39m[0m
[  17% ] [90m[1m_update_scan_actions[22m | iris_wide_expressions_carry.png[39m[0m
[  17% ] [90m[1m_update_scan_actions[22m | iris_wide_expressions_idle.png[39m[0m
[  17% ] [90m[1m_update_scan_actions[22m | iris_wide_expressions_interact.png[39m[0m
[  17% ] [90m[1m_update_scan_actions[22m | iris_wide_expressions_phone.png[39m[0m
[  17% ] [90m[1m_update_scan_actions[22m | iris_wide_expressions_sit.png[39m[0m
[  17% ] [90m[1m_update_scan_actions[22m | iris_wide_idle.png[39m[0m
[  18% ] [90m[1m_update_scan_actions[22m | iris_wide_interact.png[39m[0m
[  18% ] [90m[1m_update_scan_actions[22m | iris_wide_phone.png[39m[0m
[  18% ] [90m[1m_update_scan_actions[22m | iris_wide_sit.png[39m[0m
[  18% ] [90m[1m_update_scan_actions[22m | mouth_grin.png[39m[0m
[  18% ] [90m[1m_update_scan_actions[22m | mouth_grin_carry.png[39m[0m
[  18% ] [90m[1m_update_scan_actions[22m | mouth_grin_expressions.png[39m[0m
[  18% ] [90m[1m_update_scan_actions[22m | mouth_grin_expressions_carry.png[39m[0m
[  18% ] [90m[1m_update_scan_actions[22m | mouth_grin_expressions_idle.png[39m[0m
[  18% ] [90m[1m_update_scan_actions[22m | mouth_grin_expressions_interact.png[39m[0m
[  18% ] [90m[1m_update_scan_actions[22m | mouth_grin_expressions_phone.png[39m[0m
[  18% ] [90m[1m_update_scan_actions[22m | mouth_grin_expressions_sit.png[39m[0m
[  18% ] [90m[1m_update_scan_actions[22m | mouth_grin_idle.png[39m[0m
[  18% ] [90m[1m_update_scan_actions[22m | mouth_grin_interact.png[39m[0m
[  18% ] [90m[1m_update_scan_actions[22m | mouth_grin_phone.png[39m[0m
[  18% ] [90m[1m_update_scan_actions[22m | mouth_grin_sit.png[39m[0m
[  18% ] [90m[1m_update_scan_actions[22m | mouth_neutral.png[39m[0m
[  18% ] [90m[1m_update_scan_actions[22m | mouth_neutral_carry.png[39m[0m
[  18% ] [90m[1m_update_scan_actions[22m | mouth_neutral_expressions.png[39m[0m
[  18% ] [90m[1m_update_scan_actions[22m | mouth_neutral_expressions_carry.png[39m[0m
[  18% ] [90m[1m_update_scan_actions[22m | mouth_neutral_expressions_idle.png[39m[0m
[  18% ] [90m[1m_update_scan_actions[22m | mouth_neutral_expressions_interact.png[39m[0m
[  19% ] [90m[1m_update_scan_actions[22m | mouth_neutral_expressions_phone.png[39m[0m
[  19% ] [90m[1m_update_scan_actions[22m | mouth_neutral_expressions_sit.png[39m[0m
[  19% ] [90m[1m_update_scan_actions[22m | mouth_neutral_idle.png[39m[0m
[  19% ] [90m[1m_update_scan_actions[22m | mouth_neutral_interact.png[39m[0m
[  19% ] [90m[1m_update_scan_actions[22m | mouth_neutral_phone.png[39m[0m
[  19% ] [90m[1m_update_scan_actions[22m | mouth_neutral_sit.png[39m[0m
[  19% ] [90m[1m_update_scan_actions[22m | mouth_small.png[39m[0m
[  19% ] [90m[1m_update_scan_actions[22m | mouth_small_carry.png[39m[0m
[  19% ] [90m[1m_update_scan_actions[22m | mouth_small_expressions.png[39m[0m
[  19% ] [90m[1m_update_scan_actions[22m | mouth_small_expressions_carry.png[39m[0m
[  19% ] [90m[1m_update_scan_actions[22m | mouth_small_expressions_idle.png[39m[0m
[  19% ] [90m[1m_update_scan_actions[22m | mouth_small_expressions_interact.png[39m[0m
[  19% ] [90m[1m_update_scan_actions[22m | mouth_small_expressions_phone.png[39m[0m
[  19% ] [90m[1m_update_scan_actions[22m | mouth_small_expressions_sit.png[39m[0m
[  19% ] [90m[1m_update_scan_actions[22m | mouth_small_idle.png[39m[0m
[  19% ] [90m[1m_update_scan_actions[22m | mouth_small_interact.png[39m[0m
[  19% ] [90m[1m_update_scan_actions[22m | mouth_small_phone.png[39m[0m
[  19% ] [90m[1m_update_scan_actions[22m | mouth_small_sit.png[39m[0m
[  19% ] [90m[1m_update_scan_actions[22m | mouth_smile.png[39m[0m
[  19% ] [90m[1m_update_scan_actions[22m | mouth_smile_carry.png[39m[0m
[  19% ] [90m[1m_update_scan_actions[22m | mouth_smile_expressions.png[39m[0m
[  20% ] [90m[1m_update_scan_actions[22m | mouth_smile_expressions_carry.png[39m[0m
[  20% ] [90m[1m_update_scan_actions[22m | mouth_smile_expressions_idle.png[39m[0m
[  20% ] [90m[1m_update_scan_actions[22m | mouth_smile_expressions_interact.png[39m[0m
[  20% ] [90m[1m_update_scan_actions[22m | mouth_smile_expressions_phone.png[39m[0m
[  20% ] [90m[1m_update_scan_actions[22m | mouth_smile_expressions_sit.png[39m[0m
[  20% ] [90m[1m_update_scan_actions[22m | mouth_smile_idle.png[39m[0m
[  20% ] [90m[1m_update_scan_actions[22m | mouth_smile_interact.png[39m[0m
[  20% ] [90m[1m_update_scan_actions[22m | mouth_smile_phone.png[39m[0m
[  20% ] [90m[1m_update_scan_actions[22m | mouth_smile_sit.png[39m[0m
[  20% ] [90m[1m_update_scan_actions[22m | outfit_barista_feminine_bottom.png[39m[0m
[  20% ] [90m[1m_update_scan_actions[22m | outfit_barista_feminine_bottom_carry.png[39m[0m
[  20% ] [90m[1m_update_scan_actions[22m | outfit_barista_feminine_bottom_idle.png[39m[0m
[  20% ] [90m[1m_update_scan_actions[22m | outfit_barista_feminine_bottom_interact.png[39m[0m
[  20% ] [90m[1m_update_scan_actions[22m | outfit_barista_feminine_bottom_phone.png[39m[0m
[  20% ] [90m[1m_update_scan_actions[22m | outfit_barista_feminine_bottom_sit.png[39m[0m
[  20% ] [90m[1m_update_scan_actions[22m | outfit_barista_feminine_shoes.png[39m[0m
[  20% ] [90m[1m_update_scan_actions[22m | outfit_barista_feminine_shoes_carry.png[39m[0m
[  20% ] [90m[1m_update_scan_actions[22m | outfit_barista_feminine_shoes_idle.png[39m[0m
[  20% ] [90m[1m_update_scan_actions[22m | outfit_barista_feminine_shoes_interact.png[39m[0m
[  20% ] [90m[1m_update_scan_actions[22m | outfit_barista_feminine_shoes_phone.png[39m[0m
[  20% ] [90m[1m_update_scan_actions[22m | outfit_barista_feminine_shoes_sit.png[39m[0m
[  21% ] [90m[1m_update_scan_actions[22m | outfit_barista_feminine_top.png[39m[0m
[  21% ] [90m[1m_update_scan_actions[22m | outfit_barista_feminine_top_carry.png[39m[0m
[  21% ] [90m[1m_update_scan_actions[22m | outfit_barista_feminine_top_detail.png[39m[0m
[  21% ] [90m[1m_update_scan_actions[22m | outfit_barista_feminine_top_detail_carry.png[39m[0m
[  21% ] [90m[1m_update_scan_actions[22m | outfit_barista_feminine_top_detail_idle.png[39m[0m
[  21% ] [90m[1m_update_scan_actions[22m | outfit_barista_feminine_top_detail_interact.png[39m[0m
[  21% ] [90m[1m_update_scan_actions[22m | outfit_barista_feminine_top_detail_phone.png[39m[0m
[  21% ] [90m[1m_update_scan_actions[22m | outfit_barista_feminine_top_detail_sit.png[39m[0m
[  21% ] [90m[1m_update_scan_actions[22m | outfit_barista_feminine_top_idle.png[39m[0m
[  21% ] [90m[1m_update_scan_actions[22m | outfit_barista_feminine_top_interact.png[39m[0m
[  21% ] [90m[1m_update_scan_actions[22m | outfit_barista_feminine_top_phone.png[39m[0m
[  21% ] [90m[1m_update_scan_actions[22m | outfit_barista_feminine_top_sit.png[39m[0m
[  21% ] [90m[1m_update_scan_actions[22m | outfit_barista_masculine_bottom.png[39m[0m
[  21% ] [90m[1m_update_scan_actions[22m | outfit_barista_masculine_bottom_carry.png[39m[0m
[  21% ] [90m[1m_update_scan_actions[22m | outfit_barista_masculine_bottom_idle.png[39m[0m
[  21% ] [90m[1m_update_scan_actions[22m | outfit_barista_masculine_bottom_interact.png[39m[0m
[  21% ] [90m[1m_update_scan_actions[22m | outfit_barista_masculine_bottom_phone.png[39m[0m
[  21% ] [90m[1m_update_scan_actions[22m | outfit_barista_masculine_bottom_sit.png[39m[0m
[  21% ] [90m[1m_update_scan_actions[22m | outfit_barista_masculine_shoes.png[39m[0m
[  21% ] [90m[1m_update_scan_actions[22m | outfit_barista_masculine_shoes_carry.png[39m[0m
[  22% ] [90m[1m_update_scan_actions[22m | outfit_barista_masculine_shoes_idle.png[39m[0m
[  22% ] [90m[1m_update_scan_actions[22m | outfit_barista_masculine_shoes_interact.png[39m[0m
[  22% ] [90m[1m_update_scan_actions[22m | outfit_barista_masculine_shoes_phone.png[39m[0m
[  22% ] [90m[1m_update_scan_actions[22m | outfit_barista_masculine_shoes_sit.png[39m[0m
[  22% ] [90m[1m_update_scan_actions[22m | outfit_barista_masculine_top.png[39m[0m
[  22% ] [90m[1m_update_scan_actions[22m | outfit_barista_masculine_top_carry.png[39m[0m
[  22% ] [90m[1m_update_scan_actions[22m | outfit_barista_masculine_top_detail.png[39m[0m
[  22% ] [90m[1m_update_scan_actions[22m | outfit_barista_masculine_top_detail_carry.png[39m[0m
[  22% ] [90m[1m_update_scan_actions[22m | outfit_barista_masculine_top_detail_idle.png[39m[0m
[  22% ] [90m[1m_update_scan_actions[22m | outfit_barista_masculine_top_detail_interact.png[39m[0m
[  22% ] [90m[1m_update_scan_actions[22m | outfit_barista_masculine_top_detail_phone.png[39m[0m
[  22% ] [90m[1m_update_scan_actions[22m | outfit_barista_masculine_top_detail_sit.png[39m[0m
[  22% ] [90m[1m_update_scan_actions[22m | outfit_barista_masculine_top_idle.png[39m[0m
[  22% ] [90m[1m_update_scan_actions[22m | outfit_barista_masculine_top_interact.png[39m[0m
[  22% ] [90m[1m_update_scan_actions[22m | outfit_barista_masculine_top_phone.png[39m[0m
[  22% ] [90m[1m_update_scan_actions[22m | outfit_barista_masculine_top_sit.png[39m[0m
[  22% ] [90m[1m_update_scan_actions[22m | outfit_barista_neutral_bottom.png[39m[0m
[  22% ] [90m[1m_update_scan_actions[22m | outfit_barista_neutral_bottom_carry.png[39m[0m
[  22% ] [90m[1m_update_scan_actions[22m | outfit_barista_neutral_bottom_idle.png[39m[0m
[  22% ] [90m[1m_update_scan_actions[22m | outfit_barista_neutral_bottom_interact.png[39m[0m
[  22% ] [90m[1m_update_scan_actions[22m | outfit_barista_neutral_bottom_phone.png[39m[0m
[  23% ] [90m[1m_update_scan_actions[22m | outfit_barista_neutral_bottom_sit.png[39m[0m
[  23% ] [90m[1m_update_scan_actions[22m | outfit_barista_neutral_shoes.png[39m[0m
[  23% ] [90m[1m_update_scan_actions[22m | outfit_barista_neutral_shoes_carry.png[39m[0m
[  23% ] [90m[1m_update_scan_actions[22m | outfit_barista_neutral_shoes_idle.png[39m[0m
[  23% ] [90m[1m_update_scan_actions[22m | outfit_barista_neutral_shoes_interact.png[39m[0m
[  23% ] [90m[1m_update_scan_actions[22m | outfit_barista_neutral_shoes_phone.png[39m[0m
[  23% ] [90m[1m_update_scan_actions[22m | outfit_barista_neutral_shoes_sit.png[39m[0m
[  23% ] [90m[1m_update_scan_actions[22m | outfit_barista_neutral_top.png[39m[0m
[  23% ] [90m[1m_update_scan_actions[22m | outfit_barista_neutral_top_carry.png[39m[0m
[  23% ] [90m[1m_update_scan_actions[22m | outfit_barista_neutral_top_detail.png[39m[0m
[  23% ] [90m[1m_update_scan_actions[22m | outfit_barista_neutral_top_detail_carry.png[39m[0m
[  23% ] [90m[1m_update_scan_actions[22m | outfit_barista_neutral_top_detail_idle.png[39m[0m
[  23% ] [90m[1m_update_scan_actions[22m | outfit_barista_neutral_top_detail_interact.png[39m[0m
[  23% ] [90m[1m_update_scan_actions[22m | outfit_barista_neutral_top_detail_phone.png[39m[0m
[  23% ] [90m[1m_update_scan_actions[22m | outfit_barista_neutral_top_detail_sit.png[39m[0m
[  23% ] [90m[1m_update_scan_actions[22m | outfit_barista_neutral_top_idle.png[39m[0m
[  23% ] [90m[1m_update_scan_actions[22m | outfit_barista_neutral_top_interact.png[39m[0m
[  23% ] [90m[1m_update_scan_actions[22m | outfit_barista_neutral_top_phone.png[39m[0m
[  23% ] [90m[1m_update_scan_actions[22m | outfit_barista_neutral_top_sit.png[39m[0m
[  23% ] [90m[1m_update_scan_actions[22m | outfit_business_suit_feminine_bottom.png[39m[0m
[  23% ] [90m[1m_update_scan_actions[22m | outfit_business_suit_feminine_bottom_carry.png[39m[0m
[  24% ] [90m[1m_update_scan_actions[22m | outfit_business_suit_feminine_bottom_idle.png[39m[0m
[  24% ] [90m[1m_update_scan_actions[22m | outfit_business_suit_feminine_bottom_interact.png[39m[0m
[  24% ] [90m[1m_update_scan_actions[22m | outfit_business_suit_feminine_bottom_phone.png[39m[0m
[  24% ] [90m[1m_update_scan_actions[22m | outfit_business_suit_feminine_bottom_sit.png[39m[0m
[  24% ] [90m[1m_update_scan_actions[22m | outfit_business_suit_feminine_shoes.png[39m[0m
[  24% ] [90m[1m_update_scan_actions[22m | outfit_business_suit_feminine_shoes_carry.png[39m[0m
[  24% ] [90m[1m_update_scan_actions[22m | outfit_business_suit_feminine_shoes_idle.png[39m[0m
[  24% ] [90m[1m_update_scan_actions[22m | outfit_business_suit_feminine_shoes_interact.png[39m[0m
[  24% ] [90m[1m_update_scan_actions[22m | outfit_business_suit_feminine_shoes_phone.png[39m[0m
[  24% ] [90m[1m_update_scan_actions[22m | outfit_business_suit_feminine_shoes_sit.png[39m[0m
[  24% ] [90m[1m_update_scan_actions[22m | outfit_business_suit_feminine_top.png[39m[0m
[  24% ] [90m[1m_update_scan_actions[22m | outfit_business_suit_feminine_top_carry.png[39m[0m
[  24% ] [90m[1m_update_scan_actions[22m | outfit_business_suit_feminine_top_detail.png[39m[0m
[  24% ] [90m[1m_update_scan_actions[22m | outfit_business_suit_feminine_top_detail_carry.png[39m[0m
[  24% ] [90m[1m_update_scan_actions[22m | outfit_business_suit_feminine_top_detail_idle.png[39m[0m
[  24% ] [90m[1m_update_scan_actions[22m | outfit_business_suit_feminine_top_detail_interact.png[39m[0m
[  24% ] [90m[1m_update_scan_actions[22m | outfit_business_suit_feminine_top_detail_phone.png[39m[0m
[  24% ] [90m[1m_update_scan_actions[22m | outfit_business_suit_feminine_top_detail_sit.png[39m[0m
[  24% ] [90m[1m_update_scan_actions[22m | outfit_business_suit_feminine_top_idle.png[39m[0m
[  24% ] [90m[1m_update_scan_actions[22m | outfit_business_suit_feminine_top_interact.png[39m[0m
[  24% ] [90m[1m_update_scan_actions[22m | outfit_business_suit_feminine_top_phone.png[39m[0m
[  25% ] [90m[1m_update_scan_actions[22m | outfit_business_suit_feminine_top_sit.png[39m[0m
[  25% ] [90m[1m_update_scan_actions[22m | outfit_business_suit_masculine_bottom.png[39m[0m
[  25% ] [90m[1m_update_scan_actions[22m | outfit_business_suit_masculine_bottom_carry.png[39m[0m
[  25% ] [90m[1m_update_scan_actions[22m | outfit_business_suit_masculine_bottom_idle.png[39m[0m
[  25% ] [90m[1m_update_scan_actions[22m | outfit_business_suit_masculine_bottom_interact.png[39m[0m
[  25% ] [90m[1m_update_scan_actions[22m | outfit_business_suit_masculine_bottom_phone.png[39m[0m
[  25% ] [90m[1m_update_scan_actions[22m | outfit_business_suit_masculine_bottom_sit.png[39m[0m
[  25% ] [90m[1m_update_scan_actions[22m | outfit_business_suit_masculine_shoes.png[39m[0m
[  25% ] [90m[1m_update_scan_actions[22m | outfit_business_suit_masculine_shoes_carry.png[39m[0m
[  25% ] [90m[1m_update_scan_actions[22m | outfit_business_suit_masculine_shoes_idle.png[39m[0m
[  25% ] [90m[1m_update_scan_actions[22m | outfit_business_suit_masculine_shoes_interact.png[39m[0m
[  25% ] [90m[1m_update_scan_actions[22m | outfit_business_suit_masculine_shoes_phone.png[39m[0m
[  25% ] [90m[1m_update_scan_actions[22m | outfit_business_suit_masculine_shoes_sit.png[39m[0m
[  25% ] [90m[1m_update_scan_actions[22m | outfit_business_suit_masculine_top.png[39m[0m
[  25% ] [90m[1m_update_scan_actions[22m | outfit_business_suit_masculine_top_carry.png[39m[0m
[  25% ] [90m[1m_update_scan_actions[22m | outfit_business_suit_masculine_top_detail.png[39m[0m
[  25% ] [90m[1m_update_scan_actions[22m | outfit_business_suit_masculine_top_detail_carry.png[39m[0m
[  25% ] [90m[1m_update_scan_actions[22m | outfit_business_suit_masculine_top_detail_idle.png[39m[0m
[  25% ] [90m[1m_update_scan_actions[22m | outfit_business_suit_masculine_top_detail_interact.png[39m[0m
[  25% ] [90m[1m_update_scan_actions[22m | outfit_business_suit_masculine_top_detail_phone.png[39m[0m
[  25% ] [90m[1m_update_scan_actions[22m | outfit_business_suit_masculine_top_detail_sit.png[39m[0m
[  26% ] [90m[1m_update_scan_actions[22m | outfit_business_suit_masculine_top_idle.png[39m[0m
[  26% ] [90m[1m_update_scan_actions[22m | outfit_business_suit_masculine_top_interact.png[39m[0m
[  26% ] [90m[1m_update_scan_actions[22m | outfit_business_suit_masculine_top_phone.png[39m[0m
[  26% ] [90m[1m_update_scan_actions[22m | outfit_business_suit_masculine_top_sit.png[39m[0m
[  26% ] [90m[1m_update_scan_actions[22m | outfit_business_suit_neutral_bottom.png[39m[0m
[  26% ] [90m[1m_update_scan_actions[22m | outfit_business_suit_neutral_bottom_carry.png[39m[0m
[  26% ] [90m[1m_update_scan_actions[22m | outfit_business_suit_neutral_bottom_idle.png[39m[0m
[  26% ] [90m[1m_update_scan_actions[22m | outfit_business_suit_neutral_bottom_interact.png[39m[0m
[  26% ] [90m[1m_update_scan_actions[22m | outfit_business_suit_neutral_bottom_phone.png[39m[0m
[  26% ] [90m[1m_update_scan_actions[22m | outfit_business_suit_neutral_bottom_sit.png[39m[0m
[  26% ] [90m[1m_update_scan_actions[22m | outfit_business_suit_neutral_shoes.png[39m[0m
[  26% ] [90m[1m_update_scan_actions[22m | outfit_business_suit_neutral_shoes_carry.png[39m[0m
[  26% ] [90m[1m_update_scan_actions[22m | outfit_business_suit_neutral_shoes_idle.png[39m[0m
[  26% ] [90m[1m_update_scan_actions[22m | outfit_business_suit_neutral_shoes_interact.png[39m[0m
[  26% ] [90m[1m_update_scan_actions[22m | outfit_business_suit_neutral_shoes_phone.png[39m[0m
[  26% ] [90m[1m_update_scan_actions[22m | outfit_business_suit_neutral_shoes_sit.png[39m[0m
[  26% ] [90m[1m_update_scan_actions[22m | outfit_business_suit_neutral_top.png[39m[0m
[  26% ] [90m[1m_update_scan_actions[22m | outfit_business_suit_neutral_top_carry.png[39m[0m
[  26% ] [90m[1m_update_scan_actions[22m | outfit_business_suit_neutral_top_detail.png[39m[0m
[  26% ] [90m[1m_update_scan_actions[22m | outfit_business_suit_neutral_top_detail_carry.png[39m[0m
[  27% ] [90m[1m_update_scan_actions[22m | outfit_business_suit_neutral_top_detail_idle.png[39m[0m
[  27% ] [90m[1m_update_scan_actions[22m | outfit_business_suit_neutral_top_detail_interact.png[39m[0m
[  27% ] [90m[1m_update_scan_actions[22m | outfit_business_suit_neutral_top_detail_phone.png[39m[0m
[  27% ] [90m[1m_update_scan_actions[22m | outfit_business_suit_neutral_top_detail_sit.png[39m[0m
[  27% ] [90m[1m_update_scan_actions[22m | outfit_business_suit_neutral_top_idle.png[39m[0m
[  27% ] [90m[1m_update_scan_actions[22m | outfit_business_suit_neutral_top_interact.png[39m[0m
[  27% ] [90m[1m_update_scan_actions[22m | outfit_business_suit_neutral_top_phone.png[39m[0m
[  27% ] [90m[1m_update_scan_actions[22m | outfit_business_suit_neutral_top_sit.png[39m[0m
[  27% ] [90m[1m_update_scan_actions[22m | outfit_casual_jacket_feminine_bottom.png[39m[0m
[  27% ] [90m[1m_update_scan_actions[22m | outfit_casual_jacket_feminine_bottom_carry.png[39m[0m
[  27% ] [90m[1m_update_scan_actions[22m | outfit_casual_jacket_feminine_bottom_idle.png[39m[0m
[  27% ] [90m[1m_update_scan_actions[22m | outfit_casual_jacket_feminine_bottom_interact.png[39m[0m
[  27% ] [90m[1m_update_scan_actions[22m | outfit_casual_jacket_feminine_bottom_phone.png[39m[0m
[  27% ] [90m[1m_update_scan_actions[22m | outfit_casual_jacket_feminine_bottom_sit.png[39m[0m
[  27% ] [90m[1m_update_scan_actions[22m | outfit_casual_jacket_feminine_shoes.png[39m[0m
[  27% ] [90m[1m_update_scan_actions[22m | outfit_casual_jacket_feminine_shoes_carry.png[39m[0m
[  27% ] [90m[1m_update_scan_actions[22m | outfit_casual_jacket_feminine_shoes_idle.png[39m[0m
[  27% ] [90m[1m_update_scan_actions[22m | outfit_casual_jacket_feminine_shoes_interact.png[39m[0m
[  27% ] [90m[1m_update_scan_actions[22m | outfit_casual_jacket_feminine_shoes_phone.png[39m[0m
[  27% ] [90m[1m_update_scan_actions[22m | outfit_casual_jacket_feminine_shoes_sit.png[39m[0m
[  27% ] [90m[1m_update_scan_actions[22m | outfit_casual_jacket_feminine_top.png[39m[0m
[  28% ] [90m[1m_update_scan_actions[22m | outfit_casual_jacket_feminine_top_carry.png[39m[0m
[  28% ] [90m[1m_update_scan_actions[22m | outfit_casual_jacket_feminine_top_idle.png[39m[0m
[  28% ] [90m[1m_update_scan_actions[22m | outfit_casual_jacket_feminine_top_interact.png[39m[0m
[  28% ] [90m[1m_update_scan_actions[22m | outfit_casual_jacket_feminine_top_phone.png[39m[0m
[  28% ] [90m[1m_update_scan_actions[22m | outfit_casual_jacket_feminine_top_sit.png[39m[0m
[  28% ] [90m[1m_update_scan_actions[22m | outfit_casual_jacket_masculine_bottom.png[39m[0m
[  28% ] [90m[1m_update_scan_actions[22m | outfit_casual_jacket_masculine_bottom_carry.png[39m[0m
[  28% ] [90m[1m_update_scan_actions[22m | outfit_casual_jacket_masculine_bottom_idle.png[39m[0m
[  28% ] [90m[1m_update_scan_actions[22m | outfit_casual_jacket_masculine_bottom_interact.png[39m[0m
[  28% ] [90m[1m_update_scan_actions[22m | outfit_casual_jacket_masculine_bottom_phone.png[39m[0m
[  28% ] [90m[1m_update_scan_actions[22m | outfit_casual_jacket_masculine_bottom_sit.png[39m[0m
[  28% ] [90m[1m_update_scan_actions[22m | outfit_casual_jacket_masculine_shoes.png[39m[0m
[  28% ] [90m[1m_update_scan_actions[22m | outfit_casual_jacket_masculine_shoes_carry.png[39m[0m
[  28% ] [90m[1m_update_scan_actions[22m | outfit_casual_jacket_masculine_shoes_idle.png[39m[0m
[  28% ] [90m[1m_update_scan_actions[22m | outfit_casual_jacket_masculine_shoes_interact.png[39m[0m
[  28% ] [90m[1m_update_scan_actions[22m | outfit_casual_jacket_masculine_shoes_phone.png[39m[0m
[  28% ] [90m[1m_update_scan_actions[22m | outfit_casual_jacket_masculine_shoes_sit.png[39m[0m
[  28% ] [90m[1m_update_scan_actions[22m | outfit_casual_jacket_masculine_top.png[39m[0m
[  28% ] [90m[1m_update_scan_actions[22m | outfit_casual_jacket_masculine_top_carry.png[39m[0m
[  28% ] [90m[1m_update_scan_actions[22m | outfit_casual_jacket_masculine_top_idle.png[39m[0m
[  28% ] [90m[1m_update_scan_actions[22m | outfit_casual_jacket_masculine_top_interact.png[39m[0m
[  29% ] [90m[1m_update_scan_actions[22m | outfit_casual_jacket_masculine_top_phone.png[39m[0m
[  29% ] [90m[1m_update_scan_actions[22m | outfit_casual_jacket_masculine_top_sit.png[39m[0m
[  29% ] [90m[1m_update_scan_actions[22m | outfit_casual_jacket_neutral_bottom.png[39m[0m
[  29% ] [90m[1m_update_scan_actions[22m | outfit_casual_jacket_neutral_bottom_carry.png[39m[0m
[  29% ] [90m[1m_update_scan_actions[22m | outfit_casual_jacket_neutral_bottom_idle.png[39m[0m
[  29% ] [90m[1m_update_scan_actions[22m | outfit_casual_jacket_neutral_bottom_interact.png[39m[0m
[  29% ] [90m[1m_update_scan_actions[22m | outfit_casual_jacket_neutral_bottom_phone.png[39m[0m
[  29% ] [90m[1m_update_scan_actions[22m | outfit_casual_jacket_neutral_bottom_sit.png[39m[0m
[  29% ] [90m[1m_update_scan_actions[22m | outfit_casual_jacket_neutral_shoes.png[39m[0m
[  29% ] [90m[1m_update_scan_actions[22m | outfit_casual_jacket_neutral_shoes_carry.png[39m[0m
[  29% ] [90m[1m_update_scan_actions[22m | outfit_casual_jacket_neutral_shoes_idle.png[39m[0m
[  29% ] [90m[1m_update_scan_actions[22m | outfit_casual_jacket_neutral_shoes_interact.png[39m[0m
[  29% ] [90m[1m_update_scan_actions[22m | outfit_casual_jacket_neutral_shoes_phone.png[39m[0m
[  29% ] [90m[1m_update_scan_actions[22m | outfit_casual_jacket_neutral_shoes_sit.png[39m[0m
[  29% ] [90m[1m_update_scan_actions[22m | outfit_casual_jacket_neutral_top.png[39m[0m
[  29% ] [90m[1m_update_scan_actions[22m | outfit_casual_jacket_neutral_top_carry.png[39m[0m
[  29% ] [90m[1m_update_scan_actions[22m | outfit_casual_jacket_neutral_top_idle.png[39m[0m
[  29% ] [90m[1m_update_scan_actions[22m | outfit_casual_jacket_neutral_top_interact.png[39m[0m
[  29% ] [90m[1m_update_scan_actions[22m | outfit_casual_jacket_neutral_top_phone.png[39m[0m
[  29% ] [90m[1m_update_scan_actions[22m | outfit_casual_jacket_neutral_top_sit.png[39m[0m
[  29% ] [90m[1m_update_scan_actions[22m | outfit_casual_tee_feminine_bottom.png[39m[0m
[  30% ] [90m[1m_update_scan_actions[22m | outfit_casual_tee_feminine_bottom_carry.png[39m[0m
[  30% ] [90m[1m_update_scan_actions[22m | outfit_casual_tee_feminine_bottom_idle.png[39m[0m
[  30% ] [90m[1m_update_scan_actions[22m | outfit_casual_tee_feminine_bottom_interact.png[39m[0m
[  30% ] [90m[1m_update_scan_actions[22m | outfit_casual_tee_feminine_bottom_phone.png[39m[0m
[  30% ] [90m[1m_update_scan_actions[22m | outfit_casual_tee_feminine_bottom_sit.png[39m[0m
[  30% ] [90m[1m_update_scan_actions[22m | outfit_casual_tee_feminine_shoes.png[39m[0m
[  30% ] [90m[1m_update_scan_actions[22m | outfit_casual_tee_feminine_shoes_carry.png[39m[0m
[  30% ] [90m[1m_update_scan_actions[22m | outfit_casual_tee_feminine_shoes_idle.png[39m[0m
[  30% ] [90m[1m_update_scan_actions[22m | outfit_casual_tee_feminine_shoes_interact.png[39m[0m
[  30% ] [90m[1m_update_scan_actions[22m | outfit_casual_tee_feminine_shoes_phone.png[39m[0m
[  30% ] [90m[1m_update_scan_actions[22m | outfit_casual_tee_feminine_shoes_sit.png[39m[0m
[  30% ] [90m[1m_update_scan_actions[22m | outfit_casual_tee_feminine_top.png[39m[0m
[  30% ] [90m[1m_update_scan_actions[22m | outfit_casual_tee_feminine_top_carry.png[39m[0m
[  30% ] [90m[1m_update_scan_actions[22m | outfit_casual_tee_feminine_top_idle.png[39m[0m
[  30% ] [90m[1m_update_scan_actions[22m | outfit_casual_tee_feminine_top_interact.png[39m[0m
[  30% ] [90m[1m_update_scan_actions[22m | outfit_casual_tee_feminine_top_phone.png[39m[0m
[  30% ] [90m[1m_update_scan_actions[22m | outfit_casual_tee_feminine_top_sit.png[39m[0m
[  30% ] [90m[1m_update_scan_actions[22m | outfit_casual_tee_masculine_bottom.png[39m[0m
[  30% ] [90m[1m_update_scan_actions[22m | outfit_casual_tee_masculine_bottom_carry.png[39m[0m
[  30% ] [90m[1m_update_scan_actions[22m | outfit_casual_tee_masculine_bottom_idle.png[39m[0m
[  30% ] [90m[1m_update_scan_actions[22m | outfit_casual_tee_masculine_bottom_interact.png[39m[0m
[  31% ] [90m[1m_update_scan_actions[22m | outfit_casual_tee_masculine_bottom_phone.png[39m[0m
[  31% ] [90m[1m_update_scan_actions[22m | outfit_casual_tee_masculine_bottom_sit.png[39m[0m
[  31% ] [90m[1m_update_scan_actions[22m | outfit_casual_tee_masculine_shoes.png[39m[0m
[  31% ] [90m[1m_update_scan_actions[22m | outfit_casual_tee_masculine_shoes_carry.png[39m[0m
[  31% ] [90m[1m_update_scan_actions[22m | outfit_casual_tee_masculine_shoes_idle.png[39m[0m
[  31% ] [90m[1m_update_scan_actions[22m | outfit_casual_tee_masculine_shoes_interact.png[39m[0m
[  31% ] [90m[1m_update_scan_actions[22m | outfit_casual_tee_masculine_shoes_phone.png[39m[0m
[  31% ] [90m[1m_update_scan_actions[22m | outfit_casual_tee_masculine_shoes_sit.png[39m[0m
[  31% ] [90m[1m_update_scan_actions[22m | outfit_casual_tee_masculine_top.png[39m[0m
[  31% ] [90m[1m_update_scan_actions[22m | outfit_casual_tee_masculine_top_carry.png[39m[0m
[  31% ] [90m[1m_update_scan_actions[22m | outfit_casual_tee_masculine_top_idle.png[39m[0m
[  31% ] [90m[1m_update_scan_actions[22m | outfit_casual_tee_masculine_top_interact.png[39m[0m
[  31% ] [90m[1m_update_scan_actions[22m | outfit_casual_tee_masculine_top_phone.png[39m[0m
[  31% ] [90m[1m_update_scan_actions[22m | outfit_casual_tee_masculine_top_sit.png[39m[0m
[  31% ] [90m[1m_update_scan_actions[22m | outfit_casual_tee_neutral_bottom.png[39m[0m
[  31% ] [90m[1m_update_scan_actions[22m | outfit_casual_tee_neutral_bottom_carry.png[39m[0m
[  31% ] [90m[1m_update_scan_actions[22m | outfit_casual_tee_neutral_bottom_idle.png[39m[0m
[  31% ] [90m[1m_update_scan_actions[22m | outfit_casual_tee_neutral_bottom_interact.png[39m[0m
[  31% ] [90m[1m_update_scan_actions[22m | outfit_casual_tee_neutral_bottom_phone.png[39m[0m
[  31% ] [90m[1m_update_scan_actions[22m | outfit_casual_tee_neutral_bottom_sit.png[39m[0m
[  32% ] [90m[1m_update_scan_actions[22m | outfit_casual_tee_neutral_shoes.png[39m[0m
[  32% ] [90m[1m_update_scan_actions[22m | outfit_casual_tee_neutral_shoes_carry.png[39m[0m
[  32% ] [90m[1m_update_scan_actions[22m | outfit_casual_tee_neutral_shoes_idle.png[39m[0m
[  32% ] [90m[1m_update_scan_actions[22m | outfit_casual_tee_neutral_shoes_interact.png[39m[0m
[  32% ] [90m[1m_update_scan_actions[22m | outfit_casual_tee_neutral_shoes_phone.png[39m[0m
[  32% ] [90m[1m_update_scan_actions[22m | outfit_casual_tee_neutral_shoes_sit.png[39m[0m
[  32% ] [90m[1m_update_scan_actions[22m | outfit_casual_tee_neutral_top.png[39m[0m
[  32% ] [90m[1m_update_scan_actions[22m | outfit_casual_tee_neutral_top_carry.png[39m[0m
[  32% ] [90m[1m_update_scan_actions[22m | outfit_casual_tee_neutral_top_idle.png[39m[0m
[  32% ] [90m[1m_update_scan_actions[22m | outfit_casual_tee_neutral_top_interact.png[39m[0m
[  32% ] [90m[1m_update_scan_actions[22m | outfit_casual_tee_neutral_top_phone.png[39m[0m
[  32% ] [90m[1m_update_scan_actions[22m | outfit_casual_tee_neutral_top_sit.png[39m[0m
[  32% ] [90m[1m_update_scan_actions[22m | outfit_civic_staff_feminine_bottom.png[39m[0m
[  32% ] [90m[1m_update_scan_actions[22m | outfit_civic_staff_feminine_bottom_carry.png[39m[0m
[  32% ] [90m[1m_update_scan_actions[22m | outfit_civic_staff_feminine_bottom_idle.png[39m[0m
[  32% ] [90m[1m_update_scan_actions[22m | outfit_civic_staff_feminine_bottom_interact.png[39m[0m
[  32% ] [90m[1m_update_scan_actions[22m | outfit_civic_staff_feminine_bottom_phone.png[39m[0m
[  32% ] [90m[1m_update_scan_actions[22m | outfit_civic_staff_feminine_bottom_sit.png[39m[0m
[  32% ] [90m[1m_update_scan_actions[22m | outfit_civic_staff_feminine_shoes.png[39m[0m
[  32% ] [90m[1m_update_scan_actions[22m | outfit_civic_staff_feminine_shoes_carry.png[39m[0m
[  32% ] [90m[1m_update_scan_actions[22m | outfit_civic_staff_feminine_shoes_idle.png[39m[0m
[  33% ] [90m[1m_update_scan_actions[22m | outfit_civic_staff_feminine_shoes_interact.png[39m[0m
[  33% ] [90m[1m_update_scan_actions[22m | outfit_civic_staff_feminine_shoes_phone.png[39m[0m
[  33% ] [90m[1m_update_scan_actions[22m | outfit_civic_staff_feminine_shoes_sit.png[39m[0m
[  33% ] [90m[1m_update_scan_actions[22m | outfit_civic_staff_feminine_top.png[39m[0m
[  33% ] [90m[1m_update_scan_actions[22m | outfit_civic_staff_feminine_top_carry.png[39m[0m
[  33% ] [90m[1m_update_scan_actions[22m | outfit_civic_staff_feminine_top_detail.png[39m[0m
[  33% ] [90m[1m_update_scan_actions[22m | outfit_civic_staff_feminine_top_detail_carry.png[39m[0m
[  33% ] [90m[1m_update_scan_actions[22m | outfit_civic_staff_feminine_top_detail_idle.png[39m[0m
[  33% ] [90m[1m_update_scan_actions[22m | outfit_civic_staff_feminine_top_detail_interact.png[39m[0m
[  33% ] [90m[1m_update_scan_actions[22m | outfit_civic_staff_feminine_top_detail_phone.png[39m[0m
[  33% ] [90m[1m_update_scan_actions[22m | outfit_civic_staff_feminine_top_detail_sit.png[39m[0m
[  33% ] [90m[1m_update_scan_actions[22m | outfit_civic_staff_feminine_top_idle.png[39m[0m
[  33% ] [90m[1m_update_scan_actions[22m | outfit_civic_staff_feminine_top_interact.png[39m[0m
[  33% ] [90m[1m_update_scan_actions[22m | outfit_civic_staff_feminine_top_phone.png[39m[0m
[  33% ] [90m[1m_update_scan_actions[22m | outfit_civic_staff_feminine_top_sit.png[39m[0m
[  33% ] [90m[1m_update_scan_actions[22m | outfit_civic_staff_masculine_bottom.png[39m[0m
[  33% ] [90m[1m_update_scan_actions[22m | outfit_civic_staff_masculine_bottom_carry.png[39m[0m
[  33% ] [90m[1m_update_scan_actions[22m | outfit_civic_staff_masculine_bottom_idle.png[39m[0m
[  33% ] [90m[1m_update_scan_actions[22m | outfit_civic_staff_masculine_bottom_interact.png[39m[0m
[  33% ] [90m[1m_update_scan_actions[22m | outfit_civic_staff_masculine_bottom_phone.png[39m[0m
[  33% ] [90m[1m_update_scan_actions[22m | outfit_civic_staff_masculine_bottom_sit.png[39m[0m
[  34% ] [90m[1m_update_scan_actions[22m | outfit_civic_staff_masculine_shoes.png[39m[0m
[  34% ] [90m[1m_update_scan_actions[22m | outfit_civic_staff_masculine_shoes_carry.png[39m[0m
[  34% ] [90m[1m_update_scan_actions[22m | outfit_civic_staff_masculine_shoes_idle.png[39m[0m
[  34% ] [90m[1m_update_scan_actions[22m | outfit_civic_staff_masculine_shoes_interact.png[39m[0m
[  34% ] [90m[1m_update_scan_actions[22m | outfit_civic_staff_masculine_shoes_phone.png[39m[0m
[  34% ] [90m[1m_update_scan_actions[22m | outfit_civic_staff_masculine_shoes_sit.png[39m[0m
[  34% ] [90m[1m_update_scan_actions[22m | outfit_civic_staff_masculine_top.png[39m[0m
[  34% ] [90m[1m_update_scan_actions[22m | outfit_civic_staff_masculine_top_carry.png[39m[0m
[  34% ] [90m[1m_update_scan_actions[22m | outfit_civic_staff_masculine_top_detail.png[39m[0m
[  34% ] [90m[1m_update_scan_actions[22m | outfit_civic_staff_masculine_top_detail_carry.png[39m[0m
[  34% ] [90m[1m_update_scan_actions[22m | outfit_civic_staff_masculine_top_detail_idle.png[39m[0m
[  34% ] [90m[1m_update_scan_actions[22m | outfit_civic_staff_masculine_top_detail_interact.png[39m[0m
[  34% ] [90m[1m_update_scan_actions[22m | outfit_civic_staff_masculine_top_detail_phone.png[39m[0m
[  34% ] [90m[1m_update_scan_actions[22m | outfit_civic_staff_masculine_top_detail_sit.png[39m[0m
[  34% ] [90m[1m_update_scan_actions[22m | outfit_civic_staff_masculine_top_idle.png[39m[0m
[  34% ] [90m[1m_update_scan_actions[22m | outfit_civic_staff_masculine_top_interact.png[39m[0m
[  34% ] [90m[1m_update_scan_actions[22m | outfit_civic_staff_masculine_top_phone.png[39m[0m
[  34% ] [90m[1m_update_scan_actions[22m | outfit_civic_staff_masculine_top_sit.png[39m[0m
[  34% ] [90m[1m_update_scan_actions[22m | outfit_civic_staff_neutral_bottom.png[39m[0m
[  34% ] [90m[1m_update_scan_actions[22m | outfit_civic_staff_neutral_bottom_carry.png[39m[0m
[  34% ] [90m[1m_update_scan_actions[22m | outfit_civic_staff_neutral_bottom_idle.png[39m[0m
[  35% ] [90m[1m_update_scan_actions[22m | outfit_civic_staff_neutral_bottom_interact.png[39m[0m
[  35% ] [90m[1m_update_scan_actions[22m | outfit_civic_staff_neutral_bottom_phone.png[39m[0m
[  35% ] [90m[1m_update_scan_actions[22m | outfit_civic_staff_neutral_bottom_sit.png[39m[0m
[  35% ] [90m[1m_update_scan_actions[22m | outfit_civic_staff_neutral_shoes.png[39m[0m
[  35% ] [90m[1m_update_scan_actions[22m | outfit_civic_staff_neutral_shoes_carry.png[39m[0m
[  35% ] [90m[1m_update_scan_actions[22m | outfit_civic_staff_neutral_shoes_idle.png[39m[0m
[  35% ] [90m[1m_update_scan_actions[22m | outfit_civic_staff_neutral_shoes_interact.png[39m[0m
[  35% ] [90m[1m_update_scan_actions[22m | outfit_civic_staff_neutral_shoes_phone.png[39m[0m
[  35% ] [90m[1m_update_scan_actions[22m | outfit_civic_staff_neutral_shoes_sit.png[39m[0m
[  35% ] [90m[1m_update_scan_actions[22m | outfit_civic_staff_neutral_top.png[39m[0m
[  35% ] [90m[1m_update_scan_actions[22m | outfit_civic_staff_neutral_top_carry.png[39m[0m
[  35% ] [90m[1m_update_scan_actions[22m | outfit_civic_staff_neutral_top_detail.png[39m[0m
[  35% ] [90m[1m_update_scan_actions[22m | outfit_civic_staff_neutral_top_detail_carry.png[39m[0m
[  35% ] [90m[1m_update_scan_actions[22m | outfit_civic_staff_neutral_top_detail_idle.png[39m[0m
[  35% ] [90m[1m_update_scan_actions[22m | outfit_civic_staff_neutral_top_detail_interact.png[39m[0m
[  35% ] [90m[1m_update_scan_actions[22m | outfit_civic_staff_neutral_top_detail_phone.png[39m[0m
[  35% ] [90m[1m_update_scan_actions[22m | outfit_civic_staff_neutral_top_detail_sit.png[39m[0m
[  35% ] [90m[1m_update_scan_actions[22m | outfit_civic_staff_neutral_top_idle.png[39m[0m
[  35% ] [90m[1m_update_scan_actions[22m | outfit_civic_staff_neutral_top_interact.png[39m[0m
[  35% ] [90m[1m_update_scan_actions[22m | outfit_civic_staff_neutral_top_phone.png[39m[0m
[  35% ] [90m[1m_update_scan_actions[22m | outfit_civic_staff_neutral_top_sit.png[39m[0m
[  36% ] [90m[1m_update_scan_actions[22m | outfit_courier_feminine_bottom.png[39m[0m
[  36% ] [90m[1m_update_scan_actions[22m | outfit_courier_feminine_bottom_carry.png[39m[0m
[  36% ] [90m[1m_update_scan_actions[22m | outfit_courier_feminine_bottom_idle.png[39m[0m
[  36% ] [90m[1m_update_scan_actions[22m | outfit_courier_feminine_bottom_interact.png[39m[0m
[  36% ] [90m[1m_update_scan_actions[22m | outfit_courier_feminine_bottom_phone.png[39m[0m
[  36% ] [90m[1m_update_scan_actions[22m | outfit_courier_feminine_bottom_sit.png[39m[0m
[  36% ] [90m[1m_update_scan_actions[22m | outfit_courier_feminine_shoes.png[39m[0m
[  36% ] [90m[1m_update_scan_actions[22m | outfit_courier_feminine_shoes_carry.png[39m[0m
[  36% ] [90m[1m_update_scan_actions[22m | outfit_courier_feminine_shoes_idle.png[39m[0m
[  36% ] [90m[1m_update_scan_actions[22m | outfit_courier_feminine_shoes_interact.png[39m[0m
[  36% ] [90m[1m_update_scan_actions[22m | outfit_courier_feminine_shoes_phone.png[39m[0m
[  36% ] [90m[1m_update_scan_actions[22m | outfit_courier_feminine_shoes_sit.png[39m[0m
[  36% ] [90m[1m_update_scan_actions[22m | outfit_courier_feminine_top.png[39m[0m
[  36% ] [90m[1m_update_scan_actions[22m | outfit_courier_feminine_top_carry.png[39m[0m
[  36% ] [90m[1m_update_scan_actions[22m | outfit_courier_feminine_top_detail.png[39m[0m
[  36% ] [90m[1m_update_scan_actions[22m | outfit_courier_feminine_top_detail_carry.png[39m[0m
[  36% ] [90m[1m_update_scan_actions[22m | outfit_courier_feminine_top_detail_idle.png[39m[0m
[  36% ] [90m[1m_update_scan_actions[22m | outfit_courier_feminine_top_detail_interact.png[39m[0m
[  36% ] [90m[1m_update_scan_actions[22m | outfit_courier_feminine_top_detail_phone.png[39m[0m
[  36% ] [90m[1m_update_scan_actions[22m | outfit_courier_feminine_top_detail_sit.png[39m[0m
[  37% ] [90m[1m_update_scan_actions[22m | outfit_courier_feminine_top_idle.png[39m[0m
[  37% ] [90m[1m_update_scan_actions[22m | outfit_courier_feminine_top_interact.png[39m[0m
[  37% ] [90m[1m_update_scan_actions[22m | outfit_courier_feminine_top_phone.png[39m[0m
[  37% ] [90m[1m_update_scan_actions[22m | outfit_courier_feminine_top_sit.png[39m[0m
[  37% ] [90m[1m_update_scan_actions[22m | outfit_courier_masculine_bottom.png[39m[0m
[  37% ] [90m[1m_update_scan_actions[22m | outfit_courier_masculine_bottom_carry.png[39m[0m
[  37% ] [90m[1m_update_scan_actions[22m | outfit_courier_masculine_bottom_idle.png[39m[0m
[  37% ] [90m[1m_update_scan_actions[22m | outfit_courier_masculine_bottom_interact.png[39m[0m
[  37% ] [90m[1m_update_scan_actions[22m | outfit_courier_masculine_bottom_phone.png[39m[0m
[  37% ] [90m[1m_update_scan_actions[22m | outfit_courier_masculine_bottom_sit.png[39m[0m
[  37% ] [90m[1m_update_scan_actions[22m | outfit_courier_masculine_shoes.png[39m[0m
[  37% ] [90m[1m_update_scan_actions[22m | outfit_courier_masculine_shoes_carry.png[39m[0m
[  37% ] [90m[1m_update_scan_actions[22m | outfit_courier_masculine_shoes_idle.png[39m[0m
[  37% ] [90m[1m_update_scan_actions[22m | outfit_courier_masculine_shoes_interact.png[39m[0m
[  37% ] [90m[1m_update_scan_actions[22m | outfit_courier_masculine_shoes_phone.png[39m[0m
[  37% ] [90m[1m_update_scan_actions[22m | outfit_courier_masculine_shoes_sit.png[39m[0m
[  37% ] [90m[1m_update_scan_actions[22m | outfit_courier_masculine_top.png[39m[0m
[  37% ] [90m[1m_update_scan_actions[22m | outfit_courier_masculine_top_carry.png[39m[0m
[  37% ] [90m[1m_update_scan_actions[22m | outfit_courier_masculine_top_detail.png[39m[0m
[  37% ] [90m[1m_update_scan_actions[22m | outfit_courier_masculine_top_detail_carry.png[39m[0m
[  37% ] [90m[1m_update_scan_actions[22m | outfit_courier_masculine_top_detail_idle.png[39m[0m
[  38% ] [90m[1m_update_scan_actions[22m | outfit_courier_masculine_top_detail_interact.png[39m[0m
[  38% ] [90m[1m_update_scan_actions[22m | outfit_courier_masculine_top_detail_phone.png[39m[0m
[  38% ] [90m[1m_update_scan_actions[22m | outfit_courier_masculine_top_detail_sit.png[39m[0m
[  38% ] [90m[1m_update_scan_actions[22m | outfit_courier_masculine_top_idle.png[39m[0m
[  38% ] [90m[1m_update_scan_actions[22m | outfit_courier_masculine_top_interact.png[39m[0m
[  38% ] [90m[1m_update_scan_actions[22m | outfit_courier_masculine_top_phone.png[39m[0m
[  38% ] [90m[1m_update_scan_actions[22m | outfit_courier_masculine_top_sit.png[39m[0m
[  38% ] [90m[1m_update_scan_actions[22m | outfit_courier_neutral_bottom.png[39m[0m
[  38% ] [90m[1m_update_scan_actions[22m | outfit_courier_neutral_bottom_carry.png[39m[0m
[  38% ] [90m[1m_update_scan_actions[22m | outfit_courier_neutral_bottom_idle.png[39m[0m
[  38% ] [90m[1m_update_scan_actions[22m | outfit_courier_neutral_bottom_interact.png[39m[0m
[  38% ] [90m[1m_update_scan_actions[22m | outfit_courier_neutral_bottom_phone.png[39m[0m
[  38% ] [90m[1m_update_scan_actions[22m | outfit_courier_neutral_bottom_sit.png[39m[0m
[  38% ] [90m[1m_update_scan_actions[22m | outfit_courier_neutral_shoes.png[39m[0m
[  38% ] [90m[1m_update_scan_actions[22m | outfit_courier_neutral_shoes_carry.png[39m[0m
[  38% ] [90m[1m_update_scan_actions[22m | outfit_courier_neutral_shoes_idle.png[39m[0m
[  38% ] [90m[1m_update_scan_actions[22m | outfit_courier_neutral_shoes_interact.png[39m[0m
[  38% ] [90m[1m_update_scan_actions[22m | outfit_courier_neutral_shoes_phone.png[39m[0m
[  38% ] [90m[1m_update_scan_actions[22m | outfit_courier_neutral_shoes_sit.png[39m[0m
[  38% ] [90m[1m_update_scan_actions[22m | outfit_courier_neutral_top.png[39m[0m
[  38% ] [90m[1m_update_scan_actions[22m | outfit_courier_neutral_top_carry.png[39m[0m
[  39% ] [90m[1m_update_scan_actions[22m | outfit_courier_neutral_top_detail.png[39m[0m
[  39% ] [90m[1m_update_scan_actions[22m | outfit_courier_neutral_top_detail_carry.png[39m[0m
[  39% ] [90m[1m_update_scan_actions[22m | outfit_courier_neutral_top_detail_idle.png[39m[0m
[  39% ] [90m[1m_update_scan_actions[22m | outfit_courier_neutral_top_detail_interact.png[39m[0m
[  39% ] [90m[1m_update_scan_actions[22m | outfit_courier_neutral_top_detail_phone.png[39m[0m
[  39% ] [90m[1m_update_scan_actions[22m | outfit_courier_neutral_top_detail_sit.png[39m[0m
[  39% ] [90m[1m_update_scan_actions[22m | outfit_courier_neutral_top_idle.png[39m[0m
[  39% ] [90m[1m_update_scan_actions[22m | outfit_courier_neutral_top_interact.png[39m[0m
[  39% ] [90m[1m_update_scan_actions[22m | outfit_courier_neutral_top_phone.png[39m[0m
[  39% ] [90m[1m_update_scan_actions[22m | outfit_courier_neutral_top_sit.png[39m[0m
[  39% ] [90m[1m_update_scan_actions[22m | outfit_home_feminine_bottom.png[39m[0m
[  39% ] [90m[1m_update_scan_actions[22m | outfit_home_feminine_bottom_carry.png[39m[0m
[  39% ] [90m[1m_update_scan_actions[22m | outfit_home_feminine_bottom_idle.png[39m[0m
[  39% ] [90m[1m_update_scan_actions[22m | outfit_home_feminine_bottom_interact.png[39m[0m
[  39% ] [90m[1m_update_scan_actions[22m | outfit_home_feminine_bottom_phone.png[39m[0m
[  39% ] [90m[1m_update_scan_actions[22m | outfit_home_feminine_bottom_sit.png[39m[0m
[  39% ] [90m[1m_update_scan_actions[22m | outfit_home_feminine_shoes.png[39m[0m
[  39% ] [90m[1m_update_scan_actions[22m | outfit_home_feminine_shoes_carry.png[39m[0m
[  39% ] [90m[1m_update_scan_actions[22m | outfit_home_feminine_shoes_idle.png[39m[0m
[  39% ] [90m[1m_update_scan_actions[22m | outfit_home_feminine_shoes_interact.png[39m[0m
[  39% ] [90m[1m_update_scan_actions[22m | outfit_home_feminine_shoes_phone.png[39m[0m
[  40% ] [90m[1m_update_scan_actions[22m | outfit_home_feminine_shoes_sit.png[39m[0m
[  40% ] [90m[1m_update_scan_actions[22m | outfit_home_feminine_top.png[39m[0m
[  40% ] [90m[1m_update_scan_actions[22m | outfit_home_feminine_top_carry.png[39m[0m
[  40% ] [90m[1m_update_scan_actions[22m | outfit_home_feminine_top_idle.png[39m[0m
[  40% ] [90m[1m_update_scan_actions[22m | outfit_home_feminine_top_interact.png[39m[0m
[  40% ] [90m[1m_update_scan_actions[22m | outfit_home_feminine_top_phone.png[39m[0m
[  40% ] [90m[1m_update_scan_actions[22m | outfit_home_feminine_top_sit.png[39m[0m
[  40% ] [90m[1m_update_scan_actions[22m | outfit_home_masculine_bottom.png[39m[0m
[  40% ] [90m[1m_update_scan_actions[22m | outfit_home_masculine_bottom_carry.png[39m[0m
[  40% ] [90m[1m_update_scan_actions[22m | outfit_home_masculine_bottom_idle.png[39m[0m
[  40% ] [90m[1m_update_scan_actions[22m | outfit_home_masculine_bottom_interact.png[39m[0m
[  40% ] [90m[1m_update_scan_actions[22m | outfit_home_masculine_bottom_phone.png[39m[0m
[  40% ] [90m[1m_update_scan_actions[22m | outfit_home_masculine_bottom_sit.png[39m[0m
[  40% ] [90m[1m_update_scan_actions[22m | outfit_home_masculine_shoes.png[39m[0m
[  40% ] [90m[1m_update_scan_actions[22m | outfit_home_masculine_shoes_carry.png[39m[0m
[  40% ] [90m[1m_update_scan_actions[22m | outfit_home_masculine_shoes_idle.png[39m[0m
[  40% ] [90m[1m_update_scan_actions[22m | outfit_home_masculine_shoes_interact.png[39m[0m
[  40% ] [90m[1m_update_scan_actions[22m | outfit_home_masculine_shoes_phone.png[39m[0m
[  40% ] [90m[1m_update_scan_actions[22m | outfit_home_masculine_shoes_sit.png[39m[0m
[  40% ] [90m[1m_update_scan_actions[22m | outfit_home_masculine_top.png[39m[0m
[  40% ] [90m[1m_update_scan_actions[22m | outfit_home_masculine_top_carry.png[39m[0m
[  41% ] [90m[1m_update_scan_actions[22m | outfit_home_masculine_top_idle.png[39m[0m
[  41% ] [90m[1m_update_scan_actions[22m | outfit_home_masculine_top_interact.png[39m[0m
[  41% ] [90m[1m_update_scan_actions[22m | outfit_home_masculine_top_phone.png[39m[0m
[  41% ] [90m[1m_update_scan_actions[22m | outfit_home_masculine_top_sit.png[39m[0m
[  41% ] [90m[1m_update_scan_actions[22m | outfit_home_neutral_bottom.png[39m[0m
[  41% ] [90m[1m_update_scan_actions[22m | outfit_home_neutral_bottom_carry.png[39m[0m
[  41% ] [90m[1m_update_scan_actions[22m | outfit_home_neutral_bottom_idle.png[39m[0m
[  41% ] [90m[1m_update_scan_actions[22m | outfit_home_neutral_bottom_interact.png[39m[0m
[  41% ] [90m[1m_update_scan_actions[22m | outfit_home_neutral_bottom_phone.png[39m[0m
[  41% ] [90m[1m_update_scan_actions[22m | outfit_home_neutral_bottom_sit.png[39m[0m
[  41% ] [90m[1m_update_scan_actions[22m | outfit_home_neutral_shoes.png[39m[0m
[  41% ] [90m[1m_update_scan_actions[22m | outfit_home_neutral_shoes_carry.png[39m[0m
[  41% ] [90m[1m_update_scan_actions[22m | outfit_home_neutral_shoes_idle.png[39m[0m
[  41% ] [90m[1m_update_scan_actions[22m | outfit_home_neutral_shoes_interact.png[39m[0m
[  41% ] [90m[1m_update_scan_actions[22m | outfit_home_neutral_shoes_phone.png[39m[0m
[  41% ] [90m[1m_update_scan_actions[22m | outfit_home_neutral_shoes_sit.png[39m[0m
[  41% ] [90m[1m_update_scan_actions[22m | outfit_home_neutral_top.png[39m[0m
[  41% ] [90m[1m_update_scan_actions[22m | outfit_home_neutral_top_carry.png[39m[0m
[  41% ] [90m[1m_update_scan_actions[22m | outfit_home_neutral_top_idle.png[39m[0m
[  41% ] [90m[1m_update_scan_actions[22m | outfit_home_neutral_top_interact.png[39m[0m
[  41% ] [90m[1m_update_scan_actions[22m | outfit_home_neutral_top_phone.png[39m[0m
[  42% ] [90m[1m_update_scan_actions[22m | outfit_home_neutral_top_sit.png[39m[0m
[  42% ] [90m[1m_update_scan_actions[22m | outfit_office_professional_feminine_bottom.png[39m[0m
[  42% ] [90m[1m_update_scan_actions[22m | outfit_office_professional_feminine_bottom_carry.png[39m[0m
[  42% ] [90m[1m_update_scan_actions[22m | outfit_office_professional_feminine_bottom_idle.png[39m[0m
[  42% ] [90m[1m_update_scan_actions[22m | outfit_office_professional_feminine_bottom_interact.png[39m[0m
[  42% ] [90m[1m_update_scan_actions[22m | outfit_office_professional_feminine_bottom_phone.png[39m[0m
[  42% ] [90m[1m_update_scan_actions[22m | outfit_office_professional_feminine_bottom_sit.png[39m[0m
[  42% ] [90m[1m_update_scan_actions[22m | outfit_office_professional_feminine_shoes.png[39m[0m
[  42% ] [90m[1m_update_scan_actions[22m | outfit_office_professional_feminine_shoes_carry.png[39m[0m
[  42% ] [90m[1m_update_scan_actions[22m | outfit_office_professional_feminine_shoes_idle.png[39m[0m
[  42% ] [90m[1m_update_scan_actions[22m | outfit_office_professional_feminine_shoes_interact.png[39m[0m
[  42% ] [90m[1m_update_scan_actions[22m | outfit_office_professional_feminine_shoes_phone.png[39m[0m
[  42% ] [90m[1m_update_scan_actions[22m | outfit_office_professional_feminine_shoes_sit.png[39m[0m
[  42% ] [90m[1m_update_scan_actions[22m | outfit_office_professional_feminine_top.png[39m[0m
[  42% ] [90m[1m_update_scan_actions[22m | outfit_office_professional_feminine_top_carry.png[39m[0m
[  42% ] [90m[1m_update_scan_actions[22m | outfit_office_professional_feminine_top_idle.png[39m[0m
[  42% ] [90m[1m_update_scan_actions[22m | outfit_office_professional_feminine_top_interact.png[39m[0m
[  42% ] [90m[1m_update_scan_actions[22m | outfit_office_professional_feminine_top_phone.png[39m[0m
[  42% ] [90m[1m_update_scan_actions[22m | outfit_office_professional_feminine_top_sit.png[39m[0m
[  42% ] [90m[1m_update_scan_actions[22m | outfit_office_professional_masculine_bottom.png[39m[0m
[  43% ] [90m[1m_update_scan_actions[22m | outfit_office_professional_masculine_bottom_carry.png[39m[0m
[  43% ] [90m[1m_update_scan_actions[22m | outfit_office_professional_masculine_bottom_idle.png[39m[0m
[  43% ] [90m[1m_update_scan_actions[22m | outfit_office_professional_masculine_bottom_interact.png[39m[0m
[  43% ] [90m[1m_update_scan_actions[22m | outfit_office_professional_masculine_bottom_phone.png[39m[0m
[  43% ] [90m[1m_update_scan_actions[22m | outfit_office_professional_masculine_bottom_sit.png[39m[0m
[  43% ] [90m[1m_update_scan_actions[22m | outfit_office_professional_masculine_shoes.png[39m[0m
[  43% ] [90m[1m_update_scan_actions[22m | outfit_office_professional_masculine_shoes_carry.png[39m[0m
[  43% ] [90m[1m_update_scan_actions[22m | outfit_office_professional_masculine_shoes_idle.png[39m[0m
[  43% ] [90m[1m_update_scan_actions[22m | outfit_office_professional_masculine_shoes_interact.png[39m[0m
[  43% ] [90m[1m_update_scan_actions[22m | outfit_office_professional_masculine_shoes_phone.png[39m[0m
[  43% ] [90m[1m_update_scan_actions[22m | outfit_office_professional_masculine_shoes_sit.png[39m[0m
[  43% ] [90m[1m_update_scan_actions[22m | outfit_office_professional_masculine_top.png[39m[0m
[  43% ] [90m[1m_update_scan_actions[22m | outfit_office_professional_masculine_top_carry.png[39m[0m
[  43% ] [90m[1m_update_scan_actions[22m | outfit_office_professional_masculine_top_idle.png[39m[0m
[  43% ] [90m[1m_update_scan_actions[22m | outfit_office_professional_masculine_top_interact.png[39m[0m
[  43% ] [90m[1m_update_scan_actions[22m | outfit_office_professional_masculine_top_phone.png[39m[0m
[  43% ] [90m[1m_update_scan_actions[22m | outfit_office_professional_masculine_top_sit.png[39m[0m
[  43% ] [90m[1m_update_scan_actions[22m | outfit_office_professional_neutral_bottom.png[39m[0m
[  43% ] [90m[1m_update_scan_actions[22m | outfit_office_professional_neutral_bottom_carry.png[39m[0m
[  43% ] [90m[1m_update_scan_actions[22m | outfit_office_professional_neutral_bottom_idle.png[39m[0m
[  43% ] [90m[1m_update_scan_actions[22m | outfit_office_professional_neutral_bottom_interact.png[39m[0m
[  44% ] [90m[1m_update_scan_actions[22m | outfit_office_professional_neutral_bottom_phone.png[39m[0m
[  44% ] [90m[1m_update_scan_actions[22m | outfit_office_professional_neutral_bottom_sit.png[39m[0m
[  44% ] [90m[1m_update_scan_actions[22m | outfit_office_professional_neutral_shoes.png[39m[0m
[  44% ] [90m[1m_update_scan_actions[22m | outfit_office_professional_neutral_shoes_carry.png[39m[0m
[  44% ] [90m[1m_update_scan_actions[22m | outfit_office_professional_neutral_shoes_idle.png[39m[0m
[  44% ] [90m[1m_update_scan_actions[22m | outfit_office_professional_neutral_shoes_interact.png[39m[0m
[  44% ] [90m[1m_update_scan_actions[22m | outfit_office_professional_neutral_shoes_phone.png[39m[0m
[  44% ] [90m[1m_update_scan_actions[22m | outfit_office_professional_neutral_shoes_sit.png[39m[0m
[  44% ] [90m[1m_update_scan_actions[22m | outfit_office_professional_neutral_top.png[39m[0m
[  44% ] [90m[1m_update_scan_actions[22m | outfit_office_professional_neutral_top_carry.png[39m[0m
[  44% ] [90m[1m_update_scan_actions[22m | outfit_office_professional_neutral_top_idle.png[39m[0m
[  44% ] [90m[1m_update_scan_actions[22m | outfit_office_professional_neutral_top_interact.png[39m[0m
[  44% ] [90m[1m_update_scan_actions[22m | outfit_office_professional_neutral_top_phone.png[39m[0m
[  44% ] [90m[1m_update_scan_actions[22m | outfit_office_professional_neutral_top_sit.png[39m[0m
[  44% ] [90m[1m_update_scan_actions[22m | outfit_startup_casual_feminine_bottom.png[39m[0m
[  44% ] [90m[1m_update_scan_actions[22m | outfit_startup_casual_feminine_bottom_carry.png[39m[0m
[  44% ] [90m[1m_update_scan_actions[22m | outfit_startup_casual_feminine_bottom_idle.png[39m[0m
[  44% ] [90m[1m_update_scan_actions[22m | outfit_startup_casual_feminine_bottom_interact.png[39m[0m
[  44% ] [90m[1m_update_scan_actions[22m | outfit_startup_casual_feminine_bottom_phone.png[39m[0m
[  44% ] [90m[1m_update_scan_actions[22m | outfit_startup_casual_feminine_bottom_sit.png[39m[0m
[  44% ] [90m[1m_update_scan_actions[22m | outfit_startup_casual_feminine_shoes.png[39m[0m
[  45% ] [90m[1m_update_scan_actions[22m | outfit_startup_casual_feminine_shoes_carry.png[39m[0m
[  45% ] [90m[1m_update_scan_actions[22m | outfit_startup_casual_feminine_shoes_idle.png[39m[0m
[  45% ] [90m[1m_update_scan_actions[22m | outfit_startup_casual_feminine_shoes_interact.png[39m[0m
[  45% ] [90m[1m_update_scan_actions[22m | outfit_startup_casual_feminine_shoes_phone.png[39m[0m
[  45% ] [90m[1m_update_scan_actions[22m | outfit_startup_casual_feminine_shoes_sit.png[39m[0m
[  45% ] [90m[1m_update_scan_actions[22m | outfit_startup_casual_feminine_top.png[39m[0m
[  45% ] [90m[1m_update_scan_actions[22m | outfit_startup_casual_feminine_top_carry.png[39m[0m
[  45% ] [90m[1m_update_scan_actions[22m | outfit_startup_casual_feminine_top_idle.png[39m[0m
[  45% ] [90m[1m_update_scan_actions[22m | outfit_startup_casual_feminine_top_interact.png[39m[0m
[  45% ] [90m[1m_update_scan_actions[22m | outfit_startup_casual_feminine_top_phone.png[39m[0m
[  45% ] [90m[1m_update_scan_actions[22m | outfit_startup_casual_feminine_top_sit.png[39m[0m
[  45% ] [90m[1m_update_scan_actions[22m | outfit_startup_casual_masculine_bottom.png[39m[0m
[  45% ] [90m[1m_update_scan_actions[22m | outfit_startup_casual_masculine_bottom_carry.png[39m[0m
[  45% ] [90m[1m_update_scan_actions[22m | outfit_startup_casual_masculine_bottom_idle.png[39m[0m
[  45% ] [90m[1m_update_scan_actions[22m | outfit_startup_casual_masculine_bottom_interact.png[39m[0m
[  45% ] [90m[1m_update_scan_actions[22m | outfit_startup_casual_masculine_bottom_phone.png[39m[0m
[  45% ] [90m[1m_update_scan_actions[22m | outfit_startup_casual_masculine_bottom_sit.png[39m[0m
[  45% ] [90m[1m_update_scan_actions[22m | outfit_startup_casual_masculine_shoes.png[39m[0m
[  45% ] [90m[1m_update_scan_actions[22m | outfit_startup_casual_masculine_shoes_carry.png[39m[0m
[  45% ] [90m[1m_update_scan_actions[22m | outfit_startup_casual_masculine_shoes_idle.png[39m[0m
[  45% ] [90m[1m_update_scan_actions[22m | outfit_startup_casual_masculine_shoes_interact.png[39m[0m
[  46% ] [90m[1m_update_scan_actions[22m | outfit_startup_casual_masculine_shoes_phone.png[39m[0m
[  46% ] [90m[1m_update_scan_actions[22m | outfit_startup_casual_masculine_shoes_sit.png[39m[0m
[  46% ] [90m[1m_update_scan_actions[22m | outfit_startup_casual_masculine_top.png[39m[0m
[  46% ] [90m[1m_update_scan_actions[22m | outfit_startup_casual_masculine_top_carry.png[39m[0m
[  46% ] [90m[1m_update_scan_actions[22m | outfit_startup_casual_masculine_top_idle.png[39m[0m
[  46% ] [90m[1m_update_scan_actions[22m | outfit_startup_casual_masculine_top_interact.png[39m[0m
[  46% ] [90m[1m_update_scan_actions[22m | outfit_startup_casual_masculine_top_phone.png[39m[0m
[  46% ] [90m[1m_update_scan_actions[22m | outfit_startup_casual_masculine_top_sit.png[39m[0m
[  46% ] [90m[1m_update_scan_actions[22m | outfit_startup_casual_neutral_bottom.png[39m[0m
[  46% ] [90m[1m_update_scan_actions[22m | outfit_startup_casual_neutral_bottom_carry.png[39m[0m
[  46% ] [90m[1m_update_scan_actions[22m | outfit_startup_casual_neutral_bottom_idle.png[39m[0m
[  46% ] [90m[1m_update_scan_actions[22m | outfit_startup_casual_neutral_bottom_interact.png[39m[0m
[  46% ] [90m[1m_update_scan_actions[22m | outfit_startup_casual_neutral_bottom_phone.png[39m[0m
[  46% ] [90m[1m_update_scan_actions[22m | outfit_startup_casual_neutral_bottom_sit.png[39m[0m
[  46% ] [90m[1m_update_scan_actions[22m | outfit_startup_casual_neutral_shoes.png[39m[0m
[  46% ] [90m[1m_update_scan_actions[22m | outfit_startup_casual_neutral_shoes_carry.png[39m[0m
[  46% ] [90m[1m_update_scan_actions[22m | outfit_startup_casual_neutral_shoes_idle.png[39m[0m
[  46% ] [90m[1m_update_scan_actions[22m | outfit_startup_casual_neutral_shoes_interact.png[39m[0m
[  46% ] [90m[1m_update_scan_actions[22m | outfit_startup_casual_neutral_shoes_phone.png[39m[0m
[  46% ] [90m[1m_update_scan_actions[22m | outfit_startup_casual_neutral_shoes_sit.png[39m[0m
[  46% ] [90m[1m_update_scan_actions[22m | outfit_startup_casual_neutral_top.png[39m[0m
[  47% ] [90m[1m_update_scan_actions[22m | outfit_startup_casual_neutral_top_carry.png[39m[0m
[  47% ] [90m[1m_update_scan_actions[22m | outfit_startup_casual_neutral_top_idle.png[39m[0m
[  47% ] [90m[1m_update_scan_actions[22m | outfit_startup_casual_neutral_top_interact.png[39m[0m
[  47% ] [90m[1m_update_scan_actions[22m | outfit_startup_casual_neutral_top_phone.png[39m[0m
[  47% ] [90m[1m_update_scan_actions[22m | outfit_startup_casual_neutral_top_sit.png[39m[0m
[  47% ] [90m[1m_update_scan_actions[22m | acc_backpack.png[39m[0m
[  47% ] [90m[1m_update_scan_actions[22m | acc_glasses_round.png[39m[0m
[  47% ] [90m[1m_update_scan_actions[22m | acc_glasses_square.png[39m[0m
[  47% ] [90m[1m_update_scan_actions[22m | brows_arched.png[39m[0m
[  47% ] [90m[1m_update_scan_actions[22m | brows_soft.png[39m[0m
[  47% ] [90m[1m_update_scan_actions[22m | brows_straight.png[39m[0m
[  47% ] [90m[1m_update_scan_actions[22m | brows_thick.png[39m[0m
[  47% ] [90m[1m_update_scan_actions[22m | eyes_almond.png[39m[0m
[  47% ] [90m[1m_update_scan_actions[22m | eyes_detail_almond.png[39m[0m
[  47% ] [90m[1m_update_scan_actions[22m | eyes_detail_narrow.png[39m[0m
[  47% ] [90m[1m_update_scan_actions[22m | eyes_detail_round.png[39m[0m
[  47% ] [90m[1m_update_scan_actions[22m | eyes_detail_wide.png[39m[0m
[  47% ] [90m[1m_update_scan_actions[22m | eyes_narrow.png[39m[0m
[  47% ] [90m[1m_update_scan_actions[22m | eyes_round.png[39m[0m
[  47% ] [90m[1m_update_scan_actions[22m | eyes_wide.png[39m[0m
[  48% ] [90m[1m_update_scan_actions[22m | hair_bob_back.png[39m[0m
[  48% ] [90m[1m_update_scan_actions[22m | hair_bob_front.png[39m[0m
[  48% ] [90m[1m_update_scan_actions[22m | hair_bun_back.png[39m[0m
[  48% ] [90m[1m_update_scan_actions[22m | hair_bun_front.png[39m[0m
[  48% ] [90m[1m_update_scan_actions[22m | hair_buzz_back.png[39m[0m
[  48% ] [90m[1m_update_scan_actions[22m | hair_buzz_front.png[39m[0m
[  48% ] [90m[1m_update_scan_actions[22m | hair_long_back.png[39m[0m
[  48% ] [90m[1m_update_scan_actions[22m | hair_long_front.png[39m[0m
[  48% ] [90m[1m_update_scan_actions[22m | hair_messy_back.png[39m[0m
[  48% ] [90m[1m_update_scan_actions[22m | hair_messy_front.png[39m[0m
[  48% ] [90m[1m_update_scan_actions[22m | hair_ponytail_back.png[39m[0m
[  48% ] [90m[1m_update_scan_actions[22m | hair_ponytail_front.png[39m[0m
[  48% ] [90m[1m_update_scan_actions[22m | hair_short_neat_back.png[39m[0m
[  48% ] [90m[1m_update_scan_actions[22m | hair_short_neat_front.png[39m[0m
[  48% ] [90m[1m_update_scan_actions[22m | hair_side_part_back.png[39m[0m
[  48% ] [90m[1m_update_scan_actions[22m | hair_side_part_front.png[39m[0m
[  48% ] [90m[1m_update_scan_actions[22m | head_heart.png[39m[0m
[  48% ] [90m[1m_update_scan_actions[22m | head_oval.png[39m[0m
[  48% ] [90m[1m_update_scan_actions[22m | head_round.png[39m[0m
[  48% ] [90m[1m_update_scan_actions[22m | head_square.png[39m[0m
[  48% ] [90m[1m_update_scan_actions[22m | iris_almond.png[39m[0m
[  49% ] [90m[1m_update_scan_actions[22m | iris_narrow.png[39m[0m
[  49% ] [90m[1m_update_scan_actions[22m | iris_round.png[39m[0m
[  49% ] [90m[1m_update_scan_actions[22m | iris_wide.png[39m[0m
[  49% ] [90m[1m_update_scan_actions[22m | mouth_grin.png[39m[0m
[  49% ] [90m[1m_update_scan_actions[22m | mouth_neutral.png[39m[0m
[  49% ] [90m[1m_update_scan_actions[22m | mouth_small.png[39m[0m
[  49% ] [90m[1m_update_scan_actions[22m | mouth_smile.png[39m[0m
[  49% ] [90m[1m_update_scan_actions[22m | outfit_barista.png[39m[0m
[  49% ] [90m[1m_update_scan_actions[22m | outfit_barista_detail.png[39m[0m
[  49% ] [90m[1m_update_scan_actions[22m | outfit_business_suit.png[39m[0m
[  49% ] [90m[1m_update_scan_actions[22m | outfit_business_suit_detail.png[39m[0m
[  49% ] [90m[1m_update_scan_actions[22m | outfit_casual_jacket.png[39m[0m
[  49% ] [90m[1m_update_scan_actions[22m | outfit_casual_tee.png[39m[0m
[  49% ] [90m[1m_update_scan_actions[22m | outfit_civic_staff.png[39m[0m
[  49% ] [90m[1m_update_scan_actions[22m | outfit_civic_staff_detail.png[39m[0m
[  49% ] [90m[1m_update_scan_actions[22m | outfit_courier.png[39m[0m
[  49% ] [90m[1m_update_scan_actions[22m | outfit_courier_detail.png[39m[0m
[  49% ] [90m[1m_update_scan_actions[22m | outfit_home.png[39m[0m
[  49% ] [90m[1m_update_scan_actions[22m | outfit_office_professional.png[39m[0m
[  49% ] [90m[1m_update_scan_actions[22m | outfit_startup_casual.png[39m[0m
[  49% ] [90m[1m_update_scan_actions[22m | acc_backpack.png[39m[0m
[  50% ] [90m[1m_update_scan_actions[22m | acc_backpack_carry.png[39m[0m
[  50% ] [90m[1m_update_scan_actions[22m | acc_backpack_idle.png[39m[0m
[  50% ] [90m[1m_update_scan_actions[22m | acc_backpack_interact.png[39m[0m
[  50% ] [90m[1m_update_scan_actions[22m | acc_backpack_phone.png[39m[0m
[  50% ] [90m[1m_update_scan_actions[22m | acc_backpack_sit.png[39m[0m
[  50% ] [90m[1m_update_scan_actions[22m | acc_glasses_round.png[39m[0m
[  50% ] [90m[1m_update_scan_actions[22m | acc_glasses_round_carry.png[39m[0m
[  50% ] [90m[1m_update_scan_actions[22m | acc_glasses_round_idle.png[39m[0m
[  50% ] [90m[1m_update_scan_actions[22m | acc_glasses_round_interact.png[39m[0m
[  50% ] [90m[1m_update_scan_actions[22m | acc_glasses_round_phone.png[39m[0m
[  50% ] [90m[1m_update_scan_actions[22m | acc_glasses_round_sit.png[39m[0m
[  50% ] [90m[1m_update_scan_actions[22m | acc_glasses_square.png[39m[0m
[  50% ] [90m[1m_update_scan_actions[22m | acc_glasses_square_carry.png[39m[0m
[  50% ] [90m[1m_update_scan_actions[22m | acc_glasses_square_idle.png[39m[0m
[  50% ] [90m[1m_update_scan_actions[22m | acc_glasses_square_interact.png[39m[0m
[  50% ] [90m[1m_update_scan_actions[22m | acc_glasses_square_phone.png[39m[0m
[  50% ] [90m[1m_update_scan_actions[22m | acc_glasses_square_sit.png[39m[0m
[  50% ] [90m[1m_update_scan_actions[22m | body_feminine_heart.png[39m[0m
[  50% ] [90m[1m_update_scan_actions[22m | body_feminine_heart_carry.png[39m[0m
[  50% ] [90m[1m_update_scan_actions[22m | body_feminine_heart_idle.png[39m[0m
[  50% ] [90m[1m_update_scan_actions[22m | body_feminine_heart_interact.png[39m[0m
[  51% ] [90m[1m_update_scan_actions[22m | body_feminine_heart_phone.png[39m[0m
[  51% ] [90m[1m_update_scan_actions[22m | body_feminine_heart_sit.png[39m[0m
[  51% ] [90m[1m_update_scan_actions[22m | body_feminine_oval.png[39m[0m
[  51% ] [90m[1m_update_scan_actions[22m | body_feminine_oval_carry.png[39m[0m
[  51% ] [90m[1m_update_scan_actions[22m | body_feminine_oval_idle.png[39m[0m
[  51% ] [90m[1m_update_scan_actions[22m | body_feminine_oval_interact.png[39m[0m
[  51% ] [90m[1m_update_scan_actions[22m | body_feminine_oval_phone.png[39m[0m
[  51% ] [90m[1m_update_scan_actions[22m | body_feminine_oval_sit.png[39m[0m
[  51% ] [90m[1m_update_scan_actions[22m | body_feminine_round.png[39m[0m
[  51% ] [90m[1m_update_scan_actions[22m | body_feminine_round_carry.png[39m[0m
[  51% ] [90m[1m_update_scan_actions[22m | body_feminine_round_idle.png[39m[0m
[  51% ] [90m[1m_update_scan_actions[22m | body_feminine_round_interact.png[39m[0m
[  51% ] [90m[1m_update_scan_actions[22m | body_feminine_round_phone.png[39m[0m
[  51% ] [90m[1m_update_scan_actions[22m | body_feminine_round_sit.png[39m[0m
[  51% ] [90m[1m_update_scan_actions[22m | body_feminine_square.png[39m[0m
[  51% ] [90m[1m_update_scan_actions[22m | body_feminine_square_carry.png[39m[0m
[  51% ] [90m[1m_update_scan_actions[22m | body_feminine_square_idle.png[39m[0m
[  51% ] [90m[1m_update_scan_actions[22m | body_feminine_square_interact.png[39m[0m
[  51% ] [90m[1m_update_scan_actions[22m | body_feminine_square_phone.png[39m[0m
[  51% ] [90m[1m_update_scan_actions[22m | body_feminine_square_sit.png[39m[0m
[  51% ] [90m[1m_update_scan_actions[22m | body_masculine_heart.png[39m[0m
[  52% ] [90m[1m_update_scan_actions[22m | body_masculine_heart_carry.png[39m[0m
[  52% ] [90m[1m_update_scan_actions[22m | body_masculine_heart_idle.png[39m[0m
[  52% ] [90m[1m_update_scan_actions[22m | body_masculine_heart_interact.png[39m[0m
[  52% ] [90m[1m_update_scan_actions[22m | body_masculine_heart_phone.png[39m[0m
[  52% ] [90m[1m_update_scan_actions[22m | body_masculine_heart_sit.png[39m[0m
[  52% ] [90m[1m_update_scan_actions[22m | body_masculine_oval.png[39m[0m
[  52% ] [90m[1m_update_scan_actions[22m | body_masculine_oval_carry.png[39m[0m
[  52% ] [90m[1m_update_scan_actions[22m | body_masculine_oval_idle.png[39m[0m
[  52% ] [90m[1m_update_scan_actions[22m | body_masculine_oval_interact.png[39m[0m
[  52% ] [90m[1m_update_scan_actions[22m | body_masculine_oval_phone.png[39m[0m
[  52% ] [90m[1m_update_scan_actions[22m | body_masculine_oval_sit.png[39m[0m
[  52% ] [90m[1m_update_scan_actions[22m | body_masculine_round.png[39m[0m
[  52% ] [90m[1m_update_scan_actions[22m | body_masculine_round_carry.png[39m[0m
[  52% ] [90m[1m_update_scan_actions[22m | body_masculine_round_idle.png[39m[0m
[  52% ] [90m[1m_update_scan_actions[22m | body_masculine_round_interact.png[39m[0m
[  52% ] [90m[1m_update_scan_actions[22m | body_masculine_round_phone.png[39m[0m
[  52% ] [90m[1m_update_scan_actions[22m | body_masculine_round_sit.png[39m[0m
[  52% ] [90m[1m_update_scan_actions[22m | body_masculine_square.png[39m[0m
[  52% ] [90m[1m_update_scan_actions[22m | body_masculine_square_carry.png[39m[0m
[  52% ] [90m[1m_update_scan_actions[22m | body_masculine_square_idle.png[39m[0m
[  53% ] [90m[1m_update_scan_actions[22m | body_masculine_square_interact.png[39m[0m
[  53% ] [90m[1m_update_scan_actions[22m | body_masculine_square_phone.png[39m[0m
[  53% ] [90m[1m_update_scan_actions[22m | body_masculine_square_sit.png[39m[0m
[  53% ] [90m[1m_update_scan_actions[22m | body_neutral_heart.png[39m[0m
[  53% ] [90m[1m_update_scan_actions[22m | body_neutral_heart_carry.png[39m[0m
[  53% ] [90m[1m_update_scan_actions[22m | body_neutral_heart_idle.png[39m[0m
[  53% ] [90m[1m_update_scan_actions[22m | body_neutral_heart_interact.png[39m[0m
[  53% ] [90m[1m_update_scan_actions[22m | body_neutral_heart_phone.png[39m[0m
[  53% ] [90m[1m_update_scan_actions[22m | body_neutral_heart_sit.png[39m[0m
[  53% ] [90m[1m_update_scan_actions[22m | body_neutral_oval.png[39m[0m
[  53% ] [90m[1m_update_scan_actions[22m | body_neutral_oval_carry.png[39m[0m
[  53% ] [90m[1m_update_scan_actions[22m | body_neutral_oval_idle.png[39m[0m
[  53% ] [90m[1m_update_scan_actions[22m | body_neutral_oval_interact.png[39m[0m
[  53% ] [90m[1m_update_scan_actions[22m | body_neutral_oval_phone.png[39m[0m
[  53% ] [90m[1m_update_scan_actions[22m | body_neutral_oval_sit.png[39m[0m
[  53% ] [90m[1m_update_scan_actions[22m | body_neutral_round.png[39m[0m
[  53% ] [90m[1m_update_scan_actions[22m | body_neutral_round_carry.png[39m[0m
[  53% ] [90m[1m_update_scan_actions[22m | body_neutral_round_idle.png[39m[0m
[  53% ] [90m[1m_update_scan_actions[22m | body_neutral_round_interact.png[39m[0m
[  53% ] [90m[1m_update_scan_actions[22m | body_neutral_round_phone.png[39m[0m
[  53% ] [90m[1m_update_scan_actions[22m | body_neutral_round_sit.png[39m[0m
[  54% ] [90m[1m_update_scan_actions[22m | body_neutral_square.png[39m[0m
[  54% ] [90m[1m_update_scan_actions[22m | body_neutral_square_carry.png[39m[0m
[  54% ] [90m[1m_update_scan_actions[22m | body_neutral_square_idle.png[39m[0m
[  54% ] [90m[1m_update_scan_actions[22m | body_neutral_square_interact.png[39m[0m
[  54% ] [90m[1m_update_scan_actions[22m | body_neutral_square_phone.png[39m[0m
[  54% ] [90m[1m_update_scan_actions[22m | body_neutral_square_sit.png[39m[0m
[  54% ] [90m[1m_update_scan_actions[22m | brows_arched.png[39m[0m
[  54% ] [90m[1m_update_scan_actions[22m | brows_arched_carry.png[39m[0m
[  54% ] [90m[1m_update_scan_actions[22m | brows_arched_expressions.png[39m[0m
[  54% ] [90m[1m_update_scan_actions[22m | brows_arched_expressions_carry.png[39m[0m
[  54% ] [90m[1m_update_scan_actions[22m | brows_arched_expressions_idle.png[39m[0m
[  54% ] [90m[1m_update_scan_actions[22m | brows_arched_expressions_interact.png[39m[0m
[  54% ] [90m[1m_update_scan_actions[22m | brows_arched_expressions_phone.png[39m[0m
[  54% ] [90m[1m_update_scan_actions[22m | brows_arched_expressions_sit.png[39m[0m
[  54% ] [90m[1m_update_scan_actions[22m | brows_arched_idle.png[39m[0m
[  54% ] [90m[1m_update_scan_actions[22m | brows_arched_interact.png[39m[0m
[  54% ] [90m[1m_update_scan_actions[22m | brows_arched_phone.png[39m[0m
[  54% ] [90m[1m_update_scan_actions[22m | brows_arched_sit.png[39m[0m
[  54% ] [90m[1m_update_scan_actions[22m | brows_soft.png[39m[0m
[  54% ] [90m[1m_update_scan_actions[22m | brows_soft_carry.png[39m[0m
[  54% ] [90m[1m_update_scan_actions[22m | brows_soft_expressions.png[39m[0m
[  55% ] [90m[1m_update_scan_actions[22m | brows_soft_expressions_carry.png[39m[0m
[  55% ] [90m[1m_update_scan_actions[22m | brows_soft_expressions_idle.png[39m[0m
[  55% ] [90m[1m_update_scan_actions[22m | brows_soft_expressions_interact.png[39m[0m
[  55% ] [90m[1m_update_scan_actions[22m | brows_soft_expressions_phone.png[39m[0m
[  55% ] [90m[1m_update_scan_actions[22m | brows_soft_expressions_sit.png[39m[0m
[  55% ] [90m[1m_update_scan_actions[22m | brows_soft_idle.png[39m[0m
[  55% ] [90m[1m_update_scan_actions[22m | brows_soft_interact.png[39m[0m
[  55% ] [90m[1m_update_scan_actions[22m | brows_soft_phone.png[39m[0m
[  55% ] [90m[1m_update_scan_actions[22m | brows_soft_sit.png[39m[0m
[  55% ] [90m[1m_update_scan_actions[22m | brows_straight.png[39m[0m
[  55% ] [90m[1m_update_scan_actions[22m | brows_straight_carry.png[39m[0m
[  55% ] [90m[1m_update_scan_actions[22m | brows_straight_expressions.png[39m[0m
[  55% ] [90m[1m_update_scan_actions[22m | brows_straight_expressions_carry.png[39m[0m
[  55% ] [90m[1m_update_scan_actions[22m | brows_straight_expressions_idle.png[39m[0m
[  55% ] [90m[1m_update_scan_actions[22m | brows_straight_expressions_interact.png[39m[0m
[  55% ] [90m[1m_update_scan_actions[22m | brows_straight_expressions_phone.png[39m[0m
[  55% ] [90m[1m_update_scan_actions[22m | brows_straight_expressions_sit.png[39m[0m
[  55% ] [90m[1m_update_scan_actions[22m | brows_straight_idle.png[39m[0m
[  55% ] [90m[1m_update_scan_actions[22m | brows_straight_interact.png[39m[0m
[  55% ] [90m[1m_update_scan_actions[22m | brows_straight_phone.png[39m[0m
[  55% ] [90m[1m_update_scan_actions[22m | brows_straight_sit.png[39m[0m
[  56% ] [90m[1m_update_scan_actions[22m | brows_thick.png[39m[0m
[  56% ] [90m[1m_update_scan_actions[22m | brows_thick_carry.png[39m[0m
[  56% ] [90m[1m_update_scan_actions[22m | brows_thick_expressions.png[39m[0m
[  56% ] [90m[1m_update_scan_actions[22m | brows_thick_expressions_carry.png[39m[0m
[  56% ] [90m[1m_update_scan_actions[22m | brows_thick_expressions_idle.png[39m[0m
[  56% ] [90m[1m_update_scan_actions[22m | brows_thick_expressions_interact.png[39m[0m
[  56% ] [90m[1m_update_scan_actions[22m | brows_thick_expressions_phone.png[39m[0m
[  56% ] [90m[1m_update_scan_actions[22m | brows_thick_expressions_sit.png[39m[0m
[  56% ] [90m[1m_update_scan_actions[22m | brows_thick_idle.png[39m[0m
[  56% ] [90m[1m_update_scan_actions[22m | brows_thick_interact.png[39m[0m
[  56% ] [90m[1m_update_scan_actions[22m | brows_thick_phone.png[39m[0m
[  56% ] [90m[1m_update_scan_actions[22m | brows_thick_sit.png[39m[0m
[  56% ] [90m[1m_update_scan_actions[22m | eyes_almond.png[39m[0m
[  56% ] [90m[1m_update_scan_actions[22m | eyes_almond_carry.png[39m[0m
[  56% ] [90m[1m_update_scan_actions[22m | eyes_almond_expressions.png[39m[0m
[  56% ] [90m[1m_update_scan_actions[22m | eyes_almond_expressions_carry.png[39m[0m
[  56% ] [90m[1m_update_scan_actions[22m | eyes_almond_expressions_idle.png[39m[0m
[  56% ] [90m[1m_update_scan_actions[22m | eyes_almond_expressions_interact.png[39m[0m
[  56% ] [90m[1m_update_scan_actions[22m | eyes_almond_expressions_phone.png[39m[0m
[  56% ] [90m[1m_update_scan_actions[22m | eyes_almond_expressions_sit.png[39m[0m
[  56% ] [90m[1m_update_scan_actions[22m | eyes_almond_idle.png[39m[0m
[  57% ] [90m[1m_update_scan_actions[22m | eyes_almond_interact.png[39m[0m
[  57% ] [90m[1m_update_scan_actions[22m | eyes_almond_phone.png[39m[0m
[  57% ] [90m[1m_update_scan_actions[22m | eyes_almond_sit.png[39m[0m
[  57% ] [90m[1m_update_scan_actions[22m | eyes_detail_almond.png[39m[0m
[  57% ] [90m[1m_update_scan_actions[22m | eyes_detail_almond_carry.png[39m[0m
[  57% ] [90m[1m_update_scan_actions[22m | eyes_detail_almond_expressions.png[39m[0m
[  57% ] [90m[1m_update_scan_actions[22m | eyes_detail_almond_expressions_carry.png[39m[0m
[  57% ] [90m[1m_update_scan_actions[22m | eyes_detail_almond_expressions_idle.png[39m[0m
[  57% ] [90m[1m_update_scan_actions[22m | eyes_detail_almond_expressions_interact.png[39m[0m
[  57% ] [90m[1m_update_scan_actions[22m | eyes_detail_almond_expressions_phone.png[39m[0m
[  57% ] [90m[1m_update_scan_actions[22m | eyes_detail_almond_expressions_sit.png[39m[0m
[  57% ] [90m[1m_update_scan_actions[22m | eyes_detail_almond_idle.png[39m[0m
[  57% ] [90m[1m_update_scan_actions[22m | eyes_detail_almond_interact.png[39m[0m
[  57% ] [90m[1m_update_scan_actions[22m | eyes_detail_almond_phone.png[39m[0m
[  57% ] [90m[1m_update_scan_actions[22m | eyes_detail_almond_sit.png[39m[0m
[  57% ] [90m[1m_update_scan_actions[22m | eyes_detail_narrow.png[39m[0m
[  57% ] [90m[1m_update_scan_actions[22m | eyes_detail_narrow_carry.png[39m[0m
[  57% ] [90m[1m_update_scan_actions[22m | eyes_detail_narrow_expressions.png[39m[0m
[  57% ] [90m[1m_update_scan_actions[22m | eyes_detail_narrow_expressions_carry.png[39m[0m
[  57% ] [90m[1m_update_scan_actions[22m | eyes_detail_narrow_expressions_idle.png[39m[0m
[  58% ] [90m[1m_update_scan_actions[22m | eyes_detail_narrow_expressions_interact.png[39m[0m
[  58% ] [90m[1m_update_scan_actions[22m | eyes_detail_narrow_expressions_phone.png[39m[0m
[  58% ] [90m[1m_update_scan_actions[22m | eyes_detail_narrow_expressions_sit.png[39m[0m
[  58% ] [90m[1m_update_scan_actions[22m | eyes_detail_narrow_idle.png[39m[0m
[  58% ] [90m[1m_update_scan_actions[22m | eyes_detail_narrow_interact.png[39m[0m
[  58% ] [90m[1m_update_scan_actions[22m | eyes_detail_narrow_phone.png[39m[0m
[  58% ] [90m[1m_update_scan_actions[22m | eyes_detail_narrow_sit.png[39m[0m
[  58% ] [90m[1m_update_scan_actions[22m | eyes_detail_round.png[39m[0m
[  58% ] [90m[1m_update_scan_actions[22m | eyes_detail_round_carry.png[39m[0m
[  58% ] [90m[1m_update_scan_actions[22m | eyes_detail_round_expressions.png[39m[0m
[  58% ] [90m[1m_update_scan_actions[22m | eyes_detail_round_expressions_carry.png[39m[0m
[  58% ] [90m[1m_update_scan_actions[22m | eyes_detail_round_expressions_idle.png[39m[0m
[  58% ] [90m[1m_update_scan_actions[22m | eyes_detail_round_expressions_interact.png[39m[0m
[  58% ] [90m[1m_update_scan_actions[22m | eyes_detail_round_expressions_phone.png[39m[0m
[  58% ] [90m[1m_update_scan_actions[22m | eyes_detail_round_expressions_sit.png[39m[0m
[  58% ] [90m[1m_update_scan_actions[22m | eyes_detail_round_idle.png[39m[0m
[  58% ] [90m[1m_update_scan_actions[22m | eyes_detail_round_interact.png[39m[0m
[  58% ] [90m[1m_update_scan_actions[22m | eyes_detail_round_phone.png[39m[0m
[  58% ] [90m[1m_update_scan_actions[22m | eyes_detail_round_sit.png[39m[0m
[  58% ] [90m[1m_update_scan_actions[22m | eyes_detail_wide.png[39m[0m
[  58% ] [90m[1m_update_scan_actions[22m | eyes_detail_wide_carry.png[39m[0m
[  59% ] [90m[1m_update_scan_actions[22m | eyes_detail_wide_expressions.png[39m[0m
[  59% ] [90m[1m_update_scan_actions[22m | eyes_detail_wide_expressions_carry.png[39m[0m
[  59% ] [90m[1m_update_scan_actions[22m | eyes_detail_wide_expressions_idle.png[39m[0m
[  59% ] [90m[1m_update_scan_actions[22m | eyes_detail_wide_expressions_interact.png[39m[0m
[  59% ] [90m[1m_update_scan_actions[22m | eyes_detail_wide_expressions_phone.png[39m[0m
[  59% ] [90m[1m_update_scan_actions[22m | eyes_detail_wide_expressions_sit.png[39m[0m
[  59% ] [90m[1m_update_scan_actions[22m | eyes_detail_wide_idle.png[39m[0m
[  59% ] [90m[1m_update_scan_actions[22m | eyes_detail_wide_interact.png[39m[0m
[  59% ] [90m[1m_update_scan_actions[22m | eyes_detail_wide_phone.png[39m[0m
[  59% ] [90m[1m_update_scan_actions[22m | eyes_detail_wide_sit.png[39m[0m
[  59% ] [90m[1m_update_scan_actions[22m | eyes_narrow.png[39m[0m
[  59% ] [90m[1m_update_scan_actions[22m | eyes_narrow_carry.png[39m[0m
[  59% ] [90m[1m_update_scan_actions[22m | eyes_narrow_expressions.png[39m[0m
[  59% ] [90m[1m_update_scan_actions[22m | eyes_narrow_expressions_carry.png[39m[0m
[  59% ] [90m[1m_update_scan_actions[22m | eyes_narrow_expressions_idle.png[39m[0m
[  59% ] [90m[1m_update_scan_actions[22m | eyes_narrow_expressions_interact.png[39m[0m
[  59% ] [90m[1m_update_scan_actions[22m | eyes_narrow_expressions_phone.png[39m[0m
[  59% ] [90m[1m_update_scan_actions[22m | eyes_narrow_expressions_sit.png[39m[0m
[  59% ] [90m[1m_update_scan_actions[22m | eyes_narrow_idle.png[39m[0m
[  59% ] [90m[1m_update_scan_actions[22m | eyes_narrow_interact.png[39m[0m
[  59% ] [90m[1m_update_scan_actions[22m | eyes_narrow_phone.png[39m[0m
[  60% ] [90m[1m_update_scan_actions[22m | eyes_narrow_sit.png[39m[0m
[  60% ] [90m[1m_update_scan_actions[22m | eyes_round.png[39m[0m
[  60% ] [90m[1m_update_scan_actions[22m | eyes_round_carry.png[39m[0m
[  60% ] [90m[1m_update_scan_actions[22m | eyes_round_expressions.png[39m[0m
[  60% ] [90m[1m_update_scan_actions[22m | eyes_round_expressions_carry.png[39m[0m
[  60% ] [90m[1m_update_scan_actions[22m | eyes_round_expressions_idle.png[39m[0m
[  60% ] [90m[1m_update_scan_actions[22m | eyes_round_expressions_interact.png[39m[0m
[  60% ] [90m[1m_update_scan_actions[22m | eyes_round_expressions_phone.png[39m[0m
[  60% ] [90m[1m_update_scan_actions[22m | eyes_round_expressions_sit.png[39m[0m
[  60% ] [90m[1m_update_scan_actions[22m | eyes_round_idle.png[39m[0m
[  60% ] [90m[1m_update_scan_actions[22m | eyes_round_interact.png[39m[0m
[  60% ] [90m[1m_update_scan_actions[22m | eyes_round_phone.png[39m[0m
[  60% ] [90m[1m_update_scan_actions[22m | eyes_round_sit.png[39m[0m
[  60% ] [90m[1m_update_scan_actions[22m | eyes_wide.png[39m[0m
[  60% ] [90m[1m_update_scan_actions[22m | eyes_wide_carry.png[39m[0m
[  60% ] [90m[1m_update_scan_actions[22m | eyes_wide_expressions.png[39m[0m
[  60% ] [90m[1m_update_scan_actions[22m | eyes_wide_expressions_carry.png[39m[0m
[  60% ] [90m[1m_update_scan_actions[22m | eyes_wide_expressions_idle.png[39m[0m
[  60% ] [90m[1m_update_scan_actions[22m | eyes_wide_expressions_interact.png[39m[0m
[  60% ] [90m[1m_update_scan_actions[22m | eyes_wide_expressions_phone.png[39m[0m
[  60% ] [90m[1m_update_scan_actions[22m | eyes_wide_expressions_sit.png[39m[0m
[  61% ] [90m[1m_update_scan_actions[22m | eyes_wide_idle.png[39m[0m
[  61% ] [90m[1m_update_scan_actions[22m | eyes_wide_interact.png[39m[0m
[  61% ] [90m[1m_update_scan_actions[22m | eyes_wide_phone.png[39m[0m
[  61% ] [90m[1m_update_scan_actions[22m | eyes_wide_sit.png[39m[0m
[  61% ] [90m[1m_update_scan_actions[22m | hair_bob_back.png[39m[0m
[  61% ] [90m[1m_update_scan_actions[22m | hair_bob_back_carry.png[39m[0m
[  61% ] [90m[1m_update_scan_actions[22m | hair_bob_back_idle.png[39m[0m
[  61% ] [90m[1m_update_scan_actions[22m | hair_bob_back_interact.png[39m[0m
[  61% ] [90m[1m_update_scan_actions[22m | hair_bob_back_phone.png[39m[0m
[  61% ] [90m[1m_update_scan_actions[22m | hair_bob_back_sit.png[39m[0m
[  61% ] [90m[1m_update_scan_actions[22m | hair_bob_front.png[39m[0m
[  61% ] [90m[1m_update_scan_actions[22m | hair_bob_front_carry.png[39m[0m
[  61% ] [90m[1m_update_scan_actions[22m | hair_bob_front_idle.png[39m[0m
[  61% ] [90m[1m_update_scan_actions[22m | hair_bob_front_interact.png[39m[0m
[  61% ] [90m[1m_update_scan_actions[22m | hair_bob_front_phone.png[39m[0m
[  61% ] [90m[1m_update_scan_actions[22m | hair_bob_front_sit.png[39m[0m
[  61% ] [90m[1m_update_scan_actions[22m | hair_bun_back.png[39m[0m
[  61% ] [90m[1m_update_scan_actions[22m | hair_bun_back_carry.png[39m[0m
[  61% ] [90m[1m_update_scan_actions[22m | hair_bun_back_idle.png[39m[0m
[  61% ] [90m[1m_update_scan_actions[22m | hair_bun_back_interact.png[39m[0m
[  61% ] [90m[1m_update_scan_actions[22m | hair_bun_back_phone.png[39m[0m
[  62% ] [90m[1m_update_scan_actions[22m | hair_bun_back_sit.png[39m[0m
[  62% ] [90m[1m_update_scan_actions[22m | hair_bun_front.png[39m[0m
[  62% ] [90m[1m_update_scan_actions[22m | hair_bun_front_carry.png[39m[0m
[  62% ] [90m[1m_update_scan_actions[22m | hair_bun_front_idle.png[39m[0m
[  62% ] [90m[1m_update_scan_actions[22m | hair_bun_front_interact.png[39m[0m
[  62% ] [90m[1m_update_scan_actions[22m | hair_bun_front_phone.png[39m[0m
[  62% ] [90m[1m_update_scan_actions[22m | hair_bun_front_sit.png[39m[0m
[  62% ] [90m[1m_update_scan_actions[22m | hair_buzz_back.png[39m[0m
[  62% ] [90m[1m_update_scan_actions[22m | hair_buzz_back_carry.png[39m[0m
[  62% ] [90m[1m_update_scan_actions[22m | hair_buzz_back_idle.png[39m[0m
[  62% ] [90m[1m_update_scan_actions[22m | hair_buzz_back_interact.png[39m[0m
[  62% ] [90m[1m_update_scan_actions[22m | hair_buzz_back_phone.png[39m[0m
[  62% ] [90m[1m_update_scan_actions[22m | hair_buzz_back_sit.png[39m[0m
[  62% ] [90m[1m_update_scan_actions[22m | hair_buzz_front.png[39m[0m
[  62% ] [90m[1m_update_scan_actions[22m | hair_buzz_front_carry.png[39m[0m
[  62% ] [90m[1m_update_scan_actions[22m | hair_buzz_front_idle.png[39m[0m
[  62% ] [90m[1m_update_scan_actions[22m | hair_buzz_front_interact.png[39m[0m
[  62% ] [90m[1m_update_scan_actions[22m | hair_buzz_front_phone.png[39m[0m
[  62% ] [90m[1m_update_scan_actions[22m | hair_buzz_front_sit.png[39m[0m
[  62% ] [90m[1m_update_scan_actions[22m | hair_long_back.png[39m[0m
[  62% ] [90m[1m_update_scan_actions[22m | hair_long_back_carry.png[39m[0m
[  63% ] [90m[1m_update_scan_actions[22m | hair_long_back_idle.png[39m[0m
[  63% ] [90m[1m_update_scan_actions[22m | hair_long_back_interact.png[39m[0m
[  63% ] [90m[1m_update_scan_actions[22m | hair_long_back_phone.png[39m[0m
[  63% ] [90m[1m_update_scan_actions[22m | hair_long_back_sit.png[39m[0m
[  63% ] [90m[1m_update_scan_actions[22m | hair_long_front.png[39m[0m
[  63% ] [90m[1m_update_scan_actions[22m | hair_long_front_carry.png[39m[0m
[  63% ] [90m[1m_update_scan_actions[22m | hair_long_front_idle.png[39m[0m
[  63% ] [90m[1m_update_scan_actions[22m | hair_long_front_interact.png[39m[0m
[  63% ] [90m[1m_update_scan_actions[22m | hair_long_front_phone.png[39m[0m
[  63% ] [90m[1m_update_scan_actions[22m | hair_long_front_sit.png[39m[0m
[  63% ] [90m[1m_update_scan_actions[22m | hair_messy_back.png[39m[0m
[  63% ] [90m[1m_update_scan_actions[22m | hair_messy_back_carry.png[39m[0m
[  63% ] [90m[1m_update_scan_actions[22m | hair_messy_back_idle.png[39m[0m
[  63% ] [90m[1m_update_scan_actions[22m | hair_messy_back_interact.png[39m[0m
[  63% ] [90m[1m_update_scan_actions[22m | hair_messy_back_phone.png[39m[0m
[  63% ] [90m[1m_update_scan_actions[22m | hair_messy_back_sit.png[39m[0m
[  63% ] [90m[1m_update_scan_actions[22m | hair_messy_front.png[39m[0m
[  63% ] [90m[1m_update_scan_actions[22m | hair_messy_front_carry.png[39m[0m
[  63% ] [90m[1m_update_scan_actions[22m | hair_messy_front_idle.png[39m[0m
[  63% ] [90m[1m_update_scan_actions[22m | hair_messy_front_interact.png[39m[0m
[  64% ] [90m[1m_update_scan_actions[22m | hair_messy_front_phone.png[39m[0m
[  64% ] [90m[1m_update_scan_actions[22m | hair_messy_front_sit.png[39m[0m
[  64% ] [90m[1m_update_scan_actions[22m | hair_ponytail_back.png[39m[0m
[  64% ] [90m[1m_update_scan_actions[22m | hair_ponytail_back_carry.png[39m[0m
[  64% ] [90m[1m_update_scan_actions[22m | hair_ponytail_back_idle.png[39m[0m
[  64% ] [90m[1m_update_scan_actions[22m | hair_ponytail_back_interact.png[39m[0m
[  64% ] [90m[1m_update_scan_actions[22m | hair_ponytail_back_phone.png[39m[0m
[  64% ] [90m[1m_update_scan_actions[22m | hair_ponytail_back_sit.png[39m[0m
[  64% ] [90m[1m_update_scan_actions[22m | hair_ponytail_front.png[39m[0m
[  64% ] [90m[1m_update_scan_actions[22m | hair_ponytail_front_carry.png[39m[0m
[  64% ] [90m[1m_update_scan_actions[22m | hair_ponytail_front_idle.png[39m[0m
[  64% ] [90m[1m_update_scan_actions[22m | hair_ponytail_front_interact.png[39m[0m
[  64% ] [90m[1m_update_scan_actions[22m | hair_ponytail_front_phone.png[39m[0m
[  64% ] [90m[1m_update_scan_actions[22m | hair_ponytail_front_sit.png[39m[0m
[  64% ] [90m[1m_update_scan_actions[22m | hair_short_neat_back.png[39m[0m
[  64% ] [90m[1m_update_scan_actions[22m | hair_short_neat_back_carry.png[39m[0m
[  64% ] [90m[1m_update_scan_actions[22m | hair_short_neat_back_idle.png[39m[0m
[  64% ] [90m[1m_update_scan_actions[22m | hair_short_neat_back_interact.png[39m[0m
[  64% ] [90m[1m_update_scan_actions[22m | hair_short_neat_back_phone.png[39m[0m
[  64% ] [90m[1m_update_scan_actions[22m | hair_short_neat_back_sit.png[39m[0m
[  64% ] [90m[1m_update_scan_actions[22m | hair_short_neat_front.png[39m[0m
[  65% ] [90m[1m_update_scan_actions[22m | hair_short_neat_front_carry.png[39m[0m
[  65% ] [90m[1m_update_scan_actions[22m | hair_short_neat_front_idle.png[39m[0m
[  65% ] [90m[1m_update_scan_actions[22m | hair_short_neat_front_interact.png[39m[0m
[  65% ] [90m[1m_update_scan_actions[22m | hair_short_neat_front_phone.png[39m[0m
[  65% ] [90m[1m_update_scan_actions[22m | hair_short_neat_front_sit.png[39m[0m
[  65% ] [90m[1m_update_scan_actions[22m | hair_side_part_back.png[39m[0m
[  65% ] [90m[1m_update_scan_actions[22m | hair_side_part_back_carry.png[39m[0m
[  65% ] [90m[1m_update_scan_actions[22m | hair_side_part_back_idle.png[39m[0m
[  65% ] [90m[1m_update_scan_actions[22m | hair_side_part_back_interact.png[39m[0m
[  65% ] [90m[1m_update_scan_actions[22m | hair_side_part_back_phone.png[39m[0m
[  65% ] [90m[1m_update_scan_actions[22m | hair_side_part_back_sit.png[39m[0m
[  65% ] [90m[1m_update_scan_actions[22m | hair_side_part_front.png[39m[0m
[  65% ] [90m[1m_update_scan_actions[22m | hair_side_part_front_carry.png[39m[0m
[  65% ] [90m[1m_update_scan_actions[22m | hair_side_part_front_idle.png[39m[0m
[  65% ] [90m[1m_update_scan_actions[22m | hair_side_part_front_interact.png[39m[0m
[  65% ] [90m[1m_update_scan_actions[22m | hair_side_part_front_phone.png[39m[0m
[  65% ] [90m[1m_update_scan_actions[22m | hair_side_part_front_sit.png[39m[0m
[  65% ] [90m[1m_update_scan_actions[22m | iris_almond.png[39m[0m
[  65% ] [90m[1m_update_scan_actions[22m | iris_almond_carry.png[39m[0m
[  65% ] [90m[1m_update_scan_actions[22m | iris_almond_expressions.png[39m[0m
[  65% ] [90m[1m_update_scan_actions[22m | iris_almond_expressions_carry.png[39m[0m
[  66% ] [90m[1m_update_scan_actions[22m | iris_almond_expressions_idle.png[39m[0m
[  66% ] [90m[1m_update_scan_actions[22m | iris_almond_expressions_interact.png[39m[0m
[  66% ] [90m[1m_update_scan_actions[22m | iris_almond_expressions_phone.png[39m[0m
[  66% ] [90m[1m_update_scan_actions[22m | iris_almond_expressions_sit.png[39m[0m
[  66% ] [90m[1m_update_scan_actions[22m | iris_almond_idle.png[39m[0m
[  66% ] [90m[1m_update_scan_actions[22m | iris_almond_interact.png[39m[0m
[  66% ] [90m[1m_update_scan_actions[22m | iris_almond_phone.png[39m[0m
[  66% ] [90m[1m_update_scan_actions[22m | iris_almond_sit.png[39m[0m
[  66% ] [90m[1m_update_scan_actions[22m | iris_narrow.png[39m[0m
[  66% ] [90m[1m_update_scan_actions[22m | iris_narrow_carry.png[39m[0m
[  66% ] [90m[1m_update_scan_actions[22m | iris_narrow_expressions.png[39m[0m
[  66% ] [90m[1m_update_scan_actions[22m | iris_narrow_expressions_carry.png[39m[0m
[  66% ] [90m[1m_update_scan_actions[22m | iris_narrow_expressions_idle.png[39m[0m
[  66% ] [90m[1m_update_scan_actions[22m | iris_narrow_expressions_interact.png[39m[0m
[  66% ] [90m[1m_update_scan_actions[22m | iris_narrow_expressions_phone.png[39m[0m
[  66% ] [90m[1m_update_scan_actions[22m | iris_narrow_expressions_sit.png[39m[0m
[  66% ] [90m[1m_update_scan_actions[22m | iris_narrow_idle.png[39m[0m
[  66% ] [90m[1m_update_scan_actions[22m | iris_narrow_interact.png[39m[0m
[  66% ] [90m[1m_update_scan_actions[22m | iris_narrow_phone.png[39m[0m
[  66% ] [90m[1m_update_scan_actions[22m | iris_narrow_sit.png[39m[0m
[  66% ] [90m[1m_update_scan_actions[22m | iris_round.png[39m[0m
[  67% ] [90m[1m_update_scan_actions[22m | iris_round_carry.png[39m[0m
[  67% ] [90m[1m_update_scan_actions[22m | iris_round_expressions.png[39m[0m
[  67% ] [90m[1m_update_scan_actions[22m | iris_round_expressions_carry.png[39m[0m
[  67% ] [90m[1m_update_scan_actions[22m | iris_round_expressions_idle.png[39m[0m
[  67% ] [90m[1m_update_scan_actions[22m | iris_round_expressions_interact.png[39m[0m
[  67% ] [90m[1m_update_scan_actions[22m | iris_round_expressions_phone.png[39m[0m
[  67% ] [90m[1m_update_scan_actions[22m | iris_round_expressions_sit.png[39m[0m
[  67% ] [90m[1m_update_scan_actions[22m | iris_round_idle.png[39m[0m
[  67% ] [90m[1m_update_scan_actions[22m | iris_round_interact.png[39m[0m
[  67% ] [90m[1m_update_scan_actions[22m | iris_round_phone.png[39m[0m
[  67% ] [90m[1m_update_scan_actions[22m | iris_round_sit.png[39m[0m
[  67% ] [90m[1m_update_scan_actions[22m | iris_wide.png[39m[0m
[  67% ] [90m[1m_update_scan_actions[22m | iris_wide_carry.png[39m[0m
[  67% ] [90m[1m_update_scan_actions[22m | iris_wide_expressions.png[39m[0m
[  67% ] [90m[1m_update_scan_actions[22m | iris_wide_expressions_carry.png[39m[0m
[  67% ] [90m[1m_update_scan_actions[22m | iris_wide_expressions_idle.png[39m[0m
[  67% ] [90m[1m_update_scan_actions[22m | iris_wide_expressions_interact.png[39m[0m
[  67% ] [90m[1m_update_scan_actions[22m | iris_wide_expressions_phone.png[39m[0m
[  67% ] [90m[1m_update_scan_actions[22m | iris_wide_expressions_sit.png[39m[0m
[  67% ] [90m[1m_update_scan_actions[22m | iris_wide_idle.png[39m[0m
[  67% ] [90m[1m_update_scan_actions[22m | iris_wide_interact.png[39m[0m
[  68% ] [90m[1m_update_scan_actions[22m | iris_wide_phone.png[39m[0m
[  68% ] [90m[1m_update_scan_actions[22m | iris_wide_sit.png[39m[0m
[  68% ] [90m[1m_update_scan_actions[22m | mouth_grin.png[39m[0m
[  68% ] [90m[1m_update_scan_actions[22m | mouth_grin_carry.png[39m[0m
[  68% ] [90m[1m_update_scan_actions[22m | mouth_grin_expressions.png[39m[0m
[  68% ] [90m[1m_update_scan_actions[22m | mouth_grin_expressions_carry.png[39m[0m
[  68% ] [90m[1m_update_scan_actions[22m | mouth_grin_expressions_idle.png[39m[0m
[  68% ] [90m[1m_update_scan_actions[22m | mouth_grin_expressions_interact.png[39m[0m
[  68% ] [90m[1m_update_scan_actions[22m | mouth_grin_expressions_phone.png[39m[0m
[  68% ] [90m[1m_update_scan_actions[22m | mouth_grin_expressions_sit.png[39m[0m
[  68% ] [90m[1m_update_scan_actions[22m | mouth_grin_idle.png[39m[0m
[  68% ] [90m[1m_update_scan_actions[22m | mouth_grin_interact.png[39m[0m
[  68% ] [90m[1m_update_scan_actions[22m | mouth_grin_phone.png[39m[0m
[  68% ] [90m[1m_update_scan_actions[22m | mouth_grin_sit.png[39m[0m
[  68% ] [90m[1m_update_scan_actions[22m | mouth_neutral.png[39m[0m
[  68% ] [90m[1m_update_scan_actions[22m | mouth_neutral_carry.png[39m[0m
[  68% ] [90m[1m_update_scan_actions[22m | mouth_neutral_expressions.png[39m[0m
[  68% ] [90m[1m_update_scan_actions[22m | mouth_neutral_expressions_carry.png[39m[0m
[  68% ] [90m[1m_update_scan_actions[22m | mouth_neutral_expressions_idle.png[39m[0m
[  68% ] [90m[1m_update_scan_actions[22m | mouth_neutral_expressions_interact.png[39m[0m
[  69% ] [90m[1m_update_scan_actions[22m | mouth_neutral_expressions_phone.png[39m[0m
[  69% ] [90m[1m_update_scan_actions[22m | mouth_neutral_expressions_sit.png[39m[0m
[  69% ] [90m[1m_update_scan_actions[22m | mouth_neutral_idle.png[39m[0m
[  69% ] [90m[1m_update_scan_actions[22m | mouth_neutral_interact.png[39m[0m
[  69% ] [90m[1m_update_scan_actions[22m | mouth_neutral_phone.png[39m[0m
[  69% ] [90m[1m_update_scan_actions[22m | mouth_neutral_sit.png[39m[0m
[  69% ] [90m[1m_update_scan_actions[22m | mouth_small.png[39m[0m
[  69% ] [90m[1m_update_scan_actions[22m | mouth_small_carry.png[39m[0m
[  69% ] [90m[1m_update_scan_actions[22m | mouth_small_expressions.png[39m[0m
[  69% ] [90m[1m_update_scan_actions[22m | mouth_small_expressions_carry.png[39m[0m
[  69% ] [90m[1m_update_scan_actions[22m | mouth_small_expressions_idle.png[39m[0m
[  69% ] [90m[1m_update_scan_actions[22m | mouth_small_expressions_interact.png[39m[0m
[  69% ] [90m[1m_update_scan_actions[22m | mouth_small_expressions_phone.png[39m[0m
[  69% ] [90m[1m_update_scan_actions[22m | mouth_small_expressions_sit.png[39m[0m
[  69% ] [90m[1m_update_scan_actions[22m | mouth_small_idle.png[39m[0m
[  69% ] [90m[1m_update_scan_actions[22m | mouth_small_interact.png[39m[0m
[  69% ] [90m[1m_update_scan_actions[22m | mouth_small_phone.png[39m[0m
[  69% ] [90m[1m_update_scan_actions[22m | mouth_small_sit.png[39m[0m
[  69% ] [90m[1m_update_scan_actions[22m | mouth_smile.png[39m[0m
[  69% ] [90m[1m_update_scan_actions[22m | mouth_smile_carry.png[39m[0m
[  69% ] [90m[1m_update_scan_actions[22m | mouth_smile_expressions.png[39m[0m
[  70% ] [90m[1m_update_scan_actions[22m | mouth_smile_expressions_carry.png[39m[0m
[  70% ] [90m[1m_update_scan_actions[22m | mouth_smile_expressions_idle.png[39m[0m
[  70% ] [90m[1m_update_scan_actions[22m | mouth_smile_expressions_interact.png[39m[0m
[  70% ] [90m[1m_update_scan_actions[22m | mouth_smile_expressions_phone.png[39m[0m
[  70% ] [90m[1m_update_scan_actions[22m | mouth_smile_expressions_sit.png[39m[0m
[  70% ] [90m[1m_update_scan_actions[22m | mouth_smile_idle.png[39m[0m
[  70% ] [90m[1m_update_scan_actions[22m | mouth_smile_interact.png[39m[0m
[  70% ] [90m[1m_update_scan_actions[22m | mouth_smile_phone.png[39m[0m
[  70% ] [90m[1m_update_scan_actions[22m | mouth_smile_sit.png[39m[0m
[  70% ] [90m[1m_update_scan_actions[22m | outfit_barista_feminine_bottom.png[39m[0m
[  70% ] [90m[1m_update_scan_actions[22m | outfit_barista_feminine_bottom_carry.png[39m[0m
[  70% ] [90m[1m_update_scan_actions[22m | outfit_barista_feminine_bottom_idle.png[39m[0m
[  70% ] [90m[1m_update_scan_actions[22m | outfit_barista_feminine_bottom_interact.png[39m[0m
[  70% ] [90m[1m_update_scan_actions[22m | outfit_barista_feminine_bottom_phone.png[39m[0m
[  70% ] [90m[1m_update_scan_actions[22m | outfit_barista_feminine_bottom_sit.png[39m[0m
[  70% ] [90m[1m_update_scan_actions[22m | outfit_barista_feminine_shoes.png[39m[0m
[  70% ] [90m[1m_update_scan_actions[22m | outfit_barista_feminine_shoes_carry.png[39m[0m
[  70% ] [90m[1m_update_scan_actions[22m | outfit_barista_feminine_shoes_idle.png[39m[0m
[  70% ] [90m[1m_update_scan_actions[22m | outfit_barista_feminine_shoes_interact.png[39m[0m
[  70% ] [90m[1m_update_scan_actions[22m | outfit_barista_feminine_shoes_phone.png[39m[0m
[  70% ] [90m[1m_update_scan_actions[22m | outfit_barista_feminine_shoes_sit.png[39m[0m
[  71% ] [90m[1m_update_scan_actions[22m | outfit_barista_feminine_top.png[39m[0m
[  71% ] [90m[1m_update_scan_actions[22m | outfit_barista_feminine_top_carry.png[39m[0m
[  71% ] [90m[1m_update_scan_actions[22m | outfit_barista_feminine_top_detail.png[39m[0m
[  71% ] [90m[1m_update_scan_actions[22m | outfit_barista_feminine_top_detail_carry.png[39m[0m
[  71% ] [90m[1m_update_scan_actions[22m | outfit_barista_feminine_top_detail_idle.png[39m[0m
[  71% ] [90m[1m_update_scan_actions[22m | outfit_barista_feminine_top_detail_interact.png[39m[0m
[  71% ] [90m[1m_update_scan_actions[22m | outfit_barista_feminine_top_detail_phone.png[39m[0m
[  71% ] [90m[1m_update_scan_actions[22m | outfit_barista_feminine_top_detail_sit.png[39m[0m
[  71% ] [90m[1m_update_scan_actions[22m | outfit_barista_feminine_top_idle.png[39m[0m
[  71% ] [90m[1m_update_scan_actions[22m | outfit_barista_feminine_top_interact.png[39m[0m
[  71% ] [90m[1m_update_scan_actions[22m | outfit_barista_feminine_top_phone.png[39m[0m
[  71% ] [90m[1m_update_scan_actions[22m | outfit_barista_feminine_top_sit.png[39m[0m
[  71% ] [90m[1m_update_scan_actions[22m | outfit_barista_masculine_bottom.png[39m[0m
[  71% ] [90m[1m_update_scan_actions[22m | outfit_barista_masculine_bottom_carry.png[39m[0m
[  71% ] [90m[1m_update_scan_actions[22m | outfit_barista_masculine_bottom_idle.png[39m[0m
[  71% ] [90m[1m_update_scan_actions[22m | outfit_barista_masculine_bottom_interact.png[39m[0m
[  71% ] [90m[1m_update_scan_actions[22m | outfit_barista_masculine_bottom_phone.png[39m[0m
[  71% ] [90m[1m_update_scan_actions[22m | outfit_barista_masculine_bottom_sit.png[39m[0m
[  71% ] [90m[1m_update_scan_actions[22m | outfit_barista_masculine_shoes.png[39m[0m
[  71% ] [90m[1m_update_scan_actions[22m | outfit_barista_masculine_shoes_carry.png[39m[0m
[  71% ] [90m[1m_update_scan_actions[22m | outfit_barista_masculine_shoes_idle.png[39m[0m
[  72% ] [90m[1m_update_scan_actions[22m | outfit_barista_masculine_shoes_interact.png[39m[0m
[  72% ] [90m[1m_update_scan_actions[22m | outfit_barista_masculine_shoes_phone.png[39m[0m
[  72% ] [90m[1m_update_scan_actions[22m | outfit_barista_masculine_shoes_sit.png[39m[0m
[  72% ] [90m[1m_update_scan_actions[22m | outfit_barista_masculine_top.png[39m[0m
[  72% ] [90m[1m_update_scan_actions[22m | outfit_barista_masculine_top_carry.png[39m[0m
[  72% ] [90m[1m_update_scan_actions[22m | outfit_barista_masculine_top_detail.png[39m[0m
[  72% ] [90m[1m_update_scan_actions[22m | outfit_barista_masculine_top_detail_carry.png[39m[0m
[  72% ] [90m[1m_update_scan_actions[22m | outfit_barista_masculine_top_detail_idle.png[39m[0m
[  72% ] [90m[1m_update_scan_actions[22m | outfit_barista_masculine_top_detail_interact.png[39m[0m
[  72% ] [90m[1m_update_scan_actions[22m | outfit_barista_masculine_top_detail_phone.png[39m[0m
[  72% ] [90m[1m_update_scan_actions[22m | outfit_barista_masculine_top_detail_sit.png[39m[0m
[  72% ] [90m[1m_update_scan_actions[22m | outfit_barista_masculine_top_idle.png[39m[0m
[  72% ] [90m[1m_update_scan_actions[22m | outfit_barista_masculine_top_interact.png[39m[0m
[  72% ] [90m[1m_update_scan_actions[22m | outfit_barista_masculine_top_phone.png[39m[0m
[  72% ] [90m[1m_update_scan_actions[22m | outfit_barista_masculine_top_sit.png[39m[0m
[  72% ] [90m[1m_update_scan_actions[22m | outfit_barista_neutral_bottom.png[39m[0m
[  72% ] [90m[1m_update_scan_actions[22m | outfit_barista_neutral_bottom_carry.png[39m[0m
[  72% ] [90m[1m_update_scan_actions[22m | outfit_barista_neutral_bottom_idle.png[39m[0m
[  72% ] [90m[1m_update_scan_actions[22m | outfit_barista_neutral_bottom_interact.png[39m[0m
[  72% ] [90m[1m_update_scan_actions[22m | outfit_barista_neutral_bottom_phone.png[39m[0m
[  72% ] [90m[1m_update_scan_actions[22m | outfit_barista_neutral_bottom_sit.png[39m[0m
[  73% ] [90m[1m_update_scan_actions[22m | outfit_barista_neutral_shoes.png[39m[0m
[  73% ] [90m[1m_update_scan_actions[22m | outfit_barista_neutral_shoes_carry.png[39m[0m
[  73% ] [90m[1m_update_scan_actions[22m | outfit_barista_neutral_shoes_idle.png[39m[0m
[  73% ] [90m[1m_update_scan_actions[22m | outfit_barista_neutral_shoes_interact.png[39m[0m
[  73% ] [90m[1m_update_scan_actions[22m | outfit_barista_neutral_shoes_phone.png[39m[0m
[  73% ] [90m[1m_update_scan_actions[22m | outfit_barista_neutral_shoes_sit.png[39m[0m
[  73% ] [90m[1m_update_scan_actions[22m | outfit_barista_neutral_top.png[39m[0m
[  73% ] [90m[1m_update_scan_actions[22m | outfit_barista_neutral_top_carry.png[39m[0m
[  73% ] [90m[1m_update_scan_actions[22m | outfit_barista_neutral_top_detail.png[39m[0m
[  73% ] [90m[1m_update_scan_actions[22m | outfit_barista_neutral_top_detail_carry.png[39m[0m
[  73% ] [90m[1m_update_scan_actions[22m | outfit_barista_neutral_top_detail_idle.png[39m[0m
[  73% ] [90m[1m_update_scan_actions[22m | outfit_barista_neutral_top_detail_interact.png[39m[0m
[  73% ] [90m[1m_update_scan_actions[22m | outfit_barista_neutral_top_detail_phone.png[39m[0m
[  73% ] [90m[1m_update_scan_actions[22m | outfit_barista_neutral_top_detail_sit.png[39m[0m
[  73% ] [90m[1m_update_scan_actions[22m | outfit_barista_neutral_top_idle.png[39m[0m
[  73% ] [90m[1m_update_scan_actions[22m | outfit_barista_neutral_top_interact.png[39m[0m
[  73% ] [90m[1m_update_scan_actions[22m | outfit_barista_neutral_top_phone.png[39m[0m
[  73% ] [90m[1m_update_scan_actions[22m | outfit_barista_neutral_top_sit.png[39m[0m
[  73% ] [90m[1m_update_scan_actions[22m | outfit_business_suit_feminine_bottom.png[39m[0m
[  73% ] [90m[1m_update_scan_actions[22m | outfit_business_suit_feminine_bottom_carry.png[39m[0m
[  74% ] [90m[1m_update_scan_actions[22m | outfit_business_suit_feminine_bottom_idle.png[39m[0m
[  74% ] [90m[1m_update_scan_actions[22m | outfit_business_suit_feminine_bottom_interact.png[39m[0m
[  74% ] [90m[1m_update_scan_actions[22m | outfit_business_suit_feminine_bottom_phone.png[39m[0m
[  74% ] [90m[1m_update_scan_actions[22m | outfit_business_suit_feminine_bottom_sit.png[39m[0m
[  74% ] [90m[1m_update_scan_actions[22m | outfit_business_suit_feminine_shoes.png[39m[0m
[  74% ] [90m[1m_update_scan_actions[22m | outfit_business_suit_feminine_shoes_carry.png[39m[0m
[  74% ] [90m[1m_update_scan_actions[22m | outfit_business_suit_feminine_shoes_idle.png[39m[0m
[  74% ] [90m[1m_update_scan_actions[22m | outfit_business_suit_feminine_shoes_interact.png[39m[0m
[  74% ] [90m[1m_update_scan_actions[22m | outfit_business_suit_feminine_shoes_phone.png[39m[0m
[  74% ] [90m[1m_update_scan_actions[22m | outfit_business_suit_feminine_shoes_sit.png[39m[0m
[  74% ] [90m[1m_update_scan_actions[22m | outfit_business_suit_feminine_top.png[39m[0m
[  74% ] [90m[1m_update_scan_actions[22m | outfit_business_suit_feminine_top_carry.png[39m[0m
[  74% ] [90m[1m_update_scan_actions[22m | outfit_business_suit_feminine_top_detail.png[39m[0m
[  74% ] [90m[1m_update_scan_actions[22m | outfit_business_suit_feminine_top_detail_carry.png[39m[0m
[  74% ] [90m[1m_update_scan_actions[22m | outfit_business_suit_feminine_top_detail_idle.png[39m[0m
[  74% ] [90m[1m_update_scan_actions[22m | outfit_business_suit_feminine_top_detail_interact.png[39m[0m
[  74% ] [90m[1m_update_scan_actions[22m | outfit_business_suit_feminine_top_detail_phone.png[39m[0m
[  74% ] [90m[1m_update_scan_actions[22m | outfit_business_suit_feminine_top_detail_sit.png[39m[0m
[  74% ] [90m[1m_update_scan_actions[22m | outfit_business_suit_feminine_top_idle.png[39m[0m
[  74% ] [90m[1m_update_scan_actions[22m | outfit_business_suit_feminine_top_interact.png[39m[0m
[  74% ] [90m[1m_update_scan_actions[22m | outfit_business_suit_feminine_top_phone.png[39m[0m
[  75% ] [90m[1m_update_scan_actions[22m | outfit_business_suit_feminine_top_sit.png[39m[0m
[  75% ] [90m[1m_update_scan_actions[22m | outfit_business_suit_masculine_bottom.png[39m[0m
[  75% ] [90m[1m_update_scan_actions[22m | outfit_business_suit_masculine_bottom_carry.png[39m[0m
[  75% ] [90m[1m_update_scan_actions[22m | outfit_business_suit_masculine_bottom_idle.png[39m[0m
[  75% ] [90m[1m_update_scan_actions[22m | outfit_business_suit_masculine_bottom_interact.png[39m[0m
[  75% ] [90m[1m_update_scan_actions[22m | outfit_business_suit_masculine_bottom_phone.png[39m[0m
[  75% ] [90m[1m_update_scan_actions[22m | outfit_business_suit_masculine_bottom_sit.png[39m[0m
[  75% ] [90m[1m_update_scan_actions[22m | outfit_business_suit_masculine_shoes.png[39m[0m
[  75% ] [90m[1m_update_scan_actions[22m | outfit_business_suit_masculine_shoes_carry.png[39m[0m
[  75% ] [90m[1m_update_scan_actions[22m | outfit_business_suit_masculine_shoes_idle.png[39m[0m
[  75% ] [90m[1m_update_scan_actions[22m | outfit_business_suit_masculine_shoes_interact.png[39m[0m
[  75% ] [90m[1m_update_scan_actions[22m | outfit_business_suit_masculine_shoes_phone.png[39m[0m
[  75% ] [90m[1m_update_scan_actions[22m | outfit_business_suit_masculine_shoes_sit.png[39m[0m
[  75% ] [90m[1m_update_scan_actions[22m | outfit_business_suit_masculine_top.png[39m[0m
[  75% ] [90m[1m_update_scan_actions[22m | outfit_business_suit_masculine_top_carry.png[39m[0m
[  75% ] [90m[1m_update_scan_actions[22m | outfit_business_suit_masculine_top_detail.png[39m[0m
[  75% ] [90m[1m_update_scan_actions[22m | outfit_business_suit_masculine_top_detail_carry.png[39m[0m
[  75% ] [90m[1m_update_scan_actions[22m | outfit_business_suit_masculine_top_detail_idle.png[39m[0m
[  75% ] [90m[1m_update_scan_actions[22m | outfit_business_suit_masculine_top_detail_interact.png[39m[0m
[  75% ] [90m[1m_update_scan_actions[22m | outfit_business_suit_masculine_top_detail_phone.png[39m[0m
[  75% ] [90m[1m_update_scan_actions[22m | outfit_business_suit_masculine_top_detail_sit.png[39m[0m
[  76% ] [90m[1m_update_scan_actions[22m | outfit_business_suit_masculine_top_idle.png[39m[0m
[  76% ] [90m[1m_update_scan_actions[22m | outfit_business_suit_masculine_top_interact.png[39m[0m
[  76% ] [90m[1m_update_scan_actions[22m | outfit_business_suit_masculine_top_phone.png[39m[0m
[  76% ] [90m[1m_update_scan_actions[22m | outfit_business_suit_masculine_top_sit.png[39m[0m
[  76% ] [90m[1m_update_scan_actions[22m | outfit_business_suit_neutral_bottom.png[39m[0m
[  76% ] [90m[1m_update_scan_actions[22m | outfit_business_suit_neutral_bottom_carry.png[39m[0m
[  76% ] [90m[1m_update_scan_actions[22m | outfit_business_suit_neutral_bottom_idle.png[39m[0m
[  76% ] [90m[1m_update_scan_actions[22m | outfit_business_suit_neutral_bottom_interact.png[39m[0m
[  76% ] [90m[1m_update_scan_actions[22m | outfit_business_suit_neutral_bottom_phone.png[39m[0m
[  76% ] [90m[1m_update_scan_actions[22m | outfit_business_suit_neutral_bottom_sit.png[39m[0m
[  76% ] [90m[1m_update_scan_actions[22m | outfit_business_suit_neutral_shoes.png[39m[0m
[  76% ] [90m[1m_update_scan_actions[22m | outfit_business_suit_neutral_shoes_carry.png[39m[0m
[  76% ] [90m[1m_update_scan_actions[22m | outfit_business_suit_neutral_shoes_idle.png[39m[0m
[  76% ] [90m[1m_update_scan_actions[22m | outfit_business_suit_neutral_shoes_interact.png[39m[0m
[  76% ] [90m[1m_update_scan_actions[22m | outfit_business_suit_neutral_shoes_phone.png[39m[0m
[  76% ] [90m[1m_update_scan_actions[22m | outfit_business_suit_neutral_shoes_sit.png[39m[0m
[  76% ] [90m[1m_update_scan_actions[22m | outfit_business_suit_neutral_top.png[39m[0m
[  76% ] [90m[1m_update_scan_actions[22m | outfit_business_suit_neutral_top_carry.png[39m[0m
[  76% ] [90m[1m_update_scan_actions[22m | outfit_business_suit_neutral_top_detail.png[39m[0m
[  76% ] [90m[1m_update_scan_actions[22m | outfit_business_suit_neutral_top_detail_carry.png[39m[0m
[  76% ] [90m[1m_update_scan_actions[22m | outfit_business_suit_neutral_top_detail_idle.png[39m[0m
[  77% ] [90m[1m_update_scan_actions[22m | outfit_business_suit_neutral_top_detail_interact.png[39m[0m
[  77% ] [90m[1m_update_scan_actions[22m | outfit_business_suit_neutral_top_detail_phone.png[39m[0m
[  77% ] [90m[1m_update_scan_actions[22m | outfit_business_suit_neutral_top_detail_sit.png[39m[0m
[  77% ] [90m[1m_update_scan_actions[22m | outfit_business_suit_neutral_top_idle.png[39m[0m
[  77% ] [90m[1m_update_scan_actions[22m | outfit_business_suit_neutral_top_interact.png[39m[0m
[  77% ] [90m[1m_update_scan_actions[22m | outfit_business_suit_neutral_top_phone.png[39m[0m
[  77% ] [90m[1m_update_scan_actions[22m | outfit_business_suit_neutral_top_sit.png[39m[0m
[  77% ] [90m[1m_update_scan_actions[22m | outfit_casual_jacket_feminine_bottom.png[39m[0m
[  77% ] [90m[1m_update_scan_actions[22m | outfit_casual_jacket_feminine_bottom_carry.png[39m[0m
[  77% ] [90m[1m_update_scan_actions[22m | outfit_casual_jacket_feminine_bottom_idle.png[39m[0m
[  77% ] [90m[1m_update_scan_actions[22m | outfit_casual_jacket_feminine_bottom_interact.png[39m[0m
[  77% ] [90m[1m_update_scan_actions[22m | outfit_casual_jacket_feminine_bottom_phone.png[39m[0m
[  77% ] [90m[1m_update_scan_actions[22m | outfit_casual_jacket_feminine_bottom_sit.png[39m[0m
[  77% ] [90m[1m_update_scan_actions[22m | outfit_casual_jacket_feminine_shoes.png[39m[0m
[  77% ] [90m[1m_update_scan_actions[22m | outfit_casual_jacket_feminine_shoes_carry.png[39m[0m
[  77% ] [90m[1m_update_scan_actions[22m | outfit_casual_jacket_feminine_shoes_idle.png[39m[0m
[  77% ] [90m[1m_update_scan_actions[22m | outfit_casual_jacket_feminine_shoes_interact.png[39m[0m
[  77% ] [90m[1m_update_scan_actions[22m | outfit_casual_jacket_feminine_shoes_phone.png[39m[0m
[  77% ] [90m[1m_update_scan_actions[22m | outfit_casual_jacket_feminine_shoes_sit.png[39m[0m
[  77% ] [90m[1m_update_scan_actions[22m | outfit_casual_jacket_feminine_top.png[39m[0m
[  77% ] [90m[1m_update_scan_actions[22m | outfit_casual_jacket_feminine_top_carry.png[39m[0m
[  78% ] [90m[1m_update_scan_actions[22m | outfit_casual_jacket_feminine_top_idle.png[39m[0m
[  78% ] [90m[1m_update_scan_actions[22m | outfit_casual_jacket_feminine_top_interact.png[39m[0m
[  78% ] [90m[1m_update_scan_actions[22m | outfit_casual_jacket_feminine_top_phone.png[39m[0m
[  78% ] [90m[1m_update_scan_actions[22m | outfit_casual_jacket_feminine_top_sit.png[39m[0m
[  78% ] [90m[1m_update_scan_actions[22m | outfit_casual_jacket_masculine_bottom.png[39m[0m
[  78% ] [90m[1m_update_scan_actions[22m | outfit_casual_jacket_masculine_bottom_carry.png[39m[0m
[  78% ] [90m[1m_update_scan_actions[22m | outfit_casual_jacket_masculine_bottom_idle.png[39m[0m
[  78% ] [90m[1m_update_scan_actions[22m | outfit_casual_jacket_masculine_bottom_interact.png[39m[0m
[  78% ] [90m[1m_update_scan_actions[22m | outfit_casual_jacket_masculine_bottom_phone.png[39m[0m
[  78% ] [90m[1m_update_scan_actions[22m | outfit_casual_jacket_masculine_bottom_sit.png[39m[0m
[  78% ] [90m[1m_update_scan_actions[22m | outfit_casual_jacket_masculine_shoes.png[39m[0m
[  78% ] [90m[1m_update_scan_actions[22m | outfit_casual_jacket_masculine_shoes_carry.png[39m[0m
[  78% ] [90m[1m_update_scan_actions[22m | outfit_casual_jacket_masculine_shoes_idle.png[39m[0m
[  78% ] [90m[1m_update_scan_actions[22m | outfit_casual_jacket_masculine_shoes_interact.png[39m[0m
[  78% ] [90m[1m_update_scan_actions[22m | outfit_casual_jacket_masculine_shoes_phone.png[39m[0m
[  78% ] [90m[1m_update_scan_actions[22m | outfit_casual_jacket_masculine_shoes_sit.png[39m[0m
[  78% ] [90m[1m_update_scan_actions[22m | outfit_casual_jacket_masculine_top.png[39m[0m
[  78% ] [90m[1m_update_scan_actions[22m | outfit_casual_jacket_masculine_top_carry.png[39m[0m
[  78% ] [90m[1m_update_scan_actions[22m | outfit_casual_jacket_masculine_top_idle.png[39m[0m
[  78% ] [90m[1m_update_scan_actions[22m | outfit_casual_jacket_masculine_top_interact.png[39m[0m
[  79% ] [90m[1m_update_scan_actions[22m | outfit_casual_jacket_masculine_top_phone.png[39m[0m
[  79% ] [90m[1m_update_scan_actions[22m | outfit_casual_jacket_masculine_top_sit.png[39m[0m
[  79% ] [90m[1m_update_scan_actions[22m | outfit_casual_jacket_neutral_bottom.png[39m[0m
[  79% ] [90m[1m_update_scan_actions[22m | outfit_casual_jacket_neutral_bottom_carry.png[39m[0m
[  79% ] [90m[1m_update_scan_actions[22m | outfit_casual_jacket_neutral_bottom_idle.png[39m[0m
[  79% ] [90m[1m_update_scan_actions[22m | outfit_casual_jacket_neutral_bottom_interact.png[39m[0m
[  79% ] [90m[1m_update_scan_actions[22m | outfit_casual_jacket_neutral_bottom_phone.png[39m[0m
[  79% ] [90m[1m_update_scan_actions[22m | outfit_casual_jacket_neutral_bottom_sit.png[39m[0m
[  79% ] [90m[1m_update_scan_actions[22m | outfit_casual_jacket_neutral_shoes.png[39m[0m
[  79% ] [90m[1m_update_scan_actions[22m | outfit_casual_jacket_neutral_shoes_carry.png[39m[0m
[  79% ] [90m[1m_update_scan_actions[22m | outfit_casual_jacket_neutral_shoes_idle.png[39m[0m
[  79% ] [90m[1m_update_scan_actions[22m | outfit_casual_jacket_neutral_shoes_interact.png[39m[0m
[  79% ] [90m[1m_update_scan_actions[22m | outfit_casual_jacket_neutral_shoes_phone.png[39m[0m
[  79% ] [90m[1m_update_scan_actions[22m | outfit_casual_jacket_neutral_shoes_sit.png[39m[0m
[  79% ] [90m[1m_update_scan_actions[22m | outfit_casual_jacket_neutral_top.png[39m[0m
[  79% ] [90m[1m_update_scan_actions[22m | outfit_casual_jacket_neutral_top_carry.png[39m[0m
[  79% ] [90m[1m_update_scan_actions[22m | outfit_casual_jacket_neutral_top_idle.png[39m[0m
[  79% ] [90m[1m_update_scan_actions[22m | outfit_casual_jacket_neutral_top_interact.png[39m[0m
[  79% ] [90m[1m_update_scan_actions[22m | outfit_casual_jacket_neutral_top_phone.png[39m[0m
[  79% ] [90m[1m_update_scan_actions[22m | outfit_casual_jacket_neutral_top_sit.png[39m[0m
[  79% ] [90m[1m_update_scan_actions[22m | outfit_casual_tee_feminine_bottom.png[39m[0m
[  80% ] [90m[1m_update_scan_actions[22m | outfit_casual_tee_feminine_bottom_carry.png[39m[0m
[  80% ] [90m[1m_update_scan_actions[22m | outfit_casual_tee_feminine_bottom_idle.png[39m[0m
[  80% ] [90m[1m_update_scan_actions[22m | outfit_casual_tee_feminine_bottom_interact.png[39m[0m
[  80% ] [90m[1m_update_scan_actions[22m | outfit_casual_tee_feminine_bottom_phone.png[39m[0m
[  80% ] [90m[1m_update_scan_actions[22m | outfit_casual_tee_feminine_bottom_sit.png[39m[0m
[  80% ] [90m[1m_update_scan_actions[22m | outfit_casual_tee_feminine_shoes.png[39m[0m
[  80% ] [90m[1m_update_scan_actions[22m | outfit_casual_tee_feminine_shoes_carry.png[39m[0m
[  80% ] [90m[1m_update_scan_actions[22m | outfit_casual_tee_feminine_shoes_idle.png[39m[0m
[  80% ] [90m[1m_update_scan_actions[22m | outfit_casual_tee_feminine_shoes_interact.png[39m[0m
[  80% ] [90m[1m_update_scan_actions[22m | outfit_casual_tee_feminine_shoes_phone.png[39m[0m
[  80% ] [90m[1m_update_scan_actions[22m | outfit_casual_tee_feminine_shoes_sit.png[39m[0m
[  80% ] [90m[1m_update_scan_actions[22m | outfit_casual_tee_feminine_top.png[39m[0m
[  80% ] [90m[1m_update_scan_actions[22m | outfit_casual_tee_feminine_top_carry.png[39m[0m
[  80% ] [90m[1m_update_scan_actions[22m | outfit_casual_tee_feminine_top_idle.png[39m[0m
[  80% ] [90m[1m_update_scan_actions[22m | outfit_casual_tee_feminine_top_interact.png[39m[0m
[  80% ] [90m[1m_update_scan_actions[22m | outfit_casual_tee_feminine_top_phone.png[39m[0m
[  80% ] [90m[1m_update_scan_actions[22m | outfit_casual_tee_feminine_top_sit.png[39m[0m
[  80% ] [90m[1m_update_scan_actions[22m | outfit_casual_tee_masculine_bottom.png[39m[0m
[  80% ] [90m[1m_update_scan_actions[22m | outfit_casual_tee_masculine_bottom_carry.png[39m[0m
[  80% ] [90m[1m_update_scan_actions[22m | outfit_casual_tee_masculine_bottom_idle.png[39m[0m
[  80% ] [90m[1m_update_scan_actions[22m | outfit_casual_tee_masculine_bottom_interact.png[39m[0m
[  81% ] [90m[1m_update_scan_actions[22m | outfit_casual_tee_masculine_bottom_phone.png[39m[0m
[  81% ] [90m[1m_update_scan_actions[22m | outfit_casual_tee_masculine_bottom_sit.png[39m[0m
[  81% ] [90m[1m_update_scan_actions[22m | outfit_casual_tee_masculine_shoes.png[39m[0m
[  81% ] [90m[1m_update_scan_actions[22m | outfit_casual_tee_masculine_shoes_carry.png[39m[0m
[  81% ] [90m[1m_update_scan_actions[22m | outfit_casual_tee_masculine_shoes_idle.png[39m[0m
[  81% ] [90m[1m_update_scan_actions[22m | outfit_casual_tee_masculine_shoes_interact.png[39m[0m
[  81% ] [90m[1m_update_scan_actions[22m | outfit_casual_tee_masculine_shoes_phone.png[39m[0m
[  81% ] [90m[1m_update_scan_actions[22m | outfit_casual_tee_masculine_shoes_sit.png[39m[0m
[  81% ] [90m[1m_update_scan_actions[22m | outfit_casual_tee_masculine_top.png[39m[0m
[  81% ] [90m[1m_update_scan_actions[22m | outfit_casual_tee_masculine_top_carry.png[39m[0m
[  81% ] [90m[1m_update_scan_actions[22m | outfit_casual_tee_masculine_top_idle.png[39m[0m
[  81% ] [90m[1m_update_scan_actions[22m | outfit_casual_tee_masculine_top_interact.png[39m[0m
[  81% ] [90m[1m_update_scan_actions[22m | outfit_casual_tee_masculine_top_phone.png[39m[0m
[  81% ] [90m[1m_update_scan_actions[22m | outfit_casual_tee_masculine_top_sit.png[39m[0m
[  81% ] [90m[1m_update_scan_actions[22m | outfit_casual_tee_neutral_bottom.png[39m[0m
[  81% ] [90m[1m_update_scan_actions[22m | outfit_casual_tee_neutral_bottom_carry.png[39m[0m
[  81% ] [90m[1m_update_scan_actions[22m | outfit_casual_tee_neutral_bottom_idle.png[39m[0m
[  81% ] [90m[1m_update_scan_actions[22m | outfit_casual_tee_neutral_bottom_interact.png[39m[0m
[  81% ] [90m[1m_update_scan_actions[22m | outfit_casual_tee_neutral_bottom_phone.png[39m[0m
[  81% ] [90m[1m_update_scan_actions[22m | outfit_casual_tee_neutral_bottom_sit.png[39m[0m
[  81% ] [90m[1m_update_scan_actions[22m | outfit_casual_tee_neutral_shoes.png[39m[0m
[  82% ] [90m[1m_update_scan_actions[22m | outfit_casual_tee_neutral_shoes_carry.png[39m[0m
[  82% ] [90m[1m_update_scan_actions[22m | outfit_casual_tee_neutral_shoes_idle.png[39m[0m
[  82% ] [90m[1m_update_scan_actions[22m | outfit_casual_tee_neutral_shoes_interact.png[39m[0m
[  82% ] [90m[1m_update_scan_actions[22m | outfit_casual_tee_neutral_shoes_phone.png[39m[0m
[  82% ] [90m[1m_update_scan_actions[22m | outfit_casual_tee_neutral_shoes_sit.png[39m[0m
[  82% ] [90m[1m_update_scan_actions[22m | outfit_casual_tee_neutral_top.png[39m[0m
[  82% ] [90m[1m_update_scan_actions[22m | outfit_casual_tee_neutral_top_carry.png[39m[0m
[  82% ] [90m[1m_update_scan_actions[22m | outfit_casual_tee_neutral_top_idle.png[39m[0m
[  82% ] [90m[1m_update_scan_actions[22m | outfit_casual_tee_neutral_top_interact.png[39m[0m
[  82% ] [90m[1m_update_scan_actions[22m | outfit_casual_tee_neutral_top_phone.png[39m[0m
[  82% ] [90m[1m_update_scan_actions[22m | outfit_casual_tee_neutral_top_sit.png[39m[0m
[  82% ] [90m[1m_update_scan_actions[22m | outfit_civic_staff_feminine_bottom.png[39m[0m
[  82% ] [90m[1m_update_scan_actions[22m | outfit_civic_staff_feminine_bottom_carry.png[39m[0m
[  82% ] [90m[1m_update_scan_actions[22m | outfit_civic_staff_feminine_bottom_idle.png[39m[0m
[  82% ] [90m[1m_update_scan_actions[22m | outfit_civic_staff_feminine_bottom_interact.png[39m[0m
[  82% ] [90m[1m_update_scan_actions[22m | outfit_civic_staff_feminine_bottom_phone.png[39m[0m
[  82% ] [90m[1m_update_scan_actions[22m | outfit_civic_staff_feminine_bottom_sit.png[39m[0m
[  82% ] [90m[1m_update_scan_actions[22m | outfit_civic_staff_feminine_shoes.png[39m[0m
[  82% ] [90m[1m_update_scan_actions[22m | outfit_civic_staff_feminine_shoes_carry.png[39m[0m
[  82% ] [90m[1m_update_scan_actions[22m | outfit_civic_staff_feminine_shoes_idle.png[39m[0m
[  82% ] [90m[1m_update_scan_actions[22m | outfit_civic_staff_feminine_shoes_interact.png[39m[0m
[  83% ] [90m[1m_update_scan_actions[22m | outfit_civic_staff_feminine_shoes_phone.png[39m[0m
[  83% ] [90m[1m_update_scan_actions[22m | outfit_civic_staff_feminine_shoes_sit.png[39m[0m
[  83% ] [90m[1m_update_scan_actions[22m | outfit_civic_staff_feminine_top.png[39m[0m
[  83% ] [90m[1m_update_scan_actions[22m | outfit_civic_staff_feminine_top_carry.png[39m[0m
[  83% ] [90m[1m_update_scan_actions[22m | outfit_civic_staff_feminine_top_detail.png[39m[0m
[  83% ] [90m[1m_update_scan_actions[22m | outfit_civic_staff_feminine_top_detail_carry.png[39m[0m
[  83% ] [90m[1m_update_scan_actions[22m | outfit_civic_staff_feminine_top_detail_idle.png[39m[0m
[  83% ] [90m[1m_update_scan_actions[22m | outfit_civic_staff_feminine_top_detail_interact.png[39m[0m
[  83% ] [90m[1m_update_scan_actions[22m | outfit_civic_staff_feminine_top_detail_phone.png[39m[0m
[  83% ] [90m[1m_update_scan_actions[22m | outfit_civic_staff_feminine_top_detail_sit.png[39m[0m
[  83% ] [90m[1m_update_scan_actions[22m | outfit_civic_staff_feminine_top_idle.png[39m[0m
[  83% ] [90m[1m_update_scan_actions[22m | outfit_civic_staff_feminine_top_interact.png[39m[0m
[  83% ] [90m[1m_update_scan_actions[22m | outfit_civic_staff_feminine_top_phone.png[39m[0m
[  83% ] [90m[1m_update_scan_actions[22m | outfit_civic_staff_feminine_top_sit.png[39m[0m
[  83% ] [90m[1m_update_scan_actions[22m | outfit_civic_staff_masculine_bottom.png[39m[0m
[  83% ] [90m[1m_update_scan_actions[22m | outfit_civic_staff_masculine_bottom_carry.png[39m[0m
[  83% ] [90m[1m_update_scan_actions[22m | outfit_civic_staff_masculine_bottom_idle.png[39m[0m
[  83% ] [90m[1m_update_scan_actions[22m | outfit_civic_staff_masculine_bottom_interact.png[39m[0m
[  83% ] [90m[1m_update_scan_actions[22m | outfit_civic_staff_masculine_bottom_phone.png[39m[0m
[  83% ] [90m[1m_update_scan_actions[22m | outfit_civic_staff_masculine_bottom_sit.png[39m[0m
[  83% ] [90m[1m_update_scan_actions[22m | outfit_civic_staff_masculine_shoes.png[39m[0m
[  84% ] [90m[1m_update_scan_actions[22m | outfit_civic_staff_masculine_shoes_carry.png[39m[0m
[  84% ] [90m[1m_update_scan_actions[22m | outfit_civic_staff_masculine_shoes_idle.png[39m[0m
[  84% ] [90m[1m_update_scan_actions[22m | outfit_civic_staff_masculine_shoes_interact.png[39m[0m
[  84% ] [90m[1m_update_scan_actions[22m | outfit_civic_staff_masculine_shoes_phone.png[39m[0m
[  84% ] [90m[1m_update_scan_actions[22m | outfit_civic_staff_masculine_shoes_sit.png[39m[0m
[  84% ] [90m[1m_update_scan_actions[22m | outfit_civic_staff_masculine_top.png[39m[0m
[  84% ] [90m[1m_update_scan_actions[22m | outfit_civic_staff_masculine_top_carry.png[39m[0m
[  84% ] [90m[1m_update_scan_actions[22m | outfit_civic_staff_masculine_top_detail.png[39m[0m
[  84% ] [90m[1m_update_scan_actions[22m | outfit_civic_staff_masculine_top_detail_carry.png[39m[0m
[  84% ] [90m[1m_update_scan_actions[22m | outfit_civic_staff_masculine_top_detail_idle.png[39m[0m
[  84% ] [90m[1m_update_scan_actions[22m | outfit_civic_staff_masculine_top_detail_interact.png[39m[0m
[  84% ] [90m[1m_update_scan_actions[22m | outfit_civic_staff_masculine_top_detail_phone.png[39m[0m
[  84% ] [90m[1m_update_scan_actions[22m | outfit_civic_staff_masculine_top_detail_sit.png[39m[0m
[  84% ] [90m[1m_update_scan_actions[22m | outfit_civic_staff_masculine_top_idle.png[39m[0m
[  84% ] [90m[1m_update_scan_actions[22m | outfit_civic_staff_masculine_top_interact.png[39m[0m
[  84% ] [90m[1m_update_scan_actions[22m | outfit_civic_staff_masculine_top_phone.png[39m[0m
[  84% ] [90m[1m_update_scan_actions[22m | outfit_civic_staff_masculine_top_sit.png[39m[0m
[  84% ] [90m[1m_update_scan_actions[22m | outfit_civic_staff_neutral_bottom.png[39m[0m
[  84% ] [90m[1m_update_scan_actions[22m | outfit_civic_staff_neutral_bottom_carry.png[39m[0m
[  84% ] [90m[1m_update_scan_actions[22m | outfit_civic_staff_neutral_bottom_idle.png[39m[0m
[  85% ] [90m[1m_update_scan_actions[22m | outfit_civic_staff_neutral_bottom_interact.png[39m[0m
[  85% ] [90m[1m_update_scan_actions[22m | outfit_civic_staff_neutral_bottom_phone.png[39m[0m
[  85% ] [90m[1m_update_scan_actions[22m | outfit_civic_staff_neutral_bottom_sit.png[39m[0m
[  85% ] [90m[1m_update_scan_actions[22m | outfit_civic_staff_neutral_shoes.png[39m[0m
[  85% ] [90m[1m_update_scan_actions[22m | outfit_civic_staff_neutral_shoes_carry.png[39m[0m
[  85% ] [90m[1m_update_scan_actions[22m | outfit_civic_staff_neutral_shoes_idle.png[39m[0m
[  85% ] [90m[1m_update_scan_actions[22m | outfit_civic_staff_neutral_shoes_interact.png[39m[0m
[  85% ] [90m[1m_update_scan_actions[22m | outfit_civic_staff_neutral_shoes_phone.png[39m[0m
[  85% ] [90m[1m_update_scan_actions[22m | outfit_civic_staff_neutral_shoes_sit.png[39m[0m
[  85% ] [90m[1m_update_scan_actions[22m | outfit_civic_staff_neutral_top.png[39m[0m
[  85% ] [90m[1m_update_scan_actions[22m | outfit_civic_staff_neutral_top_carry.png[39m[0m
[  85% ] [90m[1m_update_scan_actions[22m | outfit_civic_staff_neutral_top_detail.png[39m[0m
[  85% ] [90m[1m_update_scan_actions[22m | outfit_civic_staff_neutral_top_detail_carry.png[39m[0m
[  85% ] [90m[1m_update_scan_actions[22m | outfit_civic_staff_neutral_top_detail_idle.png[39m[0m
[  85% ] [90m[1m_update_scan_actions[22m | outfit_civic_staff_neutral_top_detail_interact.png[39m[0m
[  85% ] [90m[1m_update_scan_actions[22m | outfit_civic_staff_neutral_top_detail_phone.png[39m[0m
[  85% ] [90m[1m_update_scan_actions[22m | outfit_civic_staff_neutral_top_detail_sit.png[39m[0m
[  85% ] [90m[1m_update_scan_actions[22m | outfit_civic_staff_neutral_top_idle.png[39m[0m
[  85% ] [90m[1m_update_scan_actions[22m | outfit_civic_staff_neutral_top_interact.png[39m[0m
[  85% ] [90m[1m_update_scan_actions[22m | outfit_civic_staff_neutral_top_phone.png[39m[0m
[  85% ] [90m[1m_update_scan_actions[22m | outfit_civic_staff_neutral_top_sit.png[39m[0m
[  86% ] [90m[1m_update_scan_actions[22m | outfit_courier_feminine_bottom.png[39m[0m
[  86% ] [90m[1m_update_scan_actions[22m | outfit_courier_feminine_bottom_carry.png[39m[0m
[  86% ] [90m[1m_update_scan_actions[22m | outfit_courier_feminine_bottom_idle.png[39m[0m
[  86% ] [90m[1m_update_scan_actions[22m | outfit_courier_feminine_bottom_interact.png[39m[0m
[  86% ] [90m[1m_update_scan_actions[22m | outfit_courier_feminine_bottom_phone.png[39m[0m
[  86% ] [90m[1m_update_scan_actions[22m | outfit_courier_feminine_bottom_sit.png[39m[0m
[  86% ] [90m[1m_update_scan_actions[22m | outfit_courier_feminine_shoes.png[39m[0m
[  86% ] [90m[1m_update_scan_actions[22m | outfit_courier_feminine_shoes_carry.png[39m[0m
[  86% ] [90m[1m_update_scan_actions[22m | outfit_courier_feminine_shoes_idle.png[39m[0m
[  86% ] [90m[1m_update_scan_actions[22m | outfit_courier_feminine_shoes_interact.png[39m[0m
[  86% ] [90m[1m_update_scan_actions[22m | outfit_courier_feminine_shoes_phone.png[39m[0m
[  86% ] [90m[1m_update_scan_actions[22m | outfit_courier_feminine_shoes_sit.png[39m[0m
[  86% ] [90m[1m_update_scan_actions[22m | outfit_courier_feminine_top.png[39m[0m
[  86% ] [90m[1m_update_scan_actions[22m | outfit_courier_feminine_top_carry.png[39m[0m
[  86% ] [90m[1m_update_scan_actions[22m | outfit_courier_feminine_top_detail.png[39m[0m
[  86% ] [90m[1m_update_scan_actions[22m | outfit_courier_feminine_top_detail_carry.png[39m[0m
[  86% ] [90m[1m_update_scan_actions[22m | outfit_courier_feminine_top_detail_idle.png[39m[0m
[  86% ] [90m[1m_update_scan_actions[22m | outfit_courier_feminine_top_detail_interact.png[39m[0m
[  86% ] [90m[1m_update_scan_actions[22m | outfit_courier_feminine_top_detail_phone.png[39m[0m
[  86% ] [90m[1m_update_scan_actions[22m | outfit_courier_feminine_top_detail_sit.png[39m[0m
[  86% ] [90m[1m_update_scan_actions[22m | outfit_courier_feminine_top_idle.png[39m[0m
[  87% ] [90m[1m_update_scan_actions[22m | outfit_courier_feminine_top_interact.png[39m[0m
[  87% ] [90m[1m_update_scan_actions[22m | outfit_courier_feminine_top_phone.png[39m[0m
[  87% ] [90m[1m_update_scan_actions[22m | outfit_courier_feminine_top_sit.png[39m[0m
[  87% ] [90m[1m_update_scan_actions[22m | outfit_courier_masculine_bottom.png[39m[0m
[  87% ] [90m[1m_update_scan_actions[22m | outfit_courier_masculine_bottom_carry.png[39m[0m
[  87% ] [90m[1m_update_scan_actions[22m | outfit_courier_masculine_bottom_idle.png[39m[0m
[  87% ] [90m[1m_update_scan_actions[22m | outfit_courier_masculine_bottom_interact.png[39m[0m
[  87% ] [90m[1m_update_scan_actions[22m | outfit_courier_masculine_bottom_phone.png[39m[0m
[  87% ] [90m[1m_update_scan_actions[22m | outfit_courier_masculine_bottom_sit.png[39m[0m
[  87% ] [90m[1m_update_scan_actions[22m | outfit_courier_masculine_shoes.png[39m[0m
[  87% ] [90m[1m_update_scan_actions[22m | outfit_courier_masculine_shoes_carry.png[39m[0m
[  87% ] [90m[1m_update_scan_actions[22m | outfit_courier_masculine_shoes_idle.png[39m[0m
[  87% ] [90m[1m_update_scan_actions[22m | outfit_courier_masculine_shoes_interact.png[39m[0m
[  87% ] [90m[1m_update_scan_actions[22m | outfit_courier_masculine_shoes_phone.png[39m[0m
[  87% ] [90m[1m_update_scan_actions[22m | outfit_courier_masculine_shoes_sit.png[39m[0m
[  87% ] [90m[1m_update_scan_actions[22m | outfit_courier_masculine_top.png[39m[0m
[  87% ] [90m[1m_update_scan_actions[22m | outfit_courier_masculine_top_carry.png[39m[0m
[  87% ] [90m[1m_update_scan_actions[22m | outfit_courier_masculine_top_detail.png[39m[0m
[  87% ] [90m[1m_update_scan_actions[22m | outfit_courier_masculine_top_detail_carry.png[39m[0m
[  87% ] [90m[1m_update_scan_actions[22m | outfit_courier_masculine_top_detail_idle.png[39m[0m
[  87% ] [90m[1m_update_scan_actions[22m | outfit_courier_masculine_top_detail_interact.png[39m[0m
[  88% ] [90m[1m_update_scan_actions[22m | outfit_courier_masculine_top_detail_phone.png[39m[0m
[  88% ] [90m[1m_update_scan_actions[22m | outfit_courier_masculine_top_detail_sit.png[39m[0m
[  88% ] [90m[1m_update_scan_actions[22m | outfit_courier_masculine_top_idle.png[39m[0m
[  88% ] [90m[1m_update_scan_actions[22m | outfit_courier_masculine_top_interact.png[39m[0m
[  88% ] [90m[1m_update_scan_actions[22m | outfit_courier_masculine_top_phone.png[39m[0m
[  88% ] [90m[1m_update_scan_actions[22m | outfit_courier_masculine_top_sit.png[39m[0m
[  88% ] [90m[1m_update_scan_actions[22m | outfit_courier_neutral_bottom.png[39m[0m
[  88% ] [90m[1m_update_scan_actions[22m | outfit_courier_neutral_bottom_carry.png[39m[0m
[  88% ] [90m[1m_update_scan_actions[22m | outfit_courier_neutral_bottom_idle.png[39m[0m
[  88% ] [90m[1m_update_scan_actions[22m | outfit_courier_neutral_bottom_interact.png[39m[0m
[  88% ] [90m[1m_update_scan_actions[22m | outfit_courier_neutral_bottom_phone.png[39m[0m
[  88% ] [90m[1m_update_scan_actions[22m | outfit_courier_neutral_bottom_sit.png[39m[0m
[  88% ] [90m[1m_update_scan_actions[22m | outfit_courier_neutral_shoes.png[39m[0m
[  88% ] [90m[1m_update_scan_actions[22m | outfit_courier_neutral_shoes_carry.png[39m[0m
[  88% ] [90m[1m_update_scan_actions[22m | outfit_courier_neutral_shoes_idle.png[39m[0m
[  88% ] [90m[1m_update_scan_actions[22m | outfit_courier_neutral_shoes_interact.png[39m[0m
[  88% ] [90m[1m_update_scan_actions[22m | outfit_courier_neutral_shoes_phone.png[39m[0m
[  88% ] [90m[1m_update_scan_actions[22m | outfit_courier_neutral_shoes_sit.png[39m[0m
[  88% ] [90m[1m_update_scan_actions[22m | outfit_courier_neutral_top.png[39m[0m
[  88% ] [90m[1m_update_scan_actions[22m | outfit_courier_neutral_top_carry.png[39m[0m
[  88% ] [90m[1m_update_scan_actions[22m | outfit_courier_neutral_top_detail.png[39m[0m
[  89% ] [90m[1m_update_scan_actions[22m | outfit_courier_neutral_top_detail_carry.png[39m[0m
[  89% ] [90m[1m_update_scan_actions[22m | outfit_courier_neutral_top_detail_idle.png[39m[0m
[  89% ] [90m[1m_update_scan_actions[22m | outfit_courier_neutral_top_detail_interact.png[39m[0m
[  89% ] [90m[1m_update_scan_actions[22m | outfit_courier_neutral_top_detail_phone.png[39m[0m
[  89% ] [90m[1m_update_scan_actions[22m | outfit_courier_neutral_top_detail_sit.png[39m[0m
[  89% ] [90m[1m_update_scan_actions[22m | outfit_courier_neutral_top_idle.png[39m[0m
[  89% ] [90m[1m_update_scan_actions[22m | outfit_courier_neutral_top_interact.png[39m[0m
[  89% ] [90m[1m_update_scan_actions[22m | outfit_courier_neutral_top_phone.png[39m[0m
[  89% ] [90m[1m_update_scan_actions[22m | outfit_courier_neutral_top_sit.png[39m[0m
[  89% ] [90m[1m_update_scan_actions[22m | outfit_home_feminine_bottom.png[39m[0m
[  89% ] [90m[1m_update_scan_actions[22m | outfit_home_feminine_bottom_carry.png[39m[0m
[  89% ] [90m[1m_update_scan_actions[22m | outfit_home_feminine_bottom_idle.png[39m[0m
[  89% ] [90m[1m_update_scan_actions[22m | outfit_home_feminine_bottom_interact.png[39m[0m
[  89% ] [90m[1m_update_scan_actions[22m | outfit_home_feminine_bottom_phone.png[39m[0m
[  89% ] [90m[1m_update_scan_actions[22m | outfit_home_feminine_bottom_sit.png[39m[0m
[  89% ] [90m[1m_update_scan_actions[22m | outfit_home_feminine_shoes.png[39m[0m
[  89% ] [90m[1m_update_scan_actions[22m | outfit_home_feminine_shoes_carry.png[39m[0m
[  89% ] [90m[1m_update_scan_actions[22m | outfit_home_feminine_shoes_idle.png[39m[0m
[  89% ] [90m[1m_update_scan_actions[22m | outfit_home_feminine_shoes_interact.png[39m[0m
[  89% ] [90m[1m_update_scan_actions[22m | outfit_home_feminine_shoes_phone.png[39m[0m
[  90% ] [90m[1m_update_scan_actions[22m | outfit_home_feminine_shoes_sit.png[39m[0m
[  90% ] [90m[1m_update_scan_actions[22m | outfit_home_feminine_top.png[39m[0m
[  90% ] [90m[1m_update_scan_actions[22m | outfit_home_feminine_top_carry.png[39m[0m
[  90% ] [90m[1m_update_scan_actions[22m | outfit_home_feminine_top_idle.png[39m[0m
[  90% ] [90m[1m_update_scan_actions[22m | outfit_home_feminine_top_interact.png[39m[0m
[  90% ] [90m[1m_update_scan_actions[22m | outfit_home_feminine_top_phone.png[39m[0m
[  90% ] [90m[1m_update_scan_actions[22m | outfit_home_feminine_top_sit.png[39m[0m
[  90% ] [90m[1m_update_scan_actions[22m | outfit_home_masculine_bottom.png[39m[0m
[  90% ] [90m[1m_update_scan_actions[22m | outfit_home_masculine_bottom_carry.png[39m[0m
[  90% ] [90m[1m_update_scan_actions[22m | outfit_home_masculine_bottom_idle.png[39m[0m
[  90% ] [90m[1m_update_scan_actions[22m | outfit_home_masculine_bottom_interact.png[39m[0m
[  90% ] [90m[1m_update_scan_actions[22m | outfit_home_masculine_bottom_phone.png[39m[0m
[  90% ] [90m[1m_update_scan_actions[22m | outfit_home_masculine_bottom_sit.png[39m[0m
[  90% ] [90m[1m_update_scan_actions[22m | outfit_home_masculine_shoes.png[39m[0m
[  90% ] [90m[1m_update_scan_actions[22m | outfit_home_masculine_shoes_carry.png[39m[0m
[  90% ] [90m[1m_update_scan_actions[22m | outfit_home_masculine_shoes_idle.png[39m[0m
[  90% ] [90m[1m_update_scan_actions[22m | outfit_home_masculine_shoes_interact.png[39m[0m
[  90% ] [90m[1m_update_scan_actions[22m | outfit_home_masculine_shoes_phone.png[39m[0m
[  90% ] [90m[1m_update_scan_actions[22m | outfit_home_masculine_shoes_sit.png[39m[0m
[  90% ] [90m[1m_update_scan_actions[22m | outfit_home_masculine_top.png[39m[0m
[  90% ] [90m[1m_update_scan_actions[22m | outfit_home_masculine_top_carry.png[39m[0m
[  91% ] [90m[1m_update_scan_actions[22m | outfit_home_masculine_top_idle.png[39m[0m
[  91% ] [90m[1m_update_scan_actions[22m | outfit_home_masculine_top_interact.png[39m[0m
[  91% ] [90m[1m_update_scan_actions[22m | outfit_home_masculine_top_phone.png[39m[0m
[  91% ] [90m[1m_update_scan_actions[22m | outfit_home_masculine_top_sit.png[39m[0m
[  91% ] [90m[1m_update_scan_actions[22m | outfit_home_neutral_bottom.png[39m[0m
[  91% ] [90m[1m_update_scan_actions[22m | outfit_home_neutral_bottom_carry.png[39m[0m
[  91% ] [90m[1m_update_scan_actions[22m | outfit_home_neutral_bottom_idle.png[39m[0m
[  91% ] [90m[1m_update_scan_actions[22m | outfit_home_neutral_bottom_interact.png[39m[0m
[  91% ] [90m[1m_update_scan_actions[22m | outfit_home_neutral_bottom_phone.png[39m[0m
[  91% ] [90m[1m_update_scan_actions[22m | outfit_home_neutral_bottom_sit.png[39m[0m
[  91% ] [90m[1m_update_scan_actions[22m | outfit_home_neutral_shoes.png[39m[0m
[  91% ] [90m[1m_update_scan_actions[22m | outfit_home_neutral_shoes_carry.png[39m[0m
[  91% ] [90m[1m_update_scan_actions[22m | outfit_home_neutral_shoes_idle.png[39m[0m
[  91% ] [90m[1m_update_scan_actions[22m | outfit_home_neutral_shoes_interact.png[39m[0m
[  91% ] [90m[1m_update_scan_actions[22m | outfit_home_neutral_shoes_phone.png[39m[0m
[  91% ] [90m[1m_update_scan_actions[22m | outfit_home_neutral_shoes_sit.png[39m[0m
[  91% ] [90m[1m_update_scan_actions[22m | outfit_home_neutral_top.png[39m[0m
[  91% ] [90m[1m_update_scan_actions[22m | outfit_home_neutral_top_carry.png[39m[0m
[  91% ] [90m[1m_update_scan_actions[22m | outfit_home_neutral_top_idle.png[39m[0m
[  91% ] [90m[1m_update_scan_actions[22m | outfit_home_neutral_top_interact.png[39m[0m
[  91% ] [90m[1m_update_scan_actions[22m | outfit_home_neutral_top_phone.png[39m[0m
[  92% ] [90m[1m_update_scan_actions[22m | outfit_home_neutral_top_sit.png[39m[0m
[  92% ] [90m[1m_update_scan_actions[22m | outfit_office_professional_feminine_bottom.png[39m[0m
[  92% ] [90m[1m_update_scan_actions[22m | outfit_office_professional_feminine_bottom_carry.png[39m[0m
[  92% ] [90m[1m_update_scan_actions[22m | outfit_office_professional_feminine_bottom_idle.png[39m[0m
[  92% ] [90m[1m_update_scan_actions[22m | outfit_office_professional_feminine_bottom_interact.png[39m[0m
[  92% ] [90m[1m_update_scan_actions[22m | outfit_office_professional_feminine_bottom_phone.png[39m[0m
[  92% ] [90m[1m_update_scan_actions[22m | outfit_office_professional_feminine_bottom_sit.png[39m[0m
[  92% ] [90m[1m_update_scan_actions[22m | outfit_office_professional_feminine_shoes.png[39m[0m
[  92% ] [90m[1m_update_scan_actions[22m | outfit_office_professional_feminine_shoes_carry.png[39m[0m
[  92% ] [90m[1m_update_scan_actions[22m | outfit_office_professional_feminine_shoes_idle.png[39m[0m
[  92% ] [90m[1m_update_scan_actions[22m | outfit_office_professional_feminine_shoes_interact.png[39m[0m
[  92% ] [90m[1m_update_scan_actions[22m | outfit_office_professional_feminine_shoes_phone.png[39m[0m
[  92% ] [90m[1m_update_scan_actions[22m | outfit_office_professional_feminine_shoes_sit.png[39m[0m
[  92% ] [90m[1m_update_scan_actions[22m | outfit_office_professional_feminine_top.png[39m[0m
[  92% ] [90m[1m_update_scan_actions[22m | outfit_office_professional_feminine_top_carry.png[39m[0m
[  92% ] [90m[1m_update_scan_actions[22m | outfit_office_professional_feminine_top_idle.png[39m[0m
[  92% ] [90m[1m_update_scan_actions[22m | outfit_office_professional_feminine_top_interact.png[39m[0m
[  92% ] [90m[1m_update_scan_actions[22m | outfit_office_professional_feminine_top_phone.png[39m[0m
[  92% ] [90m[1m_update_scan_actions[22m | outfit_office_professional_feminine_top_sit.png[39m[0m
[  92% ] [90m[1m_update_scan_actions[22m | outfit_office_professional_masculine_bottom.png[39m[0m
[  92% ] [90m[1m_update_scan_actions[22m | outfit_office_professional_masculine_bottom_carry.png[39m[0m
[  93% ] [90m[1m_update_scan_actions[22m | outfit_office_professional_masculine_bottom_idle.png[39m[0m
[  93% ] [90m[1m_update_scan_actions[22m | outfit_office_professional_masculine_bottom_interact.png[39m[0m
[  93% ] [90m[1m_update_scan_actions[22m | outfit_office_professional_masculine_bottom_phone.png[39m[0m
[  93% ] [90m[1m_update_scan_actions[22m | outfit_office_professional_masculine_bottom_sit.png[39m[0m
[  93% ] [90m[1m_update_scan_actions[22m | outfit_office_professional_masculine_shoes.png[39m[0m
[  93% ] [90m[1m_update_scan_actions[22m | outfit_office_professional_masculine_shoes_carry.png[39m[0m
[  93% ] [90m[1m_update_scan_actions[22m | outfit_office_professional_masculine_shoes_idle.png[39m[0m
[  93% ] [90m[1m_update_scan_actions[22m | outfit_office_professional_masculine_shoes_interact.png[39m[0m
[  93% ] [90m[1m_update_scan_actions[22m | outfit_office_professional_masculine_shoes_phone.png[39m[0m
[  93% ] [90m[1m_update_scan_actions[22m | outfit_office_professional_masculine_shoes_sit.png[39m[0m
[  93% ] [90m[1m_update_scan_actions[22m | outfit_office_professional_masculine_top.png[39m[0m
[  93% ] [90m[1m_update_scan_actions[22m | outfit_office_professional_masculine_top_carry.png[39m[0m
[  93% ] [90m[1m_update_scan_actions[22m | outfit_office_professional_masculine_top_idle.png[39m[0m
[  93% ] [90m[1m_update_scan_actions[22m | outfit_office_professional_masculine_top_interact.png[39m[0m
[  93% ] [90m[1m_update_scan_actions[22m | outfit_office_professional_masculine_top_phone.png[39m[0m
[  93% ] [90m[1m_update_scan_actions[22m | outfit_office_professional_masculine_top_sit.png[39m[0m
[  93% ] [90m[1m_update_scan_actions[22m | outfit_office_professional_neutral_bottom.png[39m[0m
[  93% ] [90m[1m_update_scan_actions[22m | outfit_office_professional_neutral_bottom_carry.png[39m[0m
[  93% ] [90m[1m_update_scan_actions[22m | outfit_office_professional_neutral_bottom_idle.png[39m[0m
[  93% ] [90m[1m_update_scan_actions[22m | outfit_office_professional_neutral_bottom_interact.png[39m[0m
[  93% ] [90m[1m_update_scan_actions[22m | outfit_office_professional_neutral_bottom_phone.png[39m[0m
[  94% ] [90m[1m_update_scan_actions[22m | outfit_office_professional_neutral_bottom_sit.png[39m[0m
[  94% ] [90m[1m_update_scan_actions[22m | outfit_office_professional_neutral_shoes.png[39m[0m
[  94% ] [90m[1m_update_scan_actions[22m | outfit_office_professional_neutral_shoes_carry.png[39m[0m
[  94% ] [90m[1m_update_scan_actions[22m | outfit_office_professional_neutral_shoes_idle.png[39m[0m
[  94% ] [90m[1m_update_scan_actions[22m | outfit_office_professional_neutral_shoes_interact.png[39m[0m
[  94% ] [90m[1m_update_scan_actions[22m | outfit_office_professional_neutral_shoes_phone.png[39m[0m
[  94% ] [90m[1m_update_scan_actions[22m | outfit_office_professional_neutral_shoes_sit.png[39m[0m
[  94% ] [90m[1m_update_scan_actions[22m | outfit_office_professional_neutral_top.png[39m[0m
[  94% ] [90m[1m_update_scan_actions[22m | outfit_office_professional_neutral_top_carry.png[39m[0m
[  94% ] [90m[1m_update_scan_actions[22m | outfit_office_professional_neutral_top_idle.png[39m[0m
[  94% ] [90m[1m_update_scan_actions[22m | outfit_office_professional_neutral_top_interact.png[39m[0m
[  94% ] [90m[1m_update_scan_actions[22m | outfit_office_professional_neutral_top_phone.png[39m[0m
[  94% ] [90m[1m_update_scan_actions[22m | outfit_office_professional_neutral_top_sit.png[39m[0m
[  94% ] [90m[1m_update_scan_actions[22m | outfit_startup_casual_feminine_bottom.png[39m[0m
[  94% ] [90m[1m_update_scan_actions[22m | outfit_startup_casual_feminine_bottom_carry.png[39m[0m
[  94% ] [90m[1m_update_scan_actions[22m | outfit_startup_casual_feminine_bottom_idle.png[39m[0m
[  94% ] [90m[1m_update_scan_actions[22m | outfit_startup_casual_feminine_bottom_interact.png[39m[0m
[  94% ] [90m[1m_update_scan_actions[22m | outfit_startup_casual_feminine_bottom_phone.png[39m[0m
[  94% ] [90m[1m_update_scan_actions[22m | outfit_startup_casual_feminine_bottom_sit.png[39m[0m
[  94% ] [90m[1m_update_scan_actions[22m | outfit_startup_casual_feminine_shoes.png[39m[0m
[  95% ] [90m[1m_update_scan_actions[22m | outfit_startup_casual_feminine_shoes_carry.png[39m[0m
[  95% ] [90m[1m_update_scan_actions[22m | outfit_startup_casual_feminine_shoes_idle.png[39m[0m
[  95% ] [90m[1m_update_scan_actions[22m | outfit_startup_casual_feminine_shoes_interact.png[39m[0m
[  95% ] [90m[1m_update_scan_actions[22m | outfit_startup_casual_feminine_shoes_phone.png[39m[0m
[  95% ] [90m[1m_update_scan_actions[22m | outfit_startup_casual_feminine_shoes_sit.png[39m[0m
[  95% ] [90m[1m_update_scan_actions[22m | outfit_startup_casual_feminine_top.png[39m[0m
[  95% ] [90m[1m_update_scan_actions[22m | outfit_startup_casual_feminine_top_carry.png[39m[0m
[  95% ] [90m[1m_update_scan_actions[22m | outfit_startup_casual_feminine_top_idle.png[39m[0m
[  95% ] [90m[1m_update_scan_actions[22m | outfit_startup_casual_feminine_top_interact.png[39m[0m
[  95% ] [90m[1m_update_scan_actions[22m | outfit_startup_casual_feminine_top_phone.png[39m[0m
[  95% ] [90m[1m_update_scan_actions[22m | outfit_startup_casual_feminine_top_sit.png[39m[0m
[  95% ] [90m[1m_update_scan_actions[22m | outfit_startup_casual_masculine_bottom.png[39m[0m
[  95% ] [90m[1m_update_scan_actions[22m | outfit_startup_casual_masculine_bottom_carry.png[39m[0m
[  95% ] [90m[1m_update_scan_actions[22m | outfit_startup_casual_masculine_bottom_idle.png[39m[0m
[  95% ] [90m[1m_update_scan_actions[22m | outfit_startup_casual_masculine_bottom_interact.png[39m[0m
[  95% ] [90m[1m_update_scan_actions[22m | outfit_startup_casual_masculine_bottom_phone.png[39m[0m
[  95% ] [90m[1m_update_scan_actions[22m | outfit_startup_casual_masculine_bottom_sit.png[39m[0m
[  95% ] [90m[1m_update_scan_actions[22m | outfit_startup_casual_masculine_shoes.png[39m[0m
[  95% ] [90m[1m_update_scan_actions[22m | outfit_startup_casual_masculine_shoes_carry.png[39m[0m
[  95% ] [90m[1m_update_scan_actions[22m | outfit_startup_casual_masculine_shoes_idle.png[39m[0m
[  95% ] [90m[1m_update_scan_actions[22m | outfit_startup_casual_masculine_shoes_interact.png[39m[0m
[  96% ] [90m[1m_update_scan_actions[22m | outfit_startup_casual_masculine_shoes_phone.png[39m[0m
[  96% ] [90m[1m_update_scan_actions[22m | outfit_startup_casual_masculine_shoes_sit.png[39m[0m
[  96% ] [90m[1m_update_scan_actions[22m | outfit_startup_casual_masculine_top.png[39m[0m
[  96% ] [90m[1m_update_scan_actions[22m | outfit_startup_casual_masculine_top_carry.png[39m[0m
[  96% ] [90m[1m_update_scan_actions[22m | outfit_startup_casual_masculine_top_idle.png[39m[0m
[  96% ] [90m[1m_update_scan_actions[22m | outfit_startup_casual_masculine_top_interact.png[39m[0m
[  96% ] [90m[1m_update_scan_actions[22m | outfit_startup_casual_masculine_top_phone.png[39m[0m
[  96% ] [90m[1m_update_scan_actions[22m | outfit_startup_casual_masculine_top_sit.png[39m[0m
[  96% ] [90m[1m_update_scan_actions[22m | outfit_startup_casual_neutral_bottom.png[39m[0m
[  96% ] [90m[1m_update_scan_actions[22m | outfit_startup_casual_neutral_bottom_carry.png[39m[0m
[  96% ] [90m[1m_update_scan_actions[22m | outfit_startup_casual_neutral_bottom_idle.png[39m[0m
[  96% ] [90m[1m_update_scan_actions[22m | outfit_startup_casual_neutral_bottom_interact.png[39m[0m
[  96% ] [90m[1m_update_scan_actions[22m | outfit_startup_casual_neutral_bottom_phone.png[39m[0m
[  96% ] [90m[1m_update_scan_actions[22m | outfit_startup_casual_neutral_bottom_sit.png[39m[0m
[  96% ] [90m[1m_update_scan_actions[22m | outfit_startup_casual_neutral_shoes.png[39m[0m
[  96% ] [90m[1m_update_scan_actions[22m | outfit_startup_casual_neutral_shoes_carry.png[39m[0m
[  96% ] [90m[1m_update_scan_actions[22m | outfit_startup_casual_neutral_shoes_idle.png[39m[0m
[  96% ] [90m[1m_update_scan_actions[22m | outfit_startup_casual_neutral_shoes_interact.png[39m[0m
[  96% ] [90m[1m_update_scan_actions[22m | outfit_startup_casual_neutral_shoes_phone.png[39m[0m
[  96% ] [90m[1m_update_scan_actions[22m | outfit_startup_casual_neutral_shoes_sit.png[39m[0m
[  96% ] [90m[1m_update_scan_actions[22m | outfit_startup_casual_neutral_top.png[39m[0m
[  97% ] [90m[1m_update_scan_actions[22m | outfit_startup_casual_neutral_top_carry.png[39m[0m
[  97% ] [90m[1m_update_scan_actions[22m | outfit_startup_casual_neutral_top_idle.png[39m[0m
[  97% ] [90m[1m_update_scan_actions[22m | outfit_startup_casual_neutral_top_interact.png[39m[0m
[  97% ] [90m[1m_update_scan_actions[22m | outfit_startup_casual_neutral_top_phone.png[39m[0m
[  97% ] [90m[1m_update_scan_actions[22m | outfit_startup_casual_neutral_top_sit.png[39m[0m
[  97% ] [90m[1m_update_scan_actions[22m | acc_backpack.png[39m[0m
[  97% ] [90m[1m_update_scan_actions[22m | acc_glasses_round.png[39m[0m
[  97% ] [90m[1m_update_scan_actions[22m | acc_glasses_square.png[39m[0m
[  97% ] [90m[1m_update_scan_actions[22m | brows_arched.png[39m[0m
[  97% ] [90m[1m_update_scan_actions[22m | brows_soft.png[39m[0m
[  97% ] [90m[1m_update_scan_actions[22m | brows_straight.png[39m[0m
[  97% ] [90m[1m_update_scan_actions[22m | brows_thick.png[39m[0m
[  97% ] [90m[1m_update_scan_actions[22m | eyes_almond.png[39m[0m
[  97% ] [90m[1m_update_scan_actions[22m | eyes_detail_almond.png[39m[0m
[  97% ] [90m[1m_update_scan_actions[22m | eyes_detail_narrow.png[39m[0m
[  97% ] [90m[1m_update_scan_actions[22m | eyes_detail_round.png[39m[0m
[  97% ] [90m[1m_update_scan_actions[22m | eyes_detail_wide.png[39m[0m
[  97% ] [90m[1m_update_scan_actions[22m | eyes_narrow.png[39m[0m
[  97% ] [90m[1m_update_scan_actions[22m | eyes_round.png[39m[0m
[  97% ] [90m[1m_update_scan_actions[22m | eyes_wide.png[39m[0m
[  97% ] [90m[1m_update_scan_actions[22m | hair_bob_back.png[39m[0m
[  98% ] [90m[1m_update_scan_actions[22m | hair_bob_front.png[39m[0m
[  98% ] [90m[1m_update_scan_actions[22m | hair_bun_back.png[39m[0m
[  98% ] [90m[1m_update_scan_actions[22m | hair_bun_front.png[39m[0m
[  98% ] [90m[1m_update_scan_actions[22m | hair_buzz_back.png[39m[0m
[  98% ] [90m[1m_update_scan_actions[22m | hair_buzz_front.png[39m[0m
[  98% ] [90m[1m_update_scan_actions[22m | hair_long_back.png[39m[0m
[  98% ] [90m[1m_update_scan_actions[22m | hair_long_front.png[39m[0m
[  98% ] [90m[1m_update_scan_actions[22m | hair_messy_back.png[39m[0m
[  98% ] [90m[1m_update_scan_actions[22m | hair_messy_front.png[39m[0m
[  98% ] [90m[1m_update_scan_actions[22m | hair_ponytail_back.png[39m[0m
[  98% ] [90m[1m_update_scan_actions[22m | hair_ponytail_front.png[39m[0m
[  98% ] [90m[1m_update_scan_actions[22m | hair_short_neat_back.png[39m[0m
[  98% ] [90m[1m_update_scan_actions[22m | hair_short_neat_front.png[39m[0m
[  98% ] [90m[1m_update_scan_actions[22m | hair_side_part_back.png[39m[0m
[  98% ] [90m[1m_update_scan_actions[22m | hair_side_part_front.png[39m[0m
[  98% ] [90m[1m_update_scan_actions[22m | head_heart.png[39m[0m
[  98% ] [90m[1m_update_scan_actions[22m | head_oval.png[39m[0m
[  98% ] [90m[1m_update_scan_actions[22m | head_round.png[39m[0m
[  98% ] [90m[1m_update_scan_actions[22m | head_square.png[39m[0m
[  98% ] [90m[1m_update_scan_actions[22m | iris_almond.png[39m[0m
[  98% ] [90m[1m_update_scan_actions[22m | iris_narrow.png[39m[0m
[  99% ] [90m[1m_update_scan_actions[22m | iris_round.png[39m[0m
[  99% ] [90m[1m_update_scan_actions[22m | iris_wide.png[39m[0m
[  99% ] [90m[1m_update_scan_actions[22m | mouth_grin.png[39m[0m
[  99% ] [90m[1m_update_scan_actions[22m | mouth_neutral.png[39m[0m
[  99% ] [90m[1m_update_scan_actions[22m | mouth_small.png[39m[0m
[  99% ] [90m[1m_update_scan_actions[22m | mouth_smile.png[39m[0m
[  99% ] [90m[1m_update_scan_actions[22m | outfit_barista.png[39m[0m
[  99% ] [90m[1m_update_scan_actions[22m | outfit_barista_detail.png[39m[0m
[  99% ] [90m[1m_update_scan_actions[22m | outfit_business_suit.png[39m[0m
[  99% ] [90m[1m_update_scan_actions[22m | outfit_business_suit_detail.png[39m[0m
[  99% ] [90m[1m_update_scan_actions[22m | outfit_casual_jacket.png[39m[0m
[  99% ] [90m[1m_update_scan_actions[22m | outfit_casual_tee.png[39m[0m
[  99% ] [90m[1m_update_scan_actions[22m | outfit_civic_staff.png[39m[0m
[  99% ] [90m[1m_update_scan_actions[22m | outfit_civic_staff_detail.png[39m[0m
[  99% ] [90m[1m_update_scan_actions[22m | outfit_courier.png[39m[0m
[  99% ] [90m[1m_update_scan_actions[22m | outfit_courier_detail.png[39m[0m
[  99% ] [90m[1m_update_scan_actions[22m | outfit_home.png[39m[0m
[  99% ] [90m[1m_update_scan_actions[22m | outfit_office_professional.png[39m[0m
[  99% ] [90m[1m_update_scan_actions[22m | outfit_startup_casual.png[39m[0m
[92m[ DONE ][39m [1m_update_scan_actions[22m
[0m
[   0% ] [90m[1mreimport[22m | Started （重新）匯入素材 (112 steps)[39m[0m
[   0% ] [90m[1mreimport[22m | 正在準備重新匯入檔案…[39m[0m
[   0% ] [90m[1mreimport[22m | 正在準備重新匯入檔案…[39m[0m
[   1% ] [90m[1mreimport[22m | 正在準備重新匯入檔案…[39m[0m
[   2% ] [90m[1mreimport[22m | 正在準備重新匯入檔案…[39m[0m
[   3% ] [90m[1mreimport[22m | 正在準備重新匯入檔案…[39m[0m
[   4% ] [90m[1mreimport[22m | 正在準備重新匯入檔案…[39m[0m
[   5% ] [90m[1mreimport[22m | 正在準備重新匯入檔案…[39m[0m
[   6% ] [90m[1mreimport[22m | 正在準備重新匯入檔案…[39m[0m
[   7% ] [90m[1mreimport[22m | 正在準備重新匯入檔案…[39m[0m
[   7% ] [90m[1mreimport[22m | 正在準備重新匯入檔案…[39m[0m
[   8% ] [90m[1mreimport[22m | 正在準備重新匯入檔案…[39m[0m
[   9% ] [90m[1mreimport[22m | 正在準備重新匯入檔案…[39m[0m
[  10% ] [90m[1mreimport[22m | 正在準備重新匯入檔案…[39m[0m
[  11% ] [90m[1mreimport[22m | 正在準備重新匯入檔案…[39m[0m
[  12% ] [90m[1mreimport[22m | 正在準備重新匯入檔案…[39m[0m
[  13% ] [90m[1mreimport[22m | 正在準備重新匯入檔案…[39m[0m
[  14% ] [90m[1mreimport[22m | 正在準備重新匯入檔案…[39m[0m
[  15% ] [90m[1mreimport[22m | 正在準備重新匯入檔案…[39m[0m
[  15% ] [90m[1mreimport[22m | 正在準備重新匯入檔案…[39m[0m
[  16% ] [90m[1mreimport[22m | 正在準備重新匯入檔案…[39m[0m
[  17% ] [90m[1mreimport[22m | 正在準備重新匯入檔案…[39m[0m
[  18% ] [90m[1mreimport[22m | 正在準備重新匯入檔案…[39m[0m
[  19% ] [90m[1mreimport[22m | 正在準備重新匯入檔案…[39m[0m
[  20% ] [90m[1mreimport[22m | 正在準備重新匯入檔案…[39m[0m
[  21% ] [90m[1mreimport[22m | 正在準備重新匯入檔案…[39m[0m
[  22% ] [90m[1mreimport[22m | 正在準備重新匯入檔案…[39m[0m
[  23% ] [90m[1mreimport[22m | 正在準備重新匯入檔案…[39m[0m
[  23% ] [90m[1mreimport[22m | 正在準備重新匯入檔案…[39m[0m
[  24% ] [90m[1mreimport[22m | 正在準備重新匯入檔案…[39m[0m
[  25% ] [90m[1mreimport[22m | 正在準備重新匯入檔案…[39m[0m
[  26% ] [90m[1mreimport[22m | 正在準備重新匯入檔案…[39m[0m
[  27% ] [90m[1mreimport[22m | 正在準備重新匯入檔案…[39m[0m
[  28% ] [90m[1mreimport[22m | 正在準備重新匯入檔案…[39m[0m
[  29% ] [90m[1mreimport[22m | 正在準備重新匯入檔案…[39m[0m
[  30% ] [90m[1mreimport[22m | 正在準備重新匯入檔案…[39m[0m
[  30% ] [90m[1mreimport[22m | 正在準備重新匯入檔案…[39m[0m
[  31% ] [90m[1mreimport[22m | 正在準備重新匯入檔案…[39m[0m
[  32% ] [90m[1mreimport[22m | 正在準備重新匯入檔案…[39m[0m
[  33% ] [90m[1mreimport[22m | 正在準備重新匯入檔案…[39m[0m
[  34% ] [90m[1mreimport[22m | 正在準備重新匯入檔案…[39m[0m
[  35% ] [90m[1mreimport[22m | 正在準備重新匯入檔案…[39m[0m
[  36% ] [90m[1mreimport[22m | 正在準備重新匯入檔案…[39m[0m
[  37% ] [90m[1mreimport[22m | 正在準備重新匯入檔案…[39m[0m
[  38% ] [90m[1mreimport[22m | 正在準備重新匯入檔案…[39m[0m
[  38% ] [90m[1mreimport[22m | 正在準備重新匯入檔案…[39m[0m
[  39% ] [90m[1mreimport[22m | 正在準備重新匯入檔案…[39m[0m
[  40% ] [90m[1mreimport[22m | 正在準備重新匯入檔案…[39m[0m
[  41% ] [90m[1mreimport[22m | 正在準備重新匯入檔案…[39m[0m
[  42% ] [90m[1mreimport[22m | 正在準備重新匯入檔案…[39m[0m
[  43% ] [90m[1mreimport[22m | 正在準備重新匯入檔案…[39m[0m
[  44% ] [90m[1mreimport[22m | 正在準備重新匯入檔案…[39m[0m
[  45% ] [90m[1mreimport[22m | 正在準備重新匯入檔案…[39m[0m
[  46% ] [90m[1mreimport[22m | 正在準備重新匯入檔案…[39m[0m
[  46% ] [90m[1mreimport[22m | 正在準備重新匯入檔案…[39m[0m
[  47% ] [90m[1mreimport[22m | 正在準備重新匯入檔案…[39m[0m
[  48% ] [90m[1mreimport[22m | 正在準備重新匯入檔案…[39m[0m
[  49% ] [90m[1mreimport[22m | 正在準備重新匯入檔案…[39m[0m
[  50% ] [90m[1mreimport[22m | 正在準備重新匯入檔案…[39m[0m
[  51% ] [90m[1mreimport[22m | 正在準備重新匯入檔案…[39m[0m
[  52% ] [90m[1mreimport[22m | 正在準備重新匯入檔案…[39m[0m
[  53% ] [90m[1mreimport[22m | 正在準備重新匯入檔案…[39m[0m
[  53% ] [90m[1mreimport[22m | 正在準備重新匯入檔案…[39m[0m
[  54% ] [90m[1mreimport[22m | 正在準備重新匯入檔案…[39m[0m
[  55% ] [90m[1mreimport[22m | 正在準備重新匯入檔案…[39m[0m
[  56% ] [90m[1mreimport[22m | 正在準備重新匯入檔案…[39m[0m
[  57% ] [90m[1mreimport[22m | 正在準備重新匯入檔案…[39m[0m
[  58% ] [90m[1mreimport[22m | 正在準備重新匯入檔案…[39m[0m
[  59% ] [90m[1mreimport[22m | 正在準備重新匯入檔案…[39m[0m
[  60% ] [90m[1mreimport[22m | 正在準備重新匯入檔案…[39m[0m
[  61% ] [90m[1mreimport[22m | 正在準備重新匯入檔案…[39m[0m
[  61% ] [90m[1mreimport[22m | 正在準備重新匯入檔案…[39m[0m
[  62% ] [90m[1mreimport[22m | 正在準備重新匯入檔案…[39m[0m
[  63% ] [90m[1mreimport[22m | 正在準備重新匯入檔案…[39m[0m
[  64% ] [90m[1mreimport[22m | 正在準備重新匯入檔案…[39m[0m
[  65% ] [90m[1mreimport[22m | 正在準備重新匯入檔案…[39m[0m
[  66% ] [90m[1mreimport[22m | 正在準備重新匯入檔案…[39m[0m
[  67% ] [90m[1mreimport[22m | 正在準備重新匯入檔案…[39m[0m
[  68% ] [90m[1mreimport[22m | 正在準備重新匯入檔案…[39m[0m
[  69% ] [90m[1mreimport[22m | 正在準備重新匯入檔案…[39m[0m
[  69% ] [90m[1mreimport[22m | 正在準備重新匯入檔案…[39m[0m
[  70% ] [90m[1mreimport[22m | 正在準備重新匯入檔案…[39m[0m
[  71% ] [90m[1mreimport[22m | 正在準備重新匯入檔案…[39m[0m
[  72% ] [90m[1mreimport[22m | 正在準備重新匯入檔案…[39m[0m
[  73% ] [90m[1mreimport[22m | 正在準備重新匯入檔案…[39m[0m
[  74% ] [90m[1mreimport[22m | 正在準備重新匯入檔案…[39m[0m
[  75% ] [90m[1mreimport[22m | 正在準備重新匯入檔案…[39m[0m
[  76% ] [90m[1mreimport[22m | 正在準備重新匯入檔案…[39m[0m
[  76% ] [90m[1mreimport[22m | 正在準備重新匯入檔案…[39m[0m
[  77% ] [90m[1mreimport[22m | 正在準備重新匯入檔案…[39m[0m
[  78% ] [90m[1mreimport[22m | 正在準備重新匯入檔案…[39m[0m
[  79% ] [90m[1mreimport[22m | 正在準備重新匯入檔案…[39m[0m
[  80% ] [90m[1mreimport[22m | 正在準備重新匯入檔案…[39m[0m
[  81% ] [90m[1mreimport[22m | 正在準備重新匯入檔案…[39m[0m
[  82% ] [90m[1mreimport[22m | 正在準備重新匯入檔案…[39m[0m
[  83% ] [90m[1mreimport[22m | 正在準備重新匯入檔案…[39m[0m
[  84% ] [90m[1mreimport[22m | 正在準備重新匯入檔案…[39m[0m
[  84% ] [90m[1mreimport[22m | 正在準備重新匯入檔案…[39m[0m
[  85% ] [90m[1mreimport[22m | 正在準備重新匯入檔案…[39m[0m
[  86% ] [90m[1mreimport[22m | 正在準備重新匯入檔案…[39m[0m
[  87% ] [90m[1mreimport[22m | 正在準備重新匯入檔案…[39m[0m
[  88% ] [90m[1mreimport[22m | 正在準備重新匯入檔案…[39m[0m
[  89% ] [90m[1mreimport[22m | 正在準備重新匯入檔案…[39m[0m
[  90% ] [90m[1mreimport[22m | 正在準備重新匯入檔案…[39m[0m
[  91% ] [90m[1mreimport[22m | 正在準備重新匯入檔案…[39m[0m
[  92% ] [90m[1mreimport[22m | 正在準備重新匯入檔案…[39m[0m
[  92% ] [90m[1mreimport[22m | 正在準備重新匯入檔案…[39m[0m
[  93% ] [90m[1mreimport[22m | 正在準備重新匯入檔案…[39m[0m
[  94% ] [90m[1mreimport[22m | 正在準備重新匯入檔案…[39m[0m
[  95% ] [90m[1mreimport[22m | 正在準備重新匯入檔案…[39m[0m
[  96% ] [90m[1mreimport[22m | 正在準備重新匯入檔案…[39m[0m
[  97% ] [90m[1mreimport[22m | 正在準備重新匯入檔案…[39m[0m
[  98% ] [90m[1mreimport[22m | 正在準備重新匯入檔案…[39m[0m
[   0% ] [90m[1mreimport[22m | 執行預先重新匯入作業…[39m[0m
[   0% ] [90m[1mreimport[22m | hair_messy_front_interact.png[39m[0m
[   0% ] [90m[1mreimport[22m | hair_messy_front_idle.png[39m[0m
[   1% ] [90m[1mreimport[22m | hair_messy_front_carry.png[39m[0m
[   2% ] [90m[1mreimport[22m | hair_messy_front.png[39m[0m
[   3% ] [90m[1mreimport[22m | hair_long_front_sit.png[39m[0m
[   4% ] [90m[1mreimport[22m | hair_long_front_phone.png[39m[0m
[   5% ] [90m[1mreimport[22m | hair_long_front_interact.png[39m[0m
[   6% ] [90m[1mreimport[22m | hair_long_front_idle.png[39m[0m
[   7% ] [90m[1mreimport[22m | hair_long_front_carry.png[39m[0m
[   7% ] [90m[1mreimport[22m | hair_long_front.png[39m[0m
[   8% ] [90m[1mreimport[22m | hair_buzz_front_sit.png[39m[0m
[   9% ] [90m[1mreimport[22m | hair_buzz_front_phone.png[39m[0m
[  10% ] [90m[1mreimport[22m | hair_buzz_front_interact.png[39m[0m
[  11% ] [90m[1mreimport[22m | hair_buzz_front_idle.png[39m[0m
[  12% ] [90m[1mreimport[22m | hair_buzz_front_carry.png[39m[0m
[  13% ] [90m[1mreimport[22m | hair_buzz_front.png[39m[0m
[  14% ] [90m[1mreimport[22m | hair_bun_front_sit.png[39m[0m
[  15% ] [90m[1mreimport[22m | hair_bun_front_phone.png[39m[0m
[  15% ] [90m[1mreimport[22m | hair_bun_front_interact.png[39m[0m
[  16% ] [90m[1mreimport[22m | hair_bun_front_idle.png[39m[0m
[  17% ] [90m[1mreimport[22m | hair_bun_front_carry.png[39m[0m
[  18% ] [90m[1mreimport[22m | hair_bun_front.png[39m[0m
[  19% ] [90m[1mreimport[22m | hair_bob_front_sit.png[39m[0m
[  20% ] [90m[1mreimport[22m | hair_bob_front_phone.png[39m[0m
[  21% ] [90m[1mreimport[22m | hair_bob_front_interact.png[39m[0m
[  22% ] [90m[1mreimport[22m | hair_bob_front_idle.png[39m[0m
[  23% ] [90m[1mreimport[22m | hair_bob_front_carry.png[39m[0m
[  23% ] [90m[1mreimport[22m | hair_bob_front.png[39m[0m
[  24% ] [90m[1mreimport[22m | hair_side_part_front.png[39m[0m
[  25% ] [90m[1mreimport[22m | hair_short_neat_front.png[39m[0m
[  26% ] [90m[1mreimport[22m | hair_ponytail_front.png[39m[0m
[  27% ] [90m[1mreimport[22m | hair_messy_front.png[39m[0m
[  28% ] [90m[1mreimport[22m | hair_long_front.png[39m[0m
[  29% ] [90m[1mreimport[22m | hair_buzz_front.png[39m[0m
[  30% ] [90m[1mreimport[22m | hair_bun_front.png[39m[0m
[  30% ] [90m[1mreimport[22m | hair_bob_front.png[39m[0m
[  31% ] [90m[1mreimport[22m | hair_side_part_front_sit.png[39m[0m
[  32% ] [90m[1mreimport[22m | hair_side_part_front_phone.png[39m[0m
[  33% ] [90m[1mreimport[22m | hair_side_part_front_interact.png[39m[0m
[  34% ] [90m[1mreimport[22m | hair_side_part_front_idle.png[39m[0m
[  35% ] [90m[1mreimport[22m | hair_side_part_front_carry.png[39m[0m
[  36% ] [90m[1mreimport[22m | hair_side_part_front.png[39m[0m
[  37% ] [90m[1mreimport[22m | hair_short_neat_front_sit.png[39m[0m
[  38% ] [90m[1mreimport[22m | hair_short_neat_front_phone.png[39m[0m
[  38% ] [90m[1mreimport[22m | hair_short_neat_front_interact.png[39m[0m
[  39% ] [90m[1mreimport[22m | hair_short_neat_front_idle.png[39m[0m
[  40% ] [90m[1mreimport[22m | hair_short_neat_front_carry.png[39m[0m
[  41% ] [90m[1mreimport[22m | hair_short_neat_front.png[39m[0m
[  42% ] [90m[1mreimport[22m | hair_ponytail_front_sit.png[39m[0m
[  43% ] [90m[1mreimport[22m | hair_ponytail_front_phone.png[39m[0m
[  44% ] [90m[1mreimport[22m | hair_ponytail_front_interact.png[39m[0m
[  45% ] [90m[1mreimport[22m | hair_ponytail_front_idle.png[39m[0m
[  46% ] [90m[1mreimport[22m | hair_ponytail_front_carry.png[39m[0m
[  46% ] [90m[1mreimport[22m | hair_ponytail_front.png[39m[0m
[  47% ] [90m[1mreimport[22m | hair_messy_front_sit.png[39m[0m
[  48% ] [90m[1mreimport[22m | hair_messy_front_phone.png[39m[0m
[  49% ] [90m[1mreimport[22m | hair_messy_front_interact.png[39m[0m
[  50% ] [90m[1mreimport[22m | hair_messy_front_idle.png[39m[0m
[  51% ] [90m[1mreimport[22m | hair_messy_front_carry.png[39m[0m
[  52% ] [90m[1mreimport[22m | hair_messy_front.png[39m[0m
[  53% ] [90m[1mreimport[22m | hair_long_front_sit.png[39m[0m
[  53% ] [90m[1mreimport[22m | hair_long_front_phone.png[39m[0m
[  54% ] [90m[1mreimport[22m | hair_long_front_interact.png[39m[0m
[  55% ] [90m[1mreimport[22m | hair_long_front_idle.png[39m[0m
[  56% ] [90m[1mreimport[22m | hair_long_front_carry.png[39m[0m
[  57% ] [90m[1mreimport[22m | hair_long_front.png[39m[0m
[  58% ] [90m[1mreimport[22m | hair_buzz_front_sit.png[39m[0m
[  59% ] [90m[1mreimport[22m | hair_buzz_front_phone.png[39m[0m
[  60% ] [90m[1mreimport[22m | hair_buzz_front_interact.png[39m[0m
[  61% ] [90m[1mreimport[22m | hair_buzz_front_idle.png[39m[0m
[  61% ] [90m[1mreimport[22m | hair_buzz_front_carry.png[39m[0m
[  62% ] [90m[1mreimport[22m | hair_buzz_front.png[39m[0m
[  63% ] [90m[1mreimport[22m | hair_bun_front_sit.png[39m[0m
[  64% ] [90m[1mreimport[22m | hair_bun_front_phone.png[39m[0m
[  65% ] [90m[1mreimport[22m | hair_bun_front_interact.png[39m[0m
[  66% ] [90m[1mreimport[22m | hair_bun_front_idle.png[39m[0m
[  67% ] [90m[1mreimport[22m | hair_bun_front_carry.png[39m[0m
[  68% ] [90m[1mreimport[22m | hair_bun_front.png[39m[0m
[  69% ] [90m[1mreimport[22m | hair_bob_front_sit.png[39m[0m
[  69% ] [90m[1mreimport[22m | hair_bob_front_phone.png[39m[0m
[  70% ] [90m[1mreimport[22m | hair_bob_front_interact.png[39m[0m
[  71% ] [90m[1mreimport[22m | hair_bob_front_idle.png[39m[0m
[  72% ] [90m[1mreimport[22m | hair_bob_front_carry.png[39m[0m
[  73% ] [90m[1mreimport[22m | hair_bob_front.png[39m[0m
[  74% ] [90m[1mreimport[22m | hair_side_part_front.png[39m[0m
[  75% ] [90m[1mreimport[22m | hair_short_neat_front.png[39m[0m
[  76% ] [90m[1mreimport[22m | hair_ponytail_front.png[39m[0m
[  76% ] [90m[1mreimport[22m | hair_messy_front.png[39m[0m
[  77% ] [90m[1mreimport[22m | hair_long_front.png[39m[0m
[  78% ] [90m[1mreimport[22m | hair_buzz_front.png[39m[0m
[  79% ] [90m[1mreimport[22m | hair_bun_front.png[39m[0m
[  80% ] [90m[1mreimport[22m | hair_bob_front.png[39m[0m
[  81% ] [90m[1mreimport[22m | hair_side_part_front_sit.png[39m[0m
[  82% ] [90m[1mreimport[22m | hair_side_part_front_phone.png[39m[0m
[  83% ] [90m[1mreimport[22m | hair_side_part_front_interact.png[39m[0m
[  84% ] [90m[1mreimport[22m | hair_side_part_front_idle.png[39m[0m
[  84% ] [90m[1mreimport[22m | hair_side_part_front_carry.png[39m[0m
[  85% ] [90m[1mreimport[22m | hair_side_part_front.png[39m[0m
[  86% ] [90m[1mreimport[22m | hair_short_neat_front_sit.png[39m[0m
[  87% ] [90m[1mreimport[22m | hair_short_neat_front_phone.png[39m[0m
[  88% ] [90m[1mreimport[22m | hair_short_neat_front_interact.png[39m[0m
[  89% ] [90m[1mreimport[22m | hair_short_neat_front_idle.png[39m[0m
[  90% ] [90m[1mreimport[22m | hair_short_neat_front_carry.png[39m[0m
[  91% ] [90m[1mreimport[22m | hair_short_neat_front.png[39m[0m
[  92% ] [90m[1mreimport[22m | hair_ponytail_front_sit.png[39m[0m
[  92% ] [90m[1mreimport[22m | hair_ponytail_front_phone.png[39m[0m
[  93% ] [90m[1mreimport[22m | hair_ponytail_front_interact.png[39m[0m
[  94% ] [90m[1mreimport[22m | hair_ponytail_front_idle.png[39m[0m
[  95% ] [90m[1mreimport[22m | hair_ponytail_front_carry.png[39m[0m
[  96% ] [90m[1mreimport[22m | hair_ponytail_front.png[39m[0m
[  97% ] [90m[1mreimport[22m | hair_messy_front_sit.png[39m[0m
[  98% ] [90m[1mreimport[22m | hair_messy_front_phone.png[39m[0m
[  99% ] [90m[1mreimport[22m | 完成素材匯入...[39m[0m
[92m[ DONE ][39m [1mreimport[22m
[0m
[   0% ] [90m[1mreimport[22m | Started （重新）匯入素材 (112 steps)[39m[0m
[   0% ] [90m[1mreimport[22m | 執行重新匯入後續處理作業…[39m[0m
[92m[ DONE ][39m [1mreimport[22m
[0m
[   0% ] [90m[1mloading_editor_layout[22m | Started 載入編輯器 (5 steps)[39m[0m
[   0% ] [90m[1mloading_editor_layout[22m | 載入編輯器版面配置中…[39m[0m
[92m[ DONE ][39m [1mloading_editor_layout[22m
[0m
