Godot Engine v4.5.1.stable.official.f62fdbde1 - https://godotengine.org

   0.0s STEP Main menu → New Game
   0.9s   (shot main_menu skipped: headless)
   0.9s   click [NewGame] New Game
   2.1s STEP Character Creator
   2.1s   (shot creator_default skipped: headless)
   2.1s   click [Tab_hair] Hair
   2.2s   click [Next_hair] ▶
   2.5s   click [Tab_face] Face
   2.6s   click [Next_face] ▶
   2.6s   click [Next_eye_shape] ▶
   2.6s   click [Tab_body] Body
   2.7s   click [Next_presentation] ▶
   3.1s   (shot creator_customised skipped: headless)
   3.1s   click [Tab_outfit] Outfit
   3.2s   click "Startup Casual"
   3.6s   ok  appearance changed from default (short_neat)
   3.6s   (shot creator_final skipped: headless)
   3.6s   click [Start] Start in Aurelia  →
   3.6s [Sun, Jun 1 2:00 PM] STEP Arrival sequence
   6.1s [Sun, Jun 1 2:00 PM]   (shot arrival_train skipped: headless)
   9.7s [Sun, Jun 1 2:00 PM]   (shot arrival_phone skipped: headless)
  14.8s [Sun, Jun 1 2:01 PM]   ok  spawned in the Riverside apartment
  14.8s [Sun, Jun 1 2:01 PM]   ok  starting cash $30,000
  14.8s [Sun, Jun 1 2:01 PM]   ok  name saved
  16.3s [Sun, Jun 1 2:03 PM]   (shot apartment_arrival skipped: headless)
  16.3s [Sun, Jun 1 2:03 PM] STEP Chapter 1 — phone & Maya
  19.5s [Sun, Jun 1 2:08 PM]   (shot phone_home skipped: headless)
  19.5s [Sun, Jun 1 2:08 PM]   click [App_messages] Messages 2
  20.0s [Sun, Jun 1 2:08 PM]   click [Thread_maya] Maya  ● Call me. Or text. Or whate
  21.9s [Sun, Jun 1 2:08 PM]   choose "› Yeah."
  24.8s [Sun, Jun 1 2:08 PM]   choose "› I'm starting a company."
  29.2s [Sun, Jun 1 2:08 PM]   ok  Maya conversation done
  29.2s [Sun, Jun 1 2:08 PM] STEP Head outside
  32.2s [Sun, Jun 1 2:14 PM]   ok  walked back outside
  32.2s [Sun, Jun 1 2:14 PM]   ok  visited Riverside
  32.2s [Sun, Jun 1 2:14 PM]   (shot riverside_outside_home skipped: headless)
  32.2s [Sun, Jun 1 2:14 PM] STEP Bloom Coffee
  35.5s [Sun, Jun 1 2:19 PM]   ok  entered Bloom Coffee
  35.5s [Sun, Jun 1 2:19 PM]   (shot bloom_coffee_inside skipped: headless)
  36.9s [Sun, Jun 1 2:21 PM]   use "Order coffee ($4.50)"
  38.9s [Sun, Jun 1 2:21 PM]   choose "› Please."
  44.7s [Sun, Jun 1 2:32 PM]   ok  bought a coffee from Jun
  47.4s [Sun, Jun 1 2:37 PM]   ok  walked back outside
  47.4s [Sun, Jun 1 2:37 PM] STEP Walk east to Startup Hub
  48.7s [Sun, Jun 1 2:39 PM]   (shot riverside_street skipped: headless)
  61.4s [Sun, Jun 1 3:10 PM]   ok  walked to Startup Hub
  61.4s [Sun, Jun 1 3:10 PM]   (shot startup_hub_arrive skipped: headless)
  61.4s [Sun, Jun 1 3:10 PM] STEP Nexus Co-work
  65.4s [Sun, Jun 1 3:16 PM]   ok  entered Nexus Co-work
  65.4s [Sun, Jun 1 3:16 PM]   (shot cowork_inside skipped: headless)
  66.7s [Sun, Jun 1 3:18 PM]   use "Reception — desks & day passes"
  69.3s [Sun, Jun 1 3:18 PM]   choose "› Yeah. Just looking."
  74.1s [Sun, Jun 1 3:19 PM]   click [DayPass] Buy a day pass ($15)
  74.9s [Sun, Jun 1 3:20 PM] STEP Business Board
  77.7s [Sun, Jun 1 3:24 PM]   use "Business Board"
  78.4s [Sun, Jun 1 3:25 PM]   (shot business_board skipped: headless)
  78.4s [Sun, Jun 1 3:25 PM]   click [Biz_saas] ● SaaS / Software
  78.8s [Sun, Jun 1 3:26 PM]   (shot business_board_planned_saas skipped: headless)
  78.8s [Sun, Jun 1 3:26 PM]   click [Biz_ecommerce] ● Ecommerce
  78.8s [Sun, Jun 1 3:26 PM]   click [StartEcommerce] Start an ecommerce side business
  80.0s [Sun, Jun 1 3:28 PM]   ok  picked ecommerce as first business
  82.5s [Sun, Jun 1 3:31 PM]   ok  Chapter 1 complete
  82.5s [Sun, Jun 1 3:31 PM] STEP Chapter 2 — buy stock at a hot desk (Company OS)
  86.7s [Sun, Jun 1 3:38 PM]   use "Work at a hot desk — Company OS"
  87.3s [Sun, Jun 1 3:39 PM]   (shot company_os_overview_personal skipped: headless)
  87.3s [Sun, Jun 1 3:39 PM]   click [Tab_operations] Operations
  87.8s [Sun, Jun 1 3:39 PM]   (shot company_os_suppliers skipped: headless)
  87.8s [Sun, Jun 1 3:39 PM]   click [Buy_tradelink_wholesale_wireless_earbuds] Buy $900
  88.2s [Sun, Jun 1 3:50 PM]   click [Buy_tradelink_wholesale_water_bottle] Buy $408
  88.5s [Sun, Jun 1 4:00 PM]   click [Buy_tradelink_wholesale_desk_lamp] Buy $460
  88.9s [Sun, Jun 1 4:11 PM]   click [Buy_tradelink_wholesale_phone_stand] Buy $272
  89.3s [Sun, Jun 1 4:22 PM]   ok  placed purchase orders (MOQ, prepaid): 4 POs, cash $27,940.50
  89.3s [Sun, Jun 1 4:22 PM]   (shot company_os_purchase_orders skipped: headless)
  89.6s [Sun, Jun 1 4:22 PM] STEP Home to wait for stock
  92.8s [Sun, Jun 1 4:28 PM]   ok  walked back outside
  96.8s [Sun, Jun 1 4:46 PM]   ok  walked to Riverside
 112.6s [Sun, Jun 1 5:10 PM]   ok  entered Riverside Tower
 112.6s [Sun, Jun 1 5:10 PM]   (harness) wait 2 h
 115.0s [Sun, Jun 1 7:13 PM]   use "Sleep"
 115.6s [Sun, Jun 1 7:13 PM]   click [Sleep] Sleep until 7:00 AM
 117.4s [Mon, Jun 2 7:00 AM]   (harness) wait 2 h
 118.0s [Mon, Jun 2 9:01 AM]   (harness) wait 2 h
 118.6s [Mon, Jun 2 11:02 AM]   (harness) wait 2 h
 119.2s [Mon, Jun 2 1:03 PM]   (harness) wait 2 h
 119.8s [Mon, Jun 2 3:04 PM]   (harness) wait 2 h
 120.4s [Mon, Jun 2 5:05 PM]   (harness) wait 2 h
 121.1s [Mon, Jun 2 7:06 PM]   use "Sleep"
 121.7s [Mon, Jun 2 7:06 PM]   click [Sleep] Sleep until 7:00 AM
 123.4s [Tue, Jun 3 7:00 AM]   (harness) wait 2 h
 124.0s [Tue, Jun 3 9:01 AM]   (harness) wait 2 h
 124.6s [Tue, Jun 3 11:02 AM]   (harness) wait 2 h
 125.2s [Tue, Jun 3 1:03 PM]   (harness) wait 2 h
 125.8s [Tue, Jun 3 3:04 PM]   ok  stock delivered to the apartment
 126.4s [Tue, Jun 3 3:05 PM]   (shot apartment_with_stock skipped: headless)
 126.4s [Tue, Jun 3 3:05 PM] STEP List products on ShopLane
 129.2s [Tue, Jun 3 3:09 PM]   use "Use laptop — Company OS"
 129.7s [Tue, Jun 3 3:10 PM]   click [Tab_sales] Sales
 130.3s [Tue, Jun 3 3:11 PM]   (shot company_os_sales_ready skipped: headless)
 130.3s [Tue, Jun 3 3:11 PM]   click [ListSelf_wireless_earbuds] Shoot photos myself & list (1 h 20 min)
 130.8s [Tue, Jun 3 4:31 PM]   click [ListSelf_water_bottle] Shoot photos myself & list (1 h 20 min)
 131.2s [Tue, Jun 3 5:52 PM]   click [ListSelf_desk_lamp] Shoot photos myself & list (1 h 20 min)
 131.7s [Tue, Jun 3 7:13 PM]   click [ListSelf_phone_stand] Shoot photos myself & list (1 h 20 min)
 132.1s [Tue, Jun 3 8:33 PM]   click [AdPlus_wireless_earbuds] +
 132.6s [Tue, Jun 3 8:34 PM]   (shot company_os_listings_live skipped: headless)
 132.6s [Tue, Jun 3 8:34 PM]   ok  listings live
 133.0s [Tue, Jun 3 8:34 PM] STEP First order → pack → ship
 136.3s [Tue, Jun 3 8:39 PM]   use "Packing table"
 137.0s [Tue, Jun 3 8:40 PM]   (shot packing_table skipped: headless)
 137.0s [Tue, Jun 3 8:40 PM]   click [Pack] Pack 3 orders (24 min)
 137.8s [Tue, Jun 3 9:14 PM]   click [CourierExpress] Courier · Express 1d ($41.60)
 138.8s [Tue, Jun 3 9:15 PM]   ok  first order came in
 138.8s [Tue, Jun 3 9:15 PM]   ok  handed to the courier (pickup booked)
 138.8s [Tue, Jun 3 9:15 PM] STEP Delivery → first dollar
 142.9s [Tue, Jun 3 9:21 PM]   use "Sleep"
 143.5s [Tue, Jun 3 9:21 PM]   click [Sleep] Sleep until 7:00 AM
 149.3s [Wed, Jun 4 7:07 AM]   use "Packing table"
 150.0s [Wed, Jun 4 7:08 AM]   click [Pack] Pack 2 orders (16 min)
 150.9s [Wed, Jun 4 7:25 AM]   click [CourierExpress] Courier · Express 1d ($23.80)
 151.9s [Wed, Jun 4 7:26 AM]   ok  first order delivered (Earn Your First Dollar)
 151.9s [Wed, Jun 4 7:26 AM]   revenue booked $134.96 · ShopLane balance $121.46 · cash $27,770.80
 151.9s [Wed, Jun 4 7:26 AM]   (shot first_dollar skipped: headless)
 151.9s [Wed, Jun 4 7:26 AM] STEP First customer issue
 151.9s [Wed, Jun 4 7:26 AM]   (harness) wait 2 h
 152.5s [Wed, Jun 4 9:27 AM]   (harness) wait 2 h
 154.7s [Wed, Jun 4 11:31 AM]   use "Packing table"
 155.4s [Wed, Jun 4 11:32 AM]   click [Pack] Pack 3 orders (24 min)
 156.3s [Wed, Jun 4 11:57 AM]   click [CourierExpress] Courier · Express 1d ($39.90)
 157.2s [Wed, Jun 4 11:58 AM]   (harness) wait 2 h
 157.9s [Wed, Jun 4 1:59 PM]   use "Packing table"
 158.6s [Wed, Jun 4 2:00 PM]   click [Pack] Pack 1 order (8 min)
 159.4s [Wed, Jun 4 2:10 PM]   click [CourierExpress] Courier · Express 1d ($18.50)
 160.4s [Wed, Jun 4 2:11 PM]   (harness) wait 2 h
 161.1s [Wed, Jun 4 4:12 PM]   use "Packing table"
 161.8s [Wed, Jun 4 4:13 PM]   click [Pack] Pack 1 order (8 min)
 162.6s [Wed, Jun 4 4:23 PM]   click [CourierExpress] Courier · Express 1d ($18.50)
 163.6s [Wed, Jun 4 4:24 PM]   (harness) wait 2 h
 164.3s [Wed, Jun 4 6:25 PM]   use "Packing table"
 165.0s [Wed, Jun 4 6:26 PM]   click [Pack] Pack 1 order (8 min)
 165.8s [Wed, Jun 4 6:35 PM]   click [CourierExpress] Courier · Express 1d ($14.90)
 166.8s [Wed, Jun 4 6:36 PM]   (harness) wait 2 h
 167.5s [Wed, Jun 4 8:37 PM]   use "Packing table"
 168.2s [Wed, Jun 4 8:38 PM]   click [Pack] Pack 3 orders (24 min)
 169.0s [Wed, Jun 4 9:03 PM]   click [CourierExpress] Courier · Express 1d ($32.70)
 172.6s [Wed, Jun 4 9:08 PM]   use "Sleep"
 173.2s [Wed, Jun 4 9:08 PM]   click [Sleep] Sleep until 7:00 AM
 174.9s [Thu, Jun 5 7:00 AM]   (shot decision_customer_return_first skipped: headless)
 174.9s [Thu, Jun 5 7:00 AM]   decision customer_return_first → replace
 174.9s [Thu, Jun 5 7:00 AM]   click [Choice_replace] Send a replacement (express)
 176.1s [Thu, Jun 5 7:00 AM]   (shot decision_outcome_customer_return_first skipped: headless)
 176.1s [Thu, Jun 5 7:00 AM]   click "OK"
 180.7s [Thu, Jun 5 7:06 AM]   use "Packing table"
 181.4s [Thu, Jun 5 7:07 AM]   click [Pack] Pack 5 orders (40 min)
 182.2s [Thu, Jun 5 7:49 AM]   click [CourierExpress] Courier · Express 1d ($54.10)
 183.2s [Thu, Jun 5 7:50 AM]   ok  resolved the first customer issue
 185.2s [Thu, Jun 5 7:53 AM]   ok  Chapter 2 complete
 185.2s [Thu, Jun 5 7:53 AM] STEP Purchase cancellation
 186.6s [Thu, Jun 5 7:55 AM]   use "Use laptop — Company OS"
 187.2s [Thu, Jun 5 7:56 AM]   click [Tab_operations] Operations
 187.8s [Thu, Jun 5 7:57 AM]   click [Buy_tradelink_wholesale_wireless_earbuds] Buy $900
 188.6s [Thu, Jun 5 8:08 AM]   click [CancelPO_PO-105] Cancel purchase
 189.2s [Thu, Jun 5 8:08 AM]   (shot purchase_cancel_confirmation skipped: headless)
 189.2s [Thu, Jun 5 8:08 AM]   click [ConfirmReturn] Confirm cancellation
 189.8s [Thu, Jun 5 8:08 AM]   ok  extra PO cancelled through UI
 189.8s [Thu, Jun 5 8:08 AM]   ok  cancellation cash equals quoted refund
 189.8s [Thu, Jun 5 8:08 AM]   ok  ledger balanced after purchase cancellation
 190.2s [Thu, Jun 5 8:09 AM]   (shot purchase_cancelled_operations skipped: headless)
 190.5s [Thu, Jun 5 8:09 AM] STEP Chapter 3 — wait for a weekday morning
 193.1s [Thu, Jun 5 8:14 AM]   ok  walked back outside
 193.1s [Thu, Jun 5 8:14 AM] STEP Metro to Civic Center → City Hall
 201.1s [Thu, Jun 5 8:26 AM]   use "Metro — Riverside Station"
 202.0s [Thu, Jun 5 8:28 AM]   (shot metro_civic_center skipped: headless)
 202.0s [Thu, Jun 5 8:28 AM]   click [Go_civic_center] Civic Center  ·  12 min
 203.0s [Thu, Jun 5 8:41 AM]   ok  took the Metro to Civic Center
 203.0s [Thu, Jun 5 8:41 AM]   (shot civic_center skipped: headless)
 210.3s [Thu, Jun 5 9:12 AM]   ok  entered Aurelia City Hall
 210.3s [Thu, Jun 5 9:12 AM]   (shot city_hall_inside skipped: headless)
 211.4s [Thu, Jun 5 9:14 AM]   use "Registration counter"
 213.4s [Thu, Jun 5 9:14 AM]   choose "› I want to register a company."
 215.9s [Thu, Jun 5 9:14 AM]   (shot registration_form skipped: headless)
 215.9s [Thu, Jun 5 9:14 AM]   click [Submit] Register & pay
 216.7s [Thu, Jun 5 10:01 AM]   (shot registration_done skipped: headless)
 216.7s [Thu, Jun 5 10:01 AM]   click "Thanks"
 216.7s [Thu, Jun 5 10:01 AM]   ok  registered Riverlight Goods
 216.7s [Thu, Jun 5 10:01 AM]   (shot decision_low_cash_warning skipped: headless)
 216.7s [Thu, Jun 5 10:01 AM]   decision low_cash_warning → reduce
 216.7s [Thu, Jun 5 10:01 AM]   click [Choice_reduce] Cut spending (pause ads, cheaper living)
 218.0s [Thu, Jun 5 10:01 AM]   (shot decision_outcome_low_cash_warning skipped: headless)
 218.0s [Thu, Jun 5 10:01 AM]   click "OK"
 220.9s [Thu, Jun 5 10:06 AM]   ok  walked back outside
 220.9s [Thu, Jun 5 10:06 AM] STEP Walk to the Financial District → Nexus Bank
 230.3s [Thu, Jun 5 10:26 AM]   ok  walked to Financial District
 234.5s [Thu, Jun 5 10:32 AM]   ok  entered Nexus Bank
 234.5s [Thu, Jun 5 10:32 AM]   (shot bank_inside skipped: headless)
 235.4s [Thu, Jun 5 10:34 AM]   use "Teller — business banking"
 236.1s [Thu, Jun 5 10:35 AM]   click "$15,000"
 236.2s [Thu, Jun 5 10:35 AM]   click [OpenAccount] Open account with $15,000
 237.1s [Thu, Jun 5 11:06 AM]   (shot bank_account_opened skipped: headless)
 237.4s [Thu, Jun 5 11:07 AM]   ok  business account opened with founder capital
 239.7s [Thu, Jun 5 11:11 AM]   ok  walked back outside
 239.7s [Thu, Jun 5 11:11 AM] STEP Metro to Startup Hub → lease Suite 2B
 246.0s [Thu, Jun 5 11:20 AM]   use "Metro — Financial District Station"
 246.9s [Thu, Jun 5 11:22 AM]   (shot metro_startup_hub skipped: headless)
 246.9s [Thu, Jun 5 11:22 AM]   click [Go_startup_hub] Startup Hub  ·  8 min
 247.9s [Thu, Jun 5 11:31 AM]   ok  took the Metro to Startup Hub
 252.9s [Thu, Jun 5 11:39 AM]   ok  entered 22 Founders Lane
 252.9s [Thu, Jun 5 11:39 AM]   (shot suite_2b_tour skipped: headless)
 253.9s [Thu, Jun 5 11:40 AM]   use "Talk to Tom"
 258.3s [Thu, Jun 5 11:40 AM]   click [SignLease] Sign the lease
 259.2s [Thu, Jun 5 11:42 AM]   ok  leased Suite 2B
 259.8s [Thu, Jun 5 11:42 AM]   (shot suite_2b_company_sign skipped: headless)
 259.8s [Thu, Jun 5 11:42 AM] STEP Sit at the desk → Company OS as the company
 260.4s [Thu, Jun 5 11:43 AM]   use "Sit at your desk — Company OS"
 261.6s [Thu, Jun 5 11:45 AM]   (shot company_os_as_company skipped: headless)
 261.6s [Thu, Jun 5 11:45 AM]   click [Tab_finance] Finance
 262.1s [Thu, Jun 5 11:46 AM]   (shot company_os_finance skipped: headless)
 262.1s [Thu, Jun 5 11:46 AM]   click [Tab_inventory] Inventory
 262.6s [Thu, Jun 5 11:47 AM]   (shot company_os_inventory skipped: headless)
 265.9s [Thu, Jun 5 11:52 AM]   ok  Chapter 3 complete
 268.2s [Thu, Jun 5 11:56 AM]   ok  walked back outside
 268.2s [Thu, Jun 5 11:56 AM]   (shot startup_hub_office_sign skipped: headless)
 268.2s [Thu, Jun 5 11:56 AM] STEP Careers — part-time job at Nexus Co-work
 274.6s [Thu, Jun 5 12:06 PM]   ok  entered Nexus Co-work
 276.8s [Thu, Jun 5 12:09 PM]   use "Business Board"
 277.5s [Thu, Jun 5 12:10 PM]   click [Page_jobs] Part-time jobs
 278.0s [Thu, Jun 5 12:11 PM]   (shot business_board_jobs skipped: headless)
 278.0s [Thu, Jun 5 12:11 PM]   click [Job_cowork_host] Details / apply
 278.6s [Thu, Jun 5 12:12 PM]   click [ApplyJob] Take the job
 279.0s [Thu, Jun 5 12:12 PM]   (shot job_hired skipped: headless)
 280.0s [Thu, Jun 5 12:14 PM]   ok  hired as a community host
 282.0s [Thu, Jun 5 12:17 PM]   use "Staff door — work a shift"
 282.7s [Thu, Jun 5 12:18 PM]   (shot job_shift skipped: headless)
 282.7s [Thu, Jun 5 12:18 PM]   click [WorkShift] Start a 4-hour shift (up to +$72.00)
 284.5s [Thu, Jun 5 4:20 PM]   ok  a 4-hour shift paid by how it went ($67.68)
 284.5s [Thu, Jun 5 4:20 PM] STEP Careers — freelance gig at a hot desk
 284.5s [Thu, Jun 5 4:20 PM]   info card: Your first business loop
 284.5s [Thu, Jun 5 4:20 PM]   (shot info_your_first_business_loop skipped: headless)
 284.5s [Thu, Jun 5 4:20 PM]   click "Let's go"
 288.7s [Thu, Jun 5 4:26 PM]   use "Work at a hot desk — Company OS"
 289.3s [Thu, Jun 5 4:27 PM]   click [Tab_freelance] Freelance
 289.7s [Thu, Jun 5 4:27 PM]   click [StartFreelance] Start freelancing
 290.3s [Thu, Jun 5 4:28 PM]   click [Accept_G1] Accept
 290.7s [Thu, Jun 5 4:29 PM]   click [Work_G1] Work 2 h
 291.4s [Thu, Jun 5 6:30 PM]   (shot freelance_gig skipped: headless)
 291.4s [Thu, Jun 5 6:30 PM]   ok  put hours into a freelance gig
 291.4s [Thu, Jun 5 6:30 PM] STEP Careers — start a SaaS product
 291.4s [Thu, Jun 5 6:30 PM]   click [Tab_saas] SaaS
 291.8s [Thu, Jun 5 6:30 PM]   (shot saas_ideas skipped: headless)
 291.8s [Thu, Jun 5 6:30 PM]   click [Saas_freelancer_invoicing] Build this
 292.3s [Thu, Jun 5 6:31 PM]   click [SaasCode] Code for 2 hours
 292.8s [Thu, Jun 5 8:32 PM]   (shot saas_building skipped: headless)
 292.8s [Thu, Jun 5 8:32 PM]   ok  started building a SaaS product (2 dev h)
 296.4s [Thu, Jun 5 8:38 PM]   ok  walked back outside
 296.4s [Thu, Jun 5 8:38 PM] STEP Run the company to month-end
 300.4s [Thu, Jun 5 8:56 PM]   ok  walked to Riverside
 316.2s [Thu, Jun 5 9:20 PM]   ok  entered Riverside Tower
 318.0s [Thu, Jun 5 9:23 PM]   use "Sleep"
 318.6s [Thu, Jun 5 9:23 PM]   click [Sleep] Sleep until 7:00 AM
 324.5s [Fri, Jun 6 7:07 AM]   use "Packing table"
 325.2s [Fri, Jun 6 7:08 AM]   click [Pack] Pack 15 orders (2 h)
 326.0s [Fri, Jun 6 9:09 AM]   click [CourierExpress] Courier · Express 1d ($139.50)
 331.1s [Fri, Jun 6 7:07 PM]   use "Sleep"
 331.7s [Fri, Jun 6 7:07 PM]   click [Sleep] Sleep until 7:00 AM
 337.5s [Sat, Jun 7 7:07 AM]   use "Packing table"
 338.2s [Sat, Jun 7 7:08 AM]   click [Pack] Pack 13 orders (1 h 44 min)
 339.1s [Sat, Jun 7 8:53 AM]   click [CourierExpress] Courier · Express 1d ($132.50)
 342.6s [Sat, Jun 7 7:04 PM]   use "Sleep"
 343.2s [Sat, Jun 7 7:04 PM]   click [Sleep] Sleep until 7:00 AM
 347.4s [Sun, Jun 8 7:04 AM]   use "Packing table"
 348.1s [Sun, Jun 8 7:05 AM]   click [Pack] Pack 10 orders (1 h 20 min)
 348.9s [Sun, Jun 8 8:26 AM]   click [CourierExpress] Courier · Express 1d ($98.60)
 354.0s [Sun, Jun 8 7:06 PM]   use "Sleep"
 354.6s [Sun, Jun 8 7:06 PM]   click [Sleep] Sleep until 7:00 AM
 356.3s [Mon, Jun 9 7:00 AM]   (shot decision_customer_return skipped: headless)
 356.3s [Mon, Jun 9 7:00 AM]   decision customer_return → replace
 356.3s [Mon, Jun 9 7:00 AM]   click [Choice_replace] Send a replacement
 357.6s [Mon, Jun 9 7:00 AM]   (shot decision_outcome_customer_return skipped: headless)
 357.6s [Mon, Jun 9 7:00 AM]   click "OK"
 362.1s [Mon, Jun 9 7:06 AM]   use "Packing table"
 362.8s [Mon, Jun 9 7:07 AM]   click [Pack] Pack 11 orders (1 h 28 min)
 363.7s [Mon, Jun 9 8:37 AM]   click [CourierExpress] Courier · Express 1d ($107.50)
 368.7s [Mon, Jun 9 7:06 PM]   use "Sleep"
 369.3s [Mon, Jun 9 7:06 PM]   click [Sleep] Sleep until 7:00 AM
 371.0s [Tue, Jun 10 7:00 AM]   (shot decision_customer_return skipped: headless)
 371.0s [Tue, Jun 10 7:00 AM]   decision customer_return → replace
 371.0s [Tue, Jun 10 7:00 AM]   click [Choice_replace] Send a replacement
 372.3s [Tue, Jun 10 7:00 AM]   (shot decision_outcome_customer_return skipped: headless)
 372.3s [Tue, Jun 10 7:00 AM]   click "OK"
 376.8s [Tue, Jun 10 7:06 AM]   use "Packing table"
 377.5s [Tue, Jun 10 7:07 AM]   click [Pack] Pack 12 orders (1 h 36 min)
 378.4s [Tue, Jun 10 8:45 AM]   click [CourierExpress] Courier · Express 1d ($116.40)
 383.4s [Tue, Jun 10 7:06 PM]   use "Sleep"
 384.0s [Tue, Jun 10 7:06 PM]   click [Sleep] Sleep until 7:00 AM
 385.7s [Wed, Jun 11 7:00 AM]   (shot decision_customer_return skipped: headless)
 385.7s [Wed, Jun 11 7:00 AM]   decision customer_return → replace
 385.7s [Wed, Jun 11 7:00 AM]   click [Choice_replace] Send a replacement
 387.0s [Wed, Jun 11 7:00 AM]   (shot decision_outcome_customer_return skipped: headless)
 387.0s [Wed, Jun 11 7:00 AM]   click "OK"
 390.0s [Wed, Jun 11 7:04 AM]   use "Packing table"
 390.7s [Wed, Jun 11 7:05 AM]   click [Pack] Pack 16 orders (2 h 8 min)
 391.5s [Wed, Jun 11 9:14 AM]   click [CourierExpress] Courier · Express 1d ($159.20)
 392.5s [Wed, Jun 11 9:15 AM]   (shot decision_supplier_price_increase skipped: headless)
 392.5s [Wed, Jun 11 9:15 AM]   decision supplier_price_increase → accept
 392.5s [Wed, Jun 11 9:15 AM]   click [Choice_accept] Okay. Keep supplying me.
 393.7s [Wed, Jun 11 9:15 AM]   (shot decision_outcome_supplier_price_increase skipped: headless)
 393.7s [Wed, Jun 11 9:15 AM]   click "OK"
 394.2s [Wed, Jun 11 7:00 PM]   (shot decision_viral_mention skipped: headless)
 394.2s [Wed, Jun 11 7:00 PM]   decision viral_mention → ride
 394.2s [Wed, Jun 11 7:00 PM]   click [Choice_ride] Ride it out
 395.4s [Wed, Jun 11 7:00 PM]   (shot decision_outcome_viral_mention skipped: headless)
 395.4s [Wed, Jun 11 7:00 PM]   click "OK"
 400.0s [Wed, Jun 11 7:06 PM]   use "Sleep"
 400.5s [Wed, Jun 11 7:06 PM]   click [Sleep] Sleep until 7:00 AM
 402.3s [Thu, Jun 12 7:00 AM]   (shot decision_customer_return skipped: headless)
 402.3s [Thu, Jun 12 7:00 AM]   decision customer_return → replace
 402.3s [Thu, Jun 12 7:00 AM]   click [Choice_replace] Send a replacement
 403.5s [Thu, Jun 12 7:00 AM]   (shot decision_outcome_customer_return skipped: headless)
 403.5s [Thu, Jun 12 7:00 AM]   click "OK"
 408.1s [Thu, Jun 12 7:06 AM]   use "Packing table"
 408.8s [Thu, Jun 12 7:07 AM]   click [Pack] Pack 17 orders (2 h 16 min)
 409.6s [Thu, Jun 12 9:25 AM]   click [CourierExpress] Courier · Express 1d ($160.90)
 414.7s [Thu, Jun 12 7:06 PM]   use "Sleep"
 415.3s [Thu, Jun 12 7:06 PM]   click [Sleep] Sleep until 7:00 AM
 421.1s [Fri, Jun 13 7:07 AM]   use "Packing table"
 421.8s [Fri, Jun 13 7:08 AM]   click [Pack] Pack 22 orders (2 h 56 min)
 422.7s [Fri, Jun 13 10:05 AM]   click [CourierExpress] Courier · Express 1d ($205.40)
 425.1s [Fri, Jun 13 10:08 AM]   use "Use laptop — Company OS"
 425.7s [Fri, Jun 13 10:09 AM]   click [Tab_operations] Operations
 425.7s [Fri, Jun 13 10:09 AM]   click [DeliverTo_riverside_studio] Riverside Tower, Unit
 425.8s [Fri, Jun 13 10:09 AM]   click [Buy_tradelink_wholesale_wireless_earbuds] Buy $900
 426.3s [Fri, Jun 13 7:00 PM]   (shot decision_customer_return skipped: headless)
 426.3s [Fri, Jun 13 7:00 PM]   decision customer_return → replace
 426.3s [Fri, Jun 13 7:00 PM]   click [Choice_replace] Send a replacement
 427.5s [Fri, Jun 13 7:00 PM]   (shot decision_outcome_customer_return skipped: headless)
 427.5s [Fri, Jun 13 7:00 PM]   click "OK"
 430.9s [Fri, Jun 13 7:04 PM]   use "Sleep"
 431.5s [Fri, Jun 13 7:04 PM]   click [Sleep] Sleep until 7:00 AM
 433.2s [Sat, Jun 14 7:00 AM]   (shot decision_customer_return skipped: headless)
 433.2s [Sat, Jun 14 7:00 AM]   decision customer_return → replace
 433.2s [Sat, Jun 14 7:00 AM]   click [Choice_replace] Send a replacement
 434.5s [Sat, Jun 14 7:00 AM]   (shot decision_outcome_customer_return skipped: headless)
 434.5s [Sat, Jun 14 7:00 AM]   click "OK"
 434.9s [Sat, Jun 14 7:00 AM]   (shot decision_customer_return skipped: headless)
 434.9s [Sat, Jun 14 7:00 AM]   decision customer_return → replace
 434.9s [Sat, Jun 14 7:00 AM]   click [Choice_replace] Send a replacement
 436.2s [Sat, Jun 14 7:00 AM]   (shot decision_outcome_customer_return skipped: headless)
 436.2s [Sat, Jun 14 7:00 AM]   click "OK"
 440.7s [Sat, Jun 14 7:06 AM]   use "Packing table"
 441.4s [Sat, Jun 14 7:07 AM]   click [Pack] Pack 30 orders (4 h)
 442.3s [Sat, Jun 14 11:09 AM]   click [CourierExpress] Courier · Express 1d ($283.80)
 444.7s [Sat, Jun 14 11:12 AM]   use "Use laptop — Company OS"
 445.3s [Sat, Jun 14 11:13 AM]   click [Tab_operations] Operations
 445.3s [Sat, Jun 14 11:13 AM]   click [DeliverTo_riverside_studio] Riverside Tower, Unit
 445.4s [Sat, Jun 14 11:13 AM]   click [Buy_tradelink_wholesale_wireless_earbuds] Buy $900
 448.8s [Sat, Jun 14 7:04 PM]   use "Sleep"
 449.3s [Sat, Jun 14 7:04 PM]   click [Sleep] Sleep until 7:00 AM
 453.6s [Sun, Jun 15 7:04 AM]   use "Packing table"
 454.3s [Sun, Jun 15 7:05 AM]   click [Pack] Pack 9 orders (1 h 12 min)
 455.1s [Sun, Jun 15 8:18 AM]   click [CourierExpress] Courier · Express 1d ($96.90)
 457.5s [Sun, Jun 15 8:21 AM]   use "Use laptop — Company OS"
 458.1s [Sun, Jun 15 8:22 AM]   click [Tab_operations] Operations
 458.2s [Sun, Jun 15 8:22 AM]   click [DeliverTo_riverside_studio] Riverside Tower, Unit
 458.3s [Sun, Jun 15 8:22 AM]   click [Buy_tradelink_wholesale_wireless_earbuds] Buy $900
 460.1s [Sun, Jun 15 7:02 PM]   use "Sleep"
 460.6s [Sun, Jun 15 7:02 PM]   click [Sleep] Sleep until 7:00 AM
 462.4s [Mon, Jun 16 7:00 AM]   (shot decision_customer_return skipped: headless)
 462.4s [Mon, Jun 16 7:00 AM]   decision customer_return → refund
 462.4s [Mon, Jun 16 7:00 AM]   click [Choice_refund] Refund + take it back
 463.6s [Mon, Jun 16 7:00 AM]   (shot decision_outcome_customer_return skipped: headless)
 463.6s [Mon, Jun 16 7:00 AM]   click "OK"
 464.1s [Mon, Jun 16 7:00 AM]   (shot decision_customer_return skipped: headless)
 464.1s [Mon, Jun 16 7:00 AM]   decision customer_return → replace
 464.1s [Mon, Jun 16 7:00 AM]   click [Choice_replace] Send a replacement
 465.3s [Mon, Jun 16 7:00 AM]   (shot decision_outcome_customer_return skipped: headless)
 465.3s [Mon, Jun 16 7:00 AM]   click "OK"
 468.3s [Mon, Jun 16 7:04 AM]   use "Packing table"
 469.0s [Mon, Jun 16 7:05 AM]   click [Pack] Pack 9 orders (1 h 12 min)
 469.8s [Mon, Jun 16 8:18 AM]   click [CourierExpress] Courier · Express 1d ($86.10)
 472.2s [Mon, Jun 16 8:21 AM]   use "Use laptop — Company OS"
 472.8s [Mon, Jun 16 8:22 AM]   click [Tab_operations] Operations
 472.8s [Mon, Jun 16 8:22 AM]   click [DeliverTo_riverside_studio] Riverside Tower, Unit
 472.9s [Mon, Jun 16 8:22 AM]   click [Buy_tradelink_wholesale_water_bottle] Buy $408
 476.3s [Mon, Jun 16 7:04 PM]   use "Sleep"
 476.9s [Mon, Jun 16 7:04 PM]   click [Sleep] Sleep until 7:00 AM
 478.6s [Tue, Jun 17 7:00 AM]   (shot decision_customer_return skipped: headless)
 478.6s [Tue, Jun 17 7:00 AM]   decision customer_return → replace
 478.6s [Tue, Jun 17 7:00 AM]   click [Choice_replace] Send a replacement
 479.9s [Tue, Jun 17 7:00 AM]   (shot decision_outcome_customer_return skipped: headless)
 479.9s [Tue, Jun 17 7:00 AM]   click "OK"
 480.3s [Tue, Jun 17 7:00 AM]   (shot decision_customer_return skipped: headless)
 480.3s [Tue, Jun 17 7:00 AM]   decision customer_return → replace
 480.3s [Tue, Jun 17 7:00 AM]   click [Choice_replace] Send a replacement
 481.6s [Tue, Jun 17 7:00 AM]   (shot decision_outcome_customer_return skipped: headless)
 481.6s [Tue, Jun 17 7:00 AM]   click "OK"
 486.1s [Tue, Jun 17 7:06 AM]   use "Packing table"
 486.8s [Tue, Jun 17 7:07 AM]   click [Pack] Pack 13 orders (1 h 44 min)
 487.6s [Tue, Jun 17 8:53 AM]   click [CourierExpress] Courier · Express 1d ($132.50)
 490.0s [Tue, Jun 17 8:56 AM]   use "Use laptop — Company OS"
 490.6s [Tue, Jun 17 8:57 AM]   click [Tab_operations] Operations
 490.7s [Tue, Jun 17 8:57 AM]   click [DeliverTo_riverside_studio] Riverside Tower, Unit
 490.8s [Tue, Jun 17 8:57 AM]   click [Buy_tradelink_wholesale_water_bottle] Buy $408
 492.6s [Tue, Jun 17 7:02 PM]   use "Sleep"
 493.2s [Tue, Jun 17 7:02 PM]   click [Sleep] Sleep until 7:00 AM
 494.9s [Wed, Jun 18 7:00 AM]   (shot decision_customer_return skipped: headless)
 494.9s [Wed, Jun 18 7:00 AM]   decision customer_return → replace
 494.9s [Wed, Jun 18 7:00 AM]   click [Choice_replace] Send a replacement
 496.1s [Wed, Jun 18 7:00 AM]   (shot decision_outcome_customer_return skipped: headless)
 496.2s [Wed, Jun 18 7:00 AM]   click "OK"
 499.1s [Wed, Jun 18 7:04 AM]   use "Packing table"
 499.8s [Wed, Jun 18 7:05 AM]   click [Pack] Pack 11 orders (1 h 28 min)
 500.6s [Wed, Jun 18 8:34 AM]   click [CourierExpress] Courier · Express 1d ($107.50)
 503.0s [Wed, Jun 18 8:37 AM]   use "Use laptop — Company OS"
 503.6s [Wed, Jun 18 8:38 AM]   click [Tab_operations] Operations
 503.7s [Wed, Jun 18 8:38 AM]   click [DeliverTo_riverside_studio] Riverside Tower, Unit
 503.8s [Wed, Jun 18 8:38 AM]   click [Buy_tradelink_wholesale_water_bottle] Buy $408
 505.5s [Wed, Jun 18 7:02 PM]   use "Sleep"
 506.1s [Wed, Jun 18 7:02 PM]   click [Sleep] Sleep until 7:00 AM
 512.0s [Thu, Jun 19 7:07 AM]   use "Packing table"
 512.7s [Thu, Jun 19 7:08 AM]   click [Pack] Pack 8 orders (1 h 4 min)
 513.5s [Thu, Jun 19 8:13 AM]   click [CourierExpress] Courier · Express 1d ($80.80)
 514.5s [Thu, Jun 19 7:00 PM]   (shot decision_unexpected_large_order skipped: headless)
 514.5s [Thu, Jun 19 7:00 PM]   decision unexpected_large_order → review
 514.5s [Thu, Jun 19 7:00 PM]   click [Choice_review] Send me the contract. I'll look.
 515.7s [Thu, Jun 19 7:00 PM]   (shot decision_outcome_unexpected_large_order skipped: headless)
 515.7s [Thu, Jun 19 7:00 PM]   click "OK"
 520.3s [Thu, Jun 19 7:06 PM]   use "Sleep"
 520.9s [Thu, Jun 19 7:06 PM]   click [Sleep] Sleep until 7:00 AM
 525.1s [Fri, Jun 20 7:04 AM]   use "Packing table"
 525.8s [Fri, Jun 20 7:05 AM]   click [Pack] Pack 12 orders (1 h 36 min)
 526.7s [Fri, Jun 20 8:42 AM]   click [CourierExpress] Courier · Express 1d ($123.60)
 529.1s [Fri, Jun 20 8:45 AM]   use "Use laptop — Company OS"
 529.6s [Fri, Jun 20 8:46 AM]   click [Tab_contracts] Contracts ●
 530.2s [Fri, Jun 20 8:47 AM]   (shot contract_offer skipped: headless)
 530.2s [Fri, Jun 20 8:47 AM]   click [AcceptContract] Accept
 534.0s [Fri, Jun 20 7:05 PM]   use "Sleep"
 534.6s [Fri, Jun 20 7:05 PM]   click [Sleep] Sleep until 7:00 AM
 540.4s [Sat, Jun 21 7:07 AM]   use "Packing table"
 541.1s [Sat, Jun 21 7:08 AM]   click [Pack] Pack 9 orders (1 h 12 min)
 542.0s [Sat, Jun 21 8:21 AM]   click [CourierExpress] Courier · Express 1d ($89.70)
 544.4s [Sat, Jun 21 8:24 AM]   use "Use laptop — Company OS"
 545.0s [Sat, Jun 21 8:25 AM]   click [Tab_contracts] Contracts
 545.4s [Sat, Jun 21 8:26 AM]   click [DeliverContract] Pack & deliver 120 units (B2B freight $40)
 546.0s [Sat, Jun 21 9:57 AM]   (shot contract_delivered skipped: headless)
 546.3s [Sat, Jun 21 9:57 AM]   (shot decision_customer_return skipped: headless)
 546.3s [Sat, Jun 21 9:57 AM]   decision customer_return → replace
 546.3s [Sat, Jun 21 9:57 AM]   click [Choice_replace] Send a replacement
 547.6s [Sat, Jun 21 9:57 AM]   (shot decision_outcome_customer_return skipped: headless)
 547.6s [Sat, Jun 21 9:57 AM]   click "OK"
 548.0s [Sat, Jun 21 12:19 PM]   toast: New review #1204: ★★ "Not great. Feels cheap."
 549.4s [Sat, Jun 21 7:02 PM]   use "Sleep"
 550.0s [Sat, Jun 21 7:02 PM]   click [Sleep] Sleep until 7:00 AM
 555.8s [Sun, Jun 22 7:07 AM]   use "Packing table"
 556.5s [Sun, Jun 22 7:08 AM]   click [Pack] Pack 8 orders (1 h 4 min)
 557.3s [Sun, Jun 22 8:13 AM]   click [CourierExpress] Courier · Express 1d ($84.40)
 562.4s [Sun, Jun 22 7:06 PM]   use "Sleep"
 563.0s [Sun, Jun 22 7:06 PM]   click [Sleep] Sleep until 7:00 AM
 568.8s [Mon, Jun 23 7:07 AM]   use "Packing table"
 569.5s [Mon, Jun 23 7:08 AM]   click [Pack] Pack 15 orders (2 h)
 570.3s [Mon, Jun 23 9:09 AM]   click [CourierExpress] Courier · Express 1d ($161.10)
 575.4s [Mon, Jun 23 7:06 PM]   use "Sleep"
 576.0s [Mon, Jun 23 7:06 PM]   click [Sleep] Sleep until 7:00 AM
 581.8s [Tue, Jun 24 7:07 AM]   use "Packing table"
 582.5s [Tue, Jun 24 7:08 AM]   click [Pack] Pack 4 orders (32 min)
 583.4s [Tue, Jun 24 7:41 AM]   click [CourierExpress] Courier · Express 1d ($41.60)
 588.4s [Tue, Jun 24 7:06 PM]   use "Sleep"
 589.0s [Tue, Jun 24 7:06 PM]   click [Sleep] Sleep until 7:00 AM
 594.9s [Wed, Jun 25 7:07 AM]   use "Packing table"
 595.6s [Wed, Jun 25 7:08 AM]   click [Pack] Pack 2 orders (16 min)
 596.4s [Wed, Jun 25 7:25 AM]   click [CourierExpress] Courier · Express 1d ($23.80)
 597.4s [Wed, Jun 25 7:00 PM]   (shot decision_customer_return skipped: headless)
 597.4s [Wed, Jun 25 7:00 PM]   decision customer_return → replace
 597.4s [Wed, Jun 25 7:00 PM]   click [Choice_replace] Send a replacement
 598.7s [Wed, Jun 25 7:00 PM]   (shot decision_outcome_customer_return skipped: headless)
 598.7s [Wed, Jun 25 7:00 PM]   click "OK"
 601.7s [Wed, Jun 25 7:04 PM]   use "Sleep"
 602.3s [Wed, Jun 25 7:04 PM]   click [Sleep] Sleep until 7:00 AM
 606.5s [Thu, Jun 26 7:04 AM]   use "Packing table"
 607.2s [Thu, Jun 26 7:05 AM]   click [Pack] Pack 6 orders (48 min)
 608.0s [Thu, Jun 26 7:54 AM]   click [CourierExpress] Courier · Express 1d ($59.40)
 613.1s [Thu, Jun 26 7:06 PM]   use "Sleep"
 613.7s [Thu, Jun 26 7:06 PM]   click [Sleep] Sleep until 7:00 AM
 619.5s [Fri, Jun 27 7:07 AM]   use "Packing table"
 620.2s [Fri, Jun 27 7:08 AM]   click [Pack] Pack 10 orders (1 h 20 min)
 621.0s [Fri, Jun 27 8:29 AM]   click [CourierExpress] Courier · Express 1d ($95.00)
 624.5s [Fri, Jun 27 7:04 PM]   use "Sleep"
 625.1s [Fri, Jun 27 7:04 PM]   click [Sleep] Sleep until 7:00 AM
 629.4s [Sat, Jun 28 7:04 AM]   use "Packing table"
 630.1s [Sat, Jun 28 7:05 AM]   click [Pack] Pack 9 orders (1 h 12 min)
 630.9s [Sat, Jun 28 8:18 AM]   click [CourierExpress] Courier · Express 1d ($86.10)
 636.0s [Sat, Jun 28 7:06 PM]   use "Sleep"
 636.6s [Sat, Jun 28 7:06 PM]   click [Sleep] Sleep until 7:00 AM
 642.4s [Sun, Jun 29 7:07 AM]   use "Packing table"
 643.1s [Sun, Jun 29 7:08 AM]   click [Pack] Pack 5 orders (40 min)
 643.9s [Sun, Jun 29 7:49 AM]   click [CourierExpress] Courier · Express 1d ($50.50)
 649.0s [Sun, Jun 29 7:06 PM]   use "Sleep"
 649.6s [Sun, Jun 29 7:06 PM]   click [Sleep] Sleep until 7:00 AM
 655.4s [Mon, Jun 30 7:07 AM]   use "Packing table"
 656.1s [Mon, Jun 30 7:08 AM]   click [Pack] Pack 6 orders (48 min)
 657.0s [Mon, Jun 30 7:57 AM]   click [CourierExpress] Courier · Express 1d ($59.40)
 659.4s [Mon, Jun 30 8:00 AM]   use "Use laptop — Company OS"
 659.9s [Mon, Jun 30 8:01 AM]   click [Tab_operations] Operations
 660.0s [Mon, Jun 30 8:01 AM]   click [DeliverTo_riverside_studio] Riverside Tower, Unit
 660.1s [Mon, Jun 30 8:02 AM]   click [Buy_tradelink_wholesale_water_bottle] Buy $408
 663.5s [Mon, Jun 30 7:05 PM]   use "Sleep"
 664.1s [Mon, Jun 30 7:05 PM]   click [Sleep] Sleep until 7:00 AM
 667.3s [Tue, Jul 1 7:00 AM]   (shot month_close_report skipped: headless)
 667.3s [Tue, Jul 1 7:00 AM]   click [month close] Continue
 671.8s [Tue, Jul 1 7:06 AM]   use "Packing table"
 672.5s [Tue, Jul 1 7:07 AM]   click [Pack] Pack 6 orders (48 min)
 673.4s [Tue, Jul 1 7:57 AM]   click [CourierExpress] Courier · Express 1d ($59.40)
 675.3s [Tue, Jul 1 8:00 AM]   ok  month close ran (June)
 676.7s [Tue, Jul 1 8:02 AM]   use "Use laptop — Company OS"
 677.3s [Tue, Jul 1 8:03 AM]   click [Tab_finance] Finance
 677.9s [Tue, Jul 1 8:03 AM]   (shot company_os_finance_july skipped: headless)
 678.2s [Tue, Jul 1 8:04 AM]   ok  Chapter 4 started after the June close
 678.2s [Tue, Jul 1 8:04 AM] STEP Chapter 4 — register as an employer at City Hall
 680.8s [Tue, Jul 1 8:09 AM]   ok  walked back outside
 690.1s [Tue, Jul 1 8:23 AM]   use "Metro — Riverside Station"
 691.0s [Tue, Jul 1 8:24 AM]   (shot metro_civic_center skipped: headless)
 691.0s [Tue, Jul 1 8:24 AM]   click [Go_civic_center] Civic Center  ·  12 min
 691.9s [Tue, Jul 1 8:37 AM]   ok  took the Metro to Civic Center
 699.2s [Tue, Jul 1 9:18 AM]   ok  entered Aurelia City Hall
 700.9s [Tue, Jul 1 9:21 AM]   use "Permits & regulations"
 701.6s [Tue, Jul 1 9:22 AM]   (shot permits_kiosk skipped: headless)
 701.6s [Tue, Jul 1 9:22 AM]   click [RegisterEmployer] Register ($150)
 702.5s [Tue, Jul 1 9:43 AM]   ok  registered as an employer
 702.5s [Tue, Jul 1 9:43 AM] STEP Chapter 4 — post a job, hire, first payroll
 705.5s [Tue, Jul 1 9:49 AM]   ok  walked back outside
 711.0s [Tue, Jul 1 9:57 AM]   use "Metro — Civic Center Station"
 711.9s [Tue, Jul 1 9:58 AM]   (shot metro_riverside skipped: headless)
 711.9s [Tue, Jul 1 9:58 AM]   click [Go_riverside] Riverside  ·  12 min
 712.8s [Tue, Jul 1 10:12 AM]   ok  took the Metro to Riverside
 721.9s [Tue, Jul 1 10:25 AM]   ok  entered Riverside Tower
 723.3s [Tue, Jul 1 10:27 AM]   use "Use laptop — Company OS"
 723.8s [Tue, Jul 1 10:28 AM]   click [Tab_people] People
 724.4s [Tue, Jul 1 10:29 AM]   (shot people_tab skipped: headless)
 724.4s [Tue, Jul 1 10:29 AM]   click [Post_support] Post job
 725.2s [Tue, Jul 1 10:30 AM]   ok  job ad posted
 725.2s [Tue, Jul 1 10:30 AM]   (harness) wait 2 h
 725.8s [Tue, Jul 1 12:31 PM]   (harness) wait 2 h
 726.4s [Tue, Jul 1 2:32 PM]   (harness) wait 2 h
 730.0s [Tue, Jul 1 4:38 PM]   use "Packing table"
 730.7s [Tue, Jul 1 4:39 PM]   click [Pack] Pack 2 orders (16 min)
 731.6s [Tue, Jul 1 4:56 PM]   click [CourierExpress] Courier · Express 1d ($23.80)
 732.5s [Tue, Jul 1 4:57 PM]   (harness) wait 2 h
 734.8s [Tue, Jul 1 7:01 PM]   use "Packing table"
 735.5s [Tue, Jul 1 7:02 PM]   click [Pack] Pack 1 order (8 min)
 736.4s [Tue, Jul 1 7:11 PM]   click [CourierExpress] Courier · Express 1d ($14.90)
 741.4s [Tue, Jul 1 7:19 PM]   use "Sleep"
 742.0s [Tue, Jul 1 7:19 PM]   click [Sleep] Sleep until 7:00 AM
 747.9s [Wed, Jul 2 7:07 AM]   use "Packing table"
 748.6s [Wed, Jul 2 7:08 AM]   click [Pack] Pack 5 orders (40 min)
 749.4s [Wed, Jul 2 7:49 AM]   click [CourierExpress] Courier · Express 1d ($50.50)
 751.8s [Wed, Jul 2 7:52 AM]   use "Use laptop — Company OS"
 752.4s [Wed, Jul 2 7:53 AM]   click [Tab_people] People
 753.0s [Wed, Jul 2 7:54 AM]   (shot applicants skipped: headless)
 753.0s [Wed, Jul 2 7:54 AM]   click [Hire_E1] Hire
 753.8s [Wed, Jul 2 7:55 AM]   ok  hired the first employee (Yuki Novak)
 756.7s [Wed, Jul 2 7:05 PM]   use "Sleep"
 757.3s [Wed, Jul 2 7:05 PM]   click [Sleep] Sleep until 7:00 AM
 763.1s [Thu, Jul 3 7:07 AM]   use "Packing table"
 763.8s [Thu, Jul 3 7:08 AM]   click [Pack] Pack 5 orders (40 min)
 764.7s [Thu, Jul 3 7:49 AM]   click [CourierExpress] Courier · Express 1d ($50.50)
 769.7s [Thu, Jul 3 7:06 PM]   use "Sleep"
 770.3s [Thu, Jul 3 7:06 PM]   click [Sleep] Sleep until 7:00 AM
 776.2s [Fri, Jul 4 7:07 AM]   use "Packing table"
 776.9s [Fri, Jul 4 7:08 AM]   click [Pack] Pack 6 orders (48 min)
 777.7s [Fri, Jul 4 7:57 AM]   click [CourierExpress] Courier · Express 1d ($59.40)
 778.7s [Fri, Jul 4 7:00 PM]   (shot decision_supplier_price_increase skipped: headless)
 778.7s [Fri, Jul 4 7:00 PM]   decision supplier_price_increase → accept
 778.7s [Fri, Jul 4 7:00 PM]   click [Choice_accept] Okay. Keep supplying me.
 780.0s [Fri, Jul 4 7:00 PM]   (shot decision_outcome_supplier_price_increase skipped: headless)
 780.0s [Fri, Jul 4 7:00 PM]   click "OK"
 784.5s [Fri, Jul 4 7:06 PM]   use "Sleep"
 785.1s [Fri, Jul 4 7:06 PM]   click [Sleep] Sleep until 7:00 AM
 789.3s [Sat, Jul 5 7:04 AM]   use "Packing table"
 790.0s [Sat, Jul 5 7:05 AM]   click [Pack] Pack 10 orders (1 h 20 min)
 790.9s [Sat, Jul 5 8:26 AM]   click [CourierExpress] Courier · Express 1d ($95.00)
 791.8s [Sat, Jul 5 8:27 AM]   ok  first payroll paid
 793.2s [Sat, Jul 5 8:29 AM]   use "Use laptop — Company OS"
 793.8s [Sat, Jul 5 8:30 AM]   click [Tab_finance] Finance
 794.4s [Sat, Jul 5 8:31 AM]   (shot cash_forecast skipped: headless)
 795.7s [Sat, Jul 5 8:33 AM]   ok  Chapter 4 complete
 795.7s [Sat, Jul 5 8:33 AM] STEP Chapter 5 — Crestline's offer
 798.7s [Sat, Jul 5 7:04 PM]   use "Sleep"
 799.3s [Sat, Jul 5 7:04 PM]   click [Sleep] Sleep until 7:00 AM
 805.1s [Sun, Jul 6 7:07 AM]   use "Packing table"
 805.8s [Sun, Jul 6 7:08 AM]   click [Pack] Pack 5 orders (40 min)
 806.7s [Sun, Jul 6 7:49 AM]   click [CourierExpress] Courier · Express 1d ($50.50)
 811.7s [Sun, Jul 6 7:06 PM]   use "Sleep"
 812.3s [Sun, Jul 6 7:06 PM]   click [Sleep] Sleep until 7:00 AM
 818.1s [Mon, Jul 7 7:07 AM]   use "Packing table"
 818.8s [Mon, Jul 7 7:08 AM]   click [Pack] Pack 7 orders (56 min)
 819.7s [Mon, Jul 7 8:05 AM]   click [CourierExpress] Courier · Express 1d ($68.30)
 824.7s [Mon, Jul 7 7:06 PM]   use "Sleep"
 825.3s [Mon, Jul 7 7:06 PM]   click [Sleep] Sleep until 7:00 AM
 831.2s [Tue, Jul 8 7:07 AM]   use "Packing table"
 831.9s [Tue, Jul 8 7:08 AM]   click [Pack] Pack 8 orders (1 h 4 min)
 832.7s [Tue, Jul 8 8:13 AM]   click [CourierExpress] Courier · Express 1d ($77.20)
 837.8s [Tue, Jul 8 7:06 PM]   use "Sleep"
 838.4s [Tue, Jul 8 7:06 PM]   click [Sleep] Sleep until 7:00 AM
 842.6s [Wed, Jul 9 7:04 AM]   use "Packing table"
 843.3s [Wed, Jul 9 7:05 AM]   click [Pack] Pack 4 orders (32 min)
 844.2s [Wed, Jul 9 7:38 AM]   click [CourierExpress] Courier · Express 1d ($41.60)
 849.2s [Wed, Jul 9 7:06 PM]   use "Sleep"
 849.8s [Wed, Jul 9 7:06 PM]   click [Sleep] Sleep until 7:00 AM
 855.7s [Thu, Jul 10 7:07 AM]   use "Packing table"
 856.4s [Thu, Jul 10 7:08 AM]   click [Pack] Pack 3 orders (24 min)
 857.2s [Thu, Jul 10 7:33 AM]   click [CourierExpress] Courier · Express 1d ($32.70)
 859.0s [Thu, Jul 10 7:02 PM]   (shot decision_crestline_big_offer skipped: headless)
 859.0s [Thu, Jul 10 7:02 PM]   decision crestline_big_offer → review
 859.0s [Thu, Jul 10 7:02 PM]   click [Choice_review] Send the contract. I'll review it.
 860.2s [Thu, Jul 10 7:02 PM]   (shot decision_outcome_crestline_big_offer skipped: headless)
 860.2s [Thu, Jul 10 7:02 PM]   click "OK"
 864.0s [Thu, Jul 10 7:07 PM]   use "Sleep"
 864.5s [Thu, Jul 10 7:07 PM]   click [Sleep] Sleep until 7:00 AM
 868.8s [Fri, Jul 11 7:04 AM]   use "Packing table"
 869.5s [Fri, Jul 11 7:05 AM]   click [Pack] Pack 4 orders (32 min)
 870.3s [Fri, Jul 11 7:38 AM]   click [CourierExpress] Courier · Express 1d ($41.60)
 871.3s [Fri, Jul 11 7:39 AM]   ok  Crestline offered the big contract
 872.7s [Fri, Jul 11 7:41 AM]   use "Use laptop — Company OS"
 873.3s [Fri, Jul 11 7:42 AM]   click [Tab_contracts] Contracts ●
 873.8s [Fri, Jul 11 7:43 AM]   (shot big_contract_offer skipped: headless)
 873.8s [Fri, Jul 11 7:43 AM]   click [AcceptContract] Accept
 874.7s [Fri, Jul 11 7:44 AM]   ok  accepted Crestline's contract
 874.7s [Fri, Jul 11 7:44 AM] STEP Chapter 5 — borrow from Marcus Reed at Nexus Bank
 877.3s [Fri, Jul 11 7:49 AM]   ok  walked back outside
 886.6s [Fri, Jul 11 8:03 AM]   use "Metro — Riverside Station"
 887.5s [Fri, Jul 11 8:04 AM]   (shot metro_financial skipped: headless)
 887.5s [Fri, Jul 11 8:04 AM]   click [Go_financial] Financial District  ·  10 min
 888.5s [Fri, Jul 11 8:16 AM]   ok  took the Metro to Financial District
 896.3s [Fri, Jul 11 1:18 PM]   ok  entered Nexus Bank
 897.9s [Fri, Jul 11 1:20 PM]   use "Talk to Marcus Reed"
 901.8s [Fri, Jul 11 1:20 PM]   choose "› Show me what you can do."
 904.6s [Fri, Jul 11 1:20 PM]   (shot loan_offer skipped: headless)
 904.6s [Fri, Jul 11 1:20 PM]   click [Amt_50] $16,000
 904.7s [Fri, Jul 11 1:20 PM]   click [Term_12] 12 months
 904.8s [Fri, Jul 11 1:20 PM]   click [TakeLoan] Borrow $16,000
 904.8s [Fri, Jul 11 1:20 PM]   click [ConfirmLoan] Confirm loan signing
 905.0s [Fri, Jul 11 5:00 PM]   ok  loan signing finishes the same afternoon
 905.5s [Fri, Jul 11 5:00 PM]   (shot loan_taken skipped: headless)
 905.8s [Fri, Jul 11 5:00 PM]   ok  took a Nexus Bank loan (debt $16,000.00)
 905.8s [Fri, Jul 11 5:00 PM] STEP Chapter 5 — order the lamps and deliver
 908.6s [Fri, Jul 11 5:05 PM]   ok  walked back outside
 914.7s [Fri, Jul 11 5:14 PM]   use "Metro — Financial District Station"
 915.6s [Fri, Jul 11 5:16 PM]   (shot metro_riverside skipped: headless)
 915.6s [Fri, Jul 11 5:16 PM]   click [Go_riverside] Riverside  ·  10 min
 916.6s [Fri, Jul 11 5:27 PM]   ok  took the Metro to Riverside
 925.6s [Fri, Jul 11 5:41 PM]   ok  entered Riverside Tower
 927.0s [Fri, Jul 11 5:43 PM]   use "Use laptop — Company OS"
 927.5s [Fri, Jul 11 5:44 PM]   click [Tab_contracts] Contracts
 928.1s [Fri, Jul 11 5:44 PM]   click [FillContract] Order 800 more from TradeLink Wholesale ($9,200)
 928.6s [Fri, Jul 11 5:55 PM]   (shot contract_restock skipped: headless)
 931.8s [Fri, Jul 11 7:04 PM]   use "Sleep"
 932.4s [Fri, Jul 11 7:04 PM]   click [Sleep] Sleep until 7:00 AM
 938.2s [Sat, Jul 12 7:07 AM]   use "Packing table"
 938.9s [Sat, Jul 12 7:08 AM]   click [Pack] Pack 8 orders (1 h 4 min)
 939.7s [Sat, Jul 12 8:13 AM]   click [CourierExpress] Courier · Express 1d ($77.20)
 943.2s [Sat, Jul 12 7:04 PM]   use "Sleep"
 943.8s [Sat, Jul 12 7:04 PM]   click [Sleep] Sleep until 7:00 AM
 949.6s [Sun, Jul 13 7:07 AM]   use "Packing table"
 950.3s [Sun, Jul 13 7:08 AM]   click [Pack] Pack 6 orders (48 min)
 951.2s [Sun, Jul 13 7:57 AM]   click [CourierExpress] Courier · Express 1d ($59.40)
 956.2s [Sun, Jul 13 7:06 PM]   use "Sleep"
 956.8s [Sun, Jul 13 7:06 PM]   click [Sleep] Sleep until 7:00 AM
 962.7s [Mon, Jul 14 7:07 AM]   use "Packing table"
 963.3s [Mon, Jul 14 7:08 AM]   click [Pack] Pack 10 orders (1 h 20 min)
 964.2s [Mon, Jul 14 8:29 AM]   click [CourierExpress] Courier · Express 1d ($95.00)
 966.6s [Mon, Jul 14 8:32 AM]   use "Use laptop — Company OS"
 967.2s [Mon, Jul 14 8:33 AM]   click [Tab_contracts] Contracts
 967.7s [Mon, Jul 14 8:34 AM]   click [DeliverContract] Pack & deliver 800 units (B2B freight $40)
 968.4s [Mon, Jul 14 10:05 AM]   (shot big_contract_delivered skipped: headless)
 968.7s [Mon, Jul 14 10:06 AM]   ok  delivered 800 lamps to Crestline
 969.8s [Mon, Jul 14 10:07 AM]   ok  Chapter 5 complete
 969.8s [Mon, Jul 14 10:07 AM] STEP Chapter 6 — forecast, early payment, month in the black
 969.8s [Mon, Jul 14 10:07 AM]   use "Use laptop — Company OS"
 970.4s [Mon, Jul 14 10:08 AM]   click [Tab_finance] Finance
 971.0s [Mon, Jul 14 10:09 AM]   (shot cash_forecast_ch6 skipped: headless)
 971.0s [Mon, Jul 14 10:09 AM]   click [Tab_contracts] Contracts
 971.4s [Mon, Jul 14 10:10 AM]   click [EarlyPayment] Ask for early payment (−3%: $21,728 now)
 972.0s [Mon, Jul 14 10:11 AM]   (shot early_payment skipped: headless)
 972.3s [Mon, Jul 14 10:11 AM]   ok  Crestline paid early (3% discount)
 975.3s [Mon, Jul 14 7:04 PM]   use "Sleep"
 975.9s [Mon, Jul 14 7:04 PM]   click [Sleep] Sleep until 7:00 AM
 981.7s [Tue, Jul 15 7:07 AM]   use "Packing table"
 982.4s [Tue, Jul 15 7:08 AM]   click [Pack] Pack 6 orders (48 min)
 983.2s [Tue, Jul 15 7:57 AM]   click [CourierExpress] Courier · Express 1d ($59.40)
 984.2s [Tue, Jul 15 7:00 PM]   (shot decision_elena_offer skipped: headless)
 984.2s [Tue, Jul 15 7:00 PM]   decision elena_offer → accept
 984.2s [Tue, Jul 15 7:00 PM]   click [Choice_accept] Take $40,000 for 20%
 985.5s [Tue, Jul 15 7:00 PM]   (shot decision_outcome_elena_offer skipped: headless)
 985.5s [Tue, Jul 15 7:00 PM]   click "OK"
 988.5s [Tue, Jul 15 7:04 PM]   use "Sleep"
 989.1s [Tue, Jul 15 7:04 PM]   click [Sleep] Sleep until 7:00 AM
 994.9s [Wed, Jul 16 7:07 AM]   use "Packing table"
 995.6s [Wed, Jul 16 7:08 AM]   click [Pack] Pack 9 orders (1 h 12 min)
 996.4s [Wed, Jul 16 8:21 AM]   click [CourierExpress] Courier · Express 1d ($86.10)
1001.5s [Wed, Jul 16 7:06 PM]   use "Sleep"
1002.1s [Wed, Jul 16 7:06 PM]   click [Sleep] Sleep until 7:00 AM
1007.9s [Thu, Jul 17 7:07 AM]   use "Packing table"
1008.6s [Thu, Jul 17 7:08 AM]   click [Pack] Pack 7 orders (56 min)
1009.5s [Thu, Jul 17 8:05 AM]   click [CourierExpress] Courier · Express 1d ($68.30)
1014.5s [Thu, Jul 17 7:06 PM]   use "Sleep"
1015.1s [Thu, Jul 17 7:06 PM]   click [Sleep] Sleep until 7:00 AM
1019.4s [Fri, Jul 18 7:04 AM]   use "Packing table"
1020.0s [Fri, Jul 18 7:05 AM]   click [Pack] Pack 3 orders (24 min)
1020.9s [Fri, Jul 18 7:30 AM]   click [CourierExpress] Courier · Express 1d ($32.70)
1025.9s [Fri, Jul 18 7:06 PM]   use "Sleep"
1026.5s [Fri, Jul 18 7:06 PM]   click [Sleep] Sleep until 7:00 AM
1032.4s [Sat, Jul 19 7:07 AM]   use "Packing table"
1033.1s [Sat, Jul 19 7:08 AM]   click [Pack] Pack 7 orders (56 min)
1033.9s [Sat, Jul 19 8:05 AM]   click [CourierExpress] Courier · Express 1d ($68.30)
1039.0s [Sat, Jul 19 7:06 PM]   use "Sleep"
1039.6s [Sat, Jul 19 7:06 PM]   click [Sleep] Sleep until 7:00 AM
1045.4s [Sun, Jul 20 7:07 AM]   use "Packing table"
1046.1s [Sun, Jul 20 7:08 AM]   click [Pack] Pack 3 orders (24 min)
1046.9s [Sun, Jul 20 7:33 AM]   click [CourierExpress] Courier · Express 1d ($32.70)
1052.0s [Sun, Jul 20 7:06 PM]   use "Sleep"
1052.6s [Sun, Jul 20 7:06 PM]   click [Sleep] Sleep until 7:00 AM
1058.4s [Mon, Jul 21 7:07 AM]   use "Packing table"
1059.1s [Mon, Jul 21 7:08 AM]   click [Pack] Pack 8 orders (1 h 4 min)
1059.9s [Mon, Jul 21 8:13 AM]   click [CourierExpress] Courier · Express 1d ($77.20)
1065.0s [Mon, Jul 21 7:06 PM]   use "Sleep"
1065.6s [Mon, Jul 21 7:06 PM]   click [Sleep] Sleep until 7:00 AM
1071.4s [Tue, Jul 22 7:07 AM]   use "Packing table"
1072.1s [Tue, Jul 22 7:08 AM]   click [Pack] Pack 5 orders (40 min)
1073.0s [Tue, Jul 22 7:49 AM]   click [CourierExpress] Courier · Express 1d ($50.50)
1078.0s [Tue, Jul 22 7:06 PM]   use "Sleep"
1078.6s [Tue, Jul 22 7:06 PM]   click [Sleep] Sleep until 7:00 AM
1084.5s [Wed, Jul 23 7:07 AM]   use "Packing table"
1085.2s [Wed, Jul 23 7:08 AM]   click [Pack] Pack 2 orders (16 min)
1086.0s [Wed, Jul 23 7:25 AM]   click [CourierExpress] Courier · Express 1d ($23.80)
1091.1s [Wed, Jul 23 7:06 PM]   use "Sleep"
1091.7s [Wed, Jul 23 7:06 PM]   click [Sleep] Sleep until 7:00 AM
1097.5s [Thu, Jul 24 7:07 AM]   use "Packing table"
1098.2s [Thu, Jul 24 7:08 AM]   click [Pack] Pack 3 orders (24 min)
1099.0s [Thu, Jul 24 7:33 AM]   click [CourierExpress] Courier · Express 1d ($32.70)
1104.1s [Thu, Jul 24 7:06 PM]   use "Sleep"
1104.7s [Thu, Jul 24 7:06 PM]   click [Sleep] Sleep until 7:00 AM
1110.5s [Fri, Jul 25 7:07 AM]   use "Packing table"
1111.2s [Fri, Jul 25 7:08 AM]   click [Pack] Pack 6 orders (48 min)
1112.1s [Fri, Jul 25 7:57 AM]   click [CourierExpress] Courier · Express 1d ($59.40)
1117.1s [Fri, Jul 25 7:06 PM]   use "Sleep"
1117.7s [Fri, Jul 25 7:06 PM]   click [Sleep] Sleep until 7:00 AM
1123.6s [Sat, Jul 26 7:07 AM]   use "Packing table"
1124.3s [Sat, Jul 26 7:08 AM]   click [Pack] Pack 4 orders (32 min)
1125.1s [Sat, Jul 26 7:41 AM]   click [CourierExpress] Courier · Express 1d ($41.60)
1130.1s [Sat, Jul 26 7:06 PM]   use "Sleep"
1130.7s [Sat, Jul 26 7:06 PM]   click [Sleep] Sleep until 7:00 AM
1136.6s [Sun, Jul 27 7:07 AM]   use "Packing table"
1137.2s [Sun, Jul 27 7:08 AM]   click [Pack] Pack 2 orders (16 min)
1138.1s [Sun, Jul 27 7:25 AM]   click [CourierExpress] Courier · Express 1d ($23.80)
1143.1s [Sun, Jul 27 7:06 PM]   use "Sleep"
1143.7s [Sun, Jul 27 7:06 PM]   click [Sleep] Sleep until 7:00 AM
1148.0s [Mon, Jul 28 7:04 AM]   use "Packing table"
1148.7s [Mon, Jul 28 7:05 AM]   click [Pack] Pack 3 orders (24 min)
1149.5s [Mon, Jul 28 7:30 AM]   click [CourierExpress] Courier · Express 1d ($32.70)
1154.6s [Mon, Jul 28 7:06 PM]   use "Sleep"
1155.1s [Mon, Jul 28 7:06 PM]   click [Sleep] Sleep until 7:00 AM
1156.9s [Tue, Jul 29 7:01 PM]   use "Sleep"
1157.5s [Tue, Jul 29 7:01 PM]   click [Sleep] Sleep until 7:00 AM
1159.3s [Wed, Jul 30 7:01 PM]   use "Sleep"
1159.9s [Wed, Jul 30 7:01 PM]   click [Sleep] Sleep until 7:00 AM
1165.8s [Thu, Jul 31 7:07 AM]   use "Packing table"
1166.5s [Thu, Jul 31 7:08 AM]   click [Pack] Pack 1 order (8 min)
1167.3s [Thu, Jul 31 7:17 AM]   click [CourierExpress] Courier · Express 1d ($14.90)
1168.3s [Thu, Jul 31 7:00 PM]   (shot decision_supplier_price_increase skipped: headless)
1168.3s [Thu, Jul 31 7:00 PM]   decision supplier_price_increase → accept
1168.3s [Thu, Jul 31 7:00 PM]   click [Choice_accept] Okay. Keep supplying me.
1169.5s [Thu, Jul 31 7:00 PM]   (shot decision_outcome_supplier_price_increase skipped: headless)
1169.5s [Thu, Jul 31 7:00 PM]   click "OK"
1174.1s [Thu, Jul 31 7:06 PM]   use "Sleep"
1174.7s [Thu, Jul 31 7:06 PM]   click [Sleep] Sleep until 7:00 AM
1177.9s [Fri, Aug 1 7:00 AM]   (shot month_close_report skipped: headless)
1177.9s [Fri, Aug 1 7:00 AM]   click [month close] Continue
1182.5s [Fri, Aug 1 7:06 AM]   use "Packing table"
1183.1s [Fri, Aug 1 7:07 AM]   click [Pack] Pack 1 order (8 min)
1184.0s [Fri, Aug 1 7:16 AM]   click [CourierExpress] Courier · Express 1d ($22.02)
1186.0s [Fri, Aug 1 7:19 AM]   ok  Chapter 6 complete
1186.0s [Fri, Aug 1 7:19 AM]   ok  ledger balanced after chapters 4–6
1186.0s [Fri, Aug 1 7:19 AM]   ok  Chapter 7 started after Chapter 6
1186.0s [Fri, Aug 1 7:19 AM]   ok  Year 3: the Supply Shock
1186.0s [Fri, Aug 1 7:19 AM] STEP Chapter 7 — the news, and Ken's options
1188.3s [Fri, Aug 1 7:23 AM]   ok  walked back outside
1191.6s [Fri, Aug 1 7:28 AM]   ok  entered Bloom Coffee
1193.2s [Fri, Aug 1 7:31 AM]   use "Read the news board"
1193.9s [Fri, Aug 1 7:36 AM]   (shot news_supply_shock skipped: headless)
1194.3s [Fri, Aug 1 7:36 AM]   ok  read the news (supply_shock)
1197.2s [Fri, Aug 1 7:41 AM]   ok  walked back outside
1200.3s [Fri, Aug 1 7:46 AM]   ok  entered Riverside Tower
1202.1s [Fri, Aug 1 7:03 PM]   use "Sleep"
1202.7s [Fri, Aug 1 7:03 PM]   click [Sleep] Sleep until 7:00 AM
1207.1s [Sat, Aug 2 7:04 AM]   use "Packing table"
1207.7s [Sat, Aug 2 7:05 AM]   click [Pack] Pack 4 orders (32 min)
1208.6s [Sat, Aug 2 7:38 AM]   click [CourierExpress] Courier · Express 1d ($70.08)
1212.1s [Sat, Aug 2 7:04 PM]   use "Sleep"
1212.7s [Sat, Aug 2 7:04 PM]   click [Sleep] Sleep until 7:00 AM
1218.5s [Sun, Aug 3 7:07 AM]   use "Packing table"
1219.2s [Sun, Aug 3 7:08 AM]   click [Pack] Pack 3 orders (24 min)
1220.0s [Sun, Aug 3 7:33 AM]   click [CourierExpress] Courier · Express 1d ($54.06)
1221.0s [Sun, Aug 3 7:00 PM]   (shot decision_supply_shock_plan skipped: headless)
1221.0s [Sun, Aug 3 7:00 PM]   decision supply_shock_plan → local
1221.0s [Sun, Aug 3 7:00 PM]   click [Choice_local] Add a local backup: Aurelia Makers Co-op
1222.3s [Sun, Aug 3 7:00 PM]   (shot decision_outcome_supply_shock_plan skipped: headless)
1222.3s [Sun, Aug 3 7:00 PM]   click "OK"
1226.8s [Sun, Aug 3 7:06 PM]   use "Sleep"
1227.4s [Sun, Aug 3 7:06 PM]   click [Sleep] Sleep until 7:00 AM
1233.3s [Mon, Aug 4 7:07 AM]   use "Packing table"
1233.9s [Mon, Aug 4 7:08 AM]   click [Pack] Pack 5 orders (40 min)
1234.8s [Mon, Aug 4 7:49 AM]   click [CourierExpress] Courier · Express 1d ($86.10)
1235.8s [Mon, Aug 4 7:50 AM]   ok  the local co-op is a supplier now
1235.8s [Mon, Aug 4 7:50 AM] STEP Chapter 7 — order from the co-op, raise a price
1237.2s [Mon, Aug 4 7:52 AM]   use "Use laptop — Company OS"
1237.8s [Mon, Aug 4 7:53 AM]   click [Tab_operations] Operations
1238.4s [Mon, Aug 4 7:54 AM]   (shot operations_supply_shock skipped: headless)
1238.4s [Mon, Aug 4 7:54 AM]   click [Buy_aurelia_makers_desk_lamp] Buy $417
1238.9s [Mon, Aug 4 8:05 AM]   click [Buy_aurelia_makers_desk_lamp] Buy $417
1239.4s [Mon, Aug 4 8:16 AM]   click [Buy_aurelia_makers_desk_lamp] Buy $417
1239.9s [Mon, Aug 4 8:26 AM]   click [Buy_aurelia_makers_desk_lamp] Buy $417
1240.4s [Mon, Aug 4 8:37 AM]   click [Tab_sales] Sales
1240.8s [Mon, Aug 4 8:38 AM]   click [PriceUp_desk_lamp] +
1242.3s [Mon, Aug 4 8:40 AM]   ok  stocked and repriced
1245.2s [Mon, Aug 4 7:05 PM]   use "Sleep"
1245.8s [Mon, Aug 4 7:05 PM]   click [Sleep] Sleep until 7:00 AM
1251.6s [Tue, Aug 5 7:07 AM]   use "Packing table"
1252.3s [Tue, Aug 5 7:08 AM]   click [Pack] Pack 3 orders (24 min)
1253.2s [Tue, Aug 5 7:33 AM]   click [CourierExpress] Courier · Express 1d ($54.06)
1258.2s [Tue, Aug 5 7:06 PM]   use "Sleep"
1258.8s [Tue, Aug 5 7:06 PM]   click [Sleep] Sleep until 7:00 AM
1264.7s [Wed, Aug 6 7:07 AM]   use "Packing table"
1265.4s [Wed, Aug 6 7:08 AM]   click [Pack] Pack 1 order (8 min)
1266.2s [Wed, Aug 6 7:17 AM]   click [CourierExpress] Courier · Express 1d ($22.02)
1271.3s [Wed, Aug 6 7:06 PM]   use "Sleep"
1271.8s [Wed, Aug 6 7:06 PM]   click [Sleep] Sleep until 7:00 AM
1275.2s [Thu, Aug 7 7:03 PM]   use "Sleep"
1275.8s [Thu, Aug 7 7:03 PM]   click [Sleep] Sleep until 7:00 AM
1281.7s [Fri, Aug 8 7:07 AM]   use "Packing table"
1282.3s [Fri, Aug 8 7:08 AM]   click [Pack] Pack 1 order (8 min)
1283.2s [Fri, Aug 8 7:17 AM]   click [CourierExpress] Courier · Express 1d ($22.02)
1288.3s [Fri, Aug 8 7:06 PM]   use "Sleep"
1288.8s [Fri, Aug 8 7:06 PM]   click [Sleep] Sleep until 7:00 AM
1294.7s [Sat, Aug 9 7:07 AM]   use "Packing table"
1295.4s [Sat, Aug 9 7:08 AM]   click [Pack] Pack 3 orders (24 min)
1296.2s [Sat, Aug 9 7:33 AM]   click [CourierExpress] Courier · Express 1d ($54.06)
1301.3s [Sat, Aug 9 7:06 PM]   use "Sleep"
1301.9s [Sat, Aug 9 7:06 PM]   click [Sleep] Sleep until 7:00 AM
1305.3s [Sun, Aug 10 7:03 PM]   use "Sleep"
1305.8s [Sun, Aug 10 7:03 PM]   click [Sleep] Sleep until 7:00 AM
1311.7s [Mon, Aug 11 7:07 AM]   use "Packing table"
1312.4s [Mon, Aug 11 7:08 AM]   click [Pack] Pack 1 order (8 min)
1313.2s [Mon, Aug 11 7:17 AM]   click [CourierExpress] Courier · Express 1d ($22.02)
1318.3s [Mon, Aug 11 7:06 PM]   use "Sleep"
1318.9s [Mon, Aug 11 7:06 PM]   click [Sleep] Sleep until 7:00 AM
1322.2s [Tue, Aug 12 7:03 PM]   use "Sleep"
1322.8s [Tue, Aug 12 7:03 PM]   click [Sleep] Sleep until 7:00 AM
1324.6s [Wed, Aug 13 7:01 PM]   use "Sleep"
1325.2s [Wed, Aug 13 7:01 PM]   click [Sleep] Sleep until 7:00 AM
1327.0s [Thu, Aug 14 7:01 PM]   use "Sleep"
1327.6s [Thu, Aug 14 7:01 PM]   click [Sleep] Sleep until 7:00 AM
1329.4s [Fri, Aug 15 7:01 PM]   use "Sleep"
1330.0s [Fri, Aug 15 7:01 PM]   click [Sleep] Sleep until 7:00 AM
1331.8s [Sat, Aug 16 7:01 PM]   use "Sleep"
1332.4s [Sat, Aug 16 7:01 PM]   click [Sleep] Sleep until 7:00 AM
1334.2s [Sun, Aug 17 7:01 PM]   use "Sleep"
1334.8s [Sun, Aug 17 7:01 PM]   click [Sleep] Sleep until 7:00 AM
1336.6s [Mon, Aug 18 7:01 PM]   use "Sleep"
1337.2s [Mon, Aug 18 7:01 PM]   click [Sleep] Sleep until 7:00 AM
1339.0s [Tue, Aug 19 7:01 PM]   use "Sleep"
1339.6s [Tue, Aug 19 7:01 PM]   click [Sleep] Sleep until 7:00 AM
1341.4s [Wed, Aug 20 7:01 PM]   use "Sleep"
1342.0s [Wed, Aug 20 7:01 PM]   click [Sleep] Sleep until 7:00 AM
1343.7s [Thu, Aug 21 7:00 PM]   (shot decision_supplier_price_increase skipped: headless)
1343.7s [Thu, Aug 21 7:00 PM]   decision supplier_price_increase → accept
1343.7s [Thu, Aug 21 7:00 PM]   click [Choice_accept] Okay. Keep supplying me.
1344.9s [Thu, Aug 21 7:00 PM]   (shot decision_outcome_supplier_price_increase skipped: headless)
1344.9s [Thu, Aug 21 7:00 PM]   click "OK"
1345.5s [Thu, Aug 21 7:00 PM]   use "Sleep"
1346.0s [Thu, Aug 21 7:00 PM]   click [Sleep] Sleep until 7:00 AM
1347.8s [Fri, Aug 22 7:01 PM]   use "Sleep"
1348.4s [Fri, Aug 22 7:01 PM]   click [Sleep] Sleep until 7:00 AM
1350.2s [Sat, Aug 23 7:01 PM]   use "Sleep"
1350.8s [Sat, Aug 23 7:01 PM]   click [Sleep] Sleep until 7:00 AM
1354.4s [Sun, Aug 24 7:03 PM]   use "Sleep"
1355.0s [Sun, Aug 24 7:03 PM]   click [Sleep] Sleep until 7:00 AM
1356.8s [Mon, Aug 25 7:01 PM]   use "Sleep"
1357.4s [Mon, Aug 25 7:01 PM]   click [Sleep] Sleep until 7:00 AM
1359.2s [Tue, Aug 26 7:01 PM]   use "Sleep"
1359.8s [Tue, Aug 26 7:01 PM]   click [Sleep] Sleep until 7:00 AM
1361.6s [Wed, Aug 27 7:01 PM]   use "Sleep"
1362.2s [Wed, Aug 27 7:01 PM]   click [Sleep] Sleep until 7:00 AM
1364.0s [Thu, Aug 28 7:01 PM]   use "Sleep"
1364.6s [Thu, Aug 28 7:01 PM]   click [Sleep] Sleep until 7:00 AM
1366.4s [Fri, Aug 29 7:00 PM]   use "Sleep"
1367.0s [Fri, Aug 29 7:01 PM]   click [Sleep] Sleep until 7:00 AM
1368.8s [Sat, Aug 30 7:01 PM]   use "Sleep"
1369.3s [Sat, Aug 30 7:01 PM]   click [Sleep] Sleep until 7:00 AM
1371.2s [Sun, Aug 31 7:01 PM]   use "Sleep"
1371.7s [Sun, Aug 31 7:01 PM]   click [Sleep] Sleep until 7:00 AM
1375.0s [Mon, Sep 1 7:00 AM]   (shot month_close_report skipped: headless)
1375.0s [Mon, Sep 1 7:00 AM]   click [month close] Continue
1375.5s [Mon, Sep 1 7:00 PM]   use "Sleep"
1376.1s [Mon, Sep 1 7:00 PM]   click [Sleep] Sleep until 7:00 AM
1377.9s [Tue, Sep 2 7:01 PM]   use "Sleep"
1378.5s [Tue, Sep 2 7:01 PM]   click [Sleep] Sleep until 7:00 AM
1380.3s [Wed, Sep 3 7:01 PM]   use "Sleep"
1380.8s [Wed, Sep 3 7:01 PM]   click [Sleep] Sleep until 7:00 AM
1382.6s [Thu, Sep 4 7:01 PM]   use "Sleep"
1383.2s [Thu, Sep 4 7:01 PM]   click [Sleep] Sleep until 7:00 AM
1385.0s [Fri, Sep 5 7:01 PM]   use "Sleep"
1385.6s [Fri, Sep 5 7:01 PM]   click [Sleep] Sleep until 7:00 AM
1387.4s [Sat, Sep 6 7:01 PM]   use "Sleep"
1388.0s [Sat, Sep 6 7:01 PM]   click [Sleep] Sleep until 7:00 AM
1389.8s [Sun, Sep 7 7:01 PM]   use "Sleep"
1390.4s [Sun, Sep 7 7:01 PM]   click [Sleep] Sleep until 7:00 AM
1392.2s [Mon, Sep 8 7:01 PM]   use "Sleep"
1392.8s [Mon, Sep 8 7:01 PM]   click [Sleep] Sleep until 7:00 AM
1394.5s [Tue, Sep 9 7:00 PM]   (shot decision_supplier_price_increase skipped: headless)
1394.5s [Tue, Sep 9 7:00 PM]   decision supplier_price_increase → accept
1394.5s [Tue, Sep 9 7:00 PM]   click [Choice_accept] Okay. Keep supplying me.
1395.8s [Tue, Sep 9 7:00 PM]   (shot decision_outcome_supplier_price_increase skipped: headless)
1395.8s [Tue, Sep 9 7:00 PM]   click "OK"
1396.3s [Tue, Sep 9 7:00 PM]   use "Sleep"
1396.9s [Tue, Sep 9 7:00 PM]   click [Sleep] Sleep until 7:00 AM
1398.7s [Wed, Sep 10 7:01 PM]   use "Sleep"
1399.3s [Wed, Sep 10 7:01 PM]   click [Sleep] Sleep until 7:00 AM
1401.1s [Thu, Sep 11 7:01 PM]   use "Sleep"
1401.6s [Thu, Sep 11 7:01 PM]   click [Sleep] Sleep until 7:00 AM
1403.4s [Fri, Sep 12 7:01 PM]   use "Sleep"
1404.0s [Fri, Sep 12 7:01 PM]   click [Sleep] Sleep until 7:00 AM
1405.8s [Sat, Sep 13 7:01 PM]   use "Sleep"
1406.4s [Sat, Sep 13 7:01 PM]   click [Sleep] Sleep until 7:00 AM
1408.2s [Sun, Sep 14 7:01 PM]   use "Sleep"
1408.8s [Sun, Sep 14 7:01 PM]   click [Sleep] Sleep until 7:00 AM
1410.6s [Mon, Sep 15 7:01 PM]   use "Sleep"
1411.2s [Mon, Sep 15 7:01 PM]   click [Sleep] Sleep until 7:00 AM
1413.0s [Tue, Sep 16 7:01 PM]   use "Sleep"
1413.6s [Tue, Sep 16 7:01 PM]   click [Sleep] Sleep until 7:00 AM
1415.4s [Wed, Sep 17 7:01 PM]   use "Sleep"
1416.0s [Wed, Sep 17 7:01 PM]   click [Sleep] Sleep until 7:00 AM
1417.8s [Thu, Sep 18 7:01 PM]   use "Sleep"
1418.4s [Thu, Sep 18 7:01 PM]   click [Sleep] Sleep until 7:00 AM
1420.2s [Fri, Sep 19 7:01 PM]   use "Sleep"
1420.7s [Fri, Sep 19 7:01 PM]   click [Sleep] Sleep until 7:00 AM
1422.5s [Sat, Sep 20 7:01 PM]   use "Sleep"
1423.1s [Sat, Sep 20 7:01 PM]   click [Sleep] Sleep until 7:00 AM
1424.9s [Sun, Sep 21 7:01 PM]   use "Sleep"
1425.5s [Sun, Sep 21 7:01 PM]   click [Sleep] Sleep until 7:00 AM
1427.3s [Mon, Sep 22 7:01 PM]   use "Sleep"
1427.9s [Mon, Sep 22 7:01 PM]   click [Sleep] Sleep until 7:00 AM
1429.7s [Tue, Sep 23 7:01 PM]   use "Sleep"
1430.3s [Tue, Sep 23 7:01 PM]   click [Sleep] Sleep until 7:00 AM
1432.1s [Wed, Sep 24 7:01 PM]   use "Sleep"
1432.7s [Wed, Sep 24 7:01 PM]   click [Sleep] Sleep until 7:00 AM
1434.5s [Thu, Sep 25 7:01 PM]   use "Sleep"
1435.1s [Thu, Sep 25 7:01 PM]   click [Sleep] Sleep until 7:00 AM
1436.9s [Fri, Sep 26 7:01 PM]   use "Sleep"
1437.5s [Fri, Sep 26 7:01 PM]   click [Sleep] Sleep until 7:00 AM
1439.2s [Sat, Sep 27 7:00 PM]   (shot decision_supplier_price_increase skipped: headless)
1439.2s [Sat, Sep 27 7:00 PM]   decision supplier_price_increase → accept
1439.2s [Sat, Sep 27 7:00 PM]   click [Choice_accept] Okay. Keep supplying me.
1440.5s [Sat, Sep 27 7:00 PM]   (shot decision_outcome_supplier_price_increase skipped: headless)
1440.5s [Sat, Sep 27 7:00 PM]   click "OK"
1441.0s [Sat, Sep 27 7:00 PM]   use "Sleep"
1441.6s [Sat, Sep 27 7:00 PM]   click [Sleep] Sleep until 7:00 AM
1443.4s [Sun, Sep 28 7:01 PM]   use "Sleep"
1443.9s [Sun, Sep 28 7:01 PM]   click [Sleep] Sleep until 7:00 AM
1445.7s [Mon, Sep 29 7:01 PM]   use "Sleep"
1446.3s [Mon, Sep 29 7:01 PM]   click [Sleep] Sleep until 7:00 AM
1448.1s [Tue, Sep 30 7:01 PM]   use "Sleep"
1448.7s [Tue, Sep 30 7:01 PM]   click [Sleep] Sleep until 7:00 AM
1452.0s [Wed, Oct 1 7:00 AM]   (shot month_close_report skipped: headless)
1452.0s [Wed, Oct 1 7:00 AM]   click [month close] Continue
1452.4s [Wed, Oct 1 7:00 AM]   ok  Chapter 7 complete
1452.4s [Wed, Oct 1 7:00 AM] STEP Chapter 8 — the Green Shift
1452.4s [Wed, Oct 1 7:00 AM]   ok  Year 4: the Green Shift
1455.6s [Wed, Oct 1 7:06 AM]   ok  walked back outside
1458.9s [Wed, Oct 1 7:11 AM]   ok  entered Bloom Coffee
1460.5s [Wed, Oct 1 7:13 AM]   use "Read the news board"
1461.2s [Wed, Oct 1 7:18 AM]   (shot news_green_shift skipped: headless)
1461.6s [Wed, Oct 1 7:18 AM]   ok  read the news (green_shift)
1464.5s [Wed, Oct 1 7:23 AM]   ok  walked back outside
1467.6s [Wed, Oct 1 7:28 AM]   ok  entered Riverside Tower
1468.9s [Wed, Oct 1 7:30 AM]   use "Use laptop — Company OS"
1469.5s [Wed, Oct 1 7:31 AM]   click [Tab_operations] Operations
1470.1s [Wed, Oct 1 7:32 AM]   click [Packaging_recycled] Recycled paper
1470.5s [Wed, Oct 1 7:32 AM]   click [Buy_verdant_supply_solar_lamp] Buy $504
1470.9s [Wed, Oct 1 7:43 AM]   (shot operations_green skipped: headless)
1471.3s [Wed, Oct 1 7:44 AM]   ok  recycled packaging
1474.0s [Wed, Oct 1 7:04 PM]   use "Sleep"
1474.6s [Wed, Oct 1 7:04 PM]   click [Sleep] Sleep until 7:00 AM
1476.4s [Thu, Oct 2 7:01 PM]   use "Sleep"
1477.0s [Thu, Oct 2 7:01 PM]   click [Sleep] Sleep until 7:00 AM
1478.8s [Fri, Oct 3 7:01 PM]   use "Sleep"
1479.4s [Fri, Oct 3 7:01 PM]   click [Sleep] Sleep until 7:00 AM
1481.2s [Sat, Oct 4 7:01 PM]   use "Sleep"
1481.8s [Sat, Oct 4 7:01 PM]   click [Sleep] Sleep until 7:00 AM
1483.5s [Sun, Oct 5 7:00 AM]   ok  solar desk lamps arrived before listing
1486.1s [Sun, Oct 5 7:04 AM]   use "Use laptop — Company OS"
1486.7s [Sun, Oct 5 7:05 AM]   click [Tab_sales] Sales
1487.3s [Sun, Oct 5 7:06 AM]   click [ListSelf_solar_lamp] Shoot photos myself & list (1 h 20 min)
1488.3s [Sun, Oct 5 8:27 AM]   ok  solar desk lamps listed
1488.3s [Sun, Oct 5 8:27 AM] STEP Chapter 8 — the Green Business Grant at City Hall
1488.3s [Sun, Oct 5 8:27 AM]   (harness) wait 2 h
1488.9s [Sun, Oct 5 10:28 AM]   (harness) wait 2 h
1489.5s [Sun, Oct 5 12:29 PM]   (harness) wait 2 h
1490.1s [Sun, Oct 5 2:30 PM]   (harness) wait 2 h
1490.7s [Sun, Oct 5 4:31 PM]   (harness) wait 2 h
1491.4s [Sun, Oct 5 6:32 PM]   (harness) wait 2 h
1494.5s [Sun, Oct 5 8:36 PM]   use "Sleep"
1495.1s [Sun, Oct 5 8:36 PM]   click [Sleep] Sleep until 7:00 AM
1496.8s [Mon, Oct 6 7:00 AM]   (harness) wait 2 h
1500.5s [Mon, Oct 6 9:07 AM]   ok  walked back outside
1509.8s [Mon, Oct 6 9:21 AM]   use "Metro — Riverside Station"
1510.7s [Mon, Oct 6 9:22 AM]   (shot metro_civic_center skipped: headless)
1510.7s [Mon, Oct 6 9:22 AM]   click [Go_civic_center] Civic Center  ·  12 min
1511.7s [Mon, Oct 6 9:36 AM]   ok  took the Metro to Civic Center
1518.7s [Mon, Oct 6 9:46 AM]   ok  entered Aurelia City Hall
1520.4s [Mon, Oct 6 9:49 AM]   use "Permits & regulations"
1521.1s [Mon, Oct 6 9:50 AM]   (shot green_grant skipped: headless)
1521.1s [Mon, Oct 6 9:50 AM]   click [ApplyGreenGrant] Apply
1521.8s [Mon, Oct 6 10:21 AM]   ok  green grant approved
1522.8s [Mon, Oct 6 10:22 AM]   ok  Chapter 8 complete
1522.8s [Mon, Oct 6 10:22 AM] STEP Chapter 9 — the Clearing Crisis: an import stuck on the wire
1522.8s [Mon, Oct 6 10:22 AM]   ok  Year 5: the Clearing Crisis
1525.8s [Mon, Oct 6 10:28 AM]   ok  walked back outside
1531.3s [Mon, Oct 6 10:36 AM]   use "Metro — Civic Center Station"
1532.2s [Mon, Oct 6 10:37 AM]   (shot metro_riverside skipped: headless)
1532.2s [Mon, Oct 6 10:37 AM]   click [Go_riverside] Riverside  ·  12 min
1533.2s [Mon, Oct 6 10:51 AM]   ok  took the Metro to Riverside
1540.6s [Mon, Oct 6 11:02 AM]   ok  entered Bloom Coffee
1542.2s [Mon, Oct 6 11:04 AM]   use "Read the news board"
1542.9s [Mon, Oct 6 11:09 AM]   (shot news_clearing_crisis skipped: headless)
1543.2s [Mon, Oct 6 11:09 AM]   ok  read the news (clearing_crisis)
1546.1s [Mon, Oct 6 11:14 AM]   ok  walked back outside
1549.3s [Mon, Oct 6 11:19 AM]   ok  entered Riverside Tower
1550.6s [Mon, Oct 6 11:21 AM]   use "Use laptop — Company OS"
1551.2s [Mon, Oct 6 11:22 AM]   click [Tab_operations] Operations
1551.8s [Mon, Oct 6 11:23 AM]   click [Buy_lumina_direct_phone_stand] Buy $884
1552.4s [Mon, Oct 6 11:24 AM]   (shot settlement_choice skipped: headless)
1552.4s [Mon, Oct 6 11:24 AM]   click [Settle_international_wire] Pay this way
1553.3s [Mon, Oct 6 11:25 AM]   ok  import ordered, paid by wire
1553.3s [Mon, Oct 6 11:25 AM] STEP Chapter 9 — Lina Zhao at Nexus Bank
1555.8s [Mon, Oct 6 11:30 AM]   ok  walked back outside
1565.1s [Mon, Oct 6 11:44 AM]   use "Metro — Riverside Station"
1566.0s [Mon, Oct 6 11:45 AM]   (shot metro_financial skipped: headless)
1566.0s [Mon, Oct 6 11:45 AM]   click [Go_financial] Financial District  ·  10 min
1566.9s [Mon, Oct 6 11:57 AM]   ok  took the Metro to Financial District
1574.5s [Mon, Oct 6 12:08 PM]   ok  entered Nexus Bank
1577.1s [Mon, Oct 6 12:12 PM]   use "Talk to Lina Zhao"
1577.7s [Mon, Oct 6 12:12 PM]   (shot lina_intro skipped: headless)
1587.6s [Mon, Oct 6 12:12 PM]   choose "› Set me up with a digital dollar account."
1591.6s [Mon, Oct 6 12:12 PM]   ok  met Lina Zhao
1593.8s [Mon, Oct 6 12:16 PM]   ok  walked back outside
1599.9s [Mon, Oct 6 12:25 PM]   use "Metro — Financial District Station"
1600.8s [Mon, Oct 6 12:26 PM]   (shot metro_riverside skipped: headless)
1600.8s [Mon, Oct 6 12:26 PM]   click [Go_riverside] Riverside  ·  10 min
1601.8s [Mon, Oct 6 12:38 PM]   ok  took the Metro to Riverside
1610.9s [Mon, Oct 6 12:52 PM]   ok  entered Riverside Tower
1612.2s [Mon, Oct 6 12:53 PM]   use "Use laptop — Company OS"
1612.8s [Mon, Oct 6 12:54 PM]   click [Tab_operations] Operations
1613.3s [Mon, Oct 6 12:55 PM]   click [SpeedUp_PO-119] Speed up
1613.9s [Mon, Oct 6 12:56 PM]   (shot settlement_speed_up skipped: headless)
1613.9s [Mon, Oct 6 12:56 PM]   click [Settle_letter_of_credit] Switch
1617.8s [Mon, Oct 6 7:04 PM]   use "Sleep"
1618.4s [Mon, Oct 6 7:04 PM]   click [Sleep] Sleep until 7:00 AM
1620.2s [Tue, Oct 7 7:01 PM]   use "Sleep"
1620.8s [Tue, Oct 7 7:01 PM]   click [Sleep] Sleep until 7:00 AM
1622.6s [Wed, Oct 8 7:01 PM]   use "Sleep"
1623.2s [Wed, Oct 8 7:01 PM]   click [Sleep] Sleep until 7:00 AM
1625.0s [Thu, Oct 9 7:01 PM]   use "Sleep"
1625.6s [Thu, Oct 9 7:01 PM]   click [Sleep] Sleep until 7:00 AM
1627.4s [Fri, Oct 10 7:01 PM]   use "Sleep"
1627.9s [Fri, Oct 10 7:01 PM]   click [Sleep] Sleep until 7:00 AM
1629.8s [Sat, Oct 11 7:01 PM]   use "Sleep"
1630.3s [Sat, Oct 11 7:01 PM]   click [Sleep] Sleep until 7:00 AM
1632.1s [Sun, Oct 12 7:01 PM]   use "Sleep"
1632.7s [Sun, Oct 12 7:01 PM]   click [Sleep] Sleep until 7:00 AM
1634.5s [Mon, Oct 13 7:01 PM]   use "Sleep"
1635.1s [Mon, Oct 13 7:01 PM]   click [Sleep] Sleep until 7:00 AM
1636.9s [Tue, Oct 14 7:01 PM]   use "Sleep"
1637.5s [Tue, Oct 14 7:01 PM]   click [Sleep] Sleep until 7:00 AM
1639.3s [Wed, Oct 15 7:00 PM]   (shot decision_supplier_price_increase skipped: headless)
1639.3s [Wed, Oct 15 7:00 PM]   decision supplier_price_increase → accept
1639.3s [Wed, Oct 15 7:00 PM]   click [Choice_accept] Okay. Keep supplying me.
1640.5s [Wed, Oct 15 7:00 PM]   (shot decision_outcome_supplier_price_increase skipped: headless)
1640.5s [Wed, Oct 15 7:00 PM]   click "OK"
1641.0s [Wed, Oct 15 7:00 PM]   use "Sleep"
1641.6s [Wed, Oct 15 7:00 PM]   click [Sleep] Sleep until 7:00 AM
1643.4s [Thu, Oct 16 7:01 PM]   use "Sleep"
1644.0s [Thu, Oct 16 7:01 PM]   click [Sleep] Sleep until 7:00 AM
1645.8s [Fri, Oct 17 7:01 PM]   use "Sleep"
1646.4s [Fri, Oct 17 7:01 PM]   click [Sleep] Sleep until 7:00 AM
1650.0s [Sat, Oct 18 7:03 PM]   use "Sleep"
1650.6s [Sat, Oct 18 7:03 PM]   click [Sleep] Sleep until 7:00 AM
1652.4s [Sun, Oct 19 7:01 PM]   use "Sleep"
1653.0s [Sun, Oct 19 7:01 PM]   click [Sleep] Sleep until 7:00 AM
1654.8s [Mon, Oct 20 7:01 PM]   use "Sleep"
1655.3s [Mon, Oct 20 7:01 PM]   click [Sleep] Sleep until 7:00 AM
1657.2s [Tue, Oct 21 7:01 PM]   use "Sleep"
1657.7s [Tue, Oct 21 7:01 PM]   click [Sleep] Sleep until 7:00 AM
1659.5s [Wed, Oct 22 7:01 PM]   use "Sleep"
1660.1s [Wed, Oct 22 7:01 PM]   click [Sleep] Sleep until 7:00 AM
1661.9s [Thu, Oct 23 7:01 PM]   use "Sleep"
1662.5s [Thu, Oct 23 7:01 PM]   click [Sleep] Sleep until 7:00 AM
1664.3s [Fri, Oct 24 7:00 AM]   ok  Chapter 9 complete: the import got through
1664.3s [Fri, Oct 24 7:00 AM]   ok  ledger balanced after chapters 7–9
1664.3s [Fri, Oct 24 7:00 AM] STEP Old Town — lease the corner café from Mr. Okafor
1664.3s [Fri, Oct 24 7:00 AM]   (harness) wait 2 h
1668.2s [Fri, Oct 24 9:07 AM]   ok  walked back outside
1675.9s [Fri, Oct 24 9:19 AM]   use "Metro — Riverside Station"
1676.7s [Fri, Oct 24 9:20 AM]   (shot metro_old_town skipped: headless)
1676.7s [Fri, Oct 24 9:20 AM]   click [Go_old_town] Old Town  ·  16 min
1677.8s [Fri, Oct 24 9:38 AM]   ok  took the Metro to Old Town
1677.8s [Fri, Oct 24 9:38 AM]   (shot old_town skipped: headless)
1688.7s [Fri, Oct 24 9:54 AM]   ok  entered Okafor Lettings
1689.2s [Fri, Oct 24 9:55 AM]   use "Talk to Mr. Okafor"
1694.2s [Fri, Oct 24 9:55 AM]   choose "› What was it before?"
1702.0s [Fri, Oct 24 9:56 AM]   (shot cafe_lease skipped: headless)
1702.0s [Fri, Oct 24 9:56 AM]   click [SignLease_corner_cafe] Sign the lease
1702.7s [Fri, Oct 24 9:57 AM]   ok  leased the corner café unit
1704.5s [Fri, Oct 24 10:01 AM]   ok  walked back outside
1704.5s [Fri, Oct 24 10:01 AM]   (shot old_town_storefronts skipped: headless)
1709.6s [Fri, Oct 24 10:08 AM]   ok  entered Corner Café Unit
1710.2s [Fri, Oct 24 10:09 AM]   use "Check the till — Company OS"
1710.8s [Fri, Oct 24 10:10 AM]   click [CafeFitOut] Fit out ($5,800)
1711.2s [Fri, Oct 24 10:11 AM]   click [CafeSupplies_large] 400 cups · $330
1711.6s [Fri, Oct 24 10:11 AM]   (shot cafe_setup skipped: headless)
1711.9s [Fri, Oct 24 10:12 AM]   ok  fit-out under way
1711.9s [Fri, Oct 24 10:12 AM]   ok  coffee supplies ordered
1711.9s [Fri, Oct 24 10:12 AM] STEP Old Town — the food licence at City Hall (walking via Shopping Street)
1713.9s [Fri, Oct 24 10:16 AM]   ok  walked back outside
1721.8s [Fri, Oct 24 10:33 AM]   ok  walked to Shopping Street
1735.2s [Fri, Oct 24 11:01 AM]   ok  walked to Civic Center
1739.4s [Fri, Oct 24 11:08 AM]   ok  entered Aurelia City Hall
1741.1s [Fri, Oct 24 11:10 AM]   use "Permits & regulations"
1741.7s [Fri, Oct 24 11:11 AM]   click [ApplyFoodLicence] Apply
1742.2s [Fri, Oct 24 11:32 AM]   (shot food_licence skipped: headless)
1742.5s [Fri, Oct 24 11:32 AM]   ok  food licence applied for
1745.4s [Fri, Oct 24 11:38 AM]   ok  walked back outside
1750.9s [Fri, Oct 24 11:46 AM]   use "Metro — Civic Center Station"
1751.8s [Fri, Oct 24 11:47 AM]   (shot metro_riverside skipped: headless)
1751.8s [Fri, Oct 24 11:47 AM]   click [Go_riverside] Riverside  ·  12 min
1752.8s [Fri, Oct 24 12:01 PM]   ok  took the Metro to Riverside
1761.9s [Fri, Oct 24 12:14 PM]   ok  entered Riverside Tower
1761.9s [Fri, Oct 24 12:14 PM]   (harness) wait 2 h
1762.5s [Fri, Oct 24 2:15 PM]   (harness) wait 2 h
1763.1s [Fri, Oct 24 4:16 PM]   (harness) wait 2 h
1763.7s [Fri, Oct 24 6:17 PM]   (harness) wait 2 h
1766.1s [Fri, Oct 24 8:21 PM]   use "Sleep"
1766.7s [Fri, Oct 24 8:21 PM]   click [Sleep] Sleep until 7:00 AM
1768.4s [Sat, Oct 25 7:00 AM]   (harness) wait 2 h
1769.0s [Sat, Oct 25 9:01 AM]   (harness) wait 2 h
1769.6s [Sat, Oct 25 11:02 AM]   (harness) wait 2 h
1770.2s [Sat, Oct 25 1:03 PM]   (harness) wait 2 h
1770.8s [Sat, Oct 25 3:04 PM]   (harness) wait 2 h
1771.5s [Sat, Oct 25 5:05 PM]   (harness) wait 2 h
1772.1s [Sat, Oct 25 7:06 PM]   use "Sleep"
1772.7s [Sat, Oct 25 7:06 PM]   click [Sleep] Sleep until 7:00 AM
1774.4s [Sun, Oct 26 7:00 AM]   (harness) wait 2 h
1775.0s [Sun, Oct 26 9:01 AM]   (harness) wait 2 h
1775.7s [Sun, Oct 26 11:02 AM]   (harness) wait 2 h
1776.3s [Sun, Oct 26 1:03 PM]   (harness) wait 2 h
1776.9s [Sun, Oct 26 3:04 PM]   (harness) wait 2 h
1777.5s [Sun, Oct 26 5:05 PM]   (harness) wait 2 h
1778.2s [Sun, Oct 26 7:06 PM]   use "Sleep"
1778.7s [Sun, Oct 26 7:06 PM]   click [Sleep] Sleep until 7:00 AM
1780.5s [Mon, Oct 27 7:00 AM]   ok  fitted out and licensed
1780.5s [Mon, Oct 27 7:00 AM] STEP Old Town — opening day behind your own counter
1783.5s [Mon, Oct 27 7:06 AM]   ok  walked back outside
1792.8s [Mon, Oct 27 7:20 AM]   use "Metro — Riverside Station"
1793.7s [Mon, Oct 27 7:21 AM]   (shot metro_old_town skipped: headless)
1793.7s [Mon, Oct 27 7:21 AM]   click [Go_old_town] Old Town  ·  16 min
1794.7s [Mon, Oct 27 7:39 AM]   ok  took the Metro to Old Town
1802.1s [Mon, Oct 27 7:50 AM]   ok  entered Corner Café Unit
1802.1s [Mon, Oct 27 7:50 AM]   (shot cafe_open skipped: headless)
1803.0s [Mon, Oct 27 7:51 AM]   use "Work the counter (2 h)"
1803.9s [Mon, Oct 27 9:52 AM]   ok  served customers at your own café
1804.3s [Mon, Oct 27 9:52 AM]   use "Check the till — Company OS"
1804.9s [Mon, Oct 27 9:53 AM]   (shot cafe_tab skipped: headless)
1805.2s [Mon, Oct 27 9:54 AM]   ok  ledger balanced after opening the café
1807.4s [Mon, Oct 27 9:58 AM]   ok  walked back outside
1814.8s [Mon, Oct 27 10:09 AM]   use "Metro — Old Town Station"
1815.7s [Mon, Oct 27 10:11 AM]   (shot metro_riverside skipped: headless)
1815.7s [Mon, Oct 27 10:11 AM]   click [Go_riverside] Riverside  ·  16 min
1816.7s [Mon, Oct 27 10:28 AM]   ok  took the Metro to Riverside
1825.8s [Mon, Oct 27 10:42 AM]   ok  entered Riverside Tower
1825.8s [Mon, Oct 27 10:42 AM] STEP Harbor — metro to the docks, a used van from Sam, and Pier 7
1825.8s [Mon, Oct 27 10:42 AM]   ok  actual financing covers the van, bay and working capital
1827.1s [Mon, Oct 27 10:45 AM]   ok  walked back outside
1836.4s [Mon, Oct 27 10:58 AM]   use "Metro — Riverside Station"
1837.3s [Mon, Oct 27 11:00 AM]   (shot metro_harbor skipped: headless)
1837.3s [Mon, Oct 27 11:00 AM]   click [Go_harbor] Harbor  ·  8 min
1838.6s [Mon, Oct 27 11:09 AM]   ok  took the Metro to Harbor
1838.6s [Mon, Oct 27 11:09 AM]   (shot harbor skipped: headless)
1845.4s [Mon, Oct 27 11:20 AM]   (shot harbor_street skipped: headless)
1848.2s [Mon, Oct 27 11:24 AM]   ok  entered Dockside Motors
1848.6s [Mon, Oct 27 11:24 AM]   use "Talk to Sam Okoro"
1853.5s [Mon, Oct 27 11:24 AM]   choose "› What have you got?"
1862.3s [Mon, Oct 27 11:25 AM]   (shot van_dealer skipped: headless)
1862.3s [Mon, Oct 27 11:25 AM]   click [BuyVan] Buy the van ($9,800)
1862.9s [Mon, Oct 27 11:26 AM]   (shot van_bought skipped: headless)
1863.2s [Mon, Oct 27 11:26 AM]   ok  bought the van from Sam
1863.2s [Mon, Oct 27 11:26 AM]   ok  the van is a vehicle expense
1864.9s [Mon, Oct 27 11:30 AM]   ok  walked back outside
1870.6s [Mon, Oct 27 11:38 AM]   ok  entered Pier 7 Warehouse
1874.0s [Mon, Oct 27 11:43 AM]   use "Lettings desk: lease Bay 3"
1874.6s [Mon, Oct 27 11:44 AM]   (shot pier7_lease skipped: headless)
1874.6s [Mon, Oct 27 11:44 AM]   click [SignLease_pier7_warehouse] Sign the lease
1875.4s [Mon, Oct 27 11:45 AM]   ok  leased the Pier 7 bay
1875.4s [Mon, Oct 27 11:45 AM]   ok  Pier 7 is a stock location
1875.8s [Mon, Oct 27 11:46 AM]   (shot pier7_warehouse skipped: headless)
1880.1s [Mon, Oct 27 11:54 AM]   ok  walked back outside
1888.6s [Mon, Oct 27 12:06 PM]   use "Metro — Harbor Station"
1889.5s [Mon, Oct 27 12:08 PM]   (shot metro_riverside skipped: headless)
1889.5s [Mon, Oct 27 12:08 PM]   click [Go_riverside] Riverside  ·  8 min
1890.4s [Mon, Oct 27 12:17 PM]   ok  took the Metro to Riverside
1899.5s [Mon, Oct 27 12:31 PM]   ok  entered Riverside Tower
1899.5s [Mon, Oct 27 12:31 PM] STEP Harbor — the morning's delivery runs
1899.5s [Mon, Oct 27 12:31 PM]   (harness) wait 2 h
1900.1s [Mon, Oct 27 2:32 PM]   (harness) wait 2 h
1900.7s [Mon, Oct 27 4:32 PM]   (harness) wait 2 h
1901.3s [Mon, Oct 27 6:33 PM]   (harness) wait 2 h
1903.7s [Mon, Oct 27 8:37 PM]   use "Sleep"
1904.3s [Mon, Oct 27 8:37 PM]   click [Sleep] Sleep until 7:00 AM
1906.1s [Tue, Oct 28 7:00 AM]   (harness) wait 2 h
1906.7s [Tue, Oct 28 9:01 AM]   ok  runs were posted in the morning
1909.7s [Tue, Oct 28 9:07 AM]   ok  walked back outside
1918.9s [Tue, Oct 28 9:21 AM]   use "Metro — Riverside Station"
1919.8s [Tue, Oct 28 9:22 AM]   (shot metro_harbor skipped: headless)
1919.8s [Tue, Oct 28 9:22 AM]   click [Go_harbor] Harbor  ·  8 min
1920.8s [Tue, Oct 28 9:32 AM]   ok  took the Metro to Harbor
1930.8s [Tue, Oct 28 9:47 AM]   ok  entered Pier 7 Warehouse
1933.5s [Tue, Oct 28 9:51 AM]   use "Sit at the yard office desk — Company OS"
1934.1s [Tue, Oct 28 9:51 AM]   click [Tab_logistics] Logistics
1934.7s [Tue, Oct 28 9:52 AM]   (shot logistics_tab skipped: headless)
1935.2s [Tue, Oct 28 9:53 AM]   (shot logistics_badge_pinned skipped: headless)
1935.2s [Tue, Oct 28 9:53 AM]   click [Tab_logistics] Logistics
1935.6s [Tue, Oct 28 9:54 AM]   ok  delivery runs on the board
1935.6s [Tue, Oct 28 9:54 AM]   click [Accept_R1] Accept
1936.0s [Tue, Oct 28 9:54 AM]   ok  accepted run R1
1936.0s [Tue, Oct 28 9:54 AM]   (shot logistics_accepted skipped: headless)
1936.0s [Tue, Oct 28 9:54 AM]   click [Drive_R1] Drive it
1936.6s [Tue, Oct 28 9:54 AM]   (shot route_game_intro skipped: headless)
1936.6s [Tue, Oct 28 9:54 AM]   click [StartGame] Start
1937.0s [Tue, Oct 28 9:54 AM]   click [Stop_2]
1937.1s [Tue, Oct 28 9:54 AM]   click [Stop_1]
1937.1s [Tue, Oct 28 9:54 AM]   (shot route_game_planning skipped: headless)
1937.1s [Tue, Oct 28 9:54 AM]   click [Stop_5]
1937.2s [Tue, Oct 28 9:54 AM]   click [Stop_6]
1937.2s [Tue, Oct 28 9:54 AM]   click [Stop_4]
1937.3s [Tue, Oct 28 9:54 AM]   click [Stop_3]
1937.6s [Tue, Oct 28 9:54 AM]   (shot route_game_planned skipped: headless)
1937.6s [Tue, Oct 28 9:54 AM]   click [DriveRoute] Drive the route
1938.1s [Tue, Oct 28 9:54 AM]   (shot route_game_results skipped: headless)
1938.1s [Tue, Oct 28 9:54 AM]   click [FinishGame] Continue
1939.0s [Tue, Oct 28 1:37 PM]   ok  the run is done and in the history
1939.0s [Tue, Oct 28 1:37 PM]   ok  the pay was banked as revenue ($151.80 for run R1)
1939.0s [Tue, Oct 28 1:37 PM]   ok  fuel was charged
1939.0s [Tue, Oct 28 1:37 PM]   ok  the best route scored 100%
1939.4s [Tue, Oct 28 1:37 PM]   (shot logistics_tab_paid skipped: headless)
1939.7s [Tue, Oct 28 1:38 PM]   ok  ledger balanced after the first delivery run
1943.6s [Tue, Oct 28 1:45 PM]   ok  walked back outside
1952.1s [Tue, Oct 28 1:57 PM]   use "Metro — Harbor Station"
1953.0s [Tue, Oct 28 1:59 PM]   (shot metro_riverside skipped: headless)
1953.0s [Tue, Oct 28 1:59 PM]   click [Go_riverside] Riverside  ·  8 min
1954.0s [Tue, Oct 28 2:08 PM]   ok  took the Metro to Riverside
1963.1s [Tue, Oct 28 2:22 PM]   ok  entered Riverside Tower
1963.1s [Tue, Oct 28 2:22 PM]   ok  Chapter 10 started after Chapter 9
1963.1s [Tue, Oct 28 2:22 PM]   ok  Year 6: the Digital Finance Boom
1963.1s [Tue, Oct 28 2:22 PM] STEP Chapter 10 — the news, and Lina's escrow offer
1964.4s [Tue, Oct 28 2:25 PM]   ok  walked back outside
1967.7s [Tue, Oct 28 2:30 PM]   ok  entered Bloom Coffee
1969.3s [Tue, Oct 28 2:32 PM]   use "Read the news board"
1970.0s [Tue, Oct 28 2:37 PM]   (shot news_digital_rails skipped: headless)
1970.3s [Tue, Oct 28 2:37 PM]   ok  read the news (digital_rails)
1973.2s [Tue, Oct 28 2:42 PM]   ok  walked back outside
1976.4s [Tue, Oct 28 2:47 PM]   ok  entered Riverside Tower
1977.7s [Tue, Oct 28 2:50 PM]   ok  walked back outside
1986.9s [Tue, Oct 28 3:04 PM]   use "Metro — Riverside Station"
1987.8s [Tue, Oct 28 3:05 PM]   (shot metro_financial skipped: headless)
1987.8s [Tue, Oct 28 3:05 PM]   click [Go_financial] Financial District  ·  10 min
1988.8s [Tue, Oct 28 3:17 PM]   ok  took the Metro to Financial District
1996.4s [Tue, Oct 28 3:28 PM]   ok  entered Nexus Bank
1998.9s [Tue, Oct 28 3:32 PM]   use "Talk to Lina Zhao"
1999.6s [Tue, Oct 28 3:32 PM]   (shot lina_rails skipped: headless)
2009.5s [Tue, Oct 28 3:32 PM]   choose "› What's the catch?"
2016.1s [Tue, Oct 28 3:34 PM]   ok  the '!' badge for escrow pins its card
2016.1s [Tue, Oct 28 3:34 PM]   (shot badge_escrow_pinned skipped: headless)
2016.3s [Tue, Oct 28 3:34 PM]   (shot decision_escrow_offer skipped: headless)
2016.3s [Tue, Oct 28 3:34 PM]   decision escrow_offer → try
2016.3s [Tue, Oct 28 3:34 PM]   click [Choice_try] Open an escrow account
2017.6s [Tue, Oct 28 3:34 PM]   (shot decision_outcome_escrow_offer skipped: headless)
2017.6s [Tue, Oct 28 3:34 PM]   click "OK"
2018.0s [Tue, Oct 28 3:34 PM]   ok  opened an escrow account
2018.0s [Tue, Oct 28 3:34 PM] STEP Chapter 10 — an import paid through escrow
2020.2s [Tue, Oct 28 3:39 PM]   ok  walked back outside
2026.3s [Tue, Oct 28 3:48 PM]   use "Metro — Financial District Station"
2027.2s [Tue, Oct 28 3:49 PM]   (shot metro_riverside skipped: headless)
2027.2s [Tue, Oct 28 3:49 PM]   click [Go_riverside] Riverside  ·  10 min
2028.2s [Tue, Oct 28 4:00 PM]   ok  took the Metro to Riverside
2037.2s [Tue, Oct 28 4:14 PM]   ok  entered Riverside Tower
2038.6s [Tue, Oct 28 4:16 PM]   use "Use laptop — Company OS"
2039.2s [Tue, Oct 28 4:17 PM]   click [Tab_operations] Operations
2039.7s [Tue, Oct 28 4:18 PM]   click [Buy_lumina_direct_phone_stand] Buy $864
2040.4s [Tue, Oct 28 4:19 PM]   (shot settlement_escrow skipped: headless)
2040.4s [Tue, Oct 28 4:19 PM]   click [Settle_escrow] Pay this way
2041.0s [Tue, Oct 28 5:00 PM]   toast: Riverlight Goods Café stayed shut today: nobody was behind the counter. Hire a barista (People tab) or work the counter yourself.
2041.0s [Tue, Oct 28 6:30 PM]   click [Tab_finance] Finance
2041.1s [Tue, Oct 28 6:30 PM]   click [Tab_operations] Operations
2046.1s [Tue, Oct 28 6:37 PM]   (shot operations_escrow_order skipped: headless)
2046.4s [Tue, Oct 28 6:38 PM]   ok  import ordered through escrow
2046.5s [Tue, Oct 28 6:38 PM]   use "Use laptop — Company OS"
2047.1s [Tue, Oct 28 6:39 PM]   click [Tab_finance] Finance
2047.7s [Tue, Oct 28 6:40 PM]   (shot finance_held_in_escrow skipped: headless)
2050.8s [Tue, Oct 28 7:04 PM]   use "Sleep"
2051.4s [Tue, Oct 28 7:04 PM]   click [Sleep] Sleep until 7:00 AM
2053.1s [Wed, Oct 29 5:00 PM]   toast: Riverlight Goods Café stayed shut today: nobody was behind the counter. Hire a barista (People tab) or work the counter yourself.
2053.2s [Wed, Oct 29 7:01 PM]   use "Sleep"
2053.8s [Wed, Oct 29 7:01 PM]   click [Sleep] Sleep until 7:00 AM
2055.5s [Thu, Oct 30 5:00 PM]   toast: Riverlight Goods Café stayed shut today: nobody was behind the counter. Hire a barista (People tab) or work the counter yourself.
2055.6s [Thu, Oct 30 7:01 PM]   use "Sleep"
2056.2s [Thu, Oct 30 7:01 PM]   click [Sleep] Sleep until 7:00 AM
2057.9s [Fri, Oct 31 5:00 PM]   toast: Riverlight Goods Café stayed shut today: nobody was behind the counter. Hire a barista (People tab) or work the counter yourself.
2058.0s [Fri, Oct 31 7:01 PM]   use "Sleep"
2058.6s [Fri, Oct 31 7:01 PM]   click [Sleep] Sleep until 7:00 AM
2061.8s [Sat, Nov 1 7:00 AM]   (shot month_close_report skipped: headless)
2061.8s [Sat, Nov 1 7:00 AM]   click [month close] Continue
2062.3s [Sat, Nov 1 5:00 PM]   toast: Riverlight Goods Café stayed shut today: nobody was behind the counter. Hire a barista (People tab) or work the counter yourself.
2062.3s [Sat, Nov 1 7:00 PM]   use "Sleep"
2062.9s [Sat, Nov 1 7:00 PM]   click [Sleep] Sleep until 7:00 AM
2064.7s [Sun, Nov 2 7:01 PM]   use "Sleep"
2065.3s [Sun, Nov 2 7:01 PM]   click [Sleep] Sleep until 7:00 AM
2067.1s [Mon, Nov 3 5:00 PM]   toast: Riverlight Goods Café stayed shut today: nobody was behind the counter. Hire a barista (People tab) or work the counter yourself.
2067.1s [Mon, Nov 3 7:00 PM]   (shot decision_supplier_price_increase skipped: headless)
2067.1s [Mon, Nov 3 7:00 PM]   decision supplier_price_increase → accept
2067.1s [Mon, Nov 3 7:00 PM]   click [Choice_accept] Okay. Keep supplying me.
2068.3s [Mon, Nov 3 7:00 PM]   (shot decision_outcome_supplier_price_increase skipped: headless)
2068.3s [Mon, Nov 3 7:00 PM]   click "OK"
2068.8s [Mon, Nov 3 7:00 PM]   use "Sleep"
2069.4s [Mon, Nov 3 7:00 PM]   click [Sleep] Sleep until 7:00 AM
2071.1s [Tue, Nov 4 5:00 PM]   toast: Riverlight Goods Café stayed shut today: nobody was behind the counter. Hire a barista (People tab) or work the counter yourself.
2071.2s [Tue, Nov 4 7:01 PM]   use "Sleep"
2071.8s [Tue, Nov 4 7:01 PM]   click [Sleep] Sleep until 7:00 AM
2073.5s [Wed, Nov 5 5:00 PM]   toast: Riverlight Goods Café stayed shut today: nobody was behind the counter. Hire a barista (People tab) or work the counter yourself.
2073.6s [Wed, Nov 5 7:01 PM]   use "Sleep"
2074.2s [Wed, Nov 5 7:01 PM]   click [Sleep] Sleep until 7:00 AM
2075.9s [Thu, Nov 6 5:00 PM]   toast: Riverlight Goods Café stayed shut today: nobody was behind the counter. Hire a barista (People tab) or work the counter yourself.
2076.0s [Thu, Nov 6 7:01 PM]   use "Sleep"
2076.6s [Thu, Nov 6 7:01 PM]   click [Sleep] Sleep until 7:00 AM
2078.3s [Fri, Nov 7 5:00 PM]   toast: Riverlight Goods Café stayed shut today: nobody was behind the counter. Hire a barista (People tab) or work the counter yourself.
2078.4s [Fri, Nov 7 7:01 PM]   use "Sleep"
2079.0s [Fri, Nov 7 7:01 PM]   click [Sleep] Sleep until 7:00 AM
2080.7s [Sat, Nov 8 5:00 PM]   toast: Riverlight Goods Café stayed shut today: nobody was behind the counter. Hire a barista (People tab) or work the counter yourself.
2080.8s [Sat, Nov 8 7:01 PM]   use "Sleep"
2081.4s [Sat, Nov 8 7:01 PM]   click [Sleep] Sleep until 7:00 AM
2083.2s [Sun, Nov 9 7:01 PM]   use "Sleep"
2083.8s [Sun, Nov 9 7:01 PM]   click [Sleep] Sleep until 7:00 AM
2085.5s [Mon, Nov 10 7:00 AM]   ok  escrow released to the supplier on arrival
2085.5s [Mon, Nov 10 7:00 AM]   ok  Chapter 10 complete
2085.5s [Mon, Nov 10 7:00 AM] STEP Chapter 11 — the bridge exploit
2085.5s [Mon, Nov 10 7:00 AM]   ok  Year 7: the Bridge Exploit
2088.7s [Mon, Nov 10 7:06 AM]   ok  walked back outside
2092.0s [Mon, Nov 10 7:11 AM]   ok  entered Bloom Coffee
2093.6s [Mon, Nov 10 7:14 AM]   use "Read the news board"
2094.3s [Mon, Nov 10 7:19 AM]   (shot news_bridge_before skipped: headless)
2094.7s [Mon, Nov 10 7:19 AM]   ok  read the news (bridge_before)
2097.6s [Mon, Nov 10 7:24 AM]   ok  walked back outside
2100.7s [Mon, Nov 10 7:29 AM]   ok  entered Riverside Tower
2102.0s [Mon, Nov 10 7:31 AM]   use "Use laptop — Company OS"
2102.6s [Mon, Nov 10 7:32 AM]   click [Tab_operations] Operations
2103.2s [Mon, Nov 10 7:33 AM]   click [Buy_lumina_direct_phone_stand] Buy $856
2103.9s [Mon, Nov 10 7:34 AM]   (shot settlement_before_exploit skipped: headless)
2103.9s [Mon, Nov 10 7:34 AM]   click [Settle_escrow] Pay this way
2104.8s [Mon, Nov 10 7:35 AM]   ok  restock ordered through escrow (cash $31,654)
2117.0s [Mon, Nov 10 7:54 AM]   toast: BREAKING: the digital-dollar bridge was exploited. Transfers are frozen until about Nov 16 7:54 AM.
2119.0s [Mon, Nov 10 7:56 AM]   ok  the bridge is frozen with our payment crossing it
2119.5s [Mon, Nov 10 7:56 AM]   ok  the '!' badge for frozen_funds pins its card
2119.5s [Mon, Nov 10 7:56 AM]   (shot badge_frozen_pinned skipped: headless)
2119.7s [Mon, Nov 10 7:56 AM]   (shot decision_rail_frozen skipped: headless)
2119.7s [Mon, Nov 10 7:56 AM]   decision rail_frozen → reroute
2119.7s [Mon, Nov 10 7:56 AM]   click [Choice_reroute] Pay again by wire ($890)
2121.0s [Mon, Nov 10 7:56 AM]   (shot decision_outcome_rail_frozen skipped: headless)
2121.0s [Mon, Nov 10 7:56 AM]   click "OK"
2121.4s [Mon, Nov 10 7:56 AM]   ok  paid again by wire
2121.5s [Mon, Nov 10 7:56 AM]   use "Use laptop — Company OS"
2122.1s [Mon, Nov 10 7:57 AM]   click [Tab_finance] Finance
2122.7s [Mon, Nov 10 7:58 AM]   (shot finance_frozen_funds skipped: headless)
2122.7s [Mon, Nov 10 7:58 AM]   click [Tab_operations] Operations
2128.1s [Mon, Nov 10 8:06 AM]   (shot operations_frozen_order skipped: headless)
2131.0s [Mon, Nov 10 8:11 AM]   ok  walked back outside
2134.2s [Mon, Nov 10 8:16 AM]   ok  entered Bloom Coffee
2135.9s [Mon, Nov 10 8:19 AM]   use "Read the news board"
2136.6s [Mon, Nov 10 8:24 AM]   (shot news_bridge_frozen skipped: headless)
2136.9s [Mon, Nov 10 8:24 AM]   ok  read the news (bridge_frozen)
2139.8s [Mon, Nov 10 8:29 AM]   ok  walked back outside
2142.9s [Mon, Nov 10 8:34 AM]   ok  entered Riverside Tower
2143.0s [Mon, Nov 10 5:00 PM]   toast: Riverlight Goods Café stayed shut today: nobody was behind the counter. Hire a barista (People tab) or work the counter yourself.
2144.7s [Mon, Nov 10 7:03 PM]   use "Sleep"
2145.3s [Mon, Nov 10 7:03 PM]   click [Sleep] Sleep until 7:00 AM
2147.1s [Tue, Nov 11 5:00 PM]   toast: Riverlight Goods Café stayed shut today: nobody was behind the counter. Hire a barista (People tab) or work the counter yourself.
2147.1s [Tue, Nov 11 7:01 PM]   use "Sleep"
2147.7s [Tue, Nov 11 7:01 PM]   click [Sleep] Sleep until 7:00 AM
2149.5s [Wed, Nov 12 5:00 PM]   toast: Riverlight Goods Café stayed shut today: nobody was behind the counter. Hire a barista (People tab) or work the counter yourself.
2149.5s [Wed, Nov 12 7:01 PM]   use "Sleep"
2150.1s [Wed, Nov 12 7:01 PM]   click [Sleep] Sleep until 7:00 AM
2151.8s [Thu, Nov 13 5:00 PM]   toast: Riverlight Goods Café stayed shut today: nobody was behind the counter. Hire a barista (People tab) or work the counter yourself.
2151.9s [Thu, Nov 13 7:01 PM]   use "Sleep"
2152.5s [Thu, Nov 13 7:01 PM]   click [Sleep] Sleep until 7:00 AM
2154.2s [Fri, Nov 14 5:00 PM]   toast: Riverlight Goods Café stayed shut today: nobody was behind the counter. Hire a barista (People tab) or work the counter yourself.
2154.3s [Fri, Nov 14 7:00 PM]   (shot decision_low_cash_warning skipped: headless)
2154.3s [Fri, Nov 14 7:00 PM]   decision low_cash_warning → reduce
2154.3s [Fri, Nov 14 7:00 PM]   click [Choice_reduce] Cut spending (pause ads, cheaper living)
2155.5s [Fri, Nov 14 7:00 PM]   (shot decision_outcome_low_cash_warning skipped: headless)
2155.5s [Fri, Nov 14 7:00 PM]   click "OK"
2156.0s [Fri, Nov 14 7:00 PM]   use "Sleep"
2156.6s [Fri, Nov 14 7:00 PM]   click [Sleep] Sleep until 7:00 AM
2158.3s [Sat, Nov 15 5:00 PM]   toast: Riverlight Goods Café stayed shut today: nobody was behind the counter. Hire a barista (People tab) or work the counter yourself.
2158.4s [Sat, Nov 15 7:01 PM]   use "Sleep"
2159.0s [Sat, Nov 15 7:01 PM]   click [Sleep] Sleep until 7:00 AM
2160.8s [Sun, Nov 16 7:01 PM]   use "Sleep"
2161.4s [Sun, Nov 16 7:01 PM]   click [Sleep] Sleep until 7:00 AM
2163.1s [Mon, Nov 17 5:00 PM]   toast: Riverlight Goods Café stayed shut today: nobody was behind the counter. Hire a barista (People tab) or work the counter yourself.
2163.1s [Mon, Nov 17 7:00 PM]   (shot decision_low_cash_warning skipped: headless)
2163.1s [Mon, Nov 17 7:00 PM]   decision low_cash_warning → reduce
2163.1s [Mon, Nov 17 7:00 PM]   click [Choice_reduce] Cut spending (pause ads, cheaper living)
2164.4s [Mon, Nov 17 7:00 PM]   (shot decision_outcome_low_cash_warning skipped: headless)
2164.4s [Mon, Nov 17 7:00 PM]   click "OK"
2164.9s [Mon, Nov 17 7:00 PM]   use "Sleep"
2165.5s [Mon, Nov 17 7:00 PM]   click [Sleep] Sleep until 7:00 AM
2167.2s [Tue, Nov 18 5:00 PM]   toast: Riverlight Goods Café stayed shut today: nobody was behind the counter. Hire a barista (People tab) or work the counter yourself.
2167.3s [Tue, Nov 18 7:01 PM]   use "Sleep"
2167.9s [Tue, Nov 18 7:01 PM]   click [Sleep] Sleep until 7:00 AM
2169.6s [Wed, Nov 19 5:00 PM]   toast: Riverlight Goods Café stayed shut today: nobody was behind the counter. Hire a barista (People tab) or work the counter yourself.
2169.7s [Wed, Nov 19 7:01 PM]   use "Sleep"
2170.3s [Wed, Nov 19 7:01 PM]   click [Sleep] Sleep until 7:00 AM
2172.0s [Thu, Nov 20 5:00 PM]   toast: Riverlight Goods Café stayed shut today: nobody was behind the counter. Hire a barista (People tab) or work the counter yourself.
2172.0s [Thu, Nov 20 7:00 PM]   (shot decision_low_cash_warning skipped: headless)
2172.0s [Thu, Nov 20 7:00 PM]   decision low_cash_warning → reduce
2172.0s [Thu, Nov 20 7:00 PM]   click [Choice_reduce] Cut spending (pause ads, cheaper living)
2173.3s [Thu, Nov 20 7:00 PM]   (shot decision_outcome_low_cash_warning skipped: headless)
2173.3s [Thu, Nov 20 7:00 PM]   click "OK"
2173.8s [Thu, Nov 20 7:00 PM]   use "Sleep"
2174.4s [Thu, Nov 20 7:00 PM]   click [Sleep] Sleep until 7:00 AM
2176.1s [Fri, Nov 21 5:00 PM]   toast: Riverlight Goods Café stayed shut today: nobody was behind the counter. Hire a barista (People tab) or work the counter yourself.
2176.1s [Fri, Nov 21 7:00 PM]   (shot decision_supplier_price_increase skipped: headless)
2176.1s [Fri, Nov 21 7:00 PM]   decision supplier_price_increase → accept
2176.1s [Fri, Nov 21 7:00 PM]   click [Choice_accept] Okay. Keep supplying me.
2177.4s [Fri, Nov 21 7:00 PM]   (shot decision_outcome_supplier_price_increase skipped: headless)
2177.4s [Fri, Nov 21 7:00 PM]   click "OK"
2177.9s [Fri, Nov 21 7:00 PM]   use "Sleep"
2178.5s [Fri, Nov 21 7:00 PM]   click [Sleep] Sleep until 7:00 AM
2180.2s [Sat, Nov 22 5:00 PM]   toast: Riverlight Goods Café stayed shut today: nobody was behind the counter. Hire a barista (People tab) or work the counter yourself.
2180.3s [Sat, Nov 22 7:01 PM]   use "Sleep"
2180.9s [Sat, Nov 22 7:01 PM]   click [Sleep] Sleep until 7:00 AM
2182.6s [Sun, Nov 23 7:00 PM]   (shot decision_low_cash_warning skipped: headless)
2182.6s [Sun, Nov 23 7:00 PM]   decision low_cash_warning → reduce
2182.6s [Sun, Nov 23 7:00 PM]   click [Choice_reduce] Cut spending (pause ads, cheaper living)
2183.9s [Sun, Nov 23 7:00 PM]   (shot decision_outcome_low_cash_warning skipped: headless)
2183.9s [Sun, Nov 23 7:00 PM]   click "OK"
2184.4s [Sun, Nov 23 7:00 PM]   use "Sleep"
2185.0s [Sun, Nov 23 7:00 PM]   click [Sleep] Sleep until 7:00 AM
2186.7s [Mon, Nov 24 5:00 PM]   toast: Riverlight Goods Café stayed shut today: nobody was behind the counter. Hire a barista (People tab) or work the counter yourself.
2186.8s [Mon, Nov 24 7:01 PM]   use "Sleep"
2187.4s [Mon, Nov 24 7:01 PM]   click [Sleep] Sleep until 7:00 AM
2189.1s [Tue, Nov 25 5:00 PM]   toast: Riverlight Goods Café stayed shut today: nobody was behind the counter. Hire a barista (People tab) or work the counter yourself.
2189.2s [Tue, Nov 25 7:01 PM]   use "Sleep"
2189.8s [Tue, Nov 25 7:01 PM]   click [Sleep] Sleep until 7:00 AM
2191.5s [Wed, Nov 26 5:00 PM]   toast: Riverlight Goods Café stayed shut today: nobody was behind the counter. Hire a barista (People tab) or work the counter yourself.
2191.5s [Wed, Nov 26 7:00 PM]   (shot decision_low_cash_warning skipped: headless)
2191.5s [Wed, Nov 26 7:00 PM]   decision low_cash_warning → reduce
2191.5s [Wed, Nov 26 7:00 PM]   click [Choice_reduce] Cut spending (pause ads, cheaper living)
2192.8s [Wed, Nov 26 7:00 PM]   (shot decision_outcome_low_cash_warning skipped: headless)
2192.8s [Wed, Nov 26 7:00 PM]   click "OK"
2193.3s [Wed, Nov 26 7:00 PM]   use "Sleep"
2193.9s [Wed, Nov 26 7:00 PM]   click [Sleep] Sleep until 7:00 AM
2195.6s [Thu, Nov 27 5:00 PM]   toast: Riverlight Goods Café stayed shut today: nobody was behind the counter. Hire a barista (People tab) or work the counter yourself.
2195.7s [Thu, Nov 27 7:01 PM]   use "Sleep"
2196.2s [Thu, Nov 27 7:01 PM]   click [Sleep] Sleep until 7:00 AM
2198.0s [Fri, Nov 28 7:00 AM]   ok  the bridge reopened
2198.0s [Fri, Nov 28 7:00 AM]   ok  frozen funds settled
2198.0s [Fri, Nov 28 7:00 AM]   ok  Chapter 11 complete: through the freeze and restocked
2198.0s [Fri, Nov 28 7:00 AM] STEP Chapter 12 — the regulation wave: the import licence
2198.0s [Fri, Nov 28 7:00 AM]   ok  Year 8: the Regulation Wave
2201.2s [Fri, Nov 28 7:06 AM]   ok  walked back outside
2204.4s [Fri, Nov 28 7:11 AM]   ok  entered Bloom Coffee
2206.1s [Fri, Nov 28 7:14 AM]   use "Read the news board"
2206.8s [Fri, Nov 28 7:19 AM]   (shot news_regulation skipped: headless)
2207.1s [Fri, Nov 28 7:19 AM]   ok  read the news (regulation)
2210.0s [Fri, Nov 28 7:24 AM]   ok  walked back outside
2213.1s [Fri, Nov 28 7:29 AM]   ok  entered Riverside Tower
2213.1s [Fri, Nov 28 7:29 AM]   (harness) wait 2 h
2215.1s [Fri, Nov 28 9:33 AM]   ok  walked back outside
2224.3s [Fri, Nov 28 9:47 AM]   use "Metro — Riverside Station"
2225.2s [Fri, Nov 28 9:48 AM]   (shot metro_civic_center skipped: headless)
2225.2s [Fri, Nov 28 9:48 AM]   click [Go_civic_center] Civic Center  ·  12 min
2226.2s [Fri, Nov 28 10:02 AM]   ok  took the Metro to Civic Center
2233.2s [Fri, Nov 28 10:12 AM]   ok  entered Aurelia City Hall
2234.9s [Fri, Nov 28 10:15 AM]   use "Permits & regulations"
2235.6s [Fri, Nov 28 10:16 AM]   (shot permits_import_licence skipped: headless)
2236.1s [Fri, Nov 28 10:16 AM]   ok  the '!' badge for import_licence pins its card
2236.1s [Fri, Nov 28 10:16 AM]   (shot badge_licence_pinned skipped: headless)
2236.3s [Fri, Nov 28 10:17 AM]   click [ApplyImportLicence] Apply ($450)
2236.8s [Fri, Nov 28 10:38 AM]   (shot permits_licence_processing skipped: headless)
2237.2s [Fri, Nov 28 10:38 AM]   ok  import licence applied for
2240.1s [Fri, Nov 28 10:44 AM]   ok  walked back outside
2245.6s [Fri, Nov 28 10:52 AM]   use "Metro — Civic Center Station"
2246.5s [Fri, Nov 28 10:53 AM]   (shot metro_riverside skipped: headless)
2246.5s [Fri, Nov 28 10:53 AM]   click [Go_riverside] Riverside  ·  12 min
2247.5s [Fri, Nov 28 11:07 AM]   ok  took the Metro to Riverside
2256.6s [Fri, Nov 28 11:20 AM]   ok  entered Riverside Tower
2256.6s [Fri, Nov 28 5:00 PM]   toast: Riverlight Goods Café stayed shut today: nobody was behind the counter. Hire a barista (People tab) or work the counter yourself.
2258.4s [Fri, Nov 28 7:03 PM]   use "Sleep"
2259.0s [Fri, Nov 28 7:03 PM]   click [Sleep] Sleep until 7:00 AM
2260.7s [Sat, Nov 29 5:00 PM]   toast: Riverlight Goods Café stayed shut today: nobody was behind the counter. Hire a barista (People tab) or work the counter yourself.
2260.7s [Sat, Nov 29 7:00 PM]   (shot decision_low_cash_warning skipped: headless)
2260.7s [Sat, Nov 29 7:00 PM]   decision low_cash_warning → reduce
2260.7s [Sat, Nov 29 7:00 PM]   click [Choice_reduce] Cut spending (pause ads, cheaper living)
2262.0s [Sat, Nov 29 7:00 PM]   (shot decision_outcome_low_cash_warning skipped: headless)
2262.0s [Sat, Nov 29 7:00 PM]   click "OK"
2262.5s [Sat, Nov 29 7:00 PM]   use "Sleep"
2263.1s [Sat, Nov 29 7:00 PM]   click [Sleep] Sleep until 7:00 AM
2264.9s [Sun, Nov 30 7:01 PM]   use "Sleep"
2265.5s [Sun, Nov 30 7:01 PM]   click [Sleep] Sleep until 7:00 AM
2268.7s [Mon, Dec 1 7:00 AM]   (shot month_close_report skipped: headless)
2268.7s [Mon, Dec 1 7:00 AM]   click [month close] Continue
2269.1s [Mon, Dec 1 7:00 AM]   ok  import licence granted
2269.1s [Mon, Dec 1 7:00 AM] STEP Chapter 12 — a large import goes through KYC
2270.3s [Mon, Dec 1 7:02 AM]   use "Use laptop — Company OS"
2270.9s [Mon, Dec 1 7:03 AM]   click [Tab_operations] Operations
2271.4s [Mon, Dec 1 7:04 AM]   click [DeliverTo_riverside_studio] Riverside Tower, Unit
2272.0s [Mon, Dec 1 7:04 AM]   click [Buy_lumina_direct_wireless_earbuds] Buy $2,692
2272.6s [Mon, Dec 1 7:05 AM]   (shot settlement_kyc skipped: headless)
2272.6s [Mon, Dec 1 7:05 AM]   click [Settle_letter_of_credit] Pay this way
2273.6s [Mon, Dec 1 7:07 AM]   ok  the large payment carries a KYC check
2273.6s [Mon, Dec 1 5:00 PM]   toast: Riverlight Goods Café stayed shut today: nobody was behind the counter. Hire a barista (People tab) or work the counter yourself.
2276.2s [Mon, Dec 1 7:04 PM]   use "Sleep"
2276.7s [Mon, Dec 1 7:04 PM]   click [Sleep] Sleep until 7:00 AM
2278.5s [Tue, Dec 2 5:00 PM]   toast: Riverlight Goods Café stayed shut today: nobody was behind the counter. Hire a barista (People tab) or work the counter yourself.
2278.5s [Tue, Dec 2 7:00 PM]   (shot decision_low_cash_warning skipped: headless)
2278.5s [Tue, Dec 2 7:00 PM]   decision low_cash_warning → reduce
2278.5s [Tue, Dec 2 7:00 PM]   click [Choice_reduce] Cut spending (pause ads, cheaper living)
2279.8s [Tue, Dec 2 7:00 PM]   (shot decision_outcome_low_cash_warning skipped: headless)
2279.8s [Tue, Dec 2 7:00 PM]   click "OK"
2280.3s [Tue, Dec 2 7:00 PM]   use "Sleep"
2280.8s [Tue, Dec 2 7:00 PM]   click [Sleep] Sleep until 7:00 AM
2282.6s [Wed, Dec 3 5:00 PM]   toast: Riverlight Goods Café stayed shut today: nobody was behind the counter. Hire a barista (People tab) or work the counter yourself.
2282.7s [Wed, Dec 3 7:01 PM]   use "Sleep"
2283.2s [Wed, Dec 3 7:01 PM]   click [Sleep] Sleep until 7:00 AM
2285.0s [Thu, Dec 4 5:00 PM]   toast: Riverlight Goods Café stayed shut today: nobody was behind the counter. Hire a barista (People tab) or work the counter yourself.
2286.6s [Thu, Dec 4 7:03 PM]   use "Sleep"
2287.2s [Thu, Dec 4 7:03 PM]   click [Sleep] Sleep until 7:00 AM
2288.9s [Fri, Dec 5 7:00 AM]   ok  KYC cleared
2290.0s [Fri, Dec 5 7:02 AM]   use "Use laptop — Company OS"
2290.6s [Fri, Dec 5 7:03 AM]   click [Tab_finance] Finance
2291.2s [Fri, Dec 5 7:04 AM]   (shot finance_compliance_cost skipped: headless)
2291.5s [Fri, Dec 5 7:04 AM] STEP Chapter 12 — Victor Hale's offer
2291.5s [Fri, Dec 5 7:04 AM]   (harness) wait 2 h
2292.1s [Fri, Dec 5 9:04 AM]   (shot decision_low_cash_warning skipped: headless)
2292.1s [Fri, Dec 5 9:04 AM]   decision low_cash_warning → reduce
2292.1s [Fri, Dec 5 9:04 AM]   click [Choice_reduce] Cut spending (pause ads, cheaper living)
2293.4s [Fri, Dec 5 9:04 AM]   (shot decision_outcome_low_cash_warning skipped: headless)
2293.4s [Fri, Dec 5 9:04 AM]   click "OK"
2293.8s [Fri, Dec 5 9:04 AM]   (harness) wait 2 h
2297.1s [Fri, Dec 5 11:10 AM]   ok  walked back outside
2304.8s [Fri, Dec 5 11:22 AM]   use "Metro — Riverside Station"
2305.7s [Fri, Dec 5 11:23 AM]   (shot metro_shopping_street skipped: headless)
2305.7s [Fri, Dec 5 11:23 AM]   click [Go_shopping_street] Shopping Street  ·  15 min
2306.7s [Fri, Dec 5 11:39 AM]   ok  took the Metro to Shopping Street
2315.3s [Fri, Dec 5 11:52 AM]   ok  entered Crestline Flagship
2315.8s [Fri, Dec 5 11:53 AM]   use "Talk to Victor Hale"
2316.5s [Fri, Dec 5 11:53 AM]   (shot victor_offer skipped: headless)
2327.1s [Fri, Dec 5 11:55 AM]   ok  the '!' badge for valuation pins its card
2327.1s [Fri, Dec 5 11:55 AM]   (shot badge_valuation_pinned skipped: headless)
2327.3s [Fri, Dec 5 11:55 AM]   (shot decision_acquisition_offer skipped: headless)
2327.3s [Fri, Dec 5 11:55 AM]   decision acquisition_offer → counter
2327.3s [Fri, Dec 5 11:55 AM]   click [Choice_counter] Counter: ask for $19,422
2328.5s [Fri, Dec 5 11:55 AM]   (shot decision_outcome_acquisition_offer skipped: headless)
2328.5s [Fri, Dec 5 11:55 AM]   click "OK"
2329.0s [Fri, Dec 5 11:55 AM]   ok  countered Hale Group's offer
2330.2s [Fri, Dec 5 11:57 AM]   (shot ending_card skipped: headless)
2333.2s [Fri, Dec 5 12:01 PM]   ok  Chapter 12 complete
2333.2s [Fri, Dec 5 12:01 PM]   ok  the main story is complete
2333.2s [Fri, Dec 5 12:01 PM]   ok  free play: the growth goal
2333.2s [Fri, Dec 5 12:01 PM]   ok  ledger balanced after chapters 10–12
2335.0s [Fri, Dec 5 12:05 PM]   ok  walked back outside
2342.1s [Fri, Dec 5 12:16 PM]   use "Metro — Shopping Street Station"
2343.0s [Fri, Dec 5 12:17 PM]   (shot metro_riverside skipped: headless)
2343.0s [Fri, Dec 5 12:17 PM]   click [Go_riverside] Riverside  ·  15 min
2344.0s [Fri, Dec 5 12:34 PM]   ok  took the Metro to Riverside
2353.1s [Fri, Dec 5 12:47 PM]   ok  entered Riverside Tower
2353.1s [Fri, Dec 5 12:47 PM] STEP Save → reload → same state
2354.0s [Fri, Dec 5 12:49 PM]   ok  cash restored after load
2354.0s [Fri, Dec 5 12:49 PM]   ok  time restored after load
2354.0s [Fri, Dec 5 12:49 PM]   ok  location restored (riverside_apartment)
2354.0s [Fri, Dec 5 12:49 PM]   (shot after_load skipped: headless)
2354.0s [Fri, Dec 5 12:49 PM] STEP Summary
2354.0s [Fri, Dec 5 12:49 PM]   business entity co_riverlight_goods cash $20,671.25 · personal $10,095.18 · orders delivered 483 · chapters done ["ch1_arrival", "ch2_first_customer", "ch3_open_for_business", "ch4_growing_pains", "ch5_big_contract", "ch6_cash_is_oxygen", "ch7_supply_shock", "ch8_green_shift", "ch9_clearing_crisis", "ch10_digital_rails", "ch11_other_side_of_trust", "ch12_regulation_scale"]
2354.0s [Fri, Dec 5 12:49 PM]   ok  ledger balanced at the end
2354.0s [Fri, Dec 5 12:49 PM]   ok  story objective completed: ch1_phone
2354.0s [Fri, Dec 5 12:49 PM]   ok  story objective completed: ch1_outside
2354.0s [Fri, Dec 5 12:49 PM]   ok  story objective completed: ch1_coffee
2354.0s [Fri, Dec 5 12:49 PM]   ok  story objective completed: ch1_cowork
2354.0s [Fri, Dec 5 12:49 PM]   ok  story objective completed: ch1_board
2354.0s [Fri, Dec 5 12:49 PM]   ok  story objective completed: ch2_supplier
2354.0s [Fri, Dec 5 12:49 PM]   ok  story objective completed: ch2_stock
2354.0s [Fri, Dec 5 12:49 PM]   ok  story objective completed: ch2_listing
2354.0s [Fri, Dec 5 12:49 PM]   ok  story objective completed: ch2_order
2354.0s [Fri, Dec 5 12:49 PM]   ok  story objective completed: ch2_ship
2354.0s [Fri, Dec 5 12:49 PM]   ok  story objective completed: ch2_first_dollar
2354.0s [Fri, Dec 5 12:49 PM]   ok  story objective completed: ch2_issue
2354.0s [Fri, Dec 5 12:49 PM]   ok  story objective completed: ch3_register
2354.0s [Fri, Dec 5 12:49 PM]   ok  story objective completed: ch3_bank
2354.0s [Fri, Dec 5 12:49 PM]   ok  story objective completed: ch3_workspace
2354.0s [Fri, Dec 5 12:49 PM]   ok  story objective completed: ch3_os
2354.0s [Fri, Dec 5 12:49 PM]   ok  story objective completed: ch4_employer
2354.0s [Fri, Dec 5 12:49 PM]   ok  story objective completed: ch4_post
2354.0s [Fri, Dec 5 12:49 PM]   ok  story objective completed: ch4_hire
2354.0s [Fri, Dec 5 12:49 PM]   ok  story objective completed: ch4_payroll
2354.0s [Fri, Dec 5 12:49 PM]   ok  story objective completed: ch4_forecast
2354.0s [Fri, Dec 5 12:49 PM]   ok  story objective completed: ch5_meet
2354.0s [Fri, Dec 5 12:49 PM]   ok  story objective completed: ch5_decide
2354.0s [Fri, Dec 5 12:49 PM]   ok  story objective completed: ch5_stock
2354.0s [Fri, Dec 5 12:49 PM]   ok  story objective completed: ch5_deliver
2354.0s [Fri, Dec 5 12:49 PM]   ok  story objective completed: ch6_forecast
2354.0s [Fri, Dec 5 12:49 PM]   ok  story objective completed: ch6_bridge
2354.0s [Fri, Dec 5 12:49 PM]   ok  story objective completed: ch6_collect
2354.0s [Fri, Dec 5 12:49 PM]   ok  story objective completed: ch6_close
2354.0s [Fri, Dec 5 12:49 PM]   ok  story objective completed: ch7_news
2354.0s [Fri, Dec 5 12:49 PM]   ok  story objective completed: ch7_ken
2354.0s [Fri, Dec 5 12:49 PM]   ok  story objective completed: ch7_stock
2354.0s [Fri, Dec 5 12:49 PM]   ok  story objective completed: ch7_price
2354.0s [Fri, Dec 5 12:49 PM]   ok  story objective completed: ch7_close
2354.0s [Fri, Dec 5 12:49 PM]   ok  story objective completed: ch8_news
2354.0s [Fri, Dec 5 12:49 PM]   ok  story objective completed: ch8_pack
2354.0s [Fri, Dec 5 12:49 PM]   ok  story objective completed: ch8_product
2354.0s [Fri, Dec 5 12:49 PM]   ok  story objective completed: ch8_grant
2354.0s [Fri, Dec 5 12:49 PM]   ok  story objective completed: ch9_news
2354.0s [Fri, Dec 5 12:49 PM]   ok  story objective completed: ch9_import
2354.0s [Fri, Dec 5 12:49 PM]   ok  story objective completed: ch9_lina
2354.0s [Fri, Dec 5 12:49 PM]   ok  story objective completed: ch9_settle
2354.0s [Fri, Dec 5 12:49 PM]   ok  story objective completed: ch9_arrive
2354.0s [Fri, Dec 5 12:49 PM]   ok  story objective completed: ch10_news
2354.0s [Fri, Dec 5 12:49 PM]   ok  story objective completed: ch10_lina
2354.0s [Fri, Dec 5 12:49 PM]   ok  story objective completed: ch10_import
2354.0s [Fri, Dec 5 12:49 PM]   ok  story objective completed: ch10_arrive
2354.0s [Fri, Dec 5 12:49 PM]   ok  story objective completed: ch11_news
2354.0s [Fri, Dec 5 12:49 PM]   ok  story objective completed: ch11_order
2354.0s [Fri, Dec 5 12:49 PM]   ok  story objective completed: ch11_freeze
2354.0s [Fri, Dec 5 12:49 PM]   ok  story objective completed: ch11_restock
2354.0s [Fri, Dec 5 12:49 PM]   ok  story objective completed: ch12_news
2354.0s [Fri, Dec 5 12:49 PM]   ok  story objective completed: ch12_licence
2354.0s [Fri, Dec 5 12:49 PM]   ok  story objective completed: ch12_kyc
2354.0s [Fri, Dec 5 12:49 PM]   ok  story objective completed: ch12_offer
2354.0s [Fri, Dec 5 12:49 PM] BOT FINISHED — 0 failure(s) · 2354.0s real
