Godot Engine v4.5.1.stable.official.f62fdbde1 - https://godotengine.org
OpenGL API 3.3.0 NVIDIA 462.59 - Compatibility - Using Device: NVIDIA - Quadro RTX 4000

   0.0s STEP Main menu → New Game
   1.0s   shot 01_main_menu.png
   1.0s   click [NewGame] New Game
   2.2s STEP Character Creator
   2.3s   shot 02_creator_default.png
   2.3s   click [Tab_hair] Hair
   2.4s   click [Next_hair] ▶
   2.8s   click [Tab_face] Face
   2.9s   click [Next_face] ▶
   3.0s   click [Next_eye_shape] ▶
   3.1s   click [Tab_body] Body
   3.2s   click [Next_presentation] ▶
   3.8s   shot 03_creator_customised.png
   3.8s   click [Tab_outfit] Outfit
   3.8s   click "Startup Casual"
   4.4s   ok  appearance changed from default (short_neat)
   4.5s   shot 04_creator_final.png
   4.5s   click [Start] Start in Aurelia  →
   4.5s [6月1日（週日） 下午 2:00] STEP Arrival sequence
   7.1s [6月1日（週日） 下午 2:00]   shot 05_arrival_train.png
  10.7s [6月1日（週日） 下午 2:00]   shot 06_arrival_phone.png
  15.7s [6月1日（週日） 下午 2:01]   ok  spawned in the Riverside apartment
  15.7s [6月1日（週日） 下午 2:01]   ok  starting cash $30,000
  15.7s [6月1日（週日） 下午 2:01]   ok  name saved
  17.4s [6月1日（週日） 下午 2:03]   shot 07_apartment_arrival.png
  17.4s [6月1日（週日） 下午 2:03] STEP Chapter 1 — phone & Maya
  20.6s [6月1日（週日） 下午 2:08]   shot 08_phone_home.png
  20.6s [6月1日（週日） 下午 2:08]   click [App_messages] 訊息 2
  21.1s [6月1日（週日） 下午 2:09]   click [Thread_maya] Maya  ● 打給我。或傳訊息。隨便。
  23.1s [6月1日（週日） 下午 2:09]   choose "› 嗯。"
  26.1s [6月1日（週日） 下午 2:09]   choose "› 我要開公司。"
  29.6s [6月1日（週日） 下午 2:09]   ok  Maya conversation done
  29.6s [6月1日（週日） 下午 2:09] STEP Head outside
  32.7s [6月1日（週日） 下午 2:15]   ok  walked back outside
  32.7s [6月1日（週日） 下午 2:15]   ok  visited Riverside
  32.8s [6月1日（週日） 下午 2:15]   shot 09_riverside_outside_home.png
  32.8s [6月1日（週日） 下午 2:15] STEP Bloom Coffee
  36.0s [6月1日（週日） 下午 2:20]   ok  entered Bloom Coffee
  36.2s [6月1日（週日） 下午 2:20]   shot 10_bloom_coffee_inside.png
  37.5s [6月1日（週日） 下午 2:22]   use "Order coffee ($4.50)"
  39.5s [6月1日（週日） 下午 2:22]   choose "› 麻煩了。"
  44.5s [6月1日（週日） 下午 2:33]   ok  bought a coffee from Jun
  47.3s [6月1日（週日） 下午 2:38]   ok  walked back outside
  47.3s [6月1日（週日） 下午 2:38] STEP Walk east to Startup Hub
  48.7s [6月1日（週日） 下午 2:40]   shot 11_riverside_street.png
  61.3s [6月1日（週日） 下午 3:11]   ok  walked to Startup Hub
  61.4s [6月1日（週日） 下午 3:11]   shot 12_startup_hub_arrive.png
  61.4s [6月1日（週日） 下午 3:11] STEP Nexus Co-work
  65.4s [6月1日（週日） 下午 3:17]   ok  entered Nexus Co-work
  65.6s [6月1日（週日） 下午 3:17]   shot 13_cowork_inside.png
  66.8s [6月1日（週日） 下午 3:19]   use "Reception — desks & day passes"
  69.4s [6月1日（週日） 下午 3:19]   choose "› 對。先看看。"
  72.4s [6月1日（週日） 下午 3:20]   click [DayPass] Buy a day pass ($15)
  73.3s [6月1日（週日） 下午 3:21] STEP Business Board
  76.2s [6月1日（週日） 下午 3:26]   use "Business Board"
  77.0s [6月1日（週日） 下午 3:27]   shot 14_business_board.png
  77.0s [6月1日（週日） 下午 3:27]   click [Biz_saas] ● SaaS／軟體
  77.5s [6月1日（週日） 下午 3:27]   shot 15_business_board_planned_saas.png
  77.5s [6月1日（週日） 下午 3:27]   click [Biz_ecommerce] ● 電商
  77.5s [6月1日（週日） 下午 3:28]   click [StartEcommerce] Start an ecommerce side business
  78.8s [6月1日（週日） 下午 3:30]   ok  picked ecommerce as first business
  81.3s [6月1日（週日） 下午 3:33]   ok  Chapter 1 complete
  81.3s [6月1日（週日） 下午 3:33] STEP Chapter 2 — buy stock at a hot desk (Company OS)
  85.7s [6月1日（週日） 下午 3:40]   use "Work at a hot desk — Company OS"
  86.3s [6月1日（週日） 下午 3:41]   shot 16_company_os_overview_personal.png
  86.3s [6月1日（週日） 下午 3:41]   click [Tab_operations] Operations
  87.0s [6月1日（週日） 下午 3:42]   shot 17_company_os_suppliers.png
  87.0s [6月1日（週日） 下午 3:42]   click [Buy_tradelink_wholesale_wireless_earbuds] 購買 $900
  87.4s [6月1日（週日） 下午 3:52]   click [Buy_tradelink_wholesale_water_bottle] 購買 $408
  87.8s [6月1日（週日） 下午 4:03]   click [Buy_tradelink_wholesale_desk_lamp] 購買 $460
  88.3s [6月1日（週日） 下午 4:14]   click [Buy_tradelink_wholesale_phone_stand] 購買 $272
  88.8s [6月1日（週日） 下午 4:24]   ok  placed purchase orders (MOQ, prepaid): 4 POs, cash $27,940.50
  88.8s [6月1日（週日） 下午 4:24]   shot 18_company_os_purchase_orders.png
  89.2s [6月1日（週日） 下午 4:25] STEP Home to wait for stock
  92.4s [6月1日（週日） 下午 4:31]   ok  walked back outside
  96.5s [6月1日（週日） 下午 4:49]   ok  walked to Riverside
 112.4s [6月1日（週日） 下午 5:13]   ok  entered Riverside Tower
 112.4s [6月1日（週日） 下午 5:13]   (harness) wait 2 h
 114.9s [6月1日（週日） 下午 7:17]   use "Sleep"
 115.5s [6月1日（週日） 下午 7:17]   click [Sleep] Sleep until 7:00 AM
 117.2s [6月2日（週一） 上午 7:00]   (harness) wait 2 h
 117.8s [6月2日（週一） 上午 9:01]   (harness) wait 2 h
 118.4s [6月2日（週一） 上午 11:02]   (harness) wait 2 h
 119.0s [6月2日（週一） 下午 1:03]   (harness) wait 2 h
 119.6s [6月2日（週一） 下午 3:04]   (harness) wait 2 h
 120.2s [6月2日（週一） 下午 5:05]   (harness) wait 2 h
 121.0s [6月2日（週一） 下午 7:06]   use "Sleep"
 121.6s [6月2日（週一） 下午 7:06]   click [Sleep] Sleep until 7:00 AM
 123.4s [6月3日（週二） 上午 7:00]   (harness) wait 2 h
 124.0s [6月3日（週二） 上午 9:01]   (harness) wait 2 h
 124.6s [6月3日（週二） 上午 11:02]   (harness) wait 2 h
 125.2s [6月3日（週二） 下午 1:03]   (harness) wait 2 h
 125.8s [6月3日（週二） 下午 3:04]   ok  stock delivered to the apartment
 126.5s [6月3日（週二） 下午 3:05]   shot 19_apartment_with_stock.png
 126.5s [6月3日（週二） 下午 3:05] STEP List products on ShopLane
 127.6s [6月3日（週二） 下午 3:07]   use "Use laptop — Company OS"
 128.2s [6月3日（週二） 下午 3:08]   click [Tab_sales] Sales
 128.9s [6月3日（週二） 下午 3:09]   shot 20_company_os_sales_ready.png
 128.9s [6月3日（週二） 下午 3:09]   click [ListSelf_wireless_earbuds] Shoot photos myself & list (1 h 20 min)
 129.4s [6月3日（週二） 下午 4:29]   click [ListSelf_water_bottle] Shoot photos myself & list (1 h 20 min)
 129.9s [6月3日（週二） 下午 5:50]   click [ListSelf_desk_lamp] Shoot photos myself & list (1 h 20 min)
 130.5s [6月3日（週二） 下午 7:11]   click [ListSelf_phone_stand] Shoot photos myself & list (1 h 20 min)
 131.0s [6月3日（週二） 下午 8:32]   click [AdPlus_wireless_earbuds] +
 131.6s [6月3日（週二） 下午 8:33]   shot 21_company_os_listings_live.png
 131.6s [6月3日（週二） 下午 8:33]   ok  listings live
 132.0s [6月3日（週二） 下午 8:33] STEP First order → pack → ship
 135.5s [6月3日（週二） 下午 8:39]   use "Packing table"
 136.3s [6月3日（週二） 下午 8:40]   shot 22_packing_table.png
 136.3s [6月3日（週二） 下午 8:40]   click [Pack] 打包 6 筆訂單（48 分鐘）
 137.1s [6月3日（週二） 下午 9:29]   click [CourierExpress] 快遞 · 快捷 1 天（$59.40）
 138.2s [6月3日（週二） 下午 9:31]   ok  first order came in
 138.2s [6月3日（週二） 下午 9:31]   ok  handed to the courier (pickup booked)
 138.2s [6月3日（週二） 下午 9:31] STEP Delivery → first dollar
 142.5s [6月3日（週二） 下午 9:37]   use "Sleep"
 143.1s [6月3日（週二） 下午 9:37]   click [Sleep] Sleep until 7:00 AM
 149.2s [6月4日（週三） 上午 7:07]   use "Packing table"
 149.8s [6月4日（週三） 上午 7:08]   click [Pack] 打包 6 筆訂單（48 分鐘）
 150.7s [6月4日（週三） 上午 7:57]   click [CourierExpress] 快遞 · 快捷 1 天（$59.40）
 151.8s [6月4日（週三） 上午 7:59]   ok  first order delivered (Earn Your First Dollar)
 151.8s [6月4日（週三） 上午 7:59]   revenue booked $212.94 · ShopLane balance $191.64 · cash $27,714.60
 152.0s [6月4日（週三） 上午 7:59]   shot 23_first_dollar.png
 152.0s [6月4日（週三） 上午 7:59] STEP First customer issue
 152.0s [6月4日（週三） 上午 7:59]   (harness) wait 2 h
 154.2s [6月4日（週三） 上午 10:02]   use "Packing table"
 154.9s [6月4日（週三） 上午 10:04]   click [Pack] 打包 3 筆訂單（24 分鐘）
 155.8s [6月4日（週三） 上午 10:29]   click [CourierExpress] 快遞 · 快捷 1 天（$32.70）
 156.9s [6月4日（週三） 上午 10:31]   (harness) wait 2 h
 157.5s [6月4日（週三） 下午 12:31]   (harness) wait 2 h
 158.3s [6月4日（週三） 下午 2:33]   use "Packing table"
 159.0s [6月4日（週三） 下午 2:34]   click [Pack] 打包 1 筆訂單（8 分鐘）
 159.9s [6月4日（週三） 下午 2:43]   click [CourierExpress] 快遞 · 快捷 1 天（$14.90）
 161.0s [6月4日（週三） 下午 2:45]   (harness) wait 2 h
 161.8s [6月4日（週三） 下午 4:46]   use "Packing table"
 162.5s [6月4日（週三） 下午 4:47]   click [Pack] 打包 5 筆訂單（40 分鐘）
 163.4s [6月4日（週三） 下午 5:28]   click [CourierExpress] 快遞 · 快捷 1 天（$54.10）
 164.5s [6月4日（週三） 下午 5:30]   (harness) wait 2 h
 165.3s [6月4日（週三） 下午 7:31]   use "Packing table"
 166.0s [6月4日（週三） 下午 7:32]   click [Pack] 打包 4 筆訂單（32 分鐘）
 166.9s [6月4日（週三） 下午 8:06]   click [CourierExpress] 快遞 · 快捷 1 天（$45.20）
 170.7s [6月4日（週三） 下午 8:11]   use "Sleep"
 171.3s [6月4日（週三） 下午 8:11]   click [Sleep] Sleep until 7:00 AM
 173.2s [6月5日（週四） 上午 7:00]   shot 24_decision_customer_return_first.png
 173.2s [6月5日（週四） 上午 7:00]   decision customer_return_first → replace
 173.2s [6月5日（週四） 上午 7:00]   click [Choice_replace] 寄一個新的（快捷）
 174.6s [6月5日（週四） 上午 7:00]   shot 25_decision_outcome_customer_return_first.png
 174.6s [6月5日（週四） 上午 7:00]   click "OK"
 179.4s [6月5日（週四） 上午 7:07]   use "Packing table"
 180.1s [6月5日（週四） 上午 7:08]   click [Pack] 打包 3 筆訂單（24 分鐘）
 181.0s [6月5日（週四） 上午 7:33]   click [CourierExpress] 快遞 · 快捷 1 天（$32.70）
 182.1s [6月5日（週四） 上午 7:35]   ok  resolved the first customer issue
 184.1s [6月5日（週四） 上午 7:38]   ok  Chapter 2 complete
 184.1s [6月5日（週四） 上午 7:38] STEP Purchase cancellation
 185.6s [6月5日（週四） 上午 7:40]   use "Use laptop — Company OS"
 186.2s [6月5日（週四） 上午 7:41]   click [Tab_operations] Operations
 186.8s [6月5日（週四） 上午 7:42]   click [Buy_tradelink_wholesale_wireless_earbuds] 購買 $900
 187.8s [6月5日（週四） 上午 7:53]   click [CancelPO_PO-105] Cancel purchase
 188.5s [6月5日（週四） 上午 7:53]   shot 26_purchase_cancel_confirmation.png
 188.5s [6月5日（週四） 上午 7:53]   click [ConfirmReturn] Confirm cancellation
 189.1s [6月5日（週四） 上午 7:53]   ok  extra PO cancelled through UI
 189.1s [6月5日（週四） 上午 7:53]   ok  cancellation cash equals quoted refund
 189.1s [6月5日（週四） 上午 7:53]   ok  ledger balanced after purchase cancellation
 189.6s [6月5日（週四） 上午 7:54]   shot 27_purchase_cancelled_operations.png
 189.9s [6月5日（週四） 上午 7:55] STEP Chapter 3 — wait for a weekday morning
 192.6s [6月5日（週四） 上午 8:00]   ok  walked back outside
 192.6s [6月5日（週四） 上午 8:00] STEP Metro to Civic Center → City Hall
 200.7s [6月5日（週四） 上午 8:12]   use "捷運——河濱區站"
 201.7s [6月5日（週四） 上午 8:13]   shot 28_metro_civic_center.png
 201.7s [6月5日（週四） 上午 8:13]   click [Go_civic_center] 市政中心  ·  12 分鐘
 202.7s [6月5日（週四） 上午 8:27]   ok  took the Metro to Civic Center
 202.8s [6月5日（週四） 上午 8:27]   shot 29_civic_center.png
 210.1s [6月5日（週四） 上午 9:13]   ok  entered Aurelia City Hall
 210.2s [6月5日（週四） 上午 9:13]   shot 30_city_hall_inside.png
 211.3s [6月5日（週四） 上午 9:15]   use "Registration counter"
 213.3s [6月5日（週四） 上午 9:15]   choose "› 我要登記公司。"
 216.1s [6月5日（週四） 上午 9:16]   shot 31_registration_form.png
 216.1s [6月5日（週四） 上午 9:16]   click [Submit] Register & pay
 217.0s [6月5日（週四） 上午 10:02]   shot 32_registration_done.png
 217.0s [6月5日（週四） 上午 10:02]   click "Thanks"
 217.1s [6月5日（週四） 上午 10:02]   ok  registered Riverlight Goods
 217.2s [6月5日（週四） 上午 10:02]   shot 33_decision_low_cash_warning.png
 217.2s [6月5日（週四） 上午 10:02]   decision low_cash_warning → reduce
 217.2s [6月5日（週四） 上午 10:02]   click [Choice_reduce] 縮減開支（暫停廣告、生活從簡）
 218.6s [6月5日（週四） 上午 10:02]   shot 34_decision_outcome_low_cash_warning.png
 218.6s [6月5日（週四） 上午 10:02]   click "OK"
 221.5s [6月5日（週四） 上午 10:07]   ok  walked back outside
 221.5s [6月5日（週四） 上午 10:07] STEP Walk to the Financial District → Nexus Bank
 231.0s [6月5日（週四） 上午 10:27]   ok  walked to Financial District
 235.2s [6月5日（週四） 上午 10:33]   ok  entered Nexus Bank
 235.3s [6月5日（週四） 上午 10:33]   shot 35_bank_inside.png
 236.3s [6月5日（週四） 上午 10:35]   use "Teller — business banking"
 237.0s [6月5日（週四） 上午 10:36]   click "$15,000"
 237.1s [6月5日（週四） 上午 10:36]   click [OpenAccount] 存入 $15,000 開戶
 238.1s [6月5日（週四） 上午 11:08]   shot 36_bank_account_opened.png
 238.4s [6月5日（週四） 上午 11:08]   ok  business account opened with founder capital
 240.8s [6月5日（週四） 上午 11:13]   ok  walked back outside
 240.8s [6月5日（週四） 上午 11:13] STEP Metro to Startup Hub → lease Suite 2B
 247.2s [6月5日（週四） 上午 11:22]   use "捷運——金融區站"
 248.2s [6月5日（週四） 上午 11:24]   shot 37_metro_startup_hub.png
 248.2s [6月5日（週四） 上午 11:24]   click [Go_startup_hub] 新創園區  ·  8 分鐘
 249.2s [6月5日（週四） 上午 11:33]   ok  took the Metro to Startup Hub
 254.3s [6月5日（週四） 上午 11:41]   ok  entered 22 Founders Lane
 254.4s [6月5日（週四） 上午 11:41]   shot 38_suite_2b_tour.png
 255.3s [6月5日（週四） 上午 11:43]   use "和 Tom 說話"
 257.7s [6月5日（週四） 上午 11:43]   click [SignLease] Sign the lease
 258.8s [6月5日（週四） 上午 11:45]   ok  leased Suite 2B
 259.6s [6月5日（週四） 上午 11:46]   shot 39_suite_2b_company_sign.png
 259.6s [6月5日（週四） 上午 11:46] STEP Sit at the desk → Company OS as the company
 260.1s [6月5日（週四） 上午 11:47]   use "Sit at your desk — Company OS"
 261.4s [6月5日（週四） 上午 11:48]   shot 40_company_os_as_company.png
 261.4s [6月5日（週四） 上午 11:48]   click [Tab_finance] Finance
 262.0s [6月5日（週四） 上午 11:49]   shot 41_company_os_finance.png
 262.0s [6月5日（週四） 上午 11:49]   click [Tab_inventory] Inventory
 262.5s [6月5日（週四） 上午 11:50]   shot 42_company_os_inventory.png
 265.9s [6月5日（週四） 上午 11:55]   ok  Chapter 3 complete
 268.2s [6月5日（週四） 下午 12:00]   ok  walked back outside
 268.3s [6月5日（週四） 下午 12:00]   shot 43_startup_hub_office_sign.png
 268.3s [6月5日（週四） 下午 12:00] STEP Careers — part-time job at Nexus Co-work
 274.7s [6月5日（週四） 下午 12:10]   ok  entered Nexus Co-work
 276.9s [6月5日（週四） 下午 12:13]   use "Business Board"
 277.6s [6月5日（週四） 下午 12:14]   click [Page_jobs] Part-time jobs
 278.3s [6月5日（週四） 下午 12:15]   shot 44_business_board_jobs.png
 278.3s [6月5日（週四） 下午 12:15]   click [Job_cowork_host] 詳情／應徵
 278.8s [6月5日（週四） 下午 12:16]   click [ApplyJob] Take the job
 279.4s [6月5日（週四） 下午 12:17]   shot 45_job_hired.png
 280.5s [6月5日（週四） 下午 12:18]   ok  hired as a community host
 282.6s [6月5日（週四） 下午 12:21]   use "Staff door — work a shift"
 283.4s [6月5日（週四） 下午 12:23]   shot 46_job_shift.png
 283.4s [6月5日（週四） 下午 12:23]   click [WorkShift] 開始 4 小時的班（最多 +$72.00）
 285.3s [6月5日（週四） 下午 4:25]   ok  a 4-hour shift paid by how it went ($67.68)
 285.3s [6月5日（週四） 下午 4:25] STEP Careers — freelance gig at a hot desk
 285.3s [6月5日（週四） 下午 4:25]   info card: Your first business loop
 285.3s [6月5日（週四） 下午 4:25]   shot 47_info_your_first_business_loop.png
 285.4s [6月5日（週四） 下午 4:25]   click "Let's go"
 289.7s [6月5日（週四） 下午 4:31]   use "Work at a hot desk — Company OS"
 290.3s [6月5日（週四） 下午 4:32]   click [Tab_freelance] Freelance
 290.8s [6月5日（週四） 下午 4:33]   click [StartFreelance] Start freelancing
 291.4s [6月5日（週四） 下午 4:34]   click [Accept_G1] Accept
 292.0s [6月5日（週四） 下午 4:34]   click [Work_G1] 工作 2 小時
 292.8s [6月5日（週四） 下午 6:36]   shot 48_freelance_gig.png
 292.8s [6月5日（週四） 下午 6:36]   ok  put hours into a freelance gig
 292.8s [6月5日（週四） 下午 6:36] STEP Careers — start a SaaS product
 292.8s [6月5日（週四） 下午 6:36]   click [Tab_saas] SaaS
 293.3s [6月5日（週四） 下午 6:36]   shot 49_saas_ideas.png
 293.3s [6月5日（週四） 下午 6:36]   click [Saas_freelancer_invoicing] Build this
 293.8s [6月5日（週四） 下午 6:37]   click [SaasCode] 寫程式 2 小時
 294.5s [6月5日（週四） 下午 8:38]   shot 50_saas_building.png
 294.5s [6月5日（週四） 下午 8:38]   ok  started building a SaaS product (2 dev h)
 298.1s [6月5日（週四） 下午 8:45]   ok  walked back outside
 298.1s [6月5日（週四） 下午 8:45] STEP Run the company to month-end
 302.1s [6月5日（週四） 下午 9:03]   ok  walked to Riverside
 318.0s [6月5日（週四） 下午 9:26]   ok  entered Riverside Tower
 319.9s [6月5日（週四） 下午 9:29]   use "Sleep"
 320.5s [6月5日（週四） 下午 9:29]   click [Sleep] Sleep until 7:00 AM
 326.6s [6月6日（週五） 上午 7:07]   use "Packing table"
 327.3s [6月6日（週五） 上午 7:08]   click [Pack] 打包 16 筆訂單（2 小時 8 分）
 328.2s [6月6日（週五） 上午 9:17]   click [CourierExpress] 快遞 · 快捷 1 天（$155.60）
 333.5s [6月6日（週五） 下午 7:06]   use "Sleep"
 334.1s [6月6日（週五） 下午 7:06]   click [Sleep] Sleep until 7:00 AM
 336.0s [6月7日（週六） 上午 7:00]   shot 51_decision_customer_return.png
 336.0s [6月7日（週六） 上午 7:00]   decision customer_return → replace
 336.0s [6月7日（週六） 上午 7:00]   click [Choice_replace] 寄一個新的
 337.3s [6月7日（週六） 上午 7:00]   shot 52_decision_outcome_customer_return.png
 337.3s [6月7日（週六） 上午 7:00]   click "OK"
 337.8s [6月7日（週六） 上午 7:00]   shot 53_decision_customer_return.png
 337.8s [6月7日（週六） 上午 7:00]   decision customer_return → replace
 337.8s [6月7日（週六） 上午 7:00]   click [Choice_replace] 寄一個新的
 339.2s [6月7日（週六） 上午 7:00]   shot 54_decision_outcome_customer_return.png
 339.2s [6月7日（週六） 上午 7:00]   click "OK"
 343.9s [6月7日（週六） 上午 7:07]   use "Packing table"
 344.6s [6月7日（週六） 上午 7:08]   click [Pack] 打包 17 筆訂單（2 小時 16 分）
 345.5s [6月7日（週六） 上午 9:25]   click [CourierExpress] 快遞 · 快捷 1 天（$164.50）
 350.8s [6月7日（週六） 下午 7:06]   use "Sleep"
 351.4s [6月7日（週六） 下午 7:06]   click [Sleep] Sleep until 7:00 AM
 357.5s [6月8日（週日） 上午 7:07]   use "Packing table"
 358.2s [6月8日（週日） 上午 7:08]   click [Pack] 打包 12 筆訂單（1 小時 36 分）
 359.1s [6月8日（週日） 上午 8:45]   click [CourierExpress] 快遞 · 快捷 1 天（$120.00）
 364.4s [6月8日（週日） 下午 7:06]   use "Sleep"
 365.0s [6月8日（週日） 下午 7:06]   click [Sleep] Sleep until 7:00 AM
 366.9s [6月9日（週一） 上午 7:00]   shot 55_decision_customer_return.png
 366.9s [6月9日（週一） 上午 7:00]   decision customer_return → replace
 366.9s [6月9日（週一） 上午 7:00]   click [Choice_replace] 寄一個新的
 368.2s [6月9日（週一） 上午 7:00]   shot 56_decision_outcome_customer_return.png
 368.2s [6月9日（週一） 上午 7:00]   click "OK"
 373.0s [6月9日（週一） 上午 7:07]   use "Packing table"
 373.6s [6月9日（週一） 上午 7:08]   click [Pack] 打包 16 筆訂單（2 小時 8 分）
 374.5s [6月9日（週一） 上午 9:17]   click [CourierExpress] 快遞 · 快捷 1 天（$155.60）
 375.7s [6月9日（週一） 下午 7:00]   shot 57_decision_customer_return.png
 375.7s [6月9日（週一） 下午 7:00]   decision customer_return → replace
 375.7s [6月9日（週一） 下午 7:00]   click [Choice_replace] 寄一個新的
 377.1s [6月9日（週一） 下午 7:00]   shot 58_decision_outcome_customer_return.png
 377.1s [6月9日（週一） 下午 7:00]   click "OK"
 381.8s [6月9日（週一） 下午 7:07]   use "Sleep"
 382.4s [6月9日（週一） 下午 7:07]   click [Sleep] Sleep until 7:00 AM
 388.5s [6月10日（週二） 上午 7:07]   use "Packing table"
 389.1s [6月10日（週二） 上午 7:08]   click [Pack] 打包 11 筆訂單（1 小時 28 分）
 390.0s [6月10日（週二） 上午 8:37]   click [CourierExpress] 快遞 · 快捷 1 天（$107.50）
 391.2s [6月10日（週二） 下午 7:00]   shot 59_decision_customer_return.png
 391.2s [6月10日（週二） 下午 7:00]   decision customer_return → replace
 391.2s [6月10日（週二） 下午 7:00]   click [Choice_replace] 寄一個新的
 392.6s [6月10日（週二） 下午 7:00]   shot 60_decision_outcome_customer_return.png
 392.6s [6月10日（週二） 下午 7:00]   click "OK"
 397.3s [6月10日（週二） 下午 7:07]   use "Sleep"
 397.9s [6月10日（週二） 下午 7:07]   click [Sleep] Sleep until 7:00 AM
 399.7s [6月11日（週三） 上午 7:00]   shot 61_decision_customer_return.png
 399.7s [6月11日（週三） 上午 7:00]   decision customer_return → replace
 399.7s [6月11日（週三） 上午 7:00]   click [Choice_replace] 寄一個新的
 401.1s [6月11日（週三） 上午 7:00]   shot 62_decision_outcome_customer_return.png
 401.1s [6月11日（週三） 上午 7:00]   click "OK"
 405.8s [6月11日（週三） 上午 7:07]   use "Packing table"
 406.5s [6月11日（週三） 上午 7:08]   click [Pack] 打包 10 筆訂單（1 小時 20 分）
 407.4s [6月11日（週三） 上午 8:29]   click [CourierExpress] 快遞 · 快捷 1 天（$102.20）
 408.6s [6月11日（週三） 下午 7:00]   shot 63_decision_supplier_price_increase.png
 408.6s [6月11日（週三） 下午 7:00]   decision supplier_price_increase → accept
 408.6s [6月11日（週三） 下午 7:00]   click [Choice_accept] 好。繼續跟你進貨。
 409.9s [6月11日（週三） 下午 7:00]   shot 64_decision_outcome_supplier_price_increase.png
 409.9s [6月11日（週三） 下午 7:00]   click "OK"
 410.5s [6月11日（週三） 下午 7:00]   shot 65_decision_customer_return.png
 410.5s [6月11日（週三） 下午 7:00]   decision customer_return → replace
 410.5s [6月11日（週三） 下午 7:00]   click [Choice_replace] 寄一個新的
 411.8s [6月11日（週三） 下午 7:00]   shot 66_decision_outcome_customer_return.png
 411.8s [6月11日（週三） 下午 7:00]   click "OK"
 416.5s [6月11日（週三） 下午 7:07]   use "Sleep"
 417.1s [6月11日（週三） 下午 7:07]   click [Sleep] Sleep until 7:00 AM
 423.2s [6月12日（週四） 上午 7:07]   use "Packing table"
 423.9s [6月12日（週四） 上午 7:08]   click [Pack] 打包 13 筆訂單（1 小時 44 分）
 424.8s [6月12日（週四） 上午 8:53]   click [CourierExpress] 快遞 · 快捷 1 天（$143.30）
 427.4s [6月12日（週四） 上午 8:57]   use "Use laptop — Company OS"
 428.0s [6月12日（週四） 上午 8:58]   click [Tab_operations] Operations
 428.1s [6月12日（週四） 上午 8:58]   click [DeliverTo_riverside_studio] 河濱大樓 7C
 428.3s [6月12日（週四） 上午 8:58]   click [Buy_tradelink_wholesale_water_bottle] 購買 $408
 428.9s [6月12日（週四） 下午 7:00]   shot 67_decision_customer_return.png
 428.9s [6月12日（週四） 下午 7:00]   decision customer_return → replace
 428.9s [6月12日（週四） 下午 7:00]   click [Choice_replace] 寄一個新的
 430.3s [6月12日（週四） 下午 7:00]   shot 68_decision_outcome_customer_return.png
 430.3s [6月12日（週四） 下午 7:00]   click "OK"
 433.9s [6月12日（週四） 下午 7:05]   use "Sleep"
 434.5s [6月12日（週四） 下午 7:05]   click [Sleep] Sleep until 7:00 AM
 440.6s [6月13日（週五） 上午 7:07]   use "Packing table"
 441.3s [6月13日（週五） 上午 7:08]   click [Pack] 打包 17 筆訂單（2 小時 16 分）
 442.1s [6月13日（週五） 上午 9:25]   click [CourierExpress] 快遞 · 快捷 1 天（$164.50）
 443.3s [6月13日（週五） 上午 9:26]   shot 69_decision_viral_mention.png
 443.3s [6月13日（週五） 上午 9:26]   decision viral_mention → ride
 443.3s [6月13日（週五） 上午 9:26]   click [Choice_ride] 順其自然
 444.7s [6月13日（週五） 上午 9:26]   shot 70_decision_outcome_viral_mention.png
 444.7s [6月13日（週五） 上午 9:26]   click "OK"
 446.6s [6月13日（週五） 上午 9:28]   use "Use laptop — Company OS"
 447.2s [6月13日（週五） 上午 9:29]   click [Tab_operations] Operations
 447.4s [6月13日（週五） 上午 9:30]   click [DeliverTo_riverside_studio] 河濱大樓 7C
 447.5s [6月13日（週五） 上午 9:30]   click [Buy_tradelink_wholesale_water_bottle] 購買 $408
 447.7s [6月13日（週五） 上午 9:40]   click [Buy_tradelink_wholesale_wireless_earbuds] 購買 $900
 451.4s [6月13日（週五） 下午 7:05]   use "Sleep"
 452.0s [6月13日（週五） 下午 7:05]   click [Sleep] Sleep until 7:00 AM
 458.1s [6月14日（週六） 上午 7:07]   use "Packing table"
 458.8s [6月14日（週六） 上午 7:08]   click [Pack] 打包 24 筆訂單（3 小時 12 分）
 459.7s [6月14日（週六） 上午 10:21]   click [CourierExpress] 快遞 · 快捷 1 天（$226.80）
 462.4s [6月14日（週六） 上午 10:25]   use "Use laptop — Company OS"
 463.0s [6月14日（週六） 上午 10:26]   click [Tab_operations] Operations
 463.1s [6月14日（週六） 上午 10:26]   click [DeliverTo_riverside_studio] 河濱大樓 7C
 463.3s [6月14日（週六） 上午 10:27]   click [Buy_tradelink_wholesale_water_bottle] 購買 $408
 463.5s [6月14日（週六） 上午 10:37]   click [Buy_tradelink_wholesale_wireless_earbuds] 購買 $900
 464.1s [6月14日（週六） 上午 10:47]   shot 71_decision_customer_return.png
 464.1s [6月14日（週六） 上午 10:47]   decision customer_return → replace
 464.1s [6月14日（週六） 上午 10:47]   click [Choice_replace] 寄一個新的
 465.5s [6月14日（週六） 上午 10:47]   shot 72_decision_outcome_customer_return.png
 465.5s [6月14日（週六） 上午 10:47]   click "OK"
 469.1s [6月14日（週六） 下午 7:05]   use "Sleep"
 469.7s [6月14日（週六） 下午 7:05]   click [Sleep] Sleep until 7:00 AM
 475.8s [6月15日（週日） 上午 7:07]   use "Packing table"
 476.4s [6月15日（週日） 上午 7:08]   click [Pack] 打包 22 筆訂單（2 小時 56 分）
 477.3s [6月15日（週日） 上午 10:05]   click [CourierExpress] 快遞 · 快捷 1 天（$219.80）
 480.0s [6月15日（週日） 上午 10:09]   use "Use laptop — Company OS"
 480.6s [6月15日（週日） 上午 10:10]   click [Tab_operations] Operations
 480.7s [6月15日（週日） 上午 10:10]   click [DeliverTo_riverside_studio] 河濱大樓 7C
 480.9s [6月15日（週日） 上午 10:11]   click [Buy_tradelink_wholesale_wireless_earbuds] 購買 $900
 481.5s [6月15日（週日） 下午 12:07]   toast: 新評價 #1130：★「浪費錢。」
 484.6s [6月15日（週日） 下午 7:05]   use "Sleep"
 485.2s [6月15日（週日） 下午 7:05]   click [Sleep] Sleep until 7:00 AM
 487.0s [6月16日（週一） 上午 7:00]   shot 73_decision_customer_return.png
 487.0s [6月16日（週一） 上午 7:00]   decision customer_return → replace
 487.0s [6月16日（週一） 上午 7:00]   click [Choice_replace] 寄一個新的
 488.4s [6月16日（週一） 上午 7:00]   shot 74_decision_outcome_customer_return.png
 488.4s [6月16日（週一） 上午 7:00]   click "OK"
 493.1s [6月16日（週一） 上午 7:07]   use "Packing table"
 493.8s [6月16日（週一） 上午 7:08]   click [Pack] 打包 20 筆訂單（2 小時 40 分）
 494.7s [6月16日（週一） 上午 9:49]   click [CourierExpress] 快遞 · 快捷 1 天（$194.80）
 495.8s [6月16日（週一） 下午 2:37]   toast: 新評價 #1135：★★「不太好。感覺很廉價。」
 495.9s [6月16日（週一） 下午 7:00]   shot 75_decision_unexpected_large_order.png
 495.9s [6月16日（週一） 下午 7:00]   decision unexpected_large_order → review
 495.9s [6月16日（週一） 下午 7:00]   click [Choice_review] 把合約寄給我，我看看。
 497.3s [6月16日（週一） 下午 7:00]   shot 76_decision_outcome_unexpected_large_order.png
 497.3s [6月16日（週一） 下午 7:00]   click "OK"
 502.0s [6月16日（週一） 下午 7:07]   use "Sleep"
 502.6s [6月16日（週一） 下午 7:07]   click [Sleep] Sleep until 7:00 AM
 504.4s [6月17日（週二） 上午 7:00]   shot 77_decision_customer_return.png
 504.4s [6月17日（週二） 上午 7:00]   decision customer_return → replace
 504.4s [6月17日（週二） 上午 7:00]   click [Choice_replace] 寄一個新的
 505.8s [6月17日（週二） 上午 7:00]   shot 78_decision_outcome_customer_return.png
 505.8s [6月17日（週二） 上午 7:00]   click "OK"
 506.3s [6月17日（週二） 上午 7:00]   shot 79_decision_customer_return.png
 506.3s [6月17日（週二） 上午 7:00]   decision customer_return → replace
 506.3s [6月17日（週二） 上午 7:00]   click [Choice_replace] 寄一個新的
 507.6s [6月17日（週二） 上午 7:00]   shot 80_decision_outcome_customer_return.png
 507.6s [6月17日（週二） 上午 7:00]   click "OK"
 508.2s [6月17日（週二） 上午 7:00]   shot 81_decision_customer_return.png
 508.2s [6月17日（週二） 上午 7:00]   decision customer_return → refund
 508.2s [6月17日（週二） 上午 7:00]   click [Choice_refund] 退款＋收回商品
 509.5s [6月17日（週二） 上午 7:00]   shot 82_decision_outcome_customer_return.png
 509.5s [6月17日（週二） 上午 7:00]   click "OK"
 514.3s [6月17日（週二） 上午 7:07]   use "Packing table"
 515.0s [6月17日（週二） 上午 7:08]   click [Pack] 打包 15 筆訂單（2 h）
 515.8s [6月17日（週二） 上午 9:09]   click [CourierExpress] 快遞 · 快捷 1 天（$146.70）
 518.5s [6月17日（週二） 上午 9:13]   use "Use laptop — Company OS"
 519.0s [6月17日（週二） 上午 9:14]   click [Tab_contracts] 合約 ●
 519.7s [6月17日（週二） 上午 9:15]   shot 83_contract_offer.png
 519.7s [6月17日（週二） 上午 9:15]   click [AcceptContract] Accept
 523.9s [6月17日（週二） 下午 7:05]   use "Sleep"
 524.5s [6月17日（週二） 下午 7:05]   click [Sleep] Sleep until 7:00 AM
 530.5s [6月18日（週三） 上午 7:07]   use "Packing table"
 531.2s [6月18日（週三） 上午 7:08]   click [Pack] 打包 10 筆訂單（1 小時 20 分）
 532.1s [6月18日（週三） 上午 8:29]   click [CourierExpress] 快遞 · 快捷 1 天（$98.60）
 534.7s [6月18日（週三） 上午 8:33]   use "Use laptop — Company OS"
 535.3s [6月18日（週三） 上午 8:34]   click [Tab_contracts] Contracts
 535.8s [6月18日（週三） 上午 8:35]   click [DeliverContract] 打包並交貨 120 件（B2B 貨運 $40）
 536.5s [6月18日（週三） 上午 10:06]   shot 84_contract_delivered.png
 540.0s [6月18日（週三） 下午 7:05]   use "Sleep"
 540.6s [6月18日（週三） 下午 7:05]   click [Sleep] Sleep until 7:00 AM
 542.5s [6月19日（週四） 上午 7:00]   shot 85_decision_customer_return.png
 542.5s [6月19日（週四） 上午 7:00]   decision customer_return → replace
 542.5s [6月19日（週四） 上午 7:00]   click [Choice_replace] 寄一個新的
 543.8s [6月19日（週四） 上午 7:00]   shot 86_decision_outcome_customer_return.png
 543.8s [6月19日（週四） 上午 7:00]   click "OK"
 548.6s [6月19日（週四） 上午 7:07]   use "Packing table"
 549.3s [6月19日（週四） 上午 7:08]   click [Pack] 打包 7 筆訂單（56 分鐘）
 550.1s [6月19日（週四） 上午 8:05]   click [CourierExpress] 快遞 · 快捷 1 天（$71.90）
 555.5s [6月19日（週四） 下午 7:06]   use "Sleep"
 556.1s [6月19日（週四） 下午 7:06]   click [Sleep] Sleep until 7:00 AM
 557.9s [6月20日（週五） 上午 7:00]   shot 87_decision_customer_return.png
 557.9s [6月20日（週五） 上午 7:00]   decision customer_return → refund
 557.9s [6月20日（週五） 上午 7:00]   click [Choice_refund] 退款＋收回商品
 559.3s [6月20日（週五） 上午 7:00]   shot 88_decision_outcome_customer_return.png
 559.3s [6月20日（週五） 上午 7:00]   click "OK"
 564.0s [6月20日（週五） 上午 7:07]   use "Packing table"
 564.7s [6月20日（週五） 上午 7:08]   click [Pack] 打包 6 筆訂單（48 分鐘）
 565.6s [6月20日（週五） 上午 7:57]   click [CourierExpress] 快遞 · 快捷 1 天（$63.00）
 566.8s [6月20日（週五） 下午 7:00]   shot 89_decision_customer_return.png
 566.8s [6月20日（週五） 下午 7:00]   decision customer_return → refund
 566.8s [6月20日（週五） 下午 7:00]   click [Choice_refund] 退款＋收回商品
 568.1s [6月20日（週五） 下午 7:00]   shot 90_decision_outcome_customer_return.png
 568.1s [6月20日（週五） 下午 7:00]   click "OK"
 572.9s [6月20日（週五） 下午 7:07]   use "Sleep"
 573.5s [6月20日（週五） 下午 7:07]   click [Sleep] Sleep until 7:00 AM
 575.3s [6月21日（週六） 上午 7:00]   shot 91_decision_customer_return.png
 575.3s [6月21日（週六） 上午 7:00]   decision customer_return → refund
 575.3s [6月21日（週六） 上午 7:00]   click [Choice_refund] 退款＋收回商品
 576.7s [6月21日（週六） 上午 7:00]   shot 92_decision_outcome_customer_return.png
 576.7s [6月21日（週六） 上午 7:00]   click "OK"
 581.4s [6月21日（週六） 上午 7:07]   use "Packing table"
 582.1s [6月21日（週六） 上午 7:08]   click [Pack] 打包 8 筆訂單（1 小時 4 分）
 583.0s [6月21日（週六） 上午 8:13]   click [CourierExpress] 快遞 · 快捷 1 天（$80.80）
 588.3s [6月21日（週六） 下午 7:06]   use "Sleep"
 588.9s [6月21日（週六） 下午 7:06]   click [Sleep] Sleep until 7:00 AM
 595.0s [6月22日（週日） 上午 7:07]   use "Packing table"
 595.7s [6月22日（週日） 上午 7:08]   click [Pack] 打包 15 筆訂單（2 h）
 596.6s [6月22日（週日） 上午 9:09]   click [CourierExpress] 快遞 · 快捷 1 天（$143.10）
 602.0s [6月22日（週日） 下午 7:06]   use "Sleep"
 602.6s [6月22日（週日） 下午 7:06]   click [Sleep] Sleep until 7:00 AM
 608.6s [6月23日（週一） 上午 7:07]   use "Packing table"
 609.3s [6月23日（週一） 上午 7:08]   click [Pack] 打包 3 筆訂單（24 分鐘）
 610.2s [6月23日（週一） 上午 7:33]   click [CourierExpress] 快遞 · 快捷 1 天（$32.70）
 615.6s [6月23日（週一） 下午 7:06]   use "Sleep"
 616.2s [6月23日（週一） 下午 7:06]   click [Sleep] Sleep until 7:00 AM
 622.2s [6月24日（週二） 上午 7:07]   use "Packing table"
 622.9s [6月24日（週二） 上午 7:08]   click [Pack] 打包 5 筆訂單（40 分鐘）
 623.8s [6月24日（週二） 上午 7:49]   click [CourierExpress] 快遞 · 快捷 1 天（$50.50）
 629.2s [6月24日（週二） 下午 7:06]   use "Sleep"
 629.8s [6月24日（週二） 下午 7:06]   click [Sleep] Sleep until 7:00 AM
 635.8s [6月25日（週三） 上午 7:07]   use "Packing table"
 636.5s [6月25日（週三） 上午 7:08]   click [Pack] 打包 7 筆訂單（56 分鐘）
 637.4s [6月25日（週三） 上午 8:05]   click [CourierExpress] 快遞 · 快捷 1 天（$68.30）
 642.7s [6月25日（週三） 下午 7:06]   use "Sleep"
 643.4s [6月25日（週三） 下午 7:06]   click [Sleep] Sleep until 7:00 AM
 649.4s [6月26日（週四） 上午 7:07]   use "Packing table"
 650.1s [6月26日（週四） 上午 7:08]   click [Pack] 打包 4 筆訂單（32 分鐘）
 651.0s [6月26日（週四） 上午 7:41]   click [CourierExpress] 快遞 · 快捷 1 天（$41.60）
 656.3s [6月26日（週四） 下午 7:06]   use "Sleep"
 656.9s [6月26日（週四） 下午 7:06]   click [Sleep] Sleep until 7:00 AM
 663.0s [6月27日（週五） 上午 7:07]   use "Packing table"
 663.7s [6月27日（週五） 上午 7:08]   click [Pack] 打包 2 筆訂單（16 分鐘）
 664.6s [6月27日（週五） 上午 7:25]   click [CourierExpress] 快遞 · 快捷 1 天（$23.80）
 670.0s [6月27日（週五） 下午 7:06]   use "Sleep"
 670.6s [6月27日（週五） 下午 7:06]   click [Sleep] Sleep until 7:00 AM
 672.4s [6月28日（週六） 上午 7:00]   shot 93_decision_customer_return.png
 672.4s [6月28日（週六） 上午 7:00]   decision customer_return → replace
 672.4s [6月28日（週六） 上午 7:00]   click [Choice_replace] 寄一個新的
 673.7s [6月28日（週六） 上午 7:00]   shot 94_decision_outcome_customer_return.png
 673.7s [6月28日（週六） 上午 7:00]   click "OK"
 678.5s [6月28日（週六） 上午 7:07]   use "Packing table"
 679.2s [6月28日（週六） 上午 7:08]   click [Pack] 打包 3 筆訂單（24 分鐘）
 680.1s [6月28日（週六） 上午 7:33]   click [CourierExpress] 快遞 · 快捷 1 天（$32.70）
 682.7s [6月28日（週六） 上午 7:37]   use "Use laptop — Company OS"
 683.3s [6月28日（週六） 上午 7:38]   click [Tab_operations] Operations
 683.4s [6月28日（週六） 上午 7:38]   click [DeliverTo_riverside_studio] 河濱大樓 7C
 683.6s [6月28日（週六） 上午 7:38]   click [Buy_tradelink_wholesale_water_bottle] 購買 $408
 687.3s [6月28日（週六） 下午 7:05]   use "Sleep"
 687.9s [6月28日（週六） 下午 7:05]   click [Sleep] Sleep until 7:00 AM
 694.0s [6月29日（週日） 上午 7:07]   use "Packing table"
 694.7s [6月29日（週日） 上午 7:08]   click [Pack] 打包 8 筆訂單（1 小時 4 分）
 695.6s [6月29日（週日） 上午 8:13]   click [CourierExpress] 快遞 · 快捷 1 天（$77.20）
 698.3s [6月29日（週日） 上午 8:17]   use "Use laptop — Company OS"
 698.8s [6月29日（週日） 上午 8:18]   click [Tab_operations] Operations
 699.0s [6月29日（週日） 上午 8:18]   click [DeliverTo_riverside_studio] 河濱大樓 7C
 699.1s [6月29日（週日） 上午 8:19]   click [Buy_tradelink_wholesale_water_bottle] 購買 $408
 702.9s [6月29日（週日） 下午 7:05]   use "Sleep"
 703.5s [6月29日（週日） 下午 7:05]   click [Sleep] Sleep until 7:00 AM
 709.6s [6月30日（週一） 上午 7:07]   use "Packing table"
 710.3s [6月30日（週一） 上午 7:08]   click [Pack] 打包 7 筆訂單（56 分鐘）
 711.2s [6月30日（週一） 上午 8:05]   click [CourierExpress] 快遞 · 快捷 1 天（$68.30）
 713.8s [6月30日（週一） 上午 8:09]   use "Use laptop — Company OS"
 714.4s [6月30日（週一） 上午 8:10]   click [Tab_operations] Operations
 714.5s [6月30日（週一） 上午 8:10]   click [DeliverTo_riverside_studio] 河濱大樓 7C
 714.7s [6月30日（週一） 上午 8:11]   click [Buy_tradelink_wholesale_water_bottle] 購買 $408
 718.4s [6月30日（週一） 下午 7:05]   use "Sleep"
 719.0s [6月30日（週一） 下午 7:05]   click [Sleep] Sleep until 7:00 AM
 722.4s [7月1日（週二） 上午 7:00]   shot 95_month_close_report.png
 722.4s [7月1日（週二） 上午 7:00]   click [month close] Continue
 727.2s [7月1日（週二） 上午 7:07]   use "Packing table"
 727.9s [7月1日（週二） 上午 7:08]   click [Pack] 打包 5 筆訂單（40 分鐘）
 728.8s [7月1日（週二） 上午 7:49]   click [CourierExpress] 快遞 · 快捷 1 天（$50.50）
 730.9s [7月1日（週二） 上午 7:52]   ok  month close ran (June)
 732.5s [7月1日（週二） 上午 7:55]   use "Use laptop — Company OS"
 733.1s [7月1日（週二） 上午 7:55]   click [Tab_finance] Finance
 733.7s [7月1日（週二） 上午 7:56]   shot 96_company_os_finance_july.png
 734.1s [7月1日（週二） 上午 7:57]   ok  Chapter 4 started after the June close
 734.1s [7月1日（週二） 上午 7:57] STEP Chapter 4 — register as an employer at City Hall
 736.8s [7月1日（週二） 上午 8:02]   ok  walked back outside
 746.2s [7月1日（週二） 上午 8:16]   use "捷運——河濱區站"
 747.1s [7月1日（週二） 上午 8:17]   shot 97_metro_civic_center.png
 747.1s [7月1日（週二） 上午 8:17]   click [Go_civic_center] 市政中心  ·  12 分鐘
 748.2s [7月1日（週二） 上午 8:31]   ok  took the Metro to Civic Center
 755.5s [7月1日（週二） 上午 9:17]   ok  entered Aurelia City Hall
 757.4s [7月1日（週二） 上午 9:20]   use "Permits & regulations"
 758.1s [7月1日（週二） 上午 9:21]   shot 98_permits_kiosk.png
 758.1s [7月1日（週二） 上午 9:21]   click [RegisterEmployer] 登記（$150）
 759.1s [7月1日（週二） 上午 9:42]   ok  registered as an employer
 759.1s [7月1日（週二） 上午 9:42] STEP Chapter 4 — post a job, hire, first payroll
 762.1s [7月1日（週二） 上午 9:48]   ok  walked back outside
 767.7s [7月1日（週二） 上午 9:56]   use "捷運——市政中心站"
 768.7s [7月1日（週二） 上午 9:58]   shot 99_metro_riverside.png
 768.7s [7月1日（週二） 上午 9:58]   click [Go_riverside] 河濱區  ·  12 分鐘
 769.7s [7月1日（週二） 上午 10:11]   ok  took the Metro to Riverside
 778.8s [7月1日（週二） 上午 10:25]   ok  entered Riverside Tower
 780.3s [7月1日（週二） 上午 10:27]   use "Use laptop — Company OS"
 780.8s [7月1日（週二） 上午 10:28]   click [Tab_people] People
 781.5s [7月1日（週二） 上午 10:29]   shot 100_people_tab.png
 781.5s [7月1日（週二） 上午 10:29]   click [Post_support] Post job
 782.4s [7月1日（週二） 上午 10:30]   ok  job ad posted
 782.4s [7月1日（週二） 上午 10:30]   (harness) wait 2 h
 786.3s [7月1日（週二） 下午 12:36]   use "Packing table"
 787.0s [7月1日（週二） 下午 12:37]   click [Pack] 打包 2 筆訂單（16 分鐘）
 787.9s [7月1日（週二） 下午 12:55]   click [CourierExpress] 快遞 · 快捷 1 天（$23.80）
 788.9s [7月1日（週二） 下午 12:56]   (harness) wait 2 h
 789.5s [7月1日（週二） 下午 2:57]   (harness) wait 2 h
 790.1s [7月1日（週二） 下午 4:58]   (harness) wait 2 h
 790.9s [7月1日（週二） 下午 6:59]   use "Packing table"
 791.6s [7月1日（週二） 下午 7:00]   click [Pack] 打包 1 筆訂單（8 分鐘）
 792.5s [7月1日（週二） 下午 7:10]   click [CourierExpress] 快遞 · 快捷 1 天（$14.90）
 797.9s [7月1日（週二） 下午 7:18]   use "Sleep"
 798.5s [7月1日（週二） 下午 7:18]   click [Sleep] Sleep until 7:00 AM
 800.3s [7月2日（週三） 上午 7:00]   shot 101_decision_customer_return.png
 800.3s [7月2日（週三） 上午 7:00]   decision customer_return → replace
 800.3s [7月2日（週三） 上午 7:00]   click [Choice_replace] 寄一個新的
 801.7s [7月2日（週三） 上午 7:00]   shot 102_decision_outcome_customer_return.png
 801.7s [7月2日（週三） 上午 7:00]   click "OK"
 803.2s [7月2日（週三） 上午 7:02]   use "Use laptop — Company OS"
 803.8s [7月2日（週三） 上午 7:03]   click [Tab_people] People
 804.5s [7月2日（週三） 上午 7:04]   shot 103_applicants.png
 804.5s [7月2日（週三） 上午 7:04]   click [Hire_E1] Hire
 805.4s [7月2日（週三） 上午 7:05]   ok  hired the first employee (Ben Silva)
 808.2s [7月2日（週三） 下午 7:04]   use "Sleep"
 808.8s [7月2日（週三） 下午 7:04]   click [Sleep] Sleep until 7:00 AM
 814.9s [7月3日（週四） 上午 7:07]   use "Packing table"
 815.6s [7月3日（週四） 上午 7:08]   click [Pack] 打包 4 筆訂單（32 分鐘）
 816.5s [7月3日（週四） 上午 7:41]   click [CourierExpress] 快遞 · 快捷 1 天（$41.60）
 821.9s [7月3日（週四） 下午 7:06]   use "Sleep"
 822.5s [7月3日（週四） 下午 7:06]   click [Sleep] Sleep until 7:00 AM
 828.6s [7月4日（週五） 上午 7:07]   use "Packing table"
 829.2s [7月4日（週五） 上午 7:08]   click [Pack] 打包 8 筆訂單（1 小時 4 分）
 830.1s [7月4日（週五） 上午 8:13]   click [CourierExpress] 快遞 · 快捷 1 天（$77.20）
 835.4s [7月4日（週五） 下午 7:06]   use "Sleep"
 836.0s [7月4日（週五） 下午 7:06]   click [Sleep] Sleep until 7:00 AM
 842.1s [7月5日（週六） 上午 7:07]   use "Packing table"
 842.8s [7月5日（週六） 上午 7:08]   click [Pack] 打包 8 筆訂單（1 小時 4 分）
 843.7s [7月5日（週六） 上午 8:13]   click [CourierExpress] 快遞 · 快捷 1 天（$77.20）
 844.8s [7月5日（週六） 上午 8:15]   ok  first payroll paid
 846.3s [7月5日（週六） 上午 8:17]   use "Use laptop — Company OS"
 846.9s [7月5日（週六） 上午 8:18]   click [Tab_finance] Finance
 847.6s [7月5日（週六） 上午 8:19]   shot 104_cash_forecast.png
 849.0s [7月5日（週六） 上午 8:21]   ok  Chapter 4 complete
 849.0s [7月5日（週六） 上午 8:21] STEP Chapter 5 — Crestline's offer
 849.1s [7月5日（週六） 下午 7:00]   shot 105_decision_supplier_price_increase.png
 849.1s [7月5日（週六） 下午 7:00]   decision supplier_price_increase → accept
 849.1s [7月5日（週六） 下午 7:00]   click [Choice_accept] 好。繼續跟你進貨。
 850.4s [7月5日（週六） 下午 7:00]   shot 106_decision_outcome_supplier_price_increase.png
 850.4s [7月5日（週六） 下午 7:00]   click "OK"
 854.0s [7月5日（週六） 下午 7:05]   use "Sleep"
 854.6s [7月5日（週六） 下午 7:05]   click [Sleep] Sleep until 7:00 AM
 860.7s [7月6日（週日） 上午 7:07]   use "Packing table"
 861.4s [7月6日（週日） 上午 7:08]   click [Pack] 打包 8 筆訂單（1 小時 4 分）
 862.3s [7月6日（週日） 上午 8:13]   click [CourierExpress] 快遞 · 快捷 1 天（$77.20）
 867.6s [7月6日（週日） 下午 7:06]   use "Sleep"
 868.2s [7月6日（週日） 下午 7:06]   click [Sleep] Sleep until 7:00 AM
 874.3s [7月7日（週一） 上午 7:07]   use "Packing table"
 875.0s [7月7日（週一） 上午 7:08]   click [Pack] 打包 9 筆訂單（1 小時 12 分）
 875.8s [7月7日（週一） 上午 8:21]   click [CourierExpress] 快遞 · 快捷 1 天（$86.10）
 881.2s [7月7日（週一） 下午 7:06]   use "Sleep"
 881.8s [7月7日（週一） 下午 7:06]   click [Sleep] Sleep until 7:00 AM
 887.9s [7月8日（週二） 上午 7:07]   use "Packing table"
 888.6s [7月8日（週二） 上午 7:08]   click [Pack] 打包 5 筆訂單（40 分鐘）
 889.5s [7月8日（週二） 上午 7:49]   click [CourierExpress] 快遞 · 快捷 1 天（$50.50）
 894.8s [7月8日（週二） 下午 7:06]   use "Sleep"
 895.4s [7月8日（週二） 下午 7:06]   click [Sleep] Sleep until 7:00 AM
 901.5s [7月9日（週三） 上午 7:07]   use "Packing table"
 902.2s [7月9日（週三） 上午 7:08]   click [Pack] 打包 8 筆訂單（1 小時 4 分）
 903.0s [7月9日（週三） 上午 8:13]   click [CourierExpress] 快遞 · 快捷 1 天（$77.20）
 908.4s [7月9日（週三） 下午 7:06]   use "Sleep"
 909.0s [7月9日（週三） 下午 7:06]   click [Sleep] Sleep until 7:00 AM
 915.1s [7月10日（週四） 上午 7:07]   use "Packing table"
 915.7s [7月10日（週四） 上午 7:08]   click [Pack] 打包 6 筆訂單（48 分鐘）
 916.6s [7月10日（週四） 上午 7:57]   click [CourierExpress] 快遞 · 快捷 1 天（$59.40）
 918.9s [7月10日（週四） 下午 7:02]   shot 107_decision_crestline_big_offer.png
 918.9s [7月10日（週四） 下午 7:02]   decision crestline_big_offer → review
 918.9s [7月10日（週四） 下午 7:02]   click [Choice_review] 把合約寄來，我看看。
 920.3s [7月10日（週四） 下午 7:02]   shot 108_decision_outcome_crestline_big_offer.png
 920.3s [7月10日（週四） 下午 7:02]   click "OK"
 924.0s [7月10日（週四） 下午 7:07]   use "Sleep"
 924.6s [7月10日（週四） 下午 7:07]   click [Sleep] Sleep until 7:00 AM
 930.6s [7月11日（週五） 上午 7:07]   use "Packing table"
 931.3s [7月11日（週五） 上午 7:08]   click [Pack] 打包 9 筆訂單（1 小時 12 分）
 932.2s [7月11日（週五） 上午 8:21]   click [CourierExpress] 快遞 · 快捷 1 天（$86.10）
 933.3s [7月11日（週五） 上午 8:23]   ok  Crestline offered the big contract
 934.8s [7月11日（週五） 上午 8:25]   use "Use laptop — Company OS"
 935.4s [7月11日（週五） 上午 8:26]   click [Tab_contracts] 合約 ●
 936.1s [7月11日（週五） 上午 8:27]   shot 109_big_contract_offer.png
 936.1s [7月11日（週五） 上午 8:27]   click [AcceptContract] Accept
 937.1s [7月11日（週五） 上午 8:29]   ok  accepted Crestline's contract
 937.1s [7月11日（週五） 上午 8:29] STEP Chapter 5 — borrow from Marcus Reed at Nexus Bank
 939.7s [7月11日（週五） 上午 8:34]   ok  walked back outside
 949.2s [7月11日（週五） 上午 8:48]   use "捷運——河濱區站"
 950.1s [7月11日（週五） 上午 8:49]   shot 110_metro_financial.png
 950.1s [7月11日（週五） 上午 8:49]   click [Go_financial] 金融區  ·  10 分鐘
 951.1s [7月11日（週五） 上午 9:01]   ok  took the Metro to Financial District
 959.0s [7月11日（週五） 下午 1:17]   ok  entered Nexus Bank
 960.7s [7月11日（週五） 下午 1:20]   use "和 Marcus Reed 說話"
 963.7s [7月11日（週五） 下午 1:20]   choose "› 讓我看看你能借多少。"
 965.5s [7月11日（週五） 下午 1:20]   shot 111_loan_offer.png
 965.5s [7月11日（週五） 下午 1:20]   click [Amt_50] $16,000
 965.7s [7月11日（週五） 下午 1:20]   click [Term_12] 12 個月
 965.8s [7月11日（週五） 下午 1:20]   click [TakeLoan] 借 $16,000
 966.0s [7月11日（週五） 下午 1:20]   click [ConfirmLoan] Confirm loan signing
 966.2s [7月11日（週五） 下午 5:00]   ok  loan signing finishes the same afternoon
 966.7s [7月11日（週五） 下午 5:00]   shot 112_loan_taken.png
 967.1s [7月11日（週五） 下午 5:00]   ok  took a Nexus Bank loan (debt $16,000.00)
 967.1s [7月11日（週五） 下午 5:00] STEP Chapter 5 — order the lamps and deliver
 969.9s [7月11日（週五） 下午 5:05]   ok  walked back outside
 976.1s [7月11日（週五） 下午 5:14]   use "捷運——金融區站"
 977.0s [7月11日（週五） 下午 5:16]   shot 113_metro_riverside.png
 977.0s [7月11日（週五） 下午 5:16]   click [Go_riverside] 河濱區  ·  10 分鐘
 978.0s [7月11日（週五） 下午 5:27]   ok  took the Metro to Riverside
 987.2s [7月11日（週五） 下午 5:41]   ok  entered Riverside Tower
 988.6s [7月11日（週五） 下午 5:43]   use "Use laptop — Company OS"
 989.2s [7月11日（週五） 下午 5:44]   click [Tab_contracts] Contracts
 989.8s [7月11日（週五） 下午 5:45]   click [FillContract] 追加訂購 800 件，向 TradeLink 批發（$9,200）
 990.5s [7月11日（週五） 下午 5:56]   shot 114_contract_restock.png
 993.8s [7月11日（週五） 下午 7:04]   use "Sleep"
 994.4s [7月11日（週五） 下午 7:04]   click [Sleep] Sleep until 7:00 AM
1000.5s [7月12日（週六） 上午 7:07]   use "Packing table"
1001.2s [7月12日（週六） 上午 7:08]   click [Pack] 打包 8 筆訂單（1 小時 4 分）
1002.1s [7月12日（週六） 上午 8:13]   click [CourierExpress] 快遞 · 快捷 1 天（$77.20）
1007.4s [7月12日（週六） 下午 7:06]   use "Sleep"
1008.0s [7月12日（週六） 下午 7:06]   click [Sleep] Sleep until 7:00 AM
1014.1s [7月13日（週日） 上午 7:07]   use "Packing table"
1014.8s [7月13日（週日） 上午 7:08]   click [Pack] 打包 9 筆訂單（1 小時 12 分）
1015.7s [7月13日（週日） 上午 8:21]   click [CourierExpress] 快遞 · 快捷 1 天（$86.10）
1021.0s [7月13日（週日） 下午 7:06]   use "Sleep"
1021.6s [7月13日（週日） 下午 7:06]   click [Sleep] Sleep until 7:00 AM
1027.7s [7月14日（週一） 上午 7:07]   use "Packing table"
1028.4s [7月14日（週一） 上午 7:08]   click [Pack] 打包 6 筆訂單（48 分鐘）
1029.3s [7月14日（週一） 上午 7:57]   click [CourierExpress] 快遞 · 快捷 1 天（$59.40）
1031.9s [7月14日（週一） 上午 8:01]   use "Use laptop — Company OS"
1032.5s [7月14日（週一） 上午 8:02]   click [Tab_contracts] Contracts
1033.1s [7月14日（週一） 上午 8:03]   click [DeliverContract] 打包並交貨 800 件（B2B 貨運 $40）
1033.9s [7月14日（週一） 上午 9:34]   shot 115_big_contract_delivered.png
1034.3s [7月14日（週一） 上午 9:35]   ok  delivered 800 lamps to Crestline
1035.3s [7月14日（週一） 上午 9:36]   ok  Chapter 5 complete
1035.3s [7月14日（週一） 上午 9:36] STEP Chapter 6 — forecast, early payment, month in the black
1035.5s [7月14日（週一） 上午 9:37]   use "Use laptop — Company OS"
1036.1s [7月14日（週一） 上午 9:37]   click [Tab_finance] Finance
1036.8s [7月14日（週一） 上午 9:38]   shot 116_cash_forecast_ch6.png
1036.8s [7月14日（週一） 上午 9:38]   click [Tab_contracts] Contracts
1037.3s [7月14日（週一） 上午 9:39]   click [EarlyPayment] 請對方提前付款（折 3%：現在拿 $21,728）
1038.0s [7月14日（週一） 上午 9:40]   shot 117_early_payment.png
1038.4s [7月14日（週一） 上午 9:41]   ok  Crestline paid early (3% discount)
1041.5s [7月14日（週一） 下午 7:05]   use "Sleep"
1042.1s [7月14日（週一） 下午 7:05]   click [Sleep] Sleep until 7:00 AM
1048.2s [7月15日（週二） 上午 7:07]   use "Packing table"
1048.9s [7月15日（週二） 上午 7:08]   click [Pack] 打包 3 筆訂單（24 分鐘）
1049.8s [7月15日（週二） 上午 7:33]   click [CourierExpress] 快遞 · 快捷 1 天（$32.70）
1051.0s [7月15日（週二） 下午 7:00]   shot 118_decision_elena_offer.png
1051.0s [7月15日（週二） 下午 7:00]   decision elena_offer → accept
1051.0s [7月15日（週二） 下午 7:00]   click [Choice_accept] 以 20% 股份換 $40,000
1052.3s [7月15日（週二） 下午 7:00]   shot 119_decision_outcome_elena_offer.png
1052.3s [7月15日（週二） 下午 7:00]   click "OK"
1057.1s [7月15日（週二） 下午 7:07]   use "Sleep"
1057.7s [7月15日（週二） 下午 7:07]   click [Sleep] Sleep until 7:00 AM
1063.8s [7月16日（週三） 上午 7:07]   use "Packing table"
1064.5s [7月16日（週三） 上午 7:08]   click [Pack] 打包 5 筆訂單（40 分鐘）
1065.4s [7月16日（週三） 上午 7:49]   click [CourierExpress] 快遞 · 快捷 1 天（$50.50）
1070.7s [7月16日（週三） 下午 7:06]   use "Sleep"
1071.3s [7月16日（週三） 下午 7:06]   click [Sleep] Sleep until 7:00 AM
1077.4s [7月17日（週四） 上午 7:07]   use "Packing table"
1078.1s [7月17日（週四） 上午 7:08]   click [Pack] 打包 12 筆訂單（1 小時 36 分）
1079.0s [7月17日（週四） 上午 8:45]   click [CourierExpress] 快遞 · 快捷 1 天（$112.80）
1084.4s [7月17日（週四） 下午 7:06]   use "Sleep"
1085.0s [7月17日（週四） 下午 7:06]   click [Sleep] Sleep until 7:00 AM
1091.0s [7月18日（週五） 上午 7:07]   use "Packing table"
1091.7s [7月18日（週五） 上午 7:08]   click [Pack] 打包 9 筆訂單（1 小時 12 分）
1092.6s [7月18日（週五） 上午 8:21]   click [CourierExpress] 快遞 · 快捷 1 天（$86.10）
1098.0s [7月18日（週五） 下午 7:06]   use "Sleep"
1098.6s [7月18日（週五） 下午 7:06]   click [Sleep] Sleep until 7:00 AM
1104.6s [7月19日（週六） 上午 7:07]   use "Packing table"
1105.3s [7月19日（週六） 上午 7:08]   click [Pack] 打包 5 筆訂單（40 分鐘）
1106.2s [7月19日（週六） 上午 7:49]   click [CourierExpress] 快遞 · 快捷 1 天（$50.50）
1111.6s [7月19日（週六） 下午 7:06]   use "Sleep"
1112.2s [7月19日（週六） 下午 7:06]   click [Sleep] Sleep until 7:00 AM
1118.2s [7月20日（週日） 上午 7:07]   use "Packing table"
1118.9s [7月20日（週日） 上午 7:08]   click [Pack] 打包 4 筆訂單（32 分鐘）
1119.8s [7月20日（週日） 上午 7:41]   click [CourierExpress] 快遞 · 快捷 1 天（$41.60）
1125.2s [7月20日（週日） 下午 7:06]   use "Sleep"
1125.8s [7月20日（週日） 下午 7:06]   click [Sleep] Sleep until 7:00 AM
1131.8s [7月21日（週一） 上午 7:07]   use "Packing table"
1132.5s [7月21日（週一） 上午 7:08]   click [Pack] 打包 7 筆訂單（56 分鐘）
1133.4s [7月21日（週一） 上午 8:05]   click [CourierExpress] 快遞 · 快捷 1 天（$68.30）
1138.8s [7月21日（週一） 下午 7:06]   use "Sleep"
1139.4s [7月21日（週一） 下午 7:06]   click [Sleep] Sleep until 7:00 AM
1145.5s [7月22日（週二） 上午 7:07]   use "Packing table"
1146.1s [7月22日（週二） 上午 7:08]   click [Pack] 打包 9 筆訂單（1 小時 12 分）
1147.0s [7月22日（週二） 上午 8:21]   click [CourierExpress] 快遞 · 快捷 1 天（$86.10）
1152.4s [7月22日（週二） 下午 7:06]   use "Sleep"
1153.0s [7月22日（週二） 下午 7:06]   click [Sleep] Sleep until 7:00 AM
1159.1s [7月23日（週三） 上午 7:07]   use "Packing table"
1159.8s [7月23日（週三） 上午 7:08]   click [Pack] 打包 6 筆訂單（48 分鐘）
1160.7s [7月23日（週三） 上午 7:57]   click [CourierExpress] 快遞 · 快捷 1 天（$59.40）
1166.0s [7月23日（週三） 下午 7:06]   use "Sleep"
1166.6s [7月23日（週三） 下午 7:06]   click [Sleep] Sleep until 7:00 AM
1172.7s [7月24日（週四） 上午 7:07]   use "Packing table"
1173.4s [7月24日（週四） 上午 7:08]   click [Pack] 打包 10 筆訂單（1 小時 20 分）
1174.3s [7月24日（週四） 上午 8:29]   click [CourierExpress] 快遞 · 快捷 1 天（$95.00）
1179.7s [7月24日（週四） 下午 7:06]   use "Sleep"
1180.3s [7月24日（週四） 下午 7:06]   click [Sleep] Sleep until 7:00 AM
1186.4s [7月25日（週五） 上午 7:07]   use "Packing table"
1187.0s [7月25日（週五） 上午 7:08]   click [Pack] 打包 11 筆訂單（1 小時 28 分）
1187.9s [7月25日（週五） 上午 8:37]   click [CourierExpress] 快遞 · 快捷 1 天（$103.90）
1193.3s [7月25日（週五） 下午 7:06]   use "Sleep"
1193.9s [7月25日（週五） 下午 7:06]   click [Sleep] Sleep until 7:00 AM
1200.0s [7月26日（週六） 上午 7:07]   use "Packing table"
1200.6s [7月26日（週六） 上午 7:08]   click [Pack] 打包 4 筆訂單（32 分鐘）
1201.5s [7月26日（週六） 上午 7:41]   click [CourierExpress] 快遞 · 快捷 1 天（$41.60）
1206.9s [7月26日（週六） 下午 7:06]   use "Sleep"
1207.5s [7月26日（週六） 下午 7:06]   click [Sleep] Sleep until 7:00 AM
1213.6s [7月27日（週日） 上午 7:07]   use "Packing table"
1214.3s [7月27日（週日） 上午 7:08]   click [Pack] 打包 6 筆訂單（48 分鐘）
1215.1s [7月27日（週日） 上午 7:57]   click [CourierExpress] 快遞 · 快捷 1 天（$59.40）
1216.2s [7月27日（週日） 下午 6:08]   toast: 新評價 #1467：★「壞掉了，賣家不處理。」
1220.5s [7月27日（週日） 下午 7:06]   use "Sleep"
1221.1s [7月27日（週日） 下午 7:06]   click [Sleep] Sleep until 7:00 AM
1227.2s [7月28日（週一） 上午 7:07]   use "Packing table"
1227.9s [7月28日（週一） 上午 7:08]   click [Pack] 打包 5 筆訂單（40 分鐘）
1228.8s [7月28日（週一） 上午 7:49]   click [CourierExpress] 快遞 · 快捷 1 天（$50.50）
1234.1s [7月28日（週一） 下午 7:06]   use "Sleep"
1234.7s [7月28日（週一） 下午 7:06]   click [Sleep] Sleep until 7:00 AM
1240.8s [7月29日（週二） 上午 7:07]   use "Packing table"
1241.5s [7月29日（週二） 上午 7:08]   click [Pack] 打包 10 筆訂單（1 小時 20 分）
1242.4s [7月29日（週二） 上午 8:29]   click [CourierExpress] 快遞 · 快捷 1 天（$95.00）
1247.7s [7月29日（週二） 下午 7:06]   use "Sleep"
1248.3s [7月29日（週二） 下午 7:06]   click [Sleep] Sleep until 7:00 AM
1254.4s [7月30日（週三） 上午 7:07]   use "Packing table"
1255.1s [7月30日（週三） 上午 7:08]   click [Pack] 打包 10 筆訂單（1 小時 20 分）
1256.0s [7月30日（週三） 上午 8:29]   click [CourierExpress] 快遞 · 快捷 1 天（$95.00）
1257.2s [7月30日（週三） 下午 7:00]   shot 120_decision_supplier_price_increase.png
1257.2s [7月30日（週三） 下午 7:00]   decision supplier_price_increase → accept
1257.2s [7月30日（週三） 下午 7:00]   click [Choice_accept] 好。繼續跟你進貨。
1258.5s [7月30日（週三） 下午 7:00]   shot 121_decision_outcome_supplier_price_increase.png
1258.5s [7月30日（週三） 下午 7:00]   click "OK"
1263.3s [7月30日（週三） 下午 7:07]   use "Sleep"
1263.9s [7月30日（週三） 下午 7:07]   click [Sleep] Sleep until 7:00 AM
1270.0s [7月31日（週四） 上午 7:07]   use "Packing table"
1270.7s [7月31日（週四） 上午 7:08]   click [Pack] 打包 7 筆訂單（56 分鐘）
1271.6s [7月31日（週四） 上午 8:05]   click [CourierExpress] 快遞 · 快捷 1 天（$68.30）
1276.9s [7月31日（週四） 下午 7:06]   use "Sleep"
1277.5s [7月31日（週四） 下午 7:06]   click [Sleep] Sleep until 7:00 AM
1280.9s [8月1日（週五） 上午 7:00]   shot 122_month_close_report.png
1280.9s [8月1日（週五） 上午 7:00]   click [month close] Continue
1285.7s [8月1日（週五） 上午 7:07]   use "Packing table"
1286.4s [8月1日（週五） 上午 7:08]   click [Pack] 打包 3 筆訂單（24 分鐘）
1287.3s [8月1日（週五） 上午 7:33]   click [CourierExpress] 快遞 · 快捷 1 天（$54.06）
1289.4s [8月1日（週五） 上午 7:36]   ok  Chapter 6 complete
1289.4s [8月1日（週五） 上午 7:36]   ok  ledger balanced after chapters 4–6
1289.4s [8月1日（週五） 上午 7:36]   ok  Chapter 7 started after Chapter 6
1289.4s [8月1日（週五） 上午 7:36]   ok  Year 3: the Supply Shock
1289.4s [8月1日（週五） 上午 7:36] STEP Chapter 7 — the news, and Ken's options
1291.8s [8月1日（週五） 上午 7:41]   ok  walked back outside
1295.2s [8月1日（週五） 上午 7:46]   ok  entered Bloom Coffee
1296.9s [8月1日（週五） 上午 7:48]   use "Read the news board"
1297.6s [8月1日（週五） 上午 7:53]   shot 123_news_supply_shock.png
1298.0s [8月1日（週五） 上午 7:53]   ok  read the news (supply_shock)
1301.0s [8月1日（週五） 上午 7:58]   ok  walked back outside
1304.1s [8月1日（週五） 上午 8:03]   ok  entered Riverside Tower
1306.0s [8月1日（週五） 下午 7:03]   use "Sleep"
1306.6s [8月1日（週五） 下午 7:03]   click [Sleep] Sleep until 7:00 AM
1312.8s [8月2日（週六） 上午 7:07]   use "Packing table"
1313.5s [8月2日（週六） 上午 7:08]   click [Pack] 打包 4 筆訂單（32 分鐘）
1314.3s [8月2日（週六） 上午 7:41]   click [CourierExpress] 快遞 · 快捷 1 天（$70.08）
1319.7s [8月2日（週六） 下午 7:06]   use "Sleep"
1320.3s [8月2日（週六） 下午 7:06]   click [Sleep] Sleep until 7:00 AM
1326.4s [8月3日（週日） 上午 7:07]   use "Packing table"
1327.1s [8月3日（週日） 上午 7:08]   click [Pack] 打包 2 筆訂單（16 分鐘）
1328.0s [8月3日（週日） 上午 7:25]   click [CourierExpress] 快遞 · 快捷 1 天（$38.04）
1329.1s [8月3日（週日） 下午 7:00]   shot 124_decision_supply_shock_plan.png
1329.1s [8月3日（週日） 下午 7:00]   decision supply_shock_plan → local
1329.1s [8月3日（週日） 下午 7:00]   click [Choice_local] 加一個在地備援：奧瑞莉亞職人合作社
1330.5s [8月3日（週日） 下午 7:00]   shot 125_decision_outcome_supply_shock_plan.png
1330.5s [8月3日（週日） 下午 7:00]   click "OK"
1335.3s [8月3日（週日） 下午 7:07]   use "Sleep"
1335.9s [8月3日（週日） 下午 7:07]   click [Sleep] Sleep until 7:00 AM
1341.9s [8月4日（週一） 上午 7:07]   use "Packing table"
1342.6s [8月4日（週一） 上午 7:08]   click [Pack] 打包 1 筆訂單（8 分鐘）
1343.5s [8月4日（週一） 上午 7:17]   click [CourierExpress] 快遞 · 快捷 1 天（$22.02）
1344.6s [8月4日（週一） 上午 7:19]   ok  the local co-op is a supplier now
1344.6s [8月4日（週一） 上午 7:19] STEP Chapter 7 — order from the co-op, raise a price
1346.1s [8月4日（週一） 上午 7:21]   use "Use laptop — Company OS"
1346.7s [8月4日（週一） 上午 7:22]   click [Tab_operations] Operations
1347.4s [8月4日（週一） 上午 7:23]   shot 126_operations_supply_shock.png
1347.4s [8月4日（週一） 上午 7:23]   click [Buy_aurelia_makers_desk_lamp] 購買 $417
1347.9s [8月4日（週一） 上午 7:34]   click [Buy_aurelia_makers_desk_lamp] 購買 $417
1348.5s [8月4日（週一） 上午 7:45]   click [Tab_sales] Sales
1349.0s [8月4日（週一） 上午 7:45]   click [PriceUp_desk_lamp] +
1350.6s [8月4日（週一） 上午 7:48]   ok  stocked and repriced
1353.7s [8月4日（週一） 下午 7:04]   use "Sleep"
1354.3s [8月4日（週一） 下午 7:05]   click [Sleep] Sleep until 7:00 AM
1360.4s [8月5日（週二） 上午 7:07]   use "Packing table"
1361.1s [8月5日（週二） 上午 7:08]   click [Pack] 打包 2 筆訂單（16 分鐘）
1362.0s [8月5日（週二） 上午 7:25]   click [CourierExpress] 快遞 · 快捷 1 天（$38.04）
1367.3s [8月5日（週二） 下午 7:06]   use "Sleep"
1367.9s [8月5日（週二） 下午 7:06]   click [Sleep] Sleep until 7:00 AM
1374.0s [8月6日（週三） 上午 7:07]   use "Packing table"
1374.7s [8月6日（週三） 上午 7:08]   click [Pack] 打包 3 筆訂單（24 分鐘）
1375.6s [8月6日（週三） 上午 7:33]   click [CourierExpress] 快遞 · 快捷 1 天（$54.06）
1380.9s [8月6日（週三） 下午 7:06]   use "Sleep"
1381.5s [8月6日（週三） 下午 7:06]   click [Sleep] Sleep until 7:00 AM
1387.6s [8月7日（週四） 上午 7:07]   use "Packing table"
1388.3s [8月7日（週四） 上午 7:08]   click [Pack] 打包 3 筆訂單（24 分鐘）
1389.2s [8月7日（週四） 上午 7:33]   click [CourierExpress] 快遞 · 快捷 1 天（$54.06）
1394.5s [8月7日（週四） 下午 7:06]   use "Sleep"
1395.1s [8月7日（週四） 下午 7:06]   click [Sleep] Sleep until 7:00 AM
1401.2s [8月8日（週五） 上午 7:07]   use "Packing table"
1401.9s [8月8日（週五） 上午 7:08]   click [Pack] 打包 3 筆訂單（24 分鐘）
1402.8s [8月8日（週五） 上午 7:33]   click [CourierExpress] 快遞 · 快捷 1 天（$54.06）
1408.1s [8月8日（週五） 下午 7:06]   use "Sleep"
1408.7s [8月8日（週五） 下午 7:06]   click [Sleep] Sleep until 7:00 AM
1414.8s [8月9日（週六） 上午 7:07]   use "Packing table"
1415.5s [8月9日（週六） 上午 7:08]   click [Pack] 打包 6 筆訂單（48 分鐘）
1416.4s [8月9日（週六） 上午 7:57]   click [CourierExpress] 快遞 · 快捷 1 天（$102.12）
1421.8s [8月9日（週六） 下午 7:06]   use "Sleep"
1422.4s [8月9日（週六） 下午 7:06]   click [Sleep] Sleep until 7:00 AM
1428.5s [8月10日（週日） 上午 7:07]   use "Packing table"
1429.1s [8月10日（週日） 上午 7:08]   click [Pack] 打包 5 筆訂單（40 分鐘）
1430.0s [8月10日（週日） 上午 7:49]   click [CourierExpress] 快遞 · 快捷 1 天（$86.10）
1435.4s [8月10日（週日） 下午 7:06]   use "Sleep"
1436.0s [8月10日（週日） 下午 7:06]   click [Sleep] Sleep until 7:00 AM
1442.1s [8月11日（週一） 上午 7:07]   use "Packing table"
1442.8s [8月11日（週一） 上午 7:08]   click [Pack] 打包 4 筆訂單（32 分鐘）
1443.6s [8月11日（週一） 上午 7:41]   click [CourierExpress] 快遞 · 快捷 1 天（$70.08）
1449.0s [8月11日（週一） 下午 7:06]   use "Sleep"
1449.6s [8月11日（週一） 下午 7:06]   click [Sleep] Sleep until 7:00 AM
1455.7s [8月12日（週二） 上午 7:07]   use "Packing table"
1456.4s [8月12日（週二） 上午 7:08]   click [Pack] 打包 2 筆訂單（16 分鐘）
1457.2s [8月12日（週二） 上午 7:25]   click [CourierExpress] 快遞 · 快捷 1 天（$38.04）
1462.6s [8月12日（週二） 下午 7:06]   use "Sleep"
1463.2s [8月12日（週二） 下午 7:06]   click [Sleep] Sleep until 7:00 AM
1469.3s [8月13日（週三） 上午 7:07]   use "Packing table"
1470.0s [8月13日（週三） 上午 7:08]   click [Pack] 打包 8 筆訂單（1 小時 4 分）
1470.9s [8月13日（週三） 上午 8:13]   click [CourierExpress] 快遞 · 快捷 1 天（$134.16）
1476.3s [8月13日（週三） 下午 7:06]   use "Sleep"
1476.9s [8月13日（週三） 下午 7:06]   click [Sleep] Sleep until 7:00 AM
1482.9s [8月14日（週四） 上午 7:07]   use "Packing table"
1483.6s [8月14日（週四） 上午 7:08]   click [Pack] 打包 1 筆訂單（8 分鐘）
1484.5s [8月14日（週四） 上午 7:17]   click [CourierExpress] 快遞 · 快捷 1 天（$22.02）
1489.9s [8月14日（週四） 下午 7:06]   use "Sleep"
1490.5s [8月14日（週四） 下午 7:06]   click [Sleep] Sleep until 7:00 AM
1496.5s [8月15日（週五） 上午 7:07]   use "Packing table"
1497.2s [8月15日（週五） 上午 7:08]   click [Pack] 打包 6 筆訂單（48 分鐘）
1498.1s [8月15日（週五） 上午 7:57]   click [CourierExpress] 快遞 · 快捷 1 天（$102.12）
1503.5s [8月15日（週五） 下午 7:06]   use "Sleep"
1504.1s [8月15日（週五） 下午 7:06]   click [Sleep] Sleep until 7:00 AM
1510.2s [8月16日（週六） 上午 7:07]   use "Packing table"
1510.9s [8月16日（週六） 上午 7:08]   click [Pack] 打包 6 筆訂單（48 分鐘）
1511.7s [8月16日（週六） 上午 7:57]   click [CourierExpress] 快遞 · 快捷 1 天（$102.12）
1517.1s [8月16日（週六） 下午 7:06]   use "Sleep"
1517.7s [8月16日（週六） 下午 7:06]   click [Sleep] Sleep until 7:00 AM
1523.8s [8月17日（週日） 上午 7:07]   use "Packing table"
1524.5s [8月17日（週日） 上午 7:08]   click [Pack] 打包 7 筆訂單（56 分鐘）
1525.4s [8月17日（週日） 上午 8:05]   click [CourierExpress] 快遞 · 快捷 1 天（$118.14）
1530.8s [8月17日（週日） 下午 7:06]   use "Sleep"
1531.4s [8月17日（週日） 下午 7:06]   click [Sleep] Sleep until 7:00 AM
1533.3s [8月18日（週一） 下午 7:01]   use "Sleep"
1533.9s [8月18日（週一） 下午 7:01]   click [Sleep] Sleep until 7:00 AM
1540.0s [8月19日（週二） 上午 7:07]   use "Packing table"
1540.7s [8月19日（週二） 上午 7:08]   click [Pack] 打包 4 筆訂單（32 分鐘）
1541.6s [8月19日（週二） 上午 7:41]   click [CourierExpress] 快遞 · 快捷 1 天（$70.08）
1547.0s [8月19日（週二） 下午 7:06]   use "Sleep"
1547.6s [8月19日（週二） 下午 7:06]   click [Sleep] Sleep until 7:00 AM
1551.3s [8月20日（週三） 下午 7:03]   use "Sleep"
1551.9s [8月20日（週三） 下午 7:03]   click [Sleep] Sleep until 7:00 AM
1553.8s [8月21日（週四） 下午 7:01]   use "Sleep"
1554.4s [8月21日（週四） 下午 7:01]   click [Sleep] Sleep until 7:00 AM
1556.3s [8月22日（週五） 下午 7:00]   shot 127_decision_supplier_price_increase.png
1556.3s [8月22日（週五） 下午 7:00]   decision supplier_price_increase → accept
1556.3s [8月22日（週五） 下午 7:00]   click [Choice_accept] 好。繼續跟你進貨。
1557.7s [8月22日（週五） 下午 7:00]   shot 128_decision_outcome_supplier_price_increase.png
1557.7s [8月22日（週五） 下午 7:00]   click "OK"
1558.3s [8月22日（週五） 下午 7:00]   use "Sleep"
1558.9s [8月22日（週五） 下午 7:00]   click [Sleep] Sleep until 7:00 AM
1560.9s [8月23日（週六） 下午 7:01]   use "Sleep"
1561.5s [8月23日（週六） 下午 7:01]   click [Sleep] Sleep until 7:00 AM
1563.5s [8月24日（週日） 下午 7:01]   use "Sleep"
1564.1s [8月24日（週日） 下午 7:01]   click [Sleep] Sleep until 7:00 AM
1566.0s [8月25日（週一） 下午 7:01]   use "Sleep"
1566.6s [8月25日（週一） 下午 7:01]   click [Sleep] Sleep until 7:00 AM
1570.5s [8月26日（週二） 下午 7:03]   use "Sleep"
1571.1s [8月26日（週二） 下午 7:04]   click [Sleep] Sleep until 7:00 AM
1573.0s [8月27日（週三） 下午 7:01]   use "Sleep"
1573.6s [8月27日（週三） 下午 7:01]   click [Sleep] Sleep until 7:00 AM
1575.6s [8月28日（週四） 下午 7:01]   use "Sleep"
1576.2s [8月28日（週四） 下午 7:01]   click [Sleep] Sleep until 7:00 AM
1578.2s [8月29日（週五） 下午 7:01]   use "Sleep"
1578.8s [8月29日（週五） 下午 7:01]   click [Sleep] Sleep until 7:00 AM
1580.7s [8月30日（週六） 下午 7:01]   use "Sleep"
1581.3s [8月30日（週六） 下午 7:01]   click [Sleep] Sleep until 7:00 AM
1585.2s [8月31日（週日） 下午 7:03]   use "Sleep"
1585.8s [8月31日（週日） 下午 7:04]   click [Sleep] Sleep until 7:00 AM
1589.1s [9月1日（週一） 上午 7:00]   shot 129_month_close_report.png
1589.1s [9月1日（週一） 上午 7:00]   click [month close] Continue
1589.8s [9月1日（週一） 下午 7:00]   use "Sleep"
1590.4s [9月1日（週一） 下午 7:00]   click [Sleep] Sleep until 7:00 AM
1592.3s [9月2日（週二） 下午 7:01]   use "Sleep"
1592.9s [9月2日（週二） 下午 7:01]   click [Sleep] Sleep until 7:00 AM
1594.9s [9月3日（週三） 下午 7:01]   use "Sleep"
1595.5s [9月3日（週三） 下午 7:01]   click [Sleep] Sleep until 7:00 AM
1597.5s [9月4日（週四） 下午 7:01]   use "Sleep"
1598.1s [9月4日（週四） 下午 7:01]   click [Sleep] Sleep until 7:00 AM
1602.1s [9月5日（週五） 下午 7:04]   use "Sleep"
1602.7s [9月5日（週五） 下午 7:04]   click [Sleep] Sleep until 7:00 AM
1604.7s [9月6日（週六） 下午 7:01]   use "Sleep"
1605.3s [9月6日（週六） 下午 7:01]   click [Sleep] Sleep until 7:00 AM
1607.3s [9月7日（週日） 下午 7:01]   use "Sleep"
1607.9s [9月7日（週日） 下午 7:01]   click [Sleep] Sleep until 7:00 AM
1609.8s [9月8日（週一） 下午 7:01]   use "Sleep"
1610.4s [9月8日（週一） 下午 7:01]   click [Sleep] Sleep until 7:00 AM
1612.4s [9月9日（週二） 下午 7:01]   use "Sleep"
1613.0s [9月9日（週二） 下午 7:01]   click [Sleep] Sleep until 7:00 AM
1616.9s [9月10日（週三） 下午 7:04]   use "Sleep"
1617.5s [9月10日（週三） 下午 7:04]   click [Sleep] Sleep until 7:00 AM
1619.4s [9月11日（週四） 下午 7:01]   use "Sleep"
1620.0s [9月11日（週四） 下午 7:01]   click [Sleep] Sleep until 7:00 AM
1622.0s [9月12日（週五） 下午 7:01]   use "Sleep"
1622.6s [9月12日（週五） 下午 7:01]   click [Sleep] Sleep until 7:00 AM
1624.5s [9月13日（週六） 下午 7:00]   shot 130_decision_supplier_price_increase.png
1624.5s [9月13日（週六） 下午 7:00]   decision supplier_price_increase → accept
1624.5s [9月13日（週六） 下午 7:00]   click [Choice_accept] 好。繼續跟你進貨。
1625.9s [9月13日（週六） 下午 7:00]   shot 131_decision_outcome_supplier_price_increase.png
1625.9s [9月13日（週六） 下午 7:00]   click "OK"
1626.5s [9月13日（週六） 下午 7:00]   use "Sleep"
1627.1s [9月13日（週六） 下午 7:00]   click [Sleep] Sleep until 7:00 AM
1629.0s [9月14日（週日） 下午 7:01]   use "Sleep"
1629.6s [9月14日（週日） 下午 7:01]   click [Sleep] Sleep until 7:00 AM
1633.5s [9月15日（週一） 下午 7:03]   use "Sleep"
1634.1s [9月15日（週一） 下午 7:04]   click [Sleep] Sleep until 7:00 AM
1636.1s [9月16日（週二） 下午 7:01]   use "Sleep"
1636.7s [9月16日（週二） 下午 7:01]   click [Sleep] Sleep until 7:00 AM
1638.6s [9月17日（週三） 下午 7:01]   use "Sleep"
1639.2s [9月17日（週三） 下午 7:01]   click [Sleep] Sleep until 7:00 AM
1641.2s [9月18日（週四） 下午 7:01]   use "Sleep"
1641.8s [9月18日（週四） 下午 7:01]   click [Sleep] Sleep until 7:00 AM
1643.8s [9月19日（週五） 下午 7:01]   use "Sleep"
1644.4s [9月19日（週五） 下午 7:01]   click [Sleep] Sleep until 7:00 AM
1648.2s [9月20日（週六） 下午 7:03]   use "Sleep"
1648.8s [9月20日（週六） 下午 7:04]   click [Sleep] Sleep until 7:00 AM
1650.8s [9月21日（週日） 下午 7:01]   use "Sleep"
1651.4s [9月21日（週日） 下午 7:01]   click [Sleep] Sleep until 7:00 AM
1653.4s [9月22日（週一） 下午 7:01]   use "Sleep"
1654.0s [9月22日（週一） 下午 7:01]   click [Sleep] Sleep until 7:00 AM
1655.9s [9月23日（週二） 下午 7:01]   use "Sleep"
1656.5s [9月23日（週二） 下午 7:01]   click [Sleep] Sleep until 7:00 AM
1658.5s [9月24日（週三） 下午 7:01]   use "Sleep"
1659.1s [9月24日（週三） 下午 7:01]   click [Sleep] Sleep until 7:00 AM
1663.2s [9月25日（週四） 下午 7:04]   use "Sleep"
1663.8s [9月25日（週四） 下午 7:04]   click [Sleep] Sleep until 7:00 AM
1665.7s [9月26日（週五） 下午 7:01]   use "Sleep"
1666.3s [9月26日（週五） 下午 7:01]   click [Sleep] Sleep until 7:00 AM
1668.3s [9月27日（週六） 下午 7:01]   use "Sleep"
1668.9s [9月27日（週六） 下午 7:01]   click [Sleep] Sleep until 7:00 AM
1670.8s [9月28日（週日） 下午 7:01]   use "Sleep"
1671.4s [9月28日（週日） 下午 7:01]   click [Sleep] Sleep until 7:00 AM
1673.4s [9月29日（週一） 下午 7:01]   use "Sleep"
1674.0s [9月29日（週一） 下午 7:01]   click [Sleep] Sleep until 7:00 AM
1677.9s [9月30日（週二） 下午 7:03]   use "Sleep"
1678.5s [9月30日（週二） 下午 7:04]   click [Sleep] Sleep until 7:00 AM
1681.9s [10月1日（週三） 上午 7:00]   shot 132_month_close_report.png
1681.9s [10月1日（週三） 上午 7:00]   click [month close] Continue
1682.3s [10月1日（週三） 上午 7:00]   ok  Chapter 7 complete
1682.3s [10月1日（週三） 上午 7:00] STEP Chapter 8 — the Green Shift
1682.3s [10月1日（週三） 上午 7:00]   ok  Year 4: the Green Shift
1685.5s [10月1日（週三） 上午 7:06]   ok  walked back outside
1688.8s [10月1日（週三） 上午 7:11]   ok  entered Bloom Coffee
1690.5s [10月1日（週三） 上午 7:13]   use "Read the news board"
1691.3s [10月1日（週三） 上午 7:18]   shot 133_news_green_shift.png
1691.6s [10月1日（週三） 上午 7:18]   ok  read the news (green_shift)
1694.6s [10月1日（週三） 上午 7:23]   ok  walked back outside
1697.7s [10月1日（週三） 上午 7:28]   ok  entered Riverside Tower
1699.2s [10月1日（週三） 上午 7:30]   use "Use laptop — Company OS"
1699.8s [10月1日（週三） 上午 7:31]   click [Tab_operations] Operations
1700.4s [10月1日（週三） 上午 7:32]   click [Packaging_recycled] Recycled paper
1700.9s [10月1日（週三） 上午 7:33]   click [Buy_verdant_supply_solar_lamp] 購買 $504
1701.4s [10月1日（週三） 上午 7:44]   shot 134_operations_green.png
1701.7s [10月1日（週三） 上午 7:44]   ok  recycled packaging
1704.7s [10月1日（週三） 下午 7:05]   use "Sleep"
1705.3s [10月1日（週三） 下午 7:05]   click [Sleep] Sleep until 7:00 AM
1707.2s [10月2日（週四） 下午 7:00]   shot 135_decision_supplier_price_increase.png
1707.2s [10月2日（週四） 下午 7:00]   decision supplier_price_increase → accept
1707.2s [10月2日（週四） 下午 7:00]   click [Choice_accept] 好。繼續跟你進貨。
1708.6s [10月2日（週四） 下午 7:00]   shot 136_decision_outcome_supplier_price_increase.png
1708.6s [10月2日（週四） 下午 7:00]   click "OK"
1709.2s [10月2日（週四） 下午 7:00]   use "Sleep"
1709.8s [10月2日（週四） 下午 7:00]   click [Sleep] Sleep until 7:00 AM
1711.8s [10月3日（週五） 下午 7:01]   use "Sleep"
1712.4s [10月3日（週五） 下午 7:01]   click [Sleep] Sleep until 7:00 AM
1714.3s [10月4日（週六） 下午 7:01]   use "Sleep"
1714.9s [10月4日（週六） 下午 7:01]   click [Sleep] Sleep until 7:00 AM
1716.7s [10月5日（週日） 上午 7:00]   ok  solar desk lamps arrived before listing
1717.9s [10月5日（週日） 上午 7:02]   use "Use laptop — Company OS"
1718.4s [10月5日（週日） 上午 7:03]   click [Tab_sales] Sales
1719.1s [10月5日（週日） 上午 7:04]   click [ListSelf_solar_lamp] Shoot photos myself & list (1 h 20 min)
1720.2s [10月5日（週日） 上午 8:26]   ok  solar desk lamps listed
1720.2s [10月5日（週日） 上午 8:26] STEP Chapter 8 — the Green Business Grant at City Hall
1720.2s [10月5日（週日） 上午 8:26]   (harness) wait 2 h
1720.8s [10月5日（週日） 上午 10:27]   (harness) wait 2 h
1721.4s [10月5日（週日） 下午 12:27]   (harness) wait 2 h
1722.0s [10月5日（週日） 下午 2:28]   (harness) wait 2 h
1722.6s [10月5日（週日） 下午 4:29]   (harness) wait 2 h
1723.2s [10月5日（週日） 下午 6:30]   (harness) wait 2 h
1726.6s [10月5日（週日） 下午 8:35]   use "Sleep"
1727.2s [10月5日（週日） 下午 8:35]   click [Sleep] Sleep until 7:00 AM
1729.0s [10月6日（週一） 上午 7:00]   (harness) wait 2 h
1732.7s [10月6日（週一） 上午 9:07]   ok  walked back outside
1742.2s [10月6日（週一） 上午 9:21]   use "捷運——河濱區站"
1743.1s [10月6日（週一） 上午 9:22]   shot 137_metro_civic_center.png
1743.1s [10月6日（週一） 上午 9:22]   click [Go_civic_center] 市政中心  ·  12 分鐘
1744.1s [10月6日（週一） 上午 9:36]   ok  took the Metro to Civic Center
1751.2s [10月6日（週一） 上午 9:47]   ok  entered Aurelia City Hall
1753.0s [10月6日（週一） 上午 9:49]   use "Permits & regulations"
1753.8s [10月6日（週一） 上午 9:50]   shot 138_green_grant.png
1753.8s [10月6日（週一） 上午 9:50]   click [ApplyGreenGrant] Apply
1754.6s [10月6日（週一） 上午 10:22]   ok  green grant approved
1755.6s [10月6日（週一） 上午 10:23]   ok  Chapter 8 complete
1755.6s [10月6日（週一） 上午 10:23] STEP Chapter 9 — the Clearing Crisis: an import stuck on the wire
1755.6s [10月6日（週一） 上午 10:23]   ok  Year 5: the Clearing Crisis
1758.6s [10月6日（週一） 上午 10:29]   ok  walked back outside
1764.2s [10月6日（週一） 上午 10:37]   use "捷運——市政中心站"
1765.2s [10月6日（週一） 上午 10:39]   shot 139_metro_riverside.png
1765.2s [10月6日（週一） 上午 10:39]   click [Go_riverside] 河濱區  ·  12 分鐘
1766.2s [10月6日（週一） 上午 10:52]   ok  took the Metro to Riverside
1773.7s [10月6日（週一） 上午 11:03]   ok  entered Bloom Coffee
1775.4s [10月6日（週一） 上午 11:06]   use "Read the news board"
1776.2s [10月6日（週一） 上午 11:11]   shot 140_news_clearing_crisis.png
1776.5s [10月6日（週一） 上午 11:11]   ok  read the news (clearing_crisis)
1779.5s [10月6日（週一） 上午 11:16]   ok  walked back outside
1782.7s [10月6日（週一） 上午 11:21]   ok  entered Riverside Tower
1784.1s [10月6日（週一） 上午 11:23]   use "Use laptop — Company OS"
1784.7s [10月6日（週一） 上午 11:24]   click [Tab_operations] Operations
1785.3s [10月6日（週一） 上午 11:25]   click [Buy_lumina_direct_phone_stand] 購買 $884
1786.1s [10月6日（週一） 上午 11:26]   shot 141_settlement_choice.png
1786.1s [10月6日（週一） 上午 11:26]   click [Settle_international_wire] Pay this way
1787.1s [10月6日（週一） 上午 11:28]   ok  import ordered, paid by wire
1787.1s [10月6日（週一） 上午 11:28] STEP Chapter 9 — Lina Zhao at Nexus Bank
1789.7s [10月6日（週一） 上午 11:33]   ok  walked back outside
1799.1s [10月6日（週一） 上午 11:47]   use "捷運——河濱區站"
1800.1s [10月6日（週一） 上午 11:48]   shot 142_metro_financial.png
1800.1s [10月6日（週一） 上午 11:48]   click [Go_financial] 金融區  ·  10 分鐘
1801.1s [10月6日（週一） 下午 12:00]   ok  took the Metro to Financial District
1808.7s [10月6日（週一） 下午 12:11]   ok  entered Nexus Bank
1811.4s [10月6日（週一） 下午 12:15]   use "和 Lina Zhao 說話"
1812.3s [10月6日（週一） 下午 12:15]   shot 143_lina_intro.png
1818.1s [10月6日（週一） 下午 12:15]   choose "› 幫我開一個數位美元帳戶。"
1820.2s [10月6日（週一） 下午 12:15]   ok  met Lina Zhao
1822.5s [10月6日（週一） 下午 12:19]   ok  walked back outside
1828.7s [10月6日（週一） 下午 12:28]   use "捷運——金融區站"
1829.6s [10月6日（週一） 下午 12:30]   shot 144_metro_riverside.png
1829.6s [10月6日（週一） 下午 12:30]   click [Go_riverside] 河濱區  ·  10 分鐘
1830.7s [10月6日（週一） 下午 12:41]   ok  took the Metro to Riverside
1839.8s [10月6日（週一） 下午 12:55]   ok  entered Riverside Tower
1841.2s [10月6日（週一） 下午 12:57]   use "Use laptop — Company OS"
1841.8s [10月6日（週一） 下午 12:58]   click [Tab_operations] Operations
1842.4s [10月6日（週一） 下午 12:59]   click [SpeedUp_PO-119] Speed up
1843.1s [10月6日（週一） 下午 1:00]   shot 145_settlement_speed_up.png
1843.1s [10月6日（週一） 下午 1:00]   click [Settle_letter_of_credit] Switch
1847.3s [10月6日（週一） 下午 7:04]   use "Sleep"
1847.9s [10月6日（週一） 下午 7:04]   click [Sleep] Sleep until 7:00 AM
1849.9s [10月7日（週二） 下午 7:01]   use "Sleep"
1850.5s [10月7日（週二） 下午 7:01]   click [Sleep] Sleep until 7:00 AM
1852.4s [10月8日（週三） 下午 7:01]   use "Sleep"
1853.1s [10月8日（週三） 下午 7:01]   click [Sleep] Sleep until 7:00 AM
1855.0s [10月9日（週四） 下午 7:01]   use "Sleep"
1855.6s [10月9日（週四） 下午 7:01]   click [Sleep] Sleep until 7:00 AM
1857.6s [10月10日（週五） 下午 7:01]   use "Sleep"
1858.2s [10月10日（週五） 下午 7:01]   click [Sleep] Sleep until 7:00 AM
1862.0s [10月11日（週六） 下午 7:03]   use "Sleep"
1862.6s [10月11日（週六） 下午 7:04]   click [Sleep] Sleep until 7:00 AM
1864.6s [10月12日（週日） 下午 7:01]   use "Sleep"
1865.2s [10月12日（週日） 下午 7:01]   click [Sleep] Sleep until 7:00 AM
1867.2s [10月13日（週一） 下午 7:01]   use "Sleep"
1867.8s [10月13日（週一） 下午 7:01]   click [Sleep] Sleep until 7:00 AM
1869.7s [10月14日（週二） 下午 7:01]   use "Sleep"
1870.3s [10月14日（週二） 下午 7:01]   click [Sleep] Sleep until 7:00 AM
1872.3s [10月15日（週三） 下午 7:01]   use "Sleep"
1872.9s [10月15日（週三） 下午 7:01]   click [Sleep] Sleep until 7:00 AM
1877.0s [10月16日（週四） 下午 7:04]   use "Sleep"
1877.6s [10月16日（週四） 下午 7:04]   click [Sleep] Sleep until 7:00 AM
1879.5s [10月17日（週五） 下午 7:01]   use "Sleep"
1880.1s [10月17日（週五） 下午 7:01]   click [Sleep] Sleep until 7:00 AM
1882.1s [10月18日（週六） 下午 7:01]   use "Sleep"
1882.7s [10月18日（週六） 下午 7:01]   click [Sleep] Sleep until 7:00 AM
1884.7s [10月19日（週日） 下午 7:01]   use "Sleep"
1885.3s [10月19日（週日） 下午 7:01]   click [Sleep] Sleep until 7:00 AM
1887.2s [10月20日（週一） 下午 7:01]   use "Sleep"
1887.8s [10月20日（週一） 下午 7:01]   click [Sleep] Sleep until 7:00 AM
1891.7s [10月21日（週二） 下午 7:04]   use "Sleep"
1892.3s [10月21日（週二） 下午 7:04]   click [Sleep] Sleep until 7:00 AM
1894.2s [10月22日（週三） 下午 7:00]   shot 146_decision_supplier_price_increase.png
1894.2s [10月22日（週三） 下午 7:00]   decision supplier_price_increase → accept
1894.2s [10月22日（週三） 下午 7:00]   click [Choice_accept] 好。繼續跟你進貨。
1895.6s [10月22日（週三） 下午 7:00]   shot 147_decision_outcome_supplier_price_increase.png
1895.6s [10月22日（週三） 下午 7:00]   click "OK"
1896.2s [10月22日（週三） 下午 7:00]   use "Sleep"
1896.8s [10月22日（週三） 下午 7:00]   click [Sleep] Sleep until 7:00 AM
1898.8s [10月23日（週四） 下午 7:01]   use "Sleep"
1899.4s [10月23日（週四） 下午 7:01]   click [Sleep] Sleep until 7:00 AM
1901.2s [10月24日（週五） 上午 7:00]   ok  Chapter 9 complete: the import got through
1901.2s [10月24日（週五） 上午 7:00]   ok  ledger balanced after chapters 7–9
1901.2s [10月24日（週五） 上午 7:00] STEP Old Town — lease the corner café from Mr. Okafor
1901.2s [10月24日（週五） 上午 7:00]   (harness) wait 2 h
1905.1s [10月24日（週五） 上午 9:07]   ok  walked back outside
1914.5s [10月24日（週五） 上午 9:21]   use "捷運——河濱區站"
1915.4s [10月24日（週五） 上午 9:23]   shot 148_metro_old_town.png
1915.5s [10月24日（週五） 上午 9:23]   click [Go_old_town] 舊城區  ·  16 分鐘
1916.5s [10月24日（週五） 上午 9:40]   ok  took the Metro to Old Town
1916.5s [10月24日（週五） 上午 9:40]   shot 149_old_town.png
1927.4s [10月24日（週五） 上午 9:57]   ok  entered Okafor Lettings
1928.0s [10月24日（週五） 上午 9:58]   use "和 Okafor 先生 說話"
1931.0s [10月24日（週五） 上午 9:58]   choose "› 這裡以前是什麼店？"
1936.0s [10月24日（週五） 上午 9:59]   shot 150_cafe_lease.png
1936.0s [10月24日（週五） 上午 9:59]   click [SignLease_corner_cafe] Sign the lease
1936.9s [10月24日（週五） 上午 10:00]   ok  leased the corner café unit
1938.7s [10月24日（週五） 上午 10:04]   ok  walked back outside
1938.8s [10月24日（週五） 上午 10:04]   shot 151_old_town_storefronts.png
1943.8s [10月24日（週五） 上午 10:12]   ok  entered Corner Café Unit
1944.5s [10月24日（週五） 上午 10:13]   use "Check the till — Company OS"
1945.1s [10月24日（週五） 上午 10:14]   click [CafeFitOut] 裝修（$5,800）
1945.6s [10月24日（週五） 上午 10:14]   click [CafeSupplies_large] 400 杯份 · $330
1946.1s [10月24日（週五） 上午 10:15]   shot 152_cafe_setup.png
1946.5s [10月24日（週五） 上午 10:16]   ok  fit-out under way
1946.5s [10月24日（週五） 上午 10:16]   ok  coffee supplies ordered
1946.5s [10月24日（週五） 上午 10:16] STEP Old Town — the food licence at City Hall (walking via Shopping Street)
1948.5s [10月24日（週五） 上午 10:20]   ok  walked back outside
1956.3s [10月24日（週五） 上午 10:37]   ok  walked to Shopping Street
1969.6s [10月24日（週五） 上午 11:05]   ok  walked to Civic Center
1973.9s [10月24日（週五） 上午 11:12]   ok  entered Aurelia City Hall
1975.7s [10月24日（週五） 上午 11:14]   use "Permits & regulations"
1976.3s [10月24日（週五） 上午 11:15]   click [ApplyFoodLicence] Apply
1976.9s [10月24日（週五） 上午 11:36]   shot 153_food_licence.png
1977.2s [10月24日（週五） 上午 11:37]   ok  food licence applied for
1980.2s [10月24日（週五） 上午 11:42]   ok  walked back outside
1985.8s [10月24日（週五） 上午 11:51]   use "捷運——市政中心站"
1986.8s [10月24日（週五） 上午 11:52]   shot 154_metro_riverside.png
1986.8s [10月24日（週五） 上午 11:52]   click [Go_riverside] 河濱區  ·  12 分鐘
1987.8s [10月24日（週五） 下午 12:06]   ok  took the Metro to Riverside
1996.9s [10月24日（週五） 下午 12:19]   ok  entered Riverside Tower
1996.9s [10月24日（週五） 下午 12:19]   (harness) wait 2 h
1997.5s [10月24日（週五） 下午 2:20]   (harness) wait 2 h
1998.1s [10月24日（週五） 下午 4:21]   (harness) wait 2 h
1998.7s [10月24日（週五） 下午 6:22]   (harness) wait 2 h
2001.2s [10月24日（週五） 下午 8:26]   use "Sleep"
2001.8s [10月24日（週五） 下午 8:26]   click [Sleep] Sleep until 7:00 AM
2003.6s [10月25日（週六） 上午 7:00]   (harness) wait 2 h
2004.2s [10月25日（週六） 上午 9:01]   (harness) wait 2 h
2004.9s [10月25日（週六） 上午 11:02]   (harness) wait 2 h
2005.5s [10月25日（週六） 下午 1:03]   (harness) wait 2 h
2006.1s [10月25日（週六） 下午 3:04]   (harness) wait 2 h
2006.7s [10月25日（週六） 下午 5:05]   (harness) wait 2 h
2007.5s [10月25日（週六） 下午 7:06]   use "Sleep"
2008.1s [10月25日（週六） 下午 7:06]   click [Sleep] Sleep until 7:00 AM
2009.9s [10月26日（週日） 上午 7:00]   (harness) wait 2 h
2010.5s [10月26日（週日） 上午 9:01]   (harness) wait 2 h
2011.1s [10月26日（週日） 上午 11:02]   (harness) wait 2 h
2011.7s [10月26日（週日） 下午 1:03]   (harness) wait 2 h
2012.3s [10月26日（週日） 下午 3:04]   (harness) wait 2 h
2012.9s [10月26日（週日） 下午 5:05]   (harness) wait 2 h
2013.7s [10月26日（週日） 下午 7:06]   use "Sleep"
2014.3s [10月26日（週日） 下午 7:06]   click [Sleep] Sleep until 7:00 AM
2016.1s [10月27日（週一） 上午 7:00]   ok  fitted out and licensed
2016.1s [10月27日（週一） 上午 7:00] STEP Old Town — opening day behind your own counter
2019.2s [10月27日（週一） 上午 7:06]   ok  walked back outside
2028.6s [10月27日（週一） 上午 7:20]   use "捷運——河濱區站"
2029.6s [10月27日（週一） 上午 7:22]   shot 155_metro_old_town.png
2029.6s [10月27日（週一） 上午 7:22]   click [Go_old_town] 舊城區  ·  16 分鐘
2030.6s [10月27日（週一） 上午 7:39]   ok  took the Metro to Old Town
2038.1s [10月27日（週一） 上午 7:50]   ok  entered Corner Café Unit
2038.2s [10月27日（週一） 上午 7:50]   shot 156_cafe_open.png
2039.1s [10月27日（週一） 上午 7:52]   use "Work the counter (2 h)"
2040.0s [10月27日（週一） 上午 9:53]   ok  served customers at your own café
2040.5s [10月27日（週一） 上午 9:54]   use "Check the till — Company OS"
2041.1s [10月27日（週一） 上午 9:55]   shot 157_cafe_tab.png
2041.5s [10月27日（週一） 上午 9:56]   ok  ledger balanced after opening the café
2043.7s [10月27日（週一） 上午 10:00]   ok  walked back outside
2051.4s [10月27日（週一） 上午 10:11]   use "捷運——舊城區站"
2052.3s [10月27日（週一） 上午 10:13]   shot 158_metro_riverside.png
2052.3s [10月27日（週一） 上午 10:13]   click [Go_riverside] 河濱區  ·  16 分鐘
2053.4s [10月27日（週一） 上午 10:30]   ok  took the Metro to Riverside
2062.5s [10月27日（週一） 上午 10:44]   ok  entered Riverside Tower
2062.5s [10月27日（週一） 上午 10:44] STEP Harbor — metro to the docks, a used van from Sam, and Pier 7
2062.5s [10月27日（週一） 上午 10:44]   ok  actual financing covers the van, bay and working capital
2063.9s [10月27日（週一） 上午 10:47]   ok  walked back outside
2073.3s [10月27日（週一） 上午 11:01]   use "捷運——河濱區站"
2074.3s [10月27日（週一） 上午 11:03]   shot 159_metro_harbor.png
2074.3s [10月27日（週一） 上午 11:03]   click [Go_harbor] 港區  ·  8 分鐘
2075.3s [10月27日（週一） 上午 11:12]   ok  took the Metro to Harbor
2075.4s [10月27日（週一） 上午 11:12]   shot 160_harbor.png
2082.2s [10月27日（週一） 上午 11:23]   shot 161_harbor_street.png
2084.9s [10月27日（週一） 上午 11:27]   ok  entered Dockside Motors
2085.4s [10月27日（週一） 上午 11:27]   use "和 Sam Okoro 說話"
2088.4s [10月27日（週一） 上午 11:27]   choose "› 你這裡有什麼？"
2093.4s [10月27日（週一） 上午 11:28]   shot 162_van_dealer.png
2093.4s [10月27日（週一） 上午 11:28]   click [BuyVan] 買下這台貨車（$9,800）
2094.0s [10月27日（週一） 上午 11:29]   shot 163_van_bought.png
2094.3s [10月27日（週一） 上午 11:29]   ok  bought the van from Sam
2094.3s [10月27日（週一） 上午 11:29]   ok  the van is a vehicle expense
2096.1s [10月27日（週一） 上午 11:33]   ok  walked back outside
2101.8s [10月27日（週一） 上午 11:42]   ok  entered Pier 7 Warehouse
2105.4s [10月27日（週一） 上午 11:47]   use "Lettings desk: lease Bay 3"
2106.0s [10月27日（週一） 上午 11:48]   shot 164_pier7_lease.png
2106.0s [10月27日（週一） 上午 11:48]   click [SignLease_pier7_warehouse] Sign the lease
2106.9s [10月27日（週一） 上午 11:49]   ok  leased the Pier 7 bay
2106.9s [10月27日（週一） 上午 11:49]   ok  Pier 7 is a stock location
2107.5s [10月27日（週一） 上午 11:50]   shot 165_pier7_warehouse.png
2111.7s [10月27日（週一） 上午 11:57]   ok  walked back outside
2120.2s [10月27日（週一） 下午 12:10]   use "捷運——港區站"
2121.2s [10月27日（週一） 下午 12:12]   shot 166_metro_riverside.png
2121.2s [10月27日（週一） 下午 12:12]   click [Go_riverside] 河濱區  ·  8 分鐘
2122.2s [10月27日（週一） 下午 12:21]   ok  took the Metro to Riverside
2131.3s [10月27日（週一） 下午 12:35]   ok  entered Riverside Tower
2131.3s [10月27日（週一） 下午 12:35] STEP Harbor — the morning's delivery runs
2131.3s [10月27日（週一） 下午 12:35]   (harness) wait 2 h
2131.9s [10月27日（週一） 下午 2:36]   (harness) wait 2 h
2132.5s [10月27日（週一） 下午 4:37]   (harness) wait 2 h
2133.1s [10月27日（週一） 下午 6:38]   (harness) wait 2 h
2135.6s [10月27日（週一） 下午 8:41]   use "Sleep"
2136.2s [10月27日（週一） 下午 8:41]   click [Sleep] Sleep until 7:00 AM
2138.0s [10月28日（週二） 上午 7:00]   (harness) wait 2 h
2138.6s [10月28日（週二） 上午 9:01]   ok  runs were posted in the morning
2141.7s [10月28日（週二） 上午 9:07]   ok  walked back outside
2151.1s [10月28日（週二） 上午 9:21]   use "捷運——河濱區站"
2152.0s [10月28日（週二） 上午 9:22]   shot 167_metro_harbor.png
2152.0s [10月28日（週二） 上午 9:22]   click [Go_harbor] 港區  ·  8 分鐘
2153.0s [10月28日（週二） 上午 9:32]   ok  took the Metro to Harbor
2163.0s [10月28日（週二） 上午 9:47]   ok  entered Pier 7 Warehouse
2165.8s [10月28日（週二） 上午 9:51]   use "Sit at the yard office desk — Company OS"
2166.4s [10月28日（週二） 上午 9:52]   click [Tab_logistics] Logistics
2167.1s [10月28日（週二） 上午 9:53]   shot 168_logistics_tab.png
2167.7s [10月28日（週二） 上午 9:54]   shot 169_logistics_badge_pinned.png
2167.7s [10月28日（週二） 上午 9:54]   click [Tab_logistics] Logistics
2168.1s [10月28日（週二） 上午 9:55]   ok  delivery runs on the board
2168.1s [10月28日（週二） 上午 9:55]   click [Accept_R1] Accept
2168.6s [10月28日（週二） 上午 9:55]   ok  accepted run R1
2168.7s [10月28日（週二） 上午 9:55]   shot 170_logistics_accepted.png
2168.7s [10月28日（週二） 上午 9:55]   click [Drive_R1] Drive it
2169.4s [10月28日（週二） 上午 9:56]   shot 171_route_game_intro.png
2169.4s [10月28日（週二） 上午 9:56]   click [StartGame] Start
2169.8s [10月28日（週二） 上午 9:56]   click [Stop_1]
2169.9s [10月28日（週二） 上午 9:56]   click [Stop_3]
2170.1s [10月28日（週二） 上午 9:56]   shot 172_route_game_planning.png
2170.1s [10月28日（週二） 上午 9:56]   click [Stop_5]
2170.2s [10月28日（週二） 上午 9:56]   click [Stop_4]
2170.3s [10月28日（週二） 上午 9:56]   click [Stop_2]
2170.8s [10月28日（週二） 上午 9:56]   shot 173_route_game_planned.png
2170.8s [10月28日（週二） 上午 9:56]   click [DriveRoute] Drive the route
2171.4s [10月28日（週二） 上午 9:56]   shot 174_route_game_results.png
2171.4s [10月28日（週二） 上午 9:56]   click [FinishGame] Continue
2172.3s [10月28日（週二） 下午 1:29]   ok  the run is done and in the history
2172.3s [10月28日（週二） 下午 1:29]   ok  the pay was banked as revenue ($134.20 for run R1)
2172.3s [10月28日（週二） 下午 1:29]   ok  fuel was charged
2172.3s [10月28日（週二） 下午 1:29]   ok  the best route scored 100%
2172.8s [10月28日（週二） 下午 1:29]   shot 175_logistics_tab_paid.png
2173.1s [10月28日（週二） 下午 1:30]   ok  ledger balanced after the first delivery run
2177.1s [10月28日（週二） 下午 1:37]   ok  walked back outside
2185.7s [10月28日（週二） 下午 1:50]   use "捷運——港區站"
2186.6s [10月28日（週二） 下午 1:51]   shot 176_metro_riverside.png
2186.6s [10月28日（週二） 下午 1:51]   click [Go_riverside] 河濱區  ·  8 分鐘
2187.6s [10月28日（週二） 下午 2:01]   ok  took the Metro to Riverside
2196.7s [10月28日（週二） 下午 2:14]   ok  entered Riverside Tower
2196.7s [10月28日（週二） 下午 2:14]   ok  Chapter 10 started after Chapter 9
2196.7s [10月28日（週二） 下午 2:14]   ok  Year 6: the Digital Finance Boom
2196.7s [10月28日（週二） 下午 2:14] STEP Chapter 10 — the news, and Lina's escrow offer
2198.1s [10月28日（週二） 下午 2:18]   ok  walked back outside
2201.4s [10月28日（週二） 下午 2:22]   ok  entered Bloom Coffee
2203.1s [10月28日（週二） 下午 2:25]   use "Read the news board"
2203.9s [10月28日（週二） 下午 2:30]   shot 177_news_digital_rails.png
2204.2s [10月28日（週二） 下午 2:30]   ok  read the news (digital_rails)
2207.2s [10月28日（週二） 下午 2:35]   ok  walked back outside
2210.4s [10月28日（週二） 下午 2:40]   ok  entered Riverside Tower
2211.7s [10月28日（週二） 下午 2:43]   ok  walked back outside
2221.2s [10月28日（週二） 下午 2:57]   use "捷運——河濱區站"
2222.1s [10月28日（週二） 下午 2:59]   shot 178_metro_financial.png
2222.1s [10月28日（週二） 下午 2:59]   click [Go_financial] 金融區  ·  10 分鐘
2223.1s [10月28日（週二） 下午 3:10]   ok  took the Metro to Financial District
2230.7s [10月28日（週二） 下午 3:22]   ok  entered Nexus Bank
2233.4s [10月28日（週二） 下午 3:26]   use "和 Lina Zhao 說話"
2234.3s [10月28日（週二） 下午 3:26]   shot 179_lina_rails.png
2240.1s [10月28日（週二） 下午 3:26]   choose "› 有什麼但書？"
2245.9s [10月28日（週二） 下午 3:28]   ok  the '!' badge for escrow pins its card
2246.0s [10月28日（週二） 下午 3:28]   shot 180_badge_escrow_pinned.png
2246.2s [10月28日（週二） 下午 3:28]   shot 181_decision_escrow_offer.png
2246.2s [10月28日（週二） 下午 3:28]   decision escrow_offer → try
2246.2s [10月28日（週二） 下午 3:28]   click [Choice_try] 開立託管帳戶
2247.6s [10月28日（週二） 下午 3:28]   shot 182_decision_outcome_escrow_offer.png
2247.6s [10月28日（週二） 下午 3:28]   click "OK"
2248.1s [10月28日（週二） 下午 3:28]   ok  opened an escrow account
2248.1s [10月28日（週二） 下午 3:28] STEP Chapter 10 — an import paid through escrow
2250.4s [10月28日（週二） 下午 3:33]   ok  walked back outside
2256.6s [10月28日（週二） 下午 3:42]   use "捷運——金融區站"
2257.5s [10月28日（週二） 下午 3:43]   shot 183_metro_riverside.png
2257.5s [10月28日（週二） 下午 3:43]   click [Go_riverside] 河濱區  ·  10 分鐘
2258.6s [10月28日（週二） 下午 3:55]   ok  took the Metro to Riverside
2267.7s [10月28日（週二） 下午 4:09]   ok  entered Riverside Tower
2269.1s [10月28日（週二） 下午 4:11]   use "Use laptop — Company OS"
2269.7s [10月28日（週二） 下午 4:12]   click [Tab_operations] Operations
2270.3s [10月28日（週二） 下午 4:12]   click [Buy_lumina_direct_phone_stand] 購買 $864
2271.1s [10月28日（週二） 下午 4:14]   shot 184_settlement_escrow.png
2271.1s [10月28日（週二） 下午 4:14]   click [Settle_escrow] Pay this way
2271.7s [10月28日（週二） 下午 5:00]   toast: Riverlight Goods 咖啡 今天沒開門：吧台沒人顧。去僱一位咖啡師（人員分頁），或自己站吧台。
2271.8s [10月28日（週二） 下午 6:25]   click [Tab_finance] Finance
2271.9s [10月28日（週二） 下午 6:25]   click [Tab_operations] Operations
2277.0s [10月28日（週二） 下午 6:32]   shot 185_operations_escrow_order.png
2277.3s [10月28日（週二） 下午 6:33]   ok  import ordered through escrow
2277.5s [10月28日（週二） 下午 6:33]   use "Use laptop — Company OS"
2278.1s [10月28日（週二） 下午 6:34]   click [Tab_finance] Finance
2278.8s [10月28日（週二） 下午 6:35]   shot 186_finance_held_in_escrow.png
2282.2s [10月28日（週二） 下午 7:04]   use "Sleep"
2282.8s [10月28日（週二） 下午 7:04]   click [Sleep] Sleep until 7:00 AM
2284.6s [10月29日（週三） 下午 5:00]   toast: Riverlight Goods 咖啡 今天沒開門：吧台沒人顧。去僱一位咖啡師（人員分頁），或自己站吧台。
2284.7s [10月29日（週三） 下午 7:01]   use "Sleep"
2285.3s [10月29日（週三） 下午 7:01]   click [Sleep] Sleep until 7:00 AM
2287.1s [10月30日（週四） 下午 5:00]   toast: Riverlight Goods 咖啡 今天沒開門：吧台沒人顧。去僱一位咖啡師（人員分頁），或自己站吧台。
2287.3s [10月30日（週四） 下午 7:01]   use "Sleep"
2287.9s [10月30日（週四） 下午 7:01]   click [Sleep] Sleep until 7:00 AM
2289.7s [10月31日（週五） 下午 5:00]   toast: Riverlight Goods 咖啡 今天沒開門：吧台沒人顧。去僱一位咖啡師（人員分頁），或自己站吧台。
2289.9s [10月31日（週五） 下午 7:01]   use "Sleep"
2290.5s [10月31日（週五） 下午 7:01]   click [Sleep] Sleep until 7:00 AM
2293.8s [11月1日（週六） 上午 7:00]   shot 187_month_close_report.png
2293.8s [11月1日（週六） 上午 7:00]   click [month close] Continue
2294.3s [11月1日（週六） 下午 5:00]   toast: Riverlight Goods 咖啡 今天沒開門：吧台沒人顧。去僱一位咖啡師（人員分頁），或自己站吧台。
2294.5s [11月1日（週六） 下午 7:00]   use "Sleep"
2295.1s [11月1日（週六） 下午 7:00]   click [Sleep] Sleep until 7:00 AM
2298.9s [11月2日（週日） 下午 7:03]   use "Sleep"
2299.5s [11月2日（週日） 下午 7:04]   click [Sleep] Sleep until 7:00 AM
2301.3s [11月3日（週一） 下午 5:00]   toast: Riverlight Goods 咖啡 今天沒開門：吧台沒人顧。去僱一位咖啡師（人員分頁），或自己站吧台。
2301.5s [11月3日（週一） 下午 7:01]   use "Sleep"
2302.1s [11月3日（週一） 下午 7:01]   click [Sleep] Sleep until 7:00 AM
2303.9s [11月4日（週二） 下午 5:00]   toast: Riverlight Goods 咖啡 今天沒開門：吧台沒人顧。去僱一位咖啡師（人員分頁），或自己站吧台。
2304.1s [11月4日（週二） 下午 7:01]   use "Sleep"
2304.7s [11月4日（週二） 下午 7:01]   click [Sleep] Sleep until 7:00 AM
2306.5s [11月5日（週三） 下午 5:00]   toast: Riverlight Goods 咖啡 今天沒開門：吧台沒人顧。去僱一位咖啡師（人員分頁），或自己站吧台。
2306.6s [11月5日（週三） 下午 7:01]   use "Sleep"
2307.2s [11月5日（週三） 下午 7:01]   click [Sleep] Sleep until 7:00 AM
2309.1s [11月6日（週四） 下午 5:00]   toast: Riverlight Goods 咖啡 今天沒開門：吧台沒人顧。去僱一位咖啡師（人員分頁），或自己站吧台。
2309.2s [11月6日（週四） 下午 7:01]   use "Sleep"
2309.8s [11月6日（週四） 下午 7:01]   click [Sleep] Sleep until 7:00 AM
2311.6s [11月7日（週五） 下午 5:00]   toast: Riverlight Goods 咖啡 今天沒開門：吧台沒人顧。去僱一位咖啡師（人員分頁），或自己站吧台。
2313.9s [11月7日（週五） 下午 7:04]   use "Sleep"
2314.5s [11月7日（週五） 下午 7:04]   click [Sleep] Sleep until 7:00 AM
2316.3s [11月8日（週六） 下午 5:00]   toast: Riverlight Goods 咖啡 今天沒開門：吧台沒人顧。去僱一位咖啡師（人員分頁），或自己站吧台。
2316.5s [11月8日（週六） 下午 7:01]   use "Sleep"
2317.1s [11月8日（週六） 下午 7:01]   click [Sleep] Sleep until 7:00 AM
2319.1s [11月9日（週日） 下午 7:01]   use "Sleep"
2319.7s [11月9日（週日） 下午 7:01]   click [Sleep] Sleep until 7:00 AM
2321.4s [11月10日（週一） 上午 7:00]   ok  escrow released to the supplier on arrival
2321.4s [11月10日（週一） 上午 7:00]   ok  Chapter 10 complete
2321.4s [11月10日（週一） 上午 7:00] STEP Chapter 11 — the bridge exploit
2321.4s [11月10日（週一） 上午 7:00]   ok  Year 7: the Bridge Exploit
2324.7s [11月10日（週一） 上午 7:06]   ok  walked back outside
2328.1s [11月10日（週一） 上午 7:11]   ok  entered Bloom Coffee
2329.8s [11月10日（週一） 上午 7:14]   use "Read the news board"
2330.5s [11月10日（週一） 上午 7:19]   shot 188_news_bridge_before.png
2330.9s [11月10日（週一） 上午 7:19]   ok  read the news (bridge_before)
2333.9s [11月10日（週一） 上午 7:24]   ok  walked back outside
2337.0s [11月10日（週一） 上午 7:29]   ok  entered Riverside Tower
2338.4s [11月10日（週一） 上午 7:31]   use "Use laptop — Company OS"
2339.0s [11月10日（週一） 上午 7:32]   click [Tab_operations] Operations
2339.6s [11月10日（週一） 上午 7:33]   click [Buy_lumina_direct_phone_stand] 購買 $856
2340.4s [11月10日（週一） 上午 7:34]   shot 189_settlement_before_exploit.png
2340.4s [11月10日（週一） 上午 7:34]   click [Settle_escrow] Pay this way
2341.5s [11月10日（週一） 上午 7:36]   ok  restock ordered through escrow (cash $30,898)
2353.2s [11月10日（週一） 上午 7:54]   toast: 快訊：數位美元跨鏈橋遭駭。轉帳凍結，預計 11月16日 上午 7:54 前後恢復。
2355.2s [11月10日（週一） 上午 7:56]   ok  the bridge is frozen with our payment crossing it
2355.8s [11月10日（週一） 上午 7:56]   ok  the '!' badge for frozen_funds pins its card
2355.9s [11月10日（週一） 上午 7:56]   shot 190_badge_frozen_pinned.png
2356.1s [11月10日（週一） 上午 7:56]   shot 191_decision_rail_frozen.png
2356.1s [11月10日（週一） 上午 7:56]   decision rail_frozen → reroute
2356.1s [11月10日（週一） 上午 7:56]   click [Choice_reroute] 改用電匯重新付款（$890）
2357.4s [11月10日（週一） 上午 7:56]   shot 192_decision_outcome_rail_frozen.png
2357.4s [11月10日（週一） 上午 7:56]   click "OK"
2357.9s [11月10日（週一） 上午 7:56]   ok  paid again by wire
2358.1s [11月10日（週一） 上午 7:56]   use "Use laptop — Company OS"
2358.7s [11月10日（週一） 上午 7:57]   click [Tab_finance] Finance
2359.4s [11月10日（週一） 上午 7:58]   shot 193_finance_frozen_funds.png
2359.4s [11月10日（週一） 上午 7:58]   click [Tab_operations] Operations
2364.9s [11月10日（週一） 上午 8:06]   shot 194_operations_frozen_order.png
2367.9s [11月10日（週一） 上午 8:12]   ok  walked back outside
2371.2s [11月10日（週一） 上午 8:17]   ok  entered Bloom Coffee
2372.9s [11月10日（週一） 上午 8:20]   use "Read the news board"
2373.7s [11月10日（週一） 上午 8:25]   shot 195_news_bridge_frozen.png
2374.0s [11月10日（週一） 上午 8:25]   ok  read the news (bridge_frozen)
2377.0s [11月10日（週一） 上午 8:30]   ok  walked back outside
2380.1s [11月10日（週一） 上午 8:35]   ok  entered Riverside Tower
2380.1s [11月10日（週一） 下午 5:00]   toast: Riverlight Goods 咖啡 今天沒開門：吧台沒人顧。去僱一位咖啡師（人員分頁），或自己站吧台。
2382.0s [11月10日（週一） 下午 7:03]   use "Sleep"
2382.6s [11月10日（週一） 下午 7:03]   click [Sleep] Sleep until 7:00 AM
2384.4s [11月11日（週二） 下午 5:00]   toast: Riverlight Goods 咖啡 今天沒開門：吧台沒人顧。去僱一位咖啡師（人員分頁），或自己站吧台。
2384.6s [11月11日（週二） 下午 7:01]   use "Sleep"
2385.2s [11月11日（週二） 下午 7:01]   click [Sleep] Sleep until 7:00 AM
2387.0s [11月12日（週三） 下午 5:00]   toast: Riverlight Goods 咖啡 今天沒開門：吧台沒人顧。去僱一位咖啡師（人員分頁），或自己站吧台。
2387.1s [11月12日（週三） 下午 7:00]   shot 196_decision_supplier_price_increase.png
2387.1s [11月12日（週三） 下午 7:00]   decision supplier_price_increase → accept
2387.1s [11月12日（週三） 下午 7:00]   click [Choice_accept] 好。繼續跟你進貨。
2388.5s [11月12日（週三） 下午 7:00]   shot 197_decision_outcome_supplier_price_increase.png
2388.5s [11月12日（週三） 下午 7:00]   click "OK"
2389.1s [11月12日（週三） 下午 7:00]   use "Sleep"
2389.7s [11月12日（週三） 下午 7:00]   click [Sleep] Sleep until 7:00 AM
2391.5s [11月13日（週四） 下午 5:00]   toast: Riverlight Goods 咖啡 今天沒開門：吧台沒人顧。去僱一位咖啡師（人員分頁），或自己站吧台。
2391.7s [11月13日（週四） 下午 7:01]   use "Sleep"
2392.3s [11月13日（週四） 下午 7:01]   click [Sleep] Sleep until 7:00 AM
2394.1s [11月14日（週五） 下午 5:00]   toast: Ben Silva 離職了。
2394.1s [11月14日（週五） 下午 5:00]   toast: Riverlight Goods 咖啡 今天沒開門：吧台沒人顧。去僱一位咖啡師（人員分頁），或自己站吧台。
2394.1s [11月14日（週五） 下午 7:00]   shot 198_decision_low_cash_warning.png
2394.1s [11月14日（週五） 下午 7:00]   decision low_cash_warning → reduce
2394.1s [11月14日（週五） 下午 7:00]   click [Choice_reduce] 縮減開支（暫停廣告、生活從簡）
2395.5s [11月14日（週五） 下午 7:00]   shot 199_decision_outcome_low_cash_warning.png
2395.5s [11月14日（週五） 下午 7:00]   click "OK"
2396.1s [11月14日（週五） 下午 7:00]   use "Sleep"
2396.7s [11月14日（週五） 下午 7:00]   click [Sleep] Sleep until 7:00 AM
2398.6s [11月15日（週六） 下午 5:00]   toast: Riverlight Goods 咖啡 今天沒開門：吧台沒人顧。去僱一位咖啡師（人員分頁），或自己站吧台。
2398.7s [11月15日（週六） 下午 7:01]   use "Sleep"
2399.3s [11月15日（週六） 下午 7:01]   click [Sleep] Sleep until 7:00 AM
2401.3s [11月16日（週日） 下午 7:01]   use "Sleep"
2401.9s [11月16日（週日） 下午 7:01]   click [Sleep] Sleep until 7:00 AM
2403.7s [11月17日（週一） 下午 5:00]   toast: Riverlight Goods 咖啡 今天沒開門：吧台沒人顧。去僱一位咖啡師（人員分頁），或自己站吧台。
2403.8s [11月17日（週一） 下午 7:00]   shot 200_decision_low_cash_warning.png
2403.8s [11月17日（週一） 下午 7:00]   decision low_cash_warning → reduce
2403.8s [11月17日（週一） 下午 7:00]   click [Choice_reduce] 縮減開支（暫停廣告、生活從簡）
2405.1s [11月17日（週一） 下午 7:00]   shot 201_decision_outcome_low_cash_warning.png
2405.1s [11月17日（週一） 下午 7:00]   click "OK"
2405.7s [11月17日（週一） 下午 7:00]   use "Sleep"
2406.3s [11月17日（週一） 下午 7:00]   click [Sleep] Sleep until 7:00 AM
2408.2s [11月18日（週二） 下午 5:00]   toast: Riverlight Goods 咖啡 今天沒開門：吧台沒人顧。去僱一位咖啡師（人員分頁），或自己站吧台。
2408.3s [11月18日（週二） 下午 7:01]   use "Sleep"
2408.9s [11月18日（週二） 下午 7:01]   click [Sleep] Sleep until 7:00 AM
2410.7s [11月19日（週三） 下午 5:00]   toast: Riverlight Goods 咖啡 今天沒開門：吧台沒人顧。去僱一位咖啡師（人員分頁），或自己站吧台。
2410.9s [11月19日（週三） 下午 7:01]   use "Sleep"
2411.5s [11月19日（週三） 下午 7:01]   click [Sleep] Sleep until 7:00 AM
2413.3s [11月20日（週四） 下午 5:00]   toast: Riverlight Goods 咖啡 今天沒開門：吧台沒人顧。去僱一位咖啡師（人員分頁），或自己站吧台。
2413.4s [11月20日（週四） 下午 7:00]   shot 202_decision_low_cash_warning.png
2413.4s [11月20日（週四） 下午 7:00]   decision low_cash_warning → reduce
2413.4s [11月20日（週四） 下午 7:00]   click [Choice_reduce] 縮減開支（暫停廣告、生活從簡）
2414.8s [11月20日（週四） 下午 7:00]   shot 203_decision_outcome_low_cash_warning.png
2414.8s [11月20日（週四） 下午 7:00]   click "OK"
2415.4s [11月20日（週四） 下午 7:00]   use "Sleep"
2416.0s [11月20日（週四） 下午 7:00]   click [Sleep] Sleep until 7:00 AM
2417.8s [11月21日（週五） 下午 5:00]   toast: Riverlight Goods 咖啡 今天沒開門：吧台沒人顧。去僱一位咖啡師（人員分頁），或自己站吧台。
2417.9s [11月21日（週五） 下午 7:01]   use "Sleep"
2418.6s [11月21日（週五） 下午 7:01]   click [Sleep] Sleep until 7:00 AM
2420.3s [11月22日（週六） 下午 5:00]   toast: Riverlight Goods 咖啡 今天沒開門：吧台沒人顧。去僱一位咖啡師（人員分頁），或自己站吧台。
2420.5s [11月22日（週六） 下午 7:01]   use "Sleep"
2421.1s [11月22日（週六） 下午 7:01]   click [Sleep] Sleep until 7:00 AM
2423.0s [11月23日（週日） 下午 7:00]   shot 204_decision_low_cash_warning.png
2423.0s [11月23日（週日） 下午 7:00]   decision low_cash_warning → reduce
2423.0s [11月23日（週日） 下午 7:00]   click [Choice_reduce] 縮減開支（暫停廣告、生活從簡）
2424.4s [11月23日（週日） 下午 7:00]   shot 205_decision_outcome_low_cash_warning.png
2424.4s [11月23日（週日） 下午 7:00]   click "OK"
2425.0s [11月23日（週日） 下午 7:00]   use "Sleep"
2425.6s [11月23日（週日） 下午 7:00]   click [Sleep] Sleep until 7:00 AM
2427.4s [11月24日（週一） 下午 5:00]   toast: Riverlight Goods 咖啡 今天沒開門：吧台沒人顧。去僱一位咖啡師（人員分頁），或自己站吧台。
2427.5s [11月24日（週一） 下午 7:01]   use "Sleep"
2428.2s [11月24日（週一） 下午 7:01]   click [Sleep] Sleep until 7:00 AM
2430.0s [11月25日（週二） 下午 5:00]   toast: Riverlight Goods 咖啡 今天沒開門：吧台沒人顧。去僱一位咖啡師（人員分頁），或自己站吧台。
2430.1s [11月25日（週二） 下午 7:01]   use "Sleep"
2430.7s [11月25日（週二） 下午 7:01]   click [Sleep] Sleep until 7:00 AM
2432.5s [11月26日（週三） 上午 7:00]   ok  the bridge reopened
2432.5s [11月26日（週三） 上午 7:00]   ok  frozen funds settled
2432.5s [11月26日（週三） 上午 7:00]   ok  Chapter 11 complete: through the freeze and restocked
2432.5s [11月26日（週三） 上午 7:00] STEP Chapter 12 — the regulation wave: the import licence
2432.5s [11月26日（週三） 上午 7:00]   ok  Year 8: the Regulation Wave
2435.8s [11月26日（週三） 上午 7:06]   ok  walked back outside
2439.1s [11月26日（週三） 上午 7:11]   ok  entered Bloom Coffee
2440.8s [11月26日（週三） 上午 7:14]   use "Read the news board"
2441.5s [11月26日（週三） 上午 7:19]   shot 206_news_regulation.png
2441.9s [11月26日（週三） 上午 7:19]   ok  read the news (regulation)
2444.9s [11月26日（週三） 上午 7:24]   ok  walked back outside
2448.1s [11月26日（週三） 上午 7:29]   ok  entered Riverside Tower
2448.1s [11月26日（週三） 上午 7:29]   (harness) wait 2 h
2448.7s [11月26日（週三） 上午 9:29]   shot 207_decision_low_cash_warning.png
2448.7s [11月26日（週三） 上午 9:29]   decision low_cash_warning → reduce
2448.7s [11月26日（週三） 上午 9:29]   click [Choice_reduce] 縮減開支（暫停廣告、生活從簡）
2450.1s [11月26日（週三） 上午 9:29]   shot 208_decision_outcome_low_cash_warning.png
2450.1s [11月26日（週三） 上午 9:29]   click "OK"
2451.9s [11月26日（週三） 上午 9:32]   ok  walked back outside
2461.3s [11月26日（週三） 上午 9:46]   use "捷運——河濱區站"
2462.3s [11月26日（週三） 上午 9:48]   shot 209_metro_civic_center.png
2462.3s [11月26日（週三） 上午 9:48]   click [Go_civic_center] 市政中心  ·  12 分鐘
2463.3s [11月26日（週三） 上午 10:01]   ok  took the Metro to Civic Center
2470.4s [11月26日（週三） 上午 10:12]   ok  entered Aurelia City Hall
2472.2s [11月26日（週三） 上午 10:15]   use "Permits & regulations"
2472.9s [11月26日（週三） 上午 10:16]   shot 210_permits_import_licence.png
2473.5s [11月26日（週三） 上午 10:17]   ok  the '!' badge for import_licence pins its card
2473.6s [11月26日（週三） 上午 10:17]   shot 211_badge_licence_pinned.png
2473.7s [11月26日（週三） 上午 10:17]   click [ApplyImportLicence] 申請（$450）
2474.4s [11月26日（週三） 上午 10:38]   shot 212_permits_licence_processing.png
2474.8s [11月26日（週三） 上午 10:38]   ok  import licence applied for
2477.8s [11月26日（週三） 上午 10:44]   ok  walked back outside
2483.4s [11月26日（週三） 上午 10:52]   use "捷運——市政中心站"
2484.3s [11月26日（週三） 上午 10:54]   shot 213_metro_riverside.png
2484.3s [11月26日（週三） 上午 10:54]   click [Go_riverside] 河濱區  ·  12 分鐘
2485.4s [11月26日（週三） 上午 11:07]   ok  took the Metro to Riverside
2494.5s [11月26日（週三） 上午 11:21]   ok  entered Riverside Tower
2494.5s [11月26日（週三） 下午 5:00]   toast: Riverlight Goods 咖啡 今天沒開門：吧台沒人顧。去僱一位咖啡師（人員分頁），或自己站吧台。
2496.4s [11月26日（週三） 下午 7:03]   use "Sleep"
2497.0s [11月26日（週三） 下午 7:03]   click [Sleep] Sleep until 7:00 AM
2498.8s [11月27日（週四） 下午 5:00]   toast: Riverlight Goods 咖啡 今天沒開門：吧台沒人顧。去僱一位咖啡師（人員分頁），或自己站吧台。
2499.0s [11月27日（週四） 下午 7:01]   use "Sleep"
2499.6s [11月27日（週四） 下午 7:01]   click [Sleep] Sleep until 7:00 AM
2501.4s [11月28日（週五） 下午 5:00]   toast: Riverlight Goods 咖啡 今天沒開門：吧台沒人顧。去僱一位咖啡師（人員分頁），或自己站吧台。
2501.5s [11月28日（週五） 下午 7:01]   use "Sleep"
2502.1s [11月28日（週五） 下午 7:01]   click [Sleep] Sleep until 7:00 AM
2503.9s [11月29日（週六） 上午 7:00]   ok  import licence granted
2503.9s [11月29日（週六） 上午 7:00] STEP Chapter 12 — a large import goes through KYC
2505.2s [11月29日（週六） 上午 7:02]   use "Use laptop — Company OS"
2505.8s [11月29日（週六） 上午 7:03]   click [Tab_operations] Operations
2506.4s [11月29日（週六） 上午 7:04]   click [Buy_lumina_direct_wireless_earbuds] 購買 $2,692
2507.2s [11月29日（週六） 上午 7:05]   shot 214_settlement_kyc.png
2507.2s [11月29日（週六） 上午 7:05]   click [Settle_letter_of_credit] Pay this way
2508.3s [11月29日（週六） 上午 7:07]   ok  the large payment carries a KYC check
2508.3s [11月29日（週六） 下午 5:00]   toast: Riverlight Goods 咖啡 今天沒開門：吧台沒人顧。去僱一位咖啡師（人員分頁），或自己站吧台。
2508.4s [11月29日（週六） 下午 7:00]   shot 215_decision_low_cash_warning.png
2508.4s [11月29日（週六） 下午 7:00]   decision low_cash_warning → reduce
2508.4s [11月29日（週六） 下午 7:00]   click [Choice_reduce] 縮減開支（暫停廣告、生活從簡）
2509.8s [11月29日（週六） 下午 7:00]   shot 216_decision_outcome_low_cash_warning.png
2509.8s [11月29日（週六） 下午 7:00]   click "OK"
2513.0s [11月29日（週六） 下午 7:04]   use "Sleep"
2513.6s [11月29日（週六） 下午 7:04]   click [Sleep] Sleep until 7:00 AM
2515.5s [11月30日（週日） 下午 7:00]   shot 217_decision_supplier_price_increase.png
2515.5s [11月30日（週日） 下午 7:00]   decision supplier_price_increase → accept
2515.5s [11月30日（週日） 下午 7:00]   click [Choice_accept] 好。繼續跟你進貨。
2516.9s [11月30日（週日） 下午 7:00]   shot 218_decision_outcome_supplier_price_increase.png
2516.9s [11月30日（週日） 下午 7:00]   click "OK"
2517.5s [11月30日（週日） 下午 7:00]   use "Sleep"
2518.1s [11月30日（週日） 下午 7:00]   click [Sleep] Sleep until 7:00 AM
2521.5s [12月1日（週一） 上午 7:00]   shot 219_month_close_report.png
2521.5s [12月1日（週一） 上午 7:00]   click [month close] Continue
2521.9s [12月1日（週一） 下午 5:00]   toast: Riverlight Goods 咖啡 今天沒開門：吧台沒人顧。去僱一位咖啡師（人員分頁），或自己站吧台。
2522.1s [12月1日（週一） 下午 7:00]   use "Sleep"
2522.7s [12月1日（週一） 下午 7:00]   click [Sleep] Sleep until 7:00 AM
2524.5s [12月2日（週二） 下午 5:00]   toast: Riverlight Goods 咖啡 今天沒開門：吧台沒人顧。去僱一位咖啡師（人員分頁），或自己站吧台。
2524.6s [12月2日（週二） 下午 7:00]   shot 220_decision_low_cash_warning.png
2524.6s [12月2日（週二） 下午 7:00]   decision low_cash_warning → reduce
2524.6s [12月2日（週二） 下午 7:00]   click [Choice_reduce] 縮減開支（暫停廣告、生活從簡）
2526.0s [12月2日（週二） 下午 7:00]   shot 221_decision_outcome_low_cash_warning.png
2526.0s [12月2日（週二） 下午 7:00]   click "OK"
2526.6s [12月2日（週二） 下午 7:00]   use "Sleep"
2527.2s [12月2日（週二） 下午 7:00]   click [Sleep] Sleep until 7:00 AM
2529.0s [12月3日（週三） 上午 7:00]   ok  KYC cleared
2530.1s [12月3日（週三） 上午 7:02]   use "Use laptop — Company OS"
2530.7s [12月3日（週三） 上午 7:03]   click [Tab_finance] Finance
2531.4s [12月3日（週三） 上午 7:04]   shot 222_finance_compliance_cost.png
2531.7s [12月3日（週三） 上午 7:05] STEP Chapter 12 — Victor Hale's offer
2531.7s [12月3日（週三） 上午 7:05]   (harness) wait 2 h
2532.3s [12月3日（週三） 上午 9:05]   (harness) wait 2 h
2535.7s [12月3日（週三） 上午 11:12]   ok  walked back outside
2545.1s [12月3日（週三） 上午 11:26]   use "捷運——河濱區站"
2546.1s [12月3日（週三） 上午 11:27]   shot 223_metro_shopping_street.png
2546.1s [12月3日（週三） 上午 11:27]   click [Go_shopping_street] 購物街  ·  15 分鐘
2547.1s [12月3日（週三） 上午 11:44]   ok  took the Metro to Shopping Street
2555.9s [12月3日（週三） 上午 11:57]   ok  entered Crestline Flagship
2556.5s [12月3日（週三） 上午 11:57]   use "和 Victor Hale 說話"
2557.4s [12月3日（週三） 上午 11:58]   shot 224_victor_offer.png
2565.0s [12月3日（週三） 下午 12:00]   ok  the '!' badge for valuation pins its card
2565.1s [12月3日（週三） 下午 12:00]   shot 225_badge_valuation_pinned.png
2565.2s [12月3日（週三） 下午 12:00]   shot 226_decision_acquisition_offer.png
2565.2s [12月3日（週三） 下午 12:00]   decision acquisition_offer → counter
2565.2s [12月3日（週三） 下午 12:00]   click [Choice_counter] 還價：開價 $21,169
2566.7s [12月3日（週三） 下午 12:00]   shot 227_decision_outcome_acquisition_offer.png
2566.7s [12月3日（週三） 下午 12:00]   click "OK"
2567.1s [12月3日（週三） 下午 12:00]   ok  countered Hale Group's offer
2568.5s [12月3日（週三） 下午 12:02]   shot 228_ending_card.png
2571.4s [12月3日（週三） 下午 12:07]   ok  Chapter 12 complete
2571.4s [12月3日（週三） 下午 12:07]   ok  the main story is complete
2571.4s [12月3日（週三） 下午 12:07]   ok  free play: the growth goal
2571.4s [12月3日（週三） 下午 12:07]   ok  ledger balanced after chapters 10–12
2573.2s [12月3日（週三） 下午 12:10]   ok  walked back outside
2580.4s [12月3日（週三） 下午 12:21]   use "捷運——購物街站"
2581.4s [12月3日（週三） 下午 12:22]   shot 229_metro_riverside.png
2581.4s [12月3日（週三） 下午 12:22]   click [Go_riverside] 河濱區  ·  15 分鐘
2582.4s [12月3日（週三） 下午 12:39]   ok  took the Metro to Riverside
2591.5s [12月3日（週三） 下午 12:53]   ok  entered Riverside Tower
2591.5s [12月3日（週三） 下午 12:53] STEP Save → reload → same state
2592.4s [12月3日（週三） 下午 12:54]   ok  cash restored after load
2592.4s [12月3日（週三） 下午 12:54]   ok  time restored after load
2592.4s [12月3日（週三） 下午 12:54]   ok  location restored (riverside_apartment)
2592.6s [12月3日（週三） 下午 12:54]   shot 230_after_load.png
2592.6s [12月3日（週三） 下午 12:54] STEP Summary
2592.6s [12月3日（週三） 下午 12:54]   business entity co_riverlight_goods cash $22,796.07 · personal $10,912.98 · orders delivered 595 · chapters done ["ch1_arrival", "ch2_first_customer", "ch3_open_for_business", "ch4_growing_pains", "ch5_big_contract", "ch6_cash_is_oxygen", "ch7_supply_shock", "ch8_green_shift", "ch9_clearing_crisis", "ch10_digital_rails", "ch11_other_side_of_trust", "ch12_regulation_scale"]
2592.6s [12月3日（週三） 下午 12:54]   ok  ledger balanced at the end
2592.6s [12月3日（週三） 下午 12:54]   ok  story objective completed: ch1_phone
2592.6s [12月3日（週三） 下午 12:54]   ok  story objective completed: ch1_outside
2592.6s [12月3日（週三） 下午 12:54]   ok  story objective completed: ch1_coffee
2592.6s [12月3日（週三） 下午 12:54]   ok  story objective completed: ch1_cowork
2592.6s [12月3日（週三） 下午 12:54]   ok  story objective completed: ch1_board
2592.6s [12月3日（週三） 下午 12:54]   ok  story objective completed: ch2_supplier
2592.6s [12月3日（週三） 下午 12:54]   ok  story objective completed: ch2_stock
2592.6s [12月3日（週三） 下午 12:54]   ok  story objective completed: ch2_listing
2592.6s [12月3日（週三） 下午 12:54]   ok  story objective completed: ch2_order
2592.6s [12月3日（週三） 下午 12:54]   ok  story objective completed: ch2_ship
2592.6s [12月3日（週三） 下午 12:54]   ok  story objective completed: ch2_first_dollar
2592.6s [12月3日（週三） 下午 12:54]   ok  story objective completed: ch2_issue
2592.6s [12月3日（週三） 下午 12:54]   ok  story objective completed: ch3_register
2592.6s [12月3日（週三） 下午 12:54]   ok  story objective completed: ch3_bank
2592.6s [12月3日（週三） 下午 12:54]   ok  story objective completed: ch3_workspace
2592.6s [12月3日（週三） 下午 12:54]   ok  story objective completed: ch3_os
2592.6s [12月3日（週三） 下午 12:54]   ok  story objective completed: ch4_employer
2592.6s [12月3日（週三） 下午 12:54]   ok  story objective completed: ch4_post
2592.6s [12月3日（週三） 下午 12:54]   ok  story objective completed: ch4_hire
2592.6s [12月3日（週三） 下午 12:54]   ok  story objective completed: ch4_payroll
2592.6s [12月3日（週三） 下午 12:54]   ok  story objective completed: ch4_forecast
2592.6s [12月3日（週三） 下午 12:54]   ok  story objective completed: ch5_meet
2592.6s [12月3日（週三） 下午 12:54]   ok  story objective completed: ch5_decide
2592.6s [12月3日（週三） 下午 12:54]   ok  story objective completed: ch5_stock
2592.6s [12月3日（週三） 下午 12:54]   ok  story objective completed: ch5_deliver
2592.6s [12月3日（週三） 下午 12:54]   ok  story objective completed: ch6_forecast
2592.6s [12月3日（週三） 下午 12:54]   ok  story objective completed: ch6_bridge
2592.6s [12月3日（週三） 下午 12:54]   ok  story objective completed: ch6_collect
2592.6s [12月3日（週三） 下午 12:54]   ok  story objective completed: ch6_close
2592.6s [12月3日（週三） 下午 12:54]   ok  story objective completed: ch7_news
2592.6s [12月3日（週三） 下午 12:54]   ok  story objective completed: ch7_ken
2592.6s [12月3日（週三） 下午 12:54]   ok  story objective completed: ch7_stock
2592.6s [12月3日（週三） 下午 12:54]   ok  story objective completed: ch7_price
2592.6s [12月3日（週三） 下午 12:54]   ok  story objective completed: ch7_close
2592.6s [12月3日（週三） 下午 12:54]   ok  story objective completed: ch8_news
2592.6s [12月3日（週三） 下午 12:54]   ok  story objective completed: ch8_pack
2592.6s [12月3日（週三） 下午 12:54]   ok  story objective completed: ch8_product
2592.6s [12月3日（週三） 下午 12:54]   ok  story objective completed: ch8_grant
2592.6s [12月3日（週三） 下午 12:54]   ok  story objective completed: ch9_news
2592.6s [12月3日（週三） 下午 12:54]   ok  story objective completed: ch9_import
2592.6s [12月3日（週三） 下午 12:54]   ok  story objective completed: ch9_lina
2592.6s [12月3日（週三） 下午 12:54]   ok  story objective completed: ch9_settle
2592.6s [12月3日（週三） 下午 12:54]   ok  story objective completed: ch9_arrive
2592.6s [12月3日（週三） 下午 12:54]   ok  story objective completed: ch10_news
2592.6s [12月3日（週三） 下午 12:54]   ok  story objective completed: ch10_lina
2592.6s [12月3日（週三） 下午 12:54]   ok  story objective completed: ch10_import
2592.6s [12月3日（週三） 下午 12:54]   ok  story objective completed: ch10_arrive
2592.6s [12月3日（週三） 下午 12:54]   ok  story objective completed: ch11_news
2592.6s [12月3日（週三） 下午 12:54]   ok  story objective completed: ch11_order
2592.6s [12月3日（週三） 下午 12:54]   ok  story objective completed: ch11_freeze
2592.6s [12月3日（週三） 下午 12:54]   ok  story objective completed: ch11_restock
2592.6s [12月3日（週三） 下午 12:54]   ok  story objective completed: ch12_news
2592.6s [12月3日（週三） 下午 12:54]   ok  story objective completed: ch12_licence
2592.6s [12月3日（週三） 下午 12:54]   ok  story objective completed: ch12_kyc
2592.6s [12月3日（週三） 下午 12:54]   ok  story objective completed: ch12_offer
2592.6s [12月3日（週三） 下午 12:54] BOT FINISHED — 0 failure(s) · 2592.6s real
2592.6s [12月3日（週三） 下午 12:54] English audit: 9 on-screen text(s) with untranslated words
