   0.0s STEP Main menu → New Game
   0.6s   shot 01_main_menu.png
   0.6s   click [NewGame] New Game
   1.9s STEP Character Creator
   2.0s   shot 02_creator_default.png
   2.0s   click [Tab_hair] Hair
   2.1s   click [Next_hair] ▶
   2.5s   click [Tab_face] Face
   2.6s   click [Next_face] ▶
   2.7s   click [Next_eye_shape] ▶
   2.8s   click [Tab_body] Body
   2.9s   click [Next_presentation] ▶
   3.5s   shot 03_creator_customised.png
   3.5s   click [Tab_outfit] Outfit
   3.6s   click "Startup Casual"
   4.1s   ok  appearance changed from default (short_neat)
   4.2s   shot 04_creator_final.png
   4.2s   click [Start] Start in Aurelia  →
   4.3s [6月1日（週日） 下午 2:00] STEP Arrival sequence
   7.0s [6月1日（週日） 下午 2:00]   shot 05_arrival_train.png
  10.5s [6月1日（週日） 下午 2:00]   shot 06_arrival_phone.png
  15.7s [6月1日（週日） 下午 2:01]   ok  spawned in the Riverside apartment
  15.7s [6月1日（週日） 下午 2:01]   ok  starting cash $30,000
  15.7s [6月1日（週日） 下午 2:01]   ok  name saved
  17.5s [6月1日（週日） 下午 2:03]   shot 07_apartment_arrival.png
  17.5s [6月1日（週日） 下午 2:03] STEP Chapter 1 — phone & Maya
  20.6s [6月1日（週日） 下午 2:07]   shot 08_phone_home.png
  20.6s [6月1日（週日） 下午 2:07]   click [App_messages] 訊息 2
  21.1s [6月1日（週日） 下午 2:08]   click [Thread_maya] Maya  ● 打給我。或傳訊息。隨便。
  23.1s [6月1日（週日） 下午 2:09]   choose "› 嗯。"
  26.2s [6月1日（週日） 下午 2:09]   choose "› 我要開公司。"
  29.6s [6月1日（週日） 下午 2:09]   ok  Maya conversation done
  29.6s [6月1日（週日） 下午 2:09] STEP Head outside
  33.5s [6月1日（週日） 下午 2:15]   ok  walked back outside
  33.5s [6月1日（週日） 下午 2:15]   ok  visited Riverside
  33.7s [6月1日（週日） 下午 2:15]   shot 09_riverside_outside_home.png
  33.7s [6月1日（週日） 下午 2:15] STEP Bloom Coffee
  36.9s [6月1日（週日） 下午 2:20]   ok  entered Bloom Coffee
  37.1s [6月1日（週日） 下午 2:20]   shot 10_bloom_coffee_inside.png
  38.4s [6月1日（週日） 下午 2:22]   use "Order coffee ($4.50)"
  40.4s [6月1日（週日） 下午 2:22]   choose "› 麻煩了。"
  45.4s [6月1日（週日） 下午 2:33]   ok  bought a coffee from Jun
  48.2s [6月1日（週日） 下午 2:38]   ok  walked back outside
  48.2s [6月1日（週日） 下午 2:38] STEP Walk east to Startup Hub
  49.7s [6月1日（週日） 下午 2:40]   shot 11_riverside_street.png
  62.3s [6月1日（週日） 下午 3:11]   ok  walked to Startup Hub
  62.5s [6月1日（週日） 下午 3:11]   shot 12_startup_hub_arrive.png
  62.5s [6月1日（週日） 下午 3:11] STEP Nexus Co-work
  66.4s [6月1日（週日） 下午 3:17]   ok  entered Nexus Co-work
  66.6s [6月1日（週日） 下午 3:17]   shot 13_cowork_inside.png
  67.8s [6月1日（週日） 下午 3:19]   use "Reception — desks & day passes"
  70.4s [6月1日（週日） 下午 3:19]   choose "› 對。先看看。"
  73.4s [6月1日（週日） 下午 3:20]   click [DayPass] Buy a day pass ($15)
  74.3s [6月1日（週日） 下午 3:21] STEP Business Board
  81.8s [6月1日（週日） 下午 3:32]   use "Business Board"
  82.5s [6月1日（週日） 下午 3:34]   shot 14_business_board.png
  82.5s [6月1日（週日） 下午 3:34]   click [Biz_saas] ● SaaS／軟體
  83.1s [6月1日（週日） 下午 3:34]   shot 15_business_board_planned_saas.png
  83.1s [6月1日（週日） 下午 3:34]   click [Biz_ecommerce] ● 電商
  83.3s [6月1日（週日） 下午 3:35]   click [StartEcommerce] Start an ecommerce side business
  84.7s [6月1日（週日） 下午 3:37]   ok  picked ecommerce as first business
  87.2s [6月1日（週日） 下午 3:41]   ok  Chapter 1 complete
  87.2s [6月1日（週日） 下午 3:41] STEP Chapter 2 — buy stock at a hot desk (Company OS)
  96.1s [6月1日（週日） 下午 3:54]   use "Work at a hot desk — Company OS"
  96.8s [6月1日（週日） 下午 3:55]   shot 16_company_os_overview_personal.png
  96.8s [6月1日（週日） 下午 3:55]   click [Tab_operations] Operations
  97.5s [6月1日（週日） 下午 3:56]   shot 17_company_os_suppliers.png
  97.5s [6月1日（週日） 下午 3:56]   click [Buy_tradelink_wholesale_wireless_earbuds] 購買 $900.00
  97.9s [6月1日（週日） 下午 4:07]   click [Buy_tradelink_wholesale_water_bottle] 購買 $408.00
  98.4s [6月1日（週日） 下午 4:17]   click [Buy_tradelink_wholesale_desk_lamp] 購買 $460.00
  98.9s [6月1日（週日） 下午 4:28]   click [Buy_tradelink_wholesale_phone_stand] 購買 $272.00
  99.4s [6月1日（週日） 下午 4:39]   ok  placed purchase orders (MOQ, prepaid): 4 POs, cash $27,940.50
  99.4s [6月1日（週日） 下午 4:39]   shot 18_company_os_purchase_orders.png
  99.8s [6月1日（週日） 下午 4:39] STEP Home to wait for stock
 103.0s [6月1日（週日） 下午 4:45]   ok  walked back outside
 107.0s [6月1日（週日） 下午 5:03]   ok  walked to Riverside
 122.9s [6月1日（週日） 下午 5:27]   ok  entered Riverside Tower
 123.0s [6月1日（週日） 下午 5:27]   (harness) wait 2 h
 125.6s [6月1日（週日） 下午 7:31]   use "Sleep"
 126.2s [6月1日（週日） 下午 7:31]   click [Sleep] Sleep until 7:00 AM
 128.0s [6月2日（週一） 上午 7:01]   (harness) wait 2 h
 128.7s [6月2日（週一） 上午 9:02]   (harness) wait 2 h
 129.4s [6月2日（週一） 上午 11:03]   (harness) wait 2 h
 130.1s [6月2日（週一） 下午 1:04]   (harness) wait 2 h
 130.8s [6月2日（週一） 下午 3:05]   (harness) wait 2 h
 131.4s [6月2日（週一） 下午 5:06]   (harness) wait 2 h
 132.3s [6月2日（週一） 下午 7:07]   use "Sleep"
 132.9s [6月2日（週一） 下午 7:07]   click [Sleep] Sleep until 7:00 AM
 134.8s [6月3日（週二） 上午 7:01]   (harness) wait 2 h
 135.5s [6月3日（週二） 上午 9:02]   (harness) wait 2 h
 136.1s [6月3日（週二） 上午 11:03]   (harness) wait 2 h
 136.8s [6月3日（週二） 下午 1:04]   (harness) wait 2 h
 137.5s [6月3日（週二） 下午 3:05]   (harness) wait 2 h
 138.2s [6月3日（週二） 下午 5:06]   ok  stock delivered to the apartment
 138.9s [6月3日（週二） 下午 5:07]   shot 19_apartment_with_stock.png
 138.9s [6月3日（週二） 下午 5:07] STEP List products on ShopLane
 140.2s [6月3日（週二） 下午 5:09]   use "Use laptop — Company OS"
 140.8s [6月3日（週二） 下午 5:10]   click [Tab_sales] Ecommerce
 141.5s [6月3日（週二） 下午 5:11]   shot 20_company_os_sales_ready.png
 141.5s [6月3日（週二） 下午 5:11]   click [ListSelf_wireless_earbuds] Shoot photos myself & list (1 h 20 min)
 142.0s [6月3日（週二） 下午 6:31]   click [ListSelf_water_bottle] Shoot photos myself & list (1 h 20 min)
 142.6s [6月3日（週二） 下午 7:52]   click [ListSelf_desk_lamp] Shoot photos myself & list (1 h 20 min)
 143.2s [6月3日（週二） 下午 9:13]   click [ListSelf_phone_stand] Shoot photos myself & list (1 h 20 min)
 143.8s [6月3日（週二） 下午 10:34]   click [AdPlus_wireless_earbuds] +
 144.4s [6月3日（週二） 下午 10:35]   shot 21_company_os_listings_live.png
 144.4s [6月3日（週二） 下午 10:35]   ok  listings live
 144.8s [6月3日（週二） 下午 10:36] STEP First order → pack → ship
 153.0s [6月3日（週二） 下午 10:48]   use "Packing table"
 153.8s [6月3日（週二） 下午 10:49]   shot 22_packing_table.png
 153.8s [6月3日（週二） 下午 10:49]   click [Pack] 打包 12 筆訂單（1 小時 36 分）
 154.6s [6月4日（週三） 上午 12:26]   click [CourierEconomy] 快遞 · 經濟 3 天（$56.40）
 155.7s [6月4日（週三） 上午 12:28]   ok  first order came in
 155.7s [6月4日（週三） 上午 12:28]   ok  handed to the courier (pickup booked)
 155.7s [6月4日（週三） 上午 12:28] STEP Delivery → first dollar
 164.6s [6月4日（週三） 上午 12:41]   use "Sleep"
 165.2s [6月4日（週三） 上午 12:41]   click [Sleep] Sleep until 7:00 AM
 175.9s [6月4日（週三） 上午 7:14]   use "Packing table"
 176.5s [6月4日（週三） 上午 7:15]   click [Pack] 打包 8 筆訂單（1 小時 4 分）
 177.4s [6月4日（週三） 上午 8:20]   click [CourierEconomy] 快遞 · 經濟 3 天（$42.20）
 178.6s [6月4日（週三） 上午 8:22]   ok  first order delivered (Earn Your First Dollar)
 178.6s [6月4日（週三） 上午 8:22]   revenue booked $341.88 · ShopLane balance $307.68 · cash $27,730.50
 178.7s [6月4日（週三） 上午 8:22]   shot 23_first_dollar.png
 178.7s [6月4日（週三） 上午 8:22] STEP First customer issue
 178.7s [6月4日（週三） 上午 8:22]   (harness) wait 2 h
 185.7s [6月4日（週三） 上午 10:33]   use "Packing table"
 186.4s [6月4日（週三） 上午 10:34]   click [Pack] 打包 10 筆訂單（1 小時 20 分）
 187.3s [6月4日（週三） 上午 11:55]   click [CourierEconomy] 快遞 · 經濟 3 天（$48.00）
 188.5s [6月4日（週三） 上午 11:57]   (harness) wait 2 h
 189.3s [6月4日（週三） 下午 1:58]   use "Packing table"
 190.0s [6月4日（週三） 下午 1:59]   click [Pack] 打包 15 筆訂單（2 h）
 190.9s [6月4日（週三） 下午 4:00]   click [CourierEconomy] 快遞 · 經濟 3 天（$76.80）
 192.1s [6月4日（週三） 下午 4:02]   (harness) wait 2 h
 192.9s [6月4日（週三） 下午 6:03]   use "Packing table"
 193.6s [6月4日（週三） 下午 6:04]   click [Pack] 打包 17 筆訂單（2 小時 16 分）
 194.5s [6月4日（週三） 下午 8:22]   click [CourierEconomy] 快遞 · 經濟 3 天（$85.20）
 198.3s [6月4日（週三） 下午 8:27]   use "Sleep"
 198.9s [6月4日（週三） 下午 8:27]   click [Sleep] Sleep until 7:00 AM
 200.7s [6月5日（週四） 上午 7:00]   shot 24_decision_customer_return_first.png
 200.8s [6月5日（週四） 上午 7:00]   decision customer_return_first → replace
 200.8s [6月5日（週四） 上午 7:00]   click [Choice_replace] 寄一個新的（快捷）
 202.4s [6月5日（週四） 上午 7:00]   shot 25_decision_outcome_customer_return_first.png
 202.4s [6月5日（週四） 上午 7:00]   click "OK"
 211.8s [6月5日（週四） 上午 7:14]   use "Packing table"
 212.5s [6月5日（週四） 上午 7:15]   click [Pack] 打包 21 筆訂單（2 小時 48 分）
 213.4s [6月5日（週四） 上午 10:04]   click [CourierEconomy] 快遞 · 經濟 3 天（$99.40）
 214.6s [6月5日（週四） 上午 10:06]   ok  resolved the first customer issue
 216.6s [6月5日（週四） 上午 10:09]   ok  Chapter 2 complete
 216.6s [6月5日（週四） 上午 10:09] STEP Purchase cancellation
 218.2s [6月5日（週四） 上午 10:11]   use "Use laptop — Company OS"
 218.8s [6月5日（週四） 上午 10:12]   click [Tab_operations] Operations
 219.4s [6月5日（週四） 上午 10:13]   click [Buy_tradelink_wholesale_wireless_earbuds] 購買 $900.00
 220.4s [6月5日（週四） 上午 10:24]   click [CancelPO_PO-105] Cancel purchase
 221.1s [6月5日（週四） 上午 10:25]   shot 26_purchase_cancel_confirmation.png
 221.1s [6月5日（週四） 上午 10:25]   click [ConfirmReturn] Confirm cancellation
 221.7s [6月5日（週四） 上午 10:25]   ok  extra PO cancelled through UI
 221.7s [6月5日（週四） 上午 10:25]   ok  cancellation cash equals quoted refund
 221.7s [6月5日（週四） 上午 10:25]   ok  ledger balanced after purchase cancellation
 222.2s [6月5日（週四） 上午 10:26]   shot 27_purchase_cancelled_operations.png
 222.5s [6月5日（週四） 上午 10:26] STEP Chapter 3 — wait for a weekday morning
 222.6s [6月5日（週四） 上午 10:26]   shot 28_decision_customer_return.png
 222.6s [6月5日（週四） 上午 10:26]   decision customer_return → replace
 222.6s [6月5日（週四） 上午 10:26]   click [Choice_replace] 寄一個新的
 223.9s [6月5日（週四） 上午 10:26]   shot 29_decision_outcome_customer_return.png
 224.0s [6月5日（週四） 上午 10:26]   click "OK"
 227.1s [6月5日（週四） 上午 10:31]   ok  walked back outside
 227.1s [6月5日（週四） 上午 10:31] STEP Metro to Civic Center → City Hall
 235.3s [6月5日（週四） 上午 10:43]   use "捷運——河濱區站"
 236.3s [6月5日（週四） 上午 10:45]   shot 30_metro_civic_center.png
 236.3s [6月5日（週四） 上午 10:45]   click [Go_civic_center] 市政中心  ·  12 分鐘
 237.3s [6月5日（週四） 上午 10:58]   ok  took the Metro to Civic Center
 237.4s [6月5日（週四） 上午 10:58]   shot 31_civic_center.png
 244.4s [6月5日（週四） 上午 11:09]   ok  entered Aurelia City Hall
 244.6s [6月5日（週四） 上午 11:09]   shot 32_city_hall_inside.png
 245.6s [6月5日（週四） 上午 11:11]   use "Registration counter"
 247.6s [6月5日（週四） 上午 11:11]   choose "› 我要登記公司。"
 250.4s [6月5日（週四） 上午 11:12]   shot 33_registration_form.png
 250.4s [6月5日（週四） 上午 11:12]   click [Submit] Register & pay
 251.4s [6月5日（週四） 上午 11:58]   shot 34_registration_done.png
 251.4s [6月5日（週四） 上午 11:58]   click "Thanks"
 251.5s [6月5日（週四） 上午 11:58]   ok  registered Riverlight Goods
 252.4s [6月5日（週四） 下午 12:00]   shot 35_decision_low_cash_warning.png
 252.4s [6月5日（週四） 下午 12:00]   decision low_cash_warning → reduce
 252.4s [6月5日（週四） 下午 12:00]   click [Choice_reduce] 縮減開支（暫停廣告、生活從簡）
 253.9s [6月5日（週四） 下午 12:00]   shot 36_decision_outcome_low_cash_warning.png
 253.9s [6月5日（週四） 下午 12:00]   click "OK"
 256.0s [6月5日（週四） 下午 12:04]   ok  walked back outside
 256.0s [6月5日（週四） 下午 12:04] STEP Walk to the Financial District → Nexus Bank
 265.4s [6月5日（週四） 下午 12:24]   ok  walked to Financial District
 269.6s [6月5日（週四） 下午 12:30]   ok  entered Nexus Bank
 269.8s [6月5日（週四） 下午 12:30]   shot 37_bank_inside.png
 270.8s [6月5日（週四） 下午 12:32]   use "Teller — business banking"
 271.5s [6月5日（週四） 下午 12:33]   click "$15,000"
 271.7s [6月5日（週四） 下午 12:33]   click [OpenAccount] 存入 $15,000 開戶
 272.7s [6月5日（週四） 下午 1:05]   shot 38_bank_account_opened.png
 273.1s [6月5日（週四） 下午 1:05]   ok  business account opened with founder capital
 277.4s [6月5日（週四） 下午 1:13]   ok  walked back outside
 277.4s [6月5日（週四） 下午 1:13] STEP Metro to Startup Hub → lease Suite 2B
 283.8s [6月5日（週四） 下午 1:22]   use "捷運——金融區站"
 284.9s [6月5日（週四） 下午 1:24]   shot 39_metro_startup_hub.png
 285.0s [6月5日（週四） 下午 1:24]   click [Go_startup_hub] 新創園區  ·  8 分鐘
 286.0s [6月5日（週四） 下午 1:34]   ok  took the Metro to Startup Hub
 291.1s [6月5日（週四） 下午 1:41]   ok  entered 22 Founders Lane
 291.2s [6月5日（週四） 下午 1:41]   shot 40_suite_2b_tour.png
 292.2s [6月5日（週四） 下午 1:43]   use "和 Tom 說話"
 294.6s [6月5日（週四） 下午 1:43]   click [SignLease] Sign the lease
 295.6s [6月5日（週四） 下午 1:45]   ok  leased Suite 2B
 296.4s [6月5日（週四） 下午 1:46]   shot 41_suite_2b_company_sign.png
 296.4s [6月5日（週四） 下午 1:46] STEP Sit at the desk → Company OS as the company
 297.1s [6月5日（週四） 下午 1:47]   use "Sit at your desk — Company OS"
 298.3s [6月5日（週四） 下午 1:49]   shot 42_company_os_as_company.png
 298.4s [6月5日（週四） 下午 1:49]   click [Tab_finance] Finance
 299.0s [6月5日（週四） 下午 1:50]   shot 43_company_os_finance.png
 299.0s [6月5日（週四） 下午 1:50]   click [Tab_inventory] Inventory
 299.6s [6月5日（週四） 下午 1:51]   shot 44_company_os_inventory.png
 303.0s [6月5日（週四） 下午 1:56]   ok  Chapter 3 complete
 305.3s [6月5日（週四） 下午 2:00]   ok  walked back outside
 305.5s [6月5日（週四） 下午 2:00]   shot 45_startup_hub_office_sign.png
 305.5s [6月5日（週四） 下午 2:00] STEP Careers — part-time job at Nexus Co-work
 311.9s [6月5日（週四） 下午 2:10]   ok  entered Nexus Co-work
 314.2s [6月5日（週四） 下午 2:13]   use "Business Board"
 314.9s [6月5日（週四） 下午 2:15]   click [Page_jobs] Part-time jobs
 315.5s [6月5日（週四） 下午 2:15]   shot 46_business_board_jobs.png
 315.5s [6月5日（週四） 下午 2:15]   click [Job_cowork_host] 詳情／應徵
 316.1s [6月5日（週四） 下午 2:16]   click [ApplyJob] Take the job
 316.7s [6月5日（週四） 下午 2:17]   shot 47_job_hired.png
 317.7s [6月5日（週四） 下午 2:19]   ok  hired as a community host
 324.5s [6月5日（週四） 下午 2:29]   use "Staff door — work a shift"
 325.2s [6月5日（週四） 下午 2:30]   shot 48_job_shift.png
 325.2s [6月5日（週四） 下午 2:30]   click [WorkShift] 開始 4 小時的班（最多 +$72）
 327.1s [6月5日（週四） 下午 6:31]   ok  a 4-hour shift paid by how it went ($67.68)
 327.1s [6月5日（週四） 下午 6:31] STEP Careers — freelance gig at a hot desk
 327.1s [6月5日（週四） 下午 6:31]   info card: Your first business loop
 327.2s [6月5日（週四） 下午 6:31]   shot 49_info_your_first_business_loop.png
 327.2s [6月5日（週四） 下午 6:31]   click "Let's go"
 327.6s [6月5日（週四） 下午 6:31]   shot 50_decision_customer_return.png
 327.6s [6月5日（週四） 下午 6:31]   decision customer_return → replace
 327.6s [6月5日（週四） 下午 6:31]   click [Choice_replace] 寄一個新的
 329.0s [6月5日（週四） 下午 6:31]   shot 51_decision_outcome_customer_return.png
 329.0s [6月5日（週四） 下午 6:31]   click "OK"
 338.1s [6月5日（週四） 下午 6:44]   use "Work at a hot desk — Company OS"
 338.7s [6月5日（週四） 下午 6:45]   click [Tab_freelance] Explore freelance consulting
 339.2s [6月5日（週四） 下午 6:46]   click [StartFreelance] Start freelancing
 339.9s [6月5日（週四） 下午 6:47]   click [Accept_G1] Accept
 340.4s [6月5日（週四） 下午 6:48]   click [Work_G1] 工作 2 小時
 341.3s [6月5日（週四） 下午 8:49]   shot 52_freelance_gig.png
 341.3s [6月5日（週四） 下午 8:49]   ok  put hours into a freelance gig
 341.3s [6月5日（週四） 下午 8:49] STEP Careers — start a SaaS product
 341.3s [6月5日（週四） 下午 8:49]   click [Tab_saas] Start a software product
 341.8s [6月5日（週四） 下午 8:50]   shot 53_saas_ideas.png
 341.8s [6月5日（週四） 下午 8:50]   click [Saas_freelancer_invoicing] Build this
 342.3s [6月5日（週四） 下午 8:50]   click [SaasCode] 寫程式 2 小時
 343.1s [6月5日（週四） 下午 10:51]   shot 54_saas_building.png
 343.1s [6月5日（週四） 下午 10:51]   ok  started building a SaaS product (2 dev h)
 346.7s [6月5日（週四） 下午 10:58]   ok  walked back outside
 346.7s [6月5日（週四） 下午 10:58] STEP Run the company to month-end
 350.8s [6月5日（週四） 下午 11:16]   ok  walked to Riverside
 366.7s [6月5日（週四） 下午 11:40]   ok  entered Riverside Tower
 368.2s [6月5日（週四） 下午 11:42]   use "Use laptop — Company OS"
 368.8s [6月5日（週四） 下午 11:43]   click [Tab_operations] Operations
 368.9s [6月5日（週四） 下午 11:43]   click [DeliverTo_riverside_studio] 河濱大樓 7C
 369.1s [6月5日（週四） 下午 11:44]   click [Buy_tradelink_wholesale_water_bottle] 購買 $408.00
 369.3s [6月5日（週四） 下午 11:54]   click [Buy_tradelink_wholesale_wireless_earbuds] 購買 $900.00
 377.5s [6月6日（週五） 上午 12:16]   use "Sleep"
 378.1s [6月6日（週五） 上午 12:16]   click [Sleep] Sleep until 7:00 AM
 388.8s [6月6日（週五） 上午 7:14]   use "Packing table"
 389.5s [6月6日（週五） 上午 7:15]   click [Pack] 打包 58 筆訂單（7 小時 44 分）
 390.4s [6月6日（週五） 下午 3:00]   click [CourierEconomy] 快遞 · 經濟 3 天（$273.00）
 393.2s [6月6日（週五） 下午 3:04]   use "Use laptop — Company OS"
 393.7s [6月6日（週五） 下午 3:05]   click [Tab_operations] Operations
 393.9s [6月6日（週五） 下午 3:05]   click [DeliverTo_riverside_studio] 河濱大樓 7C
 394.1s [6月6日（週五） 下午 3:06]   click [Buy_tradelink_wholesale_water_bottle] 購買 $408.00
 394.3s [6月6日（週五） 下午 3:16]   click [Buy_tradelink_wholesale_wireless_earbuds] 購買 $900.00
 402.6s [6月6日（週五） 下午 7:12]   use "Sleep"
 403.2s [6月6日（週五） 下午 7:12]   click [Sleep] Sleep until 7:00 AM
 413.9s [6月7日（週六） 上午 7:14]   use "Packing table"
 414.6s [6月7日（週六） 上午 7:15]   click [Pack] 打包 37 筆訂單（4 小時 56 分）
 415.5s [6月7日（週六） 下午 12:12]   click [CourierEconomy] 快遞 · 經濟 3 天（$182.20）
 418.3s [6月7日（週六） 下午 12:16]   use "Use laptop — Company OS"
 418.8s [6月7日（週六） 下午 12:17]   click [Tab_operations] Operations
 419.0s [6月7日（週六） 下午 12:17]   click [DeliverTo_riverside_studio] 河濱大樓 7C
 419.2s [6月7日（週六） 下午 12:18]   click [Buy_tradelink_wholesale_water_bottle] 購買 $408.00
 427.6s [6月7日（週六） 下午 7:11]   use "Sleep"
 428.2s [6月7日（週六） 下午 7:11]   click [Sleep] Sleep until 7:00 AM
 438.9s [6月8日（週日） 上午 7:14]   use "Packing table"
 439.6s [6月8日（週日） 上午 7:15]   click [Pack] 打包 41 筆訂單（5 小時 28 分）
 440.5s [6月8日（週日） 下午 12:44]   click [CourierEconomy] 快遞 · 經濟 3 天（$186.00）
 441.8s [6月8日（週日） 下午 7:00]   shot 55_decision_viral_mention.png
 441.8s [6月8日（週日） 下午 7:00]   decision viral_mention → ride
 441.8s [6月8日（週日） 下午 7:00]   click [Choice_ride] 順其自然
 443.2s [6月8日（週日） 下午 7:00]   shot 56_decision_outcome_viral_mention.png
 443.2s [6月8日（週日） 下午 7:00]   click "OK"
 452.6s [6月8日（週日） 下午 7:14]   use "Sleep"
 453.2s [6月8日（週日） 下午 7:14]   click [Sleep] Sleep until 7:00 AM
 463.9s [6月9日（週一） 上午 7:14]   use "Packing table"
 464.6s [6月9日（週一） 上午 7:15]   click [Pack] 打包 50 筆訂單（6 小時 40 分）
 465.5s [6月9日（週一） 下午 1:56]   click [CourierEconomy] 快遞 · 經濟 3 天（$234.20）
 466.7s [6月9日（週一） 下午 1:58]   shot 57_decision_customer_return.png
 466.7s [6月9日（週一） 下午 1:58]   decision customer_return → replace
 466.7s [6月9日（週一） 下午 1:58]   click [Choice_replace] 寄一個新的
 468.1s [6月9日（週一） 下午 1:58]   shot 58_decision_outcome_customer_return.png
 468.1s [6月9日（週一） 下午 1:58]   click "OK"
 477.5s [6月9日（週一） 下午 7:14]   use "Sleep"
 478.1s [6月9日（週一） 下午 7:14]   click [Sleep] Sleep until 7:00 AM
 488.9s [6月10日（週二） 上午 7:14]   use "Packing table"
 489.5s [6月10日（週二） 上午 7:15]   click [Pack] 打包 51 筆訂單（6 小時 48 分）
 490.5s [6月10日（週二） 下午 2:04]   click [CourierEconomy] 快遞 · 經濟 3 天（$230.60）
 500.6s [6月10日（週二） 下午 7:13]   use "Sleep"
 501.2s [6月10日（週二） 下午 7:13]   click [Sleep] Sleep until 7:00 AM
 503.0s [6月11日（週三） 上午 7:00]   shot 59_decision_customer_return.png
 503.0s [6月11日（週三） 上午 7:00]   decision customer_return → replace
 503.0s [6月11日（週三） 上午 7:00]   click [Choice_replace] 寄一個新的
 504.4s [6月11日（週三） 上午 7:00]   shot 60_decision_outcome_customer_return.png
 504.4s [6月11日（週三） 上午 7:00]   click "OK"
 513.7s [6月11日（週三） 上午 7:13]   use "Packing table"
 514.4s [6月11日（週三） 上午 7:15]   click [Pack] 打包 41 筆訂單（5 小時 28 分）
 515.3s [6月11日（週三） 下午 12:44]   click [CourierEconomy] 快遞 · 經濟 3 天（$178.20）
 516.5s [6月11日（週三） 下午 12:46]   shot 61_decision_customer_return.png
 516.5s [6月11日（週三） 下午 12:46]   decision customer_return → replace
 516.5s [6月11日（週三） 下午 12:46]   click [Choice_replace] 寄一個新的
 517.9s [6月11日（週三） 下午 12:46]   shot 62_decision_outcome_customer_return.png
 517.9s [6月11日（週三） 下午 12:46]   click "OK"
 527.3s [6月11日（週三） 下午 7:14]   use "Sleep"
 527.9s [6月11日（週三） 下午 7:14]   click [Sleep] Sleep until 7:00 AM
 538.6s [6月12日（週四） 上午 7:14]   use "Packing table"
 539.3s [6月12日（週四） 上午 7:15]   click [Pack] 打包 36 筆訂單（4 小時 48 分）
 540.2s [6月12日（週四） 下午 12:04]   click [CourierEconomy] 快遞 · 經濟 3 天（$157.20）
 541.4s [6月12日（週四） 下午 12:06]   shot 63_decision_customer_return.png
 541.4s [6月12日（週四） 下午 12:06]   decision customer_return → refund
 541.4s [6月12日（週四） 下午 12:06]   click [Choice_refund] 退款＋收回商品
 542.8s [6月12日（週四） 下午 12:06]   shot 64_decision_outcome_customer_return.png
 542.8s [6月12日（週四） 下午 12:06]   click "OK"
 543.5s [6月12日（週四） 下午 7:00]   shot 65_decision_customer_return.png
 543.5s [6月12日（週四） 下午 7:00]   decision customer_return → refund
 543.5s [6月12日（週四） 下午 7:00]   click [Choice_refund] 退款＋收回商品
 544.9s [6月12日（週四） 下午 7:00]   shot 66_decision_outcome_customer_return.png
 544.9s [6月12日（週四） 下午 7:00]   click "OK"
 545.5s [6月12日（週四） 下午 7:00]   shot 67_decision_customer_return.png
 545.5s [6月12日（週四） 下午 7:00]   decision customer_return → replace
 545.5s [6月12日（週四） 下午 7:00]   click [Choice_replace] 寄一個新的
 546.8s [6月12日（週四） 下午 7:00]   shot 68_decision_outcome_customer_return.png
 546.8s [6月12日（週四） 下午 7:00]   click "OK"
 556.2s [6月12日（週四） 下午 7:13]   use "Sleep"
 556.8s [6月12日（週四） 下午 7:14]   click [Sleep] Sleep until 7:00 AM
 567.5s [6月13日（週五） 上午 7:14]   use "Packing table"
 568.2s [6月13日（週五） 上午 7:15]   click [Pack] 打包 22 筆訂單（2 小時 56 分）
 569.1s [6月13日（週五） 上午 10:12]   click [CourierEconomy] 快遞 · 經濟 3 天（$101.00）
 570.3s [6月13日（週五） 上午 10:14]   shot 69_decision_supplier_price_increase.png
 570.3s [6月13日（週五） 上午 10:14]   decision supplier_price_increase → accept
 570.3s [6月13日（週五） 上午 10:14]   click [Choice_accept] 好。繼續跟你進貨。
 571.7s [6月13日（週五） 上午 10:14]   shot 70_decision_outcome_supplier_price_increase.png
 571.7s [6月13日（週五） 上午 10:14]   click "OK"
 581.1s [6月13日（週五） 下午 7:14]   use "Sleep"
 581.7s [6月13日（週五） 下午 7:14]   click [Sleep] Sleep until 7:00 AM
 592.4s [6月14日（週六） 上午 7:14]   use "Packing table"
 593.1s [6月14日（週六） 上午 7:15]   click [Pack] 打包 16 筆訂單（2 小時 8 分）
 594.0s [6月14日（週六） 上午 9:24]   click [CourierEconomy] 快遞 · 經濟 3 天（$73.20）
 595.4s [6月14日（週六） 下午 7:00]   shot 71_decision_customer_return.png
 595.4s [6月14日（週六） 下午 7:00]   decision customer_return → replace
 595.4s [6月14日（週六） 下午 7:00]   click [Choice_replace] 寄一個新的
 596.8s [6月14日（週六） 下午 7:00]   shot 72_decision_outcome_customer_return.png
 596.8s [6月14日（週六） 下午 7:00]   click "OK"
 606.2s [6月14日（週六） 下午 7:14]   use "Sleep"
 606.8s [6月14日（週六） 下午 7:14]   click [Sleep] Sleep until 7:00 AM
 617.5s [6月15日（週日） 上午 7:14]   use "Packing table"
 618.2s [6月15日（週日） 上午 7:15]   click [Pack] 打包 27 筆訂單（3 小時 36 分）
 619.1s [6月15日（週日） 上午 10:52]   click [CourierEconomy] 快遞 · 經濟 3 天（$119.40）
 620.3s [6月15日（週日） 上午 10:54]   shot 73_decision_customer_return.png
 620.3s [6月15日（週日） 上午 10:54]   decision customer_return → replace
 620.3s [6月15日（週日） 上午 10:54]   click [Choice_replace] 寄一個新的
 621.7s [6月15日（週日） 上午 10:54]   shot 74_decision_outcome_customer_return.png
 621.7s [6月15日（週日） 上午 10:54]   click "OK"
 623.8s [6月15日（週日） 上午 10:57]   use "Use laptop — Company OS"
 624.4s [6月15日（週日） 上午 10:58]   click [Tab_operations] Operations
 624.6s [6月15日（週日） 上午 10:58]   click [DeliverTo_riverside_studio] 河濱大樓 7C
 624.8s [6月15日（週日） 上午 10:58]   click [Buy_tradelink_wholesale_water_bottle] 購買 $469.20
 625.5s [6月15日（週日） 下午 7:00]   shot 75_decision_customer_return.png
 625.5s [6月15日（週日） 下午 7:00]   decision customer_return → refund
 625.6s [6月15日（週日） 下午 7:00]   click [Choice_refund] 退款＋收回商品
 626.9s [6月15日（週日） 下午 7:00]   shot 76_decision_outcome_customer_return.png
 626.9s [6月15日（週日） 下午 7:00]   click "OK"
 635.2s [6月15日（週日） 下午 7:12]   use "Sleep"
 635.8s [6月15日（週日） 下午 7:12]   click [Sleep] Sleep until 7:00 AM
 646.5s [6月16日（週一） 上午 7:14]   use "Packing table"
 647.2s [6月16日（週一） 上午 7:15]   click [Pack] 打包 23 筆訂單（3 小時 4 分）
 648.1s [6月16日（週一） 上午 10:20]   click [CourierEconomy] 快遞 · 經濟 3 天（$102.60）
 650.8s [6月16日（週一） 上午 10:24]   use "Use laptop — Company OS"
 651.4s [6月16日（週一） 上午 10:25]   click [Tab_operations] Operations
 651.6s [6月16日（週一） 上午 10:26]   click [DeliverTo_riverside_studio] 河濱大樓 7C
 651.8s [6月16日（週一） 上午 10:26]   click [Buy_tradelink_wholesale_water_bottle] 購買 $469.20
 652.0s [6月16日（週一） 上午 10:36]   click [Buy_tradelink_wholesale_wireless_earbuds] 購買 $900.00
 652.8s [6月16日（週一） 下午 7:00]   shot 77_decision_customer_return.png
 652.8s [6月16日（週一） 下午 7:00]   decision customer_return → replace
 652.8s [6月16日（週一） 下午 7:00]   click [Choice_replace] 寄一個新的
 654.2s [6月16日（週一） 下午 7:00]   shot 78_decision_outcome_customer_return.png
 654.2s [6月16日（週一） 下午 7:00]   click "OK"
 662.5s [6月16日（週一） 下午 7:12]   use "Sleep"
 663.1s [6月16日（週一） 下午 7:12]   click [Sleep] Sleep until 7:00 AM
 673.8s [6月17日（週二） 上午 7:14]   use "Packing table"
 674.5s [6月17日（週二） 上午 7:15]   click [Pack] 打包 16 筆訂單（2 小時 8 分）
 675.4s [6月17日（週二） 上午 9:24]   click [CourierEconomy] 快遞 · 經濟 3 天（$73.20）
 678.1s [6月17日（週二） 上午 9:28]   use "Use laptop — Company OS"
 678.8s [6月17日（週二） 上午 9:29]   click [Tab_operations] Operations
 678.9s [6月17日（週二） 上午 9:30]   click [DeliverTo_riverside_studio] 河濱大樓 7C
 679.1s [6月17日（週二） 上午 9:30]   click [Buy_tradelink_wholesale_water_bottle] 購買 $469.20
 679.3s [6月17日（週二） 上午 9:40]   click [Buy_tradelink_wholesale_wireless_earbuds] 購買 $900.00
 680.1s [6月17日（週二） 下午 7:00]   shot 79_decision_customer_return.png
 680.1s [6月17日（週二） 下午 7:00]   decision customer_return → refund
 680.1s [6月17日（週二） 下午 7:00]   click [Choice_refund] 退款＋收回商品
 681.5s [6月17日（週二） 下午 7:00]   shot 80_decision_outcome_customer_return.png
 681.5s [6月17日（週二） 下午 7:00]   click "OK"
 689.7s [6月17日（週二） 下午 7:12]   use "Sleep"
 690.3s [6月17日（週二） 下午 7:12]   click [Sleep] Sleep until 7:00 AM
 692.2s [6月18日（週三） 上午 7:00]   shot 81_decision_customer_return.png
 692.2s [6月18日（週三） 上午 7:00]   decision customer_return → replace
 692.2s [6月18日（週三） 上午 7:00]   click [Choice_replace] 寄一個新的
 693.6s [6月18日（週三） 上午 7:00]   shot 82_decision_outcome_customer_return.png
 693.6s [6月18日（週三） 上午 7:00]   click "OK"
 702.9s [6月18日（週三） 上午 7:14]   use "Packing table"
 703.6s [6月18日（週三） 上午 7:15]   click [Pack] 打包 12 筆訂單（1 小時 36 分）
 704.5s [6月18日（週三） 上午 8:52]   click [CourierEconomy] 快遞 · 經濟 3 天（$56.40）
 707.3s [6月18日（週三） 上午 8:56]   use "Use laptop — Company OS"
 707.9s [6月18日（週三） 上午 8:57]   click [Tab_operations] Operations
 708.1s [6月18日（週三） 上午 8:57]   click [DeliverTo_riverside_studio] 河濱大樓 7C
 708.3s [6月18日（週三） 上午 8:57]   click [Buy_tradelink_wholesale_wireless_earbuds] 購買 $900.00
 716.6s [6月18日（週三） 下午 7:12]   use "Sleep"
 717.2s [6月18日（週三） 下午 7:12]   click [Sleep] Sleep until 7:00 AM
 727.9s [6月19日（週四） 上午 7:14]   use "Packing table"
 728.6s [6月19日（週四） 上午 7:15]   click [Pack] 打包 30 筆訂單（4 h）
 729.5s [6月19日（週四） 上午 11:16]   click [CourierEconomy] 快遞 · 經濟 3 天（$132.00）
 730.9s [6月19日（週四） 下午 7:00]   shot 83_decision_customer_return.png
 730.9s [6月19日（週四） 下午 7:00]   decision customer_return → replace
 730.9s [6月19日（週四） 下午 7:00]   click [Choice_replace] 寄一個新的
 732.3s [6月19日（週四） 下午 7:00]   shot 84_decision_outcome_customer_return.png
 732.3s [6月19日（週四） 下午 7:00]   click "OK"
 741.7s [6月19日（週四） 下午 7:14]   use "Sleep"
 742.3s [6月19日（週四） 下午 7:14]   click [Sleep] Sleep until 7:00 AM
 744.1s [6月20日（週五） 上午 7:00]   shot 85_decision_customer_return.png
 744.1s [6月20日（週五） 上午 7:00]   decision customer_return → replace
 744.1s [6月20日（週五） 上午 7:00]   click [Choice_replace] 寄一個新的
 745.5s [6月20日（週五） 上午 7:00]   shot 86_decision_outcome_customer_return.png
 745.5s [6月20日（週五） 上午 7:00]   click "OK"
 754.9s [6月20日（週五） 上午 7:13]   use "Packing table"
 755.6s [6月20日（週五） 上午 7:15]   click [Pack] 打包 27 筆訂單（3 小時 36 分）
 756.5s [6月20日（週五） 上午 10:52]   click [CourierEconomy] 快遞 · 經濟 3 天（$119.40）
 757.9s [6月20日（週五） 下午 7:00]   shot 87_decision_unexpected_large_order.png
 757.9s [6月20日（週五） 下午 7:00]   decision unexpected_large_order → review
 757.9s [6月20日（週五） 下午 7:00]   click [Choice_review] 把合約寄給我，我看看。
 759.3s [6月20日（週五） 下午 7:00]   shot 88_decision_outcome_unexpected_large_order.png
 759.3s [6月20日（週五） 下午 7:00]   click "OK"
 768.6s [6月20日（週五） 下午 7:13]   use "Sleep"
 769.2s [6月20日（週五） 下午 7:14]   click [Sleep] Sleep until 7:00 AM
 779.9s [6月21日（週六） 上午 7:14]   use "Packing table"
 780.6s [6月21日（週六） 上午 7:15]   click [Pack] 打包 31 筆訂單（4 小時 8 分）
 781.5s [6月21日（週六） 上午 11:24]   click [CourierEconomy] 快遞 · 經濟 3 天（$136.20）
 784.3s [6月21日（週六） 上午 11:28]   use "Use laptop — Company OS"
 784.9s [6月21日（週六） 上午 11:29]   click [Tab_contracts] 合約 ●
 785.6s [6月21日（週六） 上午 11:30]   shot 89_contract_offer.png
 785.6s [6月21日（週六） 上午 11:30]   click [AcceptContract] Accept
 786.8s [6月21日（週六） 下午 7:00]   shot 90_decision_customer_return.png
 786.8s [6月21日（週六） 下午 7:00]   decision customer_return → replace
 786.8s [6月21日（週六） 下午 7:00]   click [Choice_replace] 寄一個新的
 788.1s [6月21日（週六） 下午 7:00]   shot 91_decision_outcome_customer_return.png
 788.2s [6月21日（週六） 下午 7:00]   click "OK"
 796.4s [6月21日（週六） 下午 7:12]   use "Sleep"
 797.0s [6月21日（週六） 下午 7:12]   click [Sleep] Sleep until 7:00 AM
 798.9s [6月22日（週日） 上午 7:00]   shot 92_decision_customer_return.png
 798.9s [6月22日（週日） 上午 7:00]   decision customer_return → replace
 798.9s [6月22日（週日） 上午 7:00]   click [Choice_replace] 寄一個新的
 800.3s [6月22日（週日） 上午 7:00]   shot 93_decision_outcome_customer_return.png
 800.3s [6月22日（週日） 上午 7:00]   click "OK"
 809.6s [6月22日（週日） 上午 7:14]   use "Packing table"
 810.3s [6月22日（週日） 上午 7:15]   click [Pack] 打包 16 筆訂單（2 小時 8 分）
 810.4s [6月22日（週日） 上午 7:56]   toast: 新評價 #1503：★「浪費錢。」
 811.2s [6月22日（週日） 上午 9:24]   click [CourierEconomy] 快遞 · 經濟 3 天（$73.20）
 814.0s [6月22日（週日） 上午 9:28]   use "Use laptop — Company OS"
 814.6s [6月22日（週日） 上午 9:29]   click [Tab_operations] Operations
 814.8s [6月22日（週日） 上午 9:29]   click [DeliverTo_riverside_studio] 河濱大樓 7C
 814.9s [6月22日（週日） 上午 9:29]   click [Buy_tradelink_wholesale_water_bottle] 購買 $469.20
 815.1s [6月22日（週日） 上午 9:40]   click [Buy_tradelink_wholesale_water_bottle] 購買 $469.20
 815.3s [6月22日（週日） 上午 9:50]   click [Tab_contracts] Contracts
 824.0s [6月22日（週日） 下午 7:11]   use "Sleep"
 824.6s [6月22日（週日） 下午 7:11]   click [Sleep] Sleep until 7:00 AM
 835.3s [6月23日（週一） 上午 7:14]   use "Packing table"
 836.0s [6月23日（週一） 上午 7:15]   click [Pack] 打包 9 筆訂單（1 小時 12 分）
 836.9s [6月23日（週一） 上午 8:28]   click [CourierEconomy] 快遞 · 經濟 3 天（$43.80）
 839.7s [6月23日（週一） 上午 8:32]   use "Use laptop — Company OS"
 840.3s [6月23日（週一） 上午 8:33]   click [Tab_operations] Operations
 840.4s [6月23日（週一） 上午 8:33]   click [DeliverTo_riverside_studio] 河濱大樓 7C
 840.6s [6月23日（週一） 上午 8:34]   click [Buy_tradelink_wholesale_water_bottle] 購買 $469.20
 840.8s [6月23日（週一） 上午 8:44]   click [Buy_tradelink_wholesale_water_bottle] 購買 $469.20
 841.0s [6月23日（週一） 上午 8:54]   click [Tab_contracts] Contracts
 842.2s [6月23日（週一） 下午 7:00]   shot 94_decision_customer_return.png
 842.2s [6月23日（週一） 下午 7:00]   decision customer_return → refund
 842.2s [6月23日（週一） 下午 7:00]   click [Choice_refund] 退款＋收回商品
 843.6s [6月23日（週一） 下午 7:00]   shot 95_decision_outcome_customer_return.png
 843.6s [6月23日（週一） 下午 7:00]   click "OK"
 851.8s [6月23日（週一） 下午 7:12]   use "Sleep"
 852.4s [6月23日（週一） 下午 7:12]   click [Sleep] Sleep until 7:00 AM
 854.2s [6月24日（週二） 上午 7:00]   shot 96_decision_customer_return.png
 854.2s [6月24日（週二） 上午 7:00]   decision customer_return → refund
 854.2s [6月24日（週二） 上午 7:00]   click [Choice_refund] 退款＋收回商品
 855.6s [6月24日（週二） 上午 7:00]   shot 97_decision_outcome_customer_return.png
 855.7s [6月24日（週二） 上午 7:00]   click "OK"
 865.0s [6月24日（週二） 上午 7:13]   use "Packing table"
 865.7s [6月24日（週二） 上午 7:15]   click [Pack] 打包 13 筆訂單（1 小時 44 分）
 866.7s [6月24日（週二） 上午 9:00]   click [CourierEconomy] 快遞 · 經濟 3 天（$60.60）
 869.4s [6月24日（週二） 上午 9:04]   use "Use laptop — Company OS"
 870.0s [6月24日（週二） 上午 9:05]   click [Tab_operations] Operations
 870.2s [6月24日（週二） 上午 9:05]   click [DeliverTo_riverside_studio] 河濱大樓 7C
 870.5s [6月24日（週二） 上午 9:06]   click [Buy_tradelink_wholesale_water_bottle] 購買 $469.20
 870.7s [6月24日（週二） 上午 9:16]   click [Tab_contracts] Contracts
 871.2s [6月24日（週二） 上午 9:17]   click [DeliverContract] 打包並交貨 120 件（B2B 貨運 $40）
 871.9s [6月24日（週二） 上午 10:48]   shot 98_contract_delivered.png
 880.0s [6月24日（週二） 下午 7:12]   use "Sleep"
 880.6s [6月24日（週二） 下午 7:12]   click [Sleep] Sleep until 7:00 AM
 882.5s [6月25日（週三） 上午 7:00]   shot 99_decision_customer_return.png
 882.5s [6月25日（週三） 上午 7:00]   decision customer_return → replace
 882.5s [6月25日（週三） 上午 7:00]   click [Choice_replace] 寄一個新的
 883.9s [6月25日（週三） 上午 7:00]   shot 100_decision_outcome_customer_return.png
 883.9s [6月25日（週三） 上午 7:00]   click "OK"
 893.2s [6月25日（週三） 上午 7:13]   use "Packing table"
 893.9s [6月25日（週三） 上午 7:15]   click [Pack] 打包 21 筆訂單（2 小時 48 分）
 894.8s [6月25日（週三） 上午 10:04]   click [CourierEconomy] 快遞 · 經濟 3 天（$94.20）
 896.2s [6月25日（週三） 下午 7:00]   shot 101_decision_customer_return.png
 896.2s [6月25日（週三） 下午 7:00]   decision customer_return → replace
 896.2s [6月25日（週三） 下午 7:00]   click [Choice_replace] 寄一個新的
 897.6s [6月25日（週三） 下午 7:00]   shot 102_decision_outcome_customer_return.png
 897.6s [6月25日（週三） 下午 7:00]   click "OK"
 907.0s [6月25日（週三） 下午 7:13]   use "Sleep"
 907.7s [6月25日（週三） 下午 7:14]   click [Sleep] Sleep until 7:00 AM
 918.3s [6月26日（週四） 上午 7:14]   use "Packing table"
 919.0s [6月26日（週四） 上午 7:15]   click [Pack] 打包 29 筆訂單（3 小時 52 分）
 919.9s [6月26日（週四） 上午 11:08]   click [CourierEconomy] 快遞 · 經濟 3 天（$127.80）
 930.0s [6月26日（週四） 下午 7:13]   use "Sleep"
 930.6s [6月26日（週四） 下午 7:13]   click [Sleep] Sleep until 7:00 AM
 932.5s [6月27日（週五） 上午 7:00]   shot 103_decision_customer_return.png
 932.5s [6月27日（週五） 上午 7:00]   decision customer_return → replace
 932.5s [6月27日（週五） 上午 7:00]   click [Choice_replace] 寄一個新的
 933.9s [6月27日（週五） 上午 7:00]   shot 104_decision_outcome_customer_return.png
 933.9s [6月27日（週五） 上午 7:00]   click "OK"
 943.2s [6月27日（週五） 上午 7:13]   use "Packing table"
 943.9s [6月27日（週五） 上午 7:15]   click [Pack] 打包 20 筆訂單（2 小時 40 分）
 944.9s [6月27日（週五） 上午 9:56]   click [CourierEconomy] 快遞 · 經濟 3 天（$90.00）
 954.9s [6月27日（週五） 下午 7:13]   use "Sleep"
 955.5s [6月27日（週五） 下午 7:13]   click [Sleep] Sleep until 7:00 AM
 966.3s [6月28日（週六） 上午 7:14]   use "Packing table"
 967.0s [6月28日（週六） 上午 7:15]   click [Pack] 打包 24 筆訂單（3 小時 12 分）
 967.9s [6月28日（週六） 上午 10:28]   click [CourierEconomy] 快遞 · 經濟 3 天（$106.80）
 978.0s [6月28日（週六） 下午 7:13]   use "Sleep"
 978.6s [6月28日（週六） 下午 7:13]   click [Sleep] Sleep until 7:00 AM
 989.3s [6月29日（週日） 上午 7:14]   use "Packing table"
 990.1s [6月29日（週日） 上午 7:15]   click [Pack] 打包 27 筆訂單（3 小時 36 分）
 991.0s [6月29日（週日） 上午 10:52]   click [CourierEconomy] 快遞 · 經濟 3 天（$119.40）
 992.2s [6月29日（週日） 上午 10:54]   shot 105_decision_customer_return.png
 992.2s [6月29日（週日） 上午 10:54]   decision customer_return → replace
 992.2s [6月29日（週日） 上午 10:54]   click [Choice_replace] 寄一個新的
 993.6s [6月29日（週日） 上午 10:54]   shot 106_decision_outcome_customer_return.png
 993.6s [6月29日（週日） 上午 10:54]   click "OK"
1003.0s [6月29日（週日） 下午 7:14]   use "Sleep"
1003.6s [6月29日（週日） 下午 7:14]   click [Sleep] Sleep until 7:00 AM
1005.5s [6月30日（週一） 上午 7:00]   shot 107_decision_customer_return.png
1005.5s [6月30日（週一） 上午 7:00]   decision customer_return → replace
1005.5s [6月30日（週一） 上午 7:00]   click [Choice_replace] 寄一個新的
1006.9s [6月30日（週一） 上午 7:00]   shot 108_decision_outcome_customer_return.png
1006.9s [6月30日（週一） 上午 7:00]   click "OK"
1016.3s [6月30日（週一） 上午 7:13]   use "Packing table"
1017.0s [6月30日（週一） 上午 7:15]   click [Pack] 打包 16 筆訂單（2 小時 8 分）
1017.9s [6月30日（週一） 上午 9:24]   click [CourierEconomy] 快遞 · 經濟 3 天（$73.20）
1020.7s [6月30日（週一） 上午 9:28]   use "Use laptop — Company OS"
1021.3s [6月30日（週一） 上午 9:29]   click [Tab_operations] Operations
1021.5s [6月30日（週一） 上午 9:29]   click [DeliverTo_riverside_studio] 河濱大樓 7C
1021.7s [6月30日（週一） 上午 9:30]   click [Buy_tradelink_wholesale_wireless_earbuds] 購買 $900.00
1022.5s [6月30日（週一） 下午 7:00]   shot 109_decision_customer_return.png
1022.6s [6月30日（週一） 下午 7:00]   decision customer_return → replace
1022.6s [6月30日（週一） 下午 7:00]   click [Choice_replace] 寄一個新的
1023.9s [6月30日（週一） 下午 7:00]   shot 110_decision_outcome_customer_return.png
1023.9s [6月30日（週一） 下午 7:00]   click "OK"
1032.2s [6月30日（週一） 下午 7:12]   use "Sleep"
1032.8s [6月30日（週一） 下午 7:12]   click [Sleep] Sleep until 7:00 AM
1036.5s [7月1日（週二） 上午 7:00]   shot 111_month_close_report.png
1036.5s [7月1日（週二） 上午 7:00]   click [month close] Continue
1037.2s [7月1日（週二） 上午 7:00]   shot 112_decision_customer_return.png
1037.2s [7月1日（週二） 上午 7:00]   decision customer_return → replace
1037.2s [7月1日（週二） 上午 7:00]   click [Choice_replace] 寄一個新的
1038.8s [7月1日（週二） 上午 7:00]   shot 113_decision_outcome_customer_return.png
1038.8s [7月1日（週二） 上午 7:00]   click "OK"
1039.3s [7月1日（週二） 上午 7:00]   shot 114_decision_customer_return.png
1039.3s [7月1日（週二） 上午 7:00]   decision customer_return → replace
1039.3s [7月1日（週二） 上午 7:00]   click [Choice_replace] 寄一個新的
1040.7s [7月1日（週二） 上午 7:00]   shot 115_decision_outcome_customer_return.png
1040.7s [7月1日（週二） 上午 7:00]   click "OK"
1041.2s [7月1日（週二） 上午 7:00]   shot 116_decision_customer_return.png
1041.2s [7月1日（週二） 上午 7:00]   decision customer_return → refund
1041.2s [7月1日（週二） 上午 7:00]   click [Choice_refund] 退款＋收回商品
1042.6s [7月1日（週二） 上午 7:00]   shot 117_decision_outcome_customer_return.png
1042.6s [7月1日（週二） 上午 7:00]   click "OK"
1052.0s [7月1日（週二） 上午 7:13]   use "Packing table"
1052.7s [7月1日（週二） 上午 7:15]   click [Pack] 打包 15 筆訂單（2 h）
1053.6s [7月1日（週二） 上午 9:16]   click [CourierEconomy] 快遞 · 經濟 3 天（$69.00）
1055.8s [7月1日（週二） 上午 9:19]   ok  month close ran (June)
1057.4s [7月1日（週二） 上午 9:22]   use "Use laptop — Company OS"
1058.0s [7月1日（週二） 上午 9:23]   click [Tab_finance] Finance
1058.8s [7月1日（週二） 上午 9:24]   shot 118_company_os_finance_july.png
1059.2s [7月1日（週二） 上午 9:24]   ok  Chapter 4 started after the June close
1059.2s [7月1日（週二） 上午 9:24] STEP Chapter 4 — register as an employer at City Hall
1061.8s [7月1日（週二） 上午 9:29]   ok  walked back outside
1075.8s [7月1日（週二） 上午 9:50]   use "捷運——河濱區站"
1076.8s [7月1日（週二） 上午 9:52]   shot 119_metro_civic_center.png
1076.8s [7月1日（週二） 上午 9:52]   click [Go_civic_center] 市政中心  ·  12 分鐘
1077.8s [7月1日（週二） 上午 10:05]   ok  took the Metro to Civic Center
1084.8s [7月1日（週二） 上午 10:16]   ok  entered Aurelia City Hall
1086.6s [7月1日（週二） 上午 10:18]   use "Permits & regulations"
1087.4s [7月1日（週二） 上午 10:19]   shot 120_permits_kiosk.png
1087.4s [7月1日（週二） 上午 10:19]   click [RegisterEmployer] 登記（$150）
1088.3s [7月1日（週二） 上午 10:41]   ok  registered as an employer
1088.3s [7月1日（週二） 上午 10:41] STEP Chapter 4 — post a job, hire, first payroll
1091.4s [7月1日（週二） 上午 10:47]   ok  walked back outside
1097.0s [7月1日（週二） 上午 10:55]   use "捷運——市政中心站"
1097.9s [7月1日（週二） 上午 10:56]   shot 121_metro_riverside.png
1097.9s [7月1日（週二） 上午 10:56]   click [Go_riverside] 河濱區  ·  12 分鐘
1098.9s [7月1日（週二） 上午 11:10]   ok  took the Metro to Riverside
1108.0s [7月1日（週二） 上午 11:24]   ok  entered Riverside Tower
1109.5s [7月1日（週二） 上午 11:26]   use "Use laptop — Company OS"
1110.1s [7月1日（週二） 上午 11:27]   click [Tab_people] People
1110.8s [7月1日（週二） 上午 11:28]   shot 122_people_tab.png
1110.8s [7月1日（週二） 上午 11:28]   click [Post_support] Post job
1111.7s [7月1日（週二） 上午 11:29]   ok  job ad posted
1111.8s [7月1日（週二） 上午 11:29]   (harness) wait 2 h
1120.3s [7月1日（週二） 下午 1:42]   use "Packing table"
1121.0s [7月1日（週二） 下午 1:43]   click [Pack] 打包 4 筆訂單（32 分鐘）
1121.9s [7月1日（週二） 下午 2:16]   click [CourierEconomy] 快遞 · 經濟 3 天（$22.80）
1123.0s [7月1日（週二） 下午 2:18]   (harness) wait 2 h
1123.8s [7月1日（週二） 下午 4:19]   use "Packing table"
1124.5s [7月1日（週二） 下午 4:20]   click [Pack] 打包 3 筆訂單（24 分鐘）
1125.4s [7月1日（週二） 下午 4:46]   click [CourierEconomy] 快遞 · 經濟 3 天（$18.60）
1126.5s [7月1日（週二） 下午 4:47]   (harness) wait 2 h
1127.4s [7月1日（週二） 下午 6:49]   use "Packing table"
1128.1s [7月1日（週二） 下午 6:50]   click [Pack] 打包 4 筆訂單（32 分鐘）
1129.0s [7月1日（週二） 下午 7:23]   click [CourierEconomy] 快遞 · 經濟 3 天（$22.80）
1132.8s [7月1日（週二） 下午 7:29]   use "Sleep"
1133.4s [7月1日（週二） 下午 7:29]   click [Sleep] Sleep until 7:00 AM
1144.1s [7月2日（週三） 上午 7:14]   use "Packing table"
1144.8s [7月2日（週三） 上午 7:15]   click [Pack] 打包 6 筆訂單（48 分鐘）
1145.7s [7月2日（週三） 上午 8:04]   click [CourierEconomy] 快遞 · 經濟 3 天（$31.20）
1148.5s [7月2日（週三） 上午 8:08]   use "Use laptop — Company OS"
1149.1s [7月2日（週三） 上午 8:09]   click [Tab_people] People
1149.8s [7月2日（週三） 上午 8:10]   shot 123_applicants.png
1149.8s [7月2日（週三） 上午 8:10]   click [Hire_E1] Hire
1150.8s [7月2日（週三） 上午 8:12]   ok  hired the first employee (Zoe Okoro)
1151.0s [7月2日（週三） 下午 7:00]   shot 124_decision_customer_return.png
1151.0s [7月2日（週三） 下午 7:00]   decision customer_return → replace
1151.0s [7月2日（週三） 下午 7:00]   click [Choice_replace] 寄一個新的
1152.4s [7月2日（週三） 下午 7:00]   shot 125_decision_outcome_customer_return.png
1152.4s [7月2日（週三） 下午 7:00]   click "OK"
1160.6s [7月2日（週三） 下午 7:12]   use "Sleep"
1161.2s [7月2日（週三） 下午 7:12]   click [Sleep] Sleep until 7:00 AM
1172.0s [7月3日（週四） 上午 7:14]   use "Packing table"
1172.6s [7月3日（週四） 上午 7:15]   click [Pack] 打包 19 筆訂單（2 小時 32 分）
1173.6s [7月3日（週四） 上午 9:48]   click [CourierEconomy] 快遞 · 經濟 3 天（$85.80）
1183.5s [7月3日（週四） 下午 7:13]   use "Sleep"
1184.1s [7月3日（週四） 下午 7:13]   click [Sleep] Sleep until 7:00 AM
1194.8s [7月4日（週五） 上午 7:14]   use "Packing table"
1195.6s [7月4日（週五） 上午 7:15]   click [Pack] 打包 14 筆訂單（1 小時 52 分）
1196.5s [7月4日（週五） 上午 9:08]   click [CourierEconomy] 快遞 · 經濟 3 天（$64.80）
1197.7s [7月4日（週五） 上午 9:10]   shot 126_decision_supplier_price_increase.png
1197.7s [7月4日（週五） 上午 9:10]   decision supplier_price_increase → accept
1197.7s [7月4日（週五） 上午 9:10]   click [Choice_accept] 好。繼續跟你進貨。
1199.0s [7月4日（週五） 上午 9:10]   shot 127_decision_outcome_supplier_price_increase.png
1199.0s [7月4日（週五） 上午 9:10]   click "OK"
1208.4s [7月4日（週五） 下午 7:13]   use "Sleep"
1209.0s [7月4日（週五） 下午 7:13]   click [Sleep] Sleep until 7:00 AM
1219.7s [7月5日（週六） 上午 7:14]   use "Packing table"
1220.4s [7月5日（週六） 上午 7:15]   click [Pack] 打包 24 筆訂單（3 小時 12 分）
1221.3s [7月5日（週六） 上午 10:28]   click [CourierEconomy] 快遞 · 經濟 3 天（$106.80）
1222.5s [7月5日（週六） 上午 10:30]   ok  first payroll paid
1224.1s [7月5日（週六） 上午 10:32]   use "Use laptop — Company OS"
1224.7s [7月5日（週六） 上午 10:33]   click [Tab_finance] Finance
1225.5s [7月5日（週六） 上午 10:34]   shot 128_cash_forecast.png
1226.9s [7月5日（週六） 上午 10:36]   ok  Chapter 4 complete
1226.9s [7月5日（週六） 上午 10:36] STEP Chapter 5 — Crestline's offer
1234.6s [7月5日（週六） 下午 7:11]   use "Sleep"
1235.2s [7月5日（週六） 下午 7:11]   click [Sleep] Sleep until 7:00 AM
1246.0s [7月6日（週日） 上午 7:14]   use "Packing table"
1246.7s [7月6日（週日） 上午 7:15]   click [Pack] 打包 20 筆訂單（2 小時 40 分）
1247.6s [7月6日（週日） 上午 9:56]   click [CourierEconomy] 快遞 · 經濟 3 天（$90.00）
1257.6s [7月6日（週日） 下午 7:13]   use "Sleep"
1258.2s [7月6日（週日） 下午 7:13]   click [Sleep] Sleep until 7:00 AM
1268.9s [7月7日（週一） 上午 7:14]   use "Packing table"
1269.6s [7月7日（週一） 上午 7:15]   click [Pack] 打包 22 筆訂單（2 小時 56 分）
1270.5s [7月7日（週一） 上午 10:12]   click [CourierEconomy] 快遞 · 經濟 3 天（$98.40）
1280.5s [7月7日（週一） 下午 7:13]   use "Sleep"
1281.1s [7月7日（週一） 下午 7:13]   click [Sleep] Sleep until 7:00 AM
1291.8s [7月8日（週二） 上午 7:14]   use "Packing table"
1292.5s [7月8日（週二） 上午 7:15]   click [Pack] 打包 12 筆訂單（1 小時 36 分）
1293.4s [7月8日（週二） 上午 8:52]   click [CourierEconomy] 快遞 · 經濟 3 天（$56.40）
1303.4s [7月8日（週二） 下午 7:13]   use "Sleep"
1304.0s [7月8日（週二） 下午 7:13]   click [Sleep] Sleep until 7:00 AM
1314.7s [7月9日（週三） 上午 7:14]   use "Packing table"
1315.4s [7月9日（週三） 上午 7:15]   click [Pack] 打包 22 筆訂單（2 小時 56 分）
1316.3s [7月9日（週三） 上午 10:12]   click [CourierEconomy] 快遞 · 經濟 3 天（$98.40）
1326.3s [7月9日（週三） 下午 7:13]   use "Sleep"
1326.9s [7月9日（週三） 下午 7:13]   click [Sleep] Sleep until 7:00 AM
1337.6s [7月10日（週四） 上午 7:14]   use "Packing table"
1338.3s [7月10日（週四） 上午 7:15]   click [Pack] 打包 12 筆訂單（1 小時 36 分）
1339.2s [7月10日（週四） 上午 8:52]   click [CourierEconomy] 快遞 · 經濟 3 天（$56.40）
1341.5s [7月10日（週四） 下午 7:02]   shot 129_decision_crestline_big_offer.png
1341.5s [7月10日（週四） 下午 7:02]   decision crestline_big_offer → review
1341.5s [7月10日（週四） 下午 7:02]   click [Choice_review] 把合約寄來，我看看。
1342.9s [7月10日（週四） 下午 7:02]   shot 130_decision_outcome_crestline_big_offer.png
1342.9s [7月10日（週四） 下午 7:02]   click "OK"
1351.1s [7月10日（週四） 下午 7:14]   use "Sleep"
1351.7s [7月10日（週四） 下午 7:14]   click [Sleep] Sleep until 7:00 AM
1362.5s [7月11日（週五） 上午 7:14]   use "Packing table"
1363.2s [7月11日（週五） 上午 7:15]   click [Pack] 打包 11 筆訂單（1 小時 28 分）
1364.1s [7月11日（週五） 上午 8:44]   click [CourierEconomy] 快遞 · 經濟 3 天（$52.20）
1365.4s [7月11日（週五） 上午 8:46]   ok  Crestline offered the big contract
1367.0s [7月11日（週五） 上午 8:48]   use "Use laptop — Company OS"
1367.6s [7月11日（週五） 上午 8:49]   click [Tab_contracts] 合約 ●
1368.3s [7月11日（週五） 上午 8:50]   shot 131_big_contract_offer.png
1368.3s [7月11日（週五） 上午 8:50]   click [AcceptContract] Accept
1369.3s [7月11日（週五） 上午 8:52]   ok  accepted Crestline's contract
1369.3s [7月11日（週五） 上午 8:52] STEP Chapter 5 — borrow from Marcus Reed at Nexus Bank
1372.0s [7月11日（週五） 上午 8:57]   ok  walked back outside
1385.9s [7月11日（週五） 上午 9:18]   use "捷運——河濱區站"
1386.9s [7月11日（週五） 上午 9:19]   shot 132_metro_financial.png
1386.9s [7月11日（週五） 上午 9:19]   click [Go_financial] 金融區  ·  10 分鐘
1387.9s [7月11日（週五） 上午 9:31]   ok  took the Metro to Financial District
1395.8s [7月11日（週五） 下午 1:18]   ok  entered Nexus Bank
1397.6s [7月11日（週五） 下午 1:20]   use "和 Marcus Reed 說話"
1400.6s [7月11日（週五） 下午 1:20]   choose "› 讓我看看你能借多少。"
1402.6s [7月11日（週五） 下午 1:20]   shot 133_loan_offer.png
1402.6s [7月11日（週五） 下午 1:20]   click [Amt_50] $26,000
1402.8s [7月11日（週五） 下午 1:20]   click [Term_12] 12 個月
1403.1s [7月11日（週五） 下午 1:20]   click [TakeLoan] 借 $26,000
1403.3s [7月11日（週五） 下午 1:20]   click [ConfirmLoan] Confirm loan signing
1403.8s [7月11日（週五） 下午 5:00]   ok  loan signing finishes the same afternoon
1404.3s [7月11日（週五） 下午 5:00]   shot 134_loan_taken.png
1404.7s [7月11日（週五） 下午 5:00]   ok  took a Nexus Bank loan (debt $26,000.00)
1404.7s [7月11日（週五） 下午 5:00] STEP Chapter 5 — order the lamps and deliver
1410.3s [7月11日（週五） 下午 5:09]   ok  walked back outside
1416.4s [7月11日（週五） 下午 5:19]   use "捷運——金融區站"
1417.4s [7月11日（週五） 下午 5:20]   shot 135_metro_riverside.png
1417.4s [7月11日（週五） 下午 5:20]   click [Go_riverside] 河濱區  ·  10 分鐘
1418.4s [7月11日（週五） 下午 5:32]   ok  took the Metro to Riverside
1427.5s [7月11日（週五） 下午 5:45]   ok  entered Riverside Tower
1429.0s [7月11日（週五） 下午 5:47]   use "Use laptop — Company OS"
1429.6s [7月11日（週五） 下午 5:48]   click [Tab_contracts] Contracts
1430.2s [7月11日（週五） 下午 5:49]   click [FillContract] 追加訂購 800 件，向 TradeLink 批發（$9,200）
1431.0s [7月11日（週五） 下午 6:00]   shot 136_contract_restock.png
1438.9s [7月11日（週五） 下午 7:11]   use "Sleep"
1439.5s [7月11日（週五） 下午 7:11]   click [Sleep] Sleep until 7:00 AM
1450.3s [7月12日（週六） 上午 7:14]   use "Packing table"
1450.9s [7月12日（週六） 上午 7:15]   click [Pack] 打包 12 筆訂單（1 小時 36 分）
1451.8s [7月12日（週六） 上午 8:52]   click [CourierEconomy] 快遞 · 經濟 3 天（$56.40）
1461.8s [7月12日（週六） 下午 7:13]   use "Sleep"
1462.4s [7月12日（週六） 下午 7:13]   click [Sleep] Sleep until 7:00 AM
1473.2s [7月13日（週日） 上午 7:14]   use "Packing table"
1473.9s [7月13日（週日） 上午 7:15]   click [Pack] 打包 11 筆訂單（1 小時 28 分）
1474.8s [7月13日（週日） 上午 8:44]   click [CourierEconomy] 快遞 · 經濟 3 天（$52.20）
1484.7s [7月13日（週日） 下午 7:13]   use "Sleep"
1485.3s [7月13日（週日） 下午 7:13]   click [Sleep] Sleep until 7:00 AM
1496.1s [7月14日（週一） 上午 7:14]   use "Packing table"
1496.8s [7月14日（週一） 上午 7:15]   click [Pack] 打包 17 筆訂單（2 小時 16 分）
1497.7s [7月14日（週一） 上午 9:32]   click [CourierEconomy] 快遞 · 經濟 3 天（$77.40）
1500.4s [7月14日（週一） 上午 9:36]   use "Use laptop — Company OS"
1501.1s [7月14日（週一） 上午 9:37]   click [Tab_contracts] Contracts
1501.7s [7月14日（週一） 上午 9:38]   click [DeliverContract] 打包並交貨 800 件（B2B 貨運 $40）
1502.8s [7月14日（週一） 上午 11:09]   shot 137_big_contract_delivered.png
1503.1s [7月14日（週一） 上午 11:10]   ok  delivered 800 lamps to Crestline
1504.2s [7月14日（週一） 上午 11:12]   ok  Chapter 5 complete
1504.2s [7月14日（週一） 上午 11:12] STEP Chapter 6 — forecast, early payment, month in the black
1504.4s [7月14日（週一） 上午 11:12]   use "Use laptop — Company OS"
1505.0s [7月14日（週一） 上午 11:13]   click [Tab_finance] Finance
1506.0s [7月14日（週一） 上午 11:14]   shot 138_cash_forecast_ch6.png
1506.0s [7月14日（週一） 上午 11:14]   click [Tab_contracts] Contracts
1506.5s [7月14日（週一） 上午 11:15]   click [EarlyPayment] 請對方提前付款（折 3%：現在拿 $21,728）
1507.2s [7月14日（週一） 上午 11:16]   shot 139_early_payment.png
1507.6s [7月14日（週一） 上午 11:17]   ok  Crestline paid early (3% discount)
1515.4s [7月14日（週一） 下午 7:11]   use "Sleep"
1516.0s [7月14日（週一） 下午 7:11]   click [Sleep] Sleep until 7:00 AM
1516.6s [7月14日（週一） 下午 8:48]   toast: 新評價 #1933：★★「晚到還有刮痕。」
1526.8s [7月15日（週二） 上午 7:14]   use "Packing table"
1527.5s [7月15日（週二） 上午 7:15]   click [Pack] 打包 12 筆訂單（1 小時 36 分）
1528.4s [7月15日（週二） 上午 8:52]   click [CourierEconomy] 快遞 · 經濟 3 天（$56.40）
1529.7s [7月15日（週二） 下午 7:00]   shot 140_decision_elena_offer.png
1529.7s [7月15日（週二） 下午 7:00]   decision elena_offer → accept
1529.7s [7月15日（週二） 下午 7:00]   click [Choice_accept] 以 20% 股份換 $40,000
1531.1s [7月15日（週二） 下午 7:00]   shot 141_decision_outcome_elena_offer.png
1531.1s [7月15日（週二） 下午 7:00]   click "OK"
1540.5s [7月15日（週二） 下午 7:14]   use "Sleep"
1541.1s [7月15日（週二） 下午 7:14]   click [Sleep] Sleep until 7:00 AM
1551.8s [7月16日（週三） 上午 7:14]   use "Packing table"
1552.5s [7月16日（週三） 上午 7:15]   click [Pack] 打包 13 筆訂單（1 小時 44 分）
1553.4s [7月16日（週三） 上午 9:00]   click [CourierEconomy] 快遞 · 經濟 3 天（$60.60）
1563.4s [7月16日（週三） 下午 7:13]   use "Sleep"
1564.0s [7月16日（週三） 下午 7:13]   click [Sleep] Sleep until 7:00 AM
1574.8s [7月17日（週四） 上午 7:14]   use "Packing table"
1575.5s [7月17日（週四） 上午 7:15]   click [Pack] 打包 13 筆訂單（1 小時 44 分）
1576.4s [7月17日（週四） 上午 9:00]   click [CourierEconomy] 快遞 · 經濟 3 天（$60.60）
1586.3s [7月17日（週四） 下午 7:13]   use "Sleep"
1586.9s [7月17日（週四） 下午 7:13]   click [Sleep] Sleep until 7:00 AM
1589.2s [7月18日（週五） 下午 7:00]   use "Sleep"
1589.8s [7月18日（週五） 下午 7:00]   click [Sleep] Sleep until 7:00 AM
1592.0s [7月19日（週六） 下午 7:00]   use "Sleep"
1592.6s [7月19日（週六） 下午 7:00]   click [Sleep] Sleep until 7:00 AM
1594.9s [7月20日（週日） 下午 7:00]   use "Sleep"
1595.5s [7月20日（週日） 下午 7:00]   click [Sleep] Sleep until 7:00 AM
1597.7s [7月21日（週一） 下午 7:00]   use "Sleep"
1598.3s [7月21日（週一） 下午 7:00]   click [Sleep] Sleep until 7:00 AM
1607.0s [7月22日（週二） 下午 7:10]   use "Sleep"
1607.6s [7月22日（週二） 下午 7:10]   click [Sleep] Sleep until 7:00 AM
1609.9s [7月23日（週三） 下午 7:00]   use "Sleep"
1610.5s [7月23日（週三） 下午 7:00]   click [Sleep] Sleep until 7:00 AM
1612.7s [7月24日（週四） 下午 7:00]   use "Sleep"
1613.3s [7月24日（週四） 下午 7:00]   click [Sleep] Sleep until 7:00 AM
1615.6s [7月25日（週五） 下午 7:00]   use "Sleep"
1616.2s [7月25日（週五） 下午 7:00]   click [Sleep] Sleep until 7:00 AM
1618.3s [7月26日（週六） 下午 7:00]   shot 142_decision_supplier_price_increase.png
1618.3s [7月26日（週六） 下午 7:00]   decision supplier_price_increase → accept
1618.3s [7月26日（週六） 下午 7:00]   click [Choice_accept] 好。繼續跟你進貨。
1619.7s [7月26日（週六） 下午 7:00]   shot 143_decision_outcome_supplier_price_increase.png
1619.7s [7月26日（週六） 下午 7:00]   click "OK"
1620.3s [7月26日（週六） 下午 7:00]   use "Sleep"
1620.9s [7月26日（週六） 下午 7:00]   click [Sleep] Sleep until 7:00 AM
1629.6s [7月27日（週日） 下午 7:10]   use "Sleep"
1630.2s [7月27日（週日） 下午 7:10]   click [Sleep] Sleep until 7:00 AM
1632.5s [7月28日（週一） 下午 7:00]   use "Sleep"
1633.1s [7月28日（週一） 下午 7:00]   click [Sleep] Sleep until 7:00 AM
1635.3s [7月29日（週二） 下午 7:00]   use "Sleep"
1635.9s [7月29日（週二） 下午 7:00]   click [Sleep] Sleep until 7:00 AM
1638.1s [7月30日（週三） 下午 7:00]   use "Sleep"
1638.7s [7月30日（週三） 下午 7:00]   click [Sleep] Sleep until 7:00 AM
1641.0s [7月31日（週四） 下午 7:00]   use "Sleep"
1641.6s [7月31日（週四） 下午 7:00]   click [Sleep] Sleep until 7:00 AM
1645.4s [8月1日（週五） 上午 7:00]   shot 144_month_close_report.png
1645.4s [8月1日（週五） 上午 7:00]   click [month close] Continue
1647.0s [8月1日（週五） 上午 7:02]   ok  Chapter 6 complete
1647.0s [8月1日（週五） 上午 7:02]   ok  ledger balanced after chapters 4–6
1647.0s [8月1日（週五） 上午 7:02]   ok  Chapter 7 started after Chapter 6
1647.0s [8月1日（週五） 上午 7:02]   ok  Year 3: the Supply Shock
1647.0s [8月1日（週五） 上午 7:02] STEP Chapter 7 — the news, and Ken's options
1650.3s [8月1日（週五） 上午 7:08]   ok  walked back outside
1653.6s [8月1日（週五） 上午 7:13]   ok  entered Bloom Coffee
1655.4s [8月1日（週五） 上午 7:15]   use "Read the news board"
1656.1s [8月1日（週五） 上午 7:20]   shot 145_news_supply_shock.png
1656.5s [8月1日（週五） 上午 7:20]   ok  read the news (supply_shock)
1659.4s [8月1日（週五） 上午 7:25]   ok  walked back outside
1662.6s [8月1日（週五） 上午 7:30]   ok  entered Riverside Tower
1664.5s [8月1日（週五） 下午 7:03]   use "Sleep"
1665.1s [8月1日（週五） 下午 7:03]   click [Sleep] Sleep until 7:00 AM
1667.4s [8月2日（週六） 下午 7:00]   use "Sleep"
1668.0s [8月2日（週六） 下午 7:00]   click [Sleep] Sleep until 7:00 AM
1670.1s [8月3日（週日） 下午 7:00]   shot 146_decision_supply_shock_plan.png
1670.1s [8月3日（週日） 下午 7:00]   decision supply_shock_plan → local
1670.1s [8月3日（週日） 下午 7:00]   click [Choice_local] 加一個在地備援：奧瑞莉亞職人合作社
1671.5s [8月3日（週日） 下午 7:00]   shot 147_decision_outcome_supply_shock_plan.png
1671.5s [8月3日（週日） 下午 7:00]   click "OK"
1672.1s [8月3日（週日） 下午 7:00]   use "Sleep"
1672.7s [8月3日（週日） 下午 7:00]   click [Sleep] Sleep until 7:00 AM
1674.7s [8月4日（週一） 上午 7:01]   ok  the local co-op is a supplier now
1674.7s [8月4日（週一） 上午 7:01] STEP Chapter 7 — order from the co-op, raise a price
1676.0s [8月4日（週一） 上午 7:03]   use "Use laptop — Company OS"
1676.6s [8月4日（週一） 上午 7:03]   click [Tab_operations] Operations
1677.4s [8月4日（週一） 上午 7:04]   shot 148_operations_supply_shock.png
1677.4s [8月4日（週一） 上午 7:04]   click [Buy_aurelia_makers_desk_lamp] 購買 $417.00
1677.9s [8月4日（週一） 上午 7:15]   click [Buy_aurelia_makers_desk_lamp] 購買 $417.00
1678.5s [8月4日（週一） 上午 7:26]   click [Buy_aurelia_makers_desk_lamp] 購買 $417.00
1679.1s [8月4日（週一） 上午 7:37]   click [Buy_aurelia_makers_desk_lamp] 購買 $417.00
1679.7s [8月4日（週一） 上午 7:48]   click [Tab_sales] Ecommerce
1680.3s [8月4日（週一） 上午 7:49]   click [PriceUp_wireless_earbuds] +
1680.5s [8月4日（週一） 上午 7:49]   click [PriceUp_wireless_earbuds] +
1680.7s [8月4日（週一） 上午 7:50]   click [PriceUp_wireless_earbuds] +
1680.9s [8月4日（週一） 上午 7:50]   click [PriceUp_wireless_earbuds] +
1681.0s [8月4日（週一） 上午 7:50]   click [PriceUp_wireless_earbuds] +
1681.2s [8月4日（週一） 上午 7:50]   click [PriceUp_wireless_earbuds] +
1681.4s [8月4日（週一） 上午 7:51]   click [PriceUp_wireless_earbuds] +
1681.6s [8月4日（週一） 上午 7:51]   click [PriceUp_wireless_earbuds] +
1681.8s [8月4日（週一） 上午 7:51]   click [PriceUp_wireless_earbuds] +
1682.0s [8月4日（週一） 上午 7:51]   click [PriceUp_wireless_earbuds] +
1682.2s [8月4日（週一） 上午 7:52]   click [PriceUp_wireless_earbuds] +
1682.3s [8月4日（週一） 上午 7:52]   click [PriceUp_wireless_earbuds] +
1682.5s [8月4日（週一） 上午 7:52]   click [PriceUp_water_bottle] +
1682.7s [8月4日（週一） 上午 7:53]   click [PriceUp_water_bottle] +
1682.9s [8月4日（週一） 上午 7:53]   click [PriceUp_water_bottle] +
1683.1s [8月4日（週一） 上午 7:53]   click [PriceUp_water_bottle] +
1683.3s [8月4日（週一） 上午 7:53]   click [PriceUp_water_bottle] +
1683.5s [8月4日（週一） 上午 7:54]   click [PriceUp_desk_lamp] +
1683.6s [8月4日（週一） 上午 7:54]   click [PriceUp_desk_lamp] +
1683.8s [8月4日（週一） 上午 7:54]   click [PriceUp_desk_lamp] +
1684.0s [8月4日（週一） 上午 7:55]   click [PriceUp_desk_lamp] +
1684.2s [8月4日（週一） 上午 7:55]   click [PriceUp_desk_lamp] +
1684.4s [8月4日（週一） 上午 7:55]   click [PriceUp_desk_lamp] +
1684.6s [8月4日（週一） 上午 7:55]   click [PriceUp_desk_lamp] +
1684.7s [8月4日（週一） 上午 7:56]   click [PriceUp_desk_lamp] +
1684.9s [8月4日（週一） 上午 7:56]   click [PriceUp_phone_stand] +
1685.1s [8月4日（週一） 上午 7:56]   click [PriceUp_phone_stand] +
1685.3s [8月4日（週一） 上午 7:56]   click [PriceUp_phone_stand] +
1685.5s [8月4日（週一） 上午 7:57]   click [PriceUp_phone_stand] +
1687.1s [8月4日（週一） 上午 7:59]   ok  stocked and repriced
1687.3s [8月4日（週一） 上午 7:59]   use "Use laptop — Company OS"
1687.9s [8月4日（週一） 上午 8:00]   click [Tab_operations] Operations
1688.6s [8月4日（週一） 上午 8:01]   click [DeliverTo_riverside_studio] 河濱大樓 7C
1688.8s [8月4日（週一） 上午 8:02]   click [Buy_tradelink_wholesale_wireless_earbuds] 購買 $1,008.00
1689.0s [8月4日（週一） 上午 8:12]   click [Buy_tradelink_wholesale_wireless_earbuds] 購買 $1,008.00
1689.2s [8月4日（週一） 上午 8:22]   click [Buy_tradelink_wholesale_wireless_earbuds] 購買 $1,008.00
1689.5s [8月4日（週一） 上午 8:33]   click [Buy_tradelink_wholesale_water_bottle] 購買 $525.60
1689.7s [8月4日（週一） 上午 8:43]   click [Buy_tradelink_wholesale_water_bottle] 購買 $525.60
1689.9s [8月4日（週一） 上午 8:53]   click [Buy_tradelink_wholesale_water_bottle] 購買 $525.60
1690.1s [8月4日（週一） 上午 9:04]   click [Buy_tradelink_wholesale_phone_stand] 購買 $304.80
1690.3s [8月4日（週一） 上午 9:14]   click [Buy_tradelink_wholesale_phone_stand] 購買 $304.80
1698.3s [8月4日（週一） 下午 7:11]   use "Sleep"
1698.9s [8月4日（週一） 下午 7:11]   click [Sleep] Sleep until 7:00 AM
1707.4s [8月5日（週二） 下午 7:09]   use "Sleep"
1708.0s [8月5日（週二） 下午 7:09]   click [Sleep] Sleep until 7:00 AM
1710.3s [8月6日（週三） 下午 7:00]   use "Sleep"
1710.9s [8月6日（週三） 下午 7:00]   click [Sleep] Sleep until 7:00 AM
1713.2s [8月7日（週四） 下午 7:00]   use "Sleep"
1713.8s [8月7日（週四） 下午 7:00]   click [Sleep] Sleep until 7:00 AM
1724.6s [8月8日（週五） 上午 7:14]   use "Packing table"
1725.3s [8月8日（週五） 上午 7:15]   click [Pack] 打包 25 筆訂單（3 小時 20 分）
1726.2s [8月8日（週五） 上午 10:36]   click [CourierEconomy] 快遞 · 經濟 3 天（$195.00）
1736.2s [8月8日（週五） 下午 7:13]   use "Sleep"
1736.8s [8月8日（週五） 下午 7:13]   click [Sleep] Sleep until 7:00 AM
1747.6s [8月9日（週六） 上午 7:14]   use "Packing table"
1748.3s [8月9日（週六） 上午 7:15]   click [Pack] 打包 13 筆訂單（1 小時 44 分）
1749.2s [8月9日（週六） 上午 9:00]   click [CourierEconomy] 快遞 · 經濟 3 天（$104.28）
1759.2s [8月9日（週六） 下午 7:13]   use "Sleep"
1759.8s [8月9日（週六） 下午 7:13]   click [Sleep] Sleep until 7:00 AM
1770.5s [8月10日（週日） 上午 7:14]   use "Packing table"
1771.3s [8月10日（週日） 上午 7:15]   click [Pack] 打包 16 筆訂單（2 小時 8 分）
1772.2s [8月10日（週日） 上午 9:24]   click [CourierEconomy] 快遞 · 經濟 3 天（$126.96）
1782.2s [8月10日（週日） 下午 7:13]   use "Sleep"
1782.8s [8月10日（週日） 下午 7:13]   click [Sleep] Sleep until 7:00 AM
1793.6s [8月11日（週一） 上午 7:14]   use "Packing table"
1794.3s [8月11日（週一） 上午 7:15]   click [Pack] 打包 24 筆訂單（3 小時 12 分）
1795.2s [8月11日（週一） 上午 10:28]   click [CourierEconomy] 快遞 · 經濟 3 天（$187.44）
1805.2s [8月11日（週一） 下午 7:13]   use "Sleep"
1805.8s [8月11日（週一） 下午 7:13]   click [Sleep] Sleep until 7:00 AM
1816.6s [8月12日（週二） 上午 7:14]   use "Packing table"
1817.3s [8月12日（週二） 上午 7:15]   click [Pack] 打包 16 筆訂單（2 小時 8 分）
1818.2s [8月12日（週二） 上午 9:24]   click [CourierEconomy] 快遞 · 經濟 3 天（$126.96）
1828.2s [8月12日（週二） 下午 7:13]   use "Sleep"
1828.8s [8月12日（週二） 下午 7:13]   click [Sleep] Sleep until 7:00 AM
1839.7s [8月13日（週三） 上午 7:14]   use "Packing table"
1840.4s [8月13日（週三） 上午 7:15]   click [Pack] 打包 17 筆訂單（2 小時 16 分）
1841.3s [8月13日（週三） 上午 9:32]   click [CourierEconomy] 快遞 · 經濟 3 天（$134.52）
1851.3s [8月13日（週三） 下午 7:13]   use "Sleep"
1851.9s [8月13日（週三） 下午 7:13]   click [Sleep] Sleep until 7:00 AM
1862.7s [8月14日（週四） 上午 7:14]   use "Packing table"
1863.4s [8月14日（週四） 上午 7:15]   click [Pack] 打包 23 筆訂單（3 小時 4 分）
1864.4s [8月14日（週四） 上午 10:20]   click [CourierEconomy] 快遞 · 經濟 3 天（$179.88）
1874.4s [8月14日（週四） 下午 7:13]   use "Sleep"
1875.0s [8月14日（週四） 下午 7:13]   click [Sleep] Sleep until 7:00 AM
1885.8s [8月15日（週五） 上午 7:14]   use "Packing table"
1886.5s [8月15日（週五） 上午 7:15]   click [Pack] 打包 16 筆訂單（2 小時 8 分）
1887.4s [8月15日（週五） 上午 9:24]   click [CourierEconomy] 快遞 · 經濟 3 天（$126.96）
1888.8s [8月15日（週五） 下午 7:00]   shot 149_decision_supplier_price_increase.png
1888.8s [8月15日（週五） 下午 7:00]   decision supplier_price_increase → accept
1888.8s [8月15日（週五） 下午 7:00]   click [Choice_accept] 好。繼續跟你進貨。
1890.1s [8月15日（週五） 下午 7:00]   shot 150_decision_outcome_supplier_price_increase.png
1890.1s [8月15日（週五） 下午 7:00]   click "OK"
1899.6s [8月15日（週五） 下午 7:14]   use "Sleep"
1900.2s [8月15日（週五） 下午 7:14]   click [Sleep] Sleep until 7:00 AM
1911.0s [8月16日（週六） 上午 7:14]   use "Packing table"
1911.7s [8月16日（週六） 上午 7:15]   click [Pack] 打包 19 筆訂單（2 小時 32 分）
1912.6s [8月16日（週六） 上午 9:48]   click [CourierEconomy] 快遞 · 經濟 3 天（$149.64）
1922.6s [8月16日（週六） 下午 7:13]   use "Sleep"
1923.2s [8月16日（週六） 下午 7:13]   click [Sleep] Sleep until 7:00 AM
1934.0s [8月17日（週日） 上午 7:14]   use "Packing table"
1934.7s [8月17日（週日） 上午 7:15]   click [Pack] 打包 26 筆訂單（3 小時 28 分）
1935.7s [8月17日（週日） 上午 10:44]   click [CourierEconomy] 快遞 · 經濟 3 天（$202.56）
1945.7s [8月17日（週日） 下午 7:13]   use "Sleep"
1946.3s [8月17日（週日） 下午 7:13]   click [Sleep] Sleep until 7:00 AM
1957.1s [8月18日（週一） 上午 7:14]   use "Packing table"
1957.8s [8月18日（週一） 上午 7:15]   click [Pack] 打包 17 筆訂單（2 小時 16 分）
1958.7s [8月18日（週一） 上午 9:32]   click [CourierEconomy] 快遞 · 經濟 3 天（$134.52）
1968.7s [8月18日（週一） 下午 7:13]   use "Sleep"
1969.3s [8月18日（週一） 下午 7:13]   click [Sleep] Sleep until 7:00 AM
1980.1s [8月19日（週二） 上午 7:14]   use "Packing table"
1980.8s [8月19日（週二） 上午 7:15]   click [Pack] 打包 16 筆訂單（2 小時 8 分）
1981.7s [8月19日（週二） 上午 9:24]   click [CourierEconomy] 快遞 · 經濟 3 天（$126.96）
1984.5s [8月19日（週二） 上午 9:28]   use "Use laptop — Company OS"
1985.2s [8月19日（週二） 上午 9:29]   click [Tab_operations] Operations
1985.8s [8月19日（週二） 上午 9:30]   click [DeliverTo_riverside_studio] 河濱大樓 7C
1986.1s [8月19日（週二） 上午 9:31]   click [Buy_tradelink_wholesale_desk_lamp] 購買 $515.20
1986.3s [8月19日（週二） 上午 9:41]   click [Buy_tradelink_wholesale_desk_lamp] 購買 $515.20
1986.5s [8月19日（週二） 上午 9:51]   click [Buy_tradelink_wholesale_phone_stand] 購買 $304.80
1986.8s [8月19日（週二） 上午 10:02]   click [Buy_tradelink_wholesale_phone_stand] 購買 $304.80
1995.1s [8月19日（週二） 下午 7:11]   use "Sleep"
1995.7s [8月19日（週二） 下午 7:11]   click [Sleep] Sleep until 7:00 AM
2006.6s [8月20日（週三） 上午 7:14]   use "Packing table"
2007.3s [8月20日（週三） 上午 7:15]   click [Pack] 打包 23 筆訂單（3 小時 4 分）
2008.2s [8月20日（週三） 上午 10:20]   click [CourierEconomy] 快遞 · 經濟 3 天（$179.88）
2018.2s [8月20日（週三） 下午 7:13]   use "Sleep"
2018.8s [8月20日（週三） 下午 7:13]   click [Sleep] Sleep until 7:00 AM
2029.7s [8月21日（週四） 上午 7:14]   use "Packing table"
2030.3s [8月21日（週四） 上午 7:15]   click [Pack] 打包 23 筆訂單（3 小時 4 分）
2031.3s [8月21日（週四） 上午 10:20]   click [CourierEconomy] 快遞 · 經濟 3 天（$179.88）
2034.0s [8月21日（週四） 上午 10:24]   use "Use laptop — Company OS"
2034.7s [8月21日（週四） 上午 10:25]   click [Tab_operations] Operations
2035.4s [8月21日（週四） 上午 10:26]   click [DeliverTo_riverside_studio] 河濱大樓 7C
2035.6s [8月21日（週四） 上午 10:27]   click [Buy_tradelink_wholesale_wireless_earbuds] 購買 $1,008.00
2035.8s [8月21日（週四） 上午 10:37]   click [Buy_tradelink_wholesale_wireless_earbuds] 購買 $1,008.00
2044.2s [8月21日（週四） 下午 7:12]   use "Sleep"
2044.8s [8月21日（週四） 下午 7:12]   click [Sleep] Sleep until 7:00 AM
2055.6s [8月22日（週五） 上午 7:14]   use "Packing table"
2056.3s [8月22日（週五） 上午 7:15]   click [Pack] 打包 25 筆訂單（3 小時 20 分）
2057.3s [8月22日（週五） 上午 10:36]   click [CourierEconomy] 快遞 · 經濟 3 天（$195.00）
2067.3s [8月22日（週五） 下午 7:13]   use "Sleep"
2067.9s [8月22日（週五） 下午 7:13]   click [Sleep] Sleep until 7:00 AM
2078.8s [8月23日（週六） 上午 7:14]   use "Packing table"
2079.5s [8月23日（週六） 上午 7:15]   click [Pack] 打包 34 筆訂單（4 小時 32 分）
2080.4s [8月23日（週六） 上午 11:48]   click [CourierEconomy] 快遞 · 經濟 3 天（$300.48）
2083.2s [8月23日（週六） 上午 11:52]   use "Use laptop — Company OS"
2083.9s [8月23日（週六） 上午 11:53]   click [Tab_operations] Operations
2084.6s [8月23日（週六） 上午 11:54]   click [DeliverTo_riverside_studio] 河濱大樓 7C
2084.8s [8月23日（週六） 上午 11:55]   click [Buy_tradelink_wholesale_water_bottle] 購買 $604.20
2093.1s [8月23日（週六） 下午 7:11]   use "Sleep"
2093.7s [8月23日（週六） 下午 7:11]   click [Sleep] Sleep until 7:00 AM
2104.6s [8月24日（週日） 上午 7:14]   use "Packing table"
2105.3s [8月24日（週日） 上午 7:15]   click [Pack] 打包 35 筆訂單（4 小時 40 分）
2106.3s [8月24日（週日） 上午 11:56]   click [CourierEconomy] 快遞 · 經濟 3 天（$298.68）
2116.3s [8月24日（週日） 下午 7:13]   use "Sleep"
2116.9s [8月24日（週日） 下午 7:13]   click [Sleep] Sleep until 7:00 AM
2127.7s [8月25日（週一） 上午 7:14]   use "Packing table"
2128.4s [8月25日（週一） 上午 7:15]   click [Pack] 打包 25 筆訂單（3 小時 20 分）
2129.3s [8月25日（週一） 上午 10:36]   click [CourierEconomy] 快遞 · 經濟 3 天（$209.04）
2139.4s [8月25日（週一） 下午 7:13]   use "Sleep"
2140.0s [8月25日（週一） 下午 7:13]   click [Sleep] Sleep until 7:00 AM
2150.8s [8月26日（週二） 上午 7:14]   use "Packing table"
2151.5s [8月26日（週二） 上午 7:15]   click [Pack] 打包 28 筆訂單（3 小時 44 分）
2152.5s [8月26日（週二） 上午 11:00]   click [CourierEconomy] 快遞 · 經濟 3 天（$255.12）
2162.5s [8月26日（週二） 下午 7:13]   use "Sleep"
2163.1s [8月26日（週二） 下午 7:13]   click [Sleep] Sleep until 7:00 AM
2174.0s [8月27日（週三） 上午 7:14]   use "Packing table"
2174.7s [8月27日（週三） 上午 7:15]   click [Pack] 打包 35 筆訂單（4 小時 40 分）
2175.6s [8月27日（週三） 上午 11:56]   click [CourierEconomy] 快遞 · 經濟 3 天（$308.04）
2185.7s [8月27日（週三） 下午 7:13]   use "Sleep"
2186.3s [8月27日（週三） 下午 7:13]   click [Sleep] Sleep until 7:00 AM
2197.2s [8月28日（週四） 上午 7:14]   use "Packing table"
2197.9s [8月28日（週四） 上午 7:15]   click [Pack] 打包 32 筆訂單（4 小時 16 分）
2198.9s [8月28日（週四） 上午 11:32]   click [CourierEconomy] 快遞 · 經濟 3 天（$271.32）
2208.9s [8月28日（週四） 下午 7:13]   use "Sleep"
2209.5s [8月28日（週四） 下午 7:13]   click [Sleep] Sleep until 7:00 AM
2220.4s [8月29日（週五） 上午 7:14]   use "Packing table"
2221.1s [8月29日（週五） 上午 7:15]   click [Pack] 打包 23 筆訂單（3 小時 4 分）
2222.0s [8月29日（週五） 上午 10:20]   click [CourierEconomy] 快遞 · 經濟 3 天（$203.28）
2232.0s [8月29日（週五） 下午 7:13]   use "Sleep"
2232.6s [8月29日（週五） 下午 7:13]   click [Sleep] Sleep until 7:00 AM
2243.5s [8月30日（週六） 上午 7:14]   use "Packing table"
2244.2s [8月30日（週六） 上午 7:15]   click [Pack] 打包 37 筆訂單（4 小時 56 分）
2245.2s [8月30日（週六） 下午 12:12]   click [CourierEconomy] 快遞 · 經濟 3 天（$313.80）
2247.9s [8月30日（週六） 下午 12:16]   use "Use laptop — Company OS"
2248.6s [8月30日（週六） 下午 12:17]   click [Tab_operations] Operations
2249.3s [8月30日（週六） 下午 12:18]   click [DeliverTo_riverside_studio] 河濱大樓 7C
2249.5s [8月30日（週六） 下午 12:19]   click [Buy_tradelink_wholesale_water_bottle] 購買 $525.60
2249.7s [8月30日（週六） 下午 12:29]   click [Buy_tradelink_wholesale_water_bottle] 購買 $525.60
2258.1s [8月30日（週六） 下午 7:11]   use "Sleep"
2258.7s [8月30日（週六） 下午 7:11]   click [Sleep] Sleep until 7:00 AM
2269.5s [8月31日（週日） 上午 7:14]   use "Packing table"
2270.2s [8月31日（週日） 上午 7:15]   click [Pack] 打包 22 筆訂單（2 小時 56 分）
2271.2s [8月31日（週日） 上午 10:12]   click [CourierEconomy] 快遞 · 經濟 3 天（$181.68）
2272.4s [8月31日（週日） 下午 12:04]   toast: 新評價 #2568：★「壞掉了，賣家不處理。」
2281.2s [8月31日（週日） 下午 7:13]   use "Sleep"
2281.8s [8月31日（週日） 下午 7:13]   click [Sleep] Sleep until 7:00 AM
2285.5s [9月1日（週一） 上午 7:00]   shot 151_month_close_report.png
2285.5s [9月1日（週一） 上午 7:00]   click [month close] Continue
2294.9s [9月1日（週一） 上午 7:13]   use "Packing table"
2295.6s [9月1日（週一） 上午 7:15]   click [Pack] 打包 29 筆訂單（3 小時 52 分）
2296.5s [9月1日（週一） 上午 11:08]   click [CourierEconomy] 快遞 · 經濟 3 天（$262.68）
2299.3s [9月1日（週一） 上午 11:12]   use "Use laptop — Company OS"
2299.9s [9月1日（週一） 上午 11:13]   click [Tab_operations] Operations
2300.6s [9月1日（週一） 上午 11:14]   click [DeliverTo_riverside_studio] 河濱大樓 7C
2300.8s [9月1日（週一） 上午 11:14]   click [Buy_tradelink_wholesale_wireless_earbuds] 購買 $1,008.00
2301.0s [9月1日（週一） 上午 11:25]   click [Buy_tradelink_wholesale_wireless_earbuds] 購買 $1,008.00
2301.3s [9月1日（週一） 上午 11:35]   click [Buy_tradelink_wholesale_desk_lamp] 購買 $515.20
2301.5s [9月1日（週一） 上午 11:45]   click [Buy_tradelink_wholesale_desk_lamp] 購買 $515.20
2309.8s [9月1日（週一） 下午 7:12]   use "Sleep"
2310.4s [9月1日（週一） 下午 7:12]   click [Sleep] Sleep until 7:00 AM
2321.3s [9月2日（週二） 上午 7:14]   use "Packing table"
2322.0s [9月2日（週二） 上午 7:15]   click [Pack] 打包 21 筆訂單（2 小時 48 分）
2323.0s [9月2日（週二） 上午 10:04]   click [CourierEconomy] 快遞 · 經濟 3 天（$174.12）
2333.0s [9月2日（週二） 下午 7:13]   use "Sleep"
2333.6s [9月2日（週二） 下午 7:13]   click [Sleep] Sleep until 7:00 AM
2344.5s [9月3日（週三） 上午 7:14]   use "Packing table"
2345.2s [9月3日（週三） 上午 7:15]   click [Pack] 打包 30 筆訂單（4 h）
2346.2s [9月3日（週三） 上午 11:16]   click [CourierEconomy] 快遞 · 經濟 3 天（$237.48）
2356.3s [9月3日（週三） 下午 7:13]   use "Sleep"
2356.9s [9月3日（週三） 下午 7:13]   click [Sleep] Sleep until 7:00 AM
2367.8s [9月4日（週四） 上午 7:14]   use "Packing table"
2368.5s [9月4日（週四） 上午 7:15]   click [Pack] 打包 29 筆訂單（3 小時 52 分）
2369.5s [9月4日（週四） 上午 11:08]   click [CourierEconomy] 快遞 · 經濟 3 天（$239.28）
2379.6s [9月4日（週四） 下午 7:13]   use "Sleep"
2380.2s [9月4日（週四） 下午 7:13]   click [Sleep] Sleep until 7:00 AM
2391.0s [9月5日（週五） 上午 7:14]   use "Packing table"
2391.7s [9月5日（週五） 上午 7:15]   click [Pack] 打包 16 筆訂單（2 小時 8 分）
2392.7s [9月5日（週五） 上午 9:24]   click [CourierEconomy] 快遞 · 經濟 3 天（$155.04）
2402.7s [9月5日（週五） 下午 7:13]   use "Sleep"
2403.3s [9月5日（週五） 下午 7:13]   click [Sleep] Sleep until 7:00 AM
2414.3s [9月6日（週六） 上午 7:14]   use "Packing table"
2415.0s [9月6日（週六） 上午 7:15]   click [Pack] 打包 31 筆訂單（4 小時 8 分）
2415.9s [9月6日（週六） 上午 11:24]   click [CourierEconomy] 快遞 · 經濟 3 天（$254.40）
2426.0s [9月6日（週六） 下午 7:13]   use "Sleep"
2426.6s [9月6日（週六） 下午 7:13]   click [Sleep] Sleep until 7:00 AM
2437.5s [9月7日（週日） 上午 7:14]   use "Packing table"
2438.2s [9月7日（週日） 上午 7:15]   click [Pack] 打包 23 筆訂單（3 小時 4 分）
2439.2s [9月7日（週日） 上午 10:20]   click [CourierEconomy] 快遞 · 經濟 3 天（$212.64）
2449.3s [9月7日（週日） 下午 7:13]   use "Sleep"
2449.9s [9月7日（週日） 下午 7:13]   click [Sleep] Sleep until 7:00 AM
2450.6s [9月8日（週一） 上午 3:26]   toast: 新評價 #2778：★「壞掉了，賣家不處理。」
2460.8s [9月8日（週一） 上午 7:14]   use "Packing table"
2461.5s [9月8日（週一） 上午 7:15]   click [Pack] 打包 31 筆訂單（4 小時 8 分）
2462.5s [9月8日（週一） 上午 11:24]   click [CourierEconomy] 快遞 · 經濟 3 天（$273.12）
2472.6s [9月8日（週一） 下午 7:13]   use "Sleep"
2473.2s [9月8日（週一） 下午 7:13]   click [Sleep] Sleep until 7:00 AM
2484.1s [9月9日（週二） 上午 7:14]   use "Packing table"
2484.8s [9月9日（週二） 上午 7:15]   click [Pack] 打包 25 筆訂單（3 小時 20 分）
2485.8s [9月9日（週二） 上午 10:36]   click [CourierEconomy] 快遞 · 經濟 3 天（$209.04）
2487.0s [9月9日（週二） 上午 10:38]   shot 152_decision_supplier_price_increase.png
2487.0s [9月9日（週二） 上午 10:38]   decision supplier_price_increase → accept
2487.0s [9月9日（週二） 上午 10:38]   click [Choice_accept] 好。繼續跟你進貨。
2488.4s [9月9日（週二） 上午 10:38]   shot 153_decision_outcome_supplier_price_increase.png
2488.4s [9月9日（週二） 上午 10:38]   click "OK"
2490.5s [9月9日（週二） 上午 10:41]   use "Use laptop — Company OS"
2491.2s [9月9日（週二） 上午 10:42]   click [Tab_operations] Operations
2491.9s [9月9日（週二） 上午 10:43]   click [DeliverTo_riverside_studio] 河濱大樓 7C
2492.1s [9月9日（週二） 上午 10:43]   click [Buy_tradelink_wholesale_phone_stand] 購買 $304.80
2492.3s [9月9日（週二） 上午 10:53]   click [Buy_tradelink_wholesale_phone_stand] 購買 $304.80
2500.6s [9月9日（週二） 下午 7:12]   use "Sleep"
2501.2s [9月9日（週二） 下午 7:12]   click [Sleep] Sleep until 7:00 AM
2512.1s [9月10日（週三） 上午 7:14]   use "Packing table"
2512.8s [9月10日（週三） 上午 7:15]   click [Pack] 打包 13 筆訂單（1 小時 44 分）
2513.8s [9月10日（週三） 上午 9:00]   click [CourierEconomy] 快遞 · 經濟 3 天（$123.00）
2523.9s [9月10日（週三） 下午 7:13]   use "Sleep"
2524.5s [9月10日（週三） 下午 7:13]   click [Sleep] Sleep until 7:00 AM
2535.4s [9月11日（週四） 上午 7:14]   use "Packing table"
2536.1s [9月11日（週四） 上午 7:15]   click [Pack] 打包 24 筆訂單（3 小時 12 分）
2537.1s [9月11日（週四） 上午 10:28]   click [CourierEconomy] 快遞 · 經濟 3 天（$206.16）
2538.3s [9月11日（週四） 下午 12:23]   toast: 新評價 #2892：★「浪費錢。」
2547.1s [9月11日（週四） 下午 7:13]   use "Sleep"
2547.7s [9月11日（週四） 下午 7:13]   click [Sleep] Sleep until 7:00 AM
2558.8s [9月12日（週五） 上午 7:14]   use "Packing table"
2559.5s [9月12日（週五） 上午 7:15]   click [Pack] 打包 27 筆訂單（3 小時 36 分）
2560.4s [9月12日（週五） 上午 10:52]   click [CourierEconomy] 快遞 · 經濟 3 天（$233.52）
2570.5s [9月12日（週五） 下午 7:13]   use "Sleep"
2571.1s [9月12日（週五） 下午 7:13]   click [Sleep] Sleep until 7:00 AM
2582.1s [9月13日（週六） 上午 7:14]   use "Packing table"
2582.8s [9月13日（週六） 上午 7:15]   click [Pack] 打包 28 筆訂單（3 小時 44 分）
2583.7s [9月13日（週六） 上午 11:00]   click [CourierEconomy] 快遞 · 經濟 3 天（$250.44）
2593.8s [9月13日（週六） 下午 7:13]   use "Sleep"
2594.4s [9月13日（週六） 下午 7:13]   click [Sleep] Sleep until 7:00 AM
2605.4s [9月14日（週日） 上午 7:14]   use "Packing table"
2606.0s [9月14日（週日） 上午 7:15]   click [Pack] 打包 33 筆訂單（4 小時 24 分）
2607.0s [9月14日（週日） 上午 11:40]   click [CourierEconomy] 快遞 · 經濟 3 天（$288.24）
2609.8s [9月14日（週日） 上午 11:44]   use "Use laptop — Company OS"
2610.4s [9月14日（週日） 上午 11:45]   click [Tab_operations] Operations
2611.1s [9月14日（週日） 上午 11:46]   click [DeliverTo_riverside_studio] 河濱大樓 7C
2611.3s [9月14日（週日） 上午 11:47]   click [Buy_tradelink_wholesale_water_bottle] 購買 $604.20
2611.6s [9月14日（週日） 上午 11:57]   click [Buy_tradelink_wholesale_water_bottle] 購買 $604.20
2620.0s [9月14日（週日） 下午 7:12]   use "Sleep"
2620.6s [9月14日（週日） 下午 7:12]   click [Sleep] Sleep until 7:00 AM
2631.5s [9月15日（週一） 上午 7:14]   use "Packing table"
2632.2s [9月15日（週一） 上午 7:15]   click [Pack] 打包 29 筆訂單（3 小時 52 分）
2633.2s [9月15日（週一） 上午 11:08]   click [CourierEconomy] 快遞 · 經濟 3 天（$229.92）
2643.3s [9月15日（週一） 下午 7:13]   use "Sleep"
2643.9s [9月15日（週一） 下午 7:13]   click [Sleep] Sleep until 7:00 AM
2654.9s [9月16日（週二） 上午 7:14]   use "Packing table"
2655.6s [9月16日（週二） 上午 7:15]   click [Pack] 打包 30 筆訂單（4 h）
2656.6s [9月16日（週二） 上午 11:16]   click [CourierEconomy] 快遞 · 經濟 3 天（$265.56）
2659.3s [9月16日（週二） 上午 11:20]   use "Use laptop — Company OS"
2659.9s [9月16日（週二） 上午 11:21]   click [Tab_operations] Operations
2660.6s [9月16日（週二） 上午 11:22]   click [DeliverTo_riverside_studio] 河濱大樓 7C
2660.8s [9月16日（週二） 上午 11:23]   click [Buy_tradelink_wholesale_desk_lamp] 購買 $515.20
2661.1s [9月16日（週二） 上午 11:33]   click [Buy_tradelink_wholesale_desk_lamp] 購買 $515.20
2669.4s [9月16日（週二） 下午 7:11]   use "Sleep"
2670.0s [9月16日（週二） 下午 7:11]   click [Sleep] Sleep until 7:00 AM
2681.1s [9月17日（週三） 上午 7:14]   use "Packing table"
2681.8s [9月17日（週三） 上午 7:15]   click [Pack] 打包 21 筆訂單（2 小時 48 分）
2682.7s [9月17日（週三） 上午 10:04]   click [CourierEconomy] 快遞 · 經濟 3 天（$188.16）
2685.5s [9月17日（週三） 上午 10:08]   use "Use laptop — Company OS"
2686.2s [9月17日（週三） 上午 10:09]   click [Tab_operations] Operations
2686.9s [9月17日（週三） 上午 10:10]   click [DeliverTo_riverside_studio] 河濱大樓 7C
2687.1s [9月17日（週三） 上午 10:11]   click [Buy_tradelink_wholesale_wireless_earbuds] 購買 $1,008.00
2687.3s [9月17日（週三） 上午 10:21]   click [Buy_tradelink_wholesale_wireless_earbuds] 購買 $1,008.00
2695.8s [9月17日（週三） 下午 7:12]   use "Sleep"
2696.4s [9月17日（週三） 下午 7:12]   click [Sleep] Sleep until 7:00 AM
2707.4s [9月18日（週四） 上午 7:14]   use "Packing table"
2708.1s [9月18日（週四） 上午 7:15]   click [Pack] 打包 28 筆訂單（3 小時 44 分）
2709.1s [9月18日（週四） 上午 11:00]   click [CourierEconomy] 快遞 · 經濟 3 天（$250.44）
2719.2s [9月18日（週四） 下午 7:13]   use "Sleep"
2719.8s [9月18日（週四） 下午 7:13]   click [Sleep] Sleep until 7:00 AM
2730.8s [9月19日（週五） 上午 7:14]   use "Packing table"
2731.5s [9月19日（週五） 上午 7:15]   click [Pack] 打包 35 筆訂單（4 小時 40 分）
2732.5s [9月19日（週五） 上午 11:56]   click [CourierEconomy] 快遞 · 經濟 3 天（$303.36）
2742.6s [9月19日（週五） 下午 7:13]   use "Sleep"
2743.2s [9月19日（週五） 下午 7:13]   click [Sleep] Sleep until 7:00 AM
2754.2s [9月20日（週六） 上午 7:14]   use "Packing table"
2754.9s [9月20日（週六） 上午 7:15]   click [Pack] 打包 23 筆訂單（3 小時 4 分）
2755.9s [9月20日（週六） 上午 10:20]   click [CourierEconomy] 快遞 · 經濟 3 天（$193.92）
2766.0s [9月20日（週六） 下午 7:13]   use "Sleep"
2766.6s [9月20日（週六） 下午 7:13]   click [Sleep] Sleep until 7:00 AM
2777.7s [9月21日（週日） 上午 7:14]   use "Packing table"
2778.4s [9月21日（週日） 上午 7:15]   click [Pack] 打包 29 筆訂單（3 小時 52 分）
2779.4s [9月21日（週日） 上午 11:08]   click [CourierEconomy] 快遞 · 經濟 3 天（$253.32）
2789.5s [9月21日（週日） 下午 7:13]   use "Sleep"
2790.1s [9月21日（週日） 下午 7:13]   click [Sleep] Sleep until 7:00 AM
2790.7s [9月21日（週日） 下午 8:38]   toast: 新評價 #3112：★「浪費錢。」
2801.1s [9月22日（週一） 上午 7:14]   use "Packing table"
2801.8s [9月22日（週一） 上午 7:15]   click [Pack] 打包 32 筆訂單（4 小時 16 分）
2802.8s [9月22日（週一） 上午 11:32]   click [CourierEconomy] 快遞 · 經濟 3 天（$285.36）
2812.9s [9月22日（週一） 下午 7:13]   use "Sleep"
2813.5s [9月22日（週一） 下午 7:13]   click [Sleep] Sleep until 7:00 AM
2824.6s [9月23日（週二） 上午 7:14]   use "Packing table"
2825.3s [9月23日（週二） 上午 7:15]   click [Pack] 打包 34 筆訂單（4 小時 32 分）
2826.3s [9月23日（週二） 上午 11:48]   click [CourierEconomy] 快遞 · 經濟 3 天（$286.44）
2836.4s [9月23日（週二） 下午 7:13]   use "Sleep"
2837.0s [9月23日（週二） 下午 7:13]   click [Sleep] Sleep until 7:00 AM
2848.0s [9月24日（週三） 上午 7:14]   use "Packing table"
2848.7s [9月24日（週三） 上午 7:15]   click [Pack] 打包 23 筆訂單（3 小時 4 分）
2849.7s [9月24日（週三） 上午 10:20]   click [CourierEconomy] 快遞 · 經濟 3 天（$189.24）
2860.0s [9月24日（週三） 下午 7:13]   use "Sleep"
2860.6s [9月24日（週三） 下午 7:13]   click [Sleep] Sleep until 7:00 AM
2871.6s [9月25日（週四） 上午 7:14]   use "Packing table"
2872.3s [9月25日（週四） 上午 7:15]   click [Pack] 打包 37 筆訂單（4 小時 56 分）
2873.3s [9月25日（週四） 下午 12:12]   click [CourierEconomy] 快遞 · 經濟 3 天（$327.84）
2883.5s [9月25日（週四） 下午 7:13]   use "Sleep"
2884.1s [9月25日（週四） 下午 7:13]   click [Sleep] Sleep until 7:00 AM
2895.1s [9月26日（週五） 上午 7:14]   use "Packing table"
2895.8s [9月26日（週五） 上午 7:15]   click [Pack] 打包 27 筆訂單（3 小時 36 分）
2896.8s [9月26日（週五） 上午 10:52]   click [CourierEconomy] 快遞 · 經濟 3 天（$238.20）
2906.9s [9月26日（週五） 下午 7:13]   use "Sleep"
2907.5s [9月26日（週五） 下午 7:13]   click [Sleep] Sleep until 7:00 AM
2918.5s [9月27日（週六） 上午 7:14]   use "Packing table"
2919.2s [9月27日（週六） 上午 7:15]   click [Pack] 打包 26 筆訂單（3 小時 28 分）
2920.2s [9月27日（週六） 上午 10:44]   click [CourierEconomy] 快遞 · 經濟 3 天（$240.00）
2923.0s [9月27日（週六） 上午 10:48]   use "Use laptop — Company OS"
2923.7s [9月27日（週六） 上午 10:49]   click [Tab_operations] Operations
2924.3s [9月27日（週六） 上午 10:50]   click [DeliverTo_riverside_studio] 河濱大樓 7C
2924.6s [9月27日（週六） 上午 10:51]   click [Buy_tradelink_wholesale_water_bottle] 購買 $525.60
2924.8s [9月27日（週六） 上午 11:01]   click [Buy_tradelink_wholesale_water_bottle] 購買 $525.60
2933.2s [9月27日（週六） 下午 7:12]   use "Sleep"
2933.8s [9月27日（週六） 下午 7:12]   click [Sleep] Sleep until 7:00 AM
2944.8s [9月28日（週日） 上午 7:14]   use "Packing table"
2945.5s [9月28日（週日） 上午 7:15]   click [Pack] 打包 30 筆訂單（4 h）
2946.5s [9月28日（週日） 上午 11:16]   click [CourierEconomy] 快遞 · 經濟 3 天（$260.88）
2949.3s [9月28日（週日） 上午 11:20]   use "Use laptop — Company OS"
2950.0s [9月28日（週日） 上午 11:21]   click [Tab_operations] Operations
2950.7s [9月28日（週日） 上午 11:22]   click [DeliverTo_riverside_studio] 河濱大樓 7C
2950.9s [9月28日（週日） 上午 11:23]   click [Buy_tradelink_wholesale_desk_lamp] 購買 $515.20
2951.2s [9月28日（週日） 上午 11:33]   click [Buy_tradelink_wholesale_desk_lamp] 購買 $515.20
2959.6s [9月28日（週日） 下午 7:12]   use "Sleep"
2960.3s [9月28日（週日） 下午 7:12]   click [Sleep] Sleep until 7:00 AM
2971.3s [9月29日（週一） 上午 7:14]   use "Packing table"
2972.0s [9月29日（週一） 上午 7:15]   click [Pack] 打包 29 筆訂單（3 小時 52 分）
2973.0s [9月29日（週一） 上午 11:08]   click [CourierEconomy] 快遞 · 經濟 3 天（$243.96）
2983.2s [9月29日（週一） 下午 7:13]   use "Sleep"
2983.8s [9月29日（週一） 下午 7:13]   click [Sleep] Sleep until 7:00 AM
2994.9s [9月30日（週二） 上午 7:14]   use "Packing table"
2995.6s [9月30日（週二） 上午 7:15]   click [Pack] 打包 31 筆訂單（4 小時 8 分）
2996.6s [9月30日（週二） 上午 11:24]   click [CourierEconomy] 快遞 · 經濟 3 天（$282.48）
2999.3s [9月30日（週二） 上午 11:28]   use "Use laptop — Company OS"
3000.1s [9月30日（週二） 上午 11:29]   click [Tab_operations] Operations
3000.8s [9月30日（週二） 上午 11:30]   click [DeliverTo_riverside_studio] 河濱大樓 7C
3001.0s [9月30日（週二） 上午 11:31]   click [Buy_tradelink_wholesale_wireless_earbuds] 購買 $1,008.00
3001.2s [9月30日（週二） 上午 11:41]   click [Buy_tradelink_wholesale_wireless_earbuds] 購買 $1,008.00
3001.5s [9月30日（週二） 上午 11:51]   click [Buy_tradelink_wholesale_phone_stand] 購買 $304.80
3009.9s [9月30日（週二） 下午 7:12]   use "Sleep"
3010.5s [9月30日（週二） 下午 7:12]   click [Sleep] Sleep until 7:00 AM
3014.7s [10月1日（週三） 上午 7:00]   shot 154_month_close_report.png
3014.7s [10月1日（週三） 上午 7:00]   click [month close] Continue
3024.0s [10月1日（週三） 上午 7:13]   use "Packing table"
3024.7s [10月1日（週三） 上午 7:15]   click [Pack] 打包 34 筆訂單（4 小時 32 分）
3025.7s [10月1日（週三） 上午 11:48]   click [CourierEconomy] 快遞 · 經濟 3 天（$211.92）
3027.1s [10月1日（週三） 上午 11:50]   ok  Chapter 7 complete
3027.1s [10月1日（週三） 上午 11:50] FAIL Chapter 7 passed with real profit, not two losses
3027.3s [10月1日（週三） 上午 11:50]   ch7_month_profit set from actual ledger profit -$826; survived_losses=true
3027.3s [10月1日（週三） 上午 11:50] FAIL positive chapter seven monthly profit
3027.3s [10月1日（週三） 上午 11:50] STEP Chapter 8 — the Green Shift
3027.3s [10月1日（週三） 上午 11:50]   ok  Year 4: the Green Shift
3029.5s [10月1日（週三） 上午 11:54]   ok  walked back outside
3032.8s [10月1日（週三） 上午 11:59]   ok  entered Bloom Coffee
3034.6s [10月1日（週三） 下午 12:02]   use "Read the news board"
3035.3s [10月1日（週三） 下午 12:07]   shot 155_news_green_shift.png
3035.7s [10月1日（週三） 下午 12:07]   ok  read the news (green_shift)
3038.6s [10月1日（週三） 下午 12:12]   ok  walked back outside
3041.8s [10月1日（週三） 下午 12:17]   ok  entered Riverside Tower
3043.3s [10月1日（週三） 下午 12:19]   use "Use laptop — Company OS"
3043.9s [10月1日（週三） 下午 12:20]   click [Tab_operations] Operations
3044.6s [10月1日（週三） 下午 12:21]   click [Packaging_recycled] Recycled paper
3045.2s [10月1日（週三） 下午 12:22]   click [Buy_verdant_supply_solar_lamp] 購買 $504.00
3045.8s [10月1日（週三） 下午 12:33]   shot 156_operations_green.png
3046.1s [10月1日（週三） 下午 12:33]   ok  recycled packaging
3053.7s [10月1日（週三） 下午 7:12]   use "Sleep"
3054.3s [10月1日（週三） 下午 7:12]   click [Sleep] Sleep until 7:00 AM
3065.4s [10月2日（週四） 上午 7:14]   use "Packing table"
3066.1s [10月2日（週四） 上午 7:15]   click [Pack] 打包 22 筆訂單（2 小時 56 分）
3067.1s [10月2日（週四） 上午 10:12]   click [CourierEconomy] 快遞 · 經濟 3 天（$139.64）
3077.2s [10月2日（週四） 下午 7:13]   use "Sleep"
3077.8s [10月2日（週四） 下午 7:13]   click [Sleep] Sleep until 7:00 AM
3088.9s [10月3日（週五） 上午 7:14]   use "Packing table"
3089.6s [10月3日（週五） 上午 7:15]   click [Pack] 打包 42 筆訂單（5 小時 36 分）
3090.7s [10月3日（週五） 下午 12:52]   click [CourierEconomy] 快遞 · 經濟 3 天（$265.74）
3092.0s [10月3日（週五） 下午 7:00]   shot 157_decision_supplier_price_increase.png
3092.0s [10月3日（週五） 下午 7:00]   decision supplier_price_increase → accept
3092.0s [10月3日（週五） 下午 7:00]   click [Choice_accept] 好。繼續跟你進貨。
3093.4s [10月3日（週五） 下午 7:00]   shot 158_decision_outcome_supplier_price_increase.png
3093.4s [10月3日（週五） 下午 7:00]   click "OK"
3103.0s [10月3日（週五） 下午 7:14]   use "Sleep"
3103.6s [10月3日（週五） 下午 7:14]   click [Sleep] Sleep until 7:00 AM
3114.7s [10月4日（週六） 上午 7:14]   use "Packing table"
3115.4s [10月4日（週六） 上午 7:15]   click [Pack] 打包 22 筆訂單（2 小時 56 分）
3116.3s [10月4日（週六） 上午 10:12]   click [CourierEconomy] 快遞 · 經濟 3 天（$146.40）
3126.5s [10月4日（週六） 下午 7:13]   use "Sleep"
3127.1s [10月4日（週六） 下午 7:13]   click [Sleep] Sleep until 7:00 AM
3138.2s [10月5日（週日） 上午 7:14]   use "Packing table"
3138.8s [10月5日（週日） 上午 7:15]   click [Pack] 打包 28 筆訂單（3 小時 44 分）
3139.8s [10月5日（週日） 上午 11:00]   click [CourierEconomy] 快遞 · 經濟 3 天（$175.78）
3141.0s [10月5日（週日） 上午 11:02]   ok  solar desk lamps arrived before listing
3142.6s [10月5日（週日） 上午 11:04]   use "Use laptop — Company OS"
3143.3s [10月5日（週日） 上午 11:05]   click [Tab_sales] Ecommerce
3144.0s [10月5日（週日） 上午 11:06]   click [ListSelf_solar_lamp] Shoot photos myself & list (1 h 20 min)
3145.3s [10月5日（週日） 下午 12:28]   ok  solar desk lamps listed
3145.3s [10月5日（週日） 下午 12:28] STEP Chapter 8 — the Green Business Grant at City Hall
3145.3s [10月5日（週日） 下午 12:28]   (harness) wait 2 h
3153.7s [10月5日（週日） 下午 2:41]   use "Packing table"
3154.5s [10月5日（週日） 下午 2:42]   click [Pack] 打包 16 筆訂單（2 小時 8 分）
3155.5s [10月5日（週日） 下午 4:51]   click [CourierEconomy] 快遞 · 經濟 3 天（$103.50）
3156.7s [10月5日（週日） 下午 4:53]   (harness) wait 2 h
3157.5s [10月5日（週日） 下午 6:54]   use "Packing table"
3158.2s [10月5日（週日） 下午 6:55]   click [Pack] 打包 6 筆訂單（48 分鐘）
3159.1s [10月5日（週日） 下午 7:45]   click [CourierEconomy] 快遞 · 經濟 3 天（$45.52）
3169.2s [10月5日（週日） 下午 8:00]   use "Sleep"
3169.7s [10月5日（週日） 下午 8:00]   click [Sleep] Sleep until 7:00 AM
3180.8s [10月6日（週一） 上午 7:14]   use "Packing table"
3181.5s [10月6日（週一） 上午 7:15]   click [Pack] 打包 8 筆訂單（1 小時 4 分）
3182.4s [10月6日（週一） 上午 8:20]   click [CourierEconomy] 快遞 · 經濟 3 天（$53.06）
3183.6s [10月6日（週一） 上午 8:22]   (harness) wait 2 h
3190.8s [10月6日（週一） 上午 10:33]   use "Packing table"
3191.5s [10月6日（週一） 上午 10:34]   click [Pack] 打包 2 筆訂單（16 分鐘）
3192.4s [10月6日（週一） 上午 10:51]   click [CourierEconomy] 快遞 · 經濟 3 天（$16.92）
3195.9s [10月6日（週一） 上午 10:57]   ok  walked back outside
3209.9s [10月6日（週一） 上午 11:18]   use "捷運——河濱區站"
3211.0s [10月6日（週一） 上午 11:19]   shot 159_metro_civic_center.png
3211.0s [10月6日（週一） 上午 11:19]   click [Go_civic_center] 市政中心  ·  12 分鐘
3212.0s [10月6日（週一） 上午 11:33]   ok  took the Metro to Civic Center
3219.1s [10月6日（週一） 上午 11:43]   ok  entered Aurelia City Hall
3220.9s [10月6日（週一） 上午 11:46]   use "Permits & regulations"
3221.6s [10月6日（週一） 上午 11:47]   shot 160_green_grant.png
3221.6s [10月6日（週一） 上午 11:47]   click [ApplyGreenGrant] Apply
3222.6s [10月6日（週一） 下午 12:18]   ok  green grant approved
3223.7s [10月6日（週一） 下午 12:20]   ok  Chapter 8 complete
3223.7s [10月6日（週一） 下午 12:20] STEP Chapter 9 — the Clearing Crisis: an import stuck on the wire
3223.7s [10月6日（週一） 下午 12:20]   ok  Year 5: the Clearing Crisis
3226.6s [10月6日（週一） 下午 12:25]   ok  walked back outside
3232.2s [10月6日（週一） 下午 12:34]   use "捷運——市政中心站"
3233.2s [10月6日（週一） 下午 12:35]   shot 161_metro_riverside.png
3233.2s [10月6日（週一） 下午 12:35]   click [Go_riverside] 河濱區  ·  12 分鐘
3234.2s [10月6日（週一） 下午 12:48]   ok  took the Metro to Riverside
3241.7s [10月6日（週一） 下午 12:59]   ok  entered Bloom Coffee
3243.4s [10月6日（週一） 下午 1:02]   use "Read the news board"
3244.2s [10月6日（週一） 下午 1:07]   shot 162_news_clearing_crisis.png
3244.5s [10月6日（週一） 下午 1:07]   ok  read the news (clearing_crisis)
3247.5s [10月6日（週一） 下午 1:12]   ok  walked back outside
3250.6s [10月6日（週一） 下午 1:17]   ok  entered Riverside Tower
3252.1s [10月6日（週一） 下午 1:19]   use "Use laptop — Company OS"
3252.8s [10月6日（週一） 下午 1:20]   click [Tab_operations] Operations
3253.5s [10月6日（週一） 下午 1:21]   click [Buy_lumina_direct_phone_stand] 購買 $884.00
3254.3s [10月6日（週一） 下午 1:22]   shot 163_settlement_choice.png
3254.3s [10月6日（週一） 下午 1:22]   click [Settle_international_wire] Pay this way
3255.3s [10月6日（週一） 下午 1:24]   ok  import ordered, paid by wire
3255.3s [10月6日（週一） 下午 1:24] STEP Chapter 9 — Lina Zhao at Nexus Bank
3258.1s [10月6日（週一） 下午 1:28]   ok  walked back outside
3272.1s [10月6日（週一） 下午 1:49]   use "捷運——河濱區站"
3273.2s [10月6日（週一） 下午 1:51]   shot 164_metro_financial.png
3273.2s [10月6日（週一） 下午 1:51]   click [Go_financial] 金融區  ·  10 分鐘
3274.2s [10月6日（週一） 下午 2:02]   ok  took the Metro to Financial District
3281.8s [10月6日（週一） 下午 2:13]   ok  entered Nexus Bank
3289.1s [10月6日（週一） 下午 2:24]   use "和 Lina Zhao 說話"
3290.0s [10月6日（週一） 下午 2:24]   shot 165_lina_intro.png
3295.7s [10月6日（週一） 下午 2:24]   choose "› 幫我開一個數位美元帳戶。"
3297.9s [10月6日（週一） 下午 2:24]   ok  met Lina Zhao
3300.2s [10月6日（週一） 下午 2:28]   ok  walked back outside
3306.4s [10月6日（週一） 下午 2:37]   use "捷運——金融區站"
3307.3s [10月6日（週一） 下午 2:38]   shot 166_metro_riverside.png
3307.3s [10月6日（週一） 下午 2:38]   click [Go_riverside] 河濱區  ·  10 分鐘
3308.4s [10月6日（週一） 下午 2:50]   ok  took the Metro to Riverside
3317.5s [10月6日（週一） 下午 3:03]   ok  entered Riverside Tower
3319.0s [10月6日（週一） 下午 3:05]   use "Use laptop — Company OS"
3319.7s [10月6日（週一） 下午 3:07]   click [Tab_operations] Operations
3320.4s [10月6日（週一） 下午 3:08]   click [SpeedUp_PO-165] Speed up
3321.1s [10月6日（週一） 下午 3:09]   shot 167_settlement_speed_up.png
3321.1s [10月6日（週一） 下午 3:09]   click [Settle_letter_of_credit] Switch
3329.9s [10月6日（週一） 下午 7:11]   use "Sleep"
3330.5s [10月6日（週一） 下午 7:11]   click [Sleep] Sleep until 7:00 AM
3341.6s [10月7日（週二） 上午 7:14]   use "Packing table"
3342.3s [10月7日（週二） 上午 7:15]   click [Pack] 打包 32 筆訂單（4 小時 16 分）
3343.3s [10月7日（週二） 上午 11:32]   click [CourierEconomy] 快遞 · 經濟 3 天（$179.76）
3353.4s [10月7日（週二） 下午 7:13]   use "Sleep"
3354.0s [10月7日（週二） 下午 7:13]   click [Sleep] Sleep until 7:00 AM
3365.1s [10月8日（週三） 上午 7:14]   use "Packing table"
3365.8s [10月8日（週三） 上午 7:15]   click [Pack] 打包 18 筆訂單（2 小時 24 分）
3366.7s [10月8日（週三） 上午 9:40]   click [CourierEconomy] 快遞 · 經濟 3 天（$106.08）
3377.0s [10月8日（週三） 下午 7:13]   use "Sleep"
3377.6s [10月8日（週三） 下午 7:13]   click [Sleep] Sleep until 7:00 AM
3388.7s [10月9日（週四） 上午 7:14]   use "Packing table"
3389.4s [10月9日（週四） 上午 7:15]   click [Pack] 打包 32 筆訂單（4 小時 16 分）
3390.4s [10月9日（週四） 上午 11:32]   click [CourierEconomy] 快遞 · 經濟 3 天（$170.40）
3400.6s [10月9日（週四） 下午 7:13]   use "Sleep"
3401.2s [10月9日（週四） 下午 7:13]   click [Sleep] Sleep until 7:00 AM
3412.3s [10月10日（週五） 上午 7:14]   use "Packing table"
3413.0s [10月10日（週五） 上午 7:15]   click [Pack] 打包 29 筆訂單（3 小時 52 分）
3414.1s [10月10日（週五） 上午 11:08]   click [CourierEconomy] 快遞 · 經濟 3 天（$170.88）
3424.3s [10月10日（週五） 下午 7:13]   use "Sleep"
3424.9s [10月10日（週五） 下午 7:13]   click [Sleep] Sleep until 7:00 AM
3436.0s [10月11日（週六） 上午 7:14]   use "Packing table"
3436.7s [10月11日（週六） 上午 7:15]   click [Pack] 打包 32 筆訂單（4 小時 16 分）
3437.7s [10月11日（週六） 上午 11:32]   click [CourierEconomy] 快遞 · 經濟 3 天（$195.36）
3447.9s [10月11日（週六） 下午 7:13]   use "Sleep"
3448.4s [10月11日（週六） 下午 7:13]   click [Sleep] Sleep until 7:00 AM
3459.7s [10月12日（週日） 上午 7:14]   use "Packing table"
3460.4s [10月12日（週日） 上午 7:15]   click [Pack] 打包 33 筆訂單（4 小時 24 分）
3461.4s [10月12日（週日） 上午 11:40]   click [CourierEconomy] 快遞 · 經濟 3 天（$187.92）
3471.6s [10月12日（週日） 下午 7:13]   use "Sleep"
3472.2s [10月12日（週日） 下午 7:13]   click [Sleep] Sleep until 7:00 AM
3483.4s [10月13日（週一） 上午 7:14]   use "Packing table"
3484.1s [10月13日（週一） 上午 7:15]   click [Pack] 打包 27 筆訂單（3 小時 36 分）
3485.1s [10月13日（週一） 上午 10:52]   click [CourierEconomy] 快遞 · 經濟 3 天（$157.68）
3495.3s [10月13日（週一） 下午 7:13]   use "Sleep"
3495.9s [10月13日（週一） 下午 7:13]   click [Sleep] Sleep until 7:00 AM
3507.1s [10月14日（週二） 上午 7:14]   use "Packing table"
3507.8s [10月14日（週二） 上午 7:15]   click [Pack] 打包 24 筆訂單（3 小時 12 分）
3508.8s [10月14日（週二） 上午 10:28]   click [CourierEconomy] 快遞 · 經濟 3 天（$145.68）
3519.0s [10月14日（週二） 下午 7:13]   use "Sleep"
3519.6s [10月14日（週二） 下午 7:13]   click [Sleep] Sleep until 7:00 AM
3530.7s [10月15日（週三） 上午 7:14]   use "Packing table"
3531.4s [10月15日（週三） 上午 7:15]   click [Pack] 打包 32 筆訂單（4 小時 16 分）
3532.5s [10月15日（週三） 上午 11:32]   click [CourierEconomy] 快遞 · 經濟 3 天（$182.88）
3542.6s [10月15日（週三） 下午 7:13]   use "Sleep"
3543.2s [10月15日（週三） 下午 7:13]   click [Sleep] Sleep until 7:00 AM
3544.0s [10月16日（週四） 上午 3:20]   toast: 新評價 #3861：★★「不太好。感覺很廉價。」
3554.4s [10月16日（週四） 上午 7:14]   use "Packing table"
3555.1s [10月16日（週四） 上午 7:15]   click [Pack] 打包 25 筆訂單（3 小時 20 分）
3556.1s [10月16日（週四） 上午 10:36]   click [CourierEconomy] 快遞 · 經濟 3 天（$153.84）
3566.2s [10月16日（週四） 下午 7:13]   use "Sleep"
3566.8s [10月16日（週四） 下午 7:13]   click [Sleep] Sleep until 7:00 AM
3577.9s [10月17日（週五） 上午 7:14]   use "Packing table"
3578.6s [10月17日（週五） 上午 7:15]   click [Pack] 打包 33 筆訂單（4 小時 24 分）
3579.6s [10月17日（週五） 上午 11:40]   click [CourierEconomy] 快遞 · 經濟 3 天（$187.92）
3589.9s [10月17日（週五） 下午 7:13]   use "Sleep"
3590.5s [10月17日（週五） 下午 7:13]   click [Sleep] Sleep until 7:00 AM
3601.6s [10月18日（週六） 上午 7:14]   use "Packing table"
3602.3s [10月18日（週六） 上午 7:15]   click [Pack] 打包 27 筆訂單（3 小時 36 分）
3603.3s [10月18日（週六） 上午 10:52]   click [CourierEconomy] 快遞 · 經濟 3 天（$148.32）
3613.6s [10月18日（週六） 下午 7:13]   use "Sleep"
3614.2s [10月18日（週六） 下午 7:13]   click [Sleep] Sleep until 7:00 AM
3625.4s [10月19日（週日） 上午 7:14]   use "Packing table"
3626.1s [10月19日（週日） 上午 7:15]   click [Pack] 打包 15 筆訂單（2 h）
3627.0s [10月19日（週日） 上午 9:16]   click [CourierEconomy] 快遞 · 經濟 3 天（$84.72）
3637.3s [10月19日（週日） 下午 7:13]   use "Sleep"
3637.9s [10月19日（週日） 下午 7:13]   click [Sleep] Sleep until 7:00 AM
3649.1s [10月20日（週一） 上午 7:14]   use "Packing table"
3649.8s [10月20日（週一） 上午 7:15]   click [Pack] 打包 7 筆訂單（56 分鐘）
3650.7s [10月20日（週一） 上午 8:12]   click [CourierEconomy] 快遞 · 經濟 3 天（$41.28）
3661.0s [10月20日（週一） 下午 7:13]   use "Sleep"
3661.6s [10月20日（週一） 下午 7:13]   click [Sleep] Sleep until 7:00 AM
3672.8s [10月21日（週二） 上午 7:14]   use "Packing table"
3673.5s [10月21日（週二） 上午 7:15]   click [Pack] 打包 4 筆訂單（32 分鐘）
3674.4s [10月21日（週二） 上午 7:48]   click [CourierEconomy] 快遞 · 經濟 3 天（$26.16）
3675.9s [10月21日（週二） 下午 7:00]   shot 168_decision_supplier_price_increase.png
3675.9s [10月21日（週二） 下午 7:00]   decision supplier_price_increase → accept
3675.9s [10月21日（週二） 下午 7:00]   click [Choice_accept] 好。繼續跟你進貨。
3677.2s [10月21日（週二） 下午 7:00]   shot 169_decision_outcome_supplier_price_increase.png
3677.2s [10月21日（週二） 下午 7:00]   click "OK"
3686.8s [10月21日（週二） 下午 7:13]   use "Sleep"
3687.4s [10月21日（週二） 下午 7:14]   click [Sleep] Sleep until 7:00 AM
3698.5s [10月22日（週三） 上午 7:14]   use "Packing table"
3699.2s [10月22日（週三） 上午 7:15]   click [Pack] 打包 1 筆訂單（8 分鐘）
3700.1s [10月22日（週三） 上午 7:24]   click [CourierEconomy] 快遞 · 經濟 3 天（$14.16）
3710.4s [10月22日（週三） 下午 7:13]   use "Sleep"
3711.0s [10月22日（週三） 下午 7:13]   click [Sleep] Sleep until 7:00 AM
3722.2s [10月23日（週四） 上午 7:14]   use "Packing table"
3722.9s [10月23日（週四） 上午 7:15]   click [Pack] 打包 2 筆訂單（16 分鐘）
3723.8s [10月23日（週四） 上午 7:32]   click [CourierEconomy] 快遞 · 經濟 3 天（$19.20）
3734.2s [10月23日（週四） 下午 7:13]   use "Sleep"
3734.8s [10月23日（週四） 下午 7:13]   click [Sleep] Sleep until 7:00 AM
3737.2s [10月24日（週五） 上午 7:01]   ok  Chapter 9 complete: the import got through
3737.2s [10月24日（週五） 上午 7:01]   ok  ledger balanced after chapters 7–9
3737.2s [10月24日（週五） 上午 7:01] STEP Weekend pop-up: real stock, checkout, automatic return and report
3738.5s [10月24日（週五） 上午 7:03]   use "Reserve a weekend pop-up"
3739.0s [10月24日（週五） 上午 7:03]   shot 170_popup_weekend_reservation.png
3739.9s [10月24日（週五） 上午 7:03]   click [SignPopup] Reserve this weekend
3740.6s [10月24日（週五） 上午 7:03]   ok  real notice reserved weekend
3740.6s [10月24日（週五） 上午 7:03]   ok  fifty available units for pop-up
3741.6s [10月24日（週五） 上午 7:03]   click [PopupStock_phone_stand] Move selected stock
3742.3s [10月24日（週五） 上午 8:03]   ok  fifty units physically transferred
3742.4s [10月24日（週五） 上午 8:03]   shot 171_popup_stock_and_unit_price.png
3743.9s [10月25日（週六） 上午 10:01]   shot 172_popup_open_shop_and_customer.png
3744.4s [10月25日（週六） 上午 10:02]   use "Reserve a weekend pop-up"
3745.8s [10月25日（週六） 上午 10:02]   click [PopupTill] Work checkout for one hour
3746.5s [10月25日（週六） 上午 11:02]   ok  one-hour checkout actual sales
3748.0s [10月26日（週日） 下午 6:00]   shot 173_popup_weekend_report.png
3748.0s [10月26日（週日） 下午 6:00]   ok  weekend settles automatically
3748.0s [10月26日（週日） 下午 6:00]   ok  pop-up all journals balanced
3748.4s [10月26日（週日） 下午 6:00]   ok  played pop-up save
3750.7s [10月26日（週日） 下午 6:03]   ok  walked back outside
3761.5s [10月26日（週日） 下午 6:19]   use "捷運——購物街站"
3762.5s [10月26日（週日） 下午 6:21]   shot 174_metro_riverside.png
3762.5s [10月26日（週日） 下午 6:21]   click [Go_riverside] 河濱區  ·  15 分鐘
3763.5s [10月26日（週日） 下午 6:37]   ok  took the Metro to Riverside
3772.6s [10月26日（週日） 下午 6:50]   ok  entered Riverside Tower
3772.6s [10月26日（週日） 下午 6:50]   ok  pop-up handoff returns to the home bed
3772.6s [10月26日（週日） 下午 6:50] STEP Old Town — lease the corner café from Mr. Okafor
3772.7s [10月26日（週日） 下午 6:50]   (harness) wait 2 h
3774.6s [10月26日（週日） 下午 8:53]   use "Packing table"
3775.3s [10月26日（週日） 下午 8:54]   click [Pack] 打包 1 筆訂單（8 分鐘）
3776.2s [10月26日（週日） 下午 9:04]   click [CourierEconomy] 快遞 · 經濟 3 天（$10.62）
3786.3s [10月26日（週日） 下午 9:19]   use "Sleep"
3786.9s [10月26日（週日） 下午 9:19]   click [Sleep] Sleep until 7:00 AM
3789.6s [10月27日（週一） 上午 7:01]   (harness) wait 2 h
3793.4s [10月27日（週一） 上午 9:07]   ok  walked back outside
3807.4s [10月27日（週一） 上午 9:28]   use "捷運——河濱區站"
3808.6s [10月27日（週一） 上午 9:29]   shot 175_metro_old_town.png
3808.6s [10月27日（週一） 上午 9:29]   click [Go_old_town] 舊城區  ·  16 分鐘
3809.7s [10月27日（週一） 上午 9:47]   ok  took the Metro to Old Town
3809.8s [10月27日（週一） 上午 9:47]   shot 176_old_town.png
3820.7s [10月27日（週一） 上午 10:03]   ok  entered Okafor Lettings
3821.2s [10月27日（週一） 上午 10:04]   use "和 Okafor 先生 說話"
3824.2s [10月27日（週一） 上午 10:04]   choose "› 這裡以前是什麼店？"
3829.2s [10月27日（週一） 上午 10:05]   shot 177_cafe_lease.png
3829.2s [10月27日（週一） 上午 10:05]   click [SignLease_corner_cafe] Sign the lease
3830.1s [10月27日（週一） 上午 10:06]   ok  leased the corner café unit
3831.9s [10月27日（週一） 上午 10:10]   ok  walked back outside
3832.0s [10月27日（週一） 上午 10:10]   shot 178_old_town_storefronts.png
3837.0s [10月27日（週一） 上午 10:17]   ok  entered Corner Café Unit
3837.8s [10月27日（週一） 上午 10:18]   use "Check the till — Company OS"
3838.4s [10月27日（週一） 上午 10:19]   click [CafeFitOut] 裝修（$5,800）
3838.9s [10月27日（週一） 上午 10:20]   click [CafeSupplies_large] 400 杯份 · $329.60
3839.4s [10月27日（週一） 上午 10:21]   shot 179_cafe_setup.png
3839.7s [10月27日（週一） 上午 10:21]   ok  fit-out under way
3839.7s [10月27日（週一） 上午 10:21]   ok  coffee supplies ordered
3839.7s [10月27日（週一） 上午 10:21] STEP Old Town — the food licence at City Hall (walking via Shopping Street)
3841.7s [10月27日（週一） 上午 10:25]   ok  walked back outside
3849.5s [10月27日（週一） 上午 10:42]   ok  walked to Shopping Street
3863.1s [10月27日（週一） 上午 11:10]   ok  walked to Civic Center
3867.3s [10月27日（週一） 上午 11:16]   ok  entered Aurelia City Hall
3869.1s [10月27日（週一） 上午 11:19]   use "Permits & regulations"
3869.7s [10月27日（週一） 上午 11:20]   click [ApplyFoodLicence] Apply
3870.3s [10月27日（週一） 上午 11:40]   shot 180_food_licence.png
3870.7s [10月27日（週一） 上午 11:41]   ok  food licence applied for
3873.7s [10月27日（週一） 上午 11:46]   ok  walked back outside
3879.3s [10月27日（週一） 上午 11:55]   use "捷運——市政中心站"
3880.2s [10月27日（週一） 上午 11:56]   shot 181_metro_riverside.png
3880.3s [10月27日（週一） 上午 11:56]   click [Go_riverside] 河濱區  ·  12 分鐘
3881.3s [10月27日（週一） 下午 12:09]   ok  took the Metro to Riverside
3890.4s [10月27日（週一） 下午 12:23]   ok  entered Riverside Tower
3890.4s [10月27日（週一） 下午 12:23]   (harness) wait 2 h
3891.1s [10月27日（週一） 下午 2:24]   (harness) wait 2 h
3891.8s [10月27日（週一） 下午 4:25]   (harness) wait 2 h
3892.5s [10月27日（週一） 下午 6:26]   (harness) wait 2 h
3895.1s [10月27日（週一） 下午 8:30]   use "Sleep"
3895.7s [10月27日（週一） 下午 8:30]   click [Sleep] Sleep until 7:00 AM
3898.0s [10月28日（週二） 上午 7:01]   (harness) wait 2 h
3898.7s [10月28日（週二） 上午 9:02]   (harness) wait 2 h
3899.4s [10月28日（週二） 上午 11:03]   (harness) wait 2 h
3900.1s [10月28日（週二） 下午 1:04]   (harness) wait 2 h
3900.8s [10月28日（週二） 下午 3:05]   (harness) wait 2 h
3901.5s [10月28日（週二） 下午 5:06]   (harness) wait 2 h
3902.4s [10月28日（週二） 下午 7:07]   use "Sleep"
3903.0s [10月28日（週二） 下午 7:07]   click [Sleep] Sleep until 7:00 AM
3905.3s [10月29日（週三） 上午 7:01]   (harness) wait 2 h
3906.0s [10月29日（週三） 上午 9:02]   (harness) wait 2 h
3906.7s [10月29日（週三） 上午 11:03]   (harness) wait 2 h
3907.4s [10月29日（週三） 下午 1:04]   ok  fitted out and licensed
3907.4s [10月29日（週三） 下午 1:04] STEP Old Town — opening day behind your own counter
3910.5s [10月29日（週三） 下午 1:09]   ok  walked back outside
3924.5s [10月29日（週三） 下午 1:30]   use "捷運——河濱區站"
3925.7s [10月29日（週三） 下午 1:31]   shot 182_metro_old_town.png
3925.7s [10月29日（週三） 下午 1:31]   click [Go_old_town] 舊城區  ·  16 分鐘
3926.7s [10月29日（週三） 下午 1:49]   ok  took the Metro to Old Town
3934.2s [10月29日（週三） 下午 2:00]   ok  entered Corner Café Unit
3934.3s [10月29日（週三） 下午 2:00]   shot 183_cafe_open.png
3935.3s [10月29日（週三） 下午 2:01]   use "Work the counter (2 h)"
3936.3s [10月29日（週三） 下午 4:03]   ok  served customers at your own café
3936.8s [10月29日（週三） 下午 4:04]   use "Check the till — Company OS"
3937.5s [10月29日（週三） 下午 4:04]   shot 184_cafe_tab.png
3937.8s [10月29日（週三） 下午 4:05]   ok  ledger balanced after opening the café
3940.1s [10月29日（週三） 下午 4:09]   ok  walked back outside
3952.3s [10月29日（週三） 下午 4:27]   use "捷運——舊城區站"
3953.2s [10月29日（週三） 下午 4:29]   shot 185_metro_riverside.png
3953.2s [10月29日（週三） 下午 4:29]   click [Go_riverside] 河濱區  ·  16 分鐘
3954.2s [10月29日（週三） 下午 4:46]   ok  took the Metro to Riverside
3963.4s [10月29日（週三） 下午 4:59]   ok  entered Riverside Tower
3963.4s [10月29日（週三） 下午 4:59] STEP Harbor — metro to the docks, a used van from Sam, and Pier 7
3963.4s [10月29日（週三） 下午 4:59]   ok  actual financing covers the van, bay and working capital
3963.5s [10月29日（週三） 下午 5:00]   (harness) wait 2 h
3966.1s [10月29日（週三） 下午 7:04]   use "Sleep"
3966.7s [10月29日（週三） 下午 7:04]   click [Sleep] Sleep until 7:00 AM
3969.0s [10月30日（週四） 上午 7:01]   (harness) wait 2 h
3972.8s [10月30日（週四） 上午 9:07]   ok  walked back outside
3986.8s [10月30日（週四） 上午 9:28]   use "捷運——河濱區站"
3988.0s [10月30日（週四） 上午 9:29]   shot 186_metro_harbor.png
3988.0s [10月30日（週四） 上午 9:29]   click [Go_harbor] 港區  ·  8 分鐘
3989.5s [10月30日（週四） 上午 9:39]   ok  took the Metro to Harbor
3989.5s [10月30日（週四） 上午 9:39]   shot 187_harbor.png
3996.5s [10月30日（週四） 上午 9:49]   shot 188_harbor_street.png
3999.1s [10月30日（週四） 上午 9:53]   ok  entered Dockside Motors
4007.1s [10月30日（週四） 上午 10:05]   use "和 Sam Okoro 說話"
4010.0s [10月30日（週四） 上午 10:05]   choose "› 你這裡有什麼？"
4015.2s [10月30日（週四） 上午 10:06]   shot 189_van_dealer.png
4015.2s [10月30日（週四） 上午 10:06]   click [BuyVan] 買下這台貨車（$9,800）
4015.8s [10月30日（週四） 上午 10:07]   shot 190_van_bought.png
4016.2s [10月30日（週四） 上午 10:07]   ok  bought the van from Sam
4016.2s [10月30日（週四） 上午 10:07]   ok  the van is a vehicle expense
4018.6s [10月30日（週四） 上午 10:12]   ok  walked back outside
4024.2s [10月30日（週四） 上午 10:20]   ok  entered Pier 7 Warehouse
4027.8s [10月30日（週四） 上午 10:25]   use "Lettings desk: lease Bay 3"
4028.5s [10月30日（週四） 上午 10:26]   shot 191_pier7_lease.png
4028.5s [10月30日（週四） 上午 10:26]   click [SignLease_pier7_warehouse] Sign the lease
4029.4s [10月30日（週四） 上午 10:28]   ok  leased the Pier 7 bay
4029.4s [10月30日（週四） 上午 10:28]   ok  Pier 7 is a stock location
4029.9s [10月30日（週四） 上午 10:28]   shot 192_pier7_warehouse.png
4034.1s [10月30日（週四） 上午 10:36]   ok  walked back outside
4042.7s [10月30日（週四） 上午 10:48]   use "捷運——港區站"
4043.7s [10月30日（週四） 上午 10:50]   shot 193_metro_riverside.png
4043.7s [10月30日（週四） 上午 10:50]   click [Go_riverside] 河濱區  ·  8 分鐘
4044.7s [10月30日（週四） 上午 10:59]   ok  took the Metro to Riverside
4053.8s [10月30日（週四） 上午 11:13]   ok  entered Riverside Tower
4053.8s [10月30日（週四） 上午 11:13] STEP Harbor — the morning's delivery runs
4053.9s [10月30日（週四） 上午 11:13]   (harness) wait 2 h
4054.7s [10月30日（週四） 下午 1:13]   (harness) wait 2 h
4055.4s [10月30日（週四） 下午 3:14]   (harness) wait 2 h
4055.4s [10月30日（週四） 下午 5:00]   toast: Riverlight Goods 咖啡 今天沒開門：吧台沒人顧。去僱一位咖啡師（人員分頁），或自己站吧台。
4056.0s [10月30日（週四） 下午 5:16]   (harness) wait 2 h
4058.6s [10月30日（週四） 下午 7:19]   use "Sleep"
4059.2s [10月30日（週四） 下午 7:19]   click [Sleep] Sleep until 7:00 AM
4061.4s [10月31日（週五） 上午 7:01]   (harness) wait 2 h
4062.1s [10月31日（週五） 上午 9:02]   ok  runs were posted in the morning
4065.2s [10月31日（週五） 上午 9:07]   ok  walked back outside
4079.2s [10月31日（週五） 上午 9:28]   use "捷運——河濱區站"
4080.4s [10月31日（週五） 上午 9:29]   shot 194_metro_harbor.png
4080.4s [10月31日（週五） 上午 9:29]   click [Go_harbor] 港區  ·  8 分鐘
4081.4s [10月31日（週五） 上午 9:39]   ok  took the Metro to Harbor
4091.4s [10月31日（週五） 上午 9:53]   ok  entered Pier 7 Warehouse
4094.3s [10月31日（週五） 上午 9:58]   use "Sit at the yard office desk — Company OS"
4094.9s [10月31日（週五） 上午 9:59]   click [Tab_logistics] Logistics
4095.8s [10月31日（週五） 上午 10:00]   shot 195_logistics_tab.png
4096.4s [10月31日（週五） 上午 10:01]   shot 196_logistics_badge_pinned.png
4096.4s [10月31日（週五） 上午 10:01]   click [Tab_logistics] Logistics
4096.8s [10月31日（週五） 上午 10:02]   ok  delivery runs on the board
4096.8s [10月31日（週五） 上午 10:02]   click [Accept_R1] Accept
4097.4s [10月31日（週五） 上午 10:02]   ok  accepted run R1
4097.4s [10月31日（週五） 上午 10:02]   shot 197_logistics_accepted.png
4097.4s [10月31日（週五） 上午 10:02]   click [Drive_R1] Drive it
4098.1s [10月31日（週五） 上午 10:03]   shot 198_route_game_intro.png
4098.1s [10月31日（週五） 上午 10:03]   click [StartGame] Start
4098.6s [10月31日（週五） 上午 10:03]   click [Stop_1] 
4098.7s [10月31日（週五） 上午 10:03]   click [Stop_5] 
4099.0s [10月31日（週五） 上午 10:03]   shot 199_route_game_planning.png
4099.0s [10月31日（週五） 上午 10:03]   click [Stop_3] 
4099.0s [10月31日（週五） 上午 10:03]   click [Stop_2] 
4099.1s [10月31日（週五） 上午 10:03]   click [Stop_4] 
4099.7s [10月31日（週五） 上午 10:03]   shot 200_route_game_planned.png
4099.7s [10月31日（週五） 上午 10:03]   click [DriveRoute] Drive the route
4100.4s [10月31日（週五） 上午 10:03]   shot 201_route_game_results.png
4100.4s [10月31日（週五） 上午 10:03]   click [FinishGame] Continue
4101.2s [10月31日（週五） 下午 12:49]   ok  the run is done and in the history
4101.3s [10月31日（週五） 下午 12:49]   ok  the pay was banked as revenue ($152.90 for run R1)
4101.3s [10月31日（週五） 下午 12:49]   ok  fuel was charged
4101.3s [10月31日（週五） 下午 12:49]   ok  the best route scored 100%
4101.7s [10月31日（週五） 下午 12:49]   shot 202_logistics_tab_paid.png
4102.0s [10月31日（週五） 下午 12:50]   ok  ledger balanced after the first delivery run
4106.1s [10月31日（週五） 下午 12:57]   ok  walked back outside
4114.9s [10月31日（週五） 下午 1:10]   use "捷運——港區站"
4115.9s [10月31日（週五） 下午 1:11]   shot 203_metro_riverside.png
4115.9s [10月31日（週五） 下午 1:11]   click [Go_riverside] 河濱區  ·  8 分鐘
4116.9s [10月31日（週五） 下午 1:20]   ok  took the Metro to Riverside
4126.0s [10月31日（週五） 下午 1:34]   ok  entered Riverside Tower
4126.1s [10月31日（週五） 下午 1:34]   ok  Chapter 10 started after Chapter 9
4126.1s [10月31日（週五） 下午 1:34]   ok  Year 6: the Digital Finance Boom
4126.1s [10月31日（週五） 下午 1:34] STEP Chapter 10 — the news, and Lina's escrow offer
4127.4s [10月31日（週五） 下午 1:37]   ok  walked back outside
4130.8s [10月31日（週五） 下午 1:41]   ok  entered Bloom Coffee
4132.5s [10月31日（週五） 下午 1:44]   use "Read the news board"
4133.2s [10月31日（週五） 下午 1:49]   shot 204_news_digital_rails.png
4133.6s [10月31日（週五） 下午 1:49]   ok  read the news (digital_rails)
4136.6s [10月31日（週五） 下午 1:54]   ok  walked back outside
4139.7s [10月31日（週五） 下午 1:59]   ok  entered Riverside Tower
4141.1s [10月31日（週五） 下午 2:01]   ok  walked back outside
4155.1s [10月31日（週五） 下午 2:22]   use "捷運——河濱區站"
4156.0s [10月31日（週五） 下午 2:23]   shot 205_metro_financial.png
4156.0s [10月31日（週五） 下午 2:23]   click [Go_financial] 金融區  ·  10 分鐘
4157.0s [10月31日（週五） 下午 2:35]   ok  took the Metro to Financial District
4164.7s [10月31日（週五） 下午 2:46]   ok  entered Nexus Bank
4172.0s [10月31日（週五） 下午 2:57]   use "和 Lina Zhao 說話"
4172.8s [10月31日（週五） 下午 2:57]   shot 206_lina_rails.png
4178.6s [10月31日（週五） 下午 2:57]   choose "› 有什麼但書？"
4184.6s [10月31日（週五） 下午 2:59]   ok  the '!' badge for escrow pins its card
4184.6s [10月31日（週五） 下午 2:59]   shot 207_badge_escrow_pinned.png
4184.8s [10月31日（週五） 下午 2:59]   shot 208_decision_escrow_offer.png
4184.8s [10月31日（週五） 下午 2:59]   decision escrow_offer → try
4184.8s [10月31日（週五） 下午 2:59]   click [Choice_try] 開立託管帳戶
4186.2s [10月31日（週五） 下午 2:59]   shot 209_decision_outcome_escrow_offer.png
4186.2s [10月31日（週五） 下午 2:59]   click "OK"
4186.7s [10月31日（週五） 下午 2:59]   ok  opened an escrow account
4186.7s [10月31日（週五） 下午 2:59] STEP Chapter 10 — an import paid through escrow
4189.1s [10月31日（週五） 下午 3:03]   ok  walked back outside
4195.2s [10月31日（週五） 下午 3:13]   use "捷運——金融區站"
4196.2s [10月31日（週五） 下午 3:14]   shot 210_metro_riverside.png
4196.2s [10月31日（週五） 下午 3:14]   click [Go_riverside] 河濱區  ·  10 分鐘
4197.2s [10月31日（週五） 下午 3:25]   ok  took the Metro to Riverside
4206.3s [10月31日（週五） 下午 3:39]   ok  entered Riverside Tower
4207.8s [10月31日（週五） 下午 3:41]   use "Use laptop — Company OS"
4208.5s [10月31日（週五） 下午 3:42]   click [Tab_operations] Operations
4209.2s [10月31日（週五） 下午 3:43]   click [Buy_lumina_direct_phone_stand] 購買 $864.00
4210.0s [10月31日（週五） 下午 3:44]   shot 211_settlement_escrow.png
4210.0s [10月31日（週五） 下午 3:44]   click [Settle_escrow] Pay this way
4210.7s [10月31日（週五） 下午 5:00]   toast: Riverlight Goods 咖啡 今天沒開門：吧台沒人顧。去僱一位咖啡師（人員分頁），或自己站吧台。
4210.8s [10月31日（週五） 下午 5:55]   click [Tab_finance] Finance
4211.1s [10月31日（週五） 下午 5:56]   click [Tab_operations] Operations
4216.3s [10月31日（週五） 下午 6:04]   shot 212_operations_escrow_order.png
4216.7s [10月31日（週五） 下午 6:04]   ok  import ordered through escrow
4216.9s [10月31日（週五） 下午 6:05]   use "Use laptop — Company OS"
4217.6s [10月31日（週五） 下午 6:06]   click [Tab_finance] Finance
4218.5s [10月31日（週五） 下午 6:07]   shot 213_finance_held_in_escrow.png
4226.6s [10月31日（週五） 下午 7:12]   use "Sleep"
4227.2s [10月31日（週五） 下午 7:12]   click [Sleep] Sleep until 7:00 AM
4231.0s [11月1日（週六） 上午 7:00]   shot 214_month_close_report.png
4231.0s [11月1日（週六） 上午 7:00]   click [month close] Continue
4231.7s [11月1日（週六） 下午 5:00]   toast: Riverlight Goods 咖啡 今天沒開門：吧台沒人顧。去僱一位咖啡師（人員分頁），或自己站吧台。
4231.9s [11月1日（週六） 下午 7:01]   use "Sleep"
4232.5s [11月1日（週六） 下午 7:01]   click [Sleep] Sleep until 7:00 AM
4235.0s [11月2日（週日） 下午 7:00]   use "Sleep"
4235.6s [11月2日（週日） 下午 7:00]   click [Sleep] Sleep until 7:00 AM
4237.8s [11月3日（週一） 下午 5:00]   toast: Riverlight Goods 咖啡 今天沒開門：吧台沒人顧。去僱一位咖啡師（人員分頁），或自己站吧台。
4238.1s [11月3日（週一） 下午 7:00]   use "Sleep"
4238.7s [11月3日（週一） 下午 7:00]   click [Sleep] Sleep until 7:00 AM
4240.9s [11月4日（週二） 下午 5:00]   toast: Riverlight Goods 咖啡 今天沒開門：吧台沒人顧。去僱一位咖啡師（人員分頁），或自己站吧台。
4241.2s [11月4日（週二） 下午 7:00]   use "Sleep"
4241.8s [11月4日（週二） 下午 7:00]   click [Sleep] Sleep until 7:00 AM
4244.0s [11月5日（週三） 下午 5:00]   toast: Riverlight Goods 咖啡 今天沒開門：吧台沒人顧。去僱一位咖啡師（人員分頁），或自己站吧台。
4250.7s [11月5日（週三） 下午 7:10]   use "Sleep"
4251.3s [11月5日（週三） 下午 7:10]   click [Sleep] Sleep until 7:00 AM
4253.5s [11月6日（週四） 下午 5:00]   toast: Riverlight Goods 咖啡 今天沒開門：吧台沒人顧。去僱一位咖啡師（人員分頁），或自己站吧台。
4253.8s [11月6日（週四） 下午 7:00]   use "Sleep"
4254.4s [11月6日（週四） 下午 7:00]   click [Sleep] Sleep until 7:00 AM
4256.7s [11月7日（週五） 下午 5:00]   toast: Riverlight Goods 咖啡 今天沒開門：吧台沒人顧。去僱一位咖啡師（人員分頁），或自己站吧台。
4256.9s [11月7日（週五） 下午 7:00]   use "Sleep"
4257.5s [11月7日（週五） 下午 7:00]   click [Sleep] Sleep until 7:00 AM
4259.8s [11月8日（週六） 下午 5:00]   toast: Riverlight Goods 咖啡 今天沒開門：吧台沒人顧。去僱一位咖啡師（人員分頁），或自己站吧台。
4260.1s [11月8日（週六） 下午 7:00]   use "Sleep"
4260.7s [11月8日（週六） 下午 7:00]   click [Sleep] Sleep until 7:00 AM
4263.2s [11月9日（週日） 下午 7:00]   use "Sleep"
4263.8s [11月9日（週日） 下午 7:00]   click [Sleep] Sleep until 7:00 AM
4266.1s [11月10日（週一） 下午 5:00]   toast: Riverlight Goods 咖啡 今天沒開門：吧台沒人顧。去僱一位咖啡師（人員分頁），或自己站吧台。
4273.0s [11月10日（週一） 下午 7:10]   use "Sleep"
4273.6s [11月10日（週一） 下午 7:10]   click [Sleep] Sleep until 7:00 AM
4275.9s [11月11日（週二） 下午 5:00]   toast: Riverlight Goods 咖啡 今天沒開門：吧台沒人顧。去僱一位咖啡師（人員分頁），或自己站吧台。
4276.1s [11月11日（週二） 下午 7:00]   shot 215_decision_supplier_price_increase.png
4276.1s [11月11日（週二） 下午 7:00]   decision supplier_price_increase → accept
4276.1s [11月11日（週二） 下午 7:00]   click [Choice_accept] 好。繼續跟你進貨。
4277.5s [11月11日（週二） 下午 7:00]   shot 216_decision_outcome_supplier_price_increase.png
4277.5s [11月11日（週二） 下午 7:00]   click "OK"
4278.2s [11月11日（週二） 下午 7:00]   use "Sleep"
4278.8s [11月11日（週二） 下午 7:00]   click [Sleep] Sleep until 7:00 AM
4281.1s [11月12日（週三） 下午 5:00]   toast: Riverlight Goods 咖啡 今天沒開門：吧台沒人顧。去僱一位咖啡師（人員分頁），或自己站吧台。
4281.4s [11月12日（週三） 下午 7:00]   use "Sleep"
4282.0s [11月12日（週三） 下午 7:00]   click [Sleep] Sleep until 7:00 AM
4284.3s [11月13日（週四） 上午 7:01]   ok  escrow released to the supplier on arrival
4284.3s [11月13日（週四） 上午 7:01]   ok  Chapter 10 complete
4284.3s [11月13日（週四） 上午 7:01] STEP Chapter 11 — the bridge exploit
4284.3s [11月13日（週四） 上午 7:01]   ok  Year 7: the Bridge Exploit
4287.6s [11月13日（週四） 上午 7:06]   ok  walked back outside
4290.9s [11月13日（週四） 上午 7:11]   ok  entered Bloom Coffee
4292.6s [11月13日（週四） 上午 7:14]   use "Read the news board"
4293.4s [11月13日（週四） 上午 7:19]   shot 217_news_bridge_before.png
4293.7s [11月13日（週四） 上午 7:19]   ok  read the news (bridge_before)
4296.7s [11月13日（週四） 上午 7:24]   ok  walked back outside
4299.9s [11月13日（週四） 上午 7:29]   ok  entered Riverside Tower
4301.3s [11月13日（週四） 上午 7:31]   use "Use laptop — Company OS"
4302.0s [11月13日（週四） 上午 7:32]   click [Tab_operations] Operations
4302.7s [11月13日（週四） 上午 7:33]   click [Buy_lumina_direct_phone_stand] 購買 $856.00
4303.5s [11月13日（週四） 上午 7:34]   shot 218_settlement_before_exploit.png
4303.5s [11月13日（週四） 上午 7:34]   click [Settle_escrow] Pay this way
4304.6s [11月13日（週四） 上午 7:36]   ok  restock ordered through escrow (cash $54,123)
4316.6s [11月13日（週四） 上午 7:54]   toast: 快訊：數位美元跨鏈橋遭駭。轉帳凍結，預計 11月19日 上午 7:54 前後恢復。
4318.6s [11月13日（週四） 上午 7:56]   ok  the bridge is frozen with our payment crossing it
4319.2s [11月13日（週四） 上午 7:56]   ok  the '!' badge for frozen_funds pins its card
4319.3s [11月13日（週四） 上午 7:56]   shot 219_badge_frozen_pinned.png
4319.5s [11月13日（週四） 上午 7:56]   shot 220_decision_rail_frozen.png
4319.5s [11月13日（週四） 上午 7:56]   decision rail_frozen → reroute
4319.5s [11月13日（週四） 上午 7:56]   click [Choice_reroute] 改用電匯重新付款（$890）
4320.9s [11月13日（週四） 上午 7:56]   shot 221_decision_outcome_rail_frozen.png
4320.9s [11月13日（週四） 上午 7:56]   click "OK"
4321.4s [11月13日（週四） 上午 7:56]   ok  paid again by wire
4321.6s [11月13日（週四） 上午 7:57]   use "Use laptop — Company OS"
4322.3s [11月13日（週四） 上午 7:58]   click [Tab_finance] Finance
4323.2s [11月13日（週四） 上午 7:59]   shot 222_finance_frozen_funds.png
4323.2s [11月13日（週四） 上午 7:59]   click [Tab_operations] Operations
4328.7s [11月13日（週四） 上午 8:07]   shot 223_operations_frozen_order.png
4331.9s [11月13日（週四） 上午 8:12]   ok  walked back outside
4335.2s [11月13日（週四） 上午 8:17]   ok  entered Bloom Coffee
4337.0s [11月13日（週四） 上午 8:20]   use "Read the news board"
4337.7s [11月13日（週四） 上午 8:25]   shot 224_news_bridge_frozen.png
4338.1s [11月13日（週四） 上午 8:25]   ok  read the news (bridge_frozen)
4341.0s [11月13日（週四） 上午 8:30]   ok  walked back outside
4344.2s [11月13日（週四） 上午 8:35]   ok  entered Riverside Tower
4344.3s [11月13日（週四） 下午 5:00]   toast: Riverlight Goods 咖啡 今天沒開門：吧台沒人顧。去僱一位咖啡師（人員分頁），或自己站吧台。
4346.2s [11月13日（週四） 下午 7:03]   use "Sleep"
4346.8s [11月13日（週四） 下午 7:03]   click [Sleep] Sleep until 7:00 AM
4349.0s [11月14日（週五） 下午 5:00]   toast: Riverlight Goods 咖啡 今天沒開門：吧台沒人顧。去僱一位咖啡師（人員分頁），或自己站吧台。
4349.2s [11月14日（週五） 下午 7:00]   shot 225_decision_low_cash_warning.png
4349.2s [11月14日（週五） 下午 7:00]   decision low_cash_warning → reduce
4349.2s [11月14日（週五） 下午 7:00]   click [Choice_reduce] 縮減開支（暫停廣告、生活從簡）
4350.6s [11月14日（週五） 下午 7:00]   shot 226_decision_outcome_low_cash_warning.png
4350.6s [11月14日（週五） 下午 7:00]   click "OK"
4351.3s [11月14日（週五） 下午 7:00]   use "Sleep"
4351.9s [11月14日（週五） 下午 7:00]   click [Sleep] Sleep until 7:00 AM
4354.1s [11月15日（週六） 下午 5:00]   toast: Riverlight Goods 咖啡 今天沒開門：吧台沒人顧。去僱一位咖啡師（人員分頁），或自己站吧台。
4354.8s [11月15日（週六） 下午 7:00]   use "Sleep"
4355.4s [11月15日（週六） 下午 7:00]   click [Sleep] Sleep until 7:00 AM
4357.8s [11月16日（週日） 下午 7:00]   use "Sleep"
4358.4s [11月16日（週日） 下午 7:00]   click [Sleep] Sleep until 7:00 AM
4360.7s [11月17日（週一） 下午 5:00]   toast: Riverlight Goods 咖啡 今天沒開門：吧台沒人顧。去僱一位咖啡師（人員分頁），或自己站吧台。
4360.9s [11月17日（週一） 下午 7:00]   shot 227_decision_low_cash_warning.png
4360.9s [11月17日（週一） 下午 7:00]   decision low_cash_warning → reduce
4360.9s [11月17日（週一） 下午 7:00]   click [Choice_reduce] 縮減開支（暫停廣告、生活從簡）
4362.3s [11月17日（週一） 下午 7:00]   shot 228_decision_outcome_low_cash_warning.png
4362.3s [11月17日（週一） 下午 7:00]   click "OK"
4363.0s [11月17日（週一） 下午 7:00]   use "Sleep"
4363.6s [11月17日（週一） 下午 7:00]   click [Sleep] Sleep until 7:00 AM
4365.9s [11月18日（週二） 下午 5:00]   toast: Riverlight Goods 咖啡 今天沒開門：吧台沒人顧。去僱一位咖啡師（人員分頁），或自己站吧台。
4366.1s [11月18日（週二） 下午 7:00]   use "Sleep"
4366.7s [11月18日（週二） 下午 7:00]   click [Sleep] Sleep until 7:00 AM
4369.0s [11月19日（週三） 下午 5:00]   toast: Riverlight Goods 咖啡 今天沒開門：吧台沒人顧。去僱一位咖啡師（人員分頁），或自己站吧台。
4369.3s [11月19日（週三） 下午 7:00]   use "Sleep"
4369.9s [11月19日（週三） 下午 7:00]   click [Sleep] Sleep until 7:00 AM
4372.2s [11月20日（週四） 下午 5:00]   toast: Riverlight Goods 咖啡 今天沒開門：吧台沒人顧。去僱一位咖啡師（人員分頁），或自己站吧台。
4372.3s [11月20日（週四） 下午 7:00]   shot 229_decision_low_cash_warning.png
4372.3s [11月20日（週四） 下午 7:00]   decision low_cash_warning → reduce
4372.3s [11月20日（週四） 下午 7:00]   click [Choice_reduce] 縮減開支（暫停廣告、生活從簡）
4373.7s [11月20日（週四） 下午 7:00]   shot 230_decision_outcome_low_cash_warning.png
4373.7s [11月20日（週四） 下午 7:00]   click "OK"
4374.4s [11月20日（週四） 下午 7:00]   use "Sleep"
4375.0s [11月20日（週四） 下午 7:00]   click [Sleep] Sleep until 7:00 AM
4377.3s [11月21日（週五） 下午 5:00]   toast: Riverlight Goods 咖啡 今天沒開門：吧台沒人顧。去僱一位咖啡師（人員分頁），或自己站吧台。
4377.5s [11月21日（週五） 下午 7:00]   use "Sleep"
4378.1s [11月21日（週五） 下午 7:00]   click [Sleep] Sleep until 7:00 AM
4380.4s [11月22日（週六） 下午 5:00]   toast: Riverlight Goods 咖啡 今天沒開門：吧台沒人顧。去僱一位咖啡師（人員分頁），或自己站吧台。
4380.7s [11月22日（週六） 下午 7:00]   use "Sleep"
4381.3s [11月22日（週六） 下午 7:00]   click [Sleep] Sleep until 7:00 AM
4383.7s [11月23日（週日） 下午 7:00]   shot 231_decision_low_cash_warning.png
4383.7s [11月23日（週日） 下午 7:00]   decision low_cash_warning → reduce
4383.7s [11月23日（週日） 下午 7:00]   click [Choice_reduce] 縮減開支（暫停廣告、生活從簡）
4385.1s [11月23日（週日） 下午 7:00]   shot 232_decision_outcome_low_cash_warning.png
4385.1s [11月23日（週日） 下午 7:00]   click "OK"
4385.8s [11月23日（週日） 下午 7:00]   use "Sleep"
4386.4s [11月23日（週日） 下午 7:00]   click [Sleep] Sleep until 7:00 AM
4388.7s [11月24日（週一） 下午 5:00]   toast: Riverlight Goods 咖啡 今天沒開門：吧台沒人顧。去僱一位咖啡師（人員分頁），或自己站吧台。
4388.9s [11月24日（週一） 下午 7:00]   use "Sleep"
4389.5s [11月24日（週一） 下午 7:00]   click [Sleep] Sleep until 7:00 AM
4391.8s [11月25日（週二） 下午 5:00]   toast: Riverlight Goods 咖啡 今天沒開門：吧台沒人顧。去僱一位咖啡師（人員分頁），或自己站吧台。
4392.1s [11月25日（週二） 下午 7:00]   use "Sleep"
4392.7s [11月25日（週二） 下午 7:00]   click [Sleep] Sleep until 7:00 AM
4395.0s [11月26日（週三） 下午 5:00]   toast: Riverlight Goods 咖啡 今天沒開門：吧台沒人顧。去僱一位咖啡師（人員分頁），或自己站吧台。
4395.2s [11月26日（週三） 下午 7:00]   shot 233_decision_low_cash_warning.png
4395.2s [11月26日（週三） 下午 7:00]   decision low_cash_warning → reduce
4395.2s [11月26日（週三） 下午 7:00]   click [Choice_reduce] 縮減開支（暫停廣告、生活從簡）
4396.5s [11月26日（週三） 下午 7:00]   shot 234_decision_outcome_low_cash_warning.png
4396.6s [11月26日（週三） 下午 7:00]   click "OK"
4397.2s [11月26日（週三） 下午 7:00]   use "Sleep"
4397.8s [11月26日（週三） 下午 7:00]   click [Sleep] Sleep until 7:00 AM
4400.2s [11月27日（週四） 下午 5:00]   toast: Riverlight Goods 咖啡 今天沒開門：吧台沒人顧。去僱一位咖啡師（人員分頁），或自己站吧台。
4400.4s [11月27日（週四） 下午 7:00]   use "Sleep"
4401.0s [11月27日（週四） 下午 7:00]   click [Sleep] Sleep until 7:00 AM
4403.3s [11月28日（週五） 下午 5:00]   toast: Riverlight Goods 咖啡 今天沒開門：吧台沒人顧。去僱一位咖啡師（人員分頁），或自己站吧台。
4403.6s [11月28日（週五） 下午 7:00]   use "Sleep"
4404.2s [11月28日（週五） 下午 7:00]   click [Sleep] Sleep until 7:00 AM
4406.5s [11月29日（週六） 下午 5:00]   toast: Riverlight Goods 咖啡 今天沒開門：吧台沒人顧。去僱一位咖啡師（人員分頁），或自己站吧台。
4406.7s [11月29日（週六） 下午 7:00]   shot 235_decision_low_cash_warning.png
4406.7s [11月29日（週六） 下午 7:00]   decision low_cash_warning → reduce
4406.7s [11月29日（週六） 下午 7:00]   click [Choice_reduce] 縮減開支（暫停廣告、生活從簡）
4408.1s [11月29日（週六） 下午 7:00]   shot 236_decision_outcome_low_cash_warning.png
4408.1s [11月29日（週六） 下午 7:00]   click "OK"
4408.8s [11月29日（週六） 下午 7:00]   use "Sleep"
4409.4s [11月29日（週六） 下午 7:00]   click [Sleep] Sleep until 7:00 AM
4412.2s [11月30日（週日） 下午 7:00]   shot 237_decision_supplier_price_increase.png
4412.2s [11月30日（週日） 下午 7:00]   decision supplier_price_increase → accept
4412.2s [11月30日（週日） 下午 7:00]   click [Choice_accept] 好。繼續跟你進貨。
4413.7s [11月30日（週日） 下午 7:00]   shot 238_decision_outcome_supplier_price_increase.png
4413.7s [11月30日（週日） 下午 7:00]   click "OK"
4414.4s [11月30日（週日） 下午 7:00]   use "Sleep"
4415.0s [11月30日（週日） 下午 7:00]   click [Sleep] Sleep until 7:00 AM
4418.9s [12月1日（週一） 上午 7:00]   shot 239_month_close_report.png
4418.9s [12月1日（週一） 上午 7:00]   click [month close] Continue
4419.5s [12月1日（週一） 上午 7:00]   ok  the bridge reopened
4419.5s [12月1日（週一） 上午 7:00]   ok  frozen funds settled
4419.5s [12月1日（週一） 上午 7:00]   ok  Chapter 11 complete: through the freeze and restocked
4419.5s [12月1日（週一） 上午 7:00] STEP Chapter 12 — the regulation wave: the import licence
4419.5s [12月1日（週一） 上午 7:00]   ok  Year 8: the Regulation Wave
4422.8s [12月1日（週一） 上午 7:06]   ok  walked back outside
4426.1s [12月1日（週一） 上午 7:11]   ok  entered Bloom Coffee
4427.8s [12月1日（週一） 上午 7:13]   use "Read the news board"
4428.5s [12月1日（週一） 上午 7:18]   shot 240_news_regulation.png
4428.9s [12月1日（週一） 上午 7:18]   ok  read the news (regulation)
4431.9s [12月1日（週一） 上午 7:23]   ok  walked back outside
4435.0s [12月1日（週一） 上午 7:28]   ok  entered Riverside Tower
4435.1s [12月1日（週一） 上午 7:28]   (harness) wait 2 h
4437.2s [12月1日（週一） 上午 9:31]   ok  walked back outside
4451.1s [12月1日（週一） 上午 9:52]   use "捷運——河濱區站"
4452.4s [12月1日（週一） 上午 9:54]   shot 241_metro_civic_center.png
4452.4s [12月1日（週一） 上午 9:54]   click [Go_civic_center] 市政中心  ·  12 分鐘
4453.4s [12月1日（週一） 上午 10:07]   ok  took the Metro to Civic Center
4460.6s [12月1日（週一） 上午 10:18]   ok  entered Aurelia City Hall
4462.4s [12月1日（週一） 上午 10:20]   use "Permits & regulations"
4463.2s [12月1日（週一） 上午 10:21]   shot 242_permits_import_licence.png
4463.7s [12月1日（週一） 上午 10:22]   ok  the '!' badge for company_registration pins its card
4463.8s [12月1日（週一） 上午 10:22]   shot 243_badge_licence_pinned.png
4463.9s [12月1日（週一） 上午 10:23]   click [ApplyImportLicence] 申請（$450）
4464.6s [12月1日（週一） 上午 10:43]   shot 244_permits_licence_processing.png
4465.0s [12月1日（週一） 上午 10:44]   ok  import licence applied for
4467.9s [12月1日（週一） 上午 10:49]   ok  walked back outside
4473.5s [12月1日（週一） 上午 10:58]   use "捷運——市政中心站"
4474.5s [12月1日（週一） 上午 10:59]   shot 245_metro_riverside.png
4474.5s [12月1日（週一） 上午 10:59]   click [Go_riverside] 河濱區  ·  12 分鐘
4475.5s [12月1日（週一） 上午 11:12]   ok  took the Metro to Riverside
4484.6s [12月1日（週一） 上午 11:26]   ok  entered Riverside Tower
4484.7s [12月1日（週一） 下午 5:00]   toast: Riverlight Goods 咖啡 今天沒開門：吧台沒人顧。去僱一位咖啡師（人員分頁），或自己站吧台。
4486.6s [12月1日（週一） 下午 7:03]   use "Sleep"
4487.2s [12月1日（週一） 下午 7:03]   click [Sleep] Sleep until 7:00 AM
4489.5s [12月2日（週二） 下午 5:00]   toast: Riverlight Goods 咖啡 今天沒開門：吧台沒人顧。去僱一位咖啡師（人員分頁），或自己站吧台。
4489.7s [12月2日（週二） 下午 7:00]   shot 246_decision_low_cash_warning.png
4489.7s [12月2日（週二） 下午 7:00]   decision low_cash_warning → reduce
4489.7s [12月2日（週二） 下午 7:00]   click [Choice_reduce] 縮減開支（暫停廣告、生活從簡）
4491.1s [12月2日（週二） 下午 7:00]   shot 247_decision_outcome_low_cash_warning.png
4491.1s [12月2日（週二） 下午 7:00]   click "OK"
4491.8s [12月2日（週二） 下午 7:00]   use "Sleep"
4492.4s [12月2日（週二） 下午 7:00]   click [Sleep] Sleep until 7:00 AM
4495.0s [12月3日（週三） 下午 5:00]   toast: Riverlight Goods 咖啡 今天沒開門：吧台沒人顧。去僱一位咖啡師（人員分頁），或自己站吧台。
4495.2s [12月3日（週三） 下午 7:00]   use "Sleep"
4495.8s [12月3日（週三） 下午 7:00]   click [Sleep] Sleep until 7:00 AM
4498.1s [12月4日（週四） 上午 7:01]   ok  import licence granted
4498.1s [12月4日（週四） 上午 7:01] STEP Chapter 12 — a large import goes through KYC
4499.4s [12月4日（週四） 上午 7:03]   use "Use laptop — Company OS"
4500.1s [12月4日（週四） 上午 7:04]   click [Tab_operations] Operations
4500.8s [12月4日（週四） 上午 7:05]   click [DeliverTo_riverside_studio] 河濱大樓 7C
4501.4s [12月4日（週四） 上午 7:06]   click [Buy_lumina_direct_wireless_earbuds] 購買 $2,692.00
4502.2s [12月4日（週四） 上午 7:07]   shot 248_settlement_kyc.png
4502.2s [12月4日（週四） 上午 7:07]   click [Settle_letter_of_credit] Pay this way
4503.3s [12月4日（週四） 上午 7:08]   ok  the large payment carries a KYC check
4503.4s [12月4日（週四） 下午 5:00]   toast: Riverlight Goods 咖啡 今天沒開門：吧台沒人顧。去僱一位咖啡師（人員分頁），或自己站吧台。
4510.7s [12月4日（週四） 下午 7:11]   use "Sleep"
4511.3s [12月4日（週四） 下午 7:12]   click [Sleep] Sleep until 7:00 AM
4513.9s [12月5日（週五） 下午 5:00]   toast: Riverlight Goods 咖啡 今天沒開門：吧台沒人顧。去僱一位咖啡師（人員分頁），或自己站吧台。
4514.1s [12月5日（週五） 下午 7:00]   shot 249_decision_low_cash_warning.png
4514.1s [12月5日（週五） 下午 7:00]   decision low_cash_warning → reduce
4514.1s [12月5日（週五） 下午 7:00]   click [Choice_reduce] 縮減開支（暫停廣告、生活從簡）
4515.5s [12月5日（週五） 下午 7:00]   shot 250_decision_outcome_low_cash_warning.png
4515.5s [12月5日（週五） 下午 7:00]   click "OK"
4516.1s [12月5日（週五） 下午 7:00]   use "Sleep"
4516.7s [12月5日（週五） 下午 7:00]   click [Sleep] Sleep until 7:00 AM
4519.1s [12月6日（週六） 下午 5:00]   toast: Riverlight Goods 咖啡 今天沒開門：吧台沒人顧。去僱一位咖啡師（人員分頁），或自己站吧台。
4519.4s [12月6日（週六） 下午 7:00]   use "Sleep"
4520.0s [12月6日（週六） 下午 7:00]   click [Sleep] Sleep until 7:00 AM
4522.5s [12月7日（週日） 下午 7:00]   use "Sleep"
4523.1s [12月7日（週日） 下午 7:00]   click [Sleep] Sleep until 7:00 AM
4525.4s [12月8日（週一） 上午 7:01]   ok  KYC cleared
4526.5s [12月8日（週一） 上午 7:02]   use "Use laptop — Company OS"
4527.2s [12月8日（週一） 上午 7:03]   click [Tab_finance] Finance
4528.0s [12月8日（週一） 上午 7:05]   shot 251_finance_compliance_cost.png
4528.4s [12月8日（週一） 上午 7:05] STEP Chapter 12 — Victor Hale's offer
4528.5s [12月8日（週一） 上午 7:05]   (harness) wait 2 h
4529.1s [12月8日（週一） 上午 9:05]   shot 252_decision_low_cash_warning.png
4529.1s [12月8日（週一） 上午 9:05]   decision low_cash_warning → reduce
4529.1s [12月8日（週一） 上午 9:05]   click [Choice_reduce] 縮減開支（暫停廣告、生活從簡）
4530.5s [12月8日（週一） 上午 9:05]   shot 253_decision_outcome_low_cash_warning.png
4530.5s [12月8日（週一） 上午 9:05]   click "OK"
4531.1s [12月8日（週一） 上午 9:05]   (harness) wait 2 h
4534.5s [12月8日（週一） 上午 11:11]   ok  walked back outside
4548.5s [12月8日（週一） 上午 11:32]   use "捷運——河濱區站"
4549.8s [12月8日（週一） 上午 11:34]   shot 254_metro_shopping_street.png
4549.8s [12月8日（週一） 上午 11:34]   click [Go_shopping_street] 購物街  ·  15 分鐘
4550.8s [12月8日（週一） 上午 11:50]   ok  took the Metro to Shopping Street
4559.5s [12月8日（週一） 下午 12:03]   ok  entered Crestline Flagship
4560.1s [12月8日（週一） 下午 12:04]   use "和 Victor Hale 說話"
4560.9s [12月8日（週一） 下午 12:04]   shot 255_victor_offer.png
4568.5s [12月8日（週一） 下午 12:06]   ok  the '!' badge for valuation pins its card
4568.6s [12月8日（週一） 下午 12:06]   shot 256_badge_valuation_pinned.png
4568.8s [12月8日（週一） 下午 12:06]   shot 257_decision_acquisition_offer.png
4568.8s [12月8日（週一） 下午 12:06]   decision acquisition_offer → counter
4568.8s [12月8日（週一） 下午 12:06]   click [Choice_counter] 還價：開價 $100,562
4570.8s [12月8日（週一） 下午 12:06]   shot 258_decision_outcome_acquisition_offer.png
4570.8s [12月8日（週一） 下午 12:06]   click "OK"
4571.3s [12月8日（週一） 下午 12:06]   ok  countered Hale Group's offer
4572.6s [12月8日（週一） 下午 12:08]   shot 259_ending_card.png
4575.5s [12月8日（週一） 下午 12:12]   ok  Chapter 12 complete
4575.5s [12月8日（週一） 下午 12:12]   ok  the main story is complete
4575.5s [12月8日（週一） 下午 12:12]   ok  season two continues after Chapter 12
4575.5s [12月8日（週一） 下午 12:12]   ok  ledger balanced after chapters 10–12
4577.4s [12月8日（週一） 下午 12:16]   ok  walked back outside
4584.6s [12月8日（週一） 下午 12:27]   use "捷運——購物街站"
4585.8s [12月8日（週一） 下午 12:28]   shot 260_metro_riverside.png
4585.8s [12月8日（週一） 下午 12:28]   click [Go_riverside] 河濱區  ·  15 分鐘
4586.9s [12月8日（週一） 下午 12:44]   ok  took the Metro to Riverside
4596.1s [12月8日（週一） 下午 12:58]   ok  entered Riverside Tower
4604.1s [12月8日（週一） 下午 1:09] STEP Chapter 13 — Year 9 news and Marcus's international banking explanation
4605.6s [12月8日（週一） 下午 1:12]   ok  walked back outside
4609.0s [12月8日（週一） 下午 1:17]   ok  entered Bloom Coffee
4610.7s [12月8日（週一） 下午 1:19]   use "Read the news board"
4611.6s [12月8日（週一） 下午 1:24]   shot 261_news_global_markets.png
4612.0s [12月8日（週一） 下午 1:24]   ok  read the news (global_markets)
4615.1s [12月8日（週一） 下午 1:29]   ok  walked back outside
4618.3s [12月8日（週一） 下午 1:34]   ok  entered Riverside Tower
4619.8s [12月8日（週一） 下午 1:36]   ok  walked back outside
4633.8s [12月8日（週一） 下午 1:57]   use "捷運——河濱區站"
4635.2s [12月8日（週一） 下午 1:59]   shot 262_metro_financial.png
4635.2s [12月8日（週一） 下午 1:59]   click [Go_financial] 金融區  ·  10 分鐘
4636.5s [12月8日（週一） 下午 2:10]   ok  took the Metro to Financial District
4644.1s [12月8日（週一） 下午 2:21]   ok  entered Nexus Bank
4645.9s [12月8日（週一） 下午 2:24]   use "和 Marcus Reed 說話"
4648.0s [12月8日（週一） 下午 2:24]   choose "› 我會在每週撥款後換匯。"
4649.8s [12月8日（週一） 下午 2:25]   click [OpenInternationalAccount] 開立國際帳戶（$150.00）
4650.3s [12月8日（週一） 下午 2:55]   shot 263_ch13_international_account.png
4656.8s [12月8日（週一） 下午 3:05]   ok  walked back outside
4662.9s [12月8日（週一） 下午 3:14]   use "捷運——金融區站"
4664.1s [12月8日（週一） 下午 3:15]   shot 264_metro_riverside.png
4664.1s [12月8日（週一） 下午 3:15]   click [Go_riverside] 河濱區  ·  10 分鐘
4665.1s [12月8日（週一） 下午 3:27]   ok  took the Metro to Riverside
4674.3s [12月8日（週一） 下午 3:40]   ok  entered Riverside Tower
4674.3s [12月8日（週一） 下午 3:40] STEP Chapter 13 — Northridge price and first export
4675.8s [12月8日（週一） 下午 3:42]   use "Use laptop — Company OS"
4676.7s [12月8日（週一） 下午 3:43]   click [Tab_sales] Ecommerce
4677.4s [12月8日（週一） 下午 3:45]   click [SalesPage_overseas] Overseas
4677.5s [12月8日（週一） 下午 3:45]   click [OpenGlobalStore_northridge] Open storefront
4678.4s [12月8日（週一） 下午 3:46]   use "Use laptop — Company OS"
4679.2s [12月8日（週一） 下午 3:47]   click [Tab_operations] Operations
4680.7s [12月8日（週一） 下午 3:49]   click [DeliverTo_riverside_studio] 河濱大樓 7C
4681.9s [12月8日（週一） 下午 3:51]   click [Buy_tradelink_wholesale_wireless_earbuds] 購買 $918.00
4683.5s [12月8日（週一） 下午 5:00]   toast: Riverlight Goods 咖啡 今天沒開門：吧台沒人顧。去僱一位咖啡師（人員分頁），或自己站吧台。
4691.8s [12月8日（週一） 下午 7:11]   use "Sleep"
4692.5s [12月8日（週一） 下午 7:11]   click [Sleep] Sleep until 7:00 AM
4699.4s [12月9日（週二） 下午 5:00]   toast: Riverlight Goods 咖啡 今天沒開門：吧台沒人顧。去僱一位咖啡師（人員分頁），或自己站吧台。
4700.3s [12月9日（週二） 下午 7:00]   use "Sleep"
4701.0s [12月9日（週二） 下午 7:00]   click [Sleep] Sleep until 7:00 AM
4707.9s [12月10日（週三） 下午 5:00]   toast: Riverlight Goods 咖啡 今天沒開門：吧台沒人顧。去僱一位咖啡師（人員分頁），或自己站吧台。
4708.8s [12月10日（週三） 下午 7:00]   use "Sleep"
4709.5s [12月10日（週三） 下午 7:00]   click [Sleep] Sleep until 7:00 AM
4723.3s [12月11日（週四） 上午 7:14]   use "Packing table"
4724.1s [12月11日（週四） 上午 7:15]   click [Pack] 打包 10 筆訂單（1 小時 20 分）
4725.4s [12月11日（週四） 上午 8:37]   click [CourierEconomy] 快遞 · 經濟 3 天（$52.20）
4728.2s [12月11日（週四） 上午 8:41]   use "Use laptop — Company OS"
4729.0s [12月11日（週四） 上午 8:42]   click [Tab_sales] Ecommerce
4730.5s [12月11日（週四） 上午 8:44]   click [SalesPage_overseas] Overseas
4732.0s [12月11日（週四） 上午 8:46]   click [SaveGlobalPrice_L2] Save local price
4732.9s [12月11日（週四） 上午 8:47]   ok  selected export listing really has a saved price
4732.9s [12月11日（週四） 上午 8:47]   shot 265_ch13_storefront.png
4735.3s [12月11日（週四） 下午 5:00]   toast: Riverlight Goods 咖啡 今天沒開門：吧台沒人顧。去僱一位咖啡師（人員分頁），或自己站吧台。
4743.6s [12月11日（週四） 下午 7:11]   use "Sleep"
4744.4s [12月11日（週四） 下午 7:11]   click [Sleep] Sleep until 7:00 AM
4758.2s [12月12日（週五） 上午 7:14]   use "Packing table"
4759.1s [12月12日（週五） 上午 7:15]   click [Pack] 打包 15 筆訂單（2 h）
4760.6s [12月12日（週五） 上午 9:16]   click [CourierEconomy] 經濟快遞／國際 7–14 天（$163.74）
4763.4s [12月12日（週五） 下午 5:00]   toast: Riverlight Goods 咖啡 今天沒開門：吧台沒人顧。去僱一位咖啡師（人員分頁），或自己站吧台。
4773.0s [12月12日（週五） 下午 7:13]   use "Sleep"
4774.1s [12月12日（週五） 下午 7:13]   click [Sleep] Sleep until 7:00 AM
4787.7s [12月13日（週六） 上午 7:14]   use "Packing table"
4788.6s [12月13日（週六） 上午 7:15]   click [Pack] 打包 18 筆訂單（2 小時 24 分）
4790.1s [12月13日（週六） 上午 9:40]   click [CourierEconomy] 經濟快遞／國際 7–14 天（$192.34）
4793.0s [12月13日（週六） 下午 5:00]   toast: Riverlight Goods 咖啡 今天沒開門：吧台沒人顧。去僱一位咖啡師（人員分頁），或自己站吧台。
4802.6s [12月13日（週六） 下午 7:13]   use "Sleep"
4803.4s [12月13日（週六） 下午 7:13]   click [Sleep] Sleep until 7:00 AM
4817.1s [12月14日（週日） 上午 7:14]   use "Packing table"
4817.9s [12月14日（週日） 上午 7:15]   click [Pack] 打包 7 筆訂單（56 分鐘）
4819.3s [12月14日（週日） 上午 8:12]   click [CourierEconomy] 經濟快遞／國際 7–14 天（$112.04）
4831.9s [12月14日（週日） 下午 7:13]   use "Sleep"
4832.7s [12月14日（週日） 下午 7:13]   click [Sleep] Sleep until 7:00 AM
4839.6s [12月15日（週一） 下午 5:00]   toast: Riverlight Goods 咖啡 今天沒開門：吧台沒人顧。去僱一位咖啡師（人員分頁），或自己站吧台。
4840.4s [12月15日（週一） 下午 7:00]   use "Sleep"
4841.2s [12月15日（週一） 下午 7:00]   click [Sleep] Sleep until 7:00 AM
4848.1s [12月16日（週二） 下午 5:00]   toast: Riverlight Goods 咖啡 今天沒開門：吧台沒人顧。去僱一位咖啡師（人員分頁），或自己站吧台。
4849.0s [12月16日（週二） 下午 7:00]   use "Sleep"
4849.8s [12月16日（週二） 下午 7:00]   click [Sleep] Sleep until 7:00 AM
4856.9s [12月17日（週三） 下午 5:00]   toast: Riverlight Goods 咖啡 今天沒開門：吧台沒人顧。去僱一位咖啡師（人員分頁），或自己站吧台。
4857.8s [12月17日（週三） 下午 7:00]   use "Sleep"
4858.6s [12月17日（週三） 下午 7:00]   click [Sleep] Sleep until 7:00 AM
4865.6s [12月18日（週四） 下午 5:00]   toast: Riverlight Goods 咖啡 今天沒開門：吧台沒人顧。去僱一位咖啡師（人員分頁），或自己站吧台。
4866.5s [12月18日（週四） 下午 7:00]   use "Sleep"
4867.2s [12月18日（週四） 下午 7:00]   click [Sleep] Sleep until 7:00 AM
4874.2s [12月19日（週五） 下午 5:00]   toast: Riverlight Goods 咖啡 今天沒開門：吧台沒人顧。去僱一位咖啡師（人員分頁），或自己站吧台。
4881.7s [12月19日（週五） 下午 7:10]   use "Sleep"
4882.5s [12月19日（週五） 下午 7:10]   click [Sleep] Sleep until 7:00 AM
4896.2s [12月20日（週六） 上午 7:14]   use "Packing table"
4897.1s [12月20日（週六） 上午 7:15]   click [Pack] 打包 16 筆訂單（2 小時 8 分）
4898.6s [12月20日（週六） 上午 9:24]   click [CourierEconomy] 經濟快遞／國際 7–14 天（$227.32）
4901.5s [12月20日（週六） 下午 5:00]   toast: Riverlight Goods 咖啡 今天沒開門：吧台沒人顧。去僱一位咖啡師（人員分頁），或自己站吧台。
4911.1s [12月20日（週六） 下午 7:13]   use "Sleep"
4911.8s [12月20日（週六） 下午 7:13]   click [Sleep] Sleep until 7:00 AM
4925.6s [12月21日（週日） 上午 7:14]   use "Packing table"
4926.5s [12月21日（週日） 上午 7:15]   click [Pack] 打包 22 筆訂單（2 小時 56 分）
4928.3s [12月21日（週日） 上午 10:12]   click [CourierEconomy] 經濟快遞／國際 7–14 天（$299.26）
4940.5s [12月21日（週日） 下午 7:13]   use "Sleep"
4941.2s [12月21日（週日） 下午 7:13]   click [Sleep] Sleep until 7:00 AM
4955.1s [12月22日（週一） 上午 7:14]   use "Packing table"
4956.0s [12月22日（週一） 上午 7:15]   click [Pack] 打包 17 筆訂單（2 小時 16 分）
4957.6s [12月22日（週一） 上午 9:32]   click [CourierEconomy] 經濟快遞／國際 7–14 天（$276.16）
4960.5s [12月22日（週一） 下午 5:00]   toast: Riverlight Goods 咖啡 今天沒開門：吧台沒人顧。去僱一位咖啡師（人員分頁），或自己站吧台。
4969.9s [12月22日（週一） 下午 7:13]   use "Sleep"
4970.6s [12月22日（週一） 下午 7:13]   click [Sleep] Sleep until 7:00 AM
4984.4s [12月23日（週二） 上午 7:14]   use "Packing table"
4985.3s [12月23日（週二） 上午 7:15]   click [Pack] 打包 26 筆訂單（3 小時 28 分）
4987.1s [12月23日（週二） 上午 10:44]   click [CourierEconomy] 經濟快遞／國際 7–14 天（$347.22）
4989.9s [12月23日（週二） 下午 5:00]   toast: Riverlight Goods 咖啡 今天沒開門：吧台沒人顧。去僱一位咖啡師（人員分頁），或自己站吧台。
4999.6s [12月23日（週二） 下午 7:14]   use "Sleep"
5000.3s [12月23日（週二） 下午 7:14]   click [Sleep] Sleep until 7:00 AM
5014.1s [12月24日（週三） 上午 7:14]   use "Packing table"
5014.9s [12月24日（週三） 上午 7:15]   click [Pack] 打包 19 筆訂單（2 小時 32 分）
5016.5s [12月24日（週三） 上午 9:48]   click [CourierEconomy] 經濟快遞／國際 7–14 天（$270.66）
5019.4s [12月24日（週三） 下午 5:00]   toast: Riverlight Goods 咖啡 今天沒開門：吧台沒人顧。去僱一位咖啡師（人員分頁），或自己站吧台。
5029.0s [12月24日（週三） 下午 7:13]   use "Sleep"
5029.7s [12月24日（週三） 下午 7:13]   click [Sleep] Sleep until 7:00 AM
5043.6s [12月25日（週四） 上午 7:14]   use "Packing table"
5044.4s [12月25日（週四） 上午 7:15]   click [Pack] 打包 17 筆訂單（2 小時 16 分）
5046.0s [12月25日（週四） 上午 9:32]   click [CourierEconomy] 經濟快遞／國際 7–14 天（$217.20）
5048.9s [12月25日（週四） 下午 5:00]   toast: Riverlight Goods 咖啡 今天沒開門：吧台沒人顧。去僱一位咖啡師（人員分頁），或自己站吧台。
5058.7s [12月25日（週四） 下午 7:13]   use "Sleep"
5059.5s [12月25日（週四） 下午 7:13]   click [Sleep] Sleep until 7:00 AM
5073.3s [12月26日（週五） 上午 7:14]   use "Packing table"
5074.2s [12月26日（週五） 上午 7:15]   click [Pack] 打包 14 筆訂單（1 小時 52 分）
5075.7s [12月26日（週五） 上午 9:08]   click [CourierEconomy] 經濟快遞／國際 7–14 天（$188.60）
5076.9s [12月26日（週五） 上午 9:10]   shot 266_decision_supplier_price_increase.png
5076.9s [12月26日（週五） 上午 9:10]   decision supplier_price_increase → accept
5076.9s [12月26日（週五） 上午 9:10]   click [Choice_accept] 好。繼續跟你進貨。
5078.3s [12月26日（週五） 上午 9:10]   shot 267_decision_outcome_supplier_price_increase.png
5078.3s [12月26日（週五） 上午 9:10]   click "OK"
5081.0s [12月26日（週五） 下午 5:00]   toast: Riverlight Goods 咖啡 今天沒開門：吧台沒人顧。去僱一位咖啡師（人員分頁），或自己站吧台。
5090.4s [12月26日（週五） 下午 7:14]   use "Sleep"
5091.1s [12月26日（週五） 下午 7:14]   click [Sleep] Sleep until 7:00 AM
5104.9s [12月27日（週六） 上午 7:14]   use "Packing table"
5105.7s [12月27日（週六） 上午 7:15]   click [Pack] 打包 14 筆訂單（1 小時 52 分）
5107.3s [12月27日（週六） 上午 9:08]   click [CourierEconomy] 經濟快遞／國際 7–14 天（$232.82）
5110.2s [12月27日（週六） 下午 5:00]   toast: Riverlight Goods 咖啡 今天沒開門：吧台沒人顧。去僱一位咖啡師（人員分頁），或自己站吧台。
5119.9s [12月27日（週六） 下午 7:13]   use "Sleep"
5120.7s [12月27日（週六） 下午 7:13]   click [Sleep] Sleep until 7:00 AM
5134.4s [12月28日（週日） 上午 7:14]   use "Packing table"
5135.3s [12月28日（週日） 上午 7:15]   click [Pack] 打包 13 筆訂單（1 小時 44 分）
5136.7s [12月28日（週日） 上午 9:00]   click [CourierEconomy] 經濟快遞／國際 7–14 天（$154.50）
5149.2s [12月28日（週日） 下午 7:13]   use "Sleep"
5150.0s [12月28日（週日） 下午 7:13]   click [Sleep] Sleep until 7:00 AM
5150.8s [12月28日（週日） 下午 8:58]   toast: 新評價 #4578：★★★「等了好一陣子才到。」
5152.8s [12月29日（週一） 上午 5:48]   toast: 新評價 #4591：★★★「品質普通。」
5164.0s [12月29日（週一） 上午 7:14]   use "Packing table"
5164.8s [12月29日（週一） 上午 7:15]   click [Pack] 打包 21 筆訂單（2 小時 48 分）
5166.6s [12月29日（週一） 上午 10:04]   click [CourierEconomy] 經濟快遞／國際 7–14 天（$279.90）
5169.4s [12月29日（週一） 上午 10:08]   use "Use laptop — Company OS"
5170.4s [12月29日（週一） 上午 10:09]   click [Tab_finance] Finance
5171.2s [12月29日（週一） 上午 10:11]   click [ConvertGlobal_NRD] 換匯入帳（$280.02）
5175.8s [12月29日（週一） 上午 10:17]   shot 268_ch13_real_income.png
5176.6s [12月29日（週一） 上午 10:18]   ok  Chapter 13 actual export and conversion complete
5180.6s [12月29日（週一） 上午 10:24] STEP Chapter 14 — Ines in the open Customs House
5183.3s [12月29日（週一） 上午 10:29]   ok  walked back outside
5197.3s [12月29日（週一） 上午 10:50]   use "捷運——河濱區站"
5198.7s [12月29日（週一） 上午 10:51]   shot 269_metro_harbor.png
5198.7s [12月29日（週一） 上午 10:51]   click [Go_harbor] 港區  ·  8 分鐘
5200.3s [12月29日（週一） 上午 11:01]   ok  took the Metro to Harbor
5206.5s [12月29日（週一） 上午 11:09]   ok  entered Aurelia Customs House
5206.7s [12月29日（週一） 上午 11:10]   use "和 Ines Duarte 說話"
5207.0s [12月29日（週一） 上午 11:10]   shot 270_ch14_ines.png
5208.8s [12月29日（週一） 上午 11:10]   choose "› 我先付關稅，選 DDP。"
5210.9s [12月29日（週一） 上午 11:11]   ok  real Ines dialogue completed
5212.5s [12月29日（週一） 上午 11:14]   ok  walked back outside
5223.6s [12月29日（週一） 上午 11:30]   use "捷運——港區站"
5224.7s [12月29日（週一） 上午 11:32]   shot 271_metro_riverside.png
5224.7s [12月29日（週一） 上午 11:32]   click [Go_riverside] 河濱區  ·  8 分鐘
5225.8s [12月29日（週一） 上午 11:41]   ok  took the Metro to Riverside
5235.0s [12月29日（週一） 上午 11:55]   ok  entered Riverside Tower
5235.0s [12月29日（週一） 上午 11:55] STEP Chapter 14 — DDP declaration and accurate tariff classification
5236.4s [12月29日（週一） 上午 11:57]   use "Use laptop — Company OS"
5237.3s [12月29日（週一） 上午 11:58]   click [Tab_sales] Ecommerce
5238.1s [12月29日（週一） 上午 11:59]   click [SalesPage_overseas] Overseas
5239.3s [12月29日（週一） 下午 12:00]   click [ExportPolicy_ddp_L2] DDP
5240.2s [12月29日（週一） 下午 12:02]   click [TariffCode_L2] 一般商品
5241.6s [12月29日（週一） 下午 12:04]   shot 272_ch14_declaration.png
5242.0s [12月29日（週一） 下午 12:04]   ok  real policy and tariff inputs recorded
5242.0s [12月29日（週一） 下午 12:04] STEP Chapter 14 — trial deliveries and return risk
5243.2s [12月29日（週一） 下午 5:00]   toast: Riverlight Goods 咖啡 今天沒開門：吧台沒人顧。去僱一位咖啡師（人員分頁），或自己站吧台。
5251.3s [12月29日（週一） 下午 7:12]   use "Sleep"
5252.0s [12月29日（週一） 下午 7:12]   click [Sleep] Sleep until 7:00 AM
5254.8s [12月30日（週二） 上午 4:09]   toast: 新評價 #4597：★★★「等了好一陣子才到。」
5266.0s [12月30日（週二） 上午 7:14]   use "Packing table"
5266.9s [12月30日（週二） 上午 7:15]   click [Pack] 打包 15 筆訂單（2 h）
5268.5s [12月30日（週二） 上午 9:16]   click [CourierEconomy] 經濟快遞／國際 7–14 天（$222.70）
5271.4s [12月30日（週二） 下午 5:00]   toast: Riverlight Goods 咖啡 今天沒開門：吧台沒人顧。去僱一位咖啡師（人員分頁），或自己站吧台。
5272.2s [12月30日（週二） 下午 7:00]   shot 273_decision_customs_hold.png
5272.2s [12月30日（週二） 下午 7:00]   decision customs_hold → documents
5272.2s [12月30日（週二） 下午 7:00]   click [Choice_documents] 補齊文件並付減額罰款
5273.7s [12月30日（週二） 下午 7:00]   shot 274_decision_outcome_customs_hold.png
5273.7s [12月30日（週二） 下午 7:00]   click "OK"
5283.3s [12月30日（週二） 下午 7:13]   use "Sleep"
5284.0s [12月30日（週二） 下午 7:13]   click [Sleep] Sleep until 7:00 AM
5291.2s [12月31日（週三） 下午 5:00]   toast: Riverlight Goods 咖啡 今天沒開門：吧台沒人顧。去僱一位咖啡師（人員分頁），或自己站吧台。
5292.1s [12月31日（週三） 下午 7:00]   use "Sleep"
5292.9s [12月31日（週三） 下午 7:00]   click [Sleep] Sleep until 7:00 AM
5299.6s [1月1日（週四） 上午 7:00]   shot 275_month_close_report.png
5299.6s [1月1日（週四） 上午 7:00]   click [month close] Continue
5302.3s [1月1日（週四） 下午 5:00]   toast: Riverlight Goods 咖啡 今天沒開門：吧台沒人顧。去僱一位咖啡師（人員分頁），或自己站吧台。
5303.2s [1月1日（週四） 下午 7:01]   use "Sleep"
5304.0s [1月1日（週四） 下午 7:01]   click [Sleep] Sleep until 7:00 AM
5311.3s [1月2日（週五） 下午 5:00]   toast: Riverlight Goods 咖啡 今天沒開門：吧台沒人顧。去僱一位咖啡師（人員分頁），或自己站吧台。
5312.2s [1月2日（週五） 下午 7:00]   use "Sleep"
5312.9s [1月2日（週五） 下午 7:00]   click [Sleep] Sleep until 7:00 AM
5320.2s [1月3日（週六） 下午 5:00]   toast: Riverlight Goods 咖啡 今天沒開門：吧台沒人顧。去僱一位咖啡師（人員分頁），或自己站吧台。
5327.5s [1月3日（週六） 下午 7:10]   use "Sleep"
5328.3s [1月3日（週六） 下午 7:10]   click [Sleep] Sleep until 7:00 AM
5336.4s [1月4日（週日） 下午 7:00]   use "Sleep"
5337.1s [1月4日（週日） 下午 7:00]   click [Sleep] Sleep until 7:00 AM
5343.1s [1月5日（週一） 上午 11:51]   toast: 新評價 #4676：★★★「品質普通。」
5343.3s [1月5日（週一） 下午 12:07]   toast: 新評價 #4662：★★★「等了好一陣子才到。」
5344.5s [1月5日（週一） 下午 5:00]   toast: Riverlight Goods 咖啡 今天沒開門：吧台沒人顧。去僱一位咖啡師（人員分頁），或自己站吧台。
5344.5s [1月5日（週一） 下午 5:34]   toast: 新評價 #4642：★★★「品質普通。」
5345.4s [1月5日（週一） 下午 7:00]   use "Sleep"
5346.1s [1月5日（週一） 下午 7:00]   click [Sleep] Sleep until 7:00 AM
5346.7s [1月5日（週一） 下午 7:38]   toast: 新評價 #4700：★★★「等了好一陣子才到。」
5347.4s [1月5日（週一） 下午 10:31]   toast: 新評價 #4715：★★★「品質普通。」
5360.3s [1月6日（週二） 上午 7:14]   use "Packing table"
5361.2s [1月6日（週二） 上午 7:15]   click [Pack] 打包 1 筆訂單（8 分鐘）
5362.1s [1月6日（週二） 上午 7:24]   click [CourierEconomy] 快遞 · 經濟 3 天（$10.62）
5365.5s [1月6日（週二） 下午 5:00]   toast: Riverlight Goods 咖啡 今天沒開門：吧台沒人顧。去僱一位咖啡師（人員分頁），或自己站吧台。
5375.2s [1月6日（週二） 下午 7:13]   use "Sleep"
5376.0s [1月6日（週二） 下午 7:13]   click [Sleep] Sleep until 7:00 AM
5377.0s [1月6日（週二） 下午 9:44]   toast: 新評價 #4706：★★★「品質普通。」
5378.5s [1月7日（週三） 上午 4:15]   toast: 新評價 #4703：★★★「還行。」
5389.7s [1月7日（週三） 上午 7:14]   use "Packing table"
5390.6s [1月7日（週三） 上午 7:15]   click [Pack] 打包 1 筆訂單（8 分鐘）
5391.5s [1月7日（週三） 上午 7:24]   click [CourierEconomy] 快遞 · 經濟 3 天（$10.62）
5395.0s [1月7日（週三） 下午 5:00]   toast: Riverlight Goods 咖啡 今天沒開門：吧台沒人顧。去僱一位咖啡師（人員分頁），或自己站吧台。
5404.6s [1月7日（週三） 下午 7:13]   use "Sleep"
5405.4s [1月7日（週三） 下午 7:13]   click [Sleep] Sleep until 7:00 AM
5408.0s [1月8日（週四） 上午 4:48]   toast: 新評價 #4730：★★★「還行。」
5419.3s [1月8日（週四） 上午 7:14]   use "Packing table"
5420.2s [1月8日（週四） 上午 7:15]   click [Pack] 打包 1 筆訂單（8 分鐘）
5421.3s [1月8日（週四） 上午 7:24]   click [CourierEconomy] 快遞 · 經濟 3 天（$10.62）
5424.7s [1月8日（週四） 下午 5:00]   toast: Riverlight Goods 咖啡 今天沒開門：吧台沒人顧。去僱一位咖啡師（人員分頁），或自己站吧台。
5434.4s [1月8日（週四） 下午 7:13]   use "Sleep"
5435.1s [1月8日（週四） 下午 7:13]   click [Sleep] Sleep until 7:00 AM
5449.1s [1月9日（週五） 上午 7:14]   use "Packing table"
5450.0s [1月9日（週五） 上午 7:15]   click [Pack] 打包 1 筆訂單（8 分鐘）
5450.9s [1月9日（週五） 上午 7:24]   click [CourierEconomy] 快遞 · 經濟 3 天（$10.62）
5453.1s [1月9日（週五） 下午 12:43]   toast: 新評價 #4751：★★★「還行。」
5453.5s [1月9日（週五） 下午 1:36]   toast: 新評價 #4796：★★★「還行。」
5454.4s [1月9日（週五） 下午 5:00]   toast: Riverlight Goods 咖啡 今天沒開門：吧台沒人顧。去僱一位咖啡師（人員分頁），或自己站吧台。
5454.7s [1月9日（週五） 下午 6:56]   toast: 新評價 #4761：★★★「等了好一陣子才到。」
5464.0s [1月9日（週五） 下午 7:13]   use "Sleep"
5464.8s [1月9日（週五） 下午 7:13]   click [Sleep] Sleep until 7:00 AM
5472.2s [1月10日（週六） 下午 5:00]   toast: Riverlight Goods 咖啡 今天沒開門：吧台沒人顧。去僱一位咖啡師（人員分頁），或自己站吧台。
5479.3s [1月10日（週六） 下午 7:09]   use "Sleep"
5480.1s [1月10日（週六） 下午 7:09]   click [Sleep] Sleep until 7:00 AM
5494.0s [1月11日（週日） 上午 7:14]   use "Packing table"
5494.9s [1月11日（週日） 上午 7:15]   click [Pack] 打包 1 筆訂單（8 分鐘）
5496.0s [1月11日（週日） 上午 7:24]   click [CourierEconomy] 經濟快遞／國際 7–14 天（$25.36）
5509.2s [1月11日（週日） 下午 7:13]   use "Sleep"
5509.9s [1月11日（週日） 下午 7:13]   click [Sleep] Sleep until 7:00 AM
5517.4s [1月12日（週一） 下午 5:00]   toast: Riverlight Goods 咖啡 今天沒開門：吧台沒人顧。去僱一位咖啡師（人員分頁），或自己站吧台。
5518.5s [1月12日（週一） 下午 7:00]   use "Sleep"
5519.3s [1月12日（週一） 下午 7:00]   click [Sleep] Sleep until 7:00 AM
5525.6s [1月13日（週二） 上午 7:02]   use "Use laptop — Company OS"
5526.5s [1月13日（週二） 上午 7:04]   click [Tab_sales] Ecommerce
5527.3s [1月13日（週二） 上午 7:05]   click [SalesPage_overseas] Overseas
5527.4s [1月13日（週二） 上午 7:05]   click [PauseGlobalExpansion] Review results and pause expansion
5527.9s [1月13日（週二） 上午 7:05]   shot 276_ch14_trial_results.png
5528.3s [1月13日（週二） 上午 7:06]   shot 277_ch14_trial_observed.png
5528.7s [1月13日（週二） 上午 7:07]   ok  Chapter 14 trial completes
5528.7s [1月13日（週二） 上午 7:07]   ok  chapters 13–14 Ledger balanced
5532.7s [1月13日（週二） 上午 7:13] STEP Chapter 15 — currency briefing and real bank hedge
5535.6s [1月13日（週二） 上午 7:17]   ok  walked back outside
5539.0s [1月13日（週二） 上午 7:22]   ok  entered Bloom Coffee
5540.7s [1月13日（週二） 上午 7:25]   use "Read the news board"
5541.7s [1月13日（週二） 上午 7:30]   shot 278_news_fx_risk.png
5542.0s [1月13日（週二） 上午 7:30]   ok  read the news (fx_risk)
5545.1s [1月13日（週二） 上午 7:35]   ok  walked back outside
5548.3s [1月13日（週二） 上午 7:39]   ok  entered Riverside Tower
5548.3s [1月13日（週二） 上午 7:39]   (harness) wait 2 h
5549.2s [1月13日（週二） 上午 9:40]   (harness) wait 2 h
5550.0s [1月13日（週二） 上午 11:40]   (harness) wait 2 h
5552.3s [1月13日（週二） 下午 1:43]   ok  walked back outside
5566.9s [1月13日（週二） 下午 2:04]   use "捷運——河濱區站"
5568.0s [1月13日（週二） 下午 2:06]   shot 279_metro_financial.png
5568.0s [1月13日（週二） 下午 2:06]   click [Go_financial] 金融區  ·  10 分鐘
5569.1s [1月13日（週二） 下午 2:17]   ok  took the Metro to Financial District
5576.8s [1月13日（週二） 下午 2:28]   ok  entered Nexus Bank
5578.5s [1月13日（週二） 下午 2:31]   use "和 Marcus Reed 說話"
5581.7s [1月13日（週二） 下午 2:31]   choose "› 讓我看看費用與風險。"
5583.5s [1月13日（週二） 下午 2:32]   click [BankFXRisk] Manage exchange risk
5583.7s [1月13日（週二） 下午 2:32]   shot 280_ch15_forward_quote.png
5583.7s [1月13日（週二） 下午 2:32]   click [ChooseHomeInvoices] Choose home-currency invoices
5584.0s [1月13日（週二） 下午 2:32]   ok  native risk response recorded
5590.5s [1月13日（週二） 下午 2:42]   ok  walked back outside
5596.6s [1月13日（週二） 下午 2:52]   use "捷運——金融區站"
5597.8s [1月13日（週二） 下午 2:53]   shot 281_metro_riverside.png
5597.8s [1月13日（週二） 下午 2:53]   click [Go_riverside] 河濱區  ·  10 分鐘
5599.1s [1月13日（週二） 下午 3:04]   ok  took the Metro to Riverside
5608.4s [1月13日（週二） 下午 3:18]   ok  entered Riverside Tower
5608.9s [1月13日（週二） 下午 5:00]   toast: Riverlight Goods 咖啡 今天沒開門：吧台沒人顧。去僱一位咖啡師（人員分頁），或自己站吧台。
5611.4s [1月13日（週二） 下午 7:03]   use "Sleep"
5612.2s [1月13日（週二） 下午 7:03]   click [Sleep] Sleep until 7:00 AM
5619.5s [1月14日（週三） 下午 5:00]   toast: Riverlight Goods 咖啡 今天沒開門：吧台沒人顧。去僱一位咖啡師（人員分頁），或自己站吧台。
5620.4s [1月14日（週三） 下午 7:00]   use "Sleep"
5621.2s [1月14日（週三） 下午 7:00]   click [Sleep] Sleep until 7:00 AM
5628.6s [1月15日（週四） 下午 5:00]   toast: Riverlight Goods 咖啡 今天沒開門：吧台沒人顧。去僱一位咖啡師（人員分頁），或自己站吧台。
5629.5s [1月15日（週四） 下午 7:00]   use "Sleep"
5630.2s [1月15日（週四） 下午 7:00]   click [Sleep] Sleep until 7:00 AM
5637.7s [1月16日（週五） 下午 5:00]   toast: Riverlight Goods 咖啡 今天沒開門：吧台沒人顧。去僱一位咖啡師（人員分頁），或自己站吧台。
5638.9s [1月16日（週五） 下午 7:00]   use "Sleep"
5639.7s [1月16日（週五） 下午 7:00]   click [Sleep] Sleep until 7:00 AM
5647.1s [1月17日（週六） 下午 5:00]   toast: Riverlight Goods 咖啡 今天沒開門：吧台沒人顧。去僱一位咖啡師（人員分頁），或自己站吧台。
5648.0s [1月17日（週六） 下午 7:00]   use "Sleep"
5648.8s [1月17日（週六） 下午 7:00]   click [Sleep] Sleep until 7:00 AM
5657.1s [1月18日（週日） 下午 7:00]   use "Sleep"
5657.8s [1月18日（週日） 下午 7:00]   click [Sleep] Sleep until 7:00 AM
5665.3s [1月19日（週一） 下午 5:00]   toast: Riverlight Goods 咖啡 今天沒開門：吧台沒人顧。去僱一位咖啡師（人員分頁），或自己站吧台。
5666.1s [1月19日（週一） 下午 7:00]   shot 282_decision_cafe_inspection.png
5666.1s [1月19日（週一） 下午 7:00]   decision cafe_inspection → prepare
5666.1s [1月19日（週一） 下午 7:00]   click [Choice_prepare] 清潔十五分鐘後接受檢查
5667.5s [1月19日（週一） 下午 7:15]   shot 283_decision_outcome_cafe_inspection.png
5667.5s [1月19日（週一） 下午 7:15]   click "OK"
5668.1s [1月19日（週一） 下午 7:15]   use "Sleep"
5668.9s [1月19日（週一） 下午 7:15]   click [Sleep] Sleep until 7:00 AM
5677.2s [1月20日（週二） 下午 7:00]   use "Sleep"
5677.9s [1月20日（週二） 下午 7:00]   click [Sleep] Sleep until 7:00 AM
5685.4s [1月21日（週三） 下午 5:00]   toast: Riverlight Goods 咖啡 今天沒開門：吧台沒人顧。去僱一位咖啡師（人員分頁），或自己站吧台。
5686.3s [1月21日（週三） 下午 7:00]   use "Sleep"
5687.1s [1月21日（週三） 下午 7:00]   click [Sleep] Sleep until 7:00 AM
5694.6s [1月22日（週四） 下午 5:00]   toast: Riverlight Goods 咖啡 今天沒開門：吧台沒人顧。去僱一位咖啡師（人員分頁），或自己站吧台。
5695.6s [1月22日（週四） 下午 7:00]   use "Sleep"
5696.3s [1月22日（週四） 下午 7:00]   click [Sleep] Sleep until 7:00 AM
5703.8s [1月23日（週五） 下午 5:00]   toast: Riverlight Goods 咖啡 今天沒開門：吧台沒人顧。去僱一位咖啡師（人員分頁），或自己站吧台。
5704.7s [1月23日（週五） 下午 7:00]   use "Sleep"
5705.5s [1月23日（週五） 下午 7:00]   click [Sleep] Sleep until 7:00 AM
5713.0s [1月24日（週六） 下午 5:00]   toast: Riverlight Goods 咖啡 今天沒開門：吧台沒人顧。去僱一位咖啡師（人員分頁），或自己站吧台。
5713.9s [1月24日（週六） 下午 7:00]   use "Sleep"
5714.7s [1月24日（週六） 下午 7:00]   click [Sleep] Sleep until 7:00 AM
5723.0s [1月25日（週日） 下午 7:00]   use "Sleep"
5723.8s [1月25日（週日） 下午 7:00]   click [Sleep] Sleep until 7:00 AM
5731.2s [1月26日（週一） 下午 5:00]   toast: Riverlight Goods 咖啡 今天沒開門：吧台沒人顧。去僱一位咖啡師（人員分頁），或自己站吧台。
5732.2s [1月26日（週一） 下午 7:00]   use "Sleep"
5732.9s [1月26日（週一） 下午 7:00]   click [Sleep] Sleep until 7:00 AM
5740.4s [1月27日（週二） 下午 5:00]   toast: Riverlight Goods 咖啡 今天沒開門：吧台沒人顧。去僱一位咖啡師（人員分頁），或自己站吧台。
5741.3s [1月27日（週二） 下午 7:00]   use "Sleep"
5742.1s [1月27日（週二） 下午 7:00]   click [Sleep] Sleep until 7:00 AM
5749.6s [1月28日（週三） 下午 5:00]   toast: Riverlight Goods 咖啡 今天沒開門：吧台沒人顧。去僱一位咖啡師（人員分頁），或自己站吧台。
5750.5s [1月28日（週三） 下午 7:00]   use "Sleep"
5751.3s [1月28日（週三） 下午 7:00]   click [Sleep] Sleep until 7:00 AM
5758.8s [1月29日（週四） 下午 5:00]   toast: Riverlight Goods 咖啡 今天沒開門：吧台沒人顧。去僱一位咖啡師（人員分頁），或自己站吧台。
5759.7s [1月29日（週四） 下午 7:00]   use "Sleep"
5760.5s [1月29日（週四） 下午 7:00]   click [Sleep] Sleep until 7:00 AM
5767.9s [1月30日（週五） 下午 5:00]   toast: Riverlight Goods 咖啡 今天沒開門：吧台沒人顧。去僱一位咖啡師（人員分頁），或自己站吧台。
5768.8s [1月30日（週五） 下午 7:00]   shot 284_decision_supplier_price_increase.png
5768.8s [1月30日（週五） 下午 7:00]   decision supplier_price_increase → accept
5768.8s [1月30日（週五） 下午 7:00]   click [Choice_accept] 好。繼續跟你進貨。
5770.2s [1月30日（週五） 下午 7:00]   shot 285_decision_outcome_supplier_price_increase.png
5770.2s [1月30日（週五） 下午 7:00]   click "OK"
5770.9s [1月30日（週五） 下午 7:00]   use "Sleep"
5771.6s [1月30日（週五） 下午 7:00]   click [Sleep] Sleep until 7:00 AM
5779.1s [1月31日（週六） 下午 5:00]   toast: Riverlight Goods 咖啡 今天沒開門：吧台沒人顧。去僱一位咖啡師（人員分頁），或自己站吧台。
5780.0s [1月31日（週六） 下午 7:00]   use "Sleep"
5780.7s [1月31日（週六） 下午 7:00]   click [Sleep] Sleep until 7:00 AM
5786.0s [2月1日（週日） 上午 7:00]   info card: Exchange response — compare the assumptions
5786.1s [2月1日（週日） 上午 7:00]   shot 286_info_exchange_response_—_comp.png
5786.1s [2月1日（週日） 上午 7:00]   click "Close"
5788.0s [2月1日（週日） 上午 7:00]   shot 287_month_close_report.png
5788.0s [2月1日（週日） 上午 7:00]   click [month close] Continue
5789.3s [2月1日（週日） 上午 7:01]   shot 288_ch15_comparison.png
5789.3s [2月1日（週日） 上午 7:01]   ok  chapter15 completes from actual response and viewed month close
5789.3s [2月1日（週日） 上午 7:01] STEP Chapter 16 — Omar video, flight and distributor contract
5790.6s [2月1日（週日） 上午 7:03]   use "Use laptop — Company OS"
5791.5s [2月1日（週日） 上午 7:05]   click [Tab_sales] Ecommerce
5792.2s [2月1日（週日） 上午 7:06]   click [SalesPage_overseas] Overseas
5792.4s [2月1日（週日） 上午 7:06]   click [CompareLuminaPartners] Compare Lumina partners
5792.6s [2月1日（週日） 上午 7:06]   click [CallOmar] Video call Omar
5795.6s [2月1日（週日） 上午 7:06]   choose "› 讓我看看費用與風險。"
5797.4s [2月1日（週日） 上午 7:07]   shot 289_ch16_channel_choices.png
5797.4s [2月1日（週日） 上午 7:07]   click [LuminaFlight_co_riverlight_goods] 前往 Lumina — 公司帳戶
5803.9s [2月2日（週一） 上午 7:07]   info card: Lumina journey
5803.9s [2月2日（週一） 上午 7:07]   shot 290_info_lumina_journey.png
5803.9s [2月2日（週一） 上午 7:07]   click "Close"
5804.4s [2月2日（週一） 上午 7:07]   shot 291_ch16_trip_return.png
5804.4s [2月2日（週一） 上午 7:07]   click [LuminaFlight_player] 回程 — 個人帳戶
5806.8s [2月2日（週一） 下午 5:00]   toast: Riverlight Goods 咖啡 今天沒開門：吧台沒人顧。去僱一位咖啡師（人員分頁），或自己站吧台。
5810.9s [2月3日（週二） 上午 7:07]   info card: Lumina journey
5810.9s [2月3日（週二） 上午 7:07]   shot 292_info_lumina_journey.png
5810.9s [2月3日（週二） 上午 7:07]   click "Close"
5811.9s [2月3日（週二） 上午 7:07]   use "Use laptop — Company OS"
5812.8s [2月3日（週二） 上午 7:09]   click [Tab_operations] Operations
5814.2s [2月3日（週二） 上午 7:11]   click [DeliverTo_riverside_studio] 河濱大樓 7C
5815.5s [2月3日（週二） 上午 7:13]   click [Buy_tradelink_wholesale_wireless_earbuds] 購買 $918.00
5819.0s [2月3日（週二） 下午 5:00]   toast: Riverlight Goods 咖啡 今天沒開門：吧台沒人顧。去僱一位咖啡師（人員分頁），或自己站吧台。
5827.0s [2月3日（週二） 下午 7:11]   use "Sleep"
5827.7s [2月3日（週二） 下午 7:11]   click [Sleep] Sleep until 7:00 AM
5835.3s [2月4日（週三） 下午 5:00]   toast: Riverlight Goods 咖啡 今天沒開門：吧台沒人顧。去僱一位咖啡師（人員分頁），或自己站吧台。
5836.3s [2月4日（週三） 下午 7:00]   use "Sleep"
5837.0s [2月4日（週三） 下午 7:00]   click [Sleep] Sleep until 7:00 AM
5844.5s [2月5日（週四） 下午 5:00]   toast: Riverlight Goods 咖啡 今天沒開門：吧台沒人顧。去僱一位咖啡師（人員分頁），或自己站吧台。
5845.4s [2月5日（週四） 下午 7:00]   use "Sleep"
5846.2s [2月5日（週四） 下午 7:00]   click [Sleep] Sleep until 7:00 AM
5860.5s [2月6日（週五） 上午 7:14]   use "Packing table"
5861.4s [2月6日（週五） 上午 7:15]   click [Pack] 打包 2 筆訂單（16 分鐘）
5862.3s [2月6日（週五） 上午 7:32]   click [CourierEconomy] 快遞 · 經濟 3 天（$15.24）
5863.4s [2月6日（週五） 上午 7:34]   ok  real purchase supplies upcoming export or distributor shipment
5865.0s [2月6日（週五） 上午 7:36]   use "Use laptop — Company OS"
5865.9s [2月6日（週五） 上午 7:38]   click [Tab_sales] Ecommerce
5867.4s [2月6日（週五） 上午 7:40]   click [SalesPage_overseas] Overseas
5868.6s [2月6日（週五） 上午 7:42]   click [CompareLuminaPartners] Compare Lumina partners
5869.0s [2月6日（週五） 上午 7:42]   click [RequestOmarContract] Request distributor contract
5870.5s [2月6日（週五） 上午 7:43]   ok  a fresh distributor quote is accepted before contract controls
5870.6s [2月6日（週五） 上午 7:43]   shot 293_ch16_distributor_offer.png
5870.6s [2月6日（週五） 上午 7:43]   click [AcceptContract] Accept
5871.2s [2月6日（週五） 上午 7:44]   click [DeliverContract] 寄送 10 件到 Lumina；現在支付運費與關稅
5872.3s [2月6日（週五） 上午 9:15]   ok  native signing and dispatch put goods in transit
5872.3s [2月6日（週五） 上午 9:15]   shot 294_ch16_goods_in_transit.png
5875.4s [2月6日（週五） 下午 5:00]   toast: Riverlight Goods 咖啡 今天沒開門：吧台沒人顧。去僱一位咖啡師（人員分頁），或自己站吧台。
5883.7s [2月6日（週五） 下午 7:11]   use "Sleep"
5884.5s [2月6日（週五） 下午 7:11]   click [Sleep] Sleep until 7:00 AM
5898.4s [2月7日（週六） 上午 7:14]   use "Packing table"
5899.3s [2月7日（週六） 上午 7:15]   click [Pack] 打包 8 筆訂單（1 小時 4 分）
5900.7s [2月7日（週六） 上午 8:20]   click [CourierEconomy] 快遞 · 經濟 3 天（$42.96）
5903.9s [2月7日（週六） 下午 5:00]   toast: Riverlight Goods 咖啡 今天沒開門：吧台沒人顧。去僱一位咖啡師（人員分頁），或自己站吧台。
5913.6s [2月7日（週六） 下午 7:13]   use "Sleep"
5914.4s [2月7日（週六） 下午 7:13]   click [Sleep] Sleep until 7:00 AM
5928.3s [2月8日（週日） 上午 7:14]   use "Packing table"
5929.2s [2月8日（週日） 上午 7:15]   click [Pack] 打包 4 筆訂單（32 分鐘）
5930.3s [2月8日（週日） 上午 7:48]   click [CourierEconomy] 快遞 · 經濟 3 天（$24.48）
5943.6s [2月8日（週日） 下午 7:13]   use "Sleep"
5944.4s [2月8日（週日） 下午 7:13]   click [Sleep] Sleep until 7:00 AM
5958.7s [2月9日（週一） 上午 7:14]   use "Packing table"
5959.6s [2月9日（週一） 上午 7:15]   click [Pack] 打包 4 筆訂單（32 分鐘）
5960.5s [2月9日（週一） 上午 7:48]   click [CourierEconomy] 快遞 · 經濟 3 天（$24.48）
5964.0s [2月9日（週一） 下午 5:00]   toast: Riverlight Goods 咖啡 今天沒開門：吧台沒人顧。去僱一位咖啡師（人員分頁），或自己站吧台。
5973.4s [2月9日（週一） 下午 7:13]   use "Sleep"
5974.3s [2月9日（週一） 下午 7:13]   click [Sleep] Sleep until 7:00 AM
5988.2s [2月10日（週二） 上午 7:14]   use "Packing table"
5989.1s [2月10日（週二） 上午 7:15]   click [Pack] 打包 10 筆訂單（1 小時 20 分）
5990.4s [2月10日（週二） 上午 8:36]   click [CourierEconomy] 快遞 · 經濟 3 天（$52.20）
5993.7s [2月10日（週二） 下午 5:00]   toast: Riverlight Goods 咖啡 今天沒開門：吧台沒人顧。去僱一位咖啡師（人員分頁），或自己站吧台。
6003.4s [2月10日（週二） 下午 7:13]   use "Sleep"
6004.2s [2月10日（週二） 下午 7:13]   click [Sleep] Sleep until 7:00 AM
6018.4s [2月11日（週三） 上午 7:14]   use "Packing table"
6019.2s [2月11日（週三） 上午 7:15]   click [Pack] 打包 4 筆訂單（32 分鐘）
6020.1s [2月11日（週三） 上午 7:48]   click [CourierEconomy] 快遞 · 經濟 3 天（$24.48）
6023.7s [2月11日（週三） 下午 5:00]   toast: Riverlight Goods 咖啡 今天沒開門：吧台沒人顧。去僱一位咖啡師（人員分頁），或自己站吧台。
6033.5s [2月11日（週三） 下午 7:13]   use "Sleep"
6034.2s [2月11日（週三） 下午 7:13]   click [Sleep] Sleep until 7:00 AM
6048.2s [2月12日（週四） 上午 7:14]   use "Packing table"
6049.1s [2月12日（週四） 上午 7:15]   click [Pack] 打包 6 筆訂單（48 分鐘）
6050.4s [2月12日（週四） 上午 8:04]   click [CourierEconomy] 快遞 · 經濟 3 天（$33.72）
6054.0s [2月12日（週四） 下午 5:00]   toast: Riverlight Goods 咖啡 今天沒開門：吧台沒人顧。去僱一位咖啡師（人員分頁），或自己站吧台。
6063.7s [2月12日（週四） 下午 7:14]   use "Sleep"
6064.4s [2月12日（週四） 下午 7:14]   click [Sleep] Sleep until 7:00 AM
6072.0s [2月13日（週五） 下午 5:00]   toast: Riverlight Goods 咖啡 今天沒開門：吧台沒人顧。去僱一位咖啡師（人員分頁），或自己站吧台。
6072.9s [2月13日（週五） 下午 7:00]   use "Sleep"
6073.7s [2月13日（週五） 下午 7:00]   click [Sleep] Sleep until 7:00 AM
6081.2s [2月14日（週六） 下午 5:00]   toast: Riverlight Goods 咖啡 今天沒開門：吧台沒人顧。去僱一位咖啡師（人員分頁），或自己站吧台。
6082.2s [2月14日（週六） 下午 7:00]   use "Sleep"
6083.0s [2月14日（週六） 下午 7:00]   click [Sleep] Sleep until 7:00 AM
6091.4s [2月15日（週日） 下午 7:00]   use "Sleep"
6092.2s [2月15日（週日） 下午 7:00]   click [Sleep] Sleep until 7:00 AM
6099.8s [2月16日（週一） 下午 5:00]   toast: Riverlight Goods 咖啡 今天沒開門：吧台沒人顧。去僱一位咖啡師（人員分頁），或自己站吧台。
6107.2s [2月16日（週一） 下午 7:10]   use "Sleep"
6108.0s [2月16日（週一） 下午 7:10]   click [Sleep] Sleep until 7:00 AM
6122.0s [2月17日（週二） 上午 7:14]   use "Packing table"
6122.8s [2月17日（週二） 上午 7:15]   click [Pack] 打包 1 筆訂單（8 分鐘）
6123.7s [2月17日（週二） 上午 7:24]   click [CourierEconomy] 快遞 · 經濟 3 天（$10.62）
6127.2s [2月17日（週二） 下午 5:00]   toast: Riverlight Goods 咖啡 今天沒開門：吧台沒人顧。去僱一位咖啡師（人員分頁），或自己站吧台。
6136.9s [2月17日（週二） 下午 7:13]   use "Sleep"
6137.7s [2月17日（週二） 下午 7:13]   click [Sleep] Sleep until 7:00 AM
6145.3s [2月18日（週三） 下午 5:00]   toast: Riverlight Goods 咖啡 今天沒開門：吧台沒人顧。去僱一位咖啡師（人員分頁），或自己站吧台。
6152.7s [2月18日（週三） 下午 7:09]   use "Sleep"
6153.4s [2月18日（週三） 下午 7:10]   click [Sleep] Sleep until 7:00 AM
6161.1s [2月19日（週四） 下午 5:00]   toast: Riverlight Goods 咖啡 今天沒開門：吧台沒人顧。去僱一位咖啡師（人員分頁），或自己站吧台。
6162.0s [2月19日（週四） 下午 7:00]   use "Sleep"
6162.8s [2月19日（週四） 下午 7:00]   click [Sleep] Sleep until 7:00 AM
6170.4s [2月20日（週五） 下午 5:00]   toast: Riverlight Goods 咖啡 今天沒開門：吧台沒人顧。去僱一位咖啡師（人員分頁），或自己站吧台。
6171.3s [2月20日（週五） 下午 7:00]   use "Sleep"
6172.1s [2月20日（週五） 下午 7:00]   click [Sleep] Sleep until 7:00 AM
6179.8s [2月21日（週六） 下午 5:00]   toast: Riverlight Goods 咖啡 今天沒開門：吧台沒人顧。去僱一位咖啡師（人員分頁），或自己站吧台。
6180.7s [2月21日（週六） 下午 7:00]   use "Sleep"
6181.5s [2月21日（週六） 下午 7:00]   click [Sleep] Sleep until 7:00 AM
6189.9s [2月22日（週日） 下午 7:00]   use "Sleep"
6190.7s [2月22日（週日） 下午 7:00]   click [Sleep] Sleep until 7:00 AM
6198.3s [2月23日（週一） 下午 5:00]   toast: Riverlight Goods 咖啡 今天沒開門：吧台沒人顧。去僱一位咖啡師（人員分頁），或自己站吧台。
6199.3s [2月23日（週一） 下午 7:00]   use "Sleep"
6200.1s [2月23日（週一） 下午 7:00]   click [Sleep] Sleep until 7:00 AM
6207.7s [2月24日（週二） 下午 5:00]   toast: Riverlight Goods 咖啡 今天沒開門：吧台沒人顧。去僱一位咖啡師（人員分頁），或自己站吧台。
6215.1s [2月24日（週二） 下午 7:10]   use "Sleep"
6215.8s [2月24日（週二） 下午 7:10]   click [Sleep] Sleep until 7:00 AM
6223.4s [2月25日（週三） 下午 5:00]   toast: Riverlight Goods 咖啡 今天沒開門：吧台沒人顧。去僱一位咖啡師（人員分頁），或自己站吧台。
6224.4s [2月25日（週三） 下午 7:00]   use "Sleep"
6225.2s [2月25日（週三） 下午 7:00]   click [Sleep] Sleep until 7:00 AM
6232.8s [2月26日（週四） 下午 5:00]   toast: Riverlight Goods 咖啡 今天沒開門：吧台沒人顧。去僱一位咖啡師（人員分頁），或自己站吧台。
6233.8s [2月26日（週四） 下午 7:00]   use "Sleep"
6234.6s [2月26日（週四） 下午 7:00]   click [Sleep] Sleep until 7:00 AM
6242.2s [2月27日（週五） 下午 5:00]   toast: Riverlight Goods 咖啡 今天沒開門：吧台沒人顧。去僱一位咖啡師（人員分頁），或自己站吧台。
6243.3s [2月27日（週五） 下午 7:00]   info card: Customer ownership — 90-day estimate
6243.4s [2月27日（週五） 下午 7:00]   shot 295_info_customer_ownership_—_90-.png
6243.4s [2月27日（週五） 下午 7:00]   click "Close"
6243.9s [2月27日（週五） 下午 7:00]   use "Sleep"
6244.7s [2月27日（週五） 下午 7:00]   click [Sleep] Sleep until 7:00 AM
6249.8s [2月28日（週六） 上午 7:00]   shot 296_decision_rival_undercut.png
6249.8s [2月28日（週六） 上午 7:00]   decision rival_undercut → niche
6249.8s [2月28日（週六） 上午 7:00]   click [Choice_niche] 選擇利基市場
6251.2s [2月28日（週六） 上午 7:00]   shot 297_decision_outcome_rival_undercut.png
6251.2s [2月28日（週六） 上午 7:00]   click "OK"
6252.5s [2月28日（週六） 上午 7:01]   shot 298_ch16_90_day_comparison.png
6252.5s [2月28日（週六） 上午 7:01]   ok  chapter16 recognizes collected partner income
6252.5s [2月28日（週六） 上午 7:01] STEP Overseas warehouse — real lease and sea batch input
6253.7s [2月28日（週六） 上午 7:03]   use "Use laptop — Company OS"
6254.6s [2月28日（週六） 上午 7:04]   click [Tab_operations] Operations
6256.3s [2月28日（週六） 上午 7:06]   click [DeliverTo_riverside_studio] 河濱大樓 7C
6257.5s [2月28日（週六） 上午 7:08]   click [Buy_tradelink_wholesale_wireless_earbuds] 購買 $918.00
6261.2s [2月28日（週六） 下午 5:00]   toast: Riverlight Goods 咖啡 今天沒開門：吧台沒人顧。去僱一位咖啡師（人員分頁），或自己站吧台。
6269.1s [2月28日（週六） 下午 7:11]   use "Sleep"
6269.9s [2月28日（週六） 下午 7:11]   click [Sleep] Sleep until 7:00 AM
6278.4s [2月29日（週日） 下午 7:00]   use "Sleep"
6279.2s [2月29日（週日） 下午 7:00]   click [Sleep] Sleep until 7:00 AM
6286.0s [3月1日（週一） 上午 7:00]   shot 299_month_close_report.png
6286.0s [3月1日（週一） 上午 7:00]   click [month close] Continue
6289.0s [3月1日（週一） 下午 5:00]   toast: Riverlight Goods 咖啡 今天沒開門：吧台沒人顧。去僱一位咖啡師（人員分頁），或自己站吧台。
6290.0s [3月1日（週一） 下午 7:01]   use "Sleep"
6290.8s [3月1日（週一） 下午 7:01]   click [Sleep] Sleep until 7:00 AM
6305.0s [3月2日（週二） 上午 7:14]   use "Packing table"
6305.8s [3月2日（週二） 上午 7:15]   click [Pack] 打包 5 筆訂單（40 分鐘）
6306.7s [3月2日（週二） 上午 7:56]   click [CourierEconomy] 快遞 · 經濟 3 天（$29.10）
6307.9s [3月2日（週二） 上午 7:58]   ok  real purchase supplies upcoming export or distributor shipment
6309.8s [3月2日（週二） 上午 8:01]   use "Use laptop — Company OS"
6310.7s [3月2日（週二） 上午 8:01]   click [Tab_sales] Ecommerce
6311.4s [3月2日（週二） 上午 8:02]   click [SalesPage_overseas] Overseas
6311.6s [3月2日（週二） 上午 8:03]   click [CompareLuminaPartners] Compare Lumina partners
6311.7s [3月2日（週二） 上午 8:03]   click [PartnerChannel_warehouse] Overseas warehouse
6311.9s [3月2日（週二） 上午 8:03]   click [OpenLuminaWarehouse] 開設 Lumina 海外倉（$100.00）
6312.0s [3月2日（週二） 上午 8:03]   click [SendLuminaStock] Send stock by sea
6312.5s [3月2日（週二） 上午 8:04]   shot 300_ch16_warehouse_batch.png
6313.3s [3月2日（週二） 上午 8:05]   ok  warehouse batch really dispatched
6313.3s [3月2日（週二） 上午 8:05]   ok  chapters15–16 books balanced
6313.3s [3月2日（週二） 上午 8:05] STEP Chapter17 — native market news and real niche response
6313.8s [3月2日（週二） 上午 8:06]   use "Use laptop — Company OS"
6314.7s [3月2日（週二） 上午 8:07]   click [Tab_overview] Overview
6315.5s [3月2日（週二） 上午 8:08]   click [OpenLegacyStory] Consolidation and legacy
6315.7s [3月2日（週二） 上午 8:08]   click [read_consolidation_news] Read the consolidation news
6316.1s [3月2日（週二） 上午 8:13]   shot 301_ch17_news.png
6316.1s [3月2日（週二） 上午 8:13]   click [CloseInfo] Close
6316.7s [3月2日（週二） 上午 8:13]   shot 302_ch17_market_choice.png
6317.6s [3月2日（週二） 上午 8:13]   click [Strategy_niche] 利基 ✓
6319.3s [3月2日（週二） 上午 8:13]   click [apply_market_response] Apply price and operating response
6320.3s [3月2日（週二） 上午 8:13]   shot 303_ch17_price_and_campaign.png
6320.3s [3月2日（週二） 上午 8:13]   ok  real price and operating action recorded
6323.2s [3月2日（週二） 下午 5:00]   toast: Riverlight Goods 咖啡 今天沒開門：吧台沒人顧。去僱一位咖啡師（人員分頁），或自己站吧台。
6331.9s [3月2日（週二） 下午 7:11]   use "Sleep"
6332.7s [3月2日（週二） 下午 7:11]   click [Sleep] Sleep until 7:00 AM
6346.8s [3月3日（週三） 上午 7:14]   use "Packing table"
6347.6s [3月3日（週三） 上午 7:15]   click [Pack] 打包 3 筆訂單（24 分鐘）
6348.5s [3月3日（週三） 上午 7:40]   click [CourierEconomy] 快遞 · 經濟 3 天（$19.86）
6352.1s [3月3日（週三） 下午 5:00]   toast: Riverlight Goods 咖啡 今天沒開門：吧台沒人顧。去僱一位咖啡師（人員分頁），或自己站吧台。
6353.0s [3月3日（週三） 下午 7:00]   shot 304_decision_supplier_price_increase.png
6353.0s [3月3日（週三） 下午 7:00]   decision supplier_price_increase → accept
6353.0s [3月3日（週三） 下午 7:00]   click [Choice_accept] 好。繼續跟你進貨。
6354.4s [3月3日（週三） 下午 7:00]   shot 305_decision_outcome_supplier_price_increase.png
6354.4s [3月3日（週三） 下午 7:00]   click "OK"
6364.1s [3月3日（週三） 下午 7:14]   use "Sleep"
6364.9s [3月3日（週三） 下午 7:14]   click [Sleep] Sleep until 7:00 AM
6378.9s [3月4日（週四） 上午 7:14]   use "Packing table"
6379.8s [3月4日（週四） 上午 7:15]   click [Pack] 打包 3 筆訂單（24 分鐘）
6380.7s [3月4日（週四） 上午 7:40]   click [CourierEconomy] 快遞 · 經濟 3 天（$19.86）
6384.3s [3月4日（週四） 下午 5:00]   toast: Riverlight Goods 咖啡 今天沒開門：吧台沒人顧。去僱一位咖啡師（人員分頁），或自己站吧台。
6394.0s [3月4日（週四） 下午 7:13]   use "Sleep"
6394.8s [3月4日（週四） 下午 7:13]   click [Sleep] Sleep until 7:00 AM
6408.8s [3月5日（週五） 上午 7:14]   use "Packing table"
6409.7s [3月5日（週五） 上午 7:15]   click [Pack] 打包 6 筆訂單（48 分鐘）
6411.0s [3月5日（週五） 上午 8:04]   click [CourierEconomy] 快遞 · 經濟 3 天（$33.72）
6414.4s [3月5日（週五） 下午 5:00]   toast: Riverlight Goods 咖啡 今天沒開門：吧台沒人顧。去僱一位咖啡師（人員分頁），或自己站吧台。
6424.2s [3月5日（週五） 下午 7:13]   use "Sleep"
6424.9s [3月5日（週五） 下午 7:13]   click [Sleep] Sleep until 7:00 AM
6439.0s [3月6日（週六） 上午 7:14]   use "Packing table"
6439.9s [3月6日（週六） 上午 7:15]   click [Pack] 打包 4 筆訂單（32 分鐘）
6440.8s [3月6日（週六） 上午 7:48]   click [CourierEconomy] 快遞 · 經濟 3 天（$24.48）
6444.3s [3月6日（週六） 下午 5:00]   toast: Riverlight Goods 咖啡 今天沒開門：吧台沒人顧。去僱一位咖啡師（人員分頁），或自己站吧台。
6454.1s [3月6日（週六） 下午 7:13]   use "Sleep"
6455.3s [3月6日（週六） 下午 7:13]   click [Sleep] Sleep until 7:00 AM
6469.3s [3月7日（週日） 上午 7:14]   use "Packing table"
6470.2s [3月7日（週日） 上午 7:15]   click [Pack] 打包 3 筆訂單（24 分鐘）
6471.1s [3月7日（週日） 上午 7:40]   click [CourierEconomy] 快遞 · 經濟 3 天（$19.86）
6484.4s [3月7日（週日） 下午 7:13]   use "Sleep"
6485.2s [3月7日（週日） 下午 7:13]   click [Sleep] Sleep until 7:00 AM
6499.2s [3月8日（週一） 上午 7:14]   use "Packing table"
6500.1s [3月8日（週一） 上午 7:15]   click [Pack] 打包 5 筆訂單（40 分鐘）
6501.3s [3月8日（週一） 上午 7:56]   click [CourierEconomy] 快遞 · 經濟 3 天（$29.10）
6504.9s [3月8日（週一） 下午 5:00]   toast: Riverlight Goods 咖啡 今天沒開門：吧台沒人顧。去僱一位咖啡師（人員分頁），或自己站吧台。
6514.6s [3月8日（週一） 下午 7:13]   use "Sleep"
6515.3s [3月8日（週一） 下午 7:13]   click [Sleep] Sleep until 7:00 AM
6529.4s [3月9日（週二） 上午 7:14]   use "Packing table"
6530.2s [3月9日（週二） 上午 7:15]   click [Pack] 打包 1 筆訂單（8 分鐘）
6531.1s [3月9日（週二） 上午 7:24]   click [CourierEconomy] 快遞 · 經濟 3 天（$10.62）
6534.8s [3月9日（週二） 下午 5:00]   toast: Riverlight Goods 咖啡 今天沒開門：吧台沒人顧。去僱一位咖啡師（人員分頁），或自己站吧台。
6544.5s [3月9日（週二） 下午 7:13]   use "Sleep"
6545.3s [3月9日（週二） 下午 7:13]   click [Sleep] Sleep until 7:00 AM
6559.7s [3月10日（週三） 上午 7:14]   use "Packing table"
6560.6s [3月10日（週三） 上午 7:15]   click [Pack] 打包 5 筆訂單（40 分鐘）
6561.5s [3月10日（週三） 上午 7:56]   click [CourierEconomy] 快遞 · 經濟 3 天（$29.10）
6565.0s [3月10日（週三） 下午 5:00]   toast: Riverlight Goods 咖啡 今天沒開門：吧台沒人顧。去僱一位咖啡師（人員分頁），或自己站吧台。
6574.7s [3月10日（週三） 下午 7:13]   use "Sleep"
6575.6s [3月10日（週三） 下午 7:13]   click [Sleep] Sleep until 7:00 AM
6589.5s [3月11日（週四） 上午 7:14]   use "Packing table"
6590.4s [3月11日（週四） 上午 7:15]   click [Pack] 打包 1 筆訂單（8 分鐘）
6591.3s [3月11日（週四） 上午 7:24]   click [CourierEconomy] 快遞 · 經濟 3 天（$10.62）
6594.9s [3月11日（週四） 下午 5:00]   toast: Riverlight Goods 咖啡 今天沒開門：吧台沒人顧。去僱一位咖啡師（人員分頁），或自己站吧台。
6604.7s [3月11日（週四） 下午 7:13]   use "Sleep"
6605.4s [3月11日（週四） 下午 7:13]   click [Sleep] Sleep until 7:00 AM
6619.5s [3月12日（週五） 上午 7:14]   use "Packing table"
6620.4s [3月12日（週五） 上午 7:15]   click [Pack] 打包 3 筆訂單（24 分鐘）
6621.3s [3月12日（週五） 上午 7:40]   click [CourierEconomy] 快遞 · 經濟 3 天（$19.86）
6624.8s [3月12日（週五） 下午 5:00]   toast: Riverlight Goods 咖啡 今天沒開門：吧台沒人顧。去僱一位咖啡師（人員分頁），或自己站吧台。
6634.6s [3月12日（週五） 下午 7:13]   use "Sleep"
6635.4s [3月12日（週五） 下午 7:13]   click [Sleep] Sleep until 7:00 AM
6643.0s [3月13日（週六） 下午 5:00]   toast: Riverlight Goods 咖啡 今天沒開門：吧台沒人顧。去僱一位咖啡師（人員分頁），或自己站吧台。
6644.0s [3月13日（週六） 下午 7:00]   use "Sleep"
6644.8s [3月13日（週六） 下午 7:00]   click [Sleep] Sleep until 7:00 AM
6653.4s [3月14日（週日） 下午 7:00]   use "Sleep"
6654.2s [3月14日（週日） 下午 7:00]   click [Sleep] Sleep until 7:00 AM
6661.9s [3月15日（週一） 下午 5:00]   toast: Riverlight Goods 咖啡 今天沒開門：吧台沒人顧。去僱一位咖啡師（人員分頁），或自己站吧台。
6662.9s [3月15日（週一） 下午 7:00]   use "Sleep"
6663.7s [3月15日（週一） 下午 7:00]   click [Sleep] Sleep until 7:00 AM
6671.4s [3月16日（週二） 下午 5:00]   toast: Riverlight Goods 咖啡 今天沒開門：吧台沒人顧。去僱一位咖啡師（人員分頁），或自己站吧台。
6672.3s [3月16日（週二） 下午 7:00]   use "Sleep"
6673.1s [3月16日（週二） 下午 7:00]   click [Sleep] Sleep until 7:00 AM
6675.6s [3月17日（週三） 上午 3:13]   toast: 新評價 #5585：★★★「品質普通。」
6680.8s [3月17日（週三） 下午 5:00]   toast: Riverlight Goods 咖啡 今天沒開門：吧台沒人顧。去僱一位咖啡師（人員分頁），或自己站吧台。
6688.2s [3月17日（週三） 下午 7:10]   use "Sleep"
6688.9s [3月17日（週三） 下午 7:10]   click [Sleep] Sleep until 7:00 AM
6691.0s [3月18日（週四） 上午 1:24]   toast: 新評價 #5583：★★★「品質普通。」
6696.6s [3月18日（週四） 下午 5:00]   toast: Riverlight Goods 咖啡 今天沒開門：吧台沒人顧。去僱一位咖啡師（人員分頁），或自己站吧台。
6697.6s [3月18日（週四） 下午 7:00]   use "Sleep"
6698.4s [3月18日（週四） 下午 7:00]   click [Sleep] Sleep until 7:00 AM
6706.2s [3月19日（週五） 下午 5:00]   toast: Riverlight Goods 咖啡 今天沒開門：吧台沒人顧。去僱一位咖啡師（人員分頁），或自己站吧台。
6707.1s [3月19日（週五） 下午 7:00]   use "Sleep"
6707.9s [3月19日（週五） 下午 7:00]   click [Sleep] Sleep until 7:00 AM
6715.6s [3月20日（週六） 下午 5:00]   toast: Riverlight Goods 咖啡 今天沒開門：吧台沒人顧。去僱一位咖啡師（人員分頁），或自己站吧台。
6716.6s [3月20日（週六） 下午 7:00]   use "Sleep"
6717.4s [3月20日（週六） 下午 7:00]   click [Sleep] Sleep until 7:00 AM
6726.1s [3月21日（週日） 下午 7:00]   use "Sleep"
6726.8s [3月21日（週日） 下午 7:00]   click [Sleep] Sleep until 7:00 AM
6734.5s [3月22日（週一） 下午 5:00]   toast: Riverlight Goods 咖啡 今天沒開門：吧台沒人顧。去僱一位咖啡師（人員分頁），或自己站吧台。
6735.4s [3月22日（週一） 下午 7:00]   shot 306_decision_supplier_price_increase.png
6735.4s [3月22日（週一） 下午 7:00]   decision supplier_price_increase → accept
6735.4s [3月22日（週一） 下午 7:00]   click [Choice_accept] 好。繼續跟你進貨。
6736.8s [3月22日（週一） 下午 7:00]   shot 307_decision_outcome_supplier_price_increase.png
6736.8s [3月22日（週一） 下午 7:00]   click "OK"
6743.9s [3月22日（週一） 下午 7:10]   use "Sleep"
6744.7s [3月22日（週一） 下午 7:10]   click [Sleep] Sleep until 7:00 AM
6752.4s [3月23日（週二） 下午 5:00]   toast: Riverlight Goods 咖啡 今天沒開門：吧台沒人顧。去僱一位咖啡師（人員分頁），或自己站吧台。
6753.4s [3月23日（週二） 下午 7:00]   use "Sleep"
6754.2s [3月23日（週二） 下午 7:00]   click [Sleep] Sleep until 7:00 AM
6762.1s [3月24日（週三） 下午 5:00]   toast: Riverlight Goods 咖啡 今天沒開門：吧台沒人顧。去僱一位咖啡師（人員分頁），或自己站吧台。
6763.1s [3月24日（週三） 下午 7:00]   use "Sleep"
6763.9s [3月24日（週三） 下午 7:00]   click [Sleep] Sleep until 7:00 AM
6771.5s [3月25日（週四） 下午 5:00]   toast: Riverlight Goods 咖啡 今天沒開門：吧台沒人顧。去僱一位咖啡師（人員分頁），或自己站吧台。
6772.5s [3月25日（週四） 下午 7:00]   use "Sleep"
6773.3s [3月25日（週四） 下午 7:00]   click [Sleep] Sleep until 7:00 AM
6781.0s [3月26日（週五） 下午 5:00]   toast: Riverlight Goods 咖啡 今天沒開門：吧台沒人顧。去僱一位咖啡師（人員分頁），或自己站吧台。
6782.0s [3月26日（週五） 下午 7:00]   use "Sleep"
6782.7s [3月26日（週五） 下午 7:00]   click [Sleep] Sleep until 7:00 AM
6790.4s [3月27日（週六） 下午 5:00]   toast: Riverlight Goods 咖啡 今天沒開門：吧台沒人顧。去僱一位咖啡師（人員分頁），或自己站吧台。
6797.8s [3月27日（週六） 下午 7:10]   use "Sleep"
6798.6s [3月27日（週六） 下午 7:10]   click [Sleep] Sleep until 7:00 AM
6807.2s [3月28日（週日） 下午 7:00]   use "Sleep"
6807.9s [3月28日（週日） 下午 7:00]   click [Sleep] Sleep until 7:00 AM
6815.6s [3月29日（週一） 下午 5:00]   toast: Riverlight Goods 咖啡 今天沒開門：吧台沒人顧。去僱一位咖啡師（人員分頁），或自己站吧台。
6816.6s [3月29日（週一） 下午 7:00]   use "Sleep"
6817.4s [3月29日（週一） 下午 7:00]   click [Sleep] Sleep until 7:00 AM
6825.0s [3月30日（週二） 下午 5:00]   toast: Riverlight Goods 咖啡 今天沒開門：吧台沒人顧。去僱一位咖啡師（人員分頁），或自己站吧台。
6826.0s [3月30日（週二） 下午 7:00]   use "Sleep"
6826.8s [3月30日（週二） 下午 7:00]   click [Sleep] Sleep until 7:00 AM
6834.6s [3月31日（週三） 下午 5:00]   toast: Riverlight Goods 咖啡 今天沒開門：吧台沒人顧。去僱一位咖啡師（人員分頁），或自己站吧台。
6835.5s [3月31日（週三） 下午 7:00]   use "Sleep"
6836.3s [3月31日（週三） 下午 7:00]   click [Sleep] Sleep until 7:00 AM
6843.2s [4月1日（週四） 上午 7:00]   shot 308_month_close_report.png
6843.2s [4月1日（週四） 上午 7:00]   click [month close] Continue
6846.1s [4月1日（週四） 下午 5:00]   toast: Riverlight Goods 咖啡 今天沒開門：吧台沒人顧。去僱一位咖啡師（人員分頁），或自己站吧台。
6853.5s [4月1日（週四） 下午 7:10]   use "Sleep"
6854.3s [4月1日（週四） 下午 7:10]   click [Sleep] Sleep until 7:00 AM
6862.2s [4月2日（週五） 下午 5:00]   toast: Riverlight Goods 咖啡 今天沒開門：吧台沒人顧。去僱一位咖啡師（人員分頁），或自己站吧台。
6863.2s [4月2日（週五） 下午 7:00]   use "Sleep"
6863.9s [4月2日（週五） 下午 7:00]   click [Sleep] Sleep until 7:00 AM
6871.6s [4月3日（週六） 下午 5:00]   toast: Riverlight Goods 咖啡 今天沒開門：吧台沒人顧。去僱一位咖啡師（人員分頁），或自己站吧台。
6872.6s [4月3日（週六） 下午 7:00]   use "Sleep"
6873.4s [4月3日（週六） 下午 7:00]   click [Sleep] Sleep until 7:00 AM
6882.0s [4月4日（週日） 下午 7:00]   use "Sleep"
6882.8s [4月4日（週日） 下午 7:00]   click [Sleep] Sleep until 7:00 AM
6890.5s [4月5日（週一） 下午 5:00]   toast: Riverlight Goods 咖啡 今天沒開門：吧台沒人顧。去僱一位咖啡師（人員分頁），或自己站吧台。
6891.4s [4月5日（週一） 下午 7:00]   shot 309_decision_low_cash_warning.png
6891.4s [4月5日（週一） 下午 7:00]   decision low_cash_warning → reduce
6891.4s [4月5日（週一） 下午 7:00]   click [Choice_reduce] 縮減開支（暫停廣告、生活從簡）
6893.0s [4月5日（週一） 下午 7:00]   shot 310_decision_outcome_low_cash_warning.png
6893.0s [4月5日（週一） 下午 7:00]   click "OK"
6893.7s [4月5日（週一） 下午 7:00]   use "Sleep"
6894.5s [4月5日（週一） 下午 7:00]   click [Sleep] Sleep until 7:00 AM
6902.2s [4月6日（週二） 下午 5:00]   toast: Riverlight Goods 咖啡 今天沒開門：吧台沒人顧。去僱一位咖啡師（人員分頁），或自己站吧台。
6909.6s [4月6日（週二） 下午 7:10]   use "Sleep"
6910.3s [4月6日（週二） 下午 7:10]   click [Sleep] Sleep until 7:00 AM
6918.0s [4月7日（週三） 下午 5:00]   toast: Riverlight Goods 咖啡 今天沒開門：吧台沒人顧。去僱一位咖啡師（人員分頁），或自己站吧台。
6919.0s [4月7日（週三） 下午 7:00]   use "Sleep"
6919.8s [4月7日（週三） 下午 7:00]   click [Sleep] Sleep until 7:00 AM
6927.5s [4月8日（週四） 下午 5:00]   toast: Riverlight Goods 咖啡 今天沒開門：吧台沒人顧。去僱一位咖啡師（人員分頁），或自己站吧台。
6928.4s [4月8日（週四） 下午 7:00]   shot 311_decision_low_cash_warning.png
6928.4s [4月8日（週四） 下午 7:00]   decision low_cash_warning → reduce
6928.4s [4月8日（週四） 下午 7:00]   click [Choice_reduce] 縮減開支（暫停廣告、生活從簡）
6930.0s [4月8日（週四） 下午 7:00]   shot 312_decision_outcome_low_cash_warning.png
6930.0s [4月8日（週四） 下午 7:00]   click "OK"
6930.6s [4月8日（週四） 下午 7:00]   use "Sleep"
6931.4s [4月8日（週四） 下午 7:00]   click [Sleep] Sleep until 7:00 AM
6938.1s [4月9日（週五） 下午 1:20]   toast: Nexus 銀行要求貸款 L1 立即清償：7 天內須還 $8,959。
6939.1s [4月9日（週五） 下午 5:00]   toast: 薪水發不出來：現金不夠付 $695。公司欠團隊 $695。
6939.1s [4月9日（週五） 下午 5:00]   toast: Riverlight Goods 咖啡 今天沒開門：吧台沒人顧。去僱一位咖啡師（人員分頁），或自己站吧台。
6940.1s [4月9日（週五） 下午 7:00]   use "Sleep"
6940.9s [4月9日（週五） 下午 7:00]   click [Sleep] Sleep until 7:00 AM
6948.6s [4月10日（週六） 下午 5:00]   toast: Riverlight Goods 咖啡 今天沒開門：吧台沒人顧。去僱一位咖啡師（人員分頁），或自己站吧台。
6949.6s [4月10日（週六） 下午 7:00]   use "Sleep"
6950.4s [4月10日（週六） 下午 7:00]   click [Sleep] Sleep until 7:00 AM
6959.0s [4月11日（週日） 下午 7:00]   shot 313_decision_low_cash_warning.png
6959.0s [4月11日（週日） 下午 7:00]   decision low_cash_warning → reduce
6959.0s [4月11日（週日） 下午 7:00]   click [Choice_reduce] 縮減開支（暫停廣告、生活從簡）
6960.6s [4月11日（週日） 下午 7:00]   shot 314_decision_outcome_low_cash_warning.png
6960.6s [4月11日（週日） 下午 7:00]   click "OK"
6967.7s [4月11日（週日） 下午 7:10]   use "Sleep"
6968.5s [4月11日（週日） 下午 7:10]   click [Sleep] Sleep until 7:00 AM
6976.2s [4月12日（週一） 下午 5:00]   toast: Riverlight Goods 咖啡 今天沒開門：吧台沒人顧。去僱一位咖啡師（人員分頁），或自己站吧台。
6977.1s [4月12日（週一） 下午 7:00]   shot 315_decision_supplier_price_increase.png
6977.1s [4月12日（週一） 下午 7:00]   decision supplier_price_increase → accept
6977.1s [4月12日（週一） 下午 7:00]   click [Choice_accept] 好。繼續跟你進貨。
6978.5s [4月12日（週一） 下午 7:00]   shot 316_decision_outcome_supplier_price_increase.png
6978.5s [4月12日（週一） 下午 7:00]   click "OK"
6979.1s [4月12日（週一） 下午 7:00]   use "Sleep"
6979.9s [4月12日（週一） 下午 7:00]   click [Sleep] Sleep until 7:00 AM
6987.6s [4月13日（週二） 下午 5:00]   toast: Riverlight Goods 咖啡 今天沒開門：吧台沒人顧。去僱一位咖啡師（人員分頁），或自己站吧台。
6988.6s [4月13日（週二） 下午 7:00]   use "Sleep"
6989.3s [4月13日（週二） 下午 7:00]   click [Sleep] Sleep until 7:00 AM
6997.0s [4月14日（週三） 下午 5:00]   toast: Riverlight Goods 咖啡 今天沒開門：吧台沒人顧。去僱一位咖啡師（人員分頁），或自己站吧台。
6998.0s [4月14日（週三） 下午 7:00]   shot 317_decision_low_cash_warning.png
6998.0s [4月14日（週三） 下午 7:00]   decision low_cash_warning → reduce
6998.0s [4月14日（週三） 下午 7:00]   click [Choice_reduce] 縮減開支（暫停廣告、生活從簡）
6999.5s [4月14日（週三） 下午 7:00]   shot 318_decision_outcome_low_cash_warning.png
6999.5s [4月14日（週三） 下午 7:00]   click "OK"
7000.2s [4月14日（週三） 下午 7:00]   use "Sleep"
7001.0s [4月14日（週三） 下午 7:00]   click [Sleep] Sleep until 7:00 AM
7008.7s [4月15日（週四） 下午 5:00]   toast: Riverlight Goods 咖啡 今天沒開門：吧台沒人顧。去僱一位咖啡師（人員分頁），或自己站吧台。
7009.7s [4月15日（週四） 下午 7:00]   use "Sleep"
7010.5s [4月15日（週四） 下午 7:00]   click [Sleep] Sleep until 7:00 AM
7017.3s [4月16日（週五） 下午 1:20]   toast: Riverlight Goods 付不出債務了，你必須決定接下來怎麼做。
7018.2s [4月16日（週五） 下午 5:00]   toast: 薪水發不出來：現金不夠付 $1,390。公司欠團隊 $1,390。
7018.2s [4月16日（週五） 下午 5:00]   toast: Zoe Okoro 離職了。
7018.2s [4月16日（週五） 下午 5:00]   toast: Riverlight Goods 咖啡 今天沒開門：吧台沒人顧。去僱一位咖啡師（人員分頁），或自己站吧台。
7019.1s [4月16日（週五） 下午 7:00]   shot 319_actual_insolvency_choices.png
7019.1s [4月16日（週五） 下午 7:00]   click [Rescue] 拿出自己的 $10,266
7019.4s [4月16日（週五） 下午 7:00]   ok  actual founder savings resolve insolvency
7019.4s [4月16日（週五） 下午 7:00]   ok  rescue spends existing personal savings without invented capital
7019.4s [4月16日（週五） 下午 7:00]   ok  actual insolvency choice preserves balanced books
7026.0s [4月16日（週五） 下午 7:10]   use "Sleep"
7026.8s [4月16日（週五） 下午 7:10]   click [Sleep] Sleep until 7:00 AM
7032.2s [4月17日（週六） 上午 7:00]   shot 320_decision_cafe_inspection.png
7032.2s [4月17日（週六） 上午 7:00]   decision cafe_inspection → prepare
7032.2s [4月17日（週六） 上午 7:00]   click [Choice_prepare] 清潔十五分鐘後接受檢查
7033.6s [4月17日（週六） 上午 7:15]   shot 321_decision_outcome_cafe_inspection.png
7033.6s [4月17日（週六） 上午 7:15]   click "OK"
7037.5s [4月17日（週六） 下午 7:01]   use "Sleep"
7038.2s [4月17日（週六） 下午 7:01]   click [Sleep] Sleep until 7:00 AM
7046.9s [4月18日（週日） 下午 7:00]   use "Sleep"
7047.7s [4月18日（週日） 下午 7:00]   click [Sleep] Sleep until 7:00 AM
7055.4s [4月19日（週一） 下午 5:00]   toast: Riverlight Goods 咖啡 今天沒開門：吧台沒人顧。去僱一位咖啡師（人員分頁），或自己站吧台。
7056.4s [4月19日（週一） 下午 7:00]   use "Sleep"
7057.2s [4月19日（週一） 下午 7:00]   click [Sleep] Sleep until 7:00 AM
7064.9s [4月20日（週二） 下午 5:00]   toast: Riverlight Goods 咖啡 今天沒開門：吧台沒人顧。去僱一位咖啡師（人員分頁），或自己站吧台。
7065.9s [4月20日（週二） 下午 7:00]   use "Sleep"
7066.6s [4月20日（週二） 下午 7:00]   click [Sleep] Sleep until 7:00 AM
7074.5s [4月21日（週三） 下午 5:00]   toast: Riverlight Goods 咖啡 今天沒開門：吧台沒人顧。去僱一位咖啡師（人員分頁），或自己站吧台。
7081.9s [4月21日（週三） 下午 7:10]   use "Sleep"
7082.7s [4月21日（週三） 下午 7:10]   click [Sleep] Sleep until 7:00 AM
7090.3s [4月22日（週四） 下午 5:00]   toast: Riverlight Goods 咖啡 今天沒開門：吧台沒人顧。去僱一位咖啡師（人員分頁），或自己站吧台。
7091.3s [4月22日（週四） 下午 7:00]   use "Sleep"
7092.1s [4月22日（週四） 下午 7:00]   click [Sleep] Sleep until 7:00 AM
7099.8s [4月23日（週五） 下午 5:00]   toast: Riverlight Goods 咖啡 今天沒開門：吧台沒人顧。去僱一位咖啡師（人員分頁），或自己站吧台。
7100.8s [4月23日（週五） 下午 7:00]   use "Sleep"
7101.6s [4月23日（週五） 下午 7:00]   click [Sleep] Sleep until 7:00 AM
7109.3s [4月24日（週六） 下午 5:00]   toast: Riverlight Goods 咖啡 今天沒開門：吧台沒人顧。去僱一位咖啡師（人員分頁），或自己站吧台。
7110.3s [4月24日（週六） 下午 7:00]   use "Sleep"
7111.0s [4月24日（週六） 下午 7:00]   click [Sleep] Sleep until 7:00 AM
7119.7s [4月25日（週日） 下午 7:00]   use "Sleep"
7120.5s [4月25日（週日） 下午 7:00]   click [Sleep] Sleep until 7:00 AM
7128.1s [4月26日（週一） 下午 5:00]   toast: Riverlight Goods 咖啡 今天沒開門：吧台沒人顧。去僱一位咖啡師（人員分頁），或自己站吧台。
7135.5s [4月26日（週一） 下午 7:10]   use "Sleep"
7136.3s [4月26日（週一） 下午 7:10]   click [Sleep] Sleep until 7:00 AM
7144.1s [4月27日（週二） 下午 5:00]   toast: Riverlight Goods 咖啡 今天沒開門：吧台沒人顧。去僱一位咖啡師（人員分頁），或自己站吧台。
7145.0s [4月27日（週二） 下午 7:00]   use "Sleep"
7145.8s [4月27日（週二） 下午 7:00]   click [Sleep] Sleep until 7:00 AM
7153.6s [4月28日（週三） 下午 5:00]   toast: Riverlight Goods 咖啡 今天沒開門：吧台沒人顧。去僱一位咖啡師（人員分頁），或自己站吧台。
7154.6s [4月28日（週三） 下午 7:00]   use "Sleep"
7155.4s [4月28日（週三） 下午 7:00]   click [Sleep] Sleep until 7:00 AM
7163.5s [4月29日（週四） 下午 5:00]   toast: Riverlight Goods 咖啡 今天沒開門：吧台沒人顧。去僱一位咖啡師（人員分頁），或自己站吧台。
7164.5s [4月29日（週四） 下午 7:00]   use "Sleep"
7165.2s [4月29日（週四） 下午 7:00]   click [Sleep] Sleep until 7:00 AM
7173.0s [4月30日（週五） 下午 5:00]   toast: Riverlight Goods 咖啡 今天沒開門：吧台沒人顧。去僱一位咖啡師（人員分頁），或自己站吧台。
7174.0s [4月30日（週五） 下午 7:00]   use "Sleep"
7174.8s [4月30日（週五） 下午 7:00]   click [Sleep] Sleep until 7:00 AM
7181.7s [5月1日（週六） 上午 7:00]   shot 322_month_close_report.png
7181.7s [5月1日（週六） 上午 7:00]   click [month close] Continue
7184.7s [5月1日（週六） 下午 5:00]   toast: Riverlight Goods 咖啡 今天沒開門：吧台沒人顧。去僱一位咖啡師（人員分頁），或自己站吧台。
7185.5s [5月1日（週六） 下午 7:00]   shot 323_decision_supplier_price_increase.png
7185.5s [5月1日（週六） 下午 7:00]   decision supplier_price_increase → accept
7185.5s [5月1日（週六） 下午 7:00]   click [Choice_accept] 好。繼續跟你進貨。
7186.9s [5月1日（週六） 下午 7:00]   shot 324_decision_outcome_supplier_price_increase.png
7186.9s [5月1日（週六） 下午 7:00]   click "OK"
7194.2s [5月1日（週六） 下午 7:10]   use "Sleep"
7195.0s [5月1日（週六） 下午 7:10]   click [Sleep] Sleep until 7:00 AM
7201.4s [5月2日（週日） 上午 7:02]   use "Use laptop — Company OS"
7202.4s [5月2日（週日） 上午 7:03]   click [Tab_overview] Overview
7203.2s [5月2日（週日） 上午 7:05]   click [OpenLegacyStory] Consolidation and legacy
7203.4s [5月2日（週日） 上午 7:05]   shot 325_ch17_survival_review.png
7204.4s [5月2日（週日） 上午 7:05]   click [kai_interview] Accept Kai's interview
7205.5s [5月2日（週日） 上午 7:05]   shot 326_ch17_comparison.png
7205.5s [5月2日（週日） 上午 7:05]   info card: Compare consolidation routes
7205.5s [5月2日（週日） 上午 7:05]   shot 327_info_compare_consolidation_ro.png
7205.5s [5月2日（週日） 上午 7:05]   click "Close"
7205.9s [5月2日（週日） 上午 7:05]   ok  chapter17 complete or honestly unavailable
7205.9s [5月2日（週日） 上午 7:05] STEP Chapter18 — actual Maya dialogue, ending and every epilogue card
7205.9s [5月2日（週日） 上午 7:05]   click [meet_maya_legacy] Call Maya or meet at Bloom Coffee
7209.0s [5月2日（週日） 上午 7:05]   choose "› 我想繼續經營。"
7212.0s [5月2日（週日） 上午 7:05]   shot 328_ch18_ending_choices.png
7212.0s [5月2日（週日） 上午 7:05]   ok  actual legacy conversation completed
7213.0s [5月2日（週日） 上午 7:05]   click [LegacyChoice_independent] Keep building
7213.7s [5月2日（週日） 上午 7:05]   shot 329_ch18_independent_card_1.png
7214.9s [5月2日（週日） 上午 7:05]   click [legacy_next_card] Next card
7215.6s [5月2日（週日） 上午 7:05]   shot 330_ch18_independent_card_2.png
7216.6s [5月2日（週日） 上午 7:05]   click [legacy_next_card] Next card
7217.3s [5月2日（週日） 上午 7:05]   shot 331_ch18_independent_card_3.png
7218.3s [5月2日（週日） 上午 7:05]   click [legacy_next_card] Next card
7219.0s [5月2日（週日） 上午 7:05]   shot 332_ch18_independent_card_4.png
7220.0s [5月2日（週日） 上午 7:05]   click [legacy_next_card] Next card
7220.7s [5月2日（週日） 上午 7:05]   shot 333_ch18_independent_card_5.png
7221.7s [5月2日（週日） 上午 7:05]   click [legacy_next_card] Finish epilogue
7222.6s [5月2日（週日） 上午 7:05]   ok  all epilogue cards viewed: independent
7222.6s [5月2日（週日） 上午 7:05]   click [KeepThisLife] Keep living this life
7222.7s [5月2日（週日） 上午 7:05]   click [legacy_free_play] Return to free play
7223.1s [5月2日（週日） 上午 7:05]   ok  all chapter17–18 books balance
7223.4s [5月2日（週日） 上午 7:05]   use "Use laptop — Company OS"
7224.4s [5月2日（週日） 上午 7:07]   click [Tab_overview] Overview
7225.9s [5月2日（週日） 上午 7:09]   click [OpenCityFuture] 城市的未來
7227.1s [5月2日（週日） 上午 7:09]   click [city_start] 加入城市提案
7227.6s [5月2日（週日） 上午 7:09] STEP Civic chapter 19 — real supplier invoices and player decision
7228.3s [5月2日（週日） 上午 7:09]   click [city_read] 閱讀市府簡報。
7229.0s [5月2日（週日） 上午 7:09]   shot 334_city19_supplier_budget.png
7229.7s [5月2日（週日） 上午 7:09]   click [city_partner] 加入城市合作，由市府預算支付供應商
7231.0s [5月2日（週日） 上午 7:09]   click [city_wait] 回到城市，等待已付款服務交付
7239.8s [5月3日（週一） 下午 5:00]   toast: Riverlight Goods 咖啡 今天沒開門：吧台沒人顧。去僱一位咖啡師（人員分頁），或自己站吧台。
7245.7s [5月4日（週二） 下午 5:00]   toast: Riverlight Goods 咖啡 今天沒開門：吧台沒人顧。去僱一位咖啡師（人員分頁），或自己站吧台。
7251.6s [5月5日（週三） 下午 5:00]   toast: Riverlight Goods 咖啡 今天沒開門：吧台沒人顧。去僱一位咖啡師（人員分頁），或自己站吧台。
7257.6s [5月6日（週四） 下午 5:00]   toast: Riverlight Goods 咖啡 今天沒開門：吧台沒人顧。去僱一位咖啡師（人員分頁），或自己站吧台。
7263.6s [5月7日（週五） 下午 5:00]   toast: Riverlight Goods 咖啡 今天沒開門：吧台沒人顧。去僱一位咖啡師（人員分頁），或自己站吧台。
7269.5s [5月8日（週六） 下午 5:00]   toast: Riverlight Goods 咖啡 今天沒開門：吧台沒人顧。去僱一位咖啡師（人員分頁），或自己站吧台。
7279.4s [5月10日（週一） 上午 7:10]   use "Use laptop — Company OS"
7280.3s [5月10日（週一） 上午 7:11]   click [Tab_overview] Overview
7281.9s [5月10日（週一） 上午 7:13]   click [OpenCityFuture] 城市的未來
7282.4s [5月10日（週一） 上午 7:13]   shot 335_city19_real_decisions.png
7283.1s [5月10日（週一） 上午 7:13]   click [CityChoice_balanced] 提交均衡的博覽會申辦提案
7284.5s [5月10日（週一） 上午 7:13]   click [city_wait_result] 回到城市，等待兩天後公布成果
7287.4s [5月10日（週一） 下午 5:00]   toast: Riverlight Goods 咖啡 今天沒開門：吧台沒人顧。去僱一位咖啡師（人員分頁），或自己站吧台。
7293.2s [5月11日（週二） 下午 5:00]   toast: Riverlight Goods 咖啡 今天沒開門：吧台沒人顧。去僱一位咖啡師（人員分頁），或自己站吧台。
7297.5s [5月12日（週三） 上午 8:14]   use "Use laptop — Company OS"
7298.5s [5月12日（週三） 上午 8:15]   click [Tab_overview] Overview
7300.0s [5月12日（週三） 上午 8:17]   click [OpenCityFuture] 城市的未來
7300.5s [5月12日（週三） 上午 8:17]   shot 336_city19_recorded_result.png
7301.2s [5月12日（週三） 上午 8:17]   click [city_review] 檢視實際交付與城市成果。
7301.8s [5月12日（週三） 上午 8:17]   ok  city chapter completed from actual services and result 19
7301.8s [5月12日（週三） 上午 8:17]   ok  city chapter 19 balanced books
7301.8s [5月12日（週三） 上午 8:17] STEP Civic chapter 20 — real supplier invoices and player decision
7302.6s [5月12日（週三） 上午 8:17]   click [city_read] 閱讀市府簡報。
7303.3s [5月12日（週三） 上午 8:17]   shot 337_city20_supplier_budget.png
7304.0s [5月12日（週三） 上午 8:17]   click [city_partner] 加入城市合作，由市府預算支付供應商
7305.1s [5月12日（週三） 上午 8:17]   click [city_wait] 回到城市，等待已付款服務交付
7307.8s [5月12日（週三） 下午 5:00]   toast: Riverlight Goods 咖啡 今天沒開門：吧台沒人顧。去僱一位咖啡師（人員分頁），或自己站吧台。
7313.8s [5月13日（週四） 下午 5:00]   toast: Riverlight Goods 咖啡 今天沒開門：吧台沒人顧。去僱一位咖啡師（人員分頁），或自己站吧台。
7319.7s [5月14日（週五） 下午 5:00]   toast: Riverlight Goods 咖啡 今天沒開門：吧台沒人顧。去僱一位咖啡師（人員分頁），或自己站吧台。
7325.6s [5月15日（週六） 下午 5:00]   toast: Riverlight Goods 咖啡 今天沒開門：吧台沒人顧。去僱一位咖啡師（人員分頁），或自己站吧台。
7337.5s [5月17日（週一） 下午 5:00]   toast: Riverlight Goods 咖啡 今天沒開門：吧台沒人顧。去僱一位咖啡師（人員分頁），或自己站吧台。
7343.4s [5月18日（週二） 下午 5:00]   toast: Riverlight Goods 咖啡 今天沒開門：吧台沒人顧。去僱一位咖啡師（人員分頁），或自己站吧台。
7349.4s [5月19日（週三） 下午 5:00]   toast: Riverlight Goods 咖啡 今天沒開門：吧台沒人顧。去僱一位咖啡師（人員分頁），或自己站吧台。
7354.0s [5月20日（週四） 上午 8:18]   use "Use laptop — Company OS"
7355.0s [5月20日（週四） 上午 8:19]   click [Tab_overview] Overview
7356.5s [5月20日（週四） 上午 8:21]   click [OpenCityFuture] 城市的未來
7357.0s [5月20日（週四） 上午 8:21]   shot 338_city20_real_decisions.png
7357.7s [5月20日（週四） 上午 8:21]   click [CityChoice_transparent] 公開招標，接受獨立監督
7359.1s [5月20日（週四） 上午 8:21]   click [city_wait_result] 回到城市，等待兩天後公布成果
7361.7s [5月20日（週四） 下午 5:00]   toast: Riverlight Goods 咖啡 今天沒開門：吧台沒人顧。去僱一位咖啡師（人員分頁），或自己站吧台。
7367.6s [5月21日（週五） 下午 5:00]   toast: Riverlight Goods 咖啡 今天沒開門：吧台沒人顧。去僱一位咖啡師（人員分頁），或自己站吧台。
7372.2s [5月22日（週六） 上午 9:22]   use "Use laptop — Company OS"
7373.1s [5月22日（週六） 上午 9:23]   click [Tab_overview] Overview
7374.7s [5月22日（週六） 上午 9:25]   click [OpenCityFuture] 城市的未來
7375.2s [5月22日（週六） 上午 9:25]   shot 339_city20_recorded_result.png
7375.8s [5月22日（週六） 上午 9:25]   click [city_review] 檢視實際交付與城市成果。
7376.5s [5月22日（週六） 上午 9:25]   ok  city chapter completed from actual services and result 20
7376.5s [5月22日（週六） 上午 9:25]   ok  city chapter 20 balanced books
7376.5s [5月22日（週六） 上午 9:25] STEP Civic chapter 21 — real supplier invoices and player decision
7377.2s [5月22日（週六） 上午 9:25]   click [city_read] 閱讀市府簡報。
7378.0s [5月22日（週六） 上午 9:25]   shot 340_city21_supplier_budget.png
7378.6s [5月22日（週六） 上午 9:25]   click [city_partner] 加入城市合作，由市府預算支付供應商
7379.8s [5月22日（週六） 上午 9:25]   click [city_wait] 回到城市，等待已付款服務交付
7382.2s [5月22日（週六） 下午 5:00]   toast: Riverlight Goods 咖啡 今天沒開門：吧台沒人顧。去僱一位咖啡師（人員分頁），或自己站吧台。
7394.0s [5月24日（週一） 下午 5:00]   toast: Riverlight Goods 咖啡 今天沒開門：吧台沒人顧。去僱一位咖啡師（人員分頁），或自己站吧台。
7399.9s [5月25日（週二） 下午 5:00]   toast: Riverlight Goods 咖啡 今天沒開門：吧台沒人顧。去僱一位咖啡師（人員分頁），或自己站吧台。
7405.8s [5月26日（週三） 下午 5:00]   toast: Riverlight Goods 咖啡 今天沒開門：吧台沒人顧。去僱一位咖啡師（人員分頁），或自己站吧台。
7411.8s [5月27日（週四） 下午 5:00]   toast: Riverlight Goods 咖啡 今天沒開門：吧台沒人顧。去僱一位咖啡師（人員分頁），或自己站吧台。
7417.7s [5月28日（週五） 下午 5:00]   toast: Riverlight Goods 咖啡 今天沒開門：吧台沒人顧。去僱一位咖啡師（人員分頁），或自己站吧台。
7423.6s [5月29日（週六） 下午 5:00]   toast: Riverlight Goods 咖啡 今天沒開門：吧台沒人顧。去僱一位咖啡師（人員分頁），或自己站吧台。
7428.1s [5月30日（週日） 上午 9:26]   use "Use laptop — Company OS"
7429.0s [5月30日（週日） 上午 9:27]   click [Tab_overview] Overview
7431.0s [5月30日（週日） 上午 9:29]   click [OpenCityFuture] 城市的未來
7431.5s [5月30日（週日） 上午 9:29]   shot 341_city21_real_decisions.png
7432.2s [5月30日（週日） 上午 9:29]   click [CityChoice_both] 投資小型網路，爭取分階段實施 · $2,500.00
7433.6s [5月30日（週日） 上午 9:29]   click [city_wait_result] 回到城市，等待兩天後公布成果
7441.9s [5月31日（週一） 下午 5:00]   toast: Riverlight Goods 咖啡 今天沒開門：吧台沒人顧。去僱一位咖啡師（人員分頁），或自己站吧台。
7448.1s [6月1日（週二） 上午 10:29]   shot 342_month_close_report.png
7448.1s [6月1日（週二） 上午 10:29]   click [month close] Continue
7448.9s [6月1日（週二） 上午 10:30]   use "Use laptop — Company OS"
7449.8s [6月1日（週二） 上午 10:31]   click [Tab_overview] Overview
7451.3s [6月1日（週二） 上午 10:33]   click [OpenCityFuture] 城市的未來
7451.8s [6月1日（週二） 上午 10:33]   shot 343_city21_recorded_result.png
7452.5s [6月1日（週二） 上午 10:33]   click [city_review] 檢視實際交付與城市成果。
7453.2s [6月1日（週二） 上午 10:33]   ok  city chapter completed from actual services and result 21
7453.2s [6月1日（週二） 上午 10:33]   ok  city chapter 21 balanced books
7453.2s [6月1日（週二） 上午 10:33] STEP Civic chapter 22 — real supplier invoices and player decision
7453.9s [6月1日（週二） 上午 10:33]   click [city_read] 閱讀市府簡報。
7454.6s [6月1日（週二） 上午 10:33]   shot 344_city22_supplier_budget.png
7455.3s [6月1日（週二） 上午 10:33]   click [city_partner] 加入城市合作，由市府預算支付供應商
7456.6s [6月1日（週二） 上午 10:33]   click [city_wait] 回到城市，等待已付款服務交付
7458.9s [6月1日（週二） 下午 5:00]   toast: Riverlight Goods 咖啡 今天沒開門：吧台沒人顧。去僱一位咖啡師（人員分頁），或自己站吧台。
7464.8s [6月2日（週三） 下午 5:00]   toast: Riverlight Goods 咖啡 今天沒開門：吧台沒人顧。去僱一位咖啡師（人員分頁），或自己站吧台。
7470.7s [6月3日（週四） 下午 5:00]   toast: Riverlight Goods 咖啡 今天沒開門：吧台沒人顧。去僱一位咖啡師（人員分頁），或自己站吧台。
7476.7s [6月4日（週五） 下午 5:00]   toast: Riverlight Goods 咖啡 今天沒開門：吧台沒人顧。去僱一位咖啡師（人員分頁），或自己站吧台。
7482.6s [6月5日（週六） 下午 5:00]   toast: Riverlight Goods 咖啡 今天沒開門：吧台沒人顧。去僱一位咖啡師（人員分頁），或自己站吧台。
7494.5s [6月7日（週一） 下午 5:00]   toast: Riverlight Goods 咖啡 今天沒開門：吧台沒人顧。去僱一位咖啡師（人員分頁），或自己站吧台。
7500.4s [6月8日（週二） 下午 5:00]   toast: Riverlight Goods 咖啡 今天沒開門：吧台沒人顧。去僱一位咖啡師（人員分頁），或自己站吧台。
7505.1s [6月9日（週三） 上午 10:34]   use "Use laptop — Company OS"
7506.0s [6月9日（週三） 上午 10:35]   click [Tab_overview] Overview
7507.6s [6月9日（週三） 上午 10:37]   click [OpenCityFuture] 城市的未來
7508.1s [6月9日（週三） 上午 10:37]   shot 345_city22_real_decisions.png
7508.7s [6月9日（週三） 上午 10:37]   click [CityChoice_culture] 舉辦 4 小時文化工作坊 · $0.00
7511.1s [6月9日（週三） 下午 2:37]   click [city_wait_result] 回到城市，等待兩天後公布成果
7512.3s [6月9日（週三） 下午 5:00]   toast: Riverlight Goods 咖啡 今天沒開門：吧台沒人顧。去僱一位咖啡師（人員分頁），或自己站吧台。
7518.2s [6月10日（週四） 下午 5:00]   toast: Riverlight Goods 咖啡 今天沒開門：吧台沒人顧。去僱一位咖啡師（人員分頁），或自己站吧台。
7524.1s [6月11日（週五） 下午 3:38]   use "Use laptop — Company OS"
7525.0s [6月11日（週五） 下午 3:39]   click [Tab_overview] Overview
7526.6s [6月11日（週五） 下午 3:41]   click [OpenCityFuture] 城市的未來
7527.1s [6月11日（週五） 下午 3:41]   shot 346_city22_recorded_result.png
7527.7s [6月11日（週五） 下午 3:41]   click [city_review] 檢視實際交付與城市成果。
7528.4s [6月11日（週五） 下午 3:41]   ok  city chapter completed from actual services and result 22
7528.4s [6月11日（週五） 下午 3:41]   ok  city chapter 22 balanced books
7528.4s [6月11日（週五） 下午 3:41] STEP Civic chapter 23 — real supplier invoices and player decision
7529.1s [6月11日（週五） 下午 3:41]   click [city_read] 閱讀市府簡報。
7529.9s [6月11日（週五） 下午 3:41]   shot 347_city23_supplier_budget.png
7530.5s [6月11日（週五） 下午 3:41]   click [city_partner] 加入城市合作，由市府預算支付供應商
7531.7s [6月11日（週五） 下午 3:41]   click [city_wait] 回到城市，等待已付款服務交付
7533.0s [6月11日（週五） 下午 5:00]   toast: Riverlight Goods 咖啡 今天沒開門：吧台沒人顧。去僱一位咖啡師（人員分頁），或自己站吧台。
7538.8s [6月12日（週六） 下午 5:00]   toast: Riverlight Goods 咖啡 今天沒開門：吧台沒人顧。去僱一位咖啡師（人員分頁），或自己站吧台。
7550.1s [6月14日（週一） 下午 5:00]   toast: Riverlight Goods 咖啡 今天沒開門：吧台沒人顧。去僱一位咖啡師（人員分頁），或自己站吧台。
7556.0s [6月15日（週二） 下午 5:00]   toast: Riverlight Goods 咖啡 今天沒開門：吧台沒人顧。去僱一位咖啡師（人員分頁），或自己站吧台。
7561.6s [6月16日（週三） 下午 5:00]   toast: Riverlight Goods 咖啡 今天沒開門：吧台沒人顧。去僱一位咖啡師（人員分頁），或自己站吧台。
7567.3s [6月17日（週四） 下午 5:00]   toast: Riverlight Goods 咖啡 今天沒開門：吧台沒人顧。去僱一位咖啡師（人員分頁），或自己站吧台。
7573.1s [6月18日（週五） 下午 5:00]   toast: Riverlight Goods 咖啡 今天沒開門：吧台沒人顧。去僱一位咖啡師（人員分頁），或自己站吧台。
7578.8s [6月19日（週六） 下午 3:42]   use "Use laptop — Company OS"
7579.7s [6月19日（週六） 下午 3:43]   click [Tab_overview] Overview
7581.3s [6月19日（週六） 下午 3:45]   click [OpenCityFuture] 城市的未來
7581.8s [6月19日（週六） 下午 3:45]   shot 348_city23_real_decisions.png
7582.5s [6月19日（週六） 下午 3:45]   click [CityChoice_neutral] 保持中立，接受選舉結果
7583.9s [6月19日（週六） 下午 3:45]   click [city_wait_result] 回到城市，等待兩天後公布成果
7596.3s [6月21日（週一） 下午 4:46]   use "Use laptop — Company OS"
7597.2s [6月21日（週一） 下午 4:47]   click [Tab_overview] Overview
7598.8s [6月21日（週一） 下午 4:49]   click [OpenCityFuture] 城市的未來
7599.3s [6月21日（週一） 下午 4:49]   shot 349_city23_recorded_result.png
7599.9s [6月21日（週一） 下午 4:49]   click [city_review] 檢視實際交付與城市成果。
7600.6s [6月21日（週一） 下午 4:49]   ok  city chapter completed from actual services and result 23
7600.6s [6月21日（週一） 下午 4:49]   ok  city chapter 23 balanced books
7600.6s [6月21日（週一） 下午 4:49] STEP Civic chapter 24 — real supplier invoices and player decision
7601.3s [6月21日（週一） 下午 4:49]   click [city_read] 閱讀市府簡報。
7602.0s [6月21日（週一） 下午 4:49]   shot 350_city24_supplier_budget.png
7602.7s [6月21日（週一） 下午 4:49]   click [city_partner] 加入城市合作，由市府預算支付供應商
7603.9s [6月21日（週一） 下午 4:49]   click [city_wait] 回到城市，等待已付款服務交付
7604.6s [6月21日（週一） 下午 5:00]   toast: Riverlight Goods 咖啡 今天沒開門：吧台沒人顧。去僱一位咖啡師（人員分頁），或自己站吧台。
7610.2s [6月22日（週二） 下午 5:00]   toast: Riverlight Goods 咖啡 今天沒開門：吧台沒人顧。去僱一位咖啡師（人員分頁），或自己站吧台。
7616.0s [6月23日（週三） 下午 5:00]   toast: Riverlight Goods 咖啡 今天沒開門：吧台沒人顧。去僱一位咖啡師（人員分頁），或自己站吧台。
7621.6s [6月24日（週四） 下午 5:00]   toast: Riverlight Goods 咖啡 今天沒開門：吧台沒人顧。去僱一位咖啡師（人員分頁），或自己站吧台。
7627.1s [6月25日（週五） 下午 5:00]   toast: Riverlight Goods 咖啡 今天沒開門：吧台沒人顧。去僱一位咖啡師（人員分頁），或自己站吧台。
7632.8s [6月26日（週六） 下午 5:00]   toast: Riverlight Goods 咖啡 今天沒開門：吧台沒人顧。去僱一位咖啡師（人員分頁），或自己站吧台。
7643.9s [6月28日（週一） 下午 5:00]   toast: Riverlight Goods 咖啡 今天沒開門：吧台沒人顧。去僱一位咖啡師（人員分頁），或自己站吧台。
7649.7s [6月29日（週二） 下午 4:50]   use "Use laptop — Company OS"
7651.0s [6月29日（週二） 下午 4:51]   click [Tab_overview] Overview
7652.6s [6月29日（週二） 下午 4:53]   click [OpenCityFuture] 城市的未來
7653.1s [6月29日（週二） 下午 4:53]   shot 351_city24_real_decisions.png
7653.7s [6月29日（週二） 下午 4:53]   click [CityChoice_resilient] 聘用待命團隊 · $1,000.00，減少危機衝擊
7655.5s [6月29日（週二） 下午 4:53]   click [city_wait_result] 回到城市，等待兩天後公布成果
7656.2s [6月29日（週二） 下午 5:00]   toast: Riverlight Goods 咖啡 今天沒開門：吧台沒人顧。去僱一位咖啡師（人員分頁），或自己站吧台。
7661.8s [6月30日（週三） 下午 5:00]   toast: Riverlight Goods 咖啡 今天沒開門：吧台沒人顧。去僱一位咖啡師（人員分頁），或自己站吧台。
7667.6s [7月1日（週四） 下午 5:00]   toast: Riverlight Goods 咖啡 今天沒開門：吧台沒人顧。去僱一位咖啡師（人員分頁），或自己站吧台。
7669.5s [7月1日（週四） 下午 5:53]   shot 352_month_close_report.png
7669.5s [7月1日（週四） 下午 5:53]   click [month close] Continue
7670.2s [7月1日（週四） 下午 5:54]   use "Use laptop — Company OS"
7671.2s [7月1日（週四） 下午 5:55]   click [Tab_overview] Overview
7672.7s [7月1日（週四） 下午 5:57]   click [OpenCityFuture] 城市的未來
7673.2s [7月1日（週四） 下午 5:57]   shot 353_city24_recorded_result.png
7673.9s [7月1日（週四） 下午 5:57]   click [city_review] 檢視實際交付與城市成果。
7674.5s [7月1日（週四） 下午 5:57]   ok  city chapter completed from actual services and result 24
7674.5s [7月1日（週四） 下午 5:57]   ok  city chapter 24 balanced books
7674.5s [7月1日（週四） 下午 5:57]   ok  all six civic chapters completed
7674.5s [7月1日（週四） 下午 5:57]   ok  city result preserves the earlier actual business ending
7674.6s [7月1日（週四） 下午 5:57]   shot 354_city_legacy_card_1.png
7675.2s [7月1日（週四） 下午 5:57]   click [city_next_card] 下一張城市回顧卡
7675.7s [7月1日（週四） 下午 5:57]   shot 355_city_legacy_card_2.png
7676.4s [7月1日（週四） 下午 5:57]   click [city_next_card] 下一張城市回顧卡
7676.9s [7月1日（週四） 下午 5:57]   shot 356_city_legacy_card_3.png
7677.6s [7月1日（週四） 下午 5:57]   click [city_next_card] 下一張城市回顧卡
7678.1s [7月1日（週四） 下午 5:57]   shot 357_city_legacy_card_4.png
7678.8s [7月1日（週四） 下午 5:57]   click [city_next_card] 下一張城市回顧卡
7679.3s [7月1日（週四） 下午 5:57]   shot 358_city_legacy_card_5.png
7680.0s [7月1日（週四） 下午 5:57]   click [city_next_card] 下一張城市回顧卡
7680.5s [7月1日（週四） 下午 5:57]   shot 359_city_legacy_card_6.png
7681.1s [7月1日（週四） 下午 5:57]   click [city_next_card] 下一張城市回顧卡
7681.6s [7月1日（週四） 下午 5:57]   shot 360_city_business_legacy_handoff.png
7682.6s [7月1日（週四） 下午 5:57]   click [city_legacy] 接續查看企業 Legacy 結局
7683.1s [7月1日（週四） 下午 5:57]   ok  city legacy connects to actual business legacy
7683.5s [7月1日（週四） 下午 5:57]   ok  played third-season save with real supplier receipts
7684.1s [7月1日（週四） 下午 5:57]   ok  actual played city save passes normal import validation
7684.1s [7月1日（週四） 下午 5:57] STEP Growth — three optional goals, achievements and actual timeline
7684.6s [7月1日（週四） 下午 5:57]   click [GrowthAcknowledge] Put the card in your timeline
7685.0s [7月1日（週四） 下午 5:57]   click [GrowthAcknowledge] Put the card in your timeline
7685.3s [7月1日（週四） 下午 5:57]   click [GrowthAcknowledge] Put the card in your timeline
7685.7s [7月1日（週四） 下午 5:57]   click [GrowthAcknowledge] Put the card in your timeline
7686.0s [7月1日（週四） 下午 5:57]   click [GrowthAcknowledge] Put the card in your timeline
7686.4s [7月1日（週四） 下午 5:57]   ok  at least three free-play goals
7686.5s [7月1日（週四） 下午 5:57]   shot 361_growth_three_goals.png
7686.5s [7月1日（週四） 下午 5:57]   click [GrowthTab_achievements] Achievements
7686.8s [7月1日（週四） 下午 5:57]   shot 362_growth_achievements.png
7686.8s [7月1日（週四） 下午 5:57]   click [GrowthTab_timeline] The journey so far
7687.3s [7月1日（週四） 下午 5:57]   shot 363_growth_timeline.png
7687.3s [7月1日（週四） 下午 5:57]   click [GrowthReturn] Back to playing
7687.8s [7月1日（週四） 下午 5:57]   click [PauseAchievements] Achievements
7688.7s [7月1日（週四） 下午 5:57]   ok  pause menu opens achievements
7688.7s [7月1日（週四） 下午 5:57]   shot 364_growth_pause_achievements.png
7688.7s [7月1日（週四） 下午 5:57]   ok  growth UI never changes financial books
7688.7s [7月1日（週四） 下午 5:57] STEP Save → reload → same state
7691.0s [7月1日（週四） 下午 5:58]   ok  cash restored after load
7691.0s [7月1日（週四） 下午 5:58]   ok  time restored after load
7691.0s [7月1日（週四） 下午 5:58]   ok  location restored (riverside_apartment)
7691.2s [7月1日（週四） 下午 5:58]   shot 365_after_load.png
7691.2s [7月1日（週四） 下午 5:58] STEP Summary
7691.2s [7月1日（週四） 下午 5:58]   business entity co_riverlight_goods cash -$7,679.49 · personal $23,996.39 · orders delivered 3317 · chapters done ["ch1_arrival", "ch2_first_customer", "ch3_open_for_business", "ch4_growing_pains", "ch5_big_contract", "ch6_cash_is_oxygen", "ch7_supply_shock", "ch8_green_shift", "ch9_clearing_crisis", "ch10_digital_rails", "ch11_other_side_of_trust", "ch12_regulation_scale", "ch13_first_order_abroad", "ch14_customs", "ch15_currency_swing", "ch16_partner_overseas", "ch17_consolidation", "ch18_legacy", "ch19_expo_bid", "ch20_harbor_rebuild", "ch21_energy_transition", "ch22_talent_war", "ch23_city_election", "ch24_expo_opening"]
7691.2s [7月1日（週四） 下午 5:58]   ok  ledger balanced at the end
7691.2s [7月1日（週四） 下午 5:58]   ok  story objective completed: ch1_phone
7691.2s [7月1日（週四） 下午 5:58]   ok  story objective completed: ch1_outside
7691.3s [7月1日（週四） 下午 5:58]   ok  story objective completed: ch1_coffee
7691.3s [7月1日（週四） 下午 5:58]   ok  story objective completed: ch1_cowork
7691.3s [7月1日（週四） 下午 5:58]   ok  story objective completed: ch1_board
7691.3s [7月1日（週四） 下午 5:58]   ok  story objective completed: ch2_supplier
7691.3s [7月1日（週四） 下午 5:58]   ok  story objective completed: ch2_stock
7691.3s [7月1日（週四） 下午 5:58]   ok  story objective completed: ch2_listing
7691.3s [7月1日（週四） 下午 5:58]   ok  story objective completed: ch2_order
7691.3s [7月1日（週四） 下午 5:58]   ok  story objective completed: ch2_ship
7691.3s [7月1日（週四） 下午 5:58]   ok  story objective completed: ch2_first_dollar
7691.5s [7月1日（週四） 下午 5:58]   ok  story objective completed: ch2_issue
7691.5s [7月1日（週四） 下午 5:58]   ok  story objective completed: ch3_register
7691.5s [7月1日（週四） 下午 5:58]   ok  story objective completed: ch3_bank
7691.5s [7月1日（週四） 下午 5:58]   ok  story objective completed: ch3_workspace
7691.5s [7月1日（週四） 下午 5:58]   ok  story objective completed: ch3_os
7691.5s [7月1日（週四） 下午 5:58]   ok  story objective completed: ch4_employer
7691.5s [7月1日（週四） 下午 5:58]   ok  story objective completed: ch4_post
7691.5s [7月1日（週四） 下午 5:58]   ok  story objective completed: ch4_hire
7691.5s [7月1日（週四） 下午 5:58]   ok  story objective completed: ch4_payroll
7691.5s [7月1日（週四） 下午 5:58]   ok  story objective completed: ch4_forecast
7691.7s [7月1日（週四） 下午 5:58]   ok  story objective completed: ch5_meet
7691.7s [7月1日（週四） 下午 5:58]   ok  story objective completed: ch5_decide
7691.7s [7月1日（週四） 下午 5:58]   ok  story objective completed: ch5_stock
7691.7s [7月1日（週四） 下午 5:58]   ok  story objective completed: ch5_deliver
7691.7s [7月1日（週四） 下午 5:58]   ok  story objective completed: ch6_forecast
7691.7s [7月1日（週四） 下午 5:58]   ok  story objective completed: ch6_bridge
7691.7s [7月1日（週四） 下午 5:58]   ok  story objective completed: ch6_collect
7691.7s [7月1日（週四） 下午 5:58]   ok  story objective completed: ch6_close
7691.7s [7月1日（週四） 下午 5:58]   ok  story objective completed: ch7_news
7691.8s [7月1日（週四） 下午 5:58]   ok  story objective completed: ch7_ken
7691.8s [7月1日（週四） 下午 5:58]   ok  story objective completed: ch7_stock
7691.8s [7月1日（週四） 下午 5:58]   ok  story objective completed: ch7_price
7691.8s [7月1日（週四） 下午 5:58]   ok  story objective completed: ch7_close
7691.9s [7月1日（週四） 下午 5:58]   ok  story objective completed: ch8_news
7691.9s [7月1日（週四） 下午 5:58]   ok  story objective completed: ch8_pack
7691.9s [7月1日（週四） 下午 5:58]   ok  story objective completed: ch8_product
7691.9s [7月1日（週四） 下午 5:58]   ok  story objective completed: ch8_grant
7691.9s [7月1日（週四） 下午 5:58]   ok  story objective completed: ch9_news
7691.9s [7月1日（週四） 下午 5:58]   ok  story objective completed: ch9_import
7691.9s [7月1日（週四） 下午 5:58]   ok  story objective completed: ch9_lina
7691.9s [7月1日（週四） 下午 5:58]   ok  story objective completed: ch9_settle
7691.9s [7月1日（週四） 下午 5:58]   ok  story objective completed: ch9_arrive
7691.9s [7月1日（週四） 下午 5:58]   ok  story objective completed: ch10_news
7692.1s [7月1日（週四） 下午 5:58]   ok  story objective completed: ch10_lina
7692.1s [7月1日（週四） 下午 5:58]   ok  story objective completed: ch10_import
7692.1s [7月1日（週四） 下午 5:58]   ok  story objective completed: ch10_arrive
7692.1s [7月1日（週四） 下午 5:58]   ok  story objective completed: ch11_news
7692.1s [7月1日（週四） 下午 5:58]   ok  story objective completed: ch11_order
7692.1s [7月1日（週四） 下午 5:58]   ok  story objective completed: ch11_freeze
7692.1s [7月1日（週四） 下午 5:58]   ok  story objective completed: ch11_restock
7692.1s [7月1日（週四） 下午 5:58]   ok  story objective completed: ch12_news
7692.1s [7月1日（週四） 下午 5:58]   ok  story objective completed: ch12_licence
7692.1s [7月1日（週四） 下午 5:58]   ok  story objective completed: ch12_kyc
7692.3s [7月1日（週四） 下午 5:58]   ok  story objective completed: ch12_offer
7692.3s [7月1日（週四） 下午 5:58]   ok  story objective completed: ch13_news
7692.3s [7月1日（週四） 下午 5:58]   ok  story objective completed: ch13_bank
7692.3s [7月1日（週四） 下午 5:58]   ok  story objective completed: ch13_listing
7692.3s [7月1日（週四） 下午 5:58]   ok  story objective completed: ch13_ship
7692.3s [7月1日（週四） 下午 5:58]   ok  story objective completed: ch13_convert
7692.3s [7月1日（週四） 下午 5:58]   ok  story objective completed: ch14_ines
7692.3s [7月1日（週四） 下午 5:58]   ok  story objective completed: ch14_policy
7692.3s [7月1日（週四） 下午 5:58]   ok  story objective completed: ch14_code
7692.5s [7月1日（週四） 下午 5:58]   ok  story objective completed: ch14_trial
7692.5s [7月1日（週四） 下午 5:58]   ok  story objective completed: ch15_news
7692.5s [7月1日（週四） 下午 5:58]   ok  story objective completed: ch15_marcus
7692.5s [7月1日（週四） 下午 5:58]   ok  story objective completed: ch15_response
7692.5s [7月1日（週四） 下午 5:58]   ok  story objective completed: ch15_month
7692.5s [7月1日（週四） 下午 5:58]   ok  story objective completed: ch16_omar
7692.5s [7月1日（週四） 下午 5:58]   ok  story objective completed: ch16_channel
7692.5s [7月1日（週四） 下午 5:58]   ok  story objective completed: ch16_income
7692.5s [7月1日（週四） 下午 5:58]   ok  story objective completed: ch17_news
7692.5s [7月1日（週四） 下午 5:58]   ok  story objective completed: ch17_response
7692.7s [7月1日（週四） 下午 5:58]   ok  story objective completed: ch17_survive
7692.7s [7月1日（週四） 下午 5:58]   ok  story objective completed: ch17_interview
7692.7s [7月1日（週四） 下午 5:58]   ok  story objective completed: ch18_maya
7692.7s [7月1日（週四） 下午 5:58]   ok  story objective completed: ch18_choice
7692.7s [7月1日（週四） 下午 5:58]   ok  story objective completed: ch18_cards
7692.7s [7月1日（週四） 下午 5:58]   ok  story objective completed: city19_read
7692.7s [7月1日（週四） 下午 5:58]   ok  story objective completed: city19_plan
7692.7s [7月1日（週四） 下午 5:58]   ok  story objective completed: city19_choice
7692.7s [7月1日（週四） 下午 5:58]   ok  story objective completed: city19_review
7692.7s [7月1日（週四） 下午 5:58]   ok  story objective completed: city20_read
7692.8s [7月1日（週四） 下午 5:58]   ok  story objective completed: city20_plan
7692.8s [7月1日（週四） 下午 5:58]   ok  story objective completed: city20_choice
7692.9s [7月1日（週四） 下午 5:58]   ok  story objective completed: city20_review
7692.9s [7月1日（週四） 下午 5:58]   ok  story objective completed: city21_read
7692.9s [7月1日（週四） 下午 5:58]   ok  story objective completed: city21_plan
7692.9s [7月1日（週四） 下午 5:58]   ok  story objective completed: city21_choice
7692.9s [7月1日（週四） 下午 5:58]   ok  story objective completed: city21_review
7692.9s [7月1日（週四） 下午 5:58]   ok  story objective completed: city22_read
7692.9s [7月1日（週四） 下午 5:58]   ok  story objective completed: city22_plan
7692.9s [7月1日（週四） 下午 5:58]   ok  story objective completed: city22_choice
7693.0s [7月1日（週四） 下午 5:58]   ok  story objective completed: city22_review
7693.0s [7月1日（週四） 下午 5:58]   ok  story objective completed: city23_read
7693.1s [7月1日（週四） 下午 5:58]   ok  story objective completed: city23_plan
7693.1s [7月1日（週四） 下午 5:58]   ok  story objective completed: city23_choice
7693.1s [7月1日（週四） 下午 5:58]   ok  story objective completed: city23_review
7693.1s [7月1日（週四） 下午 5:58]   ok  story objective completed: city24_read
7693.1s [7月1日（週四） 下午 5:58]   ok  story objective completed: city24_plan
7693.1s [7月1日（週四） 下午 5:58]   ok  story objective completed: city24_choice
7693.1s [7月1日（週四） 下午 5:58]   ok  story objective completed: city24_review
7693.3s [6月1日（週日） 下午 2:00] STEP (harness) skip to Chapter 10
7694.6s [6月1日（週日） 下午 2:02] STEP Industrial — factory lease, machine, technician and first OEM invoice
7698.1s [6月1日（週日） 下午 2:08]   ok  walked back outside
7712.0s [6月1日（週日） 下午 2:29]   use "捷運——河濱區站"
7713.0s [6月1日（週日） 下午 2:31]   shot 366_metro_industrial.png
7713.0s [6月1日（週日） 下午 2:31]   click [Go_industrial] 工業區  ·  14 分鐘
7714.0s [6月1日（週日） 下午 2:46]   ok  took the Metro to Industrial
7714.1s [6月1日（週日） 下午 2:46]   shot 367_industrial_day.png
7725.7s [6月1日（週日） 下午 3:04]   ok  entered Unit 12 Light Industrial
7728.8s [6月1日（週日） 下午 3:08]   use "Lease Unit 12"
7728.9s [6月1日（週日） 下午 3:09]   click [SignLease_unit12_factory] Sign the lease
7729.4s [6月1日（週日） 下午 3:09]   ok  factory lease signed with actual company funds
7729.6s [6月1日（週日） 下午 3:09]   shot 368_factory_interior.png
7730.3s [6月1日（週日） 下午 3:11]   use "Open Line Planner"
7730.4s [6月1日（週日） 下午 3:11]   click [OpenFactory] Open the factory
7730.6s [6月1日（週日） 下午 3:11]   click [RentMachine] Rent machine · $1,400/month
7730.7s [6月1日（週日） 下午 3:11]   click [HireTomas] Hire Tomas · $1,100/week
7730.9s [6月1日（週日） 下午 3:12]   ok  hired a production technician
7730.9s [6月1日（週日） 下午 3:12]   click [Quote_RFQ-1] Send quote
7731.0s [6月1日（週日） 下午 3:12]   ok  OEM quote became a Jobs contract with deposit
7731.0s [6月1日（週日） 下午 3:12]   click [MaterialMore] +100 units
7731.2s [6月1日（週日） 下午 3:12]   click [MaterialMore] +100 units
7731.3s [6月1日（週日） 下午 3:12]   click [MaterialMore] +100 units
7731.5s [6月1日（週日） 下午 3:12]   click [MaterialMore] +100 units
7731.6s [6月1日（週日） 下午 3:13]   click [MaterialMore] +100 units
7731.8s [6月1日（週日） 下午 3:13]   click [MaterialMore] +100 units
7731.9s [6月1日（週日） 下午 3:13]   click [MaterialMore] +100 units
7732.1s [6月1日（週日） 下午 3:13]   click [MaterialMore] +100 units
7732.2s [6月1日（週日） 下午 3:14]   click [MaterialMore] +100 units
7732.4s [6月1日（週日） 下午 3:14]   click [MaterialMore] +100 units
7732.5s [6月1日（週日） 下午 3:14]   click [BuyMaterials] Order Ferro materials
7733.4s [6月3日（週二） 下午 3:15]   use "Open Line Planner"
7733.5s [6月3日（週二） 下午 3:15]   click [Select_JOB-1] Schedule this order
7733.6s [6月3日（週二） 下午 3:16]   click [FactoryOvertime] ✗ 加班 · 工資 ×1.5、良率降低 2 個百分點
7733.8s [6月3日（週二） 下午 3:16]   click [More_hours] +
7733.9s [6月3日（週二） 下午 3:16]   click [More_hours] +
7734.1s [6月3日（週二） 下午 3:16]   click [More_hours] +
7734.3s [6月3日（週二） 下午 3:17]   click [More_hours] +
7734.4s [6月3日（週二） 下午 3:17]   click [More_hours] +
7734.6s [6月3日（週二） 下午 3:17]   click [More_hours] +
7734.7s [6月3日（週二） 下午 3:17]   click [More_hours] +
7734.9s [6月3日（週二） 下午 3:18]   click [More_hours] +
7735.1s [6月3日（週二） 下午 3:18]   shot 369_line_planner.png
7735.1s [6月3日（週二） 下午 3:18]   click [ReserveSlot] Reserve production slot
7735.8s [6月5日（週四） 上午 1:00]   use "Open Line Planner"
7735.9s [6月5日（週四） 上午 1:00]   click [Deliver_JOB-1] Deliver and invoice
7736.1s [6月5日（週四） 上午 1:00]   ok  first factory revenue has a completed traceable order
7736.1s [6月5日（週四） 上午 1:00]   click [FactoryTab_quality] Quality results
7736.2s [6月5日（週四） 上午 1:01]   shot 370_factory_quality.png
7736.2s [6月5日（週四） 上午 1:01]   ok  OEM material, overtime, invoice and return journals balanced
7740.9s [6月5日（週四） 上午 1:09]   ok  walked back outside
7741.1s [6月5日（週四） 下午 9:00]   shot 371_industrial_night.png
7751.2s [6月5日（週四） 下午 9:15]   use "捷運——工業區站"
7752.2s [6月5日（週四） 下午 9:16]   shot 372_metro_riverside.png
7752.2s [6月5日（週四） 下午 9:16]   click [Go_riverside] 河濱區  ·  14 分鐘
7753.2s [6月5日（週四） 下午 9:32]   ok  took the Metro to Riverside
7762.3s [6月5日（週四） 下午 9:46]   ok  entered Riverside Tower
7762.4s [6月5日（週四） 下午 9:46] STEP Save → reload → same state
7763.3s [6月5日（週四） 下午 9:47]   ok  cash restored after load
7763.3s [6月5日（週四） 下午 9:47]   ok  time restored after load
7763.3s [6月5日（週四） 下午 9:47]   ok  location restored (riverside_apartment)
7763.5s [6月5日（週四） 下午 9:47]   shot 373_after_load.png
7763.7s [6月1日（週日） 下午 2:00] STEP (harness) skip to Chapter 10
7765.1s [6月1日（週日） 下午 2:02] STEP Residential — licence, brokerage office, client match and first commission
7768.5s [6月3日（週二） 上午 10:06]   ok  walked back outside
7782.5s [6月3日（週二） 上午 10:27]   use "捷運——河濱區站"
7783.5s [6月3日（週二） 上午 10:28]   shot 374_metro_civic_center.png
7783.5s [6月3日（週二） 上午 10:28]   click [Go_civic_center] 市政中心  ·  12 分鐘
7784.5s [6月3日（週二） 上午 10:42]   ok  took the Metro to Civic Center
7791.5s [6月3日（週二） 上午 10:52]   ok  entered Aurelia City Hall
7793.3s [6月3日（週二） 上午 10:55]   use "Permits & regulations"
7793.4s [6月3日（週二） 上午 10:55]   click [PropertyPermits] Property permits
7793.5s [6月3日（週二） 上午 10:55]   click [ApplyRealtyPermit_brokerage] 申請：$250.00 · 3 天
7794.6s [6月6日（週五） 上午 10:57]   ok  brokerage licence followed City Hall fee and three-day process
7797.6s [6月6日（週五） 上午 11:03]   ok  walked back outside
7803.2s [6月6日（週五） 上午 11:11]   use "捷運——市政中心站"
7804.2s [6月6日（週五） 上午 11:12]   shot 375_metro_residential.png
7804.2s [6月6日（週五） 上午 11:12]   click [Go_residential] 住宅區  ·  32 分鐘
7805.2s [6月6日（週五） 上午 11:46]   ok  took the Metro to Residential
7805.3s [6月6日（週五） 上午 11:46]   shot 376_residential_day.png
7810.5s [6月6日（週五） 上午 11:54]   ok  entered Harlow & Finch Realty
7810.8s [6月6日（週五） 上午 11:54]   use "Lease the brokerage office"
7810.9s [6月6日（週五） 上午 11:54]   click [SignLease_realty_office] Sign the lease
7812.2s [6月6日（週五） 上午 11:56]   use "Open Matchmaker"
7812.3s [6月6日（週五） 上午 11:57]   click [OpenBrokerage] Open the brokerage
7812.5s [6月6日（週五） 上午 11:57]   shot 377_matchmaker.png
7813.1s [6月6日（週五） 上午 11:58]   use "Open Matchmaker"
7813.2s [6月6日（週五） 上午 11:58]   click [Mandate_M-1] 選擇物件
7813.3s [6月6日（週五） 上午 11:58]   click [Client_C-4] 選擇客戶
7813.5s [6月6日（週五） 上午 11:58]   click [Negotiate_soft] 柔性議價
7813.6s [6月6日（週五） 上午 11:59]   click [ArrangeViewing] 安排帶看：$180.00 · 90 分鐘
7814.4s [6月6日（週五） 下午 1:30]   use "Open Matchmaker"
7814.5s [6月6日（週五） 下午 1:30]   click [Mandate_M-2] 選擇物件
7814.7s [6月6日（週五） 下午 1:30]   click [Client_C-3] 選擇客戶
7814.8s [6月6日（週五） 下午 1:30]   click [Negotiate_soft] 柔性議價
7815.0s [6月6日（週五） 下午 1:31]   click [ArrangeViewing] 安排帶看：$180.00 · 90 分鐘
7815.8s [6月6日（週五） 下午 3:02]   use "Open Matchmaker"
7815.9s [6月6日（週五） 下午 3:02]   click [Mandate_M-2] 選擇物件
7816.0s [6月6日（週五） 下午 3:02]   click [Client_C-5] 選擇客戶
7816.1s [6月6日（週五） 下午 3:02]   click [Negotiate_soft] 柔性議價
7816.3s [6月6日（週五） 下午 3:03]   click [ArrangeViewing] 安排帶看：$180.00 · 90 分鐘
7817.3s [6月13日（週五） 下午 4:34]   use "Open Matchmaker"
7817.4s [6月13日（週五） 下午 4:34]   click [Mandate_M-7] 選擇物件
7817.6s [6月13日（週五） 下午 4:34]   click [Client_C-8] 選擇客戶
7817.7s [6月13日（週五） 下午 4:35]   click [Negotiate_soft] 柔性議價
7817.9s [6月13日（週五） 下午 4:35]   click [ArrangeViewing] 安排帶看：$180.00 · 90 分鐘
7818.6s [6月13日（週五） 下午 6:06]   use "Open Matchmaker"
7818.8s [6月13日（週五） 下午 6:06]   click [Mandate_M-7] 選擇物件
7818.9s [6月13日（週五） 下午 6:06]   click [Client_C-10] 選擇客戶
7819.1s [6月13日（週五） 下午 6:07]   click [Negotiate_soft] 柔性議價
7819.2s [6月13日（週五） 下午 6:07]   click [ArrangeViewing] 安排帶看：$180.00 · 90 分鐘
7819.8s [6月13日（週五） 下午 7:38]   ok  first brokerage income from a real client deal
7819.8s [6月13日（週五） 下午 7:38]   ok  viewing and commission ledger balanced
7820.0s [6月13日（週五） 下午 7:38]   use "Open Matchmaker"
7820.1s [6月13日（週五） 下午 7:38]   click [RealtyTab_properties] Properties
7820.3s [6月13日（週五） 下午 7:38]   shot 378_property_management.png
7822.9s [6月13日（週五） 下午 7:43]   ok  walked back outside
7826.7s [6月13日（週五） 下午 7:49]   use "捷運——住宅區站"
7827.6s [6月13日（週五） 下午 7:50]   shot 379_metro_riverside.png
7827.6s [6月13日（週五） 下午 7:50]   click [Go_riverside] 河濱區  ·  19 分鐘
7828.6s [6月13日（週五） 下午 8:11]   ok  took the Metro to Riverside
7837.8s [6月13日（週五） 下午 8:25]   ok  entered Riverside Tower
7837.8s [6月13日（週五） 下午 8:25] STEP Save → reload → same state
7838.7s [6月13日（週五） 下午 8:26]   ok  cash restored after load
7838.7s [6月13日（週五） 下午 8:26]   ok  time restored after load
7838.7s [6月13日（週五） 下午 8:26]   ok  location restored (riverside_apartment)
7838.9s [6月13日（週五） 下午 8:26]   shot 380_after_load.png
7839.0s [6月1日（週日） 下午 2:00] STEP (harness) skip to Chapter 10
7840.4s [6月1日（週日） 下午 2:02] STEP University — lease studio, creative pitch, media mix and first client invoice
7843.8s [6月1日（週日） 下午 2:08]   ok  walked back outside
7857.8s [6月1日（週日） 下午 2:29]   use "捷運——河濱區站"
7858.8s [6月1日（週日） 下午 2:30]   shot 381_metro_university.png
7858.8s [6月1日（週日） 下午 2:30]   click [Go_university] 大學城  ·  13 分鐘
7859.8s [6月1日（週日） 下午 2:45]   ok  took the Metro to University
7859.8s [6月1日（週日） 下午 2:45]   shot 382_university_day.png
7867.7s [6月1日（週日） 下午 2:57]   ok  entered The Loft
7868.0s [6月1日（週日） 下午 2:57]   use "Lease The Loft studio"
7868.1s [6月1日（週日） 下午 2:57]   click [SignLease_loft_office] Sign the lease
7869.4s [6月1日（週日） 下午 2:59]   use "Open Campaign Mixer"
7869.5s [6月1日（週日） 下午 2:59]   click [OpenAgency] Open the campaign studio
7870.3s [6月1日（週日） 下午 3:01]   use "Open Campaign Mixer"
7870.4s [6月1日（週日） 下午 3:01]   click [CreativePitch_JOB-1] Build Creative Pitch
7870.9s [6月1日（週日） 下午 3:01]   click [StartGame] Start
7871.0s [6月1日（週日） 下午 3:01]   click [CreativeCard_slogan_2] Care for every home
7871.1s [6月1日（週日） 下午 3:01]   click [CreativeCard_visual_3] Minimal luxury
7871.2s [6月1日（週日） 下午 3:01]   click [CreativeCard_tone_2] Reassuring
7871.4s [6月1日（週日） 下午 3:01]   shot 383_creative_pitch_result.png
7871.4s [6月1日（週日） 下午 3:01]   click [FinishGame] Continue
7871.4s [6月1日（週日） 下午 5:01]   click [Propose_JOB-1] 提出提案 · $280 · 180 分鐘
7872.2s [6月1日（週日） 下午 8:02]   use "Open Campaign Mixer"
7872.3s [6月1日（週日） 下午 8:02]   click [CreativePitch_JOB-2] Build Creative Pitch
7872.8s [6月1日（週日） 下午 8:02]   click [StartGame] Start
7872.9s [6月1日（週日） 下午 8:02]   click [CreativeCard_slogan_1] Make work easier
7873.0s [6月1日（週日） 下午 8:02]   click [CreativeCard_visual_3] Minimal luxury
7873.1s [6月1日（週日） 下午 8:02]   click [CreativeCard_tone_3] Refined
7873.3s [6月1日（週日） 下午 8:02]   shot 384_creative_pitch_result.png
7873.3s [6月1日（週日） 下午 8:02]   click [FinishGame] Continue
7873.3s [6月1日（週日） 下午 10:02]   click [Propose_JOB-2] 提出提案 · $280 · 180 分鐘
7873.9s [6月2日（週一） 上午 1:02]   ok  actual creative cards and proposal win a client job
7874.1s [6月2日（週一） 上午 1:03]   use "Open Campaign Mixer"
7874.2s [6月2日（週一） 上午 1:03]   click [MediaTab_mixer] Media mix
7874.3s [6月2日（週一） 上午 1:03]   click [SelectCampaign_JOB-2] Finch Families
7874.4s [6月2日（週一） 上午 1:03]   click [MixMore_radio] +
7874.6s [6月2日（週一） 上午 1:03]   shot 385_campaign_mixer.png
7875.4s [6月16日（週一） 上午 1:04]   ok  daily campaign finishes actual client work
7875.4s [6月16日（週一） 上午 1:04]   ok  first agency income is a traceable Jobs invoice
7875.4s [6月16日（週一） 上午 1:04]   ok  campaign costs and invoice balance
7875.6s [6月16日（週一） 上午 1:05]   use "Open Campaign Mixer"
7875.7s [6月16日（週一） 上午 1:05]   click [MediaTab_reports] Campaign reports
7875.8s [6月16日（週一） 上午 1:05]   shot 386_campaign_report.png
7878.4s [6月16日（週一） 上午 1:10]   ok  walked back outside
7884.8s [6月16日（週一） 上午 1:19]   use "捷運——大學區站"
7885.8s [6月16日（週一） 上午 1:21]   shot 387_metro_riverside.png
7885.8s [6月16日（週一） 上午 1:21]   click [Go_riverside] 河濱區  ·  13 分鐘
7886.8s [6月16日（週一） 上午 1:35]   ok  took the Metro to Riverside
7895.9s [6月16日（週一） 上午 1:49]   ok  entered Riverside Tower
7895.9s [6月16日（週一） 上午 1:49] STEP Save → reload → same state
7896.9s [6月16日（週一） 上午 1:51]   ok  cash restored after load
7896.9s [6月16日（週一） 上午 1:51]   ok  time restored after load
7896.9s [6月16日（週一） 上午 1:51]   ok  location restored (riverside_apartment)
7897.1s [6月16日（週一） 上午 1:51]   shot 388_after_load.png
7897.2s [6月1日（週日） 下午 2:00] STEP (harness) skip to Chapter 10
7898.6s [6月1日（週日） 下午 2:02] STEP Luxury Heights — take over the Aster Inn, set the Rate Board, staff up and sell the first nights
7902.1s [6月1日（週日） 下午 2:08]   ok  walked back outside
7916.0s [6月1日（週日） 下午 2:29]   use "捷運——河濱區站"
7917.0s [6月1日（週日） 下午 2:31]   shot 389_metro_luxury_heights.png
7917.0s [6月1日（週日） 下午 2:31]   click [Go_luxury_heights] 豪景高地  ·  18 分鐘
7918.0s [6月1日（週日） 下午 2:50]   ok  took the Metro to Luxury Heights
7918.1s [6月1日（週日） 下午 2:50]   shot 390_luxury_heights_day.png
7929.8s [6月1日（週日） 下午 3:08]   ok  entered The Aster
7930.6s [6月1日（週日） 下午 3:09]   use "Open the Rate Board"
7930.7s [6月1日（週日） 下午 3:09]   click [TakeoverAster] 頂下 Aster 小旅館 · $150,000
7930.9s [6月1日（週日） 下午 3:09]   ok  actual takeover opens the 12-room Aster Inn
7930.9s [6月1日（週日） 下午 3:10]   shot 391_rate_board.png
7930.9s [6月1日（週日） 下午 3:10]   click [Price_standard_10] +$10
7931.0s [6月1日（週日） 下午 3:10]   click [BoardNextOps] Next: daily operations
7931.2s [6月1日（週日） 下午 3:10]   shot 392_hotel_operations.png
7932.0s [6月13日（週五） 下午 9:11]   ok  night audits sell rooms and book room revenue
7932.0s [6月13日（週五） 下午 9:11]   ok  hotel books balance
7932.2s [6月13日（週五） 下午 9:11]   use "Open the Rate Board"
7932.3s [6月13日（週五） 下午 9:11]   click [HotelTab_reviews] Guest reviews
7932.5s [6月13日（週五） 下午 9:12]   shot 393_guest_reviews.png
7932.5s [6月1日（週日） 下午 2:00] STEP (harness) skip to Chapter 10
7933.9s [6月1日（週日） 下午 2:02] STEP Industrial - lease warehouse, Roof Survey, subsidy, install and first solar invoice
7937.3s [6月1日（週日） 下午 2:08]   ok  walked back outside
7951.3s [6月1日（週日） 下午 2:29]   use "捷運——河濱區站"
7952.2s [6月1日（週日） 下午 2:30]   shot 394_metro_industrial.png
7952.2s [6月1日（週日） 下午 2:30]   click [Go_industrial] 工業區  ·  14 分鐘
7953.3s [6月1日（週日） 下午 2:46]   ok  took the Metro to Industrial
7953.3s [6月1日（週日） 下午 2:46]   shot 395_industrial_energy_day.png
7958.7s [6月1日（週日） 下午 2:54]   ok  entered Helio Warehouse Office
7961.8s [6月1日（週日） 下午 2:59]   use "Lease the Helio warehouse office"
7961.9s [6月1日（週日） 下午 2:59]   click [SignLease_helio_warehouse] Sign the lease
7963.3s [6月1日（週日） 下午 3:01]   use "Open Energy Console"
7963.4s [6月1日（週日） 下午 3:01]   click [OpenEnergy] 開辦太陽能事業
7964.1s [6月1日（週日） 下午 3:02]   use "Open Energy Console"
7964.2s [6月1日（週日） 下午 3:02]   click [Survey_ROOF-1] 勘查這個屋頂
7964.4s [6月1日（週日） 下午 3:02]   click [AutoLayout] 自動擺放最佳位置
7964.6s [6月1日（週日） 下午 3:03]   shot 396_roof_survey.png
7964.6s [6月1日（週日） 下午 3:03]   click [SendQuote] 送出報價 · $15,632
7965.1s [6月1日（週日） 下午 3:49]   ok  actual Roof Survey quote wins a client job
7965.3s [6月1日（週日） 下午 3:49]   use "Open Energy Console"
7965.4s [6月1日（週日） 下午 3:49]   click [EnergyTab_installs] Installs & warranty
7965.5s [6月1日（週日） 下午 3:49]   click [StartInstall_JOB-1] 訂購材料並開工 · $11,880
7968.5s [7月1日（週二） 下午 3:50]   shot 397_month_close_report.png
7968.5s [7月1日（週二） 下午 3:50]   click [month close] Continue
7969.0s [7月1日（週二） 下午 3:50]   ok  crew-days finish the install
7969.0s [7月1日（週二） 下午 3:50]   ok  first solar income is a traceable Jobs invoice
7969.0s [7月1日（週二） 下午 3:50]   ok  materials, install and invoice balance
7969.2s [7月1日（週二） 下午 3:50]   use "Open Energy Console"
7969.3s [7月1日（週二） 下午 3:51]   click [EnergyTab_installs] Installs & warranty
7969.4s [7月1日（週二） 下午 3:51]   shot 398_energy_installs.png
7974.1s [7月1日（週二） 下午 3:59]   ok  walked back outside
7978.1s [7月1日（週二） 下午 4:05]   use "捷運——工業區站"
7979.1s [7月1日（週二） 下午 4:06]   shot 399_metro_riverside.png
7979.1s [7月1日（週二） 下午 4:06]   click [Go_riverside] 河濱區  ·  14 分鐘
7980.1s [7月1日（週二） 下午 4:22]   ok  took the Metro to Riverside
7989.2s [7月1日（週二） 下午 4:36]   ok  entered Riverside Tower
7989.2s [6月1日（週日） 下午 2:00] STEP (harness) skip to Chapter 10
7990.7s [6月1日（週日） 下午 2:02] STEP Airport - open the auto desk, win a Wednesday auction car, recondition, list and sell it
7994.1s [6月1日（週日） 下午 2:08]   ok  walked back outside
8008.0s [6月1日（週日） 下午 2:29]   use "捷運——河濱區站"
8009.0s [6月1日（週日） 下午 2:30]   shot 400_metro_airport.png
8009.0s [6月1日（週日） 下午 2:30]   click [Go_airport] 國際機場  ·  24 分鐘
8010.0s [6月1日（週日） 下午 2:56]   ok  took the Metro to Airport
8010.1s [6月1日（週日） 下午 2:56]   shot 401_airport_day.png
8019.1s [6月1日（週日） 下午 3:09]   ok  entered Gateway Car Rental
8020.0s [6月1日（週日） 下午 3:11]   use "Open the fleet desk"
8020.1s [6月1日（週日） 下午 3:11]   click [OpenAutoDesk] 開設汽車櫃台 · 執照費 $400
8020.3s [6月1日（週日） 下午 3:11]   ok  actual licence opens the auto desk
8020.4s [6月4日（週三） 上午 10:00]   shot 402_auction_lots.png
8021.0s [6月25日（週三） 上午 10:00]   ok  auto books balance
8021.0s [6月25日（週三） 上午 10:00] STEP Save → reload → same state
8021.8s [6月25日（週三） 上午 10:02]   ok  cash restored after load
8021.8s [6月25日（週三） 上午 10:02]   ok  time restored after load
8021.8s [6月25日（週三） 上午 10:02]   ok  location restored (gateway_car_rental)
8021.9s [6月25日（週三） 上午 10:02]   shot 403_after_load.png
8021.9s [6月25日（週三） 上午 10:02] BOT FINISHED — 2 failure(s) · 8021.9s real