Godot Engine v4.5.1.stable.official.f62fdbde1 - https://godotengine.org
OpenGL API 3.3.0 NVIDIA 462.59 - Compatibility - Using Device: NVIDIA - Quadro RTX 4000

   0.0s STEP Main menu → New Game
   0.6s   shot 01_main_menu.png
   0.6s   click [NewGame] New Game
   1.9s STEP Character Creator
   2.0s   shot 02_creator_default.png
   2.0s   click [Tab_hair] Hair
   2.0s   click [Next_hair] ▶
   2.4s   click [Tab_face] Face
   2.5s   click [Next_face] ▶
   2.6s   click [Next_eye_shape] ▶
   2.8s   click [Tab_body] Body
   2.9s   click [Next_presentation] ▶
   3.5s   shot 03_creator_customised.png
   3.5s   click [Tab_outfit] Outfit
   3.5s   click "Startup Casual"
   4.1s   ok  appearance changed from default (short_neat)
   4.2s   shot 04_creator_final.png
   4.2s   click [Start] Start in Aurelia  →
   4.3s [6月1日（週日） 下午 2:00] STEP Arrival sequence
   6.9s [6月1日（週日） 下午 2:00]   shot 05_arrival_train.png
  10.5s [6月1日（週日） 下午 2:00]   shot 06_arrival_phone.png
  15.6s [6月1日（週日） 下午 2:01]   ok  spawned in the Riverside apartment
  15.6s [6月1日（週日） 下午 2:01]   ok  starting cash $30,000
  15.6s [6月1日（週日） 下午 2:01]   ok  name saved
  17.4s [6月1日（週日） 下午 2:03]   shot 07_apartment_arrival.png
  17.4s [6月1日（週日） 下午 2:03] STEP Chapter 1 — phone & Maya
  20.5s [6月1日（週日） 下午 2:08]   shot 08_phone_home.png
  20.5s [6月1日（週日） 下午 2:08]   click [App_messages] 訊息 2
  21.0s [6月1日（週日） 下午 2:09]   click [Thread_maya] Maya  ● 打給我。或傳訊息。隨便。
  23.1s [6月1日（週日） 下午 2:09]   choose "› 嗯。"
  26.1s [6月1日（週日） 下午 2:09]   choose "› 我要開公司。"
  29.5s [6月1日（週日） 下午 2:09]   ok  Maya conversation done
  29.5s [6月1日（週日） 下午 2:09] STEP Head outside
  33.5s [6月1日（週日） 下午 2:15]   ok  walked back outside
  33.5s [6月1日（週日） 下午 2:15]   ok  visited Riverside
  33.7s [6月1日（週日） 下午 2:15]   shot 09_riverside_outside_home.png
  33.7s [6月1日（週日） 下午 2:15] STEP Bloom Coffee
  36.9s [6月1日（週日） 下午 2:20]   ok  entered Bloom Coffee
  37.0s [6月1日（週日） 下午 2:20]   shot 10_bloom_coffee_inside.png
  38.4s [6月1日（週日） 下午 2:22]   use "Order coffee ($4.50)"
  40.4s [6月1日（週日） 下午 2:22]   choose "› 麻煩了。"
  45.4s [6月1日（週日） 下午 2:33]   ok  bought a coffee from Jun
  48.1s [6月1日（週日） 下午 2:38]   ok  walked back outside
  48.1s [6月1日（週日） 下午 2:38] STEP Walk east to Startup Hub
  49.7s [6月1日（週日） 下午 2:40]   shot 11_riverside_street.png
  62.3s [6月1日（週日） 下午 3:11]   ok  walked to Startup Hub
  62.5s [6月1日（週日） 下午 3:11]   shot 12_startup_hub_arrive.png
  62.5s [6月1日（週日） 下午 3:11] STEP Nexus Co-work
  66.4s [6月1日（週日） 下午 3:17]   ok  entered Nexus Co-work
  66.6s [6月1日（週日） 下午 3:17]   shot 13_cowork_inside.png
  67.8s [6月1日（週日） 下午 3:19]   use "Reception — desks & day passes"
  70.4s [6月1日（週日） 下午 3:19]   choose "› 對。先看看。"
  73.3s [6月1日（週日） 下午 3:20]   click [DayPass] Buy a day pass ($15)
  74.2s [6月1日（週日） 下午 3:21] STEP Business Board
  81.7s [6月1日（週日） 下午 3:32]   use "Business Board"
  82.5s [6月1日（週日） 下午 3:34]   shot 14_business_board.png
  82.5s [6月1日（週日） 下午 3:34]   click [Biz_saas] ● SaaS／軟體
  83.0s [6月1日（週日） 下午 3:34]   shot 15_business_board_planned_saas.png
  83.0s [6月1日（週日） 下午 3:34]   click [Biz_ecommerce] ● 電商
  83.2s [6月1日（週日） 下午 3:35]   click [StartEcommerce] Start an ecommerce side business
  84.6s [6月1日（週日） 下午 3:37]   ok  picked ecommerce as first business
  87.1s [6月1日（週日） 下午 3:41]   ok  Chapter 1 complete
  87.1s [6月1日（週日） 下午 3:41] STEP Chapter 2 — buy stock at a hot desk (Company OS)
  96.0s [6月1日（週日） 下午 3:54]   use "Work at a hot desk — Company OS"
  96.7s [6月1日（週日） 下午 3:55]   shot 16_company_os_overview_personal.png
  96.7s [6月1日（週日） 下午 3:55]   click [Tab_operations] Operations
  97.4s [6月1日（週日） 下午 3:56]   shot 17_company_os_suppliers.png
  97.4s [6月1日（週日） 下午 3:56]   click [Buy_tradelink_wholesale_wireless_earbuds] 購買 $900.00
  97.9s [6月1日（週日） 下午 4:07]   click [Buy_tradelink_wholesale_water_bottle] 購買 $408.00
  98.3s [6月1日（週日） 下午 4:17]   click [Buy_tradelink_wholesale_desk_lamp] 購買 $460.00
  98.8s [6月1日（週日） 下午 4:28]   click [Buy_tradelink_wholesale_phone_stand] 購買 $272.00
  99.3s [6月1日（週日） 下午 4:39]   ok  placed purchase orders (MOQ, prepaid): 4 POs, cash $27,940.50
  99.4s [6月1日（週日） 下午 4:39]   shot 18_company_os_purchase_orders.png
  99.7s [6月1日（週日） 下午 4:39] STEP Home to wait for stock
 103.0s [6月1日（週日） 下午 4:45]   ok  walked back outside
 107.0s [6月1日（週日） 下午 5:03]   ok  walked to Riverside
 122.9s [6月1日（週日） 下午 5:27]   ok  entered Riverside Tower
 122.9s [6月1日（週日） 下午 5:27]   (harness) wait 2 h
 125.5s [6月1日（週日） 下午 7:31]   use "Sleep"
 126.1s [6月1日（週日） 下午 7:31]   click [Sleep] Sleep until 7:00 AM
 128.0s [6月2日（週一） 上午 7:01]   (harness) wait 2 h
 128.7s [6月2日（週一） 上午 9:02]   (harness) wait 2 h
 129.3s [6月2日（週一） 上午 11:03]   (harness) wait 2 h
 130.0s [6月2日（週一） 下午 1:04]   (harness) wait 2 h
 130.7s [6月2日（週一） 下午 3:05]   (harness) wait 2 h
 131.4s [6月2日（週一） 下午 5:06]   (harness) wait 2 h
 132.3s [6月2日（週一） 下午 7:07]   use "Sleep"
 132.9s [6月2日（週一） 下午 7:07]   click [Sleep] Sleep until 7:00 AM
 134.7s [6月3日（週二） 上午 7:01]   (harness) wait 2 h
 135.4s [6月3日（週二） 上午 9:02]   (harness) wait 2 h
 136.1s [6月3日（週二） 上午 11:03]   (harness) wait 2 h
 136.8s [6月3日（週二） 下午 1:04]   (harness) wait 2 h
 137.5s [6月3日（週二） 下午 3:05]   ok  stock delivered to the apartment
 138.2s [6月3日（週二） 下午 3:06]   shot 19_apartment_with_stock.png
 138.2s [6月3日（週二） 下午 3:06] STEP List products on ShopLane
 139.5s [6月3日（週二） 下午 3:08]   use "Use laptop — Company OS"
 140.1s [6月3日（週二） 下午 3:09]   click [Tab_sales] Ecommerce
 140.8s [6月3日（週二） 下午 3:10]   shot 20_company_os_sales_ready.png
 140.8s [6月3日（週二） 下午 3:10]   click [ListSelf_wireless_earbuds] Shoot photos myself & list (1 h 20 min)
 141.3s [6月3日（週二） 下午 4:30]   click [ListSelf_water_bottle] Shoot photos myself & list (1 h 20 min)
 141.9s [6月3日（週二） 下午 5:51]   click [ListSelf_desk_lamp] Shoot photos myself & list (1 h 20 min)
 142.4s [6月3日（週二） 下午 7:12]   click [ListSelf_phone_stand] Shoot photos myself & list (1 h 20 min)
 143.0s [6月3日（週二） 下午 8:33]   click [AdPlus_wireless_earbuds] +
 143.6s [6月3日（週二） 下午 8:34]   shot 21_company_os_listings_live.png
 143.6s [6月3日（週二） 下午 8:34]   ok  listings live
 144.0s [6月3日（週二） 下午 8:34] STEP First order → pack → ship
 152.2s [6月3日（週二） 下午 8:47]   use "Packing table"
 153.0s [6月3日（週二） 下午 8:48]   shot 22_packing_table.png
 153.0s [6月3日（週二） 下午 8:48]   click [Pack] 打包 17 筆訂單（2 小時 16 分）
 153.8s [6月3日（週二） 下午 11:05]   click [CourierEconomy] 快遞 · 經濟 3 天（$87.80）
 154.9s [6月3日（週二） 下午 11:07]   ok  first order came in
 154.9s [6月3日（週二） 下午 11:07]   ok  handed to the courier (pickup booked)
 154.9s [6月3日（週二） 下午 11:07] STEP Delivery → first dollar
 163.8s [6月3日（週二） 下午 11:20]   use "Sleep"
 164.4s [6月3日（週二） 下午 11:20]   click [Sleep] Sleep until 7:00 AM
 175.1s [6月4日（週三） 上午 7:14]   use "Packing table"
 175.8s [6月4日（週三） 上午 7:15]   click [Pack] 打包 8 筆訂單（1 小時 4 分）
 176.6s [6月4日（週三） 上午 8:20]   click [CourierEconomy] 快遞 · 經濟 3 天（$42.20）
 177.8s [6月4日（週三） 上午 8:22]   ok  first order delivered (Earn Your First Dollar)
 177.8s [6月4日（週三） 上午 8:22]   revenue booked $481.83 · ShopLane balance $433.63 · cash $27,694.70
 177.9s [6月4日（週三） 上午 8:22]   shot 23_first_dollar.png
 177.9s [6月4日（週三） 上午 8:22] STEP First customer issue
 177.9s [6月4日（週三） 上午 8:22]   (harness) wait 2 h
 185.0s [6月4日（週三） 上午 10:33]   use "Packing table"
 185.7s [6月4日（週三） 上午 10:34]   click [Pack] 打包 4 筆訂單（32 分鐘）
 186.6s [6月4日（週三） 上午 11:07]   click [CourierEconomy] 快遞 · 經濟 3 天（$22.80）
 187.7s [6月4日（週三） 上午 11:09]   (harness) wait 2 h
 188.6s [6月4日（週三） 下午 1:10]   use "Packing table"
 189.3s [6月4日（週三） 下午 1:11]   click [Pack] 打包 10 筆訂單（1 小時 20 分）
 190.2s [6月4日（週三） 下午 2:32]   click [CourierEconomy] 快遞 · 經濟 3 天（$50.60）
 191.3s [6月4日（週三） 下午 2:34]   (harness) wait 2 h
 192.1s [6月4日（週三） 下午 4:35]   use "Packing table"
 192.8s [6月4日（週三） 下午 4:36]   click [Pack] 打包 9 筆訂單（1 小時 12 分）
 193.7s [6月4日（週三） 下午 5:50]   click [CourierEconomy] 快遞 · 經濟 3 天（$54.20）
 194.9s [6月4日（週三） 下午 5:51]   (harness) wait 2 h
 195.7s [6月4日（週三） 下午 7:53]   use "Packing table"
 196.4s [6月4日（週三） 下午 7:54]   click [Pack] 打包 7 筆訂單（56 分鐘）
 197.3s [6月4日（週三） 下午 8:51]   click [CourierEconomy] 快遞 · 經濟 3 天（$38.00）
 201.1s [6月4日（週三） 下午 8:57]   use "Sleep"
 201.7s [6月4日（週三） 下午 8:57]   click [Sleep] Sleep until 7:00 AM
 203.6s [6月5日（週四） 上午 7:00]   shot 24_decision_customer_return_first.png
 203.6s [6月5日（週四） 上午 7:00]   decision customer_return_first → replace
 203.6s [6月5日（週四） 上午 7:00]   click [Choice_replace] 寄一個新的（快捷）
 205.3s [6月5日（週四） 上午 7:00]   shot 25_decision_outcome_customer_return_first.png
 205.3s [6月5日（週四） 上午 7:00]   click "OK"
 214.7s [6月5日（週四） 上午 7:14]   use "Packing table"
 215.4s [6月5日（週四） 上午 7:15]   click [Pack] 打包 16 筆訂單（2 小時 8 分）
 216.3s [6月5日（週四） 上午 9:24]   click [CourierEconomy] 快遞 · 經濟 3 天（$78.40）
 217.4s [6月5日（週四） 上午 9:26]   ok  resolved the first customer issue
 219.4s [6月5日（週四） 上午 9:29]   ok  Chapter 2 complete
 219.4s [6月5日（週四） 上午 9:29] STEP Purchase cancellation
 221.0s [6月5日（週四） 上午 9:31]   use "Use laptop — Company OS"
 221.6s [6月5日（週四） 上午 9:32]   click [Tab_operations] Operations
 222.2s [6月5日（週四） 上午 9:33]   click [Buy_tradelink_wholesale_wireless_earbuds] 購買 $900.00
 223.2s [6月5日（週四） 上午 9:44]   click [CancelPO_PO-105] Cancel purchase
 223.9s [6月5日（週四） 上午 9:45]   shot 26_purchase_cancel_confirmation.png
 223.9s [6月5日（週四） 上午 9:45]   click [ConfirmReturn] Confirm cancellation
 224.5s [6月5日（週四） 上午 9:45]   ok  extra PO cancelled through UI
 224.5s [6月5日（週四） 上午 9:45]   ok  cancellation cash equals quoted refund
 224.5s [6月5日（週四） 上午 9:45]   ok  ledger balanced after purchase cancellation
 225.0s [6月5日（週四） 上午 9:46]   shot 27_purchase_cancelled_operations.png
 225.4s [6月5日（週四） 上午 9:47] STEP Chapter 3 — wait for a weekday morning
 228.1s [6月5日（週四） 上午 9:52]   ok  walked back outside
 228.1s [6月5日（週四） 上午 9:52] STEP Metro to Civic Center → City Hall
 236.3s [6月5日（週四） 上午 10:04]   use "捷運——河濱區站"
 237.2s [6月5日（週四） 上午 10:05]   shot 28_metro_civic_center.png
 237.2s [6月5日（週四） 上午 10:05]   click [Go_civic_center] 市政中心  ·  12 分鐘
 238.2s [6月5日（週四） 上午 10:19]   ok  took the Metro to Civic Center
 238.3s [6月5日（週四） 上午 10:19]   shot 29_civic_center.png
 245.3s [6月5日（週四） 上午 10:29]   ok  entered Aurelia City Hall
 245.5s [6月5日（週四） 上午 10:29]   shot 30_city_hall_inside.png
 246.6s [6月5日（週四） 上午 10:31]   use "Registration counter"
 248.5s [6月5日（週四） 上午 10:31]   choose "› 我要登記公司。"
 251.3s [6月5日（週四） 上午 10:32]   shot 31_registration_form.png
 251.3s [6月5日（週四） 上午 10:32]   click [Submit] Register & pay
 252.2s [6月5日（週四） 上午 11:18]   shot 32_registration_done.png
 252.3s [6月5日（週四） 上午 11:18]   click "Thanks"
 252.3s [6月5日（週四） 上午 11:18]   ok  registered Riverlight Goods
 252.4s [6月5日（週四） 上午 11:18]   shot 33_decision_low_cash_warning.png
 252.4s [6月5日（週四） 上午 11:18]   decision low_cash_warning → reduce
 252.4s [6月5日（週四） 上午 11:18]   click [Choice_reduce] 縮減開支（暫停廣告、生活從簡）
 253.8s [6月5日（週四） 上午 11:18]   shot 34_decision_outcome_low_cash_warning.png
 253.9s [6月5日（週四） 上午 11:18]   click "OK"
 256.8s [6月5日（週四） 上午 11:23]   ok  walked back outside
 256.8s [6月5日（週四） 上午 11:23] STEP Walk to the Financial District → Nexus Bank
 266.3s [6月5日（週四） 上午 11:43]   ok  walked to Financial District
 270.5s [6月5日（週四） 上午 11:49]   ok  entered Nexus Bank
 270.7s [6月5日（週四） 上午 11:49]   shot 35_bank_inside.png
 271.6s [6月5日（週四） 上午 11:51]   use "Teller — business banking"
 272.4s [6月5日（週四） 上午 11:52]   click "$15,000"
 272.6s [6月5日（週四） 上午 11:52]   click [OpenAccount] 存入 $15,000 開戶
 273.6s [6月5日（週四） 下午 12:24]   shot 36_bank_account_opened.png
 273.9s [6月5日（週四） 下午 12:24]   ok  business account opened with founder capital
 278.3s [6月5日（週四） 下午 12:32]   ok  walked back outside
 278.3s [6月5日（週四） 下午 12:32] STEP Metro to Startup Hub → lease Suite 2B
 284.7s [6月5日（週四） 下午 12:42]   use "捷運——金融區站"
 285.7s [6月5日（週四） 下午 12:43]   shot 37_metro_startup_hub.png
 285.9s [6月5日（週四） 下午 12:43]   click [Go_startup_hub] 新創園區  ·  8 分鐘
 286.9s [6月5日（週四） 下午 12:53]   ok  took the Metro to Startup Hub
 291.9s [6月5日（週四） 下午 1:00]   ok  entered 22 Founders Lane
 292.1s [6月5日（週四） 下午 1:00]   shot 38_suite_2b_tour.png
 293.0s [6月5日（週四） 下午 1:02]   use "和 Tom 說話"
 295.4s [6月5日（週四） 下午 1:02]   click [SignLease] Sign the lease
 296.5s [6月5日（週四） 下午 1:04]   ok  leased Suite 2B
 297.2s [6月5日（週四） 下午 1:05]   shot 39_suite_2b_company_sign.png
 297.2s [6月5日（週四） 下午 1:05] STEP Sit at the desk → Company OS as the company
 297.9s [6月5日（週四） 下午 1:06]   use "Sit at your desk — Company OS"
 299.2s [6月5日（週四） 下午 1:08]   shot 40_company_os_as_company.png
 299.2s [6月5日（週四） 下午 1:08]   click [Tab_finance] Finance
 299.9s [6月5日（週四） 下午 1:09]   shot 41_company_os_finance.png
 299.9s [6月5日（週四） 下午 1:09]   click [Tab_inventory] Inventory
 300.4s [6月5日（週四） 下午 1:10]   shot 42_company_os_inventory.png
 303.8s [6月5日（週四） 下午 1:15]   ok  Chapter 3 complete
 306.1s [6月5日（週四） 下午 1:19]   ok  walked back outside
 306.3s [6月5日（週四） 下午 1:19]   shot 43_startup_hub_office_sign.png
 306.4s [6月5日（週四） 下午 1:19] STEP Careers — part-time job at Nexus Co-work
 312.7s [6月5日（週四） 下午 1:29]   ok  entered Nexus Co-work
 315.0s [6月5日（週四） 下午 1:32]   use "Business Board"
 315.7s [6月5日（週四） 下午 1:33]   click [Page_jobs] Part-time jobs
 316.3s [6月5日（週四） 下午 1:34]   shot 44_business_board_jobs.png
 316.3s [6月5日（週四） 下午 1:34]   click [Job_cowork_host] 詳情／應徵
 316.9s [6月5日（週四） 下午 1:35]   click [ApplyJob] Take the job
 317.5s [6月5日（週四） 下午 1:36]   shot 45_job_hired.png
 318.5s [6月5日（週四） 下午 1:38]   ok  hired as a community host
 325.3s [6月5日（週四） 下午 1:48]   use "Staff door — work a shift"
 326.1s [6月5日（週四） 下午 1:49]   shot 46_job_shift.png
 326.1s [6月5日（週四） 下午 1:49]   click [WorkShift] 開始 4 小時的班（最多 +$72）
 327.9s [6月5日（週四） 下午 5:51]   ok  a 4-hour shift paid by how it went ($67.68)
 327.9s [6月5日（週四） 下午 5:51] STEP Careers — freelance gig at a hot desk
 327.9s [6月5日（週四） 下午 5:51]   info card: Your first business loop
 328.0s [6月5日（週四） 下午 5:51]   shot 47_info_your_first_business_loop.png
 328.0s [6月5日（週四） 下午 5:51]   click "Let's go"
 337.0s [6月5日（週四） 下午 6:04]   use "Work at a hot desk — Company OS"
 337.6s [6月5日（週四） 下午 6:05]   click [Tab_freelance] Explore freelance consulting
 338.1s [6月5日（週四） 下午 6:06]   click [StartFreelance] Start freelancing
 338.8s [6月5日（週四） 下午 6:07]   click [Accept_G1] Accept
 339.3s [6月5日（週四） 下午 6:07]   click [Work_G1] 工作 2 小時
 340.1s [6月5日（週四） 下午 8:09]   shot 48_freelance_gig.png
 340.1s [6月5日（週四） 下午 8:09]   ok  put hours into a freelance gig
 340.1s [6月5日（週四） 下午 8:09] STEP Careers — start a SaaS product
 340.1s [6月5日（週四） 下午 8:09]   click [Tab_saas] Start a software product
 340.7s [6月5日（週四） 下午 8:09]   shot 49_saas_ideas.png
 340.7s [6月5日（週四） 下午 8:09]   click [Saas_freelancer_invoicing] Build this
 341.2s [6月5日（週四） 下午 8:10]   click [SaasCode] 寫程式 2 小時
 341.9s [6月5日（週四） 下午 10:11]   shot 50_saas_building.png
 341.9s [6月5日（週四） 下午 10:11]   ok  started building a SaaS product (2 dev h)
 342.4s [6月5日（週四） 下午 10:11]   shot 51_decision_customer_return.png
 342.4s [6月5日（週四） 下午 10:11]   decision customer_return → replace
 342.4s [6月5日（週四） 下午 10:11]   click [Choice_replace] 寄一個新的
 343.8s [6月5日（週四） 下午 10:11]   shot 52_decision_outcome_customer_return.png
 343.8s [6月5日（週四） 下午 10:11]   click "OK"
 347.6s [6月5日（週四） 下午 10:17]   ok  walked back outside
 347.6s [6月5日（週四） 下午 10:17] STEP Run the company to month-end
 351.6s [6月5日（週四） 下午 10:35]   ok  walked to Riverside
 367.5s [6月5日（週四） 下午 10:59]   ok  entered Riverside Tower
 369.5s [6月5日（週四） 下午 11:02]   use "Sleep"
 370.1s [6月5日（週四） 下午 11:02]   click [Sleep] Sleep until 7:00 AM
 380.8s [6月6日（週五） 上午 7:14]   use "Packing table"
 381.5s [6月6日（週五） 上午 7:15]   click [Pack] 打包 59 筆訂單（7 小時 52 分）
 382.5s [6月6日（週五） 下午 3:08]   click [CourierEconomy] 快遞 · 經濟 3 天（$282.40）
 383.7s [6月6日（週五） 下午 3:10]   shot 53_decision_customer_return.png
 383.7s [6月6日（週五） 下午 3:10]   decision customer_return → replace
 383.7s [6月6日（週五） 下午 3:10]   click [Choice_replace] 寄一個新的
 385.1s [6月6日（週五） 下午 3:10]   shot 54_decision_outcome_customer_return.png
 385.1s [6月6日（週五） 下午 3:10]   click "OK"
 387.2s [6月6日（週五） 下午 3:13]   use "Use laptop — Company OS"
 387.8s [6月6日（週五） 下午 3:14]   click [Tab_operations] Operations
 388.0s [6月6日（週五） 下午 3:14]   click [DeliverTo_riverside_studio] 河濱大樓 7C
 388.2s [6月6日（週五） 下午 3:14]   click [Buy_tradelink_wholesale_water_bottle] 購買 $408.00
 388.4s [6月6日（週五） 下午 3:24]   click [Buy_tradelink_wholesale_wireless_earbuds] 購買 $900.00
 396.7s [6月6日（週五） 下午 7:12]   use "Sleep"
 397.3s [6月6日（週五） 下午 7:12]   click [Sleep] Sleep until 7:00 AM
 408.0s [6月7日（週六） 上午 7:14]   use "Packing table"
 408.7s [6月7日（週六） 上午 7:15]   click [Pack] 打包 55 筆訂單（7 小時 20 分）
 409.6s [6月7日（週六） 下午 2:36]   click [CourierEconomy] 快遞 · 經濟 3 天（$260.40）
 412.4s [6月7日（週六） 下午 2:40]   use "Use laptop — Company OS"
 413.0s [6月7日（週六） 下午 2:41]   click [Tab_operations] Operations
 413.1s [6月7日（週六） 下午 2:41]   click [DeliverTo_riverside_studio] 河濱大樓 7C
 413.3s [6月7日（週六） 下午 2:42]   click [Buy_tradelink_wholesale_water_bottle] 購買 $408.00
 413.5s [6月7日（週六） 下午 2:52]   click [Buy_tradelink_wholesale_wireless_earbuds] 購買 $900.00
 421.9s [6月7日（週六） 下午 7:12]   use "Sleep"
 422.5s [6月7日（週六） 下午 7:12]   click [Sleep] Sleep until 7:00 AM
 433.1s [6月8日（週日） 上午 7:14]   use "Packing table"
 433.8s [6月8日（週日） 上午 7:15]   click [Pack] 打包 26 筆訂單（3 小時 28 分）
 434.7s [6月8日（週日） 上午 10:44]   click [CourierEconomy] 快遞 · 經濟 3 天（$130.80）
 437.5s [6月8日（週日） 上午 10:48]   use "Use laptop — Company OS"
 438.1s [6月8日（週日） 上午 10:49]   click [Tab_operations] Operations
 438.3s [6月8日（週日） 上午 10:49]   click [DeliverTo_riverside_studio] 河濱大樓 7C
 438.5s [6月8日（週日） 上午 10:50]   click [Buy_tradelink_wholesale_water_bottle] 購買 $408.00
 438.7s [6月8日（週日） 上午 11:00]   click [Buy_tradelink_wholesale_wireless_earbuds] 購買 $900.00
 439.4s [6月8日（週日） 下午 7:00]   shot 55_decision_viral_mention.png
 439.4s [6月8日（週日） 下午 7:00]   decision viral_mention → ride
 439.5s [6月8日（週日） 下午 7:00]   click [Choice_ride] 順其自然
 440.8s [6月8日（週日） 下午 7:00]   shot 56_decision_outcome_viral_mention.png
 440.8s [6月8日（週日） 下午 7:00]   click "OK"
 449.0s [6月8日（週日） 下午 7:12]   use "Sleep"
 449.6s [6月8日（週日） 下午 7:12]   click [Sleep] Sleep until 7:00 AM
 460.3s [6月9日（週一） 上午 7:14]   use "Packing table"
 461.0s [6月9日（週一） 上午 7:15]   click [Pack] 打包 31 筆訂單（4 小時 8 分）
 461.9s [6月9日（週一） 上午 11:24]   click [CourierEconomy] 快遞 · 經濟 3 天（$136.20）
 472.0s [6月9日（週一） 下午 7:13]   use "Sleep"
 472.6s [6月9日（週一） 下午 7:13]   click [Sleep] Sleep until 7:00 AM
 483.3s [6月10日（週二） 上午 7:14]   use "Packing table"
 483.9s [6月10日（週二） 上午 7:15]   click [Pack] 打包 21 筆訂單（2 小時 48 分）
 484.9s [6月10日（週二） 上午 10:04]   click [CourierEconomy] 快遞 · 經濟 3 天（$94.20）
 486.0s [6月10日（週二） 上午 10:06]   shot 57_decision_customer_return.png
 486.0s [6月10日（週二） 上午 10:06]   decision customer_return → refund
 486.0s [6月10日（週二） 上午 10:06]   click [Choice_refund] 退款＋收回商品
 487.4s [6月10日（週二） 上午 10:06]   shot 58_decision_outcome_customer_return.png
 487.4s [6月10日（週二） 上午 10:06]   click "OK"
 487.9s [6月10日（週二） 上午 10:06]   shot 59_decision_supplier_price_increase.png
 487.9s [6月10日（週二） 上午 10:06]   decision supplier_price_increase → accept
 487.9s [6月10日（週二） 上午 10:06]   click [Choice_accept] 好。繼續跟你進貨。
 489.3s [6月10日（週二） 上午 10:06]   shot 60_decision_outcome_supplier_price_increase.png
 489.3s [6月10日（週二） 上午 10:06]   click "OK"
 490.0s [6月10日（週二） 下午 7:00]   shot 61_decision_customer_return.png
 490.0s [6月10日（週二） 下午 7:00]   decision customer_return → refund
 490.0s [6月10日（週二） 下午 7:00]   click [Choice_refund] 退款＋收回商品
 491.4s [6月10日（週二） 下午 7:00]   shot 62_decision_outcome_customer_return.png
 491.4s [6月10日（週二） 下午 7:00]   click "OK"
 500.7s [6月10日（週二） 下午 7:13]   use "Sleep"
 501.4s [6月10日（週二） 下午 7:14]   click [Sleep] Sleep until 7:00 AM
 512.1s [6月11日（週三） 上午 7:14]   use "Packing table"
 512.7s [6月11日（週三） 上午 7:15]   click [Pack] 打包 26 筆訂單（3 小時 28 分）
 513.7s [6月11日（週三） 上午 10:44]   click [CourierEconomy] 快遞 · 經濟 3 天（$115.20）
 523.7s [6月11日（週三） 下午 7:13]   use "Sleep"
 524.3s [6月11日（週三） 下午 7:13]   click [Sleep] Sleep until 7:00 AM
 526.2s [6月12日（週四） 上午 7:00]   shot 63_decision_customer_return.png
 526.2s [6月12日（週四） 上午 7:00]   decision customer_return → replace
 526.2s [6月12日（週四） 上午 7:00]   click [Choice_replace] 寄一個新的
 527.5s [6月12日（週四） 上午 7:00]   shot 64_decision_outcome_customer_return.png
 527.5s [6月12日（週四） 上午 7:00]   click "OK"
 528.1s [6月12日（週四） 上午 7:00]   shot 65_decision_customer_return.png
 528.1s [6月12日（週四） 上午 7:00]   decision customer_return → replace
 528.1s [6月12日（週四） 上午 7:00]   click [Choice_replace] 寄一個新的
 529.4s [6月12日（週四） 上午 7:00]   shot 66_decision_outcome_customer_return.png
 529.4s [6月12日（週四） 上午 7:00]   click "OK"
 538.8s [6月12日（週四） 上午 7:13]   use "Packing table"
 539.5s [6月12日（週四） 上午 7:15]   click [Pack] 打包 25 筆訂單（3 小時 20 分）
 540.4s [6月12日（週四） 上午 10:36]   click [CourierEconomy] 快遞 · 經濟 3 天（$111.00）
 550.4s [6月12日（週四） 下午 7:13]   use "Sleep"
 551.0s [6月12日（週四） 下午 7:13]   click [Sleep] Sleep until 7:00 AM
 552.9s [6月13日（週五） 上午 7:00]   shot 67_decision_customer_return.png
 552.9s [6月13日（週五） 上午 7:00]   decision customer_return → replace
 552.9s [6月13日（週五） 上午 7:00]   click [Choice_replace] 寄一個新的
 554.2s [6月13日（週五） 上午 7:00]   shot 68_decision_outcome_customer_return.png
 554.2s [6月13日（週五） 上午 7:00]   click "OK"
 554.7s [6月13日（週五） 上午 7:00]   shot 69_decision_customer_return.png
 554.7s [6月13日（週五） 上午 7:00]   decision customer_return → replace
 554.7s [6月13日（週五） 上午 7:00]   click [Choice_replace] 寄一個新的
 556.1s [6月13日（週五） 上午 7:00]   shot 70_decision_outcome_customer_return.png
 556.1s [6月13日（週五） 上午 7:00]   click "OK"
 565.5s [6月13日（週五） 上午 7:13]   use "Packing table"
 566.1s [6月13日（週五） 上午 7:15]   click [Pack] 打包 28 筆訂單（3 小時 44 分）
 567.1s [6月13日（週五） 上午 11:00]   click [CourierEconomy] 快遞 · 經濟 3 天（$123.60）
 577.1s [6月13日（週五） 下午 7:13]   use "Sleep"
 577.7s [6月13日（週五） 下午 7:13]   click [Sleep] Sleep until 7:00 AM
 579.6s [6月14日（週六） 上午 7:00]   shot 71_decision_customer_return.png
 579.6s [6月14日（週六） 上午 7:00]   decision customer_return → replace
 579.6s [6月14日（週六） 上午 7:00]   click [Choice_replace] 寄一個新的
 580.9s [6月14日（週六） 上午 7:00]   shot 72_decision_outcome_customer_return.png
 580.9s [6月14日（週六） 上午 7:00]   click "OK"
 590.3s [6月14日（週六） 上午 7:14]   use "Packing table"
 591.0s [6月14日（週六） 上午 7:15]   click [Pack] 打包 27 筆訂單（3 小時 36 分）
 591.9s [6月14日（週六） 上午 10:52]   click [CourierEconomy] 快遞 · 經濟 3 天（$119.40）
 593.2s [6月14日（週六） 下午 7:00]   shot 73_decision_customer_return.png
 593.3s [6月14日（週六） 下午 7:00]   decision customer_return → replace
 593.3s [6月14日（週六） 下午 7:00]   click [Choice_replace] 寄一個新的
 594.6s [6月14日（週六） 下午 7:00]   shot 74_decision_outcome_customer_return.png
 594.7s [6月14日（週六） 下午 7:00]   click "OK"
 604.0s [6月14日（週六） 下午 7:13]   use "Sleep"
 604.6s [6月14日（週六） 下午 7:14]   click [Sleep] Sleep until 7:00 AM
 615.4s [6月15日（週日） 上午 7:14]   use "Packing table"
 616.1s [6月15日（週日） 上午 7:15]   click [Pack] 打包 26 筆訂單（3 小時 28 分）
 617.0s [6月15日（週日） 上午 10:44]   click [CourierEconomy] 快遞 · 經濟 3 天（$115.20）
 627.0s [6月15日（週日） 下午 7:13]   use "Sleep"
 627.6s [6月15日（週日） 下午 7:13]   click [Sleep] Sleep until 7:00 AM
 638.3s [6月16日（週一） 上午 7:14]   use "Packing table"
 639.0s [6月16日（週一） 上午 7:15]   click [Pack] 打包 22 筆訂單（2 小時 56 分）
 639.9s [6月16日（週一） 上午 10:12]   click [CourierEconomy] 快遞 · 經濟 3 天（$98.40）
 641.3s [6月16日（週一） 下午 7:00]   shot 75_decision_unexpected_large_order.png
 641.3s [6月16日（週一） 下午 7:00]   decision unexpected_large_order → review
 641.3s [6月16日（週一） 下午 7:00]   click [Choice_review] 把合約寄給我，我看看。
 642.7s [6月16日（週一） 下午 7:00]   shot 76_decision_outcome_unexpected_large_order.png
 642.7s [6月16日（週一） 下午 7:00]   click "OK"
 652.1s [6月16日（週一） 下午 7:14]   use "Sleep"
 652.7s [6月16日（週一） 下午 7:14]   click [Sleep] Sleep until 7:00 AM
 663.3s [6月17日（週二） 上午 7:14]   use "Packing table"
 664.0s [6月17日（週二） 上午 7:15]   click [Pack] 打包 29 筆訂單（3 小時 52 分）
 665.0s [6月17日（週二） 上午 11:08]   click [CourierEconomy] 快遞 · 經濟 3 天（$127.80）
 667.7s [6月17日（週二） 上午 11:12]   use "Use laptop — Company OS"
 668.3s [6月17日（週二） 上午 11:13]   click [Tab_contracts] 合約 ●
 669.0s [6月17日（週二） 上午 11:14]   shot 77_contract_offer.png
 669.0s [6月17日（週二） 上午 11:14]   click [AcceptContract] Accept
 677.8s [6月17日（週二） 下午 7:11]   use "Sleep"
 678.4s [6月17日（週二） 下午 7:11]   click [Sleep] Sleep until 7:00 AM
 689.1s [6月18日（週三） 上午 7:14]   use "Packing table"
 689.8s [6月18日（週三） 上午 7:15]   click [Pack] 打包 7 筆訂單（56 分鐘）
 690.7s [6月18日（週三） 上午 8:12]   click [CourierEconomy] 快遞 · 經濟 3 天（$35.40）
 693.4s [6月18日（週三） 上午 8:16]   use "Use laptop — Company OS"
 694.1s [6月18日（週三） 上午 8:17]   click [Tab_operations] Operations
 694.3s [6月18日（週三） 上午 8:18]   click [DeliverTo_riverside_studio] 河濱大樓 7C
 694.4s [6月18日（週三） 上午 8:18]   click [Buy_tradelink_wholesale_water_bottle] 購買 $469.20
 694.6s [6月18日（週三） 上午 8:28]   click [Buy_tradelink_wholesale_water_bottle] 購買 $469.20
 694.8s [6月18日（週三） 上午 8:38]   click [Tab_contracts] Contracts
 696.0s [6月18日（週三） 下午 7:00]   shot 78_decision_customer_return.png
 696.0s [6月18日（週三） 下午 7:00]   decision customer_return → refund
 696.0s [6月18日（週三） 下午 7:00]   click [Choice_refund] 退款＋收回商品
 697.4s [6月18日（週三） 下午 7:00]   shot 79_decision_outcome_customer_return.png
 697.4s [6月18日（週三） 下午 7:00]   click "OK"
 705.6s [6月18日（週三） 下午 7:12]   use "Sleep"
 706.2s [6月18日（週三） 下午 7:12]   click [Sleep] Sleep until 7:00 AM
 708.1s [6月19日（週四） 上午 7:00]   shot 80_decision_customer_return.png
 708.1s [6月19日（週四） 上午 7:00]   decision customer_return → replace
 708.1s [6月19日（週四） 上午 7:00]   click [Choice_replace] 寄一個新的
 709.4s [6月19日（週四） 上午 7:00]   shot 81_decision_outcome_customer_return.png
 709.5s [6月19日（週四） 上午 7:00]   click "OK"
 718.8s [6月19日（週四） 上午 7:13]   use "Packing table"
 719.5s [6月19日（週四） 上午 7:15]   click [Pack] 打包 11 筆訂單（1 小時 28 分）
 720.4s [6月19日（週四） 上午 8:44]   click [CourierEconomy] 快遞 · 經濟 3 天（$52.20）
 723.2s [6月19日（週四） 上午 8:48]   use "Use laptop — Company OS"
 723.7s [6月19日（週四） 上午 8:49]   click [Tab_operations] Operations
 723.9s [6月19日（週四） 上午 8:49]   click [DeliverTo_riverside_studio] 河濱大樓 7C
 724.1s [6月19日（週四） 上午 8:49]   click [Buy_tradelink_wholesale_water_bottle] 購買 $469.20
 724.3s [6月19日（週四） 上午 9:00]   click [Buy_tradelink_wholesale_water_bottle] 購買 $469.20
 724.5s [6月19日（週四） 上午 9:10]   click [Tab_contracts] Contracts
 733.2s [6月19日（週四） 下午 7:11]   use "Sleep"
 733.8s [6月19日（週四） 下午 7:11]   click [Sleep] Sleep until 7:00 AM
 744.5s [6月20日（週五） 上午 7:14]   use "Packing table"
 745.2s [6月20日（週五） 上午 7:15]   click [Pack] 打包 12 筆訂單（1 小時 36 分）
 746.1s [6月20日（週五） 上午 8:52]   click [CourierEconomy] 快遞 · 經濟 3 天（$56.40）
 748.9s [6月20日（週五） 上午 8:56]   use "Use laptop — Company OS"
 749.5s [6月20日（週五） 上午 8:57]   click [Tab_operations] Operations
 749.7s [6月20日（週五） 上午 8:58]   click [DeliverTo_riverside_studio] 河濱大樓 7C
 749.8s [6月20日（週五） 上午 8:58]   click [Buy_tradelink_wholesale_water_bottle] 購買 $469.20
 750.0s [6月20日（週五） 上午 9:08]   click [Buy_tradelink_wholesale_water_bottle] 購買 $469.20
 750.2s [6月20日（週五） 上午 9:18]   click [Buy_tradelink_wholesale_wireless_earbuds] 購買 $900.00
 750.4s [6月20日（週五） 上午 9:29]   click [Tab_contracts] Contracts
 751.5s [6月20日（週五） 下午 1:08]   toast: 新評價 #1351：★「浪費錢。」
 759.2s [6月20日（週五） 下午 7:12]   use "Sleep"
 759.7s [6月20日（週五） 下午 7:12]   click [Sleep] Sleep until 7:00 AM
 770.4s [6月21日（週六） 上午 7:14]   use "Packing table"
 771.1s [6月21日（週六） 上午 7:15]   click [Pack] 打包 15 筆訂單（2 h）
 772.0s [6月21日（週六） 上午 9:16]   click [CourierEconomy] 快遞 · 經濟 3 天（$69.00）
 774.8s [6月21日（週六） 上午 9:20]   use "Use laptop — Company OS"
 775.4s [6月21日（週六） 上午 9:21]   click [Tab_operations] Operations
 775.6s [6月21日（週六） 上午 9:22]   click [DeliverTo_riverside_studio] 河濱大樓 7C
 775.8s [6月21日（週六） 上午 9:22]   click [Buy_tradelink_wholesale_wireless_earbuds] 購買 $900.00
 776.0s [6月21日（週六） 上午 9:32]   click [Tab_contracts] Contracts
 776.6s [6月21日（週六） 上午 9:33]   click [DeliverContract] 打包並交貨 120 件（B2B 貨運 $40）
 777.3s [6月21日（週六） 上午 11:04]   shot 82_contract_delivered.png
 785.4s [6月21日（週六） 下午 7:11]   use "Sleep"
 786.0s [6月21日（週六） 下午 7:11]   click [Sleep] Sleep until 7:00 AM
 787.8s [6月22日（週日） 上午 7:00]   shot 83_decision_customer_return.png
 787.8s [6月22日（週日） 上午 7:00]   decision customer_return → refund
 787.8s [6月22日（週日） 上午 7:00]   click [Choice_refund] 退款＋收回商品
 789.2s [6月22日（週日） 上午 7:00]   shot 84_decision_outcome_customer_return.png
 789.2s [6月22日（週日） 上午 7:00]   click "OK"
 798.6s [6月22日（週日） 上午 7:14]   use "Packing table"
 799.3s [6月22日（週日） 上午 7:15]   click [Pack] 打包 14 筆訂單（1 小時 52 分）
 800.2s [6月22日（週日） 上午 9:08]   click [CourierEconomy] 快遞 · 經濟 3 天（$64.80）
 802.9s [6月22日（週日） 上午 9:12]   use "Use laptop — Company OS"
 803.5s [6月22日（週日） 上午 9:13]   click [Tab_operations] Operations
 803.7s [6月22日（週日） 上午 9:13]   click [DeliverTo_riverside_studio] 河濱大樓 7C
 803.9s [6月22日（週日） 上午 9:14]   click [Buy_tradelink_wholesale_wireless_earbuds] 購買 $900.00
 804.7s [6月22日（週日） 下午 7:00]   shot 85_decision_customer_return.png
 804.7s [6月22日（週日） 下午 7:00]   decision customer_return → replace
 804.7s [6月22日（週日） 下午 7:00]   click [Choice_replace] 寄一個新的
 806.1s [6月22日（週日） 下午 7:00]   shot 86_decision_outcome_customer_return.png
 806.1s [6月22日（週日） 下午 7:00]   click "OK"
 814.3s [6月22日（週日） 下午 7:12]   use "Sleep"
 814.9s [6月22日（週日） 下午 7:12]   click [Sleep] Sleep until 7:00 AM
 825.6s [6月23日（週一） 上午 7:14]   use "Packing table"
 826.3s [6月23日（週一） 上午 7:15]   click [Pack] 打包 22 筆訂單（2 小時 56 分）
 827.2s [6月23日（週一） 上午 10:12]   click [CourierEconomy] 快遞 · 經濟 3 天（$98.40）
 828.6s [6月23日（週一） 下午 7:00]   shot 87_decision_customer_return.png
 828.6s [6月23日（週一） 下午 7:00]   decision customer_return → replace
 828.6s [6月23日（週一） 下午 7:00]   click [Choice_replace] 寄一個新的
 830.0s [6月23日（週一） 下午 7:00]   shot 88_decision_outcome_customer_return.png
 830.0s [6月23日（週一） 下午 7:00]   click "OK"
 839.4s [6月23日（週一） 下午 7:14]   use "Sleep"
 840.0s [6月23日（週一） 下午 7:14]   click [Sleep] Sleep until 7:00 AM
 841.8s [6月24日（週二） 上午 7:00]   shot 89_decision_customer_return.png
 841.8s [6月24日（週二） 上午 7:00]   decision customer_return → replace
 841.8s [6月24日（週二） 上午 7:00]   click [Choice_replace] 寄一個新的
 843.2s [6月24日（週二） 上午 7:00]   shot 90_decision_outcome_customer_return.png
 843.2s [6月24日（週二） 上午 7:00]   click "OK"
 852.5s [6月24日（週二） 上午 7:13]   use "Packing table"
 853.2s [6月24日（週二） 上午 7:15]   click [Pack] 打包 23 筆訂單（3 小時 4 分）
 854.1s [6月24日（週二） 上午 10:20]   click [CourierEconomy] 快遞 · 經濟 3 天（$102.60）
 855.5s [6月24日（週二） 下午 7:00]   shot 91_decision_customer_return.png
 855.5s [6月24日（週二） 下午 7:00]   decision customer_return → replace
 855.5s [6月24日（週二） 下午 7:00]   click [Choice_replace] 寄一個新的
 856.9s [6月24日（週二） 下午 7:00]   shot 92_decision_outcome_customer_return.png
 856.9s [6月24日（週二） 下午 7:00]   click "OK"
 866.3s [6月24日（週二） 下午 7:13]   use "Sleep"
 866.9s [6月24日（週二） 下午 7:14]   click [Sleep] Sleep until 7:00 AM
 877.6s [6月25日（週三） 上午 7:14]   use "Packing table"
 878.3s [6月25日（週三） 上午 7:15]   click [Pack] 打包 21 筆訂單（2 小時 48 分）
 879.2s [6月25日（週三） 上午 10:04]   click [CourierEconomy] 快遞 · 經濟 3 天（$94.20）
 889.2s [6月25日（週三） 下午 7:13]   use "Sleep"
 889.8s [6月25日（週三） 下午 7:13]   click [Sleep] Sleep until 7:00 AM
 900.5s [6月26日（週四） 上午 7:14]   use "Packing table"
 901.2s [6月26日（週四） 上午 7:15]   click [Pack] 打包 32 筆訂單（4 小時 16 分）
 902.1s [6月26日（週四） 上午 11:32]   click [CourierEconomy] 快遞 · 經濟 3 天（$140.40）
 912.2s [6月26日（週四） 下午 7:13]   use "Sleep"
 912.8s [6月26日（週四） 下午 7:13]   click [Sleep] Sleep until 7:00 AM
 923.5s [6月27日（週五） 上午 7:14]   use "Packing table"
 924.2s [6月27日（週五） 上午 7:15]   click [Pack] 打包 15 筆訂單（2 h）
 925.1s [6月27日（週五） 上午 9:16]   click [CourierEconomy] 快遞 · 經濟 3 天（$69.00）
 935.1s [6月27日（週五） 下午 7:13]   use "Sleep"
 935.7s [6月27日（週五） 下午 7:13]   click [Sleep] Sleep until 7:00 AM
 946.4s [6月28日（週六） 上午 7:14]   use "Packing table"
 947.1s [6月28日（週六） 上午 7:15]   click [Pack] 打包 19 筆訂單（2 小時 32 分）
 948.0s [6月28日（週六） 上午 9:48]   click [CourierEconomy] 快遞 · 經濟 3 天（$85.80）
 949.4s [6月28日（週六） 下午 7:00]   shot 93_decision_supplier_price_increase.png
 949.4s [6月28日（週六） 下午 7:00]   decision supplier_price_increase → accept
 949.4s [6月28日（週六） 下午 7:00]   click [Choice_accept] 好。繼續跟你進貨。
 950.8s [6月28日（週六） 下午 7:00]   shot 94_decision_outcome_supplier_price_increase.png
 950.8s [6月28日（週六） 下午 7:00]   click "OK"
 960.3s [6月28日（週六） 下午 7:14]   use "Sleep"
 960.9s [6月28日（週六） 下午 7:14]   click [Sleep] Sleep until 7:00 AM
 971.6s [6月29日（週日） 上午 7:14]   use "Packing table"
 972.3s [6月29日（週日） 上午 7:15]   click [Pack] 打包 21 筆訂單（2 小時 48 分）
 973.2s [6月29日（週日） 上午 10:04]   click [CourierEconomy] 快遞 · 經濟 3 天（$94.20）
 974.4s [6月29日（週日） 上午 10:06]   shot 95_decision_customer_return.png
 974.4s [6月29日（週日） 上午 10:06]   decision customer_return → replace
 974.4s [6月29日（週日） 上午 10:06]   click [Choice_replace] 寄一個新的
 975.8s [6月29日（週日） 上午 10:06]   shot 96_decision_outcome_customer_return.png
 975.8s [6月29日（週日） 上午 10:06]   click "OK"
 985.2s [6月29日（週日） 下午 7:14]   use "Sleep"
 985.8s [6月29日（週日） 下午 7:14]   click [Sleep] Sleep until 7:00 AM
 996.5s [6月30日（週一） 上午 7:14]   use "Packing table"
 997.2s [6月30日（週一） 上午 7:15]   click [Pack] 打包 25 筆訂單（3 小時 20 分）
 998.1s [6月30日（週一） 上午 10:36]   click [CourierEconomy] 快遞 · 經濟 3 天（$111.00）
 999.3s [6月30日（週一） 上午 10:38]   shot 97_decision_customer_return.png
 999.3s [6月30日（週一） 上午 10:38]   decision customer_return → replace
 999.3s [6月30日（週一） 上午 10:38]   click [Choice_replace] 寄一個新的
1000.7s [6月30日（週一） 上午 10:38]   shot 98_decision_outcome_customer_return.png
1000.7s [6月30日（週一） 上午 10:38]   click "OK"
1010.1s [6月30日（週一） 下午 7:14]   use "Sleep"
1010.7s [6月30日（週一） 下午 7:14]   click [Sleep] Sleep until 7:00 AM
1014.5s [7月1日（週二） 上午 7:00]   shot 99_month_close_report.png
1014.5s [7月1日（週二） 上午 7:00]   click [month close] Continue
1023.8s [7月1日（週二） 上午 7:13]   use "Packing table"
1024.5s [7月1日（週二） 上午 7:15]   click [Pack] 打包 30 筆訂單（4 h）
1025.5s [7月1日（週二） 上午 11:16]   click [CourierEconomy] 快遞 · 經濟 3 天（$132.00）
1026.7s [7月1日（週二） 上午 11:18]   shot 100_decision_customer_return.png
1026.7s [7月1日（週二） 上午 11:18]   decision customer_return → replace
1026.7s [7月1日（週二） 上午 11:18]   click [Choice_replace] 寄一個新的
1028.1s [7月1日（週二） 上午 11:18]   shot 101_decision_outcome_customer_return.png
1028.1s [7月1日（週二） 上午 11:18]   click "OK"
1029.7s [7月1日（週二） 上午 11:20]   ok  month close ran (June)
1031.3s [7月1日（週二） 上午 11:22]   use "Use laptop — Company OS"
1031.9s [7月1日（週二） 上午 11:23]   click [Tab_finance] Finance
1032.7s [7月1日（週二） 上午 11:24]   shot 102_company_os_finance_july.png
1033.1s [7月1日（週二） 上午 11:25]   ok  Chapter 4 started after the June close
1033.1s [7月1日（週二） 上午 11:25] STEP Chapter 4 — register as an employer at City Hall
1035.7s [7月1日（週二） 上午 11:30]   ok  walked back outside
1049.7s [7月1日（週二） 上午 11:51]   use "捷運——河濱區站"
1050.6s [7月1日（週二） 上午 11:52]   shot 103_metro_civic_center.png
1050.6s [7月1日（週二） 上午 11:52]   click [Go_civic_center] 市政中心  ·  12 分鐘
1051.7s [7月1日（週二） 下午 12:06]   ok  took the Metro to Civic Center
1058.7s [7月1日（週二） 下午 12:16]   ok  entered Aurelia City Hall
1060.5s [7月1日（週二） 下午 12:19]   use "Permits & regulations"
1061.3s [7月1日（週二） 下午 12:20]   shot 104_permits_kiosk.png
1061.3s [7月1日（週二） 下午 12:20]   click [RegisterEmployer] 登記（$150）
1062.3s [7月1日（週二） 下午 12:42]   ok  registered as an employer
1062.3s [7月1日（週二） 下午 12:42] STEP Chapter 4 — post a job, hire, first payroll
1065.3s [7月1日（週二） 下午 12:47]   ok  walked back outside
1070.9s [7月1日（週二） 下午 12:56]   use "捷運——市政中心站"
1071.8s [7月1日（週二） 下午 12:57]   shot 105_metro_riverside.png
1071.8s [7月1日（週二） 下午 12:57]   click [Go_riverside] 河濱區  ·  12 分鐘
1072.8s [7月1日（週二） 下午 1:11]   ok  took the Metro to Riverside
1082.0s [7月1日（週二） 下午 1:24]   ok  entered Riverside Tower
1083.4s [7月1日（週二） 下午 1:26]   use "Use laptop — Company OS"
1084.1s [7月1日（週二） 下午 1:27]   click [Tab_people] People
1084.8s [7月1日（週二） 下午 1:28]   shot 106_people_tab.png
1084.8s [7月1日（週二） 下午 1:28]   click [Post_support] Post job
1085.7s [7月1日（週二） 下午 1:30]   ok  job ad posted
1085.7s [7月1日（週二） 下午 1:30]   (harness) wait 2 h
1094.2s [7月1日（週二） 下午 3:43]   use "Packing table"
1094.9s [7月1日（週二） 下午 3:44]   click [Pack] 打包 6 筆訂單（48 分鐘）
1095.8s [7月1日（週二） 下午 4:33]   click [CourierEconomy] 快遞 · 經濟 3 天（$31.20）
1097.0s [7月1日（週二） 下午 4:35]   (harness) wait 2 h
1097.8s [7月1日（週二） 下午 6:36]   use "Packing table"
1098.5s [7月1日（週二） 下午 6:37]   click [Pack] 打包 4 筆訂單（32 分鐘）
1099.4s [7月1日（週二） 下午 7:10]   click [CourierEconomy] 快遞 · 經濟 3 天（$22.80）
1109.4s [7月1日（週二） 下午 7:25]   use "Sleep"
1110.0s [7月1日（週二） 下午 7:25]   click [Sleep] Sleep until 7:00 AM
1120.7s [7月2日（週三） 上午 7:14]   use "Packing table"
1121.4s [7月2日（週三） 上午 7:15]   click [Pack] 打包 4 筆訂單（32 分鐘）
1122.3s [7月2日（週三） 上午 7:48]   click [CourierEconomy] 快遞 · 經濟 3 天（$22.80）
1125.1s [7月2日（週三） 上午 7:52]   use "Use laptop — Company OS"
1125.7s [7月2日（週三） 上午 7:53]   click [Tab_people] People
1126.4s [7月2日（週三） 上午 7:54]   shot 107_applicants.png
1126.4s [7月2日（週三） 上午 7:54]   click [Hire_E1] Hire
1127.3s [7月2日（週三） 上午 7:56]   ok  hired the first employee (Nina Chen)
1135.1s [7月2日（週三） 下午 7:11]   use "Sleep"
1135.7s [7月2日（週三） 下午 7:11]   click [Sleep] Sleep until 7:00 AM
1146.3s [7月3日（週四） 上午 7:14]   use "Packing table"
1147.0s [7月3日（週四） 上午 7:15]   click [Pack] 打包 33 筆訂單（4 小時 24 分）
1148.0s [7月3日（週四） 上午 11:40]   click [CourierEconomy] 快遞 · 經濟 3 天（$144.60）
1158.0s [7月3日（週四） 下午 7:13]   use "Sleep"
1158.6s [7月3日（週四） 下午 7:13]   click [Sleep] Sleep until 7:00 AM
1169.3s [7月4日（週五） 上午 7:14]   use "Packing table"
1170.0s [7月4日（週五） 上午 7:15]   click [Pack] 打包 19 筆訂單（2 小時 32 分）
1171.0s [7月4日（週五） 上午 9:48]   click [CourierEconomy] 快遞 · 經濟 3 天（$85.80）
1180.9s [7月4日（週五） 下午 7:13]   use "Sleep"
1181.5s [7月4日（週五） 下午 7:13]   click [Sleep] Sleep until 7:00 AM
1192.3s [7月5日（週六） 上午 7:14]   use "Packing table"
1193.0s [7月5日（週六） 上午 7:15]   click [Pack] 打包 21 筆訂單（2 小時 48 分）
1193.9s [7月5日（週六） 上午 10:04]   click [CourierEconomy] 快遞 · 經濟 3 天（$94.20）
1195.0s [7月5日（週六） 上午 10:06]   ok  first payroll paid
1196.6s [7月5日（週六） 上午 10:08]   use "Use laptop — Company OS"
1197.2s [7月5日（週六） 上午 10:09]   click [Tab_finance] Finance
1198.0s [7月5日（週六） 上午 10:10]   shot 108_cash_forecast.png
1199.4s [7月5日（週六） 上午 10:12]   ok  Chapter 4 complete
1199.4s [7月5日（週六） 上午 10:12] STEP Chapter 5 — Crestline's offer
1207.1s [7月5日（週六） 下午 7:11]   use "Sleep"
1207.7s [7月5日（週六） 下午 7:11]   click [Sleep] Sleep until 7:00 AM
1218.4s [7月6日（週日） 上午 7:14]   use "Packing table"
1219.1s [7月6日（週日） 上午 7:15]   click [Pack] 打包 23 筆訂單（3 小時 4 分）
1220.1s [7月6日（週日） 上午 10:20]   click [CourierEconomy] 快遞 · 經濟 3 天（$102.60）
1230.0s [7月6日（週日） 下午 7:13]   use "Sleep"
1230.6s [7月6日（週日） 下午 7:13]   click [Sleep] Sleep until 7:00 AM
1241.3s [7月7日（週一） 上午 7:14]   use "Packing table"
1242.0s [7月7日（週一） 上午 7:15]   click [Pack] 打包 11 筆訂單（1 小時 28 分）
1242.9s [7月7日（週一） 上午 8:44]   click [CourierEconomy] 快遞 · 經濟 3 天（$52.20）
1252.9s [7月7日（週一） 下午 7:13]   use "Sleep"
1253.5s [7月7日（週一） 下午 7:13]   click [Sleep] Sleep until 7:00 AM
1264.2s [7月8日（週二） 上午 7:14]   use "Packing table"
1264.9s [7月8日（週二） 上午 7:15]   click [Pack] 打包 16 筆訂單（2 小時 8 分）
1265.9s [7月8日（週二） 上午 9:24]   click [CourierEconomy] 快遞 · 經濟 3 天（$73.20）
1275.8s [7月8日（週二） 下午 7:13]   use "Sleep"
1276.4s [7月8日（週二） 下午 7:13]   click [Sleep] Sleep until 7:00 AM
1277.0s [7月8日（週二） 下午 10:34]   toast: 新評價 #1762：★★「不太好。感覺很廉價。」
1287.2s [7月9日（週三） 上午 7:14]   use "Packing table"
1287.9s [7月9日（週三） 上午 7:15]   click [Pack] 打包 14 筆訂單（1 小時 52 分）
1288.8s [7月9日（週三） 上午 9:08]   click [CourierEconomy] 快遞 · 經濟 3 天（$64.80）
1298.7s [7月9日（週三） 下午 7:13]   use "Sleep"
1299.3s [7月9日（週三） 下午 7:13]   click [Sleep] Sleep until 7:00 AM
1310.1s [7月10日（週四） 上午 7:14]   use "Packing table"
1310.8s [7月10日（週四） 上午 7:15]   click [Pack] 打包 10 筆訂單（1 小時 20 分）
1311.7s [7月10日（週四） 上午 8:36]   click [CourierEconomy] 快遞 · 經濟 3 天（$48.00）
1314.0s [7月10日（週四） 下午 7:02]   shot 109_decision_crestline_big_offer.png
1314.0s [7月10日（週四） 下午 7:02]   decision crestline_big_offer → review
1314.0s [7月10日（週四） 下午 7:02]   click [Choice_review] 把合約寄來，我看看。
1315.4s [7月10日（週四） 下午 7:02]   shot 110_decision_outcome_crestline_big_offer.png
1315.4s [7月10日（週四） 下午 7:02]   click "OK"
1323.6s [7月10日（週四） 下午 7:14]   use "Sleep"
1324.2s [7月10日（週四） 下午 7:14]   click [Sleep] Sleep until 7:00 AM
1335.0s [7月11日（週五） 上午 7:14]   use "Packing table"
1335.7s [7月11日（週五） 上午 7:15]   click [Pack] 打包 16 筆訂單（2 小時 8 分）
1336.6s [7月11日（週五） 上午 9:24]   click [CourierEconomy] 快遞 · 經濟 3 天（$73.20）
1337.7s [7月11日（週五） 上午 9:26]   ok  Crestline offered the big contract
1339.3s [7月11日（週五） 上午 9:28]   use "Use laptop — Company OS"
1340.0s [7月11日（週五） 上午 9:29]   click [Tab_contracts] 合約 ●
1340.7s [7月11日（週五） 上午 9:30]   shot 111_big_contract_offer.png
1340.7s [7月11日（週五） 上午 9:30]   click [AcceptContract] Accept
1341.7s [7月11日（週五） 上午 9:32]   ok  accepted Crestline's contract
1341.7s [7月11日（週五） 上午 9:32] STEP Chapter 5 — borrow from Marcus Reed at Nexus Bank
1344.4s [7月11日（週五） 上午 9:37]   ok  walked back outside
1358.4s [7月11日（週五） 上午 9:58]   use "捷運——河濱區站"
1359.3s [7月11日（週五） 上午 9:59]   shot 112_metro_financial.png
1359.3s [7月11日（週五） 上午 9:59]   click [Go_financial] 金融區  ·  10 分鐘
1360.4s [7月11日（週五） 上午 10:11]   ok  took the Metro to Financial District
1368.3s [7月11日（週五） 下午 1:18]   ok  entered Nexus Bank
1370.0s [7月11日（週五） 下午 1:20]   use "和 Marcus Reed 說話"
1373.0s [7月11日（週五） 下午 1:20]   choose "› 讓我看看你能借多少。"
1375.1s [7月11日（週五） 下午 1:20]   shot 113_loan_offer.png
1375.1s [7月11日（週五） 下午 1:20]   click [Amt_50] $24,000
1375.3s [7月11日（週五） 下午 1:20]   click [Term_12] 12 個月
1375.6s [7月11日（週五） 下午 1:20]   click [TakeLoan] 借 $24,000
1375.8s [7月11日（週五） 下午 1:20]   click [ConfirmLoan] Confirm loan signing
1376.3s [7月11日（週五） 下午 5:00]   ok  loan signing finishes the same afternoon
1376.8s [7月11日（週五） 下午 5:00]   shot 114_loan_taken.png
1377.2s [7月11日（週五） 下午 5:00]   ok  took a Nexus Bank loan (debt $24,000.00)
1377.2s [7月11日（週五） 下午 5:00] STEP Chapter 5 — order the lamps and deliver
1382.7s [7月11日（週五） 下午 5:09]   ok  walked back outside
1388.9s [7月11日（週五） 下午 5:19]   use "捷運——金融區站"
1389.9s [7月11日（週五） 下午 5:20]   shot 115_metro_riverside.png
1389.9s [7月11日（週五） 下午 5:20]   click [Go_riverside] 河濱區  ·  10 分鐘
1390.9s [7月11日（週五） 下午 5:32]   ok  took the Metro to Riverside
1400.0s [7月11日（週五） 下午 5:45]   ok  entered Riverside Tower
1401.5s [7月11日（週五） 下午 5:47]   use "Use laptop — Company OS"
1402.1s [7月11日（週五） 下午 5:48]   click [Tab_contracts] Contracts
1402.8s [7月11日（週五） 下午 5:49]   click [FillContract] 追加訂購 800 件，向 TradeLink 批發（$9,200）
1403.5s [7月11日（週五） 下午 6:00]   shot 116_contract_restock.png
1411.4s [7月11日（週五） 下午 7:11]   use "Sleep"
1412.0s [7月11日（週五） 下午 7:11]   click [Sleep] Sleep until 7:00 AM
1422.7s [7月12日（週六） 上午 7:14]   use "Packing table"
1423.4s [7月12日（週六） 上午 7:15]   click [Pack] 打包 15 筆訂單（2 h）
1424.3s [7月12日（週六） 上午 9:16]   click [CourierEconomy] 快遞 · 經濟 3 天（$69.00）
1434.3s [7月12日（週六） 下午 7:13]   use "Sleep"
1434.9s [7月12日（週六） 下午 7:13]   click [Sleep] Sleep until 7:00 AM
1435.5s [7月12日（週六） 下午 11:41]   toast: 新評價 #1859：★★「晚到還有刮痕。」
1445.7s [7月13日（週日） 上午 7:14]   use "Packing table"
1446.4s [7月13日（週日） 上午 7:15]   click [Pack] 打包 14 筆訂單（1 小時 52 分）
1447.3s [7月13日（週日） 上午 9:08]   click [CourierEconomy] 快遞 · 經濟 3 天（$64.80）
1457.2s [7月13日（週日） 下午 7:13]   use "Sleep"
1457.8s [7月13日（週日） 下午 7:13]   click [Sleep] Sleep until 7:00 AM
1468.5s [7月14日（週一） 上午 7:14]   use "Packing table"
1469.2s [7月14日（週一） 上午 7:15]   click [Pack] 打包 9 筆訂單（1 小時 12 分）
1470.1s [7月14日（週一） 上午 8:28]   click [CourierEconomy] 快遞 · 經濟 3 天（$43.80）
1472.8s [7月14日（週一） 上午 8:32]   use "Use laptop — Company OS"
1473.5s [7月14日（週一） 上午 8:33]   click [Tab_contracts] Contracts
1474.2s [7月14日（週一） 上午 8:34]   click [DeliverContract] 打包並交貨 800 件（B2B 貨運 $40）
1475.2s [7月14日（週一） 上午 10:05]   shot 117_big_contract_delivered.png
1475.6s [7月14日（週一） 上午 10:06]   ok  delivered 800 lamps to Crestline
1476.6s [7月14日（週一） 上午 10:08]   ok  Chapter 5 complete
1476.6s [7月14日（週一） 上午 10:08] STEP Chapter 6 — forecast, early payment, month in the black
1476.9s [7月14日（週一） 上午 10:08]   use "Use laptop — Company OS"
1477.5s [7月14日（週一） 上午 10:09]   click [Tab_finance] Finance
1478.4s [7月14日（週一） 上午 10:10]   shot 118_cash_forecast_ch6.png
1478.4s [7月14日（週一） 上午 10:10]   click [Tab_contracts] Contracts
1478.9s [7月14日（週一） 上午 10:11]   click [EarlyPayment] 請對方提前付款（折 3%：現在拿 $21,728）
1479.6s [7月14日（週一） 上午 10:12]   shot 119_early_payment.png
1480.0s [7月14日（週一） 上午 10:13]   ok  Crestline paid early (3% discount)
1487.7s [7月14日（週一） 下午 7:11]   use "Sleep"
1488.3s [7月14日（週一） 下午 7:11]   click [Sleep] Sleep until 7:00 AM
1499.1s [7月15日（週二） 上午 7:14]   use "Packing table"
1499.8s [7月15日（週二） 上午 7:15]   click [Pack] 打包 2 筆訂單（16 分鐘）
1500.7s [7月15日（週二） 上午 7:32]   click [CourierEconomy] 快遞 · 經濟 3 天（$14.40）
1502.0s [7月15日（週二） 下午 7:00]   shot 120_decision_elena_offer.png
1502.0s [7月15日（週二） 下午 7:00]   decision elena_offer → accept
1502.0s [7月15日（週二） 下午 7:00]   click [Choice_accept] 以 20% 股份換 $40,000
1503.4s [7月15日（週二） 下午 7:00]   shot 121_decision_outcome_elena_offer.png
1503.4s [7月15日（週二） 下午 7:00]   click "OK"
1512.9s [7月15日（週二） 下午 7:14]   use "Sleep"
1513.5s [7月15日（週二） 下午 7:14]   click [Sleep] Sleep until 7:00 AM
1515.7s [7月16日（週三） 下午 7:00]   use "Sleep"
1516.3s [7月16日（週三） 下午 7:00]   click [Sleep] Sleep until 7:00 AM
1527.1s [7月17日（週四） 上午 7:14]   use "Packing table"
1527.7s [7月17日（週四） 上午 7:15]   click [Pack] 打包 2 筆訂單（16 分鐘）
1528.6s [7月17日（週四） 上午 7:32]   click [CourierEconomy] 快遞 · 經濟 3 天（$14.40）
1538.6s [7月17日（週四） 下午 7:13]   use "Sleep"
1539.2s [7月17日（週四） 下午 7:13]   click [Sleep] Sleep until 7:00 AM
1549.9s [7月18日（週五） 上午 7:14]   use "Packing table"
1550.6s [7月18日（週五） 上午 7:15]   click [Pack] 打包 1 筆訂單（8 分鐘）
1551.5s [7月18日（週五） 上午 7:24]   click [CourierEconomy] 快遞 · 經濟 3 天（$10.20）
1561.5s [7月18日（週五） 下午 7:13]   use "Sleep"
1562.1s [7月18日（週五） 下午 7:13]   click [Sleep] Sleep until 7:00 AM
1564.3s [7月19日（週六） 下午 7:00]   shot 122_decision_supplier_price_increase.png
1564.3s [7月19日（週六） 下午 7:00]   decision supplier_price_increase → accept
1564.3s [7月19日（週六） 下午 7:00]   click [Choice_accept] 好。繼續跟你進貨。
1565.6s [7月19日（週六） 下午 7:00]   shot 123_decision_outcome_supplier_price_increase.png
1565.7s [7月19日（週六） 下午 7:00]   click "OK"
1566.3s [7月19日（週六） 下午 7:00]   use "Sleep"
1566.9s [7月19日（週六） 下午 7:00]   click [Sleep] Sleep until 7:00 AM
1569.1s [7月20日（週日） 下午 7:00]   use "Sleep"
1569.7s [7月20日（週日） 下午 7:00]   click [Sleep] Sleep until 7:00 AM
1571.9s [7月21日（週一） 下午 7:00]   use "Sleep"
1572.5s [7月21日（週一） 下午 7:00]   click [Sleep] Sleep until 7:00 AM
1581.1s [7月22日（週二） 下午 7:10]   use "Sleep"
1581.7s [7月22日（週二） 下午 7:10]   click [Sleep] Sleep until 7:00 AM
1583.9s [7月23日（週三） 下午 7:00]   use "Sleep"
1584.5s [7月23日（週三） 下午 7:00]   click [Sleep] Sleep until 7:00 AM
1586.7s [7月24日（週四） 下午 7:00]   use "Sleep"
1587.3s [7月24日（週四） 下午 7:00]   click [Sleep] Sleep until 7:00 AM
1589.5s [7月25日（週五） 下午 7:00]   use "Sleep"
1590.1s [7月25日（週五） 下午 7:00]   click [Sleep] Sleep until 7:00 AM
1592.3s [7月26日（週六） 下午 7:00]   use "Sleep"
1592.9s [7月26日（週六） 下午 7:00]   click [Sleep] Sleep until 7:00 AM
1595.2s [7月27日（週日） 下午 7:00]   use "Sleep"
1595.8s [7月27日（週日） 下午 7:00]   click [Sleep] Sleep until 7:00 AM
1598.0s [7月28日（週一） 下午 7:00]   use "Sleep"
1598.6s [7月28日（週一） 下午 7:00]   click [Sleep] Sleep until 7:00 AM
1600.8s [7月29日（週二） 下午 7:00]   use "Sleep"
1601.4s [7月29日（週二） 下午 7:00]   click [Sleep] Sleep until 7:00 AM
1603.7s [7月30日（週三） 下午 7:00]   use "Sleep"
1604.3s [7月30日（週三） 下午 7:00]   click [Sleep] Sleep until 7:00 AM
1606.5s [7月31日（週四） 下午 7:00]   use "Sleep"
1607.1s [7月31日（週四） 下午 7:00]   click [Sleep] Sleep until 7:00 AM
1610.9s [8月1日（週五） 上午 7:00]   shot 124_month_close_report.png
1610.9s [8月1日（週五） 上午 7:00]   click [month close] Continue
1612.5s [8月1日（週五） 上午 7:02]   ok  Chapter 6 complete
1612.5s [8月1日（週五） 上午 7:02]   ok  ledger balanced after chapters 4–6
1612.5s [8月1日（週五） 上午 7:02]   ok  Chapter 7 started after Chapter 6
1612.5s [8月1日（週五） 上午 7:02]   ok  Year 3: the Supply Shock
1612.5s [8月1日（週五） 上午 7:02] STEP Chapter 7 — the news, and Ken's options
1612.6s [8月1日（週五） 上午 7:02]   ok  genuine chapter seven starting checkpoint saved
1615.8s [8月1日（週五） 上午 7:08]   ok  walked back outside
1619.1s [8月1日（週五） 上午 7:13]   ok  entered Bloom Coffee
1620.8s [8月1日（週五） 上午 7:15]   use "Read the news board"
1621.6s [8月1日（週五） 上午 7:20]   shot 125_news_supply_shock.png
1621.9s [8月1日（週五） 上午 7:20]   ok  read the news (supply_shock)
1624.8s [8月1日（週五） 上午 7:25]   ok  walked back outside
1628.0s [8月1日（週五） 上午 7:30]   ok  entered Riverside Tower
1630.0s [8月1日（週五） 下午 7:03]   use "Sleep"
1630.6s [8月1日（週五） 下午 7:03]   click [Sleep] Sleep until 7:00 AM
1632.8s [8月2日（週六） 下午 7:00]   use "Sleep"
1633.4s [8月2日（週六） 下午 7:00]   click [Sleep] Sleep until 7:00 AM
1635.7s [8月3日（週日） 下午 7:00]   shot 126_decision_supply_shock_plan.png
1635.7s [8月3日（週日） 下午 7:00]   decision supply_shock_plan → local
1635.7s [8月3日（週日） 下午 7:00]   click [Choice_local] 加一個在地備援：奧瑞莉亞職人合作社
1637.1s [8月3日（週日） 下午 7:00]   shot 127_decision_outcome_supply_shock_plan.png
1637.1s [8月3日（週日） 下午 7:00]   click "OK"
1637.7s [8月3日（週日） 下午 7:00]   use "Sleep"
1638.3s [8月3日（週日） 下午 7:00]   click [Sleep] Sleep until 7:00 AM
1640.3s [8月4日（週一） 上午 7:01]   ok  the local co-op is a supplier now
1640.3s [8月4日（週一） 上午 7:01] STEP Chapter 7 — order from the co-op, raise a price
1641.6s [8月4日（週一） 上午 7:03]   use "Use laptop — Company OS"
1642.2s [8月4日（週一） 上午 7:03]   click [Tab_operations] Operations
1642.9s [8月4日（週一） 上午 7:04]   shot 128_operations_supply_shock.png
1642.9s [8月4日（週一） 上午 7:04]   click [Buy_aurelia_makers_desk_lamp] 購買 $417.00
1643.5s [8月4日（週一） 上午 7:15]   click [Buy_aurelia_makers_desk_lamp] 購買 $417.00
1644.1s [8月4日（週一） 上午 7:26]   click [Buy_aurelia_makers_desk_lamp] 購買 $417.00
1644.7s [8月4日（週一） 上午 7:37]   click [Buy_aurelia_makers_desk_lamp] 購買 $417.00
1645.3s [8月4日（週一） 上午 7:48]   click [Tab_sales] Ecommerce
1645.9s [8月4日（週一） 上午 7:49]   click [PriceUp_wireless_earbuds] +
1646.1s [8月4日（週一） 上午 7:49]   click [PriceUp_wireless_earbuds] +
1646.2s [8月4日（週一） 上午 7:50]   click [PriceUp_wireless_earbuds] +
1646.4s [8月4日（週一） 上午 7:50]   click [PriceUp_wireless_earbuds] +
1646.6s [8月4日（週一） 上午 7:50]   click [PriceUp_wireless_earbuds] +
1646.8s [8月4日（週一） 上午 7:50]   click [PriceUp_wireless_earbuds] +
1647.0s [8月4日（週一） 上午 7:51]   click [PriceUp_wireless_earbuds] +
1647.2s [8月4日（週一） 上午 7:51]   click [PriceUp_wireless_earbuds] +
1647.3s [8月4日（週一） 上午 7:51]   click [PriceUp_wireless_earbuds] +
1647.5s [8月4日（週一） 上午 7:51]   click [PriceUp_wireless_earbuds] +
1647.7s [8月4日（週一） 上午 7:52]   click [PriceUp_wireless_earbuds] +
1647.9s [8月4日（週一） 上午 7:52]   click [PriceUp_wireless_earbuds] +
1648.1s [8月4日（週一） 上午 7:52]   click [PriceUp_wireless_earbuds] +
1648.3s [8月4日（週一） 上午 7:53]   click [PriceUp_wireless_earbuds] +
1648.4s [8月4日（週一） 上午 7:53]   click [PriceUp_wireless_earbuds] +
1648.6s [8月4日（週一） 上午 7:53]   click [PriceUp_wireless_earbuds] +
1648.8s [8月4日（週一） 上午 7:53]   click [PriceUp_wireless_earbuds] +
1649.0s [8月4日（週一） 上午 7:54]   click [PriceUp_wireless_earbuds] +
1649.2s [8月4日（週一） 上午 7:54]   click [PriceUp_wireless_earbuds] +
1649.4s [8月4日（週一） 上午 7:54]   click [PriceUp_wireless_earbuds] +
1649.5s [8月4日（週一） 上午 7:54]   click [PriceUp_wireless_earbuds] +
1649.7s [8月4日（週一） 上午 7:55]   click [PriceUp_wireless_earbuds] +
1649.9s [8月4日（週一） 上午 7:55]   click [PriceUp_wireless_earbuds] +
1650.1s [8月4日（週一） 上午 7:55]   click [PriceUp_wireless_earbuds] +
1650.3s [8月4日（週一） 上午 7:56]   click [PriceUp_wireless_earbuds] +
1650.5s [8月4日（週一） 上午 7:56]   click [PriceUp_water_bottle] +
1650.7s [8月4日（週一） 上午 7:56]   click [PriceUp_water_bottle] +
1650.9s [8月4日（週一） 上午 7:57]   click [PriceUp_water_bottle] +
1651.1s [8月4日（週一） 上午 7:57]   click [PriceUp_water_bottle] +
1651.3s [8月4日（週一） 上午 7:57]   click [PriceUp_water_bottle] +
1651.5s [8月4日（週一） 上午 7:57]   click [PriceUp_water_bottle] +
1651.7s [8月4日（週一） 上午 7:58]   click [PriceUp_water_bottle] +
1651.9s [8月4日（週一） 上午 7:58]   click [PriceUp_water_bottle] +
1652.0s [8月4日（週一） 上午 7:58]   click [PriceUp_water_bottle] +
1652.2s [8月4日（週一） 上午 7:58]   click [PriceUp_water_bottle] +
1652.4s [8月4日（週一） 上午 7:59]   click [PriceUp_water_bottle] +
1652.6s [8月4日（週一） 上午 7:59]   click [PriceUp_desk_lamp] +
1652.8s [8月4日（週一） 上午 7:59]   click [PriceUp_desk_lamp] +
1653.0s [8月4日（週一） 上午 8:00]   click [PriceUp_desk_lamp] +
1653.2s [8月4日（週一） 上午 8:00]   click [PriceUp_desk_lamp] +
1653.3s [8月4日（週一） 上午 8:00]   click [PriceUp_desk_lamp] +
1653.5s [8月4日（週一） 上午 8:00]   click [PriceUp_desk_lamp] +
1653.7s [8月4日（週一） 上午 8:01]   click [PriceUp_desk_lamp] +
1653.9s [8月4日（週一） 上午 8:01]   click [PriceUp_desk_lamp] +
1654.1s [8月4日（週一） 上午 8:01]   click [PriceUp_desk_lamp] +
1654.3s [8月4日（週一） 上午 8:02]   click [PriceUp_desk_lamp] +
1654.4s [8月4日（週一） 上午 8:02]   click [PriceUp_desk_lamp] +
1654.6s [8月4日（週一） 上午 8:02]   click [PriceUp_desk_lamp] +
1654.8s [8月4日（週一） 上午 8:02]   click [PriceUp_desk_lamp] +
1655.0s [8月4日（週一） 上午 8:03]   click [PriceUp_desk_lamp] +
1655.2s [8月4日（週一） 上午 8:03]   click [PriceUp_desk_lamp] +
1655.4s [8月4日（週一） 上午 8:03]   click [PriceUp_desk_lamp] +
1655.5s [8月4日（週一） 上午 8:03]   click [PriceUp_desk_lamp] +
1655.7s [8月4日（週一） 上午 8:04]   click [PriceUp_phone_stand] +
1655.9s [8月4日（週一） 上午 8:04]   click [PriceUp_phone_stand] +
1656.1s [8月4日（週一） 上午 8:04]   click [PriceUp_phone_stand] +
1656.3s [8月4日（週一） 上午 8:05]   click [PriceUp_phone_stand] +
1656.5s [8月4日（週一） 上午 8:05]   click [PriceUp_phone_stand] +
1656.6s [8月4日（週一） 上午 8:05]   click [PriceUp_phone_stand] +
1656.8s [8月4日（週一） 上午 8:05]   click [PriceUp_phone_stand] +
1657.0s [8月4日（週一） 上午 8:06]   click [PriceUp_phone_stand] +
1658.6s [8月4日（週一） 上午 8:08]   ok  stocked and repriced
1658.8s [8月4日（週一） 上午 8:08]   use "Use laptop — Company OS"
1659.4s [8月4日（週一） 上午 8:09]   click [Tab_operations] Operations
1660.1s [8月4日（週一） 上午 8:10]   click [DeliverTo_riverside_studio] 河濱大樓 7C
1660.3s [8月4日（週一） 上午 8:11]   click [Buy_tradelink_wholesale_wireless_earbuds] 購買 $1,008.00
1660.5s [8月4日（週一） 上午 8:21]   click [Buy_tradelink_wholesale_wireless_earbuds] 購買 $1,008.00
1660.8s [8月4日（週一） 上午 8:31]   click [Buy_tradelink_wholesale_wireless_earbuds] 購買 $1,008.00
1661.0s [8月4日（週一） 上午 8:42]   click [Buy_tradelink_wholesale_water_bottle] 購買 $525.60
1661.2s [8月4日（週一） 上午 8:52]   click [Buy_tradelink_wholesale_water_bottle] 購買 $525.60
1661.4s [8月4日（週一） 上午 9:02]   click [Buy_tradelink_wholesale_water_bottle] 購買 $525.60
1661.6s [8月4日（週一） 上午 9:13]   click [Buy_tradelink_wholesale_phone_stand] 購買 $304.80
1661.8s [8月4日（週一） 上午 9:23]   click [Buy_tradelink_wholesale_phone_stand] 購買 $304.80
1669.8s [8月4日（週一） 下午 7:11]   use "Sleep"
1670.4s [8月4日（週一） 下午 7:11]   click [Sleep] Sleep until 7:00 AM
1678.9s [8月5日（週二） 下午 7:09]   use "Sleep"
1679.6s [8月5日（週二） 下午 7:09]   click [Sleep] Sleep until 7:00 AM
1681.8s [8月6日（週三） 下午 7:00]   use "Sleep"
1682.4s [8月6日（週三） 下午 7:00]   click [Sleep] Sleep until 7:00 AM
1684.7s [8月7日（週四） 下午 7:00]   use "Sleep"
1685.3s [8月7日（週四） 下午 7:00]   click [Sleep] Sleep until 7:00 AM
1696.0s [8月8日（週五） 上午 7:14]   use "Packing table"
1696.7s [8月8日（週五） 上午 7:15]   click [Pack] 打包 12 筆訂單（1 小時 36 分）
1697.6s [8月8日（週五） 上午 8:52]   click [CourierEconomy] 快遞 · 經濟 3 天（$96.72）
1707.6s [8月8日（週五） 下午 7:13]   use "Sleep"
1708.2s [8月8日（週五） 下午 7:13]   click [Sleep] Sleep until 7:00 AM
1718.9s [8月9日（週六） 上午 7:14]   use "Packing table"
1719.7s [8月9日（週六） 上午 7:15]   click [Pack] 打包 10 筆訂單（1 小時 20 分）
1720.6s [8月9日（週六） 上午 8:36]   click [CourierEconomy] 快遞 · 經濟 3 天（$81.60）
1730.5s [8月9日（週六） 下午 7:13]   use "Sleep"
1731.1s [8月9日（週六） 下午 7:13]   click [Sleep] Sleep until 7:00 AM
1741.9s [8月10日（週日） 上午 7:14]   use "Packing table"
1742.6s [8月10日（週日） 上午 7:15]   click [Pack] 打包 9 筆訂單（1 小時 12 分）
1743.5s [8月10日（週日） 上午 8:28]   click [CourierEconomy] 快遞 · 經濟 3 天（$74.04）
1744.9s [8月10日（週日） 下午 7:00]   shot 129_decision_supplier_price_increase.png
1744.9s [8月10日（週日） 下午 7:00]   decision supplier_price_increase → accept
1744.9s [8月10日（週日） 下午 7:00]   click [Choice_accept] 好。繼續跟你進貨。
1746.2s [8月10日（週日） 下午 7:00]   shot 130_decision_outcome_supplier_price_increase.png
1746.2s [8月10日（週日） 下午 7:00]   click "OK"
1755.7s [8月10日（週日） 下午 7:14]   use "Sleep"
1756.3s [8月10日（週日） 下午 7:14]   click [Sleep] Sleep until 7:00 AM
1767.0s [8月11日（週一） 上午 7:14]   use "Packing table"
1767.7s [8月11日（週一） 上午 7:15]   click [Pack] 打包 18 筆訂單（2 小時 24 分）
1768.7s [8月11日（週一） 上午 9:40]   click [CourierEconomy] 快遞 · 經濟 3 天（$142.08）
1778.6s [8月11日（週一） 下午 7:13]   use "Sleep"
1779.2s [8月11日（週一） 下午 7:13]   click [Sleep] Sleep until 7:00 AM
1790.0s [8月12日（週二） 上午 7:14]   use "Packing table"
1790.7s [8月12日（週二） 上午 7:15]   click [Pack] 打包 14 筆訂單（1 小時 52 分）
1791.6s [8月12日（週二） 上午 9:08]   click [CourierEconomy] 快遞 · 經濟 3 天（$111.84）
1801.6s [8月12日（週二） 下午 7:13]   use "Sleep"
1802.2s [8月12日（週二） 下午 7:13]   click [Sleep] Sleep until 7:00 AM
1813.0s [8月13日（週三） 上午 7:14]   use "Packing table"
1813.7s [8月13日（週三） 上午 7:15]   click [Pack] 打包 12 筆訂單（1 小時 36 分）
1814.6s [8月13日（週三） 上午 8:52]   click [CourierEconomy] 快遞 · 經濟 3 天（$96.72）
1824.6s [8月13日（週三） 下午 7:13]   use "Sleep"
1825.2s [8月13日（週三） 下午 7:13]   click [Sleep] Sleep until 7:00 AM
1836.0s [8月14日（週四） 上午 7:14]   use "Packing table"
1836.7s [8月14日（週四） 上午 7:15]   click [Pack] 打包 17 筆訂單（2 小時 16 分）
1837.6s [8月14日（週四） 上午 9:32]   click [CourierEconomy] 快遞 · 經濟 3 天（$134.52）
1847.6s [8月14日（週四） 下午 7:13]   use "Sleep"
1848.2s [8月14日（週四） 下午 7:13]   click [Sleep] Sleep until 7:00 AM
1848.8s [8月14日（週四） 下午 11:21]   toast: 新評價 #1981：★★★「品質普通。」
1859.0s [8月15日（週五） 上午 7:14]   use "Packing table"
1859.7s [8月15日（週五） 上午 7:15]   click [Pack] 打包 12 筆訂單（1 小時 36 分）
1860.6s [8月15日（週五） 上午 8:52]   click [CourierEconomy] 快遞 · 經濟 3 天（$96.72）
1870.6s [8月15日（週五） 下午 7:13]   use "Sleep"
1871.2s [8月15日（週五） 下午 7:13]   click [Sleep] Sleep until 7:00 AM
1871.8s [8月16日（週六） 上午 1:59]   toast: 新評價 #2005：★★★「等了好一陣子才到。」
1871.9s [8月16日（週六） 上午 3:48]   toast: 新評價 #1971：★★★「品質普通。」
1882.0s [8月16日（週六） 上午 7:14]   use "Packing table"
1882.7s [8月16日（週六） 上午 7:15]   click [Pack] 打包 16 筆訂單（2 小時 8 分）
1883.6s [8月16日（週六） 上午 9:24]   click [CourierEconomy] 快遞 · 經濟 3 天（$126.96）
1893.6s [8月16日（週六） 下午 7:13]   use "Sleep"
1894.2s [8月16日（週六） 下午 7:13]   click [Sleep] Sleep until 7:00 AM
1894.9s [8月17日（週日） 上午 4:57]   toast: 新評價 #1986：★★★「等了好一陣子才到。」
1905.0s [8月17日（週日） 上午 7:14]   use "Packing table"
1905.7s [8月17日（週日） 上午 7:15]   click [Pack] 打包 19 筆訂單（2 小時 32 分）
1906.6s [8月17日（週日） 上午 9:48]   click [CourierEconomy] 快遞 · 經濟 3 天（$149.64）
1907.9s [8月17日（週日） 下午 6:20]   toast: 新評價 #2022：★★★「等了好一陣子才到。」
1916.6s [8月17日（週日） 下午 7:13]   use "Sleep"
1917.2s [8月17日（週日） 下午 7:13]   click [Sleep] Sleep until 7:00 AM
1928.0s [8月18日（週一） 上午 7:14]   use "Packing table"
1928.7s [8月18日（週一） 上午 7:15]   click [Pack] 打包 8 筆訂單（1 小時 4 分）
1929.6s [8月18日（週一） 上午 8:20]   click [CourierEconomy] 快遞 · 經濟 3 天（$66.48）
1930.8s [8月18日（週一） 下午 2:11]   toast: 新評價 #2042：★★★「等了好一陣子才到。」
1939.6s [8月18日（週一） 下午 7:13]   use "Sleep"
1940.2s [8月18日（週一） 下午 7:13]   click [Sleep] Sleep until 7:00 AM
1940.8s [8月18日（週一） 下午 10:42]   toast: 新評價 #2059：★★★「等了好一陣子才到。」
1951.0s [8月19日（週二） 上午 7:14]   use "Packing table"
1951.7s [8月19日（週二） 上午 7:15]   click [Pack] 打包 12 筆訂單（1 小時 36 分）
1952.6s [8月19日（週二） 上午 8:52]   click [CourierEconomy] 快遞 · 經濟 3 天（$96.72）
1962.6s [8月19日（週二） 下午 7:13]   use "Sleep"
1963.2s [8月19日（週二） 下午 7:13]   click [Sleep] Sleep until 7:00 AM
1963.8s [8月19日（週二） 下午 9:55]   toast: 新評價 #2058：★★★「還行。」
1974.0s [8月20日（週三） 上午 7:14]   use "Packing table"
1974.7s [8月20日（週三） 上午 7:15]   click [Pack] 打包 15 筆訂單（2 h）
1975.6s [8月20日（週三） 上午 9:16]   click [CourierEconomy] 快遞 · 經濟 3 天（$119.40）
1976.9s [8月20日（週三） 下午 6:14]   toast: 新評價 #2078：★★★「等了好一陣子才到。」
1985.6s [8月20日（週三） 下午 7:13]   use "Sleep"
1986.2s [8月20日（週三） 下午 7:13]   click [Sleep] Sleep until 7:00 AM
1997.0s [8月21日（週四） 上午 7:14]   use "Packing table"
1997.7s [8月21日（週四） 上午 7:15]   click [Pack] 打包 19 筆訂單（2 小時 32 分）
1998.6s [8月21日（週四） 上午 9:48]   click [CourierEconomy] 快遞 · 經濟 3 天（$149.64）
1999.8s [8月21日（週四） 上午 10:32]   toast: 新評價 #2105：★★★「還行。」
2008.6s [8月21日（週四） 下午 7:13]   use "Sleep"
2009.2s [8月21日（週四） 下午 7:13]   click [Sleep] Sleep until 7:00 AM
2020.0s [8月22日（週五） 上午 7:14]   use "Packing table"
2020.7s [8月22日（週五） 上午 7:15]   click [Pack] 打包 16 筆訂單（2 小時 8 分）
2021.6s [8月22日（週五） 上午 9:24]   click [CourierEconomy] 快遞 · 經濟 3 天（$126.96）
2031.7s [8月22日（週五） 下午 7:13]   use "Sleep"
2032.3s [8月22日（週五） 下午 7:13]   click [Sleep] Sleep until 7:00 AM
2043.1s [8月23日（週六） 上午 7:14]   use "Packing table"
2043.8s [8月23日（週六） 上午 7:15]   click [Pack] 打包 13 筆訂單（1 小時 44 分）
2044.7s [8月23日（週六） 上午 9:00]   click [CourierEconomy] 快遞 · 經濟 3 天（$104.28）
2045.9s [8月23日（週六） 上午 11:20]   toast: 新評價 #2102：★★★「等了好一陣子才到。」
2054.7s [8月23日（週六） 下午 7:13]   use "Sleep"
2055.3s [8月23日（週六） 下午 7:13]   click [Sleep] Sleep until 7:00 AM
2066.1s [8月24日（週日） 上午 7:14]   use "Packing table"
2066.8s [8月24日（週日） 上午 7:15]   click [Pack] 打包 14 筆訂單（1 小時 52 分）
2067.7s [8月24日（週日） 上午 9:08]   click [CourierEconomy] 快遞 · 經濟 3 天（$111.84）
2070.4s [8月24日（週日） 上午 9:12]   use "Use laptop — Company OS"
2071.1s [8月24日（週日） 上午 9:13]   click [Tab_operations] Operations
2071.8s [8月24日（週日） 上午 9:14]   click [DeliverTo_riverside_studio] 河濱大樓 7C
2072.0s [8月24日（週日） 上午 9:15]   click [Buy_tradelink_wholesale_desk_lamp] 購買 $515.20
2072.2s [8月24日（週日） 上午 9:25]   click [Buy_tradelink_wholesale_desk_lamp] 購買 $515.20
2072.5s [8月24日（週日） 上午 9:35]   click [Buy_tradelink_wholesale_phone_stand] 購買 $304.80
2080.8s [8月24日（週日） 下午 7:12]   use "Sleep"
2081.4s [8月24日（週日） 下午 7:12]   click [Sleep] Sleep until 7:00 AM
2082.1s [8月24日（週日） 下午 10:03]   toast: 新評價 #2149：★★★「還行。」
2082.1s [8月24日（週日） 下午 11:22]   toast: 新評價 #2153：★★★「還行。」
2092.3s [8月25日（週一） 上午 7:14]   use "Packing table"
2093.0s [8月25日（週一） 上午 7:15]   click [Pack] 打包 19 筆訂單（2 小時 32 分）
2093.9s [8月25日（週一） 上午 9:48]   click [CourierEconomy] 快遞 · 經濟 3 天（$149.64）
2095.1s [8月25日（週一） 下午 12:30]   toast: 新評價 #2170：★★★「還行。」
2095.1s [8月25日（週一） 下午 1:28]   toast: 新評價 #2171：★★★「還行。」
2103.9s [8月25日（週一） 下午 7:13]   use "Sleep"
2104.5s [8月25日（週一） 下午 7:13]   click [Sleep] Sleep until 7:00 AM
2115.3s [8月26日（週二） 上午 7:14]   use "Packing table"
2116.0s [8月26日（週二） 上午 7:15]   click [Pack] 打包 14 筆訂單（1 小時 52 分）
2116.9s [8月26日（週二） 上午 9:08]   click [CourierEconomy] 快遞 · 經濟 3 天（$111.84）
2119.6s [8月26日（週二） 上午 9:12]   use "Use laptop — Company OS"
2120.3s [8月26日（週二） 上午 9:13]   click [Tab_operations] Operations
2121.0s [8月26日（週二） 上午 9:14]   click [DeliverTo_riverside_studio] 河濱大樓 7C
2121.2s [8月26日（週二） 上午 9:15]   click [Buy_tradelink_wholesale_wireless_earbuds] 購買 $1,008.00
2121.4s [8月26日（週二） 上午 9:25]   click [Buy_tradelink_wholesale_wireless_earbuds] 購買 $1,008.00
2129.7s [8月26日（週二） 下午 7:11]   use "Sleep"
2130.3s [8月26日（週二） 下午 7:12]   click [Sleep] Sleep until 7:00 AM
2141.2s [8月27日（週三） 上午 7:14]   use "Packing table"
2141.9s [8月27日（週三） 上午 7:15]   click [Pack] 打包 16 筆訂單（2 小時 8 分）
2142.8s [8月27日（週三） 上午 9:24]   click [CourierEconomy] 快遞 · 經濟 3 天（$126.96）
2144.0s [8月27日（週三） 下午 1:46]   toast: 新評價 #2193：★★★「還行。」
2152.8s [8月27日（週三） 下午 7:13]   use "Sleep"
2153.4s [8月27日（週三） 下午 7:13]   click [Sleep] Sleep until 7:00 AM
2164.3s [8月28日（週四） 上午 7:14]   use "Packing table"
2165.0s [8月28日（週四） 上午 7:15]   click [Pack] 打包 23 筆訂單（3 小時 4 分）
2165.9s [8月28日（週四） 上午 10:20]   click [CourierEconomy] 快遞 · 經濟 3 天（$198.60）
2175.9s [8月28日（週四） 下午 7:13]   use "Sleep"
2176.5s [8月28日（週四） 下午 7:13]   click [Sleep] Sleep until 7:00 AM
2177.1s [8月29日（週五） 上午 1:22]   toast: 新評價 #2251：★★★「品質普通。」
2187.3s [8月29日（週五） 上午 7:14]   use "Packing table"
2188.0s [8月29日（週五） 上午 7:15]   click [Pack] 打包 24 筆訂單（3 小時 12 分）
2189.0s [8月29日（週五） 上午 10:28]   click [CourierEconomy] 快遞 · 經濟 3 天（$201.48）
2190.2s [8月29日（週五） 上午 10:30]   shot 131_decision_supplier_price_increase.png
2190.2s [8月29日（週五） 上午 10:30]   decision supplier_price_increase → accept
2190.2s [8月29日（週五） 上午 10:30]   click [Choice_accept] 好。繼續跟你進貨。
2191.5s [8月29日（週五） 上午 10:30]   shot 132_decision_outcome_supplier_price_increase.png
2191.5s [8月29日（週五） 上午 10:30]   click "OK"
2193.6s [8月29日（週五） 上午 10:33]   use "Use laptop — Company OS"
2194.2s [8月29日（週五） 上午 10:34]   click [Tab_operations] Operations
2194.9s [8月29日（週五） 上午 10:35]   click [DeliverTo_riverside_studio] 河濱大樓 7C
2195.2s [8月29日（週五） 上午 10:35]   click [Buy_tradelink_wholesale_water_bottle] 購買 $525.60
2195.3s [8月29日（週五） 上午 10:44]   toast: 新評價 #2248：★★★「品質普通。」
2195.4s [8月29日（週五） 上午 10:45]   click [Buy_tradelink_wholesale_water_bottle] 購買 $525.60
2203.7s [8月29日（週五） 下午 7:12]   use "Sleep"
2204.3s [8月29日（週五） 下午 7:12]   click [Sleep] Sleep until 7:00 AM
2215.1s [8月30日（週六） 上午 7:14]   use "Packing table"
2215.8s [8月30日（週六） 上午 7:15]   click [Pack] 打包 20 筆訂單（2 小時 40 分）
2216.7s [8月30日（週六） 上午 9:56]   click [CourierEconomy] 快遞 · 經濟 3 天（$185.28）
2217.9s [8月30日（週六） 下午 12:38]   toast: 新評價 #2247：★★★「還行。」
2226.7s [8月30日（週六） 下午 7:13]   use "Sleep"
2227.3s [8月30日（週六） 下午 7:13]   click [Sleep] Sleep until 7:00 AM
2238.1s [8月31日（週日） 上午 7:14]   use "Packing table"
2238.8s [8月31日（週日） 上午 7:15]   click [Pack] 打包 11 筆訂單（1 小時 28 分）
2239.7s [8月31日（週日） 上午 8:44]   click [CourierEconomy] 快遞 · 經濟 3 天（$112.56）
2249.7s [8月31日（週日） 下午 7:13]   use "Sleep"
2250.3s [8月31日（週日） 下午 7:13]   click [Sleep] Sleep until 7:00 AM
2253.9s [9月1日（週一） 上午 7:00]   shot 133_month_close_report.png
2253.9s [9月1日（週一） 上午 7:00]   click [month close] Continue
2263.3s [9月1日（週一） 上午 7:14]   use "Packing table"
2263.9s [9月1日（週一） 上午 7:15]   click [Pack] 打包 24 筆訂單（3 小時 12 分）
2264.9s [9月1日（週一） 上午 10:28]   click [CourierEconomy] 快遞 · 經濟 3 天（$215.52）
2274.9s [9月1日（週一） 下午 7:13]   use "Sleep"
2275.5s [9月1日（週一） 下午 7:13]   click [Sleep] Sleep until 7:00 AM
2276.2s [9月2日（週二） 上午 3:24]   toast: 新評價 #2315：★★★「還行。」
2286.3s [9月2日（週二） 上午 7:14]   use "Packing table"
2287.0s [9月2日（週二） 上午 7:15]   click [Pack] 打包 6 筆訂單（48 分鐘）
2287.9s [9月2日（週二） 上午 8:04]   click [CourierEconomy] 快遞 · 經濟 3 天（$56.04）
2297.9s [9月2日（週二） 下午 7:13]   use "Sleep"
2298.5s [9月2日（週二） 下午 7:13]   click [Sleep] Sleep until 7:00 AM
2299.2s [9月2日（週二） 下午 11:30]   toast: 新評價 #2314：★★★「品質普通。」
2299.2s [9月3日（週三） 上午 12:42]   toast: 新評價 #2358：★★★「品質普通。」
2309.4s [9月3日（週三） 上午 7:14]   use "Packing table"
2310.1s [9月3日（週三） 上午 7:15]   click [Pack] 打包 14 筆訂單（1 小時 52 分）
2311.0s [9月3日（週三） 上午 9:08]   click [CourierEconomy] 快遞 · 經濟 3 天（$130.56）
2321.0s [9月3日（週三） 下午 7:13]   use "Sleep"
2321.6s [9月3日（週三） 下午 7:13]   click [Sleep] Sleep until 7:00 AM
2332.4s [9月4日（週四） 上午 7:14]   use "Packing table"
2333.1s [9月4日（週四） 上午 7:15]   click [Pack] 打包 22 筆訂單（2 小時 56 分）
2334.1s [9月4日（週四） 上午 10:12]   click [CourierEconomy] 快遞 · 經濟 3 天（$186.36）
2344.1s [9月4日（週四） 下午 7:13]   use "Sleep"
2344.7s [9月4日（週四） 下午 7:13]   click [Sleep] Sleep until 7:00 AM
2355.6s [9月5日（週五） 上午 7:14]   use "Packing table"
2356.3s [9月5日（週五） 上午 7:15]   click [Pack] 打包 21 筆訂單（2 小時 48 分）
2357.2s [9月5日（週五） 上午 10:04]   click [CourierEconomy] 快遞 · 經濟 3 天（$192.84）
2367.3s [9月5日（週五） 下午 7:13]   use "Sleep"
2367.9s [9月5日（週五） 下午 7:13]   click [Sleep] Sleep until 7:00 AM
2378.7s [9月6日（週六） 上午 7:14]   use "Packing table"
2379.4s [9月6日（週六） 上午 7:15]   click [Pack] 打包 19 筆訂單（2 小時 32 分）
2380.3s [9月6日（週六） 上午 9:48]   click [CourierEconomy] 快遞 · 經濟 3 天（$173.04）
2381.6s [9月6日（週六） 下午 1:11]   toast: 新評價 #2388：★★★「品質普通。」
2381.6s [9月6日（週六） 下午 4:14]   toast: 新評價 #2387：★★★「還行。」
2390.4s [9月6日（週六） 下午 7:13]   use "Sleep"
2391.0s [9月6日（週六） 下午 7:13]   click [Sleep] Sleep until 7:00 AM
2401.9s [9月7日（週日） 上午 7:14]   use "Packing table"
2402.6s [9月7日（週日） 上午 7:15]   click [Pack] 打包 20 筆訂單（2 小時 40 分）
2402.7s [9月7日（週日） 上午 9:09]   toast: 新評價 #2386：★★★「品質普通。」
2403.5s [9月7日（週日） 上午 9:56]   click [CourierEconomy] 快遞 · 經濟 3 天（$166.56）
2413.5s [9月7日（週日） 下午 7:13]   use "Sleep"
2414.1s [9月7日（週日） 下午 7:13]   click [Sleep] Sleep until 7:00 AM
2425.0s [9月8日（週一） 上午 7:14]   use "Packing table"
2425.7s [9月8日（週一） 上午 7:15]   click [Pack] 打包 21 筆訂單（2 小時 48 分）
2426.6s [9月8日（週一） 上午 10:04]   click [CourierEconomy] 快遞 · 經濟 3 天（$174.12）
2436.7s [9月8日（週一） 下午 7:13]   use "Sleep"
2437.3s [9月8日（週一） 下午 7:13]   click [Sleep] Sleep until 7:00 AM
2437.9s [9月8日（週一） 下午 8:56]   toast: 新評價 #2433：★★★「等了好一陣子才到。」
2438.0s [9月9日（週二） 上午 6:10]   toast: 新評價 #2451：★★★「等了好一陣子才到。」
2448.1s [9月9日（週二） 上午 7:14]   use "Packing table"
2448.8s [9月9日（週二） 上午 7:15]   click [Pack] 打包 16 筆訂單（2 小時 8 分）
2449.7s [9月9日（週二） 上午 9:24]   click [CourierEconomy] 快遞 · 經濟 3 天（$141.00）
2452.4s [9月9日（週二） 上午 9:28]   use "Use laptop — Company OS"
2453.2s [9月9日（週二） 上午 9:29]   click [Tab_operations] Operations
2453.9s [9月9日（週二） 上午 9:30]   click [DeliverTo_riverside_studio] 河濱大樓 7C
2454.1s [9月9日（週二） 上午 9:31]   click [Buy_tradelink_wholesale_phone_stand] 購買 $304.80
2462.4s [9月9日（週二） 下午 7:11]   use "Sleep"
2463.0s [9月9日（週二） 下午 7:11]   click [Sleep] Sleep until 7:00 AM
2473.9s [9月10日（週三） 上午 7:14]   use "Packing table"
2474.6s [9月10日（週三） 上午 7:15]   click [Pack] 打包 13 筆訂單（1 小時 44 分）
2475.5s [9月10日（週三） 上午 9:00]   click [CourierEconomy] 快遞 · 經濟 3 天（$113.64）
2476.7s [9月10日（週三） 下午 2:32]   toast: 新評價 #2476：★★★「還行。」
2485.5s [9月10日（週三） 下午 7:13]   use "Sleep"
2486.1s [9月10日（週三） 下午 7:13]   click [Sleep] Sleep until 7:00 AM
2497.0s [9月11日（週四） 上午 7:14]   use "Packing table"
2497.7s [9月11日（週四） 上午 7:15]   click [Pack] 打包 17 筆訂單（2 小時 16 分）
2498.6s [9月11日（週四） 上午 9:32]   click [CourierEconomy] 快遞 · 經濟 3 天（$143.88）
2499.8s [9月11日（週四） 上午 11:32]   toast: 新評價 #2457：★★★「還行。」
2499.9s [9月11日（週四） 下午 5:53]   toast: 新評價 #2473：★★★「等了好一陣子才到。」
2508.6s [9月11日（週四） 下午 7:13]   use "Sleep"
2509.2s [9月11日（週四） 下午 7:13]   click [Sleep] Sleep until 7:00 AM
2520.1s [9月12日（週五） 上午 7:14]   use "Packing table"
2520.8s [9月12日（週五） 上午 7:15]   click [Pack] 打包 13 筆訂單（1 小時 44 分）
2520.9s [9月12日（週五） 上午 7:26]   toast: 新評價 #2475：★★★「品質普通。」
2521.7s [9月12日（週五） 上午 9:00]   click [CourierEconomy] 快遞 · 經濟 3 天（$127.68）
2524.5s [9月12日（週五） 上午 9:04]   use "Use laptop — Company OS"
2525.2s [9月12日（週五） 上午 9:05]   click [Tab_operations] Operations
2525.9s [9月12日（週五） 上午 9:06]   click [DeliverTo_riverside_studio] 河濱大樓 7C
2526.1s [9月12日（週五） 上午 9:07]   click [Buy_tradelink_wholesale_desk_lamp] 購買 $515.20
2526.3s [9月12日（週五） 上午 9:17]   click [Buy_tradelink_wholesale_desk_lamp] 購買 $515.20
2534.6s [9月12日（週五） 下午 7:11]   use "Sleep"
2535.2s [9月12日（週五） 下午 7:12]   click [Sleep] Sleep until 7:00 AM
2535.9s [9月13日（週六） 上午 2:46]   toast: 新評價 #2493：★★★「等了好一陣子才到。」
2535.9s [9月13日（週六） 上午 6:11]   toast: 新評價 #2511：★★★「還行。」
2546.1s [9月13日（週六） 上午 7:14]   use "Packing table"
2546.8s [9月13日（週六） 上午 7:15]   click [Pack] 打包 14 筆訂單（1 小時 52 分）
2547.7s [9月13日（週六） 上午 9:08]   click [CourierEconomy] 快遞 · 經濟 3 天（$125.88）
2550.4s [9月13日（週六） 上午 9:12]   use "Use laptop — Company OS"
2551.2s [9月13日（週六） 上午 9:13]   click [Tab_operations] Operations
2551.9s [9月13日（週六） 上午 9:14]   click [DeliverTo_riverside_studio] 河濱大樓 7C
2552.1s [9月13日（週六） 上午 9:15]   click [Buy_tradelink_wholesale_wireless_earbuds] 購買 $1,008.00
2552.3s [9月13日（週六） 上午 9:25]   click [Buy_tradelink_wholesale_wireless_earbuds] 購買 $1,008.00
2560.7s [9月13日（週六） 下午 7:12]   use "Sleep"
2561.3s [9月13日（週六） 下午 7:12]   click [Sleep] Sleep until 7:00 AM
2572.1s [9月14日（週日） 上午 7:14]   use "Packing table"
2572.8s [9月14日（週日） 上午 7:15]   click [Pack] 打包 24 筆訂單（3 小時 12 分）
2573.8s [9月14日（週日） 上午 10:28]   click [CourierEconomy] 快遞 · 經濟 3 天（$206.16）
2583.8s [9月14日（週日） 下午 7:13]   use "Sleep"
2584.4s [9月14日（週日） 下午 7:13]   click [Sleep] Sleep until 7:00 AM
2595.3s [9月15日（週一） 上午 7:14]   use "Packing table"
2596.0s [9月15日（週一） 上午 7:15]   click [Pack] 打包 10 筆訂單（1 小時 20 分）
2596.9s [9月15日（週一） 上午 8:36]   click [CourierEconomy] 快遞 · 經濟 3 天（$90.96）
2606.9s [9月15日（週一） 下午 7:13]   use "Sleep"
2607.5s [9月15日（週一） 下午 7:13]   click [Sleep] Sleep until 7:00 AM
2608.2s [9月16日（週二） 上午 2:15]   toast: 新評價 #2575：★★「不太好。感覺很廉價。」
2608.2s [9月16日（週二） 上午 6:40]   toast: 新評價 #2588：★★★「品質普通。」
2618.4s [9月16日（週二） 上午 7:14]   use "Packing table"
2619.1s [9月16日（週二） 上午 7:15]   click [Pack] 打包 23 筆訂單（3 小時 4 分）
2620.0s [9月16日（週二） 上午 10:20]   click [CourierEconomy] 快遞 · 經濟 3 天（$203.28）
2629.6s [9月16日（週二） 下午 7:13]   toast: 新評價 #2586：★★★「還行。」
2630.1s [9月16日（週二） 下午 7:13]   use "Sleep"
2630.7s [9月16日（週二） 下午 7:13]   click [Sleep] Sleep until 7:00 AM
2631.4s [9月17日（週三） 上午 5:35]   toast: 新評價 #2592：★★★「等了好一陣子才到。」
2641.7s [9月17日（週三） 上午 7:14]   use "Packing table"
2642.4s [9月17日（週三） 上午 7:15]   click [Pack] 打包 14 筆訂單（1 小時 52 分）
2643.3s [9月17日（週三） 上午 9:08]   click [CourierEconomy] 快遞 · 經濟 3 天（$121.20）
2653.5s [9月17日（週三） 下午 7:13]   use "Sleep"
2654.1s [9月17日（週三） 下午 7:13]   click [Sleep] Sleep until 7:00 AM
2665.0s [9月18日（週四） 上午 7:14]   use "Packing table"
2665.7s [9月18日（週四） 上午 7:15]   click [Pack] 打包 23 筆訂單（3 小時 4 分）
2666.6s [9月18日（週四） 上午 10:20]   click [CourierEconomy] 快遞 · 經濟 3 天（$207.96）
2668.0s [9月18日（週四） 下午 5:35]   toast: 新評價 #2603：★★★「等了好一陣子才到。」
2676.8s [9月18日（週四） 下午 7:13]   use "Sleep"
2677.4s [9月18日（週四） 下午 7:13]   click [Sleep] Sleep until 7:00 AM
2678.0s [9月18日（週四） 下午 9:09]   toast: 新評價 #2626：★★★「還行。」
2688.3s [9月19日（週五） 上午 7:14]   use "Packing table"
2689.0s [9月19日（週五） 上午 7:15]   click [Pack] 打包 21 筆訂單（2 小時 48 分）
2689.9s [9月19日（週五） 上午 10:04]   click [CourierEconomy] 快遞 · 經濟 3 天（$188.16）
2691.2s [9月19日（週五） 下午 12:00]   toast: 新評價 #2622：★★★「品質普通。」
2691.3s [9月19日（週五） 下午 6:04]   toast: 新評價 #2649：★★★「等了好一陣子才到。」
2691.3s [9月19日（週五） 下午 7:00]   shot 134_decision_supplier_price_increase.png
2691.3s [9月19日（週五） 下午 7:00]   decision supplier_price_increase → accept
2691.4s [9月19日（週五） 下午 7:00]   click [Choice_accept] 好。繼續跟你進貨。
2692.7s [9月19日（週五） 下午 7:00]   shot 135_decision_outcome_supplier_price_increase.png
2692.7s [9月19日（週五） 下午 7:00]   click "OK"
2702.3s [9月19日（週五） 下午 7:14]   use "Sleep"
2702.9s [9月19日（週五） 下午 7:14]   click [Sleep] Sleep until 7:00 AM
2713.7s [9月20日（週六） 上午 7:14]   use "Packing table"
2714.4s [9月20日（週六） 上午 7:15]   click [Pack] 打包 17 筆訂單（2 小時 16 分）
2715.4s [9月20日（週六） 上午 9:32]   click [CourierEconomy] 快遞 · 經濟 3 天（$153.24）
2725.4s [9月20日（週六） 下午 7:13]   use "Sleep"
2726.0s [9月20日（週六） 下午 7:13]   click [Sleep] Sleep until 7:00 AM
2726.6s [9月20日（週六） 下午 8:08]   toast: 新評價 #2660：★★★「還行。」
2736.9s [9月21日（週日） 上午 7:14]   use "Packing table"
2737.6s [9月21日（週日） 上午 7:15]   click [Pack] 打包 15 筆訂單（2 h）
2738.6s [9月21日（週日） 上午 9:16]   click [CourierEconomy] 快遞 · 經濟 3 天（$133.44）
2748.7s [9月21日（週日） 下午 7:13]   use "Sleep"
2749.3s [9月21日（週日） 下午 7:13]   click [Sleep] Sleep until 7:00 AM
2760.2s [9月22日（週一） 上午 7:14]   use "Packing table"
2760.9s [9月22日（週一） 上午 7:15]   click [Pack] 打包 13 筆訂單（1 小時 44 分）
2761.8s [9月22日（週一） 上午 9:00]   click [CourierEconomy] 快遞 · 經濟 3 天（$113.64）
2771.9s [9月22日（週一） 下午 7:13]   use "Sleep"
2772.5s [9月22日（週一） 下午 7:13]   click [Sleep] Sleep until 7:00 AM
2773.0s [9月22日（週一） 下午 7:26]   toast: 新評價 #2698：★★★「品質普通。」
2783.4s [9月23日（週二） 上午 7:14]   use "Packing table"
2784.1s [9月23日（週二） 上午 7:15]   click [Pack] 打包 16 筆訂單（2 小時 8 分）
2785.0s [9月23日（週二） 上午 9:24]   click [CourierEconomy] 快遞 · 經濟 3 天（$150.36）
2795.1s [9月23日（週二） 下午 7:13]   use "Sleep"
2795.7s [9月23日（週二） 下午 7:13]   click [Sleep] Sleep until 7:00 AM
2796.3s [9月23日（週二） 下午 8:21]   toast: 新評價 #2720：★★★「等了好一陣子才到。」
2806.6s [9月24日（週三） 上午 7:14]   use "Packing table"
2807.3s [9月24日（週三） 上午 7:15]   click [Pack] 打包 16 筆訂單（2 小時 8 分）
2808.2s [9月24日（週三） 上午 9:24]   click [CourierEconomy] 快遞 · 經濟 3 天（$145.68）
2809.5s [9月24日（週三） 上午 11:55]   toast: 新評價 #2744：★★★「品質普通。」
2818.3s [9月24日（週三） 下午 7:13]   use "Sleep"
2818.9s [9月24日（週三） 下午 7:13]   click [Sleep] Sleep until 7:00 AM
2819.5s [9月24日（週三） 下午 9:38]   toast: 新評價 #2761：★★★「品質普通。」
2819.6s [9月25日（週四） 上午 3:12]   toast: 新評價 #2727：★★★「品質普通。」
2819.6s [9月25日（週四） 上午 4:50]   toast: 新評價 #2721：★★★「品質普通。」
2829.9s [9月25日（週四） 上午 7:14]   use "Packing table"
2830.6s [9月25日（週四） 上午 7:15]   click [Pack] 打包 13 筆訂單（1 小時 44 分）
2831.5s [9月25日（週四） 上午 9:00]   click [CourierEconomy] 快遞 · 經濟 3 天（$113.64）
2832.7s [9月25日（週四） 上午 11:25]   toast: 新評價 #2741：★★★「等了好一陣子才到。」
2832.8s [9月25日（週四） 下午 6:00]   toast: 新評價 #2760：★★★「等了好一陣子才到。」
2841.6s [9月25日（週四） 下午 7:13]   use "Sleep"
2842.2s [9月25日（週四） 下午 7:13]   click [Sleep] Sleep until 7:00 AM
2853.2s [9月26日（週五） 上午 7:14]   use "Packing table"
2853.9s [9月26日（週五） 上午 7:15]   click [Pack] 打包 14 筆訂單（1 小時 52 分）
2854.8s [9月26日（週五） 上午 9:08]   click [CourierEconomy] 快遞 · 經濟 3 天（$125.88）
2864.9s [9月26日（週五） 下午 7:13]   use "Sleep"
2865.5s [9月26日（週五） 下午 7:13]   click [Sleep] Sleep until 7:00 AM
2876.5s [9月27日（週六） 上午 7:14]   use "Packing table"
2877.2s [9月27日（週六） 上午 7:15]   click [Pack] 打包 19 筆訂單（2 小時 32 分）
2878.1s [9月27日（週六） 上午 9:48]   click [CourierEconomy] 快遞 · 經濟 3 天（$168.36）
2880.9s [9月27日（週六） 上午 9:52]   use "Use laptop — Company OS"
2881.6s [9月27日（週六） 上午 9:53]   click [Tab_operations] Operations
2882.3s [9月27日（週六） 上午 9:54]   click [DeliverTo_riverside_studio] 河濱大樓 7C
2882.5s [9月27日（週六） 上午 9:55]   click [Buy_tradelink_wholesale_water_bottle] 購買 $604.20
2882.7s [9月27日（週六） 上午 10:05]   click [Buy_tradelink_wholesale_water_bottle] 購買 $604.20
2891.1s [9月27日（週六） 下午 7:12]   use "Sleep"
2891.7s [9月27日（週六） 下午 7:12]   click [Sleep] Sleep until 7:00 AM
2902.6s [9月28日（週日） 上午 7:14]   use "Packing table"
2903.3s [9月28日（週日） 上午 7:15]   click [Pack] 打包 19 筆訂單（2 小時 32 分）
2903.5s [9月28日（週日） 上午 8:36]   toast: 新評價 #2778：★★★「等了好一陣子才到。」
2904.3s [9月28日（週日） 上午 9:48]   click [CourierEconomy] 快遞 · 經濟 3 天（$187.08）
2907.1s [9月28日（週日） 上午 9:52]   use "Use laptop — Company OS"
2907.8s [9月28日（週日） 上午 9:53]   click [Tab_operations] Operations
2908.5s [9月28日（週日） 上午 9:54]   click [DeliverTo_riverside_studio] 河濱大樓 7C
2908.7s [9月28日（週日） 上午 9:55]   click [Buy_tradelink_wholesale_phone_stand] 購買 $304.80
2917.0s [9月28日（週日） 下午 7:11]   use "Sleep"
2917.7s [9月28日（週日） 下午 7:11]   click [Sleep] Sleep until 7:00 AM
2928.6s [9月29日（週一） 上午 7:14]   use "Packing table"
2929.3s [9月29日（週一） 上午 7:15]   click [Pack] 打包 13 筆訂單（1 小時 44 分）
2930.2s [9月29日（週一） 上午 9:00]   click [CourierEconomy] 快遞 · 經濟 3 天（$113.64）
2932.9s [9月29日（週一） 上午 9:04]   use "Use laptop — Company OS"
2933.7s [9月29日（週一） 上午 9:05]   click [Tab_operations] Operations
2934.4s [9月29日（週一） 上午 9:06]   click [DeliverTo_riverside_studio] 河濱大樓 7C
2934.6s [9月29日（週一） 上午 9:07]   click [Buy_tradelink_wholesale_desk_lamp] 購買 $515.20
2934.9s [9月29日（週一） 上午 9:17]   click [Buy_tradelink_wholesale_desk_lamp] 購買 $515.20
2935.6s [9月29日（週一） 上午 9:42]   toast: 新評價 #2819：★★★「等了好一陣子才到。」
2935.8s [9月29日（週一） 下午 6:04]   toast: 新評價 #2802：★★★「還行。」
2943.5s [9月29日（週一） 下午 7:12]   use "Sleep"
2944.7s [9月29日（週一） 下午 7:12]   click [Sleep] Sleep until 7:00 AM
2956.2s [9月30日（週二） 上午 7:14]   use "Packing table"
2956.9s [9月30日（週二） 上午 7:15]   click [Pack] 打包 15 筆訂單（2 h）
2957.9s [9月30日（週二） 上午 9:16]   click [CourierEconomy] 快遞 · 經濟 3 天（$142.80）
2967.9s [9月30日（週二） 下午 7:13]   use "Sleep"
2968.5s [9月30日（週二） 下午 7:13]   click [Sleep] Sleep until 7:00 AM
2972.7s [10月1日（週三） 上午 7:00]   shot 136_month_close_report.png
2972.7s [10月1日（週三） 上午 7:00]   click [month close] Continue
2982.0s [10月1日（週三） 上午 7:14]   use "Packing table"
2982.7s [10月1日（週三） 上午 7:15]   click [Pack] 打包 19 筆訂單（2 小時 32 分）
2983.7s [10月1日（週三） 上午 9:48]   click [CourierEconomy] 快遞 · 經濟 3 天（$126.64）
2984.8s [10月1日（週三） 上午 9:50]   ok  Chapter 7 complete
2984.8s [10月1日（週三） 上午 9:50]   ok  Chapter 7 passed with real profit, not two losses
2984.8s [10月1日（週三） 上午 9:50]   ch7_month_profit set from actual ledger profit $2,711; survived_losses=false
2984.8s [10月1日（週三） 上午 9:50]   ok  positive chapter seven monthly profit
2984.8s [10月1日（週三） 上午 9:50] STEP Chapter 8 — the Green Shift
2984.8s [10月1日（週三） 上午 9:50]   ok  Year 4: the Green Shift
2987.3s [10月1日（週三） 上午 9:54]   ok  walked back outside
2990.6s [10月1日（週三） 上午 9:59]   ok  entered Bloom Coffee
2992.4s [10月1日（週三） 上午 10:02]   use "Read the news board"
2993.1s [10月1日（週三） 上午 10:07]   shot 137_news_green_shift.png
2993.5s [10月1日（週三） 上午 10:07]   ok  read the news (green_shift)
2996.4s [10月1日（週三） 上午 10:12]   ok  walked back outside
2999.6s [10月1日（週三） 上午 10:17]   ok  entered Riverside Tower
3001.0s [10月1日（週三） 上午 10:19]   use "Use laptop — Company OS"
3001.7s [10月1日（週三） 上午 10:20]   click [Tab_operations] Operations
3002.4s [10月1日（週三） 上午 10:21]   click [Packaging_recycled] Recycled paper
3002.9s [10月1日（週三） 上午 10:22]   click [Buy_verdant_supply_solar_lamp] 購買 $504.00
3003.5s [10月1日（週三） 上午 10:33]   shot 138_operations_green.png
3003.8s [10月1日（週三） 上午 10:33]   ok  recycled packaging
3011.4s [10月1日（週三） 下午 7:12]   use "Sleep"
3012.0s [10月1日（週三） 下午 7:12]   click [Sleep] Sleep until 7:00 AM
3012.6s [10月2日（週四） 上午 2:29]   toast: 新評價 #2864：★★★「還行。」
3022.9s [10月2日（週四） 上午 7:14]   use "Packing table"
3023.6s [10月2日（週四） 上午 7:15]   click [Pack] 打包 18 筆訂單（2 小時 24 分）
3023.7s [10月2日（週四） 上午 9:37]   toast: 新評價 #2866：★★★「等了好一陣子才到。」
3024.5s [10月2日（週四） 上午 9:40]   click [CourierEconomy] 快遞 · 經濟 3 天（$124.56）
3025.8s [10月2日（週四） 下午 5:58]   toast: 新評價 #2851：★★★「等了好一陣子才到。」
3034.6s [10月2日（週四） 下午 7:13]   use "Sleep"
3035.2s [10月2日（週四） 下午 7:13]   click [Sleep] Sleep until 7:00 AM
3035.9s [10月3日（週五） 上午 3:33]   toast: 新評價 #2886：★★★「品質普通。」
3046.2s [10月3日（週五） 上午 7:14]   use "Packing table"
3046.9s [10月3日（週五） 上午 7:15]   click [Pack] 打包 16 筆訂單（2 小時 8 分）
3047.8s [10月3日（週五） 上午 9:24]   click [CourierEconomy] 快遞 · 經濟 3 天（$110.26）
3049.0s [10月3日（週五） 上午 10:49]   toast: 新評價 #2848：★★★「等了好一陣子才到。」
3049.1s [10月3日（週五） 下午 6:39]   toast: 新評價 #2872：★★★「等了好一陣子才到。」
3057.9s [10月3日（週五） 下午 7:13]   use "Sleep"
3058.5s [10月3日（週五） 下午 7:13]   click [Sleep] Sleep until 7:00 AM
3059.1s [10月3日（週五） 下午 11:06]   toast: 新評價 #2865：★★★「等了好一陣子才到。」
3069.4s [10月4日（週六） 上午 7:14]   use "Packing table"
3070.1s [10月4日（週六） 上午 7:15]   click [Pack] 打包 18 筆訂單（2 小時 24 分）
3071.0s [10月4日（週六） 上午 9:40]   click [CourierEconomy] 快遞 · 經濟 3 天（$117.80）
3072.2s [10月4日（週六） 上午 11:53]   toast: 新評價 #2899：★★★「品質普通。」
3081.1s [10月4日（週六） 下午 7:13]   use "Sleep"
3081.7s [10月4日（週六） 下午 7:13]   click [Sleep] Sleep until 7:00 AM
3092.6s [10月5日（週日） 上午 7:14]   use "Packing table"
3093.3s [10月5日（週日） 上午 7:15]   click [Pack] 打包 21 筆訂單（2 小時 48 分）
3094.3s [10月5日（週日） 上午 10:04]   click [CourierEconomy] 快遞 · 經濟 3 天（$124.04）
3095.4s [10月5日（週日） 上午 10:06]   ok  solar desk lamps arrived before listing
3097.0s [10月5日（週日） 上午 10:08]   use "Use laptop — Company OS"
3097.7s [10月5日（週日） 上午 10:09]   click [Tab_sales] Ecommerce
3098.4s [10月5日（週日） 上午 10:10]   click [ListSelf_solar_lamp] Shoot photos myself & list (1 h 20 min)
3099.7s [10月5日（週日） 上午 11:32]   ok  solar desk lamps listed
3099.7s [10月5日（週日） 上午 11:32] STEP Chapter 8 — the Green Business Grant at City Hall
3099.7s [10月5日（週日） 上午 11:32]   (harness) wait 2 h
3108.1s [10月5日（週日） 下午 1:45]   use "Packing table"
3108.8s [10月5日（週日） 下午 1:46]   click [Pack] 打包 9 筆訂單（1 小時 12 分）
3109.7s [10月5日（週日） 下午 2:59]   click [CourierEconomy] 快遞 · 經濟 3 天（$58.52）
3110.9s [10月5日（週日） 下午 3:01]   (harness) wait 2 h
3111.7s [10月5日（週日） 下午 5:02]   use "Packing table"
3112.4s [10月5日（週日） 下午 5:03]   click [Pack] 打包 2 筆訂單（16 分鐘）
3113.4s [10月5日（週日） 下午 5:21]   click [CourierEconomy] 快遞 · 經濟 3 天（$20.30）
3114.6s [10月5日（週日） 下午 5:22]   (harness) wait 2 h
3115.4s [10月5日（週日） 下午 7:24]   use "Packing table"
3116.1s [10月5日（週日） 下午 7:25]   click [Pack] 打包 5 筆訂單（40 分鐘）
3117.1s [10月5日（週日） 下午 8:06]   click [CourierEconomy] 快遞 · 經濟 3 天（$33.30）
3121.0s [10月5日（週日） 下午 8:12]   use "Sleep"
3121.6s [10月5日（週日） 下午 8:12]   click [Sleep] Sleep until 7:00 AM
3122.2s [10月5日（週日） 下午 11:01]   toast: 新評價 #2912：★★★「還行。」
3132.6s [10月6日（週一） 上午 7:14]   use "Packing table"
3133.3s [10月6日（週一） 上午 7:15]   click [Pack] 打包 5 筆訂單（40 分鐘）
3134.2s [10月6日（週一） 上午 7:56]   click [CourierEconomy] 快遞 · 經濟 3 天（$40.06）
3135.4s [10月6日（週一） 上午 7:58]   (harness) wait 2 h
3135.4s [10月6日（週一） 上午 8:57]   toast: 新評價 #2911：★★★「還行。」
3138.5s [10月6日（週一） 上午 10:03]   ok  walked back outside
3152.5s [10月6日（週一） 上午 10:24]   use "捷運——河濱區站"
3153.5s [10月6日（週一） 上午 10:26]   shot 139_metro_civic_center.png
3153.5s [10月6日（週一） 上午 10:26]   click [Go_civic_center] 市政中心  ·  12 分鐘
3154.5s [10月6日（週一） 上午 10:39]   ok  took the Metro to Civic Center
3161.5s [10月6日（週一） 上午 10:50]   ok  entered Aurelia City Hall
3163.3s [10月6日（週一） 上午 10:52]   use "Permits & regulations"
3164.1s [10月6日（週一） 上午 10:53]   shot 140_green_grant.png
3164.1s [10月6日（週一） 上午 10:53]   click [ApplyGreenGrant] Apply
3165.1s [10月6日（週一） 上午 11:25]   ok  green grant approved
3166.2s [10月6日（週一） 上午 11:27]   ok  Chapter 8 complete
3166.2s [10月6日（週一） 上午 11:27] STEP Chapter 9 — the Clearing Crisis: an import stuck on the wire
3166.2s [10月6日（週一） 上午 11:27]   ok  Year 5: the Clearing Crisis
3169.1s [10月6日（週一） 上午 11:32]   ok  walked back outside
3174.7s [10月6日（週一） 上午 11:40]   use "捷運——市政中心站"
3175.7s [10月6日（週一） 上午 11:42]   shot 141_metro_riverside.png
3175.7s [10月6日（週一） 上午 11:42]   click [Go_riverside] 河濱區  ·  12 分鐘
3176.7s [10月6日（週一） 上午 11:55]   ok  took the Metro to Riverside
3184.2s [10月6日（週一） 下午 12:06]   ok  entered Bloom Coffee
3185.9s [10月6日（週一） 下午 12:09]   use "Read the news board"
3186.7s [10月6日（週一） 下午 12:14]   shot 142_news_clearing_crisis.png
3187.0s [10月6日（週一） 下午 12:14]   ok  read the news (clearing_crisis)
3190.0s [10月6日（週一） 下午 12:19]   ok  walked back outside
3193.2s [10月6日（週一） 下午 12:24]   ok  entered Riverside Tower
3194.6s [10月6日（週一） 下午 12:26]   use "Use laptop — Company OS"
3195.3s [10月6日（週一） 下午 12:27]   click [Tab_operations] Operations
3196.0s [10月6日（週一） 下午 12:28]   click [Buy_lumina_direct_phone_stand] 購買 $884.00
3196.8s [10月6日（週一） 下午 12:29]   shot 143_settlement_choice.png
3196.8s [10月6日（週一） 下午 12:29]   click [Settle_international_wire] Pay this way
3197.8s [10月6日（週一） 下午 12:31]   ok  import ordered, paid by wire
3197.8s [10月6日（週一） 下午 12:31] STEP Chapter 9 — Lina Zhao at Nexus Bank
3200.4s [10月6日（週一） 下午 12:36]   ok  walked back outside
3214.4s [10月6日（週一） 下午 12:57]   use "捷運——河濱區站"
3215.4s [10月6日（週一） 下午 12:58]   shot 144_metro_financial.png
3215.4s [10月6日（週一） 下午 12:58]   click [Go_financial] 金融區  ·  10 分鐘
3216.4s [10月6日（週一） 下午 1:10]   ok  took the Metro to Financial District
3224.0s [10月6日（週一） 下午 1:21]   ok  entered Nexus Bank
3231.3s [10月6日（週一） 下午 1:32]   use "和 Lina Zhao 說話"
3232.1s [10月6日（週一） 下午 1:32]   shot 145_lina_intro.png
3237.9s [10月6日（週一） 下午 1:32]   choose "› 幫我開一個數位美元帳戶。"
3240.0s [10月6日（週一） 下午 1:32]   ok  met Lina Zhao
3242.3s [10月6日（週一） 下午 1:36]   ok  walked back outside
3248.5s [10月6日（週一） 下午 1:45]   use "捷運——金融區站"
3249.5s [10月6日（週一） 下午 1:47]   shot 146_metro_riverside.png
3249.5s [10月6日（週一） 下午 1:47]   click [Go_riverside] 河濱區  ·  10 分鐘
3250.5s [10月6日（週一） 下午 1:58]   ok  took the Metro to Riverside
3259.7s [10月6日（週一） 下午 2:12]   ok  entered Riverside Tower
3261.2s [10月6日（週一） 下午 2:14]   use "Use laptop — Company OS"
3261.8s [10月6日（週一） 下午 2:15]   click [Tab_operations] Operations
3262.5s [10月6日（週一） 下午 2:16]   click [SpeedUp_PO-152] Speed up
3263.2s [10月6日（週一） 下午 2:17]   shot 147_settlement_speed_up.png
3263.2s [10月6日（週一） 下午 2:17]   click [Settle_letter_of_credit] Switch
3272.0s [10月6日（週一） 下午 7:11]   use "Sleep"
3272.6s [10月6日（週一） 下午 7:11]   click [Sleep] Sleep until 7:00 AM
3283.6s [10月7日（週二） 上午 7:14]   use "Packing table"
3284.3s [10月7日（週二） 上午 7:15]   click [Pack] 打包 16 筆訂單（2 小時 8 分）
3284.4s [10月7日（週二） 上午 7:31]   toast: 新評價 #2917：★★★「品質普通。」
3285.2s [10月7日（週二） 上午 9:24]   click [CourierEconomy] 快遞 · 經濟 3 天（$102.24）
3286.4s [10月7日（週二） 上午 9:54]   toast: 新評價 #2913：★★★「品質普通。」
3295.3s [10月7日（週二） 下午 7:13]   use "Sleep"
3295.9s [10月7日（週二） 下午 7:13]   click [Sleep] Sleep until 7:00 AM
3306.9s [10月8日（週三） 上午 7:14]   use "Packing table"
3307.6s [10月8日（週三） 上午 7:15]   click [Pack] 打包 16 筆訂單（2 小時 8 分）
3308.5s [10月8日（週三） 上午 9:24]   click [CourierEconomy] 快遞 · 經濟 3 天（$99.12）
3318.6s [10月8日（週三） 下午 7:13]   use "Sleep"
3319.2s [10月8日（週三） 下午 7:13]   click [Sleep] Sleep until 7:00 AM
3330.2s [10月9日（週四） 上午 7:14]   use "Packing table"
3330.9s [10月9日（週四） 上午 7:15]   click [Pack] 打包 24 筆訂單（3 小時 12 分）
3331.8s [10月9日（週四） 上午 10:28]   click [CourierEconomy] 快遞 · 經濟 3 天（$145.68）
3333.0s [10月9日（週四） 上午 10:30]   shot 148_decision_supplier_price_increase.png
3333.0s [10月9日（週四） 上午 10:30]   decision supplier_price_increase → accept
3333.0s [10月9日（週四） 上午 10:30]   click [Choice_accept] 好。繼續跟你進貨。
3334.4s [10月9日（週四） 上午 10:30]   shot 149_decision_outcome_supplier_price_increase.png
3334.4s [10月9日（週四） 上午 10:30]   click "OK"
3334.9s [10月9日（週四） 上午 11:04]   toast: 新評價 #2966：★★★「品質普通。」
3343.8s [10月9日（週四） 下午 7:13]   use "Sleep"
3344.4s [10月9日（週四） 下午 7:13]   click [Sleep] Sleep until 7:00 AM
3355.4s [10月10日（週五） 上午 7:14]   use "Packing table"
3356.1s [10月10日（週五） 上午 7:15]   click [Pack] 打包 18 筆訂單（2 小時 24 分）
3357.0s [10月10日（週五） 上午 9:40]   click [CourierEconomy] 快遞 · 經濟 3 天（$102.96）
3367.1s [10月10日（週五） 下午 7:13]   use "Sleep"
3367.7s [10月10日（週五） 下午 7:13]   click [Sleep] Sleep until 7:00 AM
3378.7s [10月11日（週六） 上午 7:14]   use "Packing table"
3379.4s [10月11日（週六） 上午 7:15]   click [Pack] 打包 15 筆訂單（2 h）
3380.4s [10月11日（週六） 上午 9:16]   click [CourierEconomy] 快遞 · 經濟 3 天（$97.20）
3390.5s [10月11日（週六） 下午 7:13]   use "Sleep"
3391.1s [10月11日（週六） 下午 7:13]   click [Sleep] Sleep until 7:00 AM
3391.7s [10月11日（週六） 下午 9:45]   toast: 新評價 #3031：★★★「等了好一陣子才到。」
3402.0s [10月12日（週日） 上午 7:14]   use "Packing table"
3402.7s [10月12日（週日） 上午 7:15]   click [Pack] 打包 29 筆訂單（3 小時 52 分）
3403.7s [10月12日（週日） 上午 11:08]   click [CourierEconomy] 快遞 · 經濟 3 天（$183.36）
3413.8s [10月12日（週日） 下午 7:13]   use "Sleep"
3414.4s [10月12日（週日） 下午 7:13]   click [Sleep] Sleep until 7:00 AM
3415.1s [10月13日（週一） 上午 4:55]   toast: 新評價 #3032：★★★「等了好一陣子才到。」
3425.4s [10月13日（週一） 上午 7:14]   use "Packing table"
3426.1s [10月13日（週一） 上午 7:15]   click [Pack] 打包 10 筆訂單（1 小時 20 分）
3427.0s [10月13日（週一） 上午 8:36]   click [CourierEconomy] 快遞 · 經濟 3 天（$62.64）
3437.1s [10月13日（週一） 下午 7:13]   use "Sleep"
3437.7s [10月13日（週一） 下午 7:13]   click [Sleep] Sleep until 7:00 AM
3448.7s [10月14日（週二） 上午 7:14]   use "Packing table"
3449.4s [10月14日（週二） 上午 7:15]   click [Pack] 打包 11 筆訂單（1 小時 28 分）
3450.4s [10月14日（週二） 上午 8:44]   click [CourierEconomy] 快遞 · 經濟 3 天（$73.92）
3460.4s [10月14日（週二） 下午 7:13]   use "Sleep"
3461.0s [10月14日（週二） 下午 7:13]   click [Sleep] Sleep until 7:00 AM
3471.9s [10月15日（週三） 上午 7:14]   use "Packing table"
3472.6s [10月15日（週三） 上午 7:15]   click [Pack] 打包 15 筆訂單（2 h）
3473.6s [10月15日（週三） 上午 9:16]   click [CourierEconomy] 快遞 · 經濟 3 天（$90.96）
3474.8s [10月15日（週三） 下午 3:43]   toast: 新評價 #3084：★★★「還行。」
3483.7s [10月15日（週三） 下午 7:13]   use "Sleep"
3484.3s [10月15日（週三） 下午 7:13]   click [Sleep] Sleep until 7:00 AM
3495.3s [10月16日（週四） 上午 7:14]   use "Packing table"
3496.0s [10月16日（週四） 上午 7:15]   click [Pack] 打包 7 筆訂單（56 分鐘）
3496.9s [10月16日（週四） 上午 8:12]   click [CourierEconomy] 快遞 · 經濟 3 天（$50.64）
3498.0s [10月16日（週四） 上午 9:07]   toast: 新評價 #3146：★★★「品質普通。」
3507.0s [10月16日（週四） 下午 7:13]   use "Sleep"
3507.6s [10月16日（週四） 下午 7:13]   click [Sleep] Sleep until 7:00 AM
3518.5s [10月17日（週五） 上午 7:14]   use "Packing table"
3519.3s [10月17日（週五） 上午 7:15]   click [Pack] 打包 10 筆訂單（1 小時 20 分）
3520.2s [10月17日（週五） 上午 8:36]   click [CourierEconomy] 快遞 · 經濟 3 天（$59.52）
3521.3s [10月17日（週五） 上午 9:20]   toast: 新評價 #3151：★★★「品質普通。」
3530.3s [10月17日（週五） 下午 7:13]   use "Sleep"
3530.9s [10月17日（週五） 下午 7:13]   click [Sleep] Sleep until 7:00 AM
3540.5s [10月18日（週六） 上午 7:12]   toast: 新評價 #3143：★★★「等了好一陣子才到。」
3542.0s [10月18日（週六） 上午 7:14]   use "Packing table"
3542.7s [10月18日（週六） 上午 7:15]   click [Pack] 打包 16 筆訂單（2 小時 8 分）
3543.6s [10月18日（週六） 上午 9:24]   click [CourierEconomy] 快遞 · 經濟 3 天（$96.00）
3553.9s [10月18日（週六） 下午 7:13]   use "Sleep"
3554.5s [10月18日（週六） 下午 7:13]   click [Sleep] Sleep until 7:00 AM
3565.5s [10月19日（週日） 上午 7:14]   use "Packing table"
3566.2s [10月19日（週日） 上午 7:15]   click [Pack] 打包 20 筆訂單（2 小時 40 分）
3567.1s [10月19日（週日） 上午 9:56]   click [CourierEconomy] 快遞 · 經濟 3 天（$125.52）
3577.3s [10月19日（週日） 下午 7:13]   use "Sleep"
3577.9s [10月19日（週日） 下午 7:13]   click [Sleep] Sleep until 7:00 AM
3578.5s [10月19日（週日） 下午 8:05]   toast: 新評價 #3183：★★★「品質普通。」
3588.9s [10月20日（週一） 上午 7:14]   use "Packing table"
3589.6s [10月20日（週一） 上午 7:15]   click [Pack] 打包 10 筆訂單（1 小時 20 分）
3589.7s [10月20日（週一） 上午 8:10]   toast: 新評價 #3203：★「浪費錢。」
3590.6s [10月20日（週一） 上午 8:36]   click [CourierEconomy] 快遞 · 經濟 3 天（$59.52）
3600.7s [10月20日（週一） 下午 7:13]   use "Sleep"
3601.3s [10月20日（週一） 下午 7:13]   click [Sleep] Sleep until 7:00 AM
3612.3s [10月21日（週二） 上午 7:14]   use "Packing table"
3613.0s [10月21日（週二） 上午 7:15]   click [Pack] 打包 12 筆訂單（1 小時 36 分）
3614.0s [10月21日（週二） 上午 8:52]   click [CourierEconomy] 快遞 · 經濟 3 天（$69.60）
3624.1s [10月21日（週二） 下午 7:13]   use "Sleep"
3624.7s [10月21日（週二） 下午 7:13]   click [Sleep] Sleep until 7:00 AM
3635.7s [10月22日（週三） 上午 7:14]   use "Packing table"
3636.4s [10月22日（週三） 上午 7:15]   click [Pack] 打包 15 筆訂單（2 h）
3637.4s [10月22日（週三） 上午 9:16]   click [CourierEconomy] 快遞 · 經濟 3 天（$87.84）
3638.6s [10月22日（週三） 下午 2:03]   toast: 新評價 #3215：★★★「等了好一陣子才到。」
3647.5s [10月22日（週三） 下午 7:13]   use "Sleep"
3648.1s [10月22日（週三） 下午 7:13]   click [Sleep] Sleep until 7:00 AM
3659.1s [10月23日（週四） 上午 7:14]   use "Packing table"
3659.8s [10月23日（週四） 上午 7:15]   click [Pack] 打包 12 筆訂單（1 小時 36 分）
3660.7s [10月23日（週四） 上午 8:52]   click [CourierEconomy] 快遞 · 經濟 3 天（$85.20）
3671.0s [10月23日（週四） 下午 7:13]   use "Sleep"
3671.6s [10月23日（週四） 下午 7:13]   click [Sleep] Sleep until 7:00 AM
3682.7s [10月24日（週五） 上午 7:14]   use "Packing table"
3683.4s [10月24日（週五） 上午 7:15]   click [Pack] 打包 9 筆訂單（1 小時 12 分）
3684.3s [10月24日（週五） 上午 8:28]   click [CourierEconomy] 快遞 · 經濟 3 天（$59.02）
3685.4s [10月24日（週五） 上午 8:30]   ok  Chapter 9 complete: the import got through
3685.4s [10月24日（週五） 上午 8:30]   ok  ledger balanced after chapters 7–9
3685.4s [10月24日（週五） 上午 8:30] STEP Weekend pop-up: real stock, checkout, automatic return and report
3686.8s [10月24日（週五） 上午 8:32]   use "Reserve a weekend pop-up"
3687.2s [10月24日（週五） 上午 8:32]   shot 150_popup_weekend_reservation.png
3688.3s [10月24日（週五） 上午 8:32]   click [SignPopup] Reserve this weekend
3689.0s [10月24日（週五） 上午 8:32]   ok  real notice reserved weekend
3689.0s [10月24日（週五） 上午 8:32]   ok  fifty available units for pop-up
3690.0s [10月24日（週五） 上午 8:32]   click [PopupStock_water_bottle] Move selected stock
3690.7s [10月24日（週五） 上午 9:32]   ok  fifty units physically transferred
3690.8s [10月24日（週五） 上午 9:32]   shot 151_popup_stock_and_unit_price.png
3691.1s [10月25日（週六） 上午 1:21]   toast: 新評價 #3262：★★★「等了好一陣子才到。」
3692.3s [10月25日（週六） 上午 10:01]   shot 152_popup_open_shop_and_customer.png
3692.8s [10月25日（週六） 上午 10:02]   use "Reserve a weekend pop-up"
3694.2s [10月25日（週六） 上午 10:02]   click [PopupTill] Work checkout for one hour
3694.9s [10月25日（週六） 上午 11:02]   ok  one-hour checkout actual sales
3694.9s [10月25日（週六） 下午 1:56]   toast: 新評價 #3241：★★★「品質普通。」
3696.2s [10月26日（週日） 下午 6:00]   shot 153_popup_weekend_report.png
3696.2s [10月26日（週日） 下午 6:00]   ok  weekend settles automatically
3696.2s [10月26日（週日） 下午 6:00]   ok  pop-up all journals balanced
3696.5s [10月26日（週日） 下午 6:00]   ok  played pop-up save
3700.0s [10月26日（週日） 下午 6:04]   ok  walked back outside
3710.6s [10月26日（週日） 下午 6:19]   use "捷運——購物街站"
3711.6s [10月26日（週日） 下午 6:21]   shot 154_metro_riverside.png
3711.6s [10月26日（週日） 下午 6:21]   click [Go_riverside] 河濱區  ·  15 分鐘
3712.6s [10月26日（週日） 下午 6:37]   ok  took the Metro to Riverside
3721.7s [10月26日（週日） 下午 6:51]   ok  entered Riverside Tower
3721.7s [10月26日（週日） 下午 6:51]   ok  pop-up handoff returns to the home bed
3721.7s [10月26日（週日） 下午 6:51] STEP Old Town — lease the corner café from Mr. Okafor
3721.8s [10月26日（週日） 下午 6:51]   (harness) wait 2 h
3723.7s [10月26日（週日） 下午 8:54]   use "Packing table"
3724.3s [10月26日（週日） 下午 8:55]   click [Pack] 打包 11 筆訂單（1 小時 28 分）
3725.3s [10月26日（週日） 下午 10:24]   click [CourierEconomy] 快遞 · 經濟 3 天（$68.26）
3735.4s [10月26日（週日） 下午 10:39]   use "Sleep"
3736.0s [10月26日（週日） 下午 10:39]   click [Sleep] Sleep until 7:00 AM
3736.7s [10月27日（週一） 上午 12:54]   toast: 新評價 #3298：★★★「等了好一陣子才到。」
3747.1s [10月27日（週一） 上午 7:14]   use "Packing table"
3747.8s [10月27日（週一） 上午 7:15]   click [Pack] 打包 1 筆訂單（8 分鐘）
3748.7s [10月27日（週一） 上午 7:24]   click [CourierEconomy] 快遞 · 經濟 3 天（$10.62）
3749.9s [10月27日（週一） 上午 7:26]   (harness) wait 2 h
3753.2s [10月27日（週一） 上午 9:32]   ok  walked back outside
3767.2s [10月27日（週一） 上午 9:53]   use "捷運——河濱區站"
3768.3s [10月27日（週一） 上午 9:54]   shot 155_metro_old_town.png
3768.3s [10月27日（週一） 上午 9:54]   click [Go_old_town] 舊城區  ·  16 分鐘
3770.0s [10月27日（週一） 上午 10:11]   ok  took the Metro to Old Town
3770.2s [10月27日（週一） 上午 10:11]   shot 156_old_town.png
3781.0s [10月27日（週一） 上午 10:28]   ok  entered Okafor Lettings
3781.6s [10月27日（週一） 上午 10:28]   use "和 Okafor 先生 說話"
3784.6s [10月27日（週一） 上午 10:28]   choose "› 這裡以前是什麼店？"
3789.5s [10月27日（週一） 上午 10:29]   shot 157_cafe_lease.png
3789.5s [10月27日（週一） 上午 10:29]   click [SignLease_corner_cafe] Sign the lease
3790.4s [10月27日（週一） 上午 10:30]   ok  leased the corner café unit
3792.2s [10月27日（週一） 上午 10:34]   ok  walked back outside
3792.3s [10月27日（週一） 上午 10:34]   shot 158_old_town_storefronts.png
3797.4s [10月27日（週一） 上午 10:41]   ok  entered Corner Café Unit
3798.3s [10月27日（週一） 上午 10:42]   use "Check the till — Company OS"
3798.9s [10月27日（週一） 上午 10:43]   click [CafeFitOut] 裝修（$5,800）
3799.3s [10月27日（週一） 上午 10:44]   click [CafeSupplies_large] 400 杯份 · $329.60
3799.8s [10月27日（週一） 上午 10:45]   shot 159_cafe_setup.png
3800.2s [10月27日（週一） 上午 10:45]   ok  fit-out under way
3800.2s [10月27日（週一） 上午 10:45]   ok  coffee supplies ordered
3800.2s [10月27日（週一） 上午 10:45] STEP Old Town — the food licence at City Hall (walking via Shopping Street)
3802.2s [10月27日（週一） 上午 10:49]   ok  walked back outside
3809.9s [10月27日（週一） 上午 11:07]   ok  walked to Shopping Street
3823.2s [10月27日（週一） 上午 11:34]   ok  walked to Civic Center
3827.5s [10月27日（週一） 上午 11:41]   ok  entered Aurelia City Hall
3829.3s [10月27日（週一） 上午 11:43]   use "Permits & regulations"
3829.9s [10月27日（週一） 上午 11:44]   click [ApplyFoodLicence] Apply
3830.5s [10月27日（週一） 下午 12:05]   shot 160_food_licence.png
3830.9s [10月27日（週一） 下午 12:06]   ok  food licence applied for
3833.8s [10月27日（週一） 下午 12:11]   ok  walked back outside
3839.4s [10月27日（週一） 下午 12:19]   use "捷運——市政中心站"
3840.4s [10月27日（週一） 下午 12:21]   shot 161_metro_riverside.png
3840.4s [10月27日（週一） 下午 12:21]   click [Go_riverside] 河濱區  ·  12 分鐘
3841.5s [10月27日（週一） 下午 12:34]   ok  took the Metro to Riverside
3850.6s [10月27日（週一） 下午 12:48]   ok  entered Riverside Tower
3850.6s [10月27日（週一） 下午 12:48]   (harness) wait 2 h
3852.7s [10月27日（週一） 下午 2:51]   use "Packing table"
3853.4s [10月27日（週一） 下午 2:52]   click [Pack] 打包 1 筆訂單（8 分鐘）
3854.3s [10月27日（週一） 下午 3:01]   click [CourierEconomy] 快遞 · 經濟 3 天（$10.62）
3855.4s [10月27日（週一） 下午 3:03]   (harness) wait 2 h
3856.1s [10月27日（週一） 下午 5:04]   (harness) wait 2 h
3865.7s [10月27日（週一） 下午 7:18]   use "Sleep"
3866.3s [10月27日（週一） 下午 7:18]   click [Sleep] Sleep until 7:00 AM
3877.5s [10月28日（週二） 上午 7:14]   use "Packing table"
3878.2s [10月28日（週二） 上午 7:15]   click [Pack] 打包 2 筆訂單（16 分鐘）
3879.1s [10月28日（週二） 上午 7:32]   click [CourierEconomy] 快遞 · 經濟 3 天（$15.24）
3880.3s [10月28日（週二） 上午 7:34]   (harness) wait 2 h
3881.0s [10月28日（週二） 上午 9:35]   (harness) wait 2 h
3881.7s [10月28日（週二） 上午 11:36]   (harness) wait 2 h
3882.4s [10月28日（週二） 下午 1:37]   (harness) wait 2 h
3883.0s [10月28日（週二） 下午 3:37]   shot 162_decision_supplier_price_increase.png
3883.0s [10月28日（週二） 下午 3:37]   decision supplier_price_increase → accept
3883.0s [10月28日（週二） 下午 3:37]   click [Choice_accept] 好。繼續跟你進貨。
3884.4s [10月28日（週二） 下午 3:37]   shot 163_decision_outcome_supplier_price_increase.png
3884.4s [10月28日（週二） 下午 3:37]   click "OK"
3891.5s [10月28日（週二） 下午 3:47]   use "Packing table"
3892.2s [10月28日（週二） 下午 3:48]   click [Pack] 打包 1 筆訂單（8 分鐘）
3893.1s [10月28日（週二） 下午 3:57]   click [CourierEconomy] 快遞 · 經濟 3 天（$10.62）
3894.2s [10月28日（週二） 下午 3:59]   (harness) wait 2 h
3894.9s [10月28日（週二） 下午 6:00]   (harness) wait 2 h
3904.5s [10月28日（週二） 下午 8:14]   use "Sleep"
3905.1s [10月28日（週二） 下午 8:14]   click [Sleep] Sleep until 7:00 AM
3916.1s [10月29日（週三） 上午 7:14]   use "Packing table"
3916.7s [10月29日（週三） 上午 7:15]   click [Pack] 打包 2 筆訂單（16 分鐘）
3917.6s [10月29日（週三） 上午 7:32]   click [CourierEconomy] 快遞 · 經濟 3 天（$18.10）
3918.8s [10月29日（週三） 上午 7:34]   (harness) wait 2 h
3919.5s [10月29日（週三） 上午 9:35]   (harness) wait 2 h
3926.6s [10月29日（週三） 上午 11:45]   use "Packing table"
3927.3s [10月29日（週三） 上午 11:46]   click [Pack] 打包 1 筆訂單（8 分鐘）
3928.2s [10月29日（週三） 上午 11:56]   click [CourierEconomy] 快遞 · 經濟 3 天（$13.48）
3929.4s [10月29日（週三） 上午 11:58]   ok  fitted out and licensed
3929.4s [10月29日（週三） 上午 11:58] STEP Old Town — opening day behind your own counter
3931.8s [10月29日（週三） 下午 12:02]   ok  walked back outside
3945.8s [10月29日（週三） 下午 12:23]   use "捷運——河濱區站"
3946.9s [10月29日（週三） 下午 12:24]   shot 164_metro_old_town.png
3946.9s [10月29日（週三） 下午 12:24]   click [Go_old_town] 舊城區  ·  16 分鐘
3947.8s [10月29日（週三） 下午 12:42]   ok  took the Metro to Old Town
3955.3s [10月29日（週三） 下午 12:53]   ok  entered Corner Café Unit
3955.4s [10月29日（週三） 下午 12:53]   shot 165_cafe_open.png
3956.4s [10月29日（週三） 下午 12:54]   use "Work the counter (2 h)"
3957.4s [10月29日（週三） 下午 2:56]   ok  served customers at your own café
3957.9s [10月29日（週三） 下午 2:57]   use "Check the till — Company OS"
3958.6s [10月29日（週三） 下午 2:58]   shot 166_cafe_tab.png
3958.9s [10月29日（週三） 下午 2:58]   ok  ledger balanced after opening the café
3961.2s [10月29日（週三） 下午 3:02]   ok  walked back outside
3973.4s [10月29日（週三） 下午 3:21]   use "捷運——舊城區站"
3974.3s [10月29日（週三） 下午 3:22]   shot 167_metro_riverside.png
3974.3s [10月29日（週三） 下午 3:22]   click [Go_riverside] 河濱區  ·  16 分鐘
3975.3s [10月29日（週三） 下午 3:40]   ok  took the Metro to Riverside
3984.5s [10月29日（週三） 下午 3:53]   ok  entered Riverside Tower
3984.5s [10月29日（週三） 下午 3:53] STEP Harbor — metro to the docks, a used van from Sam, and Pier 7
3984.5s [10月29日（週三） 下午 3:53]   ok  actual financing covers the van, bay and working capital
3984.5s [10月29日（週三） 下午 3:53]   (harness) wait 2 h
3986.4s [10月29日（週三） 下午 5:56]   use "Packing table"
3987.1s [10月29日（週三） 下午 5:57]   click [Pack] 打包 1 筆訂單（8 分鐘）
3988.0s [10月29日（週三） 下午 6:06]   click [CourierEconomy] 快遞 · 經濟 3 天（$13.48）
3989.2s [10月29日（週三） 下午 6:08]   (harness) wait 2 h
3998.8s [10月29日（週三） 下午 8:23]   use "Sleep"
3999.4s [10月29日（週三） 下午 8:23]   click [Sleep] Sleep until 7:00 AM
4000.0s [10月30日（週四） 上午 5:09]   toast: 新評價 #3313：★★★「品質普通。」
4001.5s [10月30日（週四） 上午 7:01]   (harness) wait 2 h
4005.4s [10月30日（週四） 上午 9:07]   ok  walked back outside
4019.3s [10月30日（週四） 上午 9:28]   use "捷運——河濱區站"
4020.4s [10月30日（週四） 上午 9:29]   shot 168_metro_harbor.png
4020.4s [10月30日（週四） 上午 9:29]   click [Go_harbor] 港區  ·  8 分鐘
4022.9s [10月30日（週四） 上午 9:39]   ok  took the Metro to Harbor
4023.0s [10月30日（週四） 上午 9:39]   shot 169_harbor.png
4029.9s [10月30日（週四） 上午 9:49]   shot 170_harbor_street.png
4032.5s [10月30日（週四） 上午 9:53]   ok  entered Dockside Motors
4040.5s [10月30日（週四） 上午 10:05]   use "和 Sam Okoro 說話"
4043.5s [10月30日（週四） 上午 10:05]   choose "› 你這裡有什麼？"
4048.5s [10月30日（週四） 上午 10:06]   shot 171_van_dealer.png
4048.5s [10月30日（週四） 上午 10:06]   click [BuyVan] 買下這台貨車（$9,800）
4049.2s [10月30日（週四） 上午 10:07]   shot 172_van_bought.png
4049.5s [10月30日（週四） 上午 10:07]   ok  bought the van from Sam
4049.5s [10月30日（週四） 上午 10:07]   ok  the van is a vehicle expense
4052.1s [10月30日（週四） 上午 10:12]   ok  walked back outside
4057.9s [10月30日（週四） 上午 10:20]   ok  entered Pier 7 Warehouse
4061.5s [10月30日（週四） 上午 10:26]   use "Lettings desk: lease Bay 3"
4062.2s [10月30日（週四） 上午 10:27]   shot 173_pier7_lease.png
4062.2s [10月30日（週四） 上午 10:27]   click [SignLease_pier7_warehouse] Sign the lease
4063.0s [10月30日（週四） 上午 10:28]   ok  leased the Pier 7 bay
4063.0s [10月30日（週四） 上午 10:28]   ok  Pier 7 is a stock location
4063.6s [10月30日（週四） 上午 10:29]   shot 174_pier7_warehouse.png
4067.8s [10月30日（週四） 上午 10:36]   ok  walked back outside
4076.3s [10月30日（週四） 上午 10:49]   use "捷運——港區站"
4077.3s [10月30日（週四） 上午 10:50]   shot 175_metro_riverside.png
4077.3s [10月30日（週四） 上午 10:50]   click [Go_riverside] 河濱區  ·  8 分鐘
4078.3s [10月30日（週四） 上午 11:00]   ok  took the Metro to Riverside
4087.5s [10月30日（週四） 上午 11:13]   ok  entered Riverside Tower
4087.5s [10月30日（週四） 上午 11:13] STEP Harbor — the morning's delivery runs
4087.5s [10月30日（週四） 上午 11:13]   (harness) wait 2 h
4089.4s [10月30日（週四） 下午 1:16]   use "Packing table"
4090.1s [10月30日（週四） 下午 1:17]   click [Pack] 打包 3 筆訂單（24 分鐘）
4091.0s [10月30日（週四） 下午 1:43]   click [CourierEconomy] 快遞 · 經濟 3 天（$22.72）
4092.1s [10月30日（週四） 下午 1:44]   (harness) wait 2 h
4092.8s [10月30日（週四） 下午 3:45]   (harness) wait 2 h
4092.8s [10月30日（週四） 下午 4:56]   toast: 新評價 #3327：★★★「還行。」
4092.8s [10月30日（週四） 下午 5:00]   toast: Riverlight Goods 咖啡 今天沒開門：吧台沒人顧。去僱一位咖啡師（人員分頁），或自己站吧台。
4093.5s [10月30日（週四） 下午 5:46]   (harness) wait 2 h
4094.3s [10月30日（週四） 下午 7:48]   use "Packing table"
4095.0s [10月30日（週四） 下午 7:49]   click [Pack] 打包 1 筆訂單（8 分鐘）
4095.9s [10月30日（週四） 下午 7:58]   click [CourierEconomy] 快遞 · 經濟 3 天（$13.48）
4106.1s [10月30日（週四） 下午 8:13]   use "Sleep"
4106.7s [10月30日（週四） 下午 8:13]   click [Sleep] Sleep until 7:00 AM
4107.3s [10月31日（週五） 上午 2:08]   toast: 新評價 #3342：★★★「品質普通。」
4108.7s [10月31日（週五） 上午 7:01]   (harness) wait 2 h
4109.4s [10月31日（週五） 上午 9:02]   ok  runs were posted in the morning
4112.6s [10月31日（週五） 上午 9:07]   ok  walked back outside
4126.5s [10月31日（週五） 上午 9:28]   use "捷運——河濱區站"
4127.6s [10月31日（週五） 上午 9:29]   shot 176_metro_harbor.png
4127.6s [10月31日（週五） 上午 9:29]   click [Go_harbor] 港區  ·  8 分鐘
4128.8s [10月31日（週五） 上午 9:39]   ok  took the Metro to Harbor
4138.8s [10月31日（週五） 上午 9:54]   ok  entered Pier 7 Warehouse
4141.6s [10月31日（週五） 上午 9:58]   use "Sit at the yard office desk — Company OS"
4142.3s [10月31日（週五） 上午 9:59]   click [Tab_logistics] Logistics
4143.1s [10月31日（週五） 上午 10:00]   shot 177_logistics_tab.png
4143.7s [10月31日（週五） 上午 10:01]   shot 178_logistics_badge_pinned.png
4143.7s [10月31日（週五） 上午 10:01]   click [Tab_logistics] Logistics
4144.1s [10月31日（週五） 上午 10:02]   ok  delivery runs on the board
4144.1s [10月31日（週五） 上午 10:02]   click [Accept_R2] Accept
4144.7s [10月31日（週五） 上午 10:03]   ok  accepted run R2
4144.7s [10月31日（週五） 上午 10:03]   shot 179_logistics_accepted.png
4144.7s [10月31日（週五） 上午 10:03]   click [Drive_R2] Drive it
4145.4s [10月31日（週五） 上午 10:03]   shot 180_route_game_intro.png
4145.4s [10月31日（週五） 上午 10:03]   click [StartGame] Start
4146.0s [10月31日（週五） 上午 10:03]   click [Stop_2] 
4146.1s [10月31日（週五） 上午 10:03]   click [Stop_3] 
4146.4s [10月31日（週五） 上午 10:03]   shot 181_route_game_planning.png
4146.4s [10月31日（週五） 上午 10:03]   click [Stop_5] 
4146.4s [10月31日（週五） 上午 10:03]   click [Stop_1] 
4146.5s [10月31日（週五） 上午 10:03]   click [Stop_4] 
4147.1s [10月31日（週五） 上午 10:03]   shot 182_route_game_planned.png
4147.1s [10月31日（週五） 上午 10:03]   click [DriveRoute] Drive the route
4147.8s [10月31日（週五） 上午 10:03]   shot 183_route_game_results.png
4147.8s [10月31日（週五） 上午 10:03]   click [FinishGame] Continue
4148.7s [10月31日（週五） 下午 1:33]   ok  the run is done and in the history
4148.7s [10月31日（週五） 下午 1:33]   ok  the pay was banked as revenue ($206.48 for run R2)
4148.7s [10月31日（週五） 下午 1:33]   ok  fuel was charged
4148.7s [10月31日（週五） 下午 1:33]   ok  the best route scored 100%
4149.1s [10月31日（週五） 下午 1:33]   shot 184_logistics_tab_paid.png
4149.5s [10月31日（週五） 下午 1:34]   ok  ledger balanced after the first delivery run
4153.6s [10月31日（週五） 下午 1:41]   ok  walked back outside
4162.2s [10月31日（週五） 下午 1:54]   use "捷運——港區站"
4163.1s [10月31日（週五） 下午 1:55]   shot 185_metro_riverside.png
4163.1s [10月31日（週五） 下午 1:55]   click [Go_riverside] 河濱區  ·  8 分鐘
4164.1s [10月31日（週五） 下午 2:04]   ok  took the Metro to Riverside
4173.2s [10月31日（週五） 下午 2:18]   ok  entered Riverside Tower
4173.3s [10月31日（週五） 下午 2:18]   ok  Chapter 10 started after Chapter 9
4173.3s [10月31日（週五） 下午 2:18]   ok  Year 6: the Digital Finance Boom
4173.3s [10月31日（週五） 下午 2:18] STEP Chapter 10 — the news, and Lina's escrow offer
4174.7s [10月31日（週五） 下午 2:21]   ok  walked back outside
4178.0s [10月31日（週五） 下午 2:26]   ok  entered Bloom Coffee
4179.7s [10月31日（週五） 下午 2:28]   use "Read the news board"
4180.4s [10月31日（週五） 下午 2:33]   shot 186_news_digital_rails.png
4180.8s [10月31日（週五） 下午 2:33]   ok  read the news (digital_rails)
4183.8s [10月31日（週五） 下午 2:38]   ok  walked back outside
4186.9s [10月31日（週五） 下午 2:43]   ok  entered Riverside Tower
4188.3s [10月31日（週五） 下午 2:46]   ok  walked back outside
4202.3s [10月31日（週五） 下午 3:07]   use "捷運——河濱區站"
4203.3s [10月31日（週五） 下午 3:08]   shot 187_metro_financial.png
4203.3s [10月31日（週五） 下午 3:08]   click [Go_financial] 金融區  ·  10 分鐘
4204.4s [10月31日（週五） 下午 3:20]   ok  took the Metro to Financial District
4212.0s [10月31日（週五） 下午 3:31]   ok  entered Nexus Bank
4219.3s [10月31日（週五） 下午 3:42]   use "和 Lina Zhao 說話"
4220.1s [10月31日（週五） 下午 3:42]   shot 188_lina_rails.png
4225.9s [10月31日（週五） 下午 3:42]   choose "› 有什麼但書？"
4231.7s [10月31日（週五） 下午 3:44]   ok  the '!' badge for escrow pins its card
4231.8s [10月31日（週五） 下午 3:44]   shot 189_badge_escrow_pinned.png
4232.0s [10月31日（週五） 下午 3:44]   shot 190_decision_escrow_offer.png
4232.0s [10月31日（週五） 下午 3:44]   decision escrow_offer → try
4232.0s [10月31日（週五） 下午 3:44]   click [Choice_try] 開立託管帳戶
4233.4s [10月31日（週五） 下午 3:44]   shot 191_decision_outcome_escrow_offer.png
4233.4s [10月31日（週五） 下午 3:44]   click "OK"
4233.9s [10月31日（週五） 下午 3:44]   ok  opened an escrow account
4233.9s [10月31日（週五） 下午 3:44] STEP Chapter 10 — an import paid through escrow
4236.2s [10月31日（週五） 下午 3:49]   ok  walked back outside
4242.3s [10月31日（週五） 下午 3:58]   use "捷運——金融區站"
4243.3s [10月31日（週五） 下午 3:59]   shot 192_metro_riverside.png
4243.3s [10月31日（週五） 下午 3:59]   click [Go_riverside] 河濱區  ·  10 分鐘
4244.3s [10月31日（週五） 下午 4:10]   ok  took the Metro to Riverside
4253.4s [10月31日（週五） 下午 4:24]   ok  entered Riverside Tower
4254.9s [10月31日（週五） 下午 4:26]   use "Use laptop — Company OS"
4255.6s [10月31日（週五） 下午 4:27]   click [Tab_operations] Operations
4256.3s [10月31日（週五） 下午 4:28]   click [Buy_lumina_direct_phone_stand] 購買 $864.00
4257.1s [10月31日（週五） 下午 4:29]   shot 193_settlement_escrow.png
4257.1s [10月31日（週五） 下午 4:29]   click [Settle_escrow] Pay this way
4257.8s [10月31日（週五） 下午 5:00]   toast: Riverlight Goods 咖啡 今天沒開門：吧台沒人顧。去僱一位咖啡師（人員分頁），或自己站吧台。
4257.8s [10月31日（週五） 下午 6:40]   click [Tab_finance] Finance
4258.1s [10月31日（週五） 下午 6:41]   click [Tab_operations] Operations
4263.3s [10月31日（週五） 下午 6:49]   shot 194_operations_escrow_order.png
4263.7s [10月31日（週五） 下午 6:49]   ok  import ordered through escrow
4263.9s [10月31日（週五） 下午 6:50]   use "Use laptop — Company OS"
4264.6s [10月31日（週五） 下午 6:50]   click [Tab_finance] Finance
4265.4s [10月31日（週五） 下午 6:52]   shot 195_finance_held_in_escrow.png
4273.4s [10月31日（週五） 下午 7:12]   use "Sleep"
4274.0s [10月31日（週五） 下午 7:12]   click [Sleep] Sleep until 7:00 AM
4277.7s [11月1日（週六） 上午 7:00]   shot 196_month_close_report.png
4277.7s [11月1日（週六） 上午 7:00]   click [month close] Continue
4287.0s [11月1日（週六） 上午 7:13]   use "Packing table"
4287.7s [11月1日（週六） 上午 7:15]   click [Pack] 打包 5 筆訂單（40 分鐘）
4288.6s [11月1日（週六） 上午 7:56]   click [CourierEconomy] 快遞 · 經濟 3 天（$29.10）
4289.8s [11月1日（週六） 下午 5:00]   toast: Riverlight Goods 咖啡 今天沒開門：吧台沒人顧。去僱一位咖啡師（人員分頁），或自己站吧台。
4298.7s [11月1日（週六） 下午 7:13]   use "Sleep"
4299.3s [11月1日（週六） 下午 7:13]   click [Sleep] Sleep until 7:00 AM
4310.2s [11月2日（週日） 上午 7:14]   use "Packing table"
4310.9s [11月2日（週日） 上午 7:15]   click [Pack] 打包 8 筆訂單（1 小時 4 分）
4311.8s [11月2日（週日） 上午 8:20]   click [CourierEconomy] 快遞 · 經濟 3 天（$45.82）
4321.8s [11月2日（週日） 下午 7:13]   use "Sleep"
4322.4s [11月2日（週日） 下午 7:13]   click [Sleep] Sleep until 7:00 AM
4333.4s [11月3日（週一） 上午 7:14]   use "Packing table"
4334.0s [11月3日（週一） 上午 7:15]   click [Pack] 打包 7 筆訂單（56 分鐘）
4334.9s [11月3日（週一） 上午 8:12]   click [CourierEconomy] 快遞 · 經濟 3 天（$38.34）
4336.2s [11月3日（週一） 下午 5:00]   toast: Riverlight Goods 咖啡 今天沒開門：吧台沒人顧。去僱一位咖啡師（人員分頁），或自己站吧台。
4345.0s [11月3日（週一） 下午 7:13]   use "Sleep"
4345.6s [11月3日（週一） 下午 7:13]   click [Sleep] Sleep until 7:00 AM
4356.5s [11月4日（週二） 上午 7:14]   use "Packing table"
4357.2s [11月4日（週二） 上午 7:15]   click [Pack] 打包 6 筆訂單（48 分鐘）
4358.1s [11月4日（週二） 上午 8:04]   click [CourierEconomy] 快遞 · 經濟 3 天（$36.58）
4359.3s [11月4日（週二） 下午 5:00]   toast: Riverlight Goods 咖啡 今天沒開門：吧台沒人顧。去僱一位咖啡師（人員分頁），或自己站吧台。
4368.2s [11月4日（週二） 下午 7:13]   use "Sleep"
4368.8s [11月4日（週二） 下午 7:13]   click [Sleep] Sleep until 7:00 AM
4379.7s [11月5日（週三） 上午 7:14]   use "Packing table"
4380.4s [11月5日（週三） 上午 7:15]   click [Pack] 打包 4 筆訂單（32 分鐘）
4381.3s [11月5日（週三） 上午 7:48]   click [CourierEconomy] 快遞 · 經濟 3 天（$24.48）
4382.5s [11月5日（週三） 下午 5:00]   toast: Riverlight Goods 咖啡 今天沒開門：吧台沒人顧。去僱一位咖啡師（人員分頁），或自己站吧台。
4391.3s [11月5日（週三） 下午 7:13]   use "Sleep"
4391.9s [11月5日（週三） 下午 7:13]   click [Sleep] Sleep until 7:00 AM
4394.1s [11月6日（週四） 下午 5:00]   toast: Riverlight Goods 咖啡 今天沒開門：吧台沒人顧。去僱一位咖啡師（人員分頁），或自己站吧台。
4400.6s [11月6日（週四） 下午 7:09]   use "Sleep"
4401.2s [11月6日（週四） 下午 7:09]   click [Sleep] Sleep until 7:00 AM
4403.4s [11月7日（週五） 下午 5:00]   toast: Riverlight Goods 咖啡 今天沒開門：吧台沒人顧。去僱一位咖啡師（人員分頁），或自己站吧台。
4403.6s [11月7日（週五） 下午 7:00]   use "Sleep"
4404.2s [11月7日（週五） 下午 7:00]   click [Sleep] Sleep until 7:00 AM
4406.3s [11月8日（週六） 下午 5:00]   toast: Riverlight Goods 咖啡 今天沒開門：吧台沒人顧。去僱一位咖啡師（人員分頁），或自己站吧台。
4406.6s [11月8日（週六） 下午 7:00]   use "Sleep"
4407.2s [11月8日（週六） 下午 7:00]   click [Sleep] Sleep until 7:00 AM
4409.5s [11月9日（週日） 下午 7:00]   use "Sleep"
4410.1s [11月9日（週日） 下午 7:00]   click [Sleep] Sleep until 7:00 AM
4412.3s [11月10日（週一） 下午 5:00]   toast: Riverlight Goods 咖啡 今天沒開門：吧台沒人顧。去僱一位咖啡師（人員分頁），或自己站吧台。
4412.5s [11月10日（週一） 下午 7:00]   use "Sleep"
4413.1s [11月10日（週一） 下午 7:00]   click [Sleep] Sleep until 7:00 AM
4415.2s [11月11日（週二） 下午 5:00]   toast: Riverlight Goods 咖啡 今天沒開門：吧台沒人顧。去僱一位咖啡師（人員分頁），或自己站吧台。
4415.5s [11月11日（週二） 下午 7:00]   use "Sleep"
4416.1s [11月11日（週二） 下午 7:00]   click [Sleep] Sleep until 7:00 AM
4418.2s [11月12日（週三） 下午 5:00]   toast: Riverlight Goods 咖啡 今天沒開門：吧台沒人顧。去僱一位咖啡師（人員分頁），或自己站吧台。
4418.6s [11月12日（週三） 下午 7:00]   use "Sleep"
4419.2s [11月12日（週三） 下午 7:00]   click [Sleep] Sleep until 7:00 AM
4421.4s [11月13日（週四） 上午 7:01]   ok  escrow released to the supplier on arrival
4421.4s [11月13日（週四） 上午 7:01]   ok  Chapter 10 complete
4421.4s [11月13日（週四） 上午 7:01] STEP Chapter 11 — the bridge exploit
4421.4s [11月13日（週四） 上午 7:01]   ok  Year 7: the Bridge Exploit
4424.6s [11月13日（週四） 上午 7:06]   ok  walked back outside
4428.0s [11月13日（週四） 上午 7:11]   ok  entered Bloom Coffee
4429.7s [11月13日（週四） 上午 7:14]   use "Read the news board"
4430.4s [11月13日（週四） 上午 7:19]   shot 197_news_bridge_before.png
4430.8s [11月13日（週四） 上午 7:19]   ok  read the news (bridge_before)
4433.7s [11月13日（週四） 上午 7:24]   ok  walked back outside
4436.9s [11月13日（週四） 上午 7:29]   ok  entered Riverside Tower
4438.3s [11月13日（週四） 上午 7:31]   use "Use laptop — Company OS"
4439.0s [11月13日（週四） 上午 7:32]   click [Tab_operations] Operations
4439.7s [11月13日（週四） 上午 7:33]   click [Buy_lumina_direct_phone_stand] 購買 $856.00
4440.5s [11月13日（週四） 上午 7:34]   shot 198_settlement_before_exploit.png
4440.5s [11月13日（週四） 上午 7:34]   click [Settle_escrow] Pay this way
4441.7s [11月13日（週四） 上午 7:36]   ok  restock ordered through escrow (cash $58,969)
4453.6s [11月13日（週四） 上午 7:54]   toast: 快訊：數位美元跨鏈橋遭駭。轉帳凍結，預計 11月19日 上午 7:54 前後恢復。
4455.5s [11月13日（週四） 上午 7:56]   ok  the bridge is frozen with our payment crossing it
4456.2s [11月13日（週四） 上午 7:56]   ok  the '!' badge for frozen_funds pins its card
4456.3s [11月13日（週四） 上午 7:56]   shot 199_badge_frozen_pinned.png
4456.5s [11月13日（週四） 上午 7:56]   shot 200_decision_rail_frozen.png
4456.5s [11月13日（週四） 上午 7:56]   decision rail_frozen → reroute
4456.5s [11月13日（週四） 上午 7:56]   click [Choice_reroute] 改用電匯重新付款（$890）
4457.8s [11月13日（週四） 上午 7:56]   shot 201_decision_outcome_rail_frozen.png
4457.8s [11月13日（週四） 上午 7:56]   click "OK"
4458.4s [11月13日（週四） 上午 7:56]   ok  paid again by wire
4458.6s [11月13日（週四） 上午 7:57]   use "Use laptop — Company OS"
4459.2s [11月13日（週四） 上午 7:58]   click [Tab_finance] Finance
4460.1s [11月13日（週四） 上午 7:59]   shot 202_finance_frozen_funds.png
4460.1s [11月13日（週四） 上午 7:59]   click [Tab_operations] Operations
4465.6s [11月13日（週四） 上午 8:07]   shot 203_operations_frozen_order.png
4468.8s [11月13日（週四） 上午 8:12]   ok  walked back outside
4472.1s [11月13日（週四） 上午 8:17]   ok  entered Bloom Coffee
4473.8s [11月13日（週四） 上午 8:19]   use "Read the news board"
4474.6s [11月13日（週四） 上午 8:24]   shot 204_news_bridge_frozen.png
4475.0s [11月13日（週四） 上午 8:24]   ok  read the news (bridge_frozen)
4477.9s [11月13日（週四） 上午 8:29]   ok  walked back outside
4481.2s [11月13日（週四） 上午 8:34]   ok  entered Riverside Tower
4481.4s [11月13日（週四） 下午 5:00]   toast: Riverlight Goods 咖啡 今天沒開門：吧台沒人顧。去僱一位咖啡師（人員分頁），或自己站吧台。
4483.2s [11月13日（週四） 下午 7:02]   use "Sleep"
4483.8s [11月13日（週四） 下午 7:03]   click [Sleep] Sleep until 7:00 AM
4486.0s [11月14日（週五） 下午 5:00]   toast: Riverlight Goods 咖啡 今天沒開門：吧台沒人顧。去僱一位咖啡師（人員分頁），或自己站吧台。
4486.1s [11月14日（週五） 下午 7:00]   shot 205_decision_low_cash_warning.png
4486.1s [11月14日（週五） 下午 7:00]   decision low_cash_warning → reduce
4486.1s [11月14日（週五） 下午 7:00]   click [Choice_reduce] 縮減開支（暫停廣告、生活從簡）
4487.5s [11月14日（週五） 下午 7:00]   shot 206_decision_outcome_low_cash_warning.png
4487.5s [11月14日（週五） 下午 7:00]   click "OK"
4488.2s [11月14日（週五） 下午 7:00]   use "Sleep"
4488.8s [11月14日（週五） 下午 7:00]   click [Sleep] Sleep until 7:00 AM
4490.9s [11月15日（週六） 下午 5:00]   toast: Riverlight Goods 咖啡 今天沒開門：吧台沒人顧。去僱一位咖啡師（人員分頁），或自己站吧台。
4491.2s [11月15日（週六） 下午 7:00]   use "Sleep"
4491.8s [11月15日（週六） 下午 7:00]   click [Sleep] Sleep until 7:00 AM
4494.0s [11月16日（週日） 下午 7:00]   shot 207_decision_supplier_price_increase.png
4494.0s [11月16日（週日） 下午 7:00]   decision supplier_price_increase → accept
4494.0s [11月16日（週日） 下午 7:00]   click [Choice_accept] 好。繼續跟你進貨。
4495.4s [11月16日（週日） 下午 7:00]   shot 208_decision_outcome_supplier_price_increase.png
4495.4s [11月16日（週日） 下午 7:00]   click "OK"
4496.0s [11月16日（週日） 下午 7:00]   use "Sleep"
4496.6s [11月16日（週日） 下午 7:00]   click [Sleep] Sleep until 7:00 AM
4498.8s [11月17日（週一） 下午 5:00]   toast: Riverlight Goods 咖啡 今天沒開門：吧台沒人顧。去僱一位咖啡師（人員分頁），或自己站吧台。
4499.0s [11月17日（週一） 下午 7:00]   shot 209_decision_low_cash_warning.png
4499.0s [11月17日（週一） 下午 7:00]   decision low_cash_warning → reduce
4499.0s [11月17日（週一） 下午 7:00]   click [Choice_reduce] 縮減開支（暫停廣告、生活從簡）
4500.3s [11月17日（週一） 下午 7:00]   shot 210_decision_outcome_low_cash_warning.png
4500.3s [11月17日（週一） 下午 7:00]   click "OK"
4501.0s [11月17日（週一） 下午 7:00]   use "Sleep"
4501.6s [11月17日（週一） 下午 7:00]   click [Sleep] Sleep until 7:00 AM
4503.7s [11月18日（週二） 下午 5:00]   toast: Riverlight Goods 咖啡 今天沒開門：吧台沒人顧。去僱一位咖啡師（人員分頁），或自己站吧台。
4504.0s [11月18日（週二） 下午 7:00]   use "Sleep"
4504.6s [11月18日（週二） 下午 7:00]   click [Sleep] Sleep until 7:00 AM
4506.7s [11月19日（週三） 下午 5:00]   toast: Riverlight Goods 咖啡 今天沒開門：吧台沒人顧。去僱一位咖啡師（人員分頁），或自己站吧台。
4507.0s [11月19日（週三） 下午 7:00]   use "Sleep"
4507.6s [11月19日（週三） 下午 7:00]   click [Sleep] Sleep until 7:00 AM
4509.7s [11月20日（週四） 下午 5:00]   toast: Riverlight Goods 咖啡 今天沒開門：吧台沒人顧。去僱一位咖啡師（人員分頁），或自己站吧台。
4509.9s [11月20日（週四） 下午 7:00]   shot 211_decision_low_cash_warning.png
4509.9s [11月20日（週四） 下午 7:00]   decision low_cash_warning → reduce
4509.9s [11月20日（週四） 下午 7:00]   click [Choice_reduce] 縮減開支（暫停廣告、生活從簡）
4511.2s [11月20日（週四） 下午 7:00]   shot 212_decision_outcome_low_cash_warning.png
4511.2s [11月20日（週四） 下午 7:00]   click "OK"
4511.9s [11月20日（週四） 下午 7:00]   use "Sleep"
4512.5s [11月20日（週四） 下午 7:00]   click [Sleep] Sleep until 7:00 AM
4514.7s [11月21日（週五） 下午 5:00]   toast: Riverlight Goods 咖啡 今天沒開門：吧台沒人顧。去僱一位咖啡師（人員分頁），或自己站吧台。
4514.9s [11月21日（週五） 下午 7:00]   use "Sleep"
4515.5s [11月21日（週五） 下午 7:00]   click [Sleep] Sleep until 7:00 AM
4517.7s [11月22日（週六） 下午 5:00]   toast: Riverlight Goods 咖啡 今天沒開門：吧台沒人顧。去僱一位咖啡師（人員分頁），或自己站吧台。
4517.9s [11月22日（週六） 下午 7:00]   use "Sleep"
4518.5s [11月22日（週六） 下午 7:00]   click [Sleep] Sleep until 7:00 AM
4520.8s [11月23日（週日） 下午 7:00]   shot 213_decision_low_cash_warning.png
4520.8s [11月23日（週日） 下午 7:00]   decision low_cash_warning → reduce
4520.8s [11月23日（週日） 下午 7:00]   click [Choice_reduce] 縮減開支（暫停廣告、生活從簡）
4522.2s [11月23日（週日） 下午 7:00]   shot 214_decision_outcome_low_cash_warning.png
4522.2s [11月23日（週日） 下午 7:00]   click "OK"
4522.8s [11月23日（週日） 下午 7:00]   use "Sleep"
4523.4s [11月23日（週日） 下午 7:00]   click [Sleep] Sleep until 7:00 AM
4525.6s [11月24日（週一） 下午 5:00]   toast: Riverlight Goods 咖啡 今天沒開門：吧台沒人顧。去僱一位咖啡師（人員分頁），或自己站吧台。
4525.8s [11月24日（週一） 下午 7:00]   use "Sleep"
4526.4s [11月24日（週一） 下午 7:00]   click [Sleep] Sleep until 7:00 AM
4528.6s [11月25日（週二） 下午 5:00]   toast: Riverlight Goods 咖啡 今天沒開門：吧台沒人顧。去僱一位咖啡師（人員分頁），或自己站吧台。
4528.8s [11月25日（週二） 下午 7:00]   use "Sleep"
4529.4s [11月25日（週二） 下午 7:00]   click [Sleep] Sleep until 7:00 AM
4531.5s [11月26日（週三） 下午 5:00]   toast: Riverlight Goods 咖啡 今天沒開門：吧台沒人顧。去僱一位咖啡師（人員分頁），或自己站吧台。
4531.7s [11月26日（週三） 下午 7:00]   shot 215_decision_low_cash_warning.png
4531.7s [11月26日（週三） 下午 7:00]   decision low_cash_warning → reduce
4531.7s [11月26日（週三） 下午 7:00]   click [Choice_reduce] 縮減開支（暫停廣告、生活從簡）
4533.0s [11月26日（週三） 下午 7:00]   shot 216_decision_outcome_low_cash_warning.png
4533.0s [11月26日（週三） 下午 7:00]   click "OK"
4533.7s [11月26日（週三） 下午 7:00]   use "Sleep"
4534.3s [11月26日（週三） 下午 7:00]   click [Sleep] Sleep until 7:00 AM
4536.4s [11月27日（週四） 下午 5:00]   toast: Riverlight Goods 咖啡 今天沒開門：吧台沒人顧。去僱一位咖啡師（人員分頁），或自己站吧台。
4536.7s [11月27日（週四） 下午 7:00]   use "Sleep"
4537.3s [11月27日（週四） 下午 7:00]   click [Sleep] Sleep until 7:00 AM
4539.4s [11月28日（週五） 下午 5:00]   toast: Riverlight Goods 咖啡 今天沒開門：吧台沒人顧。去僱一位咖啡師（人員分頁），或自己站吧台。
4539.7s [11月28日（週五） 下午 7:00]   use "Sleep"
4540.3s [11月28日（週五） 下午 7:00]   click [Sleep] Sleep until 7:00 AM
4542.4s [11月29日（週六） 下午 5:00]   toast: Riverlight Goods 咖啡 今天沒開門：吧台沒人顧。去僱一位咖啡師（人員分頁），或自己站吧台。
4543.0s [11月29日（週六） 下午 7:00]   shot 217_decision_low_cash_warning.png
4543.0s [11月29日（週六） 下午 7:00]   decision low_cash_warning → reduce
4543.0s [11月29日（週六） 下午 7:00]   click [Choice_reduce] 縮減開支（暫停廣告、生活從簡）
4544.5s [11月29日（週六） 下午 7:00]   shot 218_decision_outcome_low_cash_warning.png
4544.5s [11月29日（週六） 下午 7:00]   click "OK"
4545.2s [11月29日（週六） 下午 7:00]   use "Sleep"
4545.8s [11月29日（週六） 下午 7:00]   click [Sleep] Sleep until 7:00 AM
4547.9s [11月30日（週日） 上午 7:01]   ok  the bridge reopened
4547.9s [11月30日（週日） 上午 7:01]   ok  frozen funds settled
4547.9s [11月30日（週日） 上午 7:01]   ok  Chapter 11 complete: through the freeze and restocked
4547.9s [11月30日（週日） 上午 7:01] STEP Chapter 12 — the regulation wave: the import licence
4547.9s [11月30日（週日） 上午 7:01]   ok  Year 8: the Regulation Wave
4551.2s [11月30日（週日） 上午 7:06]   ok  walked back outside
4554.5s [11月30日（週日） 上午 7:11]   ok  entered Bloom Coffee
4556.2s [11月30日（週日） 上午 7:14]   use "Read the news board"
4556.9s [11月30日（週日） 上午 7:19]   shot 219_news_regulation.png
4557.3s [11月30日（週日） 上午 7:19]   ok  read the news (regulation)
4560.3s [11月30日（週日） 上午 7:24]   ok  walked back outside
4563.4s [11月30日（週日） 上午 7:29]   ok  entered Riverside Tower
4563.5s [11月30日（週日） 上午 7:29]   (harness) wait 2 h
4564.2s [11月30日（週日） 上午 9:30]   (harness) wait 2 h
4565.0s [11月30日（週日） 上午 11:31]   (harness) wait 2 h
4565.7s [11月30日（週日） 下午 1:32]   (harness) wait 2 h
4566.5s [11月30日（週日） 下午 3:33]   (harness) wait 2 h
4567.2s [11月30日（週日） 下午 5:35]   (harness) wait 2 h
4569.9s [11月30日（週日） 下午 7:39]   use "Sleep"
4570.5s [11月30日（週日） 下午 7:39]   click [Sleep] Sleep until 7:00 AM
4574.1s [12月1日（週一） 上午 7:00]   shot 220_month_close_report.png
4574.1s [12月1日（週一） 上午 7:00]   click [month close] Continue
4574.7s [12月1日（週一） 上午 7:00]   (harness) wait 2 h
4578.5s [12月1日（週一） 上午 9:07]   ok  walked back outside
4592.5s [12月1日（週一） 上午 9:28]   use "捷運——河濱區站"
4593.6s [12月1日（週一） 上午 9:29]   shot 221_metro_civic_center.png
4593.6s [12月1日（週一） 上午 9:29]   click [Go_civic_center] 市政中心  ·  12 分鐘
4594.6s [12月1日（週一） 上午 9:43]   ok  took the Metro to Civic Center
4601.7s [12月1日（週一） 上午 9:53]   ok  entered Aurelia City Hall
4603.5s [12月1日（週一） 上午 9:56]   use "Permits & regulations"
4604.2s [12月1日（週一） 上午 9:57]   shot 222_permits_import_licence.png
4604.8s [12月1日（週一） 上午 9:58]   ok  the '!' badge for company_registration pins its card
4604.9s [12月1日（週一） 上午 9:58]   shot 223_badge_licence_pinned.png
4605.0s [12月1日（週一） 上午 9:58]   click [ApplyImportLicence] 申請（$450）
4605.7s [12月1日（週一） 上午 10:19]   shot 224_permits_licence_processing.png
4606.0s [12月1日（週一） 上午 10:20]   ok  import licence applied for
4609.1s [12月1日（週一） 上午 10:25]   ok  walked back outside
4614.7s [12月1日（週一） 上午 10:33]   use "捷運——市政中心站"
4615.6s [12月1日（週一） 上午 10:35]   shot 225_metro_riverside.png
4615.6s [12月1日（週一） 上午 10:35]   click [Go_riverside] 河濱區  ·  12 分鐘
4616.6s [12月1日（週一） 上午 10:48]   ok  took the Metro to Riverside
4625.8s [12月1日（週一） 上午 11:02]   ok  entered Riverside Tower
4625.9s [12月1日（週一） 下午 5:00]   toast: Riverlight Goods 咖啡 今天沒開門：吧台沒人顧。去僱一位咖啡師（人員分頁），或自己站吧台。
4627.7s [12月1日（週一） 下午 7:02]   use "Sleep"
4628.3s [12月1日（週一） 下午 7:02]   click [Sleep] Sleep until 7:00 AM
4630.5s [12月2日（週二） 下午 5:00]   toast: Riverlight Goods 咖啡 今天沒開門：吧台沒人顧。去僱一位咖啡師（人員分頁），或自己站吧台。
4630.7s [12月2日（週二） 下午 7:00]   shot 226_decision_low_cash_warning.png
4630.7s [12月2日（週二） 下午 7:00]   decision low_cash_warning → reduce
4630.7s [12月2日（週二） 下午 7:00]   click [Choice_reduce] 縮減開支（暫停廣告、生活從簡）
4632.1s [12月2日（週二） 下午 7:00]   shot 227_decision_outcome_low_cash_warning.png
4632.1s [12月2日（週二） 下午 7:00]   click "OK"
4632.7s [12月2日（週二） 下午 7:00]   use "Sleep"
4633.3s [12月2日（週二） 下午 7:00]   click [Sleep] Sleep until 7:00 AM
4635.5s [12月3日（週三） 下午 5:00]   toast: Riverlight Goods 咖啡 今天沒開門：吧台沒人顧。去僱一位咖啡師（人員分頁），或自己站吧台。
4635.7s [12月3日（週三） 下午 7:00]   use "Sleep"
4636.3s [12月3日（週三） 下午 7:00]   click [Sleep] Sleep until 7:00 AM
4638.5s [12月4日（週四） 上午 7:01]   ok  import licence granted
4638.5s [12月4日（週四） 上午 7:01] STEP Chapter 12 — a large import goes through KYC
4639.8s [12月4日（週四） 上午 7:03]   use "Use laptop — Company OS"
4640.4s [12月4日（週四） 上午 7:04]   click [Tab_operations] Operations
4641.1s [12月4日（週四） 上午 7:05]   click [DeliverTo_riverside_studio] 河濱大樓 7C
4641.7s [12月4日（週四） 上午 7:06]   click [Buy_lumina_direct_wireless_earbuds] 購買 $2,692.00
4642.5s [12月4日（週四） 上午 7:07]   shot 228_settlement_kyc.png
4642.5s [12月4日（週四） 上午 7:07]   click [Settle_letter_of_credit] Pay this way
4643.6s [12月4日（週四） 上午 7:08]   ok  the large payment carries a KYC check
4643.8s [12月4日（週四） 下午 5:00]   toast: Riverlight Goods 咖啡 今天沒開門：吧台沒人顧。去僱一位咖啡師（人員分頁），或自己站吧台。
4651.0s [12月4日（週四） 下午 7:11]   use "Sleep"
4651.6s [12月4日（週四） 下午 7:11]   click [Sleep] Sleep until 7:00 AM
4654.0s [12月5日（週五） 下午 5:00]   toast: Riverlight Goods 咖啡 今天沒開門：吧台沒人顧。去僱一位咖啡師（人員分頁），或自己站吧台。
4654.2s [12月5日（週五） 下午 7:00]   shot 229_decision_low_cash_warning.png
4654.2s [12月5日（週五） 下午 7:00]   decision low_cash_warning → reduce
4654.2s [12月5日（週五） 下午 7:00]   click [Choice_reduce] 縮減開支（暫停廣告、生活從簡）
4655.6s [12月5日（週五） 下午 7:00]   shot 230_decision_outcome_low_cash_warning.png
4655.6s [12月5日（週五） 下午 7:00]   click "OK"
4656.1s [12月5日（週五） 下午 7:00]   shot 231_decision_supplier_price_increase.png
4656.1s [12月5日（週五） 下午 7:00]   decision supplier_price_increase → accept
4656.1s [12月5日（週五） 下午 7:00]   click [Choice_accept] 好。繼續跟你進貨。
4657.5s [12月5日（週五） 下午 7:00]   shot 232_decision_outcome_supplier_price_increase.png
4657.5s [12月5日（週五） 下午 7:00]   click "OK"
4658.1s [12月5日（週五） 下午 7:00]   use "Sleep"
4658.7s [12月5日（週五） 下午 7:00]   click [Sleep] Sleep until 7:00 AM
4660.9s [12月6日（週六） 下午 5:00]   toast: Riverlight Goods 咖啡 今天沒開門：吧台沒人顧。去僱一位咖啡師（人員分頁），或自己站吧台。
4661.2s [12月6日（週六） 下午 7:00]   use "Sleep"
4661.8s [12月6日（週六） 下午 7:00]   click [Sleep] Sleep until 7:00 AM
4664.1s [12月7日（週日） 下午 7:00]   use "Sleep"
4664.7s [12月7日（週日） 下午 7:00]   click [Sleep] Sleep until 7:00 AM
4666.9s [12月8日（週一） 上午 7:01]   ok  KYC cleared
4668.0s [12月8日（週一） 上午 7:02]   use "Use laptop — Company OS"
4668.7s [12月8日（週一） 上午 7:03]   click [Tab_finance] Finance
4669.5s [12月8日（週一） 上午 7:05]   shot 233_finance_compliance_cost.png
4669.8s [12月8日（週一） 上午 7:05] STEP Chapter 12 — Victor Hale's offer
4669.9s [12月8日（週一） 上午 7:05]   (harness) wait 2 h
4670.6s [12月8日（週一） 上午 9:05]   shot 234_decision_low_cash_warning.png
4670.6s [12月8日（週一） 上午 9:05]   decision low_cash_warning → reduce
4670.6s [12月8日（週一） 上午 9:05]   click [Choice_reduce] 縮減開支（暫停廣告、生活從簡）
4671.9s [12月8日（週一） 上午 9:05]   shot 235_decision_outcome_low_cash_warning.png
4671.9s [12月8日（週一） 上午 9:05]   click "OK"
4672.5s [12月8日（週一） 上午 9:05]   (harness) wait 2 h
4676.1s [12月8日（週一） 上午 11:11]   ok  walked back outside
4690.0s [12月8日（週一） 上午 11:32]   use "捷運——河濱區站"
4691.1s [12月8日（週一） 上午 11:34]   shot 236_metro_shopping_street.png
4691.1s [12月8日（週一） 上午 11:34]   click [Go_shopping_street] 購物街  ·  15 分鐘
4692.1s [12月8日（週一） 上午 11:50]   ok  took the Metro to Shopping Street
4701.1s [12月8日（週一） 下午 12:03]   ok  entered Crestline Flagship
4701.7s [12月8日（週一） 下午 12:04]   use "和 Victor Hale 說話"
4702.6s [12月8日（週一） 下午 12:04]   shot 237_victor_offer.png
4710.2s [12月8日（週一） 下午 12:06]   ok  the '!' badge for valuation pins its card
4710.3s [12月8日（週一） 下午 12:06]   shot 238_badge_valuation_pinned.png
4710.5s [12月8日（週一） 下午 12:06]   shot 239_decision_acquisition_offer.png
4710.5s [12月8日（週一） 下午 12:06]   decision acquisition_offer → counter
4710.5s [12月8日（週一） 下午 12:06]   click [Choice_counter] 還價：開價 $98,959
4712.3s [12月8日（週一） 下午 12:06]   shot 240_decision_outcome_acquisition_offer.png
4712.3s [12月8日（週一） 下午 12:06]   click "OK"
4712.8s [12月8日（週一） 下午 12:06]   ok  countered Hale Group's offer
4714.2s [12月8日（週一） 下午 12:08]   shot 241_ending_card.png
4717.1s [12月8日（週一） 下午 12:12]   ok  Chapter 12 complete
4717.1s [12月8日（週一） 下午 12:12]   ok  the main story is complete
4717.1s [12月8日（週一） 下午 12:12]   ok  season two continues after Chapter 12
4717.1s [12月8日（週一） 下午 12:12]   ok  ledger balanced after chapters 10–12
4718.9s [12月8日（週一） 下午 12:16]   ok  walked back outside
4726.2s [12月8日（週一） 下午 12:27]   use "捷運——購物街站"
4727.3s [12月8日（週一） 下午 12:28]   shot 242_metro_riverside.png
4727.3s [12月8日（週一） 下午 12:28]   click [Go_riverside] 河濱區  ·  15 分鐘
4728.3s [12月8日（週一） 下午 12:45]   ok  took the Metro to Riverside
4737.4s [12月8日（週一） 下午 12:58]   ok  entered Riverside Tower
4745.5s [12月8日（週一） 下午 1:10] STEP Chapter 13 — Year 9 news and Marcus's international banking explanation
4746.9s [12月8日（週一） 下午 1:13]   ok  walked back outside
4750.2s [12月8日（週一） 下午 1:18]   ok  entered Bloom Coffee
4751.9s [12月8日（週一） 下午 1:20]   use "Read the news board"
4752.8s [12月8日（週一） 下午 1:25]   shot 243_news_global_markets.png
4753.2s [12月8日（週一） 下午 1:25]   ok  read the news (global_markets)
4756.2s [12月8日（週一） 下午 1:30]   ok  walked back outside
4759.4s [12月8日（週一） 下午 1:35]   ok  entered Riverside Tower
4760.8s [12月8日（週一） 下午 1:38]   ok  walked back outside
4774.7s [12月8日（週一） 下午 1:59]   use "捷運——河濱區站"
4776.0s [12月8日（週一） 下午 2:00]   shot 244_metro_financial.png
4776.0s [12月8日（週一） 下午 2:00]   click [Go_financial] 金融區  ·  10 分鐘
4777.1s [12月8日（週一） 下午 2:11]   ok  took the Metro to Financial District
4784.7s [12月8日（週一） 下午 2:23]   ok  entered Nexus Bank
4786.4s [12月8日（週一） 下午 2:25]   use "和 Marcus Reed 說話"
4788.5s [12月8日（週一） 下午 2:25]   choose "› 我會在每週撥款後換匯。"
4790.2s [12月8日（週一） 下午 2:26]   click [OpenInternationalAccount] 開立國際帳戶（$150.00）
4790.6s [12月8日（週一） 下午 2:56]   shot 245_ch13_international_account.png
4796.8s [12月8日（週一） 下午 3:06]   ok  walked back outside
4802.9s [12月8日（週一） 下午 3:15]   use "捷運——金融區站"
4804.0s [12月8日（週一） 下午 3:17]   shot 246_metro_riverside.png
4804.0s [12月8日（週一） 下午 3:17]   click [Go_riverside] 河濱區  ·  10 分鐘
4805.1s [12月8日（週一） 下午 3:28]   ok  took the Metro to Riverside
4814.2s [12月8日（週一） 下午 3:41]   ok  entered Riverside Tower
4814.2s [12月8日（週一） 下午 3:41] STEP Chapter 13 — Northridge price and first export
4815.7s [12月8日（週一） 下午 3:44]   use "Use laptop — Company OS"
4816.5s [12月8日（週一） 下午 3:45]   click [Tab_sales] Ecommerce
4817.1s [12月8日（週一） 下午 3:46]   click [SalesPage_overseas] Overseas
4817.3s [12月8日（週一） 下午 3:46]   click [OpenGlobalStore_northridge] Open storefront
4818.1s [12月8日（週一） 下午 3:47]   use "Use laptop — Company OS"
4818.9s [12月8日（週一） 下午 3:48]   click [Tab_operations] Operations
4820.3s [12月8日（週一） 下午 3:50]   click [DeliverTo_riverside_studio] 河濱大樓 7C
4821.6s [12月8日（週一） 下午 3:52]   click [Buy_tradelink_wholesale_phone_stand] 購買 $277.60
4823.2s [12月8日（週一） 下午 4:05]   click [Buy_tradelink_wholesale_phone_stand] 購買 $277.60
4824.6s [12月8日（週一） 下午 4:17]   click [Buy_tradelink_wholesale_phone_stand] 購買 $277.60
4826.0s [12月8日（週一） 下午 4:29]   click [Buy_tradelink_wholesale_phone_stand] 購買 $277.60
4827.3s [12月8日（週一） 下午 5:00]   toast: Riverlight Goods 咖啡 今天沒開門：吧台沒人顧。去僱一位咖啡師（人員分頁），或自己站吧台。
4835.3s [12月8日（週一） 下午 7:11]   use "Sleep"
4836.0s [12月8日（週一） 下午 7:11]   click [Sleep] Sleep until 7:00 AM
4841.6s [12月9日（週二） 下午 5:00]   toast: Riverlight Goods 咖啡 今天沒開門：吧台沒人顧。去僱一位咖啡師（人員分頁），或自己站吧台。
4842.3s [12月9日（週二） 下午 7:00]   use "Sleep"
4843.0s [12月9日（週二） 下午 7:00]   click [Sleep] Sleep until 7:00 AM
4848.6s [12月10日（週三） 下午 5:00]   toast: Riverlight Goods 咖啡 今天沒開門：吧台沒人顧。去僱一位咖啡師（人員分頁），或自己站吧台。
4849.3s [12月10日（週三） 下午 7:00]   use "Sleep"
4850.0s [12月10日（週三） 下午 7:00]   click [Sleep] Sleep until 7:00 AM
4855.8s [12月11日（週四） 下午 5:00]   toast: Riverlight Goods 咖啡 今天沒開門：吧台沒人顧。去僱一位咖啡師（人員分頁），或自己站吧台。
4856.5s [12月11日（週四） 下午 7:00]   use "Sleep"
4857.1s [12月11日（週四） 下午 7:00]   click [Sleep] Sleep until 7:00 AM
4862.8s [12月12日（週五） 下午 5:00]   toast: Riverlight Goods 咖啡 今天沒開門：吧台沒人顧。去僱一位咖啡師（人員分頁），或自己站吧台。
4863.5s [12月12日（週五） 下午 7:00]   use "Sleep"
4864.1s [12月12日（週五） 下午 7:00]   click [Sleep] Sleep until 7:00 AM
4869.7s [12月13日（週六） 下午 5:00]   toast: Riverlight Goods 咖啡 今天沒開門：吧台沒人顧。去僱一位咖啡師（人員分頁），或自己站吧台。
4876.8s [12月13日（週六） 下午 7:10]   use "Sleep"
4877.5s [12月13日（週六） 下午 7:10]   click [Sleep] Sleep until 7:00 AM
4883.9s [12月14日（週日） 下午 7:00]   use "Sleep"
4884.6s [12月14日（週日） 下午 7:00]   click [Sleep] Sleep until 7:00 AM
4890.1s [12月15日（週一） 下午 5:00]   toast: Riverlight Goods 咖啡 今天沒開門：吧台沒人顧。去僱一位咖啡師（人員分頁），或自己站吧台。
4890.8s [12月15日（週一） 下午 7:00]   use "Sleep"
4891.5s [12月15日（週一） 下午 7:00]   click [Sleep] Sleep until 7:00 AM
4895.6s [12月16日（週二） 上午 7:01] FAIL export restock could not fund or fit the real home purchase
4899.6s [12月16日（週二） 上午 7:07] STEP Chapter 15 — currency briefing and real bank hedge
4902.9s [12月16日（週二） 上午 7:12]   ok  walked back outside
4906.2s [12月16日（週二） 上午 7:17]   ok  entered Bloom Coffee
4908.0s [12月16日（週二） 上午 7:20]   use "Read the news board"
4908.8s [12月16日（週二） 上午 7:25]   shot 247_news_fx_risk.png
4909.2s [12月16日（週二） 上午 7:25]   ok  read the news (fx_risk)
4912.2s [12月16日（週二） 上午 7:30]   ok  walked back outside
4915.3s [12月16日（週二） 上午 7:35]   ok  entered Riverside Tower
4915.4s [12月16日（週二） 上午 7:35]   (harness) wait 2 h
4916.2s [12月16日（週二） 上午 9:35]   (harness) wait 2 h
4916.9s [12月16日（週二） 上午 11:36]   (harness) wait 2 h
4919.0s [12月16日（週二） 下午 1:39]   ok  walked back outside
4933.1s [12月16日（週二） 下午 2:00]   use "捷運——河濱區站"
4934.2s [12月16日（週二） 下午 2:02]   shot 248_metro_financial.png
4934.2s [12月16日（週二） 下午 2:02]   click [Go_financial] 金融區  ·  10 分鐘
4935.3s [12月16日（週二） 下午 2:13]   ok  took the Metro to Financial District
4942.9s [12月16日（週二） 下午 2:24]   ok  entered Nexus Bank
4944.6s [12月16日（週二） 下午 2:27]   use "和 Marcus Reed 說話"
4947.7s [12月16日（週二） 下午 2:27]   choose "› 讓我看看你能借多少。"
4955.0s [12月16日（週二） 下午 2:27] FAIL button 'BankFXRisk' not found
4955.0s [12月16日（週二） 下午 2:27]       diag: modal=Control:LoanModal dialogue=false phone=false
4955.0s [12月16日（週二） 下午 2:27]   shot 249_ch15_forward_quote.png
4960.1s [12月16日（週二） 下午 2:27] FAIL button 'ChooseHomeInvoices' not found
4960.1s [12月16日（週二） 下午 2:27]       diag: modal=Control:LoanModal dialogue=false phone=false
4960.1s [12月16日（週二） 下午 2:27] FAIL native risk response recorded
4966.4s [12月16日（週二） 下午 2:37]   ok  walked back outside
4972.5s [12月16日（週二） 下午 2:46]   use "捷運——金融區站"
4973.7s [12月16日（週二） 下午 2:47]   shot 250_metro_riverside.png
4973.7s [12月16日（週二） 下午 2:47]   click [Go_riverside] 河濱區  ·  10 分鐘
4974.8s [12月16日（週二） 下午 2:59]   ok  took the Metro to Riverside
4984.1s [12月16日（週二） 下午 3:12]   ok  entered Riverside Tower
4984.5s [12月16日（週二） 下午 5:00]   toast: Riverlight Goods 咖啡 今天沒開門：吧台沒人顧。去僱一位咖啡師（人員分頁），或自己站吧台。
4986.8s [12月16日（週二） 下午 7:03]   use "Sleep"
4987.5s [12月16日（週二） 下午 7:03]   click [Sleep] Sleep until 7:00 AM
4993.1s [12月17日（週三） 下午 5:00]   toast: Riverlight Goods 咖啡 今天沒開門：吧台沒人顧。去僱一位咖啡師（人員分頁），或自己站吧台。
4993.9s [12月17日（週三） 下午 7:00]   use "Sleep"
4994.6s [12月17日（週三） 下午 7:00]   click [Sleep] Sleep until 7:00 AM
5000.4s [12月18日（週四） 下午 5:00]   toast: Riverlight Goods 咖啡 今天沒開門：吧台沒人顧。去僱一位咖啡師（人員分頁），或自己站吧台。
5001.1s [12月18日（週四） 下午 7:00]   use "Sleep"
5001.8s [12月18日（週四） 下午 7:00]   click [Sleep] Sleep until 7:00 AM
5007.4s [12月19日（週五） 下午 5:00]   toast: Riverlight Goods 咖啡 今天沒開門：吧台沒人顧。去僱一位咖啡師（人員分頁），或自己站吧台。
5008.1s [12月19日（週五） 下午 7:00]   use "Sleep"
5008.8s [12月19日（週五） 下午 7:00]   click [Sleep] Sleep until 7:00 AM
5022.1s [12月20日（週六） 上午 7:14]   use "Packing table"
5022.9s [12月20日（週六） 上午 7:15]   click [Pack] 打包 5 筆訂單（40 分鐘）
5023.8s [12月20日（週六） 上午 7:56]   click [CourierEconomy] 快遞 · 經濟 3 天（$29.10）
