Godot Engine v4.5.1.stable.official.f62fdbde1 - https://godotengine.org
OpenGL API 3.3.0 NVIDIA 462.59 - Compatibility - Using Device: NVIDIA - Quadro RTX 4000

   0.0s STEP resume_ch13: genuine automatic checkpoint; existing cash, stock and operating history
   0.6s [12月9日（週二） 上午 7:00]   ok  genuine chapter13 checkpoint loaded
   9.6s [12月9日（週二） 上午 7:12] STEP Chapter 13 — Year 9 news and Marcus's international banking explanation
  13.8s [12月9日（週二） 上午 7:18]   ok  walked back outside
  17.2s [12月9日（週二） 上午 7:23]   ok  entered Bloom Coffee
  18.9s [12月9日（週二） 上午 7:25]   use "Read the news board"
  19.8s [12月9日（週二） 上午 7:30]   shot 01_news_global_markets.png
  20.1s [12月9日（週二） 上午 7:30]   ok  read the news (global_markets)
  23.1s [12月9日（週二） 上午 7:35]   ok  walked back outside
  26.3s [12月9日（週二） 上午 7:40]   ok  entered Riverside Tower
  26.4s [12月9日（週二） 上午 7:40]   (harness) wait 2 h
  27.1s [12月9日（週二） 上午 9:40]   (harness) wait 2 h
  27.9s [12月9日（週二） 上午 11:41]   (harness) wait 2 h
  30.0s [12月9日（週二） 下午 1:44]   ok  walked back outside
  44.2s [12月9日（週二） 下午 2:05]   use "捷運——河濱區站"
  45.3s [12月9日（週二） 下午 2:07]   shot 02_metro_financial.png
  45.3s [12月9日（週二） 下午 2:07]   click [Go_financial] 金融區  ·  10 分鐘
  46.6s [12月9日（週二） 下午 2:18]   ok  took the Metro to Financial District
  54.5s [12月9日（週二） 下午 2:29]   ok  entered Nexus Bank
  56.2s [12月9日（週二） 下午 2:32]   use "和 Marcus Reed 說話"
  59.3s [12月9日（週二） 下午 2:32]   choose "› 讓我看看你能借多少。"
  61.6s [12月9日（週二） 下午 2:32]   shot 03_ch13_international_account.png
  67.5s [12月9日（週二） 下午 2:41]   ok  walked back outside
  73.7s [12月9日（週二） 下午 2:50]   use "捷運——金融區站"
  74.8s [12月9日（週二） 下午 2:52]   shot 04_metro_riverside.png
  74.8s [12月9日（週二） 下午 2:52]   click [Go_riverside] 河濱區  ·  10 分鐘
  76.0s [12月9日（週二） 下午 3:03]   ok  took the Metro to Riverside
  85.2s [12月9日（週二） 下午 3:17]   ok  entered Riverside Tower
  85.2s [12月9日（週二） 下午 3:17] STEP Chapter 13 — Northridge price and first export
  86.6s [12月9日（週二） 下午 3:19]   use "Use laptop — Company OS"
  87.5s [12月9日（週二） 下午 3:20]   click [Tab_sales] Ecommerce
  88.2s [12月9日（週二） 下午 3:21]   click [SalesPage_overseas] Overseas
  89.0s [12月9日（週二） 下午 3:22]   use "Use laptop — Company OS"
  89.8s [12月9日（週二） 下午 3:23]   click [Tab_operations] Operations
  91.3s [12月9日（週二） 下午 3:26]   click [DeliverTo_riverside_studio] 河濱大樓 7C
  92.5s [12月9日（週二） 下午 3:28]   click [Buy_tradelink_wholesale_desk_lamp] 購買 $469.20
  94.0s [12月9日（週二） 下午 5:00]   toast: Riverlight Goods 咖啡 今天沒開門：吧台沒人顧。去僱一位咖啡師（人員分頁），或自己站吧台。
 102.1s [12月9日（週二） 下午 7:11]   use "Sleep"
 102.8s [12月9日（週二） 下午 7:11]   click [Sleep] Sleep until 7:00 AM
 108.6s [12月10日（週三） 下午 5:00]   toast: Riverlight Goods 咖啡 今天沒開門：吧台沒人顧。去僱一位咖啡師（人員分頁），或自己站吧台。
 109.3s [12月10日（週三） 下午 7:00]   use "Sleep"
 110.0s [12月10日（週三） 下午 7:00]   click [Sleep] Sleep until 7:00 AM
 115.7s [12月11日（週四） 下午 5:00]   toast: Riverlight Goods 咖啡 今天沒開門：吧台沒人顧。去僱一位咖啡師（人員分頁），或自己站吧台。
 116.5s [12月11日（週四） 下午 7:00]   use "Sleep"
 117.3s [12月11日（週四） 下午 7:00]   click [Sleep] Sleep until 7:00 AM
 130.4s [12月12日（週五） 上午 7:14]   use "Packing table"
 131.2s [12月12日（週五） 上午 7:15]   shot 05_packing_table.png
 131.2s [12月12日（週五） 上午 7:15]   click [Pack] 打包 3 筆訂單（24 分鐘）
 132.1s [12月12日（週五） 上午 7:40]   click [CourierEconomy] 快遞 · 經濟 3 天（$28.44）
 133.2s [12月12日（週五） 上午 7:42]   ok  real purchase supplies upcoming export or distributor shipment
 134.8s [12月12日（週五） 上午 7:45]   use "Use laptop — Company OS"
 135.6s [12月12日（週五） 上午 7:46]   click [Tab_sales] Ecommerce
 137.0s [12月12日（週五） 上午 7:48]   click [SalesPage_overseas] Overseas
 138.5s [12月12日（週五） 上午 7:50]   click [SaveGlobalPrice_L4] Save local price
 139.4s [12月12日（週五） 上午 7:51]   ok  selected export listing really has a saved price
 139.4s [12月12日（週五） 上午 7:51]   shot 06_ch13_storefront.png
 141.4s [12月12日（週五） 下午 5:00]   toast: Riverlight Goods 咖啡 今天沒開門：吧台沒人顧。去僱一位咖啡師（人員分頁），或自己站吧台。
 149.6s [12月12日（週五） 下午 7:11]   use "Sleep"
 150.3s [12月12日（週五） 下午 7:11]   click [Sleep] Sleep until 7:00 AM
 163.2s [12月13日（週六） 上午 7:14]   use "Packing table"
 164.1s [12月13日（週六） 上午 7:15]   click [Pack] 打包 7 筆訂單（56 分鐘）
 165.3s [12月13日（週六） 上午 8:12]   click [CourierEconomy] 經濟快遞／國際 7–14 天（$94.00）
 167.9s [12月13日（週六） 下午 5:00]   toast: Riverlight Goods 咖啡 今天沒開門：吧台沒人顧。去僱一位咖啡師（人員分頁），或自己站吧台。
 177.4s [12月13日（週六） 下午 7:13]   use "Sleep"
 178.1s [12月13日（週六） 下午 7:13]   click [Sleep] Sleep until 7:00 AM
 191.0s [12月14日（週日） 上午 7:14]   use "Packing table"
 191.8s [12月14日（週日） 上午 7:15]   click [Pack] 打包 14 筆訂單（1 小時 52 分）
 193.2s [12月14日（週日） 上午 9:08]   click [CourierEconomy] 經濟快遞／國際 7–14 天（$193.88）
 205.0s [12月14日（週日） 下午 7:13]   use "Sleep"
 205.7s [12月14日（週日） 下午 7:13]   click [Sleep] Sleep until 7:00 AM
 218.6s [12月15日（週一） 上午 7:14]   use "Packing table"
 219.4s [12月15日（週一） 上午 7:15]   click [Pack] 打包 13 筆訂單（1 小時 44 分）
 220.6s [12月15日（週一） 上午 9:00]   click [CourierEconomy] 經濟快遞／國際 7–14 天（$222.04）
 223.1s [12月15日（週一） 下午 5:00]   toast: Riverlight Goods 咖啡 今天沒開門：吧台沒人顧。去僱一位咖啡師（人員分頁），或自己站吧台。
 232.4s [12月15日（週一） 下午 7:13]   use "Sleep"
 233.1s [12月15日（週一） 下午 7:13]   click [Sleep] Sleep until 7:00 AM
 246.0s [12月16日（週二） 上午 7:14]   use "Packing table"
 246.8s [12月16日（週二） 上午 7:15]   click [Pack] 打包 3 筆訂單（24 分鐘）
 247.7s [12月16日（週二） 上午 7:40]   click [CourierEconomy] 經濟快遞／國際 7–14 天（$52.20）
 250.5s [12月16日（週二） 下午 5:00]   toast: Riverlight Goods 咖啡 今天沒開門：吧台沒人顧。去僱一位咖啡師（人員分頁），或自己站吧台。
 259.9s [12月16日（週二） 下午 7:13]   use "Sleep"
 260.6s [12月16日（週二） 下午 7:13]   click [Sleep] Sleep until 7:00 AM
 266.3s [12月17日（週三） 下午 5:00]   toast: Riverlight Goods 咖啡 今天沒開門：吧台沒人顧。去僱一位咖啡師（人員分頁），或自己站吧台。
 273.3s [12月17日（週三） 下午 7:09]   use "Sleep"
 274.0s [12月17日（週三） 下午 7:09]   click [Sleep] Sleep until 7:00 AM
 279.8s [12月18日（週四） 下午 5:00]   toast: Riverlight Goods 咖啡 今天沒開門：吧台沒人顧。去僱一位咖啡師（人員分頁），或自己站吧台。
 280.5s [12月18日（週四） 下午 7:00]   use "Sleep"
 281.2s [12月18日（週四） 下午 7:00]   click [Sleep] Sleep until 7:00 AM
 287.0s [12月19日（週五） 下午 5:00]   toast: Riverlight Goods 咖啡 今天沒開門：吧台沒人顧。去僱一位咖啡師（人員分頁），或自己站吧台。
 287.7s [12月19日（週五） 下午 7:00]   use "Sleep"
 288.4s [12月19日（週五） 下午 7:00]   click [Sleep] Sleep until 7:00 AM
 301.5s [12月20日（週六） 上午 7:14]   use "Packing table"
 302.3s [12月20日（週六） 上午 7:15]   click [Pack] 打包 1 筆訂單（8 分鐘）
 303.2s [12月20日（週六） 上午 7:24]   click [CourierEconomy] 快遞 · 經濟 3 天（$10.62）
 306.0s [12月20日（週六） 下午 5:00]   toast: Riverlight Goods 咖啡 今天沒開門：吧台沒人顧。去僱一位咖啡師（人員分頁），或自己站吧台。
 315.5s [12月20日（週六） 下午 7:13]   use "Sleep"
 316.2s [12月20日（週六） 下午 7:13]   click [Sleep] Sleep until 7:00 AM
 329.1s [12月21日（週日） 上午 7:14]   use "Packing table"
 329.9s [12月21日（週日） 上午 7:15]   click [Pack] 打包 5 筆訂單（40 分鐘）
 331.0s [12月21日（週日） 上午 7:56]   click [CourierEconomy] 快遞 · 經濟 3 天（$29.10）
 343.1s [12月21日（週日） 下午 7:13]   use "Sleep"
 343.8s [12月21日（週日） 下午 7:13]   click [Sleep] Sleep until 7:00 AM
 356.8s [12月22日（週一） 上午 7:14]   use "Packing table"
 357.7s [12月22日（週一） 上午 7:15]   click [Pack] 打包 7 筆訂單（56 分鐘）
 358.9s [12月22日（週一） 上午 8:12]   click [CourierEconomy] 經濟快遞／國際 7–14 天（$53.08）
 361.5s [12月22日（週一） 下午 5:00]   toast: Riverlight Goods 咖啡 今天沒開門：吧台沒人顧。去僱一位咖啡師（人員分頁），或自己站吧台。
 371.0s [12月22日（週一） 下午 7:13]   use "Sleep"
 371.7s [12月22日（週一） 下午 7:13]   click [Sleep] Sleep until 7:00 AM
 384.7s [12月23日（週二） 上午 7:14]   use "Packing table"
 385.5s [12月23日（週二） 上午 7:15]   click [Pack] 打包 5 筆訂單（40 分鐘）
 386.4s [12月23日（週二） 上午 7:56]   click [CourierEconomy] 快遞 · 經濟 3 天（$29.10）
 389.2s [12月23日（週二） 下午 5:00]   toast: Riverlight Goods 咖啡 今天沒開門：吧台沒人顧。去僱一位咖啡師（人員分頁），或自己站吧台。
 398.5s [12月23日（週二） 下午 7:13]   use "Sleep"
 399.2s [12月23日（週二） 下午 7:13]   click [Sleep] Sleep until 7:00 AM
 412.2s [12月24日（週三） 上午 7:14]   use "Packing table"
 413.1s [12月24日（週三） 上午 7:15]   click [Pack] 打包 5 筆訂單（40 分鐘）
 414.1s [12月24日（週三） 上午 7:56]   click [CourierEconomy] 快遞 · 經濟 3 天（$29.10）
 416.9s [12月24日（週三） 下午 5:00]   toast: Riverlight Goods 咖啡 今天沒開門：吧台沒人顧。去僱一位咖啡師（人員分頁），或自己站吧台。
 426.3s [12月24日（週三） 下午 7:13]   use "Sleep"
 427.1s [12月24日（週三） 下午 7:13]   click [Sleep] Sleep until 7:00 AM
 440.0s [12月25日（週四） 上午 7:14]   use "Packing table"
 440.9s [12月25日（週四） 上午 7:15]   click [Pack] 打包 6 筆訂單（48 分鐘）
 442.1s [12月25日（週四） 上午 8:04]   click [CourierEconomy] 快遞 · 經濟 3 天（$33.72）
 444.7s [12月25日（週四） 下午 5:00]   toast: Riverlight Goods 咖啡 今天沒開門：吧台沒人顧。去僱一位咖啡師（人員分頁），或自己站吧台。
 445.3s [12月25日（週四） 下午 7:00]   shot 07_decision_supplier_price_increase.png
 445.3s [12月25日（週四） 下午 7:00]   decision supplier_price_increase → accept
 445.3s [12月25日（週四） 下午 7:00]   click [Choice_accept] 好。繼續跟你進貨。
 446.7s [12月25日（週四） 下午 7:00]   shot 08_decision_outcome_supplier_price_increase.png
 446.7s [12月25日（週四） 下午 7:00]   click "OK"
 456.2s [12月25日（週四） 下午 7:14]   use "Sleep"
 456.9s [12月25日（週四） 下午 7:14]   click [Sleep] Sleep until 7:00 AM
 470.0s [12月26日（週五） 上午 7:14]   use "Packing table"
 470.8s [12月26日（週五） 上午 7:15]   click [Pack] 打包 2 筆訂單（16 分鐘）
 471.8s [12月26日（週五） 上午 7:33]   click [CourierEconomy] 快遞 · 經濟 3 天（$15.24）
 474.6s [12月26日（週五） 下午 5:00]   toast: Riverlight Goods 咖啡 今天沒開門：吧台沒人顧。去僱一位咖啡師（人員分頁），或自己站吧台。
 484.0s [12月26日（週五） 下午 7:13]   use "Sleep"
 484.7s [12月26日（週五） 下午 7:13]   click [Sleep] Sleep until 7:00 AM
 489.6s [12月27日（週六） 上午 7:02]   toast: 新評價 #3725：★★★「還行。」
 497.8s [12月27日（週六） 上午 7:14]   use "Packing table"
 498.6s [12月27日（週六） 上午 7:15]   click [Pack] 打包 3 筆訂單（24 分鐘）
 499.5s [12月27日（週六） 上午 7:40]   click [CourierEconomy] 快遞 · 經濟 3 天（$19.86）
 502.4s [12月27日（週六） 下午 5:00]   toast: Riverlight Goods 咖啡 今天沒開門：吧台沒人顧。去僱一位咖啡師（人員分頁），或自己站吧台。
 511.8s [12月27日（週六） 下午 7:13]   use "Sleep"
 512.5s [12月27日（週六） 下午 7:13]   click [Sleep] Sleep until 7:00 AM
 525.6s [12月28日（週日） 上午 7:14]   use "Packing table"
 526.4s [12月28日（週日） 上午 7:15]   click [Pack] 打包 9 筆訂單（1 小時 12 分）
 527.6s [12月28日（週日） 上午 8:28]   click [CourierEconomy] 快遞 · 經濟 3 天（$47.58）
 539.9s [12月28日（週日） 下午 7:14]   use "Sleep"
 540.7s [12月28日（週日） 下午 7:14]   click [Sleep] Sleep until 7:00 AM
 553.8s [12月29日（週一） 上午 7:14]   use "Packing table"
 554.6s [12月29日（週一） 上午 7:15]   click [Pack] 打包 2 筆訂單（16 分鐘）
 555.5s [12月29日（週一） 上午 7:32]   click [CourierEconomy] 快遞 · 經濟 3 天（$15.24）
 558.3s [12月29日（週一） 下午 5:00]   toast: Riverlight Goods 咖啡 今天沒開門：吧台沒人顧。去僱一位咖啡師（人員分頁），或自己站吧台。
 558.4s [12月29日（週一） 下午 5:18]   toast: 新評價 #3746：★★★「品質普通。」
 567.8s [12月29日（週一） 下午 7:13]   use "Sleep"
 568.5s [12月29日（週一） 下午 7:13]   click [Sleep] Sleep until 7:00 AM
 581.5s [12月30日（週二） 上午 7:14]   use "Packing table"
 582.3s [12月30日（週二） 上午 7:15]   click [Pack] 打包 6 筆訂單（48 分鐘）
 583.5s [12月30日（週二） 上午 8:04]   click [CourierEconomy] 快遞 · 經濟 3 天（$33.72）
 586.2s [12月30日（週二） 下午 5:00]   toast: Riverlight Goods 咖啡 今天沒開門：吧台沒人顧。去僱一位咖啡師（人員分頁），或自己站吧台。
 595.6s [12月30日（週二） 下午 7:13]   use "Sleep"
 596.3s [12月30日（週二） 下午 7:13]   click [Sleep] Sleep until 7:00 AM
 598.0s [12月31日（週三） 上午 2:20]   toast: 新評價 #3676：★★★「品質普通。」
 598.0s [12月31日（週三） 上午 2:26]   toast: 新評價 #3758：★★★「還行。」
 609.3s [12月31日（週三） 上午 7:14]   use "Packing table"
 610.1s [12月31日（週三） 上午 7:15]   click [Pack] 打包 6 筆訂單（48 分鐘）
 611.4s [12月31日（週三） 上午 8:04]   click [CourierEconomy] 快遞 · 經濟 3 天（$33.72）
 614.0s [12月31日（週三） 下午 5:00]   toast: Riverlight Goods 咖啡 今天沒開門：吧台沒人顧。去僱一位咖啡師（人員分頁），或自己站吧台。
 623.4s [12月31日（週三） 下午 7:13]   use "Sleep"
 624.1s [12月31日（週三） 下午 7:13]   click [Sleep] Sleep until 7:00 AM
 629.9s [1月1日（週四） 上午 7:00]   shot 09_month_close_report.png
 629.9s [1月1日（週四） 上午 7:00]   click [month close] Continue
 639.3s [1月1日（週四） 上午 7:14]   use "Packing table"
 640.1s [1月1日（週四） 上午 7:15]   click [Pack] 打包 5 筆訂單（40 分鐘）
 641.2s [1月1日（週四） 上午 7:56]   click [CourierEconomy] 快遞 · 經濟 3 天（$29.10）
 644.4s [1月1日（週四） 下午 5:00]   toast: Riverlight Goods 咖啡 今天沒開門：吧台沒人顧。去僱一位咖啡師（人員分頁），或自己站吧台。
 653.7s [1月1日（週四） 下午 7:13]   use "Sleep"
 654.4s [1月1日（週四） 下午 7:13]   click [Sleep] Sleep until 7:00 AM
 655.5s [1月1日（週四） 下午 10:16]   toast: 新評價 #3777：★★★「還行。」
 667.4s [1月2日（週五） 上午 7:14]   use "Packing table"
 668.2s [1月2日（週五） 上午 7:15]   click [Pack] 打包 5 筆訂單（40 分鐘）
 669.3s [1月2日（週五） 上午 7:56]   click [CourierEconomy] 快遞 · 經濟 3 天（$29.10）
 672.3s [1月2日（週五） 下午 5:00]   toast: Riverlight Goods 咖啡 今天沒開門：吧台沒人顧。去僱一位咖啡師（人員分頁），或自己站吧台。
 681.7s [1月2日（週五） 下午 7:13]   use "Sleep"
 682.4s [1月2日（週五） 下午 7:13]   click [Sleep] Sleep until 7:00 AM
 695.5s [1月3日（週六） 上午 7:14]   use "Packing table"
 696.3s [1月3日（週六） 上午 7:15]   click [Pack] 打包 7 筆訂單（56 分鐘）
 697.6s [1月3日（週六） 上午 8:12]   click [CourierEconomy] 快遞 · 經濟 3 天（$38.34）
 700.4s [1月3日（週六） 下午 5:00]   toast: Riverlight Goods 咖啡 今天沒開門：吧台沒人顧。去僱一位咖啡師（人員分頁），或自己站吧台。
 709.9s [1月3日（週六） 下午 7:13]   use "Sleep"
 710.6s [1月3日（週六） 下午 7:13]   click [Sleep] Sleep until 7:00 AM
 724.1s [1月4日（週日） 上午 7:14]   use "Packing table"
 724.9s [1月4日（週日） 上午 7:15]   click [Pack] 打包 5 筆訂單（40 分鐘）
 725.8s [1月4日（週日） 上午 7:56]   click [CourierEconomy] 快遞 · 經濟 3 天（$29.10）
 738.2s [1月4日（週日） 下午 7:13]   use "Sleep"
 738.9s [1月4日（週日） 下午 7:13]   click [Sleep] Sleep until 7:00 AM
 752.0s [1月5日（週一） 上午 7:14]   use "Packing table"
 752.9s [1月5日（週一） 上午 7:15]   click [Pack] 打包 7 筆訂單（56 分鐘）
 754.2s [1月5日（週一） 上午 8:12]   click [CourierEconomy] 快遞 · 經濟 3 天（$38.34）
 757.0s [1月5日（週一） 下午 5:00]   toast: Riverlight Goods 咖啡 今天沒開門：吧台沒人顧。去僱一位咖啡師（人員分頁），或自己站吧台。
 766.5s [1月5日（週一） 下午 7:13]   use "Sleep"
 767.2s [1月5日（週一） 下午 7:13]   click [Sleep] Sleep until 7:00 AM
 769.1s [1月6日（週二） 上午 3:41]   toast: 新評價 #3728：★★★「還行。」
 780.3s [1月6日（週二） 上午 7:14]   use "Packing table"
 781.2s [1月6日（週二） 上午 7:15]   click [Pack] 打包 10 筆訂單（1 小時 20 分）
 782.4s [1月6日（週二） 上午 8:36]   click [CourierEconomy] 快遞 · 經濟 3 天（$52.20）
 785.2s [1月6日（週二） 上午 8:40]   use "Use laptop — Company OS"
 786.0s [1月6日（週二） 上午 8:41]   click [Tab_finance] Finance
 786.8s [1月6日（週二） 上午 8:43]   click [ConvertGlobal_NRD] 換匯入帳（$855.40）
 791.4s [1月6日（週二） 上午 8:49]   shot 10_ch13_real_income.png
 792.1s [1月6日（週二） 上午 8:50]   ok  Chapter 13 actual export and conversion complete
 796.1s [1月6日（週二） 上午 8:56] STEP Chapter 14 — Ines in the open Customs House
 796.2s [1月6日（週二） 上午 8:56]   (harness) wait 2 h
 805.0s [1月6日（週二） 上午 11:09]   use "Packing table"
 805.8s [1月6日（週二） 上午 11:10]   click [Pack] 打包 1 筆訂單（8 分鐘）
 806.8s [1月6日（週二） 上午 11:19]   click [CourierEconomy] 快遞 · 經濟 3 天（$10.62）
 810.4s [1月6日（週二） 上午 11:25]   ok  walked back outside
 824.4s [1月6日（週二） 上午 11:46]   use "捷運——河濱區站"
 825.6s [1月6日（週二） 上午 11:48]   shot 11_metro_harbor.png
 825.6s [1月6日（週二） 上午 11:48]   click [Go_harbor] 港區  ·  8 分鐘
 827.3s [1月6日（週二） 上午 11:57]   ok  took the Metro to Harbor
 833.6s [1月6日（週二） 下午 12:06]   ok  entered Aurelia Customs House
 833.8s [1月6日（週二） 下午 12:06]   use "和 Ines Duarte 說話"
 834.1s [1月6日（週二） 下午 12:06]   shot 12_ch14_ines.png
 835.9s [1月6日（週二） 下午 12:06]   choose "› 我先付關稅，選 DDP。"
 837.9s [1月6日（週二） 下午 12:07]   ok  real Ines dialogue completed
 839.5s [1月6日（週二） 下午 12:10]   ok  walked back outside
 850.5s [1月6日（週二） 下午 12:27]   use "捷運——港區站"
 851.6s [1月6日（週二） 下午 12:28]   shot 13_metro_riverside.png
 851.6s [1月6日（週二） 下午 12:28]   click [Go_riverside] 河濱區  ·  8 分鐘
 852.6s [1月6日（週二） 下午 12:37]   ok  took the Metro to Riverside
 861.8s [1月6日（週二） 下午 12:51]   ok  entered Riverside Tower
 861.8s [1月6日（週二） 下午 12:51] STEP Chapter 14 — DDP declaration and accurate tariff classification
 863.3s [1月6日（週二） 下午 12:53]   use "Use laptop — Company OS"
 864.1s [1月6日（週二） 下午 12:54]   click [Tab_sales] Ecommerce
 864.8s [1月6日（週二） 下午 12:55]   click [SalesPage_overseas] Overseas
 866.0s [1月6日（週二） 下午 12:57]   click [ExportPolicy_ddp_L4] DDP
 866.8s [1月6日（週二） 下午 12:58]   click [TariffCode_L4] 一般商品
 868.7s [1月6日（週二） 下午 1:01]   shot 14_ch14_declaration.png
 869.1s [1月6日（週二） 下午 1:01]   ok  real policy and tariff inputs recorded
 869.1s [1月6日（週二） 下午 1:01] STEP Chapter 14 — trial deliveries and return risk
 869.8s [1月6日（週二） 下午 5:00]   toast: Riverlight Goods 咖啡 今天沒開門：吧台沒人顧。去僱一位咖啡師（人員分頁），或自己站吧台。
 877.8s [1月6日（週二） 下午 7:12]   use "Sleep"
 878.5s [1月6日（週二） 下午 7:12]   click [Sleep] Sleep until 7:00 AM
 891.5s [1月7日（週三） 上午 7:14]   use "Packing table"
 892.3s [1月7日（週三） 上午 7:15]   click [Pack] 打包 7 筆訂單（56 分鐘）
 893.5s [1月7日（週三） 上午 8:12]   click [CourierEconomy] 快遞 · 經濟 3 天（$38.34）
 896.2s [1月7日（週三） 下午 5:00]   toast: Riverlight Goods 咖啡 今天沒開門：吧台沒人顧。去僱一位咖啡師（人員分頁），或自己站吧台。
 905.6s [1月7日（週三） 下午 7:13]   use "Sleep"
 906.3s [1月7日（週三） 下午 7:13]   click [Sleep] Sleep until 7:00 AM
 919.3s [1月8日（週四） 上午 7:14]   use "Packing table"
 920.1s [1月8日（週四） 上午 7:15]   click [Pack] 打包 5 筆訂單（40 分鐘）
 921.0s [1月8日（週四） 上午 7:56]   click [CourierEconomy] 快遞 · 經濟 3 天（$29.10）
 923.9s [1月8日（週四） 下午 5:00]   toast: Riverlight Goods 咖啡 今天沒開門：吧台沒人顧。去僱一位咖啡師（人員分頁），或自己站吧台。
 933.2s [1月8日（週四） 下午 7:13]   use "Sleep"
 933.9s [1月8日（週四） 下午 7:13]   click [Sleep] Sleep until 7:00 AM
 947.1s [1月9日（週五） 上午 7:14]   use "Packing table"
 947.9s [1月9日（週五） 上午 7:15]   click [Pack] 打包 2 筆訂單（16 分鐘）
 948.8s [1月9日（週五） 上午 7:32]   click [CourierEconomy] 快遞 · 經濟 3 天（$15.24）
 951.6s [1月9日（週五） 下午 5:00]   toast: Riverlight Goods 咖啡 今天沒開門：吧台沒人顧。去僱一位咖啡師（人員分頁），或自己站吧台。
 960.9s [1月9日（週五） 下午 7:13]   use "Sleep"
 961.6s [1月9日（週五） 下午 7:13]   click [Sleep] Sleep until 7:00 AM
 974.6s [1月10日（週六） 上午 7:14]   use "Packing table"
 975.4s [1月10日（週六） 上午 7:15]   click [Pack] 打包 7 筆訂單（56 分鐘）
 976.7s [1月10日（週六） 上午 8:12]   click [CourierEconomy] 快遞 · 經濟 3 天（$38.34）
 979.4s [1月10日（週六） 下午 5:00]   toast: Riverlight Goods 咖啡 今天沒開門：吧台沒人顧。去僱一位咖啡師（人員分頁），或自己站吧台。
 988.7s [1月10日（週六） 下午 7:13]   use "Sleep"
 989.4s [1月10日（週六） 下午 7:13]   click [Sleep] Sleep until 7:00 AM
1002.5s [1月11日（週日） 上午 7:14]   use "Packing table"
1003.3s [1月11日（週日） 上午 7:15]   click [Pack] 打包 3 筆訂單（24 分鐘）
1004.2s [1月11日（週日） 上午 7:40]   click [CourierEconomy] 快遞 · 經濟 3 天（$19.86）
1016.3s [1月11日（週日） 下午 7:13]   use "Sleep"
1017.0s [1月11日（週日） 下午 7:13]   click [Sleep] Sleep until 7:00 AM
1030.1s [1月12日（週一） 上午 7:14]   use "Packing table"
1031.0s [1月12日（週一） 上午 7:15]   click [Pack] 打包 5 筆訂單（40 分鐘）
1031.9s [1月12日（週一） 上午 7:56]   click [CourierEconomy] 快遞 · 經濟 3 天（$29.10）
1034.9s [1月12日（週一） 下午 5:00]   toast: Riverlight Goods 咖啡 今天沒開門：吧台沒人顧。去僱一位咖啡師（人員分頁），或自己站吧台。
1044.4s [1月12日（週一） 下午 7:13]   use "Sleep"
1045.1s [1月12日（週一） 下午 7:13]   click [Sleep] Sleep until 7:00 AM
1058.2s [1月13日（週二） 上午 7:14]   use "Packing table"
1059.1s [1月13日（週二） 上午 7:15]   click [Pack] 打包 3 筆訂單（24 分鐘）
1060.1s [1月13日（週二） 上午 7:40]   click [CourierEconomy] 快遞 · 經濟 3 天（$19.86）
1063.1s [1月13日（週二） 下午 5:00]   toast: Riverlight Goods 咖啡 今天沒開門：吧台沒人顧。去僱一位咖啡師（人員分頁），或自己站吧台。
1072.5s [1月13日（週二） 下午 7:13]   use "Sleep"
1073.3s [1月13日（週二） 下午 7:13]   click [Sleep] Sleep until 7:00 AM
1086.4s [1月14日（週三） 上午 7:14]   use "Packing table"
1087.3s [1月14日（週三） 上午 7:15]   click [Pack] 打包 10 筆訂單（1 小時 20 分）
1088.5s [1月14日（週三） 上午 8:36]   click [CourierEconomy] 快遞 · 經濟 3 天（$52.20）
1091.4s [1月14日（週三） 下午 5:00]   toast: Riverlight Goods 咖啡 今天沒開門：吧台沒人顧。去僱一位咖啡師（人員分頁），或自己站吧台。
1100.8s [1月14日（週三） 下午 7:13]   use "Sleep"
1101.5s [1月14日（週三） 下午 7:13]   click [Sleep] Sleep until 7:00 AM
1114.6s [1月15日（週四） 上午 7:14]   use "Packing table"
1115.5s [1月15日（週四） 上午 7:15]   click [Pack] 打包 5 筆訂單（40 分鐘）
1116.4s [1月15日（週四） 上午 7:56]   click [CourierEconomy] 快遞 · 經濟 3 天（$29.10）
1119.3s [1月15日（週四） 下午 5:00]   toast: Riverlight Goods 咖啡 今天沒開門：吧台沒人顧。去僱一位咖啡師（人員分頁），或自己站吧台。
1128.7s [1月15日（週四） 下午 7:13]   use "Sleep"
1129.4s [1月15日（週四） 下午 7:13]   click [Sleep] Sleep until 7:00 AM
1142.6s [1月16日（週五） 上午 7:14]   use "Packing table"
1143.5s [1月16日（週五） 上午 7:15]   click [Pack] 打包 5 筆訂單（40 分鐘）
1144.5s [1月16日（週五） 上午 7:56]   click [CourierEconomy] 快遞 · 經濟 3 天（$29.10）
1147.7s [1月16日（週五） 下午 5:00]   toast: Riverlight Goods 咖啡 今天沒開門：吧台沒人顧。去僱一位咖啡師（人員分頁），或自己站吧台。
1148.4s [1月16日（週五） 下午 7:00]   shot 15_decision_supplier_price_increase.png
1148.4s [1月16日（週五） 下午 7:00]   decision supplier_price_increase → accept
1148.4s [1月16日（週五） 下午 7:00]   click [Choice_accept] 好。繼續跟你進貨。
1149.7s [1月16日（週五） 下午 7:00]   shot 16_decision_outcome_supplier_price_increase.png
1149.8s [1月16日（週五） 下午 7:00]   click "OK"
1159.3s [1月16日（週五） 下午 7:13]   use "Sleep"
1160.0s [1月16日（週五） 下午 7:13]   click [Sleep] Sleep until 7:00 AM
1173.4s [1月17日（週六） 上午 7:14]   use "Packing table"
1174.2s [1月17日（週六） 上午 7:15]   click [Pack] 打包 3 筆訂單（24 分鐘）
1175.1s [1月17日（週六） 上午 7:40]   click [CourierEconomy] 快遞 · 經濟 3 天（$19.86）
1178.1s [1月17日（週六） 下午 5:00]   toast: Riverlight Goods 咖啡 今天沒開門：吧台沒人顧。去僱一位咖啡師（人員分頁），或自己站吧台。
1187.5s [1月17日（週六） 下午 7:13]   use "Sleep"
1188.2s [1月17日（週六） 下午 7:13]   click [Sleep] Sleep until 7:00 AM
1201.4s [1月18日（週日） 上午 7:14]   use "Packing table"
1202.2s [1月18日（週日） 上午 7:15]   click [Pack] 打包 4 筆訂單（32 分鐘）
1203.2s [1月18日（週日） 上午 7:48]   click [CourierEconomy] 快遞 · 經濟 3 天（$24.48）
1215.6s [1月18日（週日） 下午 7:13]   use "Sleep"
1216.3s [1月18日（週日） 下午 7:13]   click [Sleep] Sleep until 7:00 AM
1229.4s [1月19日（週一） 上午 7:14]   use "Packing table"
1230.2s [1月19日（週一） 上午 7:15]   click [Pack] 打包 7 筆訂單（56 分鐘）
1231.5s [1月19日（週一） 上午 8:12]   click [CourierEconomy] 快遞 · 經濟 3 天（$38.34）
1234.2s [1月19日（週一） 下午 5:00]   toast: Riverlight Goods 咖啡 今天沒開門：吧台沒人顧。去僱一位咖啡師（人員分頁），或自己站吧台。
1243.6s [1月19日（週一） 下午 7:13]   use "Sleep"
1244.3s [1月19日（週一） 下午 7:13]   click [Sleep] Sleep until 7:00 AM
1257.4s [1月20日（週二） 上午 7:14]   use "Packing table"
1258.2s [1月20日（週二） 上午 7:15]   click [Pack] 打包 4 筆訂單（32 分鐘）
1259.3s [1月20日（週二） 上午 7:48]   click [CourierEconomy] 快遞 · 經濟 3 天（$24.48）
1262.2s [1月20日（週二） 下午 5:00]   toast: Riverlight Goods 咖啡 今天沒開門：吧台沒人顧。去僱一位咖啡師（人員分頁），或自己站吧台。
1271.9s [1月20日（週二） 下午 7:13]   use "Sleep"
1272.6s [1月20日（週二） 下午 7:13]   click [Sleep] Sleep until 7:00 AM
1274.7s [1月21日（週三） 上午 4:27]   toast: 新評價 #3970：★「壞掉了，賣家不處理。」
1285.7s [1月21日（週三） 上午 7:14]   use "Packing table"
1286.5s [1月21日（週三） 上午 7:15]   click [Pack] 打包 4 筆訂單（32 分鐘）
1287.6s [1月21日（週三） 上午 7:48]   click [CourierEconomy] 快遞 · 經濟 3 天（$24.48）
1290.3s [1月21日（週三） 上午 7:53]   use "Use laptop — Company OS"
1291.1s [1月21日（週三） 上午 7:53]   click [Tab_sales] Ecommerce
1291.8s [1月21日（週三） 上午 7:55]   click [SalesPage_overseas] Overseas
1292.0s [1月21日（週三） 上午 7:55]   click [PauseGlobalExpansion] Review results and pause expansion
1292.4s [1月21日（週三） 上午 7:55]   shot 17_ch14_trial_results.png
1292.8s [1月21日（週三） 上午 7:56]   shot 18_ch14_trial_observed.png
1293.2s [1月21日（週三） 上午 7:56]   ok  Chapter 14 trial completes
1293.2s [1月21日（週三） 上午 7:56]   ok  chapters 13–14 Ledger balanced
1297.2s [1月21日（週三） 上午 8:02] STEP Chapter 15 — currency briefing and real bank hedge
1299.9s [1月21日（週三） 上午 8:07]   ok  walked back outside
1303.3s [1月21日（週三） 上午 8:12]   ok  entered Bloom Coffee
1305.1s [1月21日（週三） 上午 8:14]   use "Read the news board"
1305.9s [1月21日（週三） 上午 8:19]   shot 19_news_fx_risk.png
1306.3s [1月21日（週三） 上午 8:19]   ok  read the news (fx_risk)
1309.3s [1月21日（週三） 上午 8:24]   ok  walked back outside
1312.5s [1月21日（週三） 上午 8:29]   ok  entered Riverside Tower
1312.6s [1月21日（週三） 上午 8:29]   (harness) wait 2 h
1314.5s [1月21日（週三） 上午 10:31]   use "Packing table"
1315.3s [1月21日（週三） 上午 10:32]   click [Pack] 打包 1 筆訂單（8 分鐘）
1316.1s [1月21日（週三） 上午 10:42]   click [CourierEconomy] 快遞 · 經濟 3 天（$10.62）
1317.3s [1月21日（週三） 上午 10:43]   (harness) wait 2 h
1318.1s [1月21日（週三） 下午 12:44]   (harness) wait 2 h
1318.9s [1月21日（週三） 下午 2:45]   use "Packing table"
1319.7s [1月21日（週三） 下午 2:46]   click [Pack] 打包 4 筆訂單（32 分鐘）
1321.0s [1月21日（週三） 下午 3:19]   click [CourierEconomy] 快遞 · 經濟 3 天（$24.48）
1322.2s [1月21日（週三） 下午 3:21]   (harness) wait 2 h
1322.5s [1月21日（週三） 下午 5:00]   toast: Riverlight Goods 咖啡 今天沒開門：吧台沒人顧。去僱一位咖啡師（人員分頁），或自己站吧台。
1323.0s [1月21日（週三） 下午 5:22]   (harness) wait 2 h
1332.8s [1月21日（週三） 下午 7:35]   use "Sleep"
1333.5s [1月21日（週三） 下午 7:36]   click [Sleep] Sleep until 7:00 AM
1337.9s [1月22日（週四） 上午 7:01]   (harness) wait 2 h
1338.6s [1月22日（週四） 上午 9:01]   (harness) wait 2 h
1339.4s [1月22日（週四） 上午 11:02]   (harness) wait 2 h
1343.3s [1月22日（週四） 下午 1:08]   ok  walked back outside
1357.2s [1月22日（週四） 下午 1:29]   use "捷運——河濱區站"
1358.5s [1月22日（週四） 下午 1:30]   shot 20_metro_financial.png
1358.5s [1月22日（週四） 下午 1:30]   click [Go_financial] 金融區  ·  10 分鐘
1359.5s [1月22日（週四） 下午 1:41]   ok  took the Metro to Financial District
1367.2s [1月22日（週四） 下午 1:53]   ok  entered Nexus Bank
1368.9s [1月22日（週四） 下午 1:55]   use "和 Marcus Reed 說話"
1372.0s [1月22日（週四） 下午 1:55]   choose "› 讓我看看費用與風險。"
1373.8s [1月22日（週四） 下午 1:56]   click [BankFXRisk] Manage exchange risk
1373.9s [1月22日（週四） 下午 1:56]   shot 21_ch15_forward_quote.png
1373.9s [1月22日（週四） 下午 1:56]   click [ChooseHomeInvoices] Choose home-currency invoices
1374.2s [1月22日（週四） 下午 1:56]   ok  native risk response recorded
1380.8s [1月22日（週四） 下午 2:07]   ok  walked back outside
1387.0s [1月22日（週四） 下午 2:16]   use "捷運——金融區站"
1388.1s [1月22日（週四） 下午 2:17]   shot 22_metro_riverside.png
1388.1s [1月22日（週四） 下午 2:17]   click [Go_riverside] 河濱區  ·  10 分鐘
1389.2s [1月22日（週四） 下午 2:29]   ok  took the Metro to Riverside
1398.3s [1月22日（週四） 下午 2:42]   ok  entered Riverside Tower
1398.9s [1月22日（週四） 下午 5:00]   toast: Riverlight Goods 咖啡 今天沒開門：吧台沒人顧。去僱一位咖啡師（人員分頁），或自己站吧台。
1401.3s [1月22日（週四） 下午 7:03]   use "Sleep"
1402.0s [1月22日（週四） 下午 7:03]   click [Sleep] Sleep until 7:00 AM
1415.3s [1月23日（週五） 上午 7:14]   use "Packing table"
1416.1s [1月23日（週五） 上午 7:15]   click [Pack] 打包 5 筆訂單（40 分鐘）
1417.2s [1月23日（週五） 上午 7:57]   click [CourierEconomy] 快遞 · 經濟 3 天（$29.10）
1420.3s [1月23日（週五） 下午 5:00]   toast: Riverlight Goods 咖啡 今天沒開門：吧台沒人顧。去僱一位咖啡師（人員分頁），或自己站吧台。
1429.8s [1月23日（週五） 下午 7:14]   use "Sleep"
1430.5s [1月23日（週五） 下午 7:14]   click [Sleep] Sleep until 7:00 AM
1444.0s [1月24日（週六） 上午 7:14]   use "Packing table"
1444.8s [1月24日（週六） 上午 7:15]   click [Pack] 打包 5 筆訂單（40 分鐘）
1445.7s [1月24日（週六） 上午 7:56]   click [CourierEconomy] 快遞 · 經濟 3 天（$29.10）
1448.8s [1月24日（週六） 下午 5:00]   toast: Riverlight Goods 咖啡 今天沒開門：吧台沒人顧。去僱一位咖啡師（人員分頁），或自己站吧台。
1458.3s [1月24日（週六） 下午 7:13]   use "Sleep"
1459.0s [1月24日（週六） 下午 7:13]   click [Sleep] Sleep until 7:00 AM
1461.0s [1月25日（週日） 上午 3:17]   toast: 新評價 #4016：★★★「等了好一陣子才到。」
1466.0s [1月25日（週日） 下午 7:00]   use "Sleep"
1466.8s [1月25日（週日） 下午 7:00]   click [Sleep] Sleep until 7:00 AM
1471.4s [1月26日（週一） 上午 7:12]   toast: 新評價 #4025：★★★「等了好一陣子才到。」
1472.5s [1月26日（週一） 下午 12:06]   toast: 新評價 #4024：★★★「等了好一陣子才到。」
1473.5s [1月26日（週一） 下午 5:00]   toast: Riverlight Goods 咖啡 今天沒開門：吧台沒人顧。去僱一位咖啡師（人員分頁），或自己站吧台。
1474.2s [1月26日（週一） 下午 7:00]   shot 23_decision_cafe_inspection.png
1474.2s [1月26日（週一） 下午 7:00]   decision cafe_inspection → prepare
1474.2s [1月26日（週一） 下午 7:00]   click [Choice_prepare] 清潔十五分鐘後接受檢查
1475.6s [1月26日（週一） 下午 7:15]   shot 24_decision_outcome_cafe_inspection.png
1475.6s [1月26日（週一） 下午 7:15]   click "OK"
1476.2s [1月26日（週一） 下午 7:15]   use "Sleep"
1477.0s [1月26日（週一） 下午 7:15]   click [Sleep] Sleep until 7:00 AM
1484.3s [1月27日（週二） 下午 7:00]   use "Sleep"
1485.0s [1月27日（週二） 下午 7:00]   click [Sleep] Sleep until 7:00 AM
1491.6s [1月28日（週三） 下午 5:00]   toast: Riverlight Goods 咖啡 今天沒開門：吧台沒人顧。去僱一位咖啡師（人員分頁），或自己站吧台。
1491.7s [1月28日（週三） 下午 5:20]   toast: 新評價 #4054：★★★「品質普通。」
1492.4s [1月28日（週三） 下午 7:00]   use "Sleep"
1493.2s [1月28日（週三） 下午 7:00]   click [Sleep] Sleep until 7:00 AM
1499.8s [1月29日（週四） 下午 5:00]   toast: Riverlight Goods 咖啡 今天沒開門：吧台沒人顧。去僱一位咖啡師（人員分頁），或自己站吧台。
1507.0s [1月29日（週四） 下午 7:10]   use "Sleep"
1507.8s [1月29日（週四） 下午 7:10]   click [Sleep] Sleep until 7:00 AM
1514.3s [1月30日（週五） 下午 5:00]   toast: Riverlight Goods 咖啡 今天沒開門：吧台沒人顧。去僱一位咖啡師（人員分頁），或自己站吧台。
1515.1s [1月30日（週五） 下午 7:00]   use "Sleep"
1515.8s [1月30日（週五） 下午 7:00]   click [Sleep] Sleep until 7:00 AM
1522.1s [1月31日（週六） 下午 5:00]   toast: Riverlight Goods 咖啡 今天沒開門：吧台沒人顧。去僱一位咖啡師（人員分頁），或自己站吧台。
1522.9s [1月31日（週六） 下午 7:00]   use "Sleep"
1523.7s [1月31日（週六） 下午 7:00]   click [Sleep] Sleep until 7:00 AM
1528.5s [2月1日（週日） 上午 7:00]   info card: Exchange response — compare the assumptions
1528.5s [2月1日（週日） 上午 7:00]   shot 25_info_exchange_response_—_comp.png
1528.5s [2月1日（週日） 上午 7:00]   click "Close"
1530.5s [2月1日（週日） 上午 7:00]   shot 26_month_close_report.png
1530.5s [2月1日（週日） 上午 7:00]   click [month close] Continue
1531.8s [2月1日（週日） 上午 7:01]   shot 27_ch15_comparison.png
1531.8s [2月1日（週日） 上午 7:01]   ok  chapter15 completes from actual response and viewed month close
1531.8s [2月1日（週日） 上午 7:01] STEP Chapter 16 — Omar video, flight and distributor contract
1533.0s [2月1日（週日） 上午 7:03]   use "Use laptop — Company OS"
1533.8s [2月1日（週日） 上午 7:04]   click [Tab_sales] Ecommerce
1534.5s [2月1日（週日） 上午 7:05]   click [SalesPage_overseas] Overseas
1534.7s [2月1日（週日） 上午 7:06]   click [CompareLuminaPartners] Compare Lumina partners
1534.9s [2月1日（週日） 上午 7:06]   click [CallOmar] Video call Omar
1538.0s [2月1日（週日） 上午 7:06]   choose "› 讓我看看費用與風險。"
1539.7s [2月1日（週日） 上午 7:07]   shot 28_ch16_channel_choices.png
1539.7s [2月1日（週日） 上午 7:07]   click [LuminaFlight_co_riverlight_goods] 前往 Lumina — 公司帳戶
1545.2s [2月2日（週一） 上午 7:07]   info card: Lumina journey
1545.3s [2月2日（週一） 上午 7:07]   shot 29_info_lumina_journey.png
1545.3s [2月2日（週一） 上午 7:07]   click "Close"
1545.7s [2月2日（週一） 上午 7:07]   shot 30_ch16_trip_return.png
1545.7s [2月2日（週一） 上午 7:07]   click [LuminaFlight_player] 回程 — 個人帳戶
1547.7s [2月2日（週一） 下午 5:00]   toast: Riverlight Goods 咖啡 今天沒開門：吧台沒人顧。去僱一位咖啡師（人員分頁），或自己站吧台。
1551.1s [2月3日（週二） 上午 7:07]   info card: Lumina journey
1551.2s [2月3日（週二） 上午 7:07]   shot 31_info_lumina_journey.png
1551.2s [2月3日（週二） 上午 7:07]   click "Close"
1552.1s [2月3日（週二） 上午 7:08]   use "Use laptop — Company OS"
1553.0s [2月3日（週二） 上午 7:09]   click [Tab_operations] Operations
1554.5s [2月3日（週二） 上午 7:11]   click [DeliverTo_riverside_studio] 河濱大樓 7C
1555.7s [2月3日（週二） 上午 7:13]   click [Buy_tradelink_wholesale_wireless_earbuds] 購買 $918.00
1558.8s [2月3日（週二） 下午 5:00]   toast: Riverlight Goods 咖啡 今天沒開門：吧台沒人顧。去僱一位咖啡師（人員分頁），或自己站吧台。
1566.6s [2月3日（週二） 下午 7:11]   use "Sleep"
1567.4s [2月3日（週二） 下午 7:11]   click [Sleep] Sleep until 7:00 AM
1573.8s [2月4日（週三） 下午 5:00]   toast: Riverlight Goods 咖啡 今天沒開門：吧台沒人顧。去僱一位咖啡師（人員分頁），或自己站吧台。
1574.6s [2月4日（週三） 下午 7:00]   use "Sleep"
1575.3s [2月4日（週三） 下午 7:00]   click [Sleep] Sleep until 7:00 AM
1581.6s [2月5日（週四） 下午 5:00]   toast: Riverlight Goods 咖啡 今天沒開門：吧台沒人顧。去僱一位咖啡師（人員分頁），或自己站吧台。
1582.3s [2月5日（週四） 下午 7:00]   use "Sleep"
1583.0s [2月5日（週四） 下午 7:00]   click [Sleep] Sleep until 7:00 AM
1596.4s [2月6日（週五） 上午 7:14]   use "Packing table"
1597.2s [2月6日（週五） 上午 7:15]   click [Pack] 打包 3 筆訂單（24 分鐘）
1598.1s [2月6日（週五） 上午 7:40]   click [CourierEconomy] 快遞 · 經濟 3 天（$19.86）
1599.2s [2月6日（週五） 上午 7:42]   ok  real purchase supplies upcoming export or distributor shipment
1600.8s [2月6日（週五） 上午 7:45]   use "Use laptop — Company OS"
1601.6s [2月6日（週五） 上午 7:46]   click [Tab_sales] Ecommerce
1603.1s [2月6日（週五） 上午 7:48]   click [SalesPage_overseas] Overseas
1604.3s [2月6日（週五） 上午 7:49]   click [CompareLuminaPartners] Compare Lumina partners
1604.7s [2月6日（週五） 上午 7:50]   click [RequestOmarContract] Request distributor contract
1605.8s [2月6日（週五） 上午 7:51]   ok  a fresh distributor quote is accepted before contract controls
1605.8s [2月6日（週五） 上午 7:51]   shot 32_ch16_distributor_offer.png
1605.8s [2月6日（週五） 上午 7:51]   click [AcceptContract] Accept
1606.3s [2月6日（週五） 上午 7:52]   click [DeliverContract] 寄送 10 件到 Lumina；現在支付運費與關稅
1607.0s [2月6日（週五） 上午 9:22]   ok  native signing and dispatch put goods in transit
1607.1s [2月6日（週五） 上午 9:22]   shot 33_ch16_goods_in_transit.png
1609.7s [2月6日（週五） 下午 5:00]   toast: Riverlight Goods 咖啡 今天沒開門：吧台沒人顧。去僱一位咖啡師（人員分頁），或自己站吧台。
1610.5s [2月6日（週五） 下午 7:00]   shot 34_decision_supplier_price_increase.png
1610.5s [2月6日（週五） 下午 7:00]   decision supplier_price_increase → accept
1610.5s [2月6日（週五） 下午 7:00]   click [Choice_accept] 好。繼續跟你進貨。
1611.8s [2月6日（週五） 下午 7:00]   shot 35_decision_outcome_supplier_price_increase.png
1611.8s [2月6日（週五） 下午 7:00]   click "OK"
1620.2s [2月6日（週五） 下午 7:12]   use "Sleep"
1620.9s [2月6日（週五） 下午 7:12]   click [Sleep] Sleep until 7:00 AM
1634.1s [2月7日（週六） 上午 7:14]   use "Packing table"
1635.0s [2月7日（週六） 上午 7:15]   click [Pack] 打包 1 筆訂單（8 分鐘）
1635.8s [2月7日（週六） 上午 7:24]   click [CourierEconomy] 快遞 · 經濟 3 天（$10.62）
1638.9s [2月7日（週六） 下午 5:00]   toast: Riverlight Goods 咖啡 今天沒開門：吧台沒人顧。去僱一位咖啡師（人員分頁），或自己站吧台。
1648.4s [2月7日（週六） 下午 7:13]   use "Sleep"
1649.1s [2月7日（週六） 下午 7:13]   click [Sleep] Sleep until 7:00 AM
1662.1s [2月8日（週日） 上午 7:14]   use "Packing table"
1663.0s [2月8日（週日） 上午 7:15]   click [Pack] 打包 8 筆訂單（1 小時 4 分）
1664.2s [2月8日（週日） 上午 8:20]   click [CourierEconomy] 快遞 · 經濟 3 天（$42.96）
1676.3s [2月8日（週日） 下午 7:13]   use "Sleep"
1677.0s [2月8日（週日） 下午 7:13]   click [Sleep] Sleep until 7:00 AM
1690.1s [2月9日（週一） 上午 7:14]   use "Packing table"
1691.0s [2月9日（週一） 上午 7:15]   click [Pack] 打包 7 筆訂單（56 分鐘）
1692.2s [2月9日（週一） 上午 8:12]   click [CourierEconomy] 快遞 · 經濟 3 天（$38.34）
1695.0s [2月9日（週一） 下午 5:00]   toast: Riverlight Goods 咖啡 今天沒開門：吧台沒人顧。去僱一位咖啡師（人員分頁），或自己站吧台。
1704.4s [2月9日（週一） 下午 7:13]   use "Sleep"
1705.1s [2月9日（週一） 下午 7:13]   click [Sleep] Sleep until 7:00 AM
1718.2s [2月10日（週二） 上午 7:14]   use "Packing table"
1719.1s [2月10日（週二） 上午 7:15]   click [Pack] 打包 4 筆訂單（32 分鐘）
1720.0s [2月10日（週二） 上午 7:48]   click [CourierEconomy] 快遞 · 經濟 3 天（$24.48）
1722.9s [2月10日（週二） 下午 5:00]   toast: Riverlight Goods 咖啡 今天沒開門：吧台沒人顧。去僱一位咖啡師（人員分頁），或自己站吧台。
1732.3s [2月10日（週二） 下午 7:13]   use "Sleep"
1733.1s [2月10日（週二） 下午 7:13]   click [Sleep] Sleep until 7:00 AM
1746.2s [2月11日（週三） 上午 7:14]   use "Packing table"
1747.0s [2月11日（週三） 上午 7:15]   click [Pack] 打包 4 筆訂單（32 分鐘）
1747.9s [2月11日（週三） 上午 7:48]   click [CourierEconomy] 快遞 · 經濟 3 天（$24.48）
1750.8s [2月11日（週三） 下午 5:00]   toast: Riverlight Goods 咖啡 今天沒開門：吧台沒人顧。去僱一位咖啡師（人員分頁），或自己站吧台。
1760.3s [2月11日（週三） 下午 7:13]   use "Sleep"
1761.0s [2月11日（週三） 下午 7:13]   click [Sleep] Sleep until 7:00 AM
1774.1s [2月12日（週四） 上午 7:14]   use "Packing table"
1775.0s [2月12日（週四） 上午 7:15]   click [Pack] 打包 4 筆訂單（32 分鐘）
1775.9s [2月12日（週四） 上午 7:48]   click [CourierEconomy] 快遞 · 經濟 3 天（$24.48）
1778.7s [2月12日（週四） 下午 4:15]   toast: 新評價 #4115：★★★「還行。」
1778.9s [2月12日（週四） 下午 5:00]   toast: Riverlight Goods 咖啡 今天沒開門：吧台沒人顧。去僱一位咖啡師（人員分頁），或自己站吧台。
1788.3s [2月12日（週四） 下午 7:13]   use "Sleep"
1789.0s [2月12日（週四） 下午 7:13]   click [Sleep] Sleep until 7:00 AM
1802.1s [2月13日（週五） 上午 7:14]   use "Packing table"
1803.0s [2月13日（週五） 上午 7:15]   click [Pack] 打包 6 筆訂單（48 分鐘）
1804.2s [2月13日（週五） 上午 8:04]   click [CourierEconomy] 快遞 · 經濟 3 天（$33.72）
1807.2s [2月13日（週五） 下午 5:00]   toast: Riverlight Goods 咖啡 今天沒開門：吧台沒人顧。去僱一位咖啡師（人員分頁），或自己站吧台。
1816.6s [2月13日（週五） 下午 7:14]   use "Sleep"
1817.3s [2月13日（週五） 下午 7:14]   click [Sleep] Sleep until 7:00 AM
1830.6s [2月14日（週六） 上午 7:14]   use "Packing table"
1831.4s [2月14日（週六） 上午 7:15]   click [Pack] 打包 2 筆訂單（16 分鐘）
1832.3s [2月14日（週六） 上午 7:32]   click [CourierEconomy] 快遞 · 經濟 3 天（$15.24）
1835.3s [2月14日（週六） 下午 5:00]   toast: Riverlight Goods 咖啡 今天沒開門：吧台沒人顧。去僱一位咖啡師（人員分頁），或自己站吧台。
1844.7s [2月14日（週六） 下午 7:13]   use "Sleep"
1845.4s [2月14日（週六） 下午 7:13]   click [Sleep] Sleep until 7:00 AM
1852.4s [2月15日（週日） 下午 7:00]   use "Sleep"
1853.2s [2月15日（週日） 下午 7:00]   click [Sleep] Sleep until 7:00 AM
1859.5s [2月16日（週一） 下午 5:00]   toast: Riverlight Goods 咖啡 今天沒開門：吧台沒人顧。去僱一位咖啡師（人員分頁），或自己站吧台。
1860.3s [2月16日（週一） 下午 7:00]   use "Sleep"
1861.0s [2月16日（週一） 下午 7:00]   click [Sleep] Sleep until 7:00 AM
1867.0s [2月17日（週二） 下午 3:33]   toast: 新評價 #4176：★★★「等了好一陣子才到。」
1867.3s [2月17日（週二） 下午 5:00]   toast: Riverlight Goods 咖啡 今天沒開門：吧台沒人顧。去僱一位咖啡師（人員分頁），或自己站吧台。
1868.1s [2月17日（週二） 下午 7:00]   use "Sleep"
1868.8s [2月17日（週二） 下午 7:00]   click [Sleep] Sleep until 7:00 AM
1875.4s [2月18日（週三） 下午 5:00]   toast: Riverlight Goods 咖啡 今天沒開門：吧台沒人顧。去僱一位咖啡師（人員分頁），或自己站吧台。
1882.6s [2月18日（週三） 下午 7:10]   use "Sleep"
1883.3s [2月18日（週三） 下午 7:10]   click [Sleep] Sleep until 7:00 AM
1889.6s [2月19日（週四） 下午 5:00]   toast: Riverlight Goods 咖啡 今天沒開門：吧台沒人顧。去僱一位咖啡師（人員分頁），或自己站吧台。
1890.4s [2月19日（週四） 下午 7:00]   use "Sleep"
1891.1s [2月19日（週四） 下午 7:00]   click [Sleep] Sleep until 7:00 AM
1897.4s [2月20日（週五） 下午 5:00]   toast: Riverlight Goods 咖啡 今天沒開門：吧台沒人顧。去僱一位咖啡師（人員分頁），或自己站吧台。
1898.6s [2月20日（週五） 下午 7:00]   use "Sleep"
1899.3s [2月20日（週五） 下午 7:00]   click [Sleep] Sleep until 7:00 AM
1905.6s [2月21日（週六） 下午 5:00]   toast: Riverlight Goods 咖啡 今天沒開門：吧台沒人顧。去僱一位咖啡師（人員分頁），或自己站吧台。
1906.3s [2月21日（週六） 下午 7:00]   use "Sleep"
1907.1s [2月21日（週六） 下午 7:00]   click [Sleep] Sleep until 7:00 AM
1914.0s [2月22日（週日） 下午 7:00]   use "Sleep"
1914.7s [2月22日（週日） 下午 7:00]   click [Sleep] Sleep until 7:00 AM
1921.0s [2月23日（週一） 下午 5:00]   toast: Riverlight Goods 咖啡 今天沒開門：吧台沒人顧。去僱一位咖啡師（人員分頁），或自己站吧台。
1921.8s [2月23日（週一） 下午 7:00]   use "Sleep"
1922.5s [2月23日（週一） 下午 7:00]   click [Sleep] Sleep until 7:00 AM
1928.8s [2月24日（週二） 下午 5:00]   toast: Riverlight Goods 咖啡 今天沒開門：吧台沒人顧。去僱一位咖啡師（人員分頁），或自己站吧台。
1929.6s [2月24日（週二） 下午 7:00]   use "Sleep"
1930.3s [2月24日（週二） 下午 7:00]   click [Sleep] Sleep until 7:00 AM
1936.6s [2月25日（週三） 下午 5:00]   toast: Riverlight Goods 咖啡 今天沒開門：吧台沒人顧。去僱一位咖啡師（人員分頁），或自己站吧台。
1937.3s [2月25日（週三） 下午 7:00]   shot 36_decision_supplier_price_increase.png
1937.3s [2月25日（週三） 下午 7:00]   decision supplier_price_increase → accept
1937.3s [2月25日（週三） 下午 7:00]   click [Choice_accept] 好。繼續跟你進貨。
1938.6s [2月25日（週三） 下午 7:00]   shot 37_decision_outcome_supplier_price_increase.png
1938.6s [2月25日（週三） 下午 7:00]   click "OK"
1939.3s [2月25日（週三） 下午 7:00]   use "Sleep"
1940.0s [2月25日（週三） 下午 7:00]   click [Sleep] Sleep until 7:00 AM
1946.3s [2月26日（週四） 下午 5:00]   toast: Riverlight Goods 咖啡 今天沒開門：吧台沒人顧。去僱一位咖啡師（人員分頁），或自己站吧台。
1947.1s [2月26日（週四） 下午 7:00]   use "Sleep"
1947.8s [2月26日（週四） 下午 7:00]   click [Sleep] Sleep until 7:00 AM
1954.0s [2月27日（週五） 下午 5:00]   toast: Riverlight Goods 咖啡 今天沒開門：吧台沒人顧。去僱一位咖啡師（人員分頁），或自己站吧台。
1954.9s [2月27日（週五） 下午 7:00]   info card: Customer ownership — 90-day estimate
1955.0s [2月27日（週五） 下午 7:00]   shot 38_info_customer_ownership_—_90-.png
1955.0s [2月27日（週五） 下午 7:00]   click "Close"
1955.5s [2月27日（週五） 下午 7:00]   use "Sleep"
1956.3s [2月27日（週五） 下午 7:00]   click [Sleep] Sleep until 7:00 AM
1960.7s [2月28日（週六） 上午 7:00]   shot 39_decision_rival_undercut.png
1960.7s [2月28日（週六） 上午 7:00]   decision rival_undercut → niche
1960.7s [2月28日（週六） 上午 7:00]   click [Choice_niche] 選擇利基市場
1962.1s [2月28日（週六） 上午 7:00]   shot 40_decision_outcome_rival_undercut.png
1962.1s [2月28日（週六） 上午 7:00]   click "OK"
1963.3s [2月28日（週六） 上午 7:01]   shot 41_ch16_90_day_comparison.png
1963.4s [2月28日（週六） 上午 7:01]   ok  chapter16 recognizes collected partner income
1963.4s [2月28日（週六） 上午 7:01] STEP Overseas warehouse — real lease and sea batch input
1964.5s [2月28日（週六） 上午 7:03]   use "Use laptop — Company OS"
1965.4s [2月28日（週六） 上午 7:04]   click [Tab_operations] Operations
1966.8s [2月28日（週六） 上午 7:06]   click [DeliverTo_riverside_studio] 河濱大樓 7C
1968.0s [2月28日（週六） 上午 7:08]   click [Buy_tradelink_wholesale_wireless_earbuds] 購買 $918.00
1971.1s [2月28日（週六） 下午 5:00]   toast: Riverlight Goods 咖啡 今天沒開門：吧台沒人顧。去僱一位咖啡師（人員分頁），或自己站吧台。
1979.0s [2月28日（週六） 下午 7:11]   use "Sleep"
1979.7s [2月28日（週六） 下午 7:11]   click [Sleep] Sleep until 7:00 AM
1986.7s [2月29日（週日） 下午 7:00]   use "Sleep"
1987.5s [2月29日（週日） 下午 7:00]   click [Sleep] Sleep until 7:00 AM
1993.5s [3月1日（週一） 上午 7:00]   shot 42_month_close_report.png
1993.5s [3月1日（週一） 上午 7:00]   click [month close] Continue
1995.9s [3月1日（週一） 下午 5:00]   toast: Riverlight Goods 咖啡 今天沒開門：吧台沒人顧。去僱一位咖啡師（人員分頁），或自己站吧台。
1996.6s [3月1日（週一） 下午 7:01]   use "Sleep"
1997.3s [3月1日（週一） 下午 7:01]   click [Sleep] Sleep until 7:00 AM
2010.7s [3月2日（週二） 上午 7:14]   use "Packing table"
2011.5s [3月2日（週二） 上午 7:15]   click [Pack] 打包 1 筆訂單（8 分鐘）
2012.4s [3月2日（週二） 上午 7:24]   click [CourierEconomy] 快遞 · 經濟 3 天（$10.62）
2013.5s [3月2日（週二） 上午 7:26]   ok  real purchase supplies upcoming export or distributor shipment
2015.1s [3月2日（週二） 上午 7:28]   use "Use laptop — Company OS"
2015.9s [3月2日（週二） 上午 7:29]   click [Tab_sales] Ecommerce
2016.7s [3月2日（週二） 上午 7:30]   click [SalesPage_overseas] Overseas
2016.8s [3月2日（週二） 上午 7:31]   click [CompareLuminaPartners] Compare Lumina partners
2017.0s [3月2日（週二） 上午 7:31]   click [PartnerChannel_warehouse] Overseas warehouse
2017.1s [3月2日（週二） 上午 7:31]   click [OpenLuminaWarehouse] 開設 Lumina 海外倉（$100.00）
2017.3s [3月2日（週二） 上午 7:31]   click [SendLuminaStock] Send stock by sea
2017.7s [3月2日（週二） 上午 7:32]   shot 43_ch16_warehouse_batch.png
2018.4s [3月2日（週二） 上午 7:33]   ok  warehouse batch really dispatched
2018.4s [3月2日（週二） 上午 7:33]   ok  chapters15–16 books balanced
2018.4s [3月2日（週二） 上午 7:33] STEP Chapter17 — native market news and real niche response
2019.0s [3月2日（週二） 上午 7:34]   use "Use laptop — Company OS"
2019.8s [3月2日（週二） 上午 7:35]   click [Tab_overview] Overview
2020.6s [3月2日（週二） 上午 7:36]   click [OpenLegacyStory] Consolidation and legacy
2020.8s [3月2日（週二） 上午 7:36]   click [read_consolidation_news] Read the consolidation news
2021.1s [3月2日（週二） 上午 7:41]   shot 44_ch17_news.png
2021.1s [3月2日（週二） 上午 7:41]   click [CloseInfo] Close
2021.6s [3月2日（週二） 上午 7:41]   shot 45_ch17_market_choice.png
2022.6s [3月2日（週二） 上午 7:41]   click [Strategy_niche] 利基 ✓
2024.3s [3月2日（週二） 上午 7:41]   click [apply_market_response] Apply price and operating response
2025.2s [3月2日（週二） 上午 7:41]   shot 46_ch17_price_and_campaign.png
2025.2s [3月2日（週二） 上午 7:41]   ok  real price and operating action recorded
2027.8s [3月2日（週二） 下午 5:00]   toast: Riverlight Goods 咖啡 今天沒開門：吧台沒人顧。去僱一位咖啡師（人員分頁），或自己站吧台。
2036.1s [3月2日（週二） 下午 7:11]   use "Sleep"
2036.8s [3月2日（週二） 下午 7:11]   click [Sleep] Sleep until 7:00 AM
2050.1s [3月3日（週三） 上午 7:14]   use "Packing table"
2050.9s [3月3日（週三） 上午 7:15]   click [Pack] 打包 1 筆訂單（8 分鐘）
2051.8s [3月3日（週三） 上午 7:24]   click [CourierEconomy] 快遞 · 經濟 3 天（$10.62）
2054.8s [3月3日（週三） 下午 5:00]   toast: Riverlight Goods 咖啡 今天沒開門：吧台沒人顧。去僱一位咖啡師（人員分頁），或自己站吧台。
2064.3s [3月3日（週三） 下午 7:13]   use "Sleep"
2065.0s [3月3日（週三） 下午 7:13]   click [Sleep] Sleep until 7:00 AM
2078.4s [3月4日（週四） 上午 7:14]   use "Packing table"
2079.2s [3月4日（週四） 上午 7:15]   click [Pack] 打包 1 筆訂單（8 分鐘）
2080.1s [3月4日（週四） 上午 7:24]   click [CourierEconomy] 快遞 · 經濟 3 天（$10.62）
2083.1s [3月4日（週四） 下午 5:00]   toast: Riverlight Goods 咖啡 今天沒開門：吧台沒人顧。去僱一位咖啡師（人員分頁），或自己站吧台。
2092.5s [3月4日（週四） 下午 7:13]   use "Sleep"
2093.2s [3月4日（週四） 下午 7:13]   click [Sleep] Sleep until 7:00 AM
2106.4s [3月5日（週五） 上午 7:14]   use "Packing table"
2107.3s [3月5日（週五） 上午 7:15]   click [Pack] 打包 4 筆訂單（32 分鐘）
2108.2s [3月5日（週五） 上午 7:48]   click [CourierEconomy] 快遞 · 經濟 3 天（$24.48）
2111.3s [3月5日（週五） 下午 5:00]   toast: Riverlight Goods 咖啡 今天沒開門：吧台沒人顧。去僱一位咖啡師（人員分頁），或自己站吧台。
2120.7s [3月5日（週五） 下午 7:13]   use "Sleep"
2121.5s [3月5日（週五） 下午 7:13]   click [Sleep] Sleep until 7:00 AM
2134.6s [3月6日（週六） 上午 7:14]   use "Packing table"
2135.4s [3月6日（週六） 上午 7:15]   click [Pack] 打包 4 筆訂單（32 分鐘）
2136.3s [3月6日（週六） 上午 7:48]   click [CourierEconomy] 快遞 · 經濟 3 天（$24.48）
2139.4s [3月6日（週六） 下午 5:00]   toast: Riverlight Goods 咖啡 今天沒開門：吧台沒人顧。去僱一位咖啡師（人員分頁），或自己站吧台。
2148.9s [3月6日（週六） 下午 7:13]   use "Sleep"
2149.6s [3月6日（週六） 下午 7:13]   click [Sleep] Sleep until 7:00 AM
2162.8s [3月7日（週日） 上午 7:14]   use "Packing table"
2163.6s [3月7日（週日） 上午 7:15]   click [Pack] 打包 4 筆訂單（32 分鐘）
2164.5s [3月7日（週日） 上午 7:48]   click [CourierEconomy] 快遞 · 經濟 3 天（$24.48）
2177.0s [3月7日（週日） 下午 7:13]   use "Sleep"
2177.7s [3月7日（週日） 下午 7:13]   click [Sleep] Sleep until 7:00 AM
2190.9s [3月8日（週一） 上午 7:14]   use "Packing table"
2191.8s [3月8日（週一） 上午 7:15]   click [Pack] 打包 3 筆訂單（24 分鐘）
2192.9s [3月8日（週一） 上午 7:40]   click [CourierEconomy] 快遞 · 經濟 3 天（$19.86）
2195.9s [3月8日（週一） 下午 5:00]   toast: Riverlight Goods 咖啡 今天沒開門：吧台沒人顧。去僱一位咖啡師（人員分頁），或自己站吧台。
2205.3s [3月8日（週一） 下午 7:13]   use "Sleep"
2206.0s [3月8日（週一） 下午 7:13]   click [Sleep] Sleep until 7:00 AM
2219.3s [3月9日（週二） 上午 7:14]   use "Packing table"
2220.1s [3月9日（週二） 上午 7:15]   click [Pack] 打包 5 筆訂單（40 分鐘）
2221.2s [3月9日（週二） 上午 7:56]   click [CourierEconomy] 快遞 · 經濟 3 天（$29.10）
2224.2s [3月9日（週二） 下午 5:00]   toast: Riverlight Goods 咖啡 今天沒開門：吧台沒人顧。去僱一位咖啡師（人員分頁），或自己站吧台。
2233.7s [3月9日（週二） 下午 7:13]   use "Sleep"
2234.4s [3月9日（週二） 下午 7:13]   click [Sleep] Sleep until 7:00 AM
2247.6s [3月10日（週三） 上午 7:14]   use "Packing table"
2248.5s [3月10日（週三） 上午 7:15]   click [Pack] 打包 5 筆訂單（40 分鐘）
2249.4s [3月10日（週三） 上午 7:56]   click [CourierEconomy] 快遞 · 經濟 3 天（$29.10）
2252.4s [3月10日（週三） 下午 5:00]   toast: Riverlight Goods 咖啡 今天沒開門：吧台沒人顧。去僱一位咖啡師（人員分頁），或自己站吧台。
2261.9s [3月10日（週三） 下午 7:13]   use "Sleep"
2262.6s [3月10日（週三） 下午 7:13]   click [Sleep] Sleep until 7:00 AM
2275.8s [3月11日（週四） 上午 7:14]   use "Packing table"
2276.6s [3月11日（週四） 上午 7:15]   click [Pack] 打包 2 筆訂單（16 分鐘）
2277.5s [3月11日（週四） 上午 7:32]   click [CourierEconomy] 快遞 · 經濟 3 天（$15.24）
2280.5s [3月11日（週四） 下午 5:00]   toast: Riverlight Goods 咖啡 今天沒開門：吧台沒人顧。去僱一位咖啡師（人員分頁），或自己站吧台。
2290.0s [3月11日（週四） 下午 7:13]   use "Sleep"
2290.7s [3月11日（週四） 下午 7:13]   click [Sleep] Sleep until 7:00 AM
2303.9s [3月12日（週五） 上午 7:14]   use "Packing table"
2304.7s [3月12日（週五） 上午 7:15]   click [Pack] 打包 4 筆訂單（32 分鐘）
2305.6s [3月12日（週五） 上午 7:48]   click [CourierEconomy] 快遞 · 經濟 3 天（$24.48）
2308.7s [3月12日（週五） 下午 5:00]   toast: Riverlight Goods 咖啡 今天沒開門：吧台沒人顧。去僱一位咖啡師（人員分頁），或自己站吧台。
2318.2s [3月12日（週五） 下午 7:13]   use "Sleep"
2319.0s [3月12日（週五） 下午 7:13]   click [Sleep] Sleep until 7:00 AM
2332.3s [3月13日（週六） 上午 7:14]   use "Packing table"
2333.2s [3月13日（週六） 上午 7:15]   click [Pack] 打包 5 筆訂單（40 分鐘）
2334.2s [3月13日（週六） 上午 7:56]   click [CourierEconomy] 快遞 · 經濟 3 天（$29.10）
2337.3s [3月13日（週六） 下午 5:00]   toast: Riverlight Goods 咖啡 今天沒開門：吧台沒人顧。去僱一位咖啡師（人員分頁），或自己站吧台。
2339.3s [3月13日（週六） 下午 7:03]   toast: 新評價 #4323：★★★「等了好一陣子才到。」
2346.8s [3月13日（週六） 下午 7:13]   use "Sleep"
2347.5s [3月13日（週六） 下午 7:13]   click [Sleep] Sleep until 7:00 AM
2354.9s [3月14日（週日） 下午 7:00]   use "Sleep"
2355.6s [3月14日（週日） 下午 7:00]   click [Sleep] Sleep until 7:00 AM
2368.9s [3月15日（週一） 上午 7:14]   use "Packing table"
2369.8s [3月15日（週一） 上午 7:15]   click [Pack] 打包 1 筆訂單（8 分鐘）
2370.8s [3月15日（週一） 上午 7:24]   click [CourierEconomy] 快遞 · 經濟 3 天（$10.62）
2373.9s [3月15日（週一） 下午 5:00]   toast: Riverlight Goods 咖啡 今天沒開門：吧台沒人顧。去僱一位咖啡師（人員分頁），或自己站吧台。
2383.4s [3月15日（週一） 下午 7:13]   use "Sleep"
2384.1s [3月15日（週一） 下午 7:13]   click [Sleep] Sleep until 7:00 AM
2390.5s [3月16日（週二） 下午 5:00]   toast: Riverlight Goods 咖啡 今天沒開門：吧台沒人顧。去僱一位咖啡師（人員分頁），或自己站吧台。
2391.3s [3月16日（週二） 下午 7:00]   use "Sleep"
2392.0s [3月16日（週二） 下午 7:00]   click [Sleep] Sleep until 7:00 AM
2396.7s [3月17日（週三） 上午 8:50]   toast: 新評價 #4332：★★★「等了好一陣子才到。」
2398.4s [3月17日（週三） 下午 5:00]   toast: Riverlight Goods 咖啡 今天沒開門：吧台沒人顧。去僱一位咖啡師（人員分頁），或自己站吧台。
2399.2s [3月17日（週三） 下午 7:00]   use "Sleep"
2399.9s [3月17日（週三） 下午 7:00]   click [Sleep] Sleep until 7:00 AM
2406.3s [3月18日（週四） 下午 5:00]   toast: Riverlight Goods 咖啡 今天沒開門：吧台沒人顧。去僱一位咖啡師（人員分頁），或自己站吧台。
2407.2s [3月18日（週四） 下午 7:00]   use "Sleep"
2407.9s [3月18日（週四） 下午 7:00]   click [Sleep] Sleep until 7:00 AM
2414.4s [3月19日（週五） 下午 5:00]   toast: Riverlight Goods 咖啡 今天沒開門：吧台沒人顧。去僱一位咖啡師（人員分頁），或自己站吧台。
2415.2s [3月19日（週五） 下午 7:00]   use "Sleep"
2415.9s [3月19日（週五） 下午 7:00]   click [Sleep] Sleep until 7:00 AM
2422.3s [3月20日（週六） 下午 5:00]   toast: Riverlight Goods 咖啡 今天沒開門：吧台沒人顧。去僱一位咖啡師（人員分頁），或自己站吧台。
2429.5s [3月20日（週六） 下午 7:10]   use "Sleep"
2430.3s [3月20日（週六） 下午 7:10]   click [Sleep] Sleep until 7:00 AM
2437.5s [3月21日（週日） 下午 7:00]   use "Sleep"
2438.2s [3月21日（週日） 下午 7:00]   click [Sleep] Sleep until 7:00 AM
2444.6s [3月22日（週一） 下午 5:00]   toast: Riverlight Goods 咖啡 今天沒開門：吧台沒人顧。去僱一位咖啡師（人員分頁），或自己站吧台。
2445.3s [3月22日（週一） 下午 7:00]   shot 47_decision_supplier_price_increase.png
2445.3s [3月22日（週一） 下午 7:00]   decision supplier_price_increase → accept
2445.3s [3月22日（週一） 下午 7:00]   click [Choice_accept] 好。繼續跟你進貨。
2446.7s [3月22日（週一） 下午 7:00]   shot 48_decision_outcome_supplier_price_increase.png
2446.7s [3月22日（週一） 下午 7:00]   click "OK"
2447.3s [3月22日（週一） 下午 7:00]   use "Sleep"
2448.1s [3月22日（週一） 下午 7:00]   click [Sleep] Sleep until 7:00 AM
2454.4s [3月23日（週二） 下午 5:00]   toast: Riverlight Goods 咖啡 今天沒開門：吧台沒人顧。去僱一位咖啡師（人員分頁），或自己站吧台。
2455.2s [3月23日（週二） 下午 7:00]   use "Sleep"
2456.0s [3月23日（週二） 下午 7:00]   click [Sleep] Sleep until 7:00 AM
2462.3s [3月24日（週三） 下午 5:00]   toast: Riverlight Goods 咖啡 今天沒開門：吧台沒人顧。去僱一位咖啡師（人員分頁），或自己站吧台。
2463.1s [3月24日（週三） 下午 7:00]   use "Sleep"
2463.9s [3月24日（週三） 下午 7:00]   click [Sleep] Sleep until 7:00 AM
2470.4s [3月25日（週四） 下午 5:00]   toast: Riverlight Goods 咖啡 今天沒開門：吧台沒人顧。去僱一位咖啡師（人員分頁），或自己站吧台。
2477.7s [3月25日（週四） 下午 7:10]   use "Sleep"
2478.4s [3月25日（週四） 下午 7:10]   click [Sleep] Sleep until 7:00 AM
2484.7s [3月26日（週五） 下午 5:00]   toast: Riverlight Goods 咖啡 今天沒開門：吧台沒人顧。去僱一位咖啡師（人員分頁），或自己站吧台。
2485.5s [3月26日（週五） 下午 7:00]   use "Sleep"
2486.3s [3月26日（週五） 下午 7:00]   click [Sleep] Sleep until 7:00 AM
2492.8s [3月27日（週六） 下午 5:00]   toast: Riverlight Goods 咖啡 今天沒開門：吧台沒人顧。去僱一位咖啡師（人員分頁），或自己站吧台。
2493.6s [3月27日（週六） 下午 7:00]   use "Sleep"
2494.3s [3月27日（週六） 下午 7:00]   click [Sleep] Sleep until 7:00 AM
2501.5s [3月28日（週日） 下午 7:00]   use "Sleep"
2502.2s [3月28日（週日） 下午 7:00]   click [Sleep] Sleep until 7:00 AM
2508.7s [3月29日（週一） 下午 5:00]   toast: Riverlight Goods 咖啡 今天沒開門：吧台沒人顧。去僱一位咖啡師（人員分頁），或自己站吧台。
2509.4s [3月29日（週一） 下午 7:00]   use "Sleep"
2510.2s [3月29日（週一） 下午 7:00]   click [Sleep] Sleep until 7:00 AM
2516.6s [3月30日（週二） 下午 5:00]   toast: Riverlight Goods 咖啡 今天沒開門：吧台沒人顧。去僱一位咖啡師（人員分頁），或自己站吧台。
2524.0s [3月30日（週二） 下午 7:10]   use "Sleep"
2524.7s [3月30日（週二） 下午 7:10]   click [Sleep] Sleep until 7:00 AM
2531.2s [3月31日（週三） 下午 5:00]   toast: Riverlight Goods 咖啡 今天沒開門：吧台沒人顧。去僱一位咖啡師（人員分頁），或自己站吧台。
2532.0s [3月31日（週三） 下午 7:00]   use "Sleep"
2532.8s [3月31日（週三） 下午 7:00]   click [Sleep] Sleep until 7:00 AM
2538.9s [4月1日（週四） 上午 7:00]   shot 49_month_close_report.png
2538.9s [4月1日（週四） 上午 7:00]   click [month close] Continue
2541.4s [4月1日（週四） 下午 5:00]   toast: Riverlight Goods 咖啡 今天沒開門：吧台沒人顧。去僱一位咖啡師（人員分頁），或自己站吧台。
2542.2s [4月1日（週四） 下午 7:01]   use "Sleep"
2542.9s [4月1日（週四） 下午 7:01]   click [Sleep] Sleep until 7:00 AM
2549.4s [4月2日（週五） 下午 5:00]   toast: Riverlight Goods 咖啡 今天沒開門：吧台沒人顧。去僱一位咖啡師（人員分頁），或自己站吧台。
2550.2s [4月2日（週五） 下午 7:00]   use "Sleep"
2550.9s [4月2日（週五） 下午 7:00]   click [Sleep] Sleep until 7:00 AM
2557.3s [4月3日（週六） 下午 5:00]   toast: Riverlight Goods 咖啡 今天沒開門：吧台沒人顧。去僱一位咖啡師（人員分頁），或自己站吧台。
2558.1s [4月3日（週六） 下午 7:00]   use "Sleep"
2558.8s [4月3日（週六） 下午 7:00]   click [Sleep] Sleep until 7:00 AM
2572.4s [4月4日（週日） 下午 7:10]   use "Sleep"
2573.1s [4月4日（週日） 下午 7:10]   click [Sleep] Sleep until 7:00 AM
2579.5s [4月5日（週一） 下午 5:00]   toast: Riverlight Goods 咖啡 今天沒開門：吧台沒人顧。去僱一位咖啡師（人員分頁），或自己站吧台。
2580.3s [4月5日（週一） 下午 7:00]   use "Sleep"
2581.0s [4月5日（週一） 下午 7:00]   click [Sleep] Sleep until 7:00 AM
2587.6s [4月6日（週二） 下午 5:00]   toast: Riverlight Goods 咖啡 今天沒開門：吧台沒人顧。去僱一位咖啡師（人員分頁），或自己站吧台。
2588.4s [4月6日（週二） 下午 7:00]   use "Sleep"
2589.1s [4月6日（週二） 下午 7:00]   click [Sleep] Sleep until 7:00 AM
2595.5s [4月7日（週三） 下午 5:00]   toast: Riverlight Goods 咖啡 今天沒開門：吧台沒人顧。去僱一位咖啡師（人員分頁），或自己站吧台。
2596.3s [4月7日（週三） 下午 7:00]   use "Sleep"
2597.0s [4月7日（週三） 下午 7:00]   click [Sleep] Sleep until 7:00 AM
2603.4s [4月8日（週四） 下午 5:00]   toast: Riverlight Goods 咖啡 今天沒開門：吧台沒人顧。去僱一位咖啡師（人員分頁），或自己站吧台。
2604.2s [4月8日（週四） 下午 7:00]   use "Sleep"
2604.9s [4月8日（週四） 下午 7:00]   click [Sleep] Sleep until 7:00 AM
2611.2s [4月9日（週五） 下午 5:00]   toast: Riverlight Goods 咖啡 今天沒開門：吧台沒人顧。去僱一位咖啡師（人員分頁），或自己站吧台。
2618.4s [4月9日（週五） 下午 7:10]   use "Sleep"
2619.2s [4月9日（週五） 下午 7:10]   click [Sleep] Sleep until 7:00 AM
2625.5s [4月10日（週六） 下午 5:00]   toast: Riverlight Goods 咖啡 今天沒開門：吧台沒人顧。去僱一位咖啡師（人員分頁），或自己站吧台。
2626.3s [4月10日（週六） 下午 7:00]   use "Sleep"
2627.0s [4月10日（週六） 下午 7:00]   click [Sleep] Sleep until 7:00 AM
2634.1s [4月11日（週日） 下午 7:00]   use "Sleep"
2634.8s [4月11日（週日） 下午 7:00]   click [Sleep] Sleep until 7:00 AM
2641.2s [4月12日（週一） 下午 5:00]   toast: Riverlight Goods 咖啡 今天沒開門：吧台沒人顧。去僱一位咖啡師（人員分頁），或自己站吧台。
2641.9s [4月12日（週一） 下午 7:00]   shot 50_decision_supplier_price_increase.png
2641.9s [4月12日（週一） 下午 7:00]   decision supplier_price_increase → accept
2641.9s [4月12日（週一） 下午 7:00]   click [Choice_accept] 好。繼續跟你進貨。
2643.3s [4月12日（週一） 下午 7:00]   shot 51_decision_outcome_supplier_price_increase.png
2643.3s [4月12日（週一） 下午 7:00]   click "OK"
2643.9s [4月12日（週一） 下午 7:00]   use "Sleep"
2644.6s [4月12日（週一） 下午 7:00]   click [Sleep] Sleep until 7:00 AM
2651.1s [4月13日（週二） 下午 5:00]   toast: Riverlight Goods 咖啡 今天沒開門：吧台沒人顧。去僱一位咖啡師（人員分頁），或自己站吧台。
2651.9s [4月13日（週二） 下午 7:00]   use "Sleep"
2652.6s [4月13日（週二） 下午 7:00]   click [Sleep] Sleep until 7:00 AM
2659.0s [4月14日（週三） 下午 5:00]   toast: Riverlight Goods 咖啡 今天沒開門：吧台沒人顧。去僱一位咖啡師（人員分頁），或自己站吧台。
2666.2s [4月14日（週三） 下午 7:10]   use "Sleep"
2666.9s [4月14日（週三） 下午 7:10]   click [Sleep] Sleep until 7:00 AM
2673.3s [4月15日（週四） 下午 5:00]   toast: Riverlight Goods 咖啡 今天沒開門：吧台沒人顧。去僱一位咖啡師（人員分頁），或自己站吧台。
2674.1s [4月15日（週四） 下午 7:00]   use "Sleep"
2674.8s [4月15日（週四） 下午 7:00]   click [Sleep] Sleep until 7:00 AM
2681.2s [4月16日（週五） 下午 5:00]   toast: Riverlight Goods 咖啡 今天沒開門：吧台沒人顧。去僱一位咖啡師（人員分頁），或自己站吧台。
2682.0s [4月16日（週五） 下午 7:00]   use "Sleep"
2682.8s [4月16日（週五） 下午 7:00]   click [Sleep] Sleep until 7:00 AM
2689.1s [4月17日（週六） 下午 5:00]   toast: Riverlight Goods 咖啡 今天沒開門：吧台沒人顧。去僱一位咖啡師（人員分頁），或自己站吧台。
2689.9s [4月17日（週六） 下午 7:00]   use "Sleep"
2690.6s [4月17日（週六） 下午 7:00]   click [Sleep] Sleep until 7:00 AM
2697.8s [4月18日（週日） 下午 7:00]   use "Sleep"
2698.5s [4月18日（週日） 下午 7:00]   click [Sleep] Sleep until 7:00 AM
2704.9s [4月19日（週一） 下午 5:00]   toast: Riverlight Goods 咖啡 今天沒開門：吧台沒人顧。去僱一位咖啡師（人員分頁），或自己站吧台。
2712.4s [4月19日（週一） 下午 7:10]   use "Sleep"
2713.1s [4月19日（週一） 下午 7:10]   click [Sleep] Sleep until 7:00 AM
2726.5s [4月20日（週二） 上午 7:14]   use "Packing table"
2727.3s [4月20日（週二） 上午 7:15]   click [Pack] 打包 1 筆訂單（8 分鐘）
2728.2s [4月20日（週二） 上午 7:24]   click [CourierEconomy] 快遞 · 經濟 3 天（$10.62）
2731.2s [4月20日（週二） 下午 5:00]   toast: Riverlight Goods 咖啡 今天沒開門：吧台沒人顧。去僱一位咖啡師（人員分頁），或自己站吧台。
2740.6s [4月20日（週二） 下午 7:13]   use "Sleep"
2741.4s [4月20日（週二） 下午 7:13]   click [Sleep] Sleep until 7:00 AM
2745.9s [4月21日（週三） 上午 7:00]   shot 52_decision_cafe_inspection.png
2745.9s [4月21日（週三） 上午 7:00]   decision cafe_inspection → prepare
2745.9s [4月21日（週三） 上午 7:00]   click [Choice_prepare] 清潔十五分鐘後接受檢查
2747.2s [4月21日（週三） 上午 7:15]   shot 53_decision_outcome_cafe_inspection.png
2747.2s [4月21日（週三） 上午 7:15]   click "OK"
2756.6s [4月21日（週三） 上午 7:28]   use "Packing table"
2757.4s [4月21日（週三） 上午 7:30]   click [Pack] 打包 2 筆訂單（16 分鐘）
2758.3s [4月21日（週三） 上午 7:47]   click [CourierEconomy] 快遞 · 經濟 3 天（$15.24）
2771.0s [4月21日（週三） 下午 7:13]   use "Sleep"
2771.7s [4月21日（週三） 下午 7:13]   click [Sleep] Sleep until 7:00 AM
2785.2s [4月22日（週四） 上午 7:14]   use "Packing table"
2786.0s [4月22日（週四） 上午 7:15]   click [Pack] 打包 5 筆訂單（40 分鐘）
2786.9s [4月22日（週四） 上午 7:56]   click [CourierEconomy] 快遞 · 經濟 3 天（$29.10）
2790.0s [4月22日（週四） 下午 5:00]   toast: Riverlight Goods 咖啡 今天沒開門：吧台沒人顧。去僱一位咖啡師（人員分頁），或自己站吧台。
2799.6s [4月22日（週四） 下午 7:13]   use "Sleep"
2800.3s [4月22日（週四） 下午 7:13]   click [Sleep] Sleep until 7:00 AM
2813.7s [4月23日（週五） 上午 7:14]   use "Packing table"
2814.5s [4月23日（週五） 上午 7:15]   click [Pack] 打包 2 筆訂單（16 分鐘）
2815.4s [4月23日（週五） 上午 7:32]   click [CourierEconomy] 快遞 · 經濟 3 天（$15.24）
2818.5s [4月23日（週五） 下午 5:00]   toast: Riverlight Goods 咖啡 今天沒開門：吧台沒人顧。去僱一位咖啡師（人員分頁），或自己站吧台。
2827.9s [4月23日（週五） 下午 7:13]   use "Sleep"
2828.7s [4月23日（週五） 下午 7:13]   click [Sleep] Sleep until 7:00 AM
2842.0s [4月24日（週六） 上午 7:14]   use "Packing table"
2842.9s [4月24日（週六） 上午 7:15]   click [Pack] 打包 2 筆訂單（16 分鐘）
2843.8s [4月24日（週六） 上午 7:32]   click [CourierEconomy] 快遞 · 經濟 3 天（$15.24）
2846.8s [4月24日（週六） 下午 5:00]   toast: Riverlight Goods 咖啡 今天沒開門：吧台沒人顧。去僱一位咖啡師（人員分頁），或自己站吧台。
2856.3s [4月24日（週六） 下午 7:13]   use "Sleep"
2857.1s [4月24日（週六） 下午 7:13]   click [Sleep] Sleep until 7:00 AM
2870.6s [4月25日（週日） 上午 7:14]   use "Packing table"
2871.5s [4月25日（週日） 上午 7:15]   click [Pack] 打包 2 筆訂單（16 分鐘）
2872.6s [4月25日（週日） 上午 7:33]   click [CourierEconomy] 快遞 · 經濟 3 天（$15.24）
2885.1s [4月25日（週日） 下午 7:14]   use "Sleep"
2885.8s [4月25日（週日） 下午 7:14]   click [Sleep] Sleep until 7:00 AM
2899.3s [4月26日（週一） 上午 7:14]   use "Packing table"
2900.1s [4月26日（週一） 上午 7:15]   click [Pack] 打包 3 筆訂單（24 分鐘）
2901.0s [4月26日（週一） 上午 7:40]   click [CourierEconomy] 快遞 · 經濟 3 天（$19.86）
2904.0s [4月26日（週一） 下午 5:00]   toast: Riverlight Goods 咖啡 今天沒開門：吧台沒人顧。去僱一位咖啡師（人員分頁），或自己站吧台。
2913.6s [4月26日（週一） 下午 7:13]   use "Sleep"
2914.3s [4月26日（週一） 下午 7:13]   click [Sleep] Sleep until 7:00 AM
2927.6s [4月27日（週二） 上午 7:14]   use "Packing table"
2928.4s [4月27日（週二） 上午 7:15]   click [Pack] 打包 1 筆訂單（8 分鐘）
2929.3s [4月27日（週二） 上午 7:24]   click [CourierEconomy] 快遞 · 經濟 3 天（$10.62）
2932.3s [4月27日（週二） 下午 5:00]   toast: Riverlight Goods 咖啡 今天沒開門：吧台沒人顧。去僱一位咖啡師（人員分頁），或自己站吧台。
2941.8s [4月27日（週二） 下午 7:13]   use "Sleep"
2942.5s [4月27日（週二） 下午 7:13]   click [Sleep] Sleep until 7:00 AM
2955.9s [4月28日（週三） 上午 7:14]   use "Packing table"
2956.7s [4月28日（週三） 上午 7:15]   click [Pack] 打包 2 筆訂單（16 分鐘）
2957.6s [4月28日（週三） 上午 7:32]   click [CourierEconomy] 快遞 · 經濟 3 天（$15.24）
2960.6s [4月28日（週三） 下午 5:00]   toast: Riverlight Goods 咖啡 今天沒開門：吧台沒人顧。去僱一位咖啡師（人員分頁），或自己站吧台。
2970.1s [4月28日（週三） 下午 7:13]   use "Sleep"
2970.8s [4月28日（週三） 下午 7:13]   click [Sleep] Sleep until 7:00 AM
2984.0s [4月29日（週四） 上午 7:14]   use "Packing table"
2985.0s [4月29日（週四） 上午 7:15]   click [Pack] 打包 2 筆訂單（16 分鐘）
2985.9s [4月29日（週四） 上午 7:32]   click [CourierEconomy] 快遞 · 經濟 3 天（$15.24）
2988.9s [4月29日（週四） 下午 5:00]   toast: Riverlight Goods 咖啡 今天沒開門：吧台沒人顧。去僱一位咖啡師（人員分頁），或自己站吧台。
2998.3s [4月29日（週四） 下午 7:13]   use "Sleep"
2999.0s [4月29日（週四） 下午 7:13]   click [Sleep] Sleep until 7:00 AM
3012.4s [4月30日（週五） 上午 7:14]   use "Packing table"
3013.2s [4月30日（週五） 上午 7:15]   click [Pack] 打包 4 筆訂單（32 分鐘）
3014.1s [4月30日（週五） 上午 7:48]   click [CourierEconomy] 快遞 · 經濟 3 天（$24.48）
3017.1s [4月30日（週五） 下午 5:00]   toast: Riverlight Goods 咖啡 今天沒開門：吧台沒人顧。去僱一位咖啡師（人員分頁），或自己站吧台。
3026.6s [4月30日（週五） 下午 7:13]   use "Sleep"
3027.3s [4月30日（週五） 下午 7:13]   click [Sleep] Sleep until 7:00 AM
3033.5s [5月1日（週六） 上午 7:00]   shot 54_month_close_report.png
3033.5s [5月1日（週六） 上午 7:00]   click [month close] Continue
3042.9s [5月1日（週六） 上午 7:13]   use "Packing table"
3043.7s [5月1日（週六） 上午 7:15]   click [Pack] 打包 4 筆訂單（32 分鐘）
3045.0s [5月1日（週六） 上午 7:48]   click [CourierEconomy] 快遞 · 經濟 3 天（$24.48）
3048.1s [5月1日（週六） 上午 7:52]   use "Use laptop — Company OS"
3049.0s [5月1日（週六） 上午 7:54]   click [Tab_overview] Overview
3049.7s [5月1日（週六） 上午 7:55]   click [OpenLegacyStory] Consolidation and legacy
3049.9s [5月1日（週六） 上午 7:55]   shot 55_ch17_survival_review.png
3050.9s [5月1日（週六） 上午 7:55]   click [kai_interview] Accept Kai's interview
3052.0s [5月1日（週六） 上午 7:55]   shot 56_ch17_comparison.png
3052.0s [5月1日（週六） 上午 7:55]   info card: Compare consolidation routes
3052.1s [5月1日（週六） 上午 7:55]   shot 57_info_compare_consolidation_ro.png
3052.1s [5月1日（週六） 上午 7:55]   click "Close"
3052.4s [5月1日（週六） 上午 7:55]   ok  chapter17 complete or honestly unavailable
3052.4s [5月1日（週六） 上午 7:55] STEP Chapter18 — actual Maya dialogue, ending and every epilogue card
3052.4s [5月1日（週六） 上午 7:55]   click [meet_maya_legacy] Call Maya or meet at Bloom Coffee
3055.5s [5月1日（週六） 上午 7:55]   choose "› 我想繼續經營。"
3058.4s [5月1日（週六） 上午 7:55]   shot 58_ch18_ending_choices.png
3058.4s [5月1日（週六） 上午 7:55]   ok  actual legacy conversation completed
3059.4s [5月1日（週六） 上午 7:55]   click [LegacyChoice_independent] Keep building
3060.1s [5月1日（週六） 上午 7:55]   shot 59_ch18_independent_card_1.png
3061.1s [5月1日（週六） 上午 7:55]   click [legacy_next_card] Next card
3062.0s [5月1日（週六） 上午 7:55]   shot 60_ch18_independent_card_2.png
3062.9s [5月1日（週六） 上午 7:55]   click [legacy_next_card] Next card
3063.6s [5月1日（週六） 上午 7:55]   shot 61_ch18_independent_card_3.png
3064.6s [5月1日（週六） 上午 7:55]   click [legacy_next_card] Next card
3065.3s [5月1日（週六） 上午 7:55]   shot 62_ch18_independent_card_4.png
3066.3s [5月1日（週六） 上午 7:55]   click [legacy_next_card] Next card
3067.0s [5月1日（週六） 上午 7:55]   shot 63_ch18_independent_card_5.png
3068.0s [5月1日（週六） 上午 7:55]   click [legacy_next_card] Finish epilogue
3068.9s [5月1日（週六） 上午 7:55]   ok  all epilogue cards viewed: independent
3068.9s [5月1日（週六） 上午 7:55]   click [KeepThisLife] Keep living this life
3069.0s [5月1日（週六） 上午 7:55]   click [legacy_free_play] Return to free play
3069.4s [5月1日（週六） 上午 7:55]   ok  all chapter17–18 books balance
3069.7s [5月1日（週六） 上午 7:55]   use "Use laptop — Company OS"
3070.6s [5月1日（週六） 上午 7:57]   click [Tab_overview] Overview
3072.1s [5月1日（週六） 上午 7:59]   click [OpenCityFuture] 城市的未來
3073.3s [5月1日（週六） 上午 7:59]   click [city_start] 加入城市提案
3073.7s [5月1日（週六） 上午 7:59] STEP Civic chapter 19 — real supplier invoices and player decision
3074.5s [5月1日（週六） 上午 7:59]   click [city_read] 閱讀市府簡報。
3075.1s [5月1日（週六） 上午 7:59]   shot 64_city19_supplier_budget.png
3075.8s [5月1日（週六） 上午 7:59]   click [city_partner] 加入城市合作，由市府預算支付供應商
3077.0s [5月1日（週六） 上午 7:59]   click [city_wait] 回到城市，等待已付款服務交付
3079.7s [5月1日（週六） 下午 5:00]   toast: Riverlight Goods 咖啡 今天沒開門：吧台沒人顧。去僱一位咖啡師（人員分頁），或自己站吧台。
3088.8s [5月3日（週一） 下午 5:00]   toast: Riverlight Goods 咖啡 今天沒開門：吧台沒人顧。去僱一位咖啡師（人員分頁），或自己站吧台。
3093.4s [5月4日（週二） 下午 5:00]   toast: Riverlight Goods 咖啡 今天沒開門：吧台沒人顧。去僱一位咖啡師（人員分頁），或自己站吧台。
3098.0s [5月5日（週三） 下午 5:00]   toast: Riverlight Goods 咖啡 今天沒開門：吧台沒人顧。去僱一位咖啡師（人員分頁），或自己站吧台。
[watchdog] main loop stalled 20 s · sim phase '' · story check 'city19_plan' · last bot line '  toast: Riverlight Goods 咖啡 今天沒開門：吧台沒人顧。去僱一位咖啡師（人員分頁），或自己站吧台。'
3102.6s [5月6日（週四） 下午 5:00]   toast: Riverlight Goods 咖啡 今天沒開門：吧台沒人顧。去僱一位咖啡師（人員分頁），或自己站吧台。
3107.3s [5月7日（週五） 下午 5:00]   toast: Riverlight Goods 咖啡 今天沒開門：吧台沒人顧。去僱一位咖啡師（人員分頁），或自己站吧台。
3112.2s [5月8日（週六） 下午 5:00]   toast: Riverlight Goods 咖啡 今天沒開門：吧台沒人顧。去僱一位咖啡師（人員分頁），或自己站吧台。
3115.8s [5月9日（週日） 上午 8:00]   use "Use laptop — Company OS"
3116.7s [5月9日（週日） 上午 8:01]   click [Tab_overview] Overview
3118.3s [5月9日（週日） 上午 8:03]   click [OpenCityFuture] 城市的未來
3118.8s [5月9日（週日） 上午 8:03]   shot 65_city19_real_decisions.png
3119.4s [5月9日（週日） 上午 8:03]   click [CityChoice_balanced] 提交均衡的博覽會申辦提案
3120.8s [5月9日（週日） 上午 8:03]   click [city_wait_result] 回到城市，等待兩天後公布成果
3127.7s [5月10日（週一） 下午 5:00]   toast: Riverlight Goods 咖啡 今天沒開門：吧台沒人顧。去僱一位咖啡師（人員分頁），或自己站吧台。
3131.3s [5月11日（週二） 上午 9:04]   use "Use laptop — Company OS"
3132.2s [5月11日（週二） 上午 9:05]   click [Tab_overview] Overview
3133.7s [5月11日（週二） 上午 9:07]   click [OpenCityFuture] 城市的未來
3134.2s [5月11日（週二） 上午 9:07]   shot 66_city19_recorded_result.png
3134.9s [5月11日（週二） 上午 9:07]   click [city_review] 檢視實際交付與城市成果。
3135.5s [5月11日（週二） 上午 9:07]   ok  city chapter completed from actual services and result 19
3135.5s [5月11日（週二） 上午 9:07]   ok  city chapter 19 balanced books
3135.5s [5月11日（週二） 上午 9:07] STEP Civic chapter 20 — real supplier invoices and player decision
3136.2s [5月11日（週二） 上午 9:07]   click [city_read] 閱讀市府簡報。
3136.9s [5月11日（週二） 上午 9:07]   shot 67_city20_supplier_budget.png
3137.6s [5月11日（週二） 上午 9:07]   click [city_partner] 加入城市合作，由市府預算支付供應商
3138.8s [5月11日（週二） 上午 9:07]   click [city_wait] 回到城市，等待已付款服務交付
3140.8s [5月11日（週二） 下午 5:00]   toast: Riverlight Goods 咖啡 今天沒開門：吧台沒人顧。去僱一位咖啡師（人員分頁），或自己站吧台。
3145.4s [5月12日（週三） 下午 5:00]   toast: Riverlight Goods 咖啡 今天沒開門：吧台沒人顧。去僱一位咖啡師（人員分頁），或自己站吧台。
3150.1s [5月13日（週四） 下午 5:00]   toast: Riverlight Goods 咖啡 今天沒開門：吧台沒人顧。去僱一位咖啡師（人員分頁），或自己站吧台。
3154.8s [5月14日（週五） 下午 5:00]   toast: Riverlight Goods 咖啡 今天沒開門：吧台沒人顧。去僱一位咖啡師（人員分頁），或自己站吧台。
3159.5s [5月15日（週六） 下午 5:00]   toast: Riverlight Goods 咖啡 今天沒開門：吧台沒人顧。去僱一位咖啡師（人員分頁），或自己站吧台。
[watchdog] main loop stalled 20 s · sim phase 'eco.order_place' · story check 'city20_plan' · last bot line '  toast: Riverlight Goods 咖啡 今天沒開門：吧台沒人顧。去僱一位咖啡師（人員分頁），或自己站吧台。'
3168.8s [5月17日（週一） 下午 5:00]   toast: Riverlight Goods 咖啡 今天沒開門：吧台沒人顧。去僱一位咖啡師（人員分頁），或自己站吧台。
3173.6s [5月18日（週二） 下午 5:00]   toast: Riverlight Goods 咖啡 今天沒開門：吧台沒人顧。去僱一位咖啡師（人員分頁），或自己站吧台。
3177.1s [5月19日（週三） 上午 9:08]   use "Use laptop — Company OS"
3178.0s [5月19日（週三） 上午 9:09]   click [Tab_overview] Overview
3179.5s [5月19日（週三） 上午 9:11]   click [OpenCityFuture] 城市的未來
3180.0s [5月19日（週三） 上午 9:11]   shot 68_city20_real_decisions.png
3180.7s [5月19日（週三） 上午 9:11]   click [CityChoice_transparent] 公開招標，接受獨立監督
3182.0s [5月19日（週三） 上午 9:11]   click [city_wait_result] 回到城市，等待兩天後公布成果
3184.0s [5月19日（週三） 下午 5:00]   toast: Riverlight Goods 咖啡 今天沒開門：吧台沒人顧。去僱一位咖啡師（人員分頁），或自己站吧台。
3188.7s [5月20日（週四） 下午 5:00]   toast: Riverlight Goods 咖啡 今天沒開門：吧台沒人顧。去僱一位咖啡師（人員分頁），或自己站吧台。
3192.5s [5月21日（週五） 上午 10:12]   use "Use laptop — Company OS"
3193.3s [5月21日（週五） 上午 10:13]   click [Tab_overview] Overview
3194.8s [5月21日（週五） 上午 10:15]   click [OpenCityFuture] 城市的未來
3195.3s [5月21日（週五） 上午 10:15]   shot 69_city20_recorded_result.png
3196.0s [5月21日（週五） 上午 10:15]   click [city_review] 檢視實際交付與城市成果。
3196.6s [5月21日（週五） 上午 10:15]   ok  city chapter completed from actual services and result 20
3196.6s [5月21日（週五） 上午 10:15]   ok  city chapter 20 balanced books
3196.6s [5月21日（週五） 上午 10:15] STEP Civic chapter 21 — real supplier invoices and player decision
3197.4s [5月21日（週五） 上午 10:15]   click [city_read] 閱讀市府簡報。
3198.0s [5月21日（週五） 上午 10:15]   shot 70_city21_supplier_budget.png
3198.7s [5月21日（週五） 上午 10:15]   click [city_partner] 加入城市合作，由市府預算支付供應商
3199.9s [5月21日（週五） 上午 10:15]   click [city_wait] 回到城市，等待已付款服務交付
3201.7s [5月21日（週五） 下午 5:00]   toast: Riverlight Goods 咖啡 今天沒開門：吧台沒人顧。去僱一位咖啡師（人員分頁），或自己站吧台。
3206.4s [5月22日（週六） 下午 5:00]   toast: Riverlight Goods 咖啡 今天沒開門：吧台沒人顧。去僱一位咖啡師（人員分頁），或自己站吧台。
3215.6s [5月24日（週一） 下午 5:00]   toast: Riverlight Goods 咖啡 今天沒開門：吧台沒人顧。去僱一位咖啡師（人員分頁），或自己站吧台。
3220.2s [5月25日（週二） 下午 5:00]   toast: Riverlight Goods 咖啡 今天沒開門：吧台沒人顧。去僱一位咖啡師（人員分頁），或自己站吧台。
3224.8s [5月26日（週三） 下午 5:00]   toast: Riverlight Goods 咖啡 今天沒開門：吧台沒人顧。去僱一位咖啡師（人員分頁），或自己站吧台。
[watchdog] main loop stalled 20 s · sim phase 'eco.order_place' · story check 'city21_plan' · last bot line '  toast: Riverlight Goods 咖啡 今天沒開門：吧台沒人顧。去僱一位咖啡師（人員分頁），或自己站吧台。'
3229.5s [5月27日（週四） 下午 5:00]   toast: Riverlight Goods 咖啡 今天沒開門：吧台沒人顧。去僱一位咖啡師（人員分頁），或自己站吧台。
3234.2s [5月28日（週五） 下午 5:00]   toast: Riverlight Goods 咖啡 今天沒開門：吧台沒人顧。去僱一位咖啡師（人員分頁），或自己站吧台。
3238.0s [5月29日（週六） 上午 10:16]   use "Use laptop — Company OS"
3238.9s [5月29日（週六） 上午 10:17]   click [Tab_overview] Overview
3240.6s [5月29日（週六） 上午 10:19]   click [OpenCityFuture] 城市的未來
3241.1s [5月29日（週六） 上午 10:19]   shot 71_city21_real_decisions.png
3241.8s [5月29日（週六） 上午 10:19]   click [CityChoice_both] 投資小型網路，爭取分階段實施 · $2,500.00
3243.1s [5月29日（週六） 上午 10:19]   click [city_wait_result] 回到城市，等待兩天後公布成果
3245.2s [5月29日（週六） 下午 5:00]   toast: Riverlight Goods 咖啡 今天沒開門：吧台沒人顧。去僱一位咖啡師（人員分頁），或自己站吧台。
3254.0s [5月31日（週一） 上午 11:20]   use "Use laptop — Company OS"
3254.8s [5月31日（週一） 上午 11:21]   click [Tab_overview] Overview
3256.4s [5月31日（週一） 上午 11:23]   click [OpenCityFuture] 城市的未來
3256.9s [5月31日（週一） 上午 11:23]   shot 72_city21_recorded_result.png
3257.5s [5月31日（週一） 上午 11:23]   click [city_review] 檢視實際交付與城市成果。
3258.1s [5月31日（週一） 上午 11:23]   ok  city chapter completed from actual services and result 21
3258.1s [5月31日（週一） 上午 11:23]   ok  city chapter 21 balanced books
3258.1s [5月31日（週一） 上午 11:23] STEP Civic chapter 22 — real supplier invoices and player decision
3258.9s [5月31日（週一） 上午 11:23]   click [city_read] 閱讀市府簡報。
3259.5s [5月31日（週一） 上午 11:23]   shot 73_city22_supplier_budget.png
3260.2s [5月31日（週一） 上午 11:23]   click [city_partner] 加入城市合作，由市府預算支付供應商
3261.4s [5月31日（週一） 上午 11:23]   click [city_wait] 回到城市，等待已付款服務交付
3263.1s [5月31日（週一） 下午 5:00]   toast: Riverlight Goods 咖啡 今天沒開門：吧台沒人顧。去僱一位咖啡師（人員分頁），或自己站吧台。
3268.4s [6月1日（週二） 下午 5:00]   toast: Riverlight Goods 咖啡 今天沒開門：吧台沒人顧。去僱一位咖啡師（人員分頁），或自己站吧台。
3273.4s [6月2日（週三） 下午 5:00]   toast: Riverlight Goods 咖啡 今天沒開門：吧台沒人顧。去僱一位咖啡師（人員分頁），或自己站吧台。
3278.6s [6月3日（週四） 下午 5:00]   toast: Riverlight Goods 咖啡 今天沒開門：吧台沒人顧。去僱一位咖啡師（人員分頁），或自己站吧台。
3283.8s [6月4日（週五） 下午 5:00]   toast: 薪水發不出來：現金不夠付 $580。公司欠團隊 $580。
3283.8s [6月4日（週五） 下午 5:00]   toast: Riverlight Goods 咖啡 今天沒開門：吧台沒人顧。去僱一位咖啡師（人員分頁），或自己站吧台。
[watchdog] main loop stalled 20 s · sim phase '' · story check 'city22_plan' · last bot line '  toast: Riverlight Goods 咖啡 今天沒開門：吧台沒人顧。去僱一位咖啡師（人員分頁），或自己站吧台。'
3289.0s [6月5日（週六） 下午 5:00]   toast: Riverlight Goods 咖啡 今天沒開門：吧台沒人顧。去僱一位咖啡師（人員分頁），或自己站吧台。
3299.3s [6月7日（週一） 下午 5:00]   toast: Riverlight Goods 咖啡 今天沒開門：吧台沒人顧。去僱一位咖啡師（人員分頁），或自己站吧台。
3304.7s [6月8日（週二） 上午 11:23]   shot 74_month_close_report.png
3304.7s [6月8日（週二） 上午 11:23]   click [month close] Continue
3305.4s [6月8日（週二） 上午 11:24]   use "Use laptop — Company OS"
3306.3s [6月8日（週二） 上午 11:25]   click [Tab_overview] Overview
3308.2s [6月8日（週二） 上午 11:27]   click [OpenCityFuture] 城市的未來
3308.7s [6月8日（週二） 上午 11:27]   shot 75_city22_real_decisions.png
3309.4s [6月8日（週二） 上午 11:27]   click [CityChoice_culture] 舉辦 4 小時文化工作坊 · $0.00
3309.9s [6月8日（週二） 下午 1:20]   toast: Nexus 銀行要求貸款 L1 立即清償：7 天內須還 $4,169。
3311.6s [6月8日（週二） 下午 3:27]   click [city_wait_result] 回到城市，等待兩天後公布成果
3312.4s [6月8日（週二） 下午 5:00]   toast: Riverlight Goods 咖啡 今天沒開門：吧台沒人顧。去僱一位咖啡師（人員分頁），或自己站吧台。
3317.2s [6月9日（週三） 下午 5:00]   toast: Riverlight Goods 咖啡 今天沒開門：吧台沒人顧。去僱一位咖啡師（人員分頁），或自己站吧台。
3322.3s [6月10日（週四） 下午 4:28]   use "Use laptop — Company OS"
3323.1s [6月10日（週四） 下午 4:29]   click [Tab_overview] Overview
3324.7s [6月10日（週四） 下午 4:31]   click [OpenCityFuture] 城市的未來
3325.2s [6月10日（週四） 下午 4:31]   shot 76_city22_recorded_result.png
3325.8s [6月10日（週四） 下午 4:31]   click [city_review] 檢視實際交付與城市成果。
3326.5s [6月10日（週四） 下午 4:31]   ok  city chapter completed from actual services and result 22
3326.5s [6月10日（週四） 下午 4:31]   ok  city chapter 22 balanced books
3326.5s [6月10日（週四） 下午 4:31] STEP Civic chapter 23 — real supplier invoices and player decision
3327.2s [6月10日（週四） 下午 4:31]   click [city_read] 閱讀市府簡報。
3328.0s [6月10日（週四） 下午 4:31]   shot 77_city23_supplier_budget.png
3328.7s [6月10日（週四） 下午 4:31]   click [city_partner] 加入城市合作，由市府預算支付供應商
3329.8s [6月10日（週四） 下午 4:31]   click [city_wait] 回到城市，等待已付款服務交付
3330.5s [6月10日（週四） 下午 5:00]   toast: Riverlight Goods 咖啡 今天沒開門：吧台沒人顧。去僱一位咖啡師（人員分頁），或自己站吧台。
3335.5s [6月11日（週五） 下午 5:00]   toast: 薪水發不出來：現金不夠付 $1,160。公司欠團隊 $1,160。
3335.5s [6月11日（週五） 下午 5:00]   toast: Riverlight Goods 咖啡 今天沒開門：吧台沒人顧。去僱一位咖啡師（人員分頁），或自己站吧台。
3340.3s [6月12日（週六） 下午 5:00]   toast: Riverlight Goods 咖啡 今天沒開門：吧台沒人顧。去僱一位咖啡師（人員分頁），或自己站吧台。
3349.8s [6月14日（週一） 下午 5:00]   toast: Riverlight Goods 咖啡 今天沒開門：吧台沒人顧。去僱一位咖啡師（人員分頁），或自己站吧台。
[watchdog] main loop stalled 20 s · sim phase 'eco.order_place' · story check 'city23_plan' · last bot line '  toast: Riverlight Goods 咖啡 今天沒開門：吧台沒人顧。去僱一位咖啡師（人員分頁），或自己站吧台。'
3353.7s [6月15日（週二） 下午 1:20]   toast: Riverlight Goods 付不出債務了，你必須決定接下來怎麼做。
3354.5s [6月15日（週二） 下午 5:00]   toast: Riverlight Goods 咖啡 今天沒開門：吧台沒人顧。去僱一位咖啡師（人員分頁），或自己站吧台。
3359.3s [6月16日（週三） 下午 5:00]   toast: Riverlight Goods 咖啡 今天沒開門：吧台沒人顧。去僱一位咖啡師（人員分頁），或自己站吧台。
3364.3s [6月17日（週四） 下午 5:00]   toast: Riverlight Goods 咖啡 今天沒開門：吧台沒人顧。去僱一位咖啡師（人員分頁），或自己站吧台。
3368.8s [6月18日（週五） 下午 4:31]   toast: Nina Chen 離職了。
3369.0s [6月18日（週五） 下午 4:31]   shot 78_actual_insolvency_choices.png
3369.0s [6月18日（週五） 下午 4:31]   click [Rescue] 拿出自己的 $8,998
3369.3s [6月18日（週五） 下午 4:31]   ok  actual founder savings resolve insolvency
3369.3s [6月18日（週五） 下午 4:31]   ok  rescue spends existing personal savings without invented capital
3369.3s [6月18日（週五） 下午 4:31]   ok  actual insolvency choice preserves balanced books
3369.6s [6月18日（週五） 下午 4:31]   use "Use laptop — Company OS"
3370.4s [6月18日（週五） 下午 4:32]   click [Tab_overview] Overview
3372.2s [6月18日（週五） 下午 4:35]   click [OpenCityFuture] 城市的未來
3372.7s [6月18日（週五） 下午 4:35]   shot 79_city23_real_decisions.png
3373.4s [6月18日（週五） 下午 4:35]   click [CityChoice_neutral] 保持中立，接受選舉結果
3374.8s [6月18日（週五） 下午 4:35]   click [city_wait_result] 回到城市，等待兩天後公布成果
3375.4s [6月18日（週五） 下午 5:00]   toast: Riverlight Goods 咖啡 今天沒開門：吧台沒人顧。去僱一位咖啡師（人員分頁），或自己站吧台。
3380.2s [6月19日（週六） 下午 5:00]   toast: Riverlight Goods 咖啡 今天沒開門：吧台沒人顧。去僱一位咖啡師（人員分頁），或自己站吧台。
3385.4s [6月20日（週日） 下午 5:36]   use "Use laptop — Company OS"
3386.2s [6月20日（週日） 下午 5:37]   click [Tab_overview] Overview
3387.8s [6月20日（週日） 下午 5:39]   click [OpenCityFuture] 城市的未來
3388.3s [6月20日（週日） 下午 5:39]   shot 80_city23_recorded_result.png
3388.9s [6月20日（週日） 下午 5:39]   click [city_review] 檢視實際交付與城市成果。
3389.5s [6月20日（週日） 下午 5:39]   ok  city chapter completed from actual services and result 23
3389.5s [6月20日（週日） 下午 5:39]   ok  city chapter 23 balanced books
3389.6s [6月20日（週日） 下午 5:39] STEP Civic chapter 24 — real supplier invoices and player decision
3390.3s [6月20日（週日） 下午 5:39]   click [city_read] 閱讀市府簡報。
3391.0s [6月20日（週日） 下午 5:39]   shot 81_city24_supplier_budget.png
3391.6s [6月20日（週日） 下午 5:39]   click [city_partner] 加入城市合作，由市府預算支付供應商
3392.8s [6月20日（週日） 下午 5:39]   click [city_wait] 回到城市，等待已付款服務交付
3397.9s [6月21日（週一） 下午 5:00]   toast: Riverlight Goods 咖啡 今天沒開門：吧台沒人顧。去僱一位咖啡師（人員分頁），或自己站吧台。
3402.5s [6月22日（週二） 下午 5:00]   toast: Riverlight Goods 咖啡 今天沒開門：吧台沒人顧。去僱一位咖啡師（人員分頁），或自己站吧台。
3407.2s [6月23日（週三） 下午 5:00]   toast: Riverlight Goods 咖啡 今天沒開門：吧台沒人顧。去僱一位咖啡師（人員分頁），或自己站吧台。
3411.8s [6月24日（週四） 下午 5:00]   toast: Riverlight Goods 咖啡 今天沒開門：吧台沒人顧。去僱一位咖啡師（人員分頁），或自己站吧台。
[watchdog] main loop stalled 20 s · sim phase '' · story check 'city24_plan' · last bot line '  toast: Riverlight Goods 咖啡 今天沒開門：吧台沒人顧。去僱一位咖啡師（人員分頁），或自己站吧台。'
3421.0s [6月26日（週六） 下午 5:00]   toast: Riverlight Goods 咖啡 今天沒開門：吧台沒人顧。去僱一位咖啡師（人員分頁），或自己站吧台。
3430.2s [6月28日（週一） 下午 5:00]   toast: Riverlight Goods 咖啡 今天沒開門：吧台沒人顧。去僱一位咖啡師（人員分頁），或自己站吧台。
3430.7s [6月28日（週一） 下午 5:40]   use "Use laptop — Company OS"
3431.6s [6月28日（週一） 下午 5:41]   click [Tab_overview] Overview
3433.1s [6月28日（週一） 下午 5:43]   click [OpenCityFuture] 城市的未來
3433.6s [6月28日（週一） 下午 5:43]   shot 82_city24_real_decisions.png
3434.6s [6月28日（週一） 下午 5:43]   click [CityChoice_resilient] 聘用待命團隊 · $1,000.00，減少危機衝擊
3435.9s [6月28日（週一） 下午 5:43]   click [city_wait_result] 回到城市，等待兩天後公布成果
3440.9s [6月29日（週二） 下午 5:00]   toast: Riverlight Goods 咖啡 今天沒開門：吧台沒人顧。去僱一位咖啡師（人員分頁），或自己站吧台。
3445.5s [6月30日（週三） 下午 5:00]   toast: Riverlight Goods 咖啡 今天沒開門：吧台沒人顧。去僱一位咖啡師（人員分頁），或自己站吧台。
3446.2s [6月30日（週三） 下午 6:44]   use "Use laptop — Company OS"
3447.0s [6月30日（週三） 下午 6:45]   click [Tab_overview] Overview
3448.5s [6月30日（週三） 下午 6:47]   click [OpenCityFuture] 城市的未來
3449.0s [6月30日（週三） 下午 6:47]   shot 83_city24_recorded_result.png
3449.7s [6月30日（週三） 下午 6:47]   click [city_review] 檢視實際交付與城市成果。
3450.4s [6月30日（週三） 下午 6:47]   ok  city chapter completed from actual services and result 24
3450.4s [6月30日（週三） 下午 6:47]   ok  city chapter 24 balanced books
3450.4s [6月30日（週三） 下午 6:47]   ok  all six civic chapters completed
3450.4s [6月30日（週三） 下午 6:47]   ok  city result preserves the earlier actual business ending
3450.4s [6月30日（週三） 下午 6:47]   shot 84_city_legacy_card_1.png
3451.1s [6月30日（週三） 下午 6:47]   click [city_next_card] 下一張城市回顧卡
3451.6s [6月30日（週三） 下午 6:47]   shot 85_city_legacy_card_2.png
3452.3s [6月30日（週三） 下午 6:47]   click [city_next_card] 下一張城市回顧卡
3452.8s [6月30日（週三） 下午 6:47]   shot 86_city_legacy_card_3.png
3453.4s [6月30日（週三） 下午 6:47]   click [city_next_card] 下一張城市回顧卡
3453.9s [6月30日（週三） 下午 6:47]   shot 87_city_legacy_card_4.png
3454.6s [6月30日（週三） 下午 6:47]   click [city_next_card] 下一張城市回顧卡
3455.1s [6月30日（週三） 下午 6:47]   shot 88_city_legacy_card_5.png
3455.8s [6月30日（週三） 下午 6:47]   click [city_next_card] 下一張城市回顧卡
3456.3s [6月30日（週三） 下午 6:47]   shot 89_city_legacy_card_6.png
3457.0s [6月30日（週三） 下午 6:47]   click [city_next_card] 下一張城市回顧卡
3457.5s [6月30日（週三） 下午 6:47]   shot 90_city_business_legacy_handoff.png
3458.2s [6月30日（週三） 下午 6:47]   click [city_legacy] 接續查看企業 Legacy 結局
3458.9s [6月30日（週三） 下午 6:47]   ok  city legacy connects to actual business legacy
3459.3s [6月30日（週三） 下午 6:47]   ok  played third-season save with real supplier receipts
3459.8s [6月30日（週三） 下午 6:47]   ok  actual played city save passes normal import validation
3459.8s [6月30日（週三） 下午 6:47] STEP Growth — three optional goals, achievements and actual timeline
3460.2s [6月30日（週三） 下午 6:47]   click [GrowthAcknowledge] Put the card in your timeline
3460.6s [6月30日（週三） 下午 6:47]   click [GrowthAcknowledge] Put the card in your timeline
3460.9s [6月30日（週三） 下午 6:47]   click [GrowthAcknowledge] Put the card in your timeline
3461.2s [6月30日（週三） 下午 6:47]   click [GrowthAcknowledge] Put the card in your timeline
3461.5s [6月30日（週三） 下午 6:47]   click [GrowthAcknowledge] Put the card in your timeline
3461.8s [6月30日（週三） 下午 6:47]   ok  at least three free-play goals
3461.9s [6月30日（週三） 下午 6:47]   shot 91_growth_three_goals.png
3461.9s [6月30日（週三） 下午 6:47]   click [GrowthTab_achievements] Achievements
3462.2s [6月30日（週三） 下午 6:47]   shot 92_growth_achievements.png
3462.2s [6月30日（週三） 下午 6:47]   click [GrowthTab_timeline] The journey so far
3462.6s [6月30日（週三） 下午 6:47]   shot 93_growth_timeline.png
3462.6s [6月30日（週三） 下午 6:47]   click [GrowthReturn] Back to playing
3463.2s [6月30日（週三） 下午 6:47]   click [PauseAchievements] Achievements
3464.0s [6月30日（週三） 下午 6:47]   ok  pause menu opens achievements
3464.0s [6月30日（週三） 下午 6:47]   shot 94_growth_pause_achievements.png
3464.0s [6月30日（週三） 下午 6:47]   ok  growth UI never changes financial books
3464.0s [6月30日（週三） 下午 6:47] STEP Save → reload → same state
3466.0s [6月30日（週三） 下午 6:48]   ok  cash restored after load
3466.0s [6月30日（週三） 下午 6:48]   ok  time restored after load
3466.1s [6月30日（週三） 下午 6:48]   ok  location restored (riverside_apartment)
3466.2s [6月30日（週三） 下午 6:48]   shot 95_after_load.png
3466.2s [6月30日（週三） 下午 6:48] STEP Summary
3466.2s [6月30日（週三） 下午 6:48]   business entity co_riverlight_goods cash $465.77 · personal $24,556.14 · orders delivered 2568 · chapters done ["ch1_arrival", "ch2_first_customer", "ch3_open_for_business", "ch4_growing_pains", "ch5_big_contract", "ch6_cash_is_oxygen", "ch7_supply_shock", "ch8_green_shift", "ch9_clearing_crisis", "ch10_digital_rails", "ch11_other_side_of_trust", "ch12_regulation_scale", "ch13_first_order_abroad", "ch14_customs", "ch15_currency_swing", "ch16_partner_overseas", "ch17_consolidation", "ch18_legacy", "ch19_expo_bid", "ch20_harbor_rebuild", "ch21_energy_transition", "ch22_talent_war", "ch23_city_election", "ch24_expo_opening"]
3466.2s [6月30日（週三） 下午 6:48]   ok  ledger balanced at the end
3466.2s [6月30日（週三） 下午 6:48]   ok  story objective completed: ch1_phone
3466.2s [6月30日（週三） 下午 6:48]   ok  story objective completed: ch1_outside
3466.2s [6月30日（週三） 下午 6:48]   ok  story objective completed: ch1_coffee
3466.2s [6月30日（週三） 下午 6:48]   ok  story objective completed: ch1_cowork
3466.2s [6月30日（週三） 下午 6:48]   ok  story objective completed: ch1_board
3466.4s [6月30日（週三） 下午 6:48]   ok  story objective completed: ch2_supplier
3466.4s [6月30日（週三） 下午 6:48]   ok  story objective completed: ch2_stock
3466.4s [6月30日（週三） 下午 6:48]   ok  story objective completed: ch2_listing
3466.5s [6月30日（週三） 下午 6:48]   ok  story objective completed: ch2_order
3466.5s [6月30日（週三） 下午 6:48]   ok  story objective completed: ch2_ship
3466.5s [6月30日（週三） 下午 6:48]   ok  story objective completed: ch2_first_dollar
3466.5s [6月30日（週三） 下午 6:48]   ok  story objective completed: ch2_issue
3466.5s [6月30日（週三） 下午 6:48]   ok  story objective completed: ch3_register
3466.5s [6月30日（週三） 下午 6:48]   ok  story objective completed: ch3_bank
3466.6s [6月30日（週三） 下午 6:48]   ok  story objective completed: ch3_workspace
3466.6s [6月30日（週三） 下午 6:48]   ok  story objective completed: ch3_os
3466.7s [6月30日（週三） 下午 6:48]   ok  story objective completed: ch4_employer
3466.7s [6月30日（週三） 下午 6:48]   ok  story objective completed: ch4_post
3466.7s [6月30日（週三） 下午 6:48]   ok  story objective completed: ch4_hire
3466.7s [6月30日（週三） 下午 6:48]   ok  story objective completed: ch4_payroll
3466.7s [6月30日（週三） 下午 6:48]   ok  story objective completed: ch4_forecast
3466.7s [6月30日（週三） 下午 6:48]   ok  story objective completed: ch5_meet
3466.9s [6月30日（週三） 下午 6:48]   ok  story objective completed: ch5_decide
3466.9s [6月30日（週三） 下午 6:48]   ok  story objective completed: ch5_stock
3466.9s [6月30日（週三） 下午 6:48]   ok  story objective completed: ch5_deliver
3466.9s [6月30日（週三） 下午 6:48]   ok  story objective completed: ch6_forecast
3466.9s [6月30日（週三） 下午 6:48]   ok  story objective completed: ch6_bridge
3466.9s [6月30日（週三） 下午 6:48]   ok  story objective completed: ch6_collect
3466.9s [6月30日（週三） 下午 6:48]   ok  story objective completed: ch6_close
3466.9s [6月30日（週三） 下午 6:48]   ok  story objective completed: ch7_news
3466.9s [6月30日（週三） 下午 6:48]   ok  story objective completed: ch7_ken
3467.1s [6月30日（週三） 下午 6:48]   ok  story objective completed: ch7_stock
3467.1s [6月30日（週三） 下午 6:48]   ok  story objective completed: ch7_price
3467.1s [6月30日（週三） 下午 6:48]   ok  story objective completed: ch7_close
3467.1s [6月30日（週三） 下午 6:48]   ok  story objective completed: ch8_news
3467.1s [6月30日（週三） 下午 6:48]   ok  story objective completed: ch8_pack
3467.1s [6月30日（週三） 下午 6:48]   ok  story objective completed: ch8_product
3467.1s [6月30日（週三） 下午 6:48]   ok  story objective completed: ch8_grant
3467.1s [6月30日（週三） 下午 6:48]   ok  story objective completed: ch9_news
3467.1s [6月30日（週三） 下午 6:48]   ok  story objective completed: ch9_import
3467.3s [6月30日（週三） 下午 6:48]   ok  story objective completed: ch9_lina
3467.3s [6月30日（週三） 下午 6:48]   ok  story objective completed: ch9_settle
3467.3s [6月30日（週三） 下午 6:48]   ok  story objective completed: ch9_arrive
3467.3s [6月30日（週三） 下午 6:48]   ok  story objective completed: ch10_news
3467.3s [6月30日（週三） 下午 6:48]   ok  story objective completed: ch10_lina
3467.3s [6月30日（週三） 下午 6:48]   ok  story objective completed: ch10_import
3467.3s [6月30日（週三） 下午 6:48]   ok  story objective completed: ch10_arrive
3467.3s [6月30日（週三） 下午 6:48]   ok  story objective completed: ch11_news
3467.3s [6月30日（週三） 下午 6:48]   ok  story objective completed: ch11_order
3467.5s [6月30日（週三） 下午 6:48]   ok  story objective completed: ch11_freeze
3467.5s [6月30日（週三） 下午 6:48]   ok  story objective completed: ch11_restock
3467.5s [6月30日（週三） 下午 6:48]   ok  story objective completed: ch12_news
3467.5s [6月30日（週三） 下午 6:48]   ok  story objective completed: ch12_licence
3467.5s [6月30日（週三） 下午 6:48]   ok  story objective completed: ch12_kyc
3467.5s [6月30日（週三） 下午 6:48]   ok  story objective completed: ch12_offer
3467.5s [6月30日（週三） 下午 6:48]   ok  story objective completed: ch13_news
3467.5s [6月30日（週三） 下午 6:48]   ok  story objective completed: ch13_bank
3467.5s [6月30日（週三） 下午 6:48]   ok  story objective completed: ch13_listing
3467.5s [6月30日（週三） 下午 6:48]   ok  story objective completed: ch13_ship
3467.6s [6月30日（週三） 下午 6:48]   ok  story objective completed: ch13_convert
3467.6s [6月30日（週三） 下午 6:48]   ok  story objective completed: ch14_ines
3467.7s [6月30日（週三） 下午 6:48]   ok  story objective completed: ch14_policy
3467.7s [6月30日（週三） 下午 6:48]   ok  story objective completed: ch14_code
3467.7s [6月30日（週三） 下午 6:48]   ok  story objective completed: ch14_trial
3467.7s [6月30日（週三） 下午 6:48]   ok  story objective completed: ch15_news
3467.7s [6月30日（週三） 下午 6:48]   ok  story objective completed: ch15_marcus
3467.7s [6月30日（週三） 下午 6:48]   ok  story objective completed: ch15_response
3467.7s [6月30日（週三） 下午 6:48]   ok  story objective completed: ch15_month
3467.8s [6月30日（週三） 下午 6:48]   ok  story objective completed: ch16_omar
3467.8s [6月30日（週三） 下午 6:48]   ok  story objective completed: ch16_channel
3467.8s [6月30日（週三） 下午 6:48]   ok  story objective completed: ch16_income
3467.8s [6月30日（週三） 下午 6:48]   ok  story objective completed: ch17_news
3467.8s [6月30日（週三） 下午 6:48]   ok  story objective completed: ch17_response
3467.8s [6月30日（週三） 下午 6:48]   ok  story objective completed: ch17_survive
3467.8s [6月30日（週三） 下午 6:48]   ok  story objective completed: ch17_interview
3467.8s [6月30日（週三） 下午 6:48]   ok  story objective completed: ch18_maya
3467.8s [6月30日（週三） 下午 6:48]   ok  story objective completed: ch18_choice
3468.0s [6月30日（週三） 下午 6:48]   ok  story objective completed: ch18_cards
3468.0s [6月30日（週三） 下午 6:48]   ok  story objective completed: city19_read
3468.1s [6月30日（週三） 下午 6:48]   ok  story objective completed: city19_plan
3468.1s [6月30日（週三） 下午 6:48]   ok  story objective completed: city19_choice
3468.1s [6月30日（週三） 下午 6:48]   ok  story objective completed: city19_review
3468.1s [6月30日（週三） 下午 6:48]   ok  story objective completed: city20_read
3468.1s [6月30日（週三） 下午 6:48]   ok  story objective completed: city20_plan
3468.1s [6月30日（週三） 下午 6:48]   ok  story objective completed: city20_choice
3468.1s [6月30日（週三） 下午 6:48]   ok  story objective completed: city20_review
3468.2s [6月30日（週三） 下午 6:48]   ok  story objective completed: city21_read
3468.2s [6月30日（週三） 下午 6:48]   ok  story objective completed: city21_plan
3468.3s [6月30日（週三） 下午 6:48]   ok  story objective completed: city21_choice
3468.3s [6月30日（週三） 下午 6:48]   ok  story objective completed: city21_review
3468.3s [6月30日（週三） 下午 6:48]   ok  story objective completed: city22_read
3468.3s [6月30日（週三） 下午 6:48]   ok  story objective completed: city22_plan
3468.3s [6月30日（週三） 下午 6:48]   ok  story objective completed: city22_choice
3468.3s [6月30日（週三） 下午 6:48]   ok  story objective completed: city22_review
3468.3s [6月30日（週三） 下午 6:48]   ok  story objective completed: city23_read
3468.4s [6月30日（週三） 下午 6:48]   ok  story objective completed: city23_plan
3468.4s [6月30日（週三） 下午 6:48]   ok  story objective completed: city23_choice
3468.4s [6月30日（週三） 下午 6:48]   ok  story objective completed: city23_review
3468.5s [6月30日（週三） 下午 6:48]   ok  story objective completed: city24_read
3468.5s [6月30日（週三） 下午 6:48]   ok  story objective completed: city24_plan
3468.5s [6月30日（週三） 下午 6:48]   ok  story objective completed: city24_choice
3468.5s [6月30日（週三） 下午 6:48]   ok  story objective completed: city24_review
3468.5s [6月1日（週日） 下午 2:00] STEP (harness) skip to Chapter 10
3469.9s [6月1日（週日） 下午 2:02] STEP Industrial — factory lease, machine, technician and first OEM invoice
3473.3s [6月1日（週日） 下午 2:08]   ok  walked back outside
3487.3s [6月1日（週日） 下午 2:29]   use "捷運——河濱區站"
3488.2s [6月1日（週日） 下午 2:31]   shot 96_metro_industrial.png
3488.2s [6月1日（週日） 下午 2:31]   click [Go_industrial] 工業區  ·  14 分鐘
3489.3s [6月1日（週日） 下午 2:46]   ok  took the Metro to Industrial
3489.3s [6月1日（週日） 下午 2:46]   shot 97_industrial_day.png
3501.0s [6月1日（週日） 下午 3:04]   ok  entered Unit 12 Light Industrial
3504.1s [6月1日（週日） 下午 3:08]   use "Lease Unit 12"
3504.2s [6月1日（週日） 下午 3:09]   click [SignLease_unit12_factory] Sign the lease
3504.7s [6月1日（週日） 下午 3:09]   ok  factory lease signed with actual company funds
3504.9s [6月1日（週日） 下午 3:09]   shot 98_factory_interior.png
3505.7s [6月1日（週日） 下午 3:11]   use "Open Line Planner"
3505.8s [6月1日（週日） 下午 3:11]   click [OpenFactory] Open the factory
3505.9s [6月1日（週日） 下午 3:11]   click [RentMachine] Rent machine · $1,400/month
3506.1s [6月1日（週日） 下午 3:11]   click [HireTomas] Hire Tomas · $1,100/week
3506.2s [6月1日（週日） 下午 3:12]   ok  hired a production technician
3506.2s [6月1日（週日） 下午 3:12]   click [Quote_RFQ-1] Send quote
3506.3s [6月1日（週日） 下午 3:12]   ok  OEM quote became a Jobs contract with deposit
3506.4s [6月1日（週日） 下午 3:12]   click [MaterialMore] +100 units
3506.5s [6月1日（週日） 下午 3:12]   click [MaterialMore] +100 units
3506.7s [6月1日（週日） 下午 3:12]   click [MaterialMore] +100 units
3506.8s [6月1日（週日） 下午 3:13]   click [MaterialMore] +100 units
3506.9s [6月1日（週日） 下午 3:13]   click [MaterialMore] +100 units
3507.1s [6月1日（週日） 下午 3:13]   click [MaterialMore] +100 units
3507.3s [6月1日（週日） 下午 3:13]   click [MaterialMore] +100 units
3507.4s [6月1日（週日） 下午 3:13]   click [MaterialMore] +100 units
3507.6s [6月1日（週日） 下午 3:14]   click [MaterialMore] +100 units
3507.7s [6月1日（週日） 下午 3:14]   click [MaterialMore] +100 units
3507.8s [6月1日（週日） 下午 3:14]   click [BuyMaterials] Order Ferro materials
3508.7s [6月3日（週二） 下午 3:15]   use "Open Line Planner"
3508.8s [6月3日（週二） 下午 3:15]   click [Select_JOB-1] Schedule this order
3508.9s [6月3日（週二） 下午 3:16]   click [FactoryOvertime] ✗ 加班 · 工資 ×1.5、良率降低 2 個百分點
3509.1s [6月3日（週二） 下午 3:16]   click [More_hours] +
3509.2s [6月3日（週二） 下午 3:16]   click [More_hours] +
3509.4s [6月3日（週二） 下午 3:16]   click [More_hours] +
3509.9s [6月3日（週二） 下午 3:17]   click [More_hours] +
3510.1s [6月3日（週二） 下午 3:17]   click [More_hours] +
3510.2s [6月3日（週二） 下午 3:17]   click [More_hours] +
3510.4s [6月3日（週二） 下午 3:17]   click [More_hours] +
3510.5s [6月3日（週二） 下午 3:18]   click [More_hours] +
3510.7s [6月3日（週二） 下午 3:18]   shot 99_line_planner.png
3510.7s [6月3日（週二） 下午 3:18]   click [ReserveSlot] Reserve production slot
3511.5s [6月5日（週四） 上午 1:00]   use "Open Line Planner"
3511.6s [6月5日（週四） 上午 1:00]   click [Deliver_JOB-1] Deliver and invoice
3511.8s [6月5日（週四） 上午 1:00]   ok  first factory revenue has a completed traceable order
3511.8s [6月5日（週四） 上午 1:00]   click [FactoryTab_quality] Quality results
3511.9s [6月5日（週四） 上午 1:01]   shot 100_factory_quality.png
3511.9s [6月5日（週四） 上午 1:01]   ok  OEM material, overtime, invoice and return journals balanced
3516.6s [6月5日（週四） 上午 1:09]   ok  walked back outside
3516.9s [6月5日（週四） 下午 9:00]   shot 101_industrial_night.png
3527.0s [6月5日（週四） 下午 9:15]   use "捷運——工業區站"
3527.9s [6月5日（週四） 下午 9:17]   shot 102_metro_riverside.png
3527.9s [6月5日（週四） 下午 9:17]   click [Go_riverside] 河濱區  ·  14 分鐘
3528.9s [6月5日（週四） 下午 9:32]   ok  took the Metro to Riverside
3538.1s [6月5日（週四） 下午 9:46]   ok  entered Riverside Tower
3538.1s [6月5日（週四） 下午 9:46] STEP Save → reload → same state
3539.1s [6月5日（週四） 下午 9:47]   ok  cash restored after load
3539.1s [6月5日（週四） 下午 9:47]   ok  time restored after load
3539.1s [6月5日（週四） 下午 9:47]   ok  location restored (riverside_apartment)
3539.3s [6月5日（週四） 下午 9:47]   shot 103_after_load.png
3539.4s [6月1日（週日） 下午 2:00] STEP (harness) skip to Chapter 10
3540.8s [6月1日（週日） 下午 2:02] STEP Residential — licence, brokerage office, client match and first commission
3544.2s [6月3日（週二） 上午 10:06]   ok  walked back outside
3558.2s [6月3日（週二） 上午 10:27]   use "捷運——河濱區站"
3559.2s [6月3日（週二） 上午 10:28]   shot 104_metro_civic_center.png
3559.2s [6月3日（週二） 上午 10:28]   click [Go_civic_center] 市政中心  ·  12 分鐘
3560.2s [6月3日（週二） 上午 10:42]   ok  took the Metro to Civic Center
3567.2s [6月3日（週二） 上午 10:53]   ok  entered Aurelia City Hall
3569.0s [6月3日（週二） 上午 10:55]   use "Permits & regulations"
3569.1s [6月3日（週二） 上午 10:55]   click [PropertyPermits] Property permits
3569.2s [6月3日（週二） 上午 10:55]   click [ApplyRealtyPermit_brokerage] 申請：$250.00 · 3 天
3570.3s [6月6日（週五） 上午 10:57]   ok  brokerage licence followed City Hall fee and three-day process
3573.3s [6月6日（週五） 上午 11:03]   ok  walked back outside
3578.9s [6月6日（週五） 上午 11:11]   use "捷運——市政中心站"
3579.9s [6月6日（週五） 上午 11:12]   shot 105_metro_residential.png
3579.9s [6月6日（週五） 上午 11:12]   click [Go_residential] 住宅區  ·  32 分鐘
3580.9s [6月6日（週五） 上午 11:46]   ok  took the Metro to Residential
3581.0s [6月6日（週五） 上午 11:46]   shot 106_residential_day.png
3586.1s [6月6日（週五） 上午 11:54]   ok  entered Harlow & Finch Realty
3586.5s [6月6日（週五） 上午 11:54]   use "Lease the brokerage office"
3586.6s [6月6日（週五） 上午 11:54]   click [SignLease_realty_office] Sign the lease
3587.9s [6月6日（週五） 上午 11:56]   use "Open Matchmaker"
3588.0s [6月6日（週五） 上午 11:57]   click [OpenBrokerage] Open the brokerage
3588.2s [6月6日（週五） 上午 11:57]   shot 107_matchmaker.png
3588.7s [6月6日（週五） 上午 11:58]   use "Open Matchmaker"
3588.8s [6月6日（週五） 上午 11:58]   click [Mandate_M-1] 選擇物件
3589.0s [6月6日（週五） 上午 11:58]   click [Client_C-4] 選擇客戶
3589.1s [6月6日（週五） 上午 11:58]   click [Negotiate_soft] 柔性議價
3589.3s [6月6日（週五） 上午 11:59]   click [ArrangeViewing] 安排帶看：$180.00 · 90 分鐘
3590.1s [6月6日（週五） 下午 1:30]   use "Open Matchmaker"
3590.2s [6月6日（週五） 下午 1:30]   click [Mandate_M-2] 選擇物件
3590.3s [6月6日（週五） 下午 1:30]   click [Client_C-3] 選擇客戶
3590.5s [6月6日（週五） 下午 1:30]   click [Negotiate_soft] 柔性議價
3590.6s [6月6日（週五） 下午 1:31]   click [ArrangeViewing] 安排帶看：$180.00 · 90 分鐘
3591.4s [6月6日（週五） 下午 3:02]   use "Open Matchmaker"
3591.5s [6月6日（週五） 下午 3:02]   click [Mandate_M-2] 選擇物件
3591.7s [6月6日（週五） 下午 3:02]   click [Client_C-5] 選擇客戶
3591.8s [6月6日（週五） 下午 3:02]   click [Negotiate_soft] 柔性議價
3592.0s [6月6日（週五） 下午 3:03]   click [ArrangeViewing] 安排帶看：$180.00 · 90 分鐘
3593.0s [6月13日（週五） 下午 4:34]   use "Open Matchmaker"
3593.1s [6月13日（週五） 下午 4:34]   click [Mandate_M-7] 選擇物件
3593.2s [6月13日（週五） 下午 4:34]   click [Client_C-8] 選擇客戶
3593.4s [6月13日（週五） 下午 4:35]   click [Negotiate_soft] 柔性議價
3593.5s [6月13日（週五） 下午 4:35]   click [ArrangeViewing] 安排帶看：$180.00 · 90 分鐘
3594.3s [6月13日（週五） 下午 6:06]   use "Open Matchmaker"
3594.4s [6月13日（週五） 下午 6:06]   click [Mandate_M-7] 選擇物件
3594.6s [6月13日（週五） 下午 6:06]   click [Client_C-10] 選擇客戶
3594.7s [6月13日（週五） 下午 6:07]   click [Negotiate_soft] 柔性議價
3594.9s [6月13日（週五） 下午 6:07]   click [ArrangeViewing] 安排帶看：$180.00 · 90 分鐘
3595.5s [6月13日（週五） 下午 7:38]   ok  first brokerage income from a real client deal
3595.5s [6月13日（週五） 下午 7:38]   ok  viewing and commission ledger balanced
3595.6s [6月13日（週五） 下午 7:38]   use "Open Matchmaker"
3595.7s [6月13日（週五） 下午 7:38]   click [RealtyTab_properties] Properties
3595.9s [6月13日（週五） 下午 7:38]   shot 108_property_management.png
3598.5s [6月13日（週五） 下午 7:43]   ok  walked back outside
3602.3s [6月13日（週五） 下午 7:49]   use "捷運——住宅區站"
3603.2s [6月13日（週五） 下午 7:50]   shot 109_metro_riverside.png
3603.2s [6月13日（週五） 下午 7:50]   click [Go_riverside] 河濱區  ·  19 分鐘
3604.3s [6月13日（週五） 下午 8:11]   ok  took the Metro to Riverside
3613.4s [6月13日（週五） 下午 8:25]   ok  entered Riverside Tower
3613.4s [6月13日（週五） 下午 8:25] STEP Save → reload → same state
3614.4s [6月13日（週五） 下午 8:26]   ok  cash restored after load
3614.4s [6月13日（週五） 下午 8:26]   ok  time restored after load
3614.4s [6月13日（週五） 下午 8:26]   ok  location restored (riverside_apartment)
3614.6s [6月13日（週五） 下午 8:26]   shot 110_after_load.png
3614.6s [6月1日（週日） 下午 2:00] STEP (harness) skip to Chapter 10
3616.1s [6月1日（週日） 下午 2:03] STEP University — lease studio, creative pitch, media mix and first client invoice
3619.5s [6月1日（週日） 下午 2:09]   ok  walked back outside
3633.5s [6月1日（週日） 下午 2:30]   use "捷運——河濱區站"
3634.4s [6月1日（週日） 下午 2:31]   shot 111_metro_university.png
3634.4s [6月1日（週日） 下午 2:31]   click [Go_university] 大學城  ·  13 分鐘
3635.4s [6月1日（週日） 下午 2:46]   ok  took the Metro to University
3635.5s [6月1日（週日） 下午 2:46]   shot 112_university_day.png
3643.4s [6月1日（週日） 下午 2:58]   ok  entered The Loft
3643.7s [6月1日（週日） 下午 2:58]   use "Lease The Loft studio"
3643.8s [6月1日（週日） 下午 2:58]   click [SignLease_loft_office] Sign the lease
3645.1s [6月1日（週日） 下午 3:00]   use "Open Campaign Mixer"
3645.2s [6月1日（週日） 下午 3:00]   click [OpenAgency] Open the campaign studio
3645.9s [6月1日（週日） 下午 3:01]   use "Open Campaign Mixer"
3646.0s [6月1日（週日） 下午 3:02]   click [CreativePitch_JOB-1] Build Creative Pitch
3646.6s [6月1日（週日） 下午 3:02]   click [StartGame] Start
3646.7s [6月1日（週日） 下午 3:02]   click [CreativeCard_slogan_2] Care for every home
3646.8s [6月1日（週日） 下午 3:02]   click [CreativeCard_visual_3] Minimal luxury
3646.9s [6月1日（週日） 下午 3:02]   click [CreativeCard_tone_2] Reassuring
3647.0s [6月1日（週日） 下午 3:02]   shot 113_creative_pitch_result.png
3647.0s [6月1日（週日） 下午 3:02]   click [FinishGame] Continue
3647.1s [6月1日（週日） 下午 5:02]   click [Propose_JOB-1] 提出提案 · $280 · 180 分鐘
3647.8s [6月1日（週日） 下午 8:03]   use "Open Campaign Mixer"
3647.9s [6月1日（週日） 下午 8:03]   click [CreativePitch_JOB-2] Build Creative Pitch
3648.5s [6月1日（週日） 下午 8:03]   click [StartGame] Start
3648.6s [6月1日（週日） 下午 8:03]   click [CreativeCard_slogan_1] Make work easier
3648.7s [6月1日（週日） 下午 8:03]   click [CreativeCard_visual_3] Minimal luxury
3648.8s [6月1日（週日） 下午 8:03]   click [CreativeCard_tone_3] Refined
3649.0s [6月1日（週日） 下午 8:03]   shot 114_creative_pitch_result.png
3649.0s [6月1日（週日） 下午 8:03]   click [FinishGame] Continue
3649.0s [6月1日（週日） 下午 10:03]   click [Propose_JOB-2] 提出提案 · $280 · 180 分鐘
3649.6s [6月2日（週一） 上午 1:03]   ok  actual creative cards and proposal win a client job
3649.8s [6月2日（週一） 上午 1:04]   use "Open Campaign Mixer"
3649.9s [6月2日（週一） 上午 1:04]   click [MediaTab_mixer] Media mix
3650.0s [6月2日（週一） 上午 1:04]   click [SelectCampaign_JOB-2] Finch Families
3650.1s [6月2日（週一） 上午 1:04]   click [MixMore_radio] +
3650.3s [6月2日（週一） 上午 1:04]   shot 115_campaign_mixer.png
3651.1s [6月16日（週一） 上午 1:05]   ok  daily campaign finishes actual client work
3651.1s [6月16日（週一） 上午 1:05]   ok  first agency income is a traceable Jobs invoice
3651.1s [6月16日（週一） 上午 1:05]   ok  campaign costs and invoice balance
3651.3s [6月16日（週一） 上午 1:06]   use "Open Campaign Mixer"
3651.4s [6月16日（週一） 上午 1:06]   click [MediaTab_reports] Campaign reports
3651.5s [6月16日（週一） 上午 1:06]   shot 116_campaign_report.png
3654.1s [6月16日（週一） 上午 1:11]   ok  walked back outside
3660.5s [6月16日（週一） 上午 1:20]   use "捷運——大學區站"
3661.5s [6月16日（週一） 上午 1:22]   shot 117_metro_riverside.png
3661.5s [6月16日（週一） 上午 1:22]   click [Go_riverside] 河濱區  ·  13 分鐘
3662.5s [6月16日（週一） 上午 1:37]   ok  took the Metro to Riverside
3671.6s [6月16日（週一） 上午 1:50]   ok  entered Riverside Tower
3671.6s [6月16日（週一） 上午 1:50] STEP Save → reload → same state
3672.6s [6月16日（週一） 上午 1:52]   ok  cash restored after load
3672.9s [6月16日（週一） 上午 1:52]   ok  time restored after load
3672.9s [6月16日（週一） 上午 1:52]   ok  location restored (riverside_apartment)
3673.0s [6月16日（週一） 上午 1:52]   shot 118_after_load.png
3673.0s [6月1日（週日） 下午 2:00] STEP (harness) skip to Chapter 10
3674.5s [6月1日（週日） 下午 2:02] STEP Luxury Heights — take over the Aster Inn, set the Rate Board, staff up and sell the first nights
3677.9s [6月1日（週日） 下午 2:08]   ok  walked back outside
3691.9s [6月1日（週日） 下午 2:29]   use "捷運——河濱區站"
3692.8s [6月1日（週日） 下午 2:30]   shot 119_metro_luxury_heights.png
3692.8s [6月1日（週日） 下午 2:30]   click [Go_luxury_heights] 豪景高地  ·  18 分鐘
3693.8s [6月1日（週日） 下午 2:50]   ok  took the Metro to Luxury Heights
3693.9s [6月1日（週日） 下午 2:50]   shot 120_luxury_heights_day.png
3705.6s [6月1日（週日） 下午 3:08]   ok  entered The Aster
3706.4s [6月1日（週日） 下午 3:09]   use "Open the Rate Board"
3706.5s [6月1日（週日） 下午 3:09]   click [TakeoverAster] 頂下 Aster 小旅館 · $150,000
3706.7s [6月1日（週日） 下午 3:09]   ok  actual takeover opens the 12-room Aster Inn
3706.7s [6月1日（週日） 下午 3:09]   shot 121_rate_board.png
3706.7s [6月1日（週日） 下午 3:09]   click [Price_standard_10] +$10
3706.9s [6月1日（週日） 下午 3:10]   click [BoardNextOps] Next: daily operations
3707.1s [6月1日（週日） 下午 3:10]   shot 122_hotel_operations.png
3707.8s [6月13日（週五） 下午 9:11]   ok  night audits sell rooms and book room revenue
3707.8s [6月13日（週五） 下午 9:11]   ok  hotel books balance
3708.0s [6月13日（週五） 下午 9:11]   use "Open the Rate Board"
3708.1s [6月13日（週五） 下午 9:11]   click [HotelTab_reviews] Guest reviews
3708.3s [6月13日（週五） 下午 9:11]   shot 123_guest_reviews.png
3708.3s [6月1日（週日） 下午 2:00] STEP (harness) skip to Chapter 10
3709.6s [6月1日（週日） 下午 2:02] STEP Industrial - lease warehouse, Roof Survey, subsidy, install and first solar invoice
3713.1s [6月1日（週日） 下午 2:09]   ok  walked back outside
3727.1s [6月1日（週日） 下午 2:30]   use "捷運——河濱區站"
3728.0s [6月1日（週日） 下午 2:31]   shot 124_metro_industrial.png
3728.0s [6月1日（週日） 下午 2:31]   click [Go_industrial] 工業區  ·  14 分鐘
3729.0s [6月1日（週日） 下午 2:47]   ok  took the Metro to Industrial
3729.1s [6月1日（週日） 下午 2:47]   shot 125_industrial_energy_day.png
3734.5s [6月1日（週日） 下午 2:55]   ok  entered Helio Warehouse Office
3737.5s [6月1日（週日） 下午 2:59]   use "Lease the Helio warehouse office"
3737.6s [6月1日（週日） 下午 2:59]   click [SignLease_helio_warehouse] Sign the lease
3739.1s [6月1日（週日） 下午 3:02]   use "Open Energy Console"
3739.2s [6月1日（週日） 下午 3:02]   click [OpenEnergy] 開辦太陽能事業
3739.9s [6月1日（週日） 下午 3:03]   use "Open Energy Console"
3740.0s [6月1日（週日） 下午 3:03]   click [Survey_ROOF-1] 勘查這個屋頂
3740.2s [6月1日（週日） 下午 3:03]   click [AutoLayout] 自動擺放最佳位置
3740.4s [6月1日（週日） 下午 3:04]   shot 126_roof_survey.png
3740.4s [6月1日（週日） 下午 3:04]   click [SendQuote] 送出報價 · $15,632
3740.9s [6月1日（週日） 下午 3:49]   ok  actual Roof Survey quote wins a client job
3741.1s [6月1日（週日） 下午 3:50]   use "Open Energy Console"
3741.2s [6月1日（週日） 下午 3:50]   click [EnergyTab_installs] Installs & warranty
3741.3s [6月1日（週日） 下午 3:50]   click [StartInstall_JOB-1] 訂購材料並開工 · $11,880
3744.4s [7月1日（週二） 下午 3:51]   shot 127_month_close_report.png
3744.4s [7月1日（週二） 下午 3:51]   click [month close] Continue
3744.9s [7月1日（週二） 下午 3:51]   ok  crew-days finish the install
3744.9s [7月1日（週二） 下午 3:51]   ok  first solar income is a traceable Jobs invoice
3744.9s [7月1日（週二） 下午 3:51]   ok  materials, install and invoice balance
3745.1s [7月1日（週二） 下午 3:51]   use "Open Energy Console"
3745.2s [7月1日（週二） 下午 3:52]   click [EnergyTab_installs] Installs & warranty
3745.4s [7月1日（週二） 下午 3:52]   shot 128_energy_installs.png
3750.1s [7月1日（週二） 下午 4:00]   ok  walked back outside
3754.1s [7月1日（週二） 下午 4:06]   use "捷運——工業區站"
3755.0s [7月1日（週二） 下午 4:07]   shot 129_metro_riverside.png
3755.1s [7月1日（週二） 下午 4:07]   click [Go_riverside] 河濱區  ·  14 分鐘
3756.1s [7月1日（週二） 下午 4:23]   ok  took the Metro to Riverside
3765.2s [7月1日（週二） 下午 4:37]   ok  entered Riverside Tower
3765.2s [6月1日（週日） 下午 2:00] STEP (harness) skip to Chapter 10
3766.7s [6月1日（週日） 下午 2:02] STEP Airport - open the auto desk, win a Wednesday auction car, recondition, list and sell it
3770.1s [6月1日（週日） 下午 2:08]   ok  walked back outside
3784.1s [6月1日（週日） 下午 2:29]   use "捷運——河濱區站"
3785.0s [6月1日（週日） 下午 2:30]   shot 130_metro_airport.png
3785.0s [6月1日（週日） 下午 2:30]   click [Go_airport] 國際機場  ·  24 分鐘
3786.1s [6月1日（週日） 下午 2:56]   ok  took the Metro to Airport
3786.1s [6月1日（週日） 下午 2:56]   shot 131_airport_day.png
3795.2s [6月1日（週日） 下午 3:10]   ok  entered Gateway Car Rental
3796.1s [6月1日（週日） 下午 3:11]   use "Open the fleet desk"
3796.2s [6月1日（週日） 下午 3:11]   click [OpenAutoDesk] 開設汽車櫃台 · 執照費 $400.00
3796.3s [6月1日（週日） 下午 3:11]   ok  actual licence opens the auto desk
3796.4s [6月4日（週三） 上午 10:00]   shot 132_auction_lots.png
3797.0s [6月25日（週三） 上午 10:00]   ok  auto books balance
3797.0s [6月25日（週三） 上午 10:00] STEP Save → reload → same state
3797.9s [6月25日（週三） 上午 10:02]   ok  cash restored after load
3797.9s [6月25日（週三） 上午 10:02]   ok  time restored after load
3797.9s [6月25日（週三） 上午 10:02]   ok  location restored (gateway_car_rental)
3797.9s [6月25日（週三） 上午 10:02]   shot 133_after_load.png
3797.9s [6月25日（週三） 上午 10:02] BOT FINISHED — 0 failure(s) · 3797.9s real
3797.9s [6月25日（週三） 上午 10:02] English audit: 45 on-screen text(s) with untranslated words
