Godot Engine v4.5.1.stable.official.f62fdbde1 - https://godotengine.org
OpenGL API 3.3.0 NVIDIA 462.59 - Compatibility - Using Device: NVIDIA - Quadro RTX 4000

   0.0s STEP Main menu → New Game
   0.6s   shot 01_main_menu.png
   0.6s   click [NewGame] New Game
   1.9s STEP Character Creator
   2.0s   shot 02_creator_default.png
   2.0s   click [Tab_hair] Hair
   2.1s   click [Next_hair] ▶
   2.5s   click [Tab_face] Face
   2.6s   click [Next_face] ▶
   2.7s   click [Next_eye_shape] ▶
   2.8s   click [Tab_body] Body
   2.9s   click [Next_presentation] ▶
   3.5s   shot 03_creator_customised.png
   3.5s   click [Tab_outfit] Outfit
   3.5s   click "Startup Casual"
   4.1s   ok  appearance changed from default (short_neat)
   4.2s   shot 04_creator_final.png
   4.2s   click [Start] Start in Aurelia  →
   4.3s [6月1日（週日） 下午 2:00] STEP Arrival sequence
   6.9s [6月1日（週日） 下午 2:00]   shot 05_arrival_train.png
  10.5s [6月1日（週日） 下午 2:00]   shot 06_arrival_phone.png
  15.6s [6月1日（週日） 下午 2:01]   ok  spawned in the Riverside apartment
  15.6s [6月1日（週日） 下午 2:01]   ok  starting cash $30,000
  15.6s [6月1日（週日） 下午 2:01]   ok  name saved
  17.4s [6月1日（週日） 下午 2:03]   shot 07_apartment_arrival.png
  17.4s [6月1日（週日） 下午 2:03] STEP Chapter 1 — phone & Maya
  20.5s [6月1日（週日） 下午 2:08]   shot 08_phone_home.png
  20.5s [6月1日（週日） 下午 2:08]   click [App_messages] 訊息 2
  21.0s [6月1日（週日） 下午 2:09]   click [Thread_maya] Maya  ● 打給我。或傳訊息。隨便。
  23.1s [6月1日（週日） 下午 2:09]   choose "› 嗯。"
  26.1s [6月1日（週日） 下午 2:09]   choose "› 我要開公司。"
  29.6s [6月1日（週日） 下午 2:09]   ok  Maya conversation done
  29.6s [6月1日（週日） 下午 2:09] STEP Head outside
  33.5s [6月1日（週日） 下午 2:15]   ok  walked back outside
  33.5s [6月1日（週日） 下午 2:15]   ok  visited Riverside
  33.7s [6月1日（週日） 下午 2:15]   shot 09_riverside_outside_home.png
  33.7s [6月1日（週日） 下午 2:15] STEP Bloom Coffee
  36.8s [6月1日（週日） 下午 2:20]   ok  entered Bloom Coffee
  37.0s [6月1日（週日） 下午 2:20]   shot 10_bloom_coffee_inside.png
  38.3s [6月1日（週日） 下午 2:22]   use "Order coffee ($4.50)"
  40.4s [6月1日（週日） 下午 2:22]   choose "› 麻煩了。"
  45.3s [6月1日（週日） 下午 2:33]   ok  bought a coffee from Jun
  48.1s [6月1日（週日） 下午 2:38]   ok  walked back outside
  48.1s [6月1日（週日） 下午 2:38] STEP Walk east to Startup Hub
  49.6s [6月1日（週日） 下午 2:40]   shot 11_riverside_street.png
  62.3s [6月1日（週日） 下午 3:11]   ok  walked to Startup Hub
  62.4s [6月1日（週日） 下午 3:11]   shot 12_startup_hub_arrive.png
  62.4s [6月1日（週日） 下午 3:11] STEP Nexus Co-work
  66.4s [6月1日（週日） 下午 3:17]   ok  entered Nexus Co-work
  66.6s [6月1日（週日） 下午 3:17]   shot 13_cowork_inside.png
  67.8s [6月1日（週日） 下午 3:19]   use "Reception — desks & day passes"
  70.4s [6月1日（週日） 下午 3:19]   choose "› 對。先看看。"
  73.4s [6月1日（週日） 下午 3:20]   click [DayPass] Buy a day pass ($15)
  74.3s [6月1日（週日） 下午 3:21] STEP Business Board
  81.7s [6月1日（週日） 下午 3:32]   use "Business Board"
  82.5s [6月1日（週日） 下午 3:34]   shot 14_business_board.png
  82.5s [6月1日（週日） 下午 3:34]   click [Biz_saas] ● SaaS／軟體
  83.1s [6月1日（週日） 下午 3:34]   shot 15_business_board_planned_saas.png
  83.1s [6月1日（週日） 下午 3:34]   click [Biz_ecommerce] ● 電商
  83.2s [6月1日（週日） 下午 3:35]   click [StartEcommerce] Start an ecommerce side business
  84.6s [6月1日（週日） 下午 3:37]   ok  picked ecommerce as first business
  87.1s [6月1日（週日） 下午 3:41]   ok  Chapter 1 complete
  87.1s [6月1日（週日） 下午 3:41] STEP Chapter 2 — buy stock at a hot desk (Company OS)
  96.1s [6月1日（週日） 下午 3:54]   use "Work at a hot desk — Company OS"
  96.8s [6月1日（週日） 下午 3:55]   shot 16_company_os_overview_personal.png
  96.8s [6月1日（週日） 下午 3:55]   click [Tab_operations] Operations
  97.5s [6月1日（週日） 下午 3:56]   shot 17_company_os_suppliers.png
  97.5s [6月1日（週日） 下午 3:56]   click [Buy_tradelink_wholesale_wireless_earbuds] 購買 $900.00
  97.9s [6月1日（週日） 下午 4:07]   click [Buy_tradelink_wholesale_water_bottle] 購買 $408.00
  98.4s [6月1日（週日） 下午 4:17]   click [Buy_tradelink_wholesale_desk_lamp] 購買 $460.00
  98.8s [6月1日（週日） 下午 4:28]   click [Buy_tradelink_wholesale_phone_stand] 購買 $272.00
  99.3s [6月1日（週日） 下午 4:39]   ok  placed purchase orders (MOQ, prepaid): 4 POs, cash $27,940.50
  99.4s [6月1日（週日） 下午 4:39]   shot 18_company_os_purchase_orders.png
  99.7s [6月1日（週日） 下午 4:39] STEP Home to wait for stock
 103.0s [6月1日（週日） 下午 4:45]   ok  walked back outside
 107.0s [6月1日（週日） 下午 5:03]   ok  walked to Riverside
 122.9s [6月1日（週日） 下午 5:27]   ok  entered Riverside Tower
 122.9s [6月1日（週日） 下午 5:27]   (harness) wait 2 h
 125.5s [6月1日（週日） 下午 7:31]   use "Sleep"
 126.1s [6月1日（週日） 下午 7:31]   click [Sleep] Sleep until 7:00 AM
 128.0s [6月2日（週一） 上午 7:01]   (harness) wait 2 h
 128.7s [6月2日（週一） 上午 9:02]   (harness) wait 2 h
 129.3s [6月2日（週一） 上午 11:03]   (harness) wait 2 h
 130.0s [6月2日（週一） 下午 1:04]   (harness) wait 2 h
 130.7s [6月2日（週一） 下午 3:05]   (harness) wait 2 h
 131.4s [6月2日（週一） 下午 5:06]   (harness) wait 2 h
 132.3s [6月2日（週一） 下午 7:07]   use "Sleep"
 132.9s [6月2日（週一） 下午 7:07]   click [Sleep] Sleep until 7:00 AM
 134.7s [6月3日（週二） 上午 7:01]   (harness) wait 2 h
 135.4s [6月3日（週二） 上午 9:02]   (harness) wait 2 h
 136.1s [6月3日（週二） 上午 11:03]   (harness) wait 2 h
 136.8s [6月3日（週二） 下午 1:04]   (harness) wait 2 h
 137.5s [6月3日（週二） 下午 3:05]   ok  stock delivered to the apartment
 138.2s [6月3日（週二） 下午 3:06]   shot 19_apartment_with_stock.png
 138.2s [6月3日（週二） 下午 3:06] STEP List products on ShopLane
 139.5s [6月3日（週二） 下午 3:08]   use "Use laptop — Company OS"
 140.1s [6月3日（週二） 下午 3:09]   click [Tab_sales] Ecommerce
 140.8s [6月3日（週二） 下午 3:10]   shot 20_company_os_sales_ready.png
 140.8s [6月3日（週二） 下午 3:10]   click [ListSelf_wireless_earbuds] Shoot photos myself & list (1 h 20 min)
 141.3s [6月3日（週二） 下午 4:30]   click [ListSelf_water_bottle] Shoot photos myself & list (1 h 20 min)
 141.9s [6月3日（週二） 下午 5:51]   click [ListSelf_desk_lamp] Shoot photos myself & list (1 h 20 min)
 142.5s [6月3日（週二） 下午 7:12]   click [ListSelf_phone_stand] Shoot photos myself & list (1 h 20 min)
 143.1s [6月3日（週二） 下午 8:33]   click [AdPlus_wireless_earbuds] +
 143.7s [6月3日（週二） 下午 8:34]   shot 21_company_os_listings_live.png
 143.7s [6月3日（週二） 下午 8:34]   ok  listings live
 144.0s [6月3日（週二） 下午 8:35] STEP First order → pack → ship
 152.2s [6月3日（週二） 下午 8:47]   use "Packing table"
 153.0s [6月3日（週二） 下午 8:48]   shot 22_packing_table.png
 153.0s [6月3日（週二） 下午 8:48]   click [Pack] 打包 11 筆訂單（1 小時 28 分）
 153.9s [6月3日（週二） 下午 10:17]   click [CourierEconomy] 快遞 · 經濟 3 天（$54.80）
 155.0s [6月3日（週二） 下午 10:19]   ok  first order came in
 155.0s [6月3日（週二） 下午 10:19]   ok  handed to the courier (pickup booked)
 155.0s [6月3日（週二） 下午 10:19] STEP Delivery → first dollar
 163.9s [6月3日（週二） 下午 10:32]   use "Sleep"
 164.5s [6月3日（週二） 下午 10:32]   click [Sleep] Sleep until 7:00 AM
 175.2s [6月4日（週三） 上午 7:14]   use "Packing table"
 175.9s [6月4日（週三） 上午 7:15]   click [Pack] 打包 14 筆訂單（1 小時 52 分）
 176.8s [6月4日（週三） 上午 9:08]   click [CourierEconomy] 快遞 · 經濟 3 天（$70.00）
 177.9s [6月4日（週三） 上午 9:10]   ok  first order delivered (Earn Your First Dollar)
 177.9s [6月4日（週三） 上午 9:10]   revenue booked $248.89 · ShopLane balance $223.99 · cash $27,700.20
 178.1s [6月4日（週三） 上午 9:10]   shot 23_first_dollar.png
 178.1s [6月4日（週三） 上午 9:10] STEP First customer issue
 178.1s [6月4日（週三） 上午 9:10]   (harness) wait 2 h
 185.1s [6月4日（週三） 上午 11:21]   use "Packing table"
 185.8s [6月4日（週三） 上午 11:22]   click [Pack] 打包 5 筆訂單（40 分鐘）
 186.7s [6月4日（週三） 下午 12:03]   click [CourierEconomy] 快遞 · 經濟 3 天（$27.00）
 187.8s [6月4日（週三） 下午 12:05]   (harness) wait 2 h
 188.7s [6月4日（週三） 下午 2:06]   use "Packing table"
 189.4s [6月4日（週三） 下午 2:07]   click [Pack] 打包 10 筆訂單（1 小時 20 分）
 190.3s [6月4日（週三） 下午 3:28]   click [CourierEconomy] 快遞 · 經濟 3 天（$50.60）
 191.4s [6月4日（週三） 下午 3:30]   (harness) wait 2 h
 192.3s [6月4日（週三） 下午 5:31]   use "Packing table"
 193.0s [6月4日（週三） 下午 5:32]   click [Pack] 打包 9 筆訂單（1 小時 12 分）
 193.9s [6月4日（週三） 下午 6:46]   click [CourierEconomy] 快遞 · 經濟 3 天（$49.00）
 195.0s [6月4日（週三） 下午 6:48]   (harness) wait 2 h
 195.8s [6月4日（週三） 下午 8:49]   use "Packing table"
 196.5s [6月4日（週三） 下午 8:50]   click [Pack] 打包 14 筆訂單（1 小時 52 分）
 197.4s [6月4日（週三） 下午 10:43]   click [CourierEconomy] 快遞 · 經濟 3 天（$64.80）
 201.3s [6月4日（週三） 下午 10:49]   use "Sleep"
 201.9s [6月4日（週三） 下午 10:49]   click [Sleep] Sleep until 7:00 AM
 203.7s [6月5日（週四） 上午 7:00]   shot 24_decision_customer_return_first.png
 203.7s [6月5日（週四） 上午 7:00]   decision customer_return_first → replace
 203.7s [6月5日（週四） 上午 7:00]   click [Choice_replace] 寄一個新的（快捷）
 205.4s [6月5日（週四） 上午 7:00]   shot 25_decision_outcome_customer_return_first.png
 205.4s [6月5日（週四） 上午 7:00]   click "OK"
 214.7s [6月5日（週四） 上午 7:14]   use "Packing table"
 215.4s [6月5日（週四） 上午 7:15]   click [Pack] 打包 8 筆訂單（1 小時 4 分）
 216.3s [6月5日（週四） 上午 8:20]   click [CourierEconomy] 快遞 · 經濟 3 天（$39.60）
 217.4s [6月5日（週四） 上午 8:22]   ok  resolved the first customer issue
 219.4s [6月5日（週四） 上午 8:25]   ok  Chapter 2 complete
 219.4s [6月5日（週四） 上午 8:25] STEP Purchase cancellation
 221.0s [6月5日（週四） 上午 8:27]   use "Use laptop — Company OS"
 221.6s [6月5日（週四） 上午 8:28]   click [Tab_operations] Operations
 222.3s [6月5日（週四） 上午 8:29]   click [Buy_tradelink_wholesale_wireless_earbuds] 購買 $900.00
 223.2s [6月5日（週四） 上午 8:40]   click [CancelPO_PO-105] Cancel purchase
 223.9s [6月5日（週四） 上午 8:40]   shot 26_purchase_cancel_confirmation.png
 223.9s [6月5日（週四） 上午 8:40]   click [ConfirmReturn] Confirm cancellation
 224.6s [6月5日（週四） 上午 8:40]   ok  extra PO cancelled through UI
 224.6s [6月5日（週四） 上午 8:40]   ok  cancellation cash equals quoted refund
 224.6s [6月5日（週四） 上午 8:40]   ok  ledger balanced after purchase cancellation
 225.0s [6月5日（週四） 上午 8:41]   shot 27_purchase_cancelled_operations.png
 225.4s [6月5日（週四） 上午 8:42] STEP Chapter 3 — wait for a weekday morning
 228.1s [6月5日（週四） 上午 8:47]   ok  walked back outside
 228.1s [6月5日（週四） 上午 8:47] STEP Metro to Civic Center → City Hall
 236.3s [6月5日（週四） 上午 8:59]   use "捷運——河濱區站"
 237.2s [6月5日（週四） 上午 9:00]   shot 28_metro_civic_center.png
 237.2s [6月5日（週四） 上午 9:00]   click [Go_civic_center] 市政中心  ·  12 分鐘
 238.4s [6月5日（週四） 上午 9:14]   ok  took the Metro to Civic Center
 238.5s [6月5日（週四） 上午 9:14]   shot 29_civic_center.png
 245.5s [6月5日（週四） 上午 9:24]   ok  entered Aurelia City Hall
 245.7s [6月5日（週四） 上午 9:24]   shot 30_city_hall_inside.png
 246.7s [6月5日（週四） 上午 9:26]   use "Registration counter"
 248.8s [6月5日（週四） 上午 9:26]   choose "› 我要登記公司。"
 251.5s [6月5日（週四） 上午 9:27]   shot 31_registration_form.png
 251.5s [6月5日（週四） 上午 9:27]   click [Submit] Register & pay
 252.5s [6月5日（週四） 上午 10:13]   shot 32_registration_done.png
 252.5s [6月5日（週四） 上午 10:13]   click "Thanks"
 252.5s [6月5日（週四） 上午 10:13]   ok  registered Riverlight Goods
 252.7s [6月5日（週四） 上午 10:13]   shot 33_decision_low_cash_warning.png
 252.7s [6月5日（週四） 上午 10:13]   decision low_cash_warning → reduce
 252.7s [6月5日（週四） 上午 10:13]   click [Choice_reduce] 縮減開支（暫停廣告、生活從簡）
 254.1s [6月5日（週四） 上午 10:13]   shot 34_decision_outcome_low_cash_warning.png
 254.1s [6月5日（週四） 上午 10:13]   click "OK"
 257.1s [6月5日（週四） 上午 10:18]   ok  walked back outside
 257.1s [6月5日（週四） 上午 10:18] STEP Walk to the Financial District → Nexus Bank
 266.5s [6月5日（週四） 上午 10:38]   ok  walked to Financial District
 270.7s [6月5日（週四） 上午 10:44]   ok  entered Nexus Bank
 270.9s [6月5日（週四） 上午 10:44]   shot 35_bank_inside.png
 271.9s [6月5日（週四） 上午 10:46]   use "Teller — business banking"
 272.6s [6月5日（週四） 上午 10:47]   click "$15,000"
 272.8s [6月5日（週四） 上午 10:47]   click [OpenAccount] 存入 $15,000 開戶
 273.8s [6月5日（週四） 上午 11:19]   shot 36_bank_account_opened.png
 274.1s [6月5日（週四） 上午 11:19]   ok  business account opened with founder capital
 278.5s [6月5日（週四） 上午 11:27]   ok  walked back outside
 278.5s [6月5日（週四） 上午 11:27] STEP Metro to Startup Hub → lease Suite 2B
 284.9s [6月5日（週四） 上午 11:37]   use "捷運——金融區站"
 285.9s [6月5日（週四） 上午 11:38]   shot 37_metro_startup_hub.png
 285.9s [6月5日（週四） 上午 11:38]   click [Go_startup_hub] 新創園區  ·  8 分鐘
 286.9s [6月5日（週四） 上午 11:48]   ok  took the Metro to Startup Hub
 292.0s [6月5日（週四） 上午 11:55]   ok  entered 22 Founders Lane
 292.1s [6月5日（週四） 上午 11:55]   shot 38_suite_2b_tour.png
 293.1s [6月5日（週四） 上午 11:57]   use "和 Tom 說話"
 295.5s [6月5日（週四） 上午 11:57]   click [SignLease] Sign the lease
 296.6s [6月5日（週四） 上午 11:59]   ok  leased Suite 2B
 297.3s [6月5日（週四） 下午 12:00]   shot 39_suite_2b_company_sign.png
 297.3s [6月5日（週四） 下午 12:00] STEP Sit at the desk → Company OS as the company
 298.0s [6月5日（週四） 下午 12:01]   use "Sit at your desk — Company OS"
 299.2s [6月5日（週四） 下午 12:03]   shot 40_company_os_as_company.png
 299.2s [6月5日（週四） 下午 12:03]   click [Tab_finance] Finance
 299.9s [6月5日（週四） 下午 12:04]   shot 41_company_os_finance.png
 299.9s [6月5日（週四） 下午 12:04]   click [Tab_inventory] Inventory
 300.5s [6月5日（週四） 下午 12:05]   shot 42_company_os_inventory.png
 303.9s [6月5日（週四） 下午 12:10]   ok  Chapter 3 complete
 306.2s [6月5日（週四） 下午 12:14]   ok  walked back outside
 306.4s [6月5日（週四） 下午 12:14]   shot 43_startup_hub_office_sign.png
 306.4s [6月5日（週四） 下午 12:14] STEP Careers — part-time job at Nexus Co-work
 312.8s [6月5日（週四） 下午 12:24]   ok  entered Nexus Co-work
 315.0s [6月5日（週四） 下午 12:27]   use "Business Board"
 315.7s [6月5日（週四） 下午 12:28]   click [Page_jobs] Part-time jobs
 316.4s [6月5日（週四） 下午 12:29]   shot 44_business_board_jobs.png
 316.4s [6月5日（週四） 下午 12:29]   click [Job_cowork_host] 詳情／應徵
 316.9s [6月5日（週四） 下午 12:30]   click [ApplyJob] Take the job
 317.5s [6月5日（週四） 下午 12:31]   shot 45_job_hired.png
 318.6s [6月5日（週四） 下午 12:33]   ok  hired as a community host
 325.3s [6月5日（週四） 下午 12:43]   use "Staff door — work a shift"
 326.1s [6月5日（週四） 下午 12:44]   shot 46_job_shift.png
 326.1s [6月5日（週四） 下午 12:44]   click [WorkShift] 開始 4 小時的班（最多 +$72）
 328.0s [6月5日（週四） 下午 4:46]   ok  a 4-hour shift paid by how it went ($67.68)
 328.0s [6月5日（週四） 下午 4:46] STEP Careers — freelance gig at a hot desk
 328.0s [6月5日（週四） 下午 4:46]   info card: Your first business loop
 328.1s [6月5日（週四） 下午 4:46]   shot 47_info_your_first_business_loop.png
 328.1s [6月5日（週四） 下午 4:46]   click "Let's go"
 337.1s [6月5日（週四） 下午 4:59]   use "Work at a hot desk — Company OS"
 337.7s [6月5日（週四） 下午 5:00]   click [Tab_freelance] Explore freelance consulting
 338.2s [6月5日（週四） 下午 5:01]   click [StartFreelance] Start freelancing
 338.9s [6月5日（週四） 下午 5:02]   click [Accept_G1] Accept
 339.4s [6月5日（週四） 下午 5:02]   click [Work_G1] 工作 2 小時
 340.2s [6月5日（週四） 下午 7:04]   shot 48_freelance_gig.png
 340.2s [6月5日（週四） 下午 7:04]   ok  put hours into a freelance gig
 340.2s [6月5日（週四） 下午 7:04] STEP Careers — start a SaaS product
 340.2s [6月5日（週四） 下午 7:04]   click [Tab_saas] Start a software product
 340.8s [6月5日（週四） 下午 7:04]   shot 49_saas_ideas.png
 340.8s [6月5日（週四） 下午 7:04]   click [Saas_freelancer_invoicing] Build this
 341.3s [6月5日（週四） 下午 7:05]   click [SaasCode] 寫程式 2 小時
 342.1s [6月5日（週四） 下午 9:06]   shot 50_saas_building.png
 342.1s [6月5日（週四） 下午 9:06]   ok  started building a SaaS product (2 dev h)
 345.7s [6月5日（週四） 下午 9:13]   ok  walked back outside
 345.7s [6月5日（週四） 下午 9:13] STEP Run the company to month-end
 349.7s [6月5日（週四） 下午 9:31]   ok  walked to Riverside
 365.6s [6月5日（週四） 下午 9:55]   ok  entered Riverside Tower
 367.1s [6月5日（週四） 下午 9:57]   use "Use laptop — Company OS"
 367.7s [6月5日（週四） 下午 9:58]   click [Tab_operations] Operations
 367.9s [6月5日（週四） 下午 9:58]   click [DeliverTo_riverside_studio] 河濱大樓 7C
 368.1s [6月5日（週四） 下午 9:58]   click [Buy_tradelink_wholesale_water_bottle] 購買 $408.00
 368.2s [6月5日（週四） 下午 10:09]   click [Buy_tradelink_wholesale_wireless_earbuds] 購買 $900.00
 376.4s [6月5日（週四） 下午 10:31]   use "Sleep"
 377.0s [6月5日（週四） 下午 10:31]   click [Sleep] Sleep until 7:00 AM
 387.7s [6月6日（週五） 上午 7:14]   use "Packing table"
 388.4s [6月6日（週五） 上午 7:15]   click [Pack] 打包 56 筆訂單（7 小時 28 分）
 389.3s [6月6日（週五） 下午 2:44]   click [CourierEconomy] 快遞 · 經濟 3 天（$259.40）
 392.1s [6月6日（週五） 下午 2:48]   use "Use laptop — Company OS"
 392.7s [6月6日（週五） 下午 2:49]   click [Tab_operations] Operations
 392.9s [6月6日（週五） 下午 2:49]   click [DeliverTo_riverside_studio] 河濱大樓 7C
 393.1s [6月6日（週五） 下午 2:50]   click [Buy_tradelink_wholesale_water_bottle] 購買 $408.00
 393.3s [6月6日（週五） 下午 3:00]   click [Buy_tradelink_wholesale_wireless_earbuds] 購買 $900.00
 401.6s [6月6日（週五） 下午 7:12]   use "Sleep"
 402.2s [6月6日（週五） 下午 7:12]   click [Sleep] Sleep until 7:00 AM
 412.9s [6月7日（週六） 上午 7:14]   use "Packing table"
 413.5s [6月7日（週六） 上午 7:15]   click [Pack] 打包 44 筆訂單（5 小時 52 分）
 414.5s [6月7日（週六） 下午 1:08]   click [CourierEconomy] 快遞 · 經濟 3 天（$209.00）
 417.2s [6月7日（週六） 下午 1:12]   use "Use laptop — Company OS"
 417.8s [6月7日（週六） 下午 1:13]   click [Tab_operations] Operations
 418.0s [6月7日（週六） 下午 1:13]   click [DeliverTo_riverside_studio] 河濱大樓 7C
 418.2s [6月7日（週六） 下午 1:14]   click [Buy_tradelink_wholesale_wireless_earbuds] 購買 $900.00
 426.5s [6月7日（週六） 下午 7:11]   use "Sleep"
 427.1s [6月7日（週六） 下午 7:11]   click [Sleep] Sleep until 7:00 AM
 437.8s [6月8日（週日） 上午 7:14]   use "Packing table"
 438.5s [6月8日（週日） 上午 7:15]   click [Pack] 打包 37 筆訂單（4 小時 56 分）
 439.4s [6月8日（週日） 下午 12:12]   click [CourierEconomy] 快遞 · 經濟 3 天（$174.40）
 449.4s [6月8日（週日） 下午 7:13]   use "Sleep"
 450.0s [6月8日（週日） 下午 7:13]   click [Sleep] Sleep until 7:00 AM
 460.7s [6月9日（週一） 上午 7:14]   use "Packing table"
 461.4s [6月9日（週一） 上午 7:15]   click [Pack] 打包 35 筆訂單（4 小時 40 分）
 462.3s [6月9日（週一） 上午 11:56]   click [CourierEconomy] 快遞 · 經濟 3 天（$163.40）
 463.5s [6月9日（週一） 上午 11:58]   shot 51_decision_customer_return.png
 463.5s [6月9日（週一） 上午 11:58]   decision customer_return → replace
 463.5s [6月9日（週一） 上午 11:58]   click [Choice_replace] 寄一個新的
 464.9s [6月9日（週一） 上午 11:58]   shot 52_decision_outcome_customer_return.png
 464.9s [6月9日（週一） 上午 11:58]   click "OK"
 474.4s [6月9日（週一） 下午 7:14]   use "Sleep"
 475.0s [6月9日（週一） 下午 7:14]   click [Sleep] Sleep until 7:00 AM
 476.8s [6月10日（週二） 上午 7:00]   shot 53_decision_customer_return.png
 476.8s [6月10日（週二） 上午 7:00]   decision customer_return → replace
 476.8s [6月10日（週二） 上午 7:00]   click [Choice_replace] 寄一個新的
 478.2s [6月10日（週二） 上午 7:00]   shot 54_decision_outcome_customer_return.png
 478.2s [6月10日（週二） 上午 7:00]   click "OK"
 487.6s [6月10日（週二） 上午 7:14]   use "Packing table"
 488.2s [6月10日（週二） 上午 7:15]   click [Pack] 打包 47 筆訂單（6 小時 16 分）
 489.2s [6月10日（週二） 下午 1:32]   click [CourierEconomy] 快遞 · 經濟 3 天（$224.20）
 490.4s [6月10日（週二） 下午 1:34]   shot 55_decision_customer_return.png
 490.4s [6月10日（週二） 下午 1:34]   decision customer_return → refund
 490.4s [6月10日（週二） 下午 1:34]   click [Choice_refund] 退款＋收回商品
 491.8s [6月10日（週二） 下午 1:34]   shot 56_decision_outcome_customer_return.png
 492.0s [6月10日（週二） 下午 1:34]   click "OK"
 501.4s [6月10日（週二） 下午 7:14]   use "Sleep"
 502.0s [6月10日（週二） 下午 7:14]   click [Sleep] Sleep until 7:00 AM
 512.7s [6月11日（週三） 上午 7:14]   use "Packing table"
 513.4s [6月11日（週三） 上午 7:15]   click [Pack] 打包 21 筆訂單（2 小時 48 分）
 514.3s [6月11日（週三） 上午 10:04]   click [CourierEconomy] 快遞 · 經濟 3 天（$102.00）
 515.7s [6月11日（週三） 下午 7:00]   shot 57_decision_customer_return.png
 515.7s [6月11日（週三） 下午 7:00]   decision customer_return → refund
 515.7s [6月11日（週三） 下午 7:00]   click [Choice_refund] 退款＋收回商品
 517.0s [6月11日（週三） 下午 7:00]   shot 58_decision_outcome_customer_return.png
 517.1s [6月11日（週三） 下午 7:00]   click "OK"
 526.4s [6月11日（週三） 下午 7:13]   use "Sleep"
 527.0s [6月11日（週三） 下午 7:14]   click [Sleep] Sleep until 7:00 AM
 528.9s [6月12日（週四） 上午 7:00]   shot 59_decision_customer_return.png
 528.9s [6月12日（週四） 上午 7:00]   decision customer_return → replace
 528.9s [6月12日（週四） 上午 7:00]   click [Choice_replace] 寄一個新的
 530.2s [6月12日（週四） 上午 7:00]   shot 60_decision_outcome_customer_return.png
 530.2s [6月12日（週四） 上午 7:00]   click "OK"
 539.6s [6月12日（週四） 上午 7:13]   use "Packing table"
 540.3s [6月12日（週四） 上午 7:15]   click [Pack] 打包 13 筆訂單（1 小時 44 分）
 541.2s [6月12日（週四） 上午 9:00]   click [CourierEconomy] 快遞 · 經濟 3 天（$60.60）
 542.4s [6月12日（週四） 上午 9:02]   shot 61_decision_customer_return.png
 542.4s [6月12日（週四） 上午 9:02]   decision customer_return → replace
 542.4s [6月12日（週四） 上午 9:02]   click [Choice_replace] 寄一個新的
 543.8s [6月12日（週四） 上午 9:02]   shot 62_decision_outcome_customer_return.png
 543.8s [6月12日（週四） 上午 9:02]   click "OK"
 553.2s [6月12日（週四） 下午 7:14]   use "Sleep"
 553.8s [6月12日（週四） 下午 7:14]   click [Sleep] Sleep until 7:00 AM
 555.7s [6月13日（週五） 上午 7:00]   shot 63_decision_customer_return.png
 555.7s [6月13日（週五） 上午 7:00]   decision customer_return → refund
 555.7s [6月13日（週五） 上午 7:00]   click [Choice_refund] 退款＋收回商品
 557.1s [6月13日（週五） 上午 7:00]   shot 64_decision_outcome_customer_return.png
 557.1s [6月13日（週五） 上午 7:00]   click "OK"
 557.6s [6月13日（週五） 上午 7:00]   shot 65_decision_customer_return.png
 557.6s [6月13日（週五） 上午 7:00]   decision customer_return → refund
 557.6s [6月13日（週五） 上午 7:00]   click [Choice_refund] 退款＋收回商品
 559.0s [6月13日（週五） 上午 7:00]   shot 66_decision_outcome_customer_return.png
 559.0s [6月13日（週五） 上午 7:00]   click "OK"
 568.4s [6月13日（週五） 上午 7:14]   use "Packing table"
 569.1s [6月13日（週五） 上午 7:15]   click [Pack] 打包 31 筆訂單（4 小時 8 分）
 570.0s [6月13日（週五） 上午 11:24]   click [CourierEconomy] 快遞 · 經濟 3 天（$136.20）
 571.4s [6月13日（週五） 下午 7:00]   shot 67_decision_customer_return.png
 571.4s [6月13日（週五） 下午 7:00]   decision customer_return → refund
 571.4s [6月13日（週五） 下午 7:00]   click [Choice_refund] 退款＋收回商品
 572.7s [6月13日（週五） 下午 7:00]   shot 68_decision_outcome_customer_return.png
 572.7s [6月13日（週五） 下午 7:00]   click "OK"
 573.3s [6月13日（週五） 下午 7:00]   shot 69_decision_customer_return.png
 573.3s [6月13日（週五） 下午 7:00]   decision customer_return → refund
 573.3s [6月13日（週五） 下午 7:00]   click [Choice_refund] 退款＋收回商品
 574.6s [6月13日（週五） 下午 7:00]   shot 70_decision_outcome_customer_return.png
 574.6s [6月13日（週五） 下午 7:00]   click "OK"
 584.0s [6月13日（週五） 下午 7:14]   use "Sleep"
 584.6s [6月13日（週五） 下午 7:14]   click [Sleep] Sleep until 7:00 AM
 586.4s [6月14日（週六） 上午 7:00]   shot 71_decision_customer_return.png
 586.4s [6月14日（週六） 上午 7:00]   decision customer_return → refund
 586.4s [6月14日（週六） 上午 7:00]   click [Choice_refund] 退款＋收回商品
 587.8s [6月14日（週六） 上午 7:00]   shot 72_decision_outcome_customer_return.png
 587.8s [6月14日（週六） 上午 7:00]   click "OK"
 597.2s [6月14日（週六） 上午 7:13]   use "Packing table"
 597.9s [6月14日（週六） 上午 7:15]   click [Pack] 打包 20 筆訂單（2 小時 40 分）
 598.8s [6月14日（週六） 上午 9:56]   click [CourierEconomy] 快遞 · 經濟 3 天（$90.00）
 600.0s [6月14日（週六） 上午 9:58]   shot 73_decision_customer_return.png
 600.0s [6月14日（週六） 上午 9:58]   decision customer_return → replace
 600.0s [6月14日（週六） 上午 9:58]   click [Choice_replace] 寄一個新的
 601.4s [6月14日（週六） 上午 9:58]   shot 74_decision_outcome_customer_return.png
 601.4s [6月14日（週六） 上午 9:58]   click "OK"
 601.9s [6月14日（週六） 上午 9:58]   shot 75_decision_customer_return.png
 601.9s [6月14日（週六） 上午 9:58]   decision customer_return → replace
 601.9s [6月14日（週六） 上午 9:58]   click [Choice_replace] 寄一個新的
 603.3s [6月14日（週六） 上午 9:58]   shot 76_decision_outcome_customer_return.png
 603.3s [6月14日（週六） 上午 9:58]   click "OK"
 604.0s [6月14日（週六） 下午 7:00]   shot 77_decision_customer_return.png
 604.0s [6月14日（週六） 下午 7:00]   decision customer_return → refund
 604.0s [6月14日（週六） 下午 7:00]   click [Choice_refund] 退款＋收回商品
 605.4s [6月14日（週六） 下午 7:00]   shot 78_decision_outcome_customer_return.png
 605.4s [6月14日（週六） 下午 7:00]   click "OK"
 614.7s [6月14日（週六） 下午 7:14]   use "Sleep"
 615.3s [6月14日（週六） 下午 7:14]   click [Sleep] Sleep until 7:00 AM
 626.0s [6月15日（週日） 上午 7:14]   use "Packing table"
 626.7s [6月15日（週日） 上午 7:15]   click [Pack] 打包 25 筆訂單（3 小時 20 分）
 627.6s [6月15日（週日） 上午 10:36]   click [CourierEconomy] 快遞 · 經濟 3 天（$113.60）
 628.8s [6月15日（週日） 上午 10:38]   shot 79_decision_customer_return.png
 628.8s [6月15日（週日） 上午 10:38]   decision customer_return → replace
 628.8s [6月15日（週日） 上午 10:38]   click [Choice_replace] 寄一個新的
 630.2s [6月15日（週日） 上午 10:38]   shot 80_decision_outcome_customer_return.png
 630.2s [6月15日（週日） 上午 10:38]   click "OK"
 630.9s [6月15日（週日） 下午 7:00]   shot 81_decision_customer_return.png
 630.9s [6月15日（週日） 下午 7:00]   decision customer_return → replace
 630.9s [6月15日（週日） 下午 7:00]   click [Choice_replace] 寄一個新的
 632.4s [6月15日（週日） 下午 7:00]   shot 82_decision_outcome_customer_return.png
 632.4s [6月15日（週日） 下午 7:00]   click "OK"
 632.9s [6月15日（週日） 下午 7:00]   shot 83_decision_customer_return.png
 632.9s [6月15日（週日） 下午 7:00]   decision customer_return → replace
 632.9s [6月15日（週日） 下午 7:00]   click [Choice_replace] 寄一個新的
 634.3s [6月15日（週日） 下午 7:00]   shot 84_decision_outcome_customer_return.png
 634.3s [6月15日（週日） 下午 7:00]   click "OK"
 643.7s [6月15日（週日） 下午 7:13]   use "Sleep"
 644.3s [6月15日（週日） 下午 7:14]   click [Sleep] Sleep until 7:00 AM
 655.0s [6月16日（週一） 上午 7:14]   use "Packing table"
 655.7s [6月16日（週一） 上午 7:15]   click [Pack] 打包 27 筆訂單（3 小時 36 分）
 656.6s [6月16日（週一） 上午 10:52]   click [CourierEconomy] 快遞 · 經濟 3 天（$119.40）
 659.4s [6月16日（週一） 上午 10:56]   use "Use laptop — Company OS"
 660.0s [6月16日（週一） 上午 10:57]   click [Tab_operations] Operations
 660.3s [6月16日（週一） 上午 10:58]   click [DeliverTo_riverside_studio] 河濱大樓 7C
 660.6s [6月16日（週一） 上午 10:58]   click [Buy_tradelink_wholesale_water_bottle] 購買 $408.00
 668.9s [6月16日（週一） 下午 7:12]   use "Sleep"
 669.5s [6月16日（週一） 下午 7:12]   click [Sleep] Sleep until 7:00 AM
 671.4s [6月17日（週二） 上午 7:00]   shot 85_decision_customer_return.png
 671.4s [6月17日（週二） 上午 7:00]   decision customer_return → replace
 671.4s [6月17日（週二） 上午 7:00]   click [Choice_replace] 寄一個新的
 672.8s [6月17日（週二） 上午 7:00]   shot 86_decision_outcome_customer_return.png
 672.8s [6月17日（週二） 上午 7:00]   click "OK"
 682.1s [6月17日（週二） 上午 7:14]   use "Packing table"
 682.8s [6月17日（週二） 上午 7:15]   click [Pack] 打包 16 筆訂單（2 小時 8 分）
 683.7s [6月17日（週二） 上午 9:24]   click [CourierEconomy] 快遞 · 經濟 3 天（$73.20）
 686.5s [6月17日（週二） 上午 9:28]   use "Use laptop — Company OS"
 687.1s [6月17日（週二） 上午 9:29]   click [Tab_operations] Operations
 687.3s [6月17日（週二） 上午 9:29]   click [DeliverTo_riverside_studio] 河濱大樓 7C
 687.5s [6月17日（週二） 上午 9:29]   click [Buy_tradelink_wholesale_water_bottle] 購買 $408.00
 695.8s [6月17日（週二） 下午 7:12]   use "Sleep"
 696.4s [6月17日（週二） 下午 7:12]   click [Sleep] Sleep until 7:00 AM
 707.1s [6月18日（週三） 上午 7:14]   use "Packing table"
 707.8s [6月18日（週三） 上午 7:15]   click [Pack] 打包 17 筆訂單（2 小時 16 分）
 708.7s [6月18日（週三） 上午 9:32]   click [CourierEconomy] 快遞 · 經濟 3 天（$77.40）
 711.4s [6月18日（週三） 上午 9:36]   use "Use laptop — Company OS"
 712.1s [6月18日（週三） 上午 9:37]   click [Tab_operations] Operations
 712.2s [6月18日（週三） 上午 9:37]   click [DeliverTo_riverside_studio] 河濱大樓 7C
 712.4s [6月18日（週三） 上午 9:38]   click [Buy_tradelink_wholesale_water_bottle] 購買 $408.00
 720.8s [6月18日（週三） 下午 7:11]   use "Sleep"
 721.4s [6月18日（週三） 下午 7:11]   click [Sleep] Sleep until 7:00 AM
 732.1s [6月19日（週四） 上午 7:14]   use "Packing table"
 732.8s [6月19日（週四） 上午 7:15]   click [Pack] 打包 27 筆訂單（3 小時 36 分）
 733.7s [6月19日（週四） 上午 10:52]   click [CourierEconomy] 快遞 · 經濟 3 天（$119.40）
 734.9s [6月19日（週四） 上午 10:54]   shot 87_decision_unexpected_large_order.png
 734.9s [6月19日（週四） 上午 10:54]   decision unexpected_large_order → review
 734.9s [6月19日（週四） 上午 10:54]   click [Choice_review] 把合約寄給我，我看看。
 736.3s [6月19日（週四） 上午 10:54]   shot 88_decision_outcome_unexpected_large_order.png
 736.3s [6月19日（週四） 上午 10:54]   click "OK"
 738.4s [6月19日（週四） 上午 10:57]   use "Use laptop — Company OS"
 739.0s [6月19日（週四） 上午 10:58]   click [Tab_operations] Operations
 739.2s [6月19日（週四） 上午 10:58]   click [DeliverTo_riverside_studio] 河濱大樓 7C
 739.4s [6月19日（週四） 上午 10:58]   click [Buy_tradelink_wholesale_wireless_earbuds] 購買 $900.00
 739.6s [6月19日（週四） 上午 11:08]   click [Tab_contracts] 合約 ●
 740.3s [6月19日（週四） 上午 11:09]   shot 89_contract_offer.png
 740.3s [6月19日（週四） 上午 11:09]   click [AcceptContract] Accept
 741.5s [6月19日（週四） 下午 7:00]   shot 90_decision_customer_return.png
 741.5s [6月19日（週四） 下午 7:00]   decision customer_return → replace
 741.5s [6月19日（週四） 下午 7:00]   click [Choice_replace] 寄一個新的
 742.8s [6月19日（週四） 下午 7:00]   shot 91_decision_outcome_customer_return.png
 742.8s [6月19日（週四） 下午 7:00]   click "OK"
 743.4s [6月19日（週四） 下午 7:00]   shot 92_decision_customer_return.png
 743.4s [6月19日（週四） 下午 7:00]   decision customer_return → refund
 743.4s [6月19日（週四） 下午 7:00]   click [Choice_refund] 退款＋收回商品
 744.8s [6月19日（週四） 下午 7:00]   shot 93_decision_outcome_customer_return.png
 744.8s [6月19日（週四） 下午 7:00]   click "OK"
 753.0s [6月19日（週四） 下午 7:12]   use "Sleep"
 753.6s [6月19日（週四） 下午 7:12]   click [Sleep] Sleep until 7:00 AM
 755.6s [6月20日（週五） 上午 7:00]   shot 94_decision_customer_return.png
 755.6s [6月20日（週五） 上午 7:00]   decision customer_return → refund
 755.6s [6月20日（週五） 上午 7:00]   click [Choice_refund] 退款＋收回商品
 757.0s [6月20日（週五） 上午 7:00]   shot 95_decision_outcome_customer_return.png
 757.0s [6月20日（週五） 上午 7:00]   click "OK"
 766.4s [6月20日（週五） 上午 7:14]   use "Packing table"
 767.1s [6月20日（週五） 上午 7:15]   click [Pack] 打包 7 筆訂單（56 分鐘）
 768.0s [6月20日（週五） 上午 8:12]   click [CourierEconomy] 快遞 · 經濟 3 天（$35.40）
 770.8s [6月20日（週五） 上午 8:16]   use "Use laptop — Company OS"
 771.3s [6月20日（週五） 上午 8:17]   click [Tab_operations] Operations
 771.5s [6月20日（週五） 上午 8:17]   click [DeliverTo_riverside_studio] 河濱大樓 7C
 771.7s [6月20日（週五） 上午 8:18]   click [Buy_tradelink_wholesale_water_bottle] 購買 $408.00
 771.9s [6月20日（週五） 上午 8:28]   click [Buy_tradelink_wholesale_water_bottle] 購買 $408.00
 772.1s [6月20日（週五） 上午 8:38]   click [Buy_tradelink_wholesale_wireless_earbuds] 購買 $900.00
 772.3s [6月20日（週五） 上午 8:48]   click [Tab_contracts] Contracts
 773.5s [6月20日（週五） 下午 7:00]   shot 96_decision_customer_return.png
 773.5s [6月20日（週五） 下午 7:00]   decision customer_return → refund
 773.5s [6月20日（週五） 下午 7:00]   click [Choice_refund] 退款＋收回商品
 774.8s [6月20日（週五） 下午 7:00]   shot 97_decision_outcome_customer_return.png
 774.8s [6月20日（週五） 下午 7:00]   click "OK"
 775.4s [6月20日（週五） 下午 7:00]   shot 98_decision_customer_return.png
 775.4s [6月20日（週五） 下午 7:00]   decision customer_return → replace
 775.4s [6月20日（週五） 下午 7:00]   click [Choice_replace] 寄一個新的
 776.7s [6月20日（週五） 下午 7:00]   shot 99_decision_outcome_customer_return.png
 776.7s [6月20日（週五） 下午 7:00]   click "OK"
 785.0s [6月20日（週五） 下午 7:12]   use "Sleep"
 785.6s [6月20日（週五） 下午 7:12]   click [Sleep] Sleep until 7:00 AM
 796.3s [6月21日（週六） 上午 7:14]   use "Packing table"
 797.0s [6月21日（週六） 上午 7:15]   click [Pack] 打包 3 筆訂單（24 分鐘）
 797.9s [6月21日（週六） 上午 7:40]   click [CourierEconomy] 快遞 · 經濟 3 天（$18.60）
 800.7s [6月21日（週六） 上午 7:44]   use "Use laptop — Company OS"
 801.3s [6月21日（週六） 上午 7:45]   click [Tab_operations] Operations
 801.5s [6月21日（週六） 上午 7:46]   click [DeliverTo_riverside_studio] 河濱大樓 7C
 801.6s [6月21日（週六） 上午 7:46]   click [Buy_tradelink_wholesale_wireless_earbuds] 購買 $900.00
 801.8s [6月21日（週六） 上午 7:56]   click [Tab_contracts] Contracts
 802.4s [6月21日（週六） 上午 7:57]   click [DeliverContract] 打包並交貨 120 件（B2B 貨運 $40）
 803.1s [6月21日（週六） 上午 9:28]   shot 100_contract_delivered.png
 803.7s [6月21日（週六） 下午 7:00]   shot 101_decision_customer_return.png
 803.7s [6月21日（週六） 下午 7:00]   decision customer_return → replace
 803.7s [6月21日（週六） 下午 7:00]   click [Choice_replace] 寄一個新的
 805.0s [6月21日（週六） 下午 7:00]   shot 102_decision_outcome_customer_return.png
 805.0s [6月21日（週六） 下午 7:00]   click "OK"
 813.3s [6月21日（週六） 下午 7:12]   use "Sleep"
 813.9s [6月21日（週六） 下午 7:12]   click [Sleep] Sleep until 7:00 AM
 815.7s [6月22日（週日） 上午 7:00]   shot 103_decision_customer_return.png
 815.7s [6月22日（週日） 上午 7:00]   decision customer_return → replace
 815.8s [6月22日（週日） 上午 7:00]   click [Choice_replace] 寄一個新的
 817.2s [6月22日（週日） 上午 7:00]   shot 104_decision_outcome_customer_return.png
 817.2s [6月22日（週日） 上午 7:00]   click "OK"
 826.5s [6月22日（週日） 上午 7:13]   use "Packing table"
 827.2s [6月22日（週日） 上午 7:15]   click [Pack] 打包 18 筆訂單（2 小時 24 分）
 828.1s [6月22日（週日） 上午 9:40]   click [CourierEconomy] 快遞 · 經濟 3 天（$81.60）
 829.3s [6月22日（週日） 上午 9:42]   shot 105_decision_customer_return.png
 829.3s [6月22日（週日） 上午 9:42]   decision customer_return → replace
 829.3s [6月22日（週日） 上午 9:42]   click [Choice_replace] 寄一個新的
 830.7s [6月22日（週日） 上午 9:42]   shot 106_decision_outcome_customer_return.png
 830.7s [6月22日（週日） 上午 9:42]   click "OK"
 831.2s [6月22日（週日） 上午 9:42]   shot 107_decision_supplier_price_increase.png
 831.2s [6月22日（週日） 上午 9:42]   decision supplier_price_increase → accept
 831.3s [6月22日（週日） 上午 9:42]   click [Choice_accept] 好。繼續跟你進貨。
 832.6s [6月22日（週日） 上午 9:42]   shot 108_decision_outcome_supplier_price_increase.png
 832.6s [6月22日（週日） 上午 9:42]   click "OK"
 833.2s [6月22日（週日） 上午 9:42]   shot 109_decision_customer_return.png
 833.2s [6月22日（週日） 上午 9:42]   decision customer_return → replace
 833.2s [6月22日（週日） 上午 9:42]   click [Choice_replace] 寄一個新的
 834.5s [6月22日（週日） 上午 9:42]   shot 110_decision_outcome_customer_return.png
 834.5s [6月22日（週日） 上午 9:42]   click "OK"
 843.9s [6月22日（週日） 下午 7:14]   use "Sleep"
 844.5s [6月22日（週日） 下午 7:14]   click [Sleep] Sleep until 7:00 AM
 846.4s [6月23日（週一） 上午 7:00]   shot 111_decision_customer_return.png
 846.4s [6月23日（週一） 上午 7:00]   decision customer_return → replace
 846.4s [6月23日（週一） 上午 7:00]   click [Choice_replace] 寄一個新的
 847.7s [6月23日（週一） 上午 7:00]   shot 112_decision_outcome_customer_return.png
 847.7s [6月23日（週一） 上午 7:00]   click "OK"
 857.1s [6月23日（週一） 上午 7:13]   use "Packing table"
 857.8s [6月23日（週一） 上午 7:15]   click [Pack] 打包 23 筆訂單（3 小時 4 分）
 858.7s [6月23日（週一） 上午 10:20]   click [CourierEconomy] 快遞 · 經濟 3 天（$102.60）
 868.8s [6月23日（週一） 下午 7:13]   use "Sleep"
 869.4s [6月23日（週一） 下午 7:13]   click [Sleep] Sleep until 7:00 AM
 880.1s [6月24日（週二） 上午 7:14]   use "Packing table"
 880.8s [6月24日（週二） 上午 7:15]   click [Pack] 打包 26 筆訂單（3 小時 28 分）
 881.7s [6月24日（週二） 上午 10:44]   click [CourierEconomy] 快遞 · 經濟 3 天（$115.20）
 891.8s [6月24日（週二） 下午 7:13]   use "Sleep"
 892.4s [6月24日（週二） 下午 7:13]   click [Sleep] Sleep until 7:00 AM
 903.0s [6月25日（週三） 上午 7:14]   use "Packing table"
 903.7s [6月25日（週三） 上午 7:15]   click [Pack] 打包 16 筆訂單（2 小時 8 分）
 904.6s [6月25日（週三） 上午 9:24]   click [CourierEconomy] 快遞 · 經濟 3 天（$73.20）
 914.7s [6月25日（週三） 下午 7:13]   use "Sleep"
 915.3s [6月25日（週三） 下午 7:13]   click [Sleep] Sleep until 7:00 AM
 917.1s [6月26日（週四） 上午 7:00]   shot 113_decision_customer_return.png
 917.1s [6月26日（週四） 上午 7:00]   decision customer_return → replace
 917.1s [6月26日（週四） 上午 7:00]   click [Choice_replace] 寄一個新的
 918.5s [6月26日（週四） 上午 7:00]   shot 114_decision_outcome_customer_return.png
 918.5s [6月26日（週四） 上午 7:00]   click "OK"
 927.9s [6月26日（週四） 上午 7:14]   use "Packing table"
 928.6s [6月26日（週四） 上午 7:15]   click [Pack] 打包 29 筆訂單（3 小時 52 分）
 929.5s [6月26日（週四） 上午 11:08]   click [CourierEconomy] 快遞 · 經濟 3 天（$127.80）
 930.9s [6月26日（週四） 下午 7:00]   shot 115_decision_customer_return.png
 930.9s [6月26日（週四） 下午 7:00]   decision customer_return → replace
 930.9s [6月26日（週四） 下午 7:00]   click [Choice_replace] 寄一個新的
 932.3s [6月26日（週四） 下午 7:00]   shot 116_decision_outcome_customer_return.png
 932.3s [6月26日（週四） 下午 7:00]   click "OK"
 941.7s [6月26日（週四） 下午 7:14]   use "Sleep"
 942.3s [6月26日（週四） 下午 7:14]   click [Sleep] Sleep until 7:00 AM
 944.2s [6月27日（週五） 上午 7:00]   shot 117_decision_customer_return.png
 944.2s [6月27日（週五） 上午 7:00]   decision customer_return → replace
 944.2s [6月27日（週五） 上午 7:00]   click [Choice_replace] 寄一個新的
 945.5s [6月27日（週五） 上午 7:00]   shot 118_decision_outcome_customer_return.png
 945.5s [6月27日（週五） 上午 7:00]   click "OK"
 954.9s [6月27日（週五） 上午 7:14]   use "Packing table"
 955.6s [6月27日（週五） 上午 7:15]   click [Pack] 打包 26 筆訂單（3 小時 28 分）
 956.5s [6月27日（週五） 上午 10:44]   click [CourierEconomy] 快遞 · 經濟 3 天（$115.20）
 966.6s [6月27日（週五） 下午 7:13]   use "Sleep"
 967.2s [6月27日（週五） 下午 7:13]   click [Sleep] Sleep until 7:00 AM
 977.9s [6月28日（週六） 上午 7:14]   use "Packing table"
 978.6s [6月28日（週六） 上午 7:15]   click [Pack] 打包 18 筆訂單（2 小時 24 分）
 979.5s [6月28日（週六） 上午 9:40]   click [CourierEconomy] 快遞 · 經濟 3 天（$81.60）
 980.7s [6月28日（週六） 上午 9:42]   shot 119_decision_viral_mention.png
 980.7s [6月28日（週六） 上午 9:42]   decision viral_mention → ride
 980.7s [6月28日（週六） 上午 9:42]   click [Choice_ride] 順其自然
 982.1s [6月28日（週六） 上午 9:42]   shot 120_decision_outcome_viral_mention.png
 982.1s [6月28日（週六） 上午 9:42]   click "OK"
 991.5s [6月28日（週六） 下午 7:14]   use "Sleep"
 992.1s [6月28日（週六） 下午 7:14]   click [Sleep] Sleep until 7:00 AM
1002.8s [6月29日（週日） 上午 7:14]   use "Packing table"
1003.5s [6月29日（週日） 上午 7:15]   click [Pack] 打包 38 筆訂單（5 小時 4 分）
1004.5s [6月29日（週日） 下午 12:20]   click [CourierEconomy] 快遞 · 經濟 3 天（$165.60）
1005.8s [6月29日（週日） 下午 7:00]   shot 121_decision_customer_return.png
1005.8s [6月29日（週日） 下午 7:00]   decision customer_return → replace
1005.8s [6月29日（週日） 下午 7:00]   click [Choice_replace] 寄一個新的
1007.2s [6月29日（週日） 下午 7:00]   shot 122_decision_outcome_customer_return.png
1007.2s [6月29日（週日） 下午 7:00]   click "OK"
1016.6s [6月29日（週日） 下午 7:14]   use "Sleep"
1017.2s [6月29日（週日） 下午 7:14]   click [Sleep] Sleep until 7:00 AM
1019.1s [6月30日（週一） 上午 7:00]   shot 123_decision_customer_return.png
1019.1s [6月30日（週一） 上午 7:00]   decision customer_return → replace
1019.1s [6月30日（週一） 上午 7:00]   click [Choice_replace] 寄一個新的
1020.5s [6月30日（週一） 上午 7:00]   shot 124_decision_outcome_customer_return.png
1020.6s [6月30日（週一） 上午 7:00]   click "OK"
1029.9s [6月30日（週一） 上午 7:14]   use "Packing table"
1030.6s [6月30日（週一） 上午 7:15]   click [Pack] 打包 38 筆訂單（5 小時 4 分）
1031.6s [6月30日（週一） 下午 12:20]   click [CourierEconomy] 快遞 · 經濟 3 天（$165.60）
1034.3s [6月30日（週一） 下午 12:24]   use "Use laptop — Company OS"
1035.0s [6月30日（週一） 下午 12:25]   click [Tab_operations] Operations
1035.1s [6月30日（週一） 下午 12:25]   click [DeliverTo_riverside_studio] 河濱大樓 7C
1035.3s [6月30日（週一） 下午 12:26]   click [Buy_tradelink_wholesale_wireless_earbuds] 購買 $1,035.00
1043.7s [6月30日（週一） 下午 7:11]   use "Sleep"
1044.3s [6月30日（週一） 下午 7:11]   click [Sleep] Sleep until 7:00 AM
1048.0s [7月1日（週二） 上午 7:00]   shot 125_month_close_report.png
1048.0s [7月1日（週二） 上午 7:00]   click [month close] Continue
1057.4s [7月1日（週二） 上午 7:13]   use "Packing table"
1058.1s [7月1日（週二） 上午 7:15]   click [Pack] 打包 22 筆訂單（2 小時 56 分）
1059.0s [7月1日（週二） 上午 10:12]   click [CourierEconomy] 快遞 · 經濟 3 天（$98.40）
1061.3s [7月1日（週二） 上午 10:15]   ok  month close ran (June)
1062.9s [7月1日（週二） 上午 10:18]   use "Use laptop — Company OS"
1063.5s [7月1日（週二） 上午 10:19]   click [Tab_finance] Finance
1064.3s [7月1日（週二） 上午 10:20]   shot 126_company_os_finance_july.png
1064.7s [7月1日（週二） 上午 10:21]   ok  Chapter 4 started after the June close
1064.7s [7月1日（週二） 上午 10:21] STEP Chapter 4 — register as an employer at City Hall
1067.4s [7月1日（週二） 上午 10:26]   ok  walked back outside
1081.4s [7月1日（週二） 上午 10:46]   use "捷運——河濱區站"
1082.3s [7月1日（週二） 上午 10:48]   shot 127_metro_civic_center.png
1082.3s [7月1日（週二） 上午 10:48]   click [Go_civic_center] 市政中心  ·  12 分鐘
1083.3s [7月1日（週二） 上午 11:01]   ok  took the Metro to Civic Center
1090.4s [7月1日（週二） 上午 11:12]   ok  entered Aurelia City Hall
1092.2s [7月1日（週二） 上午 11:15]   use "Permits & regulations"
1092.9s [7月1日（週二） 上午 11:16]   shot 128_permits_kiosk.png
1092.9s [7月1日（週二） 上午 11:16]   click [RegisterEmployer] 登記（$150）
1093.9s [7月1日（週二） 上午 11:37]   ok  registered as an employer
1093.9s [7月1日（週二） 上午 11:37] STEP Chapter 4 — post a job, hire, first payroll
1096.9s [7月1日（週二） 上午 11:43]   ok  walked back outside
1102.5s [7月1日（週二） 上午 11:51]   use "捷運——市政中心站"
1103.5s [7月1日（週二） 上午 11:53]   shot 129_metro_riverside.png
1103.5s [7月1日（週二） 上午 11:53]   click [Go_riverside] 河濱區  ·  12 分鐘
1104.5s [7月1日（週二） 下午 12:06]   ok  took the Metro to Riverside
1113.6s [7月1日（週二） 下午 12:20]   ok  entered Riverside Tower
1115.1s [7月1日（週二） 下午 12:22]   use "Use laptop — Company OS"
1115.7s [7月1日（週二） 下午 12:23]   click [Tab_people] People
1116.4s [7月1日（週二） 下午 12:24]   shot 130_people_tab.png
1116.4s [7月1日（週二） 下午 12:24]   click [Post_support] Post job
1117.3s [7月1日（週二） 下午 12:25]   ok  job ad posted
1117.3s [7月1日（週二） 下午 12:25]   (harness) wait 2 h
1125.8s [7月1日（週二） 下午 2:38]   use "Packing table"
1126.5s [7月1日（週二） 下午 2:39]   click [Pack] 打包 5 筆訂單（40 分鐘）
1127.4s [7月1日（週二） 下午 3:21]   click [CourierEconomy] 快遞 · 經濟 3 天（$27.00）
1128.5s [7月1日（週二） 下午 3:22]   (harness) wait 2 h
1129.3s [7月1日（週二） 下午 5:23]   use "Packing table"
1130.0s [7月1日（週二） 下午 5:24]   click [Pack] 打包 3 筆訂單（24 分鐘）
1130.9s [7月1日（週二） 下午 5:50]   click [CourierEconomy] 快遞 · 經濟 3 天（$18.60）
1132.1s [7月1日（週二） 下午 5:52]   (harness) wait 2 h
1132.7s [7月1日（週二） 下午 7:52]   shot 131_decision_customer_return.png
1132.7s [7月1日（週二） 下午 7:52]   decision customer_return → replace
1132.7s [7月1日（週二） 下午 7:52]   click [Choice_replace] 寄一個新的
1134.1s [7月1日（週二） 下午 7:52]   shot 132_decision_outcome_customer_return.png
1134.1s [7月1日（週二） 下午 7:52]   click "OK"
1134.8s [7月1日（週二） 下午 7:52]   use "Packing table"
1135.5s [7月1日（週二） 下午 7:54]   click [Pack] 打包 2 筆訂單（16 分鐘）
1136.4s [7月1日（週二） 下午 8:11]   click [CourierEconomy] 快遞 · 經濟 3 天（$14.40）
1140.2s [7月1日（週二） 下午 8:17]   use "Sleep"
1140.8s [7月1日（週二） 下午 8:17]   click [Sleep] Sleep until 7:00 AM
1151.6s [7月2日（週三） 上午 7:14]   use "Packing table"
1152.3s [7月2日（週三） 上午 7:15]   click [Pack] 打包 2 筆訂單（16 分鐘）
1153.2s [7月2日（週三） 上午 7:32]   click [CourierEconomy] 快遞 · 經濟 3 天（$14.40）
1155.9s [7月2日（週三） 上午 7:36]   use "Use laptop — Company OS"
1156.5s [7月2日（週三） 上午 7:37]   click [Tab_people] People
1157.4s [7月2日（週三） 上午 7:38]   shot 133_applicants.png
1157.4s [7月2日（週三） 上午 7:38]   click [Hire_E1] Hire
1158.3s [7月2日（週三） 上午 7:40]   ok  hired the first employee (Ravi Park)
1164.9s [7月2日（週三） 下午 7:10]   shot 134_decision_customer_return.png
1164.9s [7月2日（週三） 下午 7:10]   decision customer_return → replace
1164.9s [7月2日（週三） 下午 7:10]   click [Choice_replace] 寄一個新的
1166.3s [7月2日（週三） 下午 7:10]   shot 135_decision_outcome_customer_return.png
1166.3s [7月2日（週三） 下午 7:10]   click "OK"
1167.0s [7月2日（週三） 下午 7:11]   use "Sleep"
1167.6s [7月2日（週三） 下午 7:11]   click [Sleep] Sleep until 7:00 AM
1178.3s [7月3日（週四） 上午 7:14]   use "Packing table"
1179.0s [7月3日（週四） 上午 7:15]   click [Pack] 打包 18 筆訂單（2 小時 24 分）
1179.9s [7月3日（週四） 上午 9:40]   click [CourierEconomy] 快遞 · 經濟 3 天（$81.60）
1189.8s [7月3日（週四） 下午 7:13]   use "Sleep"
1190.4s [7月3日（週四） 下午 7:13]   click [Sleep] Sleep until 7:00 AM
1201.2s [7月4日（週五） 上午 7:14]   use "Packing table"
1201.9s [7月4日（週五） 上午 7:15]   click [Pack] 打包 29 筆訂單（3 小時 52 分）
1202.8s [7月4日（週五） 上午 11:08]   click [CourierEconomy] 快遞 · 經濟 3 天（$127.80）
1212.8s [7月4日（週五） 下午 7:13]   use "Sleep"
1213.4s [7月4日（週五） 下午 7:13]   click [Sleep] Sleep until 7:00 AM
1224.1s [7月5日（週六） 上午 7:14]   use "Packing table"
1224.8s [7月5日（週六） 上午 7:15]   click [Pack] 打包 17 筆訂單（2 小時 16 分）
1225.7s [7月5日（週六） 上午 9:32]   click [CourierEconomy] 快遞 · 經濟 3 天（$77.40）
1226.8s [7月5日（週六） 上午 9:34]   ok  first payroll paid
1228.4s [7月5日（週六） 上午 9:36]   use "Use laptop — Company OS"
1229.0s [7月5日（週六） 上午 9:37]   click [Tab_finance] Finance
1229.8s [7月5日（週六） 上午 9:38]   shot 136_cash_forecast.png
1231.2s [7月5日（週六） 上午 9:40]   ok  Chapter 4 complete
1231.2s [7月5日（週六） 上午 9:40] STEP Chapter 5 — Crestline's offer
1239.0s [7月5日（週六） 下午 7:11]   use "Sleep"
1239.6s [7月5日（週六） 下午 7:11]   click [Sleep] Sleep until 7:00 AM
1250.3s [7月6日（週日） 上午 7:14]   use "Packing table"
1251.0s [7月6日（週日） 上午 7:15]   click [Pack] 打包 25 筆訂單（3 小時 20 分）
1251.9s [7月6日（週日） 上午 10:36]   click [CourierEconomy] 快遞 · 經濟 3 天（$111.00）
1261.9s [7月6日（週日） 下午 7:13]   use "Sleep"
1262.5s [7月6日（週日） 下午 7:13]   click [Sleep] Sleep until 7:00 AM
1273.2s [7月7日（週一） 上午 7:14]   use "Packing table"
1273.9s [7月7日（週一） 上午 7:15]   click [Pack] 打包 4 筆訂單（32 分鐘）
1274.7s [7月7日（週一） 上午 7:48]   click [CourierEconomy] 快遞 · 經濟 3 天（$22.80）
1284.7s [7月7日（週一） 下午 7:13]   use "Sleep"
1285.3s [7月7日（週一） 下午 7:13]   click [Sleep] Sleep until 7:00 AM
1287.5s [7月8日（週二） 下午 7:00]   use "Sleep"
1288.1s [7月8日（週二） 下午 7:00]   click [Sleep] Sleep until 7:00 AM
1298.8s [7月9日（週三） 上午 7:14]   use "Packing table"
1299.5s [7月9日（週三） 上午 7:15]   click [Pack] 打包 1 筆訂單（8 分鐘）
1300.4s [7月9日（週三） 上午 7:24]   click [CourierEconomy] 快遞 · 經濟 3 天（$10.20）
1310.3s [7月9日（週三） 下午 7:13]   use "Sleep"
1310.9s [7月9日（週三） 下午 7:13]   click [Sleep] Sleep until 7:00 AM
1321.7s [7月10日（週四） 上午 7:14]   use "Packing table"
1322.4s [7月10日（週四） 上午 7:15]   click [Pack] 打包 1 筆訂單（8 分鐘）
1323.3s [7月10日（週四） 上午 7:24]   click [CourierEconomy] 快遞 · 經濟 3 天（$10.20）
1325.6s [7月10日（週四） 下午 7:02]   shot 137_decision_crestline_big_offer.png
1325.7s [7月10日（週四） 下午 7:02]   decision crestline_big_offer → review
1325.7s [7月10日（週四） 下午 7:02]   click [Choice_review] 把合約寄來，我看看。
1327.0s [7月10日（週四） 下午 7:02]   shot 138_decision_outcome_crestline_big_offer.png
1327.0s [7月10日（週四） 下午 7:02]   click "OK"
1335.3s [7月10日（週四） 下午 7:14]   use "Sleep"
1335.9s [7月10日（週四） 下午 7:14]   click [Sleep] Sleep until 7:00 AM
1337.8s [7月11日（週五） 上午 7:01]   ok  Crestline offered the big contract
1339.0s [7月11日（週五） 上午 7:02]   use "Use laptop — Company OS"
1339.6s [7月11日（週五） 上午 7:03]   click [Tab_contracts] 合約 ●
1340.3s [7月11日（週五） 上午 7:04]   shot 139_big_contract_offer.png
1340.3s [7月11日（週五） 上午 7:04]   click [AcceptContract] Accept
1341.3s [7月11日（週五） 上午 7:06]   ok  accepted Crestline's contract
1341.3s [7月11日（週五） 上午 7:06] STEP Chapter 5 — borrow from Marcus Reed at Nexus Bank
1344.1s [7月11日（週五） 上午 7:11]   ok  walked back outside
1358.1s [7月11日（週五） 上午 7:32]   use "捷運——河濱區站"
1359.1s [7月11日（週五） 上午 7:33]   shot 140_metro_financial.png
1359.1s [7月11日（週五） 上午 7:33]   click [Go_financial] 金融區  ·  10 分鐘
1360.1s [7月11日（週五） 上午 7:45]   ok  took the Metro to Financial District
1360.5s [7月11日（週五） 下午 1:05]   shot 141_decision_supplier_price_increase.png
1360.5s [7月11日（週五） 下午 1:05]   decision supplier_price_increase → accept
1360.5s [7月11日（週五） 下午 1:05]   click [Choice_accept] 好。繼續跟你進貨。
1361.9s [7月11日（週五） 下午 1:05]   shot 142_decision_outcome_supplier_price_increase.png
1361.9s [7月11日（週五） 下午 1:05]   click "OK"
1370.0s [7月11日（週五） 下午 1:17]   ok  entered Nexus Bank
1371.7s [7月11日（週五） 下午 1:19]   use "和 Marcus Reed 說話"
1374.7s [7月11日（週五） 下午 1:19]   choose "› 讓我看看你能借多少。"
1376.8s [7月11日（週五） 下午 1:19]   shot 143_loan_offer.png
1376.8s [7月11日（週五） 下午 1:19]   click [Amt_50] $25,000
1377.1s [7月11日（週五） 下午 1:19]   click [Term_12] 12 個月
1377.4s [7月11日（週五） 下午 1:19]   click [TakeLoan] 借 $25,000
1377.7s [7月11日（週五） 下午 1:19]   click [ConfirmLoan] Confirm loan signing
1378.1s [7月11日（週五） 下午 5:00]   ok  loan signing finishes the same afternoon
1378.7s [7月11日（週五） 下午 5:00]   shot 144_loan_taken.png
1379.1s [7月11日（週五） 下午 5:00]   ok  took a Nexus Bank loan (debt $25,000.00)
1379.1s [7月11日（週五） 下午 5:00] STEP Chapter 5 — order the lamps and deliver
1384.7s [7月11日（週五） 下午 5:09]   ok  walked back outside
1390.8s [7月11日（週五） 下午 5:19]   use "捷運——金融區站"
1391.8s [7月11日（週五） 下午 5:20]   shot 145_metro_riverside.png
1391.8s [7月11日（週五） 下午 5:20]   click [Go_riverside] 河濱區  ·  10 分鐘
1392.8s [7月11日（週五） 下午 5:32]   ok  took the Metro to Riverside
1401.9s [7月11日（週五） 下午 5:45]   ok  entered Riverside Tower
1403.4s [7月11日（週五） 下午 5:47]   use "Use laptop — Company OS"
1404.0s [7月11日（週五） 下午 5:48]   click [Tab_contracts] Contracts
1404.7s [7月11日（週五） 下午 5:49]   click [FillContract] 追加訂購 800 件，向 TradeLink 批發（$9,200）
1405.4s [7月11日（週五） 下午 6:00]   shot 146_contract_restock.png
1413.3s [7月11日（週五） 下午 7:11]   use "Sleep"
1413.9s [7月11日（週五） 下午 7:11]   click [Sleep] Sleep until 7:00 AM
1416.1s [7月12日（週六） 下午 7:00]   use "Sleep"
1416.7s [7月12日（週六） 下午 7:00]   click [Sleep] Sleep until 7:00 AM
1418.9s [7月13日（週日） 下午 7:00]   use "Sleep"
1419.5s [7月13日（週日） 下午 7:00]   click [Sleep] Sleep until 7:00 AM
1422.6s [7月14日（週一） 上午 7:02]   use "Use laptop — Company OS"
1423.2s [7月14日（週一） 上午 7:03]   click [Tab_contracts] Contracts
1423.9s [7月14日（週一） 上午 7:04]   click [DeliverContract] 打包並交貨 800 件（B2B 貨運 $40）
1425.0s [7月14日（週一） 上午 8:35]   shot 147_big_contract_delivered.png
1425.3s [7月14日（週一） 上午 8:36]   ok  delivered 800 lamps to Crestline
1426.4s [7月14日（週一） 上午 8:38]   ok  Chapter 5 complete
1426.4s [7月14日（週一） 上午 8:38] STEP Chapter 6 — forecast, early payment, month in the black
1426.6s [7月14日（週一） 上午 8:38]   use "Use laptop — Company OS"
1427.2s [7月14日（週一） 上午 8:39]   click [Tab_finance] Finance
1428.2s [7月14日（週一） 上午 8:40]   shot 148_cash_forecast_ch6.png
1428.2s [7月14日（週一） 上午 8:40]   click [Tab_contracts] Contracts
1428.7s [7月14日（週一） 上午 8:41]   click [EarlyPayment] 請對方提前付款（折 3%：現在拿 $21,728）
1429.4s [7月14日（週一） 上午 8:42]   shot 149_early_payment.png
1429.8s [7月14日（週一） 上午 8:43]   ok  Crestline paid early (3% discount)
1437.2s [7月14日（週一） 下午 7:11]   use "Sleep"
1437.8s [7月14日（週一） 下午 7:11]   click [Sleep] Sleep until 7:00 AM
1440.0s [7月15日（週二） 下午 7:00]   shot 150_decision_elena_offer.png
1440.0s [7月15日（週二） 下午 7:00]   decision elena_offer → accept
1440.0s [7月15日（週二） 下午 7:00]   click [Choice_accept] 以 20% 股份換 $40,000
1441.3s [7月15日（週二） 下午 7:00]   shot 151_decision_outcome_elena_offer.png
1441.3s [7月15日（週二） 下午 7:00]   click "OK"
1442.0s [7月15日（週二） 下午 7:00]   use "Sleep"
1442.6s [7月15日（週二） 下午 7:00]   click [Sleep] Sleep until 7:00 AM
1444.8s [7月16日（週三） 下午 7:00]   use "Sleep"
1445.4s [7月16日（週三） 下午 7:00]   click [Sleep] Sleep until 7:00 AM
1447.6s [7月17日（週四） 下午 7:00]   use "Sleep"
1448.3s [7月17日（週四） 下午 7:00]   click [Sleep] Sleep until 7:00 AM
1450.5s [7月18日（週五） 下午 7:00]   use "Sleep"
1451.1s [7月18日（週五） 下午 7:00]   click [Sleep] Sleep until 7:00 AM
1459.8s [7月19日（週六） 下午 7:10]   use "Sleep"
1460.4s [7月19日（週六） 下午 7:10]   click [Sleep] Sleep until 7:00 AM
1462.6s [7月20日（週日） 下午 7:00]   use "Sleep"
1463.2s [7月20日（週日） 下午 7:00]   click [Sleep] Sleep until 7:00 AM
1465.4s [7月21日（週一） 下午 7:00]   use "Sleep"
1466.0s [7月21日（週一） 下午 7:00]   click [Sleep] Sleep until 7:00 AM
1468.2s [7月22日（週二） 下午 7:00]   use "Sleep"
1469.2s [7月22日（週二） 下午 7:00]   click [Sleep] Sleep until 7:00 AM
1471.4s [7月23日（週三） 下午 7:00]   use "Sleep"
1472.0s [7月23日（週三） 下午 7:00]   click [Sleep] Sleep until 7:00 AM
1480.7s [7月24日（週四） 下午 7:10]   use "Sleep"
1481.3s [7月24日（週四） 下午 7:10]   click [Sleep] Sleep until 7:00 AM
1483.5s [7月25日（週五） 下午 7:00]   use "Sleep"
1484.1s [7月25日（週五） 下午 7:00]   click [Sleep] Sleep until 7:00 AM
1486.3s [7月26日（週六） 下午 7:00]   use "Sleep"
1487.0s [7月26日（週六） 下午 7:00]   click [Sleep] Sleep until 7:00 AM
1489.2s [7月27日（週日） 下午 7:00]   use "Sleep"
1489.8s [7月27日（週日） 下午 7:00]   click [Sleep] Sleep until 7:00 AM
1491.9s [7月28日（週一） 下午 7:00]   use "Sleep"
1492.5s [7月28日（週一） 下午 7:00]   click [Sleep] Sleep until 7:00 AM
1494.7s [7月29日（週二） 下午 7:00]   shot 152_decision_supplier_price_increase.png
1494.7s [7月29日（週二） 下午 7:00]   decision supplier_price_increase → accept
1494.7s [7月29日（週二） 下午 7:00]   click [Choice_accept] 好。繼續跟你進貨。
1496.0s [7月29日（週二） 下午 7:00]   shot 153_decision_outcome_supplier_price_increase.png
1496.1s [7月29日（週二） 下午 7:00]   click "OK"
1503.2s [7月29日（週二） 下午 7:10]   use "Sleep"
1503.8s [7月29日（週二） 下午 7:10]   click [Sleep] Sleep until 7:00 AM
1506.0s [7月30日（週三） 下午 7:00]   use "Sleep"
1506.6s [7月30日（週三） 下午 7:00]   click [Sleep] Sleep until 7:00 AM
1508.7s [7月31日（週四） 下午 7:00]   use "Sleep"
1509.3s [7月31日（週四） 下午 7:00]   click [Sleep] Sleep until 7:00 AM
1513.1s [8月1日（週五） 上午 7:00]   shot 154_month_close_report.png
1513.1s [8月1日（週五） 上午 7:00]   click [month close] Continue
1514.7s [8月1日（週五） 上午 7:02]   ok  Chapter 6 complete
1514.7s [8月1日（週五） 上午 7:02]   ok  ledger balanced after chapters 4–6
1514.8s [8月1日（週五） 上午 7:02]   ok  Chapter 7 started after Chapter 6
1514.8s [8月1日（週五） 上午 7:02]   ok  Year 3: the Supply Shock
1514.8s [8月1日（週五） 上午 7:02] STEP Chapter 7 — the news, and Ken's options
1514.9s [8月1日（週五） 上午 7:02]   ok  genuine chapter seven starting checkpoint saved
1518.1s [8月1日（週五） 上午 7:08]   ok  walked back outside
1521.4s [8月1日（週五） 上午 7:13]   ok  entered Bloom Coffee
1523.1s [8月1日（週五） 上午 7:15]   use "Read the news board"
1523.9s [8月1日（週五） 上午 7:20]   shot 155_news_supply_shock.png
1524.3s [8月1日（週五） 上午 7:20]   ok  read the news (supply_shock)
1527.2s [8月1日（週五） 上午 7:25]   ok  walked back outside
1530.4s [8月1日（週五） 上午 7:30]   ok  entered Riverside Tower
1532.4s [8月1日（週五） 下午 7:03]   use "Sleep"
1533.0s [8月1日（週五） 下午 7:03]   click [Sleep] Sleep until 7:00 AM
1535.3s [8月2日（週六） 下午 7:00]   use "Sleep"
1535.9s [8月2日（週六） 下午 7:00]   click [Sleep] Sleep until 7:00 AM
1538.0s [8月3日（週日） 下午 7:00]   shot 156_decision_supply_shock_plan.png
1538.1s [8月3日（週日） 下午 7:00]   decision supply_shock_plan → local
1538.1s [8月3日（週日） 下午 7:00]   click [Choice_local] 加一個在地備援：奧瑞莉亞職人合作社
1539.5s [8月3日（週日） 下午 7:00]   shot 157_decision_outcome_supply_shock_plan.png
1539.5s [8月3日（週日） 下午 7:00]   click "OK"
1540.1s [8月3日（週日） 下午 7:00]   use "Sleep"
1540.7s [8月3日（週日） 下午 7:00]   click [Sleep] Sleep until 7:00 AM
1542.7s [8月4日（週一） 上午 7:01]   ok  the local co-op is a supplier now
1542.7s [8月4日（週一） 上午 7:01] STEP Chapter 7 — order from the co-op, raise a price
1544.0s [8月4日（週一） 上午 7:03]   use "Use laptop — Company OS"
1544.6s [8月4日（週一） 上午 7:03]   click [Tab_operations] Operations
1545.3s [8月4日（週一） 上午 7:04]   shot 158_operations_supply_shock.png
1545.3s [8月4日（週一） 上午 7:04]   click [Buy_aurelia_makers_desk_lamp] 購買 $417.00
1545.9s [8月4日（週一） 上午 7:15]   click [Buy_aurelia_makers_desk_lamp] 購買 $417.00
1546.5s [8月4日（週一） 上午 7:26]   click [Buy_aurelia_makers_desk_lamp] 購買 $417.00
1547.1s [8月4日（週一） 上午 7:37]   click [Buy_aurelia_makers_desk_lamp] 購買 $417.00
1547.7s [8月4日（週一） 上午 7:48]   click [Tab_sales] Ecommerce
1548.3s [8月4日（週一） 上午 7:49]   click [PriceUp_wireless_earbuds] +
1548.5s [8月4日（週一） 上午 7:49]   click [PriceUp_wireless_earbuds] +
1548.7s [8月4日（週一） 上午 7:50]   click [PriceUp_wireless_earbuds] +
1548.8s [8月4日（週一） 上午 7:50]   click [PriceUp_wireless_earbuds] +
1549.0s [8月4日（週一） 上午 7:50]   click [PriceUp_wireless_earbuds] +
1549.2s [8月4日（週一） 上午 7:50]   click [PriceUp_wireless_earbuds] +
1549.4s [8月4日（週一） 上午 7:51]   click [PriceUp_wireless_earbuds] +
1549.6s [8月4日（週一） 上午 7:51]   click [PriceUp_wireless_earbuds] +
1549.8s [8月4日（週一） 上午 7:51]   click [PriceUp_wireless_earbuds] +
1549.9s [8月4日（週一） 上午 7:51]   click [PriceUp_wireless_earbuds] +
1550.1s [8月4日（週一） 上午 7:52]   click [PriceUp_wireless_earbuds] +
1550.3s [8月4日（週一） 上午 7:52]   click [PriceUp_wireless_earbuds] +
1550.5s [8月4日（週一） 上午 7:52]   click [PriceUp_wireless_earbuds] +
1550.7s [8月4日（週一） 上午 7:53]   click [PriceUp_wireless_earbuds] +
1550.9s [8月4日（週一） 上午 7:53]   click [PriceUp_wireless_earbuds] +
1551.1s [8月4日（週一） 上午 7:53]   click [PriceUp_wireless_earbuds] +
1551.3s [8月4日（週一） 上午 7:53]   click [PriceUp_wireless_earbuds] +
1551.5s [8月4日（週一） 上午 7:54]   click [PriceUp_wireless_earbuds] +
1551.6s [8月4日（週一） 上午 7:54]   click [PriceUp_wireless_earbuds] +
1551.8s [8月4日（週一） 上午 7:54]   click [PriceUp_wireless_earbuds] +
1552.0s [8月4日（週一） 上午 7:55]   click [PriceUp_wireless_earbuds] +
1552.2s [8月4日（週一） 上午 7:55]   click [PriceUp_wireless_earbuds] +
1552.4s [8月4日（週一） 上午 7:55]   click [PriceUp_wireless_earbuds] +
1552.6s [8月4日（週一） 上午 7:55]   click [PriceUp_wireless_earbuds] +
1552.7s [8月4日（週一） 上午 7:56]   click [PriceUp_wireless_earbuds] +
1552.9s [8月4日（週一） 上午 7:56]   click [PriceUp_water_bottle] +
1553.1s [8月4日（週一） 上午 7:56]   click [PriceUp_water_bottle] +
1553.3s [8月4日（週一） 上午 7:57]   click [PriceUp_water_bottle] +
1553.5s [8月4日（週一） 上午 7:57]   click [PriceUp_water_bottle] +
1553.7s [8月4日（週一） 上午 7:57]   click [PriceUp_water_bottle] +
1553.9s [8月4日（週一） 上午 7:57]   click [PriceUp_water_bottle] +
1554.0s [8月4日（週一） 上午 7:58]   click [PriceUp_water_bottle] +
1554.2s [8月4日（週一） 上午 7:58]   click [PriceUp_water_bottle] +
1554.4s [8月4日（週一） 上午 7:58]   click [PriceUp_water_bottle] +
1554.7s [8月4日（週一） 上午 7:59]   click [PriceUp_water_bottle] +
1554.8s [8月4日（週一） 上午 7:59]   click [PriceUp_water_bottle] +
1555.0s [8月4日（週一） 上午 7:59]   click [PriceUp_desk_lamp] +
1555.2s [8月4日（週一） 上午 7:59]   click [PriceUp_desk_lamp] +
1555.4s [8月4日（週一） 上午 8:00]   click [PriceUp_desk_lamp] +
1555.6s [8月4日（週一） 上午 8:00]   click [PriceUp_desk_lamp] +
1555.8s [8月4日（週一） 上午 8:00]   click [PriceUp_desk_lamp] +
1556.0s [8月4日（週一） 上午 8:01]   click [PriceUp_desk_lamp] +
1556.1s [8月4日（週一） 上午 8:01]   click [PriceUp_desk_lamp] +
1556.3s [8月4日（週一） 上午 8:01]   click [PriceUp_desk_lamp] +
1556.6s [8月4日（週一） 上午 8:01]   click [PriceUp_desk_lamp] +
1556.8s [8月4日（週一） 上午 8:02]   click [PriceUp_desk_lamp] +
1557.0s [8月4日（週一） 上午 8:02]   click [PriceUp_desk_lamp] +
1557.1s [8月4日（週一） 上午 8:02]   click [PriceUp_desk_lamp] +
1557.3s [8月4日（週一） 上午 8:03]   click [PriceUp_desk_lamp] +
1557.5s [8月4日（週一） 上午 8:03]   click [PriceUp_desk_lamp] +
1557.7s [8月4日（週一） 上午 8:03]   click [PriceUp_desk_lamp] +
1557.9s [8月4日（週一） 上午 8:03]   click [PriceUp_desk_lamp] +
1558.1s [8月4日（週一） 上午 8:04]   click [PriceUp_desk_lamp] +
1558.3s [8月4日（週一） 上午 8:04]   click [PriceUp_phone_stand] +
1558.5s [8月4日（週一） 上午 8:04]   click [PriceUp_phone_stand] +
1558.7s [8月4日（週一） 上午 8:05]   click [PriceUp_phone_stand] +
1558.9s [8月4日（週一） 上午 8:05]   click [PriceUp_phone_stand] +
1559.1s [8月4日（週一） 上午 8:05]   click [PriceUp_phone_stand] +
1559.3s [8月4日（週一） 上午 8:05]   click [PriceUp_phone_stand] +
1559.5s [8月4日（週一） 上午 8:06]   click [PriceUp_phone_stand] +
1559.6s [8月4日（週一） 上午 8:06]   click [PriceUp_phone_stand] +
1561.2s [8月4日（週一） 上午 8:08]   ok  stocked and repriced
1561.5s [8月4日（週一） 上午 8:09]   use "Use laptop — Company OS"
1562.1s [8月4日（週一） 上午 8:10]   click [Tab_operations] Operations
1562.8s [8月4日（週一） 上午 8:11]   click [DeliverTo_riverside_studio] 河濱大樓 7C
1563.0s [8月4日（週一） 上午 8:11]   click [Buy_tradelink_wholesale_wireless_earbuds] 購買 $1,333.00
1563.2s [8月4日（週一） 上午 8:21]   click [Buy_tradelink_wholesale_wireless_earbuds] 購買 $1,333.00
1563.4s [8月4日（週一） 上午 8:32]   click [Buy_tradelink_wholesale_wireless_earbuds] 購買 $1,333.00
1563.6s [8月4日（週一） 上午 8:42]   click [Buy_tradelink_wholesale_water_bottle] 購買 $457.20
1563.8s [8月4日（週一） 上午 8:52]   click [Buy_tradelink_wholesale_water_bottle] 購買 $457.20
1564.0s [8月4日（週一） 上午 9:03]   click [Buy_tradelink_wholesale_water_bottle] 購買 $457.20
1564.2s [8月4日（週一） 上午 9:13]   click [Buy_tradelink_wholesale_phone_stand] 購買 $304.80
1564.4s [8月4日（週一） 上午 9:23]   click [Buy_tradelink_wholesale_phone_stand] 購買 $304.80
1572.5s [8月4日（週一） 下午 7:11]   use "Sleep"
1573.1s [8月4日（週一） 下午 7:11]   click [Sleep] Sleep until 7:00 AM
1581.5s [8月5日（週二） 下午 7:09]   use "Sleep"
1582.1s [8月5日（週二） 下午 7:09]   click [Sleep] Sleep until 7:00 AM
1584.3s [8月6日（週三） 下午 7:00]   use "Sleep"
1584.9s [8月6日（週三） 下午 7:00]   click [Sleep] Sleep until 7:00 AM
1587.1s [8月7日（週四） 下午 7:00]   use "Sleep"
1587.7s [8月7日（週四） 下午 7:00]   click [Sleep] Sleep until 7:00 AM
1598.5s [8月8日（週五） 上午 7:14]   use "Packing table"
1599.2s [8月8日（週五） 上午 7:15]   click [Pack] 打包 10 筆訂單（1 小時 20 分）
1600.1s [8月8日（週五） 上午 8:36]   click [CourierEconomy] 快遞 · 經濟 3 天（$81.60）
1610.1s [8月8日（週五） 下午 7:13]   use "Sleep"
1610.7s [8月8日（週五） 下午 7:13]   click [Sleep] Sleep until 7:00 AM
1621.4s [8月9日（週六） 上午 7:14]   use "Packing table"
1622.1s [8月9日（週六） 上午 7:15]   click [Pack] 打包 15 筆訂單（2 h）
1623.0s [8月9日（週六） 上午 9:16]   click [CourierEconomy] 快遞 · 經濟 3 天（$119.40）
1633.0s [8月9日（週六） 下午 7:13]   use "Sleep"
1633.6s [8月9日（週六） 下午 7:13]   click [Sleep] Sleep until 7:00 AM
1644.4s [8月10日（週日） 上午 7:14]   use "Packing table"
1645.1s [8月10日（週日） 上午 7:15]   click [Pack] 打包 13 筆訂單（1 小時 44 分）
1646.0s [8月10日（週日） 上午 9:00]   click [CourierEconomy] 快遞 · 經濟 3 天（$104.28）
1656.0s [8月10日（週日） 下午 7:13]   use "Sleep"
1656.6s [8月10日（週日） 下午 7:13]   click [Sleep] Sleep until 7:00 AM
1667.4s [8月11日（週一） 上午 7:14]   use "Packing table"
1668.1s [8月11日（週一） 上午 7:15]   click [Pack] 打包 16 筆訂單（2 小時 8 分）
1669.0s [8月11日（週一） 上午 9:24]   click [CourierEconomy] 快遞 · 經濟 3 天（$126.96）
1679.0s [8月11日（週一） 下午 7:13]   use "Sleep"
1679.6s [8月11日（週一） 下午 7:13]   click [Sleep] Sleep until 7:00 AM
1690.3s [8月12日（週二） 上午 7:14]   use "Packing table"
1691.0s [8月12日（週二） 上午 7:15]   click [Pack] 打包 10 筆訂單（1 小時 20 分）
1691.9s [8月12日（週二） 上午 8:36]   click [CourierEconomy] 快遞 · 經濟 3 天（$81.60）
1701.9s [8月12日（週二） 下午 7:13]   use "Sleep"
1702.5s [8月12日（週二） 下午 7:13]   click [Sleep] Sleep until 7:00 AM
1703.2s [8月13日（週三） 上午 6:04]   toast: 新評價 #1868：★★★「還行。」
1713.3s [8月13日（週三） 上午 7:14]   use "Packing table"
1714.0s [8月13日（週三） 上午 7:15]   click [Pack] 打包 19 筆訂單（2 小時 32 分）
1714.9s [8月13日（週三） 上午 9:48]   click [CourierEconomy] 快遞 · 經濟 3 天（$149.64）
1725.0s [8月13日（週三） 下午 7:13]   use "Sleep"
1725.6s [8月13日（週三） 下午 7:13]   click [Sleep] Sleep until 7:00 AM
1736.3s [8月14日（週四） 上午 7:14]   use "Packing table"
1737.0s [8月14日（週四） 上午 7:15]   click [Pack] 打包 11 筆訂單（1 小時 28 分）
1737.9s [8月14日（週四） 上午 8:44]   click [CourierEconomy] 快遞 · 經濟 3 天（$89.16）
1747.9s [8月14日（週四） 下午 7:13]   use "Sleep"
1748.5s [8月14日（週四） 下午 7:13]   click [Sleep] Sleep until 7:00 AM
1749.1s [8月15日（週五） 上午 2:53]   toast: 新評價 #1883：★★★「品質普通。」
1749.1s [8月15日（週五） 上午 5:14]   toast: 新評價 #1880：★★★「等了好一陣子才到。」
1759.2s [8月15日（週五） 上午 7:14]   use "Packing table"
1759.9s [8月15日（週五） 上午 7:15]   click [Pack] 打包 10 筆訂單（1 小時 20 分）
1760.8s [8月15日（週五） 上午 8:36]   click [CourierEconomy] 快遞 · 經濟 3 天（$81.60）
1762.1s [8月15日（週五） 上午 11:01]   toast: 新評價 #1881：★★★「等了好一陣子才到。」
1762.1s [8月15日（週五） 下午 1:56]   toast: 新評價 #1923：★★★「等了好一陣子才到。」
1770.8s [8月15日（週五） 下午 7:13]   use "Sleep"
1771.4s [8月15日（週五） 下午 7:13]   click [Sleep] Sleep until 7:00 AM
1782.2s [8月16日（週六） 上午 7:14]   use "Packing table"
1782.9s [8月16日（週六） 上午 7:15]   click [Pack] 打包 9 筆訂單（1 小時 12 分）
1783.8s [8月16日（週六） 上午 8:28]   click [CourierEconomy] 快遞 · 經濟 3 天（$74.04）
1793.8s [8月16日（週六） 下午 7:13]   use "Sleep"
1794.4s [8月16日（週六） 下午 7:13]   click [Sleep] Sleep until 7:00 AM
1795.0s [8月17日（週日） 上午 12:37]   toast: 新評價 #1955：★★★「還行。」
1805.2s [8月17日（週日） 上午 7:14]   use "Packing table"
1805.9s [8月17日（週日） 上午 7:15]   click [Pack] 打包 21 筆訂單（2 小時 48 分）
1806.8s [8月17日（週日） 上午 10:04]   click [CourierEconomy] 快遞 · 經濟 3 天（$164.76）
1816.8s [8月17日（週日） 下午 7:13]   use "Sleep"
1817.4s [8月17日（週日） 下午 7:13]   click [Sleep] Sleep until 7:00 AM
1828.2s [8月18日（週一） 上午 7:14]   use "Packing table"
1828.9s [8月18日（週一） 上午 7:15]   click [Pack] 打包 9 筆訂單（1 小時 12 分）
1829.8s [8月18日（週一） 上午 8:28]   click [CourierEconomy] 快遞 · 經濟 3 天（$74.04）
1831.1s [8月18日（週一） 下午 1:08]   toast: 新評價 #1940：★★★「品質普通。」
1839.9s [8月18日（週一） 下午 7:13]   use "Sleep"
1840.5s [8月18日（週一） 下午 7:13]   click [Sleep] Sleep until 7:00 AM
1851.5s [8月19日（週二） 上午 7:14]   use "Packing table"
1852.2s [8月19日（週二） 上午 7:15]   click [Pack] 打包 18 筆訂單（2 小時 24 分）
1853.1s [8月19日（週二） 上午 9:40]   click [CourierEconomy] 快遞 · 經濟 3 天（$142.08）
1863.1s [8月19日（週二） 下午 7:13]   use "Sleep"
1863.7s [8月19日（週二） 下午 7:13]   click [Sleep] Sleep until 7:00 AM
1874.5s [8月20日（週三） 上午 7:14]   use "Packing table"
1875.2s [8月20日（週三） 上午 7:15]   click [Pack] 打包 16 筆訂單（2 小時 8 分）
1876.1s [8月20日（週三） 上午 9:24]   click [CourierEconomy] 快遞 · 經濟 3 天（$126.96）
1886.1s [8月20日（週三） 下午 7:13]   use "Sleep"
1886.7s [8月20日（週三） 下午 7:13]   click [Sleep] Sleep until 7:00 AM
1887.3s [8月20日（週三） 下午 9:53]   toast: 新評價 #2002：★★★「等了好一陣子才到。」
1897.5s [8月21日（週四） 上午 7:14]   use "Packing table"
1898.2s [8月21日（週四） 上午 7:15]   click [Pack] 打包 11 筆訂單（1 小時 28 分）
1899.1s [8月21日（週四） 上午 8:44]   click [CourierEconomy] 快遞 · 經濟 3 天（$89.16）
1909.1s [8月21日（週四） 下午 7:13]   use "Sleep"
1909.7s [8月21日（週四） 下午 7:13]   click [Sleep] Sleep until 7:00 AM
1920.5s [8月22日（週五） 上午 7:14]   use "Packing table"
1921.2s [8月22日（週五） 上午 7:15]   click [Pack] 打包 12 筆訂單（1 小時 36 分）
1922.1s [8月22日（週五） 上午 8:52]   click [CourierEconomy] 快遞 · 經濟 3 天（$96.72）
1932.1s [8月22日（週五） 下午 7:13]   use "Sleep"
1932.7s [8月22日（週五） 下午 7:13]   click [Sleep] Sleep until 7:00 AM
1943.5s [8月23日（週六） 上午 7:14]   use "Packing table"
1944.2s [8月23日（週六） 上午 7:15]   click [Pack] 打包 17 筆訂單（2 小時 16 分）
1945.1s [8月23日（週六） 上午 9:32]   click [CourierEconomy] 快遞 · 經濟 3 天（$134.52）
1947.8s [8月23日（週六） 上午 9:36]   use "Use laptop — Company OS"
1948.5s [8月23日（週六） 上午 9:37]   click [Tab_operations] Operations
1949.1s [8月23日（週六） 上午 9:38]   click [DeliverTo_riverside_studio] 河濱大樓 7C
1949.3s [8月23日（週六） 上午 9:39]   click [Buy_tradelink_wholesale_desk_lamp] 購買 $515.20
1949.6s [8月23日（週六） 上午 9:49]   click [Buy_tradelink_wholesale_desk_lamp] 購買 $515.20
1949.8s [8月23日（週六） 上午 9:59]   click [Buy_tradelink_wholesale_phone_stand] 購買 $304.80
1950.0s [8月23日（週六） 上午 10:10]   click [Buy_tradelink_wholesale_phone_stand] 購買 $304.80
1958.3s [8月23日（週六） 下午 7:11]   use "Sleep"
1958.9s [8月23日（週六） 下午 7:11]   click [Sleep] Sleep until 7:00 AM
1969.7s [8月24日（週日） 上午 7:14]   use "Packing table"
1970.4s [8月24日（週日） 上午 7:15]   click [Pack] 打包 15 筆訂單（2 h）
1970.5s [8月24日（週日） 上午 8:00]   toast: 新評價 #2077：★★★「還行。」
1971.3s [8月24日（週日） 上午 9:16]   click [CourierEconomy] 快遞 · 經濟 3 天（$119.40）
1972.6s [8月24日（週日） 下午 6:53]   toast: 新評價 #2080：★★★「等了好一陣子才到。」
1981.4s [8月24日（週日） 下午 7:13]   use "Sleep"
1982.0s [8月24日（週日） 下午 7:13]   click [Sleep] Sleep until 7:00 AM
1992.8s [8月25日（週一） 上午 7:14]   use "Packing table"
1993.5s [8月25日（週一） 上午 7:15]   click [Pack] 打包 12 筆訂單（1 小時 36 分）
1994.4s [8月25日（週一） 上午 8:52]   click [CourierEconomy] 快遞 · 經濟 3 天（$96.72）
2004.4s [8月25日（週一） 下午 7:13]   use "Sleep"
2005.0s [8月25日（週一） 下午 7:13]   click [Sleep] Sleep until 7:00 AM
2015.8s [8月26日（週二） 上午 7:14]   use "Packing table"
2016.5s [8月26日（週二） 上午 7:15]   click [Pack] 打包 21 筆訂單（2 小時 48 分）
2017.4s [8月26日（週二） 上午 10:04]   click [CourierEconomy] 快遞 · 經濟 3 天（$164.76）
2027.4s [8月26日（週二） 下午 7:13]   use "Sleep"
2028.0s [8月26日（週二） 下午 7:13]   click [Sleep] Sleep until 7:00 AM
2038.8s [8月27日（週三） 上午 7:14]   use "Packing table"
2039.6s [8月27日（週三） 上午 7:15]   click [Pack] 打包 24 筆訂單（3 小時 12 分）
2040.5s [8月27日（週三） 上午 10:28]   click [CourierEconomy] 快遞 · 經濟 3 天（$192.12）
2050.5s [8月27日（週三） 下午 7:13]   use "Sleep"
2051.1s [8月27日（週三） 下午 7:13]   click [Sleep] Sleep until 7:00 AM
2051.8s [8月28日（週四） 上午 5:42]   toast: 新評價 #2154：★★★「等了好一陣子才到。」
2062.1s [8月28日（週四） 上午 7:14]   use "Packing table"
2062.8s [8月28日（週四） 上午 7:15]   click [Pack] 打包 14 筆訂單（1 小時 52 分）
2063.7s [8月28日（週四） 上午 9:08]   click [CourierEconomy] 快遞 · 經濟 3 天（$125.88）
2066.4s [8月28日（週四） 上午 9:12]   use "Use laptop — Company OS"
2067.1s [8月28日（週四） 上午 9:13]   click [Tab_operations] Operations
2067.8s [8月28日（週四） 上午 9:14]   click [DeliverTo_riverside_studio] 河濱大樓 7C
2068.0s [8月28日（週四） 上午 9:15]   click [Buy_tradelink_wholesale_wireless_earbuds] 購買 $1,159.00
2068.2s [8月28日（週四） 上午 9:25]   click [Buy_tradelink_wholesale_wireless_earbuds] 購買 $1,159.00
2069.0s [8月28日（週四） 下午 7:00]   shot 159_decision_supplier_price_increase.png
2069.0s [8月28日（週四） 下午 7:00]   decision supplier_price_increase → accept
2069.0s [8月28日（週四） 下午 7:00]   click [Choice_accept] 好。繼續跟你進貨。
2070.4s [8月28日（週四） 下午 7:00]   shot 160_decision_outcome_supplier_price_increase.png
2070.4s [8月28日（週四） 下午 7:00]   click "OK"
2075.7s [8月28日（週四） 下午 7:08]   toast: 新評價 #2133：★★★「品質普通。」
2078.6s [8月28日（週四） 下午 7:12]   use "Sleep"
2079.2s [8月28日（週四） 下午 7:12]   click [Sleep] Sleep until 7:00 AM
2079.9s [8月29日（週五） 上午 4:08]   toast: 新評價 #2138：★★★「等了好一陣子才到。」
2090.2s [8月29日（週五） 上午 7:14]   use "Packing table"
2090.9s [8月29日（週五） 上午 7:15]   click [Pack] 打包 15 筆訂單（2 h）
2091.8s [8月29日（週五） 上午 9:16]   click [CourierEconomy] 快遞 · 經濟 3 天（$128.76）
2101.8s [8月29日（週五） 下午 7:13]   use "Sleep"
2102.4s [8月29日（週五） 下午 7:13]   click [Sleep] Sleep until 7:00 AM
2113.3s [8月30日（週六） 上午 7:14]   use "Packing table"
2114.0s [8月30日（週六） 上午 7:15]   click [Pack] 打包 20 筆訂單（2 小時 40 分）
2114.9s [8月30日（週六） 上午 9:56]   click [CourierEconomy] 快遞 · 經濟 3 天（$185.28）
2117.6s [8月30日（週六） 上午 10:00]   use "Use laptop — Company OS"
2118.3s [8月30日（週六） 上午 10:01]   click [Tab_operations] Operations
2119.0s [8月30日（週六） 上午 10:02]   click [DeliverTo_riverside_studio] 河濱大樓 7C
2119.2s [8月30日（週六） 上午 10:03]   click [Buy_tradelink_wholesale_water_bottle] 購買 $457.20
2127.6s [8月30日（週六） 下午 7:11]   use "Sleep"
2128.2s [8月30日（週六） 下午 7:11]   click [Sleep] Sleep until 7:00 AM
2128.8s [8月31日（週日） 上午 1:27]   toast: 新評價 #2189：★★★「還行。」
2139.0s [8月31日（週日） 上午 7:14]   use "Packing table"
2139.7s [8月31日（週日） 上午 7:15]   click [Pack] 打包 13 筆訂單（1 小時 44 分）
2140.6s [8月31日（週日） 上午 9:00]   click [CourierEconomy] 快遞 · 經濟 3 天（$113.64）
2141.8s [8月31日（週日） 下午 12:59]   toast: 新評價 #2214：★★★「品質普通。」
2150.6s [8月31日（週日） 下午 7:13]   use "Sleep"
2151.2s [8月31日（週日） 下午 7:13]   click [Sleep] Sleep until 7:00 AM
2154.7s [9月1日（週一） 上午 7:00]   shot 161_month_close_report.png
2154.7s [9月1日（週一） 上午 7:00]   click [month close] Continue
2164.1s [9月1日（週一） 上午 7:14]   use "Packing table"
2164.7s [9月1日（週一） 上午 7:15]   click [Pack] 打包 18 筆訂單（2 小時 24 分）
2165.7s [9月1日（週一） 上午 9:40]   click [CourierEconomy] 快遞 · 經濟 3 天（$165.48）
2166.9s [9月1日（週一） 上午 10:35]   toast: 新評價 #2212：★★★「品質普通。」
2166.9s [9月1日（週一） 下午 12:17]   toast: 新評價 #2232：★★「晚到還有刮痕。」
2175.7s [9月1日（週一） 下午 7:13]   use "Sleep"
2176.3s [9月1日（週一） 下午 7:13]   click [Sleep] Sleep until 7:00 AM
2176.9s [9月1日（週一） 下午 10:42]   toast: 新評價 #2216：★★★「品質普通。」
2187.1s [9月2日（週二） 上午 7:14]   use "Packing table"
2187.8s [9月2日（週二） 上午 7:15]   click [Pack] 打包 20 筆訂單（2 小時 40 分）
2188.7s [9月2日（週二） 上午 9:56]   click [CourierEconomy] 快遞 · 經濟 3 天（$171.24）
2198.8s [9月2日（週二） 下午 7:13]   use "Sleep"
2199.4s [9月2日（週二） 下午 7:13]   click [Sleep] Sleep until 7:00 AM
2200.0s [9月3日（週三） 上午 6:41]   toast: 新評價 #2236：★★★「等了好一陣子才到。」
2210.2s [9月3日（週三） 上午 7:14]   use "Packing table"
2210.9s [9月3日（週三） 上午 7:15]   click [Pack] 打包 25 筆訂單（3 小時 20 分）
2211.0s [9月3日（週三） 上午 9:16]   toast: 新評價 #2270：★★★「品質普通。」
2211.8s [9月3日（週三） 上午 10:36]   click [CourierEconomy] 快遞 · 經濟 3 天（$218.40）
2221.8s [9月3日（週三） 下午 7:13]   use "Sleep"
2222.4s [9月3日（週三） 下午 7:13]   click [Sleep] Sleep until 7:00 AM
2223.0s [9月3日（週三） 下午 8:50]   toast: 新評價 #2272：★★★「等了好一陣子才到。」
2223.1s [9月4日（週四） 上午 6:24]   toast: 新評價 #2250：★★★「品質普通。」
2233.3s [9月4日（週四） 上午 7:14]   use "Packing table"
2234.0s [9月4日（週四） 上午 7:15]   click [Pack] 打包 23 筆訂單（3 小時 4 分）
2234.9s [9月4日（週四） 上午 10:20]   click [CourierEconomy] 快遞 · 經濟 3 天（$212.64）
2244.9s [9月4日（週四） 下午 7:13]   use "Sleep"
2245.5s [9月4日（週四） 下午 7:13]   click [Sleep] Sleep until 7:00 AM
2256.4s [9月5日（週五） 上午 7:14]   use "Packing table"
2257.1s [9月5日（週五） 上午 7:15]   click [Pack] 打包 9 筆訂單（1 小時 12 分）
2258.0s [9月5日（週五） 上午 8:28]   click [CourierEconomy] 快遞 · 經濟 3 天（$78.72）
2259.2s [9月5日（週五） 上午 10:12]   toast: 新評價 #2268：★★★「還行。」
2268.0s [9月5日（週五） 下午 7:13]   use "Sleep"
2268.6s [9月5日（週五） 下午 7:13]   click [Sleep] Sleep until 7:00 AM
2269.2s [9月5日（週五） 下午 7:40]   toast: 新評價 #2303：★★★「等了好一陣子才到。」
2279.4s [9月6日（週六） 上午 7:14]   use "Packing table"
2280.1s [9月6日（週六） 上午 7:15]   click [Pack] 打包 15 筆訂單（2 h）
2281.1s [9月6日（週六） 上午 9:16]   click [CourierEconomy] 快遞 · 經濟 3 天（$147.48）
2291.1s [9月6日（週六） 下午 7:13]   use "Sleep"
2291.7s [9月6日（週六） 下午 7:13]   click [Sleep] Sleep until 7:00 AM
2292.2s [9月6日（週六） 下午 8:29]   toast: 新評價 #2337：★★★「品質普通。」
2292.3s [9月7日（週日） 上午 1:38]   toast: 新評價 #2300：★★★「等了好一陣子才到。」
2302.6s [9月7日（週日） 上午 7:14]   use "Packing table"
2303.3s [9月7日（週日） 上午 7:15]   click [Pack] 打包 18 筆訂單（2 小時 24 分）
2303.3s [9月7日（週日） 上午 7:49]   toast: 新評價 #2338：★★★「品質普通。」
2304.2s [9月7日（週日） 上午 9:40]   click [CourierEconomy] 快遞 · 經濟 3 天（$146.76）
2314.2s [9月7日（週日） 下午 7:13]   use "Sleep"
2314.8s [9月7日（週日） 下午 7:13]   click [Sleep] Sleep until 7:00 AM
2315.4s [9月7日（週日） 下午 9:17]   toast: 新評價 #2340：★★★「品質普通。」
2315.4s [9月7日（週日） 下午 11:51]   toast: 新評價 #2341：★★★「等了好一陣子才到。」
2325.7s [9月8日（週一） 上午 7:14]   use "Packing table"
2326.4s [9月8日（週一） 上午 7:15]   click [Pack] 打包 17 筆訂單（2 小時 16 分）
2327.3s [9月8日（週一） 上午 9:32]   click [CourierEconomy] 快遞 · 經濟 3 天（$162.60）
2328.5s [9月8日（週一） 上午 10:59]   toast: 新評價 #2317：★★★「品質普通。」
2337.3s [9月8日（週一） 下午 7:13]   use "Sleep"
2337.9s [9月8日（週一） 下午 7:13]   click [Sleep] Sleep until 7:00 AM
2338.5s [9月8日（週一） 下午 7:39]   toast: 新評價 #2366：★★★「等了好一陣子才到。」
2348.8s [9月9日（週二） 上午 7:14]   use "Packing table"
2349.4s [9月9日（週二） 上午 7:15]   click [Pack] 打包 13 筆訂單（1 小時 44 分）
2350.3s [9月9日（週二） 上午 9:00]   click [CourierEconomy] 快遞 · 經濟 3 天（$113.64）
2351.6s [9月9日（週二） 下午 6:18]   toast: 新評價 #2361：★★★「還行。」
2360.3s [9月9日（週二） 下午 7:13]   use "Sleep"
2360.9s [9月9日（週二） 下午 7:13]   click [Sleep] Sleep until 7:00 AM
2361.6s [9月10日（週三） 上午 6:50]   toast: 新評價 #2365：★★★「等了好一陣子才到。」
2371.8s [9月10日（週三） 上午 7:14]   use "Packing table"
2372.5s [9月10日（週三） 上午 7:15]   click [Pack] 打包 14 筆訂單（1 小時 52 分）
2373.4s [9月10日（週三） 上午 9:08]   click [CourierEconomy] 快遞 · 經濟 3 天（$121.20）
2374.7s [9月10日（週三） 下午 6:43]   toast: 新評價 #2394：★★★「還行。」
2383.5s [9月10日（週三） 下午 7:13]   use "Sleep"
2384.1s [9月10日（週三） 下午 7:13]   click [Sleep] Sleep until 7:00 AM
2394.9s [9月11日（週四） 上午 7:14]   use "Packing table"
2395.6s [9月11日（週四） 上午 7:15]   click [Pack] 打包 12 筆訂單（1 小時 36 分）
2395.7s [9月11日（週四） 上午 7:54]   toast: 新評價 #2396：★★★「品質普通。」
2396.5s [9月11日（週四） 上午 8:52]   click [CourierEconomy] 快遞 · 經濟 3 天（$101.40）
2406.6s [9月11日（週四） 下午 7:13]   use "Sleep"
2407.2s [9月11日（週四） 下午 7:13]   click [Sleep] Sleep until 7:00 AM
2418.0s [9月12日（週五） 上午 7:14]   use "Packing table"
2418.7s [9月12日（週五） 上午 7:15]   click [Pack] 打包 16 筆訂單（2 小時 8 分）
2419.7s [9月12日（週五） 上午 9:24]   click [CourierEconomy] 快遞 · 經濟 3 天（$131.64）
2420.9s [9月12日（週五） 上午 11:23]   toast: 新評價 #2426：★★★「還行。」
2421.0s [9月12日（週五） 下午 6:58]   toast: 新評價 #2410：★★★「等了好一陣子才到。」
2429.6s [9月12日（週五） 下午 7:13]   use "Sleep"
2430.2s [9月12日（週五） 下午 7:13]   click [Sleep] Sleep until 7:00 AM
2441.1s [9月13日（週六） 上午 7:14]   use "Packing table"
2441.8s [9月13日（週六） 上午 7:15]   click [Pack] 打包 15 筆訂單（2 h）
2442.7s [9月13日（週六） 上午 9:16]   click [CourierEconomy] 快遞 · 經濟 3 天（$124.08）
2444.0s [9月13日（週六） 下午 2:59]   toast: 新評價 #2427：★★★「等了好一陣子才到。」
2452.8s [9月13日（週六） 下午 7:13]   use "Sleep"
2453.4s [9月13日（週六） 下午 7:13]   click [Sleep] Sleep until 7:00 AM
2454.0s [9月14日（週日） 上午 12:19]   toast: 新評價 #2428：★★★「品質普通。」
2464.3s [9月14日（週日） 上午 7:14]   use "Packing table"
2465.0s [9月14日（週日） 上午 7:15]   click [Pack] 打包 12 筆訂單（1 小時 36 分）
2465.9s [9月14日（週日） 上午 8:52]   click [CourierEconomy] 快遞 · 經濟 3 天（$101.40）
2468.6s [9月14日（週日） 上午 8:56]   use "Use laptop — Company OS"
2469.3s [9月14日（週日） 上午 8:57]   click [Tab_operations] Operations
2470.0s [9月14日（週日） 上午 8:58]   click [DeliverTo_riverside_studio] 河濱大樓 7C
2470.3s [9月14日（週日） 上午 8:59]   click [Buy_tradelink_wholesale_water_bottle] 購買 $457.20
2470.5s [9月14日（週日） 上午 9:09]   click [Buy_tradelink_wholesale_water_bottle] 購買 $457.20
2478.9s [9月14日（週日） 下午 7:12]   use "Sleep"
2479.5s [9月14日（週日） 下午 7:12]   click [Sleep] Sleep until 7:00 AM
2490.3s [9月15日（週一） 上午 7:14]   use "Packing table"
2491.0s [9月15日（週一） 上午 7:15]   click [Pack] 打包 15 筆訂單（2 h）
2491.9s [9月15日（週一） 上午 9:16]   click [CourierEconomy] 快遞 · 經濟 3 天（$124.08）
2494.7s [9月15日（週一） 上午 9:20]   use "Use laptop — Company OS"
2495.4s [9月15日（週一） 上午 9:21]   click [Tab_operations] Operations
2496.1s [9月15日（週一） 上午 9:22]   click [DeliverTo_riverside_studio] 河濱大樓 7C
2496.3s [9月15日（週一） 上午 9:23]   click [Buy_tradelink_wholesale_desk_lamp] 購買 $515.20
2496.5s [9月15日（週一） 上午 9:33]   click [Buy_tradelink_wholesale_desk_lamp] 購買 $515.20
2497.2s [9月15日（週一） 下午 1:07]   toast: 新評價 #2475：★★★「還行。」
2504.8s [9月15日（週一） 下午 7:11]   use "Sleep"
2505.4s [9月15日（週一） 下午 7:11]   click [Sleep] Sleep until 7:00 AM
2506.0s [9月16日（週二） 上午 12:50]   toast: 新評價 #2473：★★★「品質普通。」
2506.1s [9月16日（週二） 上午 6:20]   toast: 新評價 #2478：★★★「品質普通。」
2516.3s [9月16日（週二） 上午 7:14]   use "Packing table"
2517.0s [9月16日（週二） 上午 7:15]   click [Pack] 打包 12 筆訂單（1 小時 36 分）
2517.9s [9月16日（週二） 上午 8:52]   click [CourierEconomy] 快遞 · 經濟 3 天（$101.40）
2527.9s [9月16日（週二） 下午 7:13]   use "Sleep"
2528.5s [9月16日（週二） 下午 7:13]   click [Sleep] Sleep until 7:00 AM
2539.4s [9月17日（週三） 上午 7:14]   use "Packing table"
2540.1s [9月17日（週三） 上午 7:15]   click [Pack] 打包 19 筆訂單（2 小時 32 分）
2541.1s [9月17日（週三） 上午 9:48]   click [CourierEconomy] 快遞 · 經濟 3 天（$163.68）
2551.1s [9月17日（週三） 下午 7:13]   use "Sleep"
2551.7s [9月17日（週三） 下午 7:13]   click [Sleep] Sleep until 7:00 AM
2562.6s [9月18日（週四） 上午 7:14]   use "Packing table"
2563.3s [9月18日（週四） 上午 7:15]   click [Pack] 打包 16 筆訂單（2 小時 8 分）
2564.2s [9月18日（週四） 上午 9:24]   click [CourierEconomy] 快遞 · 經濟 3 天（$131.64）
2566.4s [9月18日（週四） 上午 9:28]   toast: 新評價 #2506：★★★「還行。」
2566.9s [9月18日（週四） 上午 9:28]   use "Use laptop — Company OS"
2567.6s [9月18日（週四） 上午 9:29]   click [Tab_operations] Operations
2568.3s [9月18日（週四） 上午 9:30]   click [DeliverTo_riverside_studio] 河濱大樓 7C
2568.5s [9月18日（週四） 上午 9:31]   click [Buy_tradelink_wholesale_wireless_earbuds] 購買 $1,159.00
2568.7s [9月18日（週四） 上午 9:41]   click [Buy_tradelink_wholesale_wireless_earbuds] 購買 $1,159.00
2577.1s [9月18日（週四） 下午 7:11]   use "Sleep"
2577.7s [9月18日（週四） 下午 7:11]   click [Sleep] Sleep until 7:00 AM
2588.5s [9月19日（週五） 上午 7:14]   use "Packing table"
2589.2s [9月19日（週五） 上午 7:15]   click [Pack] 打包 16 筆訂單（2 小時 8 分）
2590.2s [9月19日（週五） 上午 9:24]   click [CourierEconomy] 快遞 · 經濟 3 天（$141.00）
2591.4s [9月19日（週五） 下午 1:08]   toast: 新評價 #2534：★★★「等了好一陣子才到。」
2600.2s [9月19日（週五） 下午 7:13]   use "Sleep"
2600.8s [9月19日（週五） 下午 7:13]   click [Sleep] Sleep until 7:00 AM
2601.4s [9月19日（週五） 下午 11:20]   toast: 新評價 #2537：★★★「等了好一陣子才到。」
2601.4s [9月20日（週六） 上午 12:38]   toast: 新評價 #2521：★★★「等了好一陣子才到。」
2611.6s [9月20日（週六） 上午 7:14]   use "Packing table"
2612.3s [9月20日（週六） 上午 7:15]   click [Pack] 打包 10 筆訂單（1 小時 20 分）
2613.3s [9月20日（週六） 上午 8:36]   click [CourierEconomy] 快遞 · 經濟 3 天（$109.68）
2614.7s [9月20日（週六） 下午 7:00]   shot 162_decision_supplier_price_increase.png
2614.7s [9月20日（週六） 下午 7:00]   decision supplier_price_increase → accept
2614.7s [9月20日（週六） 下午 7:00]   click [Choice_accept] 好。繼續跟你進貨。
2616.0s [9月20日（週六） 下午 7:00]   shot 163_decision_outcome_supplier_price_increase.png
2616.0s [9月20日（週六） 下午 7:00]   click "OK"
2625.4s [9月20日（週六） 下午 7:13]   use "Sleep"
2626.0s [9月20日（週六） 下午 7:14]   click [Sleep] Sleep until 7:00 AM
2636.9s [9月21日（週日） 上午 7:14]   use "Packing table"
2637.6s [9月21日（週日） 上午 7:15]   click [Pack] 打包 14 筆訂單（1 小時 52 分）
2638.5s [9月21日（週日） 上午 9:08]   click [CourierEconomy] 快遞 · 經濟 3 天（$125.88）
2648.5s [9月21日（週日） 下午 7:13]   use "Sleep"
2649.2s [9月21日（週日） 下午 7:13]   click [Sleep] Sleep until 7:00 AM
2649.8s [9月22日（週一） 上午 5:49]   toast: 新評價 #2585：★★★「等了好一陣子才到。」
2660.0s [9月22日（週一） 上午 7:14]   use "Packing table"
2660.7s [9月22日（週一） 上午 7:15]   click [Pack] 打包 26 筆訂單（3 小時 28 分）
2660.8s [9月22日（週一） 上午 9:27]   toast: 新評價 #2565：★★★「還行。」
2661.7s [9月22日（週一） 上午 10:44]   click [CourierEconomy] 快遞 · 經濟 3 天（$240.00）
2671.7s [9月22日（週一） 下午 7:13]   use "Sleep"
2672.3s [9月22日（週一） 下午 7:13]   click [Sleep] Sleep until 7:00 AM
2673.0s [9月23日（週二） 上午 5:14]   toast: 新評價 #2606：★★★「等了好一陣子才到。」
2683.2s [9月23日（週二） 上午 7:14]   use "Packing table"
2683.9s [9月23日（週二） 上午 7:15]   click [Pack] 打包 22 筆訂單（2 小時 56 分）
2684.9s [9月23日（週二） 上午 10:12]   click [CourierEconomy] 快遞 · 經濟 3 天（$177.00）
2686.1s [9月23日（週二） 下午 3:37]   toast: 新評價 #2589：★★★「等了好一陣子才到。」
2694.9s [9月23日（週二） 下午 7:13]   use "Sleep"
2695.5s [9月23日（週二） 下午 7:13]   click [Sleep] Sleep until 7:00 AM
2696.1s [9月23日（週二） 下午 9:58]   toast: 新評價 #2603：★★★「等了好一陣子才到。」
2706.4s [9月24日（週三） 上午 7:14]   use "Packing table"
2707.1s [9月24日（週三） 上午 7:15]   click [Pack] 打包 17 筆訂單（2 小時 16 分）
2708.0s [9月24日（週三） 上午 9:32]   click [CourierEconomy] 快遞 · 經濟 3 天（$143.88）
2718.1s [9月24日（週三） 下午 7:13]   use "Sleep"
2718.7s [9月24日（週三） 下午 7:13]   click [Sleep] Sleep until 7:00 AM
2729.6s [9月25日（週四） 上午 7:14]   use "Packing table"
2730.3s [9月25日（週四） 上午 7:15]   click [Pack] 打包 16 筆訂單（2 小時 8 分）
2731.2s [9月25日（週四） 上午 9:24]   click [CourierEconomy] 快遞 · 經濟 3 天（$136.32）
2741.3s [9月25日（週四） 下午 7:13]   use "Sleep"
2741.9s [9月25日（週四） 下午 7:13]   click [Sleep] Sleep until 7:00 AM
2752.7s [9月26日（週五） 上午 7:14]   use "Packing table"
2753.4s [9月26日（週五） 上午 7:15]   click [Pack] 打包 14 筆訂單（1 小時 52 分）
2754.4s [9月26日（週五） 上午 9:08]   click [CourierEconomy] 快遞 · 經濟 3 天（$130.56）
2764.4s [9月26日（週五） 下午 7:13]   use "Sleep"
2765.0s [9月26日（週五） 下午 7:13]   click [Sleep] Sleep until 7:00 AM
2775.9s [9月27日（週六） 上午 7:14]   use "Packing table"
2776.6s [9月27日（週六） 上午 7:15]   click [Pack] 打包 26 筆訂單（3 小時 28 分）
2777.6s [9月27日（週六） 上午 10:44]   click [CourierEconomy] 快遞 · 經濟 3 天（$230.64）
2787.6s [9月27日（週六） 下午 7:13]   use "Sleep"
2788.2s [9月27日（週六） 下午 7:13]   click [Sleep] Sleep until 7:00 AM
2788.8s [9月27日（週六） 下午 9:18]   toast: 新評價 #2651：★★★「還行。」
2788.9s [9月28日（週日） 上午 12:35]   toast: 新評價 #2670：★★★「還行。」
2799.2s [9月28日（週日） 上午 7:14]   use "Packing table"
2799.9s [9月28日（週日） 上午 7:15]   click [Pack] 打包 19 筆訂單（2 小時 32 分）
2800.8s [9月28日（週日） 上午 9:48]   click [CourierEconomy] 快遞 · 經濟 3 天（$177.72）
2803.6s [9月28日（週日） 上午 9:52]   use "Use laptop — Company OS"
2804.2s [9月28日（週日） 上午 9:53]   click [Tab_operations] Operations
2804.9s [9月28日（週日） 上午 9:54]   click [DeliverTo_riverside_studio] 河濱大樓 7C
2805.1s [9月28日（週日） 上午 9:55]   click [Buy_tradelink_wholesale_phone_stand] 購買 $304.80
2805.4s [9月28日（週日） 上午 10:05]   click [Buy_tradelink_wholesale_phone_stand] 購買 $304.80
2806.0s [9月28日（週日） 上午 11:30]   toast: 新評價 #2671：★★★「品質普通。」
2806.0s [9月28日（週日） 上午 11:46]   toast: 新評價 #2691：★★★「還行。」
2813.7s [9月28日（週日） 下午 7:11]   use "Sleep"
2814.3s [9月28日（週日） 下午 7:11]   click [Sleep] Sleep until 7:00 AM
2825.2s [9月29日（週一） 上午 7:14]   use "Packing table"
2825.9s [9月29日（週一） 上午 7:15]   click [Pack] 打包 26 筆訂單（3 小時 28 分）
2826.9s [9月29日（週一） 上午 10:44]   click [CourierEconomy] 快遞 · 經濟 3 天（$221.28）
2836.9s [9月29日（週一） 下午 7:13]   use "Sleep"
2837.5s [9月29日（週一） 下午 7:13]   click [Sleep] Sleep until 7:00 AM
2848.4s [9月30日（週二） 上午 7:14]   use "Packing table"
2849.1s [9月30日（週二） 上午 7:15]   click [Pack] 打包 16 筆訂單（2 小時 8 分）
2850.1s [9月30日（週二） 上午 9:24]   click [CourierEconomy] 快遞 · 經濟 3 天（$136.32）
2860.1s [9月30日（週二） 下午 7:13]   use "Sleep"
2860.7s [9月30日（週二） 下午 7:13]   click [Sleep] Sleep until 7:00 AM
2861.3s [9月30日（週二） 下午 10:36]   toast: 新評價 #2741：★★★「品質普通。」
2861.5s [10月1日（週三） 上午 3:19]   toast: 新評價 #2709：★★★「品質普通。」
2864.7s [10月1日（週三） 上午 7:00]   shot 164_month_close_report.png
2864.7s [10月1日（週三） 上午 7:00]   click [month close] Continue
2874.0s [10月1日（週三） 上午 7:14]   use "Packing table"
2874.7s [10月1日（週三） 上午 7:15]   click [Pack] 打包 11 筆訂單（1 小時 28 分）
2875.7s [10月1日（週三） 上午 8:44]   click [CourierEconomy] 快遞 · 經濟 3 天（$72.82）
2876.8s [10月1日（週三） 上午 8:46]   ok  Chapter 7 complete
2876.8s [10月1日（週三） 上午 8:46]   ok  Chapter 7 passed with real profit, not two losses
2876.8s [10月1日（週三） 上午 8:46]   ch7_month_profit set from actual ledger profit $1,515; survived_losses=false
2876.8s [10月1日（週三） 上午 8:46]   ok  positive chapter seven monthly profit
2876.8s [10月1日（週三） 上午 8:46] STEP Chapter 8 — the Green Shift
2876.8s [10月1日（週三） 上午 8:46]   ok  Year 4: the Green Shift
2879.2s [10月1日（週三） 上午 8:50]   ok  walked back outside
2882.6s [10月1日（週三） 上午 8:55]   ok  entered Bloom Coffee
2884.3s [10月1日（週三） 上午 8:58]   use "Read the news board"
2885.0s [10月1日（週三） 上午 9:03]   shot 165_news_green_shift.png
2885.4s [10月1日（週三） 上午 9:03]   ok  read the news (green_shift)
2888.3s [10月1日（週三） 上午 9:08]   ok  walked back outside
2891.5s [10月1日（週三） 上午 9:13]   ok  entered Riverside Tower
2893.0s [10月1日（週三） 上午 9:15]   use "Use laptop — Company OS"
2893.6s [10月1日（週三） 上午 9:16]   click [Tab_operations] Operations
2894.3s [10月1日（週三） 上午 9:17]   click [Packaging_recycled] Recycled paper
2894.8s [10月1日（週三） 上午 9:18]   click [Buy_verdant_supply_solar_lamp] 購買 $504.00
2895.4s [10月1日（週三） 上午 9:29]   shot 166_operations_green.png
2895.7s [10月1日（週三） 上午 9:29]   ok  recycled packaging
2903.3s [10月1日（週三） 下午 7:12]   use "Sleep"
2903.9s [10月1日（週三） 下午 7:12]   click [Sleep] Sleep until 7:00 AM
2904.7s [10月2日（週四） 上午 3:26]   toast: 新評價 #2724：★★★「品質普通。」
2904.7s [10月2日（週四） 上午 5:54]   toast: 新評價 #2740：★★★「等了好一陣子才到。」
2914.9s [10月2日（週四） 上午 7:14]   use "Packing table"
2915.6s [10月2日（週四） 上午 7:15]   click [Pack] 打包 13 筆訂單（1 小時 44 分）
2916.5s [10月2日（週四） 上午 9:00]   click [CourierEconomy] 快遞 · 經濟 3 天（$83.74）
2917.6s [10月2日（週四） 上午 9:26]   toast: 新評價 #2725：★★★「品質普通。」
2917.7s [10月2日（週四） 下午 3:02]   toast: 新評價 #2743：★★★「等了好一陣子才到。」
2926.5s [10月2日（週四） 下午 7:13]   use "Sleep"
2927.1s [10月2日（週四） 下午 7:13]   click [Sleep] Sleep until 7:00 AM
2938.1s [10月3日（週五） 上午 7:14]   use "Packing table"
2938.8s [10月3日（週五） 上午 7:15]   click [Pack] 打包 22 筆訂單（2 小時 56 分）
2939.7s [10月3日（週五） 上午 10:12]   click [CourierEconomy] 快遞 · 經濟 3 天（$146.40）
2940.9s [10月3日（週五） 上午 10:18]   toast: 新評價 #2748：★★★「還行。」
2949.7s [10月3日（週五） 下午 7:13]   use "Sleep"
2950.3s [10月3日（週五） 下午 7:13]   click [Sleep] Sleep until 7:00 AM
2950.9s [10月3日（週五） 下午 8:22]   toast: 新評價 #2768：★★★「等了好一陣子才到。」
2951.0s [10月4日（週六） 上午 3:57]   toast: 新評價 #2769：★★★「還行。」
2961.3s [10月4日（週六） 上午 7:14]   use "Packing table"
2961.9s [10月4日（週六） 上午 7:15]   click [Pack] 打包 18 筆訂單（2 小時 24 分）
2962.9s [10月4日（週六） 上午 9:40]   click [CourierEconomy] 快遞 · 經濟 3 天（$114.42）
2972.9s [10月4日（週六） 下午 7:13]   use "Sleep"
2973.5s [10月4日（週六） 下午 7:13]   click [Sleep] Sleep until 7:00 AM
2974.1s [10月5日（週日） 上午 3:55]   toast: 新評價 #2809：★★★「還行。」
2984.4s [10月5日（週日） 上午 7:14]   use "Packing table"
2985.1s [10月5日（週日） 上午 7:15]   click [Pack] 打包 17 筆訂單（2 小時 16 分）
2986.1s [10月5日（週日） 上午 9:32]   click [CourierEconomy] 快遞 · 經濟 3 天（$115.72）
2987.2s [10月5日（週日） 上午 9:34]   ok  solar desk lamps arrived before listing
2988.8s [10月5日（週日） 上午 9:36]   use "Use laptop — Company OS"
2989.5s [10月5日（週日） 上午 9:37]   click [Tab_sales] Ecommerce
2990.2s [10月5日（週日） 上午 9:38]   click [ListSelf_solar_lamp] Shoot photos myself & list (1 h 20 min)
2991.4s [10月5日（週日） 上午 11:00]   ok  solar desk lamps listed
2991.4s [10月5日（週日） 上午 11:00] STEP Chapter 8 — the Green Business Grant at City Hall
2991.5s [10月5日（週日） 上午 11:00]   (harness) wait 2 h
2999.9s [10月5日（週日） 下午 1:13]   use "Packing table"
3000.5s [10月5日（週日） 下午 1:14]   click [Pack] 打包 5 筆訂單（40 分鐘）
3001.4s [10月5日（週日） 下午 1:55]   click [CourierEconomy] 快遞 · 經濟 3 天（$36.68）
3002.6s [10月5日（週日） 下午 1:57]   (harness) wait 2 h
3003.5s [10月5日（週日） 下午 3:58]   use "Packing table"
3004.1s [10月5日（週日） 下午 3:59]   click [Pack] 打包 1 筆訂單（8 分鐘）
3005.0s [10月5日（週日） 下午 4:09]   click [CourierEconomy] 快遞 · 經濟 3 天（$11.46）
3006.2s [10月5日（週日） 下午 4:10]   (harness) wait 2 h
3007.1s [10月5日（週日） 下午 6:12]   use "Packing table"
3007.8s [10月5日（週日） 下午 6:13]   click [Pack] 打包 6 筆訂單（48 分鐘）
3008.7s [10月5日（週日） 下午 7:02]   click [CourierEconomy] 快遞 · 經濟 3 天（$38.76）
3012.5s [10月5日（週日） 下午 7:08]   use "Sleep"
3013.1s [10月5日（週日） 下午 7:08]   click [Sleep] Sleep until 7:00 AM
3024.1s [10月6日（週一） 上午 7:14]   use "Packing table"
3024.8s [10月6日（週一） 上午 7:15]   click [Pack] 打包 10 筆訂單（1 小時 20 分）
3025.7s [10月6日（週一） 上午 8:36]   click [CourierEconomy] 快遞 · 經濟 3 天（$70.74）
3026.9s [10月6日（週一） 上午 8:38]   (harness) wait 2 h
3034.0s [10月6日（週一） 上午 10:49]   use "Packing table"
3034.7s [10月6日（週一） 上午 10:50]   click [Pack] 打包 1 筆訂單（8 分鐘）
3035.6s [10月6日（週一） 上午 10:59]   click [CourierEconomy] 快遞 · 經濟 3 天（$11.46）
3039.2s [10月6日（週一） 上午 11:05]   ok  walked back outside
3053.1s [10月6日（週一） 上午 11:26]   use "捷運——河濱區站"
3054.1s [10月6日（週一） 上午 11:27]   shot 167_metro_civic_center.png
3054.1s [10月6日（週一） 上午 11:27]   click [Go_civic_center] 市政中心  ·  12 分鐘
3055.1s [10月6日（週一） 上午 11:41]   ok  took the Metro to Civic Center
3062.2s [10月6日（週一） 上午 11:51]   ok  entered Aurelia City Hall
3064.0s [10月6日（週一） 上午 11:54]   use "Permits & regulations"
3064.7s [10月6日（週一） 上午 11:55]   shot 168_green_grant.png
3064.7s [10月6日（週一） 上午 11:55]   click [ApplyGreenGrant] Apply
3065.7s [10月6日（週一） 下午 12:27]   ok  green grant approved
3066.7s [10月6日（週一） 下午 12:28]   ok  Chapter 8 complete
3066.7s [10月6日（週一） 下午 12:28] STEP Chapter 9 — the Clearing Crisis: an import stuck on the wire
3066.7s [10月6日（週一） 下午 12:28]   ok  Year 5: the Clearing Crisis
3069.7s [10月6日（週一） 下午 12:34]   ok  walked back outside
3075.3s [10月6日（週一） 下午 12:42]   use "捷運——市政中心站"
3076.3s [10月6日（週一） 下午 12:43]   shot 169_metro_riverside.png
3076.3s [10月6日（週一） 下午 12:43]   click [Go_riverside] 河濱區  ·  12 分鐘
3077.3s [10月6日（週一） 下午 12:57]   ok  took the Metro to Riverside
3084.8s [10月6日（週一） 下午 1:08]   ok  entered Bloom Coffee
3086.5s [10月6日（週一） 下午 1:11]   use "Read the news board"
3087.3s [10月6日（週一） 下午 1:16]   shot 170_news_clearing_crisis.png
3087.6s [10月6日（週一） 下午 1:16]   ok  read the news (clearing_crisis)
3090.6s [10月6日（週一） 下午 1:21]   ok  walked back outside
3093.8s [10月6日（週一） 下午 1:26]   ok  entered Riverside Tower
3095.2s [10月6日（週一） 下午 1:28]   use "Use laptop — Company OS"
3095.9s [10月6日（週一） 下午 1:29]   click [Tab_operations] Operations
3096.6s [10月6日（週一） 下午 1:30]   click [Buy_lumina_direct_phone_stand] 購買 $884.00
3097.4s [10月6日（週一） 下午 1:31]   shot 171_settlement_choice.png
3097.4s [10月6日（週一） 下午 1:31]   click [Settle_international_wire] Pay this way
3098.4s [10月6日（週一） 下午 1:33]   ok  import ordered, paid by wire
3098.4s [10月6日（週一） 下午 1:33] STEP Chapter 9 — Lina Zhao at Nexus Bank
3101.0s [10月6日（週一） 下午 1:38]   ok  walked back outside
3115.0s [10月6日（週一） 下午 1:59]   use "捷運——河濱區站"
3115.9s [10月6日（週一） 下午 2:00]   shot 172_metro_financial.png
3115.9s [10月6日（週一） 下午 2:00]   click [Go_financial] 金融區  ·  10 分鐘
3117.0s [10月6日（週一） 下午 2:12]   ok  took the Metro to Financial District
3124.5s [10月6日（週一） 下午 2:23]   ok  entered Nexus Bank
3131.9s [10月6日（週一） 下午 2:34]   use "和 Lina Zhao 說話"
3132.7s [10月6日（週一） 下午 2:34]   shot 173_lina_intro.png
3138.5s [10月6日（週一） 下午 2:34]   choose "› 幫我開一個數位美元帳戶。"
3140.7s [10月6日（週一） 下午 2:34]   ok  met Lina Zhao
3143.0s [10月6日（週一） 下午 2:38]   ok  walked back outside
3149.1s [10月6日（週一） 下午 2:47]   use "捷運——金融區站"
3150.1s [10月6日（週一） 下午 2:49]   shot 174_metro_riverside.png
3150.1s [10月6日（週一） 下午 2:49]   click [Go_riverside] 河濱區  ·  10 分鐘
3151.1s [10月6日（週一） 下午 3:00]   ok  took the Metro to Riverside
3160.2s [10月6日（週一） 下午 3:14]   ok  entered Riverside Tower
3161.7s [10月6日（週一） 下午 3:16]   use "Use laptop — Company OS"
3162.3s [10月6日（週一） 下午 3:17]   click [Tab_operations] Operations
3163.0s [10月6日（週一） 下午 3:18]   click [SpeedUp_PO-149] Speed up
3163.7s [10月6日（週一） 下午 3:19]   shot 175_settlement_speed_up.png
3163.7s [10月6日（週一） 下午 3:19]   click [Settle_letter_of_credit] Switch
3172.6s [10月6日（週一） 下午 7:11]   use "Sleep"
3173.2s [10月6日（週一） 下午 7:11]   click [Sleep] Sleep until 7:00 AM
3184.1s [10月7日（週二） 上午 7:14]   use "Packing table"
3184.8s [10月7日（週二） 上午 7:15]   click [Pack] 打包 17 筆訂單（2 小時 16 分）
3185.8s [10月7日（週二） 上午 9:32]   click [CourierEconomy] 快遞 · 經濟 3 天（$104.16）
3195.8s [10月7日（週二） 下午 7:13]   use "Sleep"
3196.4s [10月7日（週二） 下午 7:13]   click [Sleep] Sleep until 7:00 AM
3207.3s [10月8日（週三） 上午 7:14]   use "Packing table"
3208.1s [10月8日（週三） 上午 7:15]   click [Pack] 打包 12 筆訂單（1 小時 36 分）
3209.0s [10月8日（週三） 上午 8:52]   click [CourierEconomy] 快遞 · 經濟 3 天（$72.72）
3210.4s [10月8日（週三） 下午 7:00]   shot 176_decision_supplier_price_increase.png
3210.4s [10月8日（週三） 下午 7:00]   decision supplier_price_increase → accept
3210.4s [10月8日（週三） 下午 7:00]   click [Choice_accept] 好。繼續跟你進貨。
3211.8s [10月8日（週三） 下午 7:00]   shot 177_decision_outcome_supplier_price_increase.png
3211.8s [10月8日（週三） 下午 7:00]   click "OK"
3221.2s [10月8日（週三） 下午 7:13]   use "Sleep"
3221.8s [10月8日（週三） 下午 7:13]   click [Sleep] Sleep until 7:00 AM
3222.5s [10月9日（週四） 上午 12:54]   toast: 新評價 #2891：★★★「還行。」
3232.8s [10月9日（週四） 上午 7:14]   use "Packing table"
3233.5s [10月9日（週四） 上午 7:15]   click [Pack] 打包 21 筆訂單（2 小時 48 分）
3234.5s [10月9日（週四） 上午 10:04]   click [CourierEconomy] 快遞 · 經濟 3 天（$121.20）
3244.5s [10月9日（週四） 下午 7:13]   use "Sleep"
3245.2s [10月9日（週四） 下午 7:13]   click [Sleep] Sleep until 7:00 AM
3245.8s [10月10日（週五） 上午 12:22]   toast: 新評價 #2872：★★★「品質普通。」
3256.1s [10月10日（週五） 上午 7:14]   use "Packing table"
3256.8s [10月10日（週五） 上午 7:15]   click [Pack] 打包 22 筆訂單（2 小時 56 分）
3256.9s [10月10日（週五） 上午 9:47]   toast: 新評價 #2895：★★★「等了好一陣子才到。」
3257.8s [10月10日（週五） 上午 10:12]   click [CourierEconomy] 快遞 · 經濟 3 天（$120.00）
3267.9s [10月10日（週五） 下午 7:13]   use "Sleep"
3268.5s [10月10日（週五） 下午 7:13]   click [Sleep] Sleep until 7:00 AM
3279.6s [10月11日（週六） 上午 7:14]   use "Packing table"
3280.3s [10月11日（週六） 上午 7:15]   click [Pack] 打包 15 筆訂單（2 h）
3281.2s [10月11日（週六） 上午 9:16]   click [CourierEconomy] 快遞 · 經濟 3 天（$87.84）
3291.3s [10月11日（週六） 下午 7:13]   use "Sleep"
3291.9s [10月11日（週六） 下午 7:13]   click [Sleep] Sleep until 7:00 AM
3302.8s [10月12日（週日） 上午 7:14]   use "Packing table"
3303.5s [10月12日（週日） 上午 7:15]   click [Pack] 打包 19 筆訂單（2 小時 32 分）
3304.5s [10月12日（週日） 上午 9:48]   click [CourierEconomy] 快遞 · 經濟 3 天（$108.00）
3314.6s [10月12日（週日） 下午 7:13]   use "Sleep"
3315.2s [10月12日（週日） 下午 7:13]   click [Sleep] Sleep until 7:00 AM
3315.9s [10月13日（週一） 上午 5:26]   toast: 新評價 #2971：★★★「品質普通。」
3326.1s [10月13日（週一） 上午 7:14]   use "Packing table"
3326.8s [10月13日（週一） 上午 7:15]   click [Pack] 打包 18 筆訂單（2 小時 24 分）
3327.8s [10月13日（週一） 上午 9:40]   click [CourierEconomy] 快遞 · 經濟 3 天（$99.84）
3337.9s [10月13日（週一） 下午 7:13]   use "Sleep"
3338.5s [10月13日（週一） 下午 7:13]   click [Sleep] Sleep until 7:00 AM
3339.1s [10月13日（週一） 下午 8:32]   toast: 新評價 #2979：★★★「等了好一陣子才到。」
3349.5s [10月14日（週二） 上午 7:14]   use "Packing table"
3350.2s [10月14日（週二） 上午 7:15]   click [Pack] 打包 18 筆訂單（2 小時 24 分）
3351.1s [10月14日（週二） 上午 9:40]   click [CourierEconomy] 快遞 · 經濟 3 天（$102.96）
3352.3s [10月14日（週二） 上午 10:29]   toast: 新評價 #2992：★★★「還行。」
3361.2s [10月14日（週二） 下午 7:13]   use "Sleep"
3361.8s [10月14日（週二） 下午 7:13]   click [Sleep] Sleep until 7:00 AM
3372.8s [10月15日（週三） 上午 7:14]   use "Packing table"
3373.5s [10月15日（週三） 上午 7:15]   click [Pack] 打包 15 筆訂單（2 h）
3373.6s [10月15日（週三） 上午 8:58]   toast: 新評價 #3034：★★★「品質普通。」
3374.4s [10月15日（週三） 上午 9:16]   click [CourierEconomy] 快遞 · 經濟 3 天（$87.84）
3384.5s [10月15日（週三） 下午 7:13]   use "Sleep"
3385.1s [10月15日（週三） 下午 7:13]   click [Sleep] Sleep until 7:00 AM
3385.8s [10月16日（週四） 上午 1:56]   toast: 新評價 #3053：★★★「品質普通。」
3396.1s [10月16日（週四） 上午 7:14]   use "Packing table"
3396.8s [10月16日（週四） 上午 7:15]   click [Pack] 打包 15 筆訂單（2 h）
3396.9s [10月16日（週四） 上午 9:07]   toast: 新評價 #3031：★★★「等了好一陣子才到。」
3397.7s [10月16日（週四） 上午 9:16]   click [CourierEconomy] 快遞 · 經濟 3 天（$84.72）
3407.8s [10月16日（週四） 下午 7:13]   use "Sleep"
3408.4s [10月16日（週四） 下午 7:13]   click [Sleep] Sleep until 7:00 AM
3419.4s [10月17日（週五） 上午 7:14]   use "Packing table"
3420.1s [10月17日（週五） 上午 7:15]   click [Pack] 打包 9 筆訂單（1 小時 12 分）
3421.0s [10月17日（週五） 上午 8:28]   click [CourierEconomy] 快遞 · 經濟 3 天（$54.48）
3422.3s [10月17日（週五） 上午 9:36]   toast: 新評價 #3068：★★★「等了好一陣子才到。」
3422.4s [10月17日（週五） 下午 3:54]   toast: 新評價 #3047：★★★「品質普通。」
3431.3s [10月17日（週五） 下午 7:13]   use "Sleep"
3431.9s [10月17日（週五） 下午 7:13]   click [Sleep] Sleep until 7:00 AM
3442.9s [10月18日（週六） 上午 7:14]   use "Packing table"
3443.6s [10月18日（週六） 上午 7:15]   click [Pack] 打包 12 筆訂單（1 小時 36 分）
3444.5s [10月18日（週六） 上午 8:52]   click [CourierEconomy] 快遞 · 經濟 3 天（$72.72）
3454.6s [10月18日（週六） 下午 7:13]   use "Sleep"
3455.2s [10月18日（週六） 下午 7:13]   click [Sleep] Sleep until 7:00 AM
3466.2s [10月19日（週日） 上午 7:14]   use "Packing table"
3466.9s [10月19日（週日） 上午 7:15]   click [Pack] 打包 7 筆訂單（56 分鐘）
3467.8s [10月19日（週日） 上午 8:12]   click [CourierEconomy] 快遞 · 經濟 3 天（$44.40）
3477.9s [10月19日（週日） 下午 7:13]   use "Sleep"
3478.5s [10月19日（週日） 下午 7:13]   click [Sleep] Sleep until 7:00 AM
3489.6s [10月20日（週一） 上午 7:14]   use "Packing table"
3490.3s [10月20日（週一） 上午 7:15]   click [Pack] 打包 4 筆訂單（32 分鐘）
3491.2s [10月20日（週一） 上午 7:48]   click [CourierEconomy] 快遞 · 經濟 3 天（$26.16）
3501.3s [10月20日（週一） 下午 7:13]   use "Sleep"
3501.9s [10月20日（週一） 下午 7:13]   click [Sleep] Sleep until 7:00 AM
3502.6s [10月21日（週二） 上午 12:41]   toast: 新評價 #3125：★★★「還行。」
3502.6s [10月21日（週二） 上午 2:33]   toast: 新評價 #3114：★「壞掉了，賣家不處理。」
3512.9s [10月21日（週二） 上午 7:14]   use "Packing table"
3513.6s [10月21日（週二） 上午 7:15]   click [Pack] 打包 14 筆訂單（1 小時 52 分）
3514.6s [10月21日（週二） 上午 9:08]   click [CourierEconomy] 快遞 · 經濟 3 天（$76.56）
3524.7s [10月21日（週二） 下午 7:13]   use "Sleep"
3525.3s [10月21日（週二） 下午 7:13]   click [Sleep] Sleep until 7:00 AM
3536.2s [10月22日（週三） 上午 7:14]   use "Packing table"
3536.9s [10月22日（週三） 上午 7:15]   click [Pack] 打包 6 筆訂單（48 分鐘）
3537.9s [10月22日（週三） 上午 8:04]   click [CourierEconomy] 快遞 · 經濟 3 天（$36.24）
3548.0s [10月22日（週三） 下午 7:13]   use "Sleep"
3548.6s [10月22日（週三） 下午 7:13]   click [Sleep] Sleep until 7:00 AM
3559.6s [10月23日（週四） 上午 7:14]   use "Packing table"
3560.3s [10月23日（週四） 上午 7:15]   click [Pack] 打包 7 筆訂單（56 分鐘）
3561.2s [10月23日（週四） 上午 8:12]   click [CourierEconomy] 快遞 · 經濟 3 天（$41.28）
3571.4s [10月23日（週四） 下午 7:13]   use "Sleep"
3572.0s [10月23日（週四） 下午 7:13]   click [Sleep] Sleep until 7:00 AM
3583.0s [10月24日（週五） 上午 7:14]   use "Packing table"
3583.7s [10月24日（週五） 上午 7:15]   click [Pack] 打包 3 筆訂單（24 分鐘）
3584.6s [10月24日（週五） 上午 7:40]   click [CourierEconomy] 快遞 · 經濟 3 天（$19.86）
3585.7s [10月24日（週五） 上午 7:42]   ok  Chapter 9 complete: the import got through
3585.7s [10月24日（週五） 上午 7:42]   ok  ledger balanced after chapters 7–9
3585.7s [10月24日（週五） 上午 7:42] STEP Weekend pop-up: real stock, checkout, automatic return and report
3587.0s [10月24日（週五） 上午 7:44]   use "Reserve a weekend pop-up"
3587.5s [10月24日（週五） 上午 7:44]   shot 178_popup_weekend_reservation.png
3588.6s [10月24日（週五） 上午 7:44]   click [SignPopup] Reserve this weekend
3589.2s [10月24日（週五） 上午 7:44]   ok  real notice reserved weekend
3589.2s [10月24日（週五） 上午 7:44]   ok  fifty available units for pop-up
3590.2s [10月24日（週五） 上午 7:44]   click [PopupStock_phone_stand] Move selected stock
3590.9s [10月24日（週五） 上午 8:44]   ok  fifty units physically transferred
3591.0s [10月24日（週五） 上午 8:44]   shot 179_popup_stock_and_unit_price.png
3592.5s [10月25日（週六） 上午 10:01]   shot 180_popup_open_shop_and_customer.png
3593.0s [10月25日（週六） 上午 10:02]   use "Reserve a weekend pop-up"
3594.4s [10月25日（週六） 上午 10:02]   click [PopupTill] Work checkout for one hour
3595.1s [10月25日（週六） 上午 11:02]   ok  one-hour checkout actual sales
3596.4s [10月26日（週日） 下午 6:00]   shot 181_popup_weekend_report.png
3596.4s [10月26日（週日） 下午 6:00]   ok  weekend settles automatically
3596.4s [10月26日（週日） 下午 6:00]   ok  pop-up all journals balanced
3596.7s [10月26日（週日） 下午 6:00]   ok  played pop-up save
3598.9s [10月26日（週日） 下午 6:04]   ok  walked back outside
3609.6s [10月26日（週日） 下午 6:19]   use "捷運——購物街站"
3610.5s [10月26日（週日） 下午 6:21]   shot 182_metro_riverside.png
3610.5s [10月26日（週日） 下午 6:21]   click [Go_riverside] 河濱區  ·  15 分鐘
3611.5s [10月26日（週日） 下午 6:37]   ok  took the Metro to Riverside
3620.6s [10月26日（週日） 下午 6:51]   ok  entered Riverside Tower
3620.6s [10月26日（週日） 下午 6:51]   ok  pop-up handoff returns to the home bed
3620.6s [10月26日（週日） 下午 6:51] STEP Old Town — lease the corner café from Mr. Okafor
3620.7s [10月26日（週日） 下午 6:51]   (harness) wait 2 h
3623.3s [10月26日（週日） 下午 8:55]   use "Sleep"
3623.9s [10月26日（週日） 下午 8:55]   click [Sleep] Sleep until 7:00 AM
3626.2s [10月27日（週一） 上午 7:01]   (harness) wait 2 h
3626.8s [10月27日（週一） 上午 9:02]   shot 183_decision_supplier_price_increase.png
3626.8s [10月27日（週一） 上午 9:02]   decision supplier_price_increase → accept
3626.8s [10月27日（週一） 上午 9:02]   click [Choice_accept] 好。繼續跟你進貨。
3628.2s [10月27日（週一） 上午 9:02]   shot 184_decision_outcome_supplier_price_increase.png
3628.2s [10月27日（週一） 上午 9:02]   click "OK"
3631.9s [10月27日（週一） 上午 9:08]   ok  walked back outside
3645.9s [10月27日（週一） 上午 9:29]   use "捷運——河濱區站"
3646.9s [10月27日（週一） 上午 9:30]   shot 185_metro_old_town.png
3646.9s [10月27日（週一） 上午 9:30]   click [Go_old_town] 舊城區  ·  16 分鐘
3648.0s [10月27日（週一） 上午 9:48]   ok  took the Metro to Old Town
3648.1s [10月27日（週一） 上午 9:48]   shot 186_old_town.png
3658.9s [10月27日（週一） 上午 10:04]   ok  entered Okafor Lettings
3659.5s [10月27日（週一） 上午 10:05]   use "和 Okafor 先生 說話"
3662.5s [10月27日（週一） 上午 10:05]   choose "› 這裡以前是什麼店？"
3667.5s [10月27日（週一） 上午 10:06]   shot 187_cafe_lease.png
3667.5s [10月27日（週一） 上午 10:06]   click [SignLease_corner_cafe] Sign the lease
3668.4s [10月27日（週一） 上午 10:07]   ok  leased the corner café unit
3670.2s [10月27日（週一） 上午 10:11]   ok  walked back outside
3670.3s [10月27日（週一） 上午 10:11]   shot 188_old_town_storefronts.png
3675.3s [10月27日（週一） 上午 10:18]   ok  entered Corner Café Unit
3676.1s [10月27日（週一） 上午 10:20]   use "Check the till — Company OS"
3676.7s [10月27日（週一） 上午 10:20]   click [CafeFitOut] 裝修（$5,800）
3677.1s [10月27日（週一） 上午 10:21]   click [CafeSupplies_large] 400 杯份 · $329.60
3677.7s [10月27日（週一） 上午 10:22]   shot 189_cafe_setup.png
3678.0s [10月27日（週一） 上午 10:22]   ok  fit-out under way
3678.0s [10月27日（週一） 上午 10:22]   ok  coffee supplies ordered
3678.0s [10月27日（週一） 上午 10:22] STEP Old Town — the food licence at City Hall (walking via Shopping Street)
3680.0s [10月27日（週一） 上午 10:26]   ok  walked back outside
3687.8s [10月27日（週一） 上午 10:44]   ok  walked to Shopping Street
3701.1s [10月27日（週一） 上午 11:12]   ok  walked to Civic Center
3705.4s [10月27日（週一） 上午 11:18]   ok  entered Aurelia City Hall
3707.2s [10月27日（週一） 上午 11:21]   use "Permits & regulations"
3707.8s [10月27日（週一） 上午 11:21]   click [ApplyFoodLicence] Apply
3708.3s [10月27日（週一） 上午 11:42]   shot 190_food_licence.png
3708.7s [10月27日（週一） 上午 11:43]   ok  food licence applied for
3711.6s [10月27日（週一） 上午 11:48]   ok  walked back outside
3717.2s [10月27日（週一） 上午 11:57]   use "捷運——市政中心站"
3718.2s [10月27日（週一） 上午 11:58]   shot 191_metro_riverside.png
3718.2s [10月27日（週一） 上午 11:58]   click [Go_riverside] 河濱區  ·  12 分鐘
3719.2s [10月27日（週一） 下午 12:11]   ok  took the Metro to Riverside
3728.3s [10月27日（週一） 下午 12:25]   ok  entered Riverside Tower
3728.4s [10月27日（週一） 下午 12:25]   (harness) wait 2 h
3729.1s [10月27日（週一） 下午 2:26]   (harness) wait 2 h
3729.8s [10月27日（週一） 下午 4:27]   (harness) wait 2 h
3730.4s [10月27日（週一） 下午 6:28]   (harness) wait 2 h
3733.0s [10月27日（週一） 下午 8:32]   use "Sleep"
3733.6s [10月27日（週一） 下午 8:32]   click [Sleep] Sleep until 7:00 AM
3735.8s [10月28日（週二） 上午 7:01]   (harness) wait 2 h
3736.5s [10月28日（週二） 上午 9:02]   (harness) wait 2 h
3737.2s [10月28日（週二） 上午 11:03]   (harness) wait 2 h
3737.9s [10月28日（週二） 下午 1:04]   (harness) wait 2 h
3738.6s [10月28日（週二） 下午 3:05]   (harness) wait 2 h
3739.3s [10月28日（週二） 下午 5:06]   (harness) wait 2 h
3740.1s [10月28日（週二） 下午 7:07]   use "Sleep"
3740.7s [10月28日（週二） 下午 7:07]   click [Sleep] Sleep until 7:00 AM
3742.9s [10月29日（週三） 上午 7:01]   (harness) wait 2 h
3743.6s [10月29日（週三） 上午 9:02]   (harness) wait 2 h
3744.3s [10月29日（週三） 上午 11:03]   (harness) wait 2 h
3745.0s [10月29日（週三） 下午 1:04]   ok  fitted out and licensed
3745.0s [10月29日（週三） 下午 1:04] STEP Old Town — opening day behind your own counter
3748.1s [10月29日（週三） 下午 1:09]   ok  walked back outside
3762.1s [10月29日（週三） 下午 1:30]   use "捷運——河濱區站"
3763.1s [10月29日（週三） 下午 1:31]   shot 192_metro_old_town.png
3763.1s [10月29日（週三） 下午 1:31]   click [Go_old_town] 舊城區  ·  16 分鐘
3764.2s [10月29日（週三） 下午 1:49]   ok  took the Metro to Old Town
3771.6s [10月29日（週三） 下午 2:00]   ok  entered Corner Café Unit
3771.7s [10月29日（週三） 下午 2:00]   shot 193_cafe_open.png
3772.7s [10月29日（週三） 下午 2:02]   use "Work the counter (2 h)"
3773.6s [10月29日（週三） 下午 4:03]   ok  served customers at your own café
3774.2s [10月29日（週三） 下午 4:04]   use "Check the till — Company OS"
3774.9s [10月29日（週三） 下午 4:05]   shot 194_cafe_tab.png
3775.2s [10月29日（週三） 下午 4:05]   ok  ledger balanced after opening the café
3777.4s [10月29日（週三） 下午 4:10]   ok  walked back outside
3789.6s [10月29日（週三） 下午 4:28]   use "捷運——舊城區站"
3790.6s [10月29日（週三） 下午 4:29]   shot 195_metro_riverside.png
3790.6s [10月29日（週三） 下午 4:29]   click [Go_riverside] 河濱區  ·  16 分鐘
3791.6s [10月29日（週三） 下午 4:47]   ok  took the Metro to Riverside
3800.7s [10月29日（週三） 下午 5:00]   ok  entered Riverside Tower
3800.8s [10月29日（週三） 下午 5:00] STEP Harbor — metro to the docks, a used van from Sam, and Pier 7
3800.8s [10月29日（週三） 下午 5:00]   ok  actual financing covers the van, bay and working capital
3800.8s [10月29日（週三） 下午 5:00]   (harness) wait 2 h
3803.4s [10月29日（週三） 下午 7:04]   use "Sleep"
3804.0s [10月29日（週三） 下午 7:04]   click [Sleep] Sleep until 7:00 AM
3806.1s [10月30日（週四） 上午 7:01]   (harness) wait 2 h
3809.9s [10月30日（週四） 上午 9:07]   ok  walked back outside
3823.9s [10月30日（週四） 上午 9:28]   use "捷運——河濱區站"
3824.9s [10月30日（週四） 上午 9:29]   shot 196_metro_harbor.png
3824.9s [10月30日（週四） 上午 9:29]   click [Go_harbor] 港區  ·  8 分鐘
3826.3s [10月30日（週四） 上午 9:39]   ok  took the Metro to Harbor
3826.4s [10月30日（週四） 上午 9:39]   shot 197_harbor.png
3833.4s [10月30日（週四） 上午 9:49]   shot 198_harbor_street.png
3836.0s [10月30日（週四） 上午 9:53]   ok  entered Dockside Motors
3843.9s [10月30日（週四） 上午 10:05]   use "和 Sam Okoro 說話"
3847.0s [10月30日（週四） 上午 10:05]   choose "› 你這裡有什麼？"
3852.0s [10月30日（週四） 上午 10:06]   shot 199_van_dealer.png
3852.0s [10月30日（週四） 上午 10:06]   click [BuyVan] 買下這台貨車（$9,800）
3852.6s [10月30日（週四） 上午 10:07]   shot 200_van_bought.png
3853.0s [10月30日（週四） 上午 10:07]   ok  bought the van from Sam
3853.0s [10月30日（週四） 上午 10:07]   ok  the van is a vehicle expense
3855.4s [10月30日（週四） 上午 10:12]   ok  walked back outside
3861.0s [10月30日（週四） 上午 10:20]   ok  entered Pier 7 Warehouse
3864.6s [10月30日（週四） 上午 10:26]   use "Lettings desk: lease Bay 3"
3865.3s [10月30日（週四） 上午 10:26]   shot 201_pier7_lease.png
3865.3s [10月30日（週四） 上午 10:26]   click [SignLease_pier7_warehouse] Sign the lease
3866.2s [10月30日（週四） 上午 10:28]   ok  leased the Pier 7 bay
3866.2s [10月30日（週四） 上午 10:28]   ok  Pier 7 is a stock location
3866.7s [10月30日（週四） 上午 10:29]   shot 202_pier7_warehouse.png
3870.9s [10月30日（週四） 上午 10:36]   ok  walked back outside
3879.4s [10月30日（週四） 上午 10:49]   use "捷運——港區站"
3880.4s [10月30日（週四） 上午 10:50]   shot 203_metro_riverside.png
3880.4s [10月30日（週四） 上午 10:50]   click [Go_riverside] 河濱區  ·  8 分鐘
3881.4s [10月30日（週四） 上午 10:59]   ok  took the Metro to Riverside
3890.5s [10月30日（週四） 上午 11:13]   ok  entered Riverside Tower
3890.5s [10月30日（週四） 上午 11:13] STEP Harbor — the morning's delivery runs
3890.6s [10月30日（週四） 上午 11:13]   (harness) wait 2 h
3891.3s [10月30日（週四） 下午 1:14]   (harness) wait 2 h
3891.9s [10月30日（週四） 下午 3:15]   (harness) wait 2 h
3892.0s [10月30日（週四） 下午 5:00]   toast: Riverlight Goods 咖啡 今天沒開門：吧台沒人顧。去僱一位咖啡師（人員分頁），或自己站吧台。
3892.7s [10月30日（週四） 下午 5:16]   (harness) wait 2 h
3895.2s [10月30日（週四） 下午 7:20]   use "Sleep"
3895.8s [10月30日（週四） 下午 7:20]   click [Sleep] Sleep until 7:00 AM
3897.9s [10月31日（週五） 上午 7:01]   (harness) wait 2 h
3898.6s [10月31日（週五） 上午 9:02]   ok  runs were posted in the morning
3901.7s [10月31日（週五） 上午 9:07]   ok  walked back outside
3915.6s [10月31日（週五） 上午 9:28]   use "捷運——河濱區站"
3916.7s [10月31日（週五） 上午 9:29]   shot 204_metro_harbor.png
3916.7s [10月31日（週五） 上午 9:29]   click [Go_harbor] 港區  ·  8 分鐘
3917.7s [10月31日（週五） 上午 9:39]   ok  took the Metro to Harbor
3927.7s [10月31日（週五） 上午 9:54]   ok  entered Pier 7 Warehouse
3930.5s [10月31日（週五） 上午 9:58]   use "Sit at the yard office desk — Company OS"
3931.2s [10月31日（週五） 上午 9:59]   click [Tab_logistics] Logistics
3932.0s [10月31日（週五） 上午 10:00]   shot 205_logistics_tab.png
3932.6s [10月31日（週五） 上午 10:01]   shot 206_logistics_badge_pinned.png
3932.6s [10月31日（週五） 上午 10:01]   click [Tab_logistics] Logistics
3933.0s [10月31日（週五） 上午 10:02]   ok  delivery runs on the board
3933.0s [10月31日（週五） 上午 10:02]   click [Accept_R2] Accept
3933.6s [10月31日（週五） 上午 10:03]   ok  accepted run R2
3933.6s [10月31日（週五） 上午 10:03]   shot 207_logistics_accepted.png
3933.6s [10月31日（週五） 上午 10:03]   click [Drive_R2] Drive it
3934.3s [10月31日（週五） 上午 10:03]   shot 208_route_game_intro.png
3934.3s [10月31日（週五） 上午 10:03]   click [StartGame] Start
3934.8s [10月31日（週五） 上午 10:03]   click [Stop_4] 
3934.9s [10月31日（週五） 上午 10:03]   click [Stop_6] 
3935.2s [10月31日（週五） 上午 10:03]   shot 209_route_game_planning.png
3935.2s [10月31日（週五） 上午 10:03]   click [Stop_2] 
3935.3s [10月31日（週五） 上午 10:03]   click [Stop_3] 
3935.4s [10月31日（週五） 上午 10:03]   click [Stop_1] 
3935.5s [10月31日（週五） 上午 10:03]   click [Stop_5] 
3936.0s [10月31日（週五） 上午 10:03]   shot 210_route_game_planned.png
3936.0s [10月31日（週五） 上午 10:03]   click [DriveRoute] Drive the route
3936.7s [10月31日（週五） 上午 10:03]   shot 211_route_game_results.png
3936.7s [10月31日（週五） 上午 10:03]   click [FinishGame] Continue
3937.6s [10月31日（週五） 下午 1:34]   ok  the run is done and in the history
3937.6s [10月31日（週五） 下午 1:34]   ok  the pay was banked as revenue ($168.30 for run R2)
3937.6s [10月31日（週五） 下午 1:34]   ok  fuel was charged
3937.6s [10月31日（週五） 下午 1:34]   ok  the best route scored 100%
3938.0s [10月31日（週五） 下午 1:34]   shot 212_logistics_tab_paid.png
3938.4s [10月31日（週五） 下午 1:35]   ok  ledger balanced after the first delivery run
3942.4s [10月31日（週五） 下午 1:42]   ok  walked back outside
3950.9s [10月31日（週五） 下午 1:55]   use "捷運——港區站"
3951.9s [10月31日（週五） 下午 1:56]   shot 213_metro_riverside.png
3951.9s [10月31日（週五） 下午 1:56]   click [Go_riverside] 河濱區  ·  8 分鐘
3952.9s [10月31日（週五） 下午 2:06]   ok  took the Metro to Riverside
3962.1s [10月31日（週五） 下午 2:19]   ok  entered Riverside Tower
3962.1s [10月31日（週五） 下午 2:19]   ok  Chapter 10 started after Chapter 9
3962.1s [10月31日（週五） 下午 2:19]   ok  Year 6: the Digital Finance Boom
3962.1s [10月31日（週五） 下午 2:19] STEP Chapter 10 — the news, and Lina's escrow offer
3963.5s [10月31日（週五） 下午 2:22]   ok  walked back outside
3966.8s [10月31日（週五） 下午 2:27]   ok  entered Bloom Coffee
3968.5s [10月31日（週五） 下午 2:30]   use "Read the news board"
3969.3s [10月31日（週五） 下午 2:35]   shot 214_news_digital_rails.png
3969.6s [10月31日（週五） 下午 2:35]   ok  read the news (digital_rails)
3972.5s [10月31日（週五） 下午 2:40]   ok  walked back outside
3975.7s [10月31日（週五） 下午 2:45]   ok  entered Riverside Tower
3977.1s [10月31日（週五） 下午 2:48]   ok  walked back outside
3991.0s [10月31日（週五） 下午 3:09]   use "捷運——河濱區站"
3992.1s [10月31日（週五） 下午 3:10]   shot 215_metro_financial.png
3992.1s [10月31日（週五） 下午 3:10]   click [Go_financial] 金融區  ·  10 分鐘
3993.1s [10月31日（週五） 下午 3:22]   ok  took the Metro to Financial District
4000.7s [10月31日（週五） 下午 3:33]   ok  entered Nexus Bank
4008.0s [10月31日（週五） 下午 3:44]   use "和 Lina Zhao 說話"
4008.9s [10月31日（週五） 下午 3:44]   shot 216_lina_rails.png
4014.7s [10月31日（週五） 下午 3:44]   choose "› 有什麼但書？"
4020.5s [10月31日（週五） 下午 3:46]   ok  the '!' badge for escrow pins its card
4020.6s [10月31日（週五） 下午 3:46]   shot 217_badge_escrow_pinned.png
4020.8s [10月31日（週五） 下午 3:46]   shot 218_decision_escrow_offer.png
4020.8s [10月31日（週五） 下午 3:46]   decision escrow_offer → try
4020.8s [10月31日（週五） 下午 3:46]   click [Choice_try] 開立託管帳戶
4022.2s [10月31日（週五） 下午 3:46]   shot 219_decision_outcome_escrow_offer.png
4022.2s [10月31日（週五） 下午 3:46]   click "OK"
4022.7s [10月31日（週五） 下午 3:46]   ok  opened an escrow account
4022.7s [10月31日（週五） 下午 3:46] STEP Chapter 10 — an import paid through escrow
4025.0s [10月31日（週五） 下午 3:51]   ok  walked back outside
4031.1s [10月31日（週五） 下午 4:00]   use "捷運——金融區站"
4032.1s [10月31日（週五） 下午 4:01]   shot 220_metro_riverside.png
4032.1s [10月31日（週五） 下午 4:01]   click [Go_riverside] 河濱區  ·  10 分鐘
4033.2s [10月31日（週五） 下午 4:13]   ok  took the Metro to Riverside
4042.3s [10月31日（週五） 下午 4:26]   ok  entered Riverside Tower
4043.8s [10月31日（週五） 下午 4:28]   use "Use laptop — Company OS"
4044.4s [10月31日（週五） 下午 4:29]   click [Tab_operations] Operations
4045.1s [10月31日（週五） 下午 4:30]   click [Buy_lumina_direct_phone_stand] 購買 $864.00
4045.9s [10月31日（週五） 下午 4:32]   shot 221_settlement_escrow.png
4045.9s [10月31日（週五） 下午 4:32]   click [Settle_escrow] Pay this way
4046.6s [10月31日（週五） 下午 5:00]   toast: Riverlight Goods 咖啡 今天沒開門：吧台沒人顧。去僱一位咖啡師（人員分頁），或自己站吧台。
4046.7s [10月31日（週五） 下午 6:43]   click [Tab_finance] Finance
4046.9s [10月31日（週五） 下午 6:43]   click [Tab_operations] Operations
4052.1s [10月31日（週五） 下午 6:51]   shot 222_operations_escrow_order.png
4052.4s [10月31日（週五） 下午 6:51]   ok  import ordered through escrow
4052.7s [10月31日（週五） 下午 6:52]   use "Use laptop — Company OS"
4053.3s [10月31日（週五） 下午 6:53]   click [Tab_finance] Finance
4054.1s [10月31日（週五） 下午 6:54]   shot 223_finance_held_in_escrow.png
4062.2s [10月31日（週五） 下午 7:11]   use "Sleep"
4062.8s [10月31日（週五） 下午 7:11]   click [Sleep] Sleep until 7:00 AM
4066.4s [11月1日（週六） 上午 7:00]   shot 224_month_close_report.png
4066.4s [11月1日（週六） 上午 7:00]   click [month close] Continue
4067.1s [11月1日（週六） 下午 5:00]   toast: Riverlight Goods 咖啡 今天沒開門：吧台沒人顧。去僱一位咖啡師（人員分頁），或自己站吧台。
4067.3s [11月1日（週六） 下午 7:01]   use "Sleep"
4067.9s [11月1日（週六） 下午 7:01]   click [Sleep] Sleep until 7:00 AM
4070.4s [11月2日（週日） 下午 7:00]   use "Sleep"
4071.0s [11月2日（週日） 下午 7:00]   click [Sleep] Sleep until 7:00 AM
4073.1s [11月3日（週一） 下午 5:00]   toast: Riverlight Goods 咖啡 今天沒開門：吧台沒人顧。去僱一位咖啡師（人員分頁），或自己站吧台。
4073.3s [11月3日（週一） 下午 7:00]   use "Sleep"
4073.9s [11月3日（週一） 下午 7:00]   click [Sleep] Sleep until 7:00 AM
4076.1s [11月4日（週二） 下午 5:00]   toast: Riverlight Goods 咖啡 今天沒開門：吧台沒人顧。去僱一位咖啡師（人員分頁），或自己站吧台。
4076.4s [11月4日（週二） 下午 7:00]   use "Sleep"
4077.0s [11月4日（週二） 下午 7:00]   click [Sleep] Sleep until 7:00 AM
4079.1s [11月5日（週三） 下午 5:00]   toast: Riverlight Goods 咖啡 今天沒開門：吧台沒人顧。去僱一位咖啡師（人員分頁），或自己站吧台。
4085.8s [11月5日（週三） 下午 7:10]   use "Sleep"
4086.4s [11月5日（週三） 下午 7:10]   click [Sleep] Sleep until 7:00 AM
4088.5s [11月6日（週四） 下午 5:00]   toast: Riverlight Goods 咖啡 今天沒開門：吧台沒人顧。去僱一位咖啡師（人員分頁），或自己站吧台。
4088.8s [11月6日（週四） 下午 7:00]   use "Sleep"
4089.4s [11月6日（週四） 下午 7:00]   click [Sleep] Sleep until 7:00 AM
4091.6s [11月7日（週五） 下午 5:00]   toast: Riverlight Goods 咖啡 今天沒開門：吧台沒人顧。去僱一位咖啡師（人員分頁），或自己站吧台。
4091.8s [11月7日（週五） 下午 7:00]   use "Sleep"
4092.4s [11月7日（週五） 下午 7:00]   click [Sleep] Sleep until 7:00 AM
4094.6s [11月8日（週六） 下午 5:00]   toast: Riverlight Goods 咖啡 今天沒開門：吧台沒人顧。去僱一位咖啡師（人員分頁），或自己站吧台。
4094.8s [11月8日（週六） 下午 7:00]   use "Sleep"
4095.4s [11月8日（週六） 下午 7:00]   click [Sleep] Sleep until 7:00 AM
4097.8s [11月9日（週日） 下午 7:00]   use "Sleep"
4098.5s [11月9日（週日） 下午 7:00]   click [Sleep] Sleep until 7:00 AM
4100.7s [11月10日（週一） 下午 5:00]   toast: Riverlight Goods 咖啡 今天沒開門：吧台沒人顧。去僱一位咖啡師（人員分頁），或自己站吧台。
4107.6s [11月10日（週一） 下午 7:10]   use "Sleep"
4108.2s [11月10日（週一） 下午 7:10]   click [Sleep] Sleep until 7:00 AM
4110.4s [11月11日（週二） 下午 5:00]   toast: Riverlight Goods 咖啡 今天沒開門：吧台沒人顧。去僱一位咖啡師（人員分頁），或自己站吧台。
4110.6s [11月11日（週二） 下午 7:00]   use "Sleep"
4111.2s [11月11日（週二） 下午 7:00]   click [Sleep] Sleep until 7:00 AM
4113.4s [11月12日（週三） 下午 5:00]   toast: Riverlight Goods 咖啡 今天沒開門：吧台沒人顧。去僱一位咖啡師（人員分頁），或自己站吧台。
4113.8s [11月12日（週三） 下午 7:00]   use "Sleep"
4114.4s [11月12日（週三） 下午 7:00]   click [Sleep] Sleep until 7:00 AM
4116.5s [11月13日（週四） 上午 7:01]   ok  escrow released to the supplier on arrival
4116.5s [11月13日（週四） 上午 7:01]   ok  Chapter 10 complete
4116.5s [11月13日（週四） 上午 7:01] STEP Chapter 11 — the bridge exploit
4116.5s [11月13日（週四） 上午 7:01]   ok  Year 7: the Bridge Exploit
4119.8s [11月13日（週四） 上午 7:06]   ok  walked back outside
4123.1s [11月13日（週四） 上午 7:11]   ok  entered Bloom Coffee
4124.9s [11月13日（週四） 上午 7:14]   use "Read the news board"
4125.6s [11月13日（週四） 上午 7:19]   shot 225_news_bridge_before.png
4126.0s [11月13日（週四） 上午 7:19]   ok  read the news (bridge_before)
4128.9s [11月13日（週四） 上午 7:24]   ok  walked back outside
4132.1s [11月13日（週四） 上午 7:29]   ok  entered Riverside Tower
4133.6s [11月13日（週四） 上午 7:31]   use "Use laptop — Company OS"
4134.2s [11月13日（週四） 上午 7:32]   click [Tab_operations] Operations
4134.9s [11月13日（週四） 上午 7:33]   click [Buy_lumina_direct_phone_stand] 購買 $856.00
4135.7s [11月13日（週四） 上午 7:34]   shot 226_settlement_before_exploit.png
4135.7s [11月13日（週四） 上午 7:34]   click [Settle_escrow] Pay this way
4136.9s [11月13日（週四） 上午 7:36]   ok  restock ordered through escrow (cash $57,133)
4148.6s [11月13日（週四） 上午 7:54]   toast: 快訊：數位美元跨鏈橋遭駭。轉帳凍結，預計 11月19日 上午 7:54 前後恢復。
4150.6s [11月13日（週四） 上午 7:56]   ok  the bridge is frozen with our payment crossing it
4151.2s [11月13日（週四） 上午 7:56]   ok  the '!' badge for frozen_funds pins its card
4151.3s [11月13日（週四） 上午 7:56]   shot 227_badge_frozen_pinned.png
4151.5s [11月13日（週四） 上午 7:56]   shot 228_decision_rail_frozen.png
4151.5s [11月13日（週四） 上午 7:56]   decision rail_frozen → reroute
4151.5s [11月13日（週四） 上午 7:56]   click [Choice_reroute] 改用電匯重新付款（$890）
4152.9s [11月13日（週四） 上午 7:56]   shot 229_decision_outcome_rail_frozen.png
4152.9s [11月13日（週四） 上午 7:56]   click "OK"
4153.4s [11月13日（週四） 上午 7:56]   ok  paid again by wire
4153.6s [11月13日（週四） 上午 7:57]   use "Use laptop — Company OS"
4154.2s [11月13日（週四） 上午 7:58]   click [Tab_finance] Finance
4155.1s [11月13日（週四） 上午 7:59]   shot 230_finance_frozen_funds.png
4155.1s [11月13日（週四） 上午 7:59]   click [Tab_operations] Operations
4160.6s [11月13日（週四） 上午 8:07]   shot 231_operations_frozen_order.png
4163.7s [11月13日（週四） 上午 8:12]   ok  walked back outside
4167.0s [11月13日（週四） 上午 8:17]   ok  entered Bloom Coffee
4168.7s [11月13日（週四） 上午 8:20]   use "Read the news board"
4169.5s [11月13日（週四） 上午 8:25]   shot 232_news_bridge_frozen.png
4169.8s [11月13日（週四） 上午 8:25]   ok  read the news (bridge_frozen)
4172.8s [11月13日（週四） 上午 8:30]   ok  walked back outside
4176.0s [11月13日（週四） 上午 8:35]   ok  entered Riverside Tower
4176.1s [11月13日（週四） 下午 5:00]   toast: Riverlight Goods 咖啡 今天沒開門：吧台沒人顧。去僱一位咖啡師（人員分頁），或自己站吧台。
4177.9s [11月13日（週四） 下午 7:03]   use "Sleep"
4178.5s [11月13日（週四） 下午 7:03]   click [Sleep] Sleep until 7:00 AM
4180.6s [11月14日（週五） 下午 5:00]   toast: Riverlight Goods 咖啡 今天沒開門：吧台沒人顧。去僱一位咖啡師（人員分頁），或自己站吧台。
4180.8s [11月14日（週五） 下午 7:00]   shot 233_decision_low_cash_warning.png
4180.8s [11月14日（週五） 下午 7:00]   decision low_cash_warning → reduce
4180.8s [11月14日（週五） 下午 7:00]   click [Choice_reduce] 縮減開支（暫停廣告、生活從簡）
4182.2s [11月14日（週五） 下午 7:00]   shot 234_decision_outcome_low_cash_warning.png
4182.2s [11月14日（週五） 下午 7:00]   click "OK"
4182.8s [11月14日（週五） 下午 7:00]   use "Sleep"
4183.4s [11月14日（週五） 下午 7:00]   click [Sleep] Sleep until 7:00 AM
4185.5s [11月15日（週六） 下午 5:00]   toast: Riverlight Goods 咖啡 今天沒開門：吧台沒人顧。去僱一位咖啡師（人員分頁），或自己站吧台。
4185.8s [11月15日（週六） 下午 7:00]   use "Sleep"
4186.4s [11月15日（週六） 下午 7:00]   click [Sleep] Sleep until 7:00 AM
4188.7s [11月16日（週日） 下午 7:00]   use "Sleep"
4189.3s [11月16日（週日） 下午 7:00]   click [Sleep] Sleep until 7:00 AM
4191.4s [11月17日（週一） 下午 5:00]   toast: Riverlight Goods 咖啡 今天沒開門：吧台沒人顧。去僱一位咖啡師（人員分頁），或自己站吧台。
4191.6s [11月17日（週一） 下午 7:00]   shot 235_decision_low_cash_warning.png
4191.6s [11月17日（週一） 下午 7:00]   decision low_cash_warning → reduce
4191.6s [11月17日（週一） 下午 7:00]   click [Choice_reduce] 縮減開支（暫停廣告、生活從簡）
4192.9s [11月17日（週一） 下午 7:00]   shot 236_decision_outcome_low_cash_warning.png
4192.9s [11月17日（週一） 下午 7:00]   click "OK"
4193.6s [11月17日（週一） 下午 7:00]   use "Sleep"
4194.2s [11月17日（週一） 下午 7:00]   click [Sleep] Sleep until 7:00 AM
4196.3s [11月18日（週二） 下午 5:00]   toast: Riverlight Goods 咖啡 今天沒開門：吧台沒人顧。去僱一位咖啡師（人員分頁），或自己站吧台。
4196.5s [11月18日（週二） 下午 7:00]   shot 237_decision_supplier_price_increase.png
4196.5s [11月18日（週二） 下午 7:00]   decision supplier_price_increase → accept
4196.5s [11月18日（週二） 下午 7:00]   click [Choice_accept] 好。繼續跟你進貨。
4197.9s [11月18日（週二） 下午 7:00]   shot 238_decision_outcome_supplier_price_increase.png
4197.9s [11月18日（週二） 下午 7:00]   click "OK"
4198.5s [11月18日（週二） 下午 7:00]   use "Sleep"
4199.1s [11月18日（週二） 下午 7:00]   click [Sleep] Sleep until 7:00 AM
4201.3s [11月19日（週三） 下午 5:00]   toast: Riverlight Goods 咖啡 今天沒開門：吧台沒人顧。去僱一位咖啡師（人員分頁），或自己站吧台。
4201.5s [11月19日（週三） 下午 7:00]   use "Sleep"
4202.1s [11月19日（週三） 下午 7:00]   click [Sleep] Sleep until 7:00 AM
4204.2s [11月20日（週四） 下午 5:00]   toast: Riverlight Goods 咖啡 今天沒開門：吧台沒人顧。去僱一位咖啡師（人員分頁），或自己站吧台。
4204.4s [11月20日（週四） 下午 7:00]   shot 239_decision_low_cash_warning.png
4204.4s [11月20日（週四） 下午 7:00]   decision low_cash_warning → reduce
4204.4s [11月20日（週四） 下午 7:00]   click [Choice_reduce] 縮減開支（暫停廣告、生活從簡）
4205.8s [11月20日（週四） 下午 7:00]   shot 240_decision_outcome_low_cash_warning.png
4205.8s [11月20日（週四） 下午 7:00]   click "OK"
4206.4s [11月20日（週四） 下午 7:00]   use "Sleep"
4207.0s [11月20日（週四） 下午 7:00]   click [Sleep] Sleep until 7:00 AM
4209.2s [11月21日（週五） 下午 5:00]   toast: Riverlight Goods 咖啡 今天沒開門：吧台沒人顧。去僱一位咖啡師（人員分頁），或自己站吧台。
4209.4s [11月21日（週五） 下午 7:00]   use "Sleep"
4210.0s [11月21日（週五） 下午 7:00]   click [Sleep] Sleep until 7:00 AM
4212.2s [11月22日（週六） 下午 5:00]   toast: Riverlight Goods 咖啡 今天沒開門：吧台沒人顧。去僱一位咖啡師（人員分頁），或自己站吧台。
4212.4s [11月22日（週六） 下午 7:00]   use "Sleep"
4213.0s [11月22日（週六） 下午 7:00]   click [Sleep] Sleep until 7:00 AM
4215.3s [11月23日（週日） 下午 7:00]   shot 241_decision_low_cash_warning.png
4215.3s [11月23日（週日） 下午 7:00]   decision low_cash_warning → reduce
4215.3s [11月23日（週日） 下午 7:00]   click [Choice_reduce] 縮減開支（暫停廣告、生活從簡）
4216.7s [11月23日（週日） 下午 7:00]   shot 242_decision_outcome_low_cash_warning.png
4217.0s [11月23日（週日） 下午 7:00]   click "OK"
4217.7s [11月23日（週日） 下午 7:00]   use "Sleep"
4218.8s [11月23日（週日） 下午 7:00]   click [Sleep] Sleep until 7:00 AM
4221.5s [11月24日（週一） 下午 5:00]   toast: Riverlight Goods 咖啡 今天沒開門：吧台沒人顧。去僱一位咖啡師（人員分頁），或自己站吧台。
4221.8s [11月24日（週一） 下午 7:00]   use "Sleep"
4222.4s [11月24日（週一） 下午 7:00]   click [Sleep] Sleep until 7:00 AM
4224.5s [11月25日（週二） 下午 5:00]   toast: Riverlight Goods 咖啡 今天沒開門：吧台沒人顧。去僱一位咖啡師（人員分頁），或自己站吧台。
4224.7s [11月25日（週二） 下午 7:00]   use "Sleep"
4225.3s [11月25日（週二） 下午 7:00]   click [Sleep] Sleep until 7:00 AM
4227.5s [11月26日（週三） 下午 5:00]   toast: Riverlight Goods 咖啡 今天沒開門：吧台沒人顧。去僱一位咖啡師（人員分頁），或自己站吧台。
4227.7s [11月26日（週三） 下午 7:00]   shot 243_decision_low_cash_warning.png
4227.7s [11月26日（週三） 下午 7:00]   decision low_cash_warning → reduce
4227.7s [11月26日（週三） 下午 7:00]   click [Choice_reduce] 縮減開支（暫停廣告、生活從簡）
4229.0s [11月26日（週三） 下午 7:00]   shot 244_decision_outcome_low_cash_warning.png
4229.0s [11月26日（週三） 下午 7:00]   click "OK"
4229.7s [11月26日（週三） 下午 7:00]   use "Sleep"
4230.3s [11月26日（週三） 下午 7:00]   click [Sleep] Sleep until 7:00 AM
4232.5s [11月27日（週四） 下午 5:00]   toast: Riverlight Goods 咖啡 今天沒開門：吧台沒人顧。去僱一位咖啡師（人員分頁），或自己站吧台。
4232.7s [11月27日（週四） 下午 7:00]   use "Sleep"
4233.3s [11月27日（週四） 下午 7:00]   click [Sleep] Sleep until 7:00 AM
4235.5s [11月28日（週五） 下午 5:00]   toast: Riverlight Goods 咖啡 今天沒開門：吧台沒人顧。去僱一位咖啡師（人員分頁），或自己站吧台。
4235.8s [11月28日（週五） 下午 7:00]   use "Sleep"
4236.4s [11月28日（週五） 下午 7:00]   click [Sleep] Sleep until 7:00 AM
4238.5s [11月29日（週六） 上午 7:01]   ok  the bridge reopened
4238.5s [11月29日（週六） 上午 7:01]   ok  frozen funds settled
4238.5s [11月29日（週六） 上午 7:01]   ok  Chapter 11 complete: through the freeze and restocked
4238.5s [11月29日（週六） 上午 7:01] STEP Chapter 12 — the regulation wave: the import licence
4238.5s [11月29日（週六） 上午 7:01]   ok  Year 8: the Regulation Wave
4241.7s [11月29日（週六） 上午 7:06]   ok  walked back outside
4245.0s [11月29日（週六） 上午 7:11]   ok  entered Bloom Coffee
4246.7s [11月29日（週六） 上午 7:14]   use "Read the news board"
4247.5s [11月29日（週六） 上午 7:19]   shot 245_news_regulation.png
4247.8s [11月29日（週六） 上午 7:19]   ok  read the news (regulation)
4250.8s [11月29日（週六） 上午 7:24]   ok  walked back outside
4253.9s [11月29日（週六） 上午 7:29]   ok  entered Riverside Tower
4254.0s [11月29日（週六） 上午 7:29]   (harness) wait 2 h
4254.6s [11月29日（週六） 上午 9:29]   shot 246_decision_low_cash_warning.png
4254.6s [11月29日（週六） 上午 9:29]   decision low_cash_warning → reduce
4254.6s [11月29日（週六） 上午 9:29]   click [Choice_reduce] 縮減開支（暫停廣告、生活從簡）
4256.0s [11月29日（週六） 上午 9:29]   shot 247_decision_outcome_low_cash_warning.png
4256.0s [11月29日（週六） 上午 9:29]   click "OK"
4256.6s [11月29日（週六） 上午 9:29]   (harness) wait 2 h
4257.4s [11月29日（週六） 上午 11:30]   (harness) wait 2 h
4258.1s [11月29日（週六） 下午 1:32]   (harness) wait 2 h
4258.8s [11月29日（週六） 下午 3:33]   (harness) wait 2 h
4258.8s [11月29日（週六） 下午 5:00]   toast: Riverlight Goods 咖啡 今天沒開門：吧台沒人顧。去僱一位咖啡師（人員分頁），或自己站吧台。
4259.6s [11月29日（週六） 下午 5:34]   (harness) wait 2 h
4262.2s [11月29日（週六） 下午 7:38]   use "Sleep"
4262.8s [11月29日（週六） 下午 7:38]   click [Sleep] Sleep until 7:00 AM
4265.0s [11月30日（週日） 上午 7:01]   (harness) wait 2 h
4265.7s [11月30日（週日） 上午 9:02]   (harness) wait 2 h
4266.5s [11月30日（週日） 上午 11:03]   (harness) wait 2 h
4267.2s [11月30日（週日） 下午 1:04]   (harness) wait 2 h
4268.0s [11月30日（週日） 下午 3:05]   (harness) wait 2 h
4268.7s [11月30日（週日） 下午 5:06]   (harness) wait 2 h
4269.6s [11月30日（週日） 下午 7:08]   use "Sleep"
4270.2s [11月30日（週日） 下午 7:08]   click [Sleep] Sleep until 7:00 AM
4273.9s [12月1日（週一） 上午 7:00]   shot 248_month_close_report.png
4273.9s [12月1日（週一） 上午 7:00]   click [month close] Continue
4274.5s [12月1日（週一） 上午 7:00]   (harness) wait 2 h
4278.3s [12月1日（週一） 上午 9:07]   ok  walked back outside
4292.3s [12月1日（週一） 上午 9:28]   use "捷運——河濱區站"
4293.4s [12月1日（週一） 上午 9:29]   shot 249_metro_civic_center.png
4293.4s [12月1日（週一） 上午 9:29]   click [Go_civic_center] 市政中心  ·  12 分鐘
4294.3s [12月1日（週一） 上午 9:43]   ok  took the Metro to Civic Center
4301.4s [12月1日（週一） 上午 9:53]   ok  entered Aurelia City Hall
4303.2s [12月1日（週一） 上午 9:56]   use "Permits & regulations"
4304.0s [12月1日（週一） 上午 9:57]   shot 250_permits_import_licence.png
4304.5s [12月1日（週一） 上午 9:58]   ok  the '!' badge for company_registration pins its card
4304.6s [12月1日（週一） 上午 9:58]   shot 251_badge_licence_pinned.png
4304.7s [12月1日（週一） 上午 9:58]   click [ApplyImportLicence] 申請（$450）
4305.4s [12月1日（週一） 上午 10:19]   shot 252_permits_licence_processing.png
4305.8s [12月1日（週一） 上午 10:20]   ok  import licence applied for
4308.8s [12月1日（週一） 上午 10:25]   ok  walked back outside
4314.4s [12月1日（週一） 上午 10:33]   use "捷運——市政中心站"
4315.3s [12月1日（週一） 上午 10:35]   shot 253_metro_riverside.png
4315.3s [12月1日（週一） 上午 10:35]   click [Go_riverside] 河濱區  ·  12 分鐘
4316.3s [12月1日（週一） 上午 10:48]   ok  took the Metro to Riverside
4325.4s [12月1日（週一） 上午 11:02]   ok  entered Riverside Tower
4325.5s [12月1日（週一） 下午 5:00]   toast: Riverlight Goods 咖啡 今天沒開門：吧台沒人顧。去僱一位咖啡師（人員分頁），或自己站吧台。
4327.4s [12月1日（週一） 下午 7:03]   use "Sleep"
4328.0s [12月1日（週一） 下午 7:03]   click [Sleep] Sleep until 7:00 AM
4330.1s [12月2日（週二） 下午 5:00]   toast: Riverlight Goods 咖啡 今天沒開門：吧台沒人顧。去僱一位咖啡師（人員分頁），或自己站吧台。
4330.3s [12月2日（週二） 下午 7:00]   shot 254_decision_low_cash_warning.png
4330.3s [12月2日（週二） 下午 7:00]   decision low_cash_warning → reduce
4330.3s [12月2日（週二） 下午 7:00]   click [Choice_reduce] 縮減開支（暫停廣告、生活從簡）
4331.6s [12月2日（週二） 下午 7:00]   shot 255_decision_outcome_low_cash_warning.png
4331.6s [12月2日（週二） 下午 7:00]   click "OK"
4332.3s [12月2日（週二） 下午 7:00]   use "Sleep"
4332.9s [12月2日（週二） 下午 7:00]   click [Sleep] Sleep until 7:00 AM
4335.1s [12月3日（週三） 下午 5:00]   toast: Riverlight Goods 咖啡 今天沒開門：吧台沒人顧。去僱一位咖啡師（人員分頁），或自己站吧台。
4335.3s [12月3日（週三） 下午 7:00]   use "Sleep"
4335.9s [12月3日（週三） 下午 7:00]   click [Sleep] Sleep until 7:00 AM
4338.1s [12月4日（週四） 上午 7:01]   ok  import licence granted
4338.1s [12月4日（週四） 上午 7:01] STEP Chapter 12 — a large import goes through KYC
4339.4s [12月4日（週四） 上午 7:03]   use "Use laptop — Company OS"
4340.0s [12月4日（週四） 上午 7:04]   click [Tab_operations] Operations
4340.8s [12月4日（週四） 上午 7:05]   click [DeliverTo_riverside_studio] 河濱大樓 7C
4341.4s [12月4日（週四） 上午 7:06]   click [Buy_lumina_direct_wireless_earbuds] 購買 $2,692.00
4342.2s [12月4日（週四） 上午 7:07]   shot 256_settlement_kyc.png
4342.2s [12月4日（週四） 上午 7:07]   click [Settle_letter_of_credit] Pay this way
4343.3s [12月4日（週四） 上午 7:08]   ok  the large payment carries a KYC check
4343.4s [12月4日（週四） 下午 5:00]   toast: Riverlight Goods 咖啡 今天沒開門：吧台沒人顧。去僱一位咖啡師（人員分頁），或自己站吧台。
4350.7s [12月4日（週四） 下午 7:12]   use "Sleep"
4351.3s [12月4日（週四） 下午 7:12]   click [Sleep] Sleep until 7:00 AM
4353.6s [12月5日（週五） 下午 5:00]   toast: Riverlight Goods 咖啡 今天沒開門：吧台沒人顧。去僱一位咖啡師（人員分頁），或自己站吧台。
4353.8s [12月5日（週五） 下午 7:00]   shot 257_decision_low_cash_warning.png
4353.8s [12月5日（週五） 下午 7:00]   decision low_cash_warning → reduce
4353.8s [12月5日（週五） 下午 7:00]   click [Choice_reduce] 縮減開支（暫停廣告、生活從簡）
4355.1s [12月5日（週五） 下午 7:00]   shot 258_decision_outcome_low_cash_warning.png
4355.1s [12月5日（週五） 下午 7:00]   click "OK"
4355.8s [12月5日（週五） 下午 7:00]   use "Sleep"
4356.4s [12月5日（週五） 下午 7:00]   click [Sleep] Sleep until 7:00 AM
4358.6s [12月6日（週六） 下午 5:00]   toast: Riverlight Goods 咖啡 今天沒開門：吧台沒人顧。去僱一位咖啡師（人員分頁），或自己站吧台。
4358.8s [12月6日（週六） 下午 7:00]   use "Sleep"
4359.4s [12月6日（週六） 下午 7:00]   click [Sleep] Sleep until 7:00 AM
4361.7s [12月7日（週日） 下午 7:00]   use "Sleep"
4362.3s [12月7日（週日） 下午 7:00]   click [Sleep] Sleep until 7:00 AM
4364.5s [12月8日（週一） 上午 7:01]   ok  KYC cleared
4365.6s [12月8日（週一） 上午 7:02]   use "Use laptop — Company OS"
4366.3s [12月8日（週一） 上午 7:03]   click [Tab_finance] Finance
4367.1s [12月8日（週一） 上午 7:05]   shot 259_finance_compliance_cost.png
4367.5s [12月8日（週一） 上午 7:05] STEP Chapter 12 — Victor Hale's offer
4367.5s [12月8日（週一） 上午 7:05]   (harness) wait 2 h
4368.2s [12月8日（週一） 上午 9:05]   shot 260_decision_low_cash_warning.png
4368.2s [12月8日（週一） 上午 9:05]   decision low_cash_warning → reduce
4368.2s [12月8日（週一） 上午 9:05]   click [Choice_reduce] 縮減開支（暫停廣告、生活從簡）
4369.6s [12月8日（週一） 上午 9:05]   shot 261_decision_outcome_low_cash_warning.png
4369.6s [12月8日（週一） 上午 9:05]   click "OK"
4370.2s [12月8日（週一） 上午 9:05]   (harness) wait 2 h
4373.7s [12月8日（週一） 上午 11:11]   ok  walked back outside
4387.7s [12月8日（週一） 上午 11:32]   use "捷運——河濱區站"
4388.7s [12月8日（週一） 上午 11:34]   shot 262_metro_shopping_street.png
4388.7s [12月8日（週一） 上午 11:34]   click [Go_shopping_street] 購物街  ·  15 分鐘
4389.7s [12月8日（週一） 上午 11:50]   ok  took the Metro to Shopping Street
4398.4s [12月8日（週一） 下午 12:03]   ok  entered Crestline Flagship
4399.0s [12月8日（週一） 下午 12:04]   use "和 Victor Hale 說話"
4399.9s [12月8日（週一） 下午 12:04]   shot 263_victor_offer.png
4407.4s [12月8日（週一） 下午 12:06]   ok  the '!' badge for valuation pins its card
4407.5s [12月8日（週一） 下午 12:06]   shot 264_badge_valuation_pinned.png
4407.7s [12月8日（週一） 下午 12:06]   shot 265_decision_acquisition_offer.png
4407.7s [12月8日（週一） 下午 12:06]   decision acquisition_offer → counter
4407.7s [12月8日（週一） 下午 12:06]   click [Choice_counter] 還價：開價 $89,942
4409.5s [12月8日（週一） 下午 12:06]   shot 266_decision_outcome_acquisition_offer.png
4409.5s [12月8日（週一） 下午 12:06]   click "OK"
4410.0s [12月8日（週一） 下午 12:06]   ok  countered Hale Group's offer
4411.3s [12月8日（週一） 下午 12:08]   shot 267_ending_card.png
4414.2s [12月8日（週一） 下午 12:12]   ok  Chapter 12 complete
4414.2s [12月8日（週一） 下午 12:12]   ok  the main story is complete
4414.2s [12月8日（週一） 下午 12:12]   ok  season two continues after Chapter 12
4414.2s [12月8日（週一） 下午 12:12]   ok  ledger balanced after chapters 10–12
4416.0s [12月8日（週一） 下午 12:16]   ok  walked back outside
4423.3s [12月8日（週一） 下午 12:27]   use "捷運——購物街站"
4424.3s [12月8日（週一） 下午 12:28]   shot 268_metro_riverside.png
4424.3s [12月8日（週一） 下午 12:28]   click [Go_riverside] 河濱區  ·  15 分鐘
4425.4s [12月8日（週一） 下午 12:45]   ok  took the Metro to Riverside
4434.5s [12月8日（週一） 下午 12:58]   ok  entered Riverside Tower
4442.6s [12月8日（週一） 下午 1:10] STEP Chapter 13 — Year 9 news and Marcus's international banking explanation
4444.0s [12月8日（週一） 下午 1:13]   ok  walked back outside
4447.3s [12月8日（週一） 下午 1:18]   ok  entered Bloom Coffee
4449.0s [12月8日（週一） 下午 1:20]   use "Read the news board"
4449.9s [12月8日（週一） 下午 1:25]   shot 269_news_global_markets.png
4450.3s [12月8日（週一） 下午 1:25]   ok  read the news (global_markets)
4453.2s [12月8日（週一） 下午 1:30]   ok  walked back outside
4456.4s [12月8日（週一） 下午 1:35]   ok  entered Riverside Tower
4457.9s [12月8日（週一） 下午 1:38]   ok  walked back outside
4471.8s [12月8日（週一） 下午 1:59]   use "捷運——河濱區站"
4473.1s [12月8日（週一） 下午 2:00]   shot 270_metro_financial.png
4473.1s [12月8日（週一） 下午 2:00]   click [Go_financial] 金融區  ·  10 分鐘
4474.1s [12月8日（週一） 下午 2:11]   ok  took the Metro to Financial District
4481.7s [12月8日（週一） 下午 2:23]   ok  entered Nexus Bank
4483.5s [12月8日（週一） 下午 2:25]   use "和 Marcus Reed 說話"
4485.6s [12月8日（週一） 下午 2:25]   choose "› 我會在每週撥款後換匯。"
4487.3s [12月8日（週一） 下午 2:26]   click [OpenInternationalAccount] 開立國際帳戶（$150.00）
4487.7s [12月8日（週一） 下午 2:56]   shot 271_ch13_international_account.png
4493.8s [12月8日（週一） 下午 3:06]   ok  walked back outside
4499.9s [12月8日（週一） 下午 3:15]   use "捷運——金融區站"
4501.0s [12月8日（週一） 下午 3:17]   shot 272_metro_riverside.png
4501.0s [12月8日（週一） 下午 3:17]   click [Go_riverside] 河濱區  ·  10 分鐘
4502.1s [12月8日（週一） 下午 3:28]   ok  took the Metro to Riverside
4511.3s [12月8日（週一） 下午 3:41]   ok  entered Riverside Tower
4511.3s [12月8日（週一） 下午 3:41] STEP Chapter 13 — Northridge price and first export
4512.7s [12月8日（週一） 下午 3:44]   use "Use laptop — Company OS"
4513.5s [12月8日（週一） 下午 3:45]   click [Tab_sales] Ecommerce
4514.2s [12月8日（週一） 下午 3:46]   click [SalesPage_overseas] Overseas
4514.4s [12月8日（週一） 下午 3:46]   click [OpenGlobalStore_northridge] Open storefront
4515.2s [12月8日（週一） 下午 3:47]   use "Use laptop — Company OS"
4516.0s [12月8日（週一） 下午 3:48]   click [Tab_operations] Operations
4517.4s [12月8日（週一） 下午 3:51]   click [DeliverTo_riverside_studio] 河濱大樓 7C
4518.6s [12月8日（週一） 下午 3:52]   click [Buy_tradelink_wholesale_water_bottle] 購買 $416.40
4520.1s [12月8日（週一） 下午 5:00]   toast: Riverlight Goods 咖啡 今天沒開門：吧台沒人顧。去僱一位咖啡師（人員分頁），或自己站吧台。
4528.1s [12月8日（週一） 下午 7:11]   use "Sleep"
4528.7s [12月8日（週一） 下午 7:11]   click [Sleep] Sleep until 7:00 AM
4534.2s [12月9日（週二） 下午 5:00]   toast: Riverlight Goods 咖啡 今天沒開門：吧台沒人顧。去僱一位咖啡師（人員分頁），或自己站吧台。
4534.9s [12月9日（週二） 下午 7:00]   use "Sleep"
4535.6s [12月9日（週二） 下午 7:00]   click [Sleep] Sleep until 7:00 AM
4541.1s [12月10日（週三） 下午 5:00]   toast: Riverlight Goods 咖啡 今天沒開門：吧台沒人顧。去僱一位咖啡師（人員分頁），或自己站吧台。
4541.9s [12月10日（週三） 下午 7:00]   use "Sleep"
4542.6s [12月10日（週三） 下午 7:00]   click [Sleep] Sleep until 7:00 AM
4555.5s [12月11日（週四） 上午 7:14]   use "Packing table"
4556.3s [12月11日（週四） 上午 7:15]   click [Pack] 打包 2 筆訂單（16 分鐘）
4557.2s [12月11日（週四） 上午 7:32]   click [CourierEconomy] 快遞 · 經濟 3 天（$15.24）
4558.4s [12月11日（週四） 上午 7:34]   ok  real purchase supplies upcoming export or distributor shipment
4559.9s [12月11日（週四） 上午 7:37]   use "Use laptop — Company OS"
4560.7s [12月11日（週四） 上午 7:38]   click [Tab_sales] Ecommerce
4562.2s [12月11日（週四） 上午 7:40]   click [SalesPage_overseas] Overseas
4563.7s [12月11日（週四） 上午 7:42]   click [SaveGlobalPrice_L3] Save local price
4564.5s [12月11日（週四） 上午 7:43]   ok  selected export listing really has a saved price
4564.5s [12月11日（週四） 上午 7:43]   shot 273_ch13_storefront.png
4566.4s [12月11日（週四） 下午 5:00]   toast: Riverlight Goods 咖啡 今天沒開門：吧台沒人顧。去僱一位咖啡師（人員分頁），或自己站吧台。
4574.5s [12月11日（週四） 下午 7:11]   use "Sleep"
4575.2s [12月11日（週四） 下午 7:11]   click [Sleep] Sleep until 7:00 AM
4587.9s [12月12日（週五） 上午 7:14]   use "Packing table"
4588.7s [12月12日（週五） 上午 7:15]   click [Pack] 打包 11 筆訂單（1 小時 28 分）
4589.9s [12月12日（週五） 上午 8:44]   click [CourierEconomy] 經濟快遞／國際 7–14 天（$174.74）
4592.4s [12月12日（週五） 下午 5:00]   toast: Riverlight Goods 咖啡 今天沒開門：吧台沒人顧。去僱一位咖啡師（人員分頁），或自己站吧台。
4601.9s [12月12日（週五） 下午 7:13]   use "Sleep"
4602.6s [12月12日（週五） 下午 7:13]   click [Sleep] Sleep until 7:00 AM
4615.3s [12月13日（週六） 上午 7:14]   use "Packing table"
4616.0s [12月13日（週六） 上午 7:15]   click [Pack] 打包 6 筆訂單（48 分鐘）
4617.2s [12月13日（週六） 上午 8:04]   click [CourierEconomy] 經濟快遞／國際 7–14 天（$107.42）
4619.7s [12月13日（週六） 下午 5:00]   toast: Riverlight Goods 咖啡 今天沒開門：吧台沒人顧。去僱一位咖啡師（人員分頁），或自己站吧台。
4629.0s [12月13日（週六） 下午 7:13]   use "Sleep"
4629.7s [12月13日（週六） 下午 7:13]   click [Sleep] Sleep until 7:00 AM
4642.4s [12月14日（週日） 上午 7:14]   use "Packing table"
4643.2s [12月14日（週日） 上午 7:15]   click [Pack] 打包 16 筆訂單（2 小時 8 分）
4644.5s [12月14日（週日） 上午 9:24]   click [CourierEconomy] 經濟快遞／國際 7–14 天（$168.36）
4647.4s [12月14日（週日） 下午 7:00]   shot 274_decision_supplier_price_increase.png
4647.4s [12月14日（週日） 下午 7:00]   decision supplier_price_increase → accept
4647.4s [12月14日（週日） 下午 7:00]   click [Choice_accept] 好。繼續跟你進貨。
4648.7s [12月14日（週日） 下午 7:00]   shot 275_decision_outcome_supplier_price_increase.png
4648.8s [12月14日（週日） 下午 7:00]   click "OK"
4658.2s [12月14日（週日） 下午 7:14]   use "Sleep"
4658.9s [12月14日（週日） 下午 7:14]   click [Sleep] Sleep until 7:00 AM
4671.6s [12月15日（週一） 上午 7:14]   use "Packing table"
4672.4s [12月15日（週一） 上午 7:15]   click [Pack] 打包 13 筆訂單（1 小時 44 分）
4673.7s [12月15日（週一） 上午 9:00]   click [CourierEconomy] 經濟快遞／國際 7–14 天（$169.24）
4676.0s [12月15日（週一） 下午 5:00]   toast: Riverlight Goods 咖啡 今天沒開門：吧台沒人顧。去僱一位咖啡師（人員分頁），或自己站吧台。
4685.2s [12月15日（週一） 下午 7:13]   use "Sleep"
4685.9s [12月15日（週一） 下午 7:13]   click [Sleep] Sleep until 7:00 AM
4698.7s [12月16日（週二） 上午 7:14]   use "Packing table"
4699.5s [12月16日（週二） 上午 7:15]   click [Pack] 打包 12 筆訂單（1 小時 36 分）
4700.7s [12月16日（週二） 上午 8:52]   click [CourierEconomy] 經濟快遞／國際 7–14 天（$179.36）
4703.1s [12月16日（週二） 下午 5:00]   toast: Riverlight Goods 咖啡 今天沒開門：吧台沒人顧。去僱一位咖啡師（人員分頁），或自己站吧台。
4712.5s [12月16日（週二） 下午 7:13]   use "Sleep"
4713.1s [12月16日（週二） 下午 7:13]   click [Sleep] Sleep until 7:00 AM
4718.5s [12月17日（週三） 下午 5:00]   toast: Riverlight Goods 咖啡 今天沒開門：吧台沒人顧。去僱一位咖啡師（人員分頁），或自己站吧台。
4719.1s [12月17日（週三） 下午 7:00]   use "Sleep"
4719.8s [12月17日（週三） 下午 7:00]   click [Sleep] Sleep until 7:00 AM
4725.2s [12月18日（週四） 下午 5:00]   toast: Riverlight Goods 咖啡 今天沒開門：吧台沒人顧。去僱一位咖啡師（人員分頁），或自己站吧台。
4725.8s [12月18日（週四） 下午 7:00]   use "Sleep"
4726.5s [12月18日（週四） 下午 7:00]   click [Sleep] Sleep until 7:00 AM
4731.9s [12月19日（週五） 下午 5:00]   toast: Riverlight Goods 咖啡 今天沒開門：吧台沒人顧。去僱一位咖啡師（人員分頁），或自己站吧台。
4732.6s [12月19日（週五） 下午 7:00]   use "Sleep"
4733.3s [12月19日（週五） 下午 7:00]   click [Sleep] Sleep until 7:00 AM
4746.1s [12月20日（週六） 上午 7:14]   use "Packing table"
4746.9s [12月20日（週六） 上午 7:15]   click [Pack] 打包 8 筆訂單（1 小時 4 分）
4748.1s [12月20日（週六） 上午 8:21]   click [CourierEconomy] 快遞 · 經濟 3 天（$42.96）
4750.6s [12月20日（週六） 下午 5:00]   toast: Riverlight Goods 咖啡 今天沒開門：吧台沒人顧。去僱一位咖啡師（人員分頁），或自己站吧台。
4759.9s [12月20日（週六） 下午 7:14]   use "Sleep"
4760.6s [12月20日（週六） 下午 7:14]   click [Sleep] Sleep until 7:00 AM
4773.3s [12月21日（週日） 上午 7:14]   use "Packing table"
4774.1s [12月21日（週日） 上午 7:15]   click [Pack] 打包 5 筆訂單（40 分鐘）
4775.2s [12月21日（週日） 上午 7:56]   click [CourierEconomy] 快遞 · 經濟 3 天（$29.10）
4787.0s [12月21日（週日） 下午 7:13]   use "Sleep"
4787.7s [12月21日（週日） 下午 7:13]   click [Sleep] Sleep until 7:00 AM
4800.3s [12月22日（週一） 上午 7:14]   use "Packing table"
4801.1s [12月22日（週一） 上午 7:15]   click [Pack] 打包 5 筆訂單（40 分鐘）
4802.0s [12月22日（週一） 上午 7:56]   click [CourierEconomy] 快遞 · 經濟 3 天（$29.10）
4804.6s [12月22日（週一） 下午 5:00]   toast: Riverlight Goods 咖啡 今天沒開門：吧台沒人顧。去僱一位咖啡師（人員分頁），或自己站吧台。
4813.9s [12月22日（週一） 下午 7:13]   use "Sleep"
4814.5s [12月22日（週一） 下午 7:13]   click [Sleep] Sleep until 7:00 AM
4827.2s [12月23日（週二） 上午 7:14]   use "Packing table"
4828.0s [12月23日（週二） 上午 7:15]   click [Pack] 打包 3 筆訂單（24 分鐘）
4828.8s [12月23日（週二） 上午 7:40]   click [CourierEconomy] 快遞 · 經濟 3 天（$19.86）
4831.5s [12月23日（週二） 下午 5:00]   toast: Riverlight Goods 咖啡 今天沒開門：吧台沒人顧。去僱一位咖啡師（人員分頁），或自己站吧台。
4840.8s [12月23日（週二） 下午 7:13]   use "Sleep"
4841.5s [12月23日（週二） 下午 7:13]   click [Sleep] Sleep until 7:00 AM
4854.1s [12月24日（週三） 上午 7:14]   use "Packing table"
4854.9s [12月24日（週三） 上午 7:15]   click [Pack] 打包 5 筆訂單（40 分鐘）
4855.8s [12月24日（週三） 上午 7:56]   click [CourierEconomy] 快遞 · 經濟 3 天（$29.10）
4858.4s [12月24日（週三） 下午 5:00]   toast: Riverlight Goods 咖啡 今天沒開門：吧台沒人顧。去僱一位咖啡師（人員分頁），或自己站吧台。
4867.6s [12月24日（週三） 下午 7:13]   use "Sleep"
4868.3s [12月24日（週三） 下午 7:13]   click [Sleep] Sleep until 7:00 AM
4881.1s [12月25日（週四） 上午 7:14]   use "Packing table"
4881.8s [12月25日（週四） 上午 7:15]   click [Pack] 打包 3 筆訂單（24 分鐘）
4882.9s [12月25日（週四） 上午 7:40]   click [CourierEconomy] 快遞 · 經濟 3 天（$19.86）
4885.5s [12月25日（週四） 下午 5:00]   toast: Riverlight Goods 咖啡 今天沒開門：吧台沒人顧。去僱一位咖啡師（人員分頁），或自己站吧台。
4894.7s [12月25日（週四） 下午 7:13]   use "Sleep"
4895.4s [12月25日（週四） 下午 7:13]   click [Sleep] Sleep until 7:00 AM
4908.0s [12月26日（週五） 上午 7:14]   use "Packing table"
4908.8s [12月26日（週五） 上午 7:15]   click [Pack] 打包 5 筆訂單（40 分鐘）
4909.7s [12月26日（週五） 上午 7:56]   click [CourierEconomy] 快遞 · 經濟 3 天（$29.10）
4912.4s [12月26日（週五） 下午 5:00]   toast: Riverlight Goods 咖啡 今天沒開門：吧台沒人顧。去僱一位咖啡師（人員分頁），或自己站吧台。
4921.6s [12月26日（週五） 下午 7:13]   use "Sleep"
4922.3s [12月26日（週五） 下午 7:13]   click [Sleep] Sleep until 7:00 AM
4935.0s [12月27日（週六） 上午 7:14]   use "Packing table"
4935.8s [12月27日（週六） 上午 7:15]   click [Pack] 打包 6 筆訂單（48 分鐘）
4936.9s [12月27日（週六） 上午 8:04]   click [CourierEconomy] 快遞 · 經濟 3 天（$33.72）
4938.4s [12月27日（週六） 上午 10:27]   toast: 新評價 #3453：★★★「品質普通。」
4939.4s [12月27日（週六） 下午 5:00]   toast: Riverlight Goods 咖啡 今天沒開門：吧台沒人顧。去僱一位咖啡師（人員分頁），或自己站吧台。
4948.7s [12月27日（週六） 下午 7:13]   use "Sleep"
4949.4s [12月27日（週六） 下午 7:13]   click [Sleep] Sleep until 7:00 AM
4950.4s [12月27日（週六） 下午 10:33]   toast: 新評價 #3444：★★★「還行。」
4962.0s [12月28日（週日） 上午 7:14]   use "Packing table"
4962.8s [12月28日（週日） 上午 7:15]   click [Pack] 打包 3 筆訂單（24 分鐘）
4963.7s [12月28日（週日） 上午 7:40]   click [CourierEconomy] 快遞 · 經濟 3 天（$19.86）
4975.5s [12月28日（週日） 下午 7:13]   use "Sleep"
4976.2s [12月28日（週日） 下午 7:13]   click [Sleep] Sleep until 7:00 AM
4977.7s [12月29日（週一） 上午 2:49]   toast: 新評價 #3447：★★★「等了好一陣子才到。」
4988.8s [12月29日（週一） 上午 7:14]   use "Packing table"
4989.6s [12月29日（週一） 上午 7:15]   click [Pack] 打包 7 筆訂單（56 分鐘）
4990.8s [12月29日（週一） 上午 8:12]   click [CourierEconomy] 快遞 · 經濟 3 天（$38.34）
4993.1s [12月29日（週一） 下午 4:56]   toast: 新評價 #3456：★★★「還行。」
4993.2s [12月29日（週一） 下午 5:00]   toast: Riverlight Goods 咖啡 今天沒開門：吧台沒人顧。去僱一位咖啡師（人員分頁），或自己站吧台。
5002.5s [12月29日（週一） 下午 7:13]   use "Sleep"
5003.2s [12月29日（週一） 下午 7:13]   click [Sleep] Sleep until 7:00 AM
5016.0s [12月30日（週二） 上午 7:14]   use "Packing table"
5016.8s [12月30日（週二） 上午 7:15]   click [Pack] 打包 8 筆訂單（1 小時 4 分）
5018.0s [12月30日（週二） 上午 8:20]   click [CourierEconomy] 經濟快遞／國際 7–14 天（$57.70）
5020.8s [12月30日（週二） 上午 8:25]   use "Use laptop — Company OS"
5021.6s [12月30日（週二） 上午 8:26]   click [Tab_finance] Finance
5022.4s [12月30日（週二） 上午 8:27]   click [ConvertGlobal_NRD] 換匯入帳（$205.28）
5026.9s [12月30日（週二） 上午 8:33]   shot 276_ch13_real_income.png
5027.6s [12月30日（週二） 上午 8:34]   ok  Chapter 13 actual export and conversion complete
5031.7s [12月30日（週二） 上午 8:41] STEP Chapter 14 — Ines in the open Customs House
5031.7s [12月30日（週二） 上午 8:41]   (harness) wait 2 h
5035.1s [12月30日（週二） 上午 10:46]   ok  walked back outside
5049.2s [12月30日（週二） 上午 11:07]   use "捷運——河濱區站"
5050.4s [12月30日（週二） 上午 11:08]   shot 277_metro_harbor.png
5050.4s [12月30日（週二） 上午 11:08]   click [Go_harbor] 港區  ·  8 分鐘
5051.7s [12月30日（週二） 上午 11:18]   ok  took the Metro to Harbor
5057.8s [12月30日（週二） 上午 11:27]   ok  entered Aurelia Customs House
5057.9s [12月30日（週二） 上午 11:27]   use "和 Ines Duarte 說話"
5058.2s [12月30日（週二） 上午 11:27]   shot 278_ch14_ines.png
5060.1s [12月30日（週二） 上午 11:27]   choose "› 我先付關稅，選 DDP。"
5062.0s [12月30日（週二） 上午 11:28]   ok  real Ines dialogue completed
5063.6s [12月30日（週二） 上午 11:31]   ok  walked back outside
5074.6s [12月30日（週二） 上午 11:48]   use "捷運——港區站"
5075.7s [12月30日（週二） 上午 11:49]   shot 279_metro_riverside.png
5075.7s [12月30日（週二） 上午 11:49]   click [Go_riverside] 河濱區  ·  8 分鐘
5076.7s [12月30日（週二） 上午 11:58]   ok  took the Metro to Riverside
5086.0s [12月30日（週二） 下午 12:12]   ok  entered Riverside Tower
5086.0s [12月30日（週二） 下午 12:12] STEP Chapter 14 — DDP declaration and accurate tariff classification
5087.5s [12月30日（週二） 下午 12:14]   use "Use laptop — Company OS"
5088.3s [12月30日（週二） 下午 12:15]   click [Tab_sales] Ecommerce
5089.0s [12月30日（週二） 下午 12:16]   click [SalesPage_overseas] Overseas
5090.2s [12月30日（週二） 下午 12:18]   click [ExportPolicy_ddp_L3] DDP
5091.1s [12月30日（週二） 下午 12:19]   click [TariffCode_L3] 一般商品
5092.4s [12月30日（週二） 下午 12:21]   shot 280_ch14_declaration.png
5092.7s [12月30日（週二） 下午 12:22]   ok  real policy and tariff inputs recorded
5092.7s [12月30日（週二） 下午 12:22] STEP Chapter 14 — trial deliveries and return risk
5093.6s [12月30日（週二） 下午 5:00]   toast: Riverlight Goods 咖啡 今天沒開門：吧台沒人顧。去僱一位咖啡師（人員分頁），或自己站吧台。
5101.4s [12月30日（週二） 下午 7:11]   use "Sleep"
5102.2s [12月30日（週二） 下午 7:11]   click [Sleep] Sleep until 7:00 AM
5103.3s [12月30日（週二） 下午 10:57]   toast: 新評價 #3612：★★★「等了好一陣子才到。」
5115.1s [12月31日（週三） 上午 7:14]   use "Packing table"
5115.9s [12月31日（週三） 上午 7:15]   click [Pack] 打包 1 筆訂單（8 分鐘）
5116.8s [12月31日（週三） 上午 7:24]   click [CourierEconomy] 快遞 · 經濟 3 天（$10.62）
5119.4s [12月31日（週三） 下午 4:39]   toast: 新評價 #3603：★★★「品質普通。」
5120.1s [12月31日（週三） 下午 5:00]   toast: Riverlight Goods 咖啡 今天沒開門：吧台沒人顧。去僱一位咖啡師（人員分頁），或自己站吧台。
5129.4s [12月31日（週三） 下午 7:13]   use "Sleep"
5130.0s [12月31日（週三） 下午 7:13]   click [Sleep] Sleep until 7:00 AM
5132.0s [1月1日（週四） 上午 3:50]   toast: 新評價 #3503：★★★「還行。」
5135.7s [1月1日（週四） 上午 7:00]   shot 281_month_close_report.png
5135.7s [1月1日（週四） 上午 7:00]   click [month close] Continue
5145.1s [1月1日（週四） 上午 7:13]   use "Packing table"
5145.9s [1月1日（週四） 上午 7:15]   click [Pack] 打包 4 筆訂單（32 分鐘）
5147.0s [1月1日（週四） 上午 7:48]   click [CourierEconomy] 快遞 · 經濟 3 天（$24.48）
5149.9s [1月1日（週四） 下午 5:00]   toast: Riverlight Goods 咖啡 今天沒開門：吧台沒人顧。去僱一位咖啡師（人員分頁），或自己站吧台。
5149.9s [1月1日（週四） 下午 5:10]   toast: 新評價 #3613：★★★「品質普通。」
5150.5s [1月1日（週四） 下午 7:00]   shot 282_decision_supplier_price_increase.png
5150.5s [1月1日（週四） 下午 7:00]   decision supplier_price_increase → accept
5150.5s [1月1日（週四） 下午 7:00]   click [Choice_accept] 好。繼續跟你進貨。
5151.8s [1月1日（週四） 下午 7:00]   shot 283_decision_outcome_supplier_price_increase.png
5151.8s [1月1日（週四） 下午 7:00]   click "OK"
5161.2s [1月1日（週四） 下午 7:13]   use "Sleep"
5161.9s [1月1日（週四） 下午 7:14]   click [Sleep] Sleep until 7:00 AM
5162.6s [1月1日（週四） 下午 8:29]   toast: 新評價 #3521：★★★「還行。」
5162.6s [1月1日（週四） 下午 8:35]   toast: 新評價 #3516：★★★「還行。」
5162.8s [1月1日（週四） 下午 9:51]   toast: 新評價 #3511：★★★「品質普通。」
5174.9s [1月2日（週五） 上午 7:14]   use "Packing table"
5175.7s [1月2日（週五） 上午 7:15]   click [Pack] 打包 9 筆訂單（1 小時 12 分）
5175.9s [1月2日（週五） 上午 8:20]   toast: 新評價 #3519：★★★「還行。」
5176.9s [1月2日（週五） 上午 8:28]   click [CourierEconomy] 快遞 · 經濟 3 天（$47.58）
5179.5s [1月2日（週五） 下午 5:00]   toast: Riverlight Goods 咖啡 今天沒開門：吧台沒人顧。去僱一位咖啡師（人員分頁），或自己站吧台。
5188.8s [1月2日（週五） 下午 7:13]   use "Sleep"
5189.5s [1月2日（週五） 下午 7:13]   click [Sleep] Sleep until 7:00 AM
5202.4s [1月3日（週六） 上午 7:14]   use "Packing table"
5203.1s [1月3日（週六） 上午 7:15]   click [Pack] 打包 5 筆訂單（40 分鐘）
5204.0s [1月3日（週六） 上午 7:56]   click [CourierEconomy] 快遞 · 經濟 3 天（$29.10）
5206.7s [1月3日（週六） 下午 5:00]   toast: Riverlight Goods 咖啡 今天沒開門：吧台沒人顧。去僱一位咖啡師（人員分頁），或自己站吧台。
5216.1s [1月3日（週六） 下午 7:13]   use "Sleep"
5216.8s [1月3日（週六） 下午 7:13]   click [Sleep] Sleep until 7:00 AM
5217.5s [1月3日（週六） 下午 8:17]   toast: 新評價 #3630：★★★「等了好一陣子才到。」
5229.7s [1月4日（週日） 上午 7:14]   use "Packing table"
5230.5s [1月4日（週日） 上午 7:15]   click [Pack] 打包 3 筆訂單（24 分鐘）
5231.4s [1月4日（週日） 上午 7:40]   click [CourierEconomy] 快遞 · 經濟 3 天（$19.86）
5243.3s [1月4日（週日） 下午 7:13]   use "Sleep"
5244.0s [1月4日（週日） 下午 7:13]   click [Sleep] Sleep until 7:00 AM
5256.9s [1月5日（週一） 上午 7:14]   use "Packing table"
5257.7s [1月5日（週一） 上午 7:15]   click [Pack] 打包 6 筆訂單（48 分鐘）
5258.9s [1月5日（週一） 上午 8:04]   click [CourierEconomy] 快遞 · 經濟 3 天（$33.72）
5261.4s [1月5日（週一） 下午 5:00]   toast: Riverlight Goods 咖啡 今天沒開門：吧台沒人顧。去僱一位咖啡師（人員分頁），或自己站吧台。
5270.8s [1月5日（週一） 下午 7:13]   use "Sleep"
5271.5s [1月5日（週一） 下午 7:13]   click [Sleep] Sleep until 7:00 AM
5273.0s [1月6日（週二） 上午 1:33]   toast: 新評價 #3656：★★★「等了好一陣子才到。」
5284.4s [1月6日（週二） 上午 7:14]   use "Packing table"
5285.2s [1月6日（週二） 上午 7:15]   click [Pack] 打包 4 筆訂單（32 分鐘）
5286.2s [1月6日（週二） 上午 7:48]   click [CourierEconomy] 快遞 · 經濟 3 天（$24.48）
5289.0s [1月6日（週二） 下午 5:00]   toast: Riverlight Goods 咖啡 今天沒開門：吧台沒人顧。去僱一位咖啡師（人員分頁），或自己站吧台。
5298.3s [1月6日（週二） 下午 7:13]   use "Sleep"
5299.0s [1月6日（週二） 下午 7:13]   click [Sleep] Sleep until 7:00 AM
5311.9s [1月7日（週三） 上午 7:14]   use "Packing table"
5312.7s [1月7日（週三） 上午 7:15]   click [Pack] 打包 3 筆訂單（24 分鐘）
5313.6s [1月7日（週三） 上午 7:40]   click [CourierEconomy] 快遞 · 經濟 3 天（$19.86）
5316.3s [1月7日（週三） 下午 5:00]   toast: Riverlight Goods 咖啡 今天沒開門：吧台沒人顧。去僱一位咖啡師（人員分頁），或自己站吧台。
5325.6s [1月7日（週三） 下午 7:13]   use "Sleep"
5326.3s [1月7日（週三） 下午 7:13]   click [Sleep] Sleep until 7:00 AM
5339.1s [1月8日（週四） 上午 7:14]   use "Packing table"
5340.0s [1月8日（週四） 上午 7:15]   click [Pack] 打包 5 筆訂單（40 分鐘）
5340.8s [1月8日（週四） 上午 7:56]   click [CourierEconomy] 快遞 · 經濟 3 天（$29.10）
5343.6s [1月8日（週四） 下午 5:00]   toast: Riverlight Goods 咖啡 今天沒開門：吧台沒人顧。去僱一位咖啡師（人員分頁），或自己站吧台。
5352.9s [1月8日（週四） 下午 7:13]   use "Sleep"
5353.6s [1月8日（週四） 下午 7:13]   click [Sleep] Sleep until 7:00 AM
5358.9s [1月9日（週五） 上午 7:03]   toast: 新評價 #3696：★「壞掉了，賣家不處理。」
5366.4s [1月9日（週五） 上午 7:14]   use "Packing table"
5367.2s [1月9日（週五） 上午 7:15]   click [Pack] 打包 3 筆訂單（24 分鐘）
5368.1s [1月9日（週五） 上午 7:40]   click [CourierEconomy] 快遞 · 經濟 3 天（$19.86）
5370.9s [1月9日（週五） 下午 5:00]   toast: Riverlight Goods 咖啡 今天沒開門：吧台沒人顧。去僱一位咖啡師（人員分頁），或自己站吧台。
5371.5s [1月9日（週五） 下午 7:00]   shot 284_decision_cafe_inspection.png
5371.5s [1月9日（週五） 下午 7:00]   decision cafe_inspection → prepare
5371.5s [1月9日（週五） 下午 7:00]   click [Choice_prepare] 清潔十五分鐘後接受檢查
5372.9s [1月9日（週五） 下午 7:15]   shot 285_decision_outcome_cafe_inspection.png
5372.9s [1月9日（週五） 下午 7:15]   click "OK"
5382.5s [1月9日（週五） 下午 7:29]   use "Sleep"
5383.2s [1月9日（週五） 下午 7:29]   click [Sleep] Sleep until 7:00 AM
5396.1s [1月10日（週六） 上午 7:14]   use "Packing table"
5396.9s [1月10日（週六） 上午 7:15]   click [Pack] 打包 7 筆訂單（56 分鐘）
5398.1s [1月10日（週六） 上午 8:12]   click [CourierEconomy] 快遞 · 經濟 3 天（$38.34）
5410.0s [1月10日（週六） 下午 7:13]   use "Sleep"
5410.7s [1月10日（週六） 下午 7:13]   click [Sleep] Sleep until 7:00 AM
5423.6s [1月11日（週日） 上午 7:14]   use "Packing table"
5424.4s [1月11日（週日） 上午 7:15]   click [Pack] 打包 5 筆訂單（40 分鐘）
5425.5s [1月11日（週日） 上午 7:56]   click [CourierEconomy] 快遞 · 經濟 3 天（$29.10）
5437.5s [1月11日（週日） 下午 7:13]   use "Sleep"
5438.2s [1月11日（週日） 下午 7:13]   click [Sleep] Sleep until 7:00 AM
5451.2s [1月12日（週一） 上午 7:14]   use "Packing table"
5452.0s [1月12日（週一） 上午 7:15]   click [Pack] 打包 10 筆訂單（1 小時 20 分）
5453.2s [1月12日（週一） 上午 8:36]   click [CourierEconomy] 快遞 · 經濟 3 天（$52.20）
5455.8s [1月12日（週一） 下午 5:00]   toast: Riverlight Goods 咖啡 今天沒開門：吧台沒人顧。去僱一位咖啡師（人員分頁），或自己站吧台。
5465.1s [1月12日（週一） 下午 7:13]   use "Sleep"
5465.8s [1月12日（週一） 下午 7:13]   click [Sleep] Sleep until 7:00 AM
5478.7s [1月13日（週二） 上午 7:14]   use "Packing table"
5479.5s [1月13日（週二） 上午 7:15]   click [Pack] 打包 2 筆訂單（16 分鐘）
5480.6s [1月13日（週二） 上午 7:32]   click [CourierEconomy] 快遞 · 經濟 3 天（$15.24）
5483.3s [1月13日（週二） 下午 5:00]   toast: Riverlight Goods 咖啡 今天沒開門：吧台沒人顧。去僱一位咖啡師（人員分頁），或自己站吧台。
5492.9s [1月13日（週二） 下午 7:13]   use "Sleep"
5493.6s [1月13日（週二） 下午 7:13]   click [Sleep] Sleep until 7:00 AM
5506.6s [1月14日（週三） 上午 7:14]   use "Packing table"
5507.4s [1月14日（週三） 上午 7:15]   click [Pack] 打包 5 筆訂單（40 分鐘）
5508.3s [1月14日（週三） 上午 7:56]   click [CourierEconomy] 快遞 · 經濟 3 天（$29.10）
5511.1s [1月14日（週三） 上午 8:00]   use "Use laptop — Company OS"
5512.0s [1月14日（週三） 上午 8:01]   click [Tab_sales] Ecommerce
5512.7s [1月14日（週三） 上午 8:02]   click [SalesPage_overseas] Overseas
5512.8s [1月14日（週三） 上午 8:03]   click [PauseGlobalExpansion] Review results and pause expansion
5513.3s [1月14日（週三） 上午 8:03]   shot 286_ch14_trial_results.png
5513.7s [1月14日（週三） 上午 8:04]   shot 287_ch14_trial_observed.png
5514.0s [1月14日（週三） 上午 8:04]   ok  Chapter 14 trial completes
5514.0s [1月14日（週三） 上午 8:04]   ok  chapters 13–14 Ledger balanced
5518.0s [1月14日（週三） 上午 8:10] STEP Chapter 15 — currency briefing and real bank hedge
5520.7s [1月14日（週三） 上午 8:15]   ok  walked back outside
5524.1s [1月14日（週三） 上午 8:20]   ok  entered Bloom Coffee
5525.8s [1月14日（週三） 上午 8:22]   use "Read the news board"
5526.7s [1月14日（週三） 上午 8:27]   shot 288_news_fx_risk.png
5527.0s [1月14日（週三） 上午 8:27]   ok  read the news (fx_risk)
5530.0s [1月14日（週三） 上午 8:32]   ok  walked back outside
5533.2s [1月14日（週三） 上午 8:37]   ok  entered Riverside Tower
5533.2s [1月14日（週三） 上午 8:37]   (harness) wait 2 h
5534.0s [1月14日（週三） 上午 10:37]   (harness) wait 2 h
5535.9s [1月14日（週三） 下午 12:40]   use "Packing table"
5536.7s [1月14日（週三） 下午 12:41]   click [Pack] 打包 1 筆訂單（8 分鐘）
5537.6s [1月14日（週三） 下午 12:50]   click [CourierEconomy] 快遞 · 經濟 3 天（$10.62）
5538.7s [1月14日（週三） 下午 12:52]   (harness) wait 2 h
5539.5s [1月14日（週三） 下午 2:53]   use "Packing table"
5540.3s [1月14日（週三） 下午 2:54]   click [Pack] 打包 1 筆訂單（8 分鐘）
5541.6s [1月14日（週三） 下午 3:04]   click [CourierEconomy] 快遞 · 經濟 3 天（$10.62）
5542.7s [1月14日（週三） 下午 3:05]   (harness) wait 2 h
5543.0s [1月14日（週三） 下午 5:00]   toast: Riverlight Goods 咖啡 今天沒開門：吧台沒人顧。去僱一位咖啡師（人員分頁），或自己站吧台。
5543.5s [1月14日（週三） 下午 5:06]   (harness) wait 2 h
5553.2s [1月14日（週三） 下午 7:20]   use "Sleep"
5553.9s [1月14日（週三） 下午 7:20]   click [Sleep] Sleep until 7:00 AM
5558.2s [1月15日（週四） 上午 7:01]   (harness) wait 2 h
5558.9s [1月15日（週四） 上午 9:01]   (harness) wait 2 h
5568.4s [1月15日（週四） 上午 11:15]   use "Packing table"
5569.2s [1月15日（週四） 上午 11:16]   click [Pack] 打包 1 筆訂單（8 分鐘）
5570.1s [1月15日（週四） 上午 11:26]   click [CourierEconomy] 快遞 · 經濟 3 天（$10.62）
5571.3s [1月15日（週四） 上午 11:27]   (harness) wait 2 h
5572.1s [1月15日（週四） 下午 1:28]   use "Packing table"
5573.2s [1月15日（週四） 下午 1:29]   click [Pack] 打包 1 筆訂單（8 分鐘）
5574.1s [1月15日（週四） 下午 1:39]   click [CourierEconomy] 快遞 · 經濟 3 天（$10.62）
5577.7s [1月15日（週四） 下午 1:45]   ok  walked back outside
5591.8s [1月15日（週四） 下午 2:06]   use "捷運——河濱區站"
5593.0s [1月15日（週四） 下午 2:07]   shot 289_metro_financial.png
5593.0s [1月15日（週四） 下午 2:07]   click [Go_financial] 金融區  ·  10 分鐘
5594.1s [1月15日（週四） 下午 2:19]   ok  took the Metro to Financial District
5601.7s [1月15日（週四） 下午 2:30]   ok  entered Nexus Bank
5603.5s [1月15日（週四） 下午 2:32]   use "和 Marcus Reed 說話"
5606.6s [1月15日（週四） 下午 2:32]   choose "› 讓我看看費用與風險。"
5608.3s [1月15日（週四） 下午 2:33]   click [BankFXRisk] Manage exchange risk
5608.5s [1月15日（週四） 下午 2:33]   shot 290_ch15_forward_quote.png
5608.5s [1月15日（週四） 下午 2:33]   click [ChooseHomeInvoices] Choose home-currency invoices
5608.8s [1月15日（週四） 下午 2:33]   ok  native risk response recorded
5615.1s [1月15日（週四） 下午 2:43]   ok  walked back outside
5621.3s [1月15日（週四） 下午 2:53]   use "捷運——金融區站"
5622.4s [1月15日（週四） 下午 2:54]   shot 291_metro_riverside.png
5622.4s [1月15日（週四） 下午 2:54]   click [Go_riverside] 河濱區  ·  10 分鐘
5623.7s [1月15日（週四） 下午 3:06]   ok  took the Metro to Riverside
5632.8s [1月15日（週四） 下午 3:19]   ok  entered Riverside Tower
5633.2s [1月15日（週四） 下午 5:00]   toast: Riverlight Goods 咖啡 今天沒開門：吧台沒人顧。去僱一位咖啡師（人員分頁），或自己站吧台。
5635.5s [1月15日（週四） 下午 7:03]   use "Sleep"
5636.2s [1月15日（週四） 下午 7:03]   click [Sleep] Sleep until 7:00 AM
5649.2s [1月16日（週五） 上午 7:14]   use "Packing table"
5650.0s [1月16日（週五） 上午 7:15]   click [Pack] 打包 5 筆訂單（40 分鐘）
5650.9s [1月16日（週五） 上午 7:56]   click [CourierEconomy] 快遞 · 經濟 3 天（$29.10）
5653.6s [1月16日（週五） 下午 5:00]   toast: Riverlight Goods 咖啡 今天沒開門：吧台沒人顧。去僱一位咖啡師（人員分頁），或自己站吧台。
5663.0s [1月16日（週五） 下午 7:13]   use "Sleep"
5663.7s [1月16日（週五） 下午 7:13]   click [Sleep] Sleep until 7:00 AM
5676.8s [1月17日（週六） 上午 7:14]   use "Packing table"
5677.6s [1月17日（週六） 上午 7:15]   click [Pack] 打包 7 筆訂單（56 分鐘）
5678.8s [1月17日（週六） 上午 8:12]   click [CourierEconomy] 快遞 · 經濟 3 天（$38.34）
5681.5s [1月17日（週六） 下午 5:00]   toast: Riverlight Goods 咖啡 今天沒開門：吧台沒人顧。去僱一位咖啡師（人員分頁），或自己站吧台。
5690.9s [1月17日（週六） 下午 7:13]   use "Sleep"
5691.6s [1月17日（週六） 下午 7:13]   click [Sleep] Sleep until 7:00 AM
5693.8s [1月18日（週日） 上午 5:45]   toast: 新評價 #3769：★★★「等了好一陣子才到。」
5704.5s [1月18日（週日） 上午 7:14]   use "Packing table"
5705.3s [1月18日（週日） 上午 7:15]   click [Pack] 打包 5 筆訂單（40 分鐘）
5706.2s [1月18日（週日） 上午 7:56]   click [CourierEconomy] 快遞 · 經濟 3 天（$29.10）
5718.5s [1月18日（週日） 下午 7:13]   use "Sleep"
5719.2s [1月18日（週日） 下午 7:13]   click [Sleep] Sleep until 7:00 AM
5732.2s [1月19日（週一） 上午 7:14]   use "Packing table"
5733.0s [1月19日（週一） 上午 7:15]   click [Pack] 打包 6 筆訂單（48 分鐘）
5734.2s [1月19日（週一） 上午 8:04]   click [CourierEconomy] 快遞 · 經濟 3 天（$33.72）
5737.1s [1月19日（週一） 下午 5:00]   toast: Riverlight Goods 咖啡 今天沒開門：吧台沒人顧。去僱一位咖啡師（人員分頁），或自己站吧台。
5737.7s [1月19日（週一） 下午 7:00]   shot 292_decision_supplier_price_increase.png
5737.7s [1月19日（週一） 下午 7:00]   decision supplier_price_increase → accept
5737.7s [1月19日（週一） 下午 7:00]   click [Choice_accept] 好。繼續跟你進貨。
5739.1s [1月19日（週一） 下午 7:00]   shot 293_decision_outcome_supplier_price_increase.png
5739.1s [1月19日（週一） 下午 7:00]   click "OK"
5748.5s [1月19日（週一） 下午 7:13]   use "Sleep"
5749.2s [1月19日（週一） 下午 7:13]   click [Sleep] Sleep until 7:00 AM
5762.3s [1月20日（週二） 上午 7:14]   use "Packing table"
5763.1s [1月20日（週二） 上午 7:15]   click [Pack] 打包 4 筆訂單（32 分鐘）
5764.1s [1月20日（週二） 上午 7:48]   click [CourierEconomy] 快遞 · 經濟 3 天（$24.48）
5767.0s [1月20日（週二） 下午 5:00]   toast: Riverlight Goods 咖啡 今天沒開門：吧台沒人顧。去僱一位咖啡師（人員分頁），或自己站吧台。
5776.3s [1月20日（週二） 下午 7:13]   use "Sleep"
5777.0s [1月20日（週二） 下午 7:13]   click [Sleep] Sleep until 7:00 AM
5790.0s [1月21日（週三） 上午 7:14]   use "Packing table"
5790.8s [1月21日（週三） 上午 7:15]   click [Pack] 打包 7 筆訂單（56 分鐘）
5792.0s [1月21日（週三） 上午 8:12]   click [CourierEconomy] 快遞 · 經濟 3 天（$38.34）
5794.7s [1月21日（週三） 下午 5:00]   toast: Riverlight Goods 咖啡 今天沒開門：吧台沒人顧。去僱一位咖啡師（人員分頁），或自己站吧台。
5804.0s [1月21日（週三） 下午 7:13]   use "Sleep"
5804.8s [1月21日（週三） 下午 7:13]   click [Sleep] Sleep until 7:00 AM
5817.8s [1月22日（週四） 上午 7:14]   use "Packing table"
5818.6s [1月22日（週四） 上午 7:15]   click [Pack] 打包 3 筆訂單（24 分鐘）
5819.6s [1月22日（週四） 上午 7:40]   click [CourierEconomy] 快遞 · 經濟 3 天（$19.86）
5822.5s [1月22日（週四） 下午 5:00]   toast: Riverlight Goods 咖啡 今天沒開門：吧台沒人顧。去僱一位咖啡師（人員分頁），或自己站吧台。
5831.9s [1月22日（週四） 下午 7:13]   use "Sleep"
5832.6s [1月22日（週四） 下午 7:13]   click [Sleep] Sleep until 7:00 AM
5845.6s [1月23日（週五） 上午 7:14]   use "Packing table"
5846.4s [1月23日（週五） 上午 7:15]   click [Pack] 打包 6 筆訂單（48 分鐘）
5847.7s [1月23日（週五） 上午 8:04]   click [CourierEconomy] 快遞 · 經濟 3 天（$33.72）
5850.2s [1月23日（週五） 下午 4:08]   toast: 新評價 #3839：★「浪費錢。」
5850.3s [1月23日（週五） 下午 5:00]   toast: Riverlight Goods 咖啡 今天沒開門：吧台沒人顧。去僱一位咖啡師（人員分頁），或自己站吧台。
5859.7s [1月23日（週五） 下午 7:13]   use "Sleep"
5860.4s [1月23日（週五） 下午 7:13]   click [Sleep] Sleep until 7:00 AM
5873.5s [1月24日（週六） 上午 7:14]   use "Packing table"
5874.4s [1月24日（週六） 上午 7:15]   click [Pack] 打包 4 筆訂單（32 分鐘）
5875.2s [1月24日（週六） 上午 7:48]   click [CourierEconomy] 快遞 · 經濟 3 天（$24.48）
5878.2s [1月24日（週六） 下午 5:00]   toast: Riverlight Goods 咖啡 今天沒開門：吧台沒人顧。去僱一位咖啡師（人員分頁），或自己站吧台。
5887.5s [1月24日（週六） 下午 7:13]   use "Sleep"
5888.2s [1月24日（週六） 下午 7:13]   click [Sleep] Sleep until 7:00 AM
5901.3s [1月25日（週日） 上午 7:14]   use "Packing table"
5902.1s [1月25日（週日） 上午 7:15]   click [Pack] 打包 3 筆訂單（24 分鐘）
5903.0s [1月25日（週日） 上午 7:40]   click [CourierEconomy] 快遞 · 經濟 3 天（$19.86）
5915.2s [1月25日（週日） 下午 7:13]   use "Sleep"
5915.9s [1月25日（週日） 下午 7:13]   click [Sleep] Sleep until 7:00 AM
5929.0s [1月26日（週一） 上午 7:14]   use "Packing table"
5929.8s [1月26日（週一） 上午 7:15]   click [Pack] 打包 2 筆訂單（16 分鐘）
5930.8s [1月26日（週一） 上午 7:32]   click [CourierEconomy] 快遞 · 經濟 3 天（$15.24）
5933.7s [1月26日（週一） 下午 5:00]   toast: Riverlight Goods 咖啡 今天沒開門：吧台沒人顧。去僱一位咖啡師（人員分頁），或自己站吧台。
5943.0s [1月26日（週一） 下午 7:13]   use "Sleep"
5943.7s [1月26日（週一） 下午 7:13]   click [Sleep] Sleep until 7:00 AM
5948.5s [1月27日（週二） 上午 10:15]   toast: 新評價 #3872：★★★「等了好一陣子才到。」
5949.7s [1月27日（週二） 下午 5:00]   toast: Riverlight Goods 咖啡 今天沒開門：吧台沒人顧。去僱一位咖啡師（人員分頁），或自己站吧台。
5950.4s [1月27日（週二） 下午 7:00]   use "Sleep"
5951.1s [1月27日（週二） 下午 7:00]   click [Sleep] Sleep until 7:00 AM
5953.2s [1月28日（週三） 上午 4:38]   toast: 新評價 #3882：★★★「等了好一陣子才到。」
5957.0s [1月28日（週三） 下午 5:00]   toast: Riverlight Goods 咖啡 今天沒開門：吧台沒人顧。去僱一位咖啡師（人員分頁），或自己站吧台。
5957.7s [1月28日（週三） 下午 7:00]   use "Sleep"
5958.4s [1月28日（週三） 下午 7:00]   click [Sleep] Sleep until 7:00 AM
5964.3s [1月29日（週四） 下午 5:00]   toast: Riverlight Goods 咖啡 今天沒開門：吧台沒人顧。去僱一位咖啡師（人員分頁），或自己站吧台。
5965.0s [1月29日（週四） 下午 7:00]   use "Sleep"
5965.7s [1月29日（週四） 下午 7:00]   click [Sleep] Sleep until 7:00 AM
5971.5s [1月30日（週五） 下午 5:00]   toast: Riverlight Goods 咖啡 今天沒開門：吧台沒人顧。去僱一位咖啡師（人員分頁），或自己站吧台。
5972.3s [1月30日（週五） 下午 7:00]   use "Sleep"
5973.0s [1月30日（週五） 下午 7:00]   click [Sleep] Sleep until 7:00 AM
5977.6s [1月31日（週六） 上午 10:13]   toast: 新評價 #3915：★★「不太好。感覺很廉價。」
5978.8s [1月31日（週六） 下午 5:00]   toast: Riverlight Goods 咖啡 今天沒開門：吧台沒人顧。去僱一位咖啡師（人員分頁），或自己站吧台。
5985.9s [1月31日（週六） 下午 7:10]   use "Sleep"
5986.6s [1月31日（週六） 下午 7:10]   click [Sleep] Sleep until 7:00 AM
5990.9s [2月1日（週日） 上午 7:00]   info card: Exchange response — compare the assumptions
5991.0s [2月1日（週日） 上午 7:00]   shot 294_info_exchange_response_—_comp.png
5991.0s [2月1日（週日） 上午 7:00]   click "Close"
5992.9s [2月1日（週日） 上午 7:00]   shot 295_month_close_report.png
5992.9s [2月1日（週日） 上午 7:00]   click [month close] Continue
5994.2s [2月1日（週日） 上午 7:01]   shot 296_ch15_comparison.png
5994.2s [2月1日（週日） 上午 7:01]   ok  chapter15 completes from actual response and viewed month close
5994.2s [2月1日（週日） 上午 7:01] STEP Chapter 16 — Omar video, flight and distributor contract
5995.4s [2月1日（週日） 上午 7:03]   use "Use laptop — Company OS"
5996.2s [2月1日（週日） 上午 7:04]   click [Tab_sales] Ecommerce
5996.9s [2月1日（週日） 上午 7:05]   click [SalesPage_overseas] Overseas
5997.1s [2月1日（週日） 上午 7:06]   click [CompareLuminaPartners] Compare Lumina partners
5997.2s [2月1日（週日） 上午 7:06]   click [CallOmar] Video call Omar
6000.3s [2月1日（週日） 上午 7:06]   choose "› 讓我看看費用與風險。"
6002.0s [2月1日（週日） 上午 7:07]   shot 297_ch16_channel_choices.png
6002.0s [2月1日（週日） 上午 7:07]   click [LuminaFlight_co_riverlight_goods] 前往 Lumina — 公司帳戶
6006.8s [2月2日（週一） 上午 7:07]   info card: Lumina journey
6006.9s [2月2日（週一） 上午 7:07]   shot 298_info_lumina_journey.png
6006.9s [2月2日（週一） 上午 7:07]   click "Close"
6007.3s [2月2日（週一） 上午 7:07]   shot 299_ch16_trip_return.png
6007.3s [2月2日（週一） 上午 7:07]   click [LuminaFlight_player] 回程 — 個人帳戶
6009.0s [2月2日（週一） 下午 5:00]   toast: Riverlight Goods 咖啡 今天沒開門：吧台沒人顧。去僱一位咖啡師（人員分頁），或自己站吧台。
6012.2s [2月3日（週二） 上午 7:07]   info card: Lumina journey
6012.2s [2月3日（週二） 上午 7:07]   shot 300_info_lumina_journey.png
6012.2s [2月3日（週二） 上午 7:07]   click "Close"
6012.8s [2月3日（週二） 上午 7:07]   use "Use laptop — Company OS"
6013.9s [2月3日（週二） 上午 7:09]   click [Tab_operations] Operations
6015.4s [2月3日（週二） 上午 7:11]   click [DeliverTo_riverside_studio] 河濱大樓 7C
6016.6s [2月3日（週二） 上午 7:13]   click [Buy_tradelink_wholesale_wireless_earbuds] 購買 $918.00
6019.4s [2月3日（週二） 下午 5:00]   toast: Riverlight Goods 咖啡 今天沒開門：吧台沒人顧。去僱一位咖啡師（人員分頁），或自己站吧台。
6027.2s [2月3日（週二） 下午 7:11]   use "Sleep"
6027.9s [2月3日（週二） 下午 7:11]   click [Sleep] Sleep until 7:00 AM
6033.8s [2月4日（週三） 下午 5:00]   toast: Riverlight Goods 咖啡 今天沒開門：吧台沒人顧。去僱一位咖啡師（人員分頁），或自己站吧台。
6040.7s [2月4日（週三） 下午 7:09]   use "Sleep"
6041.4s [2月4日（週三） 下午 7:09]   click [Sleep] Sleep until 7:00 AM
6047.3s [2月5日（週四） 下午 5:00]   toast: Riverlight Goods 咖啡 今天沒開門：吧台沒人顧。去僱一位咖啡師（人員分頁），或自己站吧台。
6048.0s [2月5日（週四） 下午 7:00]   use "Sleep"
6048.7s [2月5日（週四） 下午 7:00]   click [Sleep] Sleep until 7:00 AM
6061.8s [2月6日（週五） 上午 7:14]   use "Packing table"
6062.6s [2月6日（週五） 上午 7:15]   click [Pack] 打包 1 筆訂單（8 分鐘）
6063.5s [2月6日（週五） 上午 7:24]   click [CourierEconomy] 快遞 · 經濟 3 天（$10.62）
6064.6s [2月6日（週五） 上午 7:26]   ok  real purchase supplies upcoming export or distributor shipment
6066.2s [2月6日（週五） 上午 7:28]   use "Use laptop — Company OS"
6067.0s [2月6日（週五） 上午 7:29]   click [Tab_sales] Ecommerce
6068.5s [2月6日（週五） 上午 7:32]   click [SalesPage_overseas] Overseas
6069.7s [2月6日（週五） 上午 7:33]   click [CompareLuminaPartners] Compare Lumina partners
6070.1s [2月6日（週五） 上午 7:34]   click [RequestOmarContract] Request distributor contract
6071.1s [2月6日（週五） 上午 7:35]   ok  a fresh distributor quote is accepted before contract controls
6071.2s [2月6日（週五） 上午 7:35]   shot 301_ch16_distributor_offer.png
6071.2s [2月6日（週五） 上午 7:35]   click [AcceptContract] Accept
6071.6s [2月6日（週五） 上午 7:36]   click [DeliverContract] 寄送 10 件到 Lumina；現在支付運費與關稅
6072.3s [2月6日（週五） 上午 9:06]   ok  native signing and dispatch put goods in transit
6072.3s [2月6日（週五） 上午 9:06]   shot 302_ch16_goods_in_transit.png
6074.9s [2月6日（週五） 下午 5:00]   toast: Riverlight Goods 咖啡 今天沒開門：吧台沒人顧。去僱一位咖啡師（人員分頁），或自己站吧台。
6083.0s [2月6日（週五） 下午 7:12]   use "Sleep"
6083.7s [2月6日（週五） 下午 7:12]   click [Sleep] Sleep until 7:00 AM
6096.8s [2月7日（週六） 上午 7:14]   use "Packing table"
6097.6s [2月7日（週六） 上午 7:15]   click [Pack] 打包 5 筆訂單（40 分鐘）
6098.7s [2月7日（週六） 上午 7:56]   click [CourierEconomy] 快遞 · 經濟 3 天（$29.10）
6101.5s [2月7日（週六） 下午 5:00]   toast: Riverlight Goods 咖啡 今天沒開門：吧台沒人顧。去僱一位咖啡師（人員分頁），或自己站吧台。
6110.9s [2月7日（週六） 下午 7:13]   use "Sleep"
6111.6s [2月7日（週六） 下午 7:13]   click [Sleep] Sleep until 7:00 AM
6124.6s [2月8日（週日） 上午 7:14]   use "Packing table"
6125.4s [2月8日（週日） 上午 7:15]   click [Pack] 打包 3 筆訂單（24 分鐘）
6126.3s [2月8日（週日） 上午 7:40]   click [CourierEconomy] 快遞 · 經濟 3 天（$19.86）
6138.4s [2月8日（週日） 下午 7:13]   use "Sleep"
6139.1s [2月8日（週日） 下午 7:13]   click [Sleep] Sleep until 7:00 AM
6152.1s [2月9日（週一） 上午 7:14]   use "Packing table"
6152.9s [2月9日（週一） 上午 7:15]   click [Pack] 打包 5 筆訂單（40 分鐘）
6153.8s [2月9日（週一） 上午 7:56]   click [CourierEconomy] 快遞 · 經濟 3 天（$29.10）
6156.7s [2月9日（週一） 下午 5:00]   toast: Riverlight Goods 咖啡 今天沒開門：吧台沒人顧。去僱一位咖啡師（人員分頁），或自己站吧台。
6166.0s [2月9日（週一） 下午 7:13]   use "Sleep"
6166.7s [2月9日（週一） 下午 7:13]   click [Sleep] Sleep until 7:00 AM
6179.8s [2月10日（週二） 上午 7:14]   use "Packing table"
6180.6s [2月10日（週二） 上午 7:15]   click [Pack] 打包 2 筆訂單（16 分鐘）
6181.5s [2月10日（週二） 上午 7:32]   click [CourierEconomy] 快遞 · 經濟 3 天（$15.24）
6184.3s [2月10日（週二） 下午 5:00]   toast: Riverlight Goods 咖啡 今天沒開門：吧台沒人顧。去僱一位咖啡師（人員分頁），或自己站吧台。
6193.6s [2月10日（週二） 下午 7:13]   use "Sleep"
6194.4s [2月10日（週二） 下午 7:13]   click [Sleep] Sleep until 7:00 AM
6207.4s [2月11日（週三） 上午 7:14]   use "Packing table"
6208.2s [2月11日（週三） 上午 7:15]   click [Pack] 打包 7 筆訂單（56 分鐘）
6209.5s [2月11日（週三） 上午 8:12]   click [CourierEconomy] 快遞 · 經濟 3 天（$38.34）
6212.2s [2月11日（週三） 下午 5:00]   toast: Riverlight Goods 咖啡 今天沒開門：吧台沒人顧。去僱一位咖啡師（人員分頁），或自己站吧台。
6221.5s [2月11日（週三） 下午 7:13]   use "Sleep"
6222.2s [2月11日（週三） 下午 7:13]   click [Sleep] Sleep until 7:00 AM
6235.2s [2月12日（週四） 上午 7:14]   use "Packing table"
6236.0s [2月12日（週四） 上午 7:15]   click [Pack] 打包 4 筆訂單（32 分鐘）
6236.9s [2月12日（週四） 上午 7:56]   click [CourierEconomy] 快遞 · 經濟 3 天（$29.10）
6239.7s [2月12日（週四） 下午 5:00]   toast: Riverlight Goods 咖啡 今天沒開門：吧台沒人顧。去僱一位咖啡師（人員分頁），或自己站吧台。
6249.1s [2月12日（週四） 下午 7:13]   use "Sleep"
6249.8s [2月12日（週四） 下午 7:13]   click [Sleep] Sleep until 7:00 AM
6262.9s [2月13日（週五） 上午 7:14]   use "Packing table"
6263.7s [2月13日（週五） 上午 7:15]   click [Pack] 打包 6 筆訂單（48 分鐘）
6264.9s [2月13日（週五） 上午 8:04]   click [CourierEconomy] 快遞 · 經濟 3 天（$33.72）
6267.6s [2月13日（週五） 下午 5:00]   toast: Riverlight Goods 咖啡 今天沒開門：吧台沒人顧。去僱一位咖啡師（人員分頁），或自己站吧台。
6277.0s [2月13日（週五） 下午 7:13]   use "Sleep"
6277.7s [2月13日（週五） 下午 7:13]   click [Sleep] Sleep until 7:00 AM
6290.7s [2月14日（週六） 上午 7:14]   use "Packing table"
6291.5s [2月14日（週六） 上午 7:15]   click [Pack] 打包 2 筆訂單（16 分鐘）
6292.4s [2月14日（週六） 上午 7:32]   click [CourierEconomy] 快遞 · 經濟 3 天（$15.24）
6295.2s [2月14日（週六） 下午 5:00]   toast: Riverlight Goods 咖啡 今天沒開門：吧台沒人顧。去僱一位咖啡師（人員分頁），或自己站吧台。
6304.5s [2月14日（週六） 下午 7:13]   use "Sleep"
6305.2s [2月14日（週六） 下午 7:13]   click [Sleep] Sleep until 7:00 AM
6318.3s [2月15日（週日） 上午 7:14]   use "Packing table"
6319.1s [2月15日（週日） 上午 7:15]   click [Pack] 打包 2 筆訂單（16 分鐘）
6320.0s [2月15日（週日） 上午 7:32]   click [CourierEconomy] 快遞 · 經濟 3 天（$15.24）
6332.1s [2月15日（週日） 下午 7:13]   use "Sleep"
6332.8s [2月15日（週日） 下午 7:13]   click [Sleep] Sleep until 7:00 AM
6345.9s [2月16日（週一） 上午 7:14]   use "Packing table"
6346.7s [2月16日（週一） 上午 7:15]   click [Pack] 打包 2 筆訂單（16 分鐘）
6347.6s [2月16日（週一） 上午 7:32]   click [CourierEconomy] 快遞 · 經濟 3 天（$15.24）
6350.5s [2月16日（週一） 下午 5:00]   toast: Riverlight Goods 咖啡 今天沒開門：吧台沒人顧。去僱一位咖啡師（人員分頁），或自己站吧台。
6359.9s [2月16日（週一） 下午 7:13]   use "Sleep"
6360.6s [2月16日（週一） 下午 7:13]   click [Sleep] Sleep until 7:00 AM
6366.6s [2月17日（週二） 下午 5:00]   toast: Riverlight Goods 咖啡 今天沒開門：吧台沒人顧。去僱一位咖啡師（人員分頁），或自己站吧台。
6367.3s [2月17日（週二） 下午 7:00]   use "Sleep"
6368.0s [2月17日（週二） 下午 7:00]   click [Sleep] Sleep until 7:00 AM
6374.0s [2月18日（週三） 下午 5:00]   toast: Riverlight Goods 咖啡 今天沒開門：吧台沒人顧。去僱一位咖啡師（人員分頁），或自己站吧台。
6374.8s [2月18日（週三） 下午 7:00]   use "Sleep"
6375.5s [2月18日（週三） 下午 7:00]   click [Sleep] Sleep until 7:00 AM
6381.4s [2月19日（週四） 下午 5:00]   toast: Riverlight Goods 咖啡 今天沒開門：吧台沒人顧。去僱一位咖啡師（人員分頁），或自己站吧台。
6382.1s [2月19日（週四） 下午 7:00]   use "Sleep"
6382.8s [2月19日（週四） 下午 7:00]   click [Sleep] Sleep until 7:00 AM
6388.8s [2月20日（週五） 下午 5:00]   toast: Riverlight Goods 咖啡 今天沒開門：吧台沒人顧。去僱一位咖啡師（人員分頁），或自己站吧台。
6389.6s [2月20日（週五） 下午 7:00]   use "Sleep"
6390.3s [2月20日（週五） 下午 7:00]   click [Sleep] Sleep until 7:00 AM
6396.2s [2月21日（週六） 下午 5:00]   toast: Riverlight Goods 咖啡 今天沒開門：吧台沒人顧。去僱一位咖啡師（人員分頁），或自己站吧台。
6403.4s [2月21日（週六） 下午 7:10]   use "Sleep"
6404.1s [2月21日（週六） 下午 7:10]   click [Sleep] Sleep until 7:00 AM
6410.8s [2月22日（週日） 下午 7:00]   shot 303_decision_supplier_price_increase.png
6410.8s [2月22日（週日） 下午 7:00]   decision supplier_price_increase → accept
6410.8s [2月22日（週日） 下午 7:00]   click [Choice_accept] 好。繼續跟你進貨。
6412.2s [2月22日（週日） 下午 7:00]   shot 304_decision_outcome_supplier_price_increase.png
6412.2s [2月22日（週日） 下午 7:00]   click "OK"
6412.8s [2月22日（週日） 下午 7:00]   use "Sleep"
6413.5s [2月22日（週日） 下午 7:00]   click [Sleep] Sleep until 7:00 AM
6419.6s [2月23日（週一） 下午 5:00]   toast: Riverlight Goods 咖啡 今天沒開門：吧台沒人顧。去僱一位咖啡師（人員分頁），或自己站吧台。
6420.3s [2月23日（週一） 下午 7:00]   use "Sleep"
6421.0s [2月23日（週一） 下午 7:00]   click [Sleep] Sleep until 7:00 AM
6427.0s [2月24日（週二） 下午 5:00]   toast: Riverlight Goods 咖啡 今天沒開門：吧台沒人顧。去僱一位咖啡師（人員分頁），或自己站吧台。
6427.7s [2月24日（週二） 下午 7:00]   use "Sleep"
6428.4s [2月24日（週二） 下午 7:00]   click [Sleep] Sleep until 7:00 AM
6434.5s [2月25日（週三） 下午 5:00]   toast: Riverlight Goods 咖啡 今天沒開門：吧台沒人顧。去僱一位咖啡師（人員分頁），或自己站吧台。
6435.2s [2月25日（週三） 下午 7:00]   use "Sleep"
6435.9s [2月25日（週三） 下午 7:00]   click [Sleep] Sleep until 7:00 AM
6441.9s [2月26日（週四） 下午 5:00]   toast: Riverlight Goods 咖啡 今天沒開門：吧台沒人顧。去僱一位咖啡師（人員分頁），或自己站吧台。
6449.1s [2月26日（週四） 下午 7:10]   use "Sleep"
6449.8s [2月26日（週四） 下午 7:10]   click [Sleep] Sleep until 7:00 AM
6455.8s [2月27日（週五） 下午 5:00]   toast: Riverlight Goods 咖啡 今天沒開門：吧台沒人顧。去僱一位咖啡師（人員分頁），或自己站吧台。
6456.5s [2月27日（週五） 下午 7:00]   info card: Customer ownership — 90-day estimate
6456.6s [2月27日（週五） 下午 7:00]   shot 305_info_customer_ownership_—_90-.png
6456.6s [2月27日（週五） 下午 7:00]   click "Close"
6457.1s [2月27日（週五） 下午 7:00]   use "Sleep"
6457.8s [2月27日（週五） 下午 7:00]   click [Sleep] Sleep until 7:00 AM
6461.9s [2月28日（週六） 上午 7:00]   shot 306_decision_rival_undercut.png
6461.9s [2月28日（週六） 上午 7:00]   decision rival_undercut → niche
6461.9s [2月28日（週六） 上午 7:00]   click [Choice_niche] 選擇利基市場
6463.3s [2月28日（週六） 上午 7:00]   shot 307_decision_outcome_rival_undercut.png
6463.3s [2月28日（週六） 上午 7:00]   click "OK"
6464.6s [2月28日（週六） 上午 7:01]   shot 308_ch16_90_day_comparison.png
6464.6s [2月28日（週六） 上午 7:01]   ok  chapter16 recognizes collected partner income
6464.6s [2月28日（週六） 上午 7:01] STEP Overseas warehouse — real lease and sea batch input
6465.8s [2月28日（週六） 上午 7:03]   use "Use laptop — Company OS"
6466.6s [2月28日（週六） 上午 7:04]   click [Tab_operations] Operations
6468.1s [2月28日（週六） 上午 7:07]   click [DeliverTo_riverside_studio] 河濱大樓 7C
6469.3s [2月28日（週六） 上午 7:08]   click [Buy_tradelink_wholesale_wireless_earbuds] 購買 $918.00
6472.0s [2月28日（週六） 下午 5:00]   toast: Riverlight Goods 咖啡 今天沒開門：吧台沒人顧。去僱一位咖啡師（人員分頁），或自己站吧台。
6479.9s [2月28日（週六） 下午 7:11]   use "Sleep"
6480.6s [2月28日（週六） 下午 7:11]   click [Sleep] Sleep until 7:00 AM
6487.1s [2月29日（週日） 下午 7:00]   use "Sleep"
6487.8s [2月29日（週日） 下午 7:00]   click [Sleep] Sleep until 7:00 AM
6493.6s [3月1日（週一） 上午 7:00]   shot 309_month_close_report.png
6493.6s [3月1日（週一） 上午 7:00]   click [month close] Continue
6495.9s [3月1日（週一） 下午 5:00]   toast: Riverlight Goods 咖啡 今天沒開門：吧台沒人顧。去僱一位咖啡師（人員分頁），或自己站吧台。
6496.6s [3月1日（週一） 下午 7:01]   use "Sleep"
6497.3s [3月1日（週一） 下午 7:01]   click [Sleep] Sleep until 7:00 AM
6510.4s [3月2日（週二） 上午 7:14]   use "Packing table"
6511.3s [3月2日（週二） 上午 7:15]   click [Pack] 打包 5 筆訂單（40 分鐘）
6512.2s [3月2日（週二） 上午 7:56]   click [CourierEconomy] 快遞 · 經濟 3 天（$29.10）
6513.3s [3月2日（週二） 上午 7:58]   ok  real purchase supplies upcoming export or distributor shipment
6515.0s [3月2日（週二） 上午 8:01]   use "Use laptop — Company OS"
6515.8s [3月2日（週二） 上午 8:01]   click [Tab_sales] Ecommerce
6516.6s [3月2日（週二） 上午 8:03]   click [SalesPage_overseas] Overseas
6516.7s [3月2日（週二） 上午 8:03]   click [CompareLuminaPartners] Compare Lumina partners
6516.9s [3月2日（週二） 上午 8:03]   click [PartnerChannel_warehouse] Overseas warehouse
6517.0s [3月2日（週二） 上午 8:03]   click [OpenLuminaWarehouse] 開設 Lumina 海外倉（$100.00）
6517.2s [3月2日（週二） 上午 8:03]   click [SendLuminaStock] Send stock by sea
6517.6s [3月2日（週二） 上午 8:04]   shot 310_ch16_warehouse_batch.png
6518.3s [3月2日（週二） 上午 8:05]   ok  warehouse batch really dispatched
6518.3s [3月2日（週二） 上午 8:05]   ok  chapters15–16 books balanced
6518.3s [3月2日（週二） 上午 8:05] STEP Chapter17 — native market news and real niche response
6518.9s [3月2日（週二） 上午 8:06]   use "Use laptop — Company OS"
6519.7s [3月2日（週二） 上午 8:07]   click [Tab_overview] Overview
6520.5s [3月2日（週二） 上午 8:08]   click [OpenLegacyStory] Consolidation and legacy
6520.6s [3月2日（週二） 上午 8:08]   click [read_consolidation_news] Read the consolidation news
6521.0s [3月2日（週二） 上午 8:13]   shot 311_ch17_news.png
6521.0s [3月2日（週二） 上午 8:13]   click [CloseInfo] Close
6521.5s [3月2日（週二） 上午 8:13]   shot 312_ch17_market_choice.png
6522.5s [3月2日（週二） 上午 8:13]   click [Strategy_niche] 利基 ✓
6524.1s [3月2日（週二） 上午 8:13]   click [apply_market_response] Apply price and operating response
6525.0s [3月2日（週二） 上午 8:13]   shot 313_ch17_price_and_campaign.png
6525.0s [3月2日（週二） 上午 8:13]   ok  real price and operating action recorded
6527.4s [3月2日（週二） 下午 5:00]   toast: Riverlight Goods 咖啡 今天沒開門：吧台沒人顧。去僱一位咖啡師（人員分頁），或自己站吧台。
6535.7s [3月2日（週二） 下午 7:11]   use "Sleep"
6536.4s [3月2日（週二） 下午 7:11]   click [Sleep] Sleep until 7:00 AM
6549.3s [3月3日（週三） 上午 7:14]   use "Packing table"
6550.1s [3月3日（週三） 上午 7:15]   click [Pack] 打包 2 筆訂單（16 分鐘）
6551.0s [3月3日（週三） 上午 7:32]   click [CourierEconomy] 快遞 · 經濟 3 天（$15.24）
6553.8s [3月3日（週三） 下午 5:00]   toast: Riverlight Goods 咖啡 今天沒開門：吧台沒人顧。去僱一位咖啡師（人員分頁），或自己站吧台。
6563.2s [3月3日（週三） 下午 7:13]   use "Sleep"
6563.9s [3月3日（週三） 下午 7:13]   click [Sleep] Sleep until 7:00 AM
6576.8s [3月4日（週四） 上午 7:14]   use "Packing table"
6577.6s [3月4日（週四） 上午 7:15]   click [Pack] 打包 4 筆訂單（32 分鐘）
6578.5s [3月4日（週四） 上午 7:48]   click [CourierEconomy] 快遞 · 經濟 3 天（$24.48）
6581.3s [3月4日（週四） 下午 5:00]   toast: Riverlight Goods 咖啡 今天沒開門：吧台沒人顧。去僱一位咖啡師（人員分頁），或自己站吧台。
6590.7s [3月4日（週四） 下午 7:13]   use "Sleep"
6591.4s [3月4日（週四） 下午 7:13]   click [Sleep] Sleep until 7:00 AM
6604.5s [3月5日（週五） 上午 7:14]   use "Packing table"
6605.3s [3月5日（週五） 上午 7:15]   click [Pack] 打包 3 筆訂單（24 分鐘）
6606.2s [3月5日（週五） 上午 7:40]   click [CourierEconomy] 快遞 · 經濟 3 天（$19.86）
6609.1s [3月5日（週五） 下午 5:00]   toast: Riverlight Goods 咖啡 今天沒開門：吧台沒人顧。去僱一位咖啡師（人員分頁），或自己站吧台。
6618.4s [3月5日（週五） 下午 7:13]   use "Sleep"
6619.1s [3月5日（週五） 下午 7:13]   click [Sleep] Sleep until 7:00 AM
6632.1s [3月6日（週六） 上午 7:14]   use "Packing table"
6632.9s [3月6日（週六） 上午 7:15]   click [Pack] 打包 4 筆訂單（32 分鐘）
6633.8s [3月6日（週六） 上午 7:48]   click [CourierEconomy] 快遞 · 經濟 3 天（$24.48）
6636.9s [3月6日（週六） 下午 5:00]   toast: Riverlight Goods 咖啡 今天沒開門：吧台沒人顧。去僱一位咖啡師（人員分頁），或自己站吧台。
6646.5s [3月6日（週六） 下午 7:13]   use "Sleep"
6647.2s [3月6日（週六） 下午 7:13]   click [Sleep] Sleep until 7:00 AM
6660.6s [3月7日（週日） 上午 7:14]   use "Packing table"
6661.5s [3月7日（週日） 上午 7:15]   click [Pack] 打包 3 筆訂單（24 分鐘）
6662.4s [3月7日（週日） 上午 7:40]   click [CourierEconomy] 快遞 · 經濟 3 天（$19.86）
6674.8s [3月7日（週日） 下午 7:13]   use "Sleep"
6675.5s [3月7日（週日） 下午 7:13]   click [Sleep] Sleep until 7:00 AM
6688.8s [3月8日（週一） 上午 7:14]   use "Packing table"
6689.6s [3月8日（週一） 上午 7:15]   click [Pack] 打包 2 筆訂單（16 分鐘）
6690.5s [3月8日（週一） 上午 7:32]   click [CourierEconomy] 快遞 · 經濟 3 天（$15.24）
6693.5s [3月8日（週一） 下午 5:00]   toast: Riverlight Goods 咖啡 今天沒開門：吧台沒人顧。去僱一位咖啡師（人員分頁），或自己站吧台。
6702.9s [3月8日（週一） 下午 7:13]   use "Sleep"
6703.6s [3月8日（週一） 下午 7:13]   click [Sleep] Sleep until 7:00 AM
6716.8s [3月9日（週二） 上午 7:14]   use "Packing table"
6717.6s [3月9日（週二） 上午 7:15]   click [Pack] 打包 2 筆訂單（16 分鐘）
6718.5s [3月9日（週二） 上午 7:32]   click [CourierEconomy] 快遞 · 經濟 3 天（$15.24）
6720.5s [3月9日（週二） 下午 12:27]   toast: 新評價 #4142：★★★「品質普通。」
6721.4s [3月9日（週二） 下午 5:00]   toast: Riverlight Goods 咖啡 今天沒開門：吧台沒人顧。去僱一位咖啡師（人員分頁），或自己站吧台。
6730.9s [3月9日（週二） 下午 7:13]   use "Sleep"
6731.6s [3月9日（週二） 下午 7:13]   click [Sleep] Sleep until 7:00 AM
6744.9s [3月10日（週三） 上午 7:14]   use "Packing table"
6745.7s [3月10日（週三） 上午 7:15]   click [Pack] 打包 6 筆訂單（48 分鐘）
6746.9s [3月10日（週三） 上午 8:04]   click [CourierEconomy] 快遞 · 經濟 3 天（$33.72）
6749.8s [3月10日（週三） 下午 5:00]   toast: Riverlight Goods 咖啡 今天沒開門：吧台沒人顧。去僱一位咖啡師（人員分頁），或自己站吧台。
6759.2s [3月10日（週三） 下午 7:13]   use "Sleep"
6759.9s [3月10日（週三） 下午 7:13]   click [Sleep] Sleep until 7:00 AM
6773.1s [3月11日（週四） 上午 7:14]   use "Packing table"
6773.9s [3月11日（週四） 上午 7:15]   click [Pack] 打包 2 筆訂單（16 分鐘）
6774.8s [3月11日（週四） 上午 7:32]   click [CourierEconomy] 快遞 · 經濟 3 天（$15.24）
6777.7s [3月11日（週四） 下午 5:00]   toast: Riverlight Goods 咖啡 今天沒開門：吧台沒人顧。去僱一位咖啡師（人員分頁），或自己站吧台。
6778.4s [3月11日（週四） 下午 7:00]   shot 314_decision_supplier_price_increase.png
6778.4s [3月11日（週四） 下午 7:00]   decision supplier_price_increase → accept
6778.4s [3月11日（週四） 下午 7:00]   click [Choice_accept] 好。繼續跟你進貨。
6779.8s [3月11日（週四） 下午 7:00]   shot 315_decision_outcome_supplier_price_increase.png
6779.8s [3月11日（週四） 下午 7:00]   click "OK"
6789.4s [3月11日（週四） 下午 7:14]   use "Sleep"
6790.2s [3月11日（週四） 下午 7:14]   click [Sleep] Sleep until 7:00 AM
6803.4s [3月12日（週五） 上午 7:14]   use "Packing table"
6804.3s [3月12日（週五） 上午 7:15]   click [Pack] 打包 5 筆訂單（40 分鐘）
6805.2s [3月12日（週五） 上午 7:56]   click [CourierEconomy] 快遞 · 經濟 3 天（$29.10）
6808.1s [3月12日（週五） 下午 5:00]   toast: Riverlight Goods 咖啡 今天沒開門：吧台沒人顧。去僱一位咖啡師（人員分頁），或自己站吧台。
6817.6s [3月12日（週五） 下午 7:13]   use "Sleep"
6818.3s [3月12日（週五） 下午 7:13]   click [Sleep] Sleep until 7:00 AM
6824.5s [3月13日（週六） 下午 5:00]   toast: Riverlight Goods 咖啡 今天沒開門：吧台沒人顧。去僱一位咖啡師（人員分頁），或自己站吧台。
6825.3s [3月13日（週六） 下午 7:00]   use "Sleep"
6826.0s [3月13日（週六） 下午 7:00]   click [Sleep] Sleep until 7:00 AM
6839.3s [3月14日（週日） 上午 7:14]   use "Packing table"
6840.1s [3月14日（週日） 上午 7:15]   click [Pack] 打包 1 筆訂單（8 分鐘）
6841.0s [3月14日（週日） 上午 7:24]   click [CourierEconomy] 快遞 · 經濟 3 天（$10.62）
6853.3s [3月14日（週日） 下午 7:13]   use "Sleep"
6854.1s [3月14日（週日） 下午 7:13]   click [Sleep] Sleep until 7:00 AM
6860.2s [3月15日（週一） 下午 5:00]   toast: Riverlight Goods 咖啡 今天沒開門：吧台沒人顧。去僱一位咖啡師（人員分頁），或自己站吧台。
6867.3s [3月15日（週一） 下午 7:09]   use "Sleep"
6868.0s [3月15日（週一） 下午 7:09]   click [Sleep] Sleep until 7:00 AM
6874.2s [3月16日（週二） 下午 5:00]   toast: Riverlight Goods 咖啡 今天沒開門：吧台沒人顧。去僱一位咖啡師（人員分頁），或自己站吧台。
6875.0s [3月16日（週二） 下午 7:00]   use "Sleep"
6875.7s [3月16日（週二） 下午 7:00]   click [Sleep] Sleep until 7:00 AM
6881.9s [3月17日（週三） 下午 5:00]   toast: Riverlight Goods 咖啡 今天沒開門：吧台沒人顧。去僱一位咖啡師（人員分頁），或自己站吧台。
6882.7s [3月17日（週三） 下午 7:00]   use "Sleep"
6883.4s [3月17日（週三） 下午 7:00]   click [Sleep] Sleep until 7:00 AM
6889.6s [3月18日（週四） 下午 5:00]   toast: Riverlight Goods 咖啡 今天沒開門：吧台沒人顧。去僱一位咖啡師（人員分頁），或自己站吧台。
6890.3s [3月18日（週四） 下午 7:00]   use "Sleep"
6891.1s [3月18日（週四） 下午 7:00]   click [Sleep] Sleep until 7:00 AM
6897.4s [3月19日（週五） 下午 5:00]   toast: Riverlight Goods 咖啡 今天沒開門：吧台沒人顧。去僱一位咖啡師（人員分頁），或自己站吧台。
6898.1s [3月19日（週五） 下午 7:00]   use "Sleep"
6898.9s [3月19日（週五） 下午 7:00]   click [Sleep] Sleep until 7:00 AM
6905.1s [3月20日（週六） 下午 5:00]   toast: Riverlight Goods 咖啡 今天沒開門：吧台沒人顧。去僱一位咖啡師（人員分頁），或自己站吧台。
6905.8s [3月20日（週六） 下午 7:00]   use "Sleep"
6906.5s [3月20日（週六） 下午 7:00]   click [Sleep] Sleep until 7:00 AM
6919.9s [3月21日（週日） 下午 7:10]   use "Sleep"
6920.6s [3月21日（週日） 下午 7:10]   click [Sleep] Sleep until 7:00 AM
6926.9s [3月22日（週一） 下午 5:00]   toast: Riverlight Goods 咖啡 今天沒開門：吧台沒人顧。去僱一位咖啡師（人員分頁），或自己站吧台。
6927.7s [3月22日（週一） 下午 7:00]   use "Sleep"
6928.4s [3月22日（週一） 下午 7:00]   click [Sleep] Sleep until 7:00 AM
6934.6s [3月23日（週二） 下午 5:00]   toast: Riverlight Goods 咖啡 今天沒開門：吧台沒人顧。去僱一位咖啡師（人員分頁），或自己站吧台。
6935.3s [3月23日（週二） 下午 7:00]   use "Sleep"
6936.1s [3月23日（週二） 下午 7:00]   click [Sleep] Sleep until 7:00 AM
6942.2s [3月24日（週三） 下午 5:00]   toast: Riverlight Goods 咖啡 今天沒開門：吧台沒人顧。去僱一位咖啡師（人員分頁），或自己站吧台。
6943.0s [3月24日（週三） 下午 7:00]   use "Sleep"
6943.7s [3月24日（週三） 下午 7:00]   click [Sleep] Sleep until 7:00 AM
6949.8s [3月25日（週四） 下午 5:00]   toast: Riverlight Goods 咖啡 今天沒開門：吧台沒人顧。去僱一位咖啡師（人員分頁），或自己站吧台。
6950.6s [3月25日（週四） 下午 7:00]   use "Sleep"
6951.3s [3月25日（週四） 下午 7:00]   click [Sleep] Sleep until 7:00 AM
6957.5s [3月26日（週五） 下午 5:00]   toast: Riverlight Goods 咖啡 今天沒開門：吧台沒人顧。去僱一位咖啡師（人員分頁），或自己站吧台。
6964.7s [3月26日（週五） 下午 7:10]   use "Sleep"
6965.4s [3月26日（週五） 下午 7:10]   click [Sleep] Sleep until 7:00 AM
6971.8s [3月27日（週六） 下午 5:00]   toast: Riverlight Goods 咖啡 今天沒開門：吧台沒人顧。去僱一位咖啡師（人員分頁），或自己站吧台。
6972.5s [3月27日（週六） 下午 7:00]   use "Sleep"
6973.2s [3月27日（週六） 下午 7:00]   click [Sleep] Sleep until 7:00 AM
6980.1s [3月28日（週日） 下午 7:00]   use "Sleep"
6980.8s [3月28日（週日） 下午 7:00]   click [Sleep] Sleep until 7:00 AM
6987.0s [3月29日（週一） 下午 5:00]   toast: Riverlight Goods 咖啡 今天沒開門：吧台沒人顧。去僱一位咖啡師（人員分頁），或自己站吧台。
6987.8s [3月29日（週一） 下午 7:00]   use "Sleep"
6988.5s [3月29日（週一） 下午 7:00]   click [Sleep] Sleep until 7:00 AM
6994.7s [3月30日（週二） 下午 5:00]   toast: Riverlight Goods 咖啡 今天沒開門：吧台沒人顧。去僱一位咖啡師（人員分頁），或自己站吧台。
6995.5s [3月30日（週二） 下午 7:00]   use "Sleep"
6996.2s [3月30日（週二） 下午 7:00]   click [Sleep] Sleep until 7:00 AM
7002.3s [3月31日（週三） 下午 5:00]   toast: Riverlight Goods 咖啡 今天沒開門：吧台沒人顧。去僱一位咖啡師（人員分頁），或自己站吧台。
7009.6s [3月31日（週三） 下午 7:10]   use "Sleep"
7010.3s [3月31日（週三） 下午 7:10]   click [Sleep] Sleep until 7:00 AM
7016.1s [4月1日（週四） 上午 7:00]   shot 316_month_close_report.png
7016.2s [4月1日（週四） 上午 7:00]   click [month close] Continue
7018.6s [4月1日（週四） 下午 5:00]   toast: Riverlight Goods 咖啡 今天沒開門：吧台沒人顧。去僱一位咖啡師（人員分頁），或自己站吧台。
7019.4s [4月1日（週四） 下午 7:01]   use "Sleep"
7020.1s [4月1日（週四） 下午 7:01]   click [Sleep] Sleep until 7:00 AM
7026.3s [4月2日（週五） 下午 5:00]   toast: Riverlight Goods 咖啡 今天沒開門：吧台沒人顧。去僱一位咖啡師（人員分頁），或自己站吧台。
7027.1s [4月2日（週五） 下午 7:00]   use "Sleep"
7027.8s [4月2日（週五） 下午 7:00]   click [Sleep] Sleep until 7:00 AM
7034.1s [4月3日（週六） 下午 5:00]   toast: Riverlight Goods 咖啡 今天沒開門：吧台沒人顧。去僱一位咖啡師（人員分頁），或自己站吧台。
7034.8s [4月3日（週六） 下午 7:00]   shot 317_decision_supplier_price_increase.png
7034.8s [4月3日（週六） 下午 7:00]   decision supplier_price_increase → accept
7034.8s [4月3日（週六） 下午 7:00]   click [Choice_accept] 好。繼續跟你進貨。
7036.1s [4月3日（週六） 下午 7:00]   shot 318_decision_outcome_supplier_price_increase.png
7036.1s [4月3日（週六） 下午 7:00]   click "OK"
7036.8s [4月3日（週六） 下午 7:00]   use "Sleep"
7037.5s [4月3日（週六） 下午 7:00]   click [Sleep] Sleep until 7:00 AM
7044.9s [4月4日（週日） 下午 7:00]   use "Sleep"
7045.6s [4月4日（週日） 下午 7:00]   click [Sleep] Sleep until 7:00 AM
7050.1s [4月5日（週一） 上午 7:00]   shot 319_decision_cafe_inspection.png
7050.1s [4月5日（週一） 上午 7:00]   decision cafe_inspection → prepare
7050.1s [4月5日（週一） 上午 7:00]   click [Choice_prepare] 清潔十五分鐘後接受檢查
7051.5s [4月5日（週一） 上午 7:15]   shot 320_decision_outcome_cafe_inspection.png
7051.5s [4月5日（週一） 上午 7:15]   click "OK"
7061.2s [4月5日（週一） 下午 7:10]   use "Sleep"
7062.0s [4月5日（週一） 下午 7:10]   click [Sleep] Sleep until 7:00 AM
7068.5s [4月6日（週二） 下午 5:00]   toast: Riverlight Goods 咖啡 今天沒開門：吧台沒人顧。去僱一位咖啡師（人員分頁），或自己站吧台。
7069.3s [4月6日（週二） 下午 7:00]   use "Sleep"
7070.0s [4月6日（週二） 下午 7:00]   click [Sleep] Sleep until 7:00 AM
7076.4s [4月7日（週三） 下午 5:00]   toast: Riverlight Goods 咖啡 今天沒開門：吧台沒人顧。去僱一位咖啡師（人員分頁），或自己站吧台。
7077.2s [4月7日（週三） 下午 7:00]   use "Sleep"
7077.9s [4月7日（週三） 下午 7:00]   click [Sleep] Sleep until 7:00 AM
7084.5s [4月8日（週四） 下午 5:00]   toast: Riverlight Goods 咖啡 今天沒開門：吧台沒人顧。去僱一位咖啡師（人員分頁），或自己站吧台。
7085.3s [4月8日（週四） 下午 7:00]   use "Sleep"
7086.0s [4月8日（週四） 下午 7:00]   click [Sleep] Sleep until 7:00 AM
7092.6s [4月9日（週五） 下午 5:00]   toast: Riverlight Goods 咖啡 今天沒開門：吧台沒人顧。去僱一位咖啡師（人員分頁），或自己站吧台。
7093.4s [4月9日（週五） 下午 7:00]   use "Sleep"
7094.2s [4月9日（週五） 下午 7:00]   click [Sleep] Sleep until 7:00 AM
7100.8s [4月10日（週六） 下午 5:00]   toast: Riverlight Goods 咖啡 今天沒開門：吧台沒人顧。去僱一位咖啡師（人員分頁），或自己站吧台。
7108.0s [4月10日（週六） 下午 7:10]   use "Sleep"
7108.7s [4月10日（週六） 下午 7:10]   click [Sleep] Sleep until 7:00 AM
7115.9s [4月11日（週日） 下午 7:00]   use "Sleep"
7116.6s [4月11日（週日） 下午 7:00]   click [Sleep] Sleep until 7:00 AM
7122.8s [4月12日（週一） 下午 5:00]   toast: Riverlight Goods 咖啡 今天沒開門：吧台沒人顧。去僱一位咖啡師（人員分頁），或自己站吧台。
7123.7s [4月12日（週一） 下午 7:00]   use "Sleep"
7124.4s [4月12日（週一） 下午 7:00]   click [Sleep] Sleep until 7:00 AM
7130.7s [4月13日（週二） 下午 5:00]   toast: Riverlight Goods 咖啡 今天沒開門：吧台沒人顧。去僱一位咖啡師（人員分頁），或自己站吧台。
7131.5s [4月13日（週二） 下午 7:00]   use "Sleep"
7132.2s [4月13日（週二） 下午 7:00]   click [Sleep] Sleep until 7:00 AM
7138.4s [4月14日（週三） 下午 5:00]   toast: Riverlight Goods 咖啡 今天沒開門：吧台沒人顧。去僱一位咖啡師（人員分頁），或自己站吧台。
7139.2s [4月14日（週三） 下午 7:00]   use "Sleep"
7139.9s [4月14日（週三） 下午 7:00]   click [Sleep] Sleep until 7:00 AM
7146.4s [4月15日（週四） 下午 5:00]   toast: Riverlight Goods 咖啡 今天沒開門：吧台沒人顧。去僱一位咖啡師（人員分頁），或自己站吧台。
7153.7s [4月15日（週四） 下午 7:10]   use "Sleep"
7154.4s [4月15日（週四） 下午 7:10]   click [Sleep] Sleep until 7:00 AM
7160.7s [4月16日（週五） 下午 5:00]   toast: Riverlight Goods 咖啡 今天沒開門：吧台沒人顧。去僱一位咖啡師（人員分頁），或自己站吧台。
7161.5s [4月16日（週五） 下午 7:00]   use "Sleep"
7162.2s [4月16日（週五） 下午 7:00]   click [Sleep] Sleep until 7:00 AM
7168.5s [4月17日（週六） 下午 5:00]   toast: Riverlight Goods 咖啡 今天沒開門：吧台沒人顧。去僱一位咖啡師（人員分頁），或自己站吧台。
7169.2s [4月17日（週六） 下午 7:00]   use "Sleep"
7169.9s [4月17日（週六） 下午 7:00]   click [Sleep] Sleep until 7:00 AM
7177.1s [4月18日（週日） 下午 7:00]   use "Sleep"
7177.8s [4月18日（週日） 下午 7:00]   click [Sleep] Sleep until 7:00 AM
7184.0s [4月19日（週一） 下午 5:00]   toast: Riverlight Goods 咖啡 今天沒開門：吧台沒人顧。去僱一位咖啡師（人員分頁），或自己站吧台。
7184.8s [4月19日（週一） 下午 7:00]   use "Sleep"
7185.5s [4月19日（週一） 下午 7:00]   click [Sleep] Sleep until 7:00 AM
7191.8s [4月20日（週二） 下午 5:00]   toast: Riverlight Goods 咖啡 今天沒開門：吧台沒人顧。去僱一位咖啡師（人員分頁），或自己站吧台。
7199.0s [4月20日（週二） 下午 7:10]   use "Sleep"
7199.7s [4月20日（週二） 下午 7:10]   click [Sleep] Sleep until 7:00 AM
7205.9s [4月21日（週三） 下午 5:00]   toast: Riverlight Goods 咖啡 今天沒開門：吧台沒人顧。去僱一位咖啡師（人員分頁），或自己站吧台。
7206.7s [4月21日（週三） 下午 7:00]   use "Sleep"
7207.4s [4月21日（週三） 下午 7:00]   click [Sleep] Sleep until 7:00 AM
7213.8s [4月22日（週四） 下午 5:00]   toast: Riverlight Goods 咖啡 今天沒開門：吧台沒人顧。去僱一位咖啡師（人員分頁），或自己站吧台。
7214.5s [4月22日（週四） 下午 7:00]   use "Sleep"
7215.2s [4月22日（週四） 下午 7:00]   click [Sleep] Sleep until 7:00 AM
7221.7s [4月23日（週五） 下午 5:00]   toast: Riverlight Goods 咖啡 今天沒開門：吧台沒人顧。去僱一位咖啡師（人員分頁），或自己站吧台。
7222.5s [4月23日（週五） 下午 7:00]   use "Sleep"
7223.2s [4月23日（週五） 下午 7:00]   click [Sleep] Sleep until 7:00 AM
7229.5s [4月24日（週六） 下午 5:00]   toast: Riverlight Goods 咖啡 今天沒開門：吧台沒人顧。去僱一位咖啡師（人員分頁），或自己站吧台。
7230.3s [4月24日（週六） 下午 7:00]   use "Sleep"
7231.0s [4月24日（週六） 下午 7:00]   click [Sleep] Sleep until 7:00 AM
7244.5s [4月25日（週日） 下午 7:10]   use "Sleep"
7245.2s [4月25日（週日） 下午 7:10]   click [Sleep] Sleep until 7:00 AM
7251.4s [4月26日（週一） 下午 5:00]   toast: Riverlight Goods 咖啡 今天沒開門：吧台沒人顧。去僱一位咖啡師（人員分頁），或自己站吧台。
7252.2s [4月26日（週一） 下午 7:00]   use "Sleep"
7252.9s [4月26日（週一） 下午 7:00]   click [Sleep] Sleep until 7:00 AM
7259.2s [4月27日（週二） 下午 5:00]   toast: Riverlight Goods 咖啡 今天沒開門：吧台沒人顧。去僱一位咖啡師（人員分頁），或自己站吧台。
7259.9s [4月27日（週二） 下午 7:00]   use "Sleep"
7260.6s [4月27日（週二） 下午 7:00]   click [Sleep] Sleep until 7:00 AM
7266.9s [4月28日（週三） 下午 5:00]   toast: Riverlight Goods 咖啡 今天沒開門：吧台沒人顧。去僱一位咖啡師（人員分頁），或自己站吧台。
7267.7s [4月28日（週三） 下午 7:00]   use "Sleep"
7268.4s [4月28日（週三） 下午 7:00]   click [Sleep] Sleep until 7:00 AM
7274.8s [4月29日（週四） 下午 5:00]   toast: Riverlight Goods 咖啡 今天沒開門：吧台沒人顧。去僱一位咖啡師（人員分頁），或自己站吧台。
7275.4s [4月29日（週四） 下午 7:00]   shot 321_decision_supplier_price_increase.png
7275.4s [4月29日（週四） 下午 7:00]   decision supplier_price_increase → accept
7275.4s [4月29日（週四） 下午 7:00]   click [Choice_accept] 好。繼續跟你進貨。
7276.8s [4月29日（週四） 下午 7:00]   shot 322_decision_outcome_supplier_price_increase.png
7276.8s [4月29日（週四） 下午 7:00]   click "OK"
7277.5s [4月29日（週四） 下午 7:00]   use "Sleep"
7278.2s [4月29日（週四） 下午 7:00]   click [Sleep] Sleep until 7:00 AM
7284.5s [4月30日（週五） 下午 5:00]   toast: Riverlight Goods 咖啡 今天沒開門：吧台沒人顧。去僱一位咖啡師（人員分頁），或自己站吧台。
7291.7s [4月30日（週五） 下午 7:10]   use "Sleep"
7292.4s [4月30日（週五） 下午 7:10]   click [Sleep] Sleep until 7:00 AM
7298.5s [5月1日（週六） 上午 7:00]   shot 323_month_close_report.png
7298.5s [5月1日（週六） 上午 7:00]   click [month close] Continue
7300.9s [5月1日（週六） 下午 5:00]   toast: Riverlight Goods 咖啡 今天沒開門：吧台沒人顧。去僱一位咖啡師（人員分頁），或自己站吧台。
7301.6s [5月1日（週六） 下午 7:01]   use "Sleep"
7302.4s [5月1日（週六） 下午 7:01]   click [Sleep] Sleep until 7:00 AM
7308.1s [5月2日（週日） 上午 7:02]   use "Use laptop — Company OS"
7309.0s [5月2日（週日） 上午 7:04]   click [Tab_overview] Overview
7309.8s [5月2日（週日） 上午 7:05]   click [OpenLegacyStory] Consolidation and legacy
7310.0s [5月2日（週日） 上午 7:05]   shot 324_ch17_survival_review.png
7311.0s [5月2日（週日） 上午 7:05]   click [kai_interview] Accept Kai's interview
7312.1s [5月2日（週日） 上午 7:05]   shot 325_ch17_comparison.png
7312.1s [5月2日（週日） 上午 7:05]   info card: Compare consolidation routes
7312.1s [5月2日（週日） 上午 7:05]   shot 326_info_compare_consolidation_ro.png
7312.1s [5月2日（週日） 上午 7:05]   click "Close"
7312.5s [5月2日（週日） 上午 7:05]   ok  chapter17 complete or honestly unavailable
7312.5s [5月2日（週日） 上午 7:05] STEP Chapter18 — actual Maya dialogue, ending and every epilogue card
7312.5s [5月2日（週日） 上午 7:05]   click [meet_maya_legacy] Call Maya or meet at Bloom Coffee
7315.6s [5月2日（週日） 上午 7:05]   choose "› 我想繼續經營。"
7318.5s [5月2日（週日） 上午 7:05]   shot 327_ch18_ending_choices.png
7318.5s [5月2日（週日） 上午 7:05]   ok  actual legacy conversation completed
7319.5s [5月2日（週日） 上午 7:05]   click [LegacyChoice_independent] Keep building
7320.2s [5月2日（週日） 上午 7:05]   shot 328_ch18_independent_card_1.png
7321.2s [5月2日（週日） 上午 7:05]   click [legacy_next_card] Next card
7321.9s [5月2日（週日） 上午 7:05]   shot 329_ch18_independent_card_2.png
7322.9s [5月2日（週日） 上午 7:05]   click [legacy_next_card] Next card
7323.6s [5月2日（週日） 上午 7:05]   shot 330_ch18_independent_card_3.png
7324.6s [5月2日（週日） 上午 7:05]   click [legacy_next_card] Next card
7325.3s [5月2日（週日） 上午 7:05]   shot 331_ch18_independent_card_4.png
7326.3s [5月2日（週日） 上午 7:05]   click [legacy_next_card] Next card
7327.0s [5月2日（週日） 上午 7:05]   shot 332_ch18_independent_card_5.png
7327.9s [5月2日（週日） 上午 7:05]   click [legacy_next_card] Finish epilogue
7328.8s [5月2日（週日） 上午 7:05]   ok  all epilogue cards viewed: independent
7328.8s [5月2日（週日） 上午 7:05]   click [KeepThisLife] Keep living this life
7328.9s [5月2日（週日） 上午 7:05]   click [legacy_free_play] Return to free play
7329.4s [5月2日（週日） 上午 7:05]   ok  all chapter17–18 books balance
7329.7s [5月2日（週日） 上午 7:05]   use "Use laptop — Company OS"
7330.5s [5月2日（週日） 上午 7:07]   click [Tab_overview] Overview
7332.0s [5月2日（週日） 上午 7:09]   click [OpenCityFuture] 城市的未來
7333.2s [5月2日（週日） 上午 7:09]   click [city_start] 加入城市提案
7333.6s [5月2日（週日） 上午 7:09] STEP Civic chapter 19 — real supplier invoices and player decision
7334.4s [5月2日（週日） 上午 7:09]   click [city_read] 閱讀市府簡報。
7335.0s [5月2日（週日） 上午 7:09]   shot 333_city19_supplier_budget.png
7335.7s [5月2日（週日） 上午 7:09]   click [city_partner] 加入城市合作，由市府預算支付供應商
7337.1s [5月2日（週日） 上午 7:09]   click [city_wait] 回到城市，等待已付款服務交付
7343.7s [5月3日（週一） 下午 5:00]   toast: Riverlight Goods 咖啡 今天沒開門：吧台沒人顧。去僱一位咖啡師（人員分頁），或自己站吧台。
7348.2s [5月4日（週二） 下午 5:00]   toast: Riverlight Goods 咖啡 今天沒開門：吧台沒人顧。去僱一位咖啡師（人員分頁），或自己站吧台。
7352.8s [5月5日（週三） 下午 5:00]   toast: Riverlight Goods 咖啡 今天沒開門：吧台沒人顧。去僱一位咖啡師（人員分頁），或自己站吧台。
7357.2s [5月6日（週四） 下午 5:00]   toast: Riverlight Goods 咖啡 今天沒開門：吧台沒人顧。去僱一位咖啡師（人員分頁），或自己站吧台。
[watchdog] main loop stalled 20 s · sim phase 'eco.order_place' · story check 'city19_plan' · last bot line '  toast: Riverlight Goods 咖啡 今天沒開門：吧台沒人顧。去僱一位咖啡師（人員分頁），或自己站吧台。'
7361.6s [5月7日（週五） 下午 5:00]   toast: Riverlight Goods 咖啡 今天沒開門：吧台沒人顧。去僱一位咖啡師（人員分頁），或自己站吧台。
7366.0s [5月8日（週六） 下午 5:00]   toast: Riverlight Goods 咖啡 今天沒開門：吧台沒人顧。去僱一位咖啡師（人員分頁），或自己站吧台。
7373.4s [5月10日（週一） 上午 7:10]   use "Use laptop — Company OS"
7374.2s [5月10日（週一） 上午 7:11]   click [Tab_overview] Overview
7375.8s [5月10日（週一） 上午 7:13]   click [OpenCityFuture] 城市的未來
7376.3s [5月10日（週一） 上午 7:13]   shot 334_city19_real_decisions.png
7376.9s [5月10日（週一） 上午 7:13]   click [CityChoice_balanced] 提交均衡的博覽會申辦提案
7378.3s [5月10日（週一） 上午 7:13]   click [city_wait_result] 回到城市，等待兩天後公布成果
7380.6s [5月10日（週一） 下午 5:00]   toast: Riverlight Goods 咖啡 今天沒開門：吧台沒人顧。去僱一位咖啡師（人員分頁），或自己站吧台。
7385.0s [5月11日（週二） 下午 5:00]   toast: Riverlight Goods 咖啡 今天沒開門：吧台沒人顧。去僱一位咖啡師（人員分頁），或自己站吧台。
7388.2s [5月12日（週三） 上午 8:14]   use "Use laptop — Company OS"
7389.0s [5月12日（週三） 上午 8:15]   click [Tab_overview] Overview
7390.6s [5月12日（週三） 上午 8:17]   click [OpenCityFuture] 城市的未來
7391.1s [5月12日（週三） 上午 8:17]   shot 335_city19_recorded_result.png
7391.7s [5月12日（週三） 上午 8:17]   click [city_review] 檢視實際交付與城市成果。
7392.3s [5月12日（週三） 上午 8:17]   ok  city chapter completed from actual services and result 19
7392.3s [5月12日（週三） 上午 8:17]   ok  city chapter 19 balanced books
7392.3s [5月12日（週三） 上午 8:17] STEP Civic chapter 20 — real supplier invoices and player decision
7393.1s [5月12日（週三） 上午 8:17]   click [city_read] 閱讀市府簡報。
7393.7s [5月12日（週三） 上午 8:17]   shot 336_city20_supplier_budget.png
7394.4s [5月12日（週三） 上午 8:17]   click [city_partner] 加入城市合作，由市府預算支付供應商
7395.6s [5月12日（週三） 上午 8:17]   click [city_wait] 回到城市，等待已付款服務交付
7397.7s [5月12日（週三） 下午 5:00]   toast: Riverlight Goods 咖啡 今天沒開門：吧台沒人顧。去僱一位咖啡師（人員分頁），或自己站吧台。
7402.3s [5月13日（週四） 下午 5:00]   toast: Riverlight Goods 咖啡 今天沒開門：吧台沒人顧。去僱一位咖啡師（人員分頁），或自己站吧台。
7406.7s [5月14日（週五） 下午 5:00]   toast: Riverlight Goods 咖啡 今天沒開門：吧台沒人顧。去僱一位咖啡師（人員分頁），或自己站吧台。
7411.4s [5月15日（週六） 下午 5:00]   toast: Riverlight Goods 咖啡 今天沒開門：吧台沒人顧。去僱一位咖啡師（人員分頁），或自己站吧台。
7420.3s [5月17日（週一） 下午 5:00]   toast: Riverlight Goods 咖啡 今天沒開門：吧台沒人顧。去僱一位咖啡師（人員分頁），或自己站吧台。
[watchdog] main loop stalled 20 s · sim phase 'eco.order_place' · story check 'city20_plan' · last bot line '  toast: Riverlight Goods 咖啡 今天沒開門：吧台沒人顧。去僱一位咖啡師（人員分頁），或自己站吧台。'
7424.7s [5月18日（週二） 下午 5:00]   toast: Riverlight Goods 咖啡 今天沒開門：吧台沒人顧。去僱一位咖啡師（人員分頁），或自己站吧台。
7429.2s [5月19日（週三） 下午 5:00]   toast: Riverlight Goods 咖啡 今天沒開門：吧台沒人顧。去僱一位咖啡師（人員分頁），或自己站吧台。
7432.8s [5月20日（週四） 上午 8:18]   use "Use laptop — Company OS"
7433.7s [5月20日（週四） 上午 8:19]   click [Tab_overview] Overview
7435.2s [5月20日（週四） 上午 8:21]   click [OpenCityFuture] 城市的未來
7435.7s [5月20日（週四） 上午 8:21]   shot 337_city20_real_decisions.png
7436.4s [5月20日（週四） 上午 8:21]   click [CityChoice_transparent] 公開招標，接受獨立監督
7437.7s [5月20日（週四） 上午 8:21]   click [city_wait_result] 回到城市，等待兩天後公布成果
7439.8s [5月20日（週四） 下午 5:00]   toast: Riverlight Goods 咖啡 今天沒開門：吧台沒人顧。去僱一位咖啡師（人員分頁），或自己站吧台。
7444.4s [5月21日（週五） 下午 5:00]   toast: 薪水發不出來：現金不夠付 $615。公司欠團隊 $615。
7444.4s [5月21日（週五） 下午 5:00]   toast: Riverlight Goods 咖啡 今天沒開門：吧台沒人顧。去僱一位咖啡師（人員分頁），或自己站吧台。
7447.9s [5月22日（週六） 上午 9:22]   use "Use laptop — Company OS"
7448.8s [5月22日（週六） 上午 9:23]   click [Tab_overview] Overview
7450.3s [5月22日（週六） 上午 9:25]   click [OpenCityFuture] 城市的未來
7450.8s [5月22日（週六） 上午 9:25]   shot 338_city20_recorded_result.png
7451.4s [5月22日（週六） 上午 9:25]   click [city_review] 檢視實際交付與城市成果。
7452.1s [5月22日（週六） 上午 9:25]   ok  city chapter completed from actual services and result 20
7452.1s [5月22日（週六） 上午 9:25]   ok  city chapter 20 balanced books
7452.1s [5月22日（週六） 上午 9:25] STEP Civic chapter 21 — real supplier invoices and player decision
7452.9s [5月22日（週六） 上午 9:25]   click [city_read] 閱讀市府簡報。
7453.5s [5月22日（週六） 上午 9:25]   shot 339_city21_supplier_budget.png
7454.2s [5月22日（週六） 上午 9:25]   click [city_partner] 加入城市合作，由市府預算支付供應商
7455.4s [5月22日（週六） 上午 9:25]   click [city_wait] 回到城市，等待已付款服務交付
7457.3s [5月22日（週六） 下午 5:00]   toast: Riverlight Goods 咖啡 今天沒開門：吧台沒人顧。去僱一位咖啡師（人員分頁），或自己站吧台。
7466.8s [5月24日（週一） 下午 5:00]   toast: Riverlight Goods 咖啡 今天沒開門：吧台沒人顧。去僱一位咖啡師（人員分頁），或自己站吧台。
7471.6s [5月25日（週二） 下午 5:00]   toast: Riverlight Goods 咖啡 今天沒開門：吧台沒人顧。去僱一位咖啡師（人員分頁），或自己站吧台。
7476.3s [5月26日（週三） 下午 5:00]   toast: Riverlight Goods 咖啡 今天沒開門：吧台沒人顧。去僱一位咖啡師（人員分頁），或自己站吧台。
[watchdog] main loop stalled 20 s · sim phase '' · story check 'city21_plan' · last bot line '  toast: Riverlight Goods 咖啡 今天沒開門：吧台沒人顧。去僱一位咖啡師（人員分頁），或自己站吧台。'
7481.2s [5月27日（週四） 下午 5:00]   toast: Riverlight Goods 咖啡 今天沒開門：吧台沒人顧。去僱一位咖啡師（人員分頁），或自己站吧台。
7486.0s [5月28日（週五） 下午 5:00]   toast: 薪水發不出來：現金不夠付 $1,230。公司欠團隊 $1,230。
7486.0s [5月28日（週五） 下午 5:00]   toast: Ravi Park 離職了。
7486.1s [5月28日（週五） 下午 5:00]   toast: Riverlight Goods 咖啡 今天沒開門：吧台沒人顧。去僱一位咖啡師（人員分頁），或自己站吧台。
7490.8s [5月29日（週六） 下午 5:00]   toast: Riverlight Goods 咖啡 今天沒開門：吧台沒人顧。去僱一位咖啡師（人員分頁），或自己站吧台。
7494.4s [5月30日（週日） 上午 9:26]   use "Use laptop — Company OS"
7495.3s [5月30日（週日） 上午 9:27]   click [Tab_overview] Overview
7497.2s [5月30日（週日） 上午 9:29]   click [OpenCityFuture] 城市的未來
7497.7s [5月30日（週日） 上午 9:29]   shot 340_city21_real_decisions.png
7498.4s [5月30日（週日） 上午 9:29]   click [CityChoice_both] 投資小型網路，爭取分階段實施 · $2,500.00
7499.7s [5月30日（週日） 上午 9:29]   click [city_wait_result] 回到城市，等待兩天後公布成果
7506.3s [5月31日（週一） 下午 5:00]   toast: Riverlight Goods 咖啡 今天沒開門：吧台沒人顧。去僱一位咖啡師（人員分頁），或自己站吧台。
7511.5s [6月1日（週二） 上午 10:29]   shot 341_month_close_report.png
7511.5s [6月1日（週二） 上午 10:29]   click [month close] Continue
7512.2s [6月1日（週二） 上午 10:30]   use "Use laptop — Company OS"
7513.1s [6月1日（週二） 上午 10:31]   click [Tab_overview] Overview
7514.6s [6月1日（週二） 上午 10:33]   click [OpenCityFuture] 城市的未來
7515.1s [6月1日（週二） 上午 10:33]   shot 342_city21_recorded_result.png
7515.8s [6月1日（週二） 上午 10:33]   click [city_review] 檢視實際交付與城市成果。
7516.4s [6月1日（週二） 上午 10:33]   ok  city chapter completed from actual services and result 21
7516.4s [6月1日（週二） 上午 10:33]   ok  city chapter 21 balanced books
7516.4s [6月1日（週二） 上午 10:33] STEP Civic chapter 22 — real supplier invoices and player decision
7517.1s [6月1日（週二） 上午 10:33]   click [city_read] 閱讀市府簡報。
7517.8s [6月1日（週二） 上午 10:33]   shot 343_city22_supplier_budget.png
7518.5s [6月1日（週二） 上午 10:33]   click [city_partner] 加入城市合作，由市府預算支付供應商
7519.6s [6月1日（週二） 上午 10:33]   click [city_wait] 回到城市，等待已付款服務交付
7521.4s [6月1日（週二） 下午 5:00]   toast: Riverlight Goods 咖啡 今天沒開門：吧台沒人顧。去僱一位咖啡師（人員分頁），或自己站吧台。
7525.9s [6月2日（週三） 下午 5:00]   toast: Riverlight Goods 咖啡 今天沒開門：吧台沒人顧。去僱一位咖啡師（人員分頁），或自己站吧台。
7530.6s [6月3日（週四） 下午 5:00]   toast: Riverlight Goods 咖啡 今天沒開門：吧台沒人顧。去僱一位咖啡師（人員分頁），或自己站吧台。
7535.1s [6月4日（週五） 下午 5:00]   toast: Riverlight Goods 咖啡 今天沒開門：吧台沒人顧。去僱一位咖啡師（人員分頁），或自己站吧台。
7539.7s [6月5日（週六） 下午 5:00]   toast: Riverlight Goods 咖啡 今天沒開門：吧台沒人顧。去僱一位咖啡師（人員分頁），或自己站吧台。
[watchdog] main loop stalled 20 s · sim phase 'eco.order_place' · story check 'city22_plan' · last bot line '  toast: Riverlight Goods 咖啡 今天沒開門：吧台沒人顧。去僱一位咖啡師（人員分頁），或自己站吧台。'
7548.8s [6月7日（週一） 下午 5:00]   toast: Riverlight Goods 咖啡 今天沒開門：吧台沒人顧。去僱一位咖啡師（人員分頁），或自己站吧台。
7552.7s [6月8日（週二） 下午 1:19]   toast: Nexus 銀行要求貸款 L1 立即清償：7 天內須還 $4,343。
7553.4s [6月8日（週二） 下午 5:00]   toast: Riverlight Goods 咖啡 今天沒開門：吧台沒人顧。去僱一位咖啡師（人員分頁），或自己站吧台。
7557.1s [6月9日（週三） 上午 10:34]   use "Use laptop — Company OS"
7558.0s [6月9日（週三） 上午 10:34]   click [Tab_overview] Overview
7559.5s [6月9日（週三） 上午 10:37]   click [OpenCityFuture] 城市的未來
7560.0s [6月9日（週三） 上午 10:37]   shot 344_city22_real_decisions.png
7560.6s [6月9日（週三） 上午 10:37]   click [CityChoice_culture] 舉辦 4 小時文化工作坊 · $0.00
7562.8s [6月9日（週三） 下午 2:37]   click [city_wait_result] 回到城市，等待兩天後公布成果
7563.8s [6月9日（週三） 下午 5:00]   toast: Riverlight Goods 咖啡 今天沒開門：吧台沒人顧。去僱一位咖啡師（人員分頁），或自己站吧台。
7568.3s [6月10日（週四） 下午 5:00]   toast: Riverlight Goods 咖啡 今天沒開門：吧台沒人顧。去僱一位咖啡師（人員分頁），或自己站吧台。
7572.9s [6月11日（週五） 下午 3:38]   use "Use laptop — Company OS"
7573.8s [6月11日（週五） 下午 3:39]   click [Tab_overview] Overview
7575.3s [6月11日（週五） 下午 3:41]   click [OpenCityFuture] 城市的未來
7575.8s [6月11日（週五） 下午 3:41]   shot 345_city22_recorded_result.png
7576.5s [6月11日（週五） 下午 3:41]   click [city_review] 檢視實際交付與城市成果。
7577.1s [6月11日（週五） 下午 3:41]   ok  city chapter completed from actual services and result 22
7577.1s [6月11日（週五） 下午 3:41]   ok  city chapter 22 balanced books
7577.1s [6月11日（週五） 下午 3:41] STEP Civic chapter 23 — real supplier invoices and player decision
7577.8s [6月11日（週五） 下午 3:41]   click [city_read] 閱讀市府簡報。
7578.4s [6月11日（週五） 下午 3:41]   shot 346_city23_supplier_budget.png
7579.1s [6月11日（週五） 下午 3:41]   click [city_partner] 加入城市合作，由市府預算支付供應商
7580.3s [6月11日（週五） 下午 3:41]   click [city_wait] 回到城市，等待已付款服務交付
7581.1s [6月11日（週五） 下午 5:00]   toast: Riverlight Goods 咖啡 今天沒開門：吧台沒人顧。去僱一位咖啡師（人員分頁），或自己站吧台。
7585.5s [6月12日（週六） 下午 5:00]   toast: Riverlight Goods 咖啡 今天沒開門：吧台沒人顧。去僱一位咖啡師（人員分頁），或自己站吧台。
7594.2s [6月14日（週一） 下午 5:00]   toast: Riverlight Goods 咖啡 今天沒開門：吧台沒人顧。去僱一位咖啡師（人員分頁），或自己站吧台。
7597.9s [6月15日（週二） 下午 1:19]   toast: Riverlight Goods 付不出債務了，你必須決定接下來怎麼做。
7598.6s [6月15日（週二） 下午 5:00]   toast: Riverlight Goods 咖啡 今天沒開門：吧台沒人顧。去僱一位咖啡師（人員分頁），或自己站吧台。
[watchdog] main loop stalled 20 s · sim phase '' · story check 'city23_plan' · last bot line '  toast: Riverlight Goods 咖啡 今天沒開門：吧台沒人顧。去僱一位咖啡師（人員分頁），或自己站吧台。'
7602.9s [6月16日（週三） 下午 5:00]   toast: Riverlight Goods 咖啡 今天沒開門：吧台沒人顧。去僱一位咖啡師（人員分頁），或自己站吧台。
7607.4s [6月17日（週四） 下午 5:00]   toast: Riverlight Goods 咖啡 今天沒開門：吧台沒人顧。去僱一位咖啡師（人員分頁），或自己站吧台。
7611.8s [6月18日（週五） 下午 5:00]   toast: Riverlight Goods 咖啡 今天沒開門：吧台沒人顧。去僱一位咖啡師（人員分頁），或自己站吧台。
7616.0s [6月19日（週六） 下午 3:41]   shot 347_actual_insolvency_choices.png
7616.1s [6月19日（週六） 下午 3:41]   click [Rescue] 拿出自己的 $11,930
7616.3s [6月19日（週六） 下午 3:41]   ok  actual founder savings resolve insolvency
7616.3s [6月19日（週六） 下午 3:41]   ok  rescue spends existing personal savings without invented capital
7616.3s [6月19日（週六） 下午 3:41]   ok  actual insolvency choice preserves balanced books
7616.6s [6月19日（週六） 下午 3:41]   use "Use laptop — Company OS"
7617.5s [6月19日（週六） 下午 3:42]   click [Tab_overview] Overview
7619.1s [6月19日（週六） 下午 3:45]   click [OpenCityFuture] 城市的未來
7619.6s [6月19日（週六） 下午 3:45]   shot 348_city23_real_decisions.png
7620.3s [6月19日（週六） 下午 3:45]   click [CityChoice_neutral] 保持中立，接受選舉結果
7621.7s [6月19日（週六） 下午 3:45]   click [city_wait_result] 回到城市，等待兩天後公布成果
7622.5s [6月19日（週六） 下午 5:00]   toast: Riverlight Goods 咖啡 今天沒開門：吧台沒人顧。去僱一位咖啡師（人員分頁），或自己站吧台。
7631.7s [6月21日（週一） 下午 4:46]   use "Use laptop — Company OS"
7632.6s [6月21日（週一） 下午 4:47]   click [Tab_overview] Overview
7634.1s [6月21日（週一） 下午 4:49]   click [OpenCityFuture] 城市的未來
7634.6s [6月21日（週一） 下午 4:49]   shot 349_city23_recorded_result.png
7635.2s [6月21日（週一） 下午 4:49]   click [city_review] 檢視實際交付與城市成果。
7635.9s [6月21日（週一） 下午 4:49]   ok  city chapter completed from actual services and result 23
7635.9s [6月21日（週一） 下午 4:49]   ok  city chapter 23 balanced books
7635.9s [6月21日（週一） 下午 4:49] STEP Civic chapter 24 — real supplier invoices and player decision
7636.6s [6月21日（週一） 下午 4:49]   click [city_read] 閱讀市府簡報。
7637.3s [6月21日（週一） 下午 4:49]   shot 350_city24_supplier_budget.png
7638.0s [6月21日（週一） 下午 4:49]   click [city_partner] 加入城市合作，由市府預算支付供應商
7639.2s [6月21日（週一） 下午 4:49]   click [city_wait] 回到城市，等待已付款服務交付
7639.8s [6月21日（週一） 下午 5:00]   toast: Riverlight Goods 咖啡 今天沒開門：吧台沒人顧。去僱一位咖啡師（人員分頁），或自己站吧台。
7644.1s [6月22日（週二） 下午 5:00]   toast: Riverlight Goods 咖啡 今天沒開門：吧台沒人顧。去僱一位咖啡師（人員分頁），或自己站吧台。
7648.3s [6月23日（週三） 下午 5:00]   toast: Riverlight Goods 咖啡 今天沒開門：吧台沒人顧。去僱一位咖啡師（人員分頁），或自己站吧台。
7652.6s [6月24日（週四） 下午 5:00]   toast: Riverlight Goods 咖啡 今天沒開門：吧台沒人顧。去僱一位咖啡師（人員分頁），或自己站吧台。
7656.9s [6月25日（週五） 下午 5:00]   toast: Riverlight Goods 咖啡 今天沒開門：吧台沒人顧。去僱一位咖啡師（人員分頁），或自己站吧台。
[watchdog] main loop stalled 20 s · sim phase 'eco.order_place' · story check 'city24_plan' · last bot line '  toast: Riverlight Goods 咖啡 今天沒開門：吧台沒人顧。去僱一位咖啡師（人員分頁），或自己站吧台。'
7661.1s [6月26日（週六） 下午 5:00]   toast: Riverlight Goods 咖啡 今天沒開門：吧台沒人顧。去僱一位咖啡師（人員分頁），或自己站吧台。
7669.5s [6月28日（週一） 下午 5:00]   toast: Riverlight Goods 咖啡 今天沒開門：吧台沒人顧。去僱一位咖啡師（人員分頁），或自己站吧台。
7674.1s [6月29日（週二） 下午 4:50]   use "Use laptop — Company OS"
7675.0s [6月29日（週二） 下午 4:51]   click [Tab_overview] Overview
7676.5s [6月29日（週二） 下午 4:53]   click [OpenCityFuture] 城市的未來
7677.2s [6月29日（週二） 下午 4:53]   shot 351_city24_real_decisions.png
7677.9s [6月29日（週二） 下午 4:53]   click [CityChoice_resilient] 聘用待命團隊 · $1,000.00，減少危機衝擊
7679.2s [6月29日（週二） 下午 4:53]   click [city_wait_result] 回到城市，等待兩天後公布成果
7679.8s [6月29日（週二） 下午 5:00]   toast: Riverlight Goods 咖啡 今天沒開門：吧台沒人顧。去僱一位咖啡師（人員分頁），或自己站吧台。
7684.1s [6月30日（週三） 下午 5:00]   toast: Riverlight Goods 咖啡 今天沒開門：吧台沒人顧。去僱一位咖啡師（人員分頁），或自己站吧台。
7688.5s [7月1日（週四） 下午 5:00]   toast: Riverlight Goods 咖啡 今天沒開門：吧台沒人顧。去僱一位咖啡師（人員分頁），或自己站吧台。
7690.3s [7月1日（週四） 下午 5:53]   shot 352_month_close_report.png
7690.3s [7月1日（週四） 下午 5:53]   click [month close] Continue
7691.1s [7月1日（週四） 下午 5:54]   use "Use laptop — Company OS"
7692.0s [7月1日（週四） 下午 5:55]   click [Tab_overview] Overview
7693.5s [7月1日（週四） 下午 5:57]   click [OpenCityFuture] 城市的未來
7694.0s [7月1日（週四） 下午 5:57]   shot 353_city24_recorded_result.png
7694.7s [7月1日（週四） 下午 5:57]   click [city_review] 檢視實際交付與城市成果。
7695.3s [7月1日（週四） 下午 5:57]   ok  city chapter completed from actual services and result 24
7695.3s [7月1日（週四） 下午 5:57]   ok  city chapter 24 balanced books
7695.3s [7月1日（週四） 下午 5:57]   ok  all six civic chapters completed
7695.3s [7月1日（週四） 下午 5:57]   ok  city result preserves the earlier actual business ending
7695.4s [7月1日（週四） 下午 5:57]   shot 354_city_legacy_card_1.png
7696.0s [7月1日（週四） 下午 5:57]   click [city_next_card] 下一張城市回顧卡
7696.5s [7月1日（週四） 下午 5:57]   shot 355_city_legacy_card_2.png
7697.2s [7月1日（週四） 下午 5:57]   click [city_next_card] 下一張城市回顧卡
7697.7s [7月1日（週四） 下午 5:57]   shot 356_city_legacy_card_3.png
7698.4s [7月1日（週四） 下午 5:57]   click [city_next_card] 下一張城市回顧卡
7698.9s [7月1日（週四） 下午 5:57]   shot 357_city_legacy_card_4.png
7699.6s [7月1日（週四） 下午 5:57]   click [city_next_card] 下一張城市回顧卡
7700.1s [7月1日（週四） 下午 5:57]   shot 358_city_legacy_card_5.png
7700.7s [7月1日（週四） 下午 5:57]   click [city_next_card] 下一張城市回顧卡
7701.2s [7月1日（週四） 下午 5:57]   shot 359_city_legacy_card_6.png
7702.0s [7月1日（週四） 下午 5:57]   click [city_next_card] 下一張城市回顧卡
7702.5s [7月1日（週四） 下午 5:57]   shot 360_city_business_legacy_handoff.png
7703.2s [7月1日（週四） 下午 5:57]   click [city_legacy] 接續查看企業 Legacy 結局
7703.6s [7月1日（週四） 下午 5:57]   ok  city legacy connects to actual business legacy
7703.9s [7月1日（週四） 下午 5:57]   ok  played third-season save with real supplier receipts
7704.4s [7月1日（週四） 下午 5:57]   ok  actual played city save passes normal import validation
7704.4s [7月1日（週四） 下午 5:57] STEP Growth — three optional goals, achievements and actual timeline
7704.9s [7月1日（週四） 下午 5:57]   click [GrowthAcknowledge] Put the card in your timeline
7705.1s [7月1日（週四） 下午 5:57]   click [GrowthAcknowledge] Put the card in your timeline
7705.4s [7月1日（週四） 下午 5:57]   click [GrowthAcknowledge] Put the card in your timeline
7705.7s [7月1日（週四） 下午 5:57]   click [GrowthAcknowledge] Put the card in your timeline
7706.1s [7月1日（週四） 下午 5:57]   click [GrowthAcknowledge] Put the card in your timeline
7706.4s [7月1日（週四） 下午 5:57]   ok  at least three free-play goals
7706.5s [7月1日（週四） 下午 5:57]   shot 361_growth_three_goals.png
7706.5s [7月1日（週四） 下午 5:57]   click [GrowthTab_achievements] Achievements
7706.8s [7月1日（週四） 下午 5:57]   shot 362_growth_achievements.png
7706.8s [7月1日（週四） 下午 5:57]   click [GrowthTab_timeline] The journey so far
7707.3s [7月1日（週四） 下午 5:57]   shot 363_growth_timeline.png
7707.3s [7月1日（週四） 下午 5:57]   click [GrowthReturn] Back to playing
7707.8s [7月1日（週四） 下午 5:57]   click [PauseAchievements] Achievements
7708.6s [7月1日（週四） 下午 5:57]   ok  pause menu opens achievements
7708.7s [7月1日（週四） 下午 5:57]   shot 364_growth_pause_achievements.png
7708.7s [7月1日（週四） 下午 5:57]   ok  growth UI never changes financial books
7708.7s [7月1日（週四） 下午 5:57] STEP Save → reload → same state
7710.6s [7月1日（週四） 下午 5:58]   ok  cash restored after load
7710.6s [7月1日（週四） 下午 5:58]   ok  time restored after load
7710.6s [7月1日（週四） 下午 5:58]   ok  location restored (riverside_apartment)
7710.8s [7月1日（週四） 下午 5:58]   shot 365_after_load.png
7710.8s [7月1日（週四） 下午 5:58] STEP Summary
7710.8s [7月1日（週四） 下午 5:58]   business entity co_riverlight_goods cash $546.51 · personal $17,301.76 · orders delivered 2383 · chapters done ["ch1_arrival", "ch2_first_customer", "ch3_open_for_business", "ch4_growing_pains", "ch5_big_contract", "ch6_cash_is_oxygen", "ch7_supply_shock", "ch8_green_shift", "ch9_clearing_crisis", "ch10_digital_rails", "ch11_other_side_of_trust", "ch12_regulation_scale", "ch13_first_order_abroad", "ch14_customs", "ch15_currency_swing", "ch16_partner_overseas", "ch17_consolidation", "ch18_legacy", "ch19_expo_bid", "ch20_harbor_rebuild", "ch21_energy_transition", "ch22_talent_war", "ch23_city_election", "ch24_expo_opening"]
7710.8s [7月1日（週四） 下午 5:58]   ok  ledger balanced at the end
7710.8s [7月1日（週四） 下午 5:58]   ok  story objective completed: ch1_phone
7710.8s [7月1日（週四） 下午 5:58]   ok  story objective completed: ch1_outside
7710.8s [7月1日（週四） 下午 5:58]   ok  story objective completed: ch1_coffee
7710.8s [7月1日（週四） 下午 5:58]   ok  story objective completed: ch1_cowork
7710.8s [7月1日（週四） 下午 5:58]   ok  story objective completed: ch1_board
7710.8s [7月1日（週四） 下午 5:58]   ok  story objective completed: ch2_supplier
7711.0s [7月1日（週四） 下午 5:58]   ok  story objective completed: ch2_stock
7711.0s [7月1日（週四） 下午 5:58]   ok  story objective completed: ch2_listing
7711.0s [7月1日（週四） 下午 5:58]   ok  story objective completed: ch2_order
7711.0s [7月1日（週四） 下午 5:58]   ok  story objective completed: ch2_ship
7711.0s [7月1日（週四） 下午 5:58]   ok  story objective completed: ch2_first_dollar
7711.0s [7月1日（週四） 下午 5:58]   ok  story objective completed: ch2_issue
7711.0s [7月1日（週四） 下午 5:58]   ok  story objective completed: ch3_register
7711.1s [7月1日（週四） 下午 5:58]   ok  story objective completed: ch3_bank
7711.1s [7月1日（週四） 下午 5:58]   ok  story objective completed: ch3_workspace
7711.1s [7月1日（週四） 下午 5:58]   ok  story objective completed: ch3_os
7711.1s [7月1日（週四） 下午 5:58]   ok  story objective completed: ch4_employer
7711.1s [7月1日（週四） 下午 5:58]   ok  story objective completed: ch4_post
7711.1s [7月1日（週四） 下午 5:58]   ok  story objective completed: ch4_hire
7711.1s [7月1日（週四） 下午 5:58]   ok  story objective completed: ch4_payroll
7711.1s [7月1日（週四） 下午 5:58]   ok  story objective completed: ch4_forecast
7711.1s [7月1日（週四） 下午 5:58]   ok  story objective completed: ch5_meet
7711.1s [7月1日（週四） 下午 5:58]   ok  story objective completed: ch5_decide
7711.3s [7月1日（週四） 下午 5:58]   ok  story objective completed: ch5_stock
7711.3s [7月1日（週四） 下午 5:58]   ok  story objective completed: ch5_deliver
7711.3s [7月1日（週四） 下午 5:58]   ok  story objective completed: ch6_forecast
7711.3s [7月1日（週四） 下午 5:58]   ok  story objective completed: ch6_bridge
7711.3s [7月1日（週四） 下午 5:58]   ok  story objective completed: ch6_collect
7711.3s [7月1日（週四） 下午 5:58]   ok  story objective completed: ch6_close
7711.3s [7月1日（週四） 下午 5:58]   ok  story objective completed: ch7_news
7711.3s [7月1日（週四） 下午 5:58]   ok  story objective completed: ch7_ken
7711.3s [7月1日（週四） 下午 5:58]   ok  story objective completed: ch7_stock
7711.5s [7月1日（週四） 下午 5:58]   ok  story objective completed: ch7_price
7711.5s [7月1日（週四） 下午 5:58]   ok  story objective completed: ch7_close
7711.5s [7月1日（週四） 下午 5:58]   ok  story objective completed: ch8_news
7711.5s [7月1日（週四） 下午 5:58]   ok  story objective completed: ch8_pack
7711.5s [7月1日（週四） 下午 5:58]   ok  story objective completed: ch8_product
7711.5s [7月1日（週四） 下午 5:58]   ok  story objective completed: ch8_grant
7711.5s [7月1日（週四） 下午 5:58]   ok  story objective completed: ch9_news
7711.5s [7月1日（週四） 下午 5:58]   ok  story objective completed: ch9_import
7711.5s [7月1日（週四） 下午 5:58]   ok  story objective completed: ch9_lina
7711.7s [7月1日（週四） 下午 5:58]   ok  story objective completed: ch9_settle
7711.7s [7月1日（週四） 下午 5:58]   ok  story objective completed: ch9_arrive
7711.7s [7月1日（週四） 下午 5:58]   ok  story objective completed: ch10_news
7711.7s [7月1日（週四） 下午 5:58]   ok  story objective completed: ch10_lina
7711.7s [7月1日（週四） 下午 5:58]   ok  story objective completed: ch10_import
7711.7s [7月1日（週四） 下午 5:58]   ok  story objective completed: ch10_arrive
7711.7s [7月1日（週四） 下午 5:58]   ok  story objective completed: ch11_news
7711.7s [7月1日（週四） 下午 5:58]   ok  story objective completed: ch11_order
7711.7s [7月1日（週四） 下午 5:58]   ok  story objective completed: ch11_freeze
7711.7s [7月1日（週四） 下午 5:58]   ok  story objective completed: ch11_restock
7711.9s [7月1日（週四） 下午 5:58]   ok  story objective completed: ch12_news
7711.9s [7月1日（週四） 下午 5:58]   ok  story objective completed: ch12_licence
7711.9s [7月1日（週四） 下午 5:58]   ok  story objective completed: ch12_kyc
7712.0s [7月1日（週四） 下午 5:58]   ok  story objective completed: ch12_offer
7712.0s [7月1日（週四） 下午 5:58]   ok  story objective completed: ch13_news
7712.0s [7月1日（週四） 下午 5:58]   ok  story objective completed: ch13_bank
7712.0s [7月1日（週四） 下午 5:58]   ok  story objective completed: ch13_listing
7712.0s [7月1日（週四） 下午 5:58]   ok  story objective completed: ch13_ship
7712.0s [7月1日（週四） 下午 5:58]   ok  story objective completed: ch13_convert
7712.0s [7月1日（週四） 下午 5:58]   ok  story objective completed: ch14_ines
7712.1s [7月1日（週四） 下午 5:58]   ok  story objective completed: ch14_policy
7712.1s [7月1日（週四） 下午 5:58]   ok  story objective completed: ch14_code
7712.1s [7月1日（週四） 下午 5:58]   ok  story objective completed: ch14_trial
7712.1s [7月1日（週四） 下午 5:58]   ok  story objective completed: ch15_news
7712.1s [7月1日（週四） 下午 5:58]   ok  story objective completed: ch15_marcus
7712.1s [7月1日（週四） 下午 5:58]   ok  story objective completed: ch15_response
7712.1s [7月1日（週四） 下午 5:58]   ok  story objective completed: ch15_month
7712.1s [7月1日（週四） 下午 5:58]   ok  story objective completed: ch16_omar
7712.1s [7月1日（週四） 下午 5:58]   ok  story objective completed: ch16_channel
7712.1s [7月1日（週四） 下午 5:58]   ok  story objective completed: ch16_income
7712.3s [7月1日（週四） 下午 5:58]   ok  story objective completed: ch17_news
7712.3s [7月1日（週四） 下午 5:58]   ok  story objective completed: ch17_response
7712.3s [7月1日（週四） 下午 5:58]   ok  story objective completed: ch17_survive
7712.3s [7月1日（週四） 下午 5:58]   ok  story objective completed: ch17_interview
7712.3s [7月1日（週四） 下午 5:58]   ok  story objective completed: ch18_maya
7712.3s [7月1日（週四） 下午 5:58]   ok  story objective completed: ch18_choice
7712.3s [7月1日（週四） 下午 5:58]   ok  story objective completed: ch18_cards
7712.3s [7月1日（週四） 下午 5:58]   ok  story objective completed: city19_read
7712.5s [7月1日（週四） 下午 5:58]   ok  story objective completed: city19_plan
7712.5s [7月1日（週四） 下午 5:58]   ok  story objective completed: city19_choice
7712.5s [7月1日（週四） 下午 5:58]   ok  story objective completed: city19_review
7712.5s [7月1日（週四） 下午 5:58]   ok  story objective completed: city20_read
7712.5s [7月1日（週四） 下午 5:58]   ok  story objective completed: city20_plan
7712.5s [7月1日（週四） 下午 5:58]   ok  story objective completed: city20_choice
7712.6s [7月1日（週四） 下午 5:58]   ok  story objective completed: city20_review
7712.6s [7月1日（週四） 下午 5:58]   ok  story objective completed: city21_read
7712.6s [7月1日（週四） 下午 5:58]   ok  story objective completed: city21_plan
7712.6s [7月1日（週四） 下午 5:58]   ok  story objective completed: city21_choice
7712.6s [7月1日（週四） 下午 5:58]   ok  story objective completed: city21_review
7712.6s [7月1日（週四） 下午 5:58]   ok  story objective completed: city22_read
7712.6s [7月1日（週四） 下午 5:58]   ok  story objective completed: city22_plan
7712.6s [7月1日（週四） 下午 5:58]   ok  story objective completed: city22_choice
7712.6s [7月1日（週四） 下午 5:58]   ok  story objective completed: city22_review
7712.8s [7月1日（週四） 下午 5:58]   ok  story objective completed: city23_read
7712.8s [7月1日（週四） 下午 5:58]   ok  story objective completed: city23_plan
7712.8s [7月1日（週四） 下午 5:58]   ok  story objective completed: city23_choice
7712.8s [7月1日（週四） 下午 5:58]   ok  story objective completed: city23_review
7712.8s [7月1日（週四） 下午 5:58]   ok  story objective completed: city24_read
7712.8s [7月1日（週四） 下午 5:58]   ok  story objective completed: city24_plan
7712.8s [7月1日（週四） 下午 5:58]   ok  story objective completed: city24_choice
7712.8s [7月1日（週四） 下午 5:58]   ok  story objective completed: city24_review
7713.0s [6月1日（週日） 下午 2:00] STEP (harness) skip to Chapter 10
7714.4s [6月1日（週日） 下午 2:02] STEP Industrial — factory lease, machine, technician and first OEM invoice
7717.8s [6月1日（週日） 下午 2:08]   ok  walked back outside
7731.8s [6月1日（週日） 下午 2:29]   use "捷運——河濱區站"
7732.7s [6月1日（週日） 下午 2:31]   shot 366_metro_industrial.png
7732.7s [6月1日（週日） 下午 2:31]   click [Go_industrial] 工業區  ·  14 分鐘
7733.7s [6月1日（週日） 下午 2:46]   ok  took the Metro to Industrial
7733.8s [6月1日（週日） 下午 2:46]   shot 367_industrial_day.png
7745.5s [6月1日（週日） 下午 3:04]   ok  entered Unit 12 Light Industrial
7748.5s [6月1日（週日） 下午 3:08]   use "Lease Unit 12"
7748.6s [6月1日（週日） 下午 3:09]   click [SignLease_unit12_factory] Sign the lease
7749.1s [6月1日（週日） 下午 3:09]   ok  factory lease signed with actual company funds
7749.3s [6月1日（週日） 下午 3:09]   shot 368_factory_interior.png
7750.1s [6月1日（週日） 下午 3:11]   use "Open Line Planner"
7750.2s [6月1日（週日） 下午 3:11]   click [OpenFactory] Open the factory
7750.3s [6月1日（週日） 下午 3:11]   click [RentMachine] Rent machine · $1,400/month
7750.5s [6月1日（週日） 下午 3:11]   click [HireTomas] Hire Tomas · $1,100/week
7750.6s [6月1日（週日） 下午 3:12]   ok  hired a production technician
7750.6s [6月1日（週日） 下午 3:12]   click [Quote_RFQ-1] Send quote
7750.8s [6月1日（週日） 下午 3:12]   ok  OEM quote became a Jobs contract with deposit
7750.8s [6月1日（週日） 下午 3:12]   click [MaterialMore] +100 units
7750.9s [6月1日（週日） 下午 3:12]   click [MaterialMore] +100 units
7751.1s [6月1日（週日） 下午 3:12]   click [MaterialMore] +100 units
7751.2s [6月1日（週日） 下午 3:13]   click [MaterialMore] +100 units
7751.4s [6月1日（週日） 下午 3:13]   click [MaterialMore] +100 units
7751.5s [6月1日（週日） 下午 3:13]   click [MaterialMore] +100 units
7751.7s [6月1日（週日） 下午 3:13]   click [MaterialMore] +100 units
7751.8s [6月1日（週日） 下午 3:13]   click [MaterialMore] +100 units
7752.0s [6月1日（週日） 下午 3:14]   click [MaterialMore] +100 units
7752.1s [6月1日（週日） 下午 3:14]   click [MaterialMore] +100 units
7752.3s [6月1日（週日） 下午 3:14]   click [BuyMaterials] Order Ferro materials
7753.1s [6月3日（週二） 下午 3:15]   use "Open Line Planner"
7753.2s [6月3日（週二） 下午 3:15]   click [Select_JOB-1] Schedule this order
7753.3s [6月3日（週二） 下午 3:16]   click [FactoryOvertime] ✗ 加班 · 工資 ×1.5、良率降低 2 個百分點
7753.5s [6月3日（週二） 下午 3:16]   click [More_hours] +
7753.6s [6月3日（週二） 下午 3:16]   click [More_hours] +
7753.8s [6月3日（週二） 下午 3:16]   click [More_hours] +
7754.0s [6月3日（週二） 下午 3:17]   click [More_hours] +
7754.1s [6月3日（週二） 下午 3:17]   click [More_hours] +
7754.3s [6月3日（週二） 下午 3:17]   click [More_hours] +
7754.4s [6月3日（週二） 下午 3:17]   click [More_hours] +
7754.6s [6月3日（週二） 下午 3:18]   click [More_hours] +
7754.8s [6月3日（週二） 下午 3:18]   shot 369_line_planner.png
7754.8s [6月3日（週二） 下午 3:18]   click [ReserveSlot] Reserve production slot
7755.6s [6月5日（週四） 上午 1:00]   use "Open Line Planner"
7755.7s [6月5日（週四） 上午 1:00]   click [Deliver_JOB-1] Deliver and invoice
7755.8s [6月5日（週四） 上午 1:00]   ok  first factory revenue has a completed traceable order
7755.8s [6月5日（週四） 上午 1:00]   click [FactoryTab_quality] Quality results
7756.0s [6月5日（週四） 上午 1:01]   shot 370_factory_quality.png
7756.0s [6月5日（週四） 上午 1:01]   ok  OEM material, overtime, invoice and return journals balanced
7760.7s [6月5日（週四） 上午 1:09]   ok  walked back outside
7760.9s [6月5日（週四） 下午 9:00]   shot 371_industrial_night.png
7770.9s [6月5日（週四） 下午 9:15]   use "捷運——工業區站"
7771.9s [6月5日（週四） 下午 9:16]   shot 372_metro_riverside.png
7771.9s [6月5日（週四） 下午 9:16]   click [Go_riverside] 河濱區  ·  14 分鐘
7772.9s [6月5日（週四） 下午 9:32]   ok  took the Metro to Riverside
7782.1s [6月5日（週四） 下午 9:46]   ok  entered Riverside Tower
7782.1s [6月5日（週四） 下午 9:46] STEP Save → reload → same state
7783.1s [6月5日（週四） 下午 9:47]   ok  cash restored after load
7783.1s [6月5日（週四） 下午 9:47]   ok  time restored after load
7783.1s [6月5日（週四） 下午 9:47]   ok  location restored (riverside_apartment)
7783.2s [6月5日（週四） 下午 9:47]   shot 373_after_load.png
7783.4s [6月1日（週日） 下午 2:00] STEP (harness) skip to Chapter 10
7784.8s [6月1日（週日） 下午 2:02] STEP Residential — licence, brokerage office, client match and first commission
7788.2s [6月3日（週二） 上午 10:06]   ok  walked back outside
7802.2s [6月3日（週二） 上午 10:27]   use "捷運——河濱區站"
7803.1s [6月3日（週二） 上午 10:28]   shot 374_metro_civic_center.png
7803.2s [6月3日（週二） 上午 10:28]   click [Go_civic_center] 市政中心  ·  12 分鐘
7804.2s [6月3日（週二） 上午 10:42]   ok  took the Metro to Civic Center
7811.3s [6月3日（週二） 上午 10:53]   ok  entered Aurelia City Hall
7813.1s [6月3日（週二） 上午 10:55]   use "Permits & regulations"
7813.2s [6月3日（週二） 上午 10:55]   click [PropertyPermits] Property permits
7813.3s [6月3日（週二） 上午 10:55]   click [ApplyRealtyPermit_brokerage] 申請：$250.00 · 3 天
7814.3s [6月6日（週五） 上午 10:57]   ok  brokerage licence followed City Hall fee and three-day process
7817.3s [6月6日（週五） 上午 11:03]   ok  walked back outside
7822.9s [6月6日（週五） 上午 11:11]   use "捷運——市政中心站"
7823.9s [6月6日（週五） 上午 11:12]   shot 375_metro_residential.png
7823.9s [6月6日（週五） 上午 11:12]   click [Go_residential] 住宅區  ·  32 分鐘
7824.9s [6月6日（週五） 上午 11:46]   ok  took the Metro to Residential
7825.0s [6月6日（週五） 上午 11:46]   shot 376_residential_day.png
7830.1s [6月6日（週五） 上午 11:54]   ok  entered Harlow & Finch Realty
7830.5s [6月6日（週五） 上午 11:54]   use "Lease the brokerage office"
7830.6s [6月6日（週五） 上午 11:54]   click [SignLease_realty_office] Sign the lease
7831.9s [6月6日（週五） 上午 11:56]   use "Open Matchmaker"
7832.0s [6月6日（週五） 上午 11:57]   click [OpenBrokerage] Open the brokerage
7832.2s [6月6日（週五） 上午 11:57]   shot 377_matchmaker.png
7832.7s [6月6日（週五） 上午 11:58]   use "Open Matchmaker"
7832.8s [6月6日（週五） 上午 11:58]   click [Mandate_M-1] 選擇物件
7833.0s [6月6日（週五） 上午 11:58]   click [Client_C-4] 選擇客戶
7833.1s [6月6日（週五） 上午 11:58]   click [Negotiate_soft] 柔性議價
7833.3s [6月6日（週五） 上午 11:59]   click [ArrangeViewing] 安排帶看：$180.00 · 90 分鐘
7834.1s [6月6日（週五） 下午 1:30]   use "Open Matchmaker"
7834.2s [6月6日（週五） 下午 1:30]   click [Mandate_M-2] 選擇物件
7834.3s [6月6日（週五） 下午 1:30]   click [Client_C-3] 選擇客戶
7834.5s [6月6日（週五） 下午 1:30]   click [Negotiate_soft] 柔性議價
7834.6s [6月6日（週五） 下午 1:31]   click [ArrangeViewing] 安排帶看：$180.00 · 90 分鐘
7835.4s [6月6日（週五） 下午 3:02]   use "Open Matchmaker"
7835.5s [6月6日（週五） 下午 3:02]   click [Mandate_M-2] 選擇物件
7835.7s [6月6日（週五） 下午 3:02]   click [Client_C-5] 選擇客戶
7835.8s [6月6日（週五） 下午 3:02]   click [Negotiate_soft] 柔性議價
7836.0s [6月6日（週五） 下午 3:03]   click [ArrangeViewing] 安排帶看：$180.00 · 90 分鐘
7837.0s [6月13日（週五） 下午 4:34]   use "Open Matchmaker"
7837.1s [6月13日（週五） 下午 4:34]   click [Mandate_M-7] 選擇物件
7837.2s [6月13日（週五） 下午 4:34]   click [Client_C-8] 選擇客戶
7837.4s [6月13日（週五） 下午 4:35]   click [Negotiate_soft] 柔性議價
7837.5s [6月13日（週五） 下午 4:35]   click [ArrangeViewing] 安排帶看：$180.00 · 90 分鐘
7838.3s [6月13日（週五） 下午 6:06]   use "Open Matchmaker"
7838.4s [6月13日（週五） 下午 6:06]   click [Mandate_M-7] 選擇物件
7838.6s [6月13日（週五） 下午 6:06]   click [Client_C-10] 選擇客戶
7838.7s [6月13日（週五） 下午 6:07]   click [Negotiate_soft] 柔性議價
7838.9s [6月13日（週五） 下午 6:07]   click [ArrangeViewing] 安排帶看：$180.00 · 90 分鐘
7839.5s [6月13日（週五） 下午 7:38]   ok  first brokerage income from a real client deal
7839.5s [6月13日（週五） 下午 7:38]   ok  viewing and commission ledger balanced
7839.6s [6月13日（週五） 下午 7:38]   use "Open Matchmaker"
7839.7s [6月13日（週五） 下午 7:38]   click [RealtyTab_properties] Properties
7839.9s [6月13日（週五） 下午 7:38]   shot 378_property_management.png
7842.5s [6月13日（週五） 下午 7:43]   ok  walked back outside
7846.3s [6月13日（週五） 下午 7:49]   use "捷運——住宅區站"
7847.3s [6月13日（週五） 下午 7:50]   shot 379_metro_riverside.png
7847.3s [6月13日（週五） 下午 7:50]   click [Go_riverside] 河濱區  ·  19 分鐘
7848.3s [6月13日（週五） 下午 8:11]   ok  took the Metro to Riverside
7857.4s [6月13日（週五） 下午 8:25]   ok  entered Riverside Tower
7857.4s [6月13日（週五） 下午 8:25] STEP Save → reload → same state
7858.4s [6月13日（週五） 下午 8:26]   ok  cash restored after load
7858.4s [6月13日（週五） 下午 8:26]   ok  time restored after load
7858.4s [6月13日（週五） 下午 8:26]   ok  location restored (riverside_apartment)
7858.5s [6月13日（週五） 下午 8:26]   shot 380_after_load.png
7858.7s [6月1日（週日） 下午 2:00] STEP (harness) skip to Chapter 10
7860.1s [6月1日（週日） 下午 2:02] STEP University — lease studio, creative pitch, media mix and first client invoice
7863.5s [6月1日（週日） 下午 2:08]   ok  walked back outside
7877.5s [6月1日（週日） 下午 2:29]   use "捷運——河濱區站"
7878.5s [6月1日（週日） 下午 2:30]   shot 381_metro_university.png
7878.5s [6月1日（週日） 下午 2:30]   click [Go_university] 大學城  ·  13 分鐘
7879.5s [6月1日（週日） 下午 2:45]   ok  took the Metro to University
7879.5s [6月1日（週日） 下午 2:45]   shot 382_university_day.png
7887.4s [6月1日（週日） 下午 2:57]   ok  entered The Loft
7887.7s [6月1日（週日） 下午 2:57]   use "Lease The Loft studio"
7887.8s [6月1日（週日） 下午 2:57]   click [SignLease_loft_office] Sign the lease
7889.1s [6月1日（週日） 下午 2:59]   use "Open Campaign Mixer"
7889.2s [6月1日（週日） 下午 2:59]   click [OpenAgency] Open the campaign studio
7890.0s [6月1日（週日） 下午 3:01]   use "Open Campaign Mixer"
7890.1s [6月1日（週日） 下午 3:01]   click [CreativePitch_JOB-1] Build Creative Pitch
7890.6s [6月1日（週日） 下午 3:01]   click [StartGame] Start
7890.7s [6月1日（週日） 下午 3:01]   click [CreativeCard_slogan_2] Care for every home
7890.8s [6月1日（週日） 下午 3:01]   click [CreativeCard_visual_3] Minimal luxury
7890.9s [6月1日（週日） 下午 3:01]   click [CreativeCard_tone_2] Reassuring
7891.1s [6月1日（週日） 下午 3:01]   shot 383_creative_pitch_result.png
7891.1s [6月1日（週日） 下午 3:01]   click [FinishGame] Continue
7891.1s [6月1日（週日） 下午 5:01]   click [Propose_JOB-1] 提出提案 · $280 · 180 分鐘
7891.9s [6月1日（週日） 下午 8:02]   use "Open Campaign Mixer"
7892.0s [6月1日（週日） 下午 8:02]   click [CreativePitch_JOB-2] Build Creative Pitch
7892.5s [6月1日（週日） 下午 8:02]   click [StartGame] Start
7892.6s [6月1日（週日） 下午 8:02]   click [CreativeCard_slogan_1] Make work easier
7892.7s [6月1日（週日） 下午 8:02]   click [CreativeCard_visual_3] Minimal luxury
7892.8s [6月1日（週日） 下午 8:02]   click [CreativeCard_tone_3] Refined
7893.0s [6月1日（週日） 下午 8:02]   shot 384_creative_pitch_result.png
7893.0s [6月1日（週日） 下午 8:02]   click [FinishGame] Continue
7893.0s [6月1日（週日） 下午 10:02]   click [Propose_JOB-2] 提出提案 · $280 · 180 分鐘
7893.6s [6月2日（週一） 上午 1:02]   ok  actual creative cards and proposal win a client job
7893.8s [6月2日（週一） 上午 1:03]   use "Open Campaign Mixer"
7893.9s [6月2日（週一） 上午 1:03]   click [MediaTab_mixer] Media mix
7894.0s [6月2日（週一） 上午 1:03]   click [SelectCampaign_JOB-2] Finch Families
7894.1s [6月2日（週一） 上午 1:03]   click [MixMore_radio] +
7894.3s [6月2日（週一） 上午 1:03]   shot 385_campaign_mixer.png
7895.1s [6月16日（週一） 上午 1:04]   ok  daily campaign finishes actual client work
7895.1s [6月16日（週一） 上午 1:04]   ok  first agency income is a traceable Jobs invoice
7895.1s [6月16日（週一） 上午 1:04]   ok  campaign costs and invoice balance
7895.3s [6月16日（週一） 上午 1:05]   use "Open Campaign Mixer"
7895.4s [6月16日（週一） 上午 1:05]   click [MediaTab_reports] Campaign reports
7895.5s [6月16日（週一） 上午 1:05]   shot 386_campaign_report.png
7898.1s [6月16日（週一） 上午 1:10]   ok  walked back outside
7904.5s [6月16日（週一） 上午 1:19]   use "捷運——大學區站"
7905.5s [6月16日（週一） 上午 1:21]   shot 387_metro_riverside.png
7905.5s [6月16日（週一） 上午 1:21]   click [Go_riverside] 河濱區  ·  13 分鐘
7906.5s [6月16日（週一） 上午 1:35]   ok  took the Metro to Riverside
7915.6s [6月16日（週一） 上午 1:49]   ok  entered Riverside Tower
7915.6s [6月16日（週一） 上午 1:49] STEP Save → reload → same state
7916.6s [6月16日（週一） 上午 1:51]   ok  cash restored after load
7916.6s [6月16日（週一） 上午 1:51]   ok  time restored after load
7916.6s [6月16日（週一） 上午 1:51]   ok  location restored (riverside_apartment)
7916.8s [6月16日（週一） 上午 1:51]   shot 388_after_load.png
7916.9s [6月1日（週日） 下午 2:00] STEP (harness) skip to Chapter 10
7918.3s [6月1日（週日） 下午 2:02] STEP Luxury Heights — take over the Aster Inn, set the Rate Board, staff up and sell the first nights
7921.7s [6月1日（週日） 下午 2:08]   ok  walked back outside
7935.7s [6月1日（週日） 下午 2:29]   use "捷運——河濱區站"
7936.7s [6月1日（週日） 下午 2:30]   shot 389_metro_luxury_heights.png
7936.7s [6月1日（週日） 下午 2:30]   click [Go_luxury_heights] 豪景高地  ·  18 分鐘
7937.7s [6月1日（週日） 下午 2:50]   ok  took the Metro to Luxury Heights
7937.7s [6月1日（週日） 下午 2:50]   shot 390_luxury_heights_day.png
7949.5s [6月1日（週日） 下午 3:08]   ok  entered The Aster
7950.3s [6月1日（週日） 下午 3:09]   use "Open the Rate Board"
7950.4s [6月1日（週日） 下午 3:09]   click [TakeoverAster] 頂下 Aster 小旅館 · $150,000
7950.5s [6月1日（週日） 下午 3:09]   ok  actual takeover opens the 12-room Aster Inn
7950.6s [6月1日（週日） 下午 3:09]   shot 391_rate_board.png
7950.6s [6月1日（週日） 下午 3:09]   click [Price_standard_10] +$10
7950.7s [6月1日（週日） 下午 3:10]   click [BoardNextOps] Next: daily operations
7950.9s [6月1日（週日） 下午 3:10]   shot 392_hotel_operations.png
7951.7s [6月13日（週五） 下午 9:11]   ok  night audits sell rooms and book room revenue
7951.7s [6月13日（週五） 下午 9:11]   ok  hotel books balance
7951.9s [6月13日（週五） 下午 9:11]   use "Open the Rate Board"
7952.0s [6月13日（週五） 下午 9:11]   click [HotelTab_reviews] Guest reviews
7952.2s [6月13日（週五） 下午 9:11]   shot 393_guest_reviews.png
7952.2s [6月1日（週日） 下午 2:00] STEP (harness) skip to Chapter 10
7953.5s [6月1日（週日） 下午 2:03] STEP Industrial - lease warehouse, Roof Survey, subsidy, install and first solar invoice
7957.0s [6月1日（週日） 下午 2:09]   ok  walked back outside
7971.0s [6月1日（週日） 下午 2:30]   use "捷運——河濱區站"
7972.0s [6月1日（週日） 下午 2:31]   shot 394_metro_industrial.png
7972.0s [6月1日（週日） 下午 2:31]   click [Go_industrial] 工業區  ·  14 分鐘
7973.0s [6月1日（週日） 下午 2:47]   ok  took the Metro to Industrial
7973.0s [6月1日（週日） 下午 2:47]   shot 395_industrial_energy_day.png
7978.4s [6月1日（週日） 下午 2:55]   ok  entered Helio Warehouse Office
7981.5s [6月1日（週日） 下午 3:00]   use "Lease the Helio warehouse office"
7981.6s [6月1日（週日） 下午 3:00]   click [SignLease_helio_warehouse] Sign the lease
7983.0s [6月1日（週日） 下午 3:02]   use "Open Energy Console"
7983.1s [6月1日（週日） 下午 3:02]   click [OpenEnergy] 開辦太陽能事業
7983.9s [6月1日（週日） 下午 3:03]   use "Open Energy Console"
7984.0s [6月1日（週日） 下午 3:03]   click [Survey_ROOF-1] 勘查這個屋頂
7984.1s [6月1日（週日） 下午 3:03]   click [AutoLayout] 自動擺放最佳位置
7984.3s [6月1日（週日） 下午 3:04]   shot 396_roof_survey.png
7984.3s [6月1日（週日） 下午 3:04]   click [SendQuote] 送出報價 · $15,632
7984.9s [6月1日（週日） 下午 3:50]   ok  actual Roof Survey quote wins a client job
7985.0s [6月1日（週日） 下午 3:50]   use "Open Energy Console"
7985.1s [6月1日（週日） 下午 3:50]   click [EnergyTab_installs] Installs & warranty
7985.2s [6月1日（週日） 下午 3:50]   click [StartInstall_JOB-1] 訂購材料並開工 · $11,880
7988.4s [7月1日（週二） 下午 3:51]   shot 397_month_close_report.png
7988.4s [7月1日（週二） 下午 3:51]   click [month close] Continue
7988.9s [7月1日（週二） 下午 3:51]   ok  crew-days finish the install
7988.9s [7月1日（週二） 下午 3:51]   ok  first solar income is a traceable Jobs invoice
7988.9s [7月1日（週二） 下午 3:51]   ok  materials, install and invoice balance
7989.0s [7月1日（週二） 下午 3:51]   use "Open Energy Console"
7989.1s [7月1日（週二） 下午 3:52]   click [EnergyTab_installs] Installs & warranty
7989.3s [7月1日（週二） 下午 3:52]   shot 398_energy_installs.png
7994.0s [7月1日（週二） 下午 4:00]   ok  walked back outside
7998.0s [7月1日（週二） 下午 4:06]   use "捷運——工業區站"
7998.9s [7月1日（週二） 下午 4:07]   shot 399_metro_riverside.png
7998.9s [7月1日（週二） 下午 4:07]   click [Go_riverside] 河濱區  ·  14 分鐘
8000.0s [7月1日（週二） 下午 4:23]   ok  took the Metro to Riverside
8009.1s [7月1日（週二） 下午 4:37]   ok  entered Riverside Tower
8009.1s [6月1日（週日） 下午 2:00] STEP (harness) skip to Chapter 10
8010.5s [6月1日（週日） 下午 2:02] STEP Airport - open the auto desk, win a Wednesday auction car, recondition, list and sell it
8013.9s [6月1日（週日） 下午 2:08]   ok  walked back outside
8027.9s [6月1日（週日） 下午 2:29]   use "捷運——河濱區站"
8028.9s [6月1日（週日） 下午 2:30]   shot 400_metro_airport.png
8028.9s [6月1日（週日） 下午 2:30]   click [Go_airport] 國際機場  ·  24 分鐘
8029.9s [6月1日（週日） 下午 2:56]   ok  took the Metro to Airport
8029.9s [6月1日（週日） 下午 2:56]   shot 401_airport_day.png
8039.0s [6月1日（週日） 下午 3:09]   ok  entered Gateway Car Rental
8039.9s [6月1日（週日） 下午 3:11]   use "Open the fleet desk"
8040.0s [6月1日（週日） 下午 3:11]   click [OpenAutoDesk] 開設汽車櫃台 · 執照費 $400.00
8040.1s [6月1日（週日） 下午 3:11]   ok  actual licence opens the auto desk
8040.2s [6月4日（週三） 上午 10:00]   shot 402_auction_lots.png
8040.9s [6月25日（週三） 上午 10:00]   ok  auto books balance
8040.9s [6月25日（週三） 上午 10:00] STEP Save → reload → same state
8041.7s [6月25日（週三） 上午 10:02]   ok  cash restored after load
8041.7s [6月25日（週三） 上午 10:02]   ok  time restored after load
8041.7s [6月25日（週三） 上午 10:02]   ok  location restored (gateway_car_rental)
8041.8s [6月25日（週三） 上午 10:02]   shot 403_after_load.png
8041.8s [6月25日（週三） 上午 10:02] BOT FINISHED — 0 failure(s) · 8041.8s real
8041.8s [6月25日（週三） 上午 10:02] English audit: 42 on-screen text(s) with untranslated words
