Godot Engine v4.5.1.stable.official.f62fdbde1 - https://godotengine.org

[   0% ] [90m[1mfirst_scan_filesystem[22m | Started 專案初始化中 (5 steps)[39m[0m
[   0% ] [90m[1mfirst_scan_filesystem[22m | 正在掃描檔案結構…[39m[0m
[  16% ] [90m[1mfirst_scan_filesystem[22m | 載入全域類別名稱中…[39m[0m
[  33% ] [90m[1mfirst_scan_filesystem[22m | 正在驗證GD擴充功能...[39m[0m
[  50% ] [90m[1mfirst_scan_filesystem[22m | 正在建立自動載入腳本…[39m[0m
[  66% ] [90m[1mfirst_scan_filesystem[22m | 初始化外掛程式...[39m[0m
[  83% ] [90m[1mfirst_scan_filesystem[22m | 開始掃描檔案...[39m[0m
[92m[ DONE ][39m [1mfirst_scan_filesystem[22m
[0m
[   0% ] [90m[1mupdate_scripts_classes[22m | Started 註冊全域類別中... (131 steps)[39m[0m
[   0% ] [90m[1mupdate_scripts_classes[22m | [39m[0m
[   0% ] [90m[1mupdate_scripts_classes[22m | [39m[0m
[   1% ] [90m[1mupdate_scripts_classes[22m | [39m[0m
[   2% ] [90m[1mupdate_scripts_classes[22m | [39m[0m
[   3% ] [90m[1mupdate_scripts_classes[22m | [39m[0m
[   3% ] [90m[1mupdate_scripts_classes[22m | [39m[0m
[   4% ] [90m[1mupdate_scripts_classes[22m | [39m[0m
[   5% ] [90m[1mupdate_scripts_classes[22m | [39m[0m
[   6% ] [90m[1mupdate_scripts_classes[22m | [39m[0m
[   6% ] [90m[1mupdate_scripts_classes[22m | [39m[0m
[   7% ] [90m[1mupdate_scripts_classes[22m | ArrivalScene[39m[0m
[   8% ] [90m[1mupdate_scripts_classes[22m | Backdrop[39m[0m
[   9% ] [90m[1mupdate_scripts_classes[22m | CharacterCreator[39m[0m
[   9% ] [90m[1mupdate_scripts_classes[22m | MainMenu[39m[0m
[  10% ] [90m[1mupdate_scripts_classes[22m | Skyline[39m[0m
[  11% ] [90m[1mupdate_scripts_classes[22m | Acquisition[39m[0m
[  12% ] [90m[1mupdate_scripts_classes[22m | Bank[39m[0m
[  12% ] [90m[1mupdate_scripts_classes[22m | Cafe[39m[0m
[  13% ] [90m[1mupdate_scripts_classes[22m | Careers[39m[0m
[  14% ] [90m[1mupdate_scripts_classes[22m | Company[39m[0m
[  15% ] [90m[1mupdate_scripts_classes[22m | Compliance[39m[0m
[  15% ] [90m[1mupdate_scripts_classes[22m | Cond[39m[0m
[  16% ] [90m[1mupdate_scripts_classes[22m | Contracts[39m[0m
[  17% ] [90m[1mupdate_scripts_classes[22m | Ecommerce[39m[0m
[  18% ] [90m[1mupdate_scripts_classes[22m | Effects[39m[0m
[  18% ] [90m[1mupdate_scripts_classes[22m | EventEngine[39m[0m
[  19% ] [90m[1mupdate_scripts_classes[22m | Fmt[39m[0m
[  20% ] [90m[1mupdate_scripts_classes[22m | Forecast[39m[0m
[  21% ] [90m[1mupdate_scripts_classes[22m | Insolvency[39m[0m
[  21% ] [90m[1mupdate_scripts_classes[22m | Ledger[39m[0m
[  22% ] [90m[1mupdate_scripts_classes[22m | Living[39m[0m
[  23% ] [90m[1mupdate_scripts_classes[22m | Logistics[39m[0m
[  24% ] [90m[1mupdate_scripts_classes[22m | MonthClose[39m[0m
[  25% ] [90m[1mupdate_scripts_classes[22m | Rails[39m[0m
[  25% ] [90m[1mupdate_scripts_classes[22m | Saas[39m[0m
[  26% ] [90m[1mupdate_scripts_classes[22m | Staff[39m[0m
[  27% ] [90m[1mupdate_scripts_classes[22m | StoryEngine[39m[0m
[  28% ] [90m[1mupdate_scripts_classes[22m | Wardrobe[39m[0m
[  28% ] [90m[1mupdate_scripts_classes[22m | World[39m[0m
[  29% ] [90m[1mupdate_scripts_classes[22m | BaristaGame[39m[0m
[  30% ] [90m[1mupdate_scripts_classes[22m | ClerkFormsGame[39m[0m
[  31% ] [90m[1mupdate_scripts_classes[22m | CoworkHostGame[39m[0m
[  31% ] [90m[1mupdate_scripts_classes[22m | MiniGame[39m[0m
[  32% ] [90m[1mupdate_scripts_classes[22m | MiniGames[39m[0m
[  33% ] [90m[1mupdate_scripts_classes[22m | PackGame[39m[0m
[  34% ] [90m[1mupdate_scripts_classes[22m | ParcelSortGame[39m[0m
[  34% ] [90m[1mupdate_scripts_classes[22m | PhotoShootGame[39m[0m
[  35% ] [90m[1mupdate_scripts_classes[22m | RouteGame[39m[0m
[  36% ] [90m[1mupdate_scripts_classes[22m | TellerCashGame[39m[0m
[  37% ] [90m[1mupdate_scripts_classes[22m | TypingGame[39m[0m
[  37% ] [90m[1mupdate_scripts_classes[22m | BankModal[39m[0m
[  38% ] [90m[1mupdate_scripts_classes[22m | BusinessBoard[39m[0m
[  39% ] [90m[1mupdate_scripts_classes[22m | CityMapModal[39m[0m
[  40% ] [90m[1mupdate_scripts_classes[22m | ClothingShopModal[39m[0m
[  40% ] [90m[1mupdate_scripts_classes[22m | CompanyOS[39m[0m
[  41% ] [90m[1mupdate_scripts_classes[22m | CoworkDeskModal[39m[0m
[  42% ] [90m[1mupdate_scripts_classes[22m | DecisionModal[39m[0m
[  43% ] [90m[1mupdate_scripts_classes[22m | DropoffModal[39m[0m
[  43% ] [90m[1mupdate_scripts_classes[22m | InfoModal[39m[0m
[  44% ] [90m[1mupdate_scripts_classes[22m | InsolvencyModal[39m[0m
[  45% ] [90m[1mupdate_scripts_classes[22m | JobModal[39m[0m
[  46% ] [90m[1mupdate_scripts_classes[22m | LeaseModal[39m[0m
[  46% ] [90m[1mupdate_scripts_classes[22m | LoanModal[39m[0m
[  47% ] [90m[1mupdate_scripts_classes[22m | MetroLines[39m[0m
[  48% ] [90m[1mupdate_scripts_classes[22m | MetroModal[39m[0m
[  49% ] [90m[1mupdate_scripts_classes[22m | MonthCloseModal[39m[0m
[  50% ] [90m[1mupdate_scripts_classes[22m | PackShipModal[39m[0m
[  50% ] [90m[1mupdate_scripts_classes[22m | PauseMenu[39m[0m
[  51% ] [90m[1mupdate_scripts_classes[22m | PermitsModal[39m[0m
[  52% ] [90m[1mupdate_scripts_classes[22m | RegistrationModal[39m[0m
[  53% ] [90m[1mupdate_scripts_classes[22m | SaveListModal[39m[0m
[  53% ] [90m[1mupdate_scripts_classes[22m | SettlementModal[39m[0m
[  54% ] [90m[1mupdate_scripts_classes[22m | SleepModal[39m[0m
[  55% ] [90m[1mupdate_scripts_classes[22m | VanDealModal[39m[0m
[  56% ] [90m[1mupdate_scripts_classes[22m | WardrobeModal[39m[0m
[  56% ] [90m[1mupdate_scripts_classes[22m | WorldMapModal[39m[0m
[  57% ] [90m[1mupdate_scripts_classes[22m | WorldRoutes[39m[0m
[  58% ] [90m[1mupdate_scripts_classes[22m | BugReport[39m[0m
[  59% ] [90m[1mupdate_scripts_classes[22m | DialogueBox[39m[0m
[  59% ] [90m[1mupdate_scripts_classes[22m | Help[39m[0m
[  60% ] [90m[1mupdate_scripts_classes[22m | HUD[39m[0m
[  61% ] [90m[1mupdate_scripts_classes[22m | I18n[39m[0m
[  62% ] [90m[1mupdate_scripts_classes[22m | InfoTip[39m[0m
[  62% ] [90m[1mupdate_scripts_classes[22m | Minimap[39m[0m
[  63% ] [90m[1mupdate_scripts_classes[22m | Modal[39m[0m
[  64% ] [90m[1mupdate_scripts_classes[22m | PhoneUI[39m[0m
[  65% ] [90m[1mupdate_scripts_classes[22m | PortraitView[39m[0m
[  65% ] [90m[1mupdate_scripts_classes[22m | Tutorial[39m[0m
[  66% ] [90m[1mupdate_scripts_classes[22m | UIK[39m[0m
[  67% ] [90m[1mupdate_scripts_classes[22m | Actions[39m[0m
[  68% ] [90m[1mupdate_scripts_classes[22m | AmbientPerson[39m[0m
[  68% ] [90m[1mupdate_scripts_classes[22m | Car[39m[0m
[  69% ] [90m[1mupdate_scripts_classes[22m | CharacterRig[39m[0m
[  70% ] [90m[1mupdate_scripts_classes[22m | District[39m[0m
[  71% ] [90m[1mupdate_scripts_classes[22m | DoorTrigger[39m[0m
[  71% ] [90m[1mupdate_scripts_classes[22m | ExitArea[39m[0m
[  72% ] [90m[1mupdate_scripts_classes[22m | ExitMarker[39m[0m
[  73% ] [90m[1mupdate_scripts_classes[22m | Interactable[39m[0m
[  74% ] [90m[1mupdate_scripts_classes[22m | Interior[39m[0m
[  75% ] [90m[1mupdate_scripts_classes[22m | InteriorExit[39m[0m
[  75% ] [90m[1mupdate_scripts_classes[22m | NamedNPC[39m[0m
[  76% ] [90m[1mupdate_scripts_classes[22m | Pedestrian[39m[0m
[  77% ] [90m[1mupdate_scripts_classes[22m | Player[39m[0m
[  78% ] [90m[1mupdate_scripts_classes[22m | StaffNPC[39m[0m
[  78% ] [90m[1mupdate_scripts_classes[22m | WorldScene[39m[0m
[  79% ] [90m[1mupdate_scripts_classes[22m | [39m[0m
[  80% ] [90m[1mupdate_scripts_classes[22m | [39m[0m
[  81% ] [90m[1mupdate_scripts_classes[22m | [39m[0m
[  81% ] [90m[1mupdate_scripts_classes[22m | [39m[0m
[  82% ] [90m[1mupdate_scripts_classes[22m | [39m[0m
[  83% ] [90m[1mupdate_scripts_classes[22m | [39m[0m
[  84% ] [90m[1mupdate_scripts_classes[22m | [39m[0m
[  84% ] [90m[1mupdate_scripts_classes[22m | [39m[0m
[  85% ] [90m[1mupdate_scripts_classes[22m | [39m[0m
[  86% ] [90m[1mupdate_scripts_classes[22m | [39m[0m
[  87% ] [90m[1mupdate_scripts_classes[22m | [39m[0m
[  87% ] [90m[1mupdate_scripts_classes[22m | [39m[0m
[  88% ] [90m[1mupdate_scripts_classes[22m | [39m[0m
[  89% ] [90m[1mupdate_scripts_classes[22m | [39m[0m
[  90% ] [90m[1mupdate_scripts_classes[22m | [39m[0m
[  90% ] [90m[1mupdate_scripts_classes[22m | [39m[0m
[  91% ] [90m[1mupdate_scripts_classes[22m | [39m[0m
[  92% ] [90m[1mupdate_scripts_classes[22m | [39m[0m
[  93% ] [90m[1mupdate_scripts_classes[22m | [39m[0m
[  93% ] [90m[1mupdate_scripts_classes[22m | [39m[0m
[  94% ] [90m[1mupdate_scripts_classes[22m | [39m[0m
[  95% ] [90m[1mupdate_scripts_classes[22m | [39m[0m
[  96% ] [90m[1mupdate_scripts_classes[22m | NoSoftlocksTour[39m[0m
[  96% ] [90m[1mupdate_scripts_classes[22m | Trailer[39m[0m
[  97% ] [90m[1mupdate_scripts_classes[22m | Walkthrough[39m[0m
[  98% ] [90m[1mupdate_scripts_classes[22m | [39m[0m
[92m[ DONE ][39m [1mupdate_scripts_classes[22m
[0m
[   0% ] [90m[1m_update_scan_actions[22m | Started 掃描動作中... (1574 steps)[39m[0m
[   0% ] [90m[1m_update_scan_actions[22m | cafe.ogg[39m[0m
[   0% ] [90m[1m_update_scan_actions[22m | day.ogg[39m[0m
[   0% ] [90m[1m_update_scan_actions[22m | menu.ogg[39m[0m
[   0% ] [90m[1m_update_scan_actions[22m | night.ogg[39m[0m
[   0% ] [90m[1m_update_scan_actions[22m | office.ogg[39m[0m
[   0% ] [90m[1m_update_scan_actions[22m | cash.ogg[39m[0m
[   0% ] [90m[1m_update_scan_actions[22m | click.ogg[39m[0m
[   0% ] [90m[1m_update_scan_actions[22m | close.ogg[39m[0m
[   0% ] [90m[1m_update_scan_actions[22m | door.ogg[39m[0m
[   0% ] [90m[1m_update_scan_actions[22m | error.ogg[39m[0m
[   0% ] [90m[1m_update_scan_actions[22m | fanfare.ogg[39m[0m
[   0% ] [90m[1m_update_scan_actions[22m | notify.ogg[39m[0m
[   0% ] [90m[1m_update_scan_actions[22m | open.ogg[39m[0m
[   0% ] [90m[1m_update_scan_actions[22m | page.ogg[39m[0m
[   0% ] [90m[1m_update_scan_actions[22m | phone.ogg[39m[0m
[   0% ] [90m[1m_update_scan_actions[22m | spend.ogg[39m[0m
[   1% ] [90m[1m_update_scan_actions[22m | success.ogg[39m[0m
[   1% ] [90m[1m_update_scan_actions[22m | arrival.png[39m[0m
[   1% ] [90m[1m_update_scan_actions[22m | chapter_1.png[39m[0m
[   1% ] [90m[1m_update_scan_actions[22m | chapter_2.png[39m[0m
[   1% ] [90m[1m_update_scan_actions[22m | chapter_3.png[39m[0m
[   1% ] [90m[1m_update_scan_actions[22m | chapter_4.png[39m[0m
[   1% ] [90m[1m_update_scan_actions[22m | chapter_5.png[39m[0m
[   1% ] [90m[1m_update_scan_actions[22m | chapter_6.png[39m[0m
[   1% ] [90m[1m_update_scan_actions[22m | chapter_7.png[39m[0m
[   1% ] [90m[1m_update_scan_actions[22m | chapter_8.png[39m[0m
[   1% ] [90m[1m_update_scan_actions[22m | chapter_9.png[39m[0m
[   1% ] [90m[1m_update_scan_actions[22m | chapter_10.png[39m[0m
[   1% ] [90m[1m_update_scan_actions[22m | chapter_11.png[39m[0m
[   1% ] [90m[1m_update_scan_actions[22m | chapter_12.png[39m[0m
[   1% ] [90m[1m_update_scan_actions[22m | insolvency.png[39m[0m
[   1% ] [90m[1m_update_scan_actions[22m | menu.png[39m[0m
[   2% ] [90m[1m_update_scan_actions[22m | skyline_day.png[39m[0m
[   2% ] [90m[1m_update_scan_actions[22m | skyline_dusk.png[39m[0m
[   2% ] [90m[1m_update_scan_actions[22m | skyline_harbor_day.png[39m[0m
[   2% ] [90m[1m_update_scan_actions[22m | skyline_harbor_night.png[39m[0m
[   2% ] [90m[1m_update_scan_actions[22m | skyline_night.png[39m[0m
[   2% ] [90m[1m_update_scan_actions[22m | wardrobe.png[39m[0m
[   2% ] [90m[1m_update_scan_actions[22m | apartment_mid.png[39m[0m
[   2% ] [90m[1m_update_scan_actions[22m | apartment_mid_lights.png[39m[0m
[   2% ] [90m[1m_update_scan_actions[22m | arcade_arches.png[39m[0m
[   2% ] [90m[1m_update_scan_actions[22m | arcade_arches_lights.png[39m[0m
[   2% ] [90m[1m_update_scan_actions[22m | bloom_block.png[39m[0m
[   2% ] [90m[1m_update_scan_actions[22m | bloom_block_lights.png[39m[0m
[   2% ] [90m[1m_update_scan_actions[22m | brick_shops.png[39m[0m
[   2% ] [90m[1m_update_scan_actions[22m | brick_shops_lights.png[39m[0m
[   2% ] [90m[1m_update_scan_actions[22m | byte_bean.png[39m[0m
[   2% ] [90m[1m_update_scan_actions[22m | byte_bean_lights.png[39m[0m
[   3% ] [90m[1m_update_scan_actions[22m | cinema_front.png[39m[0m
[   3% ] [90m[1m_update_scan_actions[22m | cinema_front_lights.png[39m[0m
[   3% ] [90m[1m_update_scan_actions[22m | city_hall.png[39m[0m
[   3% ] [90m[1m_update_scan_actions[22m | city_hall_lights.png[39m[0m
[   3% ] [90m[1m_update_scan_actions[22m | civic_annex.png[39m[0m
[   3% ] [90m[1m_update_scan_actions[22m | civic_annex_lights.png[39m[0m
[   3% ] [90m[1m_update_scan_actions[22m | clock_tower.png[39m[0m
[   3% ] [90m[1m_update_scan_actions[22m | clock_tower_lights.png[39m[0m
[   3% ] [90m[1m_update_scan_actions[22m | cold_store.png[39m[0m
[   3% ] [90m[1m_update_scan_actions[22m | cold_store_lights.png[39m[0m
[   3% ] [90m[1m_update_scan_actions[22m | container_stack.png[39m[0m
[   3% ] [90m[1m_update_scan_actions[22m | container_stack_lights.png[39m[0m
[   3% ] [90m[1m_update_scan_actions[22m | corner_cafe_unit.png[39m[0m
[   3% ] [90m[1m_update_scan_actions[22m | corner_cafe_unit_lights.png[39m[0m
[   3% ] [90m[1m_update_scan_actions[22m | crestline_flagship.png[39m[0m
[   4% ] [90m[1m_update_scan_actions[22m | crestline_flagship_lights.png[39m[0m
[   4% ] [90m[1m_update_scan_actions[22m | customs_house.png[39m[0m
[   4% ] [90m[1m_update_scan_actions[22m | customs_house_lights.png[39m[0m
[   4% ] [90m[1m_update_scan_actions[22m | dockside_motors.png[39m[0m
[   4% ] [90m[1m_update_scan_actions[22m | dockside_motors_lights.png[39m[0m
[   4% ] [90m[1m_update_scan_actions[22m | finance_tower.png[39m[0m
[   4% ] [90m[1m_update_scan_actions[22m | finance_tower_lights.png[39m[0m
[   4% ] [90m[1m_update_scan_actions[22m | glass_tower.png[39m[0m
[   4% ] [90m[1m_update_scan_actions[22m | glass_tower_lights.png[39m[0m
[   4% ] [90m[1m_update_scan_actions[22m | harbor_point_fitness.png[39m[0m
[   4% ] [90m[1m_update_scan_actions[22m | harbor_point_fitness_lights.png[39m[0m
[   4% ] [90m[1m_update_scan_actions[22m | horizon_labs.png[39m[0m
[   4% ] [90m[1m_update_scan_actions[22m | horizon_labs_lights.png[39m[0m
[   4% ] [90m[1m_update_scan_actions[22m | lantern_bistro.png[39m[0m
[   4% ] [90m[1m_update_scan_actions[22m | lantern_bistro_lights.png[39m[0m
[   4% ] [90m[1m_update_scan_actions[22m | metro_entrance.png[39m[0m
[   5% ] [90m[1m_update_scan_actions[22m | metro_entrance_lights.png[39m[0m
[   5% ] [90m[1m_update_scan_actions[22m | nexus_bank.png[39m[0m
[   5% ] [90m[1m_update_scan_actions[22m | nexus_bank_lights.png[39m[0m
[   5% ] [90m[1m_update_scan_actions[22m | nexus_cowork.png[39m[0m
[   5% ] [90m[1m_update_scan_actions[22m | nexus_cowork_lights.png[39m[0m
[   5% ] [90m[1m_update_scan_actions[22m | office_slab.png[39m[0m
[   5% ] [90m[1m_update_scan_actions[22m | office_slab_lights.png[39m[0m
[   5% ] [90m[1m_update_scan_actions[22m | okafor_lettings.png[39m[0m
[   5% ] [90m[1m_update_scan_actions[22m | okafor_lettings_lights.png[39m[0m
[   5% ] [90m[1m_update_scan_actions[22m | old_town_studio.png[39m[0m
[   5% ] [90m[1m_update_scan_actions[22m | old_town_studio_lights.png[39m[0m
[   5% ] [90m[1m_update_scan_actions[22m | pier7_warehouse.png[39m[0m
[   5% ] [90m[1m_update_scan_actions[22m | pier7_warehouse_lights.png[39m[0m
[   5% ] [90m[1m_update_scan_actions[22m | popup_unit.png[39m[0m
[   5% ] [90m[1m_update_scan_actions[22m | popup_unit_lights.png[39m[0m
[   5% ] [90m[1m_update_scan_actions[22m | postpoint.png[39m[0m
[   6% ] [90m[1m_update_scan_actions[22m | postpoint_lights.png[39m[0m
[   6% ] [90m[1m_update_scan_actions[22m | retail_arcade.png[39m[0m
[   6% ] [90m[1m_update_scan_actions[22m | retail_arcade_lights.png[39m[0m
[   6% ] [90m[1m_update_scan_actions[22m | riverside_shops.png[39m[0m
[   6% ] [90m[1m_update_scan_actions[22m | riverside_shops_lights.png[39m[0m
[   6% ] [90m[1m_update_scan_actions[22m | riverside_tower.png[39m[0m
[   6% ] [90m[1m_update_scan_actions[22m | riverside_tower_lights.png[39m[0m
[   6% ] [90m[1m_update_scan_actions[22m | riverside_walkup.png[39m[0m
[   6% ] [90m[1m_update_scan_actions[22m | riverside_walkup_lights.png[39m[0m
[   6% ] [90m[1m_update_scan_actions[22m | rowhouse_brick.png[39m[0m
[   6% ] [90m[1m_update_scan_actions[22m | rowhouse_brick_lights.png[39m[0m
[   6% ] [90m[1m_update_scan_actions[22m | shop_row_awning.png[39m[0m
[   6% ] [90m[1m_update_scan_actions[22m | shop_row_awning_lights.png[39m[0m
[   6% ] [90m[1m_update_scan_actions[22m | suite_building.png[39m[0m
[   6% ] [90m[1m_update_scan_actions[22m | suite_building_lights.png[39m[0m
[   6% ] [90m[1m_update_scan_actions[22m | threadline_apparel.png[39m[0m
[   7% ] [90m[1m_update_scan_actions[22m | threadline_apparel_lights.png[39m[0m
[   7% ] [90m[1m_update_scan_actions[22m | warehouse_shed.png[39m[0m
[   7% ] [90m[1m_update_scan_actions[22m | warehouse_shed_lights.png[39m[0m
[   7% ] [90m[1m_update_scan_actions[22m | bloom_coffee.png[39m[0m
[   7% ] [90m[1m_update_scan_actions[22m | byte_and_bean.png[39m[0m
[   7% ] [90m[1m_update_scan_actions[22m | city_hall.png[39m[0m
[   7% ] [90m[1m_update_scan_actions[22m | civic_center.png[39m[0m
[   7% ] [90m[1m_update_scan_actions[22m | corner_cafe_unit.png[39m[0m
[   7% ] [90m[1m_update_scan_actions[22m | dockside_motors.png[39m[0m
[   7% ] [90m[1m_update_scan_actions[22m | financial.png[39m[0m
[   7% ] [90m[1m_update_scan_actions[22m | harbor.png[39m[0m
[   7% ] [90m[1m_update_scan_actions[22m | nexus_bank.png[39m[0m
[   7% ] [90m[1m_update_scan_actions[22m | nexus_cowork.png[39m[0m
[   7% ] [90m[1m_update_scan_actions[22m | okafor_lettings.png[39m[0m
[   7% ] [90m[1m_update_scan_actions[22m | old_town.png[39m[0m
[   8% ] [90m[1m_update_scan_actions[22m | old_town_studio.png[39m[0m
[   8% ] [90m[1m_update_scan_actions[22m | pier7_warehouse.png[39m[0m
[   8% ] [90m[1m_update_scan_actions[22m | postpoint_riverside.png[39m[0m
[   8% ] [90m[1m_update_scan_actions[22m | riverside.png[39m[0m
[   8% ] [90m[1m_update_scan_actions[22m | riverside_apartment.png[39m[0m
[   8% ] [90m[1m_update_scan_actions[22m | small_office.png[39m[0m
[   8% ] [90m[1m_update_scan_actions[22m | startup_hub.png[39m[0m
[   8% ] [90m[1m_update_scan_actions[22m | acc_backpack.png[39m[0m
[   8% ] [90m[1m_update_scan_actions[22m | acc_backpack_carry.png[39m[0m
[   8% ] [90m[1m_update_scan_actions[22m | acc_backpack_idle.png[39m[0m
[   8% ] [90m[1m_update_scan_actions[22m | acc_backpack_interact.png[39m[0m
[   8% ] [90m[1m_update_scan_actions[22m | acc_backpack_phone.png[39m[0m
[   8% ] [90m[1m_update_scan_actions[22m | acc_backpack_sit.png[39m[0m
[   8% ] [90m[1m_update_scan_actions[22m | acc_glasses_round.png[39m[0m
[   8% ] [90m[1m_update_scan_actions[22m | acc_glasses_round_carry.png[39m[0m
[   8% ] [90m[1m_update_scan_actions[22m | acc_glasses_round_idle.png[39m[0m
[   9% ] [90m[1m_update_scan_actions[22m | acc_glasses_round_interact.png[39m[0m
[   9% ] [90m[1m_update_scan_actions[22m | acc_glasses_round_phone.png[39m[0m
[   9% ] [90m[1m_update_scan_actions[22m | acc_glasses_round_sit.png[39m[0m
[   9% ] [90m[1m_update_scan_actions[22m | acc_glasses_square.png[39m[0m
[   9% ] [90m[1m_update_scan_actions[22m | acc_glasses_square_carry.png[39m[0m
[   9% ] [90m[1m_update_scan_actions[22m | acc_glasses_square_idle.png[39m[0m
[   9% ] [90m[1m_update_scan_actions[22m | acc_glasses_square_interact.png[39m[0m
[   9% ] [90m[1m_update_scan_actions[22m | acc_glasses_square_phone.png[39m[0m
[   9% ] [90m[1m_update_scan_actions[22m | acc_glasses_square_sit.png[39m[0m
[   9% ] [90m[1m_update_scan_actions[22m | body_feminine_heart.png[39m[0m
[   9% ] [90m[1m_update_scan_actions[22m | body_feminine_heart_carry.png[39m[0m
[   9% ] [90m[1m_update_scan_actions[22m | body_feminine_heart_idle.png[39m[0m
[   9% ] [90m[1m_update_scan_actions[22m | body_feminine_heart_interact.png[39m[0m
[   9% ] [90m[1m_update_scan_actions[22m | body_feminine_heart_phone.png[39m[0m
[   9% ] [90m[1m_update_scan_actions[22m | body_feminine_heart_sit.png[39m[0m
[   9% ] [90m[1m_update_scan_actions[22m | body_feminine_oval.png[39m[0m
[  10% ] [90m[1m_update_scan_actions[22m | body_feminine_oval_carry.png[39m[0m
[  10% ] [90m[1m_update_scan_actions[22m | body_feminine_oval_idle.png[39m[0m
[  10% ] [90m[1m_update_scan_actions[22m | body_feminine_oval_interact.png[39m[0m
[  10% ] [90m[1m_update_scan_actions[22m | body_feminine_oval_phone.png[39m[0m
[  10% ] [90m[1m_update_scan_actions[22m | body_feminine_oval_sit.png[39m[0m
[  10% ] [90m[1m_update_scan_actions[22m | body_feminine_round.png[39m[0m
[  10% ] [90m[1m_update_scan_actions[22m | body_feminine_round_carry.png[39m[0m
[  10% ] [90m[1m_update_scan_actions[22m | body_feminine_round_idle.png[39m[0m
[  10% ] [90m[1m_update_scan_actions[22m | body_feminine_round_interact.png[39m[0m
[  10% ] [90m[1m_update_scan_actions[22m | body_feminine_round_phone.png[39m[0m
[  10% ] [90m[1m_update_scan_actions[22m | body_feminine_round_sit.png[39m[0m
[  10% ] [90m[1m_update_scan_actions[22m | body_feminine_square.png[39m[0m
[  10% ] [90m[1m_update_scan_actions[22m | body_feminine_square_carry.png[39m[0m
[  10% ] [90m[1m_update_scan_actions[22m | body_feminine_square_idle.png[39m[0m
[  10% ] [90m[1m_update_scan_actions[22m | body_feminine_square_interact.png[39m[0m
[  10% ] [90m[1m_update_scan_actions[22m | body_feminine_square_phone.png[39m[0m
[  11% ] [90m[1m_update_scan_actions[22m | body_feminine_square_sit.png[39m[0m
[  11% ] [90m[1m_update_scan_actions[22m | body_masculine_heart.png[39m[0m
[  11% ] [90m[1m_update_scan_actions[22m | body_masculine_heart_carry.png[39m[0m
[  11% ] [90m[1m_update_scan_actions[22m | body_masculine_heart_idle.png[39m[0m
[  11% ] [90m[1m_update_scan_actions[22m | body_masculine_heart_interact.png[39m[0m
[  11% ] [90m[1m_update_scan_actions[22m | body_masculine_heart_phone.png[39m[0m
[  11% ] [90m[1m_update_scan_actions[22m | body_masculine_heart_sit.png[39m[0m
[  11% ] [90m[1m_update_scan_actions[22m | body_masculine_oval.png[39m[0m
[  11% ] [90m[1m_update_scan_actions[22m | body_masculine_oval_carry.png[39m[0m
[  11% ] [90m[1m_update_scan_actions[22m | body_masculine_oval_idle.png[39m[0m
[  11% ] [90m[1m_update_scan_actions[22m | body_masculine_oval_interact.png[39m[0m
[  11% ] [90m[1m_update_scan_actions[22m | body_masculine_oval_phone.png[39m[0m
[  11% ] [90m[1m_update_scan_actions[22m | body_masculine_oval_sit.png[39m[0m
[  11% ] [90m[1m_update_scan_actions[22m | body_masculine_round.png[39m[0m
[  11% ] [90m[1m_update_scan_actions[22m | body_masculine_round_carry.png[39m[0m
[  12% ] [90m[1m_update_scan_actions[22m | body_masculine_round_idle.png[39m[0m
[  12% ] [90m[1m_update_scan_actions[22m | body_masculine_round_interact.png[39m[0m
[  12% ] [90m[1m_update_scan_actions[22m | body_masculine_round_phone.png[39m[0m
[  12% ] [90m[1m_update_scan_actions[22m | body_masculine_round_sit.png[39m[0m
[  12% ] [90m[1m_update_scan_actions[22m | body_masculine_square.png[39m[0m
[  12% ] [90m[1m_update_scan_actions[22m | body_masculine_square_carry.png[39m[0m
[  12% ] [90m[1m_update_scan_actions[22m | body_masculine_square_idle.png[39m[0m
[  12% ] [90m[1m_update_scan_actions[22m | body_masculine_square_interact.png[39m[0m
[  12% ] [90m[1m_update_scan_actions[22m | body_masculine_square_phone.png[39m[0m
[  12% ] [90m[1m_update_scan_actions[22m | body_masculine_square_sit.png[39m[0m
[  12% ] [90m[1m_update_scan_actions[22m | body_neutral_heart.png[39m[0m
[  12% ] [90m[1m_update_scan_actions[22m | body_neutral_heart_carry.png[39m[0m
[  12% ] [90m[1m_update_scan_actions[22m | body_neutral_heart_idle.png[39m[0m
[  12% ] [90m[1m_update_scan_actions[22m | body_neutral_heart_interact.png[39m[0m
[  12% ] [90m[1m_update_scan_actions[22m | body_neutral_heart_phone.png[39m[0m
[  12% ] [90m[1m_update_scan_actions[22m | body_neutral_heart_sit.png[39m[0m
[  13% ] [90m[1m_update_scan_actions[22m | body_neutral_oval.png[39m[0m
[  13% ] [90m[1m_update_scan_actions[22m | body_neutral_oval_carry.png[39m[0m
[  13% ] [90m[1m_update_scan_actions[22m | body_neutral_oval_idle.png[39m[0m
[  13% ] [90m[1m_update_scan_actions[22m | body_neutral_oval_interact.png[39m[0m
[  13% ] [90m[1m_update_scan_actions[22m | body_neutral_oval_phone.png[39m[0m
[  13% ] [90m[1m_update_scan_actions[22m | body_neutral_oval_sit.png[39m[0m
[  13% ] [90m[1m_update_scan_actions[22m | body_neutral_round.png[39m[0m
[  13% ] [90m[1m_update_scan_actions[22m | body_neutral_round_carry.png[39m[0m
[  13% ] [90m[1m_update_scan_actions[22m | body_neutral_round_idle.png[39m[0m
[  13% ] [90m[1m_update_scan_actions[22m | body_neutral_round_interact.png[39m[0m
[  13% ] [90m[1m_update_scan_actions[22m | body_neutral_round_phone.png[39m[0m
[  13% ] [90m[1m_update_scan_actions[22m | body_neutral_round_sit.png[39m[0m
[  13% ] [90m[1m_update_scan_actions[22m | body_neutral_square.png[39m[0m
[  13% ] [90m[1m_update_scan_actions[22m | body_neutral_square_carry.png[39m[0m
[  13% ] [90m[1m_update_scan_actions[22m | body_neutral_square_idle.png[39m[0m
[  13% ] [90m[1m_update_scan_actions[22m | body_neutral_square_interact.png[39m[0m
[  14% ] [90m[1m_update_scan_actions[22m | body_neutral_square_phone.png[39m[0m
[  14% ] [90m[1m_update_scan_actions[22m | body_neutral_square_sit.png[39m[0m
[  14% ] [90m[1m_update_scan_actions[22m | brows_arched.png[39m[0m
[  14% ] [90m[1m_update_scan_actions[22m | brows_arched_carry.png[39m[0m
[  14% ] [90m[1m_update_scan_actions[22m | brows_arched_idle.png[39m[0m
[  14% ] [90m[1m_update_scan_actions[22m | brows_arched_interact.png[39m[0m
[  14% ] [90m[1m_update_scan_actions[22m | brows_arched_phone.png[39m[0m
[  14% ] [90m[1m_update_scan_actions[22m | brows_arched_sit.png[39m[0m
[  14% ] [90m[1m_update_scan_actions[22m | brows_soft.png[39m[0m
[  14% ] [90m[1m_update_scan_actions[22m | brows_soft_carry.png[39m[0m
[  14% ] [90m[1m_update_scan_actions[22m | brows_soft_idle.png[39m[0m
[  14% ] [90m[1m_update_scan_actions[22m | brows_soft_interact.png[39m[0m
[  14% ] [90m[1m_update_scan_actions[22m | brows_soft_phone.png[39m[0m
[  14% ] [90m[1m_update_scan_actions[22m | brows_soft_sit.png[39m[0m
[  14% ] [90m[1m_update_scan_actions[22m | brows_straight.png[39m[0m
[  14% ] [90m[1m_update_scan_actions[22m | brows_straight_carry.png[39m[0m
[  15% ] [90m[1m_update_scan_actions[22m | brows_straight_idle.png[39m[0m
[  15% ] [90m[1m_update_scan_actions[22m | brows_straight_interact.png[39m[0m
[  15% ] [90m[1m_update_scan_actions[22m | brows_straight_phone.png[39m[0m
[  15% ] [90m[1m_update_scan_actions[22m | brows_straight_sit.png[39m[0m
[  15% ] [90m[1m_update_scan_actions[22m | brows_thick.png[39m[0m
[  15% ] [90m[1m_update_scan_actions[22m | brows_thick_carry.png[39m[0m
[  15% ] [90m[1m_update_scan_actions[22m | brows_thick_idle.png[39m[0m
[  15% ] [90m[1m_update_scan_actions[22m | brows_thick_interact.png[39m[0m
[  15% ] [90m[1m_update_scan_actions[22m | brows_thick_phone.png[39m[0m
[  15% ] [90m[1m_update_scan_actions[22m | brows_thick_sit.png[39m[0m
[  15% ] [90m[1m_update_scan_actions[22m | eyes_almond.png[39m[0m
[  15% ] [90m[1m_update_scan_actions[22m | eyes_almond_carry.png[39m[0m
[  15% ] [90m[1m_update_scan_actions[22m | eyes_almond_idle.png[39m[0m
[  15% ] [90m[1m_update_scan_actions[22m | eyes_almond_interact.png[39m[0m
[  15% ] [90m[1m_update_scan_actions[22m | eyes_almond_phone.png[39m[0m
[  16% ] [90m[1m_update_scan_actions[22m | eyes_almond_sit.png[39m[0m
[  16% ] [90m[1m_update_scan_actions[22m | eyes_narrow.png[39m[0m
[  16% ] [90m[1m_update_scan_actions[22m | eyes_narrow_carry.png[39m[0m
[  16% ] [90m[1m_update_scan_actions[22m | eyes_narrow_idle.png[39m[0m
[  16% ] [90m[1m_update_scan_actions[22m | eyes_narrow_interact.png[39m[0m
[  16% ] [90m[1m_update_scan_actions[22m | eyes_narrow_phone.png[39m[0m
[  16% ] [90m[1m_update_scan_actions[22m | eyes_narrow_sit.png[39m[0m
[  16% ] [90m[1m_update_scan_actions[22m | eyes_round.png[39m[0m
[  16% ] [90m[1m_update_scan_actions[22m | eyes_round_carry.png[39m[0m
[  16% ] [90m[1m_update_scan_actions[22m | eyes_round_idle.png[39m[0m
[  16% ] [90m[1m_update_scan_actions[22m | eyes_round_interact.png[39m[0m
[  16% ] [90m[1m_update_scan_actions[22m | eyes_round_phone.png[39m[0m
[  16% ] [90m[1m_update_scan_actions[22m | eyes_round_sit.png[39m[0m
[  16% ] [90m[1m_update_scan_actions[22m | eyes_wide.png[39m[0m
[  16% ] [90m[1m_update_scan_actions[22m | eyes_wide_carry.png[39m[0m
[  16% ] [90m[1m_update_scan_actions[22m | eyes_wide_idle.png[39m[0m
[  17% ] [90m[1m_update_scan_actions[22m | eyes_wide_interact.png[39m[0m
[  17% ] [90m[1m_update_scan_actions[22m | eyes_wide_phone.png[39m[0m
[  17% ] [90m[1m_update_scan_actions[22m | eyes_wide_sit.png[39m[0m
[  17% ] [90m[1m_update_scan_actions[22m | hair_bob_back.png[39m[0m
[  17% ] [90m[1m_update_scan_actions[22m | hair_bob_back_carry.png[39m[0m
[  17% ] [90m[1m_update_scan_actions[22m | hair_bob_back_idle.png[39m[0m
[  17% ] [90m[1m_update_scan_actions[22m | hair_bob_back_interact.png[39m[0m
[  17% ] [90m[1m_update_scan_actions[22m | hair_bob_back_phone.png[39m[0m
[  17% ] [90m[1m_update_scan_actions[22m | hair_bob_back_sit.png[39m[0m
[  17% ] [90m[1m_update_scan_actions[22m | hair_bob_front.png[39m[0m
[  17% ] [90m[1m_update_scan_actions[22m | hair_bob_front_carry.png[39m[0m
[  17% ] [90m[1m_update_scan_actions[22m | hair_bob_front_idle.png[39m[0m
[  17% ] [90m[1m_update_scan_actions[22m | hair_bob_front_interact.png[39m[0m
[  17% ] [90m[1m_update_scan_actions[22m | hair_bob_front_phone.png[39m[0m
[  17% ] [90m[1m_update_scan_actions[22m | hair_bob_front_sit.png[39m[0m
[  17% ] [90m[1m_update_scan_actions[22m | hair_bun_back.png[39m[0m
[  18% ] [90m[1m_update_scan_actions[22m | hair_bun_back_carry.png[39m[0m
[  18% ] [90m[1m_update_scan_actions[22m | hair_bun_back_idle.png[39m[0m
[  18% ] [90m[1m_update_scan_actions[22m | hair_bun_back_interact.png[39m[0m
[  18% ] [90m[1m_update_scan_actions[22m | hair_bun_back_phone.png[39m[0m
[  18% ] [90m[1m_update_scan_actions[22m | hair_bun_back_sit.png[39m[0m
[  18% ] [90m[1m_update_scan_actions[22m | hair_bun_front.png[39m[0m
[  18% ] [90m[1m_update_scan_actions[22m | hair_bun_front_carry.png[39m[0m
[  18% ] [90m[1m_update_scan_actions[22m | hair_bun_front_idle.png[39m[0m
[  18% ] [90m[1m_update_scan_actions[22m | hair_bun_front_interact.png[39m[0m
[  18% ] [90m[1m_update_scan_actions[22m | hair_bun_front_phone.png[39m[0m
[  18% ] [90m[1m_update_scan_actions[22m | hair_bun_front_sit.png[39m[0m
[  18% ] [90m[1m_update_scan_actions[22m | hair_buzz_back.png[39m[0m
[  18% ] [90m[1m_update_scan_actions[22m | hair_buzz_back_carry.png[39m[0m
[  18% ] [90m[1m_update_scan_actions[22m | hair_buzz_back_idle.png[39m[0m
[  18% ] [90m[1m_update_scan_actions[22m | hair_buzz_back_interact.png[39m[0m
[  18% ] [90m[1m_update_scan_actions[22m | hair_buzz_back_phone.png[39m[0m
[  19% ] [90m[1m_update_scan_actions[22m | hair_buzz_back_sit.png[39m[0m
[  19% ] [90m[1m_update_scan_actions[22m | hair_buzz_front.png[39m[0m
[  19% ] [90m[1m_update_scan_actions[22m | hair_buzz_front_carry.png[39m[0m
[  19% ] [90m[1m_update_scan_actions[22m | hair_buzz_front_idle.png[39m[0m
[  19% ] [90m[1m_update_scan_actions[22m | hair_buzz_front_interact.png[39m[0m
[  19% ] [90m[1m_update_scan_actions[22m | hair_buzz_front_phone.png[39m[0m
[  19% ] [90m[1m_update_scan_actions[22m | hair_buzz_front_sit.png[39m[0m
[  19% ] [90m[1m_update_scan_actions[22m | hair_long_back.png[39m[0m
[  19% ] [90m[1m_update_scan_actions[22m | hair_long_back_carry.png[39m[0m
[  19% ] [90m[1m_update_scan_actions[22m | hair_long_back_idle.png[39m[0m
[  19% ] [90m[1m_update_scan_actions[22m | hair_long_back_interact.png[39m[0m
[  19% ] [90m[1m_update_scan_actions[22m | hair_long_back_phone.png[39m[0m
[  19% ] [90m[1m_update_scan_actions[22m | hair_long_back_sit.png[39m[0m
[  19% ] [90m[1m_update_scan_actions[22m | hair_long_front.png[39m[0m
[  19% ] [90m[1m_update_scan_actions[22m | hair_long_front_carry.png[39m[0m
[  20% ] [90m[1m_update_scan_actions[22m | hair_long_front_idle.png[39m[0m
[  20% ] [90m[1m_update_scan_actions[22m | hair_long_front_interact.png[39m[0m
[  20% ] [90m[1m_update_scan_actions[22m | hair_long_front_phone.png[39m[0m
[  20% ] [90m[1m_update_scan_actions[22m | hair_long_front_sit.png[39m[0m
[  20% ] [90m[1m_update_scan_actions[22m | hair_messy_back.png[39m[0m
[  20% ] [90m[1m_update_scan_actions[22m | hair_messy_back_carry.png[39m[0m
[  20% ] [90m[1m_update_scan_actions[22m | hair_messy_back_idle.png[39m[0m
[  20% ] [90m[1m_update_scan_actions[22m | hair_messy_back_interact.png[39m[0m
[  20% ] [90m[1m_update_scan_actions[22m | hair_messy_back_phone.png[39m[0m
[  20% ] [90m[1m_update_scan_actions[22m | hair_messy_back_sit.png[39m[0m
[  20% ] [90m[1m_update_scan_actions[22m | hair_messy_front.png[39m[0m
[  20% ] [90m[1m_update_scan_actions[22m | hair_messy_front_carry.png[39m[0m
[  20% ] [90m[1m_update_scan_actions[22m | hair_messy_front_idle.png[39m[0m
[  20% ] [90m[1m_update_scan_actions[22m | hair_messy_front_interact.png[39m[0m
[  20% ] [90m[1m_update_scan_actions[22m | hair_messy_front_phone.png[39m[0m
[  20% ] [90m[1m_update_scan_actions[22m | hair_messy_front_sit.png[39m[0m
[  21% ] [90m[1m_update_scan_actions[22m | hair_ponytail_back.png[39m[0m
[  21% ] [90m[1m_update_scan_actions[22m | hair_ponytail_back_carry.png[39m[0m
[  21% ] [90m[1m_update_scan_actions[22m | hair_ponytail_back_idle.png[39m[0m
[  21% ] [90m[1m_update_scan_actions[22m | hair_ponytail_back_interact.png[39m[0m
[  21% ] [90m[1m_update_scan_actions[22m | hair_ponytail_back_phone.png[39m[0m
[  21% ] [90m[1m_update_scan_actions[22m | hair_ponytail_back_sit.png[39m[0m
[  21% ] [90m[1m_update_scan_actions[22m | hair_ponytail_front.png[39m[0m
[  21% ] [90m[1m_update_scan_actions[22m | hair_ponytail_front_carry.png[39m[0m
[  21% ] [90m[1m_update_scan_actions[22m | hair_ponytail_front_idle.png[39m[0m
[  21% ] [90m[1m_update_scan_actions[22m | hair_ponytail_front_interact.png[39m[0m
[  21% ] [90m[1m_update_scan_actions[22m | hair_ponytail_front_phone.png[39m[0m
[  21% ] [90m[1m_update_scan_actions[22m | hair_ponytail_front_sit.png[39m[0m
[  21% ] [90m[1m_update_scan_actions[22m | hair_short_neat_back.png[39m[0m
[  21% ] [90m[1m_update_scan_actions[22m | hair_short_neat_back_carry.png[39m[0m
[  21% ] [90m[1m_update_scan_actions[22m | hair_short_neat_back_idle.png[39m[0m
[  21% ] [90m[1m_update_scan_actions[22m | hair_short_neat_back_interact.png[39m[0m
[  22% ] [90m[1m_update_scan_actions[22m | hair_short_neat_back_phone.png[39m[0m
[  22% ] [90m[1m_update_scan_actions[22m | hair_short_neat_back_sit.png[39m[0m
[  22% ] [90m[1m_update_scan_actions[22m | hair_short_neat_front.png[39m[0m
[  22% ] [90m[1m_update_scan_actions[22m | hair_short_neat_front_carry.png[39m[0m
[  22% ] [90m[1m_update_scan_actions[22m | hair_short_neat_front_idle.png[39m[0m
[  22% ] [90m[1m_update_scan_actions[22m | hair_short_neat_front_interact.png[39m[0m
[  22% ] [90m[1m_update_scan_actions[22m | hair_short_neat_front_phone.png[39m[0m
[  22% ] [90m[1m_update_scan_actions[22m | hair_short_neat_front_sit.png[39m[0m
[  22% ] [90m[1m_update_scan_actions[22m | hair_side_part_back.png[39m[0m
[  22% ] [90m[1m_update_scan_actions[22m | hair_side_part_back_carry.png[39m[0m
[  22% ] [90m[1m_update_scan_actions[22m | hair_side_part_back_idle.png[39m[0m
[  22% ] [90m[1m_update_scan_actions[22m | hair_side_part_back_interact.png[39m[0m
[  22% ] [90m[1m_update_scan_actions[22m | hair_side_part_back_phone.png[39m[0m
[  22% ] [90m[1m_update_scan_actions[22m | hair_side_part_back_sit.png[39m[0m
[  22% ] [90m[1m_update_scan_actions[22m | hair_side_part_front.png[39m[0m
[  22% ] [90m[1m_update_scan_actions[22m | hair_side_part_front_carry.png[39m[0m
[  23% ] [90m[1m_update_scan_actions[22m | hair_side_part_front_idle.png[39m[0m
[  23% ] [90m[1m_update_scan_actions[22m | hair_side_part_front_interact.png[39m[0m
[  23% ] [90m[1m_update_scan_actions[22m | hair_side_part_front_phone.png[39m[0m
[  23% ] [90m[1m_update_scan_actions[22m | hair_side_part_front_sit.png[39m[0m
[  23% ] [90m[1m_update_scan_actions[22m | iris_almond.png[39m[0m
[  23% ] [90m[1m_update_scan_actions[22m | iris_almond_carry.png[39m[0m
[  23% ] [90m[1m_update_scan_actions[22m | iris_almond_idle.png[39m[0m
[  23% ] [90m[1m_update_scan_actions[22m | iris_almond_interact.png[39m[0m
[  23% ] [90m[1m_update_scan_actions[22m | iris_almond_phone.png[39m[0m
[  23% ] [90m[1m_update_scan_actions[22m | iris_almond_sit.png[39m[0m
[  23% ] [90m[1m_update_scan_actions[22m | iris_narrow.png[39m[0m
[  23% ] [90m[1m_update_scan_actions[22m | iris_narrow_carry.png[39m[0m
[  23% ] [90m[1m_update_scan_actions[22m | iris_narrow_idle.png[39m[0m
[  23% ] [90m[1m_update_scan_actions[22m | iris_narrow_interact.png[39m[0m
[  23% ] [90m[1m_update_scan_actions[22m | iris_narrow_phone.png[39m[0m
[  24% ] [90m[1m_update_scan_actions[22m | iris_narrow_sit.png[39m[0m
[  24% ] [90m[1m_update_scan_actions[22m | iris_round.png[39m[0m
[  24% ] [90m[1m_update_scan_actions[22m | iris_round_carry.png[39m[0m
[  24% ] [90m[1m_update_scan_actions[22m | iris_round_idle.png[39m[0m
[  24% ] [90m[1m_update_scan_actions[22m | iris_round_interact.png[39m[0m
[  24% ] [90m[1m_update_scan_actions[22m | iris_round_phone.png[39m[0m
[  24% ] [90m[1m_update_scan_actions[22m | iris_round_sit.png[39m[0m
[  24% ] [90m[1m_update_scan_actions[22m | iris_wide.png[39m[0m
[  24% ] [90m[1m_update_scan_actions[22m | iris_wide_carry.png[39m[0m
[  24% ] [90m[1m_update_scan_actions[22m | iris_wide_idle.png[39m[0m
[  24% ] [90m[1m_update_scan_actions[22m | iris_wide_interact.png[39m[0m
[  24% ] [90m[1m_update_scan_actions[22m | iris_wide_phone.png[39m[0m
[  24% ] [90m[1m_update_scan_actions[22m | iris_wide_sit.png[39m[0m
[  24% ] [90m[1m_update_scan_actions[22m | mouth_grin.png[39m[0m
[  24% ] [90m[1m_update_scan_actions[22m | mouth_grin_carry.png[39m[0m
[  24% ] [90m[1m_update_scan_actions[22m | mouth_grin_idle.png[39m[0m
[  25% ] [90m[1m_update_scan_actions[22m | mouth_grin_interact.png[39m[0m
[  25% ] [90m[1m_update_scan_actions[22m | mouth_grin_phone.png[39m[0m
[  25% ] [90m[1m_update_scan_actions[22m | mouth_grin_sit.png[39m[0m
[  25% ] [90m[1m_update_scan_actions[22m | mouth_neutral.png[39m[0m
[  25% ] [90m[1m_update_scan_actions[22m | mouth_neutral_carry.png[39m[0m
[  25% ] [90m[1m_update_scan_actions[22m | mouth_neutral_idle.png[39m[0m
[  25% ] [90m[1m_update_scan_actions[22m | mouth_neutral_interact.png[39m[0m
[  25% ] [90m[1m_update_scan_actions[22m | mouth_neutral_phone.png[39m[0m
[  25% ] [90m[1m_update_scan_actions[22m | mouth_neutral_sit.png[39m[0m
[  25% ] [90m[1m_update_scan_actions[22m | mouth_small.png[39m[0m
[  25% ] [90m[1m_update_scan_actions[22m | mouth_small_carry.png[39m[0m
[  25% ] [90m[1m_update_scan_actions[22m | mouth_small_idle.png[39m[0m
[  25% ] [90m[1m_update_scan_actions[22m | mouth_small_interact.png[39m[0m
[  25% ] [90m[1m_update_scan_actions[22m | mouth_small_phone.png[39m[0m
[  25% ] [90m[1m_update_scan_actions[22m | mouth_small_sit.png[39m[0m
[  25% ] [90m[1m_update_scan_actions[22m | mouth_smile.png[39m[0m
[  26% ] [90m[1m_update_scan_actions[22m | mouth_smile_carry.png[39m[0m
[  26% ] [90m[1m_update_scan_actions[22m | mouth_smile_idle.png[39m[0m
[  26% ] [90m[1m_update_scan_actions[22m | mouth_smile_interact.png[39m[0m
[  26% ] [90m[1m_update_scan_actions[22m | mouth_smile_phone.png[39m[0m
[  26% ] [90m[1m_update_scan_actions[22m | mouth_smile_sit.png[39m[0m
[  26% ] [90m[1m_update_scan_actions[22m | npc_ines.png[39m[0m
[  26% ] [90m[1m_update_scan_actions[22m | npc_lina.png[39m[0m
[  26% ] [90m[1m_update_scan_actions[22m | npc_lina_sit.png[39m[0m
[  26% ] [90m[1m_update_scan_actions[22m | npc_okafor.png[39m[0m
[  26% ] [90m[1m_update_scan_actions[22m | npc_okafor_sit.png[39m[0m
[  26% ] [90m[1m_update_scan_actions[22m | npc_rosa.png[39m[0m
[  26% ] [90m[1m_update_scan_actions[22m | npc_sam.png[39m[0m
[  26% ] [90m[1m_update_scan_actions[22m | outfit_barista_feminine_bottom.png[39m[0m
[  26% ] [90m[1m_update_scan_actions[22m | outfit_barista_feminine_bottom_carry.png[39m[0m
[  26% ] [90m[1m_update_scan_actions[22m | outfit_barista_feminine_bottom_idle.png[39m[0m
[  26% ] [90m[1m_update_scan_actions[22m | outfit_barista_feminine_bottom_interact.png[39m[0m
[  27% ] [90m[1m_update_scan_actions[22m | outfit_barista_feminine_bottom_phone.png[39m[0m
[  27% ] [90m[1m_update_scan_actions[22m | outfit_barista_feminine_bottom_sit.png[39m[0m
[  27% ] [90m[1m_update_scan_actions[22m | outfit_barista_feminine_shoes.png[39m[0m
[  27% ] [90m[1m_update_scan_actions[22m | outfit_barista_feminine_shoes_carry.png[39m[0m
[  27% ] [90m[1m_update_scan_actions[22m | outfit_barista_feminine_shoes_idle.png[39m[0m
[  27% ] [90m[1m_update_scan_actions[22m | outfit_barista_feminine_shoes_interact.png[39m[0m
[  27% ] [90m[1m_update_scan_actions[22m | outfit_barista_feminine_shoes_phone.png[39m[0m
[  27% ] [90m[1m_update_scan_actions[22m | outfit_barista_feminine_shoes_sit.png[39m[0m
[  27% ] [90m[1m_update_scan_actions[22m | outfit_barista_feminine_top.png[39m[0m
[  27% ] [90m[1m_update_scan_actions[22m | outfit_barista_feminine_top_carry.png[39m[0m
[  27% ] [90m[1m_update_scan_actions[22m | outfit_barista_feminine_top_detail.png[39m[0m
[  27% ] [90m[1m_update_scan_actions[22m | outfit_barista_feminine_top_detail_carry.png[39m[0m
[  27% ] [90m[1m_update_scan_actions[22m | outfit_barista_feminine_top_detail_idle.png[39m[0m
[  27% ] [90m[1m_update_scan_actions[22m | outfit_barista_feminine_top_detail_interact.png[39m[0m
[  27% ] [90m[1m_update_scan_actions[22m | outfit_barista_feminine_top_detail_phone.png[39m[0m
[  28% ] [90m[1m_update_scan_actions[22m | outfit_barista_feminine_top_detail_sit.png[39m[0m
[  28% ] [90m[1m_update_scan_actions[22m | outfit_barista_feminine_top_idle.png[39m[0m
[  28% ] [90m[1m_update_scan_actions[22m | outfit_barista_feminine_top_interact.png[39m[0m
[  28% ] [90m[1m_update_scan_actions[22m | outfit_barista_feminine_top_phone.png[39m[0m
[  28% ] [90m[1m_update_scan_actions[22m | outfit_barista_feminine_top_sit.png[39m[0m
[  28% ] [90m[1m_update_scan_actions[22m | outfit_barista_masculine_bottom.png[39m[0m
[  28% ] [90m[1m_update_scan_actions[22m | outfit_barista_masculine_bottom_carry.png[39m[0m
[  28% ] [90m[1m_update_scan_actions[22m | outfit_barista_masculine_bottom_idle.png[39m[0m
[  28% ] [90m[1m_update_scan_actions[22m | outfit_barista_masculine_bottom_interact.png[39m[0m
[  28% ] [90m[1m_update_scan_actions[22m | outfit_barista_masculine_bottom_phone.png[39m[0m
[  28% ] [90m[1m_update_scan_actions[22m | outfit_barista_masculine_bottom_sit.png[39m[0m
[  28% ] [90m[1m_update_scan_actions[22m | outfit_barista_masculine_shoes.png[39m[0m
[  28% ] [90m[1m_update_scan_actions[22m | outfit_barista_masculine_shoes_carry.png[39m[0m
[  28% ] [90m[1m_update_scan_actions[22m | outfit_barista_masculine_shoes_idle.png[39m[0m
[  28% ] [90m[1m_update_scan_actions[22m | outfit_barista_masculine_shoes_interact.png[39m[0m
[  28% ] [90m[1m_update_scan_actions[22m | outfit_barista_masculine_shoes_phone.png[39m[0m
[  29% ] [90m[1m_update_scan_actions[22m | outfit_barista_masculine_shoes_sit.png[39m[0m
[  29% ] [90m[1m_update_scan_actions[22m | outfit_barista_masculine_top.png[39m[0m
[  29% ] [90m[1m_update_scan_actions[22m | outfit_barista_masculine_top_carry.png[39m[0m
[  29% ] [90m[1m_update_scan_actions[22m | outfit_barista_masculine_top_detail.png[39m[0m
[  29% ] [90m[1m_update_scan_actions[22m | outfit_barista_masculine_top_detail_carry.png[39m[0m
[  29% ] [90m[1m_update_scan_actions[22m | outfit_barista_masculine_top_detail_idle.png[39m[0m
[  29% ] [90m[1m_update_scan_actions[22m | outfit_barista_masculine_top_detail_interact.png[39m[0m
[  29% ] [90m[1m_update_scan_actions[22m | outfit_barista_masculine_top_detail_phone.png[39m[0m
[  29% ] [90m[1m_update_scan_actions[22m | outfit_barista_masculine_top_detail_sit.png[39m[0m
[  29% ] [90m[1m_update_scan_actions[22m | outfit_barista_masculine_top_idle.png[39m[0m
[  29% ] [90m[1m_update_scan_actions[22m | outfit_barista_masculine_top_interact.png[39m[0m
[  29% ] [90m[1m_update_scan_actions[22m | outfit_barista_masculine_top_phone.png[39m[0m
[  29% ] [90m[1m_update_scan_actions[22m | outfit_barista_masculine_top_sit.png[39m[0m
[  29% ] [90m[1m_update_scan_actions[22m | outfit_barista_neutral_bottom.png[39m[0m
[  29% ] [90m[1m_update_scan_actions[22m | outfit_barista_neutral_bottom_carry.png[39m[0m
[  29% ] [90m[1m_update_scan_actions[22m | outfit_barista_neutral_bottom_idle.png[39m[0m
[  30% ] [90m[1m_update_scan_actions[22m | outfit_barista_neutral_bottom_interact.png[39m[0m
[  30% ] [90m[1m_update_scan_actions[22m | outfit_barista_neutral_bottom_phone.png[39m[0m
[  30% ] [90m[1m_update_scan_actions[22m | outfit_barista_neutral_bottom_sit.png[39m[0m
[  30% ] [90m[1m_update_scan_actions[22m | outfit_barista_neutral_shoes.png[39m[0m
[  30% ] [90m[1m_update_scan_actions[22m | outfit_barista_neutral_shoes_carry.png[39m[0m
[  30% ] [90m[1m_update_scan_actions[22m | outfit_barista_neutral_shoes_idle.png[39m[0m
[  30% ] [90m[1m_update_scan_actions[22m | outfit_barista_neutral_shoes_interact.png[39m[0m
[  30% ] [90m[1m_update_scan_actions[22m | outfit_barista_neutral_shoes_phone.png[39m[0m
[  30% ] [90m[1m_update_scan_actions[22m | outfit_barista_neutral_shoes_sit.png[39m[0m
[  30% ] [90m[1m_update_scan_actions[22m | outfit_barista_neutral_top.png[39m[0m
[  30% ] [90m[1m_update_scan_actions[22m | outfit_barista_neutral_top_carry.png[39m[0m
[  30% ] [90m[1m_update_scan_actions[22m | outfit_barista_neutral_top_detail.png[39m[0m
[  30% ] [90m[1m_update_scan_actions[22m | outfit_barista_neutral_top_detail_carry.png[39m[0m
[  30% ] [90m[1m_update_scan_actions[22m | outfit_barista_neutral_top_detail_idle.png[39m[0m
[  30% ] [90m[1m_update_scan_actions[22m | outfit_barista_neutral_top_detail_interact.png[39m[0m
[  30% ] [90m[1m_update_scan_actions[22m | outfit_barista_neutral_top_detail_phone.png[39m[0m
[  31% ] [90m[1m_update_scan_actions[22m | outfit_barista_neutral_top_detail_sit.png[39m[0m
[  31% ] [90m[1m_update_scan_actions[22m | outfit_barista_neutral_top_idle.png[39m[0m
[  31% ] [90m[1m_update_scan_actions[22m | outfit_barista_neutral_top_interact.png[39m[0m
[  31% ] [90m[1m_update_scan_actions[22m | outfit_barista_neutral_top_phone.png[39m[0m
[  31% ] [90m[1m_update_scan_actions[22m | outfit_barista_neutral_top_sit.png[39m[0m
[  31% ] [90m[1m_update_scan_actions[22m | outfit_business_suit_feminine_bottom.png[39m[0m
[  31% ] [90m[1m_update_scan_actions[22m | outfit_business_suit_feminine_bottom_carry.png[39m[0m
[  31% ] [90m[1m_update_scan_actions[22m | outfit_business_suit_feminine_bottom_idle.png[39m[0m
[  31% ] [90m[1m_update_scan_actions[22m | outfit_business_suit_feminine_bottom_interact.png[39m[0m
[  31% ] [90m[1m_update_scan_actions[22m | outfit_business_suit_feminine_bottom_phone.png[39m[0m
[  31% ] [90m[1m_update_scan_actions[22m | outfit_business_suit_feminine_bottom_sit.png[39m[0m
[  31% ] [90m[1m_update_scan_actions[22m | outfit_business_suit_feminine_shoes.png[39m[0m
[  31% ] [90m[1m_update_scan_actions[22m | outfit_business_suit_feminine_shoes_carry.png[39m[0m
[  31% ] [90m[1m_update_scan_actions[22m | outfit_business_suit_feminine_shoes_idle.png[39m[0m
[  31% ] [90m[1m_update_scan_actions[22m | outfit_business_suit_feminine_shoes_interact.png[39m[0m
[  32% ] [90m[1m_update_scan_actions[22m | outfit_business_suit_feminine_shoes_phone.png[39m[0m
[  32% ] [90m[1m_update_scan_actions[22m | outfit_business_suit_feminine_shoes_sit.png[39m[0m
[  32% ] [90m[1m_update_scan_actions[22m | outfit_business_suit_feminine_top.png[39m[0m
[  32% ] [90m[1m_update_scan_actions[22m | outfit_business_suit_feminine_top_carry.png[39m[0m
[  32% ] [90m[1m_update_scan_actions[22m | outfit_business_suit_feminine_top_detail.png[39m[0m
[  32% ] [90m[1m_update_scan_actions[22m | outfit_business_suit_feminine_top_detail_carry.png[39m[0m
[  32% ] [90m[1m_update_scan_actions[22m | outfit_business_suit_feminine_top_detail_idle.png[39m[0m
[  32% ] [90m[1m_update_scan_actions[22m | outfit_business_suit_feminine_top_detail_interact.png[39m[0m
[  32% ] [90m[1m_update_scan_actions[22m | outfit_business_suit_feminine_top_detail_phone.png[39m[0m
[  32% ] [90m[1m_update_scan_actions[22m | outfit_business_suit_feminine_top_detail_sit.png[39m[0m
[  32% ] [90m[1m_update_scan_actions[22m | outfit_business_suit_feminine_top_idle.png[39m[0m
[  32% ] [90m[1m_update_scan_actions[22m | outfit_business_suit_feminine_top_interact.png[39m[0m
[  32% ] [90m[1m_update_scan_actions[22m | outfit_business_suit_feminine_top_phone.png[39m[0m
[  32% ] [90m[1m_update_scan_actions[22m | outfit_business_suit_feminine_top_sit.png[39m[0m
[  32% ] [90m[1m_update_scan_actions[22m | outfit_business_suit_masculine_bottom.png[39m[0m
[  32% ] [90m[1m_update_scan_actions[22m | outfit_business_suit_masculine_bottom_carry.png[39m[0m
[  33% ] [90m[1m_update_scan_actions[22m | outfit_business_suit_masculine_bottom_idle.png[39m[0m
[  33% ] [90m[1m_update_scan_actions[22m | outfit_business_suit_masculine_bottom_interact.png[39m[0m
[  33% ] [90m[1m_update_scan_actions[22m | outfit_business_suit_masculine_bottom_phone.png[39m[0m
[  33% ] [90m[1m_update_scan_actions[22m | outfit_business_suit_masculine_bottom_sit.png[39m[0m
[  33% ] [90m[1m_update_scan_actions[22m | outfit_business_suit_masculine_shoes.png[39m[0m
[  33% ] [90m[1m_update_scan_actions[22m | outfit_business_suit_masculine_shoes_carry.png[39m[0m
[  33% ] [90m[1m_update_scan_actions[22m | outfit_business_suit_masculine_shoes_idle.png[39m[0m
[  33% ] [90m[1m_update_scan_actions[22m | outfit_business_suit_masculine_shoes_interact.png[39m[0m
[  33% ] [90m[1m_update_scan_actions[22m | outfit_business_suit_masculine_shoes_phone.png[39m[0m
[  33% ] [90m[1m_update_scan_actions[22m | outfit_business_suit_masculine_shoes_sit.png[39m[0m
[  33% ] [90m[1m_update_scan_actions[22m | outfit_business_suit_masculine_top.png[39m[0m
[  33% ] [90m[1m_update_scan_actions[22m | outfit_business_suit_masculine_top_carry.png[39m[0m
[  33% ] [90m[1m_update_scan_actions[22m | outfit_business_suit_masculine_top_detail.png[39m[0m
[  33% ] [90m[1m_update_scan_actions[22m | outfit_business_suit_masculine_top_detail_carry.png[39m[0m
[  33% ] [90m[1m_update_scan_actions[22m | outfit_business_suit_masculine_top_detail_idle.png[39m[0m
[  33% ] [90m[1m_update_scan_actions[22m | outfit_business_suit_masculine_top_detail_interact.png[39m[0m
[  34% ] [90m[1m_update_scan_actions[22m | outfit_business_suit_masculine_top_detail_phone.png[39m[0m
[  34% ] [90m[1m_update_scan_actions[22m | outfit_business_suit_masculine_top_detail_sit.png[39m[0m
[  34% ] [90m[1m_update_scan_actions[22m | outfit_business_suit_masculine_top_idle.png[39m[0m
[  34% ] [90m[1m_update_scan_actions[22m | outfit_business_suit_masculine_top_interact.png[39m[0m
[  34% ] [90m[1m_update_scan_actions[22m | outfit_business_suit_masculine_top_phone.png[39m[0m
[  34% ] [90m[1m_update_scan_actions[22m | outfit_business_suit_masculine_top_sit.png[39m[0m
[  34% ] [90m[1m_update_scan_actions[22m | outfit_business_suit_neutral_bottom.png[39m[0m
[  34% ] [90m[1m_update_scan_actions[22m | outfit_business_suit_neutral_bottom_carry.png[39m[0m
[  34% ] [90m[1m_update_scan_actions[22m | outfit_business_suit_neutral_bottom_idle.png[39m[0m
[  34% ] [90m[1m_update_scan_actions[22m | outfit_business_suit_neutral_bottom_interact.png[39m[0m
[  34% ] [90m[1m_update_scan_actions[22m | outfit_business_suit_neutral_bottom_phone.png[39m[0m
[  34% ] [90m[1m_update_scan_actions[22m | outfit_business_suit_neutral_bottom_sit.png[39m[0m
[  34% ] [90m[1m_update_scan_actions[22m | outfit_business_suit_neutral_shoes.png[39m[0m
[  34% ] [90m[1m_update_scan_actions[22m | outfit_business_suit_neutral_shoes_carry.png[39m[0m
[  34% ] [90m[1m_update_scan_actions[22m | outfit_business_suit_neutral_shoes_idle.png[39m[0m
[  34% ] [90m[1m_update_scan_actions[22m | outfit_business_suit_neutral_shoes_interact.png[39m[0m
[  35% ] [90m[1m_update_scan_actions[22m | outfit_business_suit_neutral_shoes_phone.png[39m[0m
[  35% ] [90m[1m_update_scan_actions[22m | outfit_business_suit_neutral_shoes_sit.png[39m[0m
[  35% ] [90m[1m_update_scan_actions[22m | outfit_business_suit_neutral_top.png[39m[0m
[  35% ] [90m[1m_update_scan_actions[22m | outfit_business_suit_neutral_top_carry.png[39m[0m
[  35% ] [90m[1m_update_scan_actions[22m | outfit_business_suit_neutral_top_detail.png[39m[0m
[  35% ] [90m[1m_update_scan_actions[22m | outfit_business_suit_neutral_top_detail_carry.png[39m[0m
[  35% ] [90m[1m_update_scan_actions[22m | outfit_business_suit_neutral_top_detail_idle.png[39m[0m
[  35% ] [90m[1m_update_scan_actions[22m | outfit_business_suit_neutral_top_detail_interact.png[39m[0m
[  35% ] [90m[1m_update_scan_actions[22m | outfit_business_suit_neutral_top_detail_phone.png[39m[0m
[  35% ] [90m[1m_update_scan_actions[22m | outfit_business_suit_neutral_top_detail_sit.png[39m[0m
[  35% ] [90m[1m_update_scan_actions[22m | outfit_business_suit_neutral_top_idle.png[39m[0m
[  35% ] [90m[1m_update_scan_actions[22m | outfit_business_suit_neutral_top_interact.png[39m[0m
[  35% ] [90m[1m_update_scan_actions[22m | outfit_business_suit_neutral_top_phone.png[39m[0m
[  35% ] [90m[1m_update_scan_actions[22m | outfit_business_suit_neutral_top_sit.png[39m[0m
[  35% ] [90m[1m_update_scan_actions[22m | outfit_casual_jacket_feminine_bottom.png[39m[0m
[  36% ] [90m[1m_update_scan_actions[22m | outfit_casual_jacket_feminine_bottom_carry.png[39m[0m
[  36% ] [90m[1m_update_scan_actions[22m | outfit_casual_jacket_feminine_bottom_idle.png[39m[0m
[  36% ] [90m[1m_update_scan_actions[22m | outfit_casual_jacket_feminine_bottom_interact.png[39m[0m
[  36% ] [90m[1m_update_scan_actions[22m | outfit_casual_jacket_feminine_bottom_phone.png[39m[0m
[  36% ] [90m[1m_update_scan_actions[22m | outfit_casual_jacket_feminine_bottom_sit.png[39m[0m
[  36% ] [90m[1m_update_scan_actions[22m | outfit_casual_jacket_feminine_shoes.png[39m[0m
[  36% ] [90m[1m_update_scan_actions[22m | outfit_casual_jacket_feminine_shoes_carry.png[39m[0m
[  36% ] [90m[1m_update_scan_actions[22m | outfit_casual_jacket_feminine_shoes_idle.png[39m[0m
[  36% ] [90m[1m_update_scan_actions[22m | outfit_casual_jacket_feminine_shoes_interact.png[39m[0m
[  36% ] [90m[1m_update_scan_actions[22m | outfit_casual_jacket_feminine_shoes_phone.png[39m[0m
[  36% ] [90m[1m_update_scan_actions[22m | outfit_casual_jacket_feminine_shoes_sit.png[39m[0m
[  36% ] [90m[1m_update_scan_actions[22m | outfit_casual_jacket_feminine_top.png[39m[0m
[  36% ] [90m[1m_update_scan_actions[22m | outfit_casual_jacket_feminine_top_carry.png[39m[0m
[  36% ] [90m[1m_update_scan_actions[22m | outfit_casual_jacket_feminine_top_idle.png[39m[0m
[  36% ] [90m[1m_update_scan_actions[22m | outfit_casual_jacket_feminine_top_interact.png[39m[0m
[  36% ] [90m[1m_update_scan_actions[22m | outfit_casual_jacket_feminine_top_phone.png[39m[0m
[  37% ] [90m[1m_update_scan_actions[22m | outfit_casual_jacket_feminine_top_sit.png[39m[0m
[  37% ] [90m[1m_update_scan_actions[22m | outfit_casual_jacket_masculine_bottom.png[39m[0m
[  37% ] [90m[1m_update_scan_actions[22m | outfit_casual_jacket_masculine_bottom_carry.png[39m[0m
[  37% ] [90m[1m_update_scan_actions[22m | outfit_casual_jacket_masculine_bottom_idle.png[39m[0m
[  37% ] [90m[1m_update_scan_actions[22m | outfit_casual_jacket_masculine_bottom_interact.png[39m[0m
[  37% ] [90m[1m_update_scan_actions[22m | outfit_casual_jacket_masculine_bottom_phone.png[39m[0m
[  37% ] [90m[1m_update_scan_actions[22m | outfit_casual_jacket_masculine_bottom_sit.png[39m[0m
[  37% ] [90m[1m_update_scan_actions[22m | outfit_casual_jacket_masculine_shoes.png[39m[0m
[  37% ] [90m[1m_update_scan_actions[22m | outfit_casual_jacket_masculine_shoes_carry.png[39m[0m
[  37% ] [90m[1m_update_scan_actions[22m | outfit_casual_jacket_masculine_shoes_idle.png[39m[0m
[  37% ] [90m[1m_update_scan_actions[22m | outfit_casual_jacket_masculine_shoes_interact.png[39m[0m
[  37% ] [90m[1m_update_scan_actions[22m | outfit_casual_jacket_masculine_shoes_phone.png[39m[0m
[  37% ] [90m[1m_update_scan_actions[22m | outfit_casual_jacket_masculine_shoes_sit.png[39m[0m
[  37% ] [90m[1m_update_scan_actions[22m | outfit_casual_jacket_masculine_top.png[39m[0m
[  37% ] [90m[1m_update_scan_actions[22m | outfit_casual_jacket_masculine_top_carry.png[39m[0m
[  37% ] [90m[1m_update_scan_actions[22m | outfit_casual_jacket_masculine_top_idle.png[39m[0m
[  38% ] [90m[1m_update_scan_actions[22m | outfit_casual_jacket_masculine_top_interact.png[39m[0m
[  38% ] [90m[1m_update_scan_actions[22m | outfit_casual_jacket_masculine_top_phone.png[39m[0m
[  38% ] [90m[1m_update_scan_actions[22m | outfit_casual_jacket_masculine_top_sit.png[39m[0m
[  38% ] [90m[1m_update_scan_actions[22m | outfit_casual_jacket_neutral_bottom.png[39m[0m
[  38% ] [90m[1m_update_scan_actions[22m | outfit_casual_jacket_neutral_bottom_carry.png[39m[0m
[  38% ] [90m[1m_update_scan_actions[22m | outfit_casual_jacket_neutral_bottom_idle.png[39m[0m
[  38% ] [90m[1m_update_scan_actions[22m | outfit_casual_jacket_neutral_bottom_interact.png[39m[0m
[  38% ] [90m[1m_update_scan_actions[22m | outfit_casual_jacket_neutral_bottom_phone.png[39m[0m
[  38% ] [90m[1m_update_scan_actions[22m | outfit_casual_jacket_neutral_bottom_sit.png[39m[0m
[  38% ] [90m[1m_update_scan_actions[22m | outfit_casual_jacket_neutral_shoes.png[39m[0m
[  38% ] [90m[1m_update_scan_actions[22m | outfit_casual_jacket_neutral_shoes_carry.png[39m[0m
[  38% ] [90m[1m_update_scan_actions[22m | outfit_casual_jacket_neutral_shoes_idle.png[39m[0m
[  38% ] [90m[1m_update_scan_actions[22m | outfit_casual_jacket_neutral_shoes_interact.png[39m[0m
[  38% ] [90m[1m_update_scan_actions[22m | outfit_casual_jacket_neutral_shoes_phone.png[39m[0m
[  38% ] [90m[1m_update_scan_actions[22m | outfit_casual_jacket_neutral_shoes_sit.png[39m[0m
[  38% ] [90m[1m_update_scan_actions[22m | outfit_casual_jacket_neutral_top.png[39m[0m
[  39% ] [90m[1m_update_scan_actions[22m | outfit_casual_jacket_neutral_top_carry.png[39m[0m
[  39% ] [90m[1m_update_scan_actions[22m | outfit_casual_jacket_neutral_top_idle.png[39m[0m
[  39% ] [90m[1m_update_scan_actions[22m | outfit_casual_jacket_neutral_top_interact.png[39m[0m
[  39% ] [90m[1m_update_scan_actions[22m | outfit_casual_jacket_neutral_top_phone.png[39m[0m
[  39% ] [90m[1m_update_scan_actions[22m | outfit_casual_jacket_neutral_top_sit.png[39m[0m
[  39% ] [90m[1m_update_scan_actions[22m | outfit_casual_tee_feminine_bottom.png[39m[0m
[  39% ] [90m[1m_update_scan_actions[22m | outfit_casual_tee_feminine_bottom_carry.png[39m[0m
[  39% ] [90m[1m_update_scan_actions[22m | outfit_casual_tee_feminine_bottom_idle.png[39m[0m
[  39% ] [90m[1m_update_scan_actions[22m | outfit_casual_tee_feminine_bottom_interact.png[39m[0m
[  39% ] [90m[1m_update_scan_actions[22m | outfit_casual_tee_feminine_bottom_phone.png[39m[0m
[  39% ] [90m[1m_update_scan_actions[22m | outfit_casual_tee_feminine_bottom_sit.png[39m[0m
[  39% ] [90m[1m_update_scan_actions[22m | outfit_casual_tee_feminine_shoes.png[39m[0m
[  39% ] [90m[1m_update_scan_actions[22m | outfit_casual_tee_feminine_shoes_carry.png[39m[0m
[  39% ] [90m[1m_update_scan_actions[22m | outfit_casual_tee_feminine_shoes_idle.png[39m[0m
[  39% ] [90m[1m_update_scan_actions[22m | outfit_casual_tee_feminine_shoes_interact.png[39m[0m
[  40% ] [90m[1m_update_scan_actions[22m | outfit_casual_tee_feminine_shoes_phone.png[39m[0m
[  40% ] [90m[1m_update_scan_actions[22m | outfit_casual_tee_feminine_shoes_sit.png[39m[0m
[  40% ] [90m[1m_update_scan_actions[22m | outfit_casual_tee_feminine_top.png[39m[0m
[  40% ] [90m[1m_update_scan_actions[22m | outfit_casual_tee_feminine_top_carry.png[39m[0m
[  40% ] [90m[1m_update_scan_actions[22m | outfit_casual_tee_feminine_top_idle.png[39m[0m
[  40% ] [90m[1m_update_scan_actions[22m | outfit_casual_tee_feminine_top_interact.png[39m[0m
[  40% ] [90m[1m_update_scan_actions[22m | outfit_casual_tee_feminine_top_phone.png[39m[0m
[  40% ] [90m[1m_update_scan_actions[22m | outfit_casual_tee_feminine_top_sit.png[39m[0m
[  40% ] [90m[1m_update_scan_actions[22m | outfit_casual_tee_masculine_bottom.png[39m[0m
[  40% ] [90m[1m_update_scan_actions[22m | outfit_casual_tee_masculine_bottom_carry.png[39m[0m
[  40% ] [90m[1m_update_scan_actions[22m | outfit_casual_tee_masculine_bottom_idle.png[39m[0m
[  40% ] [90m[1m_update_scan_actions[22m | outfit_casual_tee_masculine_bottom_interact.png[39m[0m
[  40% ] [90m[1m_update_scan_actions[22m | outfit_casual_tee_masculine_bottom_phone.png[39m[0m
[  40% ] [90m[1m_update_scan_actions[22m | outfit_casual_tee_masculine_bottom_sit.png[39m[0m
[  40% ] [90m[1m_update_scan_actions[22m | outfit_casual_tee_masculine_shoes.png[39m[0m
[  40% ] [90m[1m_update_scan_actions[22m | outfit_casual_tee_masculine_shoes_carry.png[39m[0m
[  41% ] [90m[1m_update_scan_actions[22m | outfit_casual_tee_masculine_shoes_idle.png[39m[0m
[  41% ] [90m[1m_update_scan_actions[22m | outfit_casual_tee_masculine_shoes_interact.png[39m[0m
[  41% ] [90m[1m_update_scan_actions[22m | outfit_casual_tee_masculine_shoes_phone.png[39m[0m
[  41% ] [90m[1m_update_scan_actions[22m | outfit_casual_tee_masculine_shoes_sit.png[39m[0m
[  41% ] [90m[1m_update_scan_actions[22m | outfit_casual_tee_masculine_top.png[39m[0m
[  41% ] [90m[1m_update_scan_actions[22m | outfit_casual_tee_masculine_top_carry.png[39m[0m
[  41% ] [90m[1m_update_scan_actions[22m | outfit_casual_tee_masculine_top_idle.png[39m[0m
[  41% ] [90m[1m_update_scan_actions[22m | outfit_casual_tee_masculine_top_interact.png[39m[0m
[  41% ] [90m[1m_update_scan_actions[22m | outfit_casual_tee_masculine_top_phone.png[39m[0m
[  41% ] [90m[1m_update_scan_actions[22m | outfit_casual_tee_masculine_top_sit.png[39m[0m
[  41% ] [90m[1m_update_scan_actions[22m | outfit_casual_tee_neutral_bottom.png[39m[0m
[  41% ] [90m[1m_update_scan_actions[22m | outfit_casual_tee_neutral_bottom_carry.png[39m[0m
[  41% ] [90m[1m_update_scan_actions[22m | outfit_casual_tee_neutral_bottom_idle.png[39m[0m
[  41% ] [90m[1m_update_scan_actions[22m | outfit_casual_tee_neutral_bottom_interact.png[39m[0m
[  41% ] [90m[1m_update_scan_actions[22m | outfit_casual_tee_neutral_bottom_phone.png[39m[0m
[  41% ] [90m[1m_update_scan_actions[22m | outfit_casual_tee_neutral_bottom_sit.png[39m[0m
[  42% ] [90m[1m_update_scan_actions[22m | outfit_casual_tee_neutral_shoes.png[39m[0m
[  42% ] [90m[1m_update_scan_actions[22m | outfit_casual_tee_neutral_shoes_carry.png[39m[0m
[  42% ] [90m[1m_update_scan_actions[22m | outfit_casual_tee_neutral_shoes_idle.png[39m[0m
[  42% ] [90m[1m_update_scan_actions[22m | outfit_casual_tee_neutral_shoes_interact.png[39m[0m
[  42% ] [90m[1m_update_scan_actions[22m | outfit_casual_tee_neutral_shoes_phone.png[39m[0m
[  42% ] [90m[1m_update_scan_actions[22m | outfit_casual_tee_neutral_shoes_sit.png[39m[0m
[  42% ] [90m[1m_update_scan_actions[22m | outfit_casual_tee_neutral_top.png[39m[0m
[  42% ] [90m[1m_update_scan_actions[22m | outfit_casual_tee_neutral_top_carry.png[39m[0m
[  42% ] [90m[1m_update_scan_actions[22m | outfit_casual_tee_neutral_top_idle.png[39m[0m
[  42% ] [90m[1m_update_scan_actions[22m | outfit_casual_tee_neutral_top_interact.png[39m[0m
[  42% ] [90m[1m_update_scan_actions[22m | outfit_casual_tee_neutral_top_phone.png[39m[0m
[  42% ] [90m[1m_update_scan_actions[22m | outfit_casual_tee_neutral_top_sit.png[39m[0m
[  42% ] [90m[1m_update_scan_actions[22m | outfit_civic_staff_feminine_bottom.png[39m[0m
[  42% ] [90m[1m_update_scan_actions[22m | outfit_civic_staff_feminine_bottom_carry.png[39m[0m
[  42% ] [90m[1m_update_scan_actions[22m | outfit_civic_staff_feminine_bottom_idle.png[39m[0m
[  42% ] [90m[1m_update_scan_actions[22m | outfit_civic_staff_feminine_bottom_interact.png[39m[0m
[  43% ] [90m[1m_update_scan_actions[22m | outfit_civic_staff_feminine_bottom_phone.png[39m[0m
[  43% ] [90m[1m_update_scan_actions[22m | outfit_civic_staff_feminine_bottom_sit.png[39m[0m
[  43% ] [90m[1m_update_scan_actions[22m | outfit_civic_staff_feminine_shoes.png[39m[0m
[  43% ] [90m[1m_update_scan_actions[22m | outfit_civic_staff_feminine_shoes_carry.png[39m[0m
[  43% ] [90m[1m_update_scan_actions[22m | outfit_civic_staff_feminine_shoes_idle.png[39m[0m
[  43% ] [90m[1m_update_scan_actions[22m | outfit_civic_staff_feminine_shoes_interact.png[39m[0m
[  43% ] [90m[1m_update_scan_actions[22m | outfit_civic_staff_feminine_shoes_phone.png[39m[0m
[  43% ] [90m[1m_update_scan_actions[22m | outfit_civic_staff_feminine_shoes_sit.png[39m[0m
[  43% ] [90m[1m_update_scan_actions[22m | outfit_civic_staff_feminine_top.png[39m[0m
[  43% ] [90m[1m_update_scan_actions[22m | outfit_civic_staff_feminine_top_carry.png[39m[0m
[  43% ] [90m[1m_update_scan_actions[22m | outfit_civic_staff_feminine_top_detail.png[39m[0m
[  43% ] [90m[1m_update_scan_actions[22m | outfit_civic_staff_feminine_top_detail_carry.png[39m[0m
[  43% ] [90m[1m_update_scan_actions[22m | outfit_civic_staff_feminine_top_detail_idle.png[39m[0m
[  43% ] [90m[1m_update_scan_actions[22m | outfit_civic_staff_feminine_top_detail_interact.png[39m[0m
[  43% ] [90m[1m_update_scan_actions[22m | outfit_civic_staff_feminine_top_detail_phone.png[39m[0m
[  44% ] [90m[1m_update_scan_actions[22m | outfit_civic_staff_feminine_top_detail_sit.png[39m[0m
[  44% ] [90m[1m_update_scan_actions[22m | outfit_civic_staff_feminine_top_idle.png[39m[0m
[  44% ] [90m[1m_update_scan_actions[22m | outfit_civic_staff_feminine_top_interact.png[39m[0m
[  44% ] [90m[1m_update_scan_actions[22m | outfit_civic_staff_feminine_top_phone.png[39m[0m
[  44% ] [90m[1m_update_scan_actions[22m | outfit_civic_staff_feminine_top_sit.png[39m[0m
[  44% ] [90m[1m_update_scan_actions[22m | outfit_civic_staff_masculine_bottom.png[39m[0m
[  44% ] [90m[1m_update_scan_actions[22m | outfit_civic_staff_masculine_bottom_carry.png[39m[0m
[  44% ] [90m[1m_update_scan_actions[22m | outfit_civic_staff_masculine_bottom_idle.png[39m[0m
[  44% ] [90m[1m_update_scan_actions[22m | outfit_civic_staff_masculine_bottom_interact.png[39m[0m
[  44% ] [90m[1m_update_scan_actions[22m | outfit_civic_staff_masculine_bottom_phone.png[39m[0m
[  44% ] [90m[1m_update_scan_actions[22m | outfit_civic_staff_masculine_bottom_sit.png[39m[0m
[  44% ] [90m[1m_update_scan_actions[22m | outfit_civic_staff_masculine_shoes.png[39m[0m
[  44% ] [90m[1m_update_scan_actions[22m | outfit_civic_staff_masculine_shoes_carry.png[39m[0m
[  44% ] [90m[1m_update_scan_actions[22m | outfit_civic_staff_masculine_shoes_idle.png[39m[0m
[  44% ] [90m[1m_update_scan_actions[22m | outfit_civic_staff_masculine_shoes_interact.png[39m[0m
[  44% ] [90m[1m_update_scan_actions[22m | outfit_civic_staff_masculine_shoes_phone.png[39m[0m
[  45% ] [90m[1m_update_scan_actions[22m | outfit_civic_staff_masculine_shoes_sit.png[39m[0m
[  45% ] [90m[1m_update_scan_actions[22m | outfit_civic_staff_masculine_top.png[39m[0m
[  45% ] [90m[1m_update_scan_actions[22m | outfit_civic_staff_masculine_top_carry.png[39m[0m
[  45% ] [90m[1m_update_scan_actions[22m | outfit_civic_staff_masculine_top_detail.png[39m[0m
[  45% ] [90m[1m_update_scan_actions[22m | outfit_civic_staff_masculine_top_detail_carry.png[39m[0m
[  45% ] [90m[1m_update_scan_actions[22m | outfit_civic_staff_masculine_top_detail_idle.png[39m[0m
[  45% ] [90m[1m_update_scan_actions[22m | outfit_civic_staff_masculine_top_detail_interact.png[39m[0m
[  45% ] [90m[1m_update_scan_actions[22m | outfit_civic_staff_masculine_top_detail_phone.png[39m[0m
[  45% ] [90m[1m_update_scan_actions[22m | outfit_civic_staff_masculine_top_detail_sit.png[39m[0m
[  45% ] [90m[1m_update_scan_actions[22m | outfit_civic_staff_masculine_top_idle.png[39m[0m
[  45% ] [90m[1m_update_scan_actions[22m | outfit_civic_staff_masculine_top_interact.png[39m[0m
[  45% ] [90m[1m_update_scan_actions[22m | outfit_civic_staff_masculine_top_phone.png[39m[0m
[  45% ] [90m[1m_update_scan_actions[22m | outfit_civic_staff_masculine_top_sit.png[39m[0m
[  45% ] [90m[1m_update_scan_actions[22m | outfit_civic_staff_neutral_bottom.png[39m[0m
[  45% ] [90m[1m_update_scan_actions[22m | outfit_civic_staff_neutral_bottom_carry.png[39m[0m
[  45% ] [90m[1m_update_scan_actions[22m | outfit_civic_staff_neutral_bottom_idle.png[39m[0m
[  46% ] [90m[1m_update_scan_actions[22m | outfit_civic_staff_neutral_bottom_interact.png[39m[0m
[  46% ] [90m[1m_update_scan_actions[22m | outfit_civic_staff_neutral_bottom_phone.png[39m[0m
[  46% ] [90m[1m_update_scan_actions[22m | outfit_civic_staff_neutral_bottom_sit.png[39m[0m
[  46% ] [90m[1m_update_scan_actions[22m | outfit_civic_staff_neutral_shoes.png[39m[0m
[  46% ] [90m[1m_update_scan_actions[22m | outfit_civic_staff_neutral_shoes_carry.png[39m[0m
[  46% ] [90m[1m_update_scan_actions[22m | outfit_civic_staff_neutral_shoes_idle.png[39m[0m
[  46% ] [90m[1m_update_scan_actions[22m | outfit_civic_staff_neutral_shoes_interact.png[39m[0m
[  46% ] [90m[1m_update_scan_actions[22m | outfit_civic_staff_neutral_shoes_phone.png[39m[0m
[  46% ] [90m[1m_update_scan_actions[22m | outfit_civic_staff_neutral_shoes_sit.png[39m[0m
[  46% ] [90m[1m_update_scan_actions[22m | outfit_civic_staff_neutral_top.png[39m[0m
[  46% ] [90m[1m_update_scan_actions[22m | outfit_civic_staff_neutral_top_carry.png[39m[0m
[  46% ] [90m[1m_update_scan_actions[22m | outfit_civic_staff_neutral_top_detail.png[39m[0m
[  46% ] [90m[1m_update_scan_actions[22m | outfit_civic_staff_neutral_top_detail_carry.png[39m[0m
[  46% ] [90m[1m_update_scan_actions[22m | outfit_civic_staff_neutral_top_detail_idle.png[39m[0m
[  46% ] [90m[1m_update_scan_actions[22m | outfit_civic_staff_neutral_top_detail_interact.png[39m[0m
[  46% ] [90m[1m_update_scan_actions[22m | outfit_civic_staff_neutral_top_detail_phone.png[39m[0m
[  47% ] [90m[1m_update_scan_actions[22m | outfit_civic_staff_neutral_top_detail_sit.png[39m[0m
[  47% ] [90m[1m_update_scan_actions[22m | outfit_civic_staff_neutral_top_idle.png[39m[0m
[  47% ] [90m[1m_update_scan_actions[22m | outfit_civic_staff_neutral_top_interact.png[39m[0m
[  47% ] [90m[1m_update_scan_actions[22m | outfit_civic_staff_neutral_top_phone.png[39m[0m
[  47% ] [90m[1m_update_scan_actions[22m | outfit_civic_staff_neutral_top_sit.png[39m[0m
[  47% ] [90m[1m_update_scan_actions[22m | outfit_courier_feminine_bottom.png[39m[0m
[  47% ] [90m[1m_update_scan_actions[22m | outfit_courier_feminine_bottom_carry.png[39m[0m
[  47% ] [90m[1m_update_scan_actions[22m | outfit_courier_feminine_bottom_idle.png[39m[0m
[  47% ] [90m[1m_update_scan_actions[22m | outfit_courier_feminine_bottom_interact.png[39m[0m
[  47% ] [90m[1m_update_scan_actions[22m | outfit_courier_feminine_bottom_phone.png[39m[0m
[  47% ] [90m[1m_update_scan_actions[22m | outfit_courier_feminine_bottom_sit.png[39m[0m
[  47% ] [90m[1m_update_scan_actions[22m | outfit_courier_feminine_shoes.png[39m[0m
[  47% ] [90m[1m_update_scan_actions[22m | outfit_courier_feminine_shoes_carry.png[39m[0m
[  47% ] [90m[1m_update_scan_actions[22m | outfit_courier_feminine_shoes_idle.png[39m[0m
[  47% ] [90m[1m_update_scan_actions[22m | outfit_courier_feminine_shoes_interact.png[39m[0m
[  48% ] [90m[1m_update_scan_actions[22m | outfit_courier_feminine_shoes_phone.png[39m[0m
[  48% ] [90m[1m_update_scan_actions[22m | outfit_courier_feminine_shoes_sit.png[39m[0m
[  48% ] [90m[1m_update_scan_actions[22m | outfit_courier_feminine_top.png[39m[0m
[  48% ] [90m[1m_update_scan_actions[22m | outfit_courier_feminine_top_carry.png[39m[0m
[  48% ] [90m[1m_update_scan_actions[22m | outfit_courier_feminine_top_detail.png[39m[0m
[  48% ] [90m[1m_update_scan_actions[22m | outfit_courier_feminine_top_detail_carry.png[39m[0m
[  48% ] [90m[1m_update_scan_actions[22m | outfit_courier_feminine_top_detail_idle.png[39m[0m
[  48% ] [90m[1m_update_scan_actions[22m | outfit_courier_feminine_top_detail_interact.png[39m[0m
[  48% ] [90m[1m_update_scan_actions[22m | outfit_courier_feminine_top_detail_phone.png[39m[0m
[  48% ] [90m[1m_update_scan_actions[22m | outfit_courier_feminine_top_detail_sit.png[39m[0m
[  48% ] [90m[1m_update_scan_actions[22m | outfit_courier_feminine_top_idle.png[39m[0m
[  48% ] [90m[1m_update_scan_actions[22m | outfit_courier_feminine_top_interact.png[39m[0m
[  48% ] [90m[1m_update_scan_actions[22m | outfit_courier_feminine_top_phone.png[39m[0m
[  48% ] [90m[1m_update_scan_actions[22m | outfit_courier_feminine_top_sit.png[39m[0m
[  48% ] [90m[1m_update_scan_actions[22m | outfit_courier_masculine_bottom.png[39m[0m
[  48% ] [90m[1m_update_scan_actions[22m | outfit_courier_masculine_bottom_carry.png[39m[0m
[  49% ] [90m[1m_update_scan_actions[22m | outfit_courier_masculine_bottom_idle.png[39m[0m
[  49% ] [90m[1m_update_scan_actions[22m | outfit_courier_masculine_bottom_interact.png[39m[0m
[  49% ] [90m[1m_update_scan_actions[22m | outfit_courier_masculine_bottom_phone.png[39m[0m
[  49% ] [90m[1m_update_scan_actions[22m | outfit_courier_masculine_bottom_sit.png[39m[0m
[  49% ] [90m[1m_update_scan_actions[22m | outfit_courier_masculine_shoes.png[39m[0m
[  49% ] [90m[1m_update_scan_actions[22m | outfit_courier_masculine_shoes_carry.png[39m[0m
[  49% ] [90m[1m_update_scan_actions[22m | outfit_courier_masculine_shoes_idle.png[39m[0m
[  49% ] [90m[1m_update_scan_actions[22m | outfit_courier_masculine_shoes_interact.png[39m[0m
[  49% ] [90m[1m_update_scan_actions[22m | outfit_courier_masculine_shoes_phone.png[39m[0m
[  49% ] [90m[1m_update_scan_actions[22m | outfit_courier_masculine_shoes_sit.png[39m[0m
[  49% ] [90m[1m_update_scan_actions[22m | outfit_courier_masculine_top.png[39m[0m
[  49% ] [90m[1m_update_scan_actions[22m | outfit_courier_masculine_top_carry.png[39m[0m
[  49% ] [90m[1m_update_scan_actions[22m | outfit_courier_masculine_top_detail.png[39m[0m
[  49% ] [90m[1m_update_scan_actions[22m | outfit_courier_masculine_top_detail_carry.png[39m[0m
[  49% ] [90m[1m_update_scan_actions[22m | outfit_courier_masculine_top_detail_idle.png[39m[0m
[  49% ] [90m[1m_update_scan_actions[22m | outfit_courier_masculine_top_detail_interact.png[39m[0m
[  50% ] [90m[1m_update_scan_actions[22m | outfit_courier_masculine_top_detail_phone.png[39m[0m
[  50% ] [90m[1m_update_scan_actions[22m | outfit_courier_masculine_top_detail_sit.png[39m[0m
[  50% ] [90m[1m_update_scan_actions[22m | outfit_courier_masculine_top_idle.png[39m[0m
[  50% ] [90m[1m_update_scan_actions[22m | outfit_courier_masculine_top_interact.png[39m[0m
[  50% ] [90m[1m_update_scan_actions[22m | outfit_courier_masculine_top_phone.png[39m[0m
[  50% ] [90m[1m_update_scan_actions[22m | outfit_courier_masculine_top_sit.png[39m[0m
[  50% ] [90m[1m_update_scan_actions[22m | outfit_courier_neutral_bottom.png[39m[0m
[  50% ] [90m[1m_update_scan_actions[22m | outfit_courier_neutral_bottom_carry.png[39m[0m
[  50% ] [90m[1m_update_scan_actions[22m | outfit_courier_neutral_bottom_idle.png[39m[0m
[  50% ] [90m[1m_update_scan_actions[22m | outfit_courier_neutral_bottom_interact.png[39m[0m
[  50% ] [90m[1m_update_scan_actions[22m | outfit_courier_neutral_bottom_phone.png[39m[0m
[  50% ] [90m[1m_update_scan_actions[22m | outfit_courier_neutral_bottom_sit.png[39m[0m
[  50% ] [90m[1m_update_scan_actions[22m | outfit_courier_neutral_shoes.png[39m[0m
[  50% ] [90m[1m_update_scan_actions[22m | outfit_courier_neutral_shoes_carry.png[39m[0m
[  50% ] [90m[1m_update_scan_actions[22m | outfit_courier_neutral_shoes_idle.png[39m[0m
[  50% ] [90m[1m_update_scan_actions[22m | outfit_courier_neutral_shoes_interact.png[39m[0m
[  51% ] [90m[1m_update_scan_actions[22m | outfit_courier_neutral_shoes_phone.png[39m[0m
[  51% ] [90m[1m_update_scan_actions[22m | outfit_courier_neutral_shoes_sit.png[39m[0m
[  51% ] [90m[1m_update_scan_actions[22m | outfit_courier_neutral_top.png[39m[0m
[  51% ] [90m[1m_update_scan_actions[22m | outfit_courier_neutral_top_carry.png[39m[0m
[  51% ] [90m[1m_update_scan_actions[22m | outfit_courier_neutral_top_detail.png[39m[0m
[  51% ] [90m[1m_update_scan_actions[22m | outfit_courier_neutral_top_detail_carry.png[39m[0m
[  51% ] [90m[1m_update_scan_actions[22m | outfit_courier_neutral_top_detail_idle.png[39m[0m
[  51% ] [90m[1m_update_scan_actions[22m | outfit_courier_neutral_top_detail_interact.png[39m[0m
[  51% ] [90m[1m_update_scan_actions[22m | outfit_courier_neutral_top_detail_phone.png[39m[0m
[  51% ] [90m[1m_update_scan_actions[22m | outfit_courier_neutral_top_detail_sit.png[39m[0m
[  51% ] [90m[1m_update_scan_actions[22m | outfit_courier_neutral_top_idle.png[39m[0m
[  51% ] [90m[1m_update_scan_actions[22m | outfit_courier_neutral_top_interact.png[39m[0m
[  51% ] [90m[1m_update_scan_actions[22m | outfit_courier_neutral_top_phone.png[39m[0m
[  51% ] [90m[1m_update_scan_actions[22m | outfit_courier_neutral_top_sit.png[39m[0m
[  51% ] [90m[1m_update_scan_actions[22m | outfit_home_feminine_bottom.png[39m[0m
[  52% ] [90m[1m_update_scan_actions[22m | outfit_home_feminine_bottom_carry.png[39m[0m
[  52% ] [90m[1m_update_scan_actions[22m | outfit_home_feminine_bottom_idle.png[39m[0m
[  52% ] [90m[1m_update_scan_actions[22m | outfit_home_feminine_bottom_interact.png[39m[0m
[  52% ] [90m[1m_update_scan_actions[22m | outfit_home_feminine_bottom_phone.png[39m[0m
[  52% ] [90m[1m_update_scan_actions[22m | outfit_home_feminine_bottom_sit.png[39m[0m
[  52% ] [90m[1m_update_scan_actions[22m | outfit_home_feminine_shoes.png[39m[0m
[  52% ] [90m[1m_update_scan_actions[22m | outfit_home_feminine_shoes_carry.png[39m[0m
[  52% ] [90m[1m_update_scan_actions[22m | outfit_home_feminine_shoes_idle.png[39m[0m
[  52% ] [90m[1m_update_scan_actions[22m | outfit_home_feminine_shoes_interact.png[39m[0m
[  52% ] [90m[1m_update_scan_actions[22m | outfit_home_feminine_shoes_phone.png[39m[0m
[  52% ] [90m[1m_update_scan_actions[22m | outfit_home_feminine_shoes_sit.png[39m[0m
[  52% ] [90m[1m_update_scan_actions[22m | outfit_home_feminine_top.png[39m[0m
[  52% ] [90m[1m_update_scan_actions[22m | outfit_home_feminine_top_carry.png[39m[0m
[  52% ] [90m[1m_update_scan_actions[22m | outfit_home_feminine_top_idle.png[39m[0m
[  52% ] [90m[1m_update_scan_actions[22m | outfit_home_feminine_top_interact.png[39m[0m
[  52% ] [90m[1m_update_scan_actions[22m | outfit_home_feminine_top_phone.png[39m[0m
[  53% ] [90m[1m_update_scan_actions[22m | outfit_home_feminine_top_sit.png[39m[0m
[  53% ] [90m[1m_update_scan_actions[22m | outfit_home_masculine_bottom.png[39m[0m
[  53% ] [90m[1m_update_scan_actions[22m | outfit_home_masculine_bottom_carry.png[39m[0m
[  53% ] [90m[1m_update_scan_actions[22m | outfit_home_masculine_bottom_idle.png[39m[0m
[  53% ] [90m[1m_update_scan_actions[22m | outfit_home_masculine_bottom_interact.png[39m[0m
[  53% ] [90m[1m_update_scan_actions[22m | outfit_home_masculine_bottom_phone.png[39m[0m
[  53% ] [90m[1m_update_scan_actions[22m | outfit_home_masculine_bottom_sit.png[39m[0m
[  53% ] [90m[1m_update_scan_actions[22m | outfit_home_masculine_shoes.png[39m[0m
[  53% ] [90m[1m_update_scan_actions[22m | outfit_home_masculine_shoes_carry.png[39m[0m
[  53% ] [90m[1m_update_scan_actions[22m | outfit_home_masculine_shoes_idle.png[39m[0m
[  53% ] [90m[1m_update_scan_actions[22m | outfit_home_masculine_shoes_interact.png[39m[0m
[  53% ] [90m[1m_update_scan_actions[22m | outfit_home_masculine_shoes_phone.png[39m[0m
[  53% ] [90m[1m_update_scan_actions[22m | outfit_home_masculine_shoes_sit.png[39m[0m
[  53% ] [90m[1m_update_scan_actions[22m | outfit_home_masculine_top.png[39m[0m
[  53% ] [90m[1m_update_scan_actions[22m | outfit_home_masculine_top_carry.png[39m[0m
[  53% ] [90m[1m_update_scan_actions[22m | outfit_home_masculine_top_idle.png[39m[0m
[  54% ] [90m[1m_update_scan_actions[22m | outfit_home_masculine_top_interact.png[39m[0m
[  54% ] [90m[1m_update_scan_actions[22m | outfit_home_masculine_top_phone.png[39m[0m
[  54% ] [90m[1m_update_scan_actions[22m | outfit_home_masculine_top_sit.png[39m[0m
[  54% ] [90m[1m_update_scan_actions[22m | outfit_home_neutral_bottom.png[39m[0m
[  54% ] [90m[1m_update_scan_actions[22m | outfit_home_neutral_bottom_carry.png[39m[0m
[  54% ] [90m[1m_update_scan_actions[22m | outfit_home_neutral_bottom_idle.png[39m[0m
[  54% ] [90m[1m_update_scan_actions[22m | outfit_home_neutral_bottom_interact.png[39m[0m
[  54% ] [90m[1m_update_scan_actions[22m | outfit_home_neutral_bottom_phone.png[39m[0m
[  54% ] [90m[1m_update_scan_actions[22m | outfit_home_neutral_bottom_sit.png[39m[0m
[  54% ] [90m[1m_update_scan_actions[22m | outfit_home_neutral_shoes.png[39m[0m
[  54% ] [90m[1m_update_scan_actions[22m | outfit_home_neutral_shoes_carry.png[39m[0m
[  54% ] [90m[1m_update_scan_actions[22m | outfit_home_neutral_shoes_idle.png[39m[0m
[  54% ] [90m[1m_update_scan_actions[22m | outfit_home_neutral_shoes_interact.png[39m[0m
[  54% ] [90m[1m_update_scan_actions[22m | outfit_home_neutral_shoes_phone.png[39m[0m
[  54% ] [90m[1m_update_scan_actions[22m | outfit_home_neutral_shoes_sit.png[39m[0m
[  54% ] [90m[1m_update_scan_actions[22m | outfit_home_neutral_top.png[39m[0m
[  55% ] [90m[1m_update_scan_actions[22m | outfit_home_neutral_top_carry.png[39m[0m
[  55% ] [90m[1m_update_scan_actions[22m | outfit_home_neutral_top_idle.png[39m[0m
[  55% ] [90m[1m_update_scan_actions[22m | outfit_home_neutral_top_interact.png[39m[0m
[  55% ] [90m[1m_update_scan_actions[22m | outfit_home_neutral_top_phone.png[39m[0m
[  55% ] [90m[1m_update_scan_actions[22m | outfit_home_neutral_top_sit.png[39m[0m
[  55% ] [90m[1m_update_scan_actions[22m | outfit_office_professional_feminine_bottom.png[39m[0m
[  55% ] [90m[1m_update_scan_actions[22m | outfit_office_professional_feminine_bottom_carry.png[39m[0m
[  55% ] [90m[1m_update_scan_actions[22m | outfit_office_professional_feminine_bottom_idle.png[39m[0m
[  55% ] [90m[1m_update_scan_actions[22m | outfit_office_professional_feminine_bottom_interact.png[39m[0m
[  55% ] [90m[1m_update_scan_actions[22m | outfit_office_professional_feminine_bottom_phone.png[39m[0m
[  55% ] [90m[1m_update_scan_actions[22m | outfit_office_professional_feminine_bottom_sit.png[39m[0m
[  55% ] [90m[1m_update_scan_actions[22m | outfit_office_professional_feminine_shoes.png[39m[0m
[  55% ] [90m[1m_update_scan_actions[22m | outfit_office_professional_feminine_shoes_carry.png[39m[0m
[  55% ] [90m[1m_update_scan_actions[22m | outfit_office_professional_feminine_shoes_idle.png[39m[0m
[  55% ] [90m[1m_update_scan_actions[22m | outfit_office_professional_feminine_shoes_interact.png[39m[0m
[  56% ] [90m[1m_update_scan_actions[22m | outfit_office_professional_feminine_shoes_phone.png[39m[0m
[  56% ] [90m[1m_update_scan_actions[22m | outfit_office_professional_feminine_shoes_sit.png[39m[0m
[  56% ] [90m[1m_update_scan_actions[22m | outfit_office_professional_feminine_top.png[39m[0m
[  56% ] [90m[1m_update_scan_actions[22m | outfit_office_professional_feminine_top_carry.png[39m[0m
[  56% ] [90m[1m_update_scan_actions[22m | outfit_office_professional_feminine_top_idle.png[39m[0m
[  56% ] [90m[1m_update_scan_actions[22m | outfit_office_professional_feminine_top_interact.png[39m[0m
[  56% ] [90m[1m_update_scan_actions[22m | outfit_office_professional_feminine_top_phone.png[39m[0m
[  56% ] [90m[1m_update_scan_actions[22m | outfit_office_professional_feminine_top_sit.png[39m[0m
[  56% ] [90m[1m_update_scan_actions[22m | outfit_office_professional_masculine_bottom.png[39m[0m
[  56% ] [90m[1m_update_scan_actions[22m | outfit_office_professional_masculine_bottom_carry.png[39m[0m
[  56% ] [90m[1m_update_scan_actions[22m | outfit_office_professional_masculine_bottom_idle.png[39m[0m
[  56% ] [90m[1m_update_scan_actions[22m | outfit_office_professional_masculine_bottom_interact.png[39m[0m
[  56% ] [90m[1m_update_scan_actions[22m | outfit_office_professional_masculine_bottom_phone.png[39m[0m
[  56% ] [90m[1m_update_scan_actions[22m | outfit_office_professional_masculine_bottom_sit.png[39m[0m
[  56% ] [90m[1m_update_scan_actions[22m | outfit_office_professional_masculine_shoes.png[39m[0m
[  56% ] [90m[1m_update_scan_actions[22m | outfit_office_professional_masculine_shoes_carry.png[39m[0m
[  57% ] [90m[1m_update_scan_actions[22m | outfit_office_professional_masculine_shoes_idle.png[39m[0m
[  57% ] [90m[1m_update_scan_actions[22m | outfit_office_professional_masculine_shoes_interact.png[39m[0m
[  57% ] [90m[1m_update_scan_actions[22m | outfit_office_professional_masculine_shoes_phone.png[39m[0m
[  57% ] [90m[1m_update_scan_actions[22m | outfit_office_professional_masculine_shoes_sit.png[39m[0m
[  57% ] [90m[1m_update_scan_actions[22m | outfit_office_professional_masculine_top.png[39m[0m
[  57% ] [90m[1m_update_scan_actions[22m | outfit_office_professional_masculine_top_carry.png[39m[0m
[  57% ] [90m[1m_update_scan_actions[22m | outfit_office_professional_masculine_top_idle.png[39m[0m
[  57% ] [90m[1m_update_scan_actions[22m | outfit_office_professional_masculine_top_interact.png[39m[0m
[  57% ] [90m[1m_update_scan_actions[22m | outfit_office_professional_masculine_top_phone.png[39m[0m
[  57% ] [90m[1m_update_scan_actions[22m | outfit_office_professional_masculine_top_sit.png[39m[0m
[  57% ] [90m[1m_update_scan_actions[22m | outfit_office_professional_neutral_bottom.png[39m[0m
[  57% ] [90m[1m_update_scan_actions[22m | outfit_office_professional_neutral_bottom_carry.png[39m[0m
[  57% ] [90m[1m_update_scan_actions[22m | outfit_office_professional_neutral_bottom_idle.png[39m[0m
[  57% ] [90m[1m_update_scan_actions[22m | outfit_office_professional_neutral_bottom_interact.png[39m[0m
[  57% ] [90m[1m_update_scan_actions[22m | outfit_office_professional_neutral_bottom_phone.png[39m[0m
[  57% ] [90m[1m_update_scan_actions[22m | outfit_office_professional_neutral_bottom_sit.png[39m[0m
[  58% ] [90m[1m_update_scan_actions[22m | outfit_office_professional_neutral_shoes.png[39m[0m
[  58% ] [90m[1m_update_scan_actions[22m | outfit_office_professional_neutral_shoes_carry.png[39m[0m
[  58% ] [90m[1m_update_scan_actions[22m | outfit_office_professional_neutral_shoes_idle.png[39m[0m
[  58% ] [90m[1m_update_scan_actions[22m | outfit_office_professional_neutral_shoes_interact.png[39m[0m
[  58% ] [90m[1m_update_scan_actions[22m | outfit_office_professional_neutral_shoes_phone.png[39m[0m
[  58% ] [90m[1m_update_scan_actions[22m | outfit_office_professional_neutral_shoes_sit.png[39m[0m
[  58% ] [90m[1m_update_scan_actions[22m | outfit_office_professional_neutral_top.png[39m[0m
[  58% ] [90m[1m_update_scan_actions[22m | outfit_office_professional_neutral_top_carry.png[39m[0m
[  58% ] [90m[1m_update_scan_actions[22m | outfit_office_professional_neutral_top_idle.png[39m[0m
[  58% ] [90m[1m_update_scan_actions[22m | outfit_office_professional_neutral_top_interact.png[39m[0m
[  58% ] [90m[1m_update_scan_actions[22m | outfit_office_professional_neutral_top_phone.png[39m[0m
[  58% ] [90m[1m_update_scan_actions[22m | outfit_office_professional_neutral_top_sit.png[39m[0m
[  58% ] [90m[1m_update_scan_actions[22m | outfit_startup_casual_feminine_bottom.png[39m[0m
[  58% ] [90m[1m_update_scan_actions[22m | outfit_startup_casual_feminine_bottom_carry.png[39m[0m
[  58% ] [90m[1m_update_scan_actions[22m | outfit_startup_casual_feminine_bottom_idle.png[39m[0m
[  58% ] [90m[1m_update_scan_actions[22m | outfit_startup_casual_feminine_bottom_interact.png[39m[0m
[  59% ] [90m[1m_update_scan_actions[22m | outfit_startup_casual_feminine_bottom_phone.png[39m[0m
[  59% ] [90m[1m_update_scan_actions[22m | outfit_startup_casual_feminine_bottom_sit.png[39m[0m
[  59% ] [90m[1m_update_scan_actions[22m | outfit_startup_casual_feminine_shoes.png[39m[0m
[  59% ] [90m[1m_update_scan_actions[22m | outfit_startup_casual_feminine_shoes_carry.png[39m[0m
[  59% ] [90m[1m_update_scan_actions[22m | outfit_startup_casual_feminine_shoes_idle.png[39m[0m
[  59% ] [90m[1m_update_scan_actions[22m | outfit_startup_casual_feminine_shoes_interact.png[39m[0m
[  59% ] [90m[1m_update_scan_actions[22m | outfit_startup_casual_feminine_shoes_phone.png[39m[0m
[  59% ] [90m[1m_update_scan_actions[22m | outfit_startup_casual_feminine_shoes_sit.png[39m[0m
[  59% ] [90m[1m_update_scan_actions[22m | outfit_startup_casual_feminine_top.png[39m[0m
[  59% ] [90m[1m_update_scan_actions[22m | outfit_startup_casual_feminine_top_carry.png[39m[0m
[  59% ] [90m[1m_update_scan_actions[22m | outfit_startup_casual_feminine_top_idle.png[39m[0m
[  59% ] [90m[1m_update_scan_actions[22m | outfit_startup_casual_feminine_top_interact.png[39m[0m
[  59% ] [90m[1m_update_scan_actions[22m | outfit_startup_casual_feminine_top_phone.png[39m[0m
[  59% ] [90m[1m_update_scan_actions[22m | outfit_startup_casual_feminine_top_sit.png[39m[0m
[  59% ] [90m[1m_update_scan_actions[22m | outfit_startup_casual_masculine_bottom.png[39m[0m
[  60% ] [90m[1m_update_scan_actions[22m | outfit_startup_casual_masculine_bottom_carry.png[39m[0m
[  60% ] [90m[1m_update_scan_actions[22m | outfit_startup_casual_masculine_bottom_idle.png[39m[0m
[  60% ] [90m[1m_update_scan_actions[22m | outfit_startup_casual_masculine_bottom_interact.png[39m[0m
[  60% ] [90m[1m_update_scan_actions[22m | outfit_startup_casual_masculine_bottom_phone.png[39m[0m
[  60% ] [90m[1m_update_scan_actions[22m | outfit_startup_casual_masculine_bottom_sit.png[39m[0m
[  60% ] [90m[1m_update_scan_actions[22m | outfit_startup_casual_masculine_shoes.png[39m[0m
[  60% ] [90m[1m_update_scan_actions[22m | outfit_startup_casual_masculine_shoes_carry.png[39m[0m
[  60% ] [90m[1m_update_scan_actions[22m | outfit_startup_casual_masculine_shoes_idle.png[39m[0m
[  60% ] [90m[1m_update_scan_actions[22m | outfit_startup_casual_masculine_shoes_interact.png[39m[0m
[  60% ] [90m[1m_update_scan_actions[22m | outfit_startup_casual_masculine_shoes_phone.png[39m[0m
[  60% ] [90m[1m_update_scan_actions[22m | outfit_startup_casual_masculine_shoes_sit.png[39m[0m
[  60% ] [90m[1m_update_scan_actions[22m | outfit_startup_casual_masculine_top.png[39m[0m
[  60% ] [90m[1m_update_scan_actions[22m | outfit_startup_casual_masculine_top_carry.png[39m[0m
[  60% ] [90m[1m_update_scan_actions[22m | outfit_startup_casual_masculine_top_idle.png[39m[0m
[  60% ] [90m[1m_update_scan_actions[22m | outfit_startup_casual_masculine_top_interact.png[39m[0m
[  60% ] [90m[1m_update_scan_actions[22m | outfit_startup_casual_masculine_top_phone.png[39m[0m
[  61% ] [90m[1m_update_scan_actions[22m | outfit_startup_casual_masculine_top_sit.png[39m[0m
[  61% ] [90m[1m_update_scan_actions[22m | outfit_startup_casual_neutral_bottom.png[39m[0m
[  61% ] [90m[1m_update_scan_actions[22m | outfit_startup_casual_neutral_bottom_carry.png[39m[0m
[  61% ] [90m[1m_update_scan_actions[22m | outfit_startup_casual_neutral_bottom_idle.png[39m[0m
[  61% ] [90m[1m_update_scan_actions[22m | outfit_startup_casual_neutral_bottom_interact.png[39m[0m
[  61% ] [90m[1m_update_scan_actions[22m | outfit_startup_casual_neutral_bottom_phone.png[39m[0m
[  61% ] [90m[1m_update_scan_actions[22m | outfit_startup_casual_neutral_bottom_sit.png[39m[0m
[  61% ] [90m[1m_update_scan_actions[22m | outfit_startup_casual_neutral_shoes.png[39m[0m
[  61% ] [90m[1m_update_scan_actions[22m | outfit_startup_casual_neutral_shoes_carry.png[39m[0m
[  61% ] [90m[1m_update_scan_actions[22m | outfit_startup_casual_neutral_shoes_idle.png[39m[0m
[  61% ] [90m[1m_update_scan_actions[22m | outfit_startup_casual_neutral_shoes_interact.png[39m[0m
[  61% ] [90m[1m_update_scan_actions[22m | outfit_startup_casual_neutral_shoes_phone.png[39m[0m
[  61% ] [90m[1m_update_scan_actions[22m | outfit_startup_casual_neutral_shoes_sit.png[39m[0m
[  61% ] [90m[1m_update_scan_actions[22m | outfit_startup_casual_neutral_top.png[39m[0m
[  61% ] [90m[1m_update_scan_actions[22m | outfit_startup_casual_neutral_top_carry.png[39m[0m
[  61% ] [90m[1m_update_scan_actions[22m | outfit_startup_casual_neutral_top_idle.png[39m[0m
[  62% ] [90m[1m_update_scan_actions[22m | outfit_startup_casual_neutral_top_interact.png[39m[0m
[  62% ] [90m[1m_update_scan_actions[22m | outfit_startup_casual_neutral_top_phone.png[39m[0m
[  62% ] [90m[1m_update_scan_actions[22m | outfit_startup_casual_neutral_top_sit.png[39m[0m
[  62% ] [90m[1m_update_scan_actions[22m | aurelia_map.png[39m[0m
[  62% ] [90m[1m_update_scan_actions[22m | board.png[39m[0m
[  62% ] [90m[1m_update_scan_actions[22m | i_airport.png[39m[0m
[  62% ] [90m[1m_update_scan_actions[22m | i_civic_center.png[39m[0m
[  62% ] [90m[1m_update_scan_actions[22m | i_financial.png[39m[0m
[  62% ] [90m[1m_update_scan_actions[22m | i_harbor.png[39m[0m
[  62% ] [90m[1m_update_scan_actions[22m | i_industrial.png[39m[0m
[  62% ] [90m[1m_update_scan_actions[22m | i_luxury_heights.png[39m[0m
[  62% ] [90m[1m_update_scan_actions[22m | i_metro.png[39m[0m
[  62% ] [90m[1m_update_scan_actions[22m | i_old_town.png[39m[0m
[  62% ] [90m[1m_update_scan_actions[22m | i_residential.png[39m[0m
[  62% ] [90m[1m_update_scan_actions[22m | i_riverside.png[39m[0m
[  62% ] [90m[1m_update_scan_actions[22m | i_shopping_street.png[39m[0m
[  63% ] [90m[1m_update_scan_actions[22m | i_startup_hub.png[39m[0m
[  63% ] [90m[1m_update_scan_actions[22m | i_university.png[39m[0m
[  63% ] [90m[1m_update_scan_actions[22m | glow_small.png[39m[0m
[  63% ] [90m[1m_update_scan_actions[22m | glow_warm.png[39m[0m
[  63% ] [90m[1m_update_scan_actions[22m | glow_wide.png[39m[0m
[  63% ] [90m[1m_update_scan_actions[22m | shadow.png[39m[0m
[  63% ] [90m[1m_update_scan_actions[22m | sparkle.png[39m[0m
[  63% ] [90m[1m_update_scan_actions[22m | water_sparkle.png[39m[0m
[  63% ] [90m[1m_update_scan_actions[22m | acquisition_offer.png[39m[0m
[  63% ] [90m[1m_update_scan_actions[22m | payment_pending.png[39m[0m
[  63% ] [90m[1m_update_scan_actions[22m | rail_frozen.png[39m[0m
[  63% ] [90m[1m_update_scan_actions[22m | supply_shock_plan.png[39m[0m
[  63% ] [90m[1m_update_scan_actions[22m | Inter.ttf[39m[0m
[  63% ] [90m[1m_update_scan_actions[22m | NotoSansSC-Regular-subset.ttf[39m[0m
[  63% ] [90m[1m_update_scan_actions[22m | NotoSansTC-Regular-subset.ttf[39m[0m
[  64% ] [90m[1m_update_scan_actions[22m | PixelifySans.ttf[39m[0m
[  64% ] [90m[1m_update_scan_actions[22m | armchair.png[39m[0m
[  64% ] [90m[1m_update_scan_actions[22m | atm.png[39m[0m
[  64% ] [90m[1m_update_scan_actions[22m | bank_counter.png[39m[0m
[  64% ] [90m[1m_update_scan_actions[22m | bed.png[39m[0m
[  64% ] [90m[1m_update_scan_actions[22m | bed_single.png[39m[0m
[  64% ] [90m[1m_update_scan_actions[22m | bench_civic.png[39m[0m
[  64% ] [90m[1m_update_scan_actions[22m | bookshelf.png[39m[0m
[  64% ] [90m[1m_update_scan_actions[22m | box.png[39m[0m
[  64% ] [90m[1m_update_scan_actions[22m | brochure.png[39m[0m
[  64% ] [90m[1m_update_scan_actions[22m | brochure_stand.png[39m[0m
[  64% ] [90m[1m_update_scan_actions[22m | cafe_chair.png[39m[0m
[  64% ] [90m[1m_update_scan_actions[22m | cafe_counter.png[39m[0m
[  64% ] [90m[1m_update_scan_actions[22m | cafe_counter_small.png[39m[0m
[  64% ] [90m[1m_update_scan_actions[22m | cafe_stool.png[39m[0m
[  64% ] [90m[1m_update_scan_actions[22m | cafe_table.png[39m[0m
[  65% ] [90m[1m_update_scan_actions[22m | cafe_table_round.png[39m[0m
[  65% ] [90m[1m_update_scan_actions[22m | chair.png[39m[0m
[  65% ] [90m[1m_update_scan_actions[22m | checkout_counter.png[39m[0m
[  65% ] [90m[1m_update_scan_actions[22m | civic_counter.png[39m[0m
[  65% ] [90m[1m_update_scan_actions[22m | clothing_rack.png[39m[0m
[  65% ] [90m[1m_update_scan_actions[22m | coffee_table.png[39m[0m
[  65% ] [90m[1m_update_scan_actions[22m | community_table.png[39m[0m
[  65% ] [90m[1m_update_scan_actions[22m | cork_board.png[39m[0m
[  65% ] [90m[1m_update_scan_actions[22m | desk.png[39m[0m
[  65% ] [90m[1m_update_scan_actions[22m | desk_laptop.png[39m[0m
[  65% ] [90m[1m_update_scan_actions[22m | display_case.png[39m[0m
[  65% ] [90m[1m_update_scan_actions[22m | door_mat.png[39m[0m
[  65% ] [90m[1m_update_scan_actions[22m | espresso_machine_pro.png[39m[0m
[  65% ] [90m[1m_update_scan_actions[22m | exec_desk.png[39m[0m
[  65% ] [90m[1m_update_scan_actions[22m | filing_cabinet.png[39m[0m
[  65% ] [90m[1m_update_scan_actions[22m | fitting_room.png[39m[0m
[  66% ] [90m[1m_update_scan_actions[22m | floor_carpet_navy.png[39m[0m
[  66% ] [90m[1m_update_scan_actions[22m | floor_checker.png[39m[0m
[  66% ] [90m[1m_update_scan_actions[22m | floor_concrete.png[39m[0m
[  66% ] [90m[1m_update_scan_actions[22m | floor_harbor_concrete.png[39m[0m
[  66% ] [90m[1m_update_scan_actions[22m | floor_marble.png[39m[0m
[  66% ] [90m[1m_update_scan_actions[22m | floor_tile_white.png[39m[0m
[  66% ] [90m[1m_update_scan_actions[22m | floor_wood_cafe.png[39m[0m
[  66% ] [90m[1m_update_scan_actions[22m | floor_wood_dark.png[39m[0m
[  66% ] [90m[1m_update_scan_actions[22m | floor_wood_warm.png[39m[0m
[  66% ] [90m[1m_update_scan_actions[22m | forklift_parked.png[39m[0m
[  66% ] [90m[1m_update_scan_actions[22m | framed_art.png[39m[0m
[  66% ] [90m[1m_update_scan_actions[22m | framed_art_b.png[39m[0m
[  66% ] [90m[1m_update_scan_actions[22m | fridge.png[39m[0m
[  66% ] [90m[1m_update_scan_actions[22m | glass_wall.png[39m[0m
[  66% ] [90m[1m_update_scan_actions[22m | hanging_light.png[39m[0m
[  66% ] [90m[1m_update_scan_actions[22m | info_kiosk.png[39m[0m
[  67% ] [90m[1m_update_scan_actions[22m | key_board.png[39m[0m
[  67% ] [90m[1m_update_scan_actions[22m | kitchen.png[39m[0m
[  67% ] [90m[1m_update_scan_actions[22m | kitchenette.png[39m[0m
[  67% ] [90m[1m_update_scan_actions[22m | listing_board.png[39m[0m
[  67% ] [90m[1m_update_scan_actions[22m | loading_dock_door.png[39m[0m
[  67% ] [90m[1m_update_scan_actions[22m | lockers.png[39m[0m
[  67% ] [90m[1m_update_scan_actions[22m | logo_bloom.png[39m[0m
[  67% ] [90m[1m_update_scan_actions[22m | logo_bytebean.png[39m[0m
[  67% ] [90m[1m_update_scan_actions[22m | logo_city_hall.png[39m[0m
[  67% ] [90m[1m_update_scan_actions[22m | logo_cowork.png[39m[0m
[  67% ] [90m[1m_update_scan_actions[22m | logo_nexus_bank.png[39m[0m
[  67% ] [90m[1m_update_scan_actions[22m | logo_postpoint.png[39m[0m
[  67% ] [90m[1m_update_scan_actions[22m | lounge_sofa.png[39m[0m
[  67% ] [90m[1m_update_scan_actions[22m | mannequin.png[39m[0m
[  67% ] [90m[1m_update_scan_actions[22m | menu_board.png[39m[0m
[  68% ] [90m[1m_update_scan_actions[22m | menu_board_blank.png[39m[0m
[  68% ] [90m[1m_update_scan_actions[22m | mirror_full.png[39m[0m
[  68% ] [90m[1m_update_scan_actions[22m | monitor_desk.png[39m[0m
[  68% ] [90m[1m_update_scan_actions[22m | office_chair.png[39m[0m
[  68% ] [90m[1m_update_scan_actions[22m | old_desk.png[39m[0m
[  68% ] [90m[1m_update_scan_actions[22m | packing_bench_large.png[39m[0m
[  68% ] [90m[1m_update_scan_actions[22m | packing_table.png[39m[0m
[  68% ] [90m[1m_update_scan_actions[22m | pallet_rack.png[39m[0m
[  68% ] [90m[1m_update_scan_actions[22m | parcel_shelf.png[39m[0m
[  68% ] [90m[1m_update_scan_actions[22m | pastry_case_small.png[39m[0m
[  68% ] [90m[1m_update_scan_actions[22m | phone_booth.png[39m[0m
[  68% ] [90m[1m_update_scan_actions[22m | plant.png[39m[0m
[  68% ] [90m[1m_update_scan_actions[22m | plant_bank.png[39m[0m
[  68% ] [90m[1m_update_scan_actions[22m | plant_big.png[39m[0m
[  68% ] [90m[1m_update_scan_actions[22m | postpoint_counter.png[39m[0m
[  68% ] [90m[1m_update_scan_actions[22m | printer.png[39m[0m
[  69% ] [90m[1m_update_scan_actions[22m | queue_barrier.png[39m[0m
[  69% ] [90m[1m_update_scan_actions[22m | radiator.png[39m[0m
[  69% ] [90m[1m_update_scan_actions[22m | rug.png[39m[0m
[  69% ] [90m[1m_update_scan_actions[22m | rug_navy.png[39m[0m
[  69% ] [90m[1m_update_scan_actions[22m | rug_small.png[39m[0m
[  69% ] [90m[1m_update_scan_actions[22m | sales_desk.png[39m[0m
[  69% ] [90m[1m_update_scan_actions[22m | sconce.png[39m[0m
[  69% ] [90m[1m_update_scan_actions[22m | seal.png[39m[0m
[  69% ] [90m[1m_update_scan_actions[22m | server_rack.png[39m[0m
[  69% ] [90m[1m_update_scan_actions[22m | shoe_shelf.png[39m[0m
[  69% ] [90m[1m_update_scan_actions[22m | sofa.png[39m[0m
[  69% ] [90m[1m_update_scan_actions[22m | stool.png[39m[0m
[  69% ] [90m[1m_update_scan_actions[22m | ticket_machine.png[39m[0m
[  69% ] [90m[1m_update_scan_actions[22m | tv.png[39m[0m
[  69% ] [90m[1m_update_scan_actions[22m | waiting_sofa.png[39m[0m
[  69% ] [90m[1m_update_scan_actions[22m | wardrobe.png[39m[0m
[  70% ] [90m[1m_update_scan_actions[22m | water_cooler.png[39m[0m
[  70% ] [90m[1m_update_scan_actions[22m | whiteboard.png[39m[0m
[  70% ] [90m[1m_update_scan_actions[22m | window_day.png[39m[0m
[  70% ] [90m[1m_update_scan_actions[22m | window_night.png[39m[0m
[  70% ] [90m[1m_update_scan_actions[22m | window_wide_day.png[39m[0m
[  70% ] [90m[1m_update_scan_actions[22m | window_wide_night.png[39m[0m
[  70% ] [90m[1m_update_scan_actions[22m | aurelia_makers.png[39m[0m
[  70% ] [90m[1m_update_scan_actions[22m | verdant_supply.png[39m[0m
[  70% ] [90m[1m_update_scan_actions[22m | recycled_padding.png[39m[0m
[  70% ] [90m[1m_update_scan_actions[22m | route_map.png[39m[0m
[  70% ] [90m[1m_update_scan_actions[22m | acc_glasses_round.png[39m[0m
[  70% ] [90m[1m_update_scan_actions[22m | acc_glasses_square.png[39m[0m
[  70% ] [90m[1m_update_scan_actions[22m | brows_arched.png[39m[0m
[  70% ] [90m[1m_update_scan_actions[22m | brows_soft.png[39m[0m
[  70% ] [90m[1m_update_scan_actions[22m | brows_straight.png[39m[0m
[  70% ] [90m[1m_update_scan_actions[22m | brows_thick.png[39m[0m
[  71% ] [90m[1m_update_scan_actions[22m | eyes_almond.png[39m[0m
[  71% ] [90m[1m_update_scan_actions[22m | eyes_narrow.png[39m[0m
[  71% ] [90m[1m_update_scan_actions[22m | eyes_round.png[39m[0m
[  71% ] [90m[1m_update_scan_actions[22m | eyes_wide.png[39m[0m
[  71% ] [90m[1m_update_scan_actions[22m | hair_bob_back.png[39m[0m
[  71% ] [90m[1m_update_scan_actions[22m | hair_bob_front.png[39m[0m
[  71% ] [90m[1m_update_scan_actions[22m | hair_bun_back.png[39m[0m
[  71% ] [90m[1m_update_scan_actions[22m | hair_bun_front.png[39m[0m
[  71% ] [90m[1m_update_scan_actions[22m | hair_buzz_back.png[39m[0m
[  71% ] [90m[1m_update_scan_actions[22m | hair_buzz_front.png[39m[0m
[  71% ] [90m[1m_update_scan_actions[22m | hair_long_back.png[39m[0m
[  71% ] [90m[1m_update_scan_actions[22m | hair_long_front.png[39m[0m
[  71% ] [90m[1m_update_scan_actions[22m | hair_messy_back.png[39m[0m
[  71% ] [90m[1m_update_scan_actions[22m | hair_messy_front.png[39m[0m
[  71% ] [90m[1m_update_scan_actions[22m | hair_ponytail_back.png[39m[0m
[  72% ] [90m[1m_update_scan_actions[22m | hair_ponytail_front.png[39m[0m
[  72% ] [90m[1m_update_scan_actions[22m | hair_short_neat_back.png[39m[0m
[  72% ] [90m[1m_update_scan_actions[22m | hair_short_neat_front.png[39m[0m
[  72% ] [90m[1m_update_scan_actions[22m | hair_side_part_back.png[39m[0m
[  72% ] [90m[1m_update_scan_actions[22m | hair_side_part_front.png[39m[0m
[  72% ] [90m[1m_update_scan_actions[22m | head_heart.png[39m[0m
[  72% ] [90m[1m_update_scan_actions[22m | head_oval.png[39m[0m
[  72% ] [90m[1m_update_scan_actions[22m | head_round.png[39m[0m
[  72% ] [90m[1m_update_scan_actions[22m | head_square.png[39m[0m
[  72% ] [90m[1m_update_scan_actions[22m | iris_almond.png[39m[0m
[  72% ] [90m[1m_update_scan_actions[22m | iris_narrow.png[39m[0m
[  72% ] [90m[1m_update_scan_actions[22m | iris_round.png[39m[0m
[  72% ] [90m[1m_update_scan_actions[22m | iris_wide.png[39m[0m
[  72% ] [90m[1m_update_scan_actions[22m | mouth_grin.png[39m[0m
[  72% ] [90m[1m_update_scan_actions[22m | mouth_neutral.png[39m[0m
[  72% ] [90m[1m_update_scan_actions[22m | mouth_small.png[39m[0m
[  73% ] [90m[1m_update_scan_actions[22m | mouth_smile.png[39m[0m
[  73% ] [90m[1m_update_scan_actions[22m | npc_ana.png[39m[0m
[  73% ] [90m[1m_update_scan_actions[22m | npc_daniel.png[39m[0m
[  73% ] [90m[1m_update_scan_actions[22m | npc_dara.png[39m[0m
[  73% ] [90m[1m_update_scan_actions[22m | npc_elena.png[39m[0m
[  73% ] [90m[1m_update_scan_actions[22m | npc_ines.png[39m[0m
[  73% ] [90m[1m_update_scan_actions[22m | npc_jun.png[39m[0m
[  73% ] [90m[1m_update_scan_actions[22m | npc_ken.png[39m[0m
[  73% ] [90m[1m_update_scan_actions[22m | npc_lee.png[39m[0m
[  73% ] [90m[1m_update_scan_actions[22m | npc_lina.png[39m[0m
[  73% ] [90m[1m_update_scan_actions[22m | npc_marcus.png[39m[0m
[  73% ] [90m[1m_update_scan_actions[22m | npc_maya.png[39m[0m
[  73% ] [90m[1m_update_scan_actions[22m | npc_okafor.png[39m[0m
[  73% ] [90m[1m_update_scan_actions[22m | npc_priya.png[39m[0m
[  73% ] [90m[1m_update_scan_actions[22m | npc_rosa.png[39m[0m
[  73% ] [90m[1m_update_scan_actions[22m | npc_sam.png[39m[0m
[  74% ] [90m[1m_update_scan_actions[22m | npc_sofia.png[39m[0m
[  74% ] [90m[1m_update_scan_actions[22m | npc_tom.png[39m[0m
[  74% ] [90m[1m_update_scan_actions[22m | outfit_barista.png[39m[0m
[  74% ] [90m[1m_update_scan_actions[22m | outfit_barista_detail.png[39m[0m
[  74% ] [90m[1m_update_scan_actions[22m | outfit_business_suit.png[39m[0m
[  74% ] [90m[1m_update_scan_actions[22m | outfit_business_suit_detail.png[39m[0m
[  74% ] [90m[1m_update_scan_actions[22m | outfit_casual_jacket.png[39m[0m
[  74% ] [90m[1m_update_scan_actions[22m | outfit_casual_tee.png[39m[0m
[  74% ] [90m[1m_update_scan_actions[22m | outfit_civic_staff.png[39m[0m
[  74% ] [90m[1m_update_scan_actions[22m | outfit_civic_staff_detail.png[39m[0m
[  74% ] [90m[1m_update_scan_actions[22m | outfit_courier.png[39m[0m
[  74% ] [90m[1m_update_scan_actions[22m | outfit_courier_detail.png[39m[0m
[  74% ] [90m[1m_update_scan_actions[22m | outfit_home.png[39m[0m
[  74% ] [90m[1m_update_scan_actions[22m | outfit_office_professional.png[39m[0m
[  74% ] [90m[1m_update_scan_actions[22m | outfit_startup_casual.png[39m[0m
[  74% ] [90m[1m_update_scan_actions[22m | solar_lamp_photo.png[39m[0m
[  75% ] [90m[1m_update_scan_actions[22m | solar_lamp_photo_raw.png[39m[0m
[  75% ] [90m[1m_update_scan_actions[22m | bench.png[39m[0m
[  75% ] [90m[1m_update_scan_actions[22m | bike.png[39m[0m
[  75% ] [90m[1m_update_scan_actions[22m | bike_rack.png[39m[0m
[  75% ] [90m[1m_update_scan_actions[22m | billboard.png[39m[0m
[  75% ] [90m[1m_update_scan_actions[22m | bollard.png[39m[0m
[  75% ] [90m[1m_update_scan_actions[22m | bookstall.png[39m[0m
[  75% ] [90m[1m_update_scan_actions[22m | business_board.png[39m[0m
[  75% ] [90m[1m_update_scan_actions[22m | bus_stop.png[39m[0m
[  75% ] [90m[1m_update_scan_actions[22m | cafe_board.png[39m[0m
[  75% ] [90m[1m_update_scan_actions[22m | cafe_chairs_bistro.png[39m[0m
[  75% ] [90m[1m_update_scan_actions[22m | cone.png[39m[0m
[  75% ] [90m[1m_update_scan_actions[22m | container_blue.png[39m[0m
[  75% ] [90m[1m_update_scan_actions[22m | container_green.png[39m[0m
[  75% ] [90m[1m_update_scan_actions[22m | container_red.png[39m[0m
[  76% ] [90m[1m_update_scan_actions[22m | crane_gantry.png[39m[0m
[  76% ] [90m[1m_update_scan_actions[22m | crate.png[39m[0m
[  76% ] [90m[1m_update_scan_actions[22m | digital_sign.png[39m[0m
[  76% ] [90m[1m_update_scan_actions[22m | direction_sign.png[39m[0m
[  76% ] [90m[1m_update_scan_actions[22m | ev_charger.png[39m[0m
[  76% ] [90m[1m_update_scan_actions[22m | flagpole.png[39m[0m
[  76% ] [90m[1m_update_scan_actions[22m | flower_bed.png[39m[0m
[  76% ] [90m[1m_update_scan_actions[22m | forklift.png[39m[0m
[  76% ] [90m[1m_update_scan_actions[22m | fountain.png[39m[0m
[  76% ] [90m[1m_update_scan_actions[22m | harbor_lamp.png[39m[0m
[  76% ] [90m[1m_update_scan_actions[22m | harbor_lamp_lights.png[39m[0m
[  76% ] [90m[1m_update_scan_actions[22m | hedge.png[39m[0m
[  76% ] [90m[1m_update_scan_actions[22m | hydrant.png[39m[0m
[  76% ] [90m[1m_update_scan_actions[22m | ivy_trellis.png[39m[0m
[  76% ] [90m[1m_update_scan_actions[22m | kiosk_flower.png[39m[0m
[  76% ] [90m[1m_update_scan_actions[22m | lamp.png[39m[0m
[  77% ] [90m[1m_update_scan_actions[22m | lamp_banner.png[39m[0m
[  77% ] [90m[1m_update_scan_actions[22m | life_ring.png[39m[0m
[  77% ] [90m[1m_update_scan_actions[22m | market_stall_cream.png[39m[0m
[  77% ] [90m[1m_update_scan_actions[22m | market_stall_rose.png[39m[0m
[  77% ] [90m[1m_update_scan_actions[22m | market_stall_sage.png[39m[0m
[  77% ] [90m[1m_update_scan_actions[22m | metro_sign.png[39m[0m
[  77% ] [90m[1m_update_scan_actions[22m | mooring_bollard.png[39m[0m
[  77% ] [90m[1m_update_scan_actions[22m | mural_wall.png[39m[0m
[  77% ] [90m[1m_update_scan_actions[22m | old_lamp.png[39m[0m
[  77% ] [90m[1m_update_scan_actions[22m | old_lamp_lights.png[39m[0m
[  77% ] [90m[1m_update_scan_actions[22m | pallet_stack.png[39m[0m
[  77% ] [90m[1m_update_scan_actions[22m | parking_meter.png[39m[0m
[  77% ] [90m[1m_update_scan_actions[22m | planter.png[39m[0m
[  77% ] [90m[1m_update_scan_actions[22m | planter_long.png[39m[0m
[  77% ] [90m[1m_update_scan_actions[22m | planter_small.png[39m[0m
[  77% ] [90m[1m_update_scan_actions[22m | port_cranes_far.png[39m[0m
[  78% ] [90m[1m_update_scan_actions[22m | product_coffee.png[39m[0m
[  78% ] [90m[1m_update_scan_actions[22m | product_desk_lamp.png[39m[0m
[  78% ] [90m[1m_update_scan_actions[22m | product_earbuds.png[39m[0m
[  78% ] [90m[1m_update_scan_actions[22m | product_parcel.png[39m[0m
[  78% ] [90m[1m_update_scan_actions[22m | product_phone_stand.png[39m[0m
[  78% ] [90m[1m_update_scan_actions[22m | product_solar_lamp.png[39m[0m
[  78% ] [90m[1m_update_scan_actions[22m | product_water_bottle.png[39m[0m
[  78% ] [90m[1m_update_scan_actions[22m | railing.png[39m[0m
[  78% ] [90m[1m_update_scan_actions[22m | rope_coil.png[39m[0m
[  78% ] [90m[1m_update_scan_actions[22m | solar_roof_large.png[39m[0m
[  78% ] [90m[1m_update_scan_actions[22m | solar_roof_small.png[39m[0m
[  78% ] [90m[1m_update_scan_actions[22m | string_lights.png[39m[0m
[  78% ] [90m[1m_update_scan_actions[22m | string_lights_lights.png[39m[0m
[  78% ] [90m[1m_update_scan_actions[22m | trash_bin.png[39m[0m
[  78% ] [90m[1m_update_scan_actions[22m | tree_round.png[39m[0m
[  78% ] [90m[1m_update_scan_actions[22m | tree_round_b.png[39m[0m
[  79% ] [90m[1m_update_scan_actions[22m | tree_tall.png[39m[0m
[  79% ] [90m[1m_update_scan_actions[22m | umbrella_table.png[39m[0m
[  79% ] [90m[1m_update_scan_actions[22m | umbrella_table_blue.png[39m[0m
[  79% ] [90m[1m_update_scan_actions[22m | atlas.png[39m[0m
[  79% ] [90m[1m_update_scan_actions[22m | cobble_a.png[39m[0m
[  79% ] [90m[1m_update_scan_actions[22m | cobble_b.png[39m[0m
[  79% ] [90m[1m_update_scan_actions[22m | quay_concrete.png[39m[0m
[  79% ] [90m[1m_update_scan_actions[22m | quay_edge.png[39m[0m
[  79% ] [90m[1m_update_scan_actions[22m | water_harbor.png[39m[0m
[  79% ] [90m[1m_update_scan_actions[22m | arrow_right.png[39m[0m
[  79% ] [90m[1m_update_scan_actions[22m | bank.png[39m[0m
[  79% ] [90m[1m_update_scan_actions[22m | calendar.png[39m[0m
[  79% ] [90m[1m_update_scan_actions[22m | cash.png[39m[0m
[  79% ] [90m[1m_update_scan_actions[22m | check.png[39m[0m
[  79% ] [90m[1m_update_scan_actions[22m | civic.png[39m[0m
[  80% ] [90m[1m_update_scan_actions[22m | clock.png[39m[0m
[  80% ] [90m[1m_update_scan_actions[22m | close.png[39m[0m
[  80% ] [90m[1m_update_scan_actions[22m | coffee.png[39m[0m
[  80% ] [90m[1m_update_scan_actions[22m | company.png[39m[0m
[  80% ] [90m[1m_update_scan_actions[22m | contracts.png[39m[0m
[  80% ] [90m[1m_update_scan_actions[22m | dollar.png[39m[0m
[  80% ] [90m[1m_update_scan_actions[22m | finance.png[39m[0m
[  80% ] [90m[1m_update_scan_actions[22m | financial.png[39m[0m
[  80% ] [90m[1m_update_scan_actions[22m | home.png[39m[0m
[  80% ] [90m[1m_update_scan_actions[22m | info.png[39m[0m
[  80% ] [90m[1m_update_scan_actions[22m | inventory.png[39m[0m
[  80% ] [90m[1m_update_scan_actions[22m | laptop.png[39m[0m
[  80% ] [90m[1m_update_scan_actions[22m | lock.png[39m[0m
[  80% ] [90m[1m_update_scan_actions[22m | mail.png[39m[0m
[  80% ] [90m[1m_update_scan_actions[22m | map.png[39m[0m
[  80% ] [90m[1m_update_scan_actions[22m | metro.png[39m[0m
[  81% ] [90m[1m_update_scan_actions[22m | minus.png[39m[0m
[  81% ] [90m[1m_update_scan_actions[22m | moon.png[39m[0m
[  81% ] [90m[1m_update_scan_actions[22m | objective.png[39m[0m
[  81% ] [90m[1m_update_scan_actions[22m | orders.png[39m[0m
[  81% ] [90m[1m_update_scan_actions[22m | parcel.png[39m[0m
[  81% ] [90m[1m_update_scan_actions[22m | people.png[39m[0m
[  81% ] [90m[1m_update_scan_actions[22m | phone.png[39m[0m
[  81% ] [90m[1m_update_scan_actions[22m | plus.png[39m[0m
[  81% ] [90m[1m_update_scan_actions[22m | river.png[39m[0m
[  81% ] [90m[1m_update_scan_actions[22m | save.png[39m[0m
[  81% ] [90m[1m_update_scan_actions[22m | settings.png[39m[0m
[  81% ] [90m[1m_update_scan_actions[22m | shirt.png[39m[0m
[  81% ] [90m[1m_update_scan_actions[22m | shop.png[39m[0m
[  81% ] [90m[1m_update_scan_actions[22m | sleep.png[39m[0m
[  81% ] [90m[1m_update_scan_actions[22m | star.png[39m[0m
[  81% ] [90m[1m_update_scan_actions[22m | startup.png[39m[0m
[  82% ] [90m[1m_update_scan_actions[22m | sun.png[39m[0m
[  82% ] [90m[1m_update_scan_actions[22m | tasks.png[39m[0m
[  82% ] [90m[1m_update_scan_actions[22m | walk.png[39m[0m
[  82% ] [90m[1m_update_scan_actions[22m | warning.png[39m[0m
[  82% ] [90m[1m_update_scan_actions[22m | world.png[39m[0m
[  82% ] [90m[1m_update_scan_actions[22m | app_icon.png[39m[0m
[  82% ] [90m[1m_update_scan_actions[22m | app_icon_1024.png[39m[0m
[  82% ] [90m[1m_update_scan_actions[22m | bar_bg.png[39m[0m
[  82% ] [90m[1m_update_scan_actions[22m | bar_fill.png[39m[0m
[  82% ] [90m[1m_update_scan_actions[22m | bar_fill_green.png[39m[0m
[  82% ] [90m[1m_update_scan_actions[22m | button.png[39m[0m
[  82% ] [90m[1m_update_scan_actions[22m | button_danger.png[39m[0m
[  82% ] [90m[1m_update_scan_actions[22m | button_disabled.png[39m[0m
[  82% ] [90m[1m_update_scan_actions[22m | button_hover.png[39m[0m
[  82% ] [90m[1m_update_scan_actions[22m | button_pressed.png[39m[0m
[  82% ] [90m[1m_update_scan_actions[22m | button_primary.png[39m[0m
[  83% ] [90m[1m_update_scan_actions[22m | button_primary_hover.png[39m[0m
[  83% ] [90m[1m_update_scan_actions[22m | card.png[39m[0m
[  83% ] [90m[1m_update_scan_actions[22m | card_gold.png[39m[0m
[  83% ] [90m[1m_update_scan_actions[22m | field.png[39m[0m
[  83% ] [90m[1m_update_scan_actions[22m | header.png[39m[0m
[  83% ] [90m[1m_update_scan_actions[22m | icons_atlas.png[39m[0m
[  83% ] [90m[1m_update_scan_actions[22m | inset.png[39m[0m
[  83% ] [90m[1m_update_scan_actions[22m | panel.png[39m[0m
[  83% ] [90m[1m_update_scan_actions[22m | panel_glass.png[39m[0m
[  83% ] [90m[1m_update_scan_actions[22m | phone_frame.png[39m[0m
[  83% ] [90m[1m_update_scan_actions[22m | portrait_frame.png[39m[0m
[  83% ] [90m[1m_update_scan_actions[22m | prompt_key.png[39m[0m
[  83% ] [90m[1m_update_scan_actions[22m | tab.png[39m[0m
[  83% ] [90m[1m_update_scan_actions[22m | tab_active.png[39m[0m
[  83% ] [90m[1m_update_scan_actions[22m | tooltip.png[39m[0m
[  84% ] [90m[1m_update_scan_actions[22m | bus_side_body.png[39m[0m
[  84% ] [90m[1m_update_scan_actions[22m | bus_side_detail.png[39m[0m
[  84% ] [90m[1m_update_scan_actions[22m | compact_back_body.png[39m[0m
[  84% ] [90m[1m_update_scan_actions[22m | compact_back_detail.png[39m[0m
[  84% ] [90m[1m_update_scan_actions[22m | compact_front_body.png[39m[0m
[  84% ] [90m[1m_update_scan_actions[22m | compact_front_detail.png[39m[0m
[  84% ] [90m[1m_update_scan_actions[22m | compact_side_body.png[39m[0m
[  84% ] [90m[1m_update_scan_actions[22m | compact_side_detail.png[39m[0m
[  84% ] [90m[1m_update_scan_actions[22m | metro_train.png[39m[0m
[  84% ] [90m[1m_update_scan_actions[22m | sedan_back_body.png[39m[0m
[  84% ] [90m[1m_update_scan_actions[22m | sedan_back_detail.png[39m[0m
[  84% ] [90m[1m_update_scan_actions[22m | sedan_front_body.png[39m[0m
[  84% ] [90m[1m_update_scan_actions[22m | sedan_front_detail.png[39m[0m
[  84% ] [90m[1m_update_scan_actions[22m | sedan_side_body.png[39m[0m
[  84% ] [90m[1m_update_scan_actions[22m | sedan_side_detail.png[39m[0m
[  84% ] [90m[1m_update_scan_actions[22m | taxi_side_body.png[39m[0m
[  85% ] [90m[1m_update_scan_actions[22m | taxi_side_detail.png[39m[0m
[  85% ] [90m[1m_update_scan_actions[22m | van_player_back_body.png[39m[0m
[  85% ] [90m[1m_update_scan_actions[22m | van_player_back_detail.png[39m[0m
[  85% ] [90m[1m_update_scan_actions[22m | van_player_front_body.png[39m[0m
[  85% ] [90m[1m_update_scan_actions[22m | van_player_front_detail.png[39m[0m
[  85% ] [90m[1m_update_scan_actions[22m | van_player_side_body.png[39m[0m
[  85% ] [90m[1m_update_scan_actions[22m | van_player_side_detail.png[39m[0m
[  85% ] [90m[1m_update_scan_actions[22m | van_side_body.png[39m[0m
[  85% ] [90m[1m_update_scan_actions[22m | van_side_detail.png[39m[0m
[  85% ] [90m[1m_update_scan_actions[22m | chapter_7.png[39m[0m
[  85% ] [90m[1m_update_scan_actions[22m | chapter_8.png[39m[0m
[  85% ] [90m[1m_update_scan_actions[22m | chapter_9.png[39m[0m
[  85% ] [90m[1m_update_scan_actions[22m | chapter_10.png[39m[0m
[  85% ] [90m[1m_update_scan_actions[22m | chapter_11.png[39m[0m
[  85% ] [90m[1m_update_scan_actions[22m | chapter_12.png[39m[0m
[  85% ] [90m[1m_update_scan_actions[22m | skyline_harbor_day.png[39m[0m
[  86% ] [90m[1m_update_scan_actions[22m | skyline_harbor_night.png[39m[0m
[  86% ] [90m[1m_update_scan_actions[22m | arcade_arches.png[39m[0m
[  86% ] [90m[1m_update_scan_actions[22m | arcade_arches_lights.png[39m[0m
[  86% ] [90m[1m_update_scan_actions[22m | clock_tower.png[39m[0m
[  86% ] [90m[1m_update_scan_actions[22m | clock_tower_lights.png[39m[0m
[  86% ] [90m[1m_update_scan_actions[22m | cold_store.png[39m[0m
[  86% ] [90m[1m_update_scan_actions[22m | cold_store_lights.png[39m[0m
[  86% ] [90m[1m_update_scan_actions[22m | container_stack.png[39m[0m
[  86% ] [90m[1m_update_scan_actions[22m | container_stack_lights.png[39m[0m
[  86% ] [90m[1m_update_scan_actions[22m | corner_cafe_unit.png[39m[0m
[  86% ] [90m[1m_update_scan_actions[22m | corner_cafe_unit_lights.png[39m[0m
[  86% ] [90m[1m_update_scan_actions[22m | customs_house.png[39m[0m
[  86% ] [90m[1m_update_scan_actions[22m | customs_house_lights.png[39m[0m
[  86% ] [90m[1m_update_scan_actions[22m | dockside_motors.png[39m[0m
[  86% ] [90m[1m_update_scan_actions[22m | dockside_motors_lights.png[39m[0m
[  86% ] [90m[1m_update_scan_actions[22m | harbor_point_fitness.png[39m[0m
[  87% ] [90m[1m_update_scan_actions[22m | harbor_point_fitness_lights.png[39m[0m
[  87% ] [90m[1m_update_scan_actions[22m | okafor_lettings.png[39m[0m
[  87% ] [90m[1m_update_scan_actions[22m | okafor_lettings_lights.png[39m[0m
[  87% ] [90m[1m_update_scan_actions[22m | old_town_studio.png[39m[0m
[  87% ] [90m[1m_update_scan_actions[22m | old_town_studio_lights.png[39m[0m
[  87% ] [90m[1m_update_scan_actions[22m | pier7_warehouse.png[39m[0m
[  87% ] [90m[1m_update_scan_actions[22m | pier7_warehouse_lights.png[39m[0m
[  87% ] [90m[1m_update_scan_actions[22m | rowhouse_brick.png[39m[0m
[  87% ] [90m[1m_update_scan_actions[22m | rowhouse_brick_lights.png[39m[0m
[  87% ] [90m[1m_update_scan_actions[22m | warehouse_shed.png[39m[0m
[  87% ] [90m[1m_update_scan_actions[22m | warehouse_shed_lights.png[39m[0m
[  87% ] [90m[1m_update_scan_actions[22m | corner_cafe_unit.png[39m[0m
[  87% ] [90m[1m_update_scan_actions[22m | dockside_motors.png[39m[0m
[  87% ] [90m[1m_update_scan_actions[22m | harbor.png[39m[0m
[  87% ] [90m[1m_update_scan_actions[22m | okafor_lettings.png[39m[0m
[  88% ] [90m[1m_update_scan_actions[22m | old_town.png[39m[0m
[  88% ] [90m[1m_update_scan_actions[22m | old_town_studio.png[39m[0m
[  88% ] [90m[1m_update_scan_actions[22m | pier7_warehouse.png[39m[0m
[  88% ] [90m[1m_update_scan_actions[22m | npc_ana.png[39m[0m
[  88% ] [90m[1m_update_scan_actions[22m | npc_daniel.png[39m[0m
[  88% ] [90m[1m_update_scan_actions[22m | npc_daniel_sit.png[39m[0m
[  88% ] [90m[1m_update_scan_actions[22m | npc_dara.png[39m[0m
[  88% ] [90m[1m_update_scan_actions[22m | npc_elena.png[39m[0m
[  88% ] [90m[1m_update_scan_actions[22m | npc_elena_sit.png[39m[0m
[  88% ] [90m[1m_update_scan_actions[22m | npc_guest_0.png[39m[0m
[  88% ] [90m[1m_update_scan_actions[22m | npc_guest_0_sit.png[39m[0m
[  88% ] [90m[1m_update_scan_actions[22m | npc_guest_1.png[39m[0m
[  88% ] [90m[1m_update_scan_actions[22m | npc_guest_1_sit.png[39m[0m
[  88% ] [90m[1m_update_scan_actions[22m | npc_guest_2.png[39m[0m
[  88% ] [90m[1m_update_scan_actions[22m | npc_guest_2_sit.png[39m[0m
[  88% ] [90m[1m_update_scan_actions[22m | npc_guest_3.png[39m[0m
[  89% ] [90m[1m_update_scan_actions[22m | npc_guest_3_sit.png[39m[0m
[  89% ] [90m[1m_update_scan_actions[22m | npc_guest_4.png[39m[0m
[  89% ] [90m[1m_update_scan_actions[22m | npc_guest_4_sit.png[39m[0m
[  89% ] [90m[1m_update_scan_actions[22m | npc_guest_5.png[39m[0m
[  89% ] [90m[1m_update_scan_actions[22m | npc_guest_5_sit.png[39m[0m
[  89% ] [90m[1m_update_scan_actions[22m | npc_ines.png[39m[0m
[  89% ] [90m[1m_update_scan_actions[22m | npc_jun.png[39m[0m
[  89% ] [90m[1m_update_scan_actions[22m | npc_ken.png[39m[0m
[  89% ] [90m[1m_update_scan_actions[22m | npc_ken_sit.png[39m[0m
[  89% ] [90m[1m_update_scan_actions[22m | npc_lee.png[39m[0m
[  89% ] [90m[1m_update_scan_actions[22m | npc_lina.png[39m[0m
[  89% ] [90m[1m_update_scan_actions[22m | npc_lina_sit.png[39m[0m
[  89% ] [90m[1m_update_scan_actions[22m | npc_marcus.png[39m[0m
[  89% ] [90m[1m_update_scan_actions[22m | npc_marcus_sit.png[39m[0m
[  89% ] [90m[1m_update_scan_actions[22m | npc_maya.png[39m[0m
[  89% ] [90m[1m_update_scan_actions[22m | npc_maya_sit.png[39m[0m
[  90% ] [90m[1m_update_scan_actions[22m | npc_okafor.png[39m[0m
[  90% ] [90m[1m_update_scan_actions[22m | npc_okafor_sit.png[39m[0m
[  90% ] [90m[1m_update_scan_actions[22m | npc_priya.png[39m[0m
[  90% ] [90m[1m_update_scan_actions[22m | npc_rosa.png[39m[0m
[  90% ] [90m[1m_update_scan_actions[22m | npc_sam.png[39m[0m
[  90% ] [90m[1m_update_scan_actions[22m | npc_sofia.png[39m[0m
[  90% ] [90m[1m_update_scan_actions[22m | npc_tom.png[39m[0m
[  90% ] [90m[1m_update_scan_actions[22m | player_default.png[39m[0m
[  90% ] [90m[1m_update_scan_actions[22m | acquisition_offer.png[39m[0m
[  90% ] [90m[1m_update_scan_actions[22m | payment_pending.png[39m[0m
[  90% ] [90m[1m_update_scan_actions[22m | rail_frozen.png[39m[0m
[  90% ] [90m[1m_update_scan_actions[22m | supply_shock_plan.png[39m[0m
[  90% ] [90m[1m_update_scan_actions[22m | atm.png[39m[0m
[  90% ] [90m[1m_update_scan_actions[22m | bank_counter.png[39m[0m
[  90% ] [90m[1m_update_scan_actions[22m | bed.png[39m[0m
[  90% ] [90m[1m_update_scan_actions[22m | bed_single.png[39m[0m
[  91% ] [90m[1m_update_scan_actions[22m | bench_civic.png[39m[0m
[  91% ] [90m[1m_update_scan_actions[22m | bookshelf.png[39m[0m
[  91% ] [90m[1m_update_scan_actions[22m | brochure.png[39m[0m
[  91% ] [90m[1m_update_scan_actions[22m | brochure_stand.png[39m[0m
[  91% ] [90m[1m_update_scan_actions[22m | cafe_chair.png[39m[0m
[  91% ] [90m[1m_update_scan_actions[22m | cafe_counter.png[39m[0m
[  91% ] [90m[1m_update_scan_actions[22m | cafe_counter_small.png[39m[0m
[  91% ] [90m[1m_update_scan_actions[22m | cafe_stool.png[39m[0m
[  91% ] [90m[1m_update_scan_actions[22m | cafe_table.png[39m[0m
[  91% ] [90m[1m_update_scan_actions[22m | cafe_table_round.png[39m[0m
[  91% ] [90m[1m_update_scan_actions[22m | chair.png[39m[0m
[  91% ] [90m[1m_update_scan_actions[22m | civic_counter.png[39m[0m
[  91% ] [90m[1m_update_scan_actions[22m | coffee_table.png[39m[0m
[  91% ] [90m[1m_update_scan_actions[22m | community_table.png[39m[0m
[  91% ] [90m[1m_update_scan_actions[22m | desk.png[39m[0m
[  92% ] [90m[1m_update_scan_actions[22m | desk_laptop.png[39m[0m
[  92% ] [90m[1m_update_scan_actions[22m | display_case.png[39m[0m
[  92% ] [90m[1m_update_scan_actions[22m | espresso_machine_pro.png[39m[0m
[  92% ] [90m[1m_update_scan_actions[22m | exec_desk.png[39m[0m
[  92% ] [90m[1m_update_scan_actions[22m | filing_cabinet.png[39m[0m
[  92% ] [90m[1m_update_scan_actions[22m | floor_carpet_navy.png[39m[0m
[  92% ] [90m[1m_update_scan_actions[22m | floor_concrete.png[39m[0m
[  92% ] [90m[1m_update_scan_actions[22m | floor_harbor_concrete.png[39m[0m
[  92% ] [90m[1m_update_scan_actions[22m | floor_marble.png[39m[0m
[  92% ] [90m[1m_update_scan_actions[22m | floor_tile_white.png[39m[0m
[  92% ] [90m[1m_update_scan_actions[22m | floor_wood_cafe.png[39m[0m
[  92% ] [90m[1m_update_scan_actions[22m | floor_wood_dark.png[39m[0m
[  92% ] [90m[1m_update_scan_actions[22m | floor_wood_warm.png[39m[0m
[  92% ] [90m[1m_update_scan_actions[22m | forklift_parked.png[39m[0m
[  92% ] [90m[1m_update_scan_actions[22m | fridge.png[39m[0m
[  92% ] [90m[1m_update_scan_actions[22m | glass_wall.png[39m[0m
[  93% ] [90m[1m_update_scan_actions[22m | hanging_light.png[39m[0m
[  93% ] [90m[1m_update_scan_actions[22m | info_kiosk.png[39m[0m
[  93% ] [90m[1m_update_scan_actions[22m | key_board.png[39m[0m
[  93% ] [90m[1m_update_scan_actions[22m | kitchen.png[39m[0m
[  93% ] [90m[1m_update_scan_actions[22m | kitchenette.png[39m[0m
[  93% ] [90m[1m_update_scan_actions[22m | listing_board.png[39m[0m
[  93% ] [90m[1m_update_scan_actions[22m | loading_dock_door.png[39m[0m
[  93% ] [90m[1m_update_scan_actions[22m | lounge_sofa.png[39m[0m
[  93% ] [90m[1m_update_scan_actions[22m | menu_board.png[39m[0m
[  93% ] [90m[1m_update_scan_actions[22m | menu_board_blank.png[39m[0m
[  93% ] [90m[1m_update_scan_actions[22m | monitor_desk.png[39m[0m
[  93% ] [90m[1m_update_scan_actions[22m | office_chair.png[39m[0m
[  93% ] [90m[1m_update_scan_actions[22m | old_desk.png[39m[0m
[  93% ] [90m[1m_update_scan_actions[22m | packing_bench_large.png[39m[0m
[  93% ] [90m[1m_update_scan_actions[22m | packing_table.png[39m[0m
[  93% ] [90m[1m_update_scan_actions[22m | pallet_rack.png[39m[0m
[  94% ] [90m[1m_update_scan_actions[22m | parcel_shelf.png[39m[0m
[  94% ] [90m[1m_update_scan_actions[22m | pastry_case_small.png[39m[0m
[  94% ] [90m[1m_update_scan_actions[22m | phone_booth.png[39m[0m
[  94% ] [90m[1m_update_scan_actions[22m | plant.png[39m[0m
[  94% ] [90m[1m_update_scan_actions[22m | plant_bank.png[39m[0m
[  94% ] [90m[1m_update_scan_actions[22m | plant_big.png[39m[0m
[  94% ] [90m[1m_update_scan_actions[22m | postpoint_counter.png[39m[0m
[  94% ] [90m[1m_update_scan_actions[22m | printer.png[39m[0m
[  94% ] [90m[1m_update_scan_actions[22m | radiator.png[39m[0m
[  94% ] [90m[1m_update_scan_actions[22m | rug.png[39m[0m
[  94% ] [90m[1m_update_scan_actions[22m | rug_navy.png[39m[0m
[  94% ] [90m[1m_update_scan_actions[22m | rug_small.png[39m[0m
[  94% ] [90m[1m_update_scan_actions[22m | sales_desk.png[39m[0m
[  94% ] [90m[1m_update_scan_actions[22m | sconce.png[39m[0m
[  94% ] [90m[1m_update_scan_actions[22m | sofa.png[39m[0m
[  94% ] [90m[1m_update_scan_actions[22m | ticket_machine.png[39m[0m
[  95% ] [90m[1m_update_scan_actions[22m | tv.png[39m[0m
[  95% ] [90m[1m_update_scan_actions[22m | waiting_sofa.png[39m[0m
[  95% ] [90m[1m_update_scan_actions[22m | wall_plaster.png[39m[0m
[  95% ] [90m[1m_update_scan_actions[22m | wardrobe.png[39m[0m
[  95% ] [90m[1m_update_scan_actions[22m | water_cooler.png[39m[0m
[  95% ] [90m[1m_update_scan_actions[22m | whiteboard.png[39m[0m
[  95% ] [90m[1m_update_scan_actions[22m | window_day.png[39m[0m
[  95% ] [90m[1m_update_scan_actions[22m | window_night.png[39m[0m
[  95% ] [90m[1m_update_scan_actions[22m | aurelia_makers.png[39m[0m
[  95% ] [90m[1m_update_scan_actions[22m | verdant_supply.png[39m[0m
[  95% ] [90m[1m_update_scan_actions[22m | recycled_padding.png[39m[0m
[  95% ] [90m[1m_update_scan_actions[22m | route_map.png[39m[0m
[  95% ] [90m[1m_update_scan_actions[22m | npc_ana.png[39m[0m
[  95% ] [90m[1m_update_scan_actions[22m | npc_daniel.png[39m[0m
[  95% ] [90m[1m_update_scan_actions[22m | npc_dara.png[39m[0m
[  96% ] [90m[1m_update_scan_actions[22m | npc_elena.png[39m[0m
[  96% ] [90m[1m_update_scan_actions[22m | npc_ines.png[39m[0m
[  96% ] [90m[1m_update_scan_actions[22m | npc_jun.png[39m[0m
[  96% ] [90m[1m_update_scan_actions[22m | npc_ken.png[39m[0m
[  96% ] [90m[1m_update_scan_actions[22m | npc_lee.png[39m[0m
[  96% ] [90m[1m_update_scan_actions[22m | npc_lina.png[39m[0m
[  96% ] [90m[1m_update_scan_actions[22m | npc_marcus.png[39m[0m
[  96% ] [90m[1m_update_scan_actions[22m | npc_maya.png[39m[0m
[  96% ] [90m[1m_update_scan_actions[22m | npc_okafor.png[39m[0m
[  96% ] [90m[1m_update_scan_actions[22m | npc_priya.png[39m[0m
[  96% ] [90m[1m_update_scan_actions[22m | npc_rosa.png[39m[0m
[  96% ] [90m[1m_update_scan_actions[22m | npc_sam.png[39m[0m
[  96% ] [90m[1m_update_scan_actions[22m | npc_sofia.png[39m[0m
[  96% ] [90m[1m_update_scan_actions[22m | npc_tom.png[39m[0m
[  96% ] [90m[1m_update_scan_actions[22m | player_default.png[39m[0m
[  96% ] [90m[1m_update_scan_actions[22m | solar_lamp_photo.png[39m[0m
[  97% ] [90m[1m_update_scan_actions[22m | solar_lamp_photo_raw.png[39m[0m
[  97% ] [90m[1m_update_scan_actions[22m | bookstall.png[39m[0m
[  97% ] [90m[1m_update_scan_actions[22m | cafe_chairs_bistro.png[39m[0m
[  97% ] [90m[1m_update_scan_actions[22m | container_blue.png[39m[0m
[  97% ] [90m[1m_update_scan_actions[22m | container_green.png[39m[0m
[  97% ] [90m[1m_update_scan_actions[22m | container_red.png[39m[0m
[  97% ] [90m[1m_update_scan_actions[22m | crane_gantry.png[39m[0m
[  97% ] [90m[1m_update_scan_actions[22m | crate.png[39m[0m
[  97% ] [90m[1m_update_scan_actions[22m | ev_charger.png[39m[0m
[  97% ] [90m[1m_update_scan_actions[22m | forklift.png[39m[0m
[  97% ] [90m[1m_update_scan_actions[22m | harbor_lamp.png[39m[0m
[  97% ] [90m[1m_update_scan_actions[22m | harbor_lamp_lights.png[39m[0m
[  97% ] [90m[1m_update_scan_actions[22m | ivy_trellis.png[39m[0m
[  97% ] [90m[1m_update_scan_actions[22m | life_ring.png[39m[0m
[  97% ] [90m[1m_update_scan_actions[22m | mooring_bollard.png[39m[0m
[  97% ] [90m[1m_update_scan_actions[22m | mural_wall.png[39m[0m
[  98% ] [90m[1m_update_scan_actions[22m | old_lamp.png[39m[0m
[  98% ] [90m[1m_update_scan_actions[22m | old_lamp_lights.png[39m[0m
[  98% ] [90m[1m_update_scan_actions[22m | pallet_stack.png[39m[0m
[  98% ] [90m[1m_update_scan_actions[22m | port_cranes_far.png[39m[0m
[  98% ] [90m[1m_update_scan_actions[22m | product_solar_lamp.png[39m[0m
[  98% ] [90m[1m_update_scan_actions[22m | rope_coil.png[39m[0m
[  98% ] [90m[1m_update_scan_actions[22m | solar_roof_large.png[39m[0m
[  98% ] [90m[1m_update_scan_actions[22m | solar_roof_small.png[39m[0m
[  98% ] [90m[1m_update_scan_actions[22m | atlas.png[39m[0m
[  98% ] [90m[1m_update_scan_actions[22m | cobble_a.png[39m[0m
[  98% ] [90m[1m_update_scan_actions[22m | cobble_b.png[39m[0m
[  98% ] [90m[1m_update_scan_actions[22m | quay_concrete.png[39m[0m
[  98% ] [90m[1m_update_scan_actions[22m | quay_edge.png[39m[0m
[  98% ] [90m[1m_update_scan_actions[22m | water_harbor.png[39m[0m
[  98% ] [90m[1m_update_scan_actions[22m | van_player_back_body.png[39m[0m
[  98% ] [90m[1m_update_scan_actions[22m | van_player_back_detail.png[39m[0m
[  99% ] [90m[1m_update_scan_actions[22m | van_player_front_body.png[39m[0m
[  99% ] [90m[1m_update_scan_actions[22m | van_player_front_detail.png[39m[0m
[  99% ] [90m[1m_update_scan_actions[22m | van_player_side_body.png[39m[0m
[  99% ] [90m[1m_update_scan_actions[22m | van_player_side_detail.png[39m[0m
[  99% ] [90m[1m_update_scan_actions[22m | board.png[39m[0m
[  99% ] [90m[1m_update_scan_actions[22m | r_almeria.png[39m[0m
[  99% ] [90m[1m_update_scan_actions[22m | r_aurelia.png[39m[0m
[  99% ] [90m[1m_update_scan_actions[22m | r_auroria.png[39m[0m
[  99% ] [90m[1m_update_scan_actions[22m | r_karu.png[39m[0m
[  99% ] [90m[1m_update_scan_actions[22m | r_lumina.png[39m[0m
[  99% ] [90m[1m_update_scan_actions[22m | r_northridge.png[39m[0m
[  99% ] [90m[1m_update_scan_actions[22m | r_solterra.png[39m[0m
[  99% ] [90m[1m_update_scan_actions[22m | r_zenkai.png[39m[0m
[  99% ] [90m[1m_update_scan_actions[22m | world_map.png[39m[0m
[92m[ DONE ][39m [1m_update_scan_actions[22m
[0m
[   0% ] [90m[1mreimport[22m | Started （重新）匯入素材 (1574 steps)[39m[0m
[   0% ] [90m[1mreimport[22m | 正在準備重新匯入檔案…[39m[0m
[   0% ] [90m[1mreimport[22m | 正在準備重新匯入檔案…[39m[0m
[   0% ] [90m[1mreimport[22m | 正在準備重新匯入檔案…[39m[0m
[   0% ] [90m[1mreimport[22m | 正在準備重新匯入檔案…[39m[0m
[   0% ] [90m[1mreimport[22m | 正在準備重新匯入檔案…[39m[0m
[   0% ] [90m[1mreimport[22m | 正在準備重新匯入檔案…[39m[0m
[   0% ] [90m[1mreimport[22m | 正在準備重新匯入檔案…[39m[0m
[   0% ] [90m[1mreimport[22m | 正在準備重新匯入檔案…[39m[0m
[   0% ] [90m[1mreimport[22m | 正在準備重新匯入檔案…[39m[0m
[   0% ] [90m[1mreimport[22m | 正在準備重新匯入檔案…[39m[0m
[   0% ] [90m[1mreimport[22m | 正在準備重新匯入檔案…[39m[0m
[   0% ] [90m[1mreimport[22m | 正在準備重新匯入檔案…[39m[0m
[   0% ] [90m[1mreimport[22m | 正在準備重新匯入檔案…[39m[0m
[   0% ] [90m[1mreimport[22m | 正在準備重新匯入檔案…[39m[0m
[   0% ] [90m[1mreimport[22m | 正在準備重新匯入檔案…[39m[0m
[   0% ] [90m[1mreimport[22m | 正在準備重新匯入檔案…[39m[0m
[   1% ] [90m[1mreimport[22m | 正在準備重新匯入檔案…[39m[0m
[   1% ] [90m[1mreimport[22m | 正在準備重新匯入檔案…[39m[0m
[   1% ] [90m[1mreimport[22m | 正在準備重新匯入檔案…[39m[0m
[   1% ] [90m[1mreimport[22m | 正在準備重新匯入檔案…[39m[0m
[   1% ] [90m[1mreimport[22m | 正在準備重新匯入檔案…[39m[0m
[   1% ] [90m[1mreimport[22m | 正在準備重新匯入檔案…[39m[0m
[   1% ] [90m[1mreimport[22m | 正在準備重新匯入檔案…[39m[0m
[   1% ] [90m[1mreimport[22m | 正在準備重新匯入檔案…[39m[0m
[   1% ] [90m[1mreimport[22m | 正在準備重新匯入檔案…[39m[0m
[   1% ] [90m[1mreimport[22m | 正在準備重新匯入檔案…[39m[0m
[   1% ] [90m[1mreimport[22m | 正在準備重新匯入檔案…[39m[0m
[   1% ] [90m[1mreimport[22m | 正在準備重新匯入檔案…[39m[0m
[   1% ] [90m[1mreimport[22m | 正在準備重新匯入檔案…[39m[0m
[   1% ] [90m[1mreimport[22m | 正在準備重新匯入檔案…[39m[0m
[   1% ] [90m[1mreimport[22m | 正在準備重新匯入檔案…[39m[0m
[   1% ] [90m[1mreimport[22m | 正在準備重新匯入檔案…[39m[0m
[   2% ] [90m[1mreimport[22m | 正在準備重新匯入檔案…[39m[0m
[   2% ] [90m[1mreimport[22m | 正在準備重新匯入檔案…[39m[0m
[   2% ] [90m[1mreimport[22m | 正在準備重新匯入檔案…[39m[0m
[   2% ] [90m[1mreimport[22m | 正在準備重新匯入檔案…[39m[0m
[   2% ] [90m[1mreimport[22m | 正在準備重新匯入檔案…[39m[0m
[   2% ] [90m[1mreimport[22m | 正在準備重新匯入檔案…[39m[0m
[   2% ] [90m[1mreimport[22m | 正在準備重新匯入檔案…[39m[0m
[   2% ] [90m[1mreimport[22m | 正在準備重新匯入檔案…[39m[0m
[   2% ] [90m[1mreimport[22m | 正在準備重新匯入檔案…[39m[0m
[   2% ] [90m[1mreimport[22m | 正在準備重新匯入檔案…[39m[0m
[   2% ] [90m[1mreimport[22m | 正在準備重新匯入檔案…[39m[0m
[   2% ] [90m[1mreimport[22m | 正在準備重新匯入檔案…[39m[0m
[   2% ] [90m[1mreimport[22m | 正在準備重新匯入檔案…[39m[0m
[   2% ] [90m[1mreimport[22m | 正在準備重新匯入檔案…[39m[0m
[   2% ] [90m[1mreimport[22m | 正在準備重新匯入檔案…[39m[0m
[   2% ] [90m[1mreimport[22m | 正在準備重新匯入檔案…[39m[0m
[   3% ] [90m[1mreimport[22m | 正在準備重新匯入檔案…[39m[0m
[   3% ] [90m[1mreimport[22m | 正在準備重新匯入檔案…[39m[0m
[   3% ] [90m[1mreimport[22m | 正在準備重新匯入檔案…[39m[0m
[   3% ] [90m[1mreimport[22m | 正在準備重新匯入檔案…[39m[0m
[   3% ] [90m[1mreimport[22m | 正在準備重新匯入檔案…[39m[0m
[   3% ] [90m[1mreimport[22m | 正在準備重新匯入檔案…[39m[0m
[   3% ] [90m[1mreimport[22m | 正在準備重新匯入檔案…[39m[0m
[   3% ] [90m[1mreimport[22m | 正在準備重新匯入檔案…[39m[0m
[   3% ] [90m[1mreimport[22m | 正在準備重新匯入檔案…[39m[0m
[   3% ] [90m[1mreimport[22m | 正在準備重新匯入檔案…[39m[0m
[   3% ] [90m[1mreimport[22m | 正在準備重新匯入檔案…[39m[0m
[   3% ] [90m[1mreimport[22m | 正在準備重新匯入檔案…[39m[0m
[   3% ] [90m[1mreimport[22m | 正在準備重新匯入檔案…[39m[0m
[   3% ] [90m[1mreimport[22m | 正在準備重新匯入檔案…[39m[0m
[   3% ] [90m[1mreimport[22m | 正在準備重新匯入檔案…[39m[0m
[   4% ] [90m[1mreimport[22m | 正在準備重新匯入檔案…[39m[0m
[   4% ] [90m[1mreimport[22m | 正在準備重新匯入檔案…[39m[0m
[   4% ] [90m[1mreimport[22m | 正在準備重新匯入檔案…[39m[0m
[   4% ] [90m[1mreimport[22m | 正在準備重新匯入檔案…[39m[0m
[   4% ] [90m[1mreimport[22m | 正在準備重新匯入檔案…[39m[0m
[   4% ] [90m[1mreimport[22m | 正在準備重新匯入檔案…[39m[0m
[   4% ] [90m[1mreimport[22m | 正在準備重新匯入檔案…[39m[0m
[   4% ] [90m[1mreimport[22m | 正在準備重新匯入檔案…[39m[0m
[   4% ] [90m[1mreimport[22m | 正在準備重新匯入檔案…[39m[0m
[   4% ] [90m[1mreimport[22m | 正在準備重新匯入檔案…[39m[0m
[   4% ] [90m[1mreimport[22m | 正在準備重新匯入檔案…[39m[0m
[   4% ] [90m[1mreimport[22m | 正在準備重新匯入檔案…[39m[0m
[   4% ] [90m[1mreimport[22m | 正在準備重新匯入檔案…[39m[0m
[   4% ] [90m[1mreimport[22m | 正在準備重新匯入檔案…[39m[0m
[   4% ] [90m[1mreimport[22m | 正在準備重新匯入檔案…[39m[0m
[   4% ] [90m[1mreimport[22m | 正在準備重新匯入檔案…[39m[0m
[   5% ] [90m[1mreimport[22m | 正在準備重新匯入檔案…[39m[0m
[   5% ] [90m[1mreimport[22m | 正在準備重新匯入檔案…[39m[0m
[   5% ] [90m[1mreimport[22m | 正在準備重新匯入檔案…[39m[0m
[   5% ] [90m[1mreimport[22m | 正在準備重新匯入檔案…[39m[0m
[   5% ] [90m[1mreimport[22m | 正在準備重新匯入檔案…[39m[0m
[   5% ] [90m[1mreimport[22m | 正在準備重新匯入檔案…[39m[0m
[   5% ] [90m[1mreimport[22m | 正在準備重新匯入檔案…[39m[0m
[   5% ] [90m[1mreimport[22m | 正在準備重新匯入檔案…[39m[0m
[   5% ] [90m[1mreimport[22m | 正在準備重新匯入檔案…[39m[0m
[   5% ] [90m[1mreimport[22m | 正在準備重新匯入檔案…[39m[0m
[   5% ] [90m[1mreimport[22m | 正在準備重新匯入檔案…[39m[0m
[   5% ] [90m[1mreimport[22m | 正在準備重新匯入檔案…[39m[0m
[   5% ] [90m[1mreimport[22m | 正在準備重新匯入檔案…[39m[0m
[   5% ] [90m[1mreimport[22m | 正在準備重新匯入檔案…[39m[0m
[   5% ] [90m[1mreimport[22m | 正在準備重新匯入檔案…[39m[0m
[   5% ] [90m[1mreimport[22m | 正在準備重新匯入檔案…[39m[0m
[   6% ] [90m[1mreimport[22m | 正在準備重新匯入檔案…[39m[0m
[   6% ] [90m[1mreimport[22m | 正在準備重新匯入檔案…[39m[0m
[   6% ] [90m[1mreimport[22m | 正在準備重新匯入檔案…[39m[0m
[   6% ] [90m[1mreimport[22m | 正在準備重新匯入檔案…[39m[0m
[   6% ] [90m[1mreimport[22m | 正在準備重新匯入檔案…[39m[0m
[   6% ] [90m[1mreimport[22m | 正在準備重新匯入檔案…[39m[0m
[   6% ] [90m[1mreimport[22m | 正在準備重新匯入檔案…[39m[0m
[   6% ] [90m[1mreimport[22m | 正在準備重新匯入檔案…[39m[0m
[   6% ] [90m[1mreimport[22m | 正在準備重新匯入檔案…[39m[0m
[   6% ] [90m[1mreimport[22m | 正在準備重新匯入檔案…[39m[0m
[   6% ] [90m[1mreimport[22m | 正在準備重新匯入檔案…[39m[0m
[   6% ] [90m[1mreimport[22m | 正在準備重新匯入檔案…[39m[0m
[   6% ] [90m[1mreimport[22m | 正在準備重新匯入檔案…[39m[0m
[   6% ] [90m[1mreimport[22m | 正在準備重新匯入檔案…[39m[0m
[   6% ] [90m[1mreimport[22m | 正在準備重新匯入檔案…[39m[0m
[   6% ] [90m[1mreimport[22m | 正在準備重新匯入檔案…[39m[0m
[   7% ] [90m[1mreimport[22m | 正在準備重新匯入檔案…[39m[0m
[   7% ] [90m[1mreimport[22m | 正在準備重新匯入檔案…[39m[0m
[   7% ] [90m[1mreimport[22m | 正在準備重新匯入檔案…[39m[0m
[   7% ] [90m[1mreimport[22m | 正在準備重新匯入檔案…[39m[0m
[   7% ] [90m[1mreimport[22m | 正在準備重新匯入檔案…[39m[0m
[   7% ] [90m[1mreimport[22m | 正在準備重新匯入檔案…[39m[0m
[   7% ] [90m[1mreimport[22m | 正在準備重新匯入檔案…[39m[0m
[   7% ] [90m[1mreimport[22m | 正在準備重新匯入檔案…[39m[0m
[   7% ] [90m[1mreimport[22m | 正在準備重新匯入檔案…[39m[0m
[   7% ] [90m[1mreimport[22m | 正在準備重新匯入檔案…[39m[0m
[   7% ] [90m[1mreimport[22m | 正在準備重新匯入檔案…[39m[0m
[   7% ] [90m[1mreimport[22m | 正在準備重新匯入檔案…[39m[0m
[   7% ] [90m[1mreimport[22m | 正在準備重新匯入檔案…[39m[0m
[   7% ] [90m[1mreimport[22m | 正在準備重新匯入檔案…[39m[0m
[   7% ] [90m[1mreimport[22m | 正在準備重新匯入檔案…[39m[0m
[   8% ] [90m[1mreimport[22m | 正在準備重新匯入檔案…[39m[0m
[   8% ] [90m[1mreimport[22m | 正在準備重新匯入檔案…[39m[0m
[   8% ] [90m[1mreimport[22m | 正在準備重新匯入檔案…[39m[0m
[   8% ] [90m[1mreimport[22m | 正在準備重新匯入檔案…[39m[0m
[   8% ] [90m[1mreimport[22m | 正在準備重新匯入檔案…[39m[0m
[   8% ] [90m[1mreimport[22m | 正在準備重新匯入檔案…[39m[0m
[   8% ] [90m[1mreimport[22m | 正在準備重新匯入檔案…[39m[0m
[   8% ] [90m[1mreimport[22m | 正在準備重新匯入檔案…[39m[0m
[   8% ] [90m[1mreimport[22m | 正在準備重新匯入檔案…[39m[0m
[   8% ] [90m[1mreimport[22m | 正在準備重新匯入檔案…[39m[0m
[   8% ] [90m[1mreimport[22m | 正在準備重新匯入檔案…[39m[0m
[   8% ] [90m[1mreimport[22m | 正在準備重新匯入檔案…[39m[0m
[   8% ] [90m[1mreimport[22m | 正在準備重新匯入檔案…[39m[0m
[   8% ] [90m[1mreimport[22m | 正在準備重新匯入檔案…[39m[0m
[   8% ] [90m[1mreimport[22m | 正在準備重新匯入檔案…[39m[0m
[   8% ] [90m[1mreimport[22m | 正在準備重新匯入檔案…[39m[0m
[   9% ] [90m[1mreimport[22m | 正在準備重新匯入檔案…[39m[0m
[   9% ] [90m[1mreimport[22m | 正在準備重新匯入檔案…[39m[0m
[   9% ] [90m[1mreimport[22m | 正在準備重新匯入檔案…[39m[0m
[   9% ] [90m[1mreimport[22m | 正在準備重新匯入檔案…[39m[0m
[   9% ] [90m[1mreimport[22m | 正在準備重新匯入檔案…[39m[0m
[   9% ] [90m[1mreimport[22m | 正在準備重新匯入檔案…[39m[0m
[   9% ] [90m[1mreimport[22m | 正在準備重新匯入檔案…[39m[0m
[   9% ] [90m[1mreimport[22m | 正在準備重新匯入檔案…[39m[0m
[   9% ] [90m[1mreimport[22m | 正在準備重新匯入檔案…[39m[0m
[   9% ] [90m[1mreimport[22m | 正在準備重新匯入檔案…[39m[0m
[   9% ] [90m[1mreimport[22m | 正在準備重新匯入檔案…[39m[0m
[   9% ] [90m[1mreimport[22m | 正在準備重新匯入檔案…[39m[0m
[   9% ] [90m[1mreimport[22m | 正在準備重新匯入檔案…[39m[0m
[   9% ] [90m[1mreimport[22m | 正在準備重新匯入檔案…[39m[0m
[   9% ] [90m[1mreimport[22m | 正在準備重新匯入檔案…[39m[0m
[   9% ] [90m[1mreimport[22m | 正在準備重新匯入檔案…[39m[0m
[  10% ] [90m[1mreimport[22m | 正在準備重新匯入檔案…[39m[0m
[  10% ] [90m[1mreimport[22m | 正在準備重新匯入檔案…[39m[0m
[  10% ] [90m[1mreimport[22m | 正在準備重新匯入檔案…[39m[0m
[  10% ] [90m[1mreimport[22m | 正在準備重新匯入檔案…[39m[0m
[  10% ] [90m[1mreimport[22m | 正在準備重新匯入檔案…[39m[0m
[  10% ] [90m[1mreimport[22m | 正在準備重新匯入檔案…[39m[0m
[  10% ] [90m[1mreimport[22m | 正在準備重新匯入檔案…[39m[0m
[  10% ] [90m[1mreimport[22m | 正在準備重新匯入檔案…[39m[0m
[  10% ] [90m[1mreimport[22m | 正在準備重新匯入檔案…[39m[0m
[  10% ] [90m[1mreimport[22m | 正在準備重新匯入檔案…[39m[0m
[  10% ] [90m[1mreimport[22m | 正在準備重新匯入檔案…[39m[0m
[  10% ] [90m[1mreimport[22m | 正在準備重新匯入檔案…[39m[0m
[  10% ] [90m[1mreimport[22m | 正在準備重新匯入檔案…[39m[0m
[  10% ] [90m[1mreimport[22m | 正在準備重新匯入檔案…[39m[0m
[  10% ] [90m[1mreimport[22m | 正在準備重新匯入檔案…[39m[0m
[  10% ] [90m[1mreimport[22m | 正在準備重新匯入檔案…[39m[0m
[  11% ] [90m[1mreimport[22m | 正在準備重新匯入檔案…[39m[0m
[  11% ] [90m[1mreimport[22m | 正在準備重新匯入檔案…[39m[0m
[  11% ] [90m[1mreimport[22m | 正在準備重新匯入檔案…[39m[0m
[  11% ] [90m[1mreimport[22m | 正在準備重新匯入檔案…[39m[0m
[  11% ] [90m[1mreimport[22m | 正在準備重新匯入檔案…[39m[0m
[  11% ] [90m[1mreimport[22m | 正在準備重新匯入檔案…[39m[0m
[  11% ] [90m[1mreimport[22m | 正在準備重新匯入檔案…[39m[0m
[  11% ] [90m[1mreimport[22m | 正在準備重新匯入檔案…[39m[0m
[  11% ] [90m[1mreimport[22m | 正在準備重新匯入檔案…[39m[0m
[  11% ] [90m[1mreimport[22m | 正在準備重新匯入檔案…[39m[0m
[  11% ] [90m[1mreimport[22m | 正在準備重新匯入檔案…[39m[0m
[  11% ] [90m[1mreimport[22m | 正在準備重新匯入檔案…[39m[0m
[  11% ] [90m[1mreimport[22m | 正在準備重新匯入檔案…[39m[0m
[  11% ] [90m[1mreimport[22m | 正在準備重新匯入檔案…[39m[0m
[  11% ] [90m[1mreimport[22m | 正在準備重新匯入檔案…[39m[0m
[  12% ] [90m[1mreimport[22m | 正在準備重新匯入檔案…[39m[0m
[  12% ] [90m[1mreimport[22m | 正在準備重新匯入檔案…[39m[0m
[  12% ] [90m[1mreimport[22m | 正在準備重新匯入檔案…[39m[0m
[  12% ] [90m[1mreimport[22m | 正在準備重新匯入檔案…[39m[0m
[  12% ] [90m[1mreimport[22m | 正在準備重新匯入檔案…[39m[0m
[  12% ] [90m[1mreimport[22m | 正在準備重新匯入檔案…[39m[0m
[  12% ] [90m[1mreimport[22m | 正在準備重新匯入檔案…[39m[0m
[  12% ] [90m[1mreimport[22m | 正在準備重新匯入檔案…[39m[0m
[  12% ] [90m[1mreimport[22m | 正在準備重新匯入檔案…[39m[0m
[  12% ] [90m[1mreimport[22m | 正在準備重新匯入檔案…[39m[0m
[  12% ] [90m[1mreimport[22m | 正在準備重新匯入檔案…[39m[0m
[  12% ] [90m[1mreimport[22m | 正在準備重新匯入檔案…[39m[0m
[  12% ] [90m[1mreimport[22m | 正在準備重新匯入檔案…[39m[0m
[  12% ] [90m[1mreimport[22m | 正在準備重新匯入檔案…[39m[0m
[  12% ] [90m[1mreimport[22m | 正在準備重新匯入檔案…[39m[0m
[  12% ] [90m[1mreimport[22m | 正在準備重新匯入檔案…[39m[0m
[  13% ] [90m[1mreimport[22m | 正在準備重新匯入檔案…[39m[0m
[  13% ] [90m[1mreimport[22m | 正在準備重新匯入檔案…[39m[0m
[  13% ] [90m[1mreimport[22m | 正在準備重新匯入檔案…[39m[0m
[  13% ] [90m[1mreimport[22m | 正在準備重新匯入檔案…[39m[0m
[  13% ] [90m[1mreimport[22m | 正在準備重新匯入檔案…[39m[0m
[  13% ] [90m[1mreimport[22m | 正在準備重新匯入檔案…[39m[0m
[  13% ] [90m[1mreimport[22m | 正在準備重新匯入檔案…[39m[0m
[  13% ] [90m[1mreimport[22m | 正在準備重新匯入檔案…[39m[0m
[  13% ] [90m[1mreimport[22m | 正在準備重新匯入檔案…[39m[0m
[  13% ] [90m[1mreimport[22m | 正在準備重新匯入檔案…[39m[0m
[  13% ] [90m[1mreimport[22m | 正在準備重新匯入檔案…[39m[0m
[  13% ] [90m[1mreimport[22m | 正在準備重新匯入檔案…[39m[0m
[  13% ] [90m[1mreimport[22m | 正在準備重新匯入檔案…[39m[0m
[  13% ] [90m[1mreimport[22m | 正在準備重新匯入檔案…[39m[0m
[  13% ] [90m[1mreimport[22m | 正在準備重新匯入檔案…[39m[0m
[  13% ] [90m[1mreimport[22m | 正在準備重新匯入檔案…[39m[0m
[  14% ] [90m[1mreimport[22m | 正在準備重新匯入檔案…[39m[0m
[  14% ] [90m[1mreimport[22m | 正在準備重新匯入檔案…[39m[0m
[  14% ] [90m[1mreimport[22m | 正在準備重新匯入檔案…[39m[0m
[  14% ] [90m[1mreimport[22m | 正在準備重新匯入檔案…[39m[0m
[  14% ] [90m[1mreimport[22m | 正在準備重新匯入檔案…[39m[0m
[  14% ] [90m[1mreimport[22m | 正在準備重新匯入檔案…[39m[0m
[  14% ] [90m[1mreimport[22m | 正在準備重新匯入檔案…[39m[0m
[  14% ] [90m[1mreimport[22m | 正在準備重新匯入檔案…[39m[0m
[  14% ] [90m[1mreimport[22m | 正在準備重新匯入檔案…[39m[0m
[  14% ] [90m[1mreimport[22m | 正在準備重新匯入檔案…[39m[0m
[  14% ] [90m[1mreimport[22m | 正在準備重新匯入檔案…[39m[0m
[  14% ] [90m[1mreimport[22m | 正在準備重新匯入檔案…[39m[0m
[  14% ] [90m[1mreimport[22m | 正在準備重新匯入檔案…[39m[0m
[  14% ] [90m[1mreimport[22m | 正在準備重新匯入檔案…[39m[0m
[  14% ] [90m[1mreimport[22m | 正在準備重新匯入檔案…[39m[0m
[  14% ] [90m[1mreimport[22m | 正在準備重新匯入檔案…[39m[0m
[  15% ] [90m[1mreimport[22m | 正在準備重新匯入檔案…[39m[0m
[  15% ] [90m[1mreimport[22m | 正在準備重新匯入檔案…[39m[0m
[  15% ] [90m[1mreimport[22m | 正在準備重新匯入檔案…[39m[0m
[  15% ] [90m[1mreimport[22m | 正在準備重新匯入檔案…[39m[0m
[  15% ] [90m[1mreimport[22m | 正在準備重新匯入檔案…[39m[0m
[  15% ] [90m[1mreimport[22m | 正在準備重新匯入檔案…[39m[0m
[  15% ] [90m[1mreimport[22m | 正在準備重新匯入檔案…[39m[0m
[  15% ] [90m[1mreimport[22m | 正在準備重新匯入檔案…[39m[0m
[  15% ] [90m[1mreimport[22m | 正在準備重新匯入檔案…[39m[0m
[  15% ] [90m[1mreimport[22m | 正在準備重新匯入檔案…[39m[0m
[  15% ] [90m[1mreimport[22m | 正在準備重新匯入檔案…[39m[0m
[  15% ] [90m[1mreimport[22m | 正在準備重新匯入檔案…[39m[0m
[  15% ] [90m[1mreimport[22m | 正在準備重新匯入檔案…[39m[0m
[  15% ] [90m[1mreimport[22m | 正在準備重新匯入檔案…[39m[0m
[  15% ] [90m[1mreimport[22m | 正在準備重新匯入檔案…[39m[0m
[  16% ] [90m[1mreimport[22m | 正在準備重新匯入檔案…[39m[0m
[  16% ] [90m[1mreimport[22m | 正在準備重新匯入檔案…[39m[0m
[  16% ] [90m[1mreimport[22m | 正在準備重新匯入檔案…[39m[0m
[  16% ] [90m[1mreimport[22m | 正在準備重新匯入檔案…[39m[0m
[  16% ] [90m[1mreimport[22m | 正在準備重新匯入檔案…[39m[0m
[  16% ] [90m[1mreimport[22m | 正在準備重新匯入檔案…[39m[0m
[  16% ] [90m[1mreimport[22m | 正在準備重新匯入檔案…[39m[0m
[  16% ] [90m[1mreimport[22m | 正在準備重新匯入檔案…[39m[0m
[  16% ] [90m[1mreimport[22m | 正在準備重新匯入檔案…[39m[0m
[  16% ] [90m[1mreimport[22m | 正在準備重新匯入檔案…[39m[0m
[  16% ] [90m[1mreimport[22m | 正在準備重新匯入檔案…[39m[0m
[  16% ] [90m[1mreimport[22m | 正在準備重新匯入檔案…[39m[0m
[  16% ] [90m[1mreimport[22m | 正在準備重新匯入檔案…[39m[0m
[  16% ] [90m[1mreimport[22m | 正在準備重新匯入檔案…[39m[0m
[  16% ] [90m[1mreimport[22m | 正在準備重新匯入檔案…[39m[0m
[  16% ] [90m[1mreimport[22m | 正在準備重新匯入檔案…[39m[0m
[  17% ] [90m[1mreimport[22m | 正在準備重新匯入檔案…[39m[0m
[  17% ] [90m[1mreimport[22m | 正在準備重新匯入檔案…[39m[0m
[  17% ] [90m[1mreimport[22m | 正在準備重新匯入檔案…[39m[0m
[  17% ] [90m[1mreimport[22m | 正在準備重新匯入檔案…[39m[0m
[  17% ] [90m[1mreimport[22m | 正在準備重新匯入檔案…[39m[0m
[  17% ] [90m[1mreimport[22m | 正在準備重新匯入檔案…[39m[0m
[  17% ] [90m[1mreimport[22m | 正在準備重新匯入檔案…[39m[0m
[  17% ] [90m[1mreimport[22m | 正在準備重新匯入檔案…[39m[0m
[  17% ] [90m[1mreimport[22m | 正在準備重新匯入檔案…[39m[0m
[  17% ] [90m[1mreimport[22m | 正在準備重新匯入檔案…[39m[0m
[  17% ] [90m[1mreimport[22m | 正在準備重新匯入檔案…[39m[0m
[  17% ] [90m[1mreimport[22m | 正在準備重新匯入檔案…[39m[0m
[  17% ] [90m[1mreimport[22m | 正在準備重新匯入檔案…[39m[0m
[  17% ] [90m[1mreimport[22m | 正在準備重新匯入檔案…[39m[0m
[  17% ] [90m[1mreimport[22m | 正在準備重新匯入檔案…[39m[0m
[  17% ] [90m[1mreimport[22m | 正在準備重新匯入檔案…[39m[0m
[  18% ] [90m[1mreimport[22m | 正在準備重新匯入檔案…[39m[0m
[  18% ] [90m[1mreimport[22m | 正在準備重新匯入檔案…[39m[0m
[  18% ] [90m[1mreimport[22m | 正在準備重新匯入檔案…[39m[0m
[  18% ] [90m[1mreimport[22m | 正在準備重新匯入檔案…[39m[0m
[  18% ] [90m[1mreimport[22m | 正在準備重新匯入檔案…[39m[0m
[  18% ] [90m[1mreimport[22m | 正在準備重新匯入檔案…[39m[0m
[  18% ] [90m[1mreimport[22m | 正在準備重新匯入檔案…[39m[0m
[  18% ] [90m[1mreimport[22m | 正在準備重新匯入檔案…[39m[0m
[  18% ] [90m[1mreimport[22m | 正在準備重新匯入檔案…[39m[0m
[  18% ] [90m[1mreimport[22m | 正在準備重新匯入檔案…[39m[0m
[  18% ] [90m[1mreimport[22m | 正在準備重新匯入檔案…[39m[0m
[  18% ] [90m[1mreimport[22m | 正在準備重新匯入檔案…[39m[0m
[  18% ] [90m[1mreimport[22m | 正在準備重新匯入檔案…[39m[0m
[  18% ] [90m[1mreimport[22m | 正在準備重新匯入檔案…[39m[0m
[  18% ] [90m[1mreimport[22m | 正在準備重新匯入檔案…[39m[0m
[  18% ] [90m[1mreimport[22m | 正在準備重新匯入檔案…[39m[0m
[  19% ] [90m[1mreimport[22m | 正在準備重新匯入檔案…[39m[0m
[  19% ] [90m[1mreimport[22m | 正在準備重新匯入檔案…[39m[0m
[  19% ] [90m[1mreimport[22m | 正在準備重新匯入檔案…[39m[0m
[  19% ] [90m[1mreimport[22m | 正在準備重新匯入檔案…[39m[0m
[  19% ] [90m[1mreimport[22m | 正在準備重新匯入檔案…[39m[0m
[  19% ] [90m[1mreimport[22m | 正在準備重新匯入檔案…[39m[0m
[  19% ] [90m[1mreimport[22m | 正在準備重新匯入檔案…[39m[0m
[  19% ] [90m[1mreimport[22m | 正在準備重新匯入檔案…[39m[0m
[  19% ] [90m[1mreimport[22m | 正在準備重新匯入檔案…[39m[0m
[  19% ] [90m[1mreimport[22m | 正在準備重新匯入檔案…[39m[0m
[  19% ] [90m[1mreimport[22m | 正在準備重新匯入檔案…[39m[0m
[  19% ] [90m[1mreimport[22m | 正在準備重新匯入檔案…[39m[0m
[  19% ] [90m[1mreimport[22m | 正在準備重新匯入檔案…[39m[0m
[  19% ] [90m[1mreimport[22m | 正在準備重新匯入檔案…[39m[0m
[  19% ] [90m[1mreimport[22m | 正在準備重新匯入檔案…[39m[0m
[  20% ] [90m[1mreimport[22m | 正在準備重新匯入檔案…[39m[0m
[  20% ] [90m[1mreimport[22m | 正在準備重新匯入檔案…[39m[0m
[  20% ] [90m[1mreimport[22m | 正在準備重新匯入檔案…[39m[0m
[  20% ] [90m[1mreimport[22m | 正在準備重新匯入檔案…[39m[0m
[  20% ] [90m[1mreimport[22m | 正在準備重新匯入檔案…[39m[0m
[  20% ] [90m[1mreimport[22m | 正在準備重新匯入檔案…[39m[0m
[  20% ] [90m[1mreimport[22m | 正在準備重新匯入檔案…[39m[0m
[  20% ] [90m[1mreimport[22m | 正在準備重新匯入檔案…[39m[0m
[  20% ] [90m[1mreimport[22m | 正在準備重新匯入檔案…[39m[0m
[  20% ] [90m[1mreimport[22m | 正在準備重新匯入檔案…[39m[0m
[  20% ] [90m[1mreimport[22m | 正在準備重新匯入檔案…[39m[0m
[  20% ] [90m[1mreimport[22m | 正在準備重新匯入檔案…[39m[0m
[  20% ] [90m[1mreimport[22m | 正在準備重新匯入檔案…[39m[0m
[  20% ] [90m[1mreimport[22m | 正在準備重新匯入檔案…[39m[0m
[  20% ] [90m[1mreimport[22m | 正在準備重新匯入檔案…[39m[0m
[  20% ] [90m[1mreimport[22m | 正在準備重新匯入檔案…[39m[0m
[  21% ] [90m[1mreimport[22m | 正在準備重新匯入檔案…[39m[0m
[  21% ] [90m[1mreimport[22m | 正在準備重新匯入檔案…[39m[0m
[  21% ] [90m[1mreimport[22m | 正在準備重新匯入檔案…[39m[0m
[  21% ] [90m[1mreimport[22m | 正在準備重新匯入檔案…[39m[0m
[  21% ] [90m[1mreimport[22m | 正在準備重新匯入檔案…[39m[0m
[  21% ] [90m[1mreimport[22m | 正在準備重新匯入檔案…[39m[0m
[  21% ] [90m[1mreimport[22m | 正在準備重新匯入檔案…[39m[0m
[  21% ] [90m[1mreimport[22m | 正在準備重新匯入檔案…[39m[0m
[  21% ] [90m[1mreimport[22m | 正在準備重新匯入檔案…[39m[0m
[  21% ] [90m[1mreimport[22m | 正在準備重新匯入檔案…[39m[0m
[  21% ] [90m[1mreimport[22m | 正在準備重新匯入檔案…[39m[0m
[  21% ] [90m[1mreimport[22m | 正在準備重新匯入檔案…[39m[0m
[  21% ] [90m[1mreimport[22m | 正在準備重新匯入檔案…[39m[0m
[  21% ] [90m[1mreimport[22m | 正在準備重新匯入檔案…[39m[0m
[  21% ] [90m[1mreimport[22m | 正在準備重新匯入檔案…[39m[0m
[  21% ] [90m[1mreimport[22m | 正在準備重新匯入檔案…[39m[0m
[  22% ] [90m[1mreimport[22m | 正在準備重新匯入檔案…[39m[0m
[  22% ] [90m[1mreimport[22m | 正在準備重新匯入檔案…[39m[0m
[  22% ] [90m[1mreimport[22m | 正在準備重新匯入檔案…[39m[0m
[  22% ] [90m[1mreimport[22m | 正在準備重新匯入檔案…[39m[0m
[  22% ] [90m[1mreimport[22m | 正在準備重新匯入檔案…[39m[0m
[  22% ] [90m[1mreimport[22m | 正在準備重新匯入檔案…[39m[0m
[  22% ] [90m[1mreimport[22m | 正在準備重新匯入檔案…[39m[0m
[  22% ] [90m[1mreimport[22m | 正在準備重新匯入檔案…[39m[0m
[  22% ] [90m[1mreimport[22m | 正在準備重新匯入檔案…[39m[0m
[  22% ] [90m[1mreimport[22m | 正在準備重新匯入檔案…[39m[0m
[  22% ] [90m[1mreimport[22m | 正在準備重新匯入檔案…[39m[0m
[  22% ] [90m[1mreimport[22m | 正在準備重新匯入檔案…[39m[0m
[  22% ] [90m[1mreimport[22m | 正在準備重新匯入檔案…[39m[0m
[  22% ] [90m[1mreimport[22m | 正在準備重新匯入檔案…[39m[0m
[  22% ] [90m[1mreimport[22m | 正在準備重新匯入檔案…[39m[0m
[  22% ] [90m[1mreimport[22m | 正在準備重新匯入檔案…[39m[0m
[  23% ] [90m[1mreimport[22m | 正在準備重新匯入檔案…[39m[0m
[  23% ] [90m[1mreimport[22m | 正在準備重新匯入檔案…[39m[0m
[  23% ] [90m[1mreimport[22m | 正在準備重新匯入檔案…[39m[0m
[  23% ] [90m[1mreimport[22m | 正在準備重新匯入檔案…[39m[0m
[  23% ] [90m[1mreimport[22m | 正在準備重新匯入檔案…[39m[0m
[  23% ] [90m[1mreimport[22m | 正在準備重新匯入檔案…[39m[0m
[  23% ] [90m[1mreimport[22m | 正在準備重新匯入檔案…[39m[0m
[  23% ] [90m[1mreimport[22m | 正在準備重新匯入檔案…[39m[0m
[  23% ] [90m[1mreimport[22m | 正在準備重新匯入檔案…[39m[0m
[  23% ] [90m[1mreimport[22m | 正在準備重新匯入檔案…[39m[0m
[  23% ] [90m[1mreimport[22m | 正在準備重新匯入檔案…[39m[0m
[  23% ] [90m[1mreimport[22m | 正在準備重新匯入檔案…[39m[0m
[  23% ] [90m[1mreimport[22m | 正在準備重新匯入檔案…[39m[0m
[  23% ] [90m[1mreimport[22m | 正在準備重新匯入檔案…[39m[0m
[  23% ] [90m[1mreimport[22m | 正在準備重新匯入檔案…[39m[0m
[  24% ] [90m[1mreimport[22m | 正在準備重新匯入檔案…[39m[0m
[  24% ] [90m[1mreimport[22m | 正在準備重新匯入檔案…[39m[0m
[  24% ] [90m[1mreimport[22m | 正在準備重新匯入檔案…[39m[0m
[  24% ] [90m[1mreimport[22m | 正在準備重新匯入檔案…[39m[0m
[  24% ] [90m[1mreimport[22m | 正在準備重新匯入檔案…[39m[0m
[  24% ] [90m[1mreimport[22m | 正在準備重新匯入檔案…[39m[0m
[  24% ] [90m[1mreimport[22m | 正在準備重新匯入檔案…[39m[0m
[  24% ] [90m[1mreimport[22m | 正在準備重新匯入檔案…[39m[0m
[  24% ] [90m[1mreimport[22m | 正在準備重新匯入檔案…[39m[0m
[  24% ] [90m[1mreimport[22m | 正在準備重新匯入檔案…[39m[0m
[  24% ] [90m[1mreimport[22m | 正在準備重新匯入檔案…[39m[0m
[  24% ] [90m[1mreimport[22m | 正在準備重新匯入檔案…[39m[0m
[  24% ] [90m[1mreimport[22m | 正在準備重新匯入檔案…[39m[0m
[  24% ] [90m[1mreimport[22m | 正在準備重新匯入檔案…[39m[0m
[  24% ] [90m[1mreimport[22m | 正在準備重新匯入檔案…[39m[0m
[  24% ] [90m[1mreimport[22m | 正在準備重新匯入檔案…[39m[0m
[  25% ] [90m[1mreimport[22m | 正在準備重新匯入檔案…[39m[0m
[  25% ] [90m[1mreimport[22m | 正在準備重新匯入檔案…[39m[0m
[  25% ] [90m[1mreimport[22m | 正在準備重新匯入檔案…[39m[0m
[  25% ] [90m[1mreimport[22m | 正在準備重新匯入檔案…[39m[0m
[  25% ] [90m[1mreimport[22m | 正在準備重新匯入檔案…[39m[0m
[  25% ] [90m[1mreimport[22m | 正在準備重新匯入檔案…[39m[0m
[  25% ] [90m[1mreimport[22m | 正在準備重新匯入檔案…[39m[0m
[  25% ] [90m[1mreimport[22m | 正在準備重新匯入檔案…[39m[0m
[  25% ] [90m[1mreimport[22m | 正在準備重新匯入檔案…[39m[0m
[  25% ] [90m[1mreimport[22m | 正在準備重新匯入檔案…[39m[0m
[  25% ] [90m[1mreimport[22m | 正在準備重新匯入檔案…[39m[0m
[  25% ] [90m[1mreimport[22m | 正在準備重新匯入檔案…[39m[0m
[  25% ] [90m[1mreimport[22m | 正在準備重新匯入檔案…[39m[0m
[  25% ] [90m[1mreimport[22m | 正在準備重新匯入檔案…[39m[0m
[  25% ] [90m[1mreimport[22m | 正在準備重新匯入檔案…[39m[0m
[  25% ] [90m[1mreimport[22m | 正在準備重新匯入檔案…[39m[0m
[  26% ] [90m[1mreimport[22m | 正在準備重新匯入檔案…[39m[0m
[  26% ] [90m[1mreimport[22m | 正在準備重新匯入檔案…[39m[0m
[  26% ] [90m[1mreimport[22m | 正在準備重新匯入檔案…[39m[0m
[  26% ] [90m[1mreimport[22m | 正在準備重新匯入檔案…[39m[0m
[  26% ] [90m[1mreimport[22m | 正在準備重新匯入檔案…[39m[0m
[  26% ] [90m[1mreimport[22m | 正在準備重新匯入檔案…[39m[0m
[  26% ] [90m[1mreimport[22m | 正在準備重新匯入檔案…[39m[0m
[  26% ] [90m[1mreimport[22m | 正在準備重新匯入檔案…[39m[0m
[  26% ] [90m[1mreimport[22m | 正在準備重新匯入檔案…[39m[0m
[  26% ] [90m[1mreimport[22m | 正在準備重新匯入檔案…[39m[0m
[  26% ] [90m[1mreimport[22m | 正在準備重新匯入檔案…[39m[0m
[  26% ] [90m[1mreimport[22m | 正在準備重新匯入檔案…[39m[0m
[  26% ] [90m[1mreimport[22m | 正在準備重新匯入檔案…[39m[0m
[  26% ] [90m[1mreimport[22m | 正在準備重新匯入檔案…[39m[0m
[  26% ] [90m[1mreimport[22m | 正在準備重新匯入檔案…[39m[0m
[  26% ] [90m[1mreimport[22m | 正在準備重新匯入檔案…[39m[0m
[  27% ] [90m[1mreimport[22m | 正在準備重新匯入檔案…[39m[0m
[  27% ] [90m[1mreimport[22m | 正在準備重新匯入檔案…[39m[0m
[  27% ] [90m[1mreimport[22m | 正在準備重新匯入檔案…[39m[0m
[  27% ] [90m[1mreimport[22m | 正在準備重新匯入檔案…[39m[0m
[  27% ] [90m[1mreimport[22m | 正在準備重新匯入檔案…[39m[0m
[  27% ] [90m[1mreimport[22m | 正在準備重新匯入檔案…[39m[0m
[  27% ] [90m[1mreimport[22m | 正在準備重新匯入檔案…[39m[0m
[  27% ] [90m[1mreimport[22m | 正在準備重新匯入檔案…[39m[0m
[  27% ] [90m[1mreimport[22m | 正在準備重新匯入檔案…[39m[0m
[  27% ] [90m[1mreimport[22m | 正在準備重新匯入檔案…[39m[0m
[  27% ] [90m[1mreimport[22m | 正在準備重新匯入檔案…[39m[0m
[  27% ] [90m[1mreimport[22m | 正在準備重新匯入檔案…[39m[0m
[  27% ] [90m[1mreimport[22m | 正在準備重新匯入檔案…[39m[0m
[  27% ] [90m[1mreimport[22m | 正在準備重新匯入檔案…[39m[0m
[  27% ] [90m[1mreimport[22m | 正在準備重新匯入檔案…[39m[0m
[  28% ] [90m[1mreimport[22m | 正在準備重新匯入檔案…[39m[0m
[  28% ] [90m[1mreimport[22m | 正在準備重新匯入檔案…[39m[0m
[  28% ] [90m[1mreimport[22m | 正在準備重新匯入檔案…[39m[0m
[  28% ] [90m[1mreimport[22m | 正在準備重新匯入檔案…[39m[0m
[  28% ] [90m[1mreimport[22m | 正在準備重新匯入檔案…[39m[0m
[  28% ] [90m[1mreimport[22m | 正在準備重新匯入檔案…[39m[0m
[  28% ] [90m[1mreimport[22m | 正在準備重新匯入檔案…[39m[0m
[  28% ] [90m[1mreimport[22m | 正在準備重新匯入檔案…[39m[0m
[  28% ] [90m[1mreimport[22m | 正在準備重新匯入檔案…[39m[0m
[  28% ] [90m[1mreimport[22m | 正在準備重新匯入檔案…[39m[0m
[  28% ] [90m[1mreimport[22m | 正在準備重新匯入檔案…[39m[0m
[  28% ] [90m[1mreimport[22m | 正在準備重新匯入檔案…[39m[0m
[  28% ] [90m[1mreimport[22m | 正在準備重新匯入檔案…[39m[0m
[  28% ] [90m[1mreimport[22m | 正在準備重新匯入檔案…[39m[0m
[  28% ] [90m[1mreimport[22m | 正在準備重新匯入檔案…[39m[0m
[  28% ] [90m[1mreimport[22m | 正在準備重新匯入檔案…[39m[0m
[  29% ] [90m[1mreimport[22m | 正在準備重新匯入檔案…[39m[0m
[  29% ] [90m[1mreimport[22m | 正在準備重新匯入檔案…[39m[0m
[  29% ] [90m[1mreimport[22m | 正在準備重新匯入檔案…[39m[0m
[  29% ] [90m[1mreimport[22m | 正在準備重新匯入檔案…[39m[0m
[  29% ] [90m[1mreimport[22m | 正在準備重新匯入檔案…[39m[0m
[  29% ] [90m[1mreimport[22m | 正在準備重新匯入檔案…[39m[0m
[  29% ] [90m[1mreimport[22m | 正在準備重新匯入檔案…[39m[0m
[  29% ] [90m[1mreimport[22m | 正在準備重新匯入檔案…[39m[0m
[  29% ] [90m[1mreimport[22m | 正在準備重新匯入檔案…[39m[0m
[  29% ] [90m[1mreimport[22m | 正在準備重新匯入檔案…[39m[0m
[  29% ] [90m[1mreimport[22m | 正在準備重新匯入檔案…[39m[0m
[  29% ] [90m[1mreimport[22m | 正在準備重新匯入檔案…[39m[0m
[  29% ] [90m[1mreimport[22m | 正在準備重新匯入檔案…[39m[0m
[  29% ] [90m[1mreimport[22m | 正在準備重新匯入檔案…[39m[0m
[  29% ] [90m[1mreimport[22m | 正在準備重新匯入檔案…[39m[0m
[  29% ] [90m[1mreimport[22m | 正在準備重新匯入檔案…[39m[0m
[  30% ] [90m[1mreimport[22m | 正在準備重新匯入檔案…[39m[0m
[  30% ] [90m[1mreimport[22m | 正在準備重新匯入檔案…[39m[0m
[  30% ] [90m[1mreimport[22m | 正在準備重新匯入檔案…[39m[0m
[  30% ] [90m[1mreimport[22m | 正在準備重新匯入檔案…[39m[0m
[  30% ] [90m[1mreimport[22m | 正在準備重新匯入檔案…[39m[0m
[  30% ] [90m[1mreimport[22m | 正在準備重新匯入檔案…[39m[0m
[  30% ] [90m[1mreimport[22m | 正在準備重新匯入檔案…[39m[0m
[  30% ] [90m[1mreimport[22m | 正在準備重新匯入檔案…[39m[0m
[  30% ] [90m[1mreimport[22m | 正在準備重新匯入檔案…[39m[0m
[  30% ] [90m[1mreimport[22m | 正在準備重新匯入檔案…[39m[0m
[  30% ] [90m[1mreimport[22m | 正在準備重新匯入檔案…[39m[0m
[  30% ] [90m[1mreimport[22m | 正在準備重新匯入檔案…[39m[0m
[  30% ] [90m[1mreimport[22m | 正在準備重新匯入檔案…[39m[0m
[  30% ] [90m[1mreimport[22m | 正在準備重新匯入檔案…[39m[0m
[  30% ] [90m[1mreimport[22m | 正在準備重新匯入檔案…[39m[0m
[  30% ] [90m[1mreimport[22m | 正在準備重新匯入檔案…[39m[0m
[  31% ] [90m[1mreimport[22m | 正在準備重新匯入檔案…[39m[0m
[  31% ] [90m[1mreimport[22m | 正在準備重新匯入檔案…[39m[0m
[  31% ] [90m[1mreimport[22m | 正在準備重新匯入檔案…[39m[0m
[  31% ] [90m[1mreimport[22m | 正在準備重新匯入檔案…[39m[0m
[  31% ] [90m[1mreimport[22m | 正在準備重新匯入檔案…[39m[0m
[  31% ] [90m[1mreimport[22m | 正在準備重新匯入檔案…[39m[0m
[  31% ] [90m[1mreimport[22m | 正在準備重新匯入檔案…[39m[0m
[  31% ] [90m[1mreimport[22m | 正在準備重新匯入檔案…[39m[0m
[  31% ] [90m[1mreimport[22m | 正在準備重新匯入檔案…[39m[0m
[  31% ] [90m[1mreimport[22m | 正在準備重新匯入檔案…[39m[0m
[  31% ] [90m[1mreimport[22m | 正在準備重新匯入檔案…[39m[0m
[  31% ] [90m[1mreimport[22m | 正在準備重新匯入檔案…[39m[0m
[  31% ] [90m[1mreimport[22m | 正在準備重新匯入檔案…[39m[0m
[  31% ] [90m[1mreimport[22m | 正在準備重新匯入檔案…[39m[0m
[  31% ] [90m[1mreimport[22m | 正在準備重新匯入檔案…[39m[0m
[  32% ] [90m[1mreimport[22m | 正在準備重新匯入檔案…[39m[0m
[  32% ] [90m[1mreimport[22m | 正在準備重新匯入檔案…[39m[0m
[  32% ] [90m[1mreimport[22m | 正在準備重新匯入檔案…[39m[0m
[  32% ] [90m[1mreimport[22m | 正在準備重新匯入檔案…[39m[0m
[  32% ] [90m[1mreimport[22m | 正在準備重新匯入檔案…[39m[0m
[  32% ] [90m[1mreimport[22m | 正在準備重新匯入檔案…[39m[0m
[  32% ] [90m[1mreimport[22m | 正在準備重新匯入檔案…[39m[0m
[  32% ] [90m[1mreimport[22m | 正在準備重新匯入檔案…[39m[0m
[  32% ] [90m[1mreimport[22m | 正在準備重新匯入檔案…[39m[0m
[  32% ] [90m[1mreimport[22m | 正在準備重新匯入檔案…[39m[0m
[  32% ] [90m[1mreimport[22m | 正在準備重新匯入檔案…[39m[0m
[  32% ] [90m[1mreimport[22m | 正在準備重新匯入檔案…[39m[0m
[  32% ] [90m[1mreimport[22m | 正在準備重新匯入檔案…[39m[0m
[  32% ] [90m[1mreimport[22m | 正在準備重新匯入檔案…[39m[0m
[  32% ] [90m[1mreimport[22m | 正在準備重新匯入檔案…[39m[0m
[  32% ] [90m[1mreimport[22m | 正在準備重新匯入檔案…[39m[0m
[  33% ] [90m[1mreimport[22m | 正在準備重新匯入檔案…[39m[0m
[  33% ] [90m[1mreimport[22m | 正在準備重新匯入檔案…[39m[0m
[  33% ] [90m[1mreimport[22m | 正在準備重新匯入檔案…[39m[0m
[  33% ] [90m[1mreimport[22m | 正在準備重新匯入檔案…[39m[0m
[  33% ] [90m[1mreimport[22m | 正在準備重新匯入檔案…[39m[0m
[  33% ] [90m[1mreimport[22m | 正在準備重新匯入檔案…[39m[0m
[  33% ] [90m[1mreimport[22m | 正在準備重新匯入檔案…[39m[0m
[  33% ] [90m[1mreimport[22m | 正在準備重新匯入檔案…[39m[0m
[  33% ] [90m[1mreimport[22m | 正在準備重新匯入檔案…[39m[0m
[  33% ] [90m[1mreimport[22m | 正在準備重新匯入檔案…[39m[0m
[  33% ] [90m[1mreimport[22m | 正在準備重新匯入檔案…[39m[0m
[  33% ] [90m[1mreimport[22m | 正在準備重新匯入檔案…[39m[0m
[  33% ] [90m[1mreimport[22m | 正在準備重新匯入檔案…[39m[0m
[  33% ] [90m[1mreimport[22m | 正在準備重新匯入檔案…[39m[0m
[  33% ] [90m[1mreimport[22m | 正在準備重新匯入檔案…[39m[0m
[  33% ] [90m[1mreimport[22m | 正在準備重新匯入檔案…[39m[0m
[  34% ] [90m[1mreimport[22m | 正在準備重新匯入檔案…[39m[0m
[  34% ] [90m[1mreimport[22m | 正在準備重新匯入檔案…[39m[0m
[  34% ] [90m[1mreimport[22m | 正在準備重新匯入檔案…[39m[0m
[  34% ] [90m[1mreimport[22m | 正在準備重新匯入檔案…[39m[0m
[  34% ] [90m[1mreimport[22m | 正在準備重新匯入檔案…[39m[0m
[  34% ] [90m[1mreimport[22m | 正在準備重新匯入檔案…[39m[0m
[  34% ] [90m[1mreimport[22m | 正在準備重新匯入檔案…[39m[0m
[  34% ] [90m[1mreimport[22m | 正在準備重新匯入檔案…[39m[0m
[  34% ] [90m[1mreimport[22m | 正在準備重新匯入檔案…[39m[0m
[  34% ] [90m[1mreimport[22m | 正在準備重新匯入檔案…[39m[0m
[  34% ] [90m[1mreimport[22m | 正在準備重新匯入檔案…[39m[0m
[  34% ] [90m[1mreimport[22m | 正在準備重新匯入檔案…[39m[0m
[  34% ] [90m[1mreimport[22m | 正在準備重新匯入檔案…[39m[0m
[  34% ] [90m[1mreimport[22m | 正在準備重新匯入檔案…[39m[0m
[  34% ] [90m[1mreimport[22m | 正在準備重新匯入檔案…[39m[0m
[  34% ] [90m[1mreimport[22m | 正在準備重新匯入檔案…[39m[0m
[  35% ] [90m[1mreimport[22m | 正在準備重新匯入檔案…[39m[0m
[  35% ] [90m[1mreimport[22m | 正在準備重新匯入檔案…[39m[0m
[  35% ] [90m[1mreimport[22m | 正在準備重新匯入檔案…[39m[0m
[  35% ] [90m[1mreimport[22m | 正在準備重新匯入檔案…[39m[0m
[  35% ] [90m[1mreimport[22m | 正在準備重新匯入檔案…[39m[0m
[  35% ] [90m[1mreimport[22m | 正在準備重新匯入檔案…[39m[0m
[  35% ] [90m[1mreimport[22m | 正在準備重新匯入檔案…[39m[0m
[  35% ] [90m[1mreimport[22m | 正在準備重新匯入檔案…[39m[0m
[  35% ] [90m[1mreimport[22m | 正在準備重新匯入檔案…[39m[0m
[  35% ] [90m[1mreimport[22m | 正在準備重新匯入檔案…[39m[0m
[  35% ] [90m[1mreimport[22m | 正在準備重新匯入檔案…[39m[0m
[  35% ] [90m[1mreimport[22m | 正在準備重新匯入檔案…[39m[0m
[  35% ] [90m[1mreimport[22m | 正在準備重新匯入檔案…[39m[0m
[  35% ] [90m[1mreimport[22m | 正在準備重新匯入檔案…[39m[0m
[  35% ] [90m[1mreimport[22m | 正在準備重新匯入檔案…[39m[0m
[  36% ] [90m[1mreimport[22m | 正在準備重新匯入檔案…[39m[0m
[  36% ] [90m[1mreimport[22m | 正在準備重新匯入檔案…[39m[0m
[  36% ] [90m[1mreimport[22m | 正在準備重新匯入檔案…[39m[0m
[  36% ] [90m[1mreimport[22m | 正在準備重新匯入檔案…[39m[0m
[  36% ] [90m[1mreimport[22m | 正在準備重新匯入檔案…[39m[0m
[  36% ] [90m[1mreimport[22m | 正在準備重新匯入檔案…[39m[0m
[  36% ] [90m[1mreimport[22m | 正在準備重新匯入檔案…[39m[0m
[  36% ] [90m[1mreimport[22m | 正在準備重新匯入檔案…[39m[0m
[  36% ] [90m[1mreimport[22m | 正在準備重新匯入檔案…[39m[0m
[  36% ] [90m[1mreimport[22m | 正在準備重新匯入檔案…[39m[0m
[  36% ] [90m[1mreimport[22m | 正在準備重新匯入檔案…[39m[0m
[  36% ] [90m[1mreimport[22m | 正在準備重新匯入檔案…[39m[0m
[  36% ] [90m[1mreimport[22m | 正在準備重新匯入檔案…[39m[0m
[  36% ] [90m[1mreimport[22m | 正在準備重新匯入檔案…[39m[0m
[  36% ] [90m[1mreimport[22m | 正在準備重新匯入檔案…[39m[0m
[  36% ] [90m[1mreimport[22m | 正在準備重新匯入檔案…[39m[0m
[  37% ] [90m[1mreimport[22m | 正在準備重新匯入檔案…[39m[0m
[  37% ] [90m[1mreimport[22m | 正在準備重新匯入檔案…[39m[0m
[  37% ] [90m[1mreimport[22m | 正在準備重新匯入檔案…[39m[0m
[  37% ] [90m[1mreimport[22m | 正在準備重新匯入檔案…[39m[0m
[  37% ] [90m[1mreimport[22m | 正在準備重新匯入檔案…[39m[0m
[  37% ] [90m[1mreimport[22m | 正在準備重新匯入檔案…[39m[0m
[  37% ] [90m[1mreimport[22m | 正在準備重新匯入檔案…[39m[0m
[  37% ] [90m[1mreimport[22m | 正在準備重新匯入檔案…[39m[0m
[  37% ] [90m[1mreimport[22m | 正在準備重新匯入檔案…[39m[0m
[  37% ] [90m[1mreimport[22m | 正在準備重新匯入檔案…[39m[0m
[  37% ] [90m[1mreimport[22m | 正在準備重新匯入檔案…[39m[0m
[  37% ] [90m[1mreimport[22m | 正在準備重新匯入檔案…[39m[0m
[  37% ] [90m[1mreimport[22m | 正在準備重新匯入檔案…[39m[0m
[  37% ] [90m[1mreimport[22m | 正在準備重新匯入檔案…[39m[0m
[  37% ] [90m[1mreimport[22m | 正在準備重新匯入檔案…[39m[0m
[  37% ] [90m[1mreimport[22m | 正在準備重新匯入檔案…[39m[0m
[  38% ] [90m[1mreimport[22m | 正在準備重新匯入檔案…[39m[0m
[  38% ] [90m[1mreimport[22m | 正在準備重新匯入檔案…[39m[0m
[  38% ] [90m[1mreimport[22m | 正在準備重新匯入檔案…[39m[0m
[  38% ] [90m[1mreimport[22m | 正在準備重新匯入檔案…[39m[0m
[  38% ] [90m[1mreimport[22m | 正在準備重新匯入檔案…[39m[0m
[  38% ] [90m[1mreimport[22m | 正在準備重新匯入檔案…[39m[0m
[  38% ] [90m[1mreimport[22m | 正在準備重新匯入檔案…[39m[0m
[  38% ] [90m[1mreimport[22m | 正在準備重新匯入檔案…[39m[0m
[  38% ] [90m[1mreimport[22m | 正在準備重新匯入檔案…[39m[0m
[  38% ] [90m[1mreimport[22m | 正在準備重新匯入檔案…[39m[0m
[  38% ] [90m[1mreimport[22m | 正在準備重新匯入檔案…[39m[0m
[  38% ] [90m[1mreimport[22m | 正在準備重新匯入檔案…[39m[0m
[  38% ] [90m[1mreimport[22m | 正在準備重新匯入檔案…[39m[0m
[  38% ] [90m[1mreimport[22m | 正在準備重新匯入檔案…[39m[0m
[  38% ] [90m[1mreimport[22m | 正在準備重新匯入檔案…[39m[0m
[  38% ] [90m[1mreimport[22m | 正在準備重新匯入檔案…[39m[0m
[  39% ] [90m[1mreimport[22m | 正在準備重新匯入檔案…[39m[0m
[  39% ] [90m[1mreimport[22m | 正在準備重新匯入檔案…[39m[0m
[  39% ] [90m[1mreimport[22m | 正在準備重新匯入檔案…[39m[0m
[  39% ] [90m[1mreimport[22m | 正在準備重新匯入檔案…[39m[0m
[  39% ] [90m[1mreimport[22m | 正在準備重新匯入檔案…[39m[0m
[  39% ] [90m[1mreimport[22m | 正在準備重新匯入檔案…[39m[0m
[  39% ] [90m[1mreimport[22m | 正在準備重新匯入檔案…[39m[0m
[  39% ] [90m[1mreimport[22m | 正在準備重新匯入檔案…[39m[0m
[  39% ] [90m[1mreimport[22m | 正在準備重新匯入檔案…[39m[0m
[  39% ] [90m[1mreimport[22m | 正在準備重新匯入檔案…[39m[0m
[  39% ] [90m[1mreimport[22m | 正在準備重新匯入檔案…[39m[0m
[  39% ] [90m[1mreimport[22m | 正在準備重新匯入檔案…[39m[0m
[  39% ] [90m[1mreimport[22m | 正在準備重新匯入檔案…[39m[0m
[  39% ] [90m[1mreimport[22m | 正在準備重新匯入檔案…[39m[0m
[  39% ] [90m[1mreimport[22m | 正在準備重新匯入檔案…[39m[0m
[  40% ] [90m[1mreimport[22m | 正在準備重新匯入檔案…[39m[0m
[  40% ] [90m[1mreimport[22m | 正在準備重新匯入檔案…[39m[0m
[  40% ] [90m[1mreimport[22m | 正在準備重新匯入檔案…[39m[0m
[  40% ] [90m[1mreimport[22m | 正在準備重新匯入檔案…[39m[0m
[  40% ] [90m[1mreimport[22m | 正在準備重新匯入檔案…[39m[0m
[  40% ] [90m[1mreimport[22m | 正在準備重新匯入檔案…[39m[0m
[  40% ] [90m[1mreimport[22m | 正在準備重新匯入檔案…[39m[0m
[  40% ] [90m[1mreimport[22m | 正在準備重新匯入檔案…[39m[0m
[  40% ] [90m[1mreimport[22m | 正在準備重新匯入檔案…[39m[0m
[  40% ] [90m[1mreimport[22m | 正在準備重新匯入檔案…[39m[0m
[  40% ] [90m[1mreimport[22m | 正在準備重新匯入檔案…[39m[0m
[  40% ] [90m[1mreimport[22m | 正在準備重新匯入檔案…[39m[0m
[  40% ] [90m[1mreimport[22m | 正在準備重新匯入檔案…[39m[0m
[  40% ] [90m[1mreimport[22m | 正在準備重新匯入檔案…[39m[0m
[  40% ] [90m[1mreimport[22m | 正在準備重新匯入檔案…[39m[0m
[  40% ] [90m[1mreimport[22m | 正在準備重新匯入檔案…[39m[0m
[  41% ] [90m[1mreimport[22m | 正在準備重新匯入檔案…[39m[0m
[  41% ] [90m[1mreimport[22m | 正在準備重新匯入檔案…[39m[0m
[  41% ] [90m[1mreimport[22m | 正在準備重新匯入檔案…[39m[0m
[  41% ] [90m[1mreimport[22m | 正在準備重新匯入檔案…[39m[0m
[  41% ] [90m[1mreimport[22m | 正在準備重新匯入檔案…[39m[0m
[  41% ] [90m[1mreimport[22m | 正在準備重新匯入檔案…[39m[0m
[  41% ] [90m[1mreimport[22m | 正在準備重新匯入檔案…[39m[0m
[  41% ] [90m[1mreimport[22m | 正在準備重新匯入檔案…[39m[0m
[  41% ] [90m[1mreimport[22m | 正在準備重新匯入檔案…[39m[0m
[  41% ] [90m[1mreimport[22m | 正在準備重新匯入檔案…[39m[0m
[  41% ] [90m[1mreimport[22m | 正在準備重新匯入檔案…[39m[0m
[  41% ] [90m[1mreimport[22m | 正在準備重新匯入檔案…[39m[0m
[  41% ] [90m[1mreimport[22m | 正在準備重新匯入檔案…[39m[0m
[  41% ] [90m[1mreimport[22m | 正在準備重新匯入檔案…[39m[0m
[  41% ] [90m[1mreimport[22m | 正在準備重新匯入檔案…[39m[0m
[  41% ] [90m[1mreimport[22m | 正在準備重新匯入檔案…[39m[0m
[  42% ] [90m[1mreimport[22m | 正在準備重新匯入檔案…[39m[0m
[  42% ] [90m[1mreimport[22m | 正在準備重新匯入檔案…[39m[0m
[  42% ] [90m[1mreimport[22m | 正在準備重新匯入檔案…[39m[0m
[  42% ] [90m[1mreimport[22m | 正在準備重新匯入檔案…[39m[0m
[  42% ] [90m[1mreimport[22m | 正在準備重新匯入檔案…[39m[0m
[  42% ] [90m[1mreimport[22m | 正在準備重新匯入檔案…[39m[0m
[  42% ] [90m[1mreimport[22m | 正在準備重新匯入檔案…[39m[0m
[  42% ] [90m[1mreimport[22m | 正在準備重新匯入檔案…[39m[0m
[  42% ] [90m[1mreimport[22m | 正在準備重新匯入檔案…[39m[0m
[  42% ] [90m[1mreimport[22m | 正在準備重新匯入檔案…[39m[0m
[  42% ] [90m[1mreimport[22m | 正在準備重新匯入檔案…[39m[0m
[  42% ] [90m[1mreimport[22m | 正在準備重新匯入檔案…[39m[0m
[  42% ] [90m[1mreimport[22m | 正在準備重新匯入檔案…[39m[0m
[  42% ] [90m[1mreimport[22m | 正在準備重新匯入檔案…[39m[0m
[  42% ] [90m[1mreimport[22m | 正在準備重新匯入檔案…[39m[0m
[  42% ] [90m[1mreimport[22m | 正在準備重新匯入檔案…[39m[0m
[  43% ] [90m[1mreimport[22m | 正在準備重新匯入檔案…[39m[0m
[  43% ] [90m[1mreimport[22m | 正在準備重新匯入檔案…[39m[0m
[  43% ] [90m[1mreimport[22m | 正在準備重新匯入檔案…[39m[0m
[  43% ] [90m[1mreimport[22m | 正在準備重新匯入檔案…[39m[0m
[  43% ] [90m[1mreimport[22m | 正在準備重新匯入檔案…[39m[0m
[  43% ] [90m[1mreimport[22m | 正在準備重新匯入檔案…[39m[0m
[  43% ] [90m[1mreimport[22m | 正在準備重新匯入檔案…[39m[0m
[  43% ] [90m[1mreimport[22m | 正在準備重新匯入檔案…[39m[0m
[  43% ] [90m[1mreimport[22m | 正在準備重新匯入檔案…[39m[0m
[  43% ] [90m[1mreimport[22m | 正在準備重新匯入檔案…[39m[0m
[  43% ] [90m[1mreimport[22m | 正在準備重新匯入檔案…[39m[0m
[  43% ] [90m[1mreimport[22m | 正在準備重新匯入檔案…[39m[0m
[  43% ] [90m[1mreimport[22m | 正在準備重新匯入檔案…[39m[0m
[  43% ] [90m[1mreimport[22m | 正在準備重新匯入檔案…[39m[0m
[  43% ] [90m[1mreimport[22m | 正在準備重新匯入檔案…[39m[0m
[  44% ] [90m[1mreimport[22m | 正在準備重新匯入檔案…[39m[0m
[  44% ] [90m[1mreimport[22m | 正在準備重新匯入檔案…[39m[0m
[  44% ] [90m[1mreimport[22m | 正在準備重新匯入檔案…[39m[0m
[  44% ] [90m[1mreimport[22m | 正在準備重新匯入檔案…[39m[0m
[  44% ] [90m[1mreimport[22m | 正在準備重新匯入檔案…[39m[0m
[  44% ] [90m[1mreimport[22m | 正在準備重新匯入檔案…[39m[0m
[  44% ] [90m[1mreimport[22m | 正在準備重新匯入檔案…[39m[0m
[  44% ] [90m[1mreimport[22m | 正在準備重新匯入檔案…[39m[0m
[  44% ] [90m[1mreimport[22m | 正在準備重新匯入檔案…[39m[0m
[  44% ] [90m[1mreimport[22m | 正在準備重新匯入檔案…[39m[0m
[  44% ] [90m[1mreimport[22m | 正在準備重新匯入檔案…[39m[0m
[  44% ] [90m[1mreimport[22m | 正在準備重新匯入檔案…[39m[0m
[  44% ] [90m[1mreimport[22m | 正在準備重新匯入檔案…[39m[0m
[  44% ] [90m[1mreimport[22m | 正在準備重新匯入檔案…[39m[0m
[  44% ] [90m[1mreimport[22m | 正在準備重新匯入檔案…[39m[0m
[  44% ] [90m[1mreimport[22m | 正在準備重新匯入檔案…[39m[0m
[  45% ] [90m[1mreimport[22m | 正在準備重新匯入檔案…[39m[0m
[  45% ] [90m[1mreimport[22m | 正在準備重新匯入檔案…[39m[0m
[  45% ] [90m[1mreimport[22m | 正在準備重新匯入檔案…[39m[0m
[  45% ] [90m[1mreimport[22m | 正在準備重新匯入檔案…[39m[0m
[  45% ] [90m[1mreimport[22m | 正在準備重新匯入檔案…[39m[0m
[  45% ] [90m[1mreimport[22m | 正在準備重新匯入檔案…[39m[0m
[  45% ] [90m[1mreimport[22m | 正在準備重新匯入檔案…[39m[0m
[  45% ] [90m[1mreimport[22m | 正在準備重新匯入檔案…[39m[0m
[  45% ] [90m[1mreimport[22m | 正在準備重新匯入檔案…[39m[0m
[  45% ] [90m[1mreimport[22m | 正在準備重新匯入檔案…[39m[0m
[  45% ] [90m[1mreimport[22m | 正在準備重新匯入檔案…[39m[0m
[  45% ] [90m[1mreimport[22m | 正在準備重新匯入檔案…[39m[0m
[  45% ] [90m[1mreimport[22m | 正在準備重新匯入檔案…[39m[0m
[  45% ] [90m[1mreimport[22m | 正在準備重新匯入檔案…[39m[0m
[  45% ] [90m[1mreimport[22m | 正在準備重新匯入檔案…[39m[0m
[  45% ] [90m[1mreimport[22m | 正在準備重新匯入檔案…[39m[0m
[  46% ] [90m[1mreimport[22m | 正在準備重新匯入檔案…[39m[0m
[  46% ] [90m[1mreimport[22m | 正在準備重新匯入檔案…[39m[0m
[  46% ] [90m[1mreimport[22m | 正在準備重新匯入檔案…[39m[0m
[  46% ] [90m[1mreimport[22m | 正在準備重新匯入檔案…[39m[0m
[  46% ] [90m[1mreimport[22m | 正在準備重新匯入檔案…[39m[0m
[  46% ] [90m[1mreimport[22m | 正在準備重新匯入檔案…[39m[0m
[  46% ] [90m[1mreimport[22m | 正在準備重新匯入檔案…[39m[0m
[  46% ] [90m[1mreimport[22m | 正在準備重新匯入檔案…[39m[0m
[  46% ] [90m[1mreimport[22m | 正在準備重新匯入檔案…[39m[0m
[  46% ] [90m[1mreimport[22m | 正在準備重新匯入檔案…[39m[0m
[  46% ] [90m[1mreimport[22m | 正在準備重新匯入檔案…[39m[0m
[  46% ] [90m[1mreimport[22m | 正在準備重新匯入檔案…[39m[0m
[  46% ] [90m[1mreimport[22m | 正在準備重新匯入檔案…[39m[0m
[  46% ] [90m[1mreimport[22m | 正在準備重新匯入檔案…[39m[0m
[  46% ] [90m[1mreimport[22m | 正在準備重新匯入檔案…[39m[0m
[  46% ] [90m[1mreimport[22m | 正在準備重新匯入檔案…[39m[0m
[  47% ] [90m[1mreimport[22m | 正在準備重新匯入檔案…[39m[0m
[  47% ] [90m[1mreimport[22m | 正在準備重新匯入檔案…[39m[0m
[  47% ] [90m[1mreimport[22m | 正在準備重新匯入檔案…[39m[0m
[  47% ] [90m[1mreimport[22m | 正在準備重新匯入檔案…[39m[0m
[  47% ] [90m[1mreimport[22m | 正在準備重新匯入檔案…[39m[0m
[  47% ] [90m[1mreimport[22m | 正在準備重新匯入檔案…[39m[0m
[  47% ] [90m[1mreimport[22m | 正在準備重新匯入檔案…[39m[0m
[  47% ] [90m[1mreimport[22m | 正在準備重新匯入檔案…[39m[0m
[  47% ] [90m[1mreimport[22m | 正在準備重新匯入檔案…[39m[0m
[  47% ] [90m[1mreimport[22m | 正在準備重新匯入檔案…[39m[0m
[  47% ] [90m[1mreimport[22m | 正在準備重新匯入檔案…[39m[0m
[  47% ] [90m[1mreimport[22m | 正在準備重新匯入檔案…[39m[0m
[  47% ] [90m[1mreimport[22m | 正在準備重新匯入檔案…[39m[0m
[  47% ] [90m[1mreimport[22m | 正在準備重新匯入檔案…[39m[0m
[  47% ] [90m[1mreimport[22m | 正在準備重新匯入檔案…[39m[0m
[  48% ] [90m[1mreimport[22m | 正在準備重新匯入檔案…[39m[0m
[  48% ] [90m[1mreimport[22m | 正在準備重新匯入檔案…[39m[0m
[  48% ] [90m[1mreimport[22m | 正在準備重新匯入檔案…[39m[0m
[  48% ] [90m[1mreimport[22m | 正在準備重新匯入檔案…[39m[0m
[  48% ] [90m[1mreimport[22m | 正在準備重新匯入檔案…[39m[0m
[  48% ] [90m[1mreimport[22m | 正在準備重新匯入檔案…[39m[0m
[  48% ] [90m[1mreimport[22m | 正在準備重新匯入檔案…[39m[0m
[  48% ] [90m[1mreimport[22m | 正在準備重新匯入檔案…[39m[0m
[  48% ] [90m[1mreimport[22m | 正在準備重新匯入檔案…[39m[0m
[  48% ] [90m[1mreimport[22m | 正在準備重新匯入檔案…[39m[0m
[  48% ] [90m[1mreimport[22m | 正在準備重新匯入檔案…[39m[0m
[  48% ] [90m[1mreimport[22m | 正在準備重新匯入檔案…[39m[0m
[  48% ] [90m[1mreimport[22m | 正在準備重新匯入檔案…[39m[0m
[  48% ] [90m[1mreimport[22m | 正在準備重新匯入檔案…[39m[0m
[  48% ] [90m[1mreimport[22m | 正在準備重新匯入檔案…[39m[0m
[  48% ] [90m[1mreimport[22m | 正在準備重新匯入檔案…[39m[0m
[  49% ] [90m[1mreimport[22m | 正在準備重新匯入檔案…[39m[0m
[  49% ] [90m[1mreimport[22m | 正在準備重新匯入檔案…[39m[0m
[  49% ] [90m[1mreimport[22m | 正在準備重新匯入檔案…[39m[0m
[  49% ] [90m[1mreimport[22m | 正在準備重新匯入檔案…[39m[0m
[  49% ] [90m[1mreimport[22m | 正在準備重新匯入檔案…[39m[0m
[  49% ] [90m[1mreimport[22m | 正在準備重新匯入檔案…[39m[0m
[  49% ] [90m[1mreimport[22m | 正在準備重新匯入檔案…[39m[0m
[  49% ] [90m[1mreimport[22m | 正在準備重新匯入檔案…[39m[0m
[  49% ] [90m[1mreimport[22m | 正在準備重新匯入檔案…[39m[0m
[  49% ] [90m[1mreimport[22m | 正在準備重新匯入檔案…[39m[0m
[  49% ] [90m[1mreimport[22m | 正在準備重新匯入檔案…[39m[0m
[  49% ] [90m[1mreimport[22m | 正在準備重新匯入檔案…[39m[0m
[  49% ] [90m[1mreimport[22m | 正在準備重新匯入檔案…[39m[0m
[  49% ] [90m[1mreimport[22m | 正在準備重新匯入檔案…[39m[0m
[  49% ] [90m[1mreimport[22m | 正在準備重新匯入檔案…[39m[0m
[  49% ] [90m[1mreimport[22m | 正在準備重新匯入檔案…[39m[0m
[  50% ] [90m[1mreimport[22m | 正在準備重新匯入檔案…[39m[0m
[  50% ] [90m[1mreimport[22m | 正在準備重新匯入檔案…[39m[0m
[  50% ] [90m[1mreimport[22m | 正在準備重新匯入檔案…[39m[0m
[  50% ] [90m[1mreimport[22m | 正在準備重新匯入檔案…[39m[0m
[  50% ] [90m[1mreimport[22m | 正在準備重新匯入檔案…[39m[0m
[  50% ] [90m[1mreimport[22m | 正在準備重新匯入檔案…[39m[0m
[  50% ] [90m[1mreimport[22m | 正在準備重新匯入檔案…[39m[0m
[  50% ] [90m[1mreimport[22m | 正在準備重新匯入檔案…[39m[0m
[  50% ] [90m[1mreimport[22m | 正在準備重新匯入檔案…[39m[0m
[  50% ] [90m[1mreimport[22m | 正在準備重新匯入檔案…[39m[0m
[  50% ] [90m[1mreimport[22m | 正在準備重新匯入檔案…[39m[0m
[  50% ] [90m[1mreimport[22m | 正在準備重新匯入檔案…[39m[0m
[  50% ] [90m[1mreimport[22m | 正在準備重新匯入檔案…[39m[0m
[  50% ] [90m[1mreimport[22m | 正在準備重新匯入檔案…[39m[0m
[  50% ] [90m[1mreimport[22m | 正在準備重新匯入檔案…[39m[0m
[  50% ] [90m[1mreimport[22m | 正在準備重新匯入檔案…[39m[0m
[  51% ] [90m[1mreimport[22m | 正在準備重新匯入檔案…[39m[0m
[  51% ] [90m[1mreimport[22m | 正在準備重新匯入檔案…[39m[0m
[  51% ] [90m[1mreimport[22m | 正在準備重新匯入檔案…[39m[0m
[  51% ] [90m[1mreimport[22m | 正在準備重新匯入檔案…[39m[0m
[  51% ] [90m[1mreimport[22m | 正在準備重新匯入檔案…[39m[0m
[  51% ] [90m[1mreimport[22m | 正在準備重新匯入檔案…[39m[0m
[  51% ] [90m[1mreimport[22m | 正在準備重新匯入檔案…[39m[0m
[  51% ] [90m[1mreimport[22m | 正在準備重新匯入檔案…[39m[0m
[  51% ] [90m[1mreimport[22m | 正在準備重新匯入檔案…[39m[0m
[  51% ] [90m[1mreimport[22m | 正在準備重新匯入檔案…[39m[0m
[  51% ] [90m[1mreimport[22m | 正在準備重新匯入檔案…[39m[0m
[  51% ] [90m[1mreimport[22m | 正在準備重新匯入檔案…[39m[0m
[  51% ] [90m[1mreimport[22m | 正在準備重新匯入檔案…[39m[0m
[  51% ] [90m[1mreimport[22m | 正在準備重新匯入檔案…[39m[0m
[  51% ] [90m[1mreimport[22m | 正在準備重新匯入檔案…[39m[0m
[  52% ] [90m[1mreimport[22m | 正在準備重新匯入檔案…[39m[0m
[  52% ] [90m[1mreimport[22m | 正在準備重新匯入檔案…[39m[0m
[  52% ] [90m[1mreimport[22m | 正在準備重新匯入檔案…[39m[0m
[  52% ] [90m[1mreimport[22m | 正在準備重新匯入檔案…[39m[0m
[  52% ] [90m[1mreimport[22m | 正在準備重新匯入檔案…[39m[0m
[  52% ] [90m[1mreimport[22m | 正在準備重新匯入檔案…[39m[0m
[  52% ] [90m[1mreimport[22m | 正在準備重新匯入檔案…[39m[0m
[  52% ] [90m[1mreimport[22m | 正在準備重新匯入檔案…[39m[0m
[  52% ] [90m[1mreimport[22m | 正在準備重新匯入檔案…[39m[0m
[  52% ] [90m[1mreimport[22m | 正在準備重新匯入檔案…[39m[0m
[  52% ] [90m[1mreimport[22m | 正在準備重新匯入檔案…[39m[0m
[  52% ] [90m[1mreimport[22m | 正在準備重新匯入檔案…[39m[0m
[  52% ] [90m[1mreimport[22m | 正在準備重新匯入檔案…[39m[0m
[  52% ] [90m[1mreimport[22m | 正在準備重新匯入檔案…[39m[0m
[  52% ] [90m[1mreimport[22m | 正在準備重新匯入檔案…[39m[0m
[  52% ] [90m[1mreimport[22m | 正在準備重新匯入檔案…[39m[0m
[  53% ] [90m[1mreimport[22m | 正在準備重新匯入檔案…[39m[0m
[  53% ] [90m[1mreimport[22m | 正在準備重新匯入檔案…[39m[0m
[  53% ] [90m[1mreimport[22m | 正在準備重新匯入檔案…[39m[0m
[  53% ] [90m[1mreimport[22m | 正在準備重新匯入檔案…[39m[0m
[  53% ] [90m[1mreimport[22m | 正在準備重新匯入檔案…[39m[0m
[  53% ] [90m[1mreimport[22m | 正在準備重新匯入檔案…[39m[0m
[  53% ] [90m[1mreimport[22m | 正在準備重新匯入檔案…[39m[0m
[  53% ] [90m[1mreimport[22m | 正在準備重新匯入檔案…[39m[0m
[  53% ] [90m[1mreimport[22m | 正在準備重新匯入檔案…[39m[0m
[  53% ] [90m[1mreimport[22m | 正在準備重新匯入檔案…[39m[0m
[  53% ] [90m[1mreimport[22m | 正在準備重新匯入檔案…[39m[0m
[  53% ] [90m[1mreimport[22m | 正在準備重新匯入檔案…[39m[0m
[  53% ] [90m[1mreimport[22m | 正在準備重新匯入檔案…[39m[0m
[  53% ] [90m[1mreimport[22m | 正在準備重新匯入檔案…[39m[0m
[  53% ] [90m[1mreimport[22m | 正在準備重新匯入檔案…[39m[0m
[  53% ] [90m[1mreimport[22m | 正在準備重新匯入檔案…[39m[0m
[  54% ] [90m[1mreimport[22m | 正在準備重新匯入檔案…[39m[0m
[  54% ] [90m[1mreimport[22m | 正在準備重新匯入檔案…[39m[0m
[  54% ] [90m[1mreimport[22m | 正在準備重新匯入檔案…[39m[0m
[  54% ] [90m[1mreimport[22m | 正在準備重新匯入檔案…[39m[0m
[  54% ] [90m[1mreimport[22m | 正在準備重新匯入檔案…[39m[0m
[  54% ] [90m[1mreimport[22m | 正在準備重新匯入檔案…[39m[0m
[  54% ] [90m[1mreimport[22m | 正在準備重新匯入檔案…[39m[0m
[  54% ] [90m[1mreimport[22m | 正在準備重新匯入檔案…[39m[0m
[  54% ] [90m[1mreimport[22m | 正在準備重新匯入檔案…[39m[0m
[  54% ] [90m[1mreimport[22m | 正在準備重新匯入檔案…[39m[0m
[  54% ] [90m[1mreimport[22m | 正在準備重新匯入檔案…[39m[0m
[  54% ] [90m[1mreimport[22m | 正在準備重新匯入檔案…[39m[0m
[  54% ] [90m[1mreimport[22m | 正在準備重新匯入檔案…[39m[0m
[  54% ] [90m[1mreimport[22m | 正在準備重新匯入檔案…[39m[0m
[  54% ] [90m[1mreimport[22m | 正在準備重新匯入檔案…[39m[0m
[  54% ] [90m[1mreimport[22m | 正在準備重新匯入檔案…[39m[0m
[  55% ] [90m[1mreimport[22m | 正在準備重新匯入檔案…[39m[0m
[  55% ] [90m[1mreimport[22m | 正在準備重新匯入檔案…[39m[0m
[  55% ] [90m[1mreimport[22m | 正在準備重新匯入檔案…[39m[0m
[  55% ] [90m[1mreimport[22m | 正在準備重新匯入檔案…[39m[0m
[  55% ] [90m[1mreimport[22m | 正在準備重新匯入檔案…[39m[0m
[  55% ] [90m[1mreimport[22m | 正在準備重新匯入檔案…[39m[0m
[  55% ] [90m[1mreimport[22m | 正在準備重新匯入檔案…[39m[0m
[  55% ] [90m[1mreimport[22m | 正在準備重新匯入檔案…[39m[0m
[  55% ] [90m[1mreimport[22m | 正在準備重新匯入檔案…[39m[0m
[  55% ] [90m[1mreimport[22m | 正在準備重新匯入檔案…[39m[0m
[  55% ] [90m[1mreimport[22m | 正在準備重新匯入檔案…[39m[0m
[  55% ] [90m[1mreimport[22m | 正在準備重新匯入檔案…[39m[0m
[  55% ] [90m[1mreimport[22m | 正在準備重新匯入檔案…[39m[0m
[  55% ] [90m[1mreimport[22m | 正在準備重新匯入檔案…[39m[0m
[  55% ] [90m[1mreimport[22m | 正在準備重新匯入檔案…[39m[0m
[  56% ] [90m[1mreimport[22m | 正在準備重新匯入檔案…[39m[0m
[  56% ] [90m[1mreimport[22m | 正在準備重新匯入檔案…[39m[0m
[  56% ] [90m[1mreimport[22m | 正在準備重新匯入檔案…[39m[0m
[  56% ] [90m[1mreimport[22m | 正在準備重新匯入檔案…[39m[0m
[  56% ] [90m[1mreimport[22m | 正在準備重新匯入檔案…[39m[0m
[  56% ] [90m[1mreimport[22m | 正在準備重新匯入檔案…[39m[0m
[  56% ] [90m[1mreimport[22m | 正在準備重新匯入檔案…[39m[0m
[  56% ] [90m[1mreimport[22m | 正在準備重新匯入檔案…[39m[0m
[  56% ] [90m[1mreimport[22m | 正在準備重新匯入檔案…[39m[0m
[  56% ] [90m[1mreimport[22m | 正在準備重新匯入檔案…[39m[0m
[  56% ] [90m[1mreimport[22m | 正在準備重新匯入檔案…[39m[0m
[  56% ] [90m[1mreimport[22m | 正在準備重新匯入檔案…[39m[0m
[  56% ] [90m[1mreimport[22m | 正在準備重新匯入檔案…[39m[0m
[  56% ] [90m[1mreimport[22m | 正在準備重新匯入檔案…[39m[0m
[  56% ] [90m[1mreimport[22m | 正在準備重新匯入檔案…[39m[0m
[  56% ] [90m[1mreimport[22m | 正在準備重新匯入檔案…[39m[0m
[  57% ] [90m[1mreimport[22m | 正在準備重新匯入檔案…[39m[0m
[  57% ] [90m[1mreimport[22m | 正在準備重新匯入檔案…[39m[0m
[  57% ] [90m[1mreimport[22m | 正在準備重新匯入檔案…[39m[0m
[  57% ] [90m[1mreimport[22m | 正在準備重新匯入檔案…[39m[0m
[  57% ] [90m[1mreimport[22m | 正在準備重新匯入檔案…[39m[0m
[  57% ] [90m[1mreimport[22m | 正在準備重新匯入檔案…[39m[0m
[  57% ] [90m[1mreimport[22m | 正在準備重新匯入檔案…[39m[0m
[  57% ] [90m[1mreimport[22m | 正在準備重新匯入檔案…[39m[0m
[  57% ] [90m[1mreimport[22m | 正在準備重新匯入檔案…[39m[0m
[  57% ] [90m[1mreimport[22m | 正在準備重新匯入檔案…[39m[0m
[  57% ] [90m[1mreimport[22m | 正在準備重新匯入檔案…[39m[0m
[  57% ] [90m[1mreimport[22m | 正在準備重新匯入檔案…[39m[0m
[  57% ] [90m[1mreimport[22m | 正在準備重新匯入檔案…[39m[0m
[  57% ] [90m[1mreimport[22m | 正在準備重新匯入檔案…[39m[0m
[  57% ] [90m[1mreimport[22m | 正在準備重新匯入檔案…[39m[0m
[  57% ] [90m[1mreimport[22m | 正在準備重新匯入檔案…[39m[0m
[  58% ] [90m[1mreimport[22m | 正在準備重新匯入檔案…[39m[0m
[  58% ] [90m[1mreimport[22m | 正在準備重新匯入檔案…[39m[0m
[  58% ] [90m[1mreimport[22m | 正在準備重新匯入檔案…[39m[0m
[  58% ] [90m[1mreimport[22m | 正在準備重新匯入檔案…[39m[0m
[  58% ] [90m[1mreimport[22m | 正在準備重新匯入檔案…[39m[0m
[  58% ] [90m[1mreimport[22m | 正在準備重新匯入檔案…[39m[0m
[  58% ] [90m[1mreimport[22m | 正在準備重新匯入檔案…[39m[0m
[  58% ] [90m[1mreimport[22m | 正在準備重新匯入檔案…[39m[0m
[  58% ] [90m[1mreimport[22m | 正在準備重新匯入檔案…[39m[0m
[  58% ] [90m[1mreimport[22m | 正在準備重新匯入檔案…[39m[0m
[  58% ] [90m[1mreimport[22m | 正在準備重新匯入檔案…[39m[0m
[  58% ] [90m[1mreimport[22m | 正在準備重新匯入檔案…[39m[0m
[  58% ] [90m[1mreimport[22m | 正在準備重新匯入檔案…[39m[0m
[  58% ] [90m[1mreimport[22m | 正在準備重新匯入檔案…[39m[0m
[  58% ] [90m[1mreimport[22m | 正在準備重新匯入檔案…[39m[0m
[  58% ] [90m[1mreimport[22m | 正在準備重新匯入檔案…[39m[0m
[  59% ] [90m[1mreimport[22m | 正在準備重新匯入檔案…[39m[0m
[  59% ] [90m[1mreimport[22m | 正在準備重新匯入檔案…[39m[0m
[  59% ] [90m[1mreimport[22m | 正在準備重新匯入檔案…[39m[0m
[  59% ] [90m[1mreimport[22m | 正在準備重新匯入檔案…[39m[0m
[  59% ] [90m[1mreimport[22m | 正在準備重新匯入檔案…[39m[0m
[  59% ] [90m[1mreimport[22m | 正在準備重新匯入檔案…[39m[0m
[  59% ] [90m[1mreimport[22m | 正在準備重新匯入檔案…[39m[0m
[  59% ] [90m[1mreimport[22m | 正在準備重新匯入檔案…[39m[0m
[  59% ] [90m[1mreimport[22m | 正在準備重新匯入檔案…[39m[0m
[  59% ] [90m[1mreimport[22m | 正在準備重新匯入檔案…[39m[0m
[  59% ] [90m[1mreimport[22m | 正在準備重新匯入檔案…[39m[0m
[  59% ] [90m[1mreimport[22m | 正在準備重新匯入檔案…[39m[0m
[  59% ] [90m[1mreimport[22m | 正在準備重新匯入檔案…[39m[0m
[  59% ] [90m[1mreimport[22m | 正在準備重新匯入檔案…[39m[0m
[  59% ] [90m[1mreimport[22m | 正在準備重新匯入檔案…[39m[0m
[  60% ] [90m[1mreimport[22m | 正在準備重新匯入檔案…[39m[0m
[  60% ] [90m[1mreimport[22m | 正在準備重新匯入檔案…[39m[0m
[  60% ] [90m[1mreimport[22m | 正在準備重新匯入檔案…[39m[0m
[  60% ] [90m[1mreimport[22m | 正在準備重新匯入檔案…[39m[0m
[  60% ] [90m[1mreimport[22m | 正在準備重新匯入檔案…[39m[0m
[  60% ] [90m[1mreimport[22m | 正在準備重新匯入檔案…[39m[0m
[  60% ] [90m[1mreimport[22m | 正在準備重新匯入檔案…[39m[0m
[  60% ] [90m[1mreimport[22m | 正在準備重新匯入檔案…[39m[0m
[  60% ] [90m[1mreimport[22m | 正在準備重新匯入檔案…[39m[0m
[  60% ] [90m[1mreimport[22m | 正在準備重新匯入檔案…[39m[0m
[  60% ] [90m[1mreimport[22m | 正在準備重新匯入檔案…[39m[0m
[  60% ] [90m[1mreimport[22m | 正在準備重新匯入檔案…[39m[0m
[  60% ] [90m[1mreimport[22m | 正在準備重新匯入檔案…[39m[0m
[  60% ] [90m[1mreimport[22m | 正在準備重新匯入檔案…[39m[0m
[  60% ] [90m[1mreimport[22m | 正在準備重新匯入檔案…[39m[0m
[  60% ] [90m[1mreimport[22m | 正在準備重新匯入檔案…[39m[0m
[  61% ] [90m[1mreimport[22m | 正在準備重新匯入檔案…[39m[0m
[  61% ] [90m[1mreimport[22m | 正在準備重新匯入檔案…[39m[0m
[  61% ] [90m[1mreimport[22m | 正在準備重新匯入檔案…[39m[0m
[  61% ] [90m[1mreimport[22m | 正在準備重新匯入檔案…[39m[0m
[  61% ] [90m[1mreimport[22m | 正在準備重新匯入檔案…[39m[0m
[  61% ] [90m[1mreimport[22m | 正在準備重新匯入檔案…[39m[0m
[  61% ] [90m[1mreimport[22m | 正在準備重新匯入檔案…[39m[0m
[  61% ] [90m[1mreimport[22m | 正在準備重新匯入檔案…[39m[0m
[  61% ] [90m[1mreimport[22m | 正在準備重新匯入檔案…[39m[0m
[  61% ] [90m[1mreimport[22m | 正在準備重新匯入檔案…[39m[0m
[  61% ] [90m[1mreimport[22m | 正在準備重新匯入檔案…[39m[0m
[  61% ] [90m[1mreimport[22m | 正在準備重新匯入檔案…[39m[0m
[  61% ] [90m[1mreimport[22m | 正在準備重新匯入檔案…[39m[0m
[  61% ] [90m[1mreimport[22m | 正在準備重新匯入檔案…[39m[0m
[  61% ] [90m[1mreimport[22m | 正在準備重新匯入檔案…[39m[0m
[  61% ] [90m[1mreimport[22m | 正在準備重新匯入檔案…[39m[0m
[  62% ] [90m[1mreimport[22m | 正在準備重新匯入檔案…[39m[0m
[  62% ] [90m[1mreimport[22m | 正在準備重新匯入檔案…[39m[0m
[  62% ] [90m[1mreimport[22m | 正在準備重新匯入檔案…[39m[0m
[  62% ] [90m[1mreimport[22m | 正在準備重新匯入檔案…[39m[0m
[  62% ] [90m[1mreimport[22m | 正在準備重新匯入檔案…[39m[0m
[  62% ] [90m[1mreimport[22m | 正在準備重新匯入檔案…[39m[0m
[  62% ] [90m[1mreimport[22m | 正在準備重新匯入檔案…[39m[0m
[  62% ] [90m[1mreimport[22m | 正在準備重新匯入檔案…[39m[0m
[  62% ] [90m[1mreimport[22m | 正在準備重新匯入檔案…[39m[0m
[  62% ] [90m[1mreimport[22m | 正在準備重新匯入檔案…[39m[0m
[  62% ] [90m[1mreimport[22m | 正在準備重新匯入檔案…[39m[0m
[  62% ] [90m[1mreimport[22m | 正在準備重新匯入檔案…[39m[0m
[  62% ] [90m[1mreimport[22m | 正在準備重新匯入檔案…[39m[0m
[  62% ] [90m[1mreimport[22m | 正在準備重新匯入檔案…[39m[0m
[  62% ] [90m[1mreimport[22m | 正在準備重新匯入檔案…[39m[0m
[  62% ] [90m[1mreimport[22m | 正在準備重新匯入檔案…[39m[0m
[  63% ] [90m[1mreimport[22m | 正在準備重新匯入檔案…[39m[0m
[  63% ] [90m[1mreimport[22m | 正在準備重新匯入檔案…[39m[0m
[  63% ] [90m[1mreimport[22m | 正在準備重新匯入檔案…[39m[0m
[  63% ] [90m[1mreimport[22m | 正在準備重新匯入檔案…[39m[0m
[  63% ] [90m[1mreimport[22m | 正在準備重新匯入檔案…[39m[0m
[  63% ] [90m[1mreimport[22m | 正在準備重新匯入檔案…[39m[0m
[  63% ] [90m[1mreimport[22m | 正在準備重新匯入檔案…[39m[0m
[  63% ] [90m[1mreimport[22m | 正在準備重新匯入檔案…[39m[0m
[  63% ] [90m[1mreimport[22m | 正在準備重新匯入檔案…[39m[0m
[  63% ] [90m[1mreimport[22m | 正在準備重新匯入檔案…[39m[0m
[  63% ] [90m[1mreimport[22m | 正在準備重新匯入檔案…[39m[0m
[  63% ] [90m[1mreimport[22m | 正在準備重新匯入檔案…[39m[0m
[  63% ] [90m[1mreimport[22m | 正在準備重新匯入檔案…[39m[0m
[  63% ] [90m[1mreimport[22m | 正在準備重新匯入檔案…[39m[0m
[  63% ] [90m[1mreimport[22m | 正在準備重新匯入檔案…[39m[0m
[  64% ] [90m[1mreimport[22m | 正在準備重新匯入檔案…[39m[0m
[  64% ] [90m[1mreimport[22m | 正在準備重新匯入檔案…[39m[0m
[  64% ] [90m[1mreimport[22m | 正在準備重新匯入檔案…[39m[0m
[  64% ] [90m[1mreimport[22m | 正在準備重新匯入檔案…[39m[0m
[  64% ] [90m[1mreimport[22m | 正在準備重新匯入檔案…[39m[0m
[  64% ] [90m[1mreimport[22m | 正在準備重新匯入檔案…[39m[0m
[  64% ] [90m[1mreimport[22m | 正在準備重新匯入檔案…[39m[0m
[  64% ] [90m[1mreimport[22m | 正在準備重新匯入檔案…[39m[0m
[  64% ] [90m[1mreimport[22m | 正在準備重新匯入檔案…[39m[0m
[  64% ] [90m[1mreimport[22m | 正在準備重新匯入檔案…[39m[0m
[  64% ] [90m[1mreimport[22m | 正在準備重新匯入檔案…[39m[0m
[  64% ] [90m[1mreimport[22m | 正在準備重新匯入檔案…[39m[0m
[  64% ] [90m[1mreimport[22m | 正在準備重新匯入檔案…[39m[0m
[  64% ] [90m[1mreimport[22m | 正在準備重新匯入檔案…[39m[0m
[  64% ] [90m[1mreimport[22m | 正在準備重新匯入檔案…[39m[0m
[  64% ] [90m[1mreimport[22m | 正在準備重新匯入檔案…[39m[0m
[  65% ] [90m[1mreimport[22m | 正在準備重新匯入檔案…[39m[0m
[  65% ] [90m[1mreimport[22m | 正在準備重新匯入檔案…[39m[0m
[  65% ] [90m[1mreimport[22m | 正在準備重新匯入檔案…[39m[0m
[  65% ] [90m[1mreimport[22m | 正在準備重新匯入檔案…[39m[0m
[  65% ] [90m[1mreimport[22m | 正在準備重新匯入檔案…[39m[0m
[  65% ] [90m[1mreimport[22m | 正在準備重新匯入檔案…[39m[0m
[  65% ] [90m[1mreimport[22m | 正在準備重新匯入檔案…[39m[0m
[  65% ] [90m[1mreimport[22m | 正在準備重新匯入檔案…[39m[0m
[  65% ] [90m[1mreimport[22m | 正在準備重新匯入檔案…[39m[0m
[  65% ] [90m[1mreimport[22m | 正在準備重新匯入檔案…[39m[0m
[  65% ] [90m[1mreimport[22m | 正在準備重新匯入檔案…[39m[0m
[  65% ] [90m[1mreimport[22m | 正在準備重新匯入檔案…[39m[0m
[  65% ] [90m[1mreimport[22m | 正在準備重新匯入檔案…[39m[0m
[  65% ] [90m[1mreimport[22m | 正在準備重新匯入檔案…[39m[0m
[  65% ] [90m[1mreimport[22m | 正在準備重新匯入檔案…[39m[0m
[  65% ] [90m[1mreimport[22m | 正在準備重新匯入檔案…[39m[0m
[  66% ] [90m[1mreimport[22m | 正在準備重新匯入檔案…[39m[0m
[  66% ] [90m[1mreimport[22m | 正在準備重新匯入檔案…[39m[0m
[  66% ] [90m[1mreimport[22m | 正在準備重新匯入檔案…[39m[0m
[  66% ] [90m[1mreimport[22m | 正在準備重新匯入檔案…[39m[0m
[  66% ] [90m[1mreimport[22m | 正在準備重新匯入檔案…[39m[0m
[  66% ] [90m[1mreimport[22m | 正在準備重新匯入檔案…[39m[0m
[  66% ] [90m[1mreimport[22m | 正在準備重新匯入檔案…[39m[0m
[  66% ] [90m[1mreimport[22m | 正在準備重新匯入檔案…[39m[0m
[  66% ] [90m[1mreimport[22m | 正在準備重新匯入檔案…[39m[0m
[  66% ] [90m[1mreimport[22m | 正在準備重新匯入檔案…[39m[0m
[  66% ] [90m[1mreimport[22m | 正在準備重新匯入檔案…[39m[0m
[  66% ] [90m[1mreimport[22m | 正在準備重新匯入檔案…[39m[0m
[  66% ] [90m[1mreimport[22m | 正在準備重新匯入檔案…[39m[0m
[  66% ] [90m[1mreimport[22m | 正在準備重新匯入檔案…[39m[0m
[  66% ] [90m[1mreimport[22m | 正在準備重新匯入檔案…[39m[0m
[  66% ] [90m[1mreimport[22m | 正在準備重新匯入檔案…[39m[0m
[  67% ] [90m[1mreimport[22m | 正在準備重新匯入檔案…[39m[0m
[  67% ] [90m[1mreimport[22m | 正在準備重新匯入檔案…[39m[0m
[  67% ] [90m[1mreimport[22m | 正在準備重新匯入檔案…[39m[0m
[  67% ] [90m[1mreimport[22m | 正在準備重新匯入檔案…[39m[0m
[  67% ] [90m[1mreimport[22m | 正在準備重新匯入檔案…[39m[0m
[  67% ] [90m[1mreimport[22m | 正在準備重新匯入檔案…[39m[0m
[  67% ] [90m[1mreimport[22m | 正在準備重新匯入檔案…[39m[0m
[  67% ] [90m[1mreimport[22m | 正在準備重新匯入檔案…[39m[0m
[  67% ] [90m[1mreimport[22m | 正在準備重新匯入檔案…[39m[0m
[  67% ] [90m[1mreimport[22m | 正在準備重新匯入檔案…[39m[0m
[  67% ] [90m[1mreimport[22m | 正在準備重新匯入檔案…[39m[0m
[  67% ] [90m[1mreimport[22m | 正在準備重新匯入檔案…[39m[0m
[  67% ] [90m[1mreimport[22m | 正在準備重新匯入檔案…[39m[0m
[  67% ] [90m[1mreimport[22m | 正在準備重新匯入檔案…[39m[0m
[  67% ] [90m[1mreimport[22m | 正在準備重新匯入檔案…[39m[0m
[  68% ] [90m[1mreimport[22m | 正在準備重新匯入檔案…[39m[0m
[  68% ] [90m[1mreimport[22m | 正在準備重新匯入檔案…[39m[0m
[  68% ] [90m[1mreimport[22m | 正在準備重新匯入檔案…[39m[0m
[  68% ] [90m[1mreimport[22m | 正在準備重新匯入檔案…[39m[0m
[  68% ] [90m[1mreimport[22m | 正在準備重新匯入檔案…[39m[0m
[  68% ] [90m[1mreimport[22m | 正在準備重新匯入檔案…[39m[0m
[  68% ] [90m[1mreimport[22m | 正在準備重新匯入檔案…[39m[0m
[  68% ] [90m[1mreimport[22m | 正在準備重新匯入檔案…[39m[0m
[  68% ] [90m[1mreimport[22m | 正在準備重新匯入檔案…[39m[0m
[  68% ] [90m[1mreimport[22m | 正在準備重新匯入檔案…[39m[0m
[  68% ] [90m[1mreimport[22m | 正在準備重新匯入檔案…[39m[0m
[  68% ] [90m[1mreimport[22m | 正在準備重新匯入檔案…[39m[0m
[  68% ] [90m[1mreimport[22m | 正在準備重新匯入檔案…[39m[0m
[  68% ] [90m[1mreimport[22m | 正在準備重新匯入檔案…[39m[0m
[  68% ] [90m[1mreimport[22m | 正在準備重新匯入檔案…[39m[0m
[  68% ] [90m[1mreimport[22m | 正在準備重新匯入檔案…[39m[0m
[  69% ] [90m[1mreimport[22m | 正在準備重新匯入檔案…[39m[0m
[  69% ] [90m[1mreimport[22m | 正在準備重新匯入檔案…[39m[0m
[  69% ] [90m[1mreimport[22m | 正在準備重新匯入檔案…[39m[0m
[  69% ] [90m[1mreimport[22m | 正在準備重新匯入檔案…[39m[0m
[  69% ] [90m[1mreimport[22m | 正在準備重新匯入檔案…[39m[0m
[  69% ] [90m[1mreimport[22m | 正在準備重新匯入檔案…[39m[0m
[  69% ] [90m[1mreimport[22m | 正在準備重新匯入檔案…[39m[0m
[  69% ] [90m[1mreimport[22m | 正在準備重新匯入檔案…[39m[0m
[  69% ] [90m[1mreimport[22m | 正在準備重新匯入檔案…[39m[0m
[  69% ] [90m[1mreimport[22m | 正在準備重新匯入檔案…[39m[0m
[  69% ] [90m[1mreimport[22m | 正在準備重新匯入檔案…[39m[0m
[  69% ] [90m[1mreimport[22m | 正在準備重新匯入檔案…[39m[0m
[  69% ] [90m[1mreimport[22m | 正在準備重新匯入檔案…[39m[0m
[  69% ] [90m[1mreimport[22m | 正在準備重新匯入檔案…[39m[0m
[  69% ] [90m[1mreimport[22m | 正在準備重新匯入檔案…[39m[0m
[  69% ] [90m[1mreimport[22m | 正在準備重新匯入檔案…[39m[0m
[  70% ] [90m[1mreimport[22m | 正在準備重新匯入檔案…[39m[0m
[  70% ] [90m[1mreimport[22m | 正在準備重新匯入檔案…[39m[0m
[  70% ] [90m[1mreimport[22m | 正在準備重新匯入檔案…[39m[0m
[  70% ] [90m[1mreimport[22m | 正在準備重新匯入檔案…[39m[0m
[  70% ] [90m[1mreimport[22m | 正在準備重新匯入檔案…[39m[0m
[  70% ] [90m[1mreimport[22m | 正在準備重新匯入檔案…[39m[0m
[  70% ] [90m[1mreimport[22m | 正在準備重新匯入檔案…[39m[0m
[  70% ] [90m[1mreimport[22m | 正在準備重新匯入檔案…[39m[0m
[  70% ] [90m[1mreimport[22m | 正在準備重新匯入檔案…[39m[0m
[  70% ] [90m[1mreimport[22m | 正在準備重新匯入檔案…[39m[0m
[  70% ] [90m[1mreimport[22m | 正在準備重新匯入檔案…[39m[0m
[  70% ] [90m[1mreimport[22m | 正在準備重新匯入檔案…[39m[0m
[  70% ] [90m[1mreimport[22m | 正在準備重新匯入檔案…[39m[0m
[  70% ] [90m[1mreimport[22m | 正在準備重新匯入檔案…[39m[0m
[  70% ] [90m[1mreimport[22m | 正在準備重新匯入檔案…[39m[0m
[  70% ] [90m[1mreimport[22m | 正在準備重新匯入檔案…[39m[0m
[  71% ] [90m[1mreimport[22m | 正在準備重新匯入檔案…[39m[0m
[  71% ] [90m[1mreimport[22m | 正在準備重新匯入檔案…[39m[0m
[  71% ] [90m[1mreimport[22m | 正在準備重新匯入檔案…[39m[0m
[  71% ] [90m[1mreimport[22m | 正在準備重新匯入檔案…[39m[0m
[  71% ] [90m[1mreimport[22m | 正在準備重新匯入檔案…[39m[0m
[  71% ] [90m[1mreimport[22m | 正在準備重新匯入檔案…[39m[0m
[  71% ] [90m[1mreimport[22m | 正在準備重新匯入檔案…[39m[0m
[  71% ] [90m[1mreimport[22m | 正在準備重新匯入檔案…[39m[0m
[  71% ] [90m[1mreimport[22m | 正在準備重新匯入檔案…[39m[0m
[  71% ] [90m[1mreimport[22m | 正在準備重新匯入檔案…[39m[0m
[  71% ] [90m[1mreimport[22m | 正在準備重新匯入檔案…[39m[0m
[  71% ] [90m[1mreimport[22m | 正在準備重新匯入檔案…[39m[0m
[  71% ] [90m[1mreimport[22m | 正在準備重新匯入檔案…[39m[0m
[  71% ] [90m[1mreimport[22m | 正在準備重新匯入檔案…[39m[0m
[  71% ] [90m[1mreimport[22m | 正在準備重新匯入檔案…[39m[0m
[  72% ] [90m[1mreimport[22m | 正在準備重新匯入檔案…[39m[0m
[  72% ] [90m[1mreimport[22m | 正在準備重新匯入檔案…[39m[0m
[  72% ] [90m[1mreimport[22m | 正在準備重新匯入檔案…[39m[0m
[  72% ] [90m[1mreimport[22m | 正在準備重新匯入檔案…[39m[0m
[  72% ] [90m[1mreimport[22m | 正在準備重新匯入檔案…[39m[0m
[  72% ] [90m[1mreimport[22m | 正在準備重新匯入檔案…[39m[0m
[  72% ] [90m[1mreimport[22m | 正在準備重新匯入檔案…[39m[0m
[  72% ] [90m[1mreimport[22m | 正在準備重新匯入檔案…[39m[0m
[  72% ] [90m[1mreimport[22m | 正在準備重新匯入檔案…[39m[0m
[  72% ] [90m[1mreimport[22m | 正在準備重新匯入檔案…[39m[0m
[  72% ] [90m[1mreimport[22m | 正在準備重新匯入檔案…[39m[0m
[  72% ] [90m[1mreimport[22m | 正在準備重新匯入檔案…[39m[0m
[  72% ] [90m[1mreimport[22m | 正在準備重新匯入檔案…[39m[0m
[  72% ] [90m[1mreimport[22m | 正在準備重新匯入檔案…[39m[0m
[  72% ] [90m[1mreimport[22m | 正在準備重新匯入檔案…[39m[0m
[  72% ] [90m[1mreimport[22m | 正在準備重新匯入檔案…[39m[0m
[  73% ] [90m[1mreimport[22m | 正在準備重新匯入檔案…[39m[0m
[  73% ] [90m[1mreimport[22m | 正在準備重新匯入檔案…[39m[0m
[  73% ] [90m[1mreimport[22m | 正在準備重新匯入檔案…[39m[0m
[  73% ] [90m[1mreimport[22m | 正在準備重新匯入檔案…[39m[0m
[  73% ] [90m[1mreimport[22m | 正在準備重新匯入檔案…[39m[0m
[  73% ] [90m[1mreimport[22m | 正在準備重新匯入檔案…[39m[0m
[  73% ] [90m[1mreimport[22m | 正在準備重新匯入檔案…[39m[0m
[  73% ] [90m[1mreimport[22m | 正在準備重新匯入檔案…[39m[0m
[  73% ] [90m[1mreimport[22m | 正在準備重新匯入檔案…[39m[0m
[  73% ] [90m[1mreimport[22m | 正在準備重新匯入檔案…[39m[0m
[  73% ] [90m[1mreimport[22m | 正在準備重新匯入檔案…[39m[0m
[  73% ] [90m[1mreimport[22m | 正在準備重新匯入檔案…[39m[0m
[  73% ] [90m[1mreimport[22m | 正在準備重新匯入檔案…[39m[0m
[  73% ] [90m[1mreimport[22m | 正在準備重新匯入檔案…[39m[0m
[  73% ] [90m[1mreimport[22m | 正在準備重新匯入檔案…[39m[0m
[  73% ] [90m[1mreimport[22m | 正在準備重新匯入檔案…[39m[0m
[  74% ] [90m[1mreimport[22m | 正在準備重新匯入檔案…[39m[0m
[  74% ] [90m[1mreimport[22m | 正在準備重新匯入檔案…[39m[0m
[  74% ] [90m[1mreimport[22m | 正在準備重新匯入檔案…[39m[0m
[  74% ] [90m[1mreimport[22m | 正在準備重新匯入檔案…[39m[0m
[  74% ] [90m[1mreimport[22m | 正在準備重新匯入檔案…[39m[0m
[  74% ] [90m[1mreimport[22m | 正在準備重新匯入檔案…[39m[0m
[  74% ] [90m[1mreimport[22m | 正在準備重新匯入檔案…[39m[0m
[  74% ] [90m[1mreimport[22m | 正在準備重新匯入檔案…[39m[0m
[  74% ] [90m[1mreimport[22m | 正在準備重新匯入檔案…[39m[0m
[  74% ] [90m[1mreimport[22m | 正在準備重新匯入檔案…[39m[0m
[  74% ] [90m[1mreimport[22m | 正在準備重新匯入檔案…[39m[0m
[  74% ] [90m[1mreimport[22m | 正在準備重新匯入檔案…[39m[0m
[  74% ] [90m[1mreimport[22m | 正在準備重新匯入檔案…[39m[0m
[  74% ] [90m[1mreimport[22m | 正在準備重新匯入檔案…[39m[0m
[  74% ] [90m[1mreimport[22m | 正在準備重新匯入檔案…[39m[0m
[  74% ] [90m[1mreimport[22m | 正在準備重新匯入檔案…[39m[0m
[  75% ] [90m[1mreimport[22m | 正在準備重新匯入檔案…[39m[0m
[  75% ] [90m[1mreimport[22m | 正在準備重新匯入檔案…[39m[0m
[  75% ] [90m[1mreimport[22m | 正在準備重新匯入檔案…[39m[0m
[  75% ] [90m[1mreimport[22m | 正在準備重新匯入檔案…[39m[0m
[  75% ] [90m[1mreimport[22m | 正在準備重新匯入檔案…[39m[0m
[  75% ] [90m[1mreimport[22m | 正在準備重新匯入檔案…[39m[0m
[  75% ] [90m[1mreimport[22m | 正在準備重新匯入檔案…[39m[0m
[  75% ] [90m[1mreimport[22m | 正在準備重新匯入檔案…[39m[0m
[  75% ] [90m[1mreimport[22m | 正在準備重新匯入檔案…[39m[0m
[  75% ] [90m[1mreimport[22m | 正在準備重新匯入檔案…[39m[0m
[  75% ] [90m[1mreimport[22m | 正在準備重新匯入檔案…[39m[0m
[  75% ] [90m[1mreimport[22m | 正在準備重新匯入檔案…[39m[0m
[  75% ] [90m[1mreimport[22m | 正在準備重新匯入檔案…[39m[0m
[  75% ] [90m[1mreimport[22m | 正在準備重新匯入檔案…[39m[0m
[  75% ] [90m[1mreimport[22m | 正在準備重新匯入檔案…[39m[0m
[  76% ] [90m[1mreimport[22m | 正在準備重新匯入檔案…[39m[0m
[  76% ] [90m[1mreimport[22m | 正在準備重新匯入檔案…[39m[0m
[  76% ] [90m[1mreimport[22m | 正在準備重新匯入檔案…[39m[0m
[  76% ] [90m[1mreimport[22m | 正在準備重新匯入檔案…[39m[0m
[  76% ] [90m[1mreimport[22m | 正在準備重新匯入檔案…[39m[0m
[  76% ] [90m[1mreimport[22m | 正在準備重新匯入檔案…[39m[0m
[  76% ] [90m[1mreimport[22m | 正在準備重新匯入檔案…[39m[0m
[  76% ] [90m[1mreimport[22m | 正在準備重新匯入檔案…[39m[0m
[  76% ] [90m[1mreimport[22m | 正在準備重新匯入檔案…[39m[0m
[  76% ] [90m[1mreimport[22m | 正在準備重新匯入檔案…[39m[0m
[  76% ] [90m[1mreimport[22m | 正在準備重新匯入檔案…[39m[0m
[  76% ] [90m[1mreimport[22m | 正在準備重新匯入檔案…[39m[0m
[  76% ] [90m[1mreimport[22m | 正在準備重新匯入檔案…[39m[0m
[  76% ] [90m[1mreimport[22m | 正在準備重新匯入檔案…[39m[0m
[  76% ] [90m[1mreimport[22m | 正在準備重新匯入檔案…[39m[0m
[  76% ] [90m[1mreimport[22m | 正在準備重新匯入檔案…[39m[0m
[  77% ] [90m[1mreimport[22m | 正在準備重新匯入檔案…[39m[0m
[  77% ] [90m[1mreimport[22m | 正在準備重新匯入檔案…[39m[0m
[  77% ] [90m[1mreimport[22m | 正在準備重新匯入檔案…[39m[0m
[  77% ] [90m[1mreimport[22m | 正在準備重新匯入檔案…[39m[0m
[  77% ] [90m[1mreimport[22m | 正在準備重新匯入檔案…[39m[0m
[  77% ] [90m[1mreimport[22m | 正在準備重新匯入檔案…[39m[0m
[  77% ] [90m[1mreimport[22m | 正在準備重新匯入檔案…[39m[0m
[  77% ] [90m[1mreimport[22m | 正在準備重新匯入檔案…[39m[0m
[  77% ] [90m[1mreimport[22m | 正在準備重新匯入檔案…[39m[0m
[  77% ] [90m[1mreimport[22m | 正在準備重新匯入檔案…[39m[0m
[  77% ] [90m[1mreimport[22m | 正在準備重新匯入檔案…[39m[0m
[  77% ] [90m[1mreimport[22m | 正在準備重新匯入檔案…[39m[0m
[  77% ] [90m[1mreimport[22m | 正在準備重新匯入檔案…[39m[0m
[  77% ] [90m[1mreimport[22m | 正在準備重新匯入檔案…[39m[0m
[  77% ] [90m[1mreimport[22m | 正在準備重新匯入檔案…[39m[0m
[  77% ] [90m[1mreimport[22m | 正在準備重新匯入檔案…[39m[0m
[  78% ] [90m[1mreimport[22m | 正在準備重新匯入檔案…[39m[0m
[  78% ] [90m[1mreimport[22m | 正在準備重新匯入檔案…[39m[0m
[  78% ] [90m[1mreimport[22m | 正在準備重新匯入檔案…[39m[0m
[  78% ] [90m[1mreimport[22m | 正在準備重新匯入檔案…[39m[0m
[  78% ] [90m[1mreimport[22m | 正在準備重新匯入檔案…[39m[0m
[  78% ] [90m[1mreimport[22m | 正在準備重新匯入檔案…[39m[0m
[  78% ] [90m[1mreimport[22m | 正在準備重新匯入檔案…[39m[0m
[  78% ] [90m[1mreimport[22m | 正在準備重新匯入檔案…[39m[0m
[  78% ] [90m[1mreimport[22m | 正在準備重新匯入檔案…[39m[0m
[  78% ] [90m[1mreimport[22m | 正在準備重新匯入檔案…[39m[0m
[  78% ] [90m[1mreimport[22m | 正在準備重新匯入檔案…[39m[0m
[  78% ] [90m[1mreimport[22m | 正在準備重新匯入檔案…[39m[0m
[  78% ] [90m[1mreimport[22m | 正在準備重新匯入檔案…[39m[0m
[  78% ] [90m[1mreimport[22m | 正在準備重新匯入檔案…[39m[0m
[  78% ] [90m[1mreimport[22m | 正在準備重新匯入檔案…[39m[0m
[  78% ] [90m[1mreimport[22m | 正在準備重新匯入檔案…[39m[0m
[  79% ] [90m[1mreimport[22m | 正在準備重新匯入檔案…[39m[0m
[  79% ] [90m[1mreimport[22m | 正在準備重新匯入檔案…[39m[0m
[  79% ] [90m[1mreimport[22m | 正在準備重新匯入檔案…[39m[0m
[  79% ] [90m[1mreimport[22m | 正在準備重新匯入檔案…[39m[0m
[  79% ] [90m[1mreimport[22m | 正在準備重新匯入檔案…[39m[0m
[  79% ] [90m[1mreimport[22m | 正在準備重新匯入檔案…[39m[0m
[  79% ] [90m[1mreimport[22m | 正在準備重新匯入檔案…[39m[0m
[  79% ] [90m[1mreimport[22m | 正在準備重新匯入檔案…[39m[0m
[  79% ] [90m[1mreimport[22m | 正在準備重新匯入檔案…[39m[0m
[  79% ] [90m[1mreimport[22m | 正在準備重新匯入檔案…[39m[0m
[  79% ] [90m[1mreimport[22m | 正在準備重新匯入檔案…[39m[0m
[  79% ] [90m[1mreimport[22m | 正在準備重新匯入檔案…[39m[0m
[  79% ] [90m[1mreimport[22m | 正在準備重新匯入檔案…[39m[0m
[  79% ] [90m[1mreimport[22m | 正在準備重新匯入檔案…[39m[0m
[  79% ] [90m[1mreimport[22m | 正在準備重新匯入檔案…[39m[0m
[  80% ] [90m[1mreimport[22m | 正在準備重新匯入檔案…[39m[0m
[  80% ] [90m[1mreimport[22m | 正在準備重新匯入檔案…[39m[0m
[  80% ] [90m[1mreimport[22m | 正在準備重新匯入檔案…[39m[0m
[  80% ] [90m[1mreimport[22m | 正在準備重新匯入檔案…[39m[0m
[  80% ] [90m[1mreimport[22m | 正在準備重新匯入檔案…[39m[0m
[  80% ] [90m[1mreimport[22m | 正在準備重新匯入檔案…[39m[0m
[  80% ] [90m[1mreimport[22m | 正在準備重新匯入檔案…[39m[0m
[  80% ] [90m[1mreimport[22m | 正在準備重新匯入檔案…[39m[0m
[  80% ] [90m[1mreimport[22m | 正在準備重新匯入檔案…[39m[0m
[  80% ] [90m[1mreimport[22m | 正在準備重新匯入檔案…[39m[0m
[  80% ] [90m[1mreimport[22m | 正在準備重新匯入檔案…[39m[0m
[  80% ] [90m[1mreimport[22m | 正在準備重新匯入檔案…[39m[0m
[  80% ] [90m[1mreimport[22m | 正在準備重新匯入檔案…[39m[0m
[  80% ] [90m[1mreimport[22m | 正在準備重新匯入檔案…[39m[0m
[  80% ] [90m[1mreimport[22m | 正在準備重新匯入檔案…[39m[0m
[  80% ] [90m[1mreimport[22m | 正在準備重新匯入檔案…[39m[0m
[  81% ] [90m[1mreimport[22m | 正在準備重新匯入檔案…[39m[0m
[  81% ] [90m[1mreimport[22m | 正在準備重新匯入檔案…[39m[0m
[  81% ] [90m[1mreimport[22m | 正在準備重新匯入檔案…[39m[0m
[  81% ] [90m[1mreimport[22m | 正在準備重新匯入檔案…[39m[0m
[  81% ] [90m[1mreimport[22m | 正在準備重新匯入檔案…[39m[0m
[  81% ] [90m[1mreimport[22m | 正在準備重新匯入檔案…[39m[0m
[  81% ] [90m[1mreimport[22m | 正在準備重新匯入檔案…[39m[0m
[  81% ] [90m[1mreimport[22m | 正在準備重新匯入檔案…[39m[0m
[  81% ] [90m[1mreimport[22m | 正在準備重新匯入檔案…[39m[0m
[  81% ] [90m[1mreimport[22m | 正在準備重新匯入檔案…[39m[0m
[  81% ] [90m[1mreimport[22m | 正在準備重新匯入檔案…[39m[0m
[  81% ] [90m[1mreimport[22m | 正在準備重新匯入檔案…[39m[0m
[  81% ] [90m[1mreimport[22m | 正在準備重新匯入檔案…[39m[0m
[  81% ] [90m[1mreimport[22m | 正在準備重新匯入檔案…[39m[0m
[  81% ] [90m[1mreimport[22m | 正在準備重新匯入檔案…[39m[0m
[  81% ] [90m[1mreimport[22m | 正在準備重新匯入檔案…[39m[0m
[  82% ] [90m[1mreimport[22m | 正在準備重新匯入檔案…[39m[0m
[  82% ] [90m[1mreimport[22m | 正在準備重新匯入檔案…[39m[0m
[  82% ] [90m[1mreimport[22m | 正在準備重新匯入檔案…[39m[0m
[  82% ] [90m[1mreimport[22m | 正在準備重新匯入檔案…[39m[0m
[  82% ] [90m[1mreimport[22m | 正在準備重新匯入檔案…[39m[0m
[  82% ] [90m[1mreimport[22m | 正在準備重新匯入檔案…[39m[0m
[  82% ] [90m[1mreimport[22m | 正在準備重新匯入檔案…[39m[0m
[  82% ] [90m[1mreimport[22m | 正在準備重新匯入檔案…[39m[0m
[  82% ] [90m[1mreimport[22m | 正在準備重新匯入檔案…[39m[0m
[  82% ] [90m[1mreimport[22m | 正在準備重新匯入檔案…[39m[0m
[  82% ] [90m[1mreimport[22m | 正在準備重新匯入檔案…[39m[0m
[  82% ] [90m[1mreimport[22m | 正在準備重新匯入檔案…[39m[0m
[  82% ] [90m[1mreimport[22m | 正在準備重新匯入檔案…[39m[0m
[  82% ] [90m[1mreimport[22m | 正在準備重新匯入檔案…[39m[0m
[  82% ] [90m[1mreimport[22m | 正在準備重新匯入檔案…[39m[0m
[  82% ] [90m[1mreimport[22m | 正在準備重新匯入檔案…[39m[0m
[  83% ] [90m[1mreimport[22m | 正在準備重新匯入檔案…[39m[0m
[  83% ] [90m[1mreimport[22m | 正在準備重新匯入檔案…[39m[0m
[  83% ] [90m[1mreimport[22m | 正在準備重新匯入檔案…[39m[0m
[  83% ] [90m[1mreimport[22m | 正在準備重新匯入檔案…[39m[0m
[  83% ] [90m[1mreimport[22m | 正在準備重新匯入檔案…[39m[0m
[  83% ] [90m[1mreimport[22m | 正在準備重新匯入檔案…[39m[0m
[  83% ] [90m[1mreimport[22m | 正在準備重新匯入檔案…[39m[0m
[  83% ] [90m[1mreimport[22m | 正在準備重新匯入檔案…[39m[0m
[  83% ] [90m[1mreimport[22m | 正在準備重新匯入檔案…[39m[0m
[  83% ] [90m[1mreimport[22m | 正在準備重新匯入檔案…[39m[0m
[  83% ] [90m[1mreimport[22m | 正在準備重新匯入檔案…[39m[0m
[  83% ] [90m[1mreimport[22m | 正在準備重新匯入檔案…[39m[0m
[  83% ] [90m[1mreimport[22m | 正在準備重新匯入檔案…[39m[0m
[  83% ] [90m[1mreimport[22m | 正在準備重新匯入檔案…[39m[0m
[  83% ] [90m[1mreimport[22m | 正在準備重新匯入檔案…[39m[0m
[  84% ] [90m[1mreimport[22m | 正在準備重新匯入檔案…[39m[0m
[  84% ] [90m[1mreimport[22m | 正在準備重新匯入檔案…[39m[0m
[  84% ] [90m[1mreimport[22m | 正在準備重新匯入檔案…[39m[0m
[  84% ] [90m[1mreimport[22m | 正在準備重新匯入檔案…[39m[0m
[  84% ] [90m[1mreimport[22m | 正在準備重新匯入檔案…[39m[0m
[  84% ] [90m[1mreimport[22m | 正在準備重新匯入檔案…[39m[0m
[  84% ] [90m[1mreimport[22m | 正在準備重新匯入檔案…[39m[0m
[  84% ] [90m[1mreimport[22m | 正在準備重新匯入檔案…[39m[0m
[  84% ] [90m[1mreimport[22m | 正在準備重新匯入檔案…[39m[0m
[  84% ] [90m[1mreimport[22m | 正在準備重新匯入檔案…[39m[0m
[  84% ] [90m[1mreimport[22m | 正在準備重新匯入檔案…[39m[0m
[  84% ] [90m[1mreimport[22m | 正在準備重新匯入檔案…[39m[0m
[  84% ] [90m[1mreimport[22m | 正在準備重新匯入檔案…[39m[0m
[  84% ] [90m[1mreimport[22m | 正在準備重新匯入檔案…[39m[0m
[  84% ] [90m[1mreimport[22m | 正在準備重新匯入檔案…[39m[0m
[  84% ] [90m[1mreimport[22m | 正在準備重新匯入檔案…[39m[0m
[  85% ] [90m[1mreimport[22m | 正在準備重新匯入檔案…[39m[0m
[  85% ] [90m[1mreimport[22m | 正在準備重新匯入檔案…[39m[0m
[  85% ] [90m[1mreimport[22m | 正在準備重新匯入檔案…[39m[0m
[  85% ] [90m[1mreimport[22m | 正在準備重新匯入檔案…[39m[0m
[  85% ] [90m[1mreimport[22m | 正在準備重新匯入檔案…[39m[0m
[  85% ] [90m[1mreimport[22m | 正在準備重新匯入檔案…[39m[0m
[  85% ] [90m[1mreimport[22m | 正在準備重新匯入檔案…[39m[0m
[  85% ] [90m[1mreimport[22m | 正在準備重新匯入檔案…[39m[0m
[  85% ] [90m[1mreimport[22m | 正在準備重新匯入檔案…[39m[0m
[  85% ] [90m[1mreimport[22m | 正在準備重新匯入檔案…[39m[0m
[  85% ] [90m[1mreimport[22m | 正在準備重新匯入檔案…[39m[0m
[  85% ] [90m[1mreimport[22m | 正在準備重新匯入檔案…[39m[0m
[  85% ] [90m[1mreimport[22m | 正在準備重新匯入檔案…[39m[0m
[  85% ] [90m[1mreimport[22m | 正在準備重新匯入檔案…[39m[0m
[  85% ] [90m[1mreimport[22m | 正在準備重新匯入檔案…[39m[0m
[  85% ] [90m[1mreimport[22m | 正在準備重新匯入檔案…[39m[0m
[  86% ] [90m[1mreimport[22m | 正在準備重新匯入檔案…[39m[0m
[  86% ] [90m[1mreimport[22m | 正在準備重新匯入檔案…[39m[0m
[  86% ] [90m[1mreimport[22m | 正在準備重新匯入檔案…[39m[0m
[  86% ] [90m[1mreimport[22m | 正在準備重新匯入檔案…[39m[0m
[  86% ] [90m[1mreimport[22m | 正在準備重新匯入檔案…[39m[0m
[  86% ] [90m[1mreimport[22m | 正在準備重新匯入檔案…[39m[0m
[  86% ] [90m[1mreimport[22m | 正在準備重新匯入檔案…[39m[0m
[  86% ] [90m[1mreimport[22m | 正在準備重新匯入檔案…[39m[0m
[  86% ] [90m[1mreimport[22m | 正在準備重新匯入檔案…[39m[0m
[  86% ] [90m[1mreimport[22m | 正在準備重新匯入檔案…[39m[0m
[  86% ] [90m[1mreimport[22m | 正在準備重新匯入檔案…[39m[0m
[  86% ] [90m[1mreimport[22m | 正在準備重新匯入檔案…[39m[0m
[  86% ] [90m[1mreimport[22m | 正在準備重新匯入檔案…[39m[0m
[  86% ] [90m[1mreimport[22m | 正在準備重新匯入檔案…[39m[0m
[  86% ] [90m[1mreimport[22m | 正在準備重新匯入檔案…[39m[0m
[  86% ] [90m[1mreimport[22m | 正在準備重新匯入檔案…[39m[0m
[  87% ] [90m[1mreimport[22m | 正在準備重新匯入檔案…[39m[0m
[  87% ] [90m[1mreimport[22m | 正在準備重新匯入檔案…[39m[0m
[  87% ] [90m[1mreimport[22m | 正在準備重新匯入檔案…[39m[0m
[  87% ] [90m[1mreimport[22m | 正在準備重新匯入檔案…[39m[0m
[  87% ] [90m[1mreimport[22m | 正在準備重新匯入檔案…[39m[0m
[  87% ] [90m[1mreimport[22m | 正在準備重新匯入檔案…[39m[0m
[  87% ] [90m[1mreimport[22m | 正在準備重新匯入檔案…[39m[0m
[  87% ] [90m[1mreimport[22m | 正在準備重新匯入檔案…[39m[0m
[  87% ] [90m[1mreimport[22m | 正在準備重新匯入檔案…[39m[0m
[  87% ] [90m[1mreimport[22m | 正在準備重新匯入檔案…[39m[0m
[  87% ] [90m[1mreimport[22m | 正在準備重新匯入檔案…[39m[0m
[  87% ] [90m[1mreimport[22m | 正在準備重新匯入檔案…[39m[0m
[  87% ] [90m[1mreimport[22m | 正在準備重新匯入檔案…[39m[0m
[  87% ] [90m[1mreimport[22m | 正在準備重新匯入檔案…[39m[0m
[  87% ] [90m[1mreimport[22m | 正在準備重新匯入檔案…[39m[0m
[  88% ] [90m[1mreimport[22m | 正在準備重新匯入檔案…[39m[0m
[  88% ] [90m[1mreimport[22m | 正在準備重新匯入檔案…[39m[0m
[  88% ] [90m[1mreimport[22m | 正在準備重新匯入檔案…[39m[0m
[  88% ] [90m[1mreimport[22m | 正在準備重新匯入檔案…[39m[0m
[  88% ] [90m[1mreimport[22m | 正在準備重新匯入檔案…[39m[0m
[  88% ] [90m[1mreimport[22m | 正在準備重新匯入檔案…[39m[0m
[  88% ] [90m[1mreimport[22m | 正在準備重新匯入檔案…[39m[0m
[  88% ] [90m[1mreimport[22m | 正在準備重新匯入檔案…[39m[0m
[  88% ] [90m[1mreimport[22m | 正在準備重新匯入檔案…[39m[0m
[  88% ] [90m[1mreimport[22m | 正在準備重新匯入檔案…[39m[0m
[  88% ] [90m[1mreimport[22m | 正在準備重新匯入檔案…[39m[0m
[  88% ] [90m[1mreimport[22m | 正在準備重新匯入檔案…[39m[0m
[  88% ] [90m[1mreimport[22m | 正在準備重新匯入檔案…[39m[0m
[  88% ] [90m[1mreimport[22m | 正在準備重新匯入檔案…[39m[0m
[  88% ] [90m[1mreimport[22m | 正在準備重新匯入檔案…[39m[0m
[  88% ] [90m[1mreimport[22m | 正在準備重新匯入檔案…[39m[0m
[  89% ] [90m[1mreimport[22m | 正在準備重新匯入檔案…[39m[0m
[  89% ] [90m[1mreimport[22m | 正在準備重新匯入檔案…[39m[0m
[  89% ] [90m[1mreimport[22m | 正在準備重新匯入檔案…[39m[0m
[  89% ] [90m[1mreimport[22m | 正在準備重新匯入檔案…[39m[0m
[  89% ] [90m[1mreimport[22m | 正在準備重新匯入檔案…[39m[0m
[  89% ] [90m[1mreimport[22m | 正在準備重新匯入檔案…[39m[0m
[  89% ] [90m[1mreimport[22m | 正在準備重新匯入檔案…[39m[0m
[  89% ] [90m[1mreimport[22m | 正在準備重新匯入檔案…[39m[0m
[  89% ] [90m[1mreimport[22m | 正在準備重新匯入檔案…[39m[0m
[  89% ] [90m[1mreimport[22m | 正在準備重新匯入檔案…[39m[0m
[  89% ] [90m[1mreimport[22m | 正在準備重新匯入檔案…[39m[0m
[  89% ] [90m[1mreimport[22m | 正在準備重新匯入檔案…[39m[0m
[  89% ] [90m[1mreimport[22m | 正在準備重新匯入檔案…[39m[0m
[  89% ] [90m[1mreimport[22m | 正在準備重新匯入檔案…[39m[0m
[  89% ] [90m[1mreimport[22m | 正在準備重新匯入檔案…[39m[0m
[  89% ] [90m[1mreimport[22m | 正在準備重新匯入檔案…[39m[0m
[  90% ] [90m[1mreimport[22m | 正在準備重新匯入檔案…[39m[0m
[  90% ] [90m[1mreimport[22m | 正在準備重新匯入檔案…[39m[0m
[  90% ] [90m[1mreimport[22m | 正在準備重新匯入檔案…[39m[0m
[  90% ] [90m[1mreimport[22m | 正在準備重新匯入檔案…[39m[0m
[  90% ] [90m[1mreimport[22m | 正在準備重新匯入檔案…[39m[0m
[  90% ] [90m[1mreimport[22m | 正在準備重新匯入檔案…[39m[0m
[  90% ] [90m[1mreimport[22m | 正在準備重新匯入檔案…[39m[0m
[  90% ] [90m[1mreimport[22m | 正在準備重新匯入檔案…[39m[0m
[  90% ] [90m[1mreimport[22m | 正在準備重新匯入檔案…[39m[0m
[  90% ] [90m[1mreimport[22m | 正在準備重新匯入檔案…[39m[0m
[  90% ] [90m[1mreimport[22m | 正在準備重新匯入檔案…[39m[0m
[  90% ] [90m[1mreimport[22m | 正在準備重新匯入檔案…[39m[0m
[  90% ] [90m[1mreimport[22m | 正在準備重新匯入檔案…[39m[0m
[  90% ] [90m[1mreimport[22m | 正在準備重新匯入檔案…[39m[0m
[  90% ] [90m[1mreimport[22m | 正在準備重新匯入檔案…[39m[0m
[  90% ] [90m[1mreimport[22m | 正在準備重新匯入檔案…[39m[0m
[  91% ] [90m[1mreimport[22m | 正在準備重新匯入檔案…[39m[0m
[  91% ] [90m[1mreimport[22m | 正在準備重新匯入檔案…[39m[0m
[  91% ] [90m[1mreimport[22m | 正在準備重新匯入檔案…[39m[0m
[  91% ] [90m[1mreimport[22m | 正在準備重新匯入檔案…[39m[0m
[  91% ] [90m[1mreimport[22m | 正在準備重新匯入檔案…[39m[0m
[  91% ] [90m[1mreimport[22m | 正在準備重新匯入檔案…[39m[0m
[  91% ] [90m[1mreimport[22m | 正在準備重新匯入檔案…[39m[0m
[  91% ] [90m[1mreimport[22m | 正在準備重新匯入檔案…[39m[0m
[  91% ] [90m[1mreimport[22m | 正在準備重新匯入檔案…[39m[0m
[  91% ] [90m[1mreimport[22m | 正在準備重新匯入檔案…[39m[0m
[  91% ] [90m[1mreimport[22m | 正在準備重新匯入檔案…[39m[0m
[  91% ] [90m[1mreimport[22m | 正在準備重新匯入檔案…[39m[0m
[  91% ] [90m[1mreimport[22m | 正在準備重新匯入檔案…[39m[0m
[  91% ] [90m[1mreimport[22m | 正在準備重新匯入檔案…[39m[0m
[  91% ] [90m[1mreimport[22m | 正在準備重新匯入檔案…[39m[0m
[  92% ] [90m[1mreimport[22m | 正在準備重新匯入檔案…[39m[0m
[  92% ] [90m[1mreimport[22m | 正在準備重新匯入檔案…[39m[0m
[  92% ] [90m[1mreimport[22m | 正在準備重新匯入檔案…[39m[0m
[  92% ] [90m[1mreimport[22m | 正在準備重新匯入檔案…[39m[0m
[  92% ] [90m[1mreimport[22m | 正在準備重新匯入檔案…[39m[0m
[  92% ] [90m[1mreimport[22m | 正在準備重新匯入檔案…[39m[0m
[  92% ] [90m[1mreimport[22m | 正在準備重新匯入檔案…[39m[0m
[  92% ] [90m[1mreimport[22m | 正在準備重新匯入檔案…[39m[0m
[  92% ] [90m[1mreimport[22m | 正在準備重新匯入檔案…[39m[0m
[  92% ] [90m[1mreimport[22m | 正在準備重新匯入檔案…[39m[0m
[  92% ] [90m[1mreimport[22m | 正在準備重新匯入檔案…[39m[0m
[  92% ] [90m[1mreimport[22m | 正在準備重新匯入檔案…[39m[0m
[  92% ] [90m[1mreimport[22m | 正在準備重新匯入檔案…[39m[0m
[  92% ] [90m[1mreimport[22m | 正在準備重新匯入檔案…[39m[0m
[  92% ] [90m[1mreimport[22m | 正在準備重新匯入檔案…[39m[0m
[  92% ] [90m[1mreimport[22m | 正在準備重新匯入檔案…[39m[0m
[  93% ] [90m[1mreimport[22m | 正在準備重新匯入檔案…[39m[0m
[  93% ] [90m[1mreimport[22m | 正在準備重新匯入檔案…[39m[0m
[  93% ] [90m[1mreimport[22m | 正在準備重新匯入檔案…[39m[0m
[  93% ] [90m[1mreimport[22m | 正在準備重新匯入檔案…[39m[0m
[  93% ] [90m[1mreimport[22m | 正在準備重新匯入檔案…[39m[0m
[  93% ] [90m[1mreimport[22m | 正在準備重新匯入檔案…[39m[0m
[  93% ] [90m[1mreimport[22m | 正在準備重新匯入檔案…[39m[0m
[  93% ] [90m[1mreimport[22m | 正在準備重新匯入檔案…[39m[0m
[  93% ] [90m[1mreimport[22m | 正在準備重新匯入檔案…[39m[0m
[  93% ] [90m[1mreimport[22m | 正在準備重新匯入檔案…[39m[0m
[  93% ] [90m[1mreimport[22m | 正在準備重新匯入檔案…[39m[0m
[  93% ] [90m[1mreimport[22m | 正在準備重新匯入檔案…[39m[0m
[  93% ] [90m[1mreimport[22m | 正在準備重新匯入檔案…[39m[0m
[  93% ] [90m[1mreimport[22m | 正在準備重新匯入檔案…[39m[0m
[  93% ] [90m[1mreimport[22m | 正在準備重新匯入檔案…[39m[0m
[  93% ] [90m[1mreimport[22m | 正在準備重新匯入檔案…[39m[0m
[  94% ] [90m[1mreimport[22m | 正在準備重新匯入檔案…[39m[0m
[  94% ] [90m[1mreimport[22m | 正在準備重新匯入檔案…[39m[0m
[  94% ] [90m[1mreimport[22m | 正在準備重新匯入檔案…[39m[0m
[  94% ] [90m[1mreimport[22m | 正在準備重新匯入檔案…[39m[0m
[  94% ] [90m[1mreimport[22m | 正在準備重新匯入檔案…[39m[0m
[  94% ] [90m[1mreimport[22m | 正在準備重新匯入檔案…[39m[0m
[  94% ] [90m[1mreimport[22m | 正在準備重新匯入檔案…[39m[0m
[  94% ] [90m[1mreimport[22m | 正在準備重新匯入檔案…[39m[0m
[  94% ] [90m[1mreimport[22m | 正在準備重新匯入檔案…[39m[0m
[  94% ] [90m[1mreimport[22m | 正在準備重新匯入檔案…[39m[0m
[  94% ] [90m[1mreimport[22m | 正在準備重新匯入檔案…[39m[0m
[  94% ] [90m[1mreimport[22m | 正在準備重新匯入檔案…[39m[0m
[  94% ] [90m[1mreimport[22m | 正在準備重新匯入檔案…[39m[0m
[  94% ] [90m[1mreimport[22m | 正在準備重新匯入檔案…[39m[0m
[  94% ] [90m[1mreimport[22m | 正在準備重新匯入檔案…[39m[0m
[  94% ] [90m[1mreimport[22m | 正在準備重新匯入檔案…[39m[0m
[  95% ] [90m[1mreimport[22m | 正在準備重新匯入檔案…[39m[0m
[  95% ] [90m[1mreimport[22m | 正在準備重新匯入檔案…[39m[0m
[  95% ] [90m[1mreimport[22m | 正在準備重新匯入檔案…[39m[0m
[  95% ] [90m[1mreimport[22m | 正在準備重新匯入檔案…[39m[0m
[  95% ] [90m[1mreimport[22m | 正在準備重新匯入檔案…[39m[0m
[  95% ] [90m[1mreimport[22m | 正在準備重新匯入檔案…[39m[0m
[  95% ] [90m[1mreimport[22m | 正在準備重新匯入檔案…[39m[0m
[  95% ] [90m[1mreimport[22m | 正在準備重新匯入檔案…[39m[0m
[  95% ] [90m[1mreimport[22m | 正在準備重新匯入檔案…[39m[0m
[  95% ] [90m[1mreimport[22m | 正在準備重新匯入檔案…[39m[0m
[  95% ] [90m[1mreimport[22m | 正在準備重新匯入檔案…[39m[0m
[  95% ] [90m[1mreimport[22m | 正在準備重新匯入檔案…[39m[0m
[  95% ] [90m[1mreimport[22m | 正在準備重新匯入檔案…[39m[0m
[  95% ] [90m[1mreimport[22m | 正在準備重新匯入檔案…[39m[0m
[  95% ] [90m[1mreimport[22m | 正在準備重新匯入檔案…[39m[0m
[  96% ] [90m[1mreimport[22m | 正在準備重新匯入檔案…[39m[0m
[  96% ] [90m[1mreimport[22m | 正在準備重新匯入檔案…[39m[0m
[  96% ] [90m[1mreimport[22m | 正在準備重新匯入檔案…[39m[0m
[  96% ] [90m[1mreimport[22m | 正在準備重新匯入檔案…[39m[0m
[  96% ] [90m[1mreimport[22m | 正在準備重新匯入檔案…[39m[0m
[  96% ] [90m[1mreimport[22m | 正在準備重新匯入檔案…[39m[0m
[  96% ] [90m[1mreimport[22m | 正在準備重新匯入檔案…[39m[0m
[  96% ] [90m[1mreimport[22m | 正在準備重新匯入檔案…[39m[0m
[  96% ] [90m[1mreimport[22m | 正在準備重新匯入檔案…[39m[0m
[  96% ] [90m[1mreimport[22m | 正在準備重新匯入檔案…[39m[0m
[  96% ] [90m[1mreimport[22m | 正在準備重新匯入檔案…[39m[0m
[  96% ] [90m[1mreimport[22m | 正在準備重新匯入檔案…[39m[0m
[  96% ] [90m[1mreimport[22m | 正在準備重新匯入檔案…[39m[0m
[  96% ] [90m[1mreimport[22m | 正在準備重新匯入檔案…[39m[0m
[  96% ] [90m[1mreimport[22m | 正在準備重新匯入檔案…[39m[0m
[  96% ] [90m[1mreimport[22m | 正在準備重新匯入檔案…[39m[0m
[  97% ] [90m[1mreimport[22m | 正在準備重新匯入檔案…[39m[0m
[  97% ] [90m[1mreimport[22m | 正在準備重新匯入檔案…[39m[0m
[  97% ] [90m[1mreimport[22m | 正在準備重新匯入檔案…[39m[0m
[  97% ] [90m[1mreimport[22m | 正在準備重新匯入檔案…[39m[0m
[  97% ] [90m[1mreimport[22m | 正在準備重新匯入檔案…[39m[0m
[  97% ] [90m[1mreimport[22m | 正在準備重新匯入檔案…[39m[0m
[  97% ] [90m[1mreimport[22m | 正在準備重新匯入檔案…[39m[0m
[  97% ] [90m[1mreimport[22m | 正在準備重新匯入檔案…[39m[0m
[  97% ] [90m[1mreimport[22m | 正在準備重新匯入檔案…[39m[0m
[  97% ] [90m[1mreimport[22m | 正在準備重新匯入檔案…[39m[0m
[  97% ] [90m[1mreimport[22m | 正在準備重新匯入檔案…[39m[0m
[  97% ] [90m[1mreimport[22m | 正在準備重新匯入檔案…[39m[0m
[  97% ] [90m[1mreimport[22m | 正在準備重新匯入檔案…[39m[0m
[  97% ] [90m[1mreimport[22m | 正在準備重新匯入檔案…[39m[0m
[  97% ] [90m[1mreimport[22m | 正在準備重新匯入檔案…[39m[0m
[  97% ] [90m[1mreimport[22m | 正在準備重新匯入檔案…[39m[0m
[  98% ] [90m[1mreimport[22m | 正在準備重新匯入檔案…[39m[0m
[  98% ] [90m[1mreimport[22m | 正在準備重新匯入檔案…[39m[0m
[  98% ] [90m[1mreimport[22m | 正在準備重新匯入檔案…[39m[0m
[  98% ] [90m[1mreimport[22m | 正在準備重新匯入檔案…[39m[0m
[  98% ] [90m[1mreimport[22m | 正在準備重新匯入檔案…[39m[0m
[  98% ] [90m[1mreimport[22m | 正在準備重新匯入檔案…[39m[0m
[  98% ] [90m[1mreimport[22m | 正在準備重新匯入檔案…[39m[0m
[  98% ] [90m[1mreimport[22m | 正在準備重新匯入檔案…[39m[0m
[  98% ] [90m[1mreimport[22m | 正在準備重新匯入檔案…[39m[0m
[  98% ] [90m[1mreimport[22m | 正在準備重新匯入檔案…[39m[0m
[  98% ] [90m[1mreimport[22m | 正在準備重新匯入檔案…[39m[0m
[  98% ] [90m[1mreimport[22m | 正在準備重新匯入檔案…[39m[0m
[  98% ] [90m[1mreimport[22m | 正在準備重新匯入檔案…[39m[0m
[  98% ] [90m[1mreimport[22m | 正在準備重新匯入檔案…[39m[0m
[  98% ] [90m[1mreimport[22m | 正在準備重新匯入檔案…[39m[0m
[  98% ] [90m[1mreimport[22m | 正在準備重新匯入檔案…[39m[0m
[  99% ] [90m[1mreimport[22m | 正在準備重新匯入檔案…[39m[0m
[  99% ] [90m[1mreimport[22m | 正在準備重新匯入檔案…[39m[0m
[  99% ] [90m[1mreimport[22m | 正在準備重新匯入檔案…[39m[0m
[  99% ] [90m[1mreimport[22m | 正在準備重新匯入檔案…[39m[0m
[  99% ] [90m[1mreimport[22m | 正在準備重新匯入檔案…[39m[0m
[  99% ] [90m[1mreimport[22m | 正在準備重新匯入檔案…[39m[0m
[  99% ] [90m[1mreimport[22m | 正在準備重新匯入檔案…[39m[0m
[  99% ] [90m[1mreimport[22m | 正在準備重新匯入檔案…[39m[0m
[  99% ] [90m[1mreimport[22m | 正在準備重新匯入檔案…[39m[0m
[  99% ] [90m[1mreimport[22m | 正在準備重新匯入檔案…[39m[0m
[  99% ] [90m[1mreimport[22m | 正在準備重新匯入檔案…[39m[0m
[  99% ] [90m[1mreimport[22m | 正在準備重新匯入檔案…[39m[0m
[  99% ] [90m[1mreimport[22m | 正在準備重新匯入檔案…[39m[0m
[  99% ] [90m[1mreimport[22m | 正在準備重新匯入檔案…[39m[0m
[   0% ] [90m[1mreimport[22m | 執行預先重新匯入作業…[39m[0m
[   0% ] [90m[1mreimport[22m | PixelifySans.ttf[39m[0m
[   0% ] [90m[1mreimport[22m | NotoSansTC-Regular-subset.ttf[39m[0m
[   0% ] [90m[1mreimport[22m | NotoSansSC-Regular-subset.ttf[39m[0m
[   0% ] [90m[1mreimport[22m | Inter.ttf[39m[0m
[   0% ] [90m[1mreimport[22m | PixelifySans.ttf[39m[0m
[   0% ] [90m[1mreimport[22m | NotoSansTC-Regular-subset.ttf[39m[0m
[   0% ] [90m[1mreimport[22m | NotoSansSC-Regular-subset.ttf[39m[0m
[   0% ] [90m[1mreimport[22m | Inter.ttf[39m[0m
[   0% ] [90m[1mreimport[22m | success.ogg[39m[0m
[   0% ] [90m[1mreimport[22m | spend.ogg[39m[0m
[   0% ] [90m[1mreimport[22m | phone.ogg[39m[0m
[   0% ] [90m[1mreimport[22m | page.ogg[39m[0m
[   0% ] [90m[1mreimport[22m | open.ogg[39m[0m
[   0% ] [90m[1mreimport[22m | notify.ogg[39m[0m
[   0% ] [90m[1mreimport[22m | night.ogg[39m[0m
[   0% ] [90m[1mreimport[22m | menu.ogg[39m[0m
[   1% ] [90m[1mreimport[22m | day.ogg[39m[0m
[   1% ] [90m[1mreimport[22m | cafe.ogg[39m[0m
[   1% ] [90m[1mreimport[22m | office.ogg[39m[0m
[   1% ] [90m[1mreimport[22m | cash.ogg[39m[0m
[   1% ] [90m[1mreimport[22m | click.ogg[39m[0m
[   1% ] [90m[1mreimport[22m | PixelifySans.ttf[39m[0m
[   1% ] [90m[1mreimport[22m | NotoSansTC-Regular-subset.ttf[39m[0m
[   1% ] [90m[1mreimport[22m | NotoSansSC-Regular-subset.ttf[39m[0m
[   1% ] [90m[1mreimport[22m | Inter.ttf[39m[0m
[   1% ] [90m[1mreimport[22m | success.ogg[39m[0m
[   1% ] [90m[1mreimport[22m | spend.ogg[39m[0m
[   1% ] [90m[1mreimport[22m | phone.ogg[39m[0m
[   1% ] [90m[1mreimport[22m | page.ogg[39m[0m
[   1% ] [90m[1mreimport[22m | open.ogg[39m[0m
[   1% ] [90m[1mreimport[22m | notify.ogg[39m[0m
[   1% ] [90m[1mreimport[22m | night.ogg[39m[0m
[   2% ] [90m[1mreimport[22m | menu.ogg[39m[0m
[   2% ] [90m[1mreimport[22m | day.ogg[39m[0m
[   2% ] [90m[1mreimport[22m | cafe.ogg[39m[0m
[   2% ] [90m[1mreimport[22m | office.ogg[39m[0m
[   2% ] [90m[1mreimport[22m | cash.ogg[39m[0m
[   2% ] [90m[1mreimport[22m | click.ogg[39m[0m
[   2% ] [90m[1mreimport[22m | close.ogg[39m[0m
[   2% ] [90m[1mreimport[22m | door.ogg[39m[0m
[   2% ] [90m[1mreimport[22m | error.ogg[39m[0m
[   2% ] [90m[1mreimport[22m | fanfare.ogg[39m[0m
[   2% ] [90m[1mreimport[22m | logo_city_hall.png[39m[0m
[   2% ] [90m[1mreimport[22m | logo_bytebean.png[39m[0m
[   2% ] [90m[1mreimport[22m | logo_bloom.png[39m[0m
[   2% ] [90m[1mreimport[22m | lockers.png[39m[0m
[   2% ] [90m[1mreimport[22m | loading_dock_door.png[39m[0m
[   2% ] [90m[1mreimport[22m | listing_board.png[39m[0m
[   3% ] [90m[1mreimport[22m | kitchenette.png[39m[0m
[   3% ] [90m[1mreimport[22m | kitchen.png[39m[0m
[   3% ] [90m[1mreimport[22m | key_board.png[39m[0m
[   3% ] [90m[1mreimport[22m | info_kiosk.png[39m[0m
[   3% ] [90m[1mreimport[22m | hanging_light.png[39m[0m
[   3% ] [90m[1mreimport[22m | glass_wall.png[39m[0m
[   3% ] [90m[1mreimport[22m | fridge.png[39m[0m
[   3% ] [90m[1mreimport[22m | framed_art_b.png[39m[0m
[   3% ] [90m[1mreimport[22m | framed_art.png[39m[0m
[   3% ] [90m[1mreimport[22m | forklift_parked.png[39m[0m
[   3% ] [90m[1mreimport[22m | floor_wood_warm.png[39m[0m
[   3% ] [90m[1mreimport[22m | floor_wood_dark.png[39m[0m
[   3% ] [90m[1mreimport[22m | floor_wood_cafe.png[39m[0m
[   3% ] [90m[1mreimport[22m | floor_tile_white.png[39m[0m
[   3% ] [90m[1mreimport[22m | floor_marble.png[39m[0m
[   4% ] [90m[1mreimport[22m | floor_harbor_concrete.png[39m[0m
[   4% ] [90m[1mreimport[22m | floor_concrete.png[39m[0m
[   4% ] [90m[1mreimport[22m | queue_barrier.png[39m[0m
[   4% ] [90m[1mreimport[22m | printer.png[39m[0m
[   4% ] [90m[1mreimport[22m | postpoint_counter.png[39m[0m
[   4% ] [90m[1mreimport[22m | plant_big.png[39m[0m
[   4% ] [90m[1mreimport[22m | plant_bank.png[39m[0m
[   4% ] [90m[1mreimport[22m | plant.png[39m[0m
[   4% ] [90m[1mreimport[22m | phone_booth.png[39m[0m
[   4% ] [90m[1mreimport[22m | pastry_case_small.png[39m[0m
[   4% ] [90m[1mreimport[22m | parcel_shelf.png[39m[0m
[   4% ] [90m[1mreimport[22m | pallet_rack.png[39m[0m
[   4% ] [90m[1mreimport[22m | packing_table.png[39m[0m
[   4% ] [90m[1mreimport[22m | packing_bench_large.png[39m[0m
[   4% ] [90m[1mreimport[22m | old_desk.png[39m[0m
[   4% ] [90m[1mreimport[22m | office_chair.png[39m[0m
[   5% ] [90m[1mreimport[22m | monitor_desk.png[39m[0m
[   5% ] [90m[1mreimport[22m | mirror_full.png[39m[0m
[   5% ] [90m[1mreimport[22m | menu_board_blank.png[39m[0m
[   5% ] [90m[1mreimport[22m | menu_board.png[39m[0m
[   5% ] [90m[1mreimport[22m | mannequin.png[39m[0m
[   5% ] [90m[1mreimport[22m | lounge_sofa.png[39m[0m
[   5% ] [90m[1mreimport[22m | logo_postpoint.png[39m[0m
[   5% ] [90m[1mreimport[22m | logo_nexus_bank.png[39m[0m
[   5% ] [90m[1mreimport[22m | logo_cowork.png[39m[0m
[   5% ] [90m[1mreimport[22m | brochure.png[39m[0m
[   5% ] [90m[1mreimport[22m | box.png[39m[0m
[   5% ] [90m[1mreimport[22m | bookshelf.png[39m[0m
[   5% ] [90m[1mreimport[22m | bench_civic.png[39m[0m
[   5% ] [90m[1mreimport[22m | bed_single.png[39m[0m
[   5% ] [90m[1mreimport[22m | bed.png[39m[0m
[   5% ] [90m[1mreimport[22m | bank_counter.png[39m[0m
[   6% ] [90m[1mreimport[22m | atm.png[39m[0m
[   6% ] [90m[1mreimport[22m | armchair.png[39m[0m
[   6% ] [90m[1mreimport[22m | supply_shock_plan.png[39m[0m
[   6% ] [90m[1mreimport[22m | rail_frozen.png[39m[0m
[   6% ] [90m[1mreimport[22m | payment_pending.png[39m[0m
[   6% ] [90m[1mreimport[22m | acquisition_offer.png[39m[0m
[   6% ] [90m[1mreimport[22m | water_sparkle.png[39m[0m
[   6% ] [90m[1mreimport[22m | sparkle.png[39m[0m
[   6% ] [90m[1mreimport[22m | shadow.png[39m[0m
[   6% ] [90m[1mreimport[22m | glow_wide.png[39m[0m
[   6% ] [90m[1mreimport[22m | glow_warm.png[39m[0m
[   6% ] [90m[1mreimport[22m | glow_small.png[39m[0m
[   6% ] [90m[1mreimport[22m | i_university.png[39m[0m
[   6% ] [90m[1mreimport[22m | i_startup_hub.png[39m[0m
[   6% ] [90m[1mreimport[22m | i_shopping_street.png[39m[0m
[   6% ] [90m[1mreimport[22m | i_riverside.png[39m[0m
[   7% ] [90m[1mreimport[22m | floor_checker.png[39m[0m
[   7% ] [90m[1mreimport[22m | floor_carpet_navy.png[39m[0m
[   7% ] [90m[1mreimport[22m | fitting_room.png[39m[0m
[   7% ] [90m[1mreimport[22m | filing_cabinet.png[39m[0m
[   7% ] [90m[1mreimport[22m | exec_desk.png[39m[0m
[   7% ] [90m[1mreimport[22m | espresso_machine_pro.png[39m[0m
[   7% ] [90m[1mreimport[22m | door_mat.png[39m[0m
[   7% ] [90m[1mreimport[22m | display_case.png[39m[0m
[   7% ] [90m[1mreimport[22m | desk_laptop.png[39m[0m
[   7% ] [90m[1mreimport[22m | desk.png[39m[0m
[   7% ] [90m[1mreimport[22m | cork_board.png[39m[0m
[   7% ] [90m[1mreimport[22m | community_table.png[39m[0m
[   7% ] [90m[1mreimport[22m | coffee_table.png[39m[0m
[   7% ] [90m[1mreimport[22m | clothing_rack.png[39m[0m
[   7% ] [90m[1mreimport[22m | civic_counter.png[39m[0m
[   8% ] [90m[1mreimport[22m | checkout_counter.png[39m[0m
[   8% ] [90m[1mreimport[22m | chair.png[39m[0m
[   8% ] [90m[1mreimport[22m | cafe_table_round.png[39m[0m
[   8% ] [90m[1mreimport[22m | cafe_table.png[39m[0m
[   8% ] [90m[1mreimport[22m | cafe_stool.png[39m[0m
[   8% ] [90m[1mreimport[22m | cafe_counter_small.png[39m[0m
[   8% ] [90m[1mreimport[22m | cafe_counter.png[39m[0m
[   8% ] [90m[1mreimport[22m | cafe_chair.png[39m[0m
[   8% ] [90m[1mreimport[22m | brochure_stand.png[39m[0m
[   8% ] [90m[1mreimport[22m | npc_marcus.png[39m[0m
[   8% ] [90m[1mreimport[22m | npc_lina.png[39m[0m
[   8% ] [90m[1mreimport[22m | npc_lee.png[39m[0m
[   8% ] [90m[1mreimport[22m | npc_ken.png[39m[0m
[   8% ] [90m[1mreimport[22m | npc_jun.png[39m[0m
[   8% ] [90m[1mreimport[22m | npc_ines.png[39m[0m
[   8% ] [90m[1mreimport[22m | npc_elena.png[39m[0m
[   9% ] [90m[1mreimport[22m | npc_dara.png[39m[0m
[   9% ] [90m[1mreimport[22m | npc_daniel.png[39m[0m
[   9% ] [90m[1mreimport[22m | npc_ana.png[39m[0m
[   9% ] [90m[1mreimport[22m | mouth_smile.png[39m[0m
[   9% ] [90m[1mreimport[22m | mouth_small.png[39m[0m
[   9% ] [90m[1mreimport[22m | mouth_neutral.png[39m[0m
[   9% ] [90m[1mreimport[22m | mouth_grin.png[39m[0m
[   9% ] [90m[1mreimport[22m | iris_wide.png[39m[0m
[   9% ] [90m[1mreimport[22m | iris_round.png[39m[0m
[   9% ] [90m[1mreimport[22m | iris_narrow.png[39m[0m
[   9% ] [90m[1mreimport[22m | iris_almond.png[39m[0m
[   9% ] [90m[1mreimport[22m | head_square.png[39m[0m
[   9% ] [90m[1mreimport[22m | head_round.png[39m[0m
[   9% ] [90m[1mreimport[22m | head_oval.png[39m[0m
[   9% ] [90m[1mreimport[22m | head_heart.png[39m[0m
[   9% ] [90m[1mreimport[22m | hair_side_part_front.png[39m[0m
[  10% ] [90m[1mreimport[22m | hair_side_part_back.png[39m[0m
[  10% ] [90m[1mreimport[22m | bike.png[39m[0m
[  10% ] [90m[1mreimport[22m | bench.png[39m[0m
[  10% ] [90m[1mreimport[22m | solar_lamp_photo_raw.png[39m[0m
[  10% ] [90m[1mreimport[22m | solar_lamp_photo.png[39m[0m
[  10% ] [90m[1mreimport[22m | outfit_startup_casual.png[39m[0m
[  10% ] [90m[1mreimport[22m | outfit_office_professional.png[39m[0m
[  10% ] [90m[1mreimport[22m | outfit_home.png[39m[0m
[  10% ] [90m[1mreimport[22m | outfit_courier_detail.png[39m[0m
[  10% ] [90m[1mreimport[22m | outfit_courier.png[39m[0m
[  10% ] [90m[1mreimport[22m | outfit_civic_staff_detail.png[39m[0m
[  10% ] [90m[1mreimport[22m | outfit_civic_staff.png[39m[0m
[  10% ] [90m[1mreimport[22m | outfit_casual_tee.png[39m[0m
[  10% ] [90m[1mreimport[22m | outfit_casual_jacket.png[39m[0m
[  10% ] [90m[1mreimport[22m | outfit_business_suit_detail.png[39m[0m
[  10% ] [90m[1mreimport[22m | outfit_business_suit.png[39m[0m
[  11% ] [90m[1mreimport[22m | outfit_barista_detail.png[39m[0m
[  11% ] [90m[1mreimport[22m | outfit_barista.png[39m[0m
[  11% ] [90m[1mreimport[22m | npc_tom.png[39m[0m
[  11% ] [90m[1mreimport[22m | npc_sofia.png[39m[0m
[  11% ] [90m[1mreimport[22m | npc_sam.png[39m[0m
[  11% ] [90m[1mreimport[22m | npc_rosa.png[39m[0m
[  11% ] [90m[1mreimport[22m | npc_priya.png[39m[0m
[  11% ] [90m[1mreimport[22m | npc_okafor.png[39m[0m
[  11% ] [90m[1mreimport[22m | npc_maya.png[39m[0m
[  11% ] [90m[1mreimport[22m | recycled_padding.png[39m[0m
[  11% ] [90m[1mreimport[22m | verdant_supply.png[39m[0m
[  11% ] [90m[1mreimport[22m | aurelia_makers.png[39m[0m
[  11% ] [90m[1mreimport[22m | window_wide_night.png[39m[0m
[  11% ] [90m[1mreimport[22m | window_wide_day.png[39m[0m
[  11% ] [90m[1mreimport[22m | window_night.png[39m[0m
[  12% ] [90m[1mreimport[22m | window_day.png[39m[0m
[  12% ] [90m[1mreimport[22m | whiteboard.png[39m[0m
[  12% ] [90m[1mreimport[22m | water_cooler.png[39m[0m
[  12% ] [90m[1mreimport[22m | wardrobe.png[39m[0m
[  12% ] [90m[1mreimport[22m | waiting_sofa.png[39m[0m
[  12% ] [90m[1mreimport[22m | tv.png[39m[0m
[  12% ] [90m[1mreimport[22m | ticket_machine.png[39m[0m
[  12% ] [90m[1mreimport[22m | stool.png[39m[0m
[  12% ] [90m[1mreimport[22m | sofa.png[39m[0m
[  12% ] [90m[1mreimport[22m | shoe_shelf.png[39m[0m
[  12% ] [90m[1mreimport[22m | server_rack.png[39m[0m
[  12% ] [90m[1mreimport[22m | seal.png[39m[0m
[  12% ] [90m[1mreimport[22m | sconce.png[39m[0m
[  12% ] [90m[1mreimport[22m | sales_desk.png[39m[0m
[  12% ] [90m[1mreimport[22m | rug_small.png[39m[0m
[  12% ] [90m[1mreimport[22m | rug_navy.png[39m[0m
[  13% ] [90m[1mreimport[22m | rug.png[39m[0m
[  13% ] [90m[1mreimport[22m | radiator.png[39m[0m
[  13% ] [90m[1mreimport[22m | hair_short_neat_front.png[39m[0m
[  13% ] [90m[1mreimport[22m | hair_short_neat_back.png[39m[0m
[  13% ] [90m[1mreimport[22m | hair_ponytail_front.png[39m[0m
[  13% ] [90m[1mreimport[22m | hair_ponytail_back.png[39m[0m
[  13% ] [90m[1mreimport[22m | hair_messy_front.png[39m[0m
[  13% ] [90m[1mreimport[22m | hair_messy_back.png[39m[0m
[  13% ] [90m[1mreimport[22m | hair_long_front.png[39m[0m
[  13% ] [90m[1mreimport[22m | hair_long_back.png[39m[0m
[  13% ] [90m[1mreimport[22m | hair_buzz_front.png[39m[0m
[  13% ] [90m[1mreimport[22m | hair_buzz_back.png[39m[0m
[  13% ] [90m[1mreimport[22m | hair_bun_front.png[39m[0m
[  13% ] [90m[1mreimport[22m | hair_bun_back.png[39m[0m
[  13% ] [90m[1mreimport[22m | hair_bob_front.png[39m[0m
[  13% ] [90m[1mreimport[22m | hair_bob_back.png[39m[0m
[  14% ] [90m[1mreimport[22m | eyes_wide.png[39m[0m
[  14% ] [90m[1mreimport[22m | eyes_round.png[39m[0m
[  14% ] [90m[1mreimport[22m | eyes_narrow.png[39m[0m
[  14% ] [90m[1mreimport[22m | eyes_almond.png[39m[0m
[  14% ] [90m[1mreimport[22m | brows_thick.png[39m[0m
[  14% ] [90m[1mreimport[22m | brows_straight.png[39m[0m
[  14% ] [90m[1mreimport[22m | brows_soft.png[39m[0m
[  14% ] [90m[1mreimport[22m | brows_arched.png[39m[0m
[  14% ] [90m[1mreimport[22m | acc_glasses_square.png[39m[0m
[  14% ] [90m[1mreimport[22m | acc_glasses_round.png[39m[0m
[  14% ] [90m[1mreimport[22m | route_map.png[39m[0m
[  14% ] [90m[1mreimport[22m | outfit_home_neutral_top_idle.png[39m[0m
[  14% ] [90m[1mreimport[22m | outfit_home_neutral_top_carry.png[39m[0m
[  14% ] [90m[1mreimport[22m | outfit_home_neutral_top.png[39m[0m
[  14% ] [90m[1mreimport[22m | outfit_home_neutral_shoes_sit.png[39m[0m
[  14% ] [90m[1mreimport[22m | outfit_home_neutral_shoes_phone.png[39m[0m
[  15% ] [90m[1mreimport[22m | outfit_home_neutral_shoes_interact.png[39m[0m
[  15% ] [90m[1mreimport[22m | outfit_home_neutral_shoes_idle.png[39m[0m
[  15% ] [90m[1mreimport[22m | outfit_home_neutral_shoes_carry.png[39m[0m
[  15% ] [90m[1mreimport[22m | outfit_home_neutral_shoes.png[39m[0m
[  15% ] [90m[1mreimport[22m | outfit_home_neutral_bottom_sit.png[39m[0m
[  15% ] [90m[1mreimport[22m | outfit_home_neutral_bottom_phone.png[39m[0m
[  15% ] [90m[1mreimport[22m | outfit_home_neutral_bottom_interact.png[39m[0m
[  15% ] [90m[1mreimport[22m | outfit_home_neutral_bottom_idle.png[39m[0m
[  15% ] [90m[1mreimport[22m | outfit_home_neutral_bottom_carry.png[39m[0m
[  15% ] [90m[1mreimport[22m | outfit_home_neutral_bottom.png[39m[0m
[  15% ] [90m[1mreimport[22m | outfit_home_masculine_top_sit.png[39m[0m
[  15% ] [90m[1mreimport[22m | outfit_home_masculine_top_phone.png[39m[0m
[  15% ] [90m[1mreimport[22m | outfit_home_masculine_top_interact.png[39m[0m
[  15% ] [90m[1mreimport[22m | outfit_home_masculine_top_idle.png[39m[0m
[  15% ] [90m[1mreimport[22m | outfit_home_masculine_top_carry.png[39m[0m
[  16% ] [90m[1mreimport[22m | outfit_home_masculine_top.png[39m[0m
[  16% ] [90m[1mreimport[22m | outfit_home_masculine_shoes_sit.png[39m[0m
[  16% ] [90m[1mreimport[22m | outfit_home_masculine_shoes_phone.png[39m[0m
[  16% ] [90m[1mreimport[22m | outfit_home_masculine_shoes_interact.png[39m[0m
[  16% ] [90m[1mreimport[22m | outfit_office_professional_masculine_bottom_idle.png[39m[0m
[  16% ] [90m[1mreimport[22m | outfit_office_professional_masculine_bottom_carry.png[39m[0m
[  16% ] [90m[1mreimport[22m | outfit_office_professional_masculine_bottom.png[39m[0m
[  16% ] [90m[1mreimport[22m | outfit_office_professional_feminine_top_sit.png[39m[0m
[  16% ] [90m[1mreimport[22m | outfit_office_professional_feminine_top_phone.png[39m[0m
[  16% ] [90m[1mreimport[22m | outfit_office_professional_feminine_top_interact.png[39m[0m
[  16% ] [90m[1mreimport[22m | outfit_office_professional_feminine_top_idle.png[39m[0m
[  16% ] [90m[1mreimport[22m | outfit_office_professional_feminine_top_carry.png[39m[0m
[  16% ] [90m[1mreimport[22m | outfit_office_professional_feminine_top.png[39m[0m
[  16% ] [90m[1mreimport[22m | outfit_office_professional_feminine_shoes_sit.png[39m[0m
[  16% ] [90m[1mreimport[22m | outfit_office_professional_feminine_shoes_phone.png[39m[0m
[  16% ] [90m[1mreimport[22m | outfit_office_professional_feminine_shoes_interact.png[39m[0m
[  17% ] [90m[1mreimport[22m | outfit_office_professional_feminine_shoes_idle.png[39m[0m
[  17% ] [90m[1mreimport[22m | outfit_office_professional_feminine_shoes_carry.png[39m[0m
[  17% ] [90m[1mreimport[22m | outfit_office_professional_feminine_shoes.png[39m[0m
[  17% ] [90m[1mreimport[22m | outfit_office_professional_feminine_bottom_sit.png[39m[0m
[  17% ] [90m[1mreimport[22m | outfit_office_professional_feminine_bottom_phone.png[39m[0m
[  17% ] [90m[1mreimport[22m | outfit_office_professional_feminine_bottom_interact.png[39m[0m
[  17% ] [90m[1mreimport[22m | outfit_office_professional_feminine_bottom_idle.png[39m[0m
[  17% ] [90m[1mreimport[22m | outfit_office_professional_feminine_bottom_carry.png[39m[0m
[  17% ] [90m[1mreimport[22m | outfit_office_professional_feminine_bottom.png[39m[0m
[  17% ] [90m[1mreimport[22m | outfit_home_neutral_top_sit.png[39m[0m
[  17% ] [90m[1mreimport[22m | outfit_home_neutral_top_phone.png[39m[0m
[  17% ] [90m[1mreimport[22m | outfit_home_neutral_top_interact.png[39m[0m
[  17% ] [90m[1mreimport[22m | outfit_home_feminine_bottom_carry.png[39m[0m
[  17% ] [90m[1mreimport[22m | outfit_home_feminine_bottom.png[39m[0m
[  17% ] [90m[1mreimport[22m | outfit_courier_neutral_top_sit.png[39m[0m
[  17% ] [90m[1mreimport[22m | outfit_courier_neutral_top_phone.png[39m[0m
[  18% ] [90m[1mreimport[22m | outfit_courier_neutral_top_interact.png[39m[0m
[  18% ] [90m[1mreimport[22m | outfit_courier_neutral_top_idle.png[39m[0m
[  18% ] [90m[1mreimport[22m | outfit_courier_neutral_top_detail_sit.png[39m[0m
[  18% ] [90m[1mreimport[22m | outfit_courier_neutral_top_detail_phone.png[39m[0m
[  18% ] [90m[1mreimport[22m | outfit_courier_neutral_top_detail_interact.png[39m[0m
[  18% ] [90m[1mreimport[22m | outfit_courier_neutral_top_detail_idle.png[39m[0m
[  18% ] [90m[1mreimport[22m | outfit_courier_neutral_top_detail_carry.png[39m[0m
[  18% ] [90m[1mreimport[22m | outfit_courier_neutral_top_detail.png[39m[0m
[  18% ] [90m[1mreimport[22m | outfit_courier_neutral_top_carry.png[39m[0m
[  18% ] [90m[1mreimport[22m | outfit_courier_neutral_top.png[39m[0m
[  18% ] [90m[1mreimport[22m | outfit_courier_neutral_shoes_sit.png[39m[0m
[  18% ] [90m[1mreimport[22m | outfit_courier_neutral_shoes_phone.png[39m[0m
[  18% ] [90m[1mreimport[22m | outfit_courier_neutral_shoes_interact.png[39m[0m
[  18% ] [90m[1mreimport[22m | outfit_courier_neutral_shoes_idle.png[39m[0m
[  18% ] [90m[1mreimport[22m | outfit_courier_neutral_shoes_carry.png[39m[0m
[  18% ] [90m[1mreimport[22m | outfit_courier_neutral_shoes.png[39m[0m
[  19% ] [90m[1mreimport[22m | outfit_courier_neutral_bottom_sit.png[39m[0m
[  19% ] [90m[1mreimport[22m | outfit_courier_neutral_bottom_phone.png[39m[0m
[  19% ] [90m[1mreimport[22m | outfit_courier_neutral_bottom_interact.png[39m[0m
[  19% ] [90m[1mreimport[22m | outfit_courier_neutral_bottom_idle.png[39m[0m
[  19% ] [90m[1mreimport[22m | outfit_home_masculine_shoes_idle.png[39m[0m
[  19% ] [90m[1mreimport[22m | outfit_home_masculine_shoes_carry.png[39m[0m
[  19% ] [90m[1mreimport[22m | outfit_home_masculine_shoes.png[39m[0m
[  19% ] [90m[1mreimport[22m | outfit_home_masculine_bottom_sit.png[39m[0m
[  19% ] [90m[1mreimport[22m | outfit_home_masculine_bottom_phone.png[39m[0m
[  19% ] [90m[1mreimport[22m | outfit_home_masculine_bottom_interact.png[39m[0m
[  19% ] [90m[1mreimport[22m | outfit_home_masculine_bottom_idle.png[39m[0m
[  19% ] [90m[1mreimport[22m | outfit_home_masculine_bottom_carry.png[39m[0m
[  19% ] [90m[1mreimport[22m | outfit_home_masculine_bottom.png[39m[0m
[  19% ] [90m[1mreimport[22m | outfit_home_feminine_top_sit.png[39m[0m
[  19% ] [90m[1mreimport[22m | outfit_home_feminine_top_phone.png[39m[0m
[  20% ] [90m[1mreimport[22m | outfit_home_feminine_top_interact.png[39m[0m
[  20% ] [90m[1mreimport[22m | outfit_home_feminine_top_idle.png[39m[0m
[  20% ] [90m[1mreimport[22m | outfit_home_feminine_top_carry.png[39m[0m
[  20% ] [90m[1mreimport[22m | outfit_home_feminine_top.png[39m[0m
[  20% ] [90m[1mreimport[22m | outfit_home_feminine_shoes_sit.png[39m[0m
[  20% ] [90m[1mreimport[22m | outfit_home_feminine_shoes_phone.png[39m[0m
[  20% ] [90m[1mreimport[22m | outfit_home_feminine_shoes_interact.png[39m[0m
[  20% ] [90m[1mreimport[22m | outfit_home_feminine_shoes_idle.png[39m[0m
[  20% ] [90m[1mreimport[22m | outfit_home_feminine_shoes_carry.png[39m[0m
[  20% ] [90m[1mreimport[22m | outfit_home_feminine_shoes.png[39m[0m
[  20% ] [90m[1mreimport[22m | outfit_home_feminine_bottom_sit.png[39m[0m
[  20% ] [90m[1mreimport[22m | outfit_home_feminine_bottom_phone.png[39m[0m
[  20% ] [90m[1mreimport[22m | outfit_home_feminine_bottom_interact.png[39m[0m
[  20% ] [90m[1mreimport[22m | outfit_home_feminine_bottom_idle.png[39m[0m
[  20% ] [90m[1mreimport[22m | outfit_startup_casual_neutral_bottom_interact.png[39m[0m
[  20% ] [90m[1mreimport[22m | outfit_startup_casual_neutral_bottom_idle.png[39m[0m
[  21% ] [90m[1mreimport[22m | outfit_startup_casual_neutral_bottom_carry.png[39m[0m
[  21% ] [90m[1mreimport[22m | outfit_startup_casual_neutral_bottom.png[39m[0m
[  21% ] [90m[1mreimport[22m | outfit_startup_casual_masculine_top_sit.png[39m[0m
[  21% ] [90m[1mreimport[22m | outfit_startup_casual_masculine_top_phone.png[39m[0m
[  21% ] [90m[1mreimport[22m | outfit_startup_casual_masculine_top_interact.png[39m[0m
[  21% ] [90m[1mreimport[22m | outfit_startup_casual_masculine_top_idle.png[39m[0m
[  21% ] [90m[1mreimport[22m | outfit_startup_casual_masculine_top_carry.png[39m[0m
[  21% ] [90m[1mreimport[22m | outfit_startup_casual_masculine_top.png[39m[0m
[  21% ] [90m[1mreimport[22m | outfit_startup_casual_masculine_shoes_sit.png[39m[0m
[  21% ] [90m[1mreimport[22m | outfit_startup_casual_masculine_shoes_phone.png[39m[0m
[  21% ] [90m[1mreimport[22m | outfit_startup_casual_masculine_shoes_interact.png[39m[0m
[  21% ] [90m[1mreimport[22m | outfit_startup_casual_masculine_shoes_idle.png[39m[0m
[  21% ] [90m[1mreimport[22m | outfit_startup_casual_masculine_shoes_carry.png[39m[0m
[  21% ] [90m[1mreimport[22m | outfit_startup_casual_masculine_shoes.png[39m[0m
[  21% ] [90m[1mreimport[22m | outfit_startup_casual_masculine_bottom_sit.png[39m[0m
[  21% ] [90m[1mreimport[22m | outfit_startup_casual_masculine_bottom_phone.png[39m[0m
[  22% ] [90m[1mreimport[22m | outfit_startup_casual_masculine_bottom_interact.png[39m[0m
[  22% ] [90m[1mreimport[22m | outfit_startup_casual_masculine_bottom_idle.png[39m[0m
[  22% ] [90m[1mreimport[22m | outfit_startup_casual_masculine_bottom_carry.png[39m[0m
[  22% ] [90m[1mreimport[22m | outfit_startup_casual_masculine_bottom.png[39m[0m
[  22% ] [90m[1mreimport[22m | outfit_startup_casual_feminine_top_sit.png[39m[0m
[  22% ] [90m[1mreimport[22m | outfit_startup_casual_feminine_top_phone.png[39m[0m
[  22% ] [90m[1mreimport[22m | i_residential.png[39m[0m
[  22% ] [90m[1mreimport[22m | i_old_town.png[39m[0m
[  22% ] [90m[1mreimport[22m | i_metro.png[39m[0m
[  22% ] [90m[1mreimport[22m | i_luxury_heights.png[39m[0m
[  22% ] [90m[1mreimport[22m | i_industrial.png[39m[0m
[  22% ] [90m[1mreimport[22m | i_harbor.png[39m[0m
[  22% ] [90m[1mreimport[22m | i_financial.png[39m[0m
[  22% ] [90m[1mreimport[22m | i_civic_center.png[39m[0m
[  22% ] [90m[1mreimport[22m | i_airport.png[39m[0m
[  22% ] [90m[1mreimport[22m | board.png[39m[0m
[  23% ] [90m[1mreimport[22m | aurelia_map.png[39m[0m
[  23% ] [90m[1mreimport[22m | outfit_startup_casual_neutral_top_sit.png[39m[0m
[  23% ] [90m[1mreimport[22m | outfit_startup_casual_neutral_top_phone.png[39m[0m
[  23% ] [90m[1mreimport[22m | outfit_startup_casual_neutral_top_interact.png[39m[0m
[  23% ] [90m[1mreimport[22m | outfit_startup_casual_neutral_top_idle.png[39m[0m
[  23% ] [90m[1mreimport[22m | outfit_startup_casual_neutral_top_carry.png[39m[0m
[  23% ] [90m[1mreimport[22m | outfit_startup_casual_neutral_top.png[39m[0m
[  23% ] [90m[1mreimport[22m | outfit_startup_casual_neutral_shoes_sit.png[39m[0m
[  23% ] [90m[1mreimport[22m | outfit_startup_casual_neutral_shoes_phone.png[39m[0m
[  23% ] [90m[1mreimport[22m | outfit_startup_casual_neutral_shoes_interact.png[39m[0m
[  23% ] [90m[1mreimport[22m | outfit_startup_casual_neutral_shoes_idle.png[39m[0m
[  23% ] [90m[1mreimport[22m | outfit_startup_casual_neutral_shoes_carry.png[39m[0m
[  23% ] [90m[1mreimport[22m | outfit_startup_casual_neutral_shoes.png[39m[0m
[  23% ] [90m[1mreimport[22m | outfit_startup_casual_neutral_bottom_sit.png[39m[0m
[  23% ] [90m[1mreimport[22m | outfit_startup_casual_neutral_bottom_phone.png[39m[0m
[  24% ] [90m[1mreimport[22m | outfit_office_professional_neutral_shoes_idle.png[39m[0m
[  24% ] [90m[1mreimport[22m | outfit_office_professional_neutral_shoes_carry.png[39m[0m
[  24% ] [90m[1mreimport[22m | outfit_office_professional_neutral_shoes.png[39m[0m
[  24% ] [90m[1mreimport[22m | outfit_office_professional_neutral_bottom_sit.png[39m[0m
[  24% ] [90m[1mreimport[22m | outfit_office_professional_neutral_bottom_phone.png[39m[0m
[  24% ] [90m[1mreimport[22m | outfit_office_professional_neutral_bottom_interact.png[39m[0m
[  24% ] [90m[1mreimport[22m | outfit_office_professional_neutral_bottom_idle.png[39m[0m
[  24% ] [90m[1mreimport[22m | outfit_office_professional_neutral_bottom_carry.png[39m[0m
[  24% ] [90m[1mreimport[22m | outfit_office_professional_neutral_bottom.png[39m[0m
[  24% ] [90m[1mreimport[22m | outfit_office_professional_masculine_top_sit.png[39m[0m
[  24% ] [90m[1mreimport[22m | outfit_office_professional_masculine_top_phone.png[39m[0m
[  24% ] [90m[1mreimport[22m | outfit_office_professional_masculine_top_interact.png[39m[0m
[  24% ] [90m[1mreimport[22m | outfit_office_professional_masculine_top_idle.png[39m[0m
[  24% ] [90m[1mreimport[22m | outfit_office_professional_masculine_top_carry.png[39m[0m
[  24% ] [90m[1mreimport[22m | outfit_office_professional_masculine_top.png[39m[0m
[  24% ] [90m[1mreimport[22m | outfit_office_professional_masculine_shoes_sit.png[39m[0m
[  25% ] [90m[1mreimport[22m | outfit_office_professional_masculine_shoes_phone.png[39m[0m
[  25% ] [90m[1mreimport[22m | outfit_office_professional_masculine_shoes_interact.png[39m[0m
[  25% ] [90m[1mreimport[22m | outfit_office_professional_masculine_shoes_idle.png[39m[0m
[  25% ] [90m[1mreimport[22m | outfit_office_professional_masculine_shoes_carry.png[39m[0m
[  25% ] [90m[1mreimport[22m | outfit_office_professional_masculine_shoes.png[39m[0m
[  25% ] [90m[1mreimport[22m | outfit_office_professional_masculine_bottom_sit.png[39m[0m
[  25% ] [90m[1mreimport[22m | outfit_office_professional_masculine_bottom_phone.png[39m[0m
[  25% ] [90m[1mreimport[22m | outfit_office_professional_masculine_bottom_interact.png[39m[0m
[  25% ] [90m[1mreimport[22m | outfit_startup_casual_feminine_top_interact.png[39m[0m
[  25% ] [90m[1mreimport[22m | outfit_startup_casual_feminine_top_idle.png[39m[0m
[  25% ] [90m[1mreimport[22m | outfit_startup_casual_feminine_top_carry.png[39m[0m
[  25% ] [90m[1mreimport[22m | outfit_startup_casual_feminine_top.png[39m[0m
[  25% ] [90m[1mreimport[22m | outfit_startup_casual_feminine_shoes_sit.png[39m[0m
[  25% ] [90m[1mreimport[22m | outfit_startup_casual_feminine_shoes_phone.png[39m[0m
[  25% ] [90m[1mreimport[22m | outfit_startup_casual_feminine_shoes_interact.png[39m[0m
[  25% ] [90m[1mreimport[22m | outfit_startup_casual_feminine_shoes_idle.png[39m[0m
[  26% ] [90m[1mreimport[22m | outfit_startup_casual_feminine_shoes_carry.png[39m[0m
[  26% ] [90m[1mreimport[22m | outfit_startup_casual_feminine_shoes.png[39m[0m
[  26% ] [90m[1mreimport[22m | outfit_startup_casual_feminine_bottom_sit.png[39m[0m
[  26% ] [90m[1mreimport[22m | outfit_startup_casual_feminine_bottom_phone.png[39m[0m
[  26% ] [90m[1mreimport[22m | outfit_startup_casual_feminine_bottom_interact.png[39m[0m
[  26% ] [90m[1mreimport[22m | outfit_startup_casual_feminine_bottom_idle.png[39m[0m
[  26% ] [90m[1mreimport[22m | outfit_startup_casual_feminine_bottom_carry.png[39m[0m
[  26% ] [90m[1mreimport[22m | outfit_startup_casual_feminine_bottom.png[39m[0m
[  26% ] [90m[1mreimport[22m | outfit_office_professional_neutral_top_sit.png[39m[0m
[  26% ] [90m[1mreimport[22m | outfit_office_professional_neutral_top_phone.png[39m[0m
[  26% ] [90m[1mreimport[22m | outfit_office_professional_neutral_top_interact.png[39m[0m
[  26% ] [90m[1mreimport[22m | outfit_office_professional_neutral_top_idle.png[39m[0m
[  26% ] [90m[1mreimport[22m | outfit_office_professional_neutral_top_carry.png[39m[0m
[  26% ] [90m[1mreimport[22m | outfit_office_professional_neutral_top.png[39m[0m
[  26% ] [90m[1mreimport[22m | outfit_office_professional_neutral_shoes_sit.png[39m[0m
[  26% ] [90m[1mreimport[22m | outfit_office_professional_neutral_shoes_phone.png[39m[0m
[  27% ] [90m[1mreimport[22m | outfit_office_professional_neutral_shoes_interact.png[39m[0m
[  27% ] [90m[1mreimport[22m | exec_desk.png[39m[0m
[  27% ] [90m[1mreimport[22m | espresso_machine_pro.png[39m[0m
[  27% ] [90m[1mreimport[22m | display_case.png[39m[0m
[  27% ] [90m[1mreimport[22m | desk_laptop.png[39m[0m
[  27% ] [90m[1mreimport[22m | desk.png[39m[0m
[  27% ] [90m[1mreimport[22m | community_table.png[39m[0m
[  27% ] [90m[1mreimport[22m | coffee_table.png[39m[0m
[  27% ] [90m[1mreimport[22m | civic_counter.png[39m[0m
[  27% ] [90m[1mreimport[22m | chair.png[39m[0m
[  27% ] [90m[1mreimport[22m | cafe_table_round.png[39m[0m
[  27% ] [90m[1mreimport[22m | cafe_table.png[39m[0m
[  27% ] [90m[1mreimport[22m | cafe_stool.png[39m[0m
[  27% ] [90m[1mreimport[22m | cafe_counter_small.png[39m[0m
[  27% ] [90m[1mreimport[22m | cafe_counter.png[39m[0m
[  28% ] [90m[1mreimport[22m | cafe_chair.png[39m[0m
[  28% ] [90m[1mreimport[22m | brochure_stand.png[39m[0m
[  28% ] [90m[1mreimport[22m | brochure.png[39m[0m
[  28% ] [90m[1mreimport[22m | bookshelf.png[39m[0m
[  28% ] [90m[1mreimport[22m | bench_civic.png[39m[0m
[  28% ] [90m[1mreimport[22m | bed_single.png[39m[0m
[  28% ] [90m[1mreimport[22m | bed.png[39m[0m
[  28% ] [90m[1mreimport[22m | bank_counter.png[39m[0m
[  28% ] [90m[1mreimport[22m | atm.png[39m[0m
[  28% ] [90m[1mreimport[22m | supply_shock_plan.png[39m[0m
[  28% ] [90m[1mreimport[22m | office_chair.png[39m[0m
[  28% ] [90m[1mreimport[22m | monitor_desk.png[39m[0m
[  28% ] [90m[1mreimport[22m | menu_board_blank.png[39m[0m
[  28% ] [90m[1mreimport[22m | menu_board.png[39m[0m
[  28% ] [90m[1mreimport[22m | lounge_sofa.png[39m[0m
[  28% ] [90m[1mreimport[22m | loading_dock_door.png[39m[0m
[  29% ] [90m[1mreimport[22m | listing_board.png[39m[0m
[  29% ] [90m[1mreimport[22m | kitchenette.png[39m[0m
[  29% ] [90m[1mreimport[22m | kitchen.png[39m[0m
[  29% ] [90m[1mreimport[22m | key_board.png[39m[0m
[  29% ] [90m[1mreimport[22m | info_kiosk.png[39m[0m
[  29% ] [90m[1mreimport[22m | hanging_light.png[39m[0m
[  29% ] [90m[1mreimport[22m | glass_wall.png[39m[0m
[  29% ] [90m[1mreimport[22m | fridge.png[39m[0m
[  29% ] [90m[1mreimport[22m | forklift_parked.png[39m[0m
[  29% ] [90m[1mreimport[22m | floor_wood_warm.png[39m[0m
[  29% ] [90m[1mreimport[22m | floor_wood_dark.png[39m[0m
[  29% ] [90m[1mreimport[22m | floor_wood_cafe.png[39m[0m
[  29% ] [90m[1mreimport[22m | floor_tile_white.png[39m[0m
[  29% ] [90m[1mreimport[22m | floor_marble.png[39m[0m
[  29% ] [90m[1mreimport[22m | floor_harbor_concrete.png[39m[0m
[  29% ] [90m[1mreimport[22m | floor_concrete.png[39m[0m
[  30% ] [90m[1mreimport[22m | floor_carpet_navy.png[39m[0m
[  30% ] [90m[1mreimport[22m | filing_cabinet.png[39m[0m
[  30% ] [90m[1mreimport[22m | npc_guest_4.png[39m[0m
[  30% ] [90m[1mreimport[22m | npc_guest_3_sit.png[39m[0m
[  30% ] [90m[1mreimport[22m | npc_guest_3.png[39m[0m
[  30% ] [90m[1mreimport[22m | npc_guest_2_sit.png[39m[0m
[  30% ] [90m[1mreimport[22m | npc_guest_2.png[39m[0m
[  30% ] [90m[1mreimport[22m | npc_guest_1_sit.png[39m[0m
[  30% ] [90m[1mreimport[22m | npc_guest_1.png[39m[0m
[  30% ] [90m[1mreimport[22m | npc_guest_0_sit.png[39m[0m
[  30% ] [90m[1mreimport[22m | npc_guest_0.png[39m[0m
[  30% ] [90m[1mreimport[22m | npc_elena_sit.png[39m[0m
[  30% ] [90m[1mreimport[22m | npc_elena.png[39m[0m
[  30% ] [90m[1mreimport[22m | npc_dara.png[39m[0m
[  30% ] [90m[1mreimport[22m | npc_daniel_sit.png[39m[0m
[  30% ] [90m[1mreimport[22m | npc_daniel.png[39m[0m
[  31% ] [90m[1mreimport[22m | npc_ana.png[39m[0m
[  31% ] [90m[1mreimport[22m | pier7_warehouse.png[39m[0m
[  31% ] [90m[1mreimport[22m | old_town_studio.png[39m[0m
[  31% ] [90m[1mreimport[22m | old_town.png[39m[0m
[  31% ] [90m[1mreimport[22m | okafor_lettings.png[39m[0m
[  31% ] [90m[1mreimport[22m | harbor.png[39m[0m
[  31% ] [90m[1mreimport[22m | dockside_motors.png[39m[0m
[  31% ] [90m[1mreimport[22m | corner_cafe_unit.png[39m[0m
[  31% ] [90m[1mreimport[22m | warehouse_shed_lights.png[39m[0m
[  31% ] [90m[1mreimport[22m | warehouse_shed.png[39m[0m
[  31% ] [90m[1mreimport[22m | rail_frozen.png[39m[0m
[  31% ] [90m[1mreimport[22m | payment_pending.png[39m[0m
[  31% ] [90m[1mreimport[22m | acquisition_offer.png[39m[0m
[  31% ] [90m[1mreimport[22m | player_default.png[39m[0m
[  31% ] [90m[1mreimport[22m | npc_tom.png[39m[0m
[  32% ] [90m[1mreimport[22m | npc_sofia.png[39m[0m
[  32% ] [90m[1mreimport[22m | npc_sam.png[39m[0m
[  32% ] [90m[1mreimport[22m | npc_rosa.png[39m[0m
[  32% ] [90m[1mreimport[22m | npc_priya.png[39m[0m
[  32% ] [90m[1mreimport[22m | npc_okafor_sit.png[39m[0m
[  32% ] [90m[1mreimport[22m | npc_okafor.png[39m[0m
[  32% ] [90m[1mreimport[22m | npc_maya_sit.png[39m[0m
[  32% ] [90m[1mreimport[22m | npc_maya.png[39m[0m
[  32% ] [90m[1mreimport[22m | npc_marcus_sit.png[39m[0m
[  32% ] [90m[1mreimport[22m | npc_marcus.png[39m[0m
[  32% ] [90m[1mreimport[22m | npc_lina_sit.png[39m[0m
[  32% ] [90m[1mreimport[22m | npc_lina.png[39m[0m
[  32% ] [90m[1mreimport[22m | npc_lee.png[39m[0m
[  32% ] [90m[1mreimport[22m | npc_ken_sit.png[39m[0m
[  32% ] [90m[1mreimport[22m | npc_ken.png[39m[0m
[  32% ] [90m[1mreimport[22m | npc_jun.png[39m[0m
[  33% ] [90m[1mreimport[22m | npc_ines.png[39m[0m
[  33% ] [90m[1mreimport[22m | npc_guest_5_sit.png[39m[0m
[  33% ] [90m[1mreimport[22m | npc_guest_5.png[39m[0m
[  33% ] [90m[1mreimport[22m | npc_guest_4_sit.png[39m[0m
[  33% ] [90m[1mreimport[22m | rope_coil.png[39m[0m
[  33% ] [90m[1mreimport[22m | product_solar_lamp.png[39m[0m
[  33% ] [90m[1mreimport[22m | port_cranes_far.png[39m[0m
[  33% ] [90m[1mreimport[22m | pallet_stack.png[39m[0m
[  33% ] [90m[1mreimport[22m | old_lamp_lights.png[39m[0m
[  33% ] [90m[1mreimport[22m | old_lamp.png[39m[0m
[  33% ] [90m[1mreimport[22m | mural_wall.png[39m[0m
[  33% ] [90m[1mreimport[22m | mooring_bollard.png[39m[0m
[  33% ] [90m[1mreimport[22m | life_ring.png[39m[0m
[  33% ] [90m[1mreimport[22m | ivy_trellis.png[39m[0m
[  33% ] [90m[1mreimport[22m | harbor_lamp_lights.png[39m[0m
[  33% ] [90m[1mreimport[22m | harbor_lamp.png[39m[0m
[  34% ] [90m[1mreimport[22m | forklift.png[39m[0m
[  34% ] [90m[1mreimport[22m | ev_charger.png[39m[0m
[  34% ] [90m[1mreimport[22m | crate.png[39m[0m
[  34% ] [90m[1mreimport[22m | crane_gantry.png[39m[0m
[  34% ] [90m[1mreimport[22m | container_red.png[39m[0m
[  34% ] [90m[1mreimport[22m | container_green.png[39m[0m
[  34% ] [90m[1mreimport[22m | container_blue.png[39m[0m
[  34% ] [90m[1mreimport[22m | cafe_chairs_bistro.png[39m[0m
[  34% ] [90m[1mreimport[22m | bookstall.png[39m[0m
[  34% ] [90m[1mreimport[22m | solar_lamp_photo_raw.png[39m[0m
[  34% ] [90m[1mreimport[22m | solar_lamp_photo.png[39m[0m
[  34% ] [90m[1mreimport[22m | player_default.png[39m[0m
[  34% ] [90m[1mreimport[22m | world_map.png[39m[0m
[  34% ] [90m[1mreimport[22m | r_zenkai.png[39m[0m
[  34% ] [90m[1mreimport[22m | r_solterra.png[39m[0m
[  34% ] [90m[1mreimport[22m | r_northridge.png[39m[0m
[  35% ] [90m[1mreimport[22m | r_lumina.png[39m[0m
[  35% ] [90m[1mreimport[22m | r_karu.png[39m[0m
[  35% ] [90m[1mreimport[22m | r_auroria.png[39m[0m
[  35% ] [90m[1mreimport[22m | r_aurelia.png[39m[0m
[  35% ] [90m[1mreimport[22m | r_almeria.png[39m[0m
[  35% ] [90m[1mreimport[22m | board.png[39m[0m
[  35% ] [90m[1mreimport[22m | van_player_side_detail.png[39m[0m
[  35% ] [90m[1mreimport[22m | van_player_side_body.png[39m[0m
[  35% ] [90m[1mreimport[22m | van_player_front_detail.png[39m[0m
[  35% ] [90m[1mreimport[22m | van_player_front_body.png[39m[0m
[  35% ] [90m[1mreimport[22m | van_player_back_detail.png[39m[0m
[  35% ] [90m[1mreimport[22m | van_player_back_body.png[39m[0m
[  35% ] [90m[1mreimport[22m | water_harbor.png[39m[0m
[  35% ] [90m[1mreimport[22m | quay_edge.png[39m[0m
[  35% ] [90m[1mreimport[22m | quay_concrete.png[39m[0m
[  36% ] [90m[1mreimport[22m | cobble_b.png[39m[0m
[  36% ] [90m[1mreimport[22m | cobble_a.png[39m[0m
[  36% ] [90m[1mreimport[22m | atlas.png[39m[0m
[  36% ] [90m[1mreimport[22m | solar_roof_small.png[39m[0m
[  36% ] [90m[1mreimport[22m | solar_roof_large.png[39m[0m
[  36% ] [90m[1mreimport[22m | wardrobe.png[39m[0m
[  36% ] [90m[1mreimport[22m | wall_plaster.png[39m[0m
[  36% ] [90m[1mreimport[22m | waiting_sofa.png[39m[0m
[  36% ] [90m[1mreimport[22m | tv.png[39m[0m
[  36% ] [90m[1mreimport[22m | ticket_machine.png[39m[0m
[  36% ] [90m[1mreimport[22m | sofa.png[39m[0m
[  36% ] [90m[1mreimport[22m | sconce.png[39m[0m
[  36% ] [90m[1mreimport[22m | sales_desk.png[39m[0m
[  36% ] [90m[1mreimport[22m | rug_small.png[39m[0m
[  36% ] [90m[1mreimport[22m | rug_navy.png[39m[0m
[  36% ] [90m[1mreimport[22m | rug.png[39m[0m
[  37% ] [90m[1mreimport[22m | radiator.png[39m[0m
[  37% ] [90m[1mreimport[22m | printer.png[39m[0m
[  37% ] [90m[1mreimport[22m | postpoint_counter.png[39m[0m
[  37% ] [90m[1mreimport[22m | plant_big.png[39m[0m
[  37% ] [90m[1mreimport[22m | plant_bank.png[39m[0m
[  37% ] [90m[1mreimport[22m | plant.png[39m[0m
[  37% ] [90m[1mreimport[22m | phone_booth.png[39m[0m
[  37% ] [90m[1mreimport[22m | pastry_case_small.png[39m[0m
[  37% ] [90m[1mreimport[22m | parcel_shelf.png[39m[0m
[  37% ] [90m[1mreimport[22m | pallet_rack.png[39m[0m
[  37% ] [90m[1mreimport[22m | packing_table.png[39m[0m
[  37% ] [90m[1mreimport[22m | packing_bench_large.png[39m[0m
[  37% ] [90m[1mreimport[22m | old_desk.png[39m[0m
[  37% ] [90m[1mreimport[22m | npc_tom.png[39m[0m
[  37% ] [90m[1mreimport[22m | npc_sofia.png[39m[0m
[  37% ] [90m[1mreimport[22m | npc_sam.png[39m[0m
[  38% ] [90m[1mreimport[22m | npc_rosa.png[39m[0m
[  38% ] [90m[1mreimport[22m | npc_priya.png[39m[0m
[  38% ] [90m[1mreimport[22m | npc_okafor.png[39m[0m
[  38% ] [90m[1mreimport[22m | npc_maya.png[39m[0m
[  38% ] [90m[1mreimport[22m | npc_marcus.png[39m[0m
[  38% ] [90m[1mreimport[22m | npc_lina.png[39m[0m
[  38% ] [90m[1mreimport[22m | npc_lee.png[39m[0m
[  38% ] [90m[1mreimport[22m | npc_ken.png[39m[0m
[  38% ] [90m[1mreimport[22m | npc_jun.png[39m[0m
[  38% ] [90m[1mreimport[22m | npc_ines.png[39m[0m
[  38% ] [90m[1mreimport[22m | npc_elena.png[39m[0m
[  38% ] [90m[1mreimport[22m | npc_dara.png[39m[0m
[  38% ] [90m[1mreimport[22m | npc_daniel.png[39m[0m
[  38% ] [90m[1mreimport[22m | npc_ana.png[39m[0m
[  38% ] [90m[1mreimport[22m | route_map.png[39m[0m
[  38% ] [90m[1mreimport[22m | recycled_padding.png[39m[0m
[  39% ] [90m[1mreimport[22m | verdant_supply.png[39m[0m
[  39% ] [90m[1mreimport[22m | aurelia_makers.png[39m[0m
[  39% ] [90m[1mreimport[22m | window_night.png[39m[0m
[  39% ] [90m[1mreimport[22m | window_day.png[39m[0m
[  39% ] [90m[1mreimport[22m | whiteboard.png[39m[0m
[  39% ] [90m[1mreimport[22m | water_cooler.png[39m[0m
[  39% ] [90m[1mreimport[22m | cash.png[39m[0m
[  39% ] [90m[1mreimport[22m | calendar.png[39m[0m
[  39% ] [90m[1mreimport[22m | bank.png[39m[0m
[  39% ] [90m[1mreimport[22m | arrow_right.png[39m[0m
[  39% ] [90m[1mreimport[22m | water_harbor.png[39m[0m
[  39% ] [90m[1mreimport[22m | quay_edge.png[39m[0m
[  39% ] [90m[1mreimport[22m | quay_concrete.png[39m[0m
[  39% ] [90m[1mreimport[22m | cobble_b.png[39m[0m
[  39% ] [90m[1mreimport[22m | cobble_a.png[39m[0m
[  40% ] [90m[1mreimport[22m | atlas.png[39m[0m
[  40% ] [90m[1mreimport[22m | umbrella_table_blue.png[39m[0m
[  40% ] [90m[1mreimport[22m | umbrella_table.png[39m[0m
[  40% ] [90m[1mreimport[22m | tree_tall.png[39m[0m
[  40% ] [90m[1mreimport[22m | tree_round_b.png[39m[0m
[  40% ] [90m[1mreimport[22m | tree_round.png[39m[0m
[  40% ] [90m[1mreimport[22m | trash_bin.png[39m[0m
[  40% ] [90m[1mreimport[22m | string_lights_lights.png[39m[0m
[  40% ] [90m[1mreimport[22m | string_lights.png[39m[0m
[  40% ] [90m[1mreimport[22m | solar_roof_small.png[39m[0m
[  40% ] [90m[1mreimport[22m | solar_roof_large.png[39m[0m
[  40% ] [90m[1mreimport[22m | rope_coil.png[39m[0m
[  40% ] [90m[1mreimport[22m | railing.png[39m[0m
[  40% ] [90m[1mreimport[22m | product_water_bottle.png[39m[0m
[  40% ] [90m[1mreimport[22m | product_solar_lamp.png[39m[0m
[  40% ] [90m[1mreimport[22m | people.png[39m[0m
[  41% ] [90m[1mreimport[22m | parcel.png[39m[0m
[  41% ] [90m[1mreimport[22m | orders.png[39m[0m
[  41% ] [90m[1mreimport[22m | objective.png[39m[0m
[  41% ] [90m[1mreimport[22m | moon.png[39m[0m
[  41% ] [90m[1mreimport[22m | minus.png[39m[0m
[  41% ] [90m[1mreimport[22m | metro.png[39m[0m
[  41% ] [90m[1mreimport[22m | map.png[39m[0m
[  41% ] [90m[1mreimport[22m | mail.png[39m[0m
[  41% ] [90m[1mreimport[22m | lock.png[39m[0m
[  41% ] [90m[1mreimport[22m | laptop.png[39m[0m
[  41% ] [90m[1mreimport[22m | inventory.png[39m[0m
[  41% ] [90m[1mreimport[22m | info.png[39m[0m
[  41% ] [90m[1mreimport[22m | home.png[39m[0m
[  41% ] [90m[1mreimport[22m | financial.png[39m[0m
[  41% ] [90m[1mreimport[22m | finance.png[39m[0m
[  41% ] [90m[1mreimport[22m | dollar.png[39m[0m
[  42% ] [90m[1mreimport[22m | contracts.png[39m[0m
[  42% ] [90m[1mreimport[22m | company.png[39m[0m
[  42% ] [90m[1mreimport[22m | coffee.png[39m[0m
[  42% ] [90m[1mreimport[22m | close.png[39m[0m
[  42% ] [90m[1mreimport[22m | clock.png[39m[0m
[  42% ] [90m[1mreimport[22m | civic.png[39m[0m
[  42% ] [90m[1mreimport[22m | check.png[39m[0m
[  42% ] [90m[1mreimport[22m | hedge.png[39m[0m
[  42% ] [90m[1mreimport[22m | harbor_lamp_lights.png[39m[0m
[  42% ] [90m[1mreimport[22m | harbor_lamp.png[39m[0m
[  42% ] [90m[1mreimport[22m | fountain.png[39m[0m
[  42% ] [90m[1mreimport[22m | forklift.png[39m[0m
[  42% ] [90m[1mreimport[22m | flower_bed.png[39m[0m
[  42% ] [90m[1mreimport[22m | flagpole.png[39m[0m
[  42% ] [90m[1mreimport[22m | ev_charger.png[39m[0m
[  42% ] [90m[1mreimport[22m | direction_sign.png[39m[0m
[  43% ] [90m[1mreimport[22m | digital_sign.png[39m[0m
[  43% ] [90m[1mreimport[22m | crate.png[39m[0m
[  43% ] [90m[1mreimport[22m | crane_gantry.png[39m[0m
[  43% ] [90m[1mreimport[22m | container_red.png[39m[0m
[  43% ] [90m[1mreimport[22m | container_green.png[39m[0m
[  43% ] [90m[1mreimport[22m | container_blue.png[39m[0m
[  43% ] [90m[1mreimport[22m | cone.png[39m[0m
[  43% ] [90m[1mreimport[22m | cafe_chairs_bistro.png[39m[0m
[  43% ] [90m[1mreimport[22m | cafe_board.png[39m[0m
[  43% ] [90m[1mreimport[22m | bus_stop.png[39m[0m
[  43% ] [90m[1mreimport[22m | business_board.png[39m[0m
[  43% ] [90m[1mreimport[22m | bookstall.png[39m[0m
[  43% ] [90m[1mreimport[22m | bollard.png[39m[0m
[  43% ] [90m[1mreimport[22m | billboard.png[39m[0m
[  43% ] [90m[1mreimport[22m | bike_rack.png[39m[0m
[  44% ] [90m[1mreimport[22m | product_phone_stand.png[39m[0m
[  44% ] [90m[1mreimport[22m | product_parcel.png[39m[0m
[  44% ] [90m[1mreimport[22m | product_earbuds.png[39m[0m
[  44% ] [90m[1mreimport[22m | product_desk_lamp.png[39m[0m
[  44% ] [90m[1mreimport[22m | product_coffee.png[39m[0m
[  44% ] [90m[1mreimport[22m | port_cranes_far.png[39m[0m
[  44% ] [90m[1mreimport[22m | planter_small.png[39m[0m
[  44% ] [90m[1mreimport[22m | planter_long.png[39m[0m
[  44% ] [90m[1mreimport[22m | planter.png[39m[0m
[  44% ] [90m[1mreimport[22m | parking_meter.png[39m[0m
[  44% ] [90m[1mreimport[22m | pallet_stack.png[39m[0m
[  44% ] [90m[1mreimport[22m | old_lamp_lights.png[39m[0m
[  44% ] [90m[1mreimport[22m | old_lamp.png[39m[0m
[  44% ] [90m[1mreimport[22m | mural_wall.png[39m[0m
[  44% ] [90m[1mreimport[22m | mooring_bollard.png[39m[0m
[  44% ] [90m[1mreimport[22m | metro_sign.png[39m[0m
[  45% ] [90m[1mreimport[22m | market_stall_sage.png[39m[0m
[  45% ] [90m[1mreimport[22m | market_stall_rose.png[39m[0m
[  45% ] [90m[1mreimport[22m | market_stall_cream.png[39m[0m
[  45% ] [90m[1mreimport[22m | life_ring.png[39m[0m
[  45% ] [90m[1mreimport[22m | lamp_banner.png[39m[0m
[  45% ] [90m[1mreimport[22m | lamp.png[39m[0m
[  45% ] [90m[1mreimport[22m | kiosk_flower.png[39m[0m
[  45% ] [90m[1mreimport[22m | ivy_trellis.png[39m[0m
[  45% ] [90m[1mreimport[22m | hydrant.png[39m[0m
[  45% ] [90m[1mreimport[22m | skyline_harbor_day.png[39m[0m
[  45% ] [90m[1mreimport[22m | chapter_12.png[39m[0m
[  45% ] [90m[1mreimport[22m | chapter_11.png[39m[0m
[  45% ] [90m[1mreimport[22m | chapter_10.png[39m[0m
[  45% ] [90m[1mreimport[22m | chapter_9.png[39m[0m
[  45% ] [90m[1mreimport[22m | chapter_8.png[39m[0m
[  45% ] [90m[1mreimport[22m | chapter_7.png[39m[0m
[  46% ] [90m[1mreimport[22m | van_side_detail.png[39m[0m
[  46% ] [90m[1mreimport[22m | van_side_body.png[39m[0m
[  46% ] [90m[1mreimport[22m | van_player_side_detail.png[39m[0m
[  46% ] [90m[1mreimport[22m | van_player_side_body.png[39m[0m
[  46% ] [90m[1mreimport[22m | van_player_front_detail.png[39m[0m
[  46% ] [90m[1mreimport[22m | van_player_front_body.png[39m[0m
[  46% ] [90m[1mreimport[22m | van_player_back_detail.png[39m[0m
[  46% ] [90m[1mreimport[22m | van_player_back_body.png[39m[0m
[  46% ] [90m[1mreimport[22m | taxi_side_detail.png[39m[0m
[  46% ] [90m[1mreimport[22m | taxi_side_body.png[39m[0m
[  46% ] [90m[1mreimport[22m | sedan_side_detail.png[39m[0m
[  46% ] [90m[1mreimport[22m | sedan_side_body.png[39m[0m
[  46% ] [90m[1mreimport[22m | sedan_front_detail.png[39m[0m
[  46% ] [90m[1mreimport[22m | sedan_front_body.png[39m[0m
[  46% ] [90m[1mreimport[22m | sedan_back_detail.png[39m[0m
[  46% ] [90m[1mreimport[22m | sedan_back_body.png[39m[0m
[  47% ] [90m[1mreimport[22m | metro_train.png[39m[0m
[  47% ] [90m[1mreimport[22m | rowhouse_brick_lights.png[39m[0m
[  47% ] [90m[1mreimport[22m | rowhouse_brick.png[39m[0m
[  47% ] [90m[1mreimport[22m | pier7_warehouse_lights.png[39m[0m
[  47% ] [90m[1mreimport[22m | pier7_warehouse.png[39m[0m
[  47% ] [90m[1mreimport[22m | old_town_studio_lights.png[39m[0m
[  47% ] [90m[1mreimport[22m | old_town_studio.png[39m[0m
[  47% ] [90m[1mreimport[22m | okafor_lettings_lights.png[39m[0m
[  47% ] [90m[1mreimport[22m | okafor_lettings.png[39m[0m
[  47% ] [90m[1mreimport[22m | harbor_point_fitness_lights.png[39m[0m
[  47% ] [90m[1mreimport[22m | harbor_point_fitness.png[39m[0m
[  47% ] [90m[1mreimport[22m | dockside_motors_lights.png[39m[0m
[  47% ] [90m[1mreimport[22m | dockside_motors.png[39m[0m
[  47% ] [90m[1mreimport[22m | customs_house_lights.png[39m[0m
[  47% ] [90m[1mreimport[22m | customs_house.png[39m[0m
[  48% ] [90m[1mreimport[22m | corner_cafe_unit_lights.png[39m[0m
[  48% ] [90m[1mreimport[22m | corner_cafe_unit.png[39m[0m
[  48% ] [90m[1mreimport[22m | container_stack_lights.png[39m[0m
[  48% ] [90m[1mreimport[22m | container_stack.png[39m[0m
[  48% ] [90m[1mreimport[22m | cold_store_lights.png[39m[0m
[  48% ] [90m[1mreimport[22m | cold_store.png[39m[0m
[  48% ] [90m[1mreimport[22m | clock_tower_lights.png[39m[0m
[  48% ] [90m[1mreimport[22m | clock_tower.png[39m[0m
[  48% ] [90m[1mreimport[22m | arcade_arches_lights.png[39m[0m
[  48% ] [90m[1mreimport[22m | arcade_arches.png[39m[0m
[  48% ] [90m[1mreimport[22m | skyline_harbor_night.png[39m[0m
[  48% ] [90m[1mreimport[22m | button_hover.png[39m[0m
[  48% ] [90m[1mreimport[22m | button_disabled.png[39m[0m
[  48% ] [90m[1mreimport[22m | button_danger.png[39m[0m
[  48% ] [90m[1mreimport[22m | button.png[39m[0m
[  48% ] [90m[1mreimport[22m | bar_fill_green.png[39m[0m
[  49% ] [90m[1mreimport[22m | bar_fill.png[39m[0m
[  49% ] [90m[1mreimport[22m | bar_bg.png[39m[0m
[  49% ] [90m[1mreimport[22m | app_icon_1024.png[39m[0m
[  49% ] [90m[1mreimport[22m | app_icon.png[39m[0m
[  49% ] [90m[1mreimport[22m | world.png[39m[0m
[  49% ] [90m[1mreimport[22m | warning.png[39m[0m
[  49% ] [90m[1mreimport[22m | walk.png[39m[0m
[  49% ] [90m[1mreimport[22m | tasks.png[39m[0m
[  49% ] [90m[1mreimport[22m | sun.png[39m[0m
[  49% ] [90m[1mreimport[22m | startup.png[39m[0m
[  49% ] [90m[1mreimport[22m | star.png[39m[0m
[  49% ] [90m[1mreimport[22m | sleep.png[39m[0m
[  49% ] [90m[1mreimport[22m | shop.png[39m[0m
[  49% ] [90m[1mreimport[22m | shirt.png[39m[0m
[  49% ] [90m[1mreimport[22m | settings.png[39m[0m
[  49% ] [90m[1mreimport[22m | save.png[39m[0m
[  50% ] [90m[1mreimport[22m | river.png[39m[0m
[  50% ] [90m[1mreimport[22m | plus.png[39m[0m
[  50% ] [90m[1mreimport[22m | phone.png[39m[0m
[  50% ] [90m[1mreimport[22m | compact_side_detail.png[39m[0m
[  50% ] [90m[1mreimport[22m | compact_side_body.png[39m[0m
[  50% ] [90m[1mreimport[22m | compact_front_detail.png[39m[0m
[  50% ] [90m[1mreimport[22m | compact_front_body.png[39m[0m
[  50% ] [90m[1mreimport[22m | compact_back_detail.png[39m[0m
[  50% ] [90m[1mreimport[22m | compact_back_body.png[39m[0m
[  50% ] [90m[1mreimport[22m | bus_side_detail.png[39m[0m
[  50% ] [90m[1mreimport[22m | bus_side_body.png[39m[0m
[  50% ] [90m[1mreimport[22m | tooltip.png[39m[0m
[  50% ] [90m[1mreimport[22m | tab_active.png[39m[0m
[  50% ] [90m[1mreimport[22m | tab.png[39m[0m
[  50% ] [90m[1mreimport[22m | prompt_key.png[39m[0m
[  50% ] [90m[1mreimport[22m | portrait_frame.png[39m[0m
[  51% ] [90m[1mreimport[22m | phone_frame.png[39m[0m
[  51% ] [90m[1mreimport[22m | panel_glass.png[39m[0m
[  51% ] [90m[1mreimport[22m | panel.png[39m[0m
[  51% ] [90m[1mreimport[22m | inset.png[39m[0m
[  51% ] [90m[1mreimport[22m | icons_atlas.png[39m[0m
[  51% ] [90m[1mreimport[22m | header.png[39m[0m
[  51% ] [90m[1mreimport[22m | field.png[39m[0m
[  51% ] [90m[1mreimport[22m | card_gold.png[39m[0m
[  51% ] [90m[1mreimport[22m | card.png[39m[0m
[  51% ] [90m[1mreimport[22m | button_primary_hover.png[39m[0m
[  51% ] [90m[1mreimport[22m | button_primary.png[39m[0m
[  51% ] [90m[1mreimport[22m | button_pressed.png[39m[0m
[  51% ] [90m[1mreimport[22m | hair_bun_back_carry.png[39m[0m
[  51% ] [90m[1mreimport[22m | hair_bun_back.png[39m[0m
[  51% ] [90m[1mreimport[22m | hair_bob_front_sit.png[39m[0m
[  52% ] [90m[1mreimport[22m | hair_bob_front_phone.png[39m[0m
[  52% ] [90m[1mreimport[22m | hair_bob_front_interact.png[39m[0m
[  52% ] [90m[1mreimport[22m | hair_bob_front_idle.png[39m[0m
[  52% ] [90m[1mreimport[22m | hair_bob_front_carry.png[39m[0m
[  52% ] [90m[1mreimport[22m | hair_bob_front.png[39m[0m
[  52% ] [90m[1mreimport[22m | hair_bob_back_sit.png[39m[0m
[  52% ] [90m[1mreimport[22m | hair_bob_back_phone.png[39m[0m
[  52% ] [90m[1mreimport[22m | hair_bob_back_interact.png[39m[0m
[  52% ] [90m[1mreimport[22m | hair_bob_back_idle.png[39m[0m
[  52% ] [90m[1mreimport[22m | hair_bob_back_carry.png[39m[0m
[  52% ] [90m[1mreimport[22m | hair_bob_back.png[39m[0m
[  52% ] [90m[1mreimport[22m | eyes_wide_sit.png[39m[0m
[  52% ] [90m[1mreimport[22m | eyes_wide_phone.png[39m[0m
[  52% ] [90m[1mreimport[22m | eyes_wide_interact.png[39m[0m
[  52% ] [90m[1mreimport[22m | eyes_wide_idle.png[39m[0m
[  52% ] [90m[1mreimport[22m | eyes_wide_carry.png[39m[0m
[  53% ] [90m[1mreimport[22m | eyes_wide.png[39m[0m
[  53% ] [90m[1mreimport[22m | eyes_round_sit.png[39m[0m
[  53% ] [90m[1mreimport[22m | eyes_round_phone.png[39m[0m
[  53% ] [90m[1mreimport[22m | eyes_round_interact.png[39m[0m
[  53% ] [90m[1mreimport[22m | eyes_round_idle.png[39m[0m
[  53% ] [90m[1mreimport[22m | hair_long_back_carry.png[39m[0m
[  53% ] [90m[1mreimport[22m | hair_long_back.png[39m[0m
[  53% ] [90m[1mreimport[22m | hair_buzz_front_sit.png[39m[0m
[  53% ] [90m[1mreimport[22m | hair_buzz_front_phone.png[39m[0m
[  53% ] [90m[1mreimport[22m | hair_buzz_front_interact.png[39m[0m
[  53% ] [90m[1mreimport[22m | hair_buzz_front_idle.png[39m[0m
[  53% ] [90m[1mreimport[22m | hair_buzz_front_carry.png[39m[0m
[  53% ] [90m[1mreimport[22m | hair_buzz_front.png[39m[0m
[  53% ] [90m[1mreimport[22m | hair_buzz_back_sit.png[39m[0m
[  53% ] [90m[1mreimport[22m | hair_buzz_back_phone.png[39m[0m
[  53% ] [90m[1mreimport[22m | hair_buzz_back_interact.png[39m[0m
[  54% ] [90m[1mreimport[22m | hair_buzz_back_idle.png[39m[0m
[  54% ] [90m[1mreimport[22m | hair_buzz_back_carry.png[39m[0m
[  54% ] [90m[1mreimport[22m | hair_buzz_back.png[39m[0m
[  54% ] [90m[1mreimport[22m | hair_bun_front_sit.png[39m[0m
[  54% ] [90m[1mreimport[22m | hair_bun_front_phone.png[39m[0m
[  54% ] [90m[1mreimport[22m | hair_bun_front_interact.png[39m[0m
[  54% ] [90m[1mreimport[22m | hair_bun_front_idle.png[39m[0m
[  54% ] [90m[1mreimport[22m | hair_bun_front_carry.png[39m[0m
[  54% ] [90m[1mreimport[22m | hair_bun_front.png[39m[0m
[  54% ] [90m[1mreimport[22m | hair_bun_back_sit.png[39m[0m
[  54% ] [90m[1mreimport[22m | hair_bun_back_phone.png[39m[0m
[  54% ] [90m[1mreimport[22m | hair_bun_back_interact.png[39m[0m
[  54% ] [90m[1mreimport[22m | hair_bun_back_idle.png[39m[0m
[  54% ] [90m[1mreimport[22m | brows_straight.png[39m[0m
[  54% ] [90m[1mreimport[22m | brows_soft_sit.png[39m[0m
[  54% ] [90m[1mreimport[22m | brows_soft_phone.png[39m[0m
[  55% ] [90m[1mreimport[22m | brows_soft_interact.png[39m[0m
[  55% ] [90m[1mreimport[22m | brows_soft_idle.png[39m[0m
[  55% ] [90m[1mreimport[22m | brows_soft_carry.png[39m[0m
[  55% ] [90m[1mreimport[22m | brows_soft.png[39m[0m
[  55% ] [90m[1mreimport[22m | brows_arched_sit.png[39m[0m
[  55% ] [90m[1mreimport[22m | brows_arched_phone.png[39m[0m
[  55% ] [90m[1mreimport[22m | brows_arched_interact.png[39m[0m
[  55% ] [90m[1mreimport[22m | brows_arched_idle.png[39m[0m
[  55% ] [90m[1mreimport[22m | brows_arched_carry.png[39m[0m
[  55% ] [90m[1mreimport[22m | brows_arched.png[39m[0m
[  55% ] [90m[1mreimport[22m | body_neutral_square_sit.png[39m[0m
[  55% ] [90m[1mreimport[22m | body_neutral_square_phone.png[39m[0m
[  55% ] [90m[1mreimport[22m | body_neutral_square_interact.png[39m[0m
[  55% ] [90m[1mreimport[22m | body_neutral_square_idle.png[39m[0m
[  55% ] [90m[1mreimport[22m | body_neutral_square_carry.png[39m[0m
[  56% ] [90m[1mreimport[22m | body_neutral_square.png[39m[0m
[  56% ] [90m[1mreimport[22m | body_neutral_round_sit.png[39m[0m
[  56% ] [90m[1mreimport[22m | body_neutral_round_phone.png[39m[0m
[  56% ] [90m[1mreimport[22m | body_neutral_round_interact.png[39m[0m
[  56% ] [90m[1mreimport[22m | body_neutral_round_idle.png[39m[0m
[  56% ] [90m[1mreimport[22m | body_neutral_round_carry.png[39m[0m
[  56% ] [90m[1mreimport[22m | eyes_round_carry.png[39m[0m
[  56% ] [90m[1mreimport[22m | eyes_round.png[39m[0m
[  56% ] [90m[1mreimport[22m | eyes_narrow_sit.png[39m[0m
[  56% ] [90m[1mreimport[22m | eyes_narrow_phone.png[39m[0m
[  56% ] [90m[1mreimport[22m | eyes_narrow_interact.png[39m[0m
[  56% ] [90m[1mreimport[22m | eyes_narrow_idle.png[39m[0m
[  56% ] [90m[1mreimport[22m | eyes_narrow_carry.png[39m[0m
[  56% ] [90m[1mreimport[22m | eyes_narrow.png[39m[0m
[  56% ] [90m[1mreimport[22m | eyes_almond_sit.png[39m[0m
[  56% ] [90m[1mreimport[22m | eyes_almond_phone.png[39m[0m
[  57% ] [90m[1mreimport[22m | eyes_almond_interact.png[39m[0m
[  57% ] [90m[1mreimport[22m | eyes_almond_idle.png[39m[0m
[  57% ] [90m[1mreimport[22m | eyes_almond_carry.png[39m[0m
[  57% ] [90m[1mreimport[22m | eyes_almond.png[39m[0m
[  57% ] [90m[1mreimport[22m | brows_thick_sit.png[39m[0m
[  57% ] [90m[1mreimport[22m | brows_thick_phone.png[39m[0m
[  57% ] [90m[1mreimport[22m | brows_thick_interact.png[39m[0m
[  57% ] [90m[1mreimport[22m | brows_thick_idle.png[39m[0m
[  57% ] [90m[1mreimport[22m | brows_thick_carry.png[39m[0m
[  57% ] [90m[1mreimport[22m | brows_thick.png[39m[0m
[  57% ] [90m[1mreimport[22m | brows_straight_sit.png[39m[0m
[  57% ] [90m[1mreimport[22m | brows_straight_phone.png[39m[0m
[  57% ] [90m[1mreimport[22m | brows_straight_interact.png[39m[0m
[  57% ] [90m[1mreimport[22m | brows_straight_idle.png[39m[0m
[  57% ] [90m[1mreimport[22m | brows_straight_carry.png[39m[0m
[  57% ] [90m[1mreimport[22m | iris_round_idle.png[39m[0m
[  58% ] [90m[1mreimport[22m | iris_round_carry.png[39m[0m
[  58% ] [90m[1mreimport[22m | iris_round.png[39m[0m
[  58% ] [90m[1mreimport[22m | iris_narrow_sit.png[39m[0m
[  58% ] [90m[1mreimport[22m | iris_narrow_phone.png[39m[0m
[  58% ] [90m[1mreimport[22m | iris_narrow_interact.png[39m[0m
[  58% ] [90m[1mreimport[22m | iris_narrow_idle.png[39m[0m
[  58% ] [90m[1mreimport[22m | iris_narrow_carry.png[39m[0m
[  58% ] [90m[1mreimport[22m | iris_narrow.png[39m[0m
[  58% ] [90m[1mreimport[22m | iris_almond_sit.png[39m[0m
[  58% ] [90m[1mreimport[22m | iris_almond_phone.png[39m[0m
[  58% ] [90m[1mreimport[22m | iris_almond_interact.png[39m[0m
[  58% ] [90m[1mreimport[22m | iris_almond_idle.png[39m[0m
[  58% ] [90m[1mreimport[22m | iris_almond_carry.png[39m[0m
[  58% ] [90m[1mreimport[22m | iris_almond.png[39m[0m
[  58% ] [90m[1mreimport[22m | hair_side_part_front_sit.png[39m[0m
[  58% ] [90m[1mreimport[22m | hair_side_part_front_phone.png[39m[0m
[  59% ] [90m[1mreimport[22m | hair_side_part_front_interact.png[39m[0m
[  59% ] [90m[1mreimport[22m | hair_side_part_front_idle.png[39m[0m
[  59% ] [90m[1mreimport[22m | hair_side_part_front_carry.png[39m[0m
[  59% ] [90m[1mreimport[22m | hair_side_part_front.png[39m[0m
[  59% ] [90m[1mreimport[22m | hair_side_part_back_sit.png[39m[0m
[  59% ] [90m[1mreimport[22m | hair_side_part_back_phone.png[39m[0m
[  59% ] [90m[1mreimport[22m | hair_side_part_back_interact.png[39m[0m
[  59% ] [90m[1mreimport[22m | mouth_small_idle.png[39m[0m
[  59% ] [90m[1mreimport[22m | mouth_small_carry.png[39m[0m
[  59% ] [90m[1mreimport[22m | mouth_small.png[39m[0m
[  59% ] [90m[1mreimport[22m | mouth_neutral_sit.png[39m[0m
[  59% ] [90m[1mreimport[22m | mouth_neutral_phone.png[39m[0m
[  59% ] [90m[1mreimport[22m | mouth_neutral_interact.png[39m[0m
[  59% ] [90m[1mreimport[22m | mouth_neutral_idle.png[39m[0m
[  59% ] [90m[1mreimport[22m | mouth_neutral_carry.png[39m[0m
[  60% ] [90m[1mreimport[22m | mouth_neutral.png[39m[0m
[  60% ] [90m[1mreimport[22m | mouth_grin_sit.png[39m[0m
[  60% ] [90m[1mreimport[22m | mouth_grin_phone.png[39m[0m
[  60% ] [90m[1mreimport[22m | mouth_grin_interact.png[39m[0m
[  60% ] [90m[1mreimport[22m | mouth_grin_idle.png[39m[0m
[  60% ] [90m[1mreimport[22m | mouth_grin_carry.png[39m[0m
[  60% ] [90m[1mreimport[22m | mouth_grin.png[39m[0m
[  60% ] [90m[1mreimport[22m | iris_wide_sit.png[39m[0m
[  60% ] [90m[1mreimport[22m | iris_wide_phone.png[39m[0m
[  60% ] [90m[1mreimport[22m | iris_wide_interact.png[39m[0m
[  60% ] [90m[1mreimport[22m | iris_wide_idle.png[39m[0m
[  60% ] [90m[1mreimport[22m | iris_wide_carry.png[39m[0m
[  60% ] [90m[1mreimport[22m | iris_wide.png[39m[0m
[  60% ] [90m[1mreimport[22m | iris_round_sit.png[39m[0m
[  60% ] [90m[1mreimport[22m | iris_round_phone.png[39m[0m
[  60% ] [90m[1mreimport[22m | iris_round_interact.png[39m[0m
[  61% ] [90m[1mreimport[22m | hair_ponytail_back_carry.png[39m[0m
[  61% ] [90m[1mreimport[22m | hair_ponytail_back.png[39m[0m
[  61% ] [90m[1mreimport[22m | hair_messy_front_sit.png[39m[0m
[  61% ] [90m[1mreimport[22m | hair_messy_front_phone.png[39m[0m
[  61% ] [90m[1mreimport[22m | hair_messy_front_interact.png[39m[0m
[  61% ] [90m[1mreimport[22m | hair_messy_front_idle.png[39m[0m
[  61% ] [90m[1mreimport[22m | hair_messy_front_carry.png[39m[0m
[  61% ] [90m[1mreimport[22m | hair_messy_front.png[39m[0m
[  61% ] [90m[1mreimport[22m | hair_messy_back_sit.png[39m[0m
[  61% ] [90m[1mreimport[22m | hair_messy_back_phone.png[39m[0m
[  61% ] [90m[1mreimport[22m | hair_messy_back_interact.png[39m[0m
[  61% ] [90m[1mreimport[22m | hair_messy_back_idle.png[39m[0m
[  61% ] [90m[1mreimport[22m | hair_messy_back_carry.png[39m[0m
[  61% ] [90m[1mreimport[22m | hair_messy_back.png[39m[0m
[  61% ] [90m[1mreimport[22m | hair_long_front_sit.png[39m[0m
[  61% ] [90m[1mreimport[22m | hair_long_front_phone.png[39m[0m
[  62% ] [90m[1mreimport[22m | hair_long_front_interact.png[39m[0m
[  62% ] [90m[1mreimport[22m | hair_long_front_idle.png[39m[0m
[  62% ] [90m[1mreimport[22m | hair_long_front_carry.png[39m[0m
[  62% ] [90m[1mreimport[22m | hair_long_front.png[39m[0m
[  62% ] [90m[1mreimport[22m | hair_long_back_sit.png[39m[0m
[  62% ] [90m[1mreimport[22m | hair_long_back_phone.png[39m[0m
[  62% ] [90m[1mreimport[22m | hair_long_back_interact.png[39m[0m
[  62% ] [90m[1mreimport[22m | hair_long_back_idle.png[39m[0m
[  62% ] [90m[1mreimport[22m | hair_side_part_back_idle.png[39m[0m
[  62% ] [90m[1mreimport[22m | hair_side_part_back_carry.png[39m[0m
[  62% ] [90m[1mreimport[22m | hair_side_part_back.png[39m[0m
[  62% ] [90m[1mreimport[22m | hair_short_neat_front_sit.png[39m[0m
[  62% ] [90m[1mreimport[22m | hair_short_neat_front_phone.png[39m[0m
[  62% ] [90m[1mreimport[22m | hair_short_neat_front_interact.png[39m[0m
[  62% ] [90m[1mreimport[22m | hair_short_neat_front_idle.png[39m[0m
[  62% ] [90m[1mreimport[22m | hair_short_neat_front_carry.png[39m[0m
[  63% ] [90m[1mreimport[22m | hair_short_neat_front.png[39m[0m
[  63% ] [90m[1mreimport[22m | hair_short_neat_back_sit.png[39m[0m
[  63% ] [90m[1mreimport[22m | hair_short_neat_back_phone.png[39m[0m
[  63% ] [90m[1mreimport[22m | hair_short_neat_back_interact.png[39m[0m
[  63% ] [90m[1mreimport[22m | hair_short_neat_back_idle.png[39m[0m
[  63% ] [90m[1mreimport[22m | hair_short_neat_back_carry.png[39m[0m
[  63% ] [90m[1mreimport[22m | hair_short_neat_back.png[39m[0m
[  63% ] [90m[1mreimport[22m | hair_ponytail_front_sit.png[39m[0m
[  63% ] [90m[1mreimport[22m | hair_ponytail_front_phone.png[39m[0m
[  63% ] [90m[1mreimport[22m | hair_ponytail_front_interact.png[39m[0m
[  63% ] [90m[1mreimport[22m | hair_ponytail_front_idle.png[39m[0m
[  63% ] [90m[1mreimport[22m | hair_ponytail_front_carry.png[39m[0m
[  63% ] [90m[1mreimport[22m | hair_ponytail_front.png[39m[0m
[  63% ] [90m[1mreimport[22m | hair_ponytail_back_sit.png[39m[0m
[  63% ] [90m[1mreimport[22m | hair_ponytail_back_phone.png[39m[0m
[  64% ] [90m[1mreimport[22m | hair_ponytail_back_interact.png[39m[0m
[  64% ] [90m[1mreimport[22m | hair_ponytail_back_idle.png[39m[0m
[  64% ] [90m[1mreimport[22m | old_town_studio_lights.png[39m[0m
[  64% ] [90m[1mreimport[22m | old_town_studio.png[39m[0m
[  64% ] [90m[1mreimport[22m | okafor_lettings_lights.png[39m[0m
[  64% ] [90m[1mreimport[22m | okafor_lettings.png[39m[0m
[  64% ] [90m[1mreimport[22m | office_slab_lights.png[39m[0m
[  64% ] [90m[1mreimport[22m | office_slab.png[39m[0m
[  64% ] [90m[1mreimport[22m | nexus_cowork_lights.png[39m[0m
[  64% ] [90m[1mreimport[22m | nexus_cowork.png[39m[0m
[  64% ] [90m[1mreimport[22m | nexus_bank_lights.png[39m[0m
[  64% ] [90m[1mreimport[22m | nexus_bank.png[39m[0m
[  64% ] [90m[1mreimport[22m | metro_entrance_lights.png[39m[0m
[  64% ] [90m[1mreimport[22m | metro_entrance.png[39m[0m
[  64% ] [90m[1mreimport[22m | lantern_bistro_lights.png[39m[0m
[  64% ] [90m[1mreimport[22m | lantern_bistro.png[39m[0m
[  65% ] [90m[1mreimport[22m | horizon_labs_lights.png[39m[0m
[  65% ] [90m[1mreimport[22m | horizon_labs.png[39m[0m
[  65% ] [90m[1mreimport[22m | harbor_point_fitness_lights.png[39m[0m
[  65% ] [90m[1mreimport[22m | harbor_point_fitness.png[39m[0m
[  65% ] [90m[1mreimport[22m | glass_tower_lights.png[39m[0m
[  65% ] [90m[1mreimport[22m | glass_tower.png[39m[0m
[  65% ] [90m[1mreimport[22m | finance_tower_lights.png[39m[0m
[  65% ] [90m[1mreimport[22m | finance_tower.png[39m[0m
[  65% ] [90m[1mreimport[22m | dockside_motors_lights.png[39m[0m
[  65% ] [90m[1mreimport[22m | dockside_motors.png[39m[0m
[  65% ] [90m[1mreimport[22m | warehouse_shed_lights.png[39m[0m
[  65% ] [90m[1mreimport[22m | warehouse_shed.png[39m[0m
[  65% ] [90m[1mreimport[22m | threadline_apparel_lights.png[39m[0m
[  65% ] [90m[1mreimport[22m | threadline_apparel.png[39m[0m
[  65% ] [90m[1mreimport[22m | suite_building_lights.png[39m[0m
[  65% ] [90m[1mreimport[22m | suite_building.png[39m[0m
[  66% ] [90m[1mreimport[22m | shop_row_awning_lights.png[39m[0m
[  66% ] [90m[1mreimport[22m | shop_row_awning.png[39m[0m
[  66% ] [90m[1mreimport[22m | rowhouse_brick_lights.png[39m[0m
[  66% ] [90m[1mreimport[22m | rowhouse_brick.png[39m[0m
[  66% ] [90m[1mreimport[22m | riverside_walkup_lights.png[39m[0m
[  66% ] [90m[1mreimport[22m | riverside_walkup.png[39m[0m
[  66% ] [90m[1mreimport[22m | riverside_tower_lights.png[39m[0m
[  66% ] [90m[1mreimport[22m | riverside_tower.png[39m[0m
[  66% ] [90m[1mreimport[22m | riverside_shops_lights.png[39m[0m
[  66% ] [90m[1mreimport[22m | riverside_shops.png[39m[0m
[  66% ] [90m[1mreimport[22m | retail_arcade_lights.png[39m[0m
[  66% ] [90m[1mreimport[22m | retail_arcade.png[39m[0m
[  66% ] [90m[1mreimport[22m | postpoint_lights.png[39m[0m
[  66% ] [90m[1mreimport[22m | postpoint.png[39m[0m
[  66% ] [90m[1mreimport[22m | popup_unit_lights.png[39m[0m
[  66% ] [90m[1mreimport[22m | popup_unit.png[39m[0m
[  67% ] [90m[1mreimport[22m | pier7_warehouse_lights.png[39m[0m
[  67% ] [90m[1mreimport[22m | pier7_warehouse.png[39m[0m
[  67% ] [90m[1mreimport[22m | arcade_arches.png[39m[0m
[  67% ] [90m[1mreimport[22m | apartment_mid_lights.png[39m[0m
[  67% ] [90m[1mreimport[22m | apartment_mid.png[39m[0m
[  67% ] [90m[1mreimport[22m | wardrobe.png[39m[0m
[  67% ] [90m[1mreimport[22m | skyline_night.png[39m[0m
[  67% ] [90m[1mreimport[22m | skyline_harbor_night.png[39m[0m
[  67% ] [90m[1mreimport[22m | skyline_harbor_day.png[39m[0m
[  67% ] [90m[1mreimport[22m | skyline_dusk.png[39m[0m
[  67% ] [90m[1mreimport[22m | skyline_day.png[39m[0m
[  67% ] [90m[1mreimport[22m | menu.png[39m[0m
[  67% ] [90m[1mreimport[22m | insolvency.png[39m[0m
[  67% ] [90m[1mreimport[22m | chapter_12.png[39m[0m
[  67% ] [90m[1mreimport[22m | chapter_11.png[39m[0m
[  68% ] [90m[1mreimport[22m | chapter_10.png[39m[0m
[  68% ] [90m[1mreimport[22m | chapter_9.png[39m[0m
[  68% ] [90m[1mreimport[22m | chapter_8.png[39m[0m
[  68% ] [90m[1mreimport[22m | chapter_7.png[39m[0m
[  68% ] [90m[1mreimport[22m | chapter_6.png[39m[0m
[  68% ] [90m[1mreimport[22m | chapter_5.png[39m[0m
[  68% ] [90m[1mreimport[22m | chapter_4.png[39m[0m
[  68% ] [90m[1mreimport[22m | chapter_3.png[39m[0m
[  68% ] [90m[1mreimport[22m | chapter_2.png[39m[0m
[  68% ] [90m[1mreimport[22m | chapter_1.png[39m[0m
[  68% ] [90m[1mreimport[22m | arrival.png[39m[0m
[  68% ] [90m[1mreimport[22m | customs_house_lights.png[39m[0m
[  68% ] [90m[1mreimport[22m | customs_house.png[39m[0m
[  68% ] [90m[1mreimport[22m | crestline_flagship_lights.png[39m[0m
[  68% ] [90m[1mreimport[22m | crestline_flagship.png[39m[0m
[  68% ] [90m[1mreimport[22m | corner_cafe_unit_lights.png[39m[0m
[  69% ] [90m[1mreimport[22m | corner_cafe_unit.png[39m[0m
[  69% ] [90m[1mreimport[22m | container_stack_lights.png[39m[0m
[  69% ] [90m[1mreimport[22m | container_stack.png[39m[0m
[  69% ] [90m[1mreimport[22m | cold_store_lights.png[39m[0m
[  69% ] [90m[1mreimport[22m | cold_store.png[39m[0m
[  69% ] [90m[1mreimport[22m | clock_tower_lights.png[39m[0m
[  69% ] [90m[1mreimport[22m | clock_tower.png[39m[0m
[  69% ] [90m[1mreimport[22m | civic_annex_lights.png[39m[0m
[  69% ] [90m[1mreimport[22m | civic_annex.png[39m[0m
[  69% ] [90m[1mreimport[22m | city_hall_lights.png[39m[0m
[  69% ] [90m[1mreimport[22m | city_hall.png[39m[0m
[  69% ] [90m[1mreimport[22m | cinema_front_lights.png[39m[0m
[  69% ] [90m[1mreimport[22m | cinema_front.png[39m[0m
[  69% ] [90m[1mreimport[22m | byte_bean_lights.png[39m[0m
[  69% ] [90m[1mreimport[22m | byte_bean.png[39m[0m
[  69% ] [90m[1mreimport[22m | brick_shops_lights.png[39m[0m
[  70% ] [90m[1mreimport[22m | brick_shops.png[39m[0m
[  70% ] [90m[1mreimport[22m | bloom_block_lights.png[39m[0m
[  70% ] [90m[1mreimport[22m | bloom_block.png[39m[0m
[  70% ] [90m[1mreimport[22m | arcade_arches_lights.png[39m[0m
[  70% ] [90m[1mreimport[22m | body_masculine_oval_sit.png[39m[0m
[  70% ] [90m[1mreimport[22m | body_masculine_oval_phone.png[39m[0m
[  70% ] [90m[1mreimport[22m | body_masculine_oval_interact.png[39m[0m
[  70% ] [90m[1mreimport[22m | body_masculine_oval_idle.png[39m[0m
[  70% ] [90m[1mreimport[22m | body_masculine_oval_carry.png[39m[0m
[  70% ] [90m[1mreimport[22m | body_masculine_oval.png[39m[0m
[  70% ] [90m[1mreimport[22m | body_masculine_heart_sit.png[39m[0m
[  70% ] [90m[1mreimport[22m | body_masculine_heart_phone.png[39m[0m
[  70% ] [90m[1mreimport[22m | body_masculine_heart_interact.png[39m[0m
[  70% ] [90m[1mreimport[22m | body_masculine_heart_idle.png[39m[0m
[  70% ] [90m[1mreimport[22m | body_masculine_heart_carry.png[39m[0m
[  70% ] [90m[1mreimport[22m | body_masculine_heart.png[39m[0m
[  71% ] [90m[1mreimport[22m | body_feminine_square_sit.png[39m[0m
[  71% ] [90m[1mreimport[22m | body_feminine_square_phone.png[39m[0m
[  71% ] [90m[1mreimport[22m | body_feminine_square_interact.png[39m[0m
[  71% ] [90m[1mreimport[22m | body_feminine_square_idle.png[39m[0m
[  71% ] [90m[1mreimport[22m | body_feminine_square_carry.png[39m[0m
[  71% ] [90m[1mreimport[22m | body_feminine_square.png[39m[0m
[  71% ] [90m[1mreimport[22m | body_feminine_round_sit.png[39m[0m
[  71% ] [90m[1mreimport[22m | body_feminine_round_phone.png[39m[0m
[  71% ] [90m[1mreimport[22m | body_feminine_round_interact.png[39m[0m
[  71% ] [90m[1mreimport[22m | body_feminine_round_idle.png[39m[0m
[  71% ] [90m[1mreimport[22m | body_feminine_round_carry.png[39m[0m
[  71% ] [90m[1mreimport[22m | body_feminine_round.png[39m[0m
[  71% ] [90m[1mreimport[22m | body_neutral_round.png[39m[0m
[  71% ] [90m[1mreimport[22m | body_neutral_oval_sit.png[39m[0m
[  71% ] [90m[1mreimport[22m | body_neutral_oval_phone.png[39m[0m
[  72% ] [90m[1mreimport[22m | body_neutral_oval_interact.png[39m[0m
[  72% ] [90m[1mreimport[22m | body_neutral_oval_idle.png[39m[0m
[  72% ] [90m[1mreimport[22m | body_neutral_oval_carry.png[39m[0m
[  72% ] [90m[1mreimport[22m | body_neutral_oval.png[39m[0m
[  72% ] [90m[1mreimport[22m | body_neutral_heart_sit.png[39m[0m
[  72% ] [90m[1mreimport[22m | body_neutral_heart_phone.png[39m[0m
[  72% ] [90m[1mreimport[22m | body_neutral_heart_interact.png[39m[0m
[  72% ] [90m[1mreimport[22m | body_neutral_heart_idle.png[39m[0m
[  72% ] [90m[1mreimport[22m | body_neutral_heart_carry.png[39m[0m
[  72% ] [90m[1mreimport[22m | body_neutral_heart.png[39m[0m
[  72% ] [90m[1mreimport[22m | body_masculine_square_sit.png[39m[0m
[  72% ] [90m[1mreimport[22m | body_masculine_square_phone.png[39m[0m
[  72% ] [90m[1mreimport[22m | body_masculine_square_interact.png[39m[0m
[  72% ] [90m[1mreimport[22m | body_masculine_square_idle.png[39m[0m
[  72% ] [90m[1mreimport[22m | body_masculine_square_carry.png[39m[0m
[  72% ] [90m[1mreimport[22m | body_masculine_square.png[39m[0m
[  73% ] [90m[1mreimport[22m | body_masculine_round_sit.png[39m[0m
[  73% ] [90m[1mreimport[22m | body_masculine_round_phone.png[39m[0m
[  73% ] [90m[1mreimport[22m | body_masculine_round_interact.png[39m[0m
[  73% ] [90m[1mreimport[22m | body_masculine_round_idle.png[39m[0m
[  73% ] [90m[1mreimport[22m | body_masculine_round_carry.png[39m[0m
[  73% ] [90m[1mreimport[22m | body_masculine_round.png[39m[0m
[  73% ] [90m[1mreimport[22m | acc_backpack_phone.png[39m[0m
[  73% ] [90m[1mreimport[22m | acc_backpack_interact.png[39m[0m
[  73% ] [90m[1mreimport[22m | acc_backpack_idle.png[39m[0m
[  73% ] [90m[1mreimport[22m | acc_backpack_carry.png[39m[0m
[  73% ] [90m[1mreimport[22m | acc_backpack.png[39m[0m
[  73% ] [90m[1mreimport[22m | startup_hub.png[39m[0m
[  73% ] [90m[1mreimport[22m | small_office.png[39m[0m
[  73% ] [90m[1mreimport[22m | riverside_apartment.png[39m[0m
[  73% ] [90m[1mreimport[22m | riverside.png[39m[0m
[  73% ] [90m[1mreimport[22m | postpoint_riverside.png[39m[0m
[  74% ] [90m[1mreimport[22m | pier7_warehouse.png[39m[0m
[  74% ] [90m[1mreimport[22m | old_town_studio.png[39m[0m
[  74% ] [90m[1mreimport[22m | old_town.png[39m[0m
[  74% ] [90m[1mreimport[22m | okafor_lettings.png[39m[0m
[  74% ] [90m[1mreimport[22m | nexus_cowork.png[39m[0m
[  74% ] [90m[1mreimport[22m | nexus_bank.png[39m[0m
[  74% ] [90m[1mreimport[22m | harbor.png[39m[0m
[  74% ] [90m[1mreimport[22m | financial.png[39m[0m
[  74% ] [90m[1mreimport[22m | dockside_motors.png[39m[0m
[  74% ] [90m[1mreimport[22m | corner_cafe_unit.png[39m[0m
[  74% ] [90m[1mreimport[22m | civic_center.png[39m[0m
[  74% ] [90m[1mreimport[22m | city_hall.png[39m[0m
[  74% ] [90m[1mreimport[22m | byte_and_bean.png[39m[0m
[  74% ] [90m[1mreimport[22m | bloom_coffee.png[39m[0m
[  74% ] [90m[1mreimport[22m | body_feminine_oval_sit.png[39m[0m
[  74% ] [90m[1mreimport[22m | body_feminine_oval_phone.png[39m[0m
[  75% ] [90m[1mreimport[22m | body_feminine_oval_interact.png[39m[0m
[  75% ] [90m[1mreimport[22m | body_feminine_oval_idle.png[39m[0m
[  75% ] [90m[1mreimport[22m | body_feminine_oval_carry.png[39m[0m
[  75% ] [90m[1mreimport[22m | body_feminine_oval.png[39m[0m
[  75% ] [90m[1mreimport[22m | body_feminine_heart_sit.png[39m[0m
[  75% ] [90m[1mreimport[22m | body_feminine_heart_phone.png[39m[0m
[  75% ] [90m[1mreimport[22m | body_feminine_heart_interact.png[39m[0m
[  75% ] [90m[1mreimport[22m | body_feminine_heart_idle.png[39m[0m
[  75% ] [90m[1mreimport[22m | body_feminine_heart_carry.png[39m[0m
[  75% ] [90m[1mreimport[22m | body_feminine_heart.png[39m[0m
[  75% ] [90m[1mreimport[22m | acc_glasses_square_sit.png[39m[0m
[  75% ] [90m[1mreimport[22m | acc_glasses_square_phone.png[39m[0m
[  75% ] [90m[1mreimport[22m | acc_glasses_square_interact.png[39m[0m
[  75% ] [90m[1mreimport[22m | acc_glasses_square_idle.png[39m[0m
[  75% ] [90m[1mreimport[22m | acc_glasses_square_carry.png[39m[0m
[  76% ] [90m[1mreimport[22m | acc_glasses_square.png[39m[0m
[  76% ] [90m[1mreimport[22m | acc_glasses_round_sit.png[39m[0m
[  76% ] [90m[1mreimport[22m | acc_glasses_round_phone.png[39m[0m
[  76% ] [90m[1mreimport[22m | acc_glasses_round_interact.png[39m[0m
[  76% ] [90m[1mreimport[22m | acc_glasses_round_idle.png[39m[0m
[  76% ] [90m[1mreimport[22m | acc_glasses_round_carry.png[39m[0m
[  76% ] [90m[1mreimport[22m | acc_glasses_round.png[39m[0m
[  76% ] [90m[1mreimport[22m | acc_backpack_sit.png[39m[0m
[  76% ] [90m[1mreimport[22m | outfit_casual_tee_neutral_top_sit.png[39m[0m
[  76% ] [90m[1mreimport[22m | outfit_casual_tee_neutral_top_phone.png[39m[0m
[  76% ] [90m[1mreimport[22m | outfit_casual_tee_neutral_top_interact.png[39m[0m
[  76% ] [90m[1mreimport[22m | outfit_casual_tee_neutral_top_idle.png[39m[0m
[  76% ] [90m[1mreimport[22m | outfit_casual_tee_neutral_top_carry.png[39m[0m
[  76% ] [90m[1mreimport[22m | outfit_casual_tee_neutral_top.png[39m[0m
[  76% ] [90m[1mreimport[22m | outfit_casual_tee_neutral_shoes_sit.png[39m[0m
[  76% ] [90m[1mreimport[22m | outfit_casual_tee_neutral_shoes_phone.png[39m[0m
[  77% ] [90m[1mreimport[22m | outfit_casual_tee_neutral_shoes_interact.png[39m[0m
[  77% ] [90m[1mreimport[22m | outfit_casual_tee_neutral_shoes_idle.png[39m[0m
[  77% ] [90m[1mreimport[22m | outfit_casual_tee_neutral_shoes_carry.png[39m[0m
[  77% ] [90m[1mreimport[22m | outfit_casual_tee_neutral_shoes.png[39m[0m
[  77% ] [90m[1mreimport[22m | outfit_casual_tee_neutral_bottom_sit.png[39m[0m
[  77% ] [90m[1mreimport[22m | outfit_casual_tee_neutral_bottom_phone.png[39m[0m
[  77% ] [90m[1mreimport[22m | outfit_casual_tee_neutral_bottom_interact.png[39m[0m
[  77% ] [90m[1mreimport[22m | outfit_casual_tee_neutral_bottom_idle.png[39m[0m
[  77% ] [90m[1mreimport[22m | outfit_casual_tee_neutral_bottom_carry.png[39m[0m
[  77% ] [90m[1mreimport[22m | outfit_casual_tee_neutral_bottom.png[39m[0m
[  77% ] [90m[1mreimport[22m | outfit_casual_tee_masculine_top_sit.png[39m[0m
[  77% ] [90m[1mreimport[22m | outfit_casual_tee_masculine_top_phone.png[39m[0m
[  77% ] [90m[1mreimport[22m | outfit_casual_tee_masculine_top_interact.png[39m[0m
[  77% ] [90m[1mreimport[22m | outfit_casual_tee_masculine_top_idle.png[39m[0m
[  77% ] [90m[1mreimport[22m | outfit_casual_tee_masculine_top_carry.png[39m[0m
[  77% ] [90m[1mreimport[22m | outfit_casual_tee_masculine_top.png[39m[0m
[  78% ] [90m[1mreimport[22m | outfit_civic_staff_feminine_top_sit.png[39m[0m
[  78% ] [90m[1mreimport[22m | outfit_civic_staff_feminine_top_phone.png[39m[0m
[  78% ] [90m[1mreimport[22m | outfit_civic_staff_feminine_top_interact.png[39m[0m
[  78% ] [90m[1mreimport[22m | outfit_civic_staff_feminine_top_idle.png[39m[0m
[  78% ] [90m[1mreimport[22m | outfit_civic_staff_feminine_top_detail_sit.png[39m[0m
[  78% ] [90m[1mreimport[22m | outfit_civic_staff_feminine_top_detail_phone.png[39m[0m
[  78% ] [90m[1mreimport[22m | outfit_civic_staff_feminine_top_detail_interact.png[39m[0m
[  78% ] [90m[1mreimport[22m | outfit_civic_staff_feminine_top_detail_idle.png[39m[0m
[  78% ] [90m[1mreimport[22m | outfit_civic_staff_feminine_top_detail_carry.png[39m[0m
[  78% ] [90m[1mreimport[22m | outfit_civic_staff_feminine_top_detail.png[39m[0m
[  78% ] [90m[1mreimport[22m | outfit_civic_staff_feminine_top_carry.png[39m[0m
[  78% ] [90m[1mreimport[22m | outfit_civic_staff_feminine_top.png[39m[0m
[  78% ] [90m[1mreimport[22m | outfit_civic_staff_feminine_shoes_sit.png[39m[0m
[  78% ] [90m[1mreimport[22m | outfit_civic_staff_feminine_shoes_phone.png[39m[0m
[  78% ] [90m[1mreimport[22m | outfit_civic_staff_feminine_shoes_interact.png[39m[0m
[  78% ] [90m[1mreimport[22m | outfit_civic_staff_feminine_shoes_idle.png[39m[0m
[  79% ] [90m[1mreimport[22m | outfit_civic_staff_feminine_shoes_carry.png[39m[0m
[  79% ] [90m[1mreimport[22m | outfit_civic_staff_feminine_shoes.png[39m[0m
[  79% ] [90m[1mreimport[22m | outfit_civic_staff_feminine_bottom_sit.png[39m[0m
[  79% ] [90m[1mreimport[22m | outfit_civic_staff_feminine_bottom_phone.png[39m[0m
[  79% ] [90m[1mreimport[22m | outfit_civic_staff_feminine_bottom_interact.png[39m[0m
[  79% ] [90m[1mreimport[22m | outfit_civic_staff_feminine_bottom_idle.png[39m[0m
[  79% ] [90m[1mreimport[22m | outfit_civic_staff_feminine_bottom_carry.png[39m[0m
[  79% ] [90m[1mreimport[22m | outfit_civic_staff_feminine_bottom.png[39m[0m
[  79% ] [90m[1mreimport[22m | outfit_casual_tee_feminine_bottom_phone.png[39m[0m
[  79% ] [90m[1mreimport[22m | outfit_casual_tee_feminine_bottom_interact.png[39m[0m
[  79% ] [90m[1mreimport[22m | outfit_casual_tee_feminine_bottom_idle.png[39m[0m
[  79% ] [90m[1mreimport[22m | outfit_casual_tee_feminine_bottom_carry.png[39m[0m
[  79% ] [90m[1mreimport[22m | outfit_casual_tee_feminine_bottom.png[39m[0m
[  79% ] [90m[1mreimport[22m | outfit_casual_jacket_neutral_top_sit.png[39m[0m
[  79% ] [90m[1mreimport[22m | outfit_casual_jacket_neutral_top_phone.png[39m[0m
[  80% ] [90m[1mreimport[22m | outfit_casual_jacket_neutral_top_interact.png[39m[0m
[  80% ] [90m[1mreimport[22m | outfit_casual_jacket_neutral_top_idle.png[39m[0m
[  80% ] [90m[1mreimport[22m | outfit_casual_jacket_neutral_top_carry.png[39m[0m
[  80% ] [90m[1mreimport[22m | outfit_casual_jacket_neutral_top.png[39m[0m
[  80% ] [90m[1mreimport[22m | outfit_casual_jacket_neutral_shoes_sit.png[39m[0m
[  80% ] [90m[1mreimport[22m | outfit_casual_jacket_neutral_shoes_phone.png[39m[0m
[  80% ] [90m[1mreimport[22m | outfit_casual_jacket_neutral_shoes_interact.png[39m[0m
[  80% ] [90m[1mreimport[22m | outfit_casual_jacket_neutral_shoes_idle.png[39m[0m
[  80% ] [90m[1mreimport[22m | outfit_casual_jacket_neutral_shoes_carry.png[39m[0m
[  80% ] [90m[1mreimport[22m | outfit_casual_jacket_neutral_shoes.png[39m[0m
[  80% ] [90m[1mreimport[22m | outfit_casual_jacket_neutral_bottom_sit.png[39m[0m
[  80% ] [90m[1mreimport[22m | outfit_casual_jacket_neutral_bottom_phone.png[39m[0m
[  80% ] [90m[1mreimport[22m | outfit_casual_jacket_neutral_bottom_interact.png[39m[0m
[  80% ] [90m[1mreimport[22m | outfit_casual_jacket_neutral_bottom_idle.png[39m[0m
[  80% ] [90m[1mreimport[22m | outfit_casual_jacket_neutral_bottom_carry.png[39m[0m
[  80% ] [90m[1mreimport[22m | outfit_casual_jacket_neutral_bottom.png[39m[0m
[  81% ] [90m[1mreimport[22m | outfit_casual_jacket_masculine_top_sit.png[39m[0m
[  81% ] [90m[1mreimport[22m | outfit_casual_tee_masculine_shoes_sit.png[39m[0m
[  81% ] [90m[1mreimport[22m | outfit_casual_tee_masculine_shoes_phone.png[39m[0m
[  81% ] [90m[1mreimport[22m | outfit_casual_tee_masculine_shoes_interact.png[39m[0m
[  81% ] [90m[1mreimport[22m | outfit_casual_tee_masculine_shoes_idle.png[39m[0m
[  81% ] [90m[1mreimport[22m | outfit_casual_tee_masculine_shoes_carry.png[39m[0m
[  81% ] [90m[1mreimport[22m | outfit_casual_tee_masculine_shoes.png[39m[0m
[  81% ] [90m[1mreimport[22m | outfit_casual_tee_masculine_bottom_sit.png[39m[0m
[  81% ] [90m[1mreimport[22m | outfit_casual_tee_masculine_bottom_phone.png[39m[0m
[  81% ] [90m[1mreimport[22m | outfit_casual_tee_masculine_bottom_interact.png[39m[0m
[  81% ] [90m[1mreimport[22m | outfit_casual_tee_masculine_bottom_idle.png[39m[0m
[  81% ] [90m[1mreimport[22m | outfit_casual_tee_masculine_bottom_carry.png[39m[0m
[  81% ] [90m[1mreimport[22m | outfit_casual_tee_masculine_bottom.png[39m[0m
[  81% ] [90m[1mreimport[22m | outfit_casual_tee_feminine_top_sit.png[39m[0m
[  81% ] [90m[1mreimport[22m | outfit_casual_tee_feminine_top_phone.png[39m[0m
[  81% ] [90m[1mreimport[22m | outfit_casual_tee_feminine_top_interact.png[39m[0m
[  82% ] [90m[1mreimport[22m | outfit_casual_tee_feminine_top_idle.png[39m[0m
[  82% ] [90m[1mreimport[22m | outfit_casual_tee_feminine_top_carry.png[39m[0m
[  82% ] [90m[1mreimport[22m | outfit_casual_tee_feminine_top.png[39m[0m
[  82% ] [90m[1mreimport[22m | outfit_casual_tee_feminine_shoes_sit.png[39m[0m
[  82% ] [90m[1mreimport[22m | outfit_casual_tee_feminine_shoes_phone.png[39m[0m
[  82% ] [90m[1mreimport[22m | outfit_casual_tee_feminine_shoes_interact.png[39m[0m
[  82% ] [90m[1mreimport[22m | outfit_casual_tee_feminine_shoes_idle.png[39m[0m
[  82% ] [90m[1mreimport[22m | outfit_casual_tee_feminine_shoes_carry.png[39m[0m
[  82% ] [90m[1mreimport[22m | outfit_casual_tee_feminine_shoes.png[39m[0m
[  82% ] [90m[1mreimport[22m | outfit_casual_tee_feminine_bottom_sit.png[39m[0m
[  82% ] [90m[1mreimport[22m | outfit_courier_masculine_bottom.png[39m[0m
[  82% ] [90m[1mreimport[22m | outfit_courier_feminine_top_sit.png[39m[0m
[  82% ] [90m[1mreimport[22m | outfit_courier_feminine_top_phone.png[39m[0m
[  82% ] [90m[1mreimport[22m | outfit_courier_feminine_top_interact.png[39m[0m
[  82% ] [90m[1mreimport[22m | outfit_courier_feminine_top_idle.png[39m[0m
[  82% ] [90m[1mreimport[22m | outfit_courier_feminine_top_detail_sit.png[39m[0m
[  83% ] [90m[1mreimport[22m | outfit_courier_feminine_top_detail_phone.png[39m[0m
[  83% ] [90m[1mreimport[22m | outfit_courier_feminine_top_detail_interact.png[39m[0m
[  83% ] [90m[1mreimport[22m | outfit_courier_feminine_top_detail_idle.png[39m[0m
[  83% ] [90m[1mreimport[22m | outfit_courier_feminine_top_detail_carry.png[39m[0m
[  83% ] [90m[1mreimport[22m | outfit_courier_feminine_top_detail.png[39m[0m
[  83% ] [90m[1mreimport[22m | outfit_courier_feminine_top_carry.png[39m[0m
[  83% ] [90m[1mreimport[22m | outfit_courier_feminine_top.png[39m[0m
[  83% ] [90m[1mreimport[22m | outfit_courier_feminine_shoes_sit.png[39m[0m
[  83% ] [90m[1mreimport[22m | outfit_courier_feminine_shoes_phone.png[39m[0m
[  83% ] [90m[1mreimport[22m | outfit_courier_feminine_shoes_interact.png[39m[0m
[  83% ] [90m[1mreimport[22m | outfit_courier_feminine_shoes_idle.png[39m[0m
[  83% ] [90m[1mreimport[22m | outfit_courier_feminine_shoes_carry.png[39m[0m
[  83% ] [90m[1mreimport[22m | outfit_courier_feminine_shoes.png[39m[0m
[  83% ] [90m[1mreimport[22m | outfit_courier_feminine_bottom_sit.png[39m[0m
[  83% ] [90m[1mreimport[22m | outfit_courier_feminine_bottom_phone.png[39m[0m
[  84% ] [90m[1mreimport[22m | outfit_courier_feminine_bottom_interact.png[39m[0m
[  84% ] [90m[1mreimport[22m | outfit_courier_feminine_bottom_idle.png[39m[0m
[  84% ] [90m[1mreimport[22m | outfit_courier_feminine_bottom_carry.png[39m[0m
[  84% ] [90m[1mreimport[22m | outfit_courier_neutral_bottom_carry.png[39m[0m
[  84% ] [90m[1mreimport[22m | outfit_courier_neutral_bottom.png[39m[0m
[  84% ] [90m[1mreimport[22m | outfit_courier_masculine_top_sit.png[39m[0m
[  84% ] [90m[1mreimport[22m | outfit_courier_masculine_top_phone.png[39m[0m
[  84% ] [90m[1mreimport[22m | outfit_courier_masculine_top_interact.png[39m[0m
[  84% ] [90m[1mreimport[22m | outfit_courier_masculine_top_idle.png[39m[0m
[  84% ] [90m[1mreimport[22m | outfit_courier_masculine_top_detail_sit.png[39m[0m
[  84% ] [90m[1mreimport[22m | outfit_courier_masculine_top_detail_phone.png[39m[0m
[  84% ] [90m[1mreimport[22m | outfit_courier_masculine_top_detail_interact.png[39m[0m
[  84% ] [90m[1mreimport[22m | outfit_courier_masculine_top_detail_idle.png[39m[0m
[  84% ] [90m[1mreimport[22m | outfit_courier_masculine_top_detail_carry.png[39m[0m
[  84% ] [90m[1mreimport[22m | outfit_courier_masculine_top_detail.png[39m[0m
[  84% ] [90m[1mreimport[22m | outfit_courier_masculine_top_carry.png[39m[0m
[  85% ] [90m[1mreimport[22m | outfit_courier_masculine_top.png[39m[0m
[  85% ] [90m[1mreimport[22m | outfit_courier_masculine_shoes_sit.png[39m[0m
[  85% ] [90m[1mreimport[22m | outfit_courier_masculine_shoes_phone.png[39m[0m
[  85% ] [90m[1mreimport[22m | outfit_courier_masculine_shoes_interact.png[39m[0m
[  85% ] [90m[1mreimport[22m | outfit_courier_masculine_shoes_idle.png[39m[0m
[  85% ] [90m[1mreimport[22m | outfit_courier_masculine_shoes_carry.png[39m[0m
[  85% ] [90m[1mreimport[22m | outfit_courier_masculine_shoes.png[39m[0m
[  85% ] [90m[1mreimport[22m | outfit_courier_masculine_bottom_sit.png[39m[0m
[  85% ] [90m[1mreimport[22m | outfit_courier_masculine_bottom_phone.png[39m[0m
[  85% ] [90m[1mreimport[22m | outfit_courier_masculine_bottom_interact.png[39m[0m
[  85% ] [90m[1mreimport[22m | outfit_courier_masculine_bottom_idle.png[39m[0m
[  85% ] [90m[1mreimport[22m | outfit_courier_masculine_bottom_carry.png[39m[0m
[  85% ] [90m[1mreimport[22m | outfit_civic_staff_masculine_top_sit.png[39m[0m
[  85% ] [90m[1mreimport[22m | outfit_civic_staff_masculine_top_phone.png[39m[0m
[  85% ] [90m[1mreimport[22m | outfit_civic_staff_masculine_top_interact.png[39m[0m
[  85% ] [90m[1mreimport[22m | outfit_civic_staff_masculine_top_idle.png[39m[0m
[  86% ] [90m[1mreimport[22m | outfit_civic_staff_masculine_top_detail_sit.png[39m[0m
[  86% ] [90m[1mreimport[22m | outfit_civic_staff_masculine_top_detail_phone.png[39m[0m
[  86% ] [90m[1mreimport[22m | outfit_civic_staff_masculine_top_detail_interact.png[39m[0m
[  86% ] [90m[1mreimport[22m | outfit_civic_staff_masculine_top_detail_idle.png[39m[0m
[  86% ] [90m[1mreimport[22m | outfit_civic_staff_masculine_top_detail_carry.png[39m[0m
[  86% ] [90m[1mreimport[22m | outfit_civic_staff_masculine_top_detail.png[39m[0m
[  86% ] [90m[1mreimport[22m | outfit_civic_staff_masculine_top_carry.png[39m[0m
[  86% ] [90m[1mreimport[22m | outfit_civic_staff_masculine_top.png[39m[0m
[  86% ] [90m[1mreimport[22m | outfit_civic_staff_masculine_shoes_sit.png[39m[0m
[  86% ] [90m[1mreimport[22m | outfit_civic_staff_masculine_shoes_phone.png[39m[0m
[  86% ] [90m[1mreimport[22m | outfit_civic_staff_masculine_shoes_interact.png[39m[0m
[  86% ] [90m[1mreimport[22m | outfit_civic_staff_masculine_shoes_idle.png[39m[0m
[  86% ] [90m[1mreimport[22m | outfit_civic_staff_masculine_shoes_carry.png[39m[0m
[  86% ] [90m[1mreimport[22m | outfit_civic_staff_masculine_shoes.png[39m[0m
[  86% ] [90m[1mreimport[22m | outfit_civic_staff_masculine_bottom_sit.png[39m[0m
[  86% ] [90m[1mreimport[22m | outfit_civic_staff_masculine_bottom_phone.png[39m[0m
[  87% ] [90m[1mreimport[22m | outfit_civic_staff_masculine_bottom_interact.png[39m[0m
[  87% ] [90m[1mreimport[22m | outfit_civic_staff_masculine_bottom_idle.png[39m[0m
[  87% ] [90m[1mreimport[22m | outfit_civic_staff_masculine_bottom_carry.png[39m[0m
[  87% ] [90m[1mreimport[22m | outfit_civic_staff_masculine_bottom.png[39m[0m
[  87% ] [90m[1mreimport[22m | outfit_courier_feminine_bottom.png[39m[0m
[  87% ] [90m[1mreimport[22m | outfit_civic_staff_neutral_top_sit.png[39m[0m
[  87% ] [90m[1mreimport[22m | outfit_civic_staff_neutral_top_phone.png[39m[0m
[  87% ] [90m[1mreimport[22m | outfit_civic_staff_neutral_top_interact.png[39m[0m
[  87% ] [90m[1mreimport[22m | outfit_civic_staff_neutral_top_idle.png[39m[0m
[  87% ] [90m[1mreimport[22m | outfit_civic_staff_neutral_top_detail_sit.png[39m[0m
[  87% ] [90m[1mreimport[22m | outfit_civic_staff_neutral_top_detail_phone.png[39m[0m
[  87% ] [90m[1mreimport[22m | outfit_civic_staff_neutral_top_detail_interact.png[39m[0m
[  87% ] [90m[1mreimport[22m | outfit_civic_staff_neutral_top_detail_idle.png[39m[0m
[  87% ] [90m[1mreimport[22m | outfit_civic_staff_neutral_top_detail_carry.png[39m[0m
[  87% ] [90m[1mreimport[22m | outfit_civic_staff_neutral_top_detail.png[39m[0m
[  88% ] [90m[1mreimport[22m | outfit_civic_staff_neutral_top_carry.png[39m[0m
[  88% ] [90m[1mreimport[22m | outfit_civic_staff_neutral_top.png[39m[0m
[  88% ] [90m[1mreimport[22m | outfit_civic_staff_neutral_shoes_sit.png[39m[0m
[  88% ] [90m[1mreimport[22m | outfit_civic_staff_neutral_shoes_phone.png[39m[0m
[  88% ] [90m[1mreimport[22m | outfit_civic_staff_neutral_shoes_interact.png[39m[0m
[  88% ] [90m[1mreimport[22m | outfit_civic_staff_neutral_shoes_idle.png[39m[0m
[  88% ] [90m[1mreimport[22m | outfit_civic_staff_neutral_shoes_carry.png[39m[0m
[  88% ] [90m[1mreimport[22m | outfit_civic_staff_neutral_shoes.png[39m[0m
[  88% ] [90m[1mreimport[22m | outfit_civic_staff_neutral_bottom_sit.png[39m[0m
[  88% ] [90m[1mreimport[22m | outfit_civic_staff_neutral_bottom_phone.png[39m[0m
[  88% ] [90m[1mreimport[22m | outfit_civic_staff_neutral_bottom_interact.png[39m[0m
[  88% ] [90m[1mreimport[22m | outfit_civic_staff_neutral_bottom_idle.png[39m[0m
[  88% ] [90m[1mreimport[22m | outfit_civic_staff_neutral_bottom_carry.png[39m[0m
[  88% ] [90m[1mreimport[22m | outfit_civic_staff_neutral_bottom.png[39m[0m
[  88% ] [90m[1mreimport[22m | outfit_barista_neutral_shoes_idle.png[39m[0m
[  88% ] [90m[1mreimport[22m | outfit_barista_neutral_shoes_carry.png[39m[0m
[  89% ] [90m[1mreimport[22m | outfit_barista_neutral_shoes.png[39m[0m
[  89% ] [90m[1mreimport[22m | outfit_barista_neutral_bottom_sit.png[39m[0m
[  89% ] [90m[1mreimport[22m | outfit_barista_neutral_bottom_phone.png[39m[0m
[  89% ] [90m[1mreimport[22m | outfit_barista_neutral_bottom_interact.png[39m[0m
[  89% ] [90m[1mreimport[22m | outfit_barista_neutral_bottom_idle.png[39m[0m
[  89% ] [90m[1mreimport[22m | outfit_barista_neutral_bottom_carry.png[39m[0m
[  89% ] [90m[1mreimport[22m | outfit_barista_neutral_bottom.png[39m[0m
[  89% ] [90m[1mreimport[22m | outfit_barista_masculine_top_sit.png[39m[0m
[  89% ] [90m[1mreimport[22m | outfit_barista_masculine_top_phone.png[39m[0m
[  89% ] [90m[1mreimport[22m | outfit_barista_masculine_top_interact.png[39m[0m
[  89% ] [90m[1mreimport[22m | outfit_barista_masculine_top_idle.png[39m[0m
[  89% ] [90m[1mreimport[22m | outfit_barista_masculine_top_detail_sit.png[39m[0m
[  89% ] [90m[1mreimport[22m | outfit_barista_masculine_top_detail_phone.png[39m[0m
[  89% ] [90m[1mreimport[22m | outfit_barista_masculine_top_detail_interact.png[39m[0m
[  89% ] [90m[1mreimport[22m | outfit_barista_masculine_top_detail_idle.png[39m[0m
[  89% ] [90m[1mreimport[22m | outfit_barista_masculine_top_detail_carry.png[39m[0m
[  90% ] [90m[1mreimport[22m | outfit_barista_masculine_top_detail.png[39m[0m
[  90% ] [90m[1mreimport[22m | outfit_barista_masculine_top_carry.png[39m[0m
[  90% ] [90m[1mreimport[22m | outfit_barista_masculine_top.png[39m[0m
[  90% ] [90m[1mreimport[22m | outfit_barista_masculine_shoes_sit.png[39m[0m
[  90% ] [90m[1mreimport[22m | outfit_barista_masculine_shoes_phone.png[39m[0m
[  90% ] [90m[1mreimport[22m | outfit_barista_masculine_shoes_interact.png[39m[0m
[  90% ] [90m[1mreimport[22m | outfit_business_suit_feminine_shoes_idle.png[39m[0m
[  90% ] [90m[1mreimport[22m | outfit_business_suit_feminine_shoes_carry.png[39m[0m
[  90% ] [90m[1mreimport[22m | outfit_business_suit_feminine_shoes.png[39m[0m
[  90% ] [90m[1mreimport[22m | outfit_business_suit_feminine_bottom_sit.png[39m[0m
[  90% ] [90m[1mreimport[22m | outfit_business_suit_feminine_bottom_phone.png[39m[0m
[  90% ] [90m[1mreimport[22m | outfit_business_suit_feminine_bottom_interact.png[39m[0m
[  90% ] [90m[1mreimport[22m | outfit_business_suit_feminine_bottom_idle.png[39m[0m
[  90% ] [90m[1mreimport[22m | outfit_business_suit_feminine_bottom_carry.png[39m[0m
[  90% ] [90m[1mreimport[22m | outfit_business_suit_feminine_bottom.png[39m[0m
[  90% ] [90m[1mreimport[22m | outfit_barista_neutral_top_sit.png[39m[0m
[  91% ] [90m[1mreimport[22m | outfit_barista_neutral_top_phone.png[39m[0m
[  91% ] [90m[1mreimport[22m | outfit_barista_neutral_top_interact.png[39m[0m
[  91% ] [90m[1mreimport[22m | outfit_barista_neutral_top_idle.png[39m[0m
[  91% ] [90m[1mreimport[22m | outfit_barista_neutral_top_detail_sit.png[39m[0m
[  91% ] [90m[1mreimport[22m | outfit_barista_neutral_top_detail_phone.png[39m[0m
[  91% ] [90m[1mreimport[22m | outfit_barista_neutral_top_detail_interact.png[39m[0m
[  91% ] [90m[1mreimport[22m | outfit_barista_neutral_top_detail_idle.png[39m[0m
[  91% ] [90m[1mreimport[22m | outfit_barista_neutral_top_detail_carry.png[39m[0m
[  91% ] [90m[1mreimport[22m | outfit_barista_neutral_top_detail.png[39m[0m
[  91% ] [90m[1mreimport[22m | outfit_barista_neutral_top_carry.png[39m[0m
[  91% ] [90m[1mreimport[22m | outfit_barista_neutral_top.png[39m[0m
[  91% ] [90m[1mreimport[22m | outfit_barista_neutral_shoes_sit.png[39m[0m
[  91% ] [90m[1mreimport[22m | outfit_barista_neutral_shoes_phone.png[39m[0m
[  91% ] [90m[1mreimport[22m | outfit_barista_neutral_shoes_interact.png[39m[0m
[  91% ] [90m[1mreimport[22m | outfit_barista_feminine_shoes_carry.png[39m[0m
[  92% ] [90m[1mreimport[22m | outfit_barista_feminine_shoes.png[39m[0m
[  92% ] [90m[1mreimport[22m | outfit_barista_feminine_bottom_sit.png[39m[0m
[  92% ] [90m[1mreimport[22m | outfit_barista_feminine_bottom_phone.png[39m[0m
[  92% ] [90m[1mreimport[22m | outfit_barista_feminine_bottom_interact.png[39m[0m
[  92% ] [90m[1mreimport[22m | outfit_barista_feminine_bottom_idle.png[39m[0m
[  92% ] [90m[1mreimport[22m | outfit_barista_feminine_bottom_carry.png[39m[0m
[  92% ] [90m[1mreimport[22m | outfit_barista_feminine_bottom.png[39m[0m
[  92% ] [90m[1mreimport[22m | npc_sam.png[39m[0m
[  92% ] [90m[1mreimport[22m | npc_rosa.png[39m[0m
[  92% ] [90m[1mreimport[22m | npc_okafor_sit.png[39m[0m
[  92% ] [90m[1mreimport[22m | npc_okafor.png[39m[0m
[  92% ] [90m[1mreimport[22m | npc_lina_sit.png[39m[0m
[  92% ] [90m[1mreimport[22m | npc_lina.png[39m[0m
[  92% ] [90m[1mreimport[22m | npc_ines.png[39m[0m
[  92% ] [90m[1mreimport[22m | mouth_smile_sit.png[39m[0m
[  92% ] [90m[1mreimport[22m | mouth_smile_phone.png[39m[0m
[  93% ] [90m[1mreimport[22m | mouth_smile_interact.png[39m[0m
[  93% ] [90m[1mreimport[22m | mouth_smile_idle.png[39m[0m
[  93% ] [90m[1mreimport[22m | mouth_smile_carry.png[39m[0m
[  93% ] [90m[1mreimport[22m | mouth_smile.png[39m[0m
[  93% ] [90m[1mreimport[22m | mouth_small_sit.png[39m[0m
[  93% ] [90m[1mreimport[22m | mouth_small_phone.png[39m[0m
[  93% ] [90m[1mreimport[22m | mouth_small_interact.png[39m[0m
[  93% ] [90m[1mreimport[22m | outfit_barista_masculine_shoes_idle.png[39m[0m
[  93% ] [90m[1mreimport[22m | outfit_barista_masculine_shoes_carry.png[39m[0m
[  93% ] [90m[1mreimport[22m | outfit_barista_masculine_shoes.png[39m[0m
[  93% ] [90m[1mreimport[22m | outfit_barista_masculine_bottom_sit.png[39m[0m
[  93% ] [90m[1mreimport[22m | outfit_barista_masculine_bottom_phone.png[39m[0m
[  93% ] [90m[1mreimport[22m | outfit_barista_masculine_bottom_interact.png[39m[0m
[  93% ] [90m[1mreimport[22m | outfit_barista_masculine_bottom_idle.png[39m[0m
[  93% ] [90m[1mreimport[22m | outfit_barista_masculine_bottom_carry.png[39m[0m
[  93% ] [90m[1mreimport[22m | outfit_barista_masculine_bottom.png[39m[0m
[  94% ] [90m[1mreimport[22m | outfit_barista_feminine_top_sit.png[39m[0m
[  94% ] [90m[1mreimport[22m | outfit_barista_feminine_top_phone.png[39m[0m
[  94% ] [90m[1mreimport[22m | outfit_barista_feminine_top_interact.png[39m[0m
[  94% ] [90m[1mreimport[22m | outfit_barista_feminine_top_idle.png[39m[0m
[  94% ] [90m[1mreimport[22m | outfit_barista_feminine_top_detail_sit.png[39m[0m
[  94% ] [90m[1mreimport[22m | outfit_barista_feminine_top_detail_phone.png[39m[0m
[  94% ] [90m[1mreimport[22m | outfit_barista_feminine_top_detail_interact.png[39m[0m
[  94% ] [90m[1mreimport[22m | outfit_barista_feminine_top_detail_idle.png[39m[0m
[  94% ] [90m[1mreimport[22m | outfit_barista_feminine_top_detail_carry.png[39m[0m
[  94% ] [90m[1mreimport[22m | outfit_barista_feminine_top_detail.png[39m[0m
[  94% ] [90m[1mreimport[22m | outfit_barista_feminine_top_carry.png[39m[0m
[  94% ] [90m[1mreimport[22m | outfit_barista_feminine_top.png[39m[0m
[  94% ] [90m[1mreimport[22m | outfit_barista_feminine_shoes_sit.png[39m[0m
[  94% ] [90m[1mreimport[22m | outfit_barista_feminine_shoes_phone.png[39m[0m
[  94% ] [90m[1mreimport[22m | outfit_barista_feminine_shoes_interact.png[39m[0m
[  94% ] [90m[1mreimport[22m | outfit_barista_feminine_shoes_idle.png[39m[0m
[  95% ] [90m[1mreimport[22m | outfit_casual_jacket_feminine_shoes_interact.png[39m[0m
[  95% ] [90m[1mreimport[22m | outfit_casual_jacket_feminine_shoes_idle.png[39m[0m
[  95% ] [90m[1mreimport[22m | outfit_casual_jacket_feminine_shoes_carry.png[39m[0m
[  95% ] [90m[1mreimport[22m | outfit_casual_jacket_feminine_shoes.png[39m[0m
[  95% ] [90m[1mreimport[22m | outfit_casual_jacket_feminine_bottom_sit.png[39m[0m
[  95% ] [90m[1mreimport[22m | outfit_casual_jacket_feminine_bottom_phone.png[39m[0m
[  95% ] [90m[1mreimport[22m | outfit_casual_jacket_feminine_bottom_interact.png[39m[0m
[  95% ] [90m[1mreimport[22m | outfit_casual_jacket_feminine_bottom_idle.png[39m[0m
[  95% ] [90m[1mreimport[22m | outfit_casual_jacket_feminine_bottom_carry.png[39m[0m
[  95% ] [90m[1mreimport[22m | outfit_casual_jacket_feminine_bottom.png[39m[0m
[  95% ] [90m[1mreimport[22m | outfit_business_suit_neutral_top_sit.png[39m[0m
[  95% ] [90m[1mreimport[22m | outfit_business_suit_neutral_top_phone.png[39m[0m
[  95% ] [90m[1mreimport[22m | outfit_business_suit_neutral_top_interact.png[39m[0m
[  95% ] [90m[1mreimport[22m | outfit_business_suit_neutral_top_idle.png[39m[0m
[  95% ] [90m[1mreimport[22m | outfit_business_suit_neutral_top_detail_sit.png[39m[0m
[  96% ] [90m[1mreimport[22m | outfit_business_suit_neutral_top_detail_phone.png[39m[0m
[  96% ] [90m[1mreimport[22m | outfit_business_suit_neutral_top_detail_interact.png[39m[0m
[  96% ] [90m[1mreimport[22m | outfit_business_suit_neutral_top_detail_idle.png[39m[0m
[  96% ] [90m[1mreimport[22m | outfit_business_suit_neutral_top_detail_carry.png[39m[0m
[  96% ] [90m[1mreimport[22m | outfit_business_suit_neutral_top_detail.png[39m[0m
[  96% ] [90m[1mreimport[22m | outfit_business_suit_neutral_top_carry.png[39m[0m
[  96% ] [90m[1mreimport[22m | outfit_business_suit_neutral_top.png[39m[0m
[  96% ] [90m[1mreimport[22m | outfit_business_suit_neutral_shoes_sit.png[39m[0m
[  96% ] [90m[1mreimport[22m | outfit_business_suit_neutral_shoes_phone.png[39m[0m
[  96% ] [90m[1mreimport[22m | outfit_casual_jacket_masculine_top_phone.png[39m[0m
[  96% ] [90m[1mreimport[22m | outfit_casual_jacket_masculine_top_interact.png[39m[0m
[  96% ] [90m[1mreimport[22m | outfit_casual_jacket_masculine_top_idle.png[39m[0m
[  96% ] [90m[1mreimport[22m | outfit_casual_jacket_masculine_top_carry.png[39m[0m
[  96% ] [90m[1mreimport[22m | outfit_casual_jacket_masculine_top.png[39m[0m
[  96% ] [90m[1mreimport[22m | outfit_casual_jacket_masculine_shoes_sit.png[39m[0m
[  96% ] [90m[1mreimport[22m | outfit_casual_jacket_masculine_shoes_phone.png[39m[0m
[  97% ] [90m[1mreimport[22m | outfit_casual_jacket_masculine_shoes_interact.png[39m[0m
[  97% ] [90m[1mreimport[22m | outfit_casual_jacket_masculine_shoes_idle.png[39m[0m
[  97% ] [90m[1mreimport[22m | outfit_casual_jacket_masculine_shoes_carry.png[39m[0m
[  97% ] [90m[1mreimport[22m | outfit_casual_jacket_masculine_shoes.png[39m[0m
[  97% ] [90m[1mreimport[22m | outfit_casual_jacket_masculine_bottom_sit.png[39m[0m
[  97% ] [90m[1mreimport[22m | outfit_casual_jacket_masculine_bottom_phone.png[39m[0m
[  97% ] [90m[1mreimport[22m | outfit_casual_jacket_masculine_bottom_interact.png[39m[0m
[  97% ] [90m[1mreimport[22m | outfit_casual_jacket_masculine_bottom_idle.png[39m[0m
[  97% ] [90m[1mreimport[22m | outfit_casual_jacket_masculine_bottom_carry.png[39m[0m
[  97% ] [90m[1mreimport[22m | outfit_casual_jacket_masculine_bottom.png[39m[0m
[  97% ] [90m[1mreimport[22m | outfit_casual_jacket_feminine_top_sit.png[39m[0m
[  97% ] [90m[1mreimport[22m | outfit_casual_jacket_feminine_top_phone.png[39m[0m
[  97% ] [90m[1mreimport[22m | outfit_casual_jacket_feminine_top_interact.png[39m[0m
[  97% ] [90m[1mreimport[22m | outfit_casual_jacket_feminine_top_idle.png[39m[0m
[  97% ] [90m[1mreimport[22m | outfit_casual_jacket_feminine_top_carry.png[39m[0m
[  97% ] [90m[1mreimport[22m | outfit_casual_jacket_feminine_top.png[39m[0m
[  98% ] [90m[1mreimport[22m | outfit_casual_jacket_feminine_shoes_sit.png[39m[0m
[  98% ] [90m[1mreimport[22m | outfit_casual_jacket_feminine_shoes_phone.png[39m[0m
[  98% ] [90m[1mreimport[22m | outfit_business_suit_masculine_shoes_idle.png[39m[0m
[  98% ] [90m[1mreimport[22m | outfit_business_suit_masculine_shoes_carry.png[39m[0m
[  98% ] [90m[1mreimport[22m | outfit_business_suit_masculine_shoes.png[39m[0m
[  98% ] [90m[1mreimport[22m | outfit_business_suit_masculine_bottom_sit.png[39m[0m
[  98% ] [90m[1mreimport[22m | outfit_business_suit_masculine_bottom_phone.png[39m[0m
[  98% ] [90m[1mreimport[22m | outfit_business_suit_masculine_bottom_interact.png[39m[0m
[  98% ] [90m[1mreimport[22m | outfit_business_suit_masculine_bottom_idle.png[39m[0m
[  98% ] [90m[1mreimport[22m | outfit_business_suit_masculine_bottom_carry.png[39m[0m
[  98% ] [90m[1mreimport[22m | outfit_business_suit_masculine_bottom.png[39m[0m
[  98% ] [90m[1mreimport[22m | outfit_business_suit_feminine_top_sit.png[39m[0m
[  98% ] [90m[1mreimport[22m | outfit_business_suit_feminine_top_phone.png[39m[0m
[  98% ] [90m[1mreimport[22m | outfit_business_suit_feminine_top_interact.png[39m[0m
[  98% ] [90m[1mreimport[22m | outfit_business_suit_feminine_top_idle.png[39m[0m
[  98% ] [90m[1mreimport[22m | outfit_business_suit_feminine_top_detail_sit.png[39m[0m
[  99% ] [90m[1mreimport[22m | outfit_business_suit_feminine_top_detail_phone.png[39m[0m
[  99% ] [90m[1mreimport[22m | outfit_business_suit_feminine_top_detail_interact.png[39m[0m
[  99% ] [90m[1mreimport[22m | outfit_business_suit_feminine_top_detail_idle.png[39m[0m
[  99% ] [90m[1mreimport[22m | outfit_business_suit_feminine_top_detail_carry.png[39m[0m
[  99% ] [90m[1mreimport[22m | outfit_business_suit_feminine_top_detail.png[39m[0m
[  99% ] [90m[1mreimport[22m | outfit_business_suit_feminine_top_carry.png[39m[0m
[  99% ] [90m[1mreimport[22m | outfit_business_suit_feminine_top.png[39m[0m
[  99% ] [90m[1mreimport[22m | outfit_business_suit_feminine_shoes_sit.png[39m[0m
[  99% ] [90m[1mreimport[22m | outfit_business_suit_feminine_shoes_phone.png[39m[0m
[  99% ] [90m[1mreimport[22m | outfit_business_suit_feminine_shoes_interact.png[39m[0m
[  99% ] [90m[1mreimport[22m | outfit_business_suit_neutral_shoes_interact.png[39m[0m
[  99% ] [90m[1mreimport[22m | outfit_business_suit_neutral_shoes_idle.png[39m[0m
[  99% ] [90m[1mreimport[22m | outfit_business_suit_neutral_shoes_carry.png[39m[0m
[  99% ] [90m[1mreimport[22m | outfit_business_suit_neutral_shoes.png[39m[0m
[  99% ] [90m[1mreimport[22m | 完成素材匯入...[39m[0m
[92m[ DONE ][39m [1mreimport[22m
[0m
[   0% ] [90m[1mreimport[22m | Started （重新）匯入素材 (1574 steps)[39m[0m
[   0% ] [90m[1mreimport[22m | 執行重新匯入後續處理作業…[39m[0m
[92m[ DONE ][39m [1mreimport[22m
[0m
[   0% ] [90m[1mloading_editor_layout[22m | Started 載入編輯器 (5 steps)[39m[0m
[   0% ] [90m[1mloading_editor_layout[22m | 載入編輯器版面配置中…[39m[0m
[92m[ DONE ][39m [1mloading_editor_layout[22m
[0m
