Godot Engine v4.5.1.stable.official.f62fdbde1 - https://godotengine.org

[   0% ] [90m[1mfirst_scan_filesystem[22m | Started 專案初始化中 (5 steps)[39m[0m
[   0% ] [90m[1mfirst_scan_filesystem[22m | 正在掃描檔案結構…[39m[0m
[  16% ] [90m[1mfirst_scan_filesystem[22m | 載入全域類別名稱中…[39m[0m
[  33% ] [90m[1mfirst_scan_filesystem[22m | 正在驗證GD擴充功能...[39m[0m
[  50% ] [90m[1mfirst_scan_filesystem[22m | 正在建立自動載入腳本…[39m[0m
[  66% ] [90m[1mfirst_scan_filesystem[22m | 初始化外掛程式...[39m[0m
[  83% ] [90m[1mfirst_scan_filesystem[22m | 開始掃描檔案...[39m[0m
[92m[ DONE ][39m [1mfirst_scan_filesystem[22m
[0m
[   0% ] [90m[1m_update_scan_actions[22m | Started 掃描動作中... (740 steps)[39m[0m
[   0% ] [90m[1m_update_scan_actions[22m | outfit_executive_feminine_bottom.png[39m[0m
[   0% ] [90m[1m_update_scan_actions[22m | outfit_executive_feminine_bottom_carry.png[39m[0m
[   0% ] [90m[1m_update_scan_actions[22m | outfit_executive_feminine_bottom_idle.png[39m[0m
[   0% ] [90m[1m_update_scan_actions[22m | outfit_executive_feminine_bottom_interact.png[39m[0m
[   0% ] [90m[1m_update_scan_actions[22m | outfit_executive_feminine_bottom_phone.png[39m[0m
[   0% ] [90m[1m_update_scan_actions[22m | outfit_executive_feminine_bottom_sit.png[39m[0m
[   0% ] [90m[1m_update_scan_actions[22m | outfit_executive_feminine_shoes.png[39m[0m
[   0% ] [90m[1m_update_scan_actions[22m | outfit_executive_feminine_shoes_carry.png[39m[0m
[   1% ] [90m[1m_update_scan_actions[22m | outfit_executive_feminine_shoes_idle.png[39m[0m
[   1% ] [90m[1m_update_scan_actions[22m | outfit_executive_feminine_shoes_interact.png[39m[0m
[   1% ] [90m[1m_update_scan_actions[22m | outfit_executive_feminine_shoes_phone.png[39m[0m
[   1% ] [90m[1m_update_scan_actions[22m | outfit_executive_feminine_shoes_sit.png[39m[0m
[   1% ] [90m[1m_update_scan_actions[22m | outfit_executive_feminine_top.png[39m[0m
[   1% ] [90m[1m_update_scan_actions[22m | outfit_executive_feminine_top_carry.png[39m[0m
[   1% ] [90m[1m_update_scan_actions[22m | outfit_executive_feminine_top_detail.png[39m[0m
[   2% ] [90m[1m_update_scan_actions[22m | outfit_executive_feminine_top_detail_carry.png[39m[0m
[   2% ] [90m[1m_update_scan_actions[22m | outfit_executive_feminine_top_detail_idle.png[39m[0m
[   2% ] [90m[1m_update_scan_actions[22m | outfit_executive_feminine_top_detail_interact.png[39m[0m
[   2% ] [90m[1m_update_scan_actions[22m | outfit_executive_feminine_top_detail_phone.png[39m[0m
[   2% ] [90m[1m_update_scan_actions[22m | outfit_executive_feminine_top_detail_sit.png[39m[0m
[   2% ] [90m[1m_update_scan_actions[22m | outfit_executive_feminine_top_idle.png[39m[0m
[   2% ] [90m[1m_update_scan_actions[22m | outfit_executive_feminine_top_interact.png[39m[0m
[   2% ] [90m[1m_update_scan_actions[22m | outfit_executive_feminine_top_phone.png[39m[0m
[   3% ] [90m[1m_update_scan_actions[22m | outfit_executive_feminine_top_sit.png[39m[0m
[   3% ] [90m[1m_update_scan_actions[22m | outfit_executive_masculine_bottom.png[39m[0m
[   3% ] [90m[1m_update_scan_actions[22m | outfit_executive_masculine_bottom_carry.png[39m[0m
[   3% ] [90m[1m_update_scan_actions[22m | outfit_executive_masculine_bottom_idle.png[39m[0m
[   3% ] [90m[1m_update_scan_actions[22m | outfit_executive_masculine_bottom_interact.png[39m[0m
[   3% ] [90m[1m_update_scan_actions[22m | outfit_executive_masculine_bottom_phone.png[39m[0m
[   3% ] [90m[1m_update_scan_actions[22m | outfit_executive_masculine_bottom_sit.png[39m[0m
[   4% ] [90m[1m_update_scan_actions[22m | outfit_executive_masculine_shoes.png[39m[0m
[   4% ] [90m[1m_update_scan_actions[22m | outfit_executive_masculine_shoes_carry.png[39m[0m
[   4% ] [90m[1m_update_scan_actions[22m | outfit_executive_masculine_shoes_idle.png[39m[0m
[   4% ] [90m[1m_update_scan_actions[22m | outfit_executive_masculine_shoes_interact.png[39m[0m
[   4% ] [90m[1m_update_scan_actions[22m | outfit_executive_masculine_shoes_phone.png[39m[0m
[   4% ] [90m[1m_update_scan_actions[22m | outfit_executive_masculine_shoes_sit.png[39m[0m
[   4% ] [90m[1m_update_scan_actions[22m | outfit_executive_masculine_top.png[39m[0m
[   4% ] [90m[1m_update_scan_actions[22m | outfit_executive_masculine_top_carry.png[39m[0m
[   5% ] [90m[1m_update_scan_actions[22m | outfit_executive_masculine_top_detail.png[39m[0m
[   5% ] [90m[1m_update_scan_actions[22m | outfit_executive_masculine_top_detail_carry.png[39m[0m
[   5% ] [90m[1m_update_scan_actions[22m | outfit_executive_masculine_top_detail_idle.png[39m[0m
[   5% ] [90m[1m_update_scan_actions[22m | outfit_executive_masculine_top_detail_interact.png[39m[0m
[   5% ] [90m[1m_update_scan_actions[22m | outfit_executive_masculine_top_detail_phone.png[39m[0m
[   5% ] [90m[1m_update_scan_actions[22m | outfit_executive_masculine_top_detail_sit.png[39m[0m
[   5% ] [90m[1m_update_scan_actions[22m | outfit_executive_masculine_top_idle.png[39m[0m
[   6% ] [90m[1m_update_scan_actions[22m | outfit_executive_masculine_top_interact.png[39m[0m
[   6% ] [90m[1m_update_scan_actions[22m | outfit_executive_masculine_top_phone.png[39m[0m
[   6% ] [90m[1m_update_scan_actions[22m | outfit_executive_masculine_top_sit.png[39m[0m
[   6% ] [90m[1m_update_scan_actions[22m | outfit_executive_neutral_bottom.png[39m[0m
[   6% ] [90m[1m_update_scan_actions[22m | outfit_executive_neutral_bottom_carry.png[39m[0m
[   6% ] [90m[1m_update_scan_actions[22m | outfit_executive_neutral_bottom_idle.png[39m[0m
[   6% ] [90m[1m_update_scan_actions[22m | outfit_executive_neutral_bottom_interact.png[39m[0m
[   7% ] [90m[1m_update_scan_actions[22m | outfit_executive_neutral_bottom_phone.png[39m[0m
[   7% ] [90m[1m_update_scan_actions[22m | outfit_executive_neutral_bottom_sit.png[39m[0m
[   7% ] [90m[1m_update_scan_actions[22m | outfit_executive_neutral_shoes.png[39m[0m
[   7% ] [90m[1m_update_scan_actions[22m | outfit_executive_neutral_shoes_carry.png[39m[0m
[   7% ] [90m[1m_update_scan_actions[22m | outfit_executive_neutral_shoes_idle.png[39m[0m
[   7% ] [90m[1m_update_scan_actions[22m | outfit_executive_neutral_shoes_interact.png[39m[0m
[   7% ] [90m[1m_update_scan_actions[22m | outfit_executive_neutral_shoes_phone.png[39m[0m
[   7% ] [90m[1m_update_scan_actions[22m | outfit_executive_neutral_shoes_sit.png[39m[0m
[   8% ] [90m[1m_update_scan_actions[22m | outfit_executive_neutral_top.png[39m[0m
[   8% ] [90m[1m_update_scan_actions[22m | outfit_executive_neutral_top_carry.png[39m[0m
[   8% ] [90m[1m_update_scan_actions[22m | outfit_executive_neutral_top_detail.png[39m[0m
[   8% ] [90m[1m_update_scan_actions[22m | outfit_executive_neutral_top_detail_carry.png[39m[0m
[   8% ] [90m[1m_update_scan_actions[22m | outfit_executive_neutral_top_detail_idle.png[39m[0m
[   8% ] [90m[1m_update_scan_actions[22m | outfit_executive_neutral_top_detail_interact.png[39m[0m
[   8% ] [90m[1m_update_scan_actions[22m | outfit_executive_neutral_top_detail_phone.png[39m[0m
[   9% ] [90m[1m_update_scan_actions[22m | outfit_executive_neutral_top_detail_sit.png[39m[0m
[   9% ] [90m[1m_update_scan_actions[22m | outfit_executive_neutral_top_idle.png[39m[0m
[   9% ] [90m[1m_update_scan_actions[22m | outfit_executive_neutral_top_interact.png[39m[0m
[   9% ] [90m[1m_update_scan_actions[22m | outfit_executive_neutral_top_phone.png[39m[0m
[   9% ] [90m[1m_update_scan_actions[22m | outfit_executive_neutral_top_sit.png[39m[0m
[   9% ] [90m[1m_update_scan_actions[22m | outfit_formal_evening_feminine_bottom.png[39m[0m
[   9% ] [90m[1m_update_scan_actions[22m | outfit_formal_evening_feminine_bottom_carry.png[39m[0m
[   9% ] [90m[1m_update_scan_actions[22m | outfit_formal_evening_feminine_bottom_idle.png[39m[0m
[  10% ] [90m[1m_update_scan_actions[22m | outfit_formal_evening_feminine_bottom_interact.png[39m[0m
[  10% ] [90m[1m_update_scan_actions[22m | outfit_formal_evening_feminine_bottom_phone.png[39m[0m
[  10% ] [90m[1m_update_scan_actions[22m | outfit_formal_evening_feminine_bottom_sit.png[39m[0m
[  10% ] [90m[1m_update_scan_actions[22m | outfit_formal_evening_feminine_shoes.png[39m[0m
[  10% ] [90m[1m_update_scan_actions[22m | outfit_formal_evening_feminine_shoes_carry.png[39m[0m
[  10% ] [90m[1m_update_scan_actions[22m | outfit_formal_evening_feminine_shoes_idle.png[39m[0m
[  10% ] [90m[1m_update_scan_actions[22m | outfit_formal_evening_feminine_shoes_interact.png[39m[0m
[  11% ] [90m[1m_update_scan_actions[22m | outfit_formal_evening_feminine_shoes_phone.png[39m[0m
[  11% ] [90m[1m_update_scan_actions[22m | outfit_formal_evening_feminine_shoes_sit.png[39m[0m
[  11% ] [90m[1m_update_scan_actions[22m | outfit_formal_evening_feminine_top.png[39m[0m
[  11% ] [90m[1m_update_scan_actions[22m | outfit_formal_evening_feminine_top_carry.png[39m[0m
[  11% ] [90m[1m_update_scan_actions[22m | outfit_formal_evening_feminine_top_detail.png[39m[0m
[  11% ] [90m[1m_update_scan_actions[22m | outfit_formal_evening_feminine_top_detail_carry.png[39m[0m
[  11% ] [90m[1m_update_scan_actions[22m | outfit_formal_evening_feminine_top_detail_idle.png[39m[0m
[  12% ] [90m[1m_update_scan_actions[22m | outfit_formal_evening_feminine_top_detail_interact.png[39m[0m
[  12% ] [90m[1m_update_scan_actions[22m | outfit_formal_evening_feminine_top_detail_phone.png[39m[0m
[  12% ] [90m[1m_update_scan_actions[22m | outfit_formal_evening_feminine_top_detail_sit.png[39m[0m
[  12% ] [90m[1m_update_scan_actions[22m | outfit_formal_evening_feminine_top_idle.png[39m[0m
[  12% ] [90m[1m_update_scan_actions[22m | outfit_formal_evening_feminine_top_interact.png[39m[0m
[  12% ] [90m[1m_update_scan_actions[22m | outfit_formal_evening_feminine_top_phone.png[39m[0m
[  12% ] [90m[1m_update_scan_actions[22m | outfit_formal_evening_feminine_top_sit.png[39m[0m
[  12% ] [90m[1m_update_scan_actions[22m | outfit_formal_evening_masculine_bottom.png[39m[0m
[  13% ] [90m[1m_update_scan_actions[22m | outfit_formal_evening_masculine_bottom_carry.png[39m[0m
[  13% ] [90m[1m_update_scan_actions[22m | outfit_formal_evening_masculine_bottom_idle.png[39m[0m
[  13% ] [90m[1m_update_scan_actions[22m | outfit_formal_evening_masculine_bottom_interact.png[39m[0m
[  13% ] [90m[1m_update_scan_actions[22m | outfit_formal_evening_masculine_bottom_phone.png[39m[0m
[  13% ] [90m[1m_update_scan_actions[22m | outfit_formal_evening_masculine_bottom_sit.png[39m[0m
[  13% ] [90m[1m_update_scan_actions[22m | outfit_formal_evening_masculine_shoes.png[39m[0m
[  13% ] [90m[1m_update_scan_actions[22m | outfit_formal_evening_masculine_shoes_carry.png[39m[0m
[  14% ] [90m[1m_update_scan_actions[22m | outfit_formal_evening_masculine_shoes_idle.png[39m[0m
[  14% ] [90m[1m_update_scan_actions[22m | outfit_formal_evening_masculine_shoes_interact.png[39m[0m
[  14% ] [90m[1m_update_scan_actions[22m | outfit_formal_evening_masculine_shoes_phone.png[39m[0m
[  14% ] [90m[1m_update_scan_actions[22m | outfit_formal_evening_masculine_shoes_sit.png[39m[0m
[  14% ] [90m[1m_update_scan_actions[22m | outfit_formal_evening_masculine_top.png[39m[0m
[  14% ] [90m[1m_update_scan_actions[22m | outfit_formal_evening_masculine_top_carry.png[39m[0m
[  14% ] [90m[1m_update_scan_actions[22m | outfit_formal_evening_masculine_top_detail.png[39m[0m
[  14% ] [90m[1m_update_scan_actions[22m | outfit_formal_evening_masculine_top_detail_carry.png[39m[0m
[  15% ] [90m[1m_update_scan_actions[22m | outfit_formal_evening_masculine_top_detail_idle.png[39m[0m
[  15% ] [90m[1m_update_scan_actions[22m | outfit_formal_evening_masculine_top_detail_interact.png[39m[0m
[  15% ] [90m[1m_update_scan_actions[22m | outfit_formal_evening_masculine_top_detail_phone.png[39m[0m
[  15% ] [90m[1m_update_scan_actions[22m | outfit_formal_evening_masculine_top_detail_sit.png[39m[0m
[  15% ] [90m[1m_update_scan_actions[22m | outfit_formal_evening_masculine_top_idle.png[39m[0m
[  15% ] [90m[1m_update_scan_actions[22m | outfit_formal_evening_masculine_top_interact.png[39m[0m
[  15% ] [90m[1m_update_scan_actions[22m | outfit_formal_evening_masculine_top_phone.png[39m[0m
[  16% ] [90m[1m_update_scan_actions[22m | outfit_formal_evening_masculine_top_sit.png[39m[0m
[  16% ] [90m[1m_update_scan_actions[22m | outfit_formal_evening_neutral_bottom.png[39m[0m
[  16% ] [90m[1m_update_scan_actions[22m | outfit_formal_evening_neutral_bottom_carry.png[39m[0m
[  16% ] [90m[1m_update_scan_actions[22m | outfit_formal_evening_neutral_bottom_idle.png[39m[0m
[  16% ] [90m[1m_update_scan_actions[22m | outfit_formal_evening_neutral_bottom_interact.png[39m[0m
[  16% ] [90m[1m_update_scan_actions[22m | outfit_formal_evening_neutral_bottom_phone.png[39m[0m
[  16% ] [90m[1m_update_scan_actions[22m | outfit_formal_evening_neutral_bottom_sit.png[39m[0m
[  17% ] [90m[1m_update_scan_actions[22m | outfit_formal_evening_neutral_shoes.png[39m[0m
[  17% ] [90m[1m_update_scan_actions[22m | outfit_formal_evening_neutral_shoes_carry.png[39m[0m
[  17% ] [90m[1m_update_scan_actions[22m | outfit_formal_evening_neutral_shoes_idle.png[39m[0m
[  17% ] [90m[1m_update_scan_actions[22m | outfit_formal_evening_neutral_shoes_interact.png[39m[0m
[  17% ] [90m[1m_update_scan_actions[22m | outfit_formal_evening_neutral_shoes_phone.png[39m[0m
[  17% ] [90m[1m_update_scan_actions[22m | outfit_formal_evening_neutral_shoes_sit.png[39m[0m
[  17% ] [90m[1m_update_scan_actions[22m | outfit_formal_evening_neutral_top.png[39m[0m
[  17% ] [90m[1m_update_scan_actions[22m | outfit_formal_evening_neutral_top_carry.png[39m[0m
[  18% ] [90m[1m_update_scan_actions[22m | outfit_formal_evening_neutral_top_detail.png[39m[0m
[  18% ] [90m[1m_update_scan_actions[22m | outfit_formal_evening_neutral_top_detail_carry.png[39m[0m
[  18% ] [90m[1m_update_scan_actions[22m | outfit_formal_evening_neutral_top_detail_idle.png[39m[0m
[  18% ] [90m[1m_update_scan_actions[22m | outfit_formal_evening_neutral_top_detail_interact.png[39m[0m
[  18% ] [90m[1m_update_scan_actions[22m | outfit_formal_evening_neutral_top_detail_phone.png[39m[0m
[  18% ] [90m[1m_update_scan_actions[22m | outfit_formal_evening_neutral_top_detail_sit.png[39m[0m
[  18% ] [90m[1m_update_scan_actions[22m | outfit_formal_evening_neutral_top_idle.png[39m[0m
[  19% ] [90m[1m_update_scan_actions[22m | outfit_formal_evening_neutral_top_interact.png[39m[0m
[  19% ] [90m[1m_update_scan_actions[22m | outfit_formal_evening_neutral_top_phone.png[39m[0m
[  19% ] [90m[1m_update_scan_actions[22m | outfit_formal_evening_neutral_top_sit.png[39m[0m
[  19% ] [90m[1m_update_scan_actions[22m | outfit_logistics_site_feminine_bottom.png[39m[0m
[  19% ] [90m[1m_update_scan_actions[22m | outfit_logistics_site_feminine_bottom_carry.png[39m[0m
[  19% ] [90m[1m_update_scan_actions[22m | outfit_logistics_site_feminine_bottom_idle.png[39m[0m
[  19% ] [90m[1m_update_scan_actions[22m | outfit_logistics_site_feminine_bottom_interact.png[39m[0m
[  19% ] [90m[1m_update_scan_actions[22m | outfit_logistics_site_feminine_bottom_phone.png[39m[0m
[  20% ] [90m[1m_update_scan_actions[22m | outfit_logistics_site_feminine_bottom_sit.png[39m[0m
[  20% ] [90m[1m_update_scan_actions[22m | outfit_logistics_site_feminine_shoes.png[39m[0m
[  20% ] [90m[1m_update_scan_actions[22m | outfit_logistics_site_feminine_shoes_carry.png[39m[0m
[  20% ] [90m[1m_update_scan_actions[22m | outfit_logistics_site_feminine_shoes_idle.png[39m[0m
[  20% ] [90m[1m_update_scan_actions[22m | outfit_logistics_site_feminine_shoes_interact.png[39m[0m
[  20% ] [90m[1m_update_scan_actions[22m | outfit_logistics_site_feminine_shoes_phone.png[39m[0m
[  20% ] [90m[1m_update_scan_actions[22m | outfit_logistics_site_feminine_shoes_sit.png[39m[0m
[  21% ] [90m[1m_update_scan_actions[22m | outfit_logistics_site_feminine_top.png[39m[0m
[  21% ] [90m[1m_update_scan_actions[22m | outfit_logistics_site_feminine_top_carry.png[39m[0m
[  21% ] [90m[1m_update_scan_actions[22m | outfit_logistics_site_feminine_top_detail.png[39m[0m
[  21% ] [90m[1m_update_scan_actions[22m | outfit_logistics_site_feminine_top_detail_carry.png[39m[0m
[  21% ] [90m[1m_update_scan_actions[22m | outfit_logistics_site_feminine_top_detail_idle.png[39m[0m
[  21% ] [90m[1m_update_scan_actions[22m | outfit_logistics_site_feminine_top_detail_interact.png[39m[0m
[  21% ] [90m[1m_update_scan_actions[22m | outfit_logistics_site_feminine_top_detail_phone.png[39m[0m
[  21% ] [90m[1m_update_scan_actions[22m | outfit_logistics_site_feminine_top_detail_sit.png[39m[0m
[  22% ] [90m[1m_update_scan_actions[22m | outfit_logistics_site_feminine_top_idle.png[39m[0m
[  22% ] [90m[1m_update_scan_actions[22m | outfit_logistics_site_feminine_top_interact.png[39m[0m
[  22% ] [90m[1m_update_scan_actions[22m | outfit_logistics_site_feminine_top_phone.png[39m[0m
[  22% ] [90m[1m_update_scan_actions[22m | outfit_logistics_site_feminine_top_sit.png[39m[0m
[  22% ] [90m[1m_update_scan_actions[22m | outfit_logistics_site_masculine_bottom.png[39m[0m
[  22% ] [90m[1m_update_scan_actions[22m | outfit_logistics_site_masculine_bottom_carry.png[39m[0m
[  22% ] [90m[1m_update_scan_actions[22m | outfit_logistics_site_masculine_bottom_idle.png[39m[0m
[  23% ] [90m[1m_update_scan_actions[22m | outfit_logistics_site_masculine_bottom_interact.png[39m[0m
[  23% ] [90m[1m_update_scan_actions[22m | outfit_logistics_site_masculine_bottom_phone.png[39m[0m
[  23% ] [90m[1m_update_scan_actions[22m | outfit_logistics_site_masculine_bottom_sit.png[39m[0m
[  23% ] [90m[1m_update_scan_actions[22m | outfit_logistics_site_masculine_shoes.png[39m[0m
[  23% ] [90m[1m_update_scan_actions[22m | outfit_logistics_site_masculine_shoes_carry.png[39m[0m
[  23% ] [90m[1m_update_scan_actions[22m | outfit_logistics_site_masculine_shoes_idle.png[39m[0m
[  23% ] [90m[1m_update_scan_actions[22m | outfit_logistics_site_masculine_shoes_interact.png[39m[0m
[  24% ] [90m[1m_update_scan_actions[22m | outfit_logistics_site_masculine_shoes_phone.png[39m[0m
[  24% ] [90m[1m_update_scan_actions[22m | outfit_logistics_site_masculine_shoes_sit.png[39m[0m
[  24% ] [90m[1m_update_scan_actions[22m | outfit_logistics_site_masculine_top.png[39m[0m
[  24% ] [90m[1m_update_scan_actions[22m | outfit_logistics_site_masculine_top_carry.png[39m[0m
[  24% ] [90m[1m_update_scan_actions[22m | outfit_logistics_site_masculine_top_detail.png[39m[0m
[  24% ] [90m[1m_update_scan_actions[22m | outfit_logistics_site_masculine_top_detail_carry.png[39m[0m
[  24% ] [90m[1m_update_scan_actions[22m | outfit_logistics_site_masculine_top_detail_idle.png[39m[0m
[  24% ] [90m[1m_update_scan_actions[22m | outfit_logistics_site_masculine_top_detail_interact.png[39m[0m
[  25% ] [90m[1m_update_scan_actions[22m | outfit_logistics_site_masculine_top_detail_phone.png[39m[0m
[  25% ] [90m[1m_update_scan_actions[22m | outfit_logistics_site_masculine_top_detail_sit.png[39m[0m
[  25% ] [90m[1m_update_scan_actions[22m | outfit_logistics_site_masculine_top_idle.png[39m[0m
[  25% ] [90m[1m_update_scan_actions[22m | outfit_logistics_site_masculine_top_interact.png[39m[0m
[  25% ] [90m[1m_update_scan_actions[22m | outfit_logistics_site_masculine_top_phone.png[39m[0m
[  25% ] [90m[1m_update_scan_actions[22m | outfit_logistics_site_masculine_top_sit.png[39m[0m
[  25% ] [90m[1m_update_scan_actions[22m | outfit_logistics_site_neutral_bottom.png[39m[0m
[  26% ] [90m[1m_update_scan_actions[22m | outfit_logistics_site_neutral_bottom_carry.png[39m[0m
[  26% ] [90m[1m_update_scan_actions[22m | outfit_logistics_site_neutral_bottom_idle.png[39m[0m
[  26% ] [90m[1m_update_scan_actions[22m | outfit_logistics_site_neutral_bottom_interact.png[39m[0m
[  26% ] [90m[1m_update_scan_actions[22m | outfit_logistics_site_neutral_bottom_phone.png[39m[0m
[  26% ] [90m[1m_update_scan_actions[22m | outfit_logistics_site_neutral_bottom_sit.png[39m[0m
[  26% ] [90m[1m_update_scan_actions[22m | outfit_logistics_site_neutral_shoes.png[39m[0m
[  26% ] [90m[1m_update_scan_actions[22m | outfit_logistics_site_neutral_shoes_carry.png[39m[0m
[  26% ] [90m[1m_update_scan_actions[22m | outfit_logistics_site_neutral_shoes_idle.png[39m[0m
[  27% ] [90m[1m_update_scan_actions[22m | outfit_logistics_site_neutral_shoes_interact.png[39m[0m
[  27% ] [90m[1m_update_scan_actions[22m | outfit_logistics_site_neutral_shoes_phone.png[39m[0m
[  27% ] [90m[1m_update_scan_actions[22m | outfit_logistics_site_neutral_shoes_sit.png[39m[0m
[  27% ] [90m[1m_update_scan_actions[22m | outfit_logistics_site_neutral_top.png[39m[0m
[  27% ] [90m[1m_update_scan_actions[22m | outfit_logistics_site_neutral_top_carry.png[39m[0m
[  27% ] [90m[1m_update_scan_actions[22m | outfit_logistics_site_neutral_top_detail.png[39m[0m
[  27% ] [90m[1m_update_scan_actions[22m | outfit_logistics_site_neutral_top_detail_carry.png[39m[0m
[  28% ] [90m[1m_update_scan_actions[22m | outfit_logistics_site_neutral_top_detail_idle.png[39m[0m
[  28% ] [90m[1m_update_scan_actions[22m | outfit_logistics_site_neutral_top_detail_interact.png[39m[0m
[  28% ] [90m[1m_update_scan_actions[22m | outfit_logistics_site_neutral_top_detail_phone.png[39m[0m
[  28% ] [90m[1m_update_scan_actions[22m | outfit_logistics_site_neutral_top_detail_sit.png[39m[0m
[  28% ] [90m[1m_update_scan_actions[22m | outfit_logistics_site_neutral_top_idle.png[39m[0m
[  28% ] [90m[1m_update_scan_actions[22m | outfit_logistics_site_neutral_top_interact.png[39m[0m
[  28% ] [90m[1m_update_scan_actions[22m | outfit_logistics_site_neutral_top_phone.png[39m[0m
[  29% ] [90m[1m_update_scan_actions[22m | outfit_logistics_site_neutral_top_sit.png[39m[0m
[  29% ] [90m[1m_update_scan_actions[22m | outfit_luxury_citywear_feminine_bottom.png[39m[0m
[  29% ] [90m[1m_update_scan_actions[22m | outfit_luxury_citywear_feminine_bottom_carry.png[39m[0m
[  29% ] [90m[1m_update_scan_actions[22m | outfit_luxury_citywear_feminine_bottom_idle.png[39m[0m
[  29% ] [90m[1m_update_scan_actions[22m | outfit_luxury_citywear_feminine_bottom_interact.png[39m[0m
[  29% ] [90m[1m_update_scan_actions[22m | outfit_luxury_citywear_feminine_bottom_phone.png[39m[0m
[  29% ] [90m[1m_update_scan_actions[22m | outfit_luxury_citywear_feminine_bottom_sit.png[39m[0m
[  29% ] [90m[1m_update_scan_actions[22m | outfit_luxury_citywear_feminine_shoes.png[39m[0m
[  30% ] [90m[1m_update_scan_actions[22m | outfit_luxury_citywear_feminine_shoes_carry.png[39m[0m
[  30% ] [90m[1m_update_scan_actions[22m | outfit_luxury_citywear_feminine_shoes_idle.png[39m[0m
[  30% ] [90m[1m_update_scan_actions[22m | outfit_luxury_citywear_feminine_shoes_interact.png[39m[0m
[  30% ] [90m[1m_update_scan_actions[22m | outfit_luxury_citywear_feminine_shoes_phone.png[39m[0m
[  30% ] [90m[1m_update_scan_actions[22m | outfit_luxury_citywear_feminine_shoes_sit.png[39m[0m
[  30% ] [90m[1m_update_scan_actions[22m | outfit_luxury_citywear_feminine_top.png[39m[0m
[  30% ] [90m[1m_update_scan_actions[22m | outfit_luxury_citywear_feminine_top_carry.png[39m[0m
[  31% ] [90m[1m_update_scan_actions[22m | outfit_luxury_citywear_feminine_top_detail.png[39m[0m
[  31% ] [90m[1m_update_scan_actions[22m | outfit_luxury_citywear_feminine_top_detail_carry.png[39m[0m
[  31% ] [90m[1m_update_scan_actions[22m | outfit_luxury_citywear_feminine_top_detail_idle.png[39m[0m
[  31% ] [90m[1m_update_scan_actions[22m | outfit_luxury_citywear_feminine_top_detail_interact.png[39m[0m
[  31% ] [90m[1m_update_scan_actions[22m | outfit_luxury_citywear_feminine_top_detail_phone.png[39m[0m
[  31% ] [90m[1m_update_scan_actions[22m | outfit_luxury_citywear_feminine_top_detail_sit.png[39m[0m
[  31% ] [90m[1m_update_scan_actions[22m | outfit_luxury_citywear_feminine_top_idle.png[39m[0m
[  31% ] [90m[1m_update_scan_actions[22m | outfit_luxury_citywear_feminine_top_interact.png[39m[0m
[  32% ] [90m[1m_update_scan_actions[22m | outfit_luxury_citywear_feminine_top_phone.png[39m[0m
[  32% ] [90m[1m_update_scan_actions[22m | outfit_luxury_citywear_feminine_top_sit.png[39m[0m
[  32% ] [90m[1m_update_scan_actions[22m | outfit_luxury_citywear_masculine_bottom.png[39m[0m
[  32% ] [90m[1m_update_scan_actions[22m | outfit_luxury_citywear_masculine_bottom_carry.png[39m[0m
[  32% ] [90m[1m_update_scan_actions[22m | outfit_luxury_citywear_masculine_bottom_idle.png[39m[0m
[  32% ] [90m[1m_update_scan_actions[22m | outfit_luxury_citywear_masculine_bottom_interact.png[39m[0m
[  32% ] [90m[1m_update_scan_actions[22m | outfit_luxury_citywear_masculine_bottom_phone.png[39m[0m
[  33% ] [90m[1m_update_scan_actions[22m | outfit_luxury_citywear_masculine_bottom_sit.png[39m[0m
[  33% ] [90m[1m_update_scan_actions[22m | outfit_luxury_citywear_masculine_shoes.png[39m[0m
[  33% ] [90m[1m_update_scan_actions[22m | outfit_luxury_citywear_masculine_shoes_carry.png[39m[0m
[  33% ] [90m[1m_update_scan_actions[22m | outfit_luxury_citywear_masculine_shoes_idle.png[39m[0m
[  33% ] [90m[1m_update_scan_actions[22m | outfit_luxury_citywear_masculine_shoes_interact.png[39m[0m
[  33% ] [90m[1m_update_scan_actions[22m | outfit_luxury_citywear_masculine_shoes_phone.png[39m[0m
[  33% ] [90m[1m_update_scan_actions[22m | outfit_luxury_citywear_masculine_shoes_sit.png[39m[0m
[  34% ] [90m[1m_update_scan_actions[22m | outfit_luxury_citywear_masculine_top.png[39m[0m
[  34% ] [90m[1m_update_scan_actions[22m | outfit_luxury_citywear_masculine_top_carry.png[39m[0m
[  34% ] [90m[1m_update_scan_actions[22m | outfit_luxury_citywear_masculine_top_detail.png[39m[0m
[  34% ] [90m[1m_update_scan_actions[22m | outfit_luxury_citywear_masculine_top_detail_carry.png[39m[0m
[  34% ] [90m[1m_update_scan_actions[22m | outfit_luxury_citywear_masculine_top_detail_idle.png[39m[0m
[  34% ] [90m[1m_update_scan_actions[22m | outfit_luxury_citywear_masculine_top_detail_interact.png[39m[0m
[  34% ] [90m[1m_update_scan_actions[22m | outfit_luxury_citywear_masculine_top_detail_phone.png[39m[0m
[  34% ] [90m[1m_update_scan_actions[22m | outfit_luxury_citywear_masculine_top_detail_sit.png[39m[0m
[  35% ] [90m[1m_update_scan_actions[22m | outfit_luxury_citywear_masculine_top_idle.png[39m[0m
[  35% ] [90m[1m_update_scan_actions[22m | outfit_luxury_citywear_masculine_top_interact.png[39m[0m
[  35% ] [90m[1m_update_scan_actions[22m | outfit_luxury_citywear_masculine_top_phone.png[39m[0m
[  35% ] [90m[1m_update_scan_actions[22m | outfit_luxury_citywear_masculine_top_sit.png[39m[0m
[  35% ] [90m[1m_update_scan_actions[22m | outfit_luxury_citywear_neutral_bottom.png[39m[0m
[  35% ] [90m[1m_update_scan_actions[22m | outfit_luxury_citywear_neutral_bottom_carry.png[39m[0m
[  35% ] [90m[1m_update_scan_actions[22m | outfit_luxury_citywear_neutral_bottom_idle.png[39m[0m
[  36% ] [90m[1m_update_scan_actions[22m | outfit_luxury_citywear_neutral_bottom_interact.png[39m[0m
[  36% ] [90m[1m_update_scan_actions[22m | outfit_luxury_citywear_neutral_bottom_phone.png[39m[0m
[  36% ] [90m[1m_update_scan_actions[22m | outfit_luxury_citywear_neutral_bottom_sit.png[39m[0m
[  36% ] [90m[1m_update_scan_actions[22m | outfit_luxury_citywear_neutral_shoes.png[39m[0m
[  36% ] [90m[1m_update_scan_actions[22m | outfit_luxury_citywear_neutral_shoes_carry.png[39m[0m
[  36% ] [90m[1m_update_scan_actions[22m | outfit_luxury_citywear_neutral_shoes_idle.png[39m[0m
[  36% ] [90m[1m_update_scan_actions[22m | outfit_luxury_citywear_neutral_shoes_interact.png[39m[0m
[  36% ] [90m[1m_update_scan_actions[22m | outfit_luxury_citywear_neutral_shoes_phone.png[39m[0m
[  37% ] [90m[1m_update_scan_actions[22m | outfit_luxury_citywear_neutral_shoes_sit.png[39m[0m
[  37% ] [90m[1m_update_scan_actions[22m | outfit_luxury_citywear_neutral_top.png[39m[0m
[  37% ] [90m[1m_update_scan_actions[22m | outfit_luxury_citywear_neutral_top_carry.png[39m[0m
[  37% ] [90m[1m_update_scan_actions[22m | outfit_luxury_citywear_neutral_top_detail.png[39m[0m
[  37% ] [90m[1m_update_scan_actions[22m | outfit_luxury_citywear_neutral_top_detail_carry.png[39m[0m
[  37% ] [90m[1m_update_scan_actions[22m | outfit_luxury_citywear_neutral_top_detail_idle.png[39m[0m
[  37% ] [90m[1m_update_scan_actions[22m | outfit_luxury_citywear_neutral_top_detail_interact.png[39m[0m
[  38% ] [90m[1m_update_scan_actions[22m | outfit_luxury_citywear_neutral_top_detail_phone.png[39m[0m
[  38% ] [90m[1m_update_scan_actions[22m | outfit_luxury_citywear_neutral_top_detail_sit.png[39m[0m
[  38% ] [90m[1m_update_scan_actions[22m | outfit_luxury_citywear_neutral_top_idle.png[39m[0m
[  38% ] [90m[1m_update_scan_actions[22m | outfit_luxury_citywear_neutral_top_interact.png[39m[0m
[  38% ] [90m[1m_update_scan_actions[22m | outfit_luxury_citywear_neutral_top_phone.png[39m[0m
[  38% ] [90m[1m_update_scan_actions[22m | outfit_luxury_citywear_neutral_top_sit.png[39m[0m
[  38% ] [90m[1m_update_scan_actions[22m | outfit_travel_feminine_bottom.png[39m[0m
[  39% ] [90m[1m_update_scan_actions[22m | outfit_travel_feminine_bottom_carry.png[39m[0m
[  39% ] [90m[1m_update_scan_actions[22m | outfit_travel_feminine_bottom_idle.png[39m[0m
[  39% ] [90m[1m_update_scan_actions[22m | outfit_travel_feminine_bottom_interact.png[39m[0m
[  39% ] [90m[1m_update_scan_actions[22m | outfit_travel_feminine_bottom_phone.png[39m[0m
[  39% ] [90m[1m_update_scan_actions[22m | outfit_travel_feminine_bottom_sit.png[39m[0m
[  39% ] [90m[1m_update_scan_actions[22m | outfit_travel_feminine_shoes.png[39m[0m
[  39% ] [90m[1m_update_scan_actions[22m | outfit_travel_feminine_shoes_carry.png[39m[0m
[  39% ] [90m[1m_update_scan_actions[22m | outfit_travel_feminine_shoes_idle.png[39m[0m
[  40% ] [90m[1m_update_scan_actions[22m | outfit_travel_feminine_shoes_interact.png[39m[0m
[  40% ] [90m[1m_update_scan_actions[22m | outfit_travel_feminine_shoes_phone.png[39m[0m
[  40% ] [90m[1m_update_scan_actions[22m | outfit_travel_feminine_shoes_sit.png[39m[0m
[  40% ] [90m[1m_update_scan_actions[22m | outfit_travel_feminine_top.png[39m[0m
[  40% ] [90m[1m_update_scan_actions[22m | outfit_travel_feminine_top_carry.png[39m[0m
[  40% ] [90m[1m_update_scan_actions[22m | outfit_travel_feminine_top_detail.png[39m[0m
[  40% ] [90m[1m_update_scan_actions[22m | outfit_travel_feminine_top_detail_carry.png[39m[0m
[  41% ] [90m[1m_update_scan_actions[22m | outfit_travel_feminine_top_detail_idle.png[39m[0m
[  41% ] [90m[1m_update_scan_actions[22m | outfit_travel_feminine_top_detail_interact.png[39m[0m
[  41% ] [90m[1m_update_scan_actions[22m | outfit_travel_feminine_top_detail_phone.png[39m[0m
[  41% ] [90m[1m_update_scan_actions[22m | outfit_travel_feminine_top_detail_sit.png[39m[0m
[  41% ] [90m[1m_update_scan_actions[22m | outfit_travel_feminine_top_idle.png[39m[0m
[  41% ] [90m[1m_update_scan_actions[22m | outfit_travel_feminine_top_interact.png[39m[0m
[  41% ] [90m[1m_update_scan_actions[22m | outfit_travel_feminine_top_phone.png[39m[0m
[  41% ] [90m[1m_update_scan_actions[22m | outfit_travel_feminine_top_sit.png[39m[0m
[  42% ] [90m[1m_update_scan_actions[22m | outfit_travel_masculine_bottom.png[39m[0m
[  42% ] [90m[1m_update_scan_actions[22m | outfit_travel_masculine_bottom_carry.png[39m[0m
[  42% ] [90m[1m_update_scan_actions[22m | outfit_travel_masculine_bottom_idle.png[39m[0m
[  42% ] [90m[1m_update_scan_actions[22m | outfit_travel_masculine_bottom_interact.png[39m[0m
[  42% ] [90m[1m_update_scan_actions[22m | outfit_travel_masculine_bottom_phone.png[39m[0m
[  42% ] [90m[1m_update_scan_actions[22m | outfit_travel_masculine_bottom_sit.png[39m[0m
[  42% ] [90m[1m_update_scan_actions[22m | outfit_travel_masculine_shoes.png[39m[0m
[  43% ] [90m[1m_update_scan_actions[22m | outfit_travel_masculine_shoes_carry.png[39m[0m
[  43% ] [90m[1m_update_scan_actions[22m | outfit_travel_masculine_shoes_idle.png[39m[0m
[  43% ] [90m[1m_update_scan_actions[22m | outfit_travel_masculine_shoes_interact.png[39m[0m
[  43% ] [90m[1m_update_scan_actions[22m | outfit_travel_masculine_shoes_phone.png[39m[0m
[  43% ] [90m[1m_update_scan_actions[22m | outfit_travel_masculine_shoes_sit.png[39m[0m
[  43% ] [90m[1m_update_scan_actions[22m | outfit_travel_masculine_top.png[39m[0m
[  43% ] [90m[1m_update_scan_actions[22m | outfit_travel_masculine_top_carry.png[39m[0m
[  43% ] [90m[1m_update_scan_actions[22m | outfit_travel_masculine_top_detail.png[39m[0m
[  44% ] [90m[1m_update_scan_actions[22m | outfit_travel_masculine_top_detail_carry.png[39m[0m
[  44% ] [90m[1m_update_scan_actions[22m | outfit_travel_masculine_top_detail_idle.png[39m[0m
[  44% ] [90m[1m_update_scan_actions[22m | outfit_travel_masculine_top_detail_interact.png[39m[0m
[  44% ] [90m[1m_update_scan_actions[22m | outfit_travel_masculine_top_detail_phone.png[39m[0m
[  44% ] [90m[1m_update_scan_actions[22m | outfit_travel_masculine_top_detail_sit.png[39m[0m
[  44% ] [90m[1m_update_scan_actions[22m | outfit_travel_masculine_top_idle.png[39m[0m
[  44% ] [90m[1m_update_scan_actions[22m | outfit_travel_masculine_top_interact.png[39m[0m
[  45% ] [90m[1m_update_scan_actions[22m | outfit_travel_masculine_top_phone.png[39m[0m
[  45% ] [90m[1m_update_scan_actions[22m | outfit_travel_masculine_top_sit.png[39m[0m
[  45% ] [90m[1m_update_scan_actions[22m | outfit_travel_neutral_bottom.png[39m[0m
[  45% ] [90m[1m_update_scan_actions[22m | outfit_travel_neutral_bottom_carry.png[39m[0m
[  45% ] [90m[1m_update_scan_actions[22m | outfit_travel_neutral_bottom_idle.png[39m[0m
[  45% ] [90m[1m_update_scan_actions[22m | outfit_travel_neutral_bottom_interact.png[39m[0m
[  45% ] [90m[1m_update_scan_actions[22m | outfit_travel_neutral_bottom_phone.png[39m[0m
[  46% ] [90m[1m_update_scan_actions[22m | outfit_travel_neutral_bottom_sit.png[39m[0m
[  46% ] [90m[1m_update_scan_actions[22m | outfit_travel_neutral_shoes.png[39m[0m
[  46% ] [90m[1m_update_scan_actions[22m | outfit_travel_neutral_shoes_carry.png[39m[0m
[  46% ] [90m[1m_update_scan_actions[22m | outfit_travel_neutral_shoes_idle.png[39m[0m
[  46% ] [90m[1m_update_scan_actions[22m | outfit_travel_neutral_shoes_interact.png[39m[0m
[  46% ] [90m[1m_update_scan_actions[22m | outfit_travel_neutral_shoes_phone.png[39m[0m
[  46% ] [90m[1m_update_scan_actions[22m | outfit_travel_neutral_shoes_sit.png[39m[0m
[  46% ] [90m[1m_update_scan_actions[22m | outfit_travel_neutral_top.png[39m[0m
[  47% ] [90m[1m_update_scan_actions[22m | outfit_travel_neutral_top_carry.png[39m[0m
[  47% ] [90m[1m_update_scan_actions[22m | outfit_travel_neutral_top_detail.png[39m[0m
[  47% ] [90m[1m_update_scan_actions[22m | outfit_travel_neutral_top_detail_carry.png[39m[0m
[  47% ] [90m[1m_update_scan_actions[22m | outfit_travel_neutral_top_detail_idle.png[39m[0m
[  47% ] [90m[1m_update_scan_actions[22m | outfit_travel_neutral_top_detail_interact.png[39m[0m
[  47% ] [90m[1m_update_scan_actions[22m | outfit_travel_neutral_top_detail_phone.png[39m[0m
[  47% ] [90m[1m_update_scan_actions[22m | outfit_travel_neutral_top_detail_sit.png[39m[0m
[  48% ] [90m[1m_update_scan_actions[22m | outfit_travel_neutral_top_idle.png[39m[0m
[  48% ] [90m[1m_update_scan_actions[22m | outfit_travel_neutral_top_interact.png[39m[0m
[  48% ] [90m[1m_update_scan_actions[22m | outfit_travel_neutral_top_phone.png[39m[0m
[  48% ] [90m[1m_update_scan_actions[22m | outfit_travel_neutral_top_sit.png[39m[0m
[  48% ] [90m[1m_update_scan_actions[22m | outfit_executive.png[39m[0m
[  48% ] [90m[1m_update_scan_actions[22m | outfit_executive_detail.png[39m[0m
[  48% ] [90m[1m_update_scan_actions[22m | outfit_formal_evening.png[39m[0m
[  48% ] [90m[1m_update_scan_actions[22m | outfit_formal_evening_detail.png[39m[0m
[  49% ] [90m[1m_update_scan_actions[22m | outfit_logistics_site.png[39m[0m
[  49% ] [90m[1m_update_scan_actions[22m | outfit_logistics_site_detail.png[39m[0m
[  49% ] [90m[1m_update_scan_actions[22m | outfit_luxury_citywear.png[39m[0m
[  49% ] [90m[1m_update_scan_actions[22m | outfit_luxury_citywear_detail.png[39m[0m
[  49% ] [90m[1m_update_scan_actions[22m | outfit_travel.png[39m[0m
[  49% ] [90m[1m_update_scan_actions[22m | outfit_travel_detail.png[39m[0m
[  49% ] [90m[1m_update_scan_actions[22m | outfit_executive_feminine_bottom.png[39m[0m
[  50% ] [90m[1m_update_scan_actions[22m | outfit_executive_feminine_bottom_carry.png[39m[0m
[  50% ] [90m[1m_update_scan_actions[22m | outfit_executive_feminine_bottom_idle.png[39m[0m
[  50% ] [90m[1m_update_scan_actions[22m | outfit_executive_feminine_bottom_interact.png[39m[0m
[  50% ] [90m[1m_update_scan_actions[22m | outfit_executive_feminine_bottom_phone.png[39m[0m
[  50% ] [90m[1m_update_scan_actions[22m | outfit_executive_feminine_bottom_sit.png[39m[0m
[  50% ] [90m[1m_update_scan_actions[22m | outfit_executive_feminine_shoes.png[39m[0m
[  50% ] [90m[1m_update_scan_actions[22m | outfit_executive_feminine_shoes_carry.png[39m[0m
[  51% ] [90m[1m_update_scan_actions[22m | outfit_executive_feminine_shoes_idle.png[39m[0m
[  51% ] [90m[1m_update_scan_actions[22m | outfit_executive_feminine_shoes_interact.png[39m[0m
[  51% ] [90m[1m_update_scan_actions[22m | outfit_executive_feminine_shoes_phone.png[39m[0m
[  51% ] [90m[1m_update_scan_actions[22m | outfit_executive_feminine_shoes_sit.png[39m[0m
[  51% ] [90m[1m_update_scan_actions[22m | outfit_executive_feminine_top.png[39m[0m
[  51% ] [90m[1m_update_scan_actions[22m | outfit_executive_feminine_top_carry.png[39m[0m
[  51% ] [90m[1m_update_scan_actions[22m | outfit_executive_feminine_top_detail.png[39m[0m
[  51% ] [90m[1m_update_scan_actions[22m | outfit_executive_feminine_top_detail_carry.png[39m[0m
[  52% ] [90m[1m_update_scan_actions[22m | outfit_executive_feminine_top_detail_idle.png[39m[0m
[  52% ] [90m[1m_update_scan_actions[22m | outfit_executive_feminine_top_detail_interact.png[39m[0m
[  52% ] [90m[1m_update_scan_actions[22m | outfit_executive_feminine_top_detail_phone.png[39m[0m
[  52% ] [90m[1m_update_scan_actions[22m | outfit_executive_feminine_top_detail_sit.png[39m[0m
[  52% ] [90m[1m_update_scan_actions[22m | outfit_executive_feminine_top_idle.png[39m[0m
[  52% ] [90m[1m_update_scan_actions[22m | outfit_executive_feminine_top_interact.png[39m[0m
[  52% ] [90m[1m_update_scan_actions[22m | outfit_executive_feminine_top_phone.png[39m[0m
[  53% ] [90m[1m_update_scan_actions[22m | outfit_executive_feminine_top_sit.png[39m[0m
[  53% ] [90m[1m_update_scan_actions[22m | outfit_executive_masculine_bottom.png[39m[0m
[  53% ] [90m[1m_update_scan_actions[22m | outfit_executive_masculine_bottom_carry.png[39m[0m
[  53% ] [90m[1m_update_scan_actions[22m | outfit_executive_masculine_bottom_idle.png[39m[0m
[  53% ] [90m[1m_update_scan_actions[22m | outfit_executive_masculine_bottom_interact.png[39m[0m
[  53% ] [90m[1m_update_scan_actions[22m | outfit_executive_masculine_bottom_phone.png[39m[0m
[  53% ] [90m[1m_update_scan_actions[22m | outfit_executive_masculine_bottom_sit.png[39m[0m
[  53% ] [90m[1m_update_scan_actions[22m | outfit_executive_masculine_shoes.png[39m[0m
[  54% ] [90m[1m_update_scan_actions[22m | outfit_executive_masculine_shoes_carry.png[39m[0m
[  54% ] [90m[1m_update_scan_actions[22m | outfit_executive_masculine_shoes_idle.png[39m[0m
[  54% ] [90m[1m_update_scan_actions[22m | outfit_executive_masculine_shoes_interact.png[39m[0m
[  54% ] [90m[1m_update_scan_actions[22m | outfit_executive_masculine_shoes_phone.png[39m[0m
[  54% ] [90m[1m_update_scan_actions[22m | outfit_executive_masculine_shoes_sit.png[39m[0m
[  54% ] [90m[1m_update_scan_actions[22m | outfit_executive_masculine_top.png[39m[0m
[  54% ] [90m[1m_update_scan_actions[22m | outfit_executive_masculine_top_carry.png[39m[0m
[  55% ] [90m[1m_update_scan_actions[22m | outfit_executive_masculine_top_detail.png[39m[0m
[  55% ] [90m[1m_update_scan_actions[22m | outfit_executive_masculine_top_detail_carry.png[39m[0m
[  55% ] [90m[1m_update_scan_actions[22m | outfit_executive_masculine_top_detail_idle.png[39m[0m
[  55% ] [90m[1m_update_scan_actions[22m | outfit_executive_masculine_top_detail_interact.png[39m[0m
[  55% ] [90m[1m_update_scan_actions[22m | outfit_executive_masculine_top_detail_phone.png[39m[0m
[  55% ] [90m[1m_update_scan_actions[22m | outfit_executive_masculine_top_detail_sit.png[39m[0m
[  55% ] [90m[1m_update_scan_actions[22m | outfit_executive_masculine_top_idle.png[39m[0m
[  56% ] [90m[1m_update_scan_actions[22m | outfit_executive_masculine_top_interact.png[39m[0m
[  56% ] [90m[1m_update_scan_actions[22m | outfit_executive_masculine_top_phone.png[39m[0m
[  56% ] [90m[1m_update_scan_actions[22m | outfit_executive_masculine_top_sit.png[39m[0m
[  56% ] [90m[1m_update_scan_actions[22m | outfit_executive_neutral_bottom.png[39m[0m
[  56% ] [90m[1m_update_scan_actions[22m | outfit_executive_neutral_bottom_carry.png[39m[0m
[  56% ] [90m[1m_update_scan_actions[22m | outfit_executive_neutral_bottom_idle.png[39m[0m
[  56% ] [90m[1m_update_scan_actions[22m | outfit_executive_neutral_bottom_interact.png[39m[0m
[  56% ] [90m[1m_update_scan_actions[22m | outfit_executive_neutral_bottom_phone.png[39m[0m
[  57% ] [90m[1m_update_scan_actions[22m | outfit_executive_neutral_bottom_sit.png[39m[0m
[  57% ] [90m[1m_update_scan_actions[22m | outfit_executive_neutral_shoes.png[39m[0m
[  57% ] [90m[1m_update_scan_actions[22m | outfit_executive_neutral_shoes_carry.png[39m[0m
[  57% ] [90m[1m_update_scan_actions[22m | outfit_executive_neutral_shoes_idle.png[39m[0m
[  57% ] [90m[1m_update_scan_actions[22m | outfit_executive_neutral_shoes_interact.png[39m[0m
[  57% ] [90m[1m_update_scan_actions[22m | outfit_executive_neutral_shoes_phone.png[39m[0m
[  57% ] [90m[1m_update_scan_actions[22m | outfit_executive_neutral_shoes_sit.png[39m[0m
[  58% ] [90m[1m_update_scan_actions[22m | outfit_executive_neutral_top.png[39m[0m
[  58% ] [90m[1m_update_scan_actions[22m | outfit_executive_neutral_top_carry.png[39m[0m
[  58% ] [90m[1m_update_scan_actions[22m | outfit_executive_neutral_top_detail.png[39m[0m
[  58% ] [90m[1m_update_scan_actions[22m | outfit_executive_neutral_top_detail_carry.png[39m[0m
[  58% ] [90m[1m_update_scan_actions[22m | outfit_executive_neutral_top_detail_idle.png[39m[0m
[  58% ] [90m[1m_update_scan_actions[22m | outfit_executive_neutral_top_detail_interact.png[39m[0m
[  58% ] [90m[1m_update_scan_actions[22m | outfit_executive_neutral_top_detail_phone.png[39m[0m
[  58% ] [90m[1m_update_scan_actions[22m | outfit_executive_neutral_top_detail_sit.png[39m[0m
[  59% ] [90m[1m_update_scan_actions[22m | outfit_executive_neutral_top_idle.png[39m[0m
[  59% ] [90m[1m_update_scan_actions[22m | outfit_executive_neutral_top_interact.png[39m[0m
[  59% ] [90m[1m_update_scan_actions[22m | outfit_executive_neutral_top_phone.png[39m[0m
[  59% ] [90m[1m_update_scan_actions[22m | outfit_executive_neutral_top_sit.png[39m[0m
[  59% ] [90m[1m_update_scan_actions[22m | outfit_formal_evening_feminine_bottom.png[39m[0m
[  59% ] [90m[1m_update_scan_actions[22m | outfit_formal_evening_feminine_bottom_carry.png[39m[0m
[  59% ] [90m[1m_update_scan_actions[22m | outfit_formal_evening_feminine_bottom_idle.png[39m[0m
[  60% ] [90m[1m_update_scan_actions[22m | outfit_formal_evening_feminine_bottom_interact.png[39m[0m
[  60% ] [90m[1m_update_scan_actions[22m | outfit_formal_evening_feminine_bottom_phone.png[39m[0m
[  60% ] [90m[1m_update_scan_actions[22m | outfit_formal_evening_feminine_bottom_sit.png[39m[0m
[  60% ] [90m[1m_update_scan_actions[22m | outfit_formal_evening_feminine_shoes.png[39m[0m
[  60% ] [90m[1m_update_scan_actions[22m | outfit_formal_evening_feminine_shoes_carry.png[39m[0m
[  60% ] [90m[1m_update_scan_actions[22m | outfit_formal_evening_feminine_shoes_idle.png[39m[0m
[  60% ] [90m[1m_update_scan_actions[22m | outfit_formal_evening_feminine_shoes_interact.png[39m[0m
[  60% ] [90m[1m_update_scan_actions[22m | outfit_formal_evening_feminine_shoes_phone.png[39m[0m
[  61% ] [90m[1m_update_scan_actions[22m | outfit_formal_evening_feminine_shoes_sit.png[39m[0m
[  61% ] [90m[1m_update_scan_actions[22m | outfit_formal_evening_feminine_top.png[39m[0m
[  61% ] [90m[1m_update_scan_actions[22m | outfit_formal_evening_feminine_top_carry.png[39m[0m
[  61% ] [90m[1m_update_scan_actions[22m | outfit_formal_evening_feminine_top_detail.png[39m[0m
[  61% ] [90m[1m_update_scan_actions[22m | outfit_formal_evening_feminine_top_detail_carry.png[39m[0m
[  61% ] [90m[1m_update_scan_actions[22m | outfit_formal_evening_feminine_top_detail_idle.png[39m[0m
[  61% ] [90m[1m_update_scan_actions[22m | outfit_formal_evening_feminine_top_detail_interact.png[39m[0m
[  62% ] [90m[1m_update_scan_actions[22m | outfit_formal_evening_feminine_top_detail_phone.png[39m[0m
[  62% ] [90m[1m_update_scan_actions[22m | outfit_formal_evening_feminine_top_detail_sit.png[39m[0m
[  62% ] [90m[1m_update_scan_actions[22m | outfit_formal_evening_feminine_top_idle.png[39m[0m
[  62% ] [90m[1m_update_scan_actions[22m | outfit_formal_evening_feminine_top_interact.png[39m[0m
[  62% ] [90m[1m_update_scan_actions[22m | outfit_formal_evening_feminine_top_phone.png[39m[0m
[  62% ] [90m[1m_update_scan_actions[22m | outfit_formal_evening_feminine_top_sit.png[39m[0m
[  62% ] [90m[1m_update_scan_actions[22m | outfit_formal_evening_masculine_bottom.png[39m[0m
[  63% ] [90m[1m_update_scan_actions[22m | outfit_formal_evening_masculine_bottom_carry.png[39m[0m
[  63% ] [90m[1m_update_scan_actions[22m | outfit_formal_evening_masculine_bottom_idle.png[39m[0m
[  63% ] [90m[1m_update_scan_actions[22m | outfit_formal_evening_masculine_bottom_interact.png[39m[0m
[  63% ] [90m[1m_update_scan_actions[22m | outfit_formal_evening_masculine_bottom_phone.png[39m[0m
[  63% ] [90m[1m_update_scan_actions[22m | outfit_formal_evening_masculine_bottom_sit.png[39m[0m
[  63% ] [90m[1m_update_scan_actions[22m | outfit_formal_evening_masculine_shoes.png[39m[0m
[  63% ] [90m[1m_update_scan_actions[22m | outfit_formal_evening_masculine_shoes_carry.png[39m[0m
[  63% ] [90m[1m_update_scan_actions[22m | outfit_formal_evening_masculine_shoes_idle.png[39m[0m
[  64% ] [90m[1m_update_scan_actions[22m | outfit_formal_evening_masculine_shoes_interact.png[39m[0m
[  64% ] [90m[1m_update_scan_actions[22m | outfit_formal_evening_masculine_shoes_phone.png[39m[0m
[  64% ] [90m[1m_update_scan_actions[22m | outfit_formal_evening_masculine_shoes_sit.png[39m[0m
[  64% ] [90m[1m_update_scan_actions[22m | outfit_formal_evening_masculine_top.png[39m[0m
[  64% ] [90m[1m_update_scan_actions[22m | outfit_formal_evening_masculine_top_carry.png[39m[0m
[  64% ] [90m[1m_update_scan_actions[22m | outfit_formal_evening_masculine_top_detail.png[39m[0m
[  64% ] [90m[1m_update_scan_actions[22m | outfit_formal_evening_masculine_top_detail_carry.png[39m[0m
[  65% ] [90m[1m_update_scan_actions[22m | outfit_formal_evening_masculine_top_detail_idle.png[39m[0m
[  65% ] [90m[1m_update_scan_actions[22m | outfit_formal_evening_masculine_top_detail_interact.png[39m[0m
[  65% ] [90m[1m_update_scan_actions[22m | outfit_formal_evening_masculine_top_detail_phone.png[39m[0m
[  65% ] [90m[1m_update_scan_actions[22m | outfit_formal_evening_masculine_top_detail_sit.png[39m[0m
[  65% ] [90m[1m_update_scan_actions[22m | outfit_formal_evening_masculine_top_idle.png[39m[0m
[  65% ] [90m[1m_update_scan_actions[22m | outfit_formal_evening_masculine_top_interact.png[39m[0m
[  65% ] [90m[1m_update_scan_actions[22m | outfit_formal_evening_masculine_top_phone.png[39m[0m
[  65% ] [90m[1m_update_scan_actions[22m | outfit_formal_evening_masculine_top_sit.png[39m[0m
[  66% ] [90m[1m_update_scan_actions[22m | outfit_formal_evening_neutral_bottom.png[39m[0m
[  66% ] [90m[1m_update_scan_actions[22m | outfit_formal_evening_neutral_bottom_carry.png[39m[0m
[  66% ] [90m[1m_update_scan_actions[22m | outfit_formal_evening_neutral_bottom_idle.png[39m[0m
[  66% ] [90m[1m_update_scan_actions[22m | outfit_formal_evening_neutral_bottom_interact.png[39m[0m
[  66% ] [90m[1m_update_scan_actions[22m | outfit_formal_evening_neutral_bottom_phone.png[39m[0m
[  66% ] [90m[1m_update_scan_actions[22m | outfit_formal_evening_neutral_bottom_sit.png[39m[0m
[  66% ] [90m[1m_update_scan_actions[22m | outfit_formal_evening_neutral_shoes.png[39m[0m
[  67% ] [90m[1m_update_scan_actions[22m | outfit_formal_evening_neutral_shoes_carry.png[39m[0m
[  67% ] [90m[1m_update_scan_actions[22m | outfit_formal_evening_neutral_shoes_idle.png[39m[0m
[  67% ] [90m[1m_update_scan_actions[22m | outfit_formal_evening_neutral_shoes_interact.png[39m[0m
[  67% ] [90m[1m_update_scan_actions[22m | outfit_formal_evening_neutral_shoes_phone.png[39m[0m
[  67% ] [90m[1m_update_scan_actions[22m | outfit_formal_evening_neutral_shoes_sit.png[39m[0m
[  67% ] [90m[1m_update_scan_actions[22m | outfit_formal_evening_neutral_top.png[39m[0m
[  67% ] [90m[1m_update_scan_actions[22m | outfit_formal_evening_neutral_top_carry.png[39m[0m
[  68% ] [90m[1m_update_scan_actions[22m | outfit_formal_evening_neutral_top_detail.png[39m[0m
[  68% ] [90m[1m_update_scan_actions[22m | outfit_formal_evening_neutral_top_detail_carry.png[39m[0m
[  68% ] [90m[1m_update_scan_actions[22m | outfit_formal_evening_neutral_top_detail_idle.png[39m[0m
[  68% ] [90m[1m_update_scan_actions[22m | outfit_formal_evening_neutral_top_detail_interact.png[39m[0m
[  68% ] [90m[1m_update_scan_actions[22m | outfit_formal_evening_neutral_top_detail_phone.png[39m[0m
[  68% ] [90m[1m_update_scan_actions[22m | outfit_formal_evening_neutral_top_detail_sit.png[39m[0m
[  68% ] [90m[1m_update_scan_actions[22m | outfit_formal_evening_neutral_top_idle.png[39m[0m
[  68% ] [90m[1m_update_scan_actions[22m | outfit_formal_evening_neutral_top_interact.png[39m[0m
[  69% ] [90m[1m_update_scan_actions[22m | outfit_formal_evening_neutral_top_phone.png[39m[0m
[  69% ] [90m[1m_update_scan_actions[22m | outfit_formal_evening_neutral_top_sit.png[39m[0m
[  69% ] [90m[1m_update_scan_actions[22m | outfit_logistics_site_feminine_bottom.png[39m[0m
[  69% ] [90m[1m_update_scan_actions[22m | outfit_logistics_site_feminine_bottom_carry.png[39m[0m
[  69% ] [90m[1m_update_scan_actions[22m | outfit_logistics_site_feminine_bottom_idle.png[39m[0m
[  69% ] [90m[1m_update_scan_actions[22m | outfit_logistics_site_feminine_bottom_interact.png[39m[0m
[  69% ] [90m[1m_update_scan_actions[22m | outfit_logistics_site_feminine_bottom_phone.png[39m[0m
[  70% ] [90m[1m_update_scan_actions[22m | outfit_logistics_site_feminine_bottom_sit.png[39m[0m
[  70% ] [90m[1m_update_scan_actions[22m | outfit_logistics_site_feminine_shoes.png[39m[0m
[  70% ] [90m[1m_update_scan_actions[22m | outfit_logistics_site_feminine_shoes_carry.png[39m[0m
[  70% ] [90m[1m_update_scan_actions[22m | outfit_logistics_site_feminine_shoes_idle.png[39m[0m
[  70% ] [90m[1m_update_scan_actions[22m | outfit_logistics_site_feminine_shoes_interact.png[39m[0m
[  70% ] [90m[1m_update_scan_actions[22m | outfit_logistics_site_feminine_shoes_phone.png[39m[0m
[  70% ] [90m[1m_update_scan_actions[22m | outfit_logistics_site_feminine_shoes_sit.png[39m[0m
[  70% ] [90m[1m_update_scan_actions[22m | outfit_logistics_site_feminine_top.png[39m[0m
[  71% ] [90m[1m_update_scan_actions[22m | outfit_logistics_site_feminine_top_carry.png[39m[0m
[  71% ] [90m[1m_update_scan_actions[22m | outfit_logistics_site_feminine_top_detail.png[39m[0m
[  71% ] [90m[1m_update_scan_actions[22m | outfit_logistics_site_feminine_top_detail_carry.png[39m[0m
[  71% ] [90m[1m_update_scan_actions[22m | outfit_logistics_site_feminine_top_detail_idle.png[39m[0m
[  71% ] [90m[1m_update_scan_actions[22m | outfit_logistics_site_feminine_top_detail_interact.png[39m[0m
[  71% ] [90m[1m_update_scan_actions[22m | outfit_logistics_site_feminine_top_detail_phone.png[39m[0m
[  71% ] [90m[1m_update_scan_actions[22m | outfit_logistics_site_feminine_top_detail_sit.png[39m[0m
[  72% ] [90m[1m_update_scan_actions[22m | outfit_logistics_site_feminine_top_idle.png[39m[0m
[  72% ] [90m[1m_update_scan_actions[22m | outfit_logistics_site_feminine_top_interact.png[39m[0m
[  72% ] [90m[1m_update_scan_actions[22m | outfit_logistics_site_feminine_top_phone.png[39m[0m
[  72% ] [90m[1m_update_scan_actions[22m | outfit_logistics_site_feminine_top_sit.png[39m[0m
[  72% ] [90m[1m_update_scan_actions[22m | outfit_logistics_site_masculine_bottom.png[39m[0m
[  72% ] [90m[1m_update_scan_actions[22m | outfit_logistics_site_masculine_bottom_carry.png[39m[0m
[  72% ] [90m[1m_update_scan_actions[22m | outfit_logistics_site_masculine_bottom_idle.png[39m[0m
[  73% ] [90m[1m_update_scan_actions[22m | outfit_logistics_site_masculine_bottom_interact.png[39m[0m
[  73% ] [90m[1m_update_scan_actions[22m | outfit_logistics_site_masculine_bottom_phone.png[39m[0m
[  73% ] [90m[1m_update_scan_actions[22m | outfit_logistics_site_masculine_bottom_sit.png[39m[0m
[  73% ] [90m[1m_update_scan_actions[22m | outfit_logistics_site_masculine_shoes.png[39m[0m
[  73% ] [90m[1m_update_scan_actions[22m | outfit_logistics_site_masculine_shoes_carry.png[39m[0m
[  73% ] [90m[1m_update_scan_actions[22m | outfit_logistics_site_masculine_shoes_idle.png[39m[0m
[  73% ] [90m[1m_update_scan_actions[22m | outfit_logistics_site_masculine_shoes_interact.png[39m[0m
[  73% ] [90m[1m_update_scan_actions[22m | outfit_logistics_site_masculine_shoes_phone.png[39m[0m
[  74% ] [90m[1m_update_scan_actions[22m | outfit_logistics_site_masculine_shoes_sit.png[39m[0m
[  74% ] [90m[1m_update_scan_actions[22m | outfit_logistics_site_masculine_top.png[39m[0m
[  74% ] [90m[1m_update_scan_actions[22m | outfit_logistics_site_masculine_top_carry.png[39m[0m
[  74% ] [90m[1m_update_scan_actions[22m | outfit_logistics_site_masculine_top_detail.png[39m[0m
[  74% ] [90m[1m_update_scan_actions[22m | outfit_logistics_site_masculine_top_detail_carry.png[39m[0m
[  74% ] [90m[1m_update_scan_actions[22m | outfit_logistics_site_masculine_top_detail_idle.png[39m[0m
[  74% ] [90m[1m_update_scan_actions[22m | outfit_logistics_site_masculine_top_detail_interact.png[39m[0m
[  75% ] [90m[1m_update_scan_actions[22m | outfit_logistics_site_masculine_top_detail_phone.png[39m[0m
[  75% ] [90m[1m_update_scan_actions[22m | outfit_logistics_site_masculine_top_detail_sit.png[39m[0m
[  75% ] [90m[1m_update_scan_actions[22m | outfit_logistics_site_masculine_top_idle.png[39m[0m
[  75% ] [90m[1m_update_scan_actions[22m | outfit_logistics_site_masculine_top_interact.png[39m[0m
[  75% ] [90m[1m_update_scan_actions[22m | outfit_logistics_site_masculine_top_phone.png[39m[0m
[  75% ] [90m[1m_update_scan_actions[22m | outfit_logistics_site_masculine_top_sit.png[39m[0m
[  75% ] [90m[1m_update_scan_actions[22m | outfit_logistics_site_neutral_bottom.png[39m[0m
[  75% ] [90m[1m_update_scan_actions[22m | outfit_logistics_site_neutral_bottom_carry.png[39m[0m
[  76% ] [90m[1m_update_scan_actions[22m | outfit_logistics_site_neutral_bottom_idle.png[39m[0m
[  76% ] [90m[1m_update_scan_actions[22m | outfit_logistics_site_neutral_bottom_interact.png[39m[0m
[  76% ] [90m[1m_update_scan_actions[22m | outfit_logistics_site_neutral_bottom_phone.png[39m[0m
[  76% ] [90m[1m_update_scan_actions[22m | outfit_logistics_site_neutral_bottom_sit.png[39m[0m
[  76% ] [90m[1m_update_scan_actions[22m | outfit_logistics_site_neutral_shoes.png[39m[0m
[  76% ] [90m[1m_update_scan_actions[22m | outfit_logistics_site_neutral_shoes_carry.png[39m[0m
[  76% ] [90m[1m_update_scan_actions[22m | outfit_logistics_site_neutral_shoes_idle.png[39m[0m
[  77% ] [90m[1m_update_scan_actions[22m | outfit_logistics_site_neutral_shoes_interact.png[39m[0m
[  77% ] [90m[1m_update_scan_actions[22m | outfit_logistics_site_neutral_shoes_phone.png[39m[0m
[  77% ] [90m[1m_update_scan_actions[22m | outfit_logistics_site_neutral_shoes_sit.png[39m[0m
[  77% ] [90m[1m_update_scan_actions[22m | outfit_logistics_site_neutral_top.png[39m[0m
[  77% ] [90m[1m_update_scan_actions[22m | outfit_logistics_site_neutral_top_carry.png[39m[0m
[  77% ] [90m[1m_update_scan_actions[22m | outfit_logistics_site_neutral_top_detail.png[39m[0m
[  77% ] [90m[1m_update_scan_actions[22m | outfit_logistics_site_neutral_top_detail_carry.png[39m[0m
[  78% ] [90m[1m_update_scan_actions[22m | outfit_logistics_site_neutral_top_detail_idle.png[39m[0m
[  78% ] [90m[1m_update_scan_actions[22m | outfit_logistics_site_neutral_top_detail_interact.png[39m[0m
[  78% ] [90m[1m_update_scan_actions[22m | outfit_logistics_site_neutral_top_detail_phone.png[39m[0m
[  78% ] [90m[1m_update_scan_actions[22m | outfit_logistics_site_neutral_top_detail_sit.png[39m[0m
[  78% ] [90m[1m_update_scan_actions[22m | outfit_logistics_site_neutral_top_idle.png[39m[0m
[  78% ] [90m[1m_update_scan_actions[22m | outfit_logistics_site_neutral_top_interact.png[39m[0m
[  78% ] [90m[1m_update_scan_actions[22m | outfit_logistics_site_neutral_top_phone.png[39m[0m
[  78% ] [90m[1m_update_scan_actions[22m | outfit_logistics_site_neutral_top_sit.png[39m[0m
[  79% ] [90m[1m_update_scan_actions[22m | outfit_luxury_citywear_feminine_bottom.png[39m[0m
[  79% ] [90m[1m_update_scan_actions[22m | outfit_luxury_citywear_feminine_bottom_carry.png[39m[0m
[  79% ] [90m[1m_update_scan_actions[22m | outfit_luxury_citywear_feminine_bottom_idle.png[39m[0m
[  79% ] [90m[1m_update_scan_actions[22m | outfit_luxury_citywear_feminine_bottom_interact.png[39m[0m
[  79% ] [90m[1m_update_scan_actions[22m | outfit_luxury_citywear_feminine_bottom_phone.png[39m[0m
[  79% ] [90m[1m_update_scan_actions[22m | outfit_luxury_citywear_feminine_bottom_sit.png[39m[0m
[  79% ] [90m[1m_update_scan_actions[22m | outfit_luxury_citywear_feminine_shoes.png[39m[0m
[  80% ] [90m[1m_update_scan_actions[22m | outfit_luxury_citywear_feminine_shoes_carry.png[39m[0m
[  80% ] [90m[1m_update_scan_actions[22m | outfit_luxury_citywear_feminine_shoes_idle.png[39m[0m
[  80% ] [90m[1m_update_scan_actions[22m | outfit_luxury_citywear_feminine_shoes_interact.png[39m[0m
[  80% ] [90m[1m_update_scan_actions[22m | outfit_luxury_citywear_feminine_shoes_phone.png[39m[0m
[  80% ] [90m[1m_update_scan_actions[22m | outfit_luxury_citywear_feminine_shoes_sit.png[39m[0m
[  80% ] [90m[1m_update_scan_actions[22m | outfit_luxury_citywear_feminine_top.png[39m[0m
[  80% ] [90m[1m_update_scan_actions[22m | outfit_luxury_citywear_feminine_top_carry.png[39m[0m
[  80% ] [90m[1m_update_scan_actions[22m | outfit_luxury_citywear_feminine_top_detail.png[39m[0m
[  81% ] [90m[1m_update_scan_actions[22m | outfit_luxury_citywear_feminine_top_detail_carry.png[39m[0m
[  81% ] [90m[1m_update_scan_actions[22m | outfit_luxury_citywear_feminine_top_detail_idle.png[39m[0m
[  81% ] [90m[1m_update_scan_actions[22m | outfit_luxury_citywear_feminine_top_detail_interact.png[39m[0m
[  81% ] [90m[1m_update_scan_actions[22m | outfit_luxury_citywear_feminine_top_detail_phone.png[39m[0m
[  81% ] [90m[1m_update_scan_actions[22m | outfit_luxury_citywear_feminine_top_detail_sit.png[39m[0m
[  81% ] [90m[1m_update_scan_actions[22m | outfit_luxury_citywear_feminine_top_idle.png[39m[0m
[  81% ] [90m[1m_update_scan_actions[22m | outfit_luxury_citywear_feminine_top_interact.png[39m[0m
[  82% ] [90m[1m_update_scan_actions[22m | outfit_luxury_citywear_feminine_top_phone.png[39m[0m
[  82% ] [90m[1m_update_scan_actions[22m | outfit_luxury_citywear_feminine_top_sit.png[39m[0m
[  82% ] [90m[1m_update_scan_actions[22m | outfit_luxury_citywear_masculine_bottom.png[39m[0m
[  82% ] [90m[1m_update_scan_actions[22m | outfit_luxury_citywear_masculine_bottom_carry.png[39m[0m
[  82% ] [90m[1m_update_scan_actions[22m | outfit_luxury_citywear_masculine_bottom_idle.png[39m[0m
[  82% ] [90m[1m_update_scan_actions[22m | outfit_luxury_citywear_masculine_bottom_interact.png[39m[0m
[  82% ] [90m[1m_update_scan_actions[22m | outfit_luxury_citywear_masculine_bottom_phone.png[39m[0m
[  82% ] [90m[1m_update_scan_actions[22m | outfit_luxury_citywear_masculine_bottom_sit.png[39m[0m
[  83% ] [90m[1m_update_scan_actions[22m | outfit_luxury_citywear_masculine_shoes.png[39m[0m
[  83% ] [90m[1m_update_scan_actions[22m | outfit_luxury_citywear_masculine_shoes_carry.png[39m[0m
[  83% ] [90m[1m_update_scan_actions[22m | outfit_luxury_citywear_masculine_shoes_idle.png[39m[0m
[  83% ] [90m[1m_update_scan_actions[22m | outfit_luxury_citywear_masculine_shoes_interact.png[39m[0m
[  83% ] [90m[1m_update_scan_actions[22m | outfit_luxury_citywear_masculine_shoes_phone.png[39m[0m
[  83% ] [90m[1m_update_scan_actions[22m | outfit_luxury_citywear_masculine_shoes_sit.png[39m[0m
[  83% ] [90m[1m_update_scan_actions[22m | outfit_luxury_citywear_masculine_top.png[39m[0m
[  84% ] [90m[1m_update_scan_actions[22m | outfit_luxury_citywear_masculine_top_carry.png[39m[0m
[  84% ] [90m[1m_update_scan_actions[22m | outfit_luxury_citywear_masculine_top_detail.png[39m[0m
[  84% ] [90m[1m_update_scan_actions[22m | outfit_luxury_citywear_masculine_top_detail_carry.png[39m[0m
[  84% ] [90m[1m_update_scan_actions[22m | outfit_luxury_citywear_masculine_top_detail_idle.png[39m[0m
[  84% ] [90m[1m_update_scan_actions[22m | outfit_luxury_citywear_masculine_top_detail_interact.png[39m[0m
[  84% ] [90m[1m_update_scan_actions[22m | outfit_luxury_citywear_masculine_top_detail_phone.png[39m[0m
[  84% ] [90m[1m_update_scan_actions[22m | outfit_luxury_citywear_masculine_top_detail_sit.png[39m[0m
[  85% ] [90m[1m_update_scan_actions[22m | outfit_luxury_citywear_masculine_top_idle.png[39m[0m
[  85% ] [90m[1m_update_scan_actions[22m | outfit_luxury_citywear_masculine_top_interact.png[39m[0m
[  85% ] [90m[1m_update_scan_actions[22m | outfit_luxury_citywear_masculine_top_phone.png[39m[0m
[  85% ] [90m[1m_update_scan_actions[22m | outfit_luxury_citywear_masculine_top_sit.png[39m[0m
[  85% ] [90m[1m_update_scan_actions[22m | outfit_luxury_citywear_neutral_bottom.png[39m[0m
[  85% ] [90m[1m_update_scan_actions[22m | outfit_luxury_citywear_neutral_bottom_carry.png[39m[0m
[  85% ] [90m[1m_update_scan_actions[22m | outfit_luxury_citywear_neutral_bottom_idle.png[39m[0m
[  85% ] [90m[1m_update_scan_actions[22m | outfit_luxury_citywear_neutral_bottom_interact.png[39m[0m
[  86% ] [90m[1m_update_scan_actions[22m | outfit_luxury_citywear_neutral_bottom_phone.png[39m[0m
[  86% ] [90m[1m_update_scan_actions[22m | outfit_luxury_citywear_neutral_bottom_sit.png[39m[0m
[  86% ] [90m[1m_update_scan_actions[22m | outfit_luxury_citywear_neutral_shoes.png[39m[0m
[  86% ] [90m[1m_update_scan_actions[22m | outfit_luxury_citywear_neutral_shoes_carry.png[39m[0m
[  86% ] [90m[1m_update_scan_actions[22m | outfit_luxury_citywear_neutral_shoes_idle.png[39m[0m
[  86% ] [90m[1m_update_scan_actions[22m | outfit_luxury_citywear_neutral_shoes_interact.png[39m[0m
[  86% ] [90m[1m_update_scan_actions[22m | outfit_luxury_citywear_neutral_shoes_phone.png[39m[0m
[  87% ] [90m[1m_update_scan_actions[22m | outfit_luxury_citywear_neutral_shoes_sit.png[39m[0m
[  87% ] [90m[1m_update_scan_actions[22m | outfit_luxury_citywear_neutral_top.png[39m[0m
[  87% ] [90m[1m_update_scan_actions[22m | outfit_luxury_citywear_neutral_top_carry.png[39m[0m
[  87% ] [90m[1m_update_scan_actions[22m | outfit_luxury_citywear_neutral_top_detail.png[39m[0m
[  87% ] [90m[1m_update_scan_actions[22m | outfit_luxury_citywear_neutral_top_detail_carry.png[39m[0m
[  87% ] [90m[1m_update_scan_actions[22m | outfit_luxury_citywear_neutral_top_detail_idle.png[39m[0m
[  87% ] [90m[1m_update_scan_actions[22m | outfit_luxury_citywear_neutral_top_detail_interact.png[39m[0m
[  87% ] [90m[1m_update_scan_actions[22m | outfit_luxury_citywear_neutral_top_detail_phone.png[39m[0m
[  88% ] [90m[1m_update_scan_actions[22m | outfit_luxury_citywear_neutral_top_detail_sit.png[39m[0m
[  88% ] [90m[1m_update_scan_actions[22m | outfit_luxury_citywear_neutral_top_idle.png[39m[0m
[  88% ] [90m[1m_update_scan_actions[22m | outfit_luxury_citywear_neutral_top_interact.png[39m[0m
[  88% ] [90m[1m_update_scan_actions[22m | outfit_luxury_citywear_neutral_top_phone.png[39m[0m
[  88% ] [90m[1m_update_scan_actions[22m | outfit_luxury_citywear_neutral_top_sit.png[39m[0m
[  88% ] [90m[1m_update_scan_actions[22m | outfit_travel_feminine_bottom.png[39m[0m
[  88% ] [90m[1m_update_scan_actions[22m | outfit_travel_feminine_bottom_carry.png[39m[0m
[  89% ] [90m[1m_update_scan_actions[22m | outfit_travel_feminine_bottom_idle.png[39m[0m
[  89% ] [90m[1m_update_scan_actions[22m | outfit_travel_feminine_bottom_interact.png[39m[0m
[  89% ] [90m[1m_update_scan_actions[22m | outfit_travel_feminine_bottom_phone.png[39m[0m
[  89% ] [90m[1m_update_scan_actions[22m | outfit_travel_feminine_bottom_sit.png[39m[0m
[  89% ] [90m[1m_update_scan_actions[22m | outfit_travel_feminine_shoes.png[39m[0m
[  89% ] [90m[1m_update_scan_actions[22m | outfit_travel_feminine_shoes_carry.png[39m[0m
[  89% ] [90m[1m_update_scan_actions[22m | outfit_travel_feminine_shoes_idle.png[39m[0m
[  90% ] [90m[1m_update_scan_actions[22m | outfit_travel_feminine_shoes_interact.png[39m[0m
[  90% ] [90m[1m_update_scan_actions[22m | outfit_travel_feminine_shoes_phone.png[39m[0m
[  90% ] [90m[1m_update_scan_actions[22m | outfit_travel_feminine_shoes_sit.png[39m[0m
[  90% ] [90m[1m_update_scan_actions[22m | outfit_travel_feminine_top.png[39m[0m
[  90% ] [90m[1m_update_scan_actions[22m | outfit_travel_feminine_top_carry.png[39m[0m
[  90% ] [90m[1m_update_scan_actions[22m | outfit_travel_feminine_top_detail.png[39m[0m
[  90% ] [90m[1m_update_scan_actions[22m | outfit_travel_feminine_top_detail_carry.png[39m[0m
[  90% ] [90m[1m_update_scan_actions[22m | outfit_travel_feminine_top_detail_idle.png[39m[0m
[  91% ] [90m[1m_update_scan_actions[22m | outfit_travel_feminine_top_detail_interact.png[39m[0m
[  91% ] [90m[1m_update_scan_actions[22m | outfit_travel_feminine_top_detail_phone.png[39m[0m
[  91% ] [90m[1m_update_scan_actions[22m | outfit_travel_feminine_top_detail_sit.png[39m[0m
[  91% ] [90m[1m_update_scan_actions[22m | outfit_travel_feminine_top_idle.png[39m[0m
[  91% ] [90m[1m_update_scan_actions[22m | outfit_travel_feminine_top_interact.png[39m[0m
[  91% ] [90m[1m_update_scan_actions[22m | outfit_travel_feminine_top_phone.png[39m[0m
[  91% ] [90m[1m_update_scan_actions[22m | outfit_travel_feminine_top_sit.png[39m[0m
[  92% ] [90m[1m_update_scan_actions[22m | outfit_travel_masculine_bottom.png[39m[0m
[  92% ] [90m[1m_update_scan_actions[22m | outfit_travel_masculine_bottom_carry.png[39m[0m
[  92% ] [90m[1m_update_scan_actions[22m | outfit_travel_masculine_bottom_idle.png[39m[0m
[  92% ] [90m[1m_update_scan_actions[22m | outfit_travel_masculine_bottom_interact.png[39m[0m
[  92% ] [90m[1m_update_scan_actions[22m | outfit_travel_masculine_bottom_phone.png[39m[0m
[  92% ] [90m[1m_update_scan_actions[22m | outfit_travel_masculine_bottom_sit.png[39m[0m
[  92% ] [90m[1m_update_scan_actions[22m | outfit_travel_masculine_shoes.png[39m[0m
[  92% ] [90m[1m_update_scan_actions[22m | outfit_travel_masculine_shoes_carry.png[39m[0m
[  93% ] [90m[1m_update_scan_actions[22m | outfit_travel_masculine_shoes_idle.png[39m[0m
[  93% ] [90m[1m_update_scan_actions[22m | outfit_travel_masculine_shoes_interact.png[39m[0m
[  93% ] [90m[1m_update_scan_actions[22m | outfit_travel_masculine_shoes_phone.png[39m[0m
[  93% ] [90m[1m_update_scan_actions[22m | outfit_travel_masculine_shoes_sit.png[39m[0m
[  93% ] [90m[1m_update_scan_actions[22m | outfit_travel_masculine_top.png[39m[0m
[  93% ] [90m[1m_update_scan_actions[22m | outfit_travel_masculine_top_carry.png[39m[0m
[  93% ] [90m[1m_update_scan_actions[22m | outfit_travel_masculine_top_detail.png[39m[0m
[  94% ] [90m[1m_update_scan_actions[22m | outfit_travel_masculine_top_detail_carry.png[39m[0m
[  94% ] [90m[1m_update_scan_actions[22m | outfit_travel_masculine_top_detail_idle.png[39m[0m
[  94% ] [90m[1m_update_scan_actions[22m | outfit_travel_masculine_top_detail_interact.png[39m[0m
[  94% ] [90m[1m_update_scan_actions[22m | outfit_travel_masculine_top_detail_phone.png[39m[0m
[  94% ] [90m[1m_update_scan_actions[22m | outfit_travel_masculine_top_detail_sit.png[39m[0m
[  94% ] [90m[1m_update_scan_actions[22m | outfit_travel_masculine_top_idle.png[39m[0m
[  94% ] [90m[1m_update_scan_actions[22m | outfit_travel_masculine_top_interact.png[39m[0m
[  95% ] [90m[1m_update_scan_actions[22m | outfit_travel_masculine_top_phone.png[39m[0m
[  95% ] [90m[1m_update_scan_actions[22m | outfit_travel_masculine_top_sit.png[39m[0m
[  95% ] [90m[1m_update_scan_actions[22m | outfit_travel_neutral_bottom.png[39m[0m
[  95% ] [90m[1m_update_scan_actions[22m | outfit_travel_neutral_bottom_carry.png[39m[0m
[  95% ] [90m[1m_update_scan_actions[22m | outfit_travel_neutral_bottom_idle.png[39m[0m
[  95% ] [90m[1m_update_scan_actions[22m | outfit_travel_neutral_bottom_interact.png[39m[0m
[  95% ] [90m[1m_update_scan_actions[22m | outfit_travel_neutral_bottom_phone.png[39m[0m
[  95% ] [90m[1m_update_scan_actions[22m | outfit_travel_neutral_bottom_sit.png[39m[0m
[  96% ] [90m[1m_update_scan_actions[22m | outfit_travel_neutral_shoes.png[39m[0m
[  96% ] [90m[1m_update_scan_actions[22m | outfit_travel_neutral_shoes_carry.png[39m[0m
[  96% ] [90m[1m_update_scan_actions[22m | outfit_travel_neutral_shoes_idle.png[39m[0m
[  96% ] [90m[1m_update_scan_actions[22m | outfit_travel_neutral_shoes_interact.png[39m[0m
[  96% ] [90m[1m_update_scan_actions[22m | outfit_travel_neutral_shoes_phone.png[39m[0m
[  96% ] [90m[1m_update_scan_actions[22m | outfit_travel_neutral_shoes_sit.png[39m[0m
[  96% ] [90m[1m_update_scan_actions[22m | outfit_travel_neutral_top.png[39m[0m
[  97% ] [90m[1m_update_scan_actions[22m | outfit_travel_neutral_top_carry.png[39m[0m
[  97% ] [90m[1m_update_scan_actions[22m | outfit_travel_neutral_top_detail.png[39m[0m
[  97% ] [90m[1m_update_scan_actions[22m | outfit_travel_neutral_top_detail_carry.png[39m[0m
[  97% ] [90m[1m_update_scan_actions[22m | outfit_travel_neutral_top_detail_idle.png[39m[0m
[  97% ] [90m[1m_update_scan_actions[22m | outfit_travel_neutral_top_detail_interact.png[39m[0m
[  97% ] [90m[1m_update_scan_actions[22m | outfit_travel_neutral_top_detail_phone.png[39m[0m
[  97% ] [90m[1m_update_scan_actions[22m | outfit_travel_neutral_top_detail_sit.png[39m[0m
[  97% ] [90m[1m_update_scan_actions[22m | outfit_travel_neutral_top_idle.png[39m[0m
[  98% ] [90m[1m_update_scan_actions[22m | outfit_travel_neutral_top_interact.png[39m[0m
[  98% ] [90m[1m_update_scan_actions[22m | outfit_travel_neutral_top_phone.png[39m[0m
[  98% ] [90m[1m_update_scan_actions[22m | outfit_travel_neutral_top_sit.png[39m[0m
[  98% ] [90m[1m_update_scan_actions[22m | outfit_executive.png[39m[0m
[  98% ] [90m[1m_update_scan_actions[22m | outfit_executive_detail.png[39m[0m
[  98% ] [90m[1m_update_scan_actions[22m | outfit_formal_evening.png[39m[0m
[  98% ] [90m[1m_update_scan_actions[22m | outfit_formal_evening_detail.png[39m[0m
[  99% ] [90m[1m_update_scan_actions[22m | outfit_logistics_site.png[39m[0m
[  99% ] [90m[1m_update_scan_actions[22m | outfit_logistics_site_detail.png[39m[0m
[  99% ] [90m[1m_update_scan_actions[22m | outfit_luxury_citywear.png[39m[0m
[  99% ] [90m[1m_update_scan_actions[22m | outfit_luxury_citywear_detail.png[39m[0m
[  99% ] [90m[1m_update_scan_actions[22m | outfit_travel.png[39m[0m
[  99% ] [90m[1m_update_scan_actions[22m | outfit_travel_detail.png[39m[0m
[92m[ DONE ][39m [1m_update_scan_actions[22m
[0m
[   0% ] [90m[1mreimport[22m | Started （重新）匯入素材 (190 steps)[39m[0m
[   0% ] [90m[1mreimport[22m | 正在準備重新匯入檔案…[39m[0m
[   0% ] [90m[1mreimport[22m | 正在準備重新匯入檔案…[39m[0m
[   1% ] [90m[1mreimport[22m | 正在準備重新匯入檔案…[39m[0m
[   1% ] [90m[1mreimport[22m | 正在準備重新匯入檔案…[39m[0m
[   2% ] [90m[1mreimport[22m | 正在準備重新匯入檔案…[39m[0m
[   2% ] [90m[1mreimport[22m | 正在準備重新匯入檔案…[39m[0m
[   3% ] [90m[1mreimport[22m | 正在準備重新匯入檔案…[39m[0m
[   3% ] [90m[1mreimport[22m | 正在準備重新匯入檔案…[39m[0m
[   4% ] [90m[1mreimport[22m | 正在準備重新匯入檔案…[39m[0m
[   4% ] [90m[1mreimport[22m | 正在準備重新匯入檔案…[39m[0m
[   5% ] [90m[1mreimport[22m | 正在準備重新匯入檔案…[39m[0m
[   5% ] [90m[1mreimport[22m | 正在準備重新匯入檔案…[39m[0m
[   6% ] [90m[1mreimport[22m | 正在準備重新匯入檔案…[39m[0m
[   6% ] [90m[1mreimport[22m | 正在準備重新匯入檔案…[39m[0m
[   7% ] [90m[1mreimport[22m | 正在準備重新匯入檔案…[39m[0m
[   7% ] [90m[1mreimport[22m | 正在準備重新匯入檔案…[39m[0m
[   8% ] [90m[1mreimport[22m | 正在準備重新匯入檔案…[39m[0m
[   8% ] [90m[1mreimport[22m | 正在準備重新匯入檔案…[39m[0m
[   9% ] [90m[1mreimport[22m | 正在準備重新匯入檔案…[39m[0m
[   9% ] [90m[1mreimport[22m | 正在準備重新匯入檔案…[39m[0m
[  10% ] [90m[1mreimport[22m | 正在準備重新匯入檔案…[39m[0m
[  10% ] [90m[1mreimport[22m | 正在準備重新匯入檔案…[39m[0m
[  11% ] [90m[1mreimport[22m | 正在準備重新匯入檔案…[39m[0m
[  12% ] [90m[1mreimport[22m | 正在準備重新匯入檔案…[39m[0m
[  12% ] [90m[1mreimport[22m | 正在準備重新匯入檔案…[39m[0m
[  13% ] [90m[1mreimport[22m | 正在準備重新匯入檔案…[39m[0m
[  13% ] [90m[1mreimport[22m | 正在準備重新匯入檔案…[39m[0m
[  14% ] [90m[1mreimport[22m | 正在準備重新匯入檔案…[39m[0m
[  14% ] [90m[1mreimport[22m | 正在準備重新匯入檔案…[39m[0m
[  15% ] [90m[1mreimport[22m | 正在準備重新匯入檔案…[39m[0m
[  15% ] [90m[1mreimport[22m | 正在準備重新匯入檔案…[39m[0m
[  16% ] [90m[1mreimport[22m | 正在準備重新匯入檔案…[39m[0m
[  16% ] [90m[1mreimport[22m | 正在準備重新匯入檔案…[39m[0m
[  17% ] [90m[1mreimport[22m | 正在準備重新匯入檔案…[39m[0m
[  17% ] [90m[1mreimport[22m | 正在準備重新匯入檔案…[39m[0m
[  18% ] [90m[1mreimport[22m | 正在準備重新匯入檔案…[39m[0m
[  18% ] [90m[1mreimport[22m | 正在準備重新匯入檔案…[39m[0m
[  19% ] [90m[1mreimport[22m | 正在準備重新匯入檔案…[39m[0m
[  19% ] [90m[1mreimport[22m | 正在準備重新匯入檔案…[39m[0m
[  20% ] [90m[1mreimport[22m | 正在準備重新匯入檔案…[39m[0m
[  20% ] [90m[1mreimport[22m | 正在準備重新匯入檔案…[39m[0m
[  21% ] [90m[1mreimport[22m | 正在準備重新匯入檔案…[39m[0m
[  21% ] [90m[1mreimport[22m | 正在準備重新匯入檔案…[39m[0m
[  22% ] [90m[1mreimport[22m | 正在準備重新匯入檔案…[39m[0m
[  23% ] [90m[1mreimport[22m | 正在準備重新匯入檔案…[39m[0m
[  23% ] [90m[1mreimport[22m | 正在準備重新匯入檔案…[39m[0m
[  24% ] [90m[1mreimport[22m | 正在準備重新匯入檔案…[39m[0m
[  24% ] [90m[1mreimport[22m | 正在準備重新匯入檔案…[39m[0m
[  25% ] [90m[1mreimport[22m | 正在準備重新匯入檔案…[39m[0m
[  25% ] [90m[1mreimport[22m | 正在準備重新匯入檔案…[39m[0m
[  26% ] [90m[1mreimport[22m | 正在準備重新匯入檔案…[39m[0m
[  26% ] [90m[1mreimport[22m | 正在準備重新匯入檔案…[39m[0m
[  27% ] [90m[1mreimport[22m | 正在準備重新匯入檔案…[39m[0m
[  27% ] [90m[1mreimport[22m | 正在準備重新匯入檔案…[39m[0m
[  28% ] [90m[1mreimport[22m | 正在準備重新匯入檔案…[39m[0m
[  28% ] [90m[1mreimport[22m | 正在準備重新匯入檔案…[39m[0m
[  29% ] [90m[1mreimport[22m | 正在準備重新匯入檔案…[39m[0m
[  29% ] [90m[1mreimport[22m | 正在準備重新匯入檔案…[39m[0m
[  30% ] [90m[1mreimport[22m | 正在準備重新匯入檔案…[39m[0m
[  30% ] [90m[1mreimport[22m | 正在準備重新匯入檔案…[39m[0m
[  31% ] [90m[1mreimport[22m | 正在準備重新匯入檔案…[39m[0m
[  31% ] [90m[1mreimport[22m | 正在準備重新匯入檔案…[39m[0m
[  32% ] [90m[1mreimport[22m | 正在準備重新匯入檔案…[39m[0m
[  32% ] [90m[1mreimport[22m | 正在準備重新匯入檔案…[39m[0m
[  33% ] [90m[1mreimport[22m | 正在準備重新匯入檔案…[39m[0m
[  34% ] [90m[1mreimport[22m | 正在準備重新匯入檔案…[39m[0m
[  34% ] [90m[1mreimport[22m | 正在準備重新匯入檔案…[39m[0m
[  35% ] [90m[1mreimport[22m | 正在準備重新匯入檔案…[39m[0m
[  35% ] [90m[1mreimport[22m | 正在準備重新匯入檔案…[39m[0m
[  36% ] [90m[1mreimport[22m | 正在準備重新匯入檔案…[39m[0m
[  36% ] [90m[1mreimport[22m | 正在準備重新匯入檔案…[39m[0m
[  37% ] [90m[1mreimport[22m | 正在準備重新匯入檔案…[39m[0m
[  37% ] [90m[1mreimport[22m | 正在準備重新匯入檔案…[39m[0m
[  38% ] [90m[1mreimport[22m | 正在準備重新匯入檔案…[39m[0m
[  38% ] [90m[1mreimport[22m | 正在準備重新匯入檔案…[39m[0m
[  39% ] [90m[1mreimport[22m | 正在準備重新匯入檔案…[39m[0m
[  39% ] [90m[1mreimport[22m | 正在準備重新匯入檔案…[39m[0m
[  40% ] [90m[1mreimport[22m | 正在準備重新匯入檔案…[39m[0m
[  40% ] [90m[1mreimport[22m | 正在準備重新匯入檔案…[39m[0m
[  41% ] [90m[1mreimport[22m | 正在準備重新匯入檔案…[39m[0m
[  41% ] [90m[1mreimport[22m | 正在準備重新匯入檔案…[39m[0m
[  42% ] [90m[1mreimport[22m | 正在準備重新匯入檔案…[39m[0m
[  42% ] [90m[1mreimport[22m | 正在準備重新匯入檔案…[39m[0m
[  43% ] [90m[1mreimport[22m | 正在準備重新匯入檔案…[39m[0m
[  43% ] [90m[1mreimport[22m | 正在準備重新匯入檔案…[39m[0m
[  44% ] [90m[1mreimport[22m | 正在準備重新匯入檔案…[39m[0m
[  45% ] [90m[1mreimport[22m | 正在準備重新匯入檔案…[39m[0m
[  45% ] [90m[1mreimport[22m | 正在準備重新匯入檔案…[39m[0m
[  46% ] [90m[1mreimport[22m | 正在準備重新匯入檔案…[39m[0m
[  46% ] [90m[1mreimport[22m | 正在準備重新匯入檔案…[39m[0m
[  47% ] [90m[1mreimport[22m | 正在準備重新匯入檔案…[39m[0m
[  47% ] [90m[1mreimport[22m | 正在準備重新匯入檔案…[39m[0m
[  48% ] [90m[1mreimport[22m | 正在準備重新匯入檔案…[39m[0m
[  48% ] [90m[1mreimport[22m | 正在準備重新匯入檔案…[39m[0m
[  49% ] [90m[1mreimport[22m | 正在準備重新匯入檔案…[39m[0m
[  49% ] [90m[1mreimport[22m | 正在準備重新匯入檔案…[39m[0m
[  50% ] [90m[1mreimport[22m | 正在準備重新匯入檔案…[39m[0m
[  50% ] [90m[1mreimport[22m | 正在準備重新匯入檔案…[39m[0m
[  51% ] [90m[1mreimport[22m | 正在準備重新匯入檔案…[39m[0m
[  51% ] [90m[1mreimport[22m | 正在準備重新匯入檔案…[39m[0m
[  52% ] [90m[1mreimport[22m | 正在準備重新匯入檔案…[39m[0m
[  52% ] [90m[1mreimport[22m | 正在準備重新匯入檔案…[39m[0m
[  53% ] [90m[1mreimport[22m | 正在準備重新匯入檔案…[39m[0m
[  53% ] [90m[1mreimport[22m | 正在準備重新匯入檔案…[39m[0m
[  54% ] [90m[1mreimport[22m | 正在準備重新匯入檔案…[39m[0m
[  54% ] [90m[1mreimport[22m | 正在準備重新匯入檔案…[39m[0m
[  55% ] [90m[1mreimport[22m | 正在準備重新匯入檔案…[39m[0m
[  56% ] [90m[1mreimport[22m | 正在準備重新匯入檔案…[39m[0m
[  56% ] [90m[1mreimport[22m | 正在準備重新匯入檔案…[39m[0m
[  57% ] [90m[1mreimport[22m | 正在準備重新匯入檔案…[39m[0m
[  57% ] [90m[1mreimport[22m | 正在準備重新匯入檔案…[39m[0m
[  58% ] [90m[1mreimport[22m | 正在準備重新匯入檔案…[39m[0m
[  58% ] [90m[1mreimport[22m | 正在準備重新匯入檔案…[39m[0m
[  59% ] [90m[1mreimport[22m | 正在準備重新匯入檔案…[39m[0m
[  59% ] [90m[1mreimport[22m | 正在準備重新匯入檔案…[39m[0m
[  60% ] [90m[1mreimport[22m | 正在準備重新匯入檔案…[39m[0m
[  60% ] [90m[1mreimport[22m | 正在準備重新匯入檔案…[39m[0m
[  61% ] [90m[1mreimport[22m | 正在準備重新匯入檔案…[39m[0m
[  61% ] [90m[1mreimport[22m | 正在準備重新匯入檔案…[39m[0m
[  62% ] [90m[1mreimport[22m | 正在準備重新匯入檔案…[39m[0m
[  62% ] [90m[1mreimport[22m | 正在準備重新匯入檔案…[39m[0m
[  63% ] [90m[1mreimport[22m | 正在準備重新匯入檔案…[39m[0m
[  63% ] [90m[1mreimport[22m | 正在準備重新匯入檔案…[39m[0m
[  64% ] [90m[1mreimport[22m | 正在準備重新匯入檔案…[39m[0m
[  64% ] [90m[1mreimport[22m | 正在準備重新匯入檔案…[39m[0m
[  65% ] [90m[1mreimport[22m | 正在準備重新匯入檔案…[39m[0m
[  65% ] [90m[1mreimport[22m | 正在準備重新匯入檔案…[39m[0m
[  66% ] [90m[1mreimport[22m | 正在準備重新匯入檔案…[39m[0m
[  67% ] [90m[1mreimport[22m | 正在準備重新匯入檔案…[39m[0m
[  67% ] [90m[1mreimport[22m | 正在準備重新匯入檔案…[39m[0m
[  68% ] [90m[1mreimport[22m | 正在準備重新匯入檔案…[39m[0m
[  68% ] [90m[1mreimport[22m | 正在準備重新匯入檔案…[39m[0m
[  69% ] [90m[1mreimport[22m | 正在準備重新匯入檔案…[39m[0m
[  69% ] [90m[1mreimport[22m | 正在準備重新匯入檔案…[39m[0m
[  70% ] [90m[1mreimport[22m | 正在準備重新匯入檔案…[39m[0m
[  70% ] [90m[1mreimport[22m | 正在準備重新匯入檔案…[39m[0m
[  71% ] [90m[1mreimport[22m | 正在準備重新匯入檔案…[39m[0m
[  71% ] [90m[1mreimport[22m | 正在準備重新匯入檔案…[39m[0m
[  72% ] [90m[1mreimport[22m | 正在準備重新匯入檔案…[39m[0m
[  72% ] [90m[1mreimport[22m | 正在準備重新匯入檔案…[39m[0m
[  73% ] [90m[1mreimport[22m | 正在準備重新匯入檔案…[39m[0m
[  73% ] [90m[1mreimport[22m | 正在準備重新匯入檔案…[39m[0m
[  74% ] [90m[1mreimport[22m | 正在準備重新匯入檔案…[39m[0m
[  74% ] [90m[1mreimport[22m | 正在準備重新匯入檔案…[39m[0m
[  75% ] [90m[1mreimport[22m | 正在準備重新匯入檔案…[39m[0m
[  75% ] [90m[1mreimport[22m | 正在準備重新匯入檔案…[39m[0m
[  76% ] [90m[1mreimport[22m | 正在準備重新匯入檔案…[39m[0m
[  76% ] [90m[1mreimport[22m | 正在準備重新匯入檔案…[39m[0m
[  77% ] [90m[1mreimport[22m | 正在準備重新匯入檔案…[39m[0m
[  78% ] [90m[1mreimport[22m | 正在準備重新匯入檔案…[39m[0m
[  78% ] [90m[1mreimport[22m | 正在準備重新匯入檔案…[39m[0m
[  79% ] [90m[1mreimport[22m | 正在準備重新匯入檔案…[39m[0m
[  79% ] [90m[1mreimport[22m | 正在準備重新匯入檔案…[39m[0m
[  80% ] [90m[1mreimport[22m | 正在準備重新匯入檔案…[39m[0m
[  80% ] [90m[1mreimport[22m | 正在準備重新匯入檔案…[39m[0m
[  81% ] [90m[1mreimport[22m | 正在準備重新匯入檔案…[39m[0m
[  81% ] [90m[1mreimport[22m | 正在準備重新匯入檔案…[39m[0m
[  82% ] [90m[1mreimport[22m | 正在準備重新匯入檔案…[39m[0m
[  82% ] [90m[1mreimport[22m | 正在準備重新匯入檔案…[39m[0m
[  83% ] [90m[1mreimport[22m | 正在準備重新匯入檔案…[39m[0m
[  83% ] [90m[1mreimport[22m | 正在準備重新匯入檔案…[39m[0m
[  84% ] [90m[1mreimport[22m | 正在準備重新匯入檔案…[39m[0m
[  84% ] [90m[1mreimport[22m | 正在準備重新匯入檔案…[39m[0m
[  85% ] [90m[1mreimport[22m | 正在準備重新匯入檔案…[39m[0m
[  85% ] [90m[1mreimport[22m | 正在準備重新匯入檔案…[39m[0m
[  86% ] [90m[1mreimport[22m | 正在準備重新匯入檔案…[39m[0m
[  86% ] [90m[1mreimport[22m | 正在準備重新匯入檔案…[39m[0m
[  87% ] [90m[1mreimport[22m | 正在準備重新匯入檔案…[39m[0m
[  87% ] [90m[1mreimport[22m | 正在準備重新匯入檔案…[39m[0m
[  88% ] [90m[1mreimport[22m | 正在準備重新匯入檔案…[39m[0m
[  89% ] [90m[1mreimport[22m | 正在準備重新匯入檔案…[39m[0m
[  89% ] [90m[1mreimport[22m | 正在準備重新匯入檔案…[39m[0m
[  90% ] [90m[1mreimport[22m | 正在準備重新匯入檔案…[39m[0m
[  90% ] [90m[1mreimport[22m | 正在準備重新匯入檔案…[39m[0m
[  91% ] [90m[1mreimport[22m | 正在準備重新匯入檔案…[39m[0m
[  91% ] [90m[1mreimport[22m | 正在準備重新匯入檔案…[39m[0m
[  92% ] [90m[1mreimport[22m | 正在準備重新匯入檔案…[39m[0m
[  92% ] [90m[1mreimport[22m | 正在準備重新匯入檔案…[39m[0m
[  93% ] [90m[1mreimport[22m | 正在準備重新匯入檔案…[39m[0m
[  93% ] [90m[1mreimport[22m | 正在準備重新匯入檔案…[39m[0m
[  94% ] [90m[1mreimport[22m | 正在準備重新匯入檔案…[39m[0m
[  94% ] [90m[1mreimport[22m | 正在準備重新匯入檔案…[39m[0m
[  95% ] [90m[1mreimport[22m | 正在準備重新匯入檔案…[39m[0m
[  95% ] [90m[1mreimport[22m | 正在準備重新匯入檔案…[39m[0m
[  96% ] [90m[1mreimport[22m | 正在準備重新匯入檔案…[39m[0m
[  96% ] [90m[1mreimport[22m | 正在準備重新匯入檔案…[39m[0m
[  97% ] [90m[1mreimport[22m | 正在準備重新匯入檔案…[39m[0m
[  97% ] [90m[1mreimport[22m | 正在準備重新匯入檔案…[39m[0m
[  98% ] [90m[1mreimport[22m | 正在準備重新匯入檔案…[39m[0m
[  98% ] [90m[1mreimport[22m | 正在準備重新匯入檔案…[39m[0m
[   0% ] [90m[1mreimport[22m | 執行預先重新匯入作業…[39m[0m
[   0% ] [90m[1mreimport[22m | outfit_formal_evening_masculine_top_detail.png[39m[0m
[   0% ] [90m[1mreimport[22m | outfit_formal_evening_masculine_top_detail_carry.png[39m[0m
[   1% ] [90m[1mreimport[22m | outfit_formal_evening_masculine_top_detail_idle.png[39m[0m
[   1% ] [90m[1mreimport[22m | outfit_formal_evening_masculine_top_detail_interact.png[39m[0m
[   2% ] [90m[1mreimport[22m | outfit_formal_evening_masculine_top_detail_phone.png[39m[0m
[   2% ] [90m[1mreimport[22m | outfit_formal_evening_masculine_top_detail_sit.png[39m[0m
[   3% ] [90m[1mreimport[22m | outfit_formal_evening_neutral_top_detail.png[39m[0m
[   3% ] [90m[1mreimport[22m | outfit_formal_evening_neutral_top_detail_carry.png[39m[0m
[   4% ] [90m[1mreimport[22m | outfit_formal_evening_neutral_top_detail_idle.png[39m[0m
[   4% ] [90m[1mreimport[22m | outfit_formal_evening_neutral_top_detail_interact.png[39m[0m
[   5% ] [90m[1mreimport[22m | outfit_formal_evening_neutral_top_detail_phone.png[39m[0m
[   5% ] [90m[1mreimport[22m | outfit_formal_evening_neutral_top_detail_sit.png[39m[0m
[   6% ] [90m[1mreimport[22m | outfit_logistics_site_feminine_top_detail.png[39m[0m
[   6% ] [90m[1mreimport[22m | outfit_logistics_site_feminine_top_detail_carry.png[39m[0m
[   7% ] [90m[1mreimport[22m | outfit_logistics_site_feminine_top_detail_idle.png[39m[0m
[   7% ] [90m[1mreimport[22m | outfit_logistics_site_feminine_top_detail_interact.png[39m[0m
[   8% ] [90m[1mreimport[22m | outfit_logistics_site_feminine_top_detail_phone.png[39m[0m
[   8% ] [90m[1mreimport[22m | outfit_logistics_site_feminine_top_detail_sit.png[39m[0m
[   9% ] [90m[1mreimport[22m | outfit_logistics_site_masculine_top_detail.png[39m[0m
[   9% ] [90m[1mreimport[22m | outfit_logistics_site_masculine_top_detail_carry.png[39m[0m
[  10% ] [90m[1mreimport[22m | outfit_logistics_site_masculine_top_detail_idle.png[39m[0m
[  10% ] [90m[1mreimport[22m | outfit_logistics_site_masculine_top_detail_interact.png[39m[0m
[  11% ] [90m[1mreimport[22m | outfit_logistics_site_masculine_top_detail_phone.png[39m[0m
[  12% ] [90m[1mreimport[22m | outfit_executive_feminine_top_detail.png[39m[0m
[  12% ] [90m[1mreimport[22m | outfit_executive_feminine_top_detail_carry.png[39m[0m
[  13% ] [90m[1mreimport[22m | outfit_executive_feminine_top_detail_idle.png[39m[0m
[  13% ] [90m[1mreimport[22m | outfit_executive_feminine_top_detail_interact.png[39m[0m
[  14% ] [90m[1mreimport[22m | outfit_executive_feminine_top_detail_phone.png[39m[0m
[  14% ] [90m[1mreimport[22m | outfit_executive_feminine_top_detail_sit.png[39m[0m
[  15% ] [90m[1mreimport[22m | outfit_executive_masculine_top_detail.png[39m[0m
[  15% ] [90m[1mreimport[22m | outfit_executive_masculine_top_detail_carry.png[39m[0m
[  16% ] [90m[1mreimport[22m | outfit_executive_masculine_top_detail_idle.png[39m[0m
[  16% ] [90m[1mreimport[22m | outfit_executive_masculine_top_detail_interact.png[39m[0m
[  17% ] [90m[1mreimport[22m | outfit_executive_masculine_top_detail_phone.png[39m[0m
[  17% ] [90m[1mreimport[22m | outfit_executive_masculine_top_detail_sit.png[39m[0m
[  18% ] [90m[1mreimport[22m | outfit_executive_neutral_top_detail.png[39m[0m
[  18% ] [90m[1mreimport[22m | outfit_executive_neutral_top_detail_carry.png[39m[0m
[  19% ] [90m[1mreimport[22m | outfit_executive_neutral_top_detail_idle.png[39m[0m
[  19% ] [90m[1mreimport[22m | outfit_executive_neutral_top_detail_interact.png[39m[0m
[  20% ] [90m[1mreimport[22m | outfit_executive_neutral_top_detail_phone.png[39m[0m
[  20% ] [90m[1mreimport[22m | outfit_executive_neutral_top_detail_sit.png[39m[0m
[  21% ] [90m[1mreimport[22m | outfit_formal_evening_feminine_top_detail.png[39m[0m
[  21% ] [90m[1mreimport[22m | outfit_formal_evening_feminine_top_detail_carry.png[39m[0m
[  22% ] [90m[1mreimport[22m | outfit_formal_evening_feminine_top_detail_idle.png[39m[0m
[  23% ] [90m[1mreimport[22m | outfit_formal_evening_feminine_top_detail_interact.png[39m[0m
[  23% ] [90m[1mreimport[22m | outfit_formal_evening_feminine_top_detail_phone.png[39m[0m
[  24% ] [90m[1mreimport[22m | outfit_formal_evening_feminine_top_detail_sit.png[39m[0m
[  24% ] [90m[1mreimport[22m | outfit_luxury_citywear_neutral_top_detail_sit.png[39m[0m
[  25% ] [90m[1mreimport[22m | outfit_travel_feminine_top_detail.png[39m[0m
[  25% ] [90m[1mreimport[22m | outfit_travel_feminine_top_detail_carry.png[39m[0m
[  26% ] [90m[1mreimport[22m | outfit_travel_feminine_top_detail_idle.png[39m[0m
[  26% ] [90m[1mreimport[22m | outfit_travel_feminine_top_detail_interact.png[39m[0m
[  27% ] [90m[1mreimport[22m | outfit_travel_feminine_top_detail_phone.png[39m[0m
[  27% ] [90m[1mreimport[22m | outfit_travel_feminine_top_detail_sit.png[39m[0m
[  28% ] [90m[1mreimport[22m | outfit_travel_masculine_top_detail.png[39m[0m
[  28% ] [90m[1mreimport[22m | outfit_travel_masculine_top_detail_carry.png[39m[0m
[  29% ] [90m[1mreimport[22m | outfit_travel_masculine_top_detail_idle.png[39m[0m
[  29% ] [90m[1mreimport[22m | outfit_travel_masculine_top_detail_interact.png[39m[0m
[  30% ] [90m[1mreimport[22m | outfit_travel_masculine_top_detail_phone.png[39m[0m
[  30% ] [90m[1mreimport[22m | outfit_travel_masculine_top_detail_sit.png[39m[0m
[  31% ] [90m[1mreimport[22m | outfit_travel_neutral_top_detail.png[39m[0m
[  31% ] [90m[1mreimport[22m | outfit_travel_neutral_top_detail_carry.png[39m[0m
[  32% ] [90m[1mreimport[22m | outfit_travel_neutral_top_detail_idle.png[39m[0m
[  32% ] [90m[1mreimport[22m | outfit_travel_neutral_top_detail_interact.png[39m[0m
[  33% ] [90m[1mreimport[22m | outfit_travel_neutral_top_detail_phone.png[39m[0m
[  34% ] [90m[1mreimport[22m | outfit_travel_neutral_top_detail_sit.png[39m[0m
[  34% ] [90m[1mreimport[22m | outfit_executive_detail.png[39m[0m
[  35% ] [90m[1mreimport[22m | outfit_formal_evening_detail.png[39m[0m
[  35% ] [90m[1mreimport[22m | outfit_logistics_site_detail.png[39m[0m
[  36% ] [90m[1mreimport[22m | outfit_luxury_citywear_detail.png[39m[0m
[  36% ] [90m[1mreimport[22m | outfit_travel_detail.png[39m[0m
[  37% ] [90m[1mreimport[22m | outfit_logistics_site_masculine_top_detail_sit.png[39m[0m
[  37% ] [90m[1mreimport[22m | outfit_logistics_site_neutral_top_detail.png[39m[0m
[  38% ] [90m[1mreimport[22m | outfit_logistics_site_neutral_top_detail_carry.png[39m[0m
[  38% ] [90m[1mreimport[22m | outfit_logistics_site_neutral_top_detail_idle.png[39m[0m
[  39% ] [90m[1mreimport[22m | outfit_logistics_site_neutral_top_detail_interact.png[39m[0m
[  39% ] [90m[1mreimport[22m | outfit_logistics_site_neutral_top_detail_phone.png[39m[0m
[  40% ] [90m[1mreimport[22m | outfit_logistics_site_neutral_top_detail_sit.png[39m[0m
[  40% ] [90m[1mreimport[22m | outfit_luxury_citywear_feminine_top_detail.png[39m[0m
[  41% ] [90m[1mreimport[22m | outfit_luxury_citywear_feminine_top_detail_carry.png[39m[0m
[  41% ] [90m[1mreimport[22m | outfit_luxury_citywear_feminine_top_detail_idle.png[39m[0m
[  42% ] [90m[1mreimport[22m | outfit_luxury_citywear_feminine_top_detail_interact.png[39m[0m
[  42% ] [90m[1mreimport[22m | outfit_luxury_citywear_feminine_top_detail_phone.png[39m[0m
[  43% ] [90m[1mreimport[22m | outfit_luxury_citywear_feminine_top_detail_sit.png[39m[0m
[  43% ] [90m[1mreimport[22m | outfit_luxury_citywear_masculine_top_detail.png[39m[0m
[  44% ] [90m[1mreimport[22m | outfit_luxury_citywear_masculine_top_detail_carry.png[39m[0m
[  45% ] [90m[1mreimport[22m | outfit_luxury_citywear_masculine_top_detail_idle.png[39m[0m
[  45% ] [90m[1mreimport[22m | outfit_luxury_citywear_masculine_top_detail_interact.png[39m[0m
[  46% ] [90m[1mreimport[22m | outfit_luxury_citywear_masculine_top_detail_phone.png[39m[0m
[  46% ] [90m[1mreimport[22m | outfit_luxury_citywear_masculine_top_detail_sit.png[39m[0m
[  47% ] [90m[1mreimport[22m | outfit_luxury_citywear_neutral_top_detail.png[39m[0m
[  47% ] [90m[1mreimport[22m | outfit_luxury_citywear_neutral_top_detail_carry.png[39m[0m
[  48% ] [90m[1mreimport[22m | outfit_luxury_citywear_neutral_top_detail_idle.png[39m[0m
[  48% ] [90m[1mreimport[22m | outfit_luxury_citywear_neutral_top_detail_interact.png[39m[0m
[  49% ] [90m[1mreimport[22m | outfit_luxury_citywear_neutral_top_detail_phone.png[39m[0m
[  49% ] [90m[1mreimport[22m | outfit_formal_evening_masculine_top_detail.png[39m[0m
[  50% ] [90m[1mreimport[22m | outfit_formal_evening_masculine_top_detail_carry.png[39m[0m
[  50% ] [90m[1mreimport[22m | outfit_formal_evening_masculine_top_detail_idle.png[39m[0m
[  51% ] [90m[1mreimport[22m | outfit_formal_evening_masculine_top_detail_interact.png[39m[0m
[  51% ] [90m[1mreimport[22m | outfit_formal_evening_masculine_top_detail_phone.png[39m[0m
[  52% ] [90m[1mreimport[22m | outfit_formal_evening_masculine_top_detail_sit.png[39m[0m
[  52% ] [90m[1mreimport[22m | outfit_formal_evening_neutral_top_detail.png[39m[0m
[  53% ] [90m[1mreimport[22m | outfit_formal_evening_neutral_top_detail_carry.png[39m[0m
[  53% ] [90m[1mreimport[22m | outfit_formal_evening_neutral_top_detail_idle.png[39m[0m
[  54% ] [90m[1mreimport[22m | outfit_formal_evening_neutral_top_detail_interact.png[39m[0m
[  54% ] [90m[1mreimport[22m | outfit_formal_evening_neutral_top_detail_phone.png[39m[0m
[  55% ] [90m[1mreimport[22m | outfit_formal_evening_neutral_top_detail_sit.png[39m[0m
[  56% ] [90m[1mreimport[22m | outfit_logistics_site_feminine_top_detail.png[39m[0m
[  56% ] [90m[1mreimport[22m | outfit_logistics_site_feminine_top_detail_carry.png[39m[0m
[  57% ] [90m[1mreimport[22m | outfit_logistics_site_feminine_top_detail_idle.png[39m[0m
[  57% ] [90m[1mreimport[22m | outfit_logistics_site_feminine_top_detail_interact.png[39m[0m
[  58% ] [90m[1mreimport[22m | outfit_logistics_site_feminine_top_detail_phone.png[39m[0m
[  58% ] [90m[1mreimport[22m | outfit_logistics_site_feminine_top_detail_sit.png[39m[0m
[  59% ] [90m[1mreimport[22m | outfit_logistics_site_masculine_top_detail.png[39m[0m
[  59% ] [90m[1mreimport[22m | outfit_logistics_site_masculine_top_detail_carry.png[39m[0m
[  60% ] [90m[1mreimport[22m | outfit_logistics_site_masculine_top_detail_idle.png[39m[0m
[  60% ] [90m[1mreimport[22m | outfit_logistics_site_masculine_top_detail_interact.png[39m[0m
[  61% ] [90m[1mreimport[22m | outfit_logistics_site_masculine_top_detail_phone.png[39m[0m
[  61% ] [90m[1mreimport[22m | outfit_executive_feminine_top_detail.png[39m[0m
[  62% ] [90m[1mreimport[22m | outfit_executive_feminine_top_detail_carry.png[39m[0m
[  62% ] [90m[1mreimport[22m | outfit_executive_feminine_top_detail_idle.png[39m[0m
[  63% ] [90m[1mreimport[22m | outfit_executive_feminine_top_detail_interact.png[39m[0m
[  63% ] [90m[1mreimport[22m | outfit_executive_feminine_top_detail_phone.png[39m[0m
[  64% ] [90m[1mreimport[22m | outfit_executive_feminine_top_detail_sit.png[39m[0m
[  64% ] [90m[1mreimport[22m | outfit_executive_masculine_top_detail.png[39m[0m
[  65% ] [90m[1mreimport[22m | outfit_executive_masculine_top_detail_carry.png[39m[0m
[  65% ] [90m[1mreimport[22m | outfit_executive_masculine_top_detail_idle.png[39m[0m
[  66% ] [90m[1mreimport[22m | outfit_executive_masculine_top_detail_interact.png[39m[0m
[  67% ] [90m[1mreimport[22m | outfit_executive_masculine_top_detail_phone.png[39m[0m
[  67% ] [90m[1mreimport[22m | outfit_executive_masculine_top_detail_sit.png[39m[0m
[  68% ] [90m[1mreimport[22m | outfit_executive_neutral_top_detail.png[39m[0m
[  68% ] [90m[1mreimport[22m | outfit_executive_neutral_top_detail_carry.png[39m[0m
[  69% ] [90m[1mreimport[22m | outfit_executive_neutral_top_detail_idle.png[39m[0m
[  69% ] [90m[1mreimport[22m | outfit_executive_neutral_top_detail_interact.png[39m[0m
[  70% ] [90m[1mreimport[22m | outfit_executive_neutral_top_detail_phone.png[39m[0m
[  70% ] [90m[1mreimport[22m | outfit_executive_neutral_top_detail_sit.png[39m[0m
[  71% ] [90m[1mreimport[22m | outfit_formal_evening_feminine_top_detail.png[39m[0m
[  71% ] [90m[1mreimport[22m | outfit_formal_evening_feminine_top_detail_carry.png[39m[0m
[  72% ] [90m[1mreimport[22m | outfit_formal_evening_feminine_top_detail_idle.png[39m[0m
[  72% ] [90m[1mreimport[22m | outfit_formal_evening_feminine_top_detail_interact.png[39m[0m
[  73% ] [90m[1mreimport[22m | outfit_formal_evening_feminine_top_detail_phone.png[39m[0m
[  73% ] [90m[1mreimport[22m | outfit_formal_evening_feminine_top_detail_sit.png[39m[0m
[  74% ] [90m[1mreimport[22m | outfit_luxury_citywear_neutral_top_detail_sit.png[39m[0m
[  74% ] [90m[1mreimport[22m | outfit_travel_feminine_top_detail.png[39m[0m
[  75% ] [90m[1mreimport[22m | outfit_travel_feminine_top_detail_carry.png[39m[0m
[  75% ] [90m[1mreimport[22m | outfit_travel_feminine_top_detail_idle.png[39m[0m
[  76% ] [90m[1mreimport[22m | outfit_travel_feminine_top_detail_interact.png[39m[0m
[  76% ] [90m[1mreimport[22m | outfit_travel_feminine_top_detail_phone.png[39m[0m
[  77% ] [90m[1mreimport[22m | outfit_travel_feminine_top_detail_sit.png[39m[0m
[  78% ] [90m[1mreimport[22m | outfit_travel_masculine_top_detail.png[39m[0m
[  78% ] [90m[1mreimport[22m | outfit_travel_masculine_top_detail_carry.png[39m[0m
[  79% ] [90m[1mreimport[22m | outfit_travel_masculine_top_detail_idle.png[39m[0m
[  79% ] [90m[1mreimport[22m | outfit_travel_masculine_top_detail_interact.png[39m[0m
[  80% ] [90m[1mreimport[22m | outfit_travel_masculine_top_detail_phone.png[39m[0m
[  80% ] [90m[1mreimport[22m | outfit_travel_masculine_top_detail_sit.png[39m[0m
[  81% ] [90m[1mreimport[22m | outfit_travel_neutral_top_detail.png[39m[0m
[  81% ] [90m[1mreimport[22m | outfit_travel_neutral_top_detail_carry.png[39m[0m
[  82% ] [90m[1mreimport[22m | outfit_travel_neutral_top_detail_idle.png[39m[0m
[  82% ] [90m[1mreimport[22m | outfit_travel_neutral_top_detail_interact.png[39m[0m
[  83% ] [90m[1mreimport[22m | outfit_travel_neutral_top_detail_phone.png[39m[0m
[  83% ] [90m[1mreimport[22m | outfit_travel_neutral_top_detail_sit.png[39m[0m
[  84% ] [90m[1mreimport[22m | outfit_executive_detail.png[39m[0m
[  84% ] [90m[1mreimport[22m | outfit_formal_evening_detail.png[39m[0m
[  85% ] [90m[1mreimport[22m | outfit_logistics_site_detail.png[39m[0m
[  85% ] [90m[1mreimport[22m | outfit_luxury_citywear_detail.png[39m[0m
[  86% ] [90m[1mreimport[22m | outfit_travel_detail.png[39m[0m
[  86% ] [90m[1mreimport[22m | outfit_logistics_site_masculine_top_detail_sit.png[39m[0m
[  87% ] [90m[1mreimport[22m | outfit_logistics_site_neutral_top_detail.png[39m[0m
[  87% ] [90m[1mreimport[22m | outfit_logistics_site_neutral_top_detail_carry.png[39m[0m
[  88% ] [90m[1mreimport[22m | outfit_logistics_site_neutral_top_detail_idle.png[39m[0m
[  89% ] [90m[1mreimport[22m | outfit_logistics_site_neutral_top_detail_interact.png[39m[0m
[  89% ] [90m[1mreimport[22m | outfit_logistics_site_neutral_top_detail_phone.png[39m[0m
[  90% ] [90m[1mreimport[22m | outfit_logistics_site_neutral_top_detail_sit.png[39m[0m
[  90% ] [90m[1mreimport[22m | outfit_luxury_citywear_feminine_top_detail.png[39m[0m
[  91% ] [90m[1mreimport[22m | outfit_luxury_citywear_feminine_top_detail_carry.png[39m[0m
[  91% ] [90m[1mreimport[22m | outfit_luxury_citywear_feminine_top_detail_idle.png[39m[0m
[  92% ] [90m[1mreimport[22m | outfit_luxury_citywear_feminine_top_detail_interact.png[39m[0m
[  92% ] [90m[1mreimport[22m | outfit_luxury_citywear_feminine_top_detail_phone.png[39m[0m
[  93% ] [90m[1mreimport[22m | outfit_luxury_citywear_feminine_top_detail_sit.png[39m[0m
[  93% ] [90m[1mreimport[22m | outfit_luxury_citywear_masculine_top_detail.png[39m[0m
[  94% ] [90m[1mreimport[22m | outfit_luxury_citywear_masculine_top_detail_carry.png[39m[0m
[  94% ] [90m[1mreimport[22m | outfit_luxury_citywear_masculine_top_detail_idle.png[39m[0m
[  95% ] [90m[1mreimport[22m | outfit_luxury_citywear_masculine_top_detail_interact.png[39m[0m
[  95% ] [90m[1mreimport[22m | outfit_luxury_citywear_masculine_top_detail_phone.png[39m[0m
[  96% ] [90m[1mreimport[22m | outfit_luxury_citywear_masculine_top_detail_sit.png[39m[0m
[  96% ] [90m[1mreimport[22m | outfit_luxury_citywear_neutral_top_detail.png[39m[0m
[  97% ] [90m[1mreimport[22m | outfit_luxury_citywear_neutral_top_detail_carry.png[39m[0m
[  97% ] [90m[1mreimport[22m | outfit_luxury_citywear_neutral_top_detail_idle.png[39m[0m
[  98% ] [90m[1mreimport[22m | outfit_luxury_citywear_neutral_top_detail_interact.png[39m[0m
[  98% ] [90m[1mreimport[22m | outfit_luxury_citywear_neutral_top_detail_phone.png[39m[0m
[  99% ] [90m[1mreimport[22m | 完成素材匯入...[39m[0m
[92m[ DONE ][39m [1mreimport[22m
[0m
[   0% ] [90m[1mreimport[22m | Started （重新）匯入素材 (190 steps)[39m[0m
[   0% ] [90m[1mreimport[22m | 執行重新匯入後續處理作業…[39m[0m
[92m[ DONE ][39m [1mreimport[22m
[0m
[   0% ] [90m[1mloading_editor_layout[22m | Started 載入編輯器 (5 steps)[39m[0m
[   0% ] [90m[1mloading_editor_layout[22m | 載入編輯器版面配置中…[39m[0m
[92m[ DONE ][39m [1mloading_editor_layout[22m
[0m
