Godot Engine v4.5.1.stable.official.f62fdbde1 - https://godotengine.org

   0.0s STEP Main menu → New Game
   0.0s   (shot main_menu skipped: headless)
   0.0s   click [NewGame] New Game
   0.1s STEP Character Creator
   0.1s   (shot creator_default skipped: headless)
   0.1s   click [Tab_hair] Hair
   0.1s   click [Next_hair] ▶
   0.1s   click [Tab_face] Face
   0.1s   click [Next_face] ▶
   0.2s   click [Next_eye_shape] ▶
   0.2s   click [Tab_body] Body
   0.2s   click [Next_presentation] ▶
   0.2s   (shot creator_customised skipped: headless)
   0.2s   click [Tab_outfit] Outfit
   0.2s   click "Startup Casual"
   0.2s   ok  appearance changed from default (short_neat)
   0.2s   (shot creator_final skipped: headless)
   0.2s   click [Start] Start in Aurelia  →
   0.2s [6月1日（週日） 下午 2:00] STEP Arrival sequence
   0.3s [6月1日（週日） 下午 2:00]   (shot arrival_train skipped: headless)
   0.3s [6月1日（週日） 下午 2:00]   (shot arrival_phone skipped: headless)
   0.5s [6月1日（週日） 下午 2:01]   ok  spawned in the Riverside apartment
   0.5s [6月1日（週日） 下午 2:01]   ok  starting cash $30,000
   0.5s [6月1日（週日） 下午 2:01]   ok  name saved
   0.6s [6月1日（週日） 下午 2:03]   (shot apartment_arrival skipped: headless)
   0.6s [6月1日（週日） 下午 2:03] STEP Chapter 1 — phone & Maya
   0.7s [6月1日（週日） 下午 2:08]   (shot phone_home skipped: headless)
   0.7s [6月1日（週日） 下午 2:08]   click [App_messages] 訊息 2
   0.7s [6月1日（週日） 下午 2:09]   click [Thread_maya] Maya  ● 打給我。或傳訊息。隨便。
   0.8s [6月1日（週日） 下午 2:09]   choose "› 嗯。"
   0.8s [6月1日（週日） 下午 2:09]   choose "› 我要開公司。"
   0.9s [6月1日（週日） 下午 2:09]   ok  Maya conversation done
   0.9s [6月1日（週日） 下午 2:09] STEP Head outside
   1.7s [6月1日（週日） 下午 2:15]   ok  walked back outside
   1.7s [6月1日（週日） 下午 2:15]   ok  visited Riverside
   1.7s [6月1日（週日） 下午 2:15]   (shot riverside_outside_home skipped: headless)
   1.7s [6月1日（週日） 下午 2:15] STEP Bloom Coffee
   2.0s [6月1日（週日） 下午 2:20]   ok  entered Bloom Coffee
   2.0s [6月1日（週日） 下午 2:20]   (shot bloom_coffee_inside skipped: headless)
   2.0s [6月1日（週日） 下午 2:22]   use "Order coffee ($4.50)"
   2.1s [6月1日（週日） 下午 2:22]   choose "› 麻煩了。"
   2.2s [6月1日（週日） 下午 2:33]   ok  bought a coffee from Jun
   2.3s [6月1日（週日） 下午 2:38]   ok  walked back outside
   2.3s [6月1日（週日） 下午 2:38] STEP Walk east to Startup Hub
   2.4s [6月1日（週日） 下午 2:40]   (shot riverside_street skipped: headless)
   3.2s [6月1日（週日） 下午 3:11]   ok  walked to Startup Hub
   3.2s [6月1日（週日） 下午 3:11]   (shot startup_hub_arrive skipped: headless)
   3.2s [6月1日（週日） 下午 3:11] STEP Nexus Co-work
   3.5s [6月1日（週日） 下午 3:17]   ok  entered Nexus Co-work
   3.5s [6月1日（週日） 下午 3:17]   (shot cowork_inside skipped: headless)
   3.5s [6月1日（週日） 下午 3:19]   use "Reception — desks & day passes"
   3.6s [6月1日（週日） 下午 3:19]   choose "› 對。先看看。"
   3.7s [6月1日（週日） 下午 3:20]   click [DayPass] Buy a day pass ($15)
   3.7s [6月1日（週日） 下午 3:21] STEP Business Board
   3.8s [6月1日（週日） 下午 3:26]   use "Business Board"
   3.8s [6月1日（週日） 下午 3:27]   (shot business_board skipped: headless)
   3.8s [6月1日（週日） 下午 3:27]   click [Biz_saas] ● SaaS／軟體
   3.9s [6月1日（週日） 下午 3:27]   (shot business_board_planned_saas skipped: headless)
   3.9s [6月1日（週日） 下午 3:27]   click [Biz_ecommerce] ● 電商
   3.9s [6月1日（週日） 下午 3:28]   click [StartEcommerce] Start an ecommerce side business
   4.0s [6月1日（週日） 下午 3:30]   ok  picked ecommerce as first business
   4.1s [6月1日（週日） 下午 3:33]   ok  Chapter 1 complete
   4.1s [6月1日（週日） 下午 3:33] STEP Chapter 2 — buy stock at a hot desk (Company OS)
   4.2s [6月1日（週日） 下午 3:40]   use "Work at a hot desk — Company OS"
   4.2s [6月1日（週日） 下午 3:41]   (shot company_os_overview_personal skipped: headless)
   4.2s [6月1日（週日） 下午 3:41]   click [Tab_operations] Operations
   4.3s [6月1日（週日） 下午 3:42]   (shot company_os_suppliers skipped: headless)
   4.3s [6月1日（週日） 下午 3:42]   click [Buy_tradelink_wholesale_wireless_earbuds] 購買 $900
   4.4s [6月1日（週日） 下午 3:52]   click [Buy_tradelink_wholesale_water_bottle] 購買 $408
   4.4s [6月1日（週日） 下午 4:03]   click [Buy_tradelink_wholesale_desk_lamp] 購買 $460
   4.5s [6月1日（週日） 下午 4:14]   click [Buy_tradelink_wholesale_phone_stand] 購買 $272
   4.6s [6月1日（週日） 下午 4:24]   ok  placed purchase orders (MOQ, prepaid): 4 POs, cash $27,940.50
   4.6s [6月1日（週日） 下午 4:24]   (shot company_os_purchase_orders skipped: headless)
   4.6s [6月1日（週日） 下午 4:25] STEP Home to wait for stock
   4.7s [6月1日（週日） 下午 4:31]   ok  walked back outside
   5.0s [6月1日（週日） 下午 4:49]   ok  walked to Riverside
   5.8s [6月1日（週日） 下午 5:13]   ok  entered Riverside Tower
   5.8s [6月1日（週日） 下午 5:13]   (harness) wait 2 h
   5.9s [6月1日（週日） 下午 7:16]   use "Sleep"
   5.9s [6月1日（週日） 下午 7:16]   click [Sleep] Sleep until 7:00 AM
   6.0s [6月2日（週一） 上午 7:00]   (harness) wait 2 h
   6.0s [6月2日（週一） 上午 9:01]   (harness) wait 2 h
   6.0s [6月2日（週一） 上午 11:02]   (harness) wait 2 h
   6.0s [6月2日（週一） 下午 1:03]   (harness) wait 2 h
   6.0s [6月2日（週一） 下午 3:04]   (harness) wait 2 h
   6.0s [6月2日（週一） 下午 5:05]   (harness) wait 2 h
   6.1s [6月2日（週一） 下午 7:06]   use "Sleep"
   6.1s [6月2日（週一） 下午 7:06]   click [Sleep] Sleep until 7:00 AM
   6.1s [6月3日（週二） 上午 7:00]   (harness) wait 2 h
   6.2s [6月3日（週二） 上午 9:01]   (harness) wait 2 h
   6.2s [6月3日（週二） 上午 11:02]   (harness) wait 2 h
   6.2s [6月3日（週二） 下午 1:03]   (harness) wait 2 h
   6.2s [6月3日（週二） 下午 3:04]   (harness) wait 2 h
   6.2s [6月3日（週二） 下午 5:05]   ok  stock delivered to the apartment
   6.3s [6月3日（週二） 下午 5:06]   (shot apartment_with_stock skipped: headless)
   6.3s [6月3日（週二） 下午 5:06] STEP List products on ShopLane
   6.3s [6月3日（週二） 下午 5:08]   use "Use laptop — Company OS"
   6.3s [6月3日（週二） 下午 5:09]   click [Tab_sales] Ecommerce
   6.4s [6月3日（週二） 下午 5:10]   (shot company_os_sales_ready skipped: headless)
   6.4s [6月3日（週二） 下午 5:10]   click [ListSelf_wireless_earbuds] Shoot photos myself & list (1 h 20 min)
   6.4s [6月3日（週二） 下午 6:30]   click [ListSelf_water_bottle] Shoot photos myself & list (1 h 20 min)
   6.5s [6月3日（週二） 下午 7:51]   click [ListSelf_desk_lamp] Shoot photos myself & list (1 h 20 min)
   6.5s [6月3日（週二） 下午 9:12]   click [ListSelf_phone_stand] Shoot photos myself & list (1 h 20 min)
   6.6s [6月3日（週二） 下午 10:33]   click [AdPlus_wireless_earbuds] +
   6.7s [6月3日（週二） 下午 10:34]   (shot company_os_listings_live skipped: headless)
   6.7s [6月3日（週二） 下午 10:34]   ok  listings live
   6.7s [6月3日（週二） 下午 10:34] STEP First order → pack → ship
   6.8s [6月3日（週二） 下午 10:40]   use "Packing table"
   6.8s [6月3日（週二） 下午 10:41]   (shot packing_table skipped: headless)
   6.8s [6月3日（週二） 下午 10:41]   click [Pack] 打包 5 筆訂單（40 分鐘）
   6.9s [6月3日（週二） 下午 11:22]   click [CourierExpress] 快遞 · 快捷 1 天（$50.50）
   6.9s [6月3日（週二） 下午 11:24]   ok  first order came in
   6.9s [6月3日（週二） 下午 11:24]   ok  handed to the courier (pickup booked)
   6.9s [6月3日（週二） 下午 11:24] STEP Delivery → first dollar
   7.0s [6月3日（週二） 下午 11:30]   use "Sleep"
   7.0s [6月3日（週二） 下午 11:30]   click [Sleep] Sleep until 7:00 AM
   7.2s [6月4日（週三） 上午 7:07]   use "Packing table"
   7.2s [6月4日（週三） 上午 7:08]   click [Pack] 打包 2 筆訂單（16 分鐘）
   7.3s [6月4日（週三） 上午 7:25]   click [CourierExpress] 快遞 · 快捷 1 天（$23.80）
   7.3s [6月4日（週三） 上午 7:27]   ok  first order delivered (Earn Your First Dollar)
   7.3s [6月4日（週三） 上午 7:27]   revenue booked $194.95 · ShopLane balance $175.45 · cash $27,761.30
   7.3s [6月4日（週三） 上午 7:27]   (shot first_dollar skipped: headless)
   7.3s [6月4日（週三） 上午 7:27] STEP First customer issue
   7.3s [6月4日（週三） 上午 7:27]   (harness) wait 2 h
   7.4s [6月4日（週三） 上午 9:30]   use "Packing table"
   7.4s [6月4日（週三） 上午 9:32]   click [Pack] 打包 2 筆訂單（16 分鐘）
   7.4s [6月4日（週三） 上午 9:57]   click [CourierExpress] 快遞 · 快捷 1 天（$39.90）
   7.5s [6月4日（週三） 上午 9:58]   (harness) wait 2 h
   7.5s [6月4日（週三） 下午 12:00]   use "Packing table"
   7.5s [6月4日（週三） 下午 12:01]   click [Pack] 打包 3 筆訂單（24 分鐘）
   7.6s [6月4日（週三） 下午 12:26]   click [CourierExpress] 快遞 · 快捷 1 天（$32.70）
   7.6s [6月4日（週三） 下午 12:28]   (harness) wait 2 h
   7.6s [6月4日（週三） 下午 2:29]   use "Packing table"
   7.6s [6月4日（週三） 下午 2:30]   click [Pack] 打包 1 筆訂單（8 分鐘）
   7.7s [6月4日（週三） 下午 2:39]   click [CourierExpress] 快遞 · 快捷 1 天（$14.90）
   7.7s [6月4日（週三） 下午 2:41]   (harness) wait 2 h
   7.7s [6月4日（週三） 下午 4:42]   use "Packing table"
   7.8s [6月4日（週三） 下午 4:43]   click [Pack] 打包 1 筆訂單（8 分鐘）
   7.8s [6月4日（週三） 下午 4:52]   click [CourierExpress] 快遞 · 快捷 1 天（$14.90）
   7.8s [6月4日（週三） 下午 4:54]   (harness) wait 2 h
   7.9s [6月4日（週三） 下午 6:55]   (harness) wait 2 h
   7.9s [6月4日（週三） 下午 8:56]   use "Packing table"
   7.9s [6月4日（週三） 下午 8:57]   click [Pack] 打包 5 筆訂單（40 分鐘）
   8.0s [6月4日（週三） 下午 9:38]   click [CourierExpress] 快遞 · 快捷 1 天（$50.50）
   8.1s [6月4日（週三） 下午 9:44]   use "Sleep"
   8.1s [6月4日（週三） 下午 9:44]   click [Sleep] Sleep until 7:00 AM
   8.2s [6月5日（週四） 上午 7:00]   (shot decision_customer_return_first skipped: headless)
   8.2s [6月5日（週四） 上午 7:00]   decision customer_return_first → replace
   8.2s [6月5日（週四） 上午 7:00]   click [Choice_replace] 寄一個新的（快捷）
   8.3s [6月5日（週四） 上午 7:00]   (shot decision_outcome_customer_return_first skipped: headless)
   8.3s [6月5日（週四） 上午 7:00]   click "OK"
   8.4s [6月5日（週四） 上午 7:07]   use "Packing table"
   8.5s [6月5日（週四） 上午 7:08]   click [Pack] 打包 6 筆訂單（48 分鐘）
   8.5s [6月5日（週四） 上午 7:57]   click [CourierExpress] 快遞 · 快捷 1 天（$59.40）
   8.5s [6月5日（週四） 上午 7:59]   ok  resolved the first customer issue
   8.6s [6月5日（週四） 上午 8:02]   ok  Chapter 2 complete
   8.6s [6月5日（週四） 上午 8:02] STEP Purchase cancellation
   8.6s [6月5日（週四） 上午 8:04]   use "Use laptop — Company OS"
   8.7s [6月5日（週四） 上午 8:05]   click [Tab_operations] Operations
   8.8s [6月5日（週四） 上午 8:06]   click [Buy_tradelink_wholesale_wireless_earbuds] 購買 $900
   8.9s [6月5日（週四） 上午 8:17]   click [CancelPO_PO-105] Cancel purchase
   8.9s [6月5日（週四） 上午 8:17]   (shot purchase_cancel_confirmation skipped: headless)
   8.9s [6月5日（週四） 上午 8:17]   click [ConfirmReturn] Confirm cancellation
   9.0s [6月5日（週四） 上午 8:17]   ok  extra PO cancelled through UI
   9.0s [6月5日（週四） 上午 8:17]   ok  cancellation cash equals quoted refund
   9.0s [6月5日（週四） 上午 8:17]   ok  ledger balanced after purchase cancellation
   9.0s [6月5日（週四） 上午 8:18]   (shot purchase_cancelled_operations skipped: headless)
   9.0s [6月5日（週四） 上午 8:19] STEP Chapter 3 — wait for a weekday morning
   9.1s [6月5日（週四） 上午 8:24]   ok  walked back outside
   9.1s [6月5日（週四） 上午 8:24] STEP Metro to Civic Center → City Hall
   9.5s [6月5日（週四） 上午 8:36]   use "捷運——河濱區站"
   9.6s [6月5日（週四） 上午 8:37]   (shot metro_civic_center skipped: headless)
   9.6s [6月5日（週四） 上午 8:37]   click [Go_civic_center] 市政中心  ·  12 分鐘
   9.8s [6月5日（週四） 上午 8:51]   ok  took the Metro to Civic Center
   9.8s [6月5日（週四） 上午 8:51]   (shot civic_center skipped: headless)
  10.2s [6月5日（週四） 上午 9:12]   ok  entered Aurelia City Hall
  10.2s [6月5日（週四） 上午 9:12]   (shot city_hall_inside skipped: headless)
  10.2s [6月5日（週四） 上午 9:13]   use "Registration counter"
  10.3s [6月5日（週四） 上午 9:14]   choose "› 我要登記公司。"
  10.4s [6月5日（週四） 上午 9:15]   (shot registration_form skipped: headless)
  10.4s [6月5日（週四） 上午 9:15]   click [Submit] Register & pay
  10.4s [6月5日（週四） 上午 10:01]   (shot registration_done skipped: headless)
  10.4s [6月5日（週四） 上午 10:01]   click "Thanks"
  10.4s [6月5日（週四） 上午 10:01]   ok  registered Riverlight Goods
  10.4s [6月5日（週四） 上午 10:01]   (shot decision_low_cash_warning skipped: headless)
  10.4s [6月5日（週四） 上午 10:01]   decision low_cash_warning → reduce
  10.4s [6月5日（週四） 上午 10:01]   click [Choice_reduce] 縮減開支（暫停廣告、生活從簡）
  10.4s [6月5日（週四） 上午 10:01]   (shot decision_outcome_low_cash_warning skipped: headless)
  10.5s [6月5日（週四） 上午 10:01]   click "OK"
  10.6s [6月5日（週四） 上午 10:06]   ok  walked back outside
  10.6s [6月5日（週四） 上午 10:06] STEP Walk to the Financial District → Nexus Bank
  11.1s [6月5日（週四） 上午 10:26]   ok  walked to Financial District
  11.3s [6月5日（週四） 上午 10:32]   ok  entered Nexus Bank
  11.3s [6月5日（週四） 上午 10:32]   (shot bank_inside skipped: headless)
  11.4s [6月5日（週四） 上午 10:34]   use "Teller — business banking"
  11.5s [6月5日（週四） 上午 10:35]   click "$15,000"
  11.5s [6月5日（週四） 上午 10:35]   click [OpenAccount] 存入 $15,000 開戶
  11.6s [6月5日（週四） 上午 11:06]   (shot bank_account_opened skipped: headless)
  11.6s [6月5日（週四） 上午 11:07]   ok  business account opened with founder capital
  11.7s [6月5日（週四） 上午 11:12]   ok  walked back outside
  11.7s [6月5日（週四） 上午 11:12] STEP Metro to Startup Hub → lease Suite 2B
  12.1s [6月5日（週四） 上午 11:21]   use "捷運——金融區站"
  12.2s [6月5日（週四） 上午 11:23]   (shot metro_startup_hub skipped: headless)
  12.2s [6月5日（週四） 上午 11:23]   click [Go_startup_hub] 新創園區  ·  8 分鐘
  12.3s [6月5日（週四） 上午 11:32]   ok  took the Metro to Startup Hub
  12.6s [6月5日（週四） 上午 11:40]   ok  entered 22 Founders Lane
  12.6s [6月5日（週四） 上午 11:40]   (shot suite_2b_tour skipped: headless)
  12.6s [6月5日（週四） 上午 11:41]   use "和 Tom 說話"
  12.7s [6月5日（週四） 上午 11:41]   click [SignLease] Sign the lease
  12.7s [6月5日（週四） 上午 11:43]   ok  leased Suite 2B
  12.8s [6月5日（週四） 上午 11:44]   (shot suite_2b_company_sign skipped: headless)
  12.8s [6月5日（週四） 上午 11:44] STEP Sit at the desk → Company OS as the company
  12.8s [6月5日（週四） 上午 11:45]   use "Sit at your desk — Company OS"
  12.8s [6月5日（週四） 上午 11:46]   (shot company_os_as_company skipped: headless)
  12.8s [6月5日（週四） 上午 11:46]   click [Tab_finance] Finance
  12.9s [6月5日（週四） 上午 11:47]   (shot company_os_finance skipped: headless)
  12.9s [6月5日（週四） 上午 11:47]   click [Tab_inventory] Inventory
  13.0s [6月5日（週四） 上午 11:48]   (shot company_os_inventory skipped: headless)
  13.1s [6月5日（週四） 上午 11:53]   ok  Chapter 3 complete
  13.2s [6月5日（週四） 上午 11:58]   ok  walked back outside
  13.2s [6月5日（週四） 上午 11:58]   (shot startup_hub_office_sign skipped: headless)
  13.2s [6月5日（週四） 上午 11:58] STEP Careers — part-time job at Nexus Co-work
  13.6s [6月5日（週四） 下午 12:07]   ok  entered Nexus Co-work
  13.7s [6月5日（週四） 下午 12:11]   use "Business Board"
  13.7s [6月5日（週四） 下午 12:12]   click [Page_jobs] Part-time jobs
  13.7s [6月5日（週四） 下午 12:13]   (shot business_board_jobs skipped: headless)
  13.7s [6月5日（週四） 下午 12:13]   click [Job_cowork_host] 詳情／應徵
  13.8s [6月5日（週四） 下午 12:14]   click [ApplyJob] Take the job
  13.8s [6月5日（週四） 下午 12:14]   (shot job_hired skipped: headless)
  13.9s [6月5日（週四） 下午 12:16]   ok  hired as a community host
  13.9s [6月5日（週四） 下午 12:19]   use "Staff door — work a shift"
  14.0s [6月5日（週四） 下午 12:20]   (shot job_shift skipped: headless)
  14.0s [6月5日（週四） 下午 12:20]   click [WorkShift] 開始 4 小時的班（最多 +$72.00）
  14.1s [6月5日（週四） 下午 4:22]   ok  a 4-hour shift paid by how it went ($67.68)
  14.1s [6月5日（週四） 下午 4:22] STEP Careers — freelance gig at a hot desk
  14.1s [6月5日（週四） 下午 4:22]   info card: Your first business loop
  14.1s [6月5日（週四） 下午 4:22]   (shot info_your_first_business_loop skipped: headless)
  14.1s [6月5日（週四） 下午 4:22]   click "Let's go"
  14.2s [6月5日（週四） 下午 4:28]   use "Work at a hot desk — Company OS"
  14.2s [6月5日（週四） 下午 4:29]   click [Tab_freelance] Explore freelance consulting
  14.3s [6月5日（週四） 下午 4:30]   click [StartFreelance] Start freelancing
  14.3s [6月5日（週四） 下午 4:31]   click [Accept_G1] Accept
  14.3s [6月5日（週四） 下午 4:31]   click [Work_G1] 工作 2 小時
  14.4s [6月5日（週四） 下午 6:33]   (shot freelance_gig skipped: headless)
  14.4s [6月5日（週四） 下午 6:33]   ok  put hours into a freelance gig
  14.4s [6月5日（週四） 下午 6:33] STEP Careers — start a SaaS product
  14.4s [6月5日（週四） 下午 6:33]   click [Tab_saas] Start a software product
  14.4s [6月5日（週四） 下午 6:33]   (shot saas_ideas skipped: headless)
  14.4s [6月5日（週四） 下午 6:33]   click [Saas_freelancer_invoicing] Build this
  14.4s [6月5日（週四） 下午 6:34]   click [SaasCode] 寫程式 2 小時
  14.5s [6月5日（週四） 下午 8:35]   (shot saas_building skipped: headless)
  14.5s [6月5日（週四） 下午 8:35]   ok  started building a SaaS product (2 dev h)
  14.6s [6月5日（週四） 下午 8:42]   ok  walked back outside
  14.6s [6月5日（週四） 下午 8:42] STEP Run the company to month-end
  14.9s [6月5日（週四） 下午 9:00]   ok  walked to Riverside
  15.0s [6月5日（週四） 下午 9:04]   (shot decision_customer_return skipped: headless)
  15.0s [6月5日（週四） 下午 9:04]   decision customer_return → replace
  15.0s [6月5日（週四） 下午 9:04]   click [Choice_replace] 寄一個新的
  15.1s [6月5日（週四） 下午 9:04]   (shot decision_outcome_customer_return skipped: headless)
  15.1s [6月5日（週四） 下午 9:04]   click "OK"
  15.8s [6月5日（週四） 下午 9:24]   ok  entered Riverside Tower
  15.8s [6月5日（週四） 下午 9:27]   use "Sleep"
  15.8s [6月5日（週四） 下午 9:27]   click [Sleep] Sleep until 7:00 AM
  16.0s [6月6日（週五） 上午 7:07]   use "Packing table"
  16.0s [6月6日（週五） 上午 7:08]   click [Pack] 打包 18 筆訂單（2 小時 24 分）
  16.1s [6月6日（週五） 上午 9:33]   click [CourierExpress] 快遞 · 快捷 1 天（$180.60）
  16.3s [6月6日（週五） 下午 7:06]   use "Sleep"
  16.3s [6月6日（週五） 下午 7:06]   click [Sleep] Sleep until 7:00 AM
  16.5s [6月7日（週六） 上午 7:07]   use "Packing table"
  16.5s [6月7日（週六） 上午 7:08]   click [Pack] 打包 16 筆訂單（2 小時 8 分）
  16.5s [6月7日（週六） 上午 9:17]   click [CourierExpress] 快遞 · 快捷 1 天（$159.20）
  16.7s [6月7日（週六） 下午 7:06]   use "Sleep"
  16.7s [6月7日（週六） 下午 7:06]   click [Sleep] Sleep until 7:00 AM
  16.9s [6月8日（週日） 上午 7:07]   use "Packing table"
  16.9s [6月8日（週日） 上午 7:08]   click [Pack] 打包 14 筆訂單（1 小時 52 分）
  17.0s [6月8日（週日） 上午 9:01]   click [CourierExpress] 快遞 · 快捷 1 天（$134.20）
  17.2s [6月8日（週日） 下午 7:06]   use "Sleep"
  17.2s [6月8日（週日） 下午 7:06]   click [Sleep] Sleep until 7:00 AM
  17.4s [6月9日（週一） 上午 7:07]   use "Packing table"
  17.4s [6月9日（週一） 上午 7:08]   click [Pack] 打包 16 筆訂單（2 小時 8 分）
  17.5s [6月9日（週一） 上午 9:25]   click [CourierExpress] 快遞 · 快捷 1 天（$164.50）
  17.5s [6月9日（週一） 下午 7:00]   (shot decision_customer_return skipped: headless)
  17.5s [6月9日（週一） 下午 7:00]   decision customer_return → replace
  17.5s [6月9日（週一） 下午 7:00]   click [Choice_replace] 寄一個新的
  17.6s [6月9日（週一） 下午 7:00]   (shot decision_outcome_customer_return skipped: headless)
  17.6s [6月9日（週一） 下午 7:00]   click "OK"
  17.7s [6月9日（週一） 下午 7:07]   use "Sleep"
  17.7s [6月9日（週一） 下午 7:07]   click [Sleep] Sleep until 7:00 AM
  17.9s [6月10日（週二） 上午 7:07]   use "Packing table"
  17.9s [6月10日（週二） 上午 7:08]   click [Pack] 打包 11 筆訂單（1 小時 28 分）
  18.0s [6月10日（週二） 上午 8:37]   click [CourierExpress] 快遞 · 快捷 1 天（$111.10）
  18.1s [6月10日（週二） 下午 7:06]   use "Sleep"
  18.2s [6月10日（週二） 下午 7:06]   click [Sleep] Sleep until 7:00 AM
  18.2s [6月11日（週三） 上午 7:00]   (shot decision_customer_return skipped: headless)
  18.2s [6月11日（週三） 上午 7:00]   decision customer_return → replace
  18.2s [6月11日（週三） 上午 7:00]   click [Choice_replace] 寄一個新的
  18.3s [6月11日（週三） 上午 7:00]   (shot decision_outcome_customer_return skipped: headless)
  18.3s [6月11日（週三） 上午 7:00]   click "OK"
  18.4s [6月11日（週三） 上午 7:07]   use "Packing table"
  18.4s [6月11日（週三） 上午 7:08]   click [Pack] 打包 11 筆訂單（1 小時 28 分）
  18.5s [6月11日（週三） 上午 8:37]   click [CourierExpress] 快遞 · 快捷 1 天（$103.90）
  18.7s [6月11日（週三） 下午 7:06]   use "Sleep"
  18.7s [6月11日（週三） 下午 7:06]   click [Sleep] Sleep until 7:00 AM
  18.9s [6月12日（週四） 上午 7:07]   use "Packing table"
  18.9s [6月12日（週四） 上午 7:08]   click [Pack] 打包 12 筆訂單（1 小時 36 分）
  19.0s [6月12日（週四） 上午 8:45]   click [CourierExpress] 快遞 · 快捷 1 天（$116.40）
  19.1s [6月12日（週四） 上午 8:49]   use "Use laptop — Company OS"
  19.1s [6月12日（週四） 上午 8:50]   click [Tab_operations] Operations
  19.2s [6月12日（週四） 上午 8:50]   click [DeliverTo_riverside_studio] 河濱大樓 7C
  19.2s [6月12日（週四） 上午 8:50]   click [Buy_tradelink_wholesale_wireless_earbuds] 購買 $900
  19.3s [6月12日（週四） 下午 7:02]   toast: 新評價 #1092：★★「晚到還有刮痕。」
  19.4s [6月12日（週四） 下午 7:05]   use "Sleep"
  19.4s [6月12日（週四） 下午 7:05]   click [Sleep] Sleep until 7:00 AM
  19.6s [6月13日（週五） 上午 7:07]   use "Packing table"
  19.6s [6月13日（週五） 上午 7:08]   click [Pack] 打包 12 筆訂單（1 小時 36 分）
  19.7s [6月13日（週五） 上午 8:45]   click [CourierExpress] 快遞 · 快捷 1 天（$120.00）
  19.8s [6月13日（週五） 上午 8:49]   use "Use laptop — Company OS"
  19.8s [6月13日（週五） 上午 8:50]   click [Tab_operations] Operations
  19.8s [6月13日（週五） 上午 8:50]   click [DeliverTo_riverside_studio] 河濱大樓 7C
  19.9s [6月13日（週五） 上午 8:50]   click [Buy_tradelink_wholesale_wireless_earbuds] 購買 $900
  20.1s [6月13日（週五） 下午 7:05]   use "Sleep"
  20.2s [6月13日（週五） 下午 7:05]   click [Sleep] Sleep until 7:00 AM
  20.4s [6月14日（週六） 上午 7:07]   use "Packing table"
  20.4s [6月14日（週六） 上午 7:08]   click [Pack] 打包 18 筆訂單（2 小時 24 分）
  20.5s [6月14日（週六） 上午 9:33]   click [CourierExpress] 快遞 · 快捷 1 天（$169.80）
  20.5s [6月14日（週六） 上午 9:34]   (shot decision_customer_return skipped: headless)
  20.5s [6月14日（週六） 上午 9:34]   decision customer_return → replace
  20.5s [6月14日（週六） 上午 9:34]   click [Choice_replace] 寄一個新的
  20.5s [6月14日（週六） 上午 9:34]   (shot decision_outcome_customer_return skipped: headless)
  20.5s [6月14日（週六） 上午 9:34]   click "OK"
  20.6s [6月14日（週六） 上午 9:36]   use "Use laptop — Company OS"
  20.6s [6月14日（週六） 上午 9:37]   click [Tab_operations] Operations
  20.7s [6月14日（週六） 上午 9:38]   click [DeliverTo_riverside_studio] 河濱大樓 7C
  20.7s [6月14日（週六） 上午 9:38]   click [Buy_tradelink_wholesale_water_bottle] 購買 $408
  20.8s [6月14日（週六） 上午 9:48]   click [Buy_tradelink_wholesale_wireless_earbuds] 購買 $900
  21.0s [6月14日（週六） 下午 7:05]   use "Sleep"
  21.0s [6月14日（週六） 下午 7:05]   click [Sleep] Sleep until 7:00 AM
  21.2s [6月15日（週日） 上午 7:07]   use "Packing table"
  21.2s [6月15日（週日） 上午 7:08]   click [Pack] 打包 8 筆訂單（1 小時 4 分）
  21.3s [6月15日（週日） 上午 8:13]   click [CourierExpress] 快遞 · 快捷 1 天（$84.40）
  21.3s [6月15日（週日） 上午 8:17]   use "Use laptop — Company OS"
  21.4s [6月15日（週日） 上午 8:18]   click [Tab_operations] Operations
  21.4s [6月15日（週日） 上午 8:18]   click [DeliverTo_riverside_studio] 河濱大樓 7C
  21.5s [6月15日（週日） 上午 8:18]   click [Buy_tradelink_wholesale_water_bottle] 購買 $408
  21.7s [6月15日（週日） 下午 7:05]   use "Sleep"
  21.7s [6月15日（週日） 下午 7:05]   click [Sleep] Sleep until 7:00 AM
  21.9s [6月16日（週一） 上午 7:07]   use "Packing table"
  21.9s [6月16日（週一） 上午 7:08]   click [Pack] 打包 7 筆訂單（56 分鐘）
  21.9s [6月16日（週一） 上午 8:05]   click [CourierExpress] 快遞 · 快捷 1 天（$71.90）
  22.0s [6月16日（週一） 上午 8:09]   use "Use laptop — Company OS"
  22.0s [6月16日（週一） 上午 8:10]   click [Tab_operations] Operations
  22.1s [6月16日（週一） 上午 8:10]   click [DeliverTo_riverside_studio] 河濱大樓 7C
  22.2s [6月16日（週一） 上午 8:10]   click [Buy_tradelink_wholesale_water_bottle] 購買 $408
  22.3s [6月16日（週一） 下午 7:00]   (shot decision_unexpected_large_order skipped: headless)
  22.3s [6月16日（週一） 下午 7:00]   decision unexpected_large_order → review
  22.3s [6月16日（週一） 下午 7:00]   click [Choice_review] 把合約寄給我，我看看。
  22.3s [6月16日（週一） 下午 7:00]   (shot decision_outcome_unexpected_large_order skipped: headless)
  22.3s [6月16日（週一） 下午 7:00]   click "OK"
  22.4s [6月16日（週一） 下午 7:05]   use "Sleep"
  22.5s [6月16日（週一） 下午 7:05]   click [Sleep] Sleep until 7:00 AM
  22.5s [6月17日（週二） 上午 7:00]   (shot decision_customer_return skipped: headless)
  22.5s [6月17日（週二） 上午 7:00]   decision customer_return → replace
  22.5s [6月17日（週二） 上午 7:00]   click [Choice_replace] 寄一個新的
  22.6s [6月17日（週二） 上午 7:00]   (shot decision_outcome_customer_return skipped: headless)
  22.6s [6月17日（週二） 上午 7:00]   click "OK"
  22.7s [6月17日（週二） 上午 7:07]   use "Packing table"
  22.7s [6月17日（週二） 上午 7:08]   click [Pack] 打包 15 筆訂單（2 h）
  22.8s [6月17日（週二） 上午 9:09]   click [CourierExpress] 快遞 · 快捷 1 天（$146.70）
  22.8s [6月17日（週二） 上午 9:13]   use "Use laptop — Company OS"
  22.9s [6月17日（週二） 上午 9:14]   click [Tab_contracts] 合約 ●
  22.9s [6月17日（週二） 上午 9:15]   (shot contract_offer skipped: headless)
  22.9s [6月17日（週二） 上午 9:15]   click [AcceptContract] Accept
  23.0s [6月17日（週二） 下午 7:00]   (shot decision_supplier_price_increase skipped: headless)
  23.0s [6月17日（週二） 下午 7:00]   decision supplier_price_increase → accept
  23.0s [6月17日（週二） 下午 7:00]   click [Choice_accept] 好。繼續跟你進貨。
  23.1s [6月17日（週二） 下午 7:00]   (shot decision_outcome_supplier_price_increase skipped: headless)
  23.1s [6月17日（週二） 下午 7:00]   click "OK"
  23.2s [6月17日（週二） 下午 7:05]   use "Sleep"
  23.2s [6月17日（週二） 下午 7:05]   click [Sleep] Sleep until 7:00 AM
  23.4s [6月18日（週三） 上午 7:07]   use "Packing table"
  23.4s [6月18日（週三） 上午 7:08]   click [Pack] 打包 13 筆訂單（1 小時 44 分）
  23.5s [6月18日（週三） 上午 8:53]   click [CourierExpress] 快遞 · 快捷 1 天（$125.30）
  23.5s [6月18日（週三） 上午 8:57]   use "Use laptop — Company OS"
  23.6s [6月18日（週三） 上午 8:58]   click [Tab_operations] Operations
  23.6s [6月18日（週三） 上午 8:58]   click [DeliverTo_riverside_studio] 河濱大樓 7C
  23.7s [6月18日（週三） 上午 8:58]   click [Buy_tradelink_wholesale_water_bottle] 購買 $408
  23.7s [6月18日（週三） 上午 9:09]   click [Tab_contracts] Contracts
  23.8s [6月18日（週三） 上午 9:09]   click [DeliverContract] 打包並交貨 120 件（B2B 貨運 $40）
  23.8s [6月18日（週三） 上午 10:40]   (shot contract_delivered skipped: headless)
  24.0s [6月18日（週三） 下午 7:05]   use "Sleep"
  24.0s [6月18日（週三） 下午 7:05]   click [Sleep] Sleep until 7:00 AM
  24.2s [6月19日（週四） 上午 7:07]   use "Packing table"
  24.2s [6月19日（週四） 上午 7:08]   click [Pack] 打包 12 筆訂單（1 小時 36 分）
  24.2s [6月19日（週四） 上午 8:45]   click [CourierExpress] 快遞 · 快捷 1 天（$123.60）
  24.3s [6月19日（週四） 下午 7:00]   (shot decision_viral_mention skipped: headless)
  24.3s [6月19日（週四） 下午 7:00]   decision viral_mention → ride
  24.3s [6月19日（週四） 下午 7:00]   click [Choice_ride] 順其自然
  24.3s [6月19日（週四） 下午 7:00]   (shot decision_outcome_viral_mention skipped: headless)
  24.3s [6月19日（週四） 下午 7:00]   click "OK"
  24.4s [6月19日（週四） 下午 7:00]   (shot decision_customer_return skipped: headless)
  24.4s [6月19日（週四） 下午 7:00]   decision customer_return → replace
  24.4s [6月19日（週四） 下午 7:00]   click [Choice_replace] 寄一個新的
  24.4s [6月19日（週四） 下午 7:00]   (shot decision_outcome_customer_return skipped: headless)
  24.4s [6月19日（週四） 下午 7:00]   click "OK"
  24.5s [6月19日（週四） 下午 7:07]   use "Sleep"
  24.6s [6月19日（週四） 下午 7:07]   click [Sleep] Sleep until 7:00 AM
  24.8s [6月20日（週五） 上午 7:07]   use "Packing table"
  24.8s [6月20日（週五） 上午 7:08]   click [Pack] 打包 12 筆訂單（1 小時 36 分）
  24.8s [6月20日（週五） 上午 8:45]   click [CourierExpress] 快遞 · 快捷 1 天（$120.00）
  25.0s [6月20日（週五） 下午 7:06]   use "Sleep"
  25.0s [6月20日（週五） 下午 7:06]   click [Sleep] Sleep until 7:00 AM
  25.2s [6月21日（週六） 上午 7:07]   use "Packing table"
  25.2s [6月21日（週六） 上午 7:08]   click [Pack] 打包 6 筆訂單（48 分鐘）
  25.3s [6月21日（週六） 上午 7:57]   click [CourierExpress] 快遞 · 快捷 1 天（$59.40）
  25.3s [6月21日（週六） 下午 7:00]   (shot decision_customer_return skipped: headless)
  25.3s [6月21日（週六） 下午 7:00]   decision customer_return → replace
  25.3s [6月21日（週六） 下午 7:00]   click [Choice_replace] 寄一個新的
  25.4s [6月21日（週六） 下午 7:00]   (shot decision_outcome_customer_return skipped: headless)
  25.4s [6月21日（週六） 下午 7:00]   click "OK"
  25.5s [6月21日（週六） 下午 7:07]   use "Sleep"
  25.5s [6月21日（週六） 下午 7:07]   click [Sleep] Sleep until 7:00 AM
  25.7s [6月22日（週日） 上午 7:07]   use "Packing table"
  25.8s [6月22日（週日） 上午 7:08]   click [Pack] 打包 9 筆訂單（1 小時 12 分）
  25.8s [6月22日（週日） 上午 8:21]   click [CourierExpress] 快遞 · 快捷 1 天（$93.30）
  26.0s [6月22日（週日） 下午 7:06]   use "Sleep"
  26.0s [6月22日（週日） 下午 7:06]   click [Sleep] Sleep until 7:00 AM
  26.2s [6月23日（週一） 上午 7:07]   use "Packing table"
  26.2s [6月23日（週一） 上午 7:08]   click [Pack] 打包 11 筆訂單（1 小時 28 分）
  26.2s [6月23日（週一） 上午 8:37]   click [CourierExpress] 快遞 · 快捷 1 天（$125.50）
  26.3s [6月23日（週一） 下午 7:00]   (shot decision_customer_return skipped: headless)
  26.3s [6月23日（週一） 下午 7:00]   decision customer_return → replace
  26.3s [6月23日（週一） 下午 7:00]   click [Choice_replace] 寄一個新的
  26.3s [6月23日（週一） 下午 7:00]   (shot decision_outcome_customer_return skipped: headless)
  26.3s [6月23日（週一） 下午 7:00]   click "OK"
  26.5s [6月23日（週一） 下午 7:07]   use "Sleep"
  26.5s [6月23日（週一） 下午 7:07]   click [Sleep] Sleep until 7:00 AM
  26.7s [6月24日（週二） 上午 7:07]   use "Packing table"
  26.7s [6月24日（週二） 上午 7:08]   click [Pack] 打包 8 筆訂單（1 小時 4 分）
  26.8s [6月24日（週二） 上午 8:13]   click [CourierExpress] 快遞 · 快捷 1 天（$84.40）
  26.8s [6月24日（週二） 下午 7:00]   (shot decision_customer_return skipped: headless)
  26.8s [6月24日（週二） 下午 7:00]   decision customer_return → replace
  26.8s [6月24日（週二） 下午 7:00]   click [Choice_replace] 寄一個新的
  26.9s [6月24日（週二） 下午 7:00]   (shot decision_outcome_customer_return skipped: headless)
  26.9s [6月24日（週二） 下午 7:00]   click "OK"
  27.0s [6月24日（週二） 下午 7:07]   use "Sleep"
  27.0s [6月24日（週二） 下午 7:07]   click [Sleep] Sleep until 7:00 AM
  27.2s [6月25日（週三） 上午 7:07]   use "Packing table"
  27.3s [6月25日（週三） 上午 7:08]   click [Pack] 打包 6 筆訂單（48 分鐘）
  27.3s [6月25日（週三） 上午 7:57]   click [CourierExpress] 快遞 · 快捷 1 天（$59.40）
  27.5s [6月25日（週三） 下午 7:06]   use "Sleep"
  27.5s [6月25日（週三） 下午 7:06]   click [Sleep] Sleep until 7:00 AM
  27.7s [6月26日（週四） 上午 7:07]   use "Packing table"
  27.7s [6月26日（週四） 上午 7:08]   click [Pack] 打包 5 筆訂單（40 分鐘）
  27.8s [6月26日（週四） 上午 7:49]   click [CourierExpress] 快遞 · 快捷 1 天（$50.50）
  27.8s [6月26日（週四） 下午 7:00]   (shot decision_customer_return skipped: headless)
  27.8s [6月26日（週四） 下午 7:00]   decision customer_return → replace
  27.8s [6月26日（週四） 下午 7:00]   click [Choice_replace] 寄一個新的
  27.9s [6月26日（週四） 下午 7:00]   (shot decision_outcome_customer_return skipped: headless)
  27.9s [6月26日（週四） 下午 7:00]   click "OK"
  28.0s [6月26日（週四） 下午 7:07]   use "Sleep"
  28.0s [6月26日（週四） 下午 7:07]   click [Sleep] Sleep until 7:00 AM
  28.1s [6月27日（週五） 上午 7:00]   (shot decision_customer_return skipped: headless)
  28.1s [6月27日（週五） 上午 7:00]   decision customer_return → refund
  28.1s [6月27日（週五） 上午 7:00]   click [Choice_refund] 退款＋收回商品
  28.2s [6月27日（週五） 上午 7:00]   (shot decision_outcome_customer_return skipped: headless)
  28.2s [6月27日（週五） 上午 7:00]   click "OK"
  28.3s [6月27日（週五） 上午 7:07]   use "Packing table"
  28.3s [6月27日（週五） 上午 7:08]   click [Pack] 打包 7 筆訂單（56 分鐘）
  28.4s [6月27日（週五） 上午 8:05]   click [CourierExpress] 快遞 · 快捷 1 天（$68.30）
  28.5s [6月27日（週五） 下午 7:06]   use "Sleep"
  28.6s [6月27日（週五） 下午 7:06]   click [Sleep] Sleep until 7:00 AM
  28.7s [6月28日（週六） 上午 7:00]   (shot decision_customer_return skipped: headless)
  28.7s [6月28日（週六） 上午 7:00]   decision customer_return → replace
  28.7s [6月28日（週六） 上午 7:00]   click [Choice_replace] 寄一個新的
  28.7s [6月28日（週六） 上午 7:00]   (shot decision_outcome_customer_return skipped: headless)
  28.7s [6月28日（週六） 上午 7:00]   click "OK"
  28.8s [6月28日（週六） 上午 7:07]   use "Packing table"
  28.9s [6月28日（週六） 上午 7:08]   click [Pack] 打包 6 筆訂單（48 分鐘）
  28.9s [6月28日（週六） 上午 7:57]   click [CourierExpress] 快遞 · 快捷 1 天（$59.40）
  29.1s [6月28日（週六） 下午 7:06]   use "Sleep"
  29.1s [6月28日（週六） 下午 7:06]   click [Sleep] Sleep until 7:00 AM
  29.3s [6月29日（週日） 上午 7:07]   use "Packing table"
  29.3s [6月29日（週日） 上午 7:08]   click [Pack] 打包 5 筆訂單（40 分鐘）
  29.4s [6月29日（週日） 上午 7:49]   click [CourierExpress] 快遞 · 快捷 1 天（$50.50）
  29.4s [6月29日（週日） 下午 7:00]   (shot decision_customer_return skipped: headless)
  29.4s [6月29日（週日） 下午 7:00]   decision customer_return → replace
  29.4s [6月29日（週日） 下午 7:00]   click [Choice_replace] 寄一個新的
  29.4s [6月29日（週日） 下午 7:00]   (shot decision_outcome_customer_return skipped: headless)
  29.4s [6月29日（週日） 下午 7:00]   click "OK"
  29.6s [6月29日（週日） 下午 7:07]   use "Sleep"
  29.6s [6月29日（週日） 下午 7:07]   click [Sleep] Sleep until 7:00 AM
  29.7s [6月30日（週一） 上午 7:00]   (shot decision_customer_return skipped: headless)
  29.7s [6月30日（週一） 上午 7:00]   decision customer_return → replace
  29.7s [6月30日（週一） 上午 7:00]   click [Choice_replace] 寄一個新的
  29.7s [6月30日（週一） 上午 7:00]   (shot decision_outcome_customer_return skipped: headless)
  29.7s [6月30日（週一） 上午 7:00]   click "OK"
  29.9s [6月30日（週一） 上午 7:07]   use "Packing table"
  29.9s [6月30日（週一） 上午 7:08]   click [Pack] 打包 6 筆訂單（48 分鐘）
  29.9s [6月30日（週一） 上午 7:57]   click [CourierExpress] 快遞 · 快捷 1 天（$59.40）
  30.1s [6月30日（週一） 下午 7:06]   use "Sleep"
  30.1s [6月30日（週一） 下午 7:06]   click [Sleep] Sleep until 7:00 AM
  30.4s [7月1日（週二） 上午 7:00]   (shot month_close_report skipped: headless)
  30.4s [7月1日（週二） 上午 7:00]   click [month close] Continue
  30.4s [7月1日（週二） 上午 7:00]   (shot decision_customer_return skipped: headless)
  30.4s [7月1日（週二） 上午 7:00]   decision customer_return → replace
  30.4s [7月1日（週二） 上午 7:00]   click [Choice_replace] 寄一個新的
  30.4s [7月1日（週二） 上午 7:00]   (shot decision_outcome_customer_return skipped: headless)
  30.4s [7月1日（週二） 上午 7:00]   click "OK"
  30.6s [7月1日（週二） 上午 7:07]   use "Packing table"
  30.6s [7月1日（週二） 上午 7:08]   click [Pack] 打包 4 筆訂單（32 分鐘）
  30.6s [7月1日（週二） 上午 7:41]   click [CourierExpress] 快遞 · 快捷 1 天（$41.60）
  30.7s [7月1日（週二） 上午 7:44]   ok  month close ran (June)
  30.8s [7月1日（週二） 上午 7:46]   use "Use laptop — Company OS"
  30.8s [7月1日（週二） 上午 7:47]   click [Tab_finance] Finance
  30.9s [7月1日（週二） 上午 7:48]   (shot company_os_finance_july skipped: headless)
  30.9s [7月1日（週二） 上午 7:49]   ok  Chapter 4 started after the June close
  30.9s [7月1日（週二） 上午 7:49] STEP Chapter 4 — register as an employer at City Hall
  31.1s [7月1日（週二） 上午 7:54]   ok  walked back outside
  31.6s [7月1日（週二） 上午 8:08]   use "捷運——河濱區站"
  31.6s [7月1日（週二） 上午 8:09]   (shot metro_civic_center skipped: headless)
  31.6s [7月1日（週二） 上午 8:09]   click [Go_civic_center] 市政中心  ·  12 分鐘
  31.7s [7月1日（週二） 上午 8:23]   ok  took the Metro to Civic Center
  32.1s [7月1日（週二） 上午 9:19]   ok  entered Aurelia City Hall
  32.1s [7月1日（週二） 上午 9:22]   use "Permits & regulations"
  32.2s [7月1日（週二） 上午 9:23]   (shot permits_kiosk skipped: headless)
  32.2s [7月1日（週二） 上午 9:23]   click [RegisterEmployer] 登記（$150）
  32.2s [7月1日（週二） 上午 9:44]   ok  registered as an employer
  32.2s [7月1日（週二） 上午 9:44] STEP Chapter 4 — post a job, hire, first payroll
  32.4s [7月1日（週二） 上午 9:50]   ok  walked back outside
  32.7s [7月1日（週二） 上午 9:58]   use "捷運——市政中心站"
  32.7s [7月1日（週二） 上午 9:59]   (shot metro_riverside skipped: headless)
  32.7s [7月1日（週二） 上午 9:59]   click [Go_riverside] 河濱區  ·  12 分鐘
  32.8s [7月1日（週二） 上午 10:13]   ok  took the Metro to Riverside
  33.3s [7月1日（週二） 上午 10:27]   ok  entered Riverside Tower
  33.4s [7月1日（週二） 上午 10:29]   use "Use laptop — Company OS"
  33.4s [7月1日（週二） 上午 10:30]   click [Tab_people] People
  33.5s [7月1日（週二） 上午 10:30]   (shot people_tab skipped: headless)
  33.5s [7月1日（週二） 上午 10:30]   click [Post_support] Post job
  33.5s [7月1日（週二） 上午 10:32]   ok  job ad posted
  33.5s [7月1日（週二） 上午 10:32]   (harness) wait 2 h
  33.6s [7月1日（週二） 下午 12:38]   use "Packing table"
  33.7s [7月1日（週二） 下午 12:39]   click [Pack] 打包 2 筆訂單（16 分鐘）
  33.7s [7月1日（週二） 下午 12:56]   click [CourierExpress] 快遞 · 快捷 1 天（$23.80）
  33.7s [7月1日（週二） 下午 12:58]   (harness) wait 2 h
  33.7s [7月1日（週二） 下午 2:59]   (harness) wait 2 h
  33.8s [7月1日（週二） 下午 5:00]   use "Packing table"
  33.8s [7月1日（週二） 下午 5:01]   click [Pack] 打包 1 筆訂單（8 分鐘）
  33.8s [7月1日（週二） 下午 5:10]   click [CourierExpress] 快遞 · 快捷 1 天（$14.90）
  33.9s [7月1日（週二） 下午 5:12]   (harness) wait 2 h
  33.9s [7月1日（週二） 下午 7:13]   use "Packing table"
  33.9s [7月1日（週二） 下午 7:14]   click [Pack] 打包 1 筆訂單（8 分鐘）
  34.0s [7月1日（週二） 下午 7:23]   click [CourierExpress] 快遞 · 快捷 1 天（$14.90）
  34.1s [7月1日（週二） 下午 7:29]   use "Sleep"
  34.1s [7月1日（週二） 下午 7:29]   click [Sleep] Sleep until 7:00 AM
  34.3s [7月2日（週三） 上午 7:07]   use "Packing table"
  34.3s [7月2日（週三） 上午 7:08]   click [Pack] 打包 2 筆訂單（16 分鐘）
  34.4s [7月2日（週三） 上午 7:25]   click [CourierExpress] 快遞 · 快捷 1 天（$23.80）
  34.5s [7月2日（週三） 上午 7:29]   use "Use laptop — Company OS"
  34.5s [7月2日（週三） 上午 7:30]   click [Tab_people] People
  34.6s [7月2日（週三） 上午 7:31]   (shot applicants skipped: headless)
  34.6s [7月2日（週三） 上午 7:31]   click [Hire_E1] Hire
  34.6s [7月2日（週三） 上午 7:32]   ok  hired the first employee (Theo Ferreira)
  34.8s [7月2日（週三） 下午 7:05]   use "Sleep"
  34.8s [7月2日（週三） 下午 7:05]   click [Sleep] Sleep until 7:00 AM
  35.0s [7月3日（週四） 上午 7:07]   use "Packing table"
  35.0s [7月3日（週四） 上午 7:08]   click [Pack] 打包 7 筆訂單（56 分鐘）
  35.1s [7月3日（週四） 上午 8:05]   click [CourierExpress] 快遞 · 快捷 1 天（$68.30）
  35.2s [7月3日（週四） 下午 7:06]   use "Sleep"
  35.3s [7月3日（週四） 下午 7:06]   click [Sleep] Sleep until 7:00 AM
  35.5s [7月4日（週五） 上午 7:07]   use "Packing table"
  35.5s [7月4日（週五） 上午 7:08]   click [Pack] 打包 12 筆訂單（1 小時 36 分）
  35.6s [7月4日（週五） 上午 8:45]   click [CourierExpress] 快遞 · 快捷 1 天（$112.80）
  35.8s [7月4日（週五） 下午 7:06]   use "Sleep"
  35.8s [7月4日（週五） 下午 7:06]   click [Sleep] Sleep until 7:00 AM
  36.0s [7月5日（週六） 上午 7:07]   use "Packing table"
  36.1s [7月5日（週六） 上午 7:08]   click [Pack] 打包 7 筆訂單（56 分鐘）
  36.1s [7月5日（週六） 上午 8:05]   click [CourierExpress] 快遞 · 快捷 1 天（$68.30）
  36.1s [7月5日（週六） 上午 8:07]   ok  first payroll paid
  36.2s [7月5日（週六） 上午 8:09]   use "Use laptop — Company OS"
  36.2s [7月5日（週六） 上午 8:10]   click [Tab_finance] Finance
  36.3s [7月5日（週六） 上午 8:11]   (shot cash_forecast skipped: headless)
  36.4s [7月5日（週六） 上午 8:13]   ok  Chapter 4 complete
  36.4s [7月5日（週六） 上午 8:13] STEP Chapter 5 — Crestline's offer
  36.5s [7月5日（週六） 下午 7:05]   use "Sleep"
  36.5s [7月5日（週六） 下午 7:05]   click [Sleep] Sleep until 7:00 AM
  36.7s [7月6日（週日） 上午 7:07]   use "Packing table"
  36.8s [7月6日（週日） 上午 7:08]   click [Pack] 打包 9 筆訂單（1 小時 12 分）
  36.8s [7月6日（週日） 上午 8:21]   click [CourierExpress] 快遞 · 快捷 1 天（$86.10）
  37.0s [7月6日（週日） 下午 7:06]   use "Sleep"
  37.0s [7月6日（週日） 下午 7:06]   click [Sleep] Sleep until 7:00 AM
  37.2s [7月7日（週一） 上午 7:07]   use "Packing table"
  37.3s [7月7日（週一） 上午 7:08]   click [Pack] 打包 3 筆訂單（24 分鐘）
  37.3s [7月7日（週一） 上午 7:33]   click [CourierExpress] 快遞 · 快捷 1 天（$32.70）
  37.4s [7月7日（週一） 下午 7:00]   (shot decision_supplier_price_increase skipped: headless)
  37.4s [7月7日（週一） 下午 7:00]   decision supplier_price_increase → accept
  37.4s [7月7日（週一） 下午 7:00]   click [Choice_accept] 好。繼續跟你進貨。
  37.4s [7月7日（週一） 下午 7:00]   (shot decision_outcome_supplier_price_increase skipped: headless)
  37.4s [7月7日（週一） 下午 7:00]   click "OK"
  37.5s [7月7日（週一） 下午 7:07]   use "Sleep"
  37.6s [7月7日（週一） 下午 7:07]   click [Sleep] Sleep until 7:00 AM
  37.8s [7月8日（週二） 上午 7:07]   use "Packing table"
  37.8s [7月8日（週二） 上午 7:08]   click [Pack] 打包 7 筆訂單（56 分鐘）
  37.9s [7月8日（週二） 上午 8:05]   click [CourierExpress] 快遞 · 快捷 1 天（$68.30）
  38.0s [7月8日（週二） 下午 7:06]   use "Sleep"
  38.1s [7月8日（週二） 下午 7:06]   click [Sleep] Sleep until 7:00 AM
  38.3s [7月9日（週三） 上午 7:07]   use "Packing table"
  38.3s [7月9日（週三） 上午 7:08]   click [Pack] 打包 10 筆訂單（1 小時 20 分）
  38.3s [7月9日（週三） 上午 8:29]   click [CourierExpress] 快遞 · 快捷 1 天（$95.00）
  38.5s [7月9日（週三） 下午 7:06]   use "Sleep"
  38.6s [7月9日（週三） 下午 7:06]   click [Sleep] Sleep until 7:00 AM
  38.8s [7月10日（週四） 上午 7:07]   use "Packing table"
  38.9s [7月10日（週四） 上午 7:08]   click [Pack] 打包 7 筆訂單（56 分鐘）
  38.9s [7月10日（週四） 上午 8:05]   click [CourierExpress] 快遞 · 快捷 1 天（$68.30）
  39.0s [7月10日（週四） 下午 7:02]   (shot decision_crestline_big_offer skipped: headless)
  39.0s [7月10日（週四） 下午 7:02]   decision crestline_big_offer → review
  39.0s [7月10日（週四） 下午 7:02]   click [Choice_review] 把合約寄來，我看看。
  39.0s [7月10日（週四） 下午 7:02]   (shot decision_outcome_crestline_big_offer skipped: headless)
  39.0s [7月10日（週四） 下午 7:02]   click "OK"
  39.2s [7月10日（週四） 下午 7:07]   use "Sleep"
  39.2s [7月10日（週四） 下午 7:07]   click [Sleep] Sleep until 7:00 AM
  39.5s [7月11日（週五） 上午 7:07]   use "Packing table"
  39.6s [7月11日（週五） 上午 7:08]   click [Pack] 打包 2 筆訂單（16 分鐘）
  39.6s [7月11日（週五） 上午 7:25]   click [CourierExpress] 快遞 · 快捷 1 天（$23.80）
  39.6s [7月11日（週五） 上午 7:27]   ok  Crestline offered the big contract
  39.7s [7月11日（週五） 上午 7:29]   use "Use laptop — Company OS"
  39.7s [7月11日（週五） 上午 7:30]   click [Tab_contracts] 合約 ●
  39.7s [7月11日（週五） 上午 7:31]   (shot big_contract_offer skipped: headless)
  39.7s [7月11日（週五） 上午 7:31]   click [AcceptContract] Accept
  39.8s [7月11日（週五） 上午 7:33]   ok  accepted Crestline's contract
  39.8s [7月11日（週五） 上午 7:33] STEP Chapter 5 — borrow from Marcus Reed at Nexus Bank
  40.0s [7月11日（週五） 上午 7:37]   ok  walked back outside
  40.5s [7月11日（週五） 上午 7:52]   use "捷運——河濱區站"
  40.5s [7月11日（週五） 上午 7:53]   (shot metro_financial skipped: headless)
  40.5s [7月11日（週五） 上午 7:53]   click [Go_financial] 金融區  ·  10 分鐘
  40.6s [7月11日（週五） 上午 8:04]   ok  took the Metro to Financial District
  41.1s [7月11日（週五） 下午 1:21]   ok  entered Nexus Bank
  41.1s [7月11日（週五） 下午 1:24]   use "和 Marcus Reed 說話"
  41.2s [7月11日（週五） 下午 1:24]   choose "› 讓我看看你能借多少。"
  41.4s [7月11日（週五） 下午 1:24]   (shot loan_offer skipped: headless)
  41.4s [7月11日（週五） 下午 1:24]   click [Amt_50] $16,000
  41.5s [7月11日（週五） 下午 1:24]   click [Term_12] 12 個月
  41.5s [7月11日（週五） 下午 1:24]   click [TakeLoan] 借 $16,000
  41.6s [7月11日（週五） 下午 1:24]   click [ConfirmLoan] Confirm loan signing
  41.7s [7月11日（週五） 下午 5:00]   ok  loan signing finishes the same afternoon
  41.7s [7月11日（週五） 下午 5:00]   (shot loan_taken skipped: headless)
  41.8s [7月11日（週五） 下午 5:00]   ok  took a Nexus Bank loan (debt $16,000.00)
  41.8s [7月11日（週五） 下午 5:00] STEP Chapter 5 — order the lamps and deliver
  41.9s [7月11日（週五） 下午 5:05]   ok  walked back outside
  42.2s [7月11日（週五） 下午 5:15]   use "捷運——金融區站"
  42.2s [7月11日（週五） 下午 5:16]   (shot metro_riverside skipped: headless)
  42.2s [7月11日（週五） 下午 5:16]   click [Go_riverside] 河濱區  ·  10 分鐘
  42.4s [7月11日（週五） 下午 5:27]   ok  took the Metro to Riverside
  42.9s [7月11日（週五） 下午 5:41]   ok  entered Riverside Tower
  42.9s [7月11日（週五） 下午 5:43]   use "Use laptop — Company OS"
  43.0s [7月11日（週五） 下午 5:44]   click [Tab_contracts] Contracts
  43.0s [7月11日（週五） 下午 5:45]   click [FillContract] 追加訂購 800 件，向 TradeLink 批發（$9,200）
  43.1s [7月11日（週五） 下午 5:56]   (shot contract_restock skipped: headless)
  43.2s [7月11日（週五） 下午 7:04]   use "Sleep"
  43.2s [7月11日（週五） 下午 7:04]   click [Sleep] Sleep until 7:00 AM
  43.4s [7月12日（週六） 上午 7:07]   use "Packing table"
  43.4s [7月12日（週六） 上午 7:08]   click [Pack] 打包 7 筆訂單（56 分鐘）
  43.5s [7月12日（週六） 上午 8:05]   click [CourierExpress] 快遞 · 快捷 1 天（$68.30）
  43.6s [7月12日（週六） 下午 7:06]   use "Sleep"
  43.7s [7月12日（週六） 下午 7:06]   click [Sleep] Sleep until 7:00 AM
  43.9s [7月13日（週日） 上午 7:07]   use "Packing table"
  43.9s [7月13日（週日） 上午 7:08]   click [Pack] 打包 7 筆訂單（56 分鐘）
  44.0s [7月13日（週日） 上午 8:05]   click [CourierExpress] 快遞 · 快捷 1 天（$68.30）
  44.1s [7月13日（週日） 下午 7:06]   use "Sleep"
  44.1s [7月13日（週日） 下午 7:06]   click [Sleep] Sleep until 7:00 AM
  44.4s [7月14日（週一） 上午 7:07]   use "Packing table"
  44.4s [7月14日（週一） 上午 7:08]   click [Pack] 打包 3 筆訂單（24 分鐘）
  44.4s [7月14日（週一） 上午 7:33]   click [CourierExpress] 快遞 · 快捷 1 天（$32.70）
  44.5s [7月14日（週一） 上午 7:37]   use "Use laptop — Company OS"
  44.6s [7月14日（週一） 上午 7:38]   click [Tab_contracts] Contracts
  44.6s [7月14日（週一） 上午 7:39]   click [DeliverContract] 打包並交貨 800 件（B2B 貨運 $40）
  44.7s [7月14日（週一） 上午 9:10]   (shot big_contract_delivered skipped: headless)
  44.7s [7月14日（週一） 上午 9:11]   ok  delivered 800 lamps to Crestline
  44.7s [7月14日（週一） 上午 9:12]   ok  Chapter 5 complete
  44.7s [7月14日（週一） 上午 9:12] STEP Chapter 6 — forecast, early payment, month in the black
  44.7s [7月14日（週一） 上午 9:12]   use "Use laptop — Company OS"
  44.8s [7月14日（週一） 上午 9:13]   click [Tab_finance] Finance
  44.9s [7月14日（週一） 上午 9:14]   (shot cash_forecast_ch6 skipped: headless)
  44.9s [7月14日（週一） 上午 9:14]   click [Tab_contracts] Contracts
  44.9s [7月14日（週一） 上午 9:15]   click [EarlyPayment] 請對方提前付款（折 3%：現在拿 $21,728）
  45.0s [7月14日（週一） 上午 9:16]   (shot early_payment skipped: headless)
  45.0s [7月14日（週一） 上午 9:17]   ok  Crestline paid early (3% discount)
  45.1s [7月14日（週一） 下午 7:04]   use "Sleep"
  45.1s [7月14日（週一） 下午 7:04]   click [Sleep] Sleep until 7:00 AM
  45.3s [7月15日（週二） 上午 7:07]   use "Packing table"
  45.3s [7月15日（週二） 上午 7:08]   click [Pack] 打包 2 筆訂單（16 分鐘）
  45.4s [7月15日（週二） 上午 7:25]   click [CourierExpress] 快遞 · 快捷 1 天（$23.80）
  45.4s [7月15日（週二） 下午 7:00]   (shot decision_elena_offer skipped: headless)
  45.4s [7月15日（週二） 下午 7:00]   decision elena_offer → accept
  45.4s [7月15日（週二） 下午 7:00]   click [Choice_accept] 以 20% 股份換 $40,000
  45.5s [7月15日（週二） 下午 7:00]   (shot decision_outcome_elena_offer skipped: headless)
  45.5s [7月15日（週二） 下午 7:00]   click "OK"
  45.6s [7月15日（週二） 下午 7:07]   use "Sleep"
  45.6s [7月15日（週二） 下午 7:07]   click [Sleep] Sleep until 7:00 AM
  45.8s [7月16日（週三） 上午 7:07]   use "Packing table"
  45.9s [7月16日（週三） 上午 7:08]   click [Pack] 打包 5 筆訂單（40 分鐘）
  45.9s [7月16日（週三） 上午 7:49]   click [CourierExpress] 快遞 · 快捷 1 天（$50.50）
  46.1s [7月16日（週三） 下午 7:06]   use "Sleep"
  46.1s [7月16日（週三） 下午 7:06]   click [Sleep] Sleep until 7:00 AM
  46.3s [7月17日（週四） 上午 7:07]   use "Packing table"
  46.4s [7月17日（週四） 上午 7:08]   click [Pack] 打包 2 筆訂單（16 分鐘）
  46.4s [7月17日（週四） 上午 7:25]   click [CourierExpress] 快遞 · 快捷 1 天（$23.80）
  46.6s [7月17日（週四） 下午 7:06]   use "Sleep"
  46.6s [7月17日（週四） 下午 7:06]   click [Sleep] Sleep until 7:00 AM
  46.8s [7月18日（週五） 上午 7:07]   use "Packing table"
  46.8s [7月18日（週五） 上午 7:08]   click [Pack] 打包 8 筆訂單（1 小時 4 分）
  46.9s [7月18日（週五） 上午 8:13]   click [CourierExpress] 快遞 · 快捷 1 天（$77.20）
  47.1s [7月18日（週五） 下午 7:06]   use "Sleep"
  47.1s [7月18日（週五） 下午 7:06]   click [Sleep] Sleep until 7:00 AM
  47.3s [7月19日（週六） 上午 7:07]   use "Packing table"
  47.3s [7月19日（週六） 上午 7:08]   click [Pack] 打包 5 筆訂單（40 分鐘）
  47.3s [7月19日（週六） 上午 7:49]   click [CourierExpress] 快遞 · 快捷 1 天（$50.50）
  47.5s [7月19日（週六） 下午 7:06]   use "Sleep"
  47.5s [7月19日（週六） 下午 7:06]   click [Sleep] Sleep until 7:00 AM
  47.7s [7月20日（週日） 上午 7:07]   use "Packing table"
  47.7s [7月20日（週日） 上午 7:08]   click [Pack] 打包 6 筆訂單（48 分鐘）
  47.8s [7月20日（週日） 上午 7:57]   click [CourierExpress] 快遞 · 快捷 1 天（$59.40）
  47.9s [7月20日（週日） 下午 7:06]   use "Sleep"
  47.9s [7月20日（週日） 下午 7:06]   click [Sleep] Sleep until 7:00 AM
  48.1s [7月21日（週一） 上午 7:07]   use "Packing table"
  48.2s [7月21日（週一） 上午 7:08]   click [Pack] 打包 3 筆訂單（24 分鐘）
  48.2s [7月21日（週一） 上午 7:33]   click [CourierExpress] 快遞 · 快捷 1 天（$32.70）
  48.4s [7月21日（週一） 下午 7:06]   use "Sleep"
  48.4s [7月21日（週一） 下午 7:06]   click [Sleep] Sleep until 7:00 AM
  48.6s [7月22日（週二） 上午 7:07]   use "Packing table"
  48.6s [7月22日（週二） 上午 7:08]   click [Pack] 打包 3 筆訂單（24 分鐘）
  48.7s [7月22日（週二） 上午 7:33]   click [CourierExpress] 快遞 · 快捷 1 天（$32.70）
  48.8s [7月22日（週二） 下午 7:06]   use "Sleep"
  48.9s [7月22日（週二） 下午 7:06]   click [Sleep] Sleep until 7:00 AM
  49.1s [7月23日（週三） 上午 7:07]   use "Packing table"
  49.1s [7月23日（週三） 上午 7:08]   click [Pack] 打包 9 筆訂單（1 小時 12 分）
  49.1s [7月23日（週三） 上午 8:21]   click [CourierExpress] 快遞 · 快捷 1 天（$86.10）
  49.3s [7月23日（週三） 下午 7:06]   use "Sleep"
  49.3s [7月23日（週三） 下午 7:06]   click [Sleep] Sleep until 7:00 AM
  49.5s [7月24日（週四） 上午 7:07]   use "Packing table"
  49.6s [7月24日（週四） 上午 7:08]   click [Pack] 打包 9 筆訂單（1 小時 12 分）
  49.6s [7月24日（週四） 上午 8:21]   click [CourierExpress] 快遞 · 快捷 1 天（$86.10）
  49.8s [7月24日（週四） 下午 7:06]   use "Sleep"
  49.8s [7月24日（週四） 下午 7:06]   click [Sleep] Sleep until 7:00 AM
  50.0s [7月25日（週五） 上午 7:07]   use "Packing table"
  50.0s [7月25日（週五） 上午 7:08]   click [Pack] 打包 8 筆訂單（1 小時 4 分）
  50.1s [7月25日（週五） 上午 8:13]   click [CourierExpress] 快遞 · 快捷 1 天（$77.20）
  50.3s [7月25日（週五） 下午 7:06]   use "Sleep"
  50.3s [7月25日（週五） 下午 7:06]   click [Sleep] Sleep until 7:00 AM
  50.6s [7月26日（週六） 上午 7:07]   use "Packing table"
  50.6s [7月26日（週六） 上午 7:08]   click [Pack] 打包 5 筆訂單（40 分鐘）
  50.6s [7月26日（週六） 上午 7:49]   click [CourierExpress] 快遞 · 快捷 1 天（$50.50）
  50.8s [7月26日（週六） 下午 7:06]   use "Sleep"
  50.8s [7月26日（週六） 下午 7:06]   click [Sleep] Sleep until 7:00 AM
  51.0s [7月27日（週日） 上午 7:07]   use "Packing table"
  51.1s [7月27日（週日） 上午 7:08]   click [Pack] 打包 7 筆訂單（56 分鐘）
  51.1s [7月27日（週日） 上午 8:05]   click [CourierExpress] 快遞 · 快捷 1 天（$68.30）
  51.3s [7月27日（週日） 下午 7:06]   use "Sleep"
  51.3s [7月27日（週日） 下午 7:06]   click [Sleep] Sleep until 7:00 AM
  51.5s [7月28日（週一） 上午 7:07]   use "Packing table"
  51.6s [7月28日（週一） 上午 7:08]   click [Pack] 打包 6 筆訂單（48 分鐘）
  51.6s [7月28日（週一） 上午 7:57]   click [CourierExpress] 快遞 · 快捷 1 天（$59.40）
  51.8s [7月28日（週一） 下午 7:06]   use "Sleep"
  51.8s [7月28日（週一） 下午 7:06]   click [Sleep] Sleep until 7:00 AM
  52.0s [7月29日（週二） 上午 7:07]   use "Packing table"
  52.0s [7月29日（週二） 上午 7:08]   click [Pack] 打包 6 筆訂單（48 分鐘）
  52.1s [7月29日（週二） 上午 7:57]   click [CourierExpress] 快遞 · 快捷 1 天（$59.40）
  52.2s [7月29日（週二） 下午 7:06]   use "Sleep"
  52.3s [7月29日（週二） 下午 7:06]   click [Sleep] Sleep until 7:00 AM
  52.5s [7月30日（週三） 上午 7:07]   use "Packing table"
  52.5s [7月30日（週三） 上午 7:08]   click [Pack] 打包 3 筆訂單（24 分鐘）
  52.5s [7月30日（週三） 上午 7:33]   click [CourierExpress] 快遞 · 快捷 1 天（$32.70）
  52.7s [7月30日（週三） 下午 7:06]   use "Sleep"
  52.7s [7月30日（週三） 下午 7:06]   click [Sleep] Sleep until 7:00 AM
  53.0s [7月31日（週四） 上午 7:07]   use "Packing table"
  53.0s [7月31日（週四） 上午 7:08]   click [Pack] 打包 3 筆訂單（24 分鐘）
  53.0s [7月31日（週四） 上午 7:33]   click [CourierExpress] 快遞 · 快捷 1 天（$32.70）
  53.1s [7月31日（週四） 下午 7:00]   (shot decision_supplier_price_increase skipped: headless)
  53.1s [7月31日（週四） 下午 7:00]   decision supplier_price_increase → accept
  53.1s [7月31日（週四） 下午 7:00]   click [Choice_accept] 好。繼續跟你進貨。
  53.1s [7月31日（週四） 下午 7:00]   (shot decision_outcome_supplier_price_increase skipped: headless)
  53.1s [7月31日（週四） 下午 7:00]   click "OK"
  53.3s [7月31日（週四） 下午 7:07]   use "Sleep"
  53.3s [7月31日（週四） 下午 7:07]   click [Sleep] Sleep until 7:00 AM
  53.6s [8月1日（週五） 上午 7:00]   (shot month_close_report skipped: headless)
  53.6s [8月1日（週五） 上午 7:00]   click [month close] Continue
  53.6s [8月1日（週五） 上午 7:02]   ok  Chapter 6 complete
  53.6s [8月1日（週五） 上午 7:02]   ok  ledger balanced after chapters 4–6
  53.6s [8月1日（週五） 上午 7:02]   ok  Chapter 7 started after Chapter 6
  53.6s [8月1日（週五） 上午 7:02]   ok  Year 3: the Supply Shock
  53.6s [8月1日（週五） 上午 7:02] STEP Chapter 7 — the news, and Ken's options
  53.8s [8月1日（週五） 上午 7:07]   ok  walked back outside
  54.0s [8月1日（週五） 上午 7:12]   ok  entered Bloom Coffee
  54.1s [8月1日（週五） 上午 7:15]   use "Read the news board"
  54.1s [8月1日（週五） 上午 7:20]   (shot news_supply_shock skipped: headless)
  54.1s [8月1日（週五） 上午 7:20]   ok  read the news (supply_shock)
  54.3s [8月1日（週五） 上午 7:25]   ok  walked back outside
  54.5s [8月1日（週五） 上午 7:30]   ok  entered Riverside Tower
  54.6s [8月1日（週五） 下午 7:03]   use "Sleep"
  54.6s [8月1日（週五） 下午 7:03]   click [Sleep] Sleep until 7:00 AM
  54.7s [8月2日（週六） 下午 7:01]   use "Sleep"
  54.7s [8月2日（週六） 下午 7:01]   click [Sleep] Sleep until 7:00 AM
  54.8s [8月3日（週日） 下午 7:00]   (shot decision_supply_shock_plan skipped: headless)
  54.8s [8月3日（週日） 下午 7:00]   decision supply_shock_plan → local
  54.8s [8月3日（週日） 下午 7:00]   click [Choice_local] 加一個在地備援：奧瑞莉亞職人合作社
  54.9s [8月3日（週日） 下午 7:00]   (shot decision_outcome_supply_shock_plan skipped: headless)
  54.9s [8月3日（週日） 下午 7:00]   click "OK"
  54.9s [8月3日（週日） 下午 7:00]   use "Sleep"
  54.9s [8月3日（週日） 下午 7:00]   click [Sleep] Sleep until 7:00 AM
  55.0s [8月4日（週一） 上午 7:00]   ok  the local co-op is a supplier now
  55.0s [8月4日（週一） 上午 7:00] STEP Chapter 7 — order from the co-op, raise a price
  55.0s [8月4日（週一） 上午 7:02]   use "Use laptop — Company OS"
  55.1s [8月4日（週一） 上午 7:03]   click [Tab_operations] Operations
  55.2s [8月4日（週一） 上午 7:04]   (shot operations_supply_shock skipped: headless)
  55.2s [8月4日（週一） 上午 7:04]   click [Buy_aurelia_makers_desk_lamp] 購買 $417
  55.3s [8月4日（週一） 上午 7:15]   click [Buy_aurelia_makers_desk_lamp] 購買 $417
  55.3s [8月4日（週一） 上午 7:26]   click [Buy_aurelia_makers_desk_lamp] 購買 $417
  55.4s [8月4日（週一） 上午 7:37]   click [Buy_aurelia_makers_desk_lamp] 購買 $417
  55.5s [8月4日（週一） 上午 7:47]   click [Tab_sales] Ecommerce
  55.5s [8月4日（週一） 上午 7:48]   click [PriceUp_desk_lamp] +
  55.6s [8月4日（週一） 上午 7:50]   ok  stocked and repriced
  55.7s [8月4日（週一） 下午 7:05]   use "Sleep"
  55.7s [8月4日（週一） 下午 7:05]   click [Sleep] Sleep until 7:00 AM
  55.9s [8月5日（週二） 下午 7:01]   use "Sleep"
  55.9s [8月5日（週二） 下午 7:01]   click [Sleep] Sleep until 7:00 AM
  56.0s [8月6日（週三） 下午 7:01]   use "Sleep"
  56.0s [8月6日（週三） 下午 7:01]   click [Sleep] Sleep until 7:00 AM
  56.1s [8月7日（週四） 下午 7:01]   use "Sleep"
  56.2s [8月7日（週四） 下午 7:01]   click [Sleep] Sleep until 7:00 AM
  56.3s [8月8日（週五） 下午 7:01]   use "Sleep"
  56.3s [8月8日（週五） 下午 7:01]   click [Sleep] Sleep until 7:00 AM
  56.5s [8月9日（週六） 下午 7:03]   use "Sleep"
  56.5s [8月9日（週六） 下午 7:04]   click [Sleep] Sleep until 7:00 AM
  56.6s [8月10日（週日） 下午 7:01]   use "Sleep"
  56.6s [8月10日（週日） 下午 7:01]   click [Sleep] Sleep until 7:00 AM
  56.8s [8月11日（週一） 下午 7:01]   use "Sleep"
  56.8s [8月11日（週一） 下午 7:01]   click [Sleep] Sleep until 7:00 AM
  56.9s [8月12日（週二） 下午 7:01]   use "Sleep"
  56.9s [8月12日（週二） 下午 7:01]   click [Sleep] Sleep until 7:00 AM
  57.0s [8月13日（週三） 下午 7:01]   use "Sleep"
  57.1s [8月13日（週三） 下午 7:01]   click [Sleep] Sleep until 7:00 AM
  57.2s [8月14日（週四） 下午 7:03]   use "Sleep"
  57.3s [8月14日（週四） 下午 7:04]   click [Sleep] Sleep until 7:00 AM
  57.4s [8月15日（週五） 下午 7:01]   use "Sleep"
  57.4s [8月15日（週五） 下午 7:01]   click [Sleep] Sleep until 7:00 AM
  57.5s [8月16日（週六） 下午 7:01]   use "Sleep"
  57.5s [8月16日（週六） 下午 7:01]   click [Sleep] Sleep until 7:00 AM
  57.7s [8月17日（週日） 下午 7:01]   use "Sleep"
  57.7s [8月17日（週日） 下午 7:01]   click [Sleep] Sleep until 7:00 AM
  57.8s [8月18日（週一） 下午 7:01]   use "Sleep"
  57.8s [8月18日（週一） 下午 7:01]   click [Sleep] Sleep until 7:00 AM
  57.9s [8月19日（週二） 下午 7:00]   (shot decision_supplier_price_increase skipped: headless)
  57.9s [8月19日（週二） 下午 7:00]   decision supplier_price_increase → accept
  57.9s [8月19日（週二） 下午 7:00]   click [Choice_accept] 好。繼續跟你進貨。
  58.0s [8月19日（週二） 下午 7:00]   (shot decision_outcome_supplier_price_increase skipped: headless)
  58.0s [8月19日（週二） 下午 7:00]   click "OK"
  58.1s [8月19日（週二） 下午 7:03]   use "Sleep"
  58.1s [8月19日（週二） 下午 7:03]   click [Sleep] Sleep until 7:00 AM
  58.2s [8月20日（週三） 下午 7:01]   use "Sleep"
  58.2s [8月20日（週三） 下午 7:01]   click [Sleep] Sleep until 7:00 AM
  58.3s [8月21日（週四） 下午 7:01]   use "Sleep"
  58.3s [8月21日（週四） 下午 7:01]   click [Sleep] Sleep until 7:00 AM
  58.5s [8月22日（週五） 下午 7:01]   use "Sleep"
  58.5s [8月22日（週五） 下午 7:01]   click [Sleep] Sleep until 7:00 AM
  58.6s [8月23日（週六） 下午 7:01]   use "Sleep"
  58.6s [8月23日（週六） 下午 7:01]   click [Sleep] Sleep until 7:00 AM
  58.8s [8月24日（週日） 下午 7:03]   use "Sleep"
  58.9s [8月24日（週日） 下午 7:04]   click [Sleep] Sleep until 7:00 AM
  59.0s [8月25日（週一） 下午 7:01]   use "Sleep"
  59.0s [8月25日（週一） 下午 7:01]   click [Sleep] Sleep until 7:00 AM
  59.1s [8月26日（週二） 下午 7:01]   use "Sleep"
  59.1s [8月26日（週二） 下午 7:01]   click [Sleep] Sleep until 7:00 AM
  59.2s [8月27日（週三） 下午 7:01]   use "Sleep"
  59.3s [8月27日（週三） 下午 7:01]   click [Sleep] Sleep until 7:00 AM
  59.4s [8月28日（週四） 下午 7:01]   use "Sleep"
  59.4s [8月28日（週四） 下午 7:01]   click [Sleep] Sleep until 7:00 AM
  59.6s [8月29日（週五） 下午 7:03]   use "Sleep"
  59.6s [8月29日（週五） 下午 7:04]   click [Sleep] Sleep until 7:00 AM
  59.7s [8月30日（週六） 下午 7:01]   use "Sleep"
  59.7s [8月30日（週六） 下午 7:01]   click [Sleep] Sleep until 7:00 AM
  59.8s [8月31日（週日） 下午 7:01]   use "Sleep"
  59.9s [8月31日（週日） 下午 7:01]   click [Sleep] Sleep until 7:00 AM
  60.1s [9月1日（週一） 上午 7:00]   (shot month_close_report skipped: headless)
  60.1s [9月1日（週一） 上午 7:00]   click [month close] Continue
  60.1s [9月1日（週一） 下午 7:00]   use "Sleep"
  60.1s [9月1日（週一） 下午 7:00]   click [Sleep] Sleep until 7:00 AM
  60.2s [9月2日（週二） 下午 7:01]   use "Sleep"
  60.2s [9月2日（週二） 下午 7:01]   click [Sleep] Sleep until 7:00 AM
  60.4s [9月3日（週三） 下午 7:04]   use "Sleep"
  60.4s [9月3日（週三） 下午 7:04]   click [Sleep] Sleep until 7:00 AM
  60.6s [9月4日（週四） 下午 7:01]   use "Sleep"
  60.6s [9月4日（週四） 下午 7:01]   click [Sleep] Sleep until 7:00 AM
  60.7s [9月5日（週五） 下午 7:01]   use "Sleep"
  60.7s [9月5日（週五） 下午 7:01]   click [Sleep] Sleep until 7:00 AM
  60.8s [9月6日（週六） 下午 7:01]   use "Sleep"
  60.9s [9月6日（週六） 下午 7:01]   click [Sleep] Sleep until 7:00 AM
  61.0s [9月7日（週日） 下午 7:01]   use "Sleep"
  61.0s [9月7日（週日） 下午 7:01]   click [Sleep] Sleep until 7:00 AM
  61.1s [9月8日（週一） 下午 7:00]   (shot decision_supplier_price_increase skipped: headless)
  61.1s [9月8日（週一） 下午 7:00]   decision supplier_price_increase → accept
  61.1s [9月8日（週一） 下午 7:00]   click [Choice_accept] 好。繼續跟你進貨。
  61.2s [9月8日（週一） 下午 7:00]   (shot decision_outcome_supplier_price_increase skipped: headless)
  61.2s [9月8日（週一） 下午 7:00]   click "OK"
  61.2s [9月8日（週一） 下午 7:03]   use "Sleep"
  61.3s [9月8日（週一） 下午 7:03]   click [Sleep] Sleep until 7:00 AM
  61.4s [9月9日（週二） 下午 7:01]   use "Sleep"
  61.4s [9月9日（週二） 下午 7:01]   click [Sleep] Sleep until 7:00 AM
  61.5s [9月10日（週三） 下午 7:01]   use "Sleep"
  61.5s [9月10日（週三） 下午 7:01]   click [Sleep] Sleep until 7:00 AM
  61.7s [9月11日（週四） 下午 7:01]   use "Sleep"
  61.7s [9月11日（週四） 下午 7:01]   click [Sleep] Sleep until 7:00 AM
  61.8s [9月12日（週五） 下午 7:01]   use "Sleep"
  61.8s [9月12日（週五） 下午 7:01]   click [Sleep] Sleep until 7:00 AM
  62.0s [9月13日（週六） 下午 7:04]   use "Sleep"
  62.0s [9月13日（週六） 下午 7:04]   click [Sleep] Sleep until 7:00 AM
  62.1s [9月14日（週日） 下午 7:01]   use "Sleep"
  62.1s [9月14日（週日） 下午 7:01]   click [Sleep] Sleep until 7:00 AM
  62.3s [9月15日（週一） 下午 7:01]   use "Sleep"
  62.3s [9月15日（週一） 下午 7:01]   click [Sleep] Sleep until 7:00 AM
  62.4s [9月16日（週二） 下午 7:01]   use "Sleep"
  62.5s [9月16日（週二） 下午 7:01]   click [Sleep] Sleep until 7:00 AM
  62.6s [9月17日（週三） 下午 7:01]   use "Sleep"
  62.6s [9月17日（週三） 下午 7:01]   click [Sleep] Sleep until 7:00 AM
  62.8s [9月18日（週四） 下午 7:04]   use "Sleep"
  62.8s [9月18日（週四） 下午 7:04]   click [Sleep] Sleep until 7:00 AM
  62.9s [9月19日（週五） 下午 7:01]   use "Sleep"
  62.9s [9月19日（週五） 下午 7:01]   click [Sleep] Sleep until 7:00 AM
  63.0s [9月20日（週六） 下午 7:01]   use "Sleep"
  63.1s [9月20日（週六） 下午 7:01]   click [Sleep] Sleep until 7:00 AM
  63.2s [9月21日（週日） 下午 7:01]   use "Sleep"
  63.2s [9月21日（週日） 下午 7:01]   click [Sleep] Sleep until 7:00 AM
  63.3s [9月22日（週一） 下午 7:01]   use "Sleep"
  63.3s [9月22日（週一） 下午 7:01]   click [Sleep] Sleep until 7:00 AM
  63.5s [9月23日（週二） 下午 7:03]   use "Sleep"
  63.5s [9月23日（週二） 下午 7:04]   click [Sleep] Sleep until 7:00 AM
  63.7s [9月24日（週三） 下午 7:01]   use "Sleep"
  63.7s [9月24日（週三） 下午 7:01]   click [Sleep] Sleep until 7:00 AM
  63.8s [9月25日（週四） 下午 7:01]   use "Sleep"
  63.8s [9月25日（週四） 下午 7:01]   click [Sleep] Sleep until 7:00 AM
  63.9s [9月26日（週五） 下午 7:01]   use "Sleep"
  64.0s [9月26日（週五） 下午 7:01]   click [Sleep] Sleep until 7:00 AM
  64.1s [9月27日（週六） 下午 7:00]   (shot decision_supplier_price_increase skipped: headless)
  64.1s [9月27日（週六） 下午 7:00]   decision supplier_price_increase → accept
  64.1s [9月27日（週六） 下午 7:00]   click [Choice_accept] 好。繼續跟你進貨。
  64.1s [9月27日（週六） 下午 7:00]   (shot decision_outcome_supplier_price_increase skipped: headless)
  64.1s [9月27日（週六） 下午 7:00]   click "OK"
  64.1s [9月27日（週六） 下午 7:00]   use "Sleep"
  64.2s [9月27日（週六） 下午 7:00]   click [Sleep] Sleep until 7:00 AM
  64.3s [9月28日（週日） 下午 7:03]   use "Sleep"
  64.4s [9月28日（週日） 下午 7:04]   click [Sleep] Sleep until 7:00 AM
  64.5s [9月29日（週一） 下午 7:01]   use "Sleep"
  64.5s [9月29日（週一） 下午 7:01]   click [Sleep] Sleep until 7:00 AM
  64.6s [9月30日（週二） 下午 7:01]   use "Sleep"
  64.7s [9月30日（週二） 下午 7:01]   click [Sleep] Sleep until 7:00 AM
  64.9s [10月1日（週三） 上午 7:00]   (shot month_close_report skipped: headless)
  64.9s [10月1日（週三） 上午 7:00]   click [month close] Continue
  64.9s [10月1日（週三） 上午 7:00]   ok  Chapter 7 complete
  64.9s [10月1日（週三） 上午 7:00] STEP Chapter 8 — the Green Shift
  64.9s [10月1日（週三） 上午 7:00]   ok  Year 4: the Green Shift
  65.1s [10月1日（週三） 上午 7:06]   ok  walked back outside
  65.3s [10月1日（週三） 上午 7:11]   ok  entered Bloom Coffee
  65.4s [10月1日（週三） 上午 7:14]   use "Read the news board"
  65.4s [10月1日（週三） 上午 7:19]   (shot news_green_shift skipped: headless)
  65.4s [10月1日（週三） 上午 7:19]   ok  read the news (green_shift)
  65.6s [10月1日（週三） 上午 7:24]   ok  walked back outside
  65.8s [10月1日（週三） 上午 7:29]   ok  entered Riverside Tower
  65.9s [10月1日（週三） 上午 7:31]   use "Use laptop — Company OS"
  65.9s [10月1日（週三） 上午 7:32]   click [Tab_operations] Operations
  66.0s [10月1日（週三） 上午 7:33]   click [Packaging_recycled] Recycled paper
  66.1s [10月1日（週三） 上午 7:34]   click [Buy_verdant_supply_solar_lamp] 購買 $504
  66.1s [10月1日（週三） 上午 7:44]   (shot operations_green skipped: headless)
  66.2s [10月1日（週三） 上午 7:45]   ok  recycled packaging
  66.3s [10月1日（週三） 下午 7:05]   use "Sleep"
  66.3s [10月1日（週三） 下午 7:05]   click [Sleep] Sleep until 7:00 AM
  66.4s [10月2日（週四） 下午 7:01]   use "Sleep"
  66.4s [10月2日（週四） 下午 7:01]   click [Sleep] Sleep until 7:00 AM
  66.6s [10月3日（週五） 下午 7:01]   use "Sleep"
  66.6s [10月3日（週五） 下午 7:01]   click [Sleep] Sleep until 7:00 AM
  66.7s [10月4日（週六） 下午 7:01]   use "Sleep"
  66.7s [10月4日（週六） 下午 7:01]   click [Sleep] Sleep until 7:00 AM
  66.9s [10月5日（週日） 上午 7:00]   ok  solar desk lamps arrived before listing
  66.9s [10月5日（週日） 上午 7:02]   use "Use laptop — Company OS"
  67.0s [10月5日（週日） 上午 7:03]   click [Tab_sales] Ecommerce
  67.0s [10月5日（週日） 上午 7:04]   click [ListSelf_solar_lamp] Shoot photos myself & list (1 h 20 min)
  67.1s [10月5日（週日） 上午 8:26]   ok  solar desk lamps listed
  67.1s [10月5日（週日） 上午 8:26] STEP Chapter 8 — the Green Business Grant at City Hall
  67.1s [10月5日（週日） 上午 8:26]   (harness) wait 2 h
  67.1s [10月5日（週日） 上午 10:26]   (harness) wait 2 h
  67.1s [10月5日（週日） 下午 12:27]   (harness) wait 2 h
  67.2s [10月5日（週日） 下午 2:28]   (harness) wait 2 h
  67.2s [10月5日（週日） 下午 4:29]   (harness) wait 2 h
  67.2s [10月5日（週日） 下午 6:30]   (harness) wait 2 h
  67.3s [10月5日（週日） 下午 8:35]   use "Sleep"
  67.3s [10月5日（週日） 下午 8:35]   click [Sleep] Sleep until 7:00 AM
  67.4s [10月6日（週一） 上午 7:00]   (harness) wait 2 h
  67.6s [10月6日（週一） 上午 9:07]   ok  walked back outside
  68.1s [10月6日（週一） 上午 9:21]   use "捷運——河濱區站"
  68.2s [10月6日（週一） 上午 9:22]   (shot metro_civic_center skipped: headless)
  68.2s [10月6日（週一） 上午 9:22]   click [Go_civic_center] 市政中心  ·  12 分鐘
  68.3s [10月6日（週一） 上午 9:36]   ok  took the Metro to Civic Center
  68.7s [10月6日（週一） 上午 9:47]   ok  entered Aurelia City Hall
  68.8s [10月6日（週一） 上午 9:49]   use "Permits & regulations"
  68.8s [10月6日（週一） 上午 9:50]   (shot green_grant skipped: headless)
  68.8s [10月6日（週一） 上午 9:50]   click [ApplyGreenGrant] Apply
  68.9s [10月6日（週一） 上午 10:22]   ok  green grant approved
  68.9s [10月6日（週一） 上午 10:23]   ok  Chapter 8 complete
  68.9s [10月6日（週一） 上午 10:23] STEP Chapter 9 — the Clearing Crisis: an import stuck on the wire
  68.9s [10月6日（週一） 上午 10:23]   ok  Year 5: the Clearing Crisis
  69.1s [10月6日（週一） 上午 10:29]   ok  walked back outside
  69.3s [10月6日（週一） 上午 10:37]   use "捷運——市政中心站"
  69.4s [10月6日（週一） 上午 10:38]   (shot metro_riverside skipped: headless)
  69.4s [10月6日（週一） 上午 10:38]   click [Go_riverside] 河濱區  ·  12 分鐘
  69.5s [10月6日（週一） 上午 10:52]   ok  took the Metro to Riverside
  70.0s [10月6日（週一） 上午 11:03]   ok  entered Bloom Coffee
  70.0s [10月6日（週一） 上午 11:06]   use "Read the news board"
  70.0s [10月6日（週一） 上午 11:11]   (shot news_clearing_crisis skipped: headless)
  70.1s [10月6日（週一） 上午 11:11]   ok  read the news (clearing_crisis)
  70.2s [10月6日（週一） 上午 11:16]   ok  walked back outside
  70.4s [10月6日（週一） 上午 11:21]   ok  entered Riverside Tower
  70.5s [10月6日（週一） 上午 11:23]   use "Use laptop — Company OS"
  70.5s [10月6日（週一） 上午 11:24]   click [Tab_operations] Operations
  70.6s [10月6日（週一） 上午 11:25]   click [Buy_lumina_direct_phone_stand] 購買 $884
  70.7s [10月6日（週一） 上午 11:26]   (shot settlement_choice skipped: headless)
  70.7s [10月6日（週一） 上午 11:26]   click [Settle_international_wire] Pay this way
  70.8s [10月6日（週一） 上午 11:28]   ok  import ordered, paid by wire
  70.8s [10月6日（週一） 上午 11:28] STEP Chapter 9 — Lina Zhao at Nexus Bank
  70.9s [10月6日（週一） 上午 11:33]   ok  walked back outside
  71.5s [10月6日（週一） 上午 11:47]   use "捷運——河濱區站"
  71.5s [10月6日（週一） 上午 11:48]   (shot metro_financial skipped: headless)
  71.6s [10月6日（週一） 上午 11:48]   click [Go_financial] 金融區  ·  10 分鐘
  71.7s [10月6日（週一） 下午 12:00]   ok  took the Metro to Financial District
  72.1s [10月6日（週一） 下午 12:11]   ok  entered Nexus Bank
  72.2s [10月6日（週一） 下午 12:15]   use "和 Lina Zhao 說話"
  72.2s [10月6日（週一） 下午 12:15]   (shot lina_intro skipped: headless)
  72.4s [10月6日（週一） 下午 12:15]   choose "› 幫我開一個數位美元帳戶。"
  72.4s [10月6日（週一） 下午 12:15]   ok  met Lina Zhao
  72.6s [10月6日（週一） 下午 12:19]   ok  walked back outside
  72.9s [10月6日（週一） 下午 12:28]   use "捷運——金融區站"
  73.0s [10月6日（週一） 下午 12:30]   (shot metro_riverside skipped: headless)
  73.0s [10月6日（週一） 下午 12:30]   click [Go_riverside] 河濱區  ·  10 分鐘
  73.1s [10月6日（週一） 下午 12:41]   ok  took the Metro to Riverside
  73.7s [10月6日（週一） 下午 12:55]   ok  entered Riverside Tower
  73.8s [10月6日（週一） 下午 12:57]   use "Use laptop — Company OS"
  73.8s [10月6日（週一） 下午 12:58]   click [Tab_operations] Operations
  73.9s [10月6日（週一） 下午 12:59]   click [SpeedUp_PO-119] Speed up
  73.9s [10月6日（週一） 下午 1:00]   (shot settlement_speed_up skipped: headless)
  73.9s [10月6日（週一） 下午 1:00]   click [Settle_letter_of_credit] Switch
  74.1s [10月6日（週一） 下午 7:04]   use "Sleep"
  74.1s [10月6日（週一） 下午 7:04]   click [Sleep] Sleep until 7:00 AM
  74.2s [10月7日（週二） 下午 7:01]   use "Sleep"
  74.3s [10月7日（週二） 下午 7:01]   click [Sleep] Sleep until 7:00 AM
  74.4s [10月8日（週三） 下午 7:01]   use "Sleep"
  74.4s [10月8日（週三） 下午 7:01]   click [Sleep] Sleep until 7:00 AM
  74.6s [10月9日（週四） 下午 7:01]   use "Sleep"
  74.6s [10月9日（週四） 下午 7:01]   click [Sleep] Sleep until 7:00 AM
  74.7s [10月10日（週五） 下午 7:01]   use "Sleep"
  74.7s [10月10日（週五） 下午 7:01]   click [Sleep] Sleep until 7:00 AM
  74.9s [10月11日（週六） 下午 7:03]   use "Sleep"
  74.9s [10月11日（週六） 下午 7:04]   click [Sleep] Sleep until 7:00 AM
  75.0s [10月12日（週日） 下午 7:01]   use "Sleep"
  75.1s [10月12日（週日） 下午 7:01]   click [Sleep] Sleep until 7:00 AM
  75.2s [10月13日（週一） 下午 7:01]   use "Sleep"
  75.2s [10月13日（週一） 下午 7:01]   click [Sleep] Sleep until 7:00 AM
  75.4s [10月14日（週二） 下午 7:01]   use "Sleep"
  75.4s [10月14日（週二） 下午 7:01]   click [Sleep] Sleep until 7:00 AM
  75.5s [10月15日（週三） 下午 7:01]   use "Sleep"
  75.5s [10月15日（週三） 下午 7:01]   click [Sleep] Sleep until 7:00 AM
  75.7s [10月16日（週四） 下午 7:04]   use "Sleep"
  75.8s [10月16日（週四） 下午 7:04]   click [Sleep] Sleep until 7:00 AM
  75.9s [10月17日（週五） 下午 7:01]   use "Sleep"
  75.9s [10月17日（週五） 下午 7:01]   click [Sleep] Sleep until 7:00 AM
  76.0s [10月18日（週六） 下午 7:00]   (shot decision_supplier_price_increase skipped: headless)
  76.0s [10月18日（週六） 下午 7:00]   decision supplier_price_increase → accept
  76.0s [10月18日（週六） 下午 7:00]   click [Choice_accept] 好。繼續跟你進貨。
  76.1s [10月18日（週六） 下午 7:00]   (shot decision_outcome_supplier_price_increase skipped: headless)
  76.1s [10月18日（週六） 下午 7:00]   click "OK"
  76.1s [10月18日（週六） 下午 7:00]   use "Sleep"
  76.1s [10月18日（週六） 下午 7:00]   click [Sleep] Sleep until 7:00 AM
  76.3s [10月19日（週日） 下午 7:01]   use "Sleep"
  76.3s [10月19日（週日） 下午 7:01]   click [Sleep] Sleep until 7:00 AM
  76.4s [10月20日（週一） 下午 7:01]   use "Sleep"
  76.4s [10月20日（週一） 下午 7:01]   click [Sleep] Sleep until 7:00 AM
  76.6s [10月21日（週二） 下午 7:04]   use "Sleep"
  76.7s [10月21日（週二） 下午 7:04]   click [Sleep] Sleep until 7:00 AM
  76.8s [10月22日（週三） 下午 7:01]   use "Sleep"
  76.8s [10月22日（週三） 下午 7:01]   click [Sleep] Sleep until 7:00 AM
  77.0s [10月23日（週四） 下午 7:01]   use "Sleep"
  77.0s [10月23日（週四） 下午 7:01]   click [Sleep] Sleep until 7:00 AM
  77.1s [10月24日（週五） 上午 7:00]   ok  Chapter 9 complete: the import got through
  77.1s [10月24日（週五） 上午 7:00]   ok  ledger balanced after chapters 7–9
  77.1s [10月24日（週五） 上午 7:00] STEP Old Town — lease the corner café from Mr. Okafor
  77.1s [10月24日（週五） 上午 7:00]   (harness) wait 2 h
  77.4s [10月24日（週五） 上午 9:07]   ok  walked back outside
  77.9s [10月24日（週五） 上午 9:21]   use "捷運——河濱區站"
  78.0s [10月24日（週五） 上午 9:23]   (shot metro_old_town skipped: headless)
  78.0s [10月24日（週五） 上午 9:23]   click [Go_old_town] 舊城區  ·  16 分鐘
  78.4s [10月24日（週五） 上午 9:40]   ok  took the Metro to Old Town
  78.4s [10月24日（週五） 上午 9:40]   (shot old_town skipped: headless)
  79.0s [10月24日（週五） 上午 9:57]   ok  entered Okafor Lettings
  79.0s [10月24日（週五） 上午 9:58]   use "和 Okafor 先生 說話"
  79.1s [10月24日（週五） 上午 9:58]   choose "› 這裡以前是什麼店？"
  79.2s [10月24日（週五） 上午 9:59]   (shot cafe_lease skipped: headless)
  79.2s [10月24日（週五） 上午 9:59]   click [SignLease_corner_cafe] Sign the lease
  79.3s [10月24日（週五） 上午 10:00]   ok  leased the corner café unit
  79.4s [10月24日（週五） 上午 10:04]   ok  walked back outside
  79.4s [10月24日（週五） 上午 10:04]   (shot old_town_storefronts skipped: headless)
  79.8s [10月24日（週五） 上午 10:12]   ok  entered Corner Café Unit
  79.8s [10月24日（週五） 上午 10:13]   use "Check the till — Company OS"
  79.9s [10月24日（週五） 上午 10:14]   click [CafeFitOut] 裝修（$5,800）
  79.9s [10月24日（週五） 上午 10:14]   click [CafeSupplies_large] 400 杯份 · $330
  80.0s [10月24日（週五） 上午 10:15]   (shot cafe_setup skipped: headless)
  80.0s [10月24日（週五） 上午 10:16]   ok  fit-out under way
  80.0s [10月24日（週五） 上午 10:16]   ok  coffee supplies ordered
  80.0s [10月24日（週五） 上午 10:16] STEP Old Town — the food licence at City Hall (walking via Shopping Street)
  80.1s [10月24日（週五） 上午 10:20]   ok  walked back outside
  80.9s [10月24日（週五） 上午 10:37]   ok  walked to Shopping Street
  81.6s [10月24日（週五） 上午 11:05]   ok  walked to Civic Center
  81.9s [10月24日（週五） 上午 11:12]   ok  entered Aurelia City Hall
  81.9s [10月24日（週五） 上午 11:14]   use "Permits & regulations"
  81.9s [10月24日（週五） 上午 11:15]   click [ApplyFoodLicence] Apply
  82.0s [10月24日（週五） 上午 11:36]   (shot food_licence skipped: headless)
  82.0s [10月24日（週五） 上午 11:37]   ok  food licence applied for
  82.2s [10月24日（週五） 上午 11:42]   ok  walked back outside
  82.4s [10月24日（週五） 上午 11:50]   use "捷運——市政中心站"
  82.4s [10月24日（週五） 上午 11:52]   (shot metro_riverside skipped: headless)
  82.4s [10月24日（週五） 上午 11:52]   click [Go_riverside] 河濱區  ·  12 分鐘
  82.6s [10月24日（週五） 下午 12:05]   ok  took the Metro to Riverside
  83.2s [10月24日（週五） 下午 12:19]   ok  entered Riverside Tower
  83.2s [10月24日（週五） 下午 12:19]   (harness) wait 2 h
  83.2s [10月24日（週五） 下午 2:20]   (harness) wait 2 h
  83.2s [10月24日（週五） 下午 4:21]   (harness) wait 2 h
  83.2s [10月24日（週五） 下午 6:22]   (harness) wait 2 h
  83.3s [10月24日（週五） 下午 8:25]   use "Sleep"
  83.3s [10月24日（週五） 下午 8:25]   click [Sleep] Sleep until 7:00 AM
  83.4s [10月25日（週六） 上午 7:00]   (harness) wait 2 h
  83.4s [10月25日（週六） 上午 9:01]   (harness) wait 2 h
  83.5s [10月25日（週六） 上午 11:02]   (harness) wait 2 h
  83.5s [10月25日（週六） 下午 1:03]   (harness) wait 2 h
  83.5s [10月25日（週六） 下午 3:04]   (harness) wait 2 h
  83.5s [10月25日（週六） 下午 5:05]   (harness) wait 2 h
  83.6s [10月25日（週六） 下午 7:06]   use "Sleep"
  83.6s [10月25日（週六） 下午 7:06]   click [Sleep] Sleep until 7:00 AM
  83.7s [10月26日（週日） 上午 7:00]   (harness) wait 2 h
  83.7s [10月26日（週日） 上午 9:01]   (harness) wait 2 h
  83.7s [10月26日（週日） 上午 11:02]   (harness) wait 2 h
  83.7s [10月26日（週日） 下午 1:03]   (harness) wait 2 h
  83.7s [10月26日（週日） 下午 3:04]   (harness) wait 2 h
  83.8s [10月26日（週日） 下午 5:05]   (harness) wait 2 h
  83.8s [10月26日（週日） 下午 7:06]   use "Sleep"
  83.8s [10月26日（週日） 下午 7:06]   click [Sleep] Sleep until 7:00 AM
  83.9s [10月27日（週一） 上午 7:00]   ok  fitted out and licensed
  83.9s [10月27日（週一） 上午 7:00] STEP Old Town — opening day behind your own counter
  84.1s [10月27日（週一） 上午 7:06]   ok  walked back outside
  84.6s [10月27日（週一） 上午 7:20]   use "捷運——河濱區站"
  84.6s [10月27日（週一） 上午 7:22]   (shot metro_old_town skipped: headless)
  84.6s [10月27日（週一） 上午 7:22]   click [Go_old_town] 舊城區  ·  16 分鐘
  84.8s [10月27日（週一） 上午 7:39]   ok  took the Metro to Old Town
  85.1s [10月27日（週一） 上午 7:50]   ok  entered Corner Café Unit
  85.1s [10月27日（週一） 上午 7:50]   (shot cafe_open skipped: headless)
  85.2s [10月27日（週一） 上午 7:52]   use "Work the counter (2 h)"
  85.2s [10月27日（週一） 上午 9:53]   ok  served customers at your own café
  85.2s [10月27日（週一） 上午 9:54]   use "Check the till — Company OS"
  85.3s [10月27日（週一） 上午 9:55]   (shot cafe_tab skipped: headless)
  85.3s [10月27日（週一） 上午 9:55]   ok  ledger balanced after opening the café
  85.4s [10月27日（週一） 上午 10:00]   ok  walked back outside
  85.8s [10月27日（週一） 上午 10:11]   use "捷運——舊城區站"
  85.8s [10月27日（週一） 上午 10:13]   (shot metro_riverside skipped: headless)
  85.8s [10月27日（週一） 上午 10:13]   click [Go_riverside] 河濱區  ·  16 分鐘
  85.9s [10月27日（週一） 上午 10:30]   ok  took the Metro to Riverside
  86.5s [10月27日（週一） 上午 10:44]   ok  entered Riverside Tower
  86.5s [10月27日（週一） 上午 10:44] STEP Harbor — metro to the docks, a used van from Sam, and Pier 7
  86.5s [10月27日（週一） 上午 10:44]   ok  actual financing covers the van, bay and working capital
  86.6s [10月27日（週一） 上午 10:47]   ok  walked back outside
  87.1s [10月27日（週一） 上午 11:01]   use "捷運——河濱區站"
  87.2s [10月27日（週一） 上午 11:02]   (shot metro_harbor skipped: headless)
  87.2s [10月27日（週一） 上午 11:02]   click [Go_harbor] 港區  ·  8 分鐘
  88.0s [10月27日（週一） 上午 11:12]   ok  took the Metro to Harbor
  88.0s [10月27日（週一） 上午 11:12]   (shot harbor skipped: headless)
  88.4s [10月27日（週一） 上午 11:22]   (shot harbor_street skipped: headless)
  88.6s [10月27日（週一） 上午 11:26]   ok  entered Dockside Motors
  88.7s [10月27日（週一） 上午 11:27]   use "和 Sam Okoro 說話"
  88.8s [10月27日（週一） 上午 11:27]   choose "› 你這裡有什麼？"
  88.9s [10月27日（週一） 上午 11:28]   (shot van_dealer skipped: headless)
  88.9s [10月27日（週一） 上午 11:28]   click [BuyVan] 買下這台貨車（$9,800）
  88.9s [10月27日（週一） 上午 11:29]   (shot van_bought skipped: headless)
  88.9s [10月27日（週一） 上午 11:29]   ok  bought the van from Sam
  88.9s [10月27日（週一） 上午 11:29]   ok  the van is a vehicle expense
  89.1s [10月27日（週一） 上午 11:33]   ok  walked back outside
  89.5s [10月27日（週一） 上午 11:42]   ok  entered Pier 7 Warehouse
  89.6s [10月27日（週一） 上午 11:47]   use "Lettings desk: lease Bay 3"
  89.6s [10月27日（週一） 上午 11:48]   (shot pier7_lease skipped: headless)
  89.6s [10月27日（週一） 上午 11:48]   click [SignLease_pier7_warehouse] Sign the lease
  89.7s [10月27日（週一） 上午 11:49]   ok  leased the Pier 7 bay
  89.7s [10月27日（週一） 上午 11:49]   ok  Pier 7 is a stock location
  89.7s [10月27日（週一） 上午 11:50]   (shot pier7_warehouse skipped: headless)
  89.9s [10月27日（週一） 上午 11:57]   ok  walked back outside
  90.4s [10月27日（週一） 下午 12:10]   use "捷運——港區站"
  90.5s [10月27日（週一） 下午 12:11]   (shot metro_riverside skipped: headless)
  90.5s [10月27日（週一） 下午 12:11]   click [Go_riverside] 河濱區  ·  8 分鐘
  90.8s [10月27日（週一） 下午 12:21]   ok  took the Metro to Riverside
  91.3s [10月27日（週一） 下午 12:35]   ok  entered Riverside Tower
  91.3s [10月27日（週一） 下午 12:35] STEP Harbor — the morning's delivery runs
  91.3s [10月27日（週一） 下午 12:35]   (harness) wait 2 h
  91.3s [10月27日（週一） 下午 2:36]   (harness) wait 2 h
  91.4s [10月27日（週一） 下午 4:37]   (harness) wait 2 h
  91.4s [10月27日（週一） 下午 6:37]   (harness) wait 2 h
  91.5s [10月27日（週一） 下午 8:41]   use "Sleep"
  91.5s [10月27日（週一） 下午 8:41]   click [Sleep] Sleep until 7:00 AM
  91.6s [10月28日（週二） 上午 7:00]   (harness) wait 2 h
  91.6s [10月28日（週二） 上午 9:01]   ok  runs were posted in the morning
  91.8s [10月28日（週二） 上午 9:07]   ok  walked back outside
  92.3s [10月28日（週二） 上午 9:21]   use "捷運——河濱區站"
  92.3s [10月28日（週二） 上午 9:22]   (shot metro_harbor skipped: headless)
  92.3s [10月28日（週二） 上午 9:22]   click [Go_harbor] 港區  ·  8 分鐘
  92.5s [10月28日（週二） 上午 9:32]   ok  took the Metro to Harbor
  93.0s [10月28日（週二） 上午 9:47]   ok  entered Pier 7 Warehouse
  93.0s [10月28日（週二） 上午 9:51]   use "Sit at the yard office desk — Company OS"
  93.1s [10月28日（週二） 上午 9:52]   click [Tab_logistics] Logistics
  93.1s [10月28日（週二） 上午 9:53]   (shot logistics_tab skipped: headless)
  93.2s [10月28日（週二） 上午 9:54]   (shot logistics_badge_pinned skipped: headless)
  93.2s [10月28日（週二） 上午 9:54]   click [Tab_logistics] Logistics
  93.2s [10月28日（週二） 上午 9:55]   ok  delivery runs on the board
  93.2s [10月28日（週二） 上午 9:55]   click [Accept_R2] Accept
  93.2s [10月28日（週二） 上午 9:55]   ok  accepted run R2
  93.2s [10月28日（週二） 上午 9:55]   (shot logistics_accepted skipped: headless)
  93.2s [10月28日（週二） 上午 9:55]   click [Drive_R2] Drive it
  93.2s [10月28日（週二） 上午 9:56]   (shot route_game_intro skipped: headless)
  93.2s [10月28日（週二） 上午 9:56]   click [StartGame] Start
  93.3s [10月28日（週二） 上午 9:56]   click [Stop_2] 
  93.3s [10月28日（週二） 上午 9:56]   click [Stop_4] 
  93.3s [10月28日（週二） 上午 9:56]   (shot route_game_planning skipped: headless)
  93.3s [10月28日（週二） 上午 9:56]   click [Stop_1] 
  93.3s [10月28日（週二） 上午 9:56]   click [Stop_5] 
  93.3s [10月28日（週二） 上午 9:56]   click [Stop_3] 
  93.3s [10月28日（週二） 上午 9:56]   click [Stop_6] 
  93.3s [10月28日（週二） 上午 9:56]   (shot route_game_planned skipped: headless)
  93.3s [10月28日（週二） 上午 9:56]   click [DriveRoute] Drive the route
  93.4s [10月28日（週二） 上午 9:56]   (shot route_game_results skipped: headless)
  93.4s [10月28日（週二） 上午 9:56]   click [FinishGame] Continue
  93.4s [10月28日（週二） 下午 1:40]   ok  the run is done and in the history
  93.4s [10月28日（週二） 下午 1:40]   ok  the pay was banked as revenue ($155.10 for run R2)
  93.4s [10月28日（週二） 下午 1:40]   ok  fuel was charged
  93.4s [10月28日（週二） 下午 1:40]   ok  the best route scored 100%
  93.4s [10月28日（週二） 下午 1:40]   (shot logistics_tab_paid skipped: headless)
  93.4s [10月28日（週二） 下午 1:41]   ok  ledger balanced after the first delivery run
  93.6s [10月28日（週二） 下午 1:48]   ok  walked back outside
  94.1s [10月28日（週二） 下午 2:01]   use "捷運——港區站"
  94.1s [10月28日（週二） 下午 2:02]   (shot metro_riverside skipped: headless)
  94.1s [10月28日（週二） 下午 2:02]   click [Go_riverside] 河濱區  ·  8 分鐘
  94.2s [10月28日（週二） 下午 2:12]   ok  took the Metro to Riverside
  94.7s [10月28日（週二） 下午 2:25]   ok  entered Riverside Tower
  94.7s [10月28日（週二） 下午 2:25]   ok  Chapter 10 started after Chapter 9
  94.7s [10月28日（週二） 下午 2:25]   ok  Year 6: the Digital Finance Boom
  94.7s [10月28日（週二） 下午 2:25] STEP Chapter 10 — the news, and Lina's escrow offer
  94.9s [10月28日（週二） 下午 2:28]   ok  walked back outside
  95.1s [10月28日（週二） 下午 2:33]   ok  entered Bloom Coffee
  95.1s [10月28日（週二） 下午 2:36]   use "Read the news board"
  95.2s [10月28日（週二） 下午 2:41]   (shot news_digital_rails skipped: headless)
  95.2s [10月28日（週二） 下午 2:41]   ok  read the news (digital_rails)
  95.4s [10月28日（週二） 下午 2:46]   ok  walked back outside
  95.6s [10月28日（週二） 下午 2:51]   ok  entered Riverside Tower
  95.7s [10月28日（週二） 下午 2:54]   ok  walked back outside
  96.2s [10月28日（週二） 下午 3:08]   use "捷運——河濱區站"
  96.3s [10月28日（週二） 下午 3:10]   (shot metro_financial skipped: headless)
  96.3s [10月28日（週二） 下午 3:10]   click [Go_financial] 金融區  ·  10 分鐘
  96.4s [10月28日（週二） 下午 3:21]   ok  took the Metro to Financial District
  96.8s [10月28日（週二） 下午 3:33]   ok  entered Nexus Bank
  96.9s [10月28日（週二） 下午 3:37]   use "和 Lina Zhao 說話"
  96.9s [10月28日（週二） 下午 3:37]   (shot lina_rails skipped: headless)
  97.1s [10月28日（週二） 下午 3:37]   choose "› 有什麼但書？"
  97.3s [10月28日（週二） 下午 3:39]   ok  the '!' badge for escrow pins its card
  97.3s [10月28日（週二） 下午 3:39]   (shot badge_escrow_pinned skipped: headless)
  97.3s [10月28日（週二） 下午 3:39]   (shot decision_escrow_offer skipped: headless)
  97.3s [10月28日（週二） 下午 3:39]   decision escrow_offer → try
  97.3s [10月28日（週二） 下午 3:39]   click [Choice_try] 開立託管帳戶
  97.3s [10月28日（週二） 下午 3:39]   (shot decision_outcome_escrow_offer skipped: headless)
  97.3s [10月28日（週二） 下午 3:39]   click "OK"
  97.3s [10月28日（週二） 下午 3:39]   ok  opened an escrow account
  97.3s [10月28日（週二） 下午 3:39] STEP Chapter 10 — an import paid through escrow
  97.5s [10月28日（週二） 下午 3:44]   ok  walked back outside
  97.8s [10月28日（週二） 下午 3:53]   use "捷運——金融區站"
  97.8s [10月28日（週二） 下午 3:54]   (shot metro_riverside skipped: headless)
  97.8s [10月28日（週二） 下午 3:54]   click [Go_riverside] 河濱區  ·  10 分鐘
  98.0s [10月28日（週二） 下午 4:06]   ok  took the Metro to Riverside
  98.5s [10月28日（週二） 下午 4:19]   ok  entered Riverside Tower
  98.5s [10月28日（週二） 下午 4:21]   use "Use laptop — Company OS"
  98.6s [10月28日（週二） 下午 4:22]   click [Tab_operations] Operations
  98.7s [10月28日（週二） 下午 4:23]   click [Buy_lumina_direct_phone_stand] 購買 $864
  98.7s [10月28日（週二） 下午 4:24]   (shot settlement_escrow skipped: headless)
  98.7s [10月28日（週二） 下午 4:24]   click [Settle_escrow] Pay this way
  98.8s [10月28日（週二） 下午 5:00]   toast: Riverlight Goods 咖啡 今天沒開門：吧台沒人顧。去僱一位咖啡師（人員分頁），或自己站吧台。
  98.8s [10月28日（週二） 下午 6:35]   click [Tab_finance] Finance
  99.0s [10月28日（週二） 下午 6:36]   click [Tab_operations] Operations
  99.2s [10月28日（週二） 下午 6:43]   (shot operations_escrow_order skipped: headless)
  99.2s [10月28日（週二） 下午 6:44]   ok  import ordered through escrow
  99.2s [10月28日（週二） 下午 6:44]   use "Use laptop — Company OS"
  99.3s [10月28日（週二） 下午 6:45]   click [Tab_finance] Finance
  99.4s [10月28日（週二） 下午 6:46]   (shot finance_held_in_escrow skipped: headless)
  99.5s [10月28日（週二） 下午 7:05]   use "Sleep"
  99.6s [10月28日（週二） 下午 7:05]   click [Sleep] Sleep until 7:00 AM
  99.7s [10月29日（週三） 下午 5:00]   toast: Riverlight Goods 咖啡 今天沒開門：吧台沒人顧。去僱一位咖啡師（人員分頁），或自己站吧台。
  99.7s [10月29日（週三） 下午 7:01]   use "Sleep"
  99.7s [10月29日（週三） 下午 7:01]   click [Sleep] Sleep until 7:00 AM
  99.9s [10月30日（週四） 下午 5:00]   toast: Riverlight Goods 咖啡 今天沒開門：吧台沒人顧。去僱一位咖啡師（人員分頁），或自己站吧台。
  99.9s [10月30日（週四） 下午 7:01]   use "Sleep"
  99.9s [10月30日（週四） 下午 7:01]   click [Sleep] Sleep until 7:00 AM
 100.0s [10月31日（週五） 下午 5:00]   toast: Riverlight Goods 咖啡 今天沒開門：吧台沒人顧。去僱一位咖啡師（人員分頁），或自己站吧台。
 100.0s [10月31日（週五） 下午 7:01]   use "Sleep"
 100.1s [10月31日（週五） 下午 7:01]   click [Sleep] Sleep until 7:00 AM
 100.3s [11月1日（週六） 上午 7:00]   (shot month_close_report skipped: headless)
 100.3s [11月1日（週六） 上午 7:00]   click [month close] Continue
 100.3s [11月1日（週六） 下午 5:00]   toast: Riverlight Goods 咖啡 今天沒開門：吧台沒人顧。去僱一位咖啡師（人員分頁），或自己站吧台。
 100.3s [11月1日（週六） 下午 7:00]   use "Sleep"
 100.3s [11月1日（週六） 下午 7:00]   click [Sleep] Sleep until 7:00 AM
 100.5s [11月2日（週日） 下午 7:03]   use "Sleep"
 100.5s [11月2日（週日） 下午 7:04]   click [Sleep] Sleep until 7:00 AM
 100.7s [11月3日（週一） 下午 5:00]   toast: Riverlight Goods 咖啡 今天沒開門：吧台沒人顧。去僱一位咖啡師（人員分頁），或自己站吧台。
 100.7s [11月3日（週一） 下午 7:01]   use "Sleep"
 100.7s [11月3日（週一） 下午 7:01]   click [Sleep] Sleep until 7:00 AM
 100.8s [11月4日（週二） 下午 5:00]   toast: Riverlight Goods 咖啡 今天沒開門：吧台沒人顧。去僱一位咖啡師（人員分頁），或自己站吧台。
 100.8s [11月4日（週二） 下午 7:01]   use "Sleep"
 100.9s [11月4日（週二） 下午 7:01]   click [Sleep] Sleep until 7:00 AM
 101.0s [11月5日（週三） 下午 5:00]   toast: Riverlight Goods 咖啡 今天沒開門：吧台沒人顧。去僱一位咖啡師（人員分頁），或自己站吧台。
 101.0s [11月5日（週三） 下午 7:01]   use "Sleep"
 101.0s [11月5日（週三） 下午 7:01]   click [Sleep] Sleep until 7:00 AM
 101.1s [11月6日（週四） 下午 5:00]   toast: Riverlight Goods 咖啡 今天沒開門：吧台沒人顧。去僱一位咖啡師（人員分頁），或自己站吧台。
 101.2s [11月6日（週四） 下午 7:01]   use "Sleep"
 101.2s [11月6日（週四） 下午 7:01]   click [Sleep] Sleep until 7:00 AM
 101.3s [11月7日（週五） 下午 5:00]   toast: Riverlight Goods 咖啡 今天沒開門：吧台沒人顧。去僱一位咖啡師（人員分頁），或自己站吧台。
 101.4s [11月7日（週五） 下午 7:04]   use "Sleep"
 101.4s [11月7日（週五） 下午 7:04]   click [Sleep] Sleep until 7:00 AM
 101.6s [11月8日（週六） 下午 5:00]   toast: Riverlight Goods 咖啡 今天沒開門：吧台沒人顧。去僱一位咖啡師（人員分頁），或自己站吧台。
 101.6s [11月8日（週六） 下午 7:01]   use "Sleep"
 101.6s [11月8日（週六） 下午 7:01]   click [Sleep] Sleep until 7:00 AM
 101.8s [11月9日（週日） 下午 7:01]   use "Sleep"
 101.8s [11月9日（週日） 下午 7:01]   click [Sleep] Sleep until 7:00 AM
 102.0s [11月10日（週一） 上午 7:00]   ok  escrow released to the supplier on arrival
 102.0s [11月10日（週一） 上午 7:00]   ok  Chapter 10 complete
 102.0s [11月10日（週一） 上午 7:00] STEP Chapter 11 — the bridge exploit
 102.0s [11月10日（週一） 上午 7:00]   ok  Year 7: the Bridge Exploit
 102.2s [11月10日（週一） 上午 7:06]   ok  walked back outside
 102.4s [11月10日（週一） 上午 7:11]   ok  entered Bloom Coffee
 102.5s [11月10日（週一） 上午 7:14]   use "Read the news board"
 102.5s [11月10日（週一） 上午 7:19]   (shot news_bridge_before skipped: headless)
 102.5s [11月10日（週一） 上午 7:19]   ok  read the news (bridge_before)
 102.7s [11月10日（週一） 上午 7:24]   ok  walked back outside
 103.0s [11月10日（週一） 上午 7:29]   ok  entered Riverside Tower
 103.0s [11月10日（週一） 上午 7:31]   use "Use laptop — Company OS"
 103.1s [11月10日（週一） 上午 7:32]   click [Tab_operations] Operations
 103.2s [11月10日（週一） 上午 7:33]   click [Buy_lumina_direct_phone_stand] 購買 $856
 103.2s [11月10日（週一） 上午 7:34]   (shot settlement_before_exploit skipped: headless)
 103.2s [11月10日（週一） 上午 7:34]   click [Settle_escrow] Pay this way
 103.3s [11月10日（週一） 上午 7:36]   ok  restock ordered through escrow (cash $32,761)
 103.7s [11月10日（週一） 上午 7:54]   toast: 快訊：數位美元跨鏈橋遭駭。轉帳凍結，預計 11月16日 上午 7:54 前後恢復。
 103.8s [11月10日（週一） 上午 7:56]   ok  the bridge is frozen with our payment crossing it
 103.8s [11月10日（週一） 上午 7:56]   ok  the '!' badge for frozen_funds pins its card
 103.8s [11月10日（週一） 上午 7:56]   (shot badge_frozen_pinned skipped: headless)
 103.8s [11月10日（週一） 上午 7:56]   (shot decision_rail_frozen skipped: headless)
 103.8s [11月10日（週一） 上午 7:56]   decision rail_frozen → reroute
 103.8s [11月10日（週一） 上午 7:56]   click [Choice_reroute] 改用電匯重新付款（$890）
 103.9s [11月10日（週一） 上午 7:56]   (shot decision_outcome_rail_frozen skipped: headless)
 103.9s [11月10日（週一） 上午 7:56]   click "OK"
 103.9s [11月10日（週一） 上午 7:56]   ok  paid again by wire
 103.9s [11月10日（週一） 上午 7:56]   use "Use laptop — Company OS"
 104.0s [11月10日（週一） 上午 7:57]   click [Tab_finance] Finance
 104.0s [11月10日（週一） 上午 7:58]   (shot finance_frozen_funds skipped: headless)
 104.0s [11月10日（週一） 上午 7:58]   click [Tab_operations] Operations
 104.3s [11月10日（週一） 上午 8:06]   (shot operations_frozen_order skipped: headless)
 104.5s [11月10日（週一） 上午 8:12]   ok  walked back outside
 104.7s [11月10日（週一） 上午 8:17]   ok  entered Bloom Coffee
 104.8s [11月10日（週一） 上午 8:19]   use "Read the news board"
 104.8s [11月10日（週一） 上午 8:24]   (shot news_bridge_frozen skipped: headless)
 104.8s [11月10日（週一） 上午 8:24]   ok  read the news (bridge_frozen)
 105.0s [11月10日（週一） 上午 8:29]   ok  walked back outside
 105.2s [11月10日（週一） 上午 8:34]   ok  entered Riverside Tower
 105.2s [11月10日（週一） 下午 5:00]   toast: Riverlight Goods 咖啡 今天沒開門：吧台沒人顧。去僱一位咖啡師（人員分頁），或自己站吧台。
 105.2s [11月10日（週一） 下午 7:03]   use "Sleep"
 105.3s [11月10日（週一） 下午 7:03]   click [Sleep] Sleep until 7:00 AM
 105.4s [11月11日（週二） 下午 5:00]   toast: Riverlight Goods 咖啡 今天沒開門：吧台沒人顧。去僱一位咖啡師（人員分頁），或自己站吧台。
 105.4s [11月11日（週二） 下午 7:01]   use "Sleep"
 105.4s [11月11日（週二） 下午 7:01]   click [Sleep] Sleep until 7:00 AM
 105.5s [11月12日（週三） 下午 5:00]   toast: Riverlight Goods 咖啡 今天沒開門：吧台沒人顧。去僱一位咖啡師（人員分頁），或自己站吧台。
 105.5s [11月12日（週三） 下午 7:01]   use "Sleep"
 105.5s [11月12日（週三） 下午 7:01]   click [Sleep] Sleep until 7:00 AM
 105.7s [11月13日（週四） 下午 5:00]   toast: Riverlight Goods 咖啡 今天沒開門：吧台沒人顧。去僱一位咖啡師（人員分頁），或自己站吧台。
 105.7s [11月13日（週四） 下午 7:01]   use "Sleep"
 105.7s [11月13日（週四） 下午 7:01]   click [Sleep] Sleep until 7:00 AM
 105.8s [11月14日（週五） 下午 5:00]   toast: Riverlight Goods 咖啡 今天沒開門：吧台沒人顧。去僱一位咖啡師（人員分頁），或自己站吧台。
 105.8s [11月14日（週五） 下午 7:00]   (shot decision_low_cash_warning skipped: headless)
 105.8s [11月14日（週五） 下午 7:00]   decision low_cash_warning → reduce
 105.8s [11月14日（週五） 下午 7:00]   click [Choice_reduce] 縮減開支（暫停廣告、生活從簡）
 105.9s [11月14日（週五） 下午 7:00]   (shot decision_outcome_low_cash_warning skipped: headless)
 105.9s [11月14日（週五） 下午 7:00]   click "OK"
 105.9s [11月14日（週五） 下午 7:00]   use "Sleep"
 105.9s [11月14日（週五） 下午 7:00]   click [Sleep] Sleep until 7:00 AM
 106.0s [11月15日（週六） 下午 5:00]   toast: Riverlight Goods 咖啡 今天沒開門：吧台沒人顧。去僱一位咖啡師（人員分頁），或自己站吧台。
 106.1s [11月15日（週六） 下午 7:01]   use "Sleep"
 106.1s [11月15日（週六） 下午 7:01]   click [Sleep] Sleep until 7:00 AM
 106.2s [11月16日（週日） 下午 7:01]   use "Sleep"
 106.2s [11月16日（週日） 下午 7:01]   click [Sleep] Sleep until 7:00 AM
 106.4s [11月17日（週一） 下午 5:00]   toast: Riverlight Goods 咖啡 今天沒開門：吧台沒人顧。去僱一位咖啡師（人員分頁），或自己站吧台。
 106.4s [11月17日（週一） 下午 7:00]   (shot decision_low_cash_warning skipped: headless)
 106.4s [11月17日（週一） 下午 7:00]   decision low_cash_warning → reduce
 106.4s [11月17日（週一） 下午 7:00]   click [Choice_reduce] 縮減開支（暫停廣告、生活從簡）
 106.4s [11月17日（週一） 下午 7:00]   (shot decision_outcome_low_cash_warning skipped: headless)
 106.4s [11月17日（週一） 下午 7:00]   click "OK"
 106.5s [11月17日（週一） 下午 7:00]   use "Sleep"
 106.5s [11月17日（週一） 下午 7:00]   click [Sleep] Sleep until 7:00 AM
 106.6s [11月18日（週二） 下午 5:00]   toast: Riverlight Goods 咖啡 今天沒開門：吧台沒人顧。去僱一位咖啡師（人員分頁），或自己站吧台。
 106.6s [11月18日（週二） 下午 7:01]   use "Sleep"
 106.6s [11月18日（週二） 下午 7:01]   click [Sleep] Sleep until 7:00 AM
 106.8s [11月19日（週三） 下午 5:00]   toast: Riverlight Goods 咖啡 今天沒開門：吧台沒人顧。去僱一位咖啡師（人員分頁），或自己站吧台。
 106.8s [11月19日（週三） 下午 7:01]   use "Sleep"
 106.8s [11月19日（週三） 下午 7:01]   click [Sleep] Sleep until 7:00 AM
 106.9s [11月20日（週四） 下午 5:00]   toast: Riverlight Goods 咖啡 今天沒開門：吧台沒人顧。去僱一位咖啡師（人員分頁），或自己站吧台。
 107.0s [11月20日（週四） 下午 7:00]   (shot decision_low_cash_warning skipped: headless)
 107.0s [11月20日（週四） 下午 7:00]   decision low_cash_warning → reduce
 107.0s [11月20日（週四） 下午 7:00]   click [Choice_reduce] 縮減開支（暫停廣告、生活從簡）
 107.0s [11月20日（週四） 下午 7:00]   (shot decision_outcome_low_cash_warning skipped: headless)
 107.0s [11月20日（週四） 下午 7:00]   click "OK"
 107.0s [11月20日（週四） 下午 7:00]   use "Sleep"
 107.0s [11月20日（週四） 下午 7:00]   click [Sleep] Sleep until 7:00 AM
 107.2s [11月21日（週五） 下午 5:00]   toast: Riverlight Goods 咖啡 今天沒開門：吧台沒人顧。去僱一位咖啡師（人員分頁），或自己站吧台。
 107.2s [11月21日（週五） 下午 7:01]   use "Sleep"
 107.2s [11月21日（週五） 下午 7:01]   click [Sleep] Sleep until 7:00 AM
 107.3s [11月22日（週六） 下午 5:00]   toast: Riverlight Goods 咖啡 今天沒開門：吧台沒人顧。去僱一位咖啡師（人員分頁），或自己站吧台。
 107.3s [11月22日（週六） 下午 7:01]   use "Sleep"
 107.4s [11月22日（週六） 下午 7:01]   click [Sleep] Sleep until 7:00 AM
 107.5s [11月23日（週日） 下午 7:00]   (shot decision_low_cash_warning skipped: headless)
 107.5s [11月23日（週日） 下午 7:00]   decision low_cash_warning → reduce
 107.5s [11月23日（週日） 下午 7:00]   click [Choice_reduce] 縮減開支（暫停廣告、生活從簡）
 107.6s [11月23日（週日） 下午 7:00]   (shot decision_outcome_low_cash_warning skipped: headless)
 107.6s [11月23日（週日） 下午 7:00]   click "OK"
 107.6s [11月23日（週日） 下午 7:00]   use "Sleep"
 107.6s [11月23日（週日） 下午 7:00]   click [Sleep] Sleep until 7:00 AM
 107.7s [11月24日（週一） 下午 5:00]   toast: Riverlight Goods 咖啡 今天沒開門：吧台沒人顧。去僱一位咖啡師（人員分頁），或自己站吧台。
 107.7s [11月24日（週一） 下午 7:01]   use "Sleep"
 107.8s [11月24日（週一） 下午 7:01]   click [Sleep] Sleep until 7:00 AM
 107.9s [11月25日（週二） 下午 5:00]   toast: Riverlight Goods 咖啡 今天沒開門：吧台沒人顧。去僱一位咖啡師（人員分頁），或自己站吧台。
 107.9s [11月25日（週二） 下午 7:01]   use "Sleep"
 107.9s [11月25日（週二） 下午 7:01]   click [Sleep] Sleep until 7:00 AM
 108.1s [11月26日（週三） 下午 5:00]   toast: Riverlight Goods 咖啡 今天沒開門：吧台沒人顧。去僱一位咖啡師（人員分頁），或自己站吧台。
 108.1s [11月26日（週三） 下午 7:00]   (shot decision_low_cash_warning skipped: headless)
 108.1s [11月26日（週三） 下午 7:00]   decision low_cash_warning → reduce
 108.1s [11月26日（週三） 下午 7:00]   click [Choice_reduce] 縮減開支（暫停廣告、生活從簡）
 108.1s [11月26日（週三） 下午 7:00]   (shot decision_outcome_low_cash_warning skipped: headless)
 108.1s [11月26日（週三） 下午 7:00]   click "OK"
 108.1s [11月26日（週三） 下午 7:00]   use "Sleep"
 108.2s [11月26日（週三） 下午 7:00]   click [Sleep] Sleep until 7:00 AM
 108.3s [11月27日（週四） 下午 5:00]   toast: Riverlight Goods 咖啡 今天沒開門：吧台沒人顧。去僱一位咖啡師（人員分頁），或自己站吧台。
 108.4s [11月27日（週四） 下午 7:00]   (shot decision_supplier_price_increase skipped: headless)
 108.4s [11月27日（週四） 下午 7:00]   decision supplier_price_increase → accept
 108.4s [11月27日（週四） 下午 7:00]   click [Choice_accept] 好。繼續跟你進貨。
 108.4s [11月27日（週四） 下午 7:00]   (shot decision_outcome_supplier_price_increase skipped: headless)
 108.4s [11月27日（週四） 下午 7:00]   click "OK"
 108.5s [11月27日（週四） 下午 7:00]   use "Sleep"
 108.5s [11月27日（週四） 下午 7:00]   click [Sleep] Sleep until 7:00 AM
 108.6s [11月28日（週五） 上午 7:00]   ok  the bridge reopened
 108.6s [11月28日（週五） 上午 7:00]   ok  frozen funds settled
 108.6s [11月28日（週五） 上午 7:00]   ok  Chapter 11 complete: through the freeze and restocked
 108.6s [11月28日（週五） 上午 7:00] STEP Chapter 12 — the regulation wave: the import licence
 108.6s [11月28日（週五） 上午 7:00]   ok  Year 8: the Regulation Wave
 108.8s [11月28日（週五） 上午 7:06]   ok  walked back outside
 109.0s [11月28日（週五） 上午 7:11]   ok  entered Bloom Coffee
 109.1s [11月28日（週五） 上午 7:14]   use "Read the news board"
 109.1s [11月28日（週五） 上午 7:19]   (shot news_regulation skipped: headless)
 109.1s [11月28日（週五） 上午 7:19]   ok  read the news (regulation)
 109.3s [11月28日（週五） 上午 7:24]   ok  walked back outside
 109.5s [11月28日（週五） 上午 7:29]   ok  entered Riverside Tower
 109.5s [11月28日（週五） 上午 7:29]   (harness) wait 2 h
 109.7s [11月28日（週五） 上午 9:33]   ok  walked back outside
 110.2s [11月28日（週五） 上午 9:47]   use "捷運——河濱區站"
 110.2s [11月28日（週五） 上午 9:49]   (shot metro_civic_center skipped: headless)
 110.2s [11月28日（週五） 上午 9:49]   click [Go_civic_center] 市政中心  ·  12 分鐘
 110.4s [11月28日（週五） 上午 10:02]   ok  took the Metro to Civic Center
 110.8s [11月28日（週五） 上午 10:13]   ok  entered Aurelia City Hall
 110.8s [11月28日（週五） 上午 10:15]   use "Permits & regulations"
 110.9s [11月28日（週五） 上午 10:16]   (shot permits_import_licence skipped: headless)
 110.9s [11月28日（週五） 上午 10:17]   ok  the '!' badge for import_licence pins its card
 110.9s [11月28日（週五） 上午 10:17]   (shot badge_licence_pinned skipped: headless)
 110.9s [11月28日（週五） 上午 10:18]   click [ApplyImportLicence] 申請（$450）
 110.9s [11月28日（週五） 上午 10:39]   (shot permits_licence_processing skipped: headless)
 110.9s [11月28日（週五） 上午 10:39]   ok  import licence applied for
 111.1s [11月28日（週五） 上午 10:45]   ok  walked back outside
 111.3s [11月28日（週五） 上午 10:53]   use "捷運——市政中心站"
 111.4s [11月28日（週五） 上午 10:54]   (shot metro_riverside skipped: headless)
 111.4s [11月28日（週五） 上午 10:54]   click [Go_riverside] 河濱區  ·  12 分鐘
 111.5s [11月28日（週五） 上午 11:08]   ok  took the Metro to Riverside
 112.0s [11月28日（週五） 上午 11:22]   ok  entered Riverside Tower
 112.1s [11月28日（週五） 下午 5:00]   toast: Riverlight Goods 咖啡 今天沒開門：吧台沒人顧。去僱一位咖啡師（人員分頁），或自己站吧台。
 112.1s [11月28日（週五） 下午 7:02]   use "Sleep"
 112.1s [11月28日（週五） 下午 7:02]   click [Sleep] Sleep until 7:00 AM
 112.3s [11月29日（週六） 下午 5:00]   toast: Riverlight Goods 咖啡 今天沒開門：吧台沒人顧。去僱一位咖啡師（人員分頁），或自己站吧台。
 112.3s [11月29日（週六） 下午 7:00]   (shot decision_low_cash_warning skipped: headless)
 112.3s [11月29日（週六） 下午 7:00]   decision low_cash_warning → reduce
 112.3s [11月29日（週六） 下午 7:00]   click [Choice_reduce] 縮減開支（暫停廣告、生活從簡）
 112.3s [11月29日（週六） 下午 7:00]   (shot decision_outcome_low_cash_warning skipped: headless)
 112.3s [11月29日（週六） 下午 7:00]   click "OK"
 112.3s [11月29日（週六） 下午 7:00]   use "Sleep"
 112.3s [11月29日（週六） 下午 7:00]   click [Sleep] Sleep until 7:00 AM
 112.5s [11月30日（週日） 下午 7:01]   use "Sleep"
 112.5s [11月30日（週日） 下午 7:01]   click [Sleep] Sleep until 7:00 AM
 112.7s [12月1日（週一） 上午 7:00]   (shot month_close_report skipped: headless)
 112.7s [12月1日（週一） 上午 7:00]   click [month close] Continue
 112.7s [12月1日（週一） 上午 7:00]   ok  import licence granted
 112.7s [12月1日（週一） 上午 7:00] STEP Chapter 12 — a large import goes through KYC
 112.8s [12月1日（週一） 上午 7:02]   use "Use laptop — Company OS"
 112.8s [12月1日（週一） 上午 7:03]   click [Tab_operations] Operations
 112.9s [12月1日（週一） 上午 7:04]   click [DeliverTo_riverside_studio] 河濱大樓 7C
 113.0s [12月1日（週一） 上午 7:05]   click [Buy_lumina_direct_wireless_earbuds] 購買 $2,692
 113.0s [12月1日（週一） 上午 7:06]   (shot settlement_kyc skipped: headless)
 113.0s [12月1日（週一） 上午 7:06]   click [Settle_letter_of_credit] Pay this way
 113.1s [12月1日（週一） 上午 7:07]   ok  the large payment carries a KYC check
 113.1s [12月1日（週一） 下午 5:00]   toast: Riverlight Goods 咖啡 今天沒開門：吧台沒人顧。去僱一位咖啡師（人員分頁），或自己站吧台。
 113.2s [12月1日（週一） 下午 7:05]   use "Sleep"
 113.3s [12月1日（週一） 下午 7:05]   click [Sleep] Sleep until 7:00 AM
 113.4s [12月2日（週二） 下午 5:00]   toast: Riverlight Goods 咖啡 今天沒開門：吧台沒人顧。去僱一位咖啡師（人員分頁），或自己站吧台。
 113.4s [12月2日（週二） 下午 7:00]   (shot decision_low_cash_warning skipped: headless)
 113.4s [12月2日（週二） 下午 7:00]   decision low_cash_warning → reduce
 113.4s [12月2日（週二） 下午 7:00]   click [Choice_reduce] 縮減開支（暫停廣告、生活從簡）
 113.4s [12月2日（週二） 下午 7:00]   (shot decision_outcome_low_cash_warning skipped: headless)
 113.4s [12月2日（週二） 下午 7:00]   click "OK"
 113.5s [12月2日（週二） 下午 7:00]   use "Sleep"
 113.5s [12月2日（週二） 下午 7:00]   click [Sleep] Sleep until 7:00 AM
 113.6s [12月3日（週三） 下午 5:00]   toast: Riverlight Goods 咖啡 今天沒開門：吧台沒人顧。去僱一位咖啡師（人員分頁），或自己站吧台。
 113.6s [12月3日（週三） 下午 7:01]   use "Sleep"
 113.6s [12月3日（週三） 下午 7:01]   click [Sleep] Sleep until 7:00 AM
 113.8s [12月4日（週四） 下午 5:00]   toast: Riverlight Goods 咖啡 今天沒開門：吧台沒人顧。去僱一位咖啡師（人員分頁），或自己站吧台。
 113.8s [12月4日（週四） 下午 7:01]   use "Sleep"
 113.8s [12月4日（週四） 下午 7:01]   click [Sleep] Sleep until 7:00 AM
 113.9s [12月5日（週五） 上午 7:00]   ok  KYC cleared
 114.0s [12月5日（週五） 上午 7:02]   use "Use laptop — Company OS"
 114.0s [12月5日（週五） 上午 7:03]   click [Tab_finance] Finance
 114.1s [12月5日（週五） 上午 7:04]   (shot finance_compliance_cost skipped: headless)
 114.1s [12月5日（週五） 上午 7:04] STEP Chapter 12 — Victor Hale's offer
 114.1s [12月5日（週五） 上午 7:04]   (harness) wait 2 h
 114.2s [12月5日（週五） 上午 9:05]   (shot decision_low_cash_warning skipped: headless)
 114.2s [12月5日（週五） 上午 9:05]   decision low_cash_warning → reduce
 114.2s [12月5日（週五） 上午 9:05]   click [Choice_reduce] 縮減開支（暫停廣告、生活從簡）
 114.2s [12月5日（週五） 上午 9:05]   (shot decision_outcome_low_cash_warning skipped: headless)
 114.2s [12月5日（週五） 上午 9:05]   click "OK"
 114.2s [12月5日（週五） 上午 9:05]   (harness) wait 2 h
 114.4s [12月5日（週五） 上午 11:11]   ok  walked back outside
 114.9s [12月5日（週五） 上午 11:25]   use "捷運——河濱區站"
 115.0s [12月5日（週五） 上午 11:27]   (shot metro_shopping_street skipped: headless)
 115.0s [12月5日（週五） 上午 11:27]   click [Go_shopping_street] 購物街  ·  15 分鐘
 115.1s [12月5日（週五） 上午 11:43]   ok  took the Metro to Shopping Street
 115.8s [12月5日（週五） 上午 11:56]   ok  entered Crestline Flagship
 115.9s [12月5日（週五） 上午 11:57]   use "和 Victor Hale 說話"
 115.9s [12月5日（週五） 上午 11:57]   (shot victor_offer skipped: headless)
 116.1s [12月5日（週五） 上午 11:59]   ok  the '!' badge for valuation pins its card
 116.1s [12月5日（週五） 上午 11:59]   (shot badge_valuation_pinned skipped: headless)
 116.1s [12月5日（週五） 上午 11:59]   (shot decision_acquisition_offer skipped: headless)
 116.1s [12月5日（週五） 上午 11:59]   decision acquisition_offer → counter
 116.1s [12月5日（週五） 上午 11:59]   click [Choice_counter] 還價：開價 $20,981
 116.2s [12月5日（週五） 上午 11:59]   (shot decision_outcome_acquisition_offer skipped: headless)
 116.2s [12月5日（週五） 上午 11:59]   click "OK"
 116.2s [12月5日（週五） 上午 11:59]   ok  countered Hale Group's offer
 116.2s [12月5日（週五） 下午 12:01]   (shot ending_card skipped: headless)
 116.3s [12月5日（週五） 下午 12:06]   ok  Chapter 12 complete
 116.3s [12月5日（週五） 下午 12:06]   ok  the main story is complete
 116.3s [12月5日（週五） 下午 12:06]   ok  free play: the growth goal
 116.3s [12月5日（週五） 下午 12:06]   ok  ledger balanced after chapters 10–12
 116.5s [12月5日（週五） 下午 12:09]   ok  walked back outside
 116.9s [12月5日（週五） 下午 12:20]   use "捷運——購物街站"
 116.9s [12月5日（週五） 下午 12:21]   (shot metro_riverside skipped: headless)
 116.9s [12月5日（週五） 下午 12:21]   click [Go_riverside] 河濱區  ·  15 分鐘
 117.0s [12月5日（週五） 下午 12:38]   ok  took the Metro to Riverside
 117.5s [12月5日（週五） 下午 12:52]   ok  entered Riverside Tower
 117.5s [12月5日（週五） 下午 12:52] STEP Save → reload → same state
 117.7s [12月5日（週五） 下午 12:53]   ok  cash restored after load
 117.7s [12月5日（週五） 下午 12:53]   ok  time restored after load
 117.7s [12月5日（週五） 下午 12:53]   ok  location restored (riverside_apartment)
 117.7s [12月5日（週五） 下午 12:53]   (shot after_load skipped: headless)
 117.7s [12月5日（週五） 下午 12:53] STEP Summary
 117.7s [12月5日（週五） 下午 12:53]   business entity co_riverlight_goods cash $21,958.77 · personal $10,799.88 · orders delivered 472 · chapters done ["ch1_arrival", "ch2_first_customer", "ch3_open_for_business", "ch4_growing_pains", "ch5_big_contract", "ch6_cash_is_oxygen", "ch7_supply_shock", "ch8_green_shift", "ch9_clearing_crisis", "ch10_digital_rails", "ch11_other_side_of_trust", "ch12_regulation_scale"]
 117.7s [12月5日（週五） 下午 12:53]   ok  ledger balanced at the end
 117.7s [12月5日（週五） 下午 12:53]   ok  story objective completed: ch1_phone
 117.7s [12月5日（週五） 下午 12:53]   ok  story objective completed: ch1_outside
 117.7s [12月5日（週五） 下午 12:53]   ok  story objective completed: ch1_coffee
 117.7s [12月5日（週五） 下午 12:53]   ok  story objective completed: ch1_cowork
 117.7s [12月5日（週五） 下午 12:53]   ok  story objective completed: ch1_board
 117.7s [12月5日（週五） 下午 12:53]   ok  story objective completed: ch2_supplier
 117.7s [12月5日（週五） 下午 12:53]   ok  story objective completed: ch2_stock
 117.7s [12月5日（週五） 下午 12:53]   ok  story objective completed: ch2_listing
 117.7s [12月5日（週五） 下午 12:53]   ok  story objective completed: ch2_order
 117.7s [12月5日（週五） 下午 12:53]   ok  story objective completed: ch2_ship
 117.7s [12月5日（週五） 下午 12:53]   ok  story objective completed: ch2_first_dollar
 117.7s [12月5日（週五） 下午 12:53]   ok  story objective completed: ch2_issue
 117.7s [12月5日（週五） 下午 12:53]   ok  story objective completed: ch3_register
 117.7s [12月5日（週五） 下午 12:53]   ok  story objective completed: ch3_bank
 117.7s [12月5日（週五） 下午 12:53]   ok  story objective completed: ch3_workspace
 117.7s [12月5日（週五） 下午 12:53]   ok  story objective completed: ch3_os
 117.7s [12月5日（週五） 下午 12:53]   ok  story objective completed: ch4_employer
 117.7s [12月5日（週五） 下午 12:53]   ok  story objective completed: ch4_post
 117.7s [12月5日（週五） 下午 12:53]   ok  story objective completed: ch4_hire
 117.7s [12月5日（週五） 下午 12:53]   ok  story objective completed: ch4_payroll
 117.7s [12月5日（週五） 下午 12:53]   ok  story objective completed: ch4_forecast
 117.7s [12月5日（週五） 下午 12:53]   ok  story objective completed: ch5_meet
 117.7s [12月5日（週五） 下午 12:53]   ok  story objective completed: ch5_decide
 117.7s [12月5日（週五） 下午 12:53]   ok  story objective completed: ch5_stock
 117.7s [12月5日（週五） 下午 12:53]   ok  story objective completed: ch5_deliver
 117.7s [12月5日（週五） 下午 12:53]   ok  story objective completed: ch6_forecast
 117.7s [12月5日（週五） 下午 12:53]   ok  story objective completed: ch6_bridge
 117.7s [12月5日（週五） 下午 12:53]   ok  story objective completed: ch6_collect
 117.7s [12月5日（週五） 下午 12:53]   ok  story objective completed: ch6_close
 117.7s [12月5日（週五） 下午 12:53]   ok  story objective completed: ch7_news
 117.7s [12月5日（週五） 下午 12:53]   ok  story objective completed: ch7_ken
 117.7s [12月5日（週五） 下午 12:53]   ok  story objective completed: ch7_stock
 117.7s [12月5日（週五） 下午 12:53]   ok  story objective completed: ch7_price
 117.7s [12月5日（週五） 下午 12:53]   ok  story objective completed: ch7_close
 117.7s [12月5日（週五） 下午 12:53]   ok  story objective completed: ch8_news
 117.7s [12月5日（週五） 下午 12:53]   ok  story objective completed: ch8_pack
 117.7s [12月5日（週五） 下午 12:53]   ok  story objective completed: ch8_product
 117.7s [12月5日（週五） 下午 12:53]   ok  story objective completed: ch8_grant
 117.7s [12月5日（週五） 下午 12:53]   ok  story objective completed: ch9_news
 117.7s [12月5日（週五） 下午 12:53]   ok  story objective completed: ch9_import
 117.7s [12月5日（週五） 下午 12:53]   ok  story objective completed: ch9_lina
 117.7s [12月5日（週五） 下午 12:53]   ok  story objective completed: ch9_settle
 117.7s [12月5日（週五） 下午 12:53]   ok  story objective completed: ch9_arrive
 117.7s [12月5日（週五） 下午 12:53]   ok  story objective completed: ch10_news
 117.7s [12月5日（週五） 下午 12:53]   ok  story objective completed: ch10_lina
 117.7s [12月5日（週五） 下午 12:53]   ok  story objective completed: ch10_import
 117.7s [12月5日（週五） 下午 12:53]   ok  story objective completed: ch10_arrive
 117.7s [12月5日（週五） 下午 12:53]   ok  story objective completed: ch11_news
 117.7s [12月5日（週五） 下午 12:53]   ok  story objective completed: ch11_order
 117.7s [12月5日（週五） 下午 12:53]   ok  story objective completed: ch11_freeze
 117.7s [12月5日（週五） 下午 12:53]   ok  story objective completed: ch11_restock
 117.7s [12月5日（週五） 下午 12:53]   ok  story objective completed: ch12_news
 117.7s [12月5日（週五） 下午 12:53]   ok  story objective completed: ch12_licence
 117.7s [12月5日（週五） 下午 12:53]   ok  story objective completed: ch12_kyc
 117.7s [12月5日（週五） 下午 12:53]   ok  story objective completed: ch12_offer
 117.7s [6月1日（週日） 下午 2:00] STEP (harness) skip to Chapter 10
 117.9s [6月1日（週日） 下午 2:02] STEP Industrial — factory lease, machine, technician and first OEM invoice
 118.0s [6月1日（週日） 下午 2:08]   ok  walked back outside
 118.5s [6月1日（週日） 下午 2:22]   use "捷運——河濱區站"
 118.6s [6月1日（週日） 下午 2:23]   (shot metro_industrial skipped: headless)
 118.6s [6月1日（週日） 下午 2:23]   click [Go_industrial] 工業區  ·  14 分鐘
 118.8s [6月1日（週日） 下午 2:39]   ok  took the Metro to Industrial
 118.8s [6月1日（週日） 下午 2:39]   (shot industrial_day skipped: headless)
 119.3s [6月1日（週日） 下午 2:56]   ok  entered Unit 12 Light Industrial
 119.4s [6月1日（週日） 下午 3:01]   use "Lease Unit 12"
 119.4s [6月1日（週日） 下午 3:01]   click [SignLease_unit12_factory] Sign the lease
 119.4s [6月1日（週日） 下午 3:02]   ok  factory lease signed with actual company funds
 119.4s [6月1日（週日） 下午 3:02]   (shot factory_interior skipped: headless)
 119.4s [6月1日（週日） 下午 3:03]   use "Open Line Planner"
 119.4s [6月1日（週日） 下午 3:03]   click [OpenFactory] Open the factory
 119.5s [6月1日（週日） 下午 3:04]   click [RentMachine] Rent machine · $1,400/month
 119.5s [6月1日（週日） 下午 3:04]   click [HireTomas] Hire Tomas · $1,100/week
 119.5s [6月1日（週日） 下午 3:04]   ok  hired a production technician
 119.5s [6月1日（週日） 下午 3:04]   click [Quote_RFQ-1] Send quote
 119.5s [6月1日（週日） 下午 3:04]   ok  OEM quote became a Jobs contract with deposit
 119.5s [6月1日（週日） 下午 3:04]   click [MaterialMore] +100 units
 119.5s [6月1日（週日） 下午 3:05]   click [MaterialMore] +100 units
 119.5s [6月1日（週日） 下午 3:05]   click [MaterialMore] +100 units
 119.5s [6月1日（週日） 下午 3:05]   click [MaterialMore] +100 units
 119.6s [6月1日（週日） 下午 3:05]   click [MaterialMore] +100 units
 119.6s [6月1日（週日） 下午 3:05]   click [MaterialMore] +100 units
 119.6s [6月1日（週日） 下午 3:06]   click [MaterialMore] +100 units
 119.6s [6月1日（週日） 下午 3:06]   click [MaterialMore] +100 units
 119.6s [6月1日（週日） 下午 3:06]   click [MaterialMore] +100 units
 119.6s [6月1日（週日） 下午 3:06]   click [MaterialMore] +100 units
 119.6s [6月1日（週日） 下午 3:07]   click [BuyMaterials] Order Ferro materials
 119.7s [6月3日（週二） 下午 3:08]   use "Open Line Planner"
 119.7s [6月3日（週二） 下午 3:08]   click [Select_JOB-1] Schedule this order
 119.7s [6月3日（週二） 下午 3:08]   click [FactoryOvertime] ✗ 加班 · 工資 ×1.5、良率降低 2 個百分點
 119.7s [6月3日（週二） 下午 3:08]   click [More_hours] +
 119.8s [6月3日（週二） 下午 3:09]   click [More_hours] +
 119.8s [6月3日（週二） 下午 3:09]   click [More_hours] +
 120.0s [6月3日（週二） 下午 3:09]   click [More_hours] +
 120.0s [6月3日（週二） 下午 3:09]   click [More_hours] +
 120.0s [6月3日（週二） 下午 3:09]   click [More_hours] +
 120.0s [6月3日（週二） 下午 3:10]   click [More_hours] +
 120.0s [6月3日（週二） 下午 3:10]   click [More_hours] +
 120.0s [6月3日（週二） 下午 3:10]   (shot line_planner skipped: headless)
 120.0s [6月3日（週二） 下午 3:10]   click [ReserveSlot] Reserve production slot
 120.1s [6月5日（週四） 上午 1:00]   use "Open Line Planner"
 120.1s [6月5日（週四） 上午 1:00]   click [Deliver_JOB-1] Deliver and invoice
 120.1s [6月5日（週四） 上午 1:01]   ok  first factory revenue has a completed traceable order
 120.1s [6月5日（週四） 上午 1:01]   click [FactoryTab_quality] Quality results
 120.1s [6月5日（週四） 上午 1:01]   (shot factory_quality skipped: headless)
 120.1s [6月5日（週四） 上午 1:01]   ok  OEM material, overtime, invoice and return journals balanced
 120.3s [6月5日（週四） 上午 1:09]   ok  walked back outside
 120.3s [6月5日（週四） 下午 9:00]   (shot industrial_night skipped: headless)
 120.7s [6月5日（週四） 下午 9:15]   use "捷運——工業區站"
 120.8s [6月5日（週四） 下午 9:17]   (shot metro_riverside skipped: headless)
 120.8s [6月5日（週四） 下午 9:17]   click [Go_riverside] 河濱區  ·  14 分鐘
 120.8s [6月5日（週四） 下午 9:32]   ok  took the Metro to Riverside
 121.3s [6月5日（週四） 下午 9:46]   ok  entered Riverside Tower
 121.3s [6月5日（週四） 下午 9:46] STEP Save → reload → same state
 121.3s [6月5日（週四） 下午 9:47]   ok  cash restored after load
 121.3s [6月5日（週四） 下午 9:47]   ok  time restored after load
 121.3s [6月5日（週四） 下午 9:47]   ok  location restored (riverside_apartment)
 121.3s [6月5日（週四） 下午 9:47]   (shot after_load skipped: headless)
 121.3s [6月5日（週四） 下午 9:47] BOT FINISHED — 0 failure(s) · 121.3s real
 121.3s [6月5日（週四） 下午 9:47] English audit: 23 on-screen text(s) with untranslated words
