Godot Engine v4.5.1.stable.official.f62fdbde1 - https://godotengine.org
OpenGL API 3.3.0 NVIDIA 462.59 - Compatibility - Using Device: NVIDIA - Quadro RTX 4000

   1.0s [8月16日（週六） 上午 7:01] STEP Resume interrupted full walkthrough from its original chapter-seven autosave
   1.0s [8月16日（週六） 上午 7:01]   ok  Chapter 7 started after Chapter 6
   1.0s [8月16日（週六） 上午 7:01]   ok  Year 3: the Supply Shock
   2.2s [8月16日（週六） 上午 7:02]   use "Use laptop — Company OS"
   2.8s [8月16日（週六） 上午 7:03]   click [Tab_people] People
   3.8s [8月16日（週六） 上午 7:04]   click [LetGo_E1] Let go
   3.9s [8月16日（週六） 上午 7:05]   click [Tab_sales] Ecommerce
   4.6s [8月16日（週六） 上午 7:06]   click [PriceUp_wireless_earbuds] +
   4.8s [8月16日（週六） 上午 7:06]   click [PriceUp_wireless_earbuds] +
   5.0s [8月16日（週六） 上午 7:06]   click [PriceUp_wireless_earbuds] +
   5.2s [8月16日（週六） 上午 7:06]   click [PriceUp_wireless_earbuds] +
   5.4s [8月16日（週六） 上午 7:07]   click [PriceUp_wireless_earbuds] +
   5.5s [8月16日（週六） 上午 7:07]   click [PriceUp_wireless_earbuds] +
   5.7s [8月16日（週六） 上午 7:07]   click [PriceUp_wireless_earbuds] +
   5.9s [8月16日（週六） 上午 7:08]   click [PriceUp_wireless_earbuds] +
   6.1s [8月16日（週六） 上午 7:08]   click [PriceUp_wireless_earbuds] +
   6.3s [8月16日（週六） 上午 7:08]   click [PriceUp_wireless_earbuds] +
   6.5s [8月16日（週六） 上午 7:08]   click [PriceUp_wireless_earbuds] +
   6.7s [8月16日（週六） 上午 7:09]   click [PriceUp_wireless_earbuds] +
   6.8s [8月16日（週六） 上午 7:09]   click [PriceUp_wireless_earbuds] +
   7.0s [8月16日（週六） 上午 7:09]   click [PriceUp_wireless_earbuds] +
   7.2s [8月16日（週六） 上午 7:09]   click [PriceUp_wireless_earbuds] +
   7.4s [8月16日（週六） 上午 7:10]   click [PriceUp_wireless_earbuds] +
   7.6s [8月16日（週六） 上午 7:10]   click [PriceUp_wireless_earbuds] +
   7.8s [8月16日（週六） 上午 7:10]   click [PriceUp_wireless_earbuds] +
   7.9s [8月16日（週六） 上午 7:11]   click [PriceUp_wireless_earbuds] +
   8.1s [8月16日（週六） 上午 7:11]   click [PriceUp_wireless_earbuds] +
   8.3s [8月16日（週六） 上午 7:11]   click [PriceUp_wireless_earbuds] +
   8.5s [8月16日（週六） 上午 7:11]   click [PriceUp_wireless_earbuds] +
   8.7s [8月16日（週六） 上午 7:12]   click [PriceUp_wireless_earbuds] +
   8.8s [8月16日（週六） 上午 7:12]   click [PriceUp_wireless_earbuds] +
   9.0s [8月16日（週六） 上午 7:12]   click [PriceUp_wireless_earbuds] +
   9.2s [8月16日（週六） 上午 7:13]   click [PriceUp_wireless_earbuds] +
   9.4s [8月16日（週六） 上午 7:13]   click [PriceUp_wireless_earbuds] +
   9.6s [8月16日（週六） 上午 7:13]   click [PriceUp_wireless_earbuds] +
   9.8s [8月16日（週六） 上午 7:13]   click [PriceUp_wireless_earbuds] +
   9.9s [8月16日（週六） 上午 7:14]   click [PriceUp_water_bottle] +
  10.1s [8月16日（週六） 上午 7:14]   click [PriceUp_water_bottle] +
  10.3s [8月16日（週六） 上午 7:14]   click [PriceUp_water_bottle] +
  10.5s [8月16日（週六） 上午 7:15]   click [PriceUp_water_bottle] +
  10.7s [8月16日（週六） 上午 7:15]   click [PriceUp_water_bottle] +
  10.9s [8月16日（週六） 上午 7:15]   click [PriceUp_water_bottle] +
  11.1s [8月16日（週六） 上午 7:15]   click [PriceUp_water_bottle] +
  11.3s [8月16日（週六） 上午 7:16]   click [PriceUp_water_bottle] +
  11.4s [8月16日（週六） 上午 7:16]   click [PriceUp_water_bottle] +
  11.6s [8月16日（週六） 上午 7:16]   click [PriceUp_water_bottle] +
  11.8s [8月16日（週六） 上午 7:16]   click [PriceUp_water_bottle] +
  12.0s [8月16日（週六） 上午 7:17]   click [PriceUp_water_bottle] +
  12.2s [8月16日（週六） 上午 7:17]   click [PriceUp_water_bottle] +
  12.4s [8月16日（週六） 上午 7:17]   click [PriceUp_water_bottle] +
  12.6s [8月16日（週六） 上午 7:18]   click [PriceUp_desk_lamp] +
  12.7s [8月16日（週六） 上午 7:18]   click [PriceUp_desk_lamp] +
  12.9s [8月16日（週六） 上午 7:18]   click [PriceUp_desk_lamp] +
  13.1s [8月16日（週六） 上午 7:18]   click [PriceUp_desk_lamp] +
  13.3s [8月16日（週六） 上午 7:19]   click [PriceUp_desk_lamp] +
  13.5s [8月16日（週六） 上午 7:19]   click [PriceUp_desk_lamp] +
  13.7s [8月16日（週六） 上午 7:19]   click [PriceUp_desk_lamp] +
  13.8s [8月16日（週六） 上午 7:19]   click [PriceUp_desk_lamp] +
  14.0s [8月16日（週六） 上午 7:20]   click [PriceUp_desk_lamp] +
  14.2s [8月16日（週六） 上午 7:20]   click [PriceUp_desk_lamp] +
  14.4s [8月16日（週六） 上午 7:20]   click [PriceUp_desk_lamp] +
  14.6s [8月16日（週六） 上午 7:21]   click [PriceUp_desk_lamp] +
  14.8s [8月16日（週六） 上午 7:21]   click [PriceUp_desk_lamp] +
  14.9s [8月16日（週六） 上午 7:21]   click [PriceUp_desk_lamp] +
  15.1s [8月16日（週六） 上午 7:21]   click [PriceUp_desk_lamp] +
  15.3s [8月16日（週六） 上午 7:22]   click [PriceUp_desk_lamp] +
  15.5s [8月16日（週六） 上午 7:22]   click [PriceUp_desk_lamp] +
  15.7s [8月16日（週六） 上午 7:22]   click [PriceUp_desk_lamp] +
  15.9s [8月16日（週六） 上午 7:22]   click [PriceUp_desk_lamp] +
  16.1s [8月16日（週六） 上午 7:23]   click [PriceUp_desk_lamp] +
  16.3s [8月16日（週六） 上午 7:23]   click [PriceUp_desk_lamp] +
  16.5s [8月16日（週六） 上午 7:23]   click [PriceUp_desk_lamp] +
  16.6s [8月16日（週六） 上午 7:24]   click [PriceUp_desk_lamp] +
  16.8s [8月16日（週六） 上午 7:24]   click [PriceUp_desk_lamp] +
  17.0s [8月16日（週六） 上午 7:24]   click [PriceUp_desk_lamp] +
  17.2s [8月16日（週六） 上午 7:24]   click [PriceUp_desk_lamp] +
  17.4s [8月16日（週六） 上午 7:25]   click [PriceUp_phone_stand] +
  17.6s [8月16日（週六） 上午 7:25]   click [PriceUp_phone_stand] +
  17.8s [8月16日（週六） 上午 7:25]   click [PriceUp_phone_stand] +
  18.0s [8月16日（週六） 上午 7:26]   click [PriceUp_phone_stand] +
  18.1s [8月16日（週六） 上午 7:26]   click [PriceUp_phone_stand] +
  18.3s [8月16日（週六） 上午 7:26]   click [PriceUp_phone_stand] +
  18.5s [8月16日（週六） 上午 7:26]   click [PriceUp_phone_stand] +
  19.1s [8月16日（週六） 上午 7:27]   ok  stocked and repriced from actual shipping and supplier costs
  19.3s [8月16日（週六） 下午 7:00]   shot 01_decision_customer_return.png
  19.3s [8月16日（週六） 下午 7:00]   decision customer_return → replace
  19.3s [8月16日（週六） 下午 7:00]   click [Choice_replace] 寄一個新的
  20.6s [8月16日（週六） 下午 7:00]   shot 02_decision_outcome_customer_return.png
  20.6s [8月16日（週六） 下午 7:00]   click "OK"
  21.2s [8月16日（週六） 下午 7:00]   shot 03_decision_supplier_price_increase.png
  21.2s [8月16日（週六） 下午 7:00]   decision supplier_price_increase → accept
  21.2s [8月16日（週六） 下午 7:00]   click [Choice_accept] 好。繼續跟你進貨。
  22.5s [8月16日（週六） 下午 7:00]   shot 04_decision_outcome_supplier_price_increase.png
  22.5s [8月16日（週六） 下午 7:00]   click "OK"
  30.4s [8月16日（週六） 下午 7:11]   use "Sleep"
  31.0s [8月16日（週六） 下午 7:11]   click [Sleep] Sleep until 7:00 AM
  41.7s [8月17日（週日） 上午 7:14]   use "Packing table"
  42.5s [8月17日（週日） 上午 7:15]   shot 05_packing_table.png
  42.5s [8月17日（週日） 上午 7:15]   click [Pack] 打包 30 筆訂單（4 h）
  43.4s [8月17日（週日） 上午 11:16]   click [CourierEconomy] 快遞 · 經濟 3 天（$178.80）
  44.7s [8月17日（週日） 下午 7:00]   shot 06_decision_customer_return.png
  44.7s [8月17日（週日） 下午 7:00]   decision customer_return → replace
  44.7s [8月17日（週日） 下午 7:00]   click [Choice_replace] 寄一個新的
  46.1s [8月17日（週日） 下午 7:00]   shot 07_decision_outcome_customer_return.png
  46.1s [8月17日（週日） 下午 7:00]   click "OK"
  55.5s [8月17日（週日） 下午 7:14]   use "Sleep"
  56.1s [8月17日（週日） 下午 7:14]   click [Sleep] Sleep until 7:00 AM
  57.9s [8月18日（週一） 上午 7:00]   shot 08_decision_customer_return.png
  57.9s [8月18日（週一） 上午 7:00]   decision customer_return → replace
  57.9s [8月18日（週一） 上午 7:00]   click [Choice_replace] 寄一個新的
  59.3s [8月18日（週一） 上午 7:00]   shot 09_decision_outcome_customer_return.png
  59.3s [8月18日（週一） 上午 7:00]   click "OK"
  68.6s [8月18日（週一） 上午 7:13]   use "Packing table"
  69.3s [8月18日（週一） 上午 7:15]   click [Pack] 打包 8 筆訂單（1 小時 4 分）
  70.2s [8月18日（週一） 上午 8:20]   click [CourierEconomy] 快遞 · 經濟 3 天（$52.08）
  80.2s [8月18日（週一） 下午 7:13]   use "Sleep"
  80.8s [8月18日（週一） 下午 7:13]   click [Sleep] Sleep until 7:00 AM
  91.5s [8月19日（週二） 上午 7:14]   use "Packing table"
  92.2s [8月19日（週二） 上午 7:15]   click [Pack] 打包 12 筆訂單（1 小時 36 分）
  93.1s [8月19日（週二） 上午 8:52]   click [CourierEconomy] 快遞 · 經濟 3 天（$75.12）
 103.1s [8月19日（週二） 下午 7:13]   use "Sleep"
 103.7s [8月19日（週二） 下午 7:13]   click [Sleep] Sleep until 7:00 AM
 114.4s [8月20日（週三） 上午 7:14]   use "Packing table"
 115.1s [8月20日（週三） 上午 7:15]   click [Pack] 打包 11 筆訂單（1 小時 28 分）
 116.0s [8月20日（週三） 上午 8:44]   click [CourierEconomy] 快遞 · 經濟 3 天（$69.36）
 118.7s [8月20日（週三） 上午 8:48]   use "Use laptop — Company OS"
 119.4s [8月20日（週三） 上午 8:49]   click [Tab_operations] Operations
 120.1s [8月20日（週三） 上午 8:50]   click [DeliverTo_riverside_studio] 河濱大樓 7C
 120.3s [8月20日（週三） 上午 8:51]   click [Buy_tradelink_wholesale_phone_stand] 購買 $304.80
 128.6s [8月20日（週三） 下午 7:11]   use "Sleep"
 129.2s [8月20日（週三） 下午 7:11]   click [Sleep] Sleep until 7:00 AM
 131.1s [8月21日（週四） 上午 7:00]   shot 10_decision_customer_return.png
 131.1s [8月21日（週四） 上午 7:00]   decision customer_return → replace
 131.1s [8月21日（週四） 上午 7:00]   click [Choice_replace] 寄一個新的
 132.4s [8月21日（週四） 上午 7:00]   shot 11_decision_outcome_customer_return.png
 132.4s [8月21日（週四） 上午 7:00]   click "OK"
 141.8s [8月21日（週四） 上午 7:13]   use "Packing table"
 142.4s [8月21日（週四） 上午 7:15]   click [Pack] 打包 11 筆訂單（1 小時 28 分）
 143.3s [8月21日（週四） 上午 8:44]   click [CourierEconomy] 快遞 · 經濟 3 天（$69.36）
 153.4s [8月21日（週四） 下午 7:13]   use "Sleep"
 154.0s [8月21日（週四） 下午 7:13]   click [Sleep] Sleep until 7:00 AM
 154.5s [8月21日（週四） 下午 8:50]   toast: 新評價 #2281：★★★「品質普通。」
 164.7s [8月22日（週五） 上午 7:14]   use "Packing table"
 165.4s [8月22日（週五） 上午 7:15]   click [Pack] 打包 8 筆訂單（1 小時 4 分）
 166.3s [8月22日（週五） 上午 8:20]   click [CourierEconomy] 快遞 · 經濟 3 天（$52.08）
 176.3s [8月22日（週五） 下午 7:13]   use "Sleep"
 176.9s [8月22日（週五） 下午 7:13]   click [Sleep] Sleep until 7:00 AM
 178.7s [8月23日（週六） 上午 7:00]   shot 12_decision_customer_return.png
 178.8s [8月23日（週六） 上午 7:00]   decision customer_return → replace
 178.8s [8月23日（週六） 上午 7:00]   click [Choice_replace] 寄一個新的
 180.1s [8月23日（週六） 上午 7:00]   shot 13_decision_outcome_customer_return.png
 180.1s [8月23日（週六） 上午 7:00]   click "OK"
 180.6s [8月23日（週六） 上午 7:00]   shot 14_decision_customer_return.png
 180.6s [8月23日（週六） 上午 7:00]   decision customer_return → replace
 180.6s [8月23日（週六） 上午 7:00]   click [Choice_replace] 寄一個新的
 182.0s [8月23日（週六） 上午 7:00]   shot 15_decision_outcome_customer_return.png
 182.0s [8月23日（週六） 上午 7:00]   click "OK"
 191.3s [8月23日（週六） 上午 7:14]   use "Packing table"
 192.0s [8月23日（週六） 上午 7:15]   click [Pack] 打包 8 筆訂單（1 小時 4 分）
 192.9s [8月23日（週六） 上午 8:20]   click [CourierEconomy] 快遞 · 經濟 3 天（$52.08）
 195.6s [8月23日（週六） 上午 8:24]   use "Use laptop — Company OS"
 196.2s [8月23日（週六） 上午 8:25]   click [Tab_operations] Operations
 196.9s [8月23日（週六） 上午 8:26]   click [DeliverTo_riverside_studio] 河濱大樓 7C
 197.1s [8月23日（週六） 上午 8:26]   click [Buy_tradelink_wholesale_wireless_earbuds] 購買 $1,008.00
 197.3s [8月23日（週六） 上午 8:36]   click [Buy_tradelink_wholesale_wireless_earbuds] 購買 $1,008.00
 205.6s [8月23日（週六） 下午 7:12]   use "Sleep"
 206.2s [8月23日（週六） 下午 7:12]   click [Sleep] Sleep until 7:00 AM
 208.1s [8月24日（週日） 上午 7:00]   shot 16_decision_customer_return.png
 208.1s [8月24日（週日） 上午 7:00]   decision customer_return → replace
 208.1s [8月24日（週日） 上午 7:00]   click [Choice_replace] 寄一個新的
 209.4s [8月24日（週日） 上午 7:00]   shot 17_decision_outcome_customer_return.png
 209.4s [8月24日（週日） 上午 7:00]   click "OK"
 218.8s [8月24日（週日） 上午 7:13]   use "Packing table"
 219.5s [8月24日（週日） 上午 7:15]   click [Pack] 打包 5 筆訂單（40 分鐘）
 220.4s [8月24日（週日） 上午 7:56]   click [CourierEconomy] 快遞 · 經濟 3 天（$34.80）
 230.4s [8月24日（週日） 下午 7:13]   use "Sleep"
 231.0s [8月24日（週日） 下午 7:13]   click [Sleep] Sleep until 7:00 AM
 241.7s [8月25日（週一） 上午 7:14]   use "Packing table"
 242.4s [8月25日（週一） 上午 7:15]   click [Pack] 打包 15 筆訂單（2 h）
 243.3s [8月25日（週一） 上午 9:16]   click [CourierEconomy] 快遞 · 經濟 3 天（$92.40）
 244.5s [8月25日（週一） 下午 5:49]   toast: 新評價 #2330：★★★「還行。」
 244.6s [8月25日（週一） 下午 7:00]   shot 18_decision_customer_return.png
 244.6s [8月25日（週一） 下午 7:00]   decision customer_return → replace
 244.6s [8月25日（週一） 下午 7:00]   click [Choice_replace] 寄一個新的
 246.0s [8月25日（週一） 下午 7:00]   shot 19_decision_outcome_customer_return.png
 246.0s [8月25日（週一） 下午 7:00]   click "OK"
 255.3s [8月25日（週一） 下午 7:13]   use "Sleep"
 255.9s [8月25日（週一） 下午 7:14]   click [Sleep] Sleep until 7:00 AM
 266.6s [8月26日（週二） 上午 7:14]   use "Packing table"
 267.3s [8月26日（週二） 上午 7:15]   click [Pack] 打包 21 筆訂單（2 小時 48 分）
 268.2s [8月26日（週二） 上午 10:04]   click [CourierEconomy] 快遞 · 經濟 3 天（$126.96）
 278.2s [8月26日（週二） 下午 7:13]   use "Sleep"
 278.8s [8月26日（週二） 下午 7:13]   click [Sleep] Sleep until 7:00 AM
 289.5s [8月27日（週三） 上午 7:14]   use "Packing table"
 290.2s [8月27日（週三） 上午 7:15]   click [Pack] 打包 10 筆訂單（1 小時 20 分）
 291.1s [8月27日（週三） 上午 8:36]   click [CourierEconomy] 快遞 · 經濟 3 天（$63.60）
 292.5s [8月27日（週三） 下午 7:00]   shot 20_decision_customer_return.png
 292.5s [8月27日（週三） 下午 7:00]   decision customer_return → replace
 292.5s [8月27日（週三） 下午 7:00]   click [Choice_replace] 寄一個新的
 293.8s [8月27日（週三） 下午 7:00]   shot 21_decision_outcome_customer_return.png
 293.8s [8月27日（週三） 下午 7:00]   click "OK"
 303.2s [8月27日（週三） 下午 7:14]   use "Sleep"
 303.8s [8月27日（週三） 下午 7:14]   click [Sleep] Sleep until 7:00 AM
 314.5s [8月28日（週四） 上午 7:14]   use "Packing table"
 315.2s [8月28日（週四） 上午 7:15]   click [Pack] 打包 12 筆訂單（1 小時 36 分）
 316.1s [8月28日（週四） 上午 8:52]   click [CourierEconomy] 快遞 · 經濟 3 天（$75.12）
 318.8s [8月28日（週四） 上午 8:56]   use "Use laptop — Company OS"
 319.3s [8月28日（週四） 上午 8:57]   click [Tab_operations] Operations
 320.1s [8月28日（週四） 上午 8:58]   click [DeliverTo_riverside_studio] 河濱大樓 7C
 320.3s [8月28日（週四） 上午 8:58]   click [Buy_tradelink_wholesale_desk_lamp] 購買 $515.20
 320.5s [8月28日（週四） 上午 9:09]   click [Buy_tradelink_wholesale_desk_lamp] 購買 $515.20
 328.9s [8月28日（週四） 下午 7:11]   use "Sleep"
 329.5s [8月28日（週四） 下午 7:11]   click [Sleep] Sleep until 7:00 AM
 331.3s [8月29日（週五） 上午 7:00]   shot 22_decision_customer_return.png
 331.3s [8月29日（週五） 上午 7:00]   decision customer_return → replace
 331.3s [8月29日（週五） 上午 7:00]   click [Choice_replace] 寄一個新的
 332.7s [8月29日（週五） 上午 7:00]   shot 23_decision_outcome_customer_return.png
 332.7s [8月29日（週五） 上午 7:00]   click "OK"
 342.0s [8月29日（週五） 上午 7:13]   use "Packing table"
 342.7s [8月29日（週五） 上午 7:15]   click [Pack] 打包 8 筆訂單（1 小時 4 分）
 343.6s [8月29日（週五） 上午 8:20]   click [CourierEconomy] 快遞 · 經濟 3 天（$52.08）
 353.6s [8月29日（週五） 下午 7:13]   use "Sleep"
 354.2s [8月29日（週五） 下午 7:13]   click [Sleep] Sleep until 7:00 AM
 354.8s [8月29日（週五） 下午 10:47]   toast: 新評價 #2373：★★★「還行。」
 354.8s [8月30日（週六） 上午 5:14]   toast: 新評價 #2386：★★★「還行。」
 364.9s [8月30日（週六） 上午 7:14]   use "Packing table"
 365.6s [8月30日（週六） 上午 7:15]   click [Pack] 打包 12 筆訂單（1 小時 36 分）
 366.5s [8月30日（週六） 上午 8:52]   click [CourierEconomy] 快遞 · 經濟 3 天（$75.12）
 367.8s [8月30日（週六） 下午 7:00]   shot 24_decision_customer_return.png
 367.8s [8月30日（週六） 下午 7:00]   decision customer_return → replace
 367.8s [8月30日（週六） 下午 7:00]   click [Choice_replace] 寄一個新的
 369.2s [8月30日（週六） 下午 7:00]   shot 25_decision_outcome_customer_return.png
 369.2s [8月30日（週六） 下午 7:00]   click "OK"
 378.6s [8月30日（週六） 下午 7:14]   use "Sleep"
 379.2s [8月30日（週六） 下午 7:14]   click [Sleep] Sleep until 7:00 AM
 389.9s [8月31日（週日） 上午 7:14]   use "Packing table"
 390.6s [8月31日（週日） 上午 7:15]   click [Pack] 打包 10 筆訂單（1 小時 20 分）
 391.5s [8月31日（週日） 上午 8:36]   click [CourierEconomy] 快遞 · 經濟 3 天（$63.60）
 394.2s [8月31日（週日） 上午 8:40]   use "Use laptop — Company OS"
 394.9s [8月31日（週日） 上午 8:41]   click [Tab_operations] Operations
 395.6s [8月31日（週日） 上午 8:42]   click [DeliverTo_riverside_studio] 河濱大樓 7C
 395.8s [8月31日（週日） 上午 8:43]   click [Buy_tradelink_wholesale_water_bottle] 購買 $525.60
 396.0s [8月31日（週日） 上午 8:53]   click [Buy_tradelink_wholesale_water_bottle] 購買 $525.60
 396.7s [8月31日（週日） 下午 3:57]   toast: 新評價 #2393：★★★「等了好一陣子才到。」
 404.3s [8月31日（週日） 下午 7:11]   use "Sleep"
 404.9s [8月31日（週日） 下午 7:11]   click [Sleep] Sleep until 7:00 AM
 405.6s [9月1日（週一） 上午 12:54]   toast: 新評價 #2424：★★★「等了好一陣子才到。」
 408.7s [9月1日（週一） 上午 7:00]   shot 26_month_close_report.png
 408.7s [9月1日（週一） 上午 7:00]   click [month close] Continue
 409.5s [9月1日（週一） 上午 7:00]   shot 27_decision_customer_return.png
 409.5s [9月1日（週一） 上午 7:00]   decision customer_return → replace
 409.5s [9月1日（週一） 上午 7:00]   click [Choice_replace] 寄一個新的
 411.1s [9月1日（週一） 上午 7:00]   shot 28_decision_outcome_customer_return.png
 411.1s [9月1日（週一） 上午 7:00]   click "OK"
 420.5s [9月1日（週一） 上午 7:13]   use "Packing table"
 421.3s [9月1日（週一） 上午 7:15]   click [Pack] 打包 6 筆訂單（48 分鐘）
 422.1s [9月1日（週一） 上午 8:04]   click [CourierEconomy] 快遞 · 經濟 3 天（$30.96）
 423.3s [9月1日（週一） 上午 8:06]   ok  Chapter 7 complete
 423.3s [9月1日（週一） 上午 8:06]   ok  Chapter 7 passed with real profit, not two losses
 423.3s [9月1日（週一） 上午 8:06]   ch7_month_profit set from actual ledger profit $47; survived_losses=false
 423.3s [9月1日（週一） 上午 8:06]   ok  positive chapter seven monthly profit
 423.3s [9月1日（週一） 上午 8:06] STEP Chapter 8 — the Green Shift
 423.3s [9月1日（週一） 上午 8:06]   ok  Year 4: the Green Shift
 426.7s [9月1日（週一） 上午 8:10]   ok  walked back outside
 430.0s [9月1日（週一） 上午 8:15]   ok  entered Bloom Coffee
 431.8s [9月1日（週一） 上午 8:18]   use "Read the news board"
 432.5s [9月1日（週一） 上午 8:23]   shot 29_news_green_shift.png
 432.9s [9月1日（週一） 上午 8:23]   ok  read the news (green_shift)
 435.8s [9月1日（週一） 上午 8:28]   ok  walked back outside
 439.0s [9月1日（週一） 上午 8:33]   ok  entered Riverside Tower
 440.4s [9月1日（週一） 上午 8:35]   use "Use laptop — Company OS"
 441.0s [9月1日（週一） 上午 8:36]   click [Tab_operations] Operations
 441.7s [9月1日（週一） 上午 8:37]   click [Packaging_recycled] Recycled paper
 442.2s [9月1日（週一） 上午 8:38]   click [Buy_verdant_supply_solar_lamp] 購買 $504.00
 442.8s [9月1日（週一） 上午 8:49]   shot 30_operations_green.png
 443.1s [9月1日（週一） 上午 8:49]   ok  recycled packaging
 443.2s [9月1日（週一） 上午 10:32]   toast: 新評價 #2385：★★★「等了好一陣子才到。」
 443.2s [9月1日（週一） 下午 6:33]   toast: 新評價 #2406：★★★「品質普通。」
 450.7s [9月1日（週一） 下午 7:12]   use "Sleep"
 451.3s [9月1日（週一） 下午 7:12]   click [Sleep] Sleep until 7:00 AM
 451.9s [9月2日（週二） 上午 1:19]   toast: 新評價 #2407：★★★「還行。」
 462.0s [9月2日（週二） 上午 7:14]   use "Packing table"
 462.7s [9月2日（週二） 上午 7:15]   click [Pack] 打包 10 筆訂單（1 小時 20 分）
 463.6s [9月2日（週二） 上午 8:36]   click [CourierEconomy] 快遞 · 經濟 3 天（$55.40）
 473.5s [9月2日（週二） 下午 7:13]   use "Sleep"
 474.1s [9月2日（週二） 下午 7:13]   click [Sleep] Sleep until 7:00 AM
 476.0s [9月3日（週三） 上午 7:00]   shot 31_decision_customer_return.png
 476.0s [9月3日（週三） 上午 7:00]   decision customer_return → replace
 476.0s [9月3日（週三） 上午 7:00]   click [Choice_replace] 寄一個新的
 477.4s [9月3日（週三） 上午 7:00]   shot 32_decision_outcome_customer_return.png
 477.4s [9月3日（週三） 上午 7:00]   click "OK"
 486.7s [9月3日（週三） 上午 7:13]   use "Packing table"
 487.4s [9月3日（週三） 上午 7:15]   click [Pack] 打包 15 筆訂單（2 h）
 488.3s [9月3日（週三） 上午 9:16]   click [CourierEconomy] 快遞 · 經濟 3 天（$76.20）
 489.4s [9月3日（週三） 上午 9:50]   toast: 新評價 #2448：★★★「等了好一陣子才到。」
 489.5s [9月3日（週三） 下午 7:00]   shot 33_decision_customer_return.png
 489.5s [9月3日（週三） 下午 7:00]   decision customer_return → replace
 489.5s [9月3日（週三） 下午 7:00]   click [Choice_replace] 寄一個新的
 490.9s [9月3日（週三） 下午 7:00]   shot 34_decision_outcome_customer_return.png
 490.9s [9月3日（週三） 下午 7:00]   click "OK"
 491.4s [9月3日（週三） 下午 7:00]   shot 35_decision_customer_return.png
 491.4s [9月3日（週三） 下午 7:00]   decision customer_return → replace
 491.4s [9月3日（週三） 下午 7:00]   click [Choice_replace] 寄一個新的
 492.8s [9月3日（週三） 下午 7:00]   shot 36_decision_outcome_customer_return.png
 492.8s [9月3日（週三） 下午 7:00]   click "OK"
 502.1s [9月3日（週三） 下午 7:13]   use "Sleep"
 502.7s [9月3日（週三） 下午 7:14]   click [Sleep] Sleep until 7:00 AM
 513.4s [9月4日（週四） 上午 7:14]   use "Packing table"
 514.1s [9月4日（週四） 上午 7:15]   click [Pack] 打包 10 筆訂單（1 小時 20 分）
 515.0s [9月4日（週四） 上午 8:36]   click [CourierEconomy] 快遞 · 經濟 3 天（$50.20）
 525.0s [9月4日（週四） 下午 7:13]   use "Sleep"
 525.6s [9月4日（週四） 下午 7:13]   click [Sleep] Sleep until 7:00 AM
 526.2s [9月5日（週五） 上午 6:39]   toast: 新評價 #2461：★★★「還行。」
 536.3s [9月5日（週五） 上午 7:14]   use "Packing table"
 537.0s [9月5日（週五） 上午 7:15]   click [Pack] 打包 15 筆訂單（2 h）
 537.9s [9月5日（週五） 上午 9:16]   click [CourierEconomy] 快遞 · 經濟 3 天（$73.60）
 539.0s [9月5日（週五） 上午 9:18]   ok  solar desk lamps arrived before listing
 540.6s [9月5日（週五） 上午 9:20]   use "Use laptop — Company OS"
 541.3s [9月5日（週五） 上午 9:21]   click [Tab_sales] Ecommerce
 542.0s [9月5日（週五） 上午 9:22]   click [ListSelf_solar_lamp] Shoot photos myself & list (1 h 20 min)
 543.2s [9月5日（週五） 上午 10:44]   ok  solar desk lamps listed
 543.2s [9月5日（週五） 上午 10:44] STEP Chapter 8 — the Green Business Grant at City Hall
 545.9s [9月5日（週五） 上午 10:49]   ok  walked back outside
 559.8s [9月5日（週五） 上午 11:10]   use "捷運——河濱區站"
 560.8s [9月5日（週五） 上午 11:11]   shot 37_metro_civic_center.png
 560.8s [9月5日（週五） 上午 11:11]   click [Go_civic_center] 市政中心  ·  12 分鐘
 561.8s [9月5日（週五） 上午 11:25]   ok  took the Metro to Civic Center
 569.1s [9月5日（週五） 上午 11:36]   ok  entered Aurelia City Hall
 569.2s [9月5日（週五） 上午 11:36]   shot 38_decision_customer_return.png
 569.2s [9月5日（週五） 上午 11:36]   decision customer_return → replace
 569.2s [9月5日（週五） 上午 11:36]   click [Choice_replace] 寄一個新的
 570.6s [9月5日（週五） 上午 11:36]   shot 39_decision_outcome_customer_return.png
 570.6s [9月5日（週五） 上午 11:36]   click "OK"
 572.9s [9月5日（週五） 上午 11:39]   use "Permits & regulations"
 573.7s [9月5日（週五） 上午 11:40]   shot 40_green_grant.png
 573.7s [9月5日（週五） 上午 11:40]   click [ApplyGreenGrant] Apply
 574.6s [9月5日（週五） 下午 12:11]   ok  green grant approved
 575.7s [9月5日（週五） 下午 12:13]   ok  Chapter 8 complete
 575.7s [9月5日（週五） 下午 12:13] STEP Chapter 9 — the Clearing Crisis: an import stuck on the wire
 575.7s [9月5日（週五） 下午 12:13]   ok  Year 5: the Clearing Crisis
 578.7s [9月5日（週五） 下午 12:19]   ok  walked back outside
 584.3s [9月5日（週五） 下午 12:27]   use "捷運——市政中心站"
 585.2s [9月5日（週五） 下午 12:28]   shot 41_metro_riverside.png
 585.2s [9月5日（週五） 下午 12:28]   click [Go_riverside] 河濱區  ·  12 分鐘
 586.2s [9月5日（週五） 下午 12:42]   ok  took the Metro to Riverside
 593.7s [9月5日（週五） 下午 12:53]   ok  entered Bloom Coffee
 595.4s [9月5日（週五） 下午 12:56]   use "Read the news board"
 596.2s [9月5日（週五） 下午 1:01]   shot 42_news_clearing_crisis.png
 596.5s [9月5日（週五） 下午 1:01]   ok  read the news (clearing_crisis)
 599.4s [9月5日（週五） 下午 1:06]   ok  walked back outside
 602.6s [9月5日（週五） 下午 1:11]   ok  entered Riverside Tower
 604.0s [9月5日（週五） 下午 1:13]   use "Use laptop — Company OS"
 604.6s [9月5日（週五） 下午 1:14]   click [Tab_operations] Operations
 605.3s [9月5日（週五） 下午 1:15]   click [Buy_lumina_direct_phone_stand] 購買 $884.00
 606.1s [9月5日（週五） 下午 1:16]   shot 43_settlement_choice.png
 606.1s [9月5日（週五） 下午 1:16]   click [Settle_international_wire] Pay this way
 607.1s [9月5日（週五） 下午 1:18]   ok  import ordered, paid by wire
 607.1s [9月5日（週五） 下午 1:18] STEP Chapter 9 — Lina Zhao at Nexus Bank
 609.7s [9月5日（週五） 下午 1:23]   ok  walked back outside
 623.6s [9月5日（週五） 下午 1:44]   use "捷運——河濱區站"
 624.6s [9月5日（週五） 下午 1:45]   shot 44_metro_financial.png
 624.6s [9月5日（週五） 下午 1:45]   click [Go_financial] 金融區  ·  10 分鐘
 625.7s [9月5日（週五） 下午 1:57]   ok  took the Metro to Financial District
 633.2s [9月5日（週五） 下午 2:08]   ok  entered Nexus Bank
 640.5s [9月5日（週五） 下午 2:19]   use "和 Lina Zhao 說話"
 641.4s [9月5日（週五） 下午 2:19]   shot 45_lina_intro.png
 647.2s [9月5日（週五） 下午 2:19]   choose "› 幫我開一個數位美元帳戶。"
 649.3s [9月5日（週五） 下午 2:19]   ok  met Lina Zhao
 651.6s [9月5日（週五） 下午 2:23]   ok  walked back outside
 657.7s [9月5日（週五） 下午 2:32]   use "捷運——金融區站"
 658.7s [9月5日（週五） 下午 2:34]   shot 46_metro_riverside.png
 658.7s [9月5日（週五） 下午 2:34]   click [Go_riverside] 河濱區  ·  10 分鐘
 659.7s [9月5日（週五） 下午 2:45]   ok  took the Metro to Riverside
 668.9s [9月5日（週五） 下午 2:59]   ok  entered Riverside Tower
 670.3s [9月5日（週五） 下午 3:01]   use "Use laptop — Company OS"
 670.9s [9月5日（週五） 下午 3:02]   click [Tab_operations] Operations
 671.5s [9月5日（週五） 下午 3:03]   click [SpeedUp_PO-144] Speed up
 672.2s [9月5日（週五） 下午 3:04]   shot 47_settlement_speed_up.png
 672.2s [9月5日（週五） 下午 3:04]   click [Settle_letter_of_credit] Switch
 681.1s [9月5日（週五） 下午 7:11]   use "Sleep"
 681.7s [9月5日（週五） 下午 7:11]   click [Sleep] Sleep until 7:00 AM
 692.4s [9月6日（週六） 上午 7:14]   use "Packing table"
 693.1s [9月6日（週六） 上午 7:15]   click [Pack] 打包 13 筆訂單（1 小時 44 分）
 694.0s [9月6日（週六） 上午 9:00]   click [CourierEconomy] 快遞 · 經濟 3 天（$63.12）
 695.2s [9月6日（週六） 下午 7:00]   shot 48_decision_supplier_price_increase.png
 695.2s [9月6日（週六） 下午 7:00]   decision supplier_price_increase → accept
 695.2s [9月6日（週六） 下午 7:00]   click [Choice_accept] 好。繼續跟你進貨。
 696.6s [9月6日（週六） 下午 7:00]   shot 49_decision_outcome_supplier_price_increase.png
 696.6s [9月6日（週六） 下午 7:00]   click "OK"
 706.0s [9月6日（週六） 下午 7:13]   use "Sleep"
 706.6s [9月6日（週六） 下午 7:14]   click [Sleep] Sleep until 7:00 AM
 708.4s [9月7日（週日） 上午 7:00]   shot 50_decision_customer_return.png
 708.4s [9月7日（週日） 上午 7:00]   decision customer_return → replace
 708.4s [9月7日（週日） 上午 7:00]   click [Choice_replace] 寄一個新的
 709.8s [9月7日（週日） 上午 7:00]   shot 51_decision_outcome_customer_return.png
 709.8s [9月7日（週日） 上午 7:00]   click "OK"
 710.3s [9月7日（週日） 上午 7:00]   shot 52_decision_customer_return.png
 710.3s [9月7日（週日） 上午 7:00]   decision customer_return → replace
 710.3s [9月7日（週日） 上午 7:00]   click [Choice_replace] 寄一個新的
 711.7s [9月7日（週日） 上午 7:00]   shot 53_decision_outcome_customer_return.png
 711.7s [9月7日（週日） 上午 7:00]   click "OK"
 712.2s [9月7日（週日） 上午 7:00]   shot 54_decision_customer_return.png
 712.2s [9月7日（週日） 上午 7:00]   decision customer_return → replace
 712.2s [9月7日（週日） 上午 7:00]   click [Choice_replace] 寄一個新的
 713.5s [9月7日（週日） 上午 7:00]   shot 55_decision_outcome_customer_return.png
 713.5s [9月7日（週日） 上午 7:00]   click "OK"
 722.9s [9月7日（週日） 上午 7:13]   use "Packing table"
 723.6s [9月7日（週日） 上午 7:15]   click [Pack] 打包 9 筆訂單（1 小時 12 分）
 724.5s [9月7日（週日） 上午 8:28]   click [CourierEconomy] 快遞 · 經濟 3 天（$45.36）
 734.5s [9月7日（週日） 下午 7:13]   use "Sleep"
 735.1s [9月7日（週日） 下午 7:13]   click [Sleep] Sleep until 7:00 AM
 736.9s [9月8日（週一） 上午 7:00]   shot 56_decision_customer_return.png
 736.9s [9月8日（週一） 上午 7:00]   decision customer_return → replace
 736.9s [9月8日（週一） 上午 7:00]   click [Choice_replace] 寄一個新的
 738.3s [9月8日（週一） 上午 7:00]   shot 57_decision_outcome_customer_return.png
 738.3s [9月8日（週一） 上午 7:00]   click "OK"
 747.7s [9月8日（週一） 上午 7:13]   use "Packing table"
 748.4s [9月8日（週一） 上午 7:15]   click [Pack] 打包 16 筆訂單（2 小時 8 分）
 749.3s [9月8日（週一） 上午 9:24]   click [CourierEconomy] 快遞 · 經濟 3 天（$84.24）
 750.5s [9月8日（週一） 下午 3:02]   toast: 新評價 #2491：★★★「品質普通。」
 759.2s [9月8日（週一） 下午 7:13]   use "Sleep"
 759.8s [9月8日（週一） 下午 7:13]   click [Sleep] Sleep until 7:00 AM
 761.7s [9月9日（週二） 上午 7:00]   shot 58_decision_customer_return.png
 761.7s [9月9日（週二） 上午 7:00]   decision customer_return → replace
 761.7s [9月9日（週二） 上午 7:00]   click [Choice_replace] 寄一個新的
 763.1s [9月9日（週二） 上午 7:00]   shot 59_decision_outcome_customer_return.png
 763.1s [9月9日（週二） 上午 7:00]   click "OK"
 772.4s [9月9日（週二） 上午 7:13]   use "Packing table"
 773.1s [9月9日（週二） 上午 7:15]   click [Pack] 打包 14 筆訂單（1 小時 52 分）
 774.0s [9月9日（週二） 上午 9:08]   click [CourierEconomy] 快遞 · 經濟 3 天（$64.56）
 784.0s [9月9日（週二） 下午 7:13]   use "Sleep"
 784.6s [9月9日（週二） 下午 7:13]   click [Sleep] Sleep until 7:00 AM
 786.4s [9月10日（週三） 上午 7:00]   shot 60_decision_customer_return.png
 786.4s [9月10日（週三） 上午 7:00]   decision customer_return → replace
 786.4s [9月10日（週三） 上午 7:00]   click [Choice_replace] 寄一個新的
 787.8s [9月10日（週三） 上午 7:00]   shot 61_decision_outcome_customer_return.png
 787.8s [9月10日（週三） 上午 7:00]   click "OK"
 797.1s [9月10日（週三） 上午 7:14]   use "Packing table"
 797.8s [9月10日（週三） 上午 7:15]   click [Pack] 打包 17 筆訂單（2 小時 16 分）
 798.7s [9月10日（週三） 上午 9:32]   click [CourierEconomy] 快遞 · 經濟 3 天（$78.48）
 808.7s [9月10日（週三） 下午 7:13]   use "Sleep"
 809.3s [9月10日（週三） 下午 7:13]   click [Sleep] Sleep until 7:00 AM
 820.0s [9月11日（週四） 上午 7:14]   use "Packing table"
 820.7s [9月11日（週四） 上午 7:15]   click [Pack] 打包 18 筆訂單（2 小時 24 分）
 821.6s [9月11日（週四） 上午 9:40]   click [CourierEconomy] 快遞 · 經濟 3 天（$89.52）
 822.8s [9月11日（週四） 下午 7:00]   shot 62_decision_customer_return.png
 822.8s [9月11日（週四） 下午 7:00]   decision customer_return → replace
 822.8s [9月11日（週四） 下午 7:00]   click [Choice_replace] 寄一個新的
 824.2s [9月11日（週四） 下午 7:00]   shot 63_decision_outcome_customer_return.png
 824.2s [9月11日（週四） 下午 7:00]   click "OK"
 833.6s [9月11日（週四） 下午 7:14]   use "Sleep"
 834.2s [9月11日（週四） 下午 7:14]   click [Sleep] Sleep until 7:00 AM
 836.0s [9月12日（週五） 上午 7:00]   shot 64_decision_customer_return.png
 836.0s [9月12日（週五） 上午 7:00]   decision customer_return → replace
 836.0s [9月12日（週五） 上午 7:00]   click [Choice_replace] 寄一個新的
 837.4s [9月12日（週五） 上午 7:00]   shot 65_decision_outcome_customer_return.png
 837.4s [9月12日（週五） 上午 7:00]   click "OK"
 846.8s [9月12日（週五） 上午 7:14]   use "Packing table"
 847.4s [9月12日（週五） 上午 7:15]   click [Pack] 打包 16 筆訂單（2 小時 8 分）
 847.5s [9月12日（週五） 上午 7:32]   toast: 新評價 #2529：★★★「品質普通。」
 848.3s [9月12日（週五） 上午 9:24]   click [CourierEconomy] 快遞 · 經濟 3 天（$74.64）
 858.3s [9月12日（週五） 下午 7:13]   use "Sleep"
 858.9s [9月12日（週五） 下午 7:13]   click [Sleep] Sleep until 7:00 AM
 869.6s [9月13日（週六） 上午 7:14]   use "Packing table"
 870.3s [9月13日（週六） 上午 7:15]   click [Pack] 打包 16 筆訂單（2 小時 8 分）
 871.2s [9月13日（週六） 上午 9:24]   click [CourierEconomy] 快遞 · 經濟 3 天（$67.44）
 872.4s [9月13日（週六） 上午 10:45]   toast: 新評價 #2574：★★★「還行。」
 872.4s [9月13日（週六） 下午 6:43]   toast: 新評價 #2598：★★★「等了好一陣子才到。」
 872.5s [9月13日（週六） 下午 7:00]   shot 66_decision_customer_return.png
 872.5s [9月13日（週六） 下午 7:00]   decision customer_return → replace
 872.5s [9月13日（週六） 下午 7:00]   click [Choice_replace] 寄一個新的
 873.9s [9月13日（週六） 下午 7:00]   shot 67_decision_outcome_customer_return.png
 873.9s [9月13日（週六） 下午 7:00]   click "OK"
 883.2s [9月13日（週六） 下午 7:14]   use "Sleep"
 883.8s [9月13日（週六） 下午 7:14]   click [Sleep] Sleep until 7:00 AM
 894.5s [9月14日（週日） 上午 7:14]   use "Packing table"
 895.2s [9月14日（週日） 上午 7:15]   click [Pack] 打包 15 筆訂單（2 h）
 896.1s [9月14日（週日） 上午 9:16]   click [CourierEconomy] 快遞 · 經濟 3 天（$75.60）
 897.3s [9月14日（週日） 下午 12:00]   toast: 新評價 #2579：★★★「等了好一陣子才到。」
 906.1s [9月14日（週日） 下午 7:13]   use "Sleep"
 906.7s [9月14日（週日） 下午 7:13]   click [Sleep] Sleep until 7:00 AM
 907.3s [9月15日（週一） 上午 1:10]   toast: 新評價 #2635：★★★「還行。」
 908.6s [9月15日（週一） 上午 7:00]   shot 68_decision_customer_return.png
 908.6s [9月15日（週一） 上午 7:00]   decision customer_return → replace
 908.6s [9月15日（週一） 上午 7:00]   click [Choice_replace] 寄一個新的
 909.9s [9月15日（週一） 上午 7:00]   shot 69_decision_outcome_customer_return.png
 909.9s [9月15日（週一） 上午 7:00]   click "OK"
 910.4s [9月15日（週一） 上午 7:00]   shot 70_decision_customer_return.png
 910.4s [9月15日（週一） 上午 7:00]   decision customer_return → replace
 910.4s [9月15日（週一） 上午 7:00]   click [Choice_replace] 寄一個新的
 911.8s [9月15日（週一） 上午 7:00]   shot 71_decision_outcome_customer_return.png
 911.8s [9月15日（週一） 上午 7:00]   click "OK"
 921.1s [9月15日（週一） 上午 7:14]   use "Packing table"
 921.8s [9月15日（週一） 上午 7:15]   click [Pack] 打包 13 筆訂單（1 小時 44 分）
 922.7s [9月15日（週一） 上午 9:00]   click [CourierEconomy] 快遞 · 經濟 3 天（$63.12）
 924.0s [9月15日（週一） 下午 7:00]   shot 72_decision_customer_return.png
 924.0s [9月15日（週一） 下午 7:00]   decision customer_return → replace
 924.0s [9月15日（週一） 下午 7:00]   click [Choice_replace] 寄一個新的
 925.3s [9月15日（週一） 下午 7:00]   shot 73_decision_outcome_customer_return.png
 925.3s [9月15日（週一） 下午 7:00]   click "OK"
 934.7s [9月15日（週一） 下午 7:13]   use "Sleep"
 935.3s [9月15日（週一） 下午 7:14]   click [Sleep] Sleep until 7:00 AM
 935.9s [9月15日（週一） 下午 9:14]   toast: 新評價 #2634：★★★「品質普通。」
 937.1s [9月16日（週二） 上午 7:00]   shot 74_decision_customer_return.png
 937.1s [9月16日（週二） 上午 7:00]   decision customer_return → replace
 937.1s [9月16日（週二） 上午 7:00]   click [Choice_replace] 寄一個新的
 938.5s [9月16日（週二） 上午 7:00]   shot 75_decision_outcome_customer_return.png
 938.5s [9月16日（週二） 上午 7:00]   click "OK"
 939.0s [9月16日（週二） 上午 7:00]   shot 76_decision_customer_return.png
 939.0s [9月16日（週二） 上午 7:00]   decision customer_return → replace
 939.0s [9月16日（週二） 上午 7:00]   click [Choice_replace] 寄一個新的
 940.3s [9月16日（週二） 上午 7:00]   shot 77_decision_outcome_customer_return.png
 940.3s [9月16日（週二） 上午 7:00]   click "OK"
 949.7s [9月16日（週二） 上午 7:14]   use "Packing table"
 950.4s [9月16日（週二） 上午 7:15]   click [Pack] 打包 8 筆訂單（1 小時 4 分）
 951.3s [9月16日（週二） 上午 8:20]   click [CourierEconomy] 快遞 · 經濟 3 天（$36.72）
 961.2s [9月16日（週二） 下午 7:13]   use "Sleep"
 961.8s [9月16日（週二） 下午 7:13]   click [Sleep] Sleep until 7:00 AM
 962.4s [9月17日（週三） 上午 4:34]   toast: 新評價 #2662：★★★「等了好一陣子才到。」
 963.7s [9月17日（週三） 上午 7:00]   shot 78_decision_customer_return.png
 963.7s [9月17日（週三） 上午 7:00]   decision customer_return → replace
 963.7s [9月17日（週三） 上午 7:00]   click [Choice_replace] 寄一個新的
 965.1s [9月17日（週三） 上午 7:00]   shot 79_decision_outcome_customer_return.png
 965.1s [9月17日（週三） 上午 7:00]   click "OK"
 974.4s [9月17日（週三） 上午 7:14]   use "Packing table"
 975.1s [9月17日（週三） 上午 7:15]   click [Pack] 打包 17 筆訂單（2 小時 16 分）
 976.0s [9月17日（週三） 上午 9:32]   click [CourierEconomy] 快遞 · 經濟 3 天（$76.08）
 985.9s [9月17日（週三） 下午 7:13]   use "Sleep"
 986.5s [9月17日（週三） 下午 7:13]   click [Sleep] Sleep until 7:00 AM
 988.4s [9月18日（週四） 上午 7:00]   shot 80_decision_customer_return.png
 988.4s [9月18日（週四） 上午 7:00]   decision customer_return → replace
 988.4s [9月18日（週四） 上午 7:00]   click [Choice_replace] 寄一個新的
 989.8s [9月18日（週四） 上午 7:00]   shot 81_decision_outcome_customer_return.png
 989.8s [9月18日（週四） 上午 7:00]   click "OK"
 990.3s [9月18日（週四） 上午 7:00]   shot 82_decision_customer_return.png
 990.3s [9月18日（週四） 上午 7:00]   decision customer_return → replace
 990.3s [9月18日（週四） 上午 7:00]   click [Choice_replace] 寄一個新的
 991.6s [9月18日（週四） 上午 7:00]   shot 83_decision_outcome_customer_return.png
 991.6s [9月18日（週四） 上午 7:00]   click "OK"
1001.0s [9月18日（週四） 上午 7:14]   use "Packing table"
1001.6s [9月18日（週四） 上午 7:15]   click [Pack] 打包 16 筆訂單（2 小時 8 分）
1002.5s [9月18日（週四） 上午 9:24]   click [CourierEconomy] 快遞 · 經濟 3 天（$69.84）
1012.5s [9月18日（週四） 下午 7:13]   use "Sleep"
1013.1s [9月18日（週四） 下午 7:13]   click [Sleep] Sleep until 7:00 AM
1023.8s [9月19日（週五） 上午 7:14]   use "Packing table"
1024.5s [9月19日（週五） 上午 7:15]   click [Pack] 打包 5 筆訂單（40 分鐘）
1025.4s [9月19日（週五） 上午 7:56]   click [CourierEconomy] 快遞 · 經濟 3 天（$25.20）
1035.4s [9月19日（週五） 下午 7:13]   use "Sleep"
1036.0s [9月19日（週五） 下午 7:13]   click [Sleep] Sleep until 7:00 AM
1037.9s [9月20日（週六） 上午 7:00]   shot 84_decision_customer_return.png
1037.9s [9月20日（週六） 上午 7:00]   decision customer_return → replace
1037.9s [9月20日（週六） 上午 7:00]   click [Choice_replace] 寄一個新的
1039.2s [9月20日（週六） 上午 7:00]   shot 85_decision_outcome_customer_return.png
1039.2s [9月20日（週六） 上午 7:00]   click "OK"
1048.6s [9月20日（週六） 上午 7:13]   use "Packing table"
1049.2s [9月20日（週六） 上午 7:15]   click [Pack] 打包 11 筆訂單（1 小時 28 分）
1050.1s [9月20日（週六） 上午 8:44]   click [CourierEconomy] 快遞 · 經濟 3 天（$48.24）
1060.1s [9月20日（週六） 下午 7:13]   use "Sleep"
1060.7s [9月20日（週六） 下午 7:13]   click [Sleep] Sleep until 7:00 AM
1071.4s [9月21日（週日） 上午 7:14]   use "Packing table"
1072.1s [9月21日（週日） 上午 7:15]   click [Pack] 打包 5 筆訂單（40 分鐘）
1073.0s [9月21日（週日） 上午 7:56]   click [CourierEconomy] 快遞 · 經濟 3 天（$30.00）
1074.2s [9月21日（週日） 下午 12:16]   toast: 新評價 #2718：★★★「品質普通。」
1074.3s [9月21日（週日） 下午 7:00]   shot 86_decision_customer_return.png
1074.3s [9月21日（週日） 下午 7:00]   decision customer_return → replace
1074.3s [9月21日（週日） 下午 7:00]   click [Choice_replace] 寄一個新的
1075.6s [9月21日（週日） 下午 7:00]   shot 87_decision_outcome_customer_return.png
1075.6s [9月21日（週日） 下午 7:00]   click "OK"
1085.0s [9月21日（週日） 下午 7:13]   use "Sleep"
1085.6s [9月21日（週日） 下午 7:14]   click [Sleep] Sleep until 7:00 AM
1096.3s [9月22日（週一） 上午 7:14]   use "Packing table"
1097.0s [9月22日（週一） 上午 7:15]   click [Pack] 打包 13 筆訂單（1 小時 44 分）
1097.9s [9月22日（週一） 上午 9:00]   click [CourierEconomy] 快遞 · 經濟 3 天（$55.92）
1107.8s [9月22日（週一） 下午 7:13]   use "Sleep"
1108.4s [9月22日（週一） 下午 7:13]   click [Sleep] Sleep until 7:00 AM
1119.2s [9月23日（週二） 上午 7:14]   use "Packing table"
1119.9s [9月23日（週二） 上午 7:15]   click [Pack] 打包 8 筆訂單（1 小時 4 分）
1120.8s [9月23日（週二） 上午 8:20]   click [CourierEconomy] 快遞 · 經濟 3 天（$34.16）
1121.9s [9月23日（週二） 上午 8:22]   ok  Chapter 9 complete: the import got through
1121.9s [9月23日（週二） 上午 8:22]   ok  ledger balanced after chapters 7–9
1121.9s [9月23日（週二） 上午 8:22] STEP Old Town — lease the corner café from Mr. Okafor
1122.0s [9月23日（週二） 上午 8:22]   (harness) wait 2 h
1125.1s [9月23日（週二） 上午 10:28]   ok  walked back outside
1139.0s [9月23日（週二） 上午 10:49]   use "捷運——河濱區站"
1140.0s [9月23日（週二） 上午 10:50]   shot 88_metro_old_town.png
1140.0s [9月23日（週二） 上午 10:50]   click [Go_old_town] 舊城區  ·  16 分鐘
1141.0s [9月23日（週二） 上午 11:07]   ok  took the Metro to Old Town
1141.1s [9月23日（週二） 上午 11:07]   shot 89_old_town.png
1152.0s [9月23日（週二） 上午 11:24]   ok  entered Okafor Lettings
1152.5s [9月23日（週二） 上午 11:25]   use "和 Okafor 先生 說話"
1155.6s [9月23日（週二） 上午 11:25]   choose "› 這裡以前是什麼店？"
1160.6s [9月23日（週二） 上午 11:26]   shot 90_cafe_lease.png
1160.6s [9月23日（週二） 上午 11:26]   click [SignLease_corner_cafe] Sign the lease
1161.4s [9月23日（週二） 上午 11:27]   ok  leased the corner café unit
1163.2s [9月23日（週二） 上午 11:31]   ok  walked back outside
1163.4s [9月23日（週二） 上午 11:31]   shot 91_old_town_storefronts.png
WARNING: Art: missing texture res://assets/ui/icons/.png
   at: push_warning (core/variant/variant_utility.cpp:1034)
   GDScript backtrace (most recent call first):
       [0] tex (res://autoload/art.gd:65)
       [1] icon (res://autoload/art.gd:96)
       [2] _draw (res://scripts/world/interactable.gd:81)
1168.3s [9月23日（週二） 上午 11:39]   ok  entered Corner Café Unit
1169.1s [9月23日（週二） 上午 11:40]   use "Check the till — Company OS"
1169.7s [9月23日（週二） 上午 11:41]   click [CafeFitOut] 裝修（$5,800）
1170.1s [9月23日（週二） 上午 11:41]   click [CafeSupplies_large] 400 杯份 · $330.00
1170.6s [9月23日（週二） 上午 11:42]   shot 92_cafe_setup.png
1170.9s [9月23日（週二） 上午 11:43]   ok  fit-out under way
1170.9s [9月23日（週二） 上午 11:43]   ok  coffee supplies ordered
1170.9s [9月23日（週二） 上午 11:43] STEP Old Town — the food licence at City Hall (walking via Shopping Street)
1172.9s [9月23日（週二） 上午 11:47]   ok  walked back outside
1180.0s [9月23日（週二） 下午 12:07]   ok  walked to Shopping Street
1182.9s [9月23日（週二） 下午 12:28]   ok  walked to Harbor
1201.5s [9月23日（週二） 下午 1:03]   ok  walked to Riverside
1222.5s [9月23日（週二） 下午 1:45]   ok  walked to Civic Center
1233.8s [9月23日（週二） 下午 2:02]   ok  entered Aurelia City Hall
1235.6s [9月23日（週二） 下午 2:05]   use "Permits & regulations"
1236.2s [9月23日（週二） 下午 2:06]   click [ApplyFoodLicence] Apply
1236.8s [9月23日（週二） 下午 2:26]   shot 93_food_licence.png
1237.2s [9月23日（週二） 下午 2:27]   ok  food licence applied for
1240.2s [9月23日（週二） 下午 2:33]   ok  walked back outside
1245.8s [9月23日（週二） 下午 2:41]   use "捷運——市政中心站"
1246.7s [9月23日（週二） 下午 2:42]   shot 94_metro_riverside.png
1246.7s [9月23日（週二） 下午 2:42]   click [Go_riverside] 河濱區  ·  12 分鐘
1247.8s [9月23日（週二） 下午 2:56]   ok  took the Metro to Riverside
1256.9s [9月23日（週二） 下午 3:10]   ok  entered Riverside Tower
1256.9s [9月23日（週二） 下午 3:10]   (harness) wait 2 h
1257.6s [9月23日（週二） 下午 5:11]   (harness) wait 2 h
1260.2s [9月23日（週二） 下午 7:15]   use "Sleep"
1260.8s [9月23日（週二） 下午 7:15]   click [Sleep] Sleep until 7:00 AM
1261.5s [9月24日（週三） 上午 2:51]   toast: 新評價 #2732：★★★「等了好一陣子才到。」
1262.7s [9月24日（週三） 上午 7:00]   shot 95_decision_customer_return.png
1262.7s [9月24日（週三） 上午 7:00]   decision customer_return → replace
1262.7s [9月24日（週三） 上午 7:00]   click [Choice_replace] 寄一個新的
1264.1s [9月24日（週三） 上午 7:00]   shot 96_decision_outcome_customer_return.png
1264.1s [9月24日（週三） 上午 7:00]   click "OK"
1264.6s [9月24日（週三） 上午 7:00]   shot 97_decision_customer_return.png
1264.6s [9月24日（週三） 上午 7:00]   decision customer_return → replace
1264.6s [9月24日（週三） 上午 7:00]   click [Choice_replace] 寄一個新的
1265.9s [9月24日（週三） 上午 7:00]   shot 98_decision_outcome_customer_return.png
1265.9s [9月24日（週三） 上午 7:00]   click "OK"
1275.3s [9月24日（週三） 上午 7:14]   use "Packing table"
1276.0s [9月24日（週三） 上午 7:15]   click [Pack] 打包 1 筆訂單（8 分鐘）
1276.9s [9月24日（週三） 上午 7:24]   click [CourierEconomy] 快遞 · 經濟 3 天（$9.52）
1278.0s [9月24日（週三） 上午 7:26]   (harness) wait 2 h
1278.7s [9月24日（週三） 上午 9:27]   (harness) wait 2 h
1278.7s [9月24日（週三） 上午 10:14]   toast: 新評價 #2754：★★★「品質普通。」
1279.4s [9月24日（週三） 上午 11:28]   (harness) wait 2 h
1280.0s [9月24日（週三） 下午 1:28]   shot 99_decision_customer_return.png
1280.0s [9月24日（週三） 下午 1:28]   decision customer_return → replace
1280.0s [9月24日（週三） 下午 1:28]   click [Choice_replace] 寄一個新的
1281.4s [9月24日（週三） 下午 1:28]   shot 100_decision_outcome_customer_return.png
1281.4s [9月24日（週三） 下午 1:28]   click "OK"
1282.1s [9月24日（週三） 下午 1:28]   use "Packing table"
1282.8s [9月24日（週三） 下午 1:30]   click [Pack] 打包 1 筆訂單（8 分鐘）
1283.7s [9月24日（週三） 下午 1:39]   click [CourierEconomy] 快遞 · 經濟 3 天（$9.52）
1284.8s [9月24日（週三） 下午 1:41]   (harness) wait 2 h
1285.6s [9月24日（週三） 下午 3:42]   use "Packing table"
1286.3s [9月24日（週三） 下午 3:43]   click [Pack] 打包 1 筆訂單（8 分鐘）
1287.2s [9月24日（週三） 下午 3:52]   click [CourierEconomy] 快遞 · 經濟 3 天（$11.72）
1288.3s [9月24日（週三） 下午 3:54]   (harness) wait 2 h
1289.0s [9月24日（週三） 下午 5:55]   (harness) wait 2 h
1292.3s [9月24日（週三） 下午 8:00]   use "Sleep"
1292.9s [9月24日（週三） 下午 8:00]   click [Sleep] Sleep until 7:00 AM
1293.5s [9月25日（週四） 上午 1:10]   toast: 新評價 #2756：★★★「品質普通。」
1303.7s [9月25日（週四） 上午 7:14]   use "Packing table"
1304.4s [9月25日（週四） 上午 7:15]   click [Pack] 打包 3 筆訂單（24 分鐘）
1305.3s [9月25日（週四） 上午 7:40]   click [CourierEconomy] 快遞 · 經濟 3 天（$18.76）
1306.4s [9月25日（週四） 上午 7:42]   (harness) wait 2 h
1307.1s [9月25日（週四） 上午 9:43]   (harness) wait 2 h
1307.8s [9月25日（週四） 上午 11:44]   (harness) wait 2 h
1314.9s [9月25日（週四） 下午 1:55]   use "Packing table"
1315.6s [9月25日（週四） 下午 1:56]   click [Pack] 打包 1 筆訂單（8 分鐘）
1316.5s [9月25日（週四） 下午 2:05]   click [CourierEconomy] 快遞 · 經濟 3 天（$9.52）
1317.7s [9月25日（週四） 下午 2:07]   ok  fitted out and licensed
1317.7s [9月25日（週四） 下午 2:07] STEP Old Town — opening day behind your own counter
1320.1s [9月25日（週四） 下午 2:11]   ok  walked back outside
1334.1s [9月25日（週四） 下午 2:32]   use "捷運——河濱區站"
1335.0s [9月25日（週四） 下午 2:34]   shot 101_metro_old_town.png
1335.0s [9月25日（週四） 下午 2:34]   click [Go_old_town] 舊城區  ·  16 分鐘
1336.0s [9月25日（週四） 下午 2:51]   ok  took the Metro to Old Town
1343.5s [9月25日（週四） 下午 3:03]   ok  entered Corner Café Unit
1343.6s [9月25日（週四） 下午 3:03]   shot 102_cafe_open.png
1344.6s [9月25日（週四） 下午 3:04]   use "Work the counter (2 h)"
1345.5s [9月25日（週四） 下午 5:06]   ok  served customers at your own café
1346.0s [9月25日（週四） 下午 5:06]   use "Check the till — Company OS"
1346.6s [9月25日（週四） 下午 5:07]   shot 103_cafe_tab.png
1347.0s [9月25日（週四） 下午 5:08]   ok  ledger balanced after opening the café
1349.2s [9月25日（週四） 下午 5:12]   ok  walked back outside
1361.4s [9月25日（週四） 下午 5:30]   use "捷運——舊城區站"
1362.4s [9月25日（週四） 下午 5:32]   shot 104_metro_riverside.png
1362.4s [9月25日（週四） 下午 5:32]   click [Go_riverside] 河濱區  ·  16 分鐘
1363.4s [9月25日（週四） 下午 5:49]   ok  took the Metro to Riverside
1372.6s [9月25日（週四） 下午 6:03]   ok  entered Riverside Tower
1372.6s [9月25日（週四） 下午 6:03] STEP Harbor — metro to the docks, a used van from Sam, and Pier 7
1372.6s [9月25日（週四） 下午 6:03]   ok  actual financing covers the van, bay and working capital
1372.6s [9月25日（週四） 下午 6:03]   (harness) wait 2 h
1374.5s [9月25日（週四） 下午 8:06]   use "Packing table"
1375.2s [9月25日（週四） 下午 8:07]   click [Pack] 打包 3 筆訂單（24 分鐘）
1376.1s [9月25日（週四） 下午 8:32]   click [CourierEconomy] 快遞 · 經濟 3 天（$16.56）
1386.2s [9月25日（週四） 下午 8:48]   use "Sleep"
1386.8s [9月25日（週四） 下午 8:48]   click [Sleep] Sleep until 7:00 AM
1397.5s [9月26日（週五） 上午 7:14]   use "Packing table"
1398.2s [9月26日（週五） 上午 7:15]   click [Pack] 打包 2 筆訂單（16 分鐘）
1399.1s [9月26日（週五） 上午 7:32]   click [CourierEconomy] 快遞 · 經濟 3 天（$15.24）
1400.2s [9月26日（週五） 上午 7:34]   (harness) wait 2 h
1403.3s [9月26日（週五） 上午 9:40]   ok  walked back outside
1417.3s [9月26日（週五） 上午 10:00]   use "捷運——河濱區站"
1418.3s [9月26日（週五） 上午 10:02]   shot 105_metro_harbor.png
1418.3s [9月26日（週五） 上午 10:02]   click [Go_harbor] 港區  ·  8 分鐘
1419.3s [9月26日（週五） 上午 10:11]   ok  took the Metro to Harbor
1419.3s [9月26日（週五） 上午 10:11]   shot 106_harbor.png
1426.3s [9月26日（週五） 上午 10:22]   shot 107_harbor_street.png
1428.9s [9月26日（週五） 上午 10:26]   ok  entered Dockside Motors
1435.8s [9月26日（週五） 上午 10:36]   use "和 Sam Okoro 說話"
1438.8s [9月26日（週五） 上午 10:36]   choose "› 你這裡有什麼？"
1443.7s [9月26日（週五） 上午 10:37]   shot 108_van_dealer.png
1443.7s [9月26日（週五） 上午 10:37]   click [BuyVan] 買下這台貨車（$9,800）
1444.3s [9月26日（週五） 上午 10:38]   shot 109_van_bought.png
1444.7s [9月26日（週五） 上午 10:38]   ok  bought the van from Sam
1444.7s [9月26日（週五） 上午 10:38]   ok  the van is a vehicle expense
1446.6s [9月26日（週五） 上午 10:42]   ok  walked back outside
1452.2s [9月26日（週五） 上午 10:51]   ok  entered Pier 7 Warehouse
1455.8s [9月26日（週五） 上午 10:56]   use "Lettings desk: lease Bay 3"
1456.5s [9月26日（週五） 上午 10:57]   shot 110_pier7_lease.png
1456.5s [9月26日（週五） 上午 10:57]   click [SignLease_pier7_warehouse] Sign the lease
1457.4s [9月26日（週五） 上午 10:58]   ok  leased the Pier 7 bay
1457.4s [9月26日（週五） 上午 10:58]   ok  Pier 7 is a stock location
1458.0s [9月26日（週五） 上午 10:59]   shot 111_pier7_warehouse.png
1462.1s [9月26日（週五） 上午 11:07]   ok  walked back outside
1468.2s [9月26日（週五） 上午 11:16]   shot 112_decision_customer_return.png
1468.2s [9月26日（週五） 上午 11:16]   decision customer_return → replace
1468.2s [9月26日（週五） 上午 11:16]   click [Choice_replace] 寄一個新的
1469.6s [9月26日（週五） 上午 11:16]   shot 113_decision_outcome_customer_return.png
1469.6s [9月26日（週五） 上午 11:16]   click "OK"
1472.7s [9月26日（週五） 上午 11:20]   use "捷運——港區站"
1473.7s [9月26日（週五） 上午 11:22]   shot 114_metro_riverside.png
1473.7s [9月26日（週五） 上午 11:22]   click [Go_riverside] 河濱區  ·  8 分鐘
1474.7s [9月26日（週五） 上午 11:31]   ok  took the Metro to Riverside
1483.8s [9月26日（週五） 上午 11:45]   ok  entered Riverside Tower
1483.8s [9月26日（週五） 上午 11:45] STEP Harbor — the morning's delivery runs
1483.9s [9月26日（週五） 上午 11:45]   (harness) wait 2 h
1485.8s [9月26日（週五） 下午 1:48]   use "Packing table"
1486.4s [9月26日（週五） 下午 1:49]   click [Pack] 打包 1 筆訂單（8 分鐘）
1487.3s [9月26日（週五） 下午 1:58]   click [CourierEconomy] 快遞 · 經濟 3 天（$9.52）
1488.5s [9月26日（週五） 下午 2:00]   (harness) wait 2 h
1489.3s [9月26日（週五） 下午 4:01]   use "Packing table"
1490.0s [9月26日（週五） 下午 4:02]   click [Pack] 打包 1 筆訂單（8 分鐘）
1490.8s [9月26日（週五） 下午 4:11]   click [CourierEconomy] 快遞 · 經濟 3 天（$9.52）
1492.0s [9月26日（週五） 下午 4:13]   (harness) wait 2 h
1492.0s [9月26日（週五） 下午 5:00]   toast: Riverlight Goods 咖啡 今天沒開門：吧台沒人顧。去僱一位咖啡師（人員分頁），或自己站吧台。
1492.7s [9月26日（週五） 下午 6:14]   (harness) wait 2 h
1493.5s [9月26日（週五） 下午 8:15]   use "Packing table"
1494.2s [9月26日（週五） 下午 8:16]   click [Pack] 打包 1 筆訂單（8 分鐘）
1495.0s [9月26日（週五） 下午 8:26]   click [CourierEconomy] 快遞 · 經濟 3 天（$9.52）
1505.1s [9月26日（週五） 下午 8:41]   use "Sleep"
1505.7s [9月26日（週五） 下午 8:41]   click [Sleep] Sleep until 7:00 AM
1516.4s [9月27日（週六） 上午 7:14]   use "Packing table"
1517.1s [9月27日（週六） 上午 7:15]   click [Pack] 打包 1 筆訂單（8 分鐘）
1518.0s [9月27日（週六） 上午 7:24]   click [CourierEconomy] 快遞 · 經濟 3 天（$9.52）
1519.2s [9月27日（週六） 上午 7:26]   (harness) wait 2 h
1520.0s [9月27日（週六） 上午 9:27]   use "Packing table"
1520.7s [9月27日（週六） 上午 9:28]   click [Pack] 打包 1 筆訂單（8 分鐘）
1521.6s [9月27日（週六） 上午 9:38]   click [CourierEconomy] 快遞 · 經濟 3 天（$9.52）
1522.8s [9月27日（週六） 上午 9:39]   ok  runs were posted in the morning
1525.2s [9月27日（週六） 上午 9:44]   ok  walked back outside
1539.2s [9月27日（週六） 上午 10:05]   use "捷運——河濱區站"
1540.1s [9月27日（週六） 上午 10:06]   shot 115_metro_harbor.png
1540.1s [9月27日（週六） 上午 10:06]   click [Go_harbor] 港區  ·  8 分鐘
1541.1s [9月27日（週六） 上午 10:16]   ok  took the Metro to Harbor
1551.2s [9月27日（週六） 上午 10:31]   ok  entered Pier 7 Warehouse
1554.0s [9月27日（週六） 上午 10:35]   use "Sit at the yard office desk — Company OS"
1554.6s [9月27日（週六） 上午 10:36]   click [Tab_logistics] Logistics
1555.4s [9月27日（週六） 上午 10:37]   shot 116_logistics_tab.png
1556.0s [9月27日（週六） 上午 10:38]   shot 117_logistics_badge_pinned.png
1556.0s [9月27日（週六） 上午 10:38]   click [Tab_logistics] Logistics
1556.4s [9月27日（週六） 上午 10:39]   ok  delivery runs on the board
1556.4s [9月27日（週六） 上午 10:39]   click [Accept_R3] Accept
1556.9s [9月27日（週六） 上午 10:40]   ok  accepted run R3
1557.0s [9月27日（週六） 上午 10:40]   shot 118_logistics_accepted.png
1557.0s [9月27日（週六） 上午 10:40]   click [Drive_R3] Drive it
1557.7s [9月27日（週六） 上午 10:40]   shot 119_route_game_intro.png
1557.7s [9月27日（週六） 上午 10:40]   click [StartGame] Start
1558.2s [9月27日（週六） 上午 10:40]   click [Stop_3] 
1558.3s [9月27日（週六） 上午 10:40]   click [Stop_1] 
1558.6s [9月27日（週六） 上午 10:40]   shot 120_route_game_planning.png
1558.6s [9月27日（週六） 上午 10:40]   click [Stop_2] 
1558.6s [9月27日（週六） 上午 10:40]   click [Stop_4] 
1559.2s [9月27日（週六） 上午 10:40]   shot 121_route_game_planned.png
1559.2s [9月27日（週六） 上午 10:40]   click [DriveRoute] Drive the route
1559.8s [9月27日（週六） 上午 10:40]   shot 122_route_game_results.png
1559.8s [9月27日（週六） 上午 10:40]   click [FinishGame] Continue
1560.7s [9月27日（週六） 下午 1:38]   ok  the run is done and in the history
1560.7s [9月27日（週六） 下午 1:38]   ok  the pay was banked as revenue ($209.79 for run R3)
1560.7s [9月27日（週六） 下午 1:38]   ok  fuel was charged
1560.7s [9月27日（週六） 下午 1:38]   ok  the best route scored 100%
1561.2s [9月27日（週六） 下午 1:38]   shot 123_logistics_tab_paid.png
1561.6s [9月27日（週六） 下午 1:39]   ok  ledger balanced after the first delivery run
1565.6s [9月27日（週六） 下午 1:46]   ok  walked back outside
1574.1s [9月27日（週六） 下午 1:59]   use "捷運——港區站"
1575.1s [9月27日（週六） 下午 2:00]   shot 124_metro_riverside.png
1575.1s [9月27日（週六） 下午 2:00]   click [Go_riverside] 河濱區  ·  8 分鐘
1576.1s [9月27日（週六） 下午 2:10]   ok  took the Metro to Riverside
1585.3s [9月27日（週六） 下午 2:24]   ok  entered Riverside Tower
1585.3s [9月27日（週六） 下午 2:24]   ok  Chapter 10 started after Chapter 9
1585.3s [9月27日（週六） 下午 2:24]   ok  Year 6: the Digital Finance Boom
1585.3s [9月27日（週六） 下午 2:24] STEP Chapter 10 — the news, and Lina's escrow offer
1586.7s [9月27日（週六） 下午 2:27]   ok  walked back outside
1590.0s [9月27日（週六） 下午 2:32]   ok  entered Bloom Coffee
1591.7s [9月27日（週六） 下午 2:34]   use "Read the news board"
1592.5s [9月27日（週六） 下午 2:39]   shot 125_news_digital_rails.png
1592.8s [9月27日（週六） 下午 2:39]   ok  read the news (digital_rails)
1595.8s [9月27日（週六） 下午 2:44]   ok  walked back outside
1599.0s [9月27日（週六） 下午 2:49]   ok  entered Riverside Tower
1599.0s [9月27日（週六） 下午 2:49]   (harness) wait 2 h
1600.9s [9月27日（週六） 下午 4:52]   use "Packing table"
1601.6s [9月27日（週六） 下午 4:53]   click [Pack] 打包 1 筆訂單（8 分鐘）
1601.7s [9月27日（週六） 下午 5:00]   toast: Riverlight Goods 咖啡 今天沒開門：吧台沒人顧。去僱一位咖啡師（人員分頁），或自己站吧台。
1602.5s [9月27日（週六） 下午 5:02]   click [CourierEconomy] 快遞 · 經濟 3 天（$9.52）
1603.7s [9月27日（週六） 下午 5:04]   (harness) wait 2 h
1604.5s [9月27日（週六） 下午 7:05]   use "Packing table"
1605.2s [9月27日（週六） 下午 7:07]   click [Pack] 打包 1 筆訂單（8 分鐘）
1606.1s [9月27日（週六） 下午 7:16]   click [CourierEconomy] 快遞 · 經濟 3 天（$9.52）
1616.2s [9月27日（週六） 下午 7:31]   use "Sleep"
1616.8s [9月27日（週六） 下午 7:31]   click [Sleep] Sleep until 7:00 AM
1617.4s [9月28日（週日） 上午 12:16]   toast: 新評價 #2771：★★★「還行。」
1617.4s [9月28日（週日） 上午 1:21]   toast: 新評價 #2786：★★★「還行。」
1627.6s [9月28日（週日） 上午 7:14]   use "Packing table"
1628.3s [9月28日（週日） 上午 7:15]   click [Pack] 打包 1 筆訂單（8 分鐘）
1629.2s [9月28日（週日） 上午 7:24]   click [CourierEconomy] 快遞 · 經濟 3 天（$11.72）
1630.4s [9月28日（週日） 上午 7:26]   (harness) wait 2 h
1631.1s [9月28日（週日） 上午 9:26]   shot 126_decision_customer_return.png
1631.1s [9月28日（週日） 上午 9:26]   decision customer_return → replace
1631.1s [9月28日（週日） 上午 9:26]   click [Choice_replace] 寄一個新的
1632.4s [9月28日（週日） 上午 9:26]   shot 127_decision_outcome_customer_return.png
1632.4s [9月28日（週日） 上午 9:26]   click "OK"
1633.1s [9月28日（週日） 上午 9:26]   use "Packing table"
1633.8s [9月28日（週日） 上午 9:28]   click [Pack] 打包 3 筆訂單（24 分鐘）
1634.7s [9月28日（週日） 上午 9:53]   click [CourierEconomy] 快遞 · 經濟 3 天（$16.56）
1635.9s [9月28日（週日） 上午 9:55]   (harness) wait 2 h
1636.6s [9月28日（週日） 上午 11:56]   (harness) wait 2 h
1637.5s [9月28日（週日） 下午 1:57]   use "Packing table"
1638.1s [9月28日（週日） 下午 1:58]   click [Pack] 打包 1 筆訂單（8 分鐘）
1639.0s [9月28日（週日） 下午 2:07]   click [CourierEconomy] 快遞 · 經濟 3 天（$9.52）
1640.2s [9月28日（週日） 下午 2:09]   (harness) wait 2 h
1641.0s [9月28日（週日） 下午 4:10]   use "Packing table"
1641.7s [9月28日（週日） 下午 4:11]   click [Pack] 打包 1 筆訂單（8 分鐘）
1642.6s [9月28日（週日） 下午 4:21]   click [CourierEconomy] 快遞 · 經濟 3 天（$9.52）
1643.8s [9月28日（週日） 下午 4:22]   (harness) wait 2 h
1651.1s [9月28日（週日） 下午 6:33]   use "Packing table"
1651.8s [9月28日（週日） 下午 6:35]   click [Pack] 打包 1 筆訂單（8 分鐘）
1652.7s [9月28日（週日） 下午 6:44]   click [CourierEconomy] 快遞 · 經濟 3 天（$9.52）
1653.9s [9月28日（週日） 下午 6:46]   (harness) wait 2 h
1661.0s [9月28日（週日） 下午 8:56]   use "Packing table"
1661.7s [9月28日（週日） 下午 8:57]   click [Pack] 打包 1 筆訂單（8 分鐘）
1662.7s [9月28日（週日） 下午 9:07]   click [CourierEconomy] 快遞 · 經濟 3 天（$9.52）
1672.7s [9月28日（週日） 下午 9:22]   use "Sleep"
1673.3s [9月28日（週日） 下午 9:22]   click [Sleep] Sleep until 7:00 AM
1684.0s [9月29日（週一） 上午 7:14]   use "Packing table"
1684.7s [9月29日（週一） 上午 7:15]   click [Pack] 打包 1 筆訂單（8 分鐘）
1685.6s [9月29日（週一） 上午 7:24]   click [CourierEconomy] 快遞 · 經濟 3 天（$9.52）
1686.8s [9月29日（週一） 上午 7:26]   (harness) wait 2 h
1693.9s [9月29日（週一） 上午 9:37]   use "Packing table"
1694.6s [9月29日（週一） 上午 9:38]   click [Pack] 打包 1 筆訂單（8 分鐘）
1695.5s [9月29日（週一） 上午 9:47]   click [CourierEconomy] 快遞 · 經濟 3 天（$11.72）
1696.7s [9月29日（週一） 上午 9:49]   (harness) wait 2 h
1697.5s [9月29日（週一） 上午 11:50]   use "Packing table"
1698.2s [9月29日（週一） 上午 11:51]   click [Pack] 打包 1 筆訂單（8 分鐘）
1699.1s [9月29日（週一） 下午 12:00]   click [CourierEconomy] 快遞 · 經濟 3 天（$9.52）
1702.7s [9月29日（週一） 下午 12:07]   ok  walked back outside
1716.7s [9月29日（週一） 下午 12:28]   use "捷運——河濱區站"
1717.6s [9月29日（週一） 下午 12:29]   shot 128_metro_financial.png
1717.6s [9月29日（週一） 下午 12:29]   click [Go_financial] 金融區  ·  10 分鐘
1718.6s [9月29日（週一） 下午 12:41]   ok  took the Metro to Financial District
1726.2s [9月29日（週一） 下午 12:52]   ok  entered Nexus Bank
1733.5s [9月29日（週一） 下午 1:03]   use "和 Lina Zhao 說話"
1734.4s [9月29日（週一） 下午 1:03]   shot 129_lina_rails.png
1740.2s [9月29日（週一） 下午 1:03]   choose "› 有什麼但書？"
1746.0s [9月29日（週一） 下午 1:05]   ok  the '!' badge for escrow pins its card
1746.1s [9月29日（週一） 下午 1:05]   shot 130_badge_escrow_pinned.png
1746.3s [9月29日（週一） 下午 1:05]   shot 131_decision_escrow_offer.png
1746.3s [9月29日（週一） 下午 1:05]   decision escrow_offer → try
1746.3s [9月29日（週一） 下午 1:05]   click [Choice_try] 開立託管帳戶
1747.7s [9月29日（週一） 下午 1:05]   shot 132_decision_outcome_escrow_offer.png
1747.7s [9月29日（週一） 下午 1:05]   click "OK"
1748.2s [9月29日（週一） 下午 1:05]   ok  opened an escrow account
1748.2s [9月29日（週一） 下午 1:05] STEP Chapter 10 — an import paid through escrow
1750.5s [9月29日（週一） 下午 1:10]   ok  walked back outside
1756.6s [9月29日（週一） 下午 1:19]   use "捷運——金融區站"
1757.6s [9月29日（週一） 下午 1:20]   shot 133_metro_riverside.png
1757.6s [9月29日（週一） 下午 1:20]   click [Go_riverside] 河濱區  ·  10 分鐘
1758.6s [9月29日（週一） 下午 1:32]   ok  took the Metro to Riverside
1767.8s [9月29日（週一） 下午 1:46]   ok  entered Riverside Tower
1769.2s [9月29日（週一） 下午 1:48]   use "Use laptop — Company OS"
1769.8s [9月29日（週一） 下午 1:49]   click [Tab_operations] Operations
1770.5s [9月29日（週一） 下午 1:50]   click [Buy_lumina_direct_phone_stand] 購買 $864.00
1771.3s [9月29日（週一） 下午 1:51]   shot 134_settlement_escrow.png
1771.3s [9月29日（週一） 下午 1:51]   click [Settle_escrow] Pay this way
1772.0s [9月29日（週一） 下午 4:02]   click [Tab_finance] Finance
1772.3s [9月29日（週一） 下午 4:02]   click [Tab_operations] Operations
1777.5s [9月29日（週一） 下午 4:10]   shot 135_operations_escrow_order.png
1777.8s [9月29日（週一） 下午 4:11]   ok  import ordered through escrow
1778.0s [9月29日（週一） 下午 4:11]   use "Use laptop — Company OS"
1778.6s [9月29日（週一） 下午 4:12]   click [Tab_finance] Finance
1779.4s [9月29日（週一） 下午 4:13]   shot 136_finance_held_in_escrow.png
1779.8s [9月29日（週一） 下午 5:00]   toast: Riverlight Goods 咖啡 今天沒開門：吧台沒人顧。去僱一位咖啡師（人員分頁），或自己站吧台。
1787.3s [9月29日（週一） 下午 7:11]   use "Sleep"
1788.0s [9月29日（週一） 下午 7:11]   click [Sleep] Sleep until 7:00 AM
1798.7s [9月30日（週二） 上午 7:14]   use "Packing table"
1799.4s [9月30日（週二） 上午 7:15]   click [Pack] 打包 12 筆訂單（1 小時 36 分）
1800.3s [9月30日（週二） 上午 8:52]   click [CourierEconomy] 快遞 · 經濟 3 天（$50.44）
1801.4s [9月30日（週二） 下午 5:00]   toast: Riverlight Goods 咖啡 今天沒開門：吧台沒人顧。去僱一位咖啡師（人員分頁），或自己站吧台。
1810.2s [9月30日（週二） 下午 7:13]   use "Sleep"
1810.8s [9月30日（週二） 下午 7:13]   click [Sleep] Sleep until 7:00 AM
1814.3s [10月1日（週三） 上午 7:00]   shot 137_month_close_report.png
1814.3s [10月1日（週三） 上午 7:00]   click [month close] Continue
1814.8s [10月1日（週三） 上午 7:00]   shot 138_decision_customer_return.png
1814.8s [10月1日（週三） 上午 7:00]   decision customer_return → refund
1814.8s [10月1日（週三） 上午 7:00]   click [Choice_refund] 退款＋收回商品
1816.1s [10月1日（週三） 上午 7:00]   shot 139_decision_outcome_customer_return.png
1816.1s [10月1日（週三） 上午 7:00]   click "OK"
1825.5s [10月1日（週三） 上午 7:13]   use "Packing table"
1826.2s [10月1日（週三） 上午 7:15]   click [Pack] 打包 9 筆訂單（1 小時 12 分）
1827.1s [10月1日（週三） 上午 8:28]   click [CourierEconomy] 快遞 · 經濟 3 天（$42.08）
1828.2s [10月1日（週三） 下午 5:00]   toast: Riverlight Goods 咖啡 今天沒開門：吧台沒人顧。去僱一位咖啡師（人員分頁），或自己站吧台。
1837.0s [10月1日（週三） 下午 7:13]   use "Sleep"
1837.6s [10月1日（週三） 下午 7:13]   click [Sleep] Sleep until 7:00 AM
1848.3s [10月2日（週四） 上午 7:14]   use "Packing table"
1849.0s [10月2日（週四） 上午 7:15]   click [Pack] 打包 6 筆訂單（48 分鐘）
1849.9s [10月2日（週四） 上午 8:04]   click [CourierEconomy] 快遞 · 經濟 3 天（$33.72）
1851.1s [10月2日（週四） 下午 5:00]   toast: Riverlight Goods 咖啡 今天沒開門：吧台沒人顧。去僱一位咖啡師（人員分頁），或自己站吧台。
1851.2s [10月2日（週四） 下午 7:00]   shot 140_decision_customer_return.png
1851.2s [10月2日（週四） 下午 7:00]   decision customer_return → refund
1851.2s [10月2日（週四） 下午 7:00]   click [Choice_refund] 退款＋收回商品
1852.6s [10月2日（週四） 下午 7:00]   shot 141_decision_outcome_customer_return.png
1852.6s [10月2日（週四） 下午 7:00]   click "OK"
1861.9s [10月2日（週四） 下午 7:13]   use "Sleep"
1862.5s [10月2日（週四） 下午 7:14]   click [Sleep] Sleep until 7:00 AM
1873.2s [10月3日（週五） 上午 7:14]   use "Packing table"
1873.9s [10月3日（週五） 上午 7:15]   click [Pack] 打包 11 筆訂單（1 小時 28 分）
1874.8s [10月3日（週五） 上午 8:44]   click [CourierEconomy] 快遞 · 經濟 3 天（$46.92）
1876.0s [10月3日（週五） 下午 5:00]   toast: Riverlight Goods 咖啡 今天沒開門：吧台沒人顧。去僱一位咖啡師（人員分頁），或自己站吧台。
1884.8s [10月3日（週五） 下午 7:13]   use "Sleep"
1885.4s [10月3日（週五） 下午 7:13]   click [Sleep] Sleep until 7:00 AM
1887.2s [10月4日（週六） 上午 7:00]   shot 142_decision_customer_return.png
1887.2s [10月4日（週六） 上午 7:00]   decision customer_return → replace
1887.2s [10月4日（週六） 上午 7:00]   click [Choice_replace] 寄一個新的
1888.6s [10月4日（週六） 上午 7:00]   shot 143_decision_outcome_customer_return.png
1888.6s [10月4日（週六） 上午 7:00]   click "OK"
1898.0s [10月4日（週六） 上午 7:13]   use "Packing table"
1898.7s [10月4日（週六） 上午 7:15]   click [Pack] 打包 6 筆訂單（48 分鐘）
1899.5s [10月4日（週六） 上午 8:04]   click [CourierEconomy] 快遞 · 經濟 3 天（$31.52）
1900.7s [10月4日（週六） 下午 5:00]   toast: Riverlight Goods 咖啡 今天沒開門：吧台沒人顧。去僱一位咖啡師（人員分頁），或自己站吧台。
1909.5s [10月4日（週六） 下午 7:13]   use "Sleep"
1910.1s [10月4日（週六） 下午 7:13]   click [Sleep] Sleep until 7:00 AM
1920.8s [10月5日（週日） 上午 7:14]   use "Packing table"
1921.5s [10月5日（週日） 上午 7:15]   click [Pack] 打包 3 筆訂單（24 分鐘）
1922.4s [10月5日（週日） 上午 7:40]   click [CourierEconomy] 快遞 · 經濟 3 天（$20.96）
1932.3s [10月5日（週日） 下午 7:13]   use "Sleep"
1932.9s [10月5日（週日） 下午 7:13]   click [Sleep] Sleep until 7:00 AM
1943.7s [10月6日（週一） 上午 7:14]   use "Packing table"
1944.4s [10月6日（週一） 上午 7:15]   click [Pack] 打包 2 筆訂單（16 分鐘）
1945.3s [10月6日（週一） 上午 7:32]   click [CourierEconomy] 快遞 · 經濟 3 天（$15.24）
1946.4s [10月6日（週一） 上午 11:22]   toast: 新評價 #2886：★★★「還行。」
1946.4s [10月6日（週一） 下午 5:00]   toast: Riverlight Goods 咖啡 今天沒開門：吧台沒人顧。去僱一位咖啡師（人員分頁），或自己站吧台。
1946.5s [10月6日（週一） 下午 5:55]   toast: 新評價 #2884：★★★「品質普通。」
1955.2s [10月6日（週一） 下午 7:13]   use "Sleep"
1955.8s [10月6日（週一） 下午 7:13]   click [Sleep] Sleep until 7:00 AM
1966.6s [10月7日（週二） 上午 7:14]   use "Packing table"
1967.3s [10月7日（週二） 上午 7:15]   click [Pack] 打包 2 筆訂單（16 分鐘）
1968.2s [10月7日（週二） 上午 7:32]   click [CourierEconomy] 快遞 · 經濟 3 天（$13.04）
1969.4s [10月7日（週二） 下午 5:00]   toast: Riverlight Goods 咖啡 今天沒開門：吧台沒人顧。去僱一位咖啡師（人員分頁），或自己站吧台。
1978.1s [10月7日（週二） 下午 7:13]   use "Sleep"
1978.7s [10月7日（週二） 下午 7:13]   click [Sleep] Sleep until 7:00 AM
1989.4s [10月8日（週三） 上午 7:14]   use "Packing table"
1990.1s [10月8日（週三） 上午 7:15]   click [Pack] 打包 3 筆訂單（24 分鐘）
1991.0s [10月8日（週三） 上午 7:40]   click [CourierEconomy] 快遞 · 經濟 3 天（$20.96）
1992.2s [10月8日（週三） 下午 5:00]   toast: Riverlight Goods 咖啡 今天沒開門：吧台沒人顧。去僱一位咖啡師（人員分頁），或自己站吧台。
2001.0s [10月8日（週三） 下午 7:13]   use "Sleep"
2001.6s [10月8日（週三） 下午 7:13]   click [Sleep] Sleep until 7:00 AM
2002.2s [10月8日（週三） 下午 8:49]   toast: 新評價 #2897：★★★「品質普通。」
2012.3s [10月9日（週四） 上午 7:14]   use "Packing table"
2013.0s [10月9日（週四） 上午 7:15]   click [Pack] 打包 6 筆訂單（48 分鐘）
2013.9s [10月9日（週四） 上午 8:04]   click [CourierEconomy] 快遞 · 經濟 3 天（$29.32）
2015.1s [10月9日（週四） 下午 5:00]   toast: Riverlight Goods 咖啡 今天沒開門：吧台沒人顧。去僱一位咖啡師（人員分頁），或自己站吧台。
2023.9s [10月9日（週四） 下午 7:13]   use "Sleep"
2024.5s [10月9日（週四） 下午 7:13]   click [Sleep] Sleep until 7:00 AM
2026.3s [10月10日（週五） 上午 7:00]   shot 144_decision_customer_return.png
2026.3s [10月10日（週五） 上午 7:00]   decision customer_return → replace
2026.3s [10月10日（週五） 上午 7:00]   click [Choice_replace] 寄一個新的
2027.7s [10月10日（週五） 上午 7:00]   shot 145_decision_outcome_customer_return.png
2027.7s [10月10日（週五） 上午 7:00]   click "OK"
2037.1s [10月10日（週五） 上午 7:14]   use "Packing table"
2037.8s [10月10日（週五） 上午 7:15]   click [Pack] 打包 5 筆訂單（40 分鐘）
2038.7s [10月10日（週五） 上午 7:56]   click [CourierEconomy] 快遞 · 經濟 3 天（$25.80）
2039.8s [10月10日（週五） 下午 5:00]   toast: Riverlight Goods 咖啡 今天沒開門：吧台沒人顧。去僱一位咖啡師（人員分頁），或自己站吧台。
2048.6s [10月10日（週五） 下午 7:13]   use "Sleep"
2049.2s [10月10日（週五） 下午 7:13]   click [Sleep] Sleep until 7:00 AM
2059.9s [10月11日（週六） 上午 7:14]   use "Packing table"
2060.6s [10月11日（週六） 上午 7:15]   click [Pack] 打包 3 筆訂單（24 分鐘）
2061.5s [10月11日（週六） 上午 7:40]   click [CourierEconomy] 快遞 · 經濟 3 天（$16.56）
2062.7s [10月11日（週六） 下午 5:00]   toast: Riverlight Goods 咖啡 今天沒開門：吧台沒人顧。去僱一位咖啡師（人員分頁），或自己站吧台。
2071.5s [10月11日（週六） 下午 7:13]   use "Sleep"
2072.1s [10月11日（週六） 下午 7:13]   click [Sleep] Sleep until 7:00 AM
2082.8s [10月12日（週日） 上午 7:14]   use "Packing table"
2083.5s [10月12日（週日） 上午 7:15]   click [Pack] 打包 4 筆訂單（32 分鐘）
2084.4s [10月12日（週日） 上午 7:48]   click [CourierEconomy] 快遞 · 經濟 3 天（$21.54）
2085.6s [10月12日（週日） 上午 7:50]   ok  escrow released to the supplier on arrival
2085.6s [10月12日（週日） 上午 7:50]   ok  Chapter 10 complete
2085.6s [10月12日（週日） 上午 7:50] STEP Chapter 11 — the bridge exploit
2085.6s [10月12日（週日） 上午 7:50]   ok  Year 7: the Bridge Exploit
2088.0s [10月12日（週日） 上午 7:55]   ok  walked back outside
2091.3s [10月12日（週日） 上午 8:00]   ok  entered Bloom Coffee
2093.1s [10月12日（週日） 上午 8:02]   use "Read the news board"
2093.8s [10月12日（週日） 上午 8:07]   shot 146_news_bridge_before.png
2094.2s [10月12日（週日） 上午 8:07]   ok  read the news (bridge_before)
2097.1s [10月12日（週日） 上午 8:12]   ok  walked back outside
2100.3s [10月12日（週日） 上午 8:17]   ok  entered Riverside Tower
2101.7s [10月12日（週日） 上午 8:19]   use "Use laptop — Company OS"
2102.3s [10月12日（週日） 上午 8:20]   click [Tab_operations] Operations
2103.0s [10月12日（週日） 上午 8:21]   click [Buy_lumina_direct_phone_stand] 購買 $856.00
2103.8s [10月12日（週日） 上午 8:22]   shot 147_settlement_before_exploit.png
2103.8s [10月12日（週日） 上午 8:22]   click [Settle_escrow] Pay this way
2104.9s [10月12日（週日） 上午 8:24]   ok  restock ordered through escrow (cash $66,901)
2117.2s [10月12日（週日） 上午 8:43]   toast: 快訊：數位美元跨鏈橋遭駭。轉帳凍結，預計 10月18日 上午 8:43 前後恢復。
2119.1s [10月12日（週日） 上午 8:45]   ok  the bridge is frozen with our payment crossing it
2119.8s [10月12日（週日） 上午 8:45]   ok  the '!' badge for frozen_funds pins its card
2119.8s [10月12日（週日） 上午 8:45]   shot 148_badge_frozen_pinned.png
2120.0s [10月12日（週日） 上午 8:45]   shot 149_decision_rail_frozen.png
2120.0s [10月12日（週日） 上午 8:45]   decision rail_frozen → reroute
2120.0s [10月12日（週日） 上午 8:45]   click [Choice_reroute] 改用電匯重新付款（$890）
2121.4s [10月12日（週日） 上午 8:45]   shot 150_decision_outcome_rail_frozen.png
2121.4s [10月12日（週日） 上午 8:45]   click "OK"
2121.9s [10月12日（週日） 上午 8:45]   ok  paid again by wire
2122.1s [10月12日（週日） 上午 8:45]   use "Use laptop — Company OS"
2122.7s [10月12日（週日） 上午 8:46]   click [Tab_finance] Finance
2123.6s [10月12日（週日） 上午 8:48]   shot 151_finance_frozen_funds.png
2123.6s [10月12日（週日） 上午 8:48]   click [Tab_operations] Operations
2129.1s [10月12日（週日） 上午 8:56]   shot 152_operations_frozen_order.png
2132.1s [10月12日（週日） 上午 9:01]   ok  walked back outside
2135.4s [10月12日（週日） 上午 9:06]   ok  entered Bloom Coffee
2137.1s [10月12日（週日） 上午 9:09]   use "Read the news board"
2137.9s [10月12日（週日） 上午 9:14]   shot 153_news_bridge_frozen.png
2138.2s [10月12日（週日） 上午 9:14]   ok  read the news (bridge_frozen)
2141.2s [10月12日（週日） 上午 9:19]   ok  walked back outside
2144.3s [10月12日（週日） 上午 9:24]   ok  entered Riverside Tower
2146.3s [10月12日（週日） 下午 7:03]   use "Sleep"
2146.9s [10月12日（週日） 下午 7:03]   click [Sleep] Sleep until 7:00 AM
2157.6s [10月13日（週一） 上午 7:14]   use "Packing table"
2158.3s [10月13日（週一） 上午 7:15]   click [Pack] 打包 5 筆訂單（40 分鐘）
2159.2s [10月13日（週一） 上午 7:56]   click [CourierEconomy] 快遞 · 經濟 3 天（$24.90）
2160.4s [10月13日（週一） 下午 5:00]   toast: Riverlight Goods 咖啡 今天沒開門：吧台沒人顧。去僱一位咖啡師（人員分頁），或自己站吧台。
2160.5s [10月13日（週一） 下午 7:00]   shot 154_decision_supplier_price_increase.png
2160.5s [10月13日（週一） 下午 7:00]   decision supplier_price_increase → accept
2160.5s [10月13日（週一） 下午 7:00]   click [Choice_accept] 好。繼續跟你進貨。
2161.9s [10月13日（週一） 下午 7:00]   shot 155_decision_outcome_supplier_price_increase.png
2161.9s [10月13日（週一） 下午 7:00]   click "OK"
2171.3s [10月13日（週一） 下午 7:14]   use "Sleep"
2171.9s [10月13日（週一） 下午 7:14]   click [Sleep] Sleep until 7:00 AM
2182.6s [10月14日（週二） 上午 7:14]   use "Packing table"
2183.3s [10月14日（週二） 上午 7:15]   click [Pack] 打包 6 筆訂單（48 分鐘）
2184.2s [10月14日（週二） 上午 8:04]   click [CourierEconomy] 快遞 · 經濟 3 天（$32.46）
2185.3s [10月14日（週二） 下午 5:00]   toast: Riverlight Goods 咖啡 今天沒開門：吧台沒人顧。去僱一位咖啡師（人員分頁），或自己站吧台。
2194.1s [10月14日（週二） 下午 7:13]   use "Sleep"
2194.7s [10月14日（週二） 下午 7:13]   click [Sleep] Sleep until 7:00 AM
2195.3s [10月14日（週二） 下午 10:32]   toast: 新評價 #2960：★★★「品質普通。」
2195.3s [10月15日（週三） 上午 12:41]   toast: 新評價 #2959：★★★「品質普通。」
2205.4s [10月15日（週三） 上午 7:14]   use "Packing table"
2206.1s [10月15日（週三） 上午 7:15]   click [Pack] 打包 1 筆訂單（8 分鐘）
2207.0s [10月15日（週三） 上午 7:24]   click [CourierEconomy] 快遞 · 經濟 3 天（$9.36）
2208.2s [10月15日（週三） 下午 5:00]   toast: Riverlight Goods 咖啡 今天沒開門：吧台沒人顧。去僱一位咖啡師（人員分頁），或自己站吧台。
2217.0s [10月15日（週三） 下午 7:13]   use "Sleep"
2217.6s [10月15日（週三） 下午 7:13]   click [Sleep] Sleep until 7:00 AM
2219.4s [10月16日（週四） 上午 7:00]   shot 156_decision_customer_return.png
2219.4s [10月16日（週四） 上午 7:00]   decision customer_return → replace
2219.4s [10月16日（週四） 上午 7:00]   click [Choice_replace] 寄一個新的
2220.8s [10月16日（週四） 上午 7:00]   shot 157_decision_outcome_customer_return.png
2220.8s [10月16日（週四） 上午 7:00]   click "OK"
2230.2s [10月16日（週四） 上午 7:14]   use "Packing table"
2230.9s [10月16日（週四） 上午 7:15]   click [Pack] 打包 3 筆訂單（24 分鐘）
2231.7s [10月16日（週四） 上午 7:40]   click [CourierEconomy] 快遞 · 經濟 3 天（$18.18）
2232.9s [10月16日（週四） 下午 5:00]   toast: Riverlight Goods 咖啡 今天沒開門：吧台沒人顧。去僱一位咖啡師（人員分頁），或自己站吧台。
2241.7s [10月16日（週四） 下午 7:13]   use "Sleep"
2242.3s [10月16日（週四） 下午 7:13]   click [Sleep] Sleep until 7:00 AM
2242.9s [10月17日（週五） 上午 12:12]   toast: 新評價 #2975：★★★「還行。」
2253.0s [10月17日（週五） 上午 7:14]   use "Packing table"
2253.7s [10月17日（週五） 上午 7:15]   click [Pack] 打包 4 筆訂單（32 分鐘）
2254.6s [10月17日（週五） 上午 7:48]   click [CourierEconomy] 快遞 · 經濟 3 天（$23.64）
2255.8s [10月17日（週五） 下午 5:00]   toast: Riverlight Goods 咖啡 今天沒開門：吧台沒人顧。去僱一位咖啡師（人員分頁），或自己站吧台。
2264.6s [10月17日（週五） 下午 7:13]   use "Sleep"
2265.2s [10月17日（週五） 下午 7:13]   click [Sleep] Sleep until 7:00 AM
2275.9s [10月18日（週六） 上午 7:14]   use "Packing table"
2276.6s [10月18日（週六） 上午 7:15]   click [Pack] 打包 5 筆訂單（40 分鐘）
2277.5s [10月18日（週六） 上午 7:56]   click [CourierEconomy] 快遞 · 經濟 3 天（$22.80）
2278.7s [10月18日（週六） 上午 11:14]   toast: 新評價 #2978：★★★「等了好一陣子才到。」
2278.7s [10月18日（週六） 下午 5:00]   toast: Riverlight Goods 咖啡 今天沒開門：吧台沒人顧。去僱一位咖啡師（人員分頁），或自己站吧台。
2287.5s [10月18日（週六） 下午 7:13]   use "Sleep"
2288.1s [10月18日（週六） 下午 7:13]   click [Sleep] Sleep until 7:00 AM
2298.8s [10月19日（週日） 上午 7:14]   use "Packing table"
2299.5s [10月19日（週日） 上午 7:15]   click [Pack] 打包 2 筆訂單（16 分鐘）
2300.4s [10月19日（週日） 上午 7:32]   click [CourierEconomy] 快遞 · 經濟 3 天（$12.72）
2310.4s [10月19日（週日） 下午 7:13]   use "Sleep"
2311.0s [10月19日（週日） 下午 7:13]   click [Sleep] Sleep until 7:00 AM
2312.8s [10月20日（週一） 上午 7:00]   shot 158_decision_customer_return.png
2312.8s [10月20日（週一） 上午 7:00]   decision customer_return → refund
2312.8s [10月20日（週一） 上午 7:00]   click [Choice_refund] 退款＋收回商品
2314.2s [10月20日（週一） 上午 7:00]   shot 159_decision_outcome_customer_return.png
2314.2s [10月20日（週一） 上午 7:00]   click "OK"
2323.6s [10月20日（週一） 上午 7:13]   use "Packing table"
2324.3s [10月20日（週一） 上午 7:15]   click [Pack] 打包 4 筆訂單（32 分鐘）
2325.2s [10月20日（週一） 上午 7:48]   click [CourierEconomy] 快遞 · 經濟 3 天（$19.44）
2326.4s [10月20日（週一） 下午 5:00]   toast: Riverlight Goods 咖啡 今天沒開門：吧台沒人顧。去僱一位咖啡師（人員分頁），或自己站吧台。
2335.2s [10月20日（週一） 下午 7:13]   use "Sleep"
2335.8s [10月20日（週一） 下午 7:13]   click [Sleep] Sleep until 7:00 AM
2346.5s [10月21日（週二） 上午 7:14]   use "Packing table"
2347.2s [10月21日（週二） 上午 7:15]   click [Pack] 打包 3 筆訂單（24 分鐘）
2348.1s [10月21日（週二） 上午 7:40]   click [CourierEconomy] 快遞 · 經濟 3 天（$16.08）
2349.3s [10月21日（週二） 下午 5:00]   toast: Riverlight Goods 咖啡 今天沒開門：吧台沒人顧。去僱一位咖啡師（人員分頁），或自己站吧台。
2358.1s [10月21日（週二） 下午 7:13]   use "Sleep"
2358.7s [10月21日（週二） 下午 7:13]   click [Sleep] Sleep until 7:00 AM
2369.4s [10月22日（週三） 上午 7:14]   use "Packing table"
2370.1s [10月22日（週三） 上午 7:15]   click [Pack] 打包 3 筆訂單（24 分鐘）
2371.0s [10月22日（週三） 上午 7:40]   click [CourierEconomy] 快遞 · 經濟 3 天（$16.08）
2372.2s [10月22日（週三） 下午 5:00]   toast: Riverlight Goods 咖啡 今天沒開門：吧台沒人顧。去僱一位咖啡師（人員分頁），或自己站吧台。
2381.0s [10月22日（週三） 下午 7:13]   use "Sleep"
2381.6s [10月22日（週三） 下午 7:13]   click [Sleep] Sleep until 7:00 AM
2392.3s [10月23日（週四） 上午 7:14]   use "Packing table"
2393.0s [10月23日（週四） 上午 7:15]   click [Pack] 打包 5 筆訂單（40 分鐘）
2393.9s [10月23日（週四） 上午 7:56]   click [CourierEconomy] 快遞 · 經濟 3 天（$22.80）
2395.1s [10月23日（週四） 下午 5:00]   toast: Riverlight Goods 咖啡 今天沒開門：吧台沒人顧。去僱一位咖啡師（人員分頁），或自己站吧台。
2403.8s [10月23日（週四） 下午 7:13]   use "Sleep"
2404.5s [10月23日（週四） 下午 7:13]   click [Sleep] Sleep until 7:00 AM
2415.2s [10月24日（週五） 上午 7:14]   use "Packing table"
2415.9s [10月24日（週五） 上午 7:15]   click [Pack] 打包 2 筆訂單（16 分鐘）
2416.8s [10月24日（週五） 上午 7:32]   click [CourierEconomy] 快遞 · 經濟 3 天（$12.72）
2418.0s [10月24日（週五） 下午 5:00]   toast: Riverlight Goods 咖啡 今天沒開門：吧台沒人顧。去僱一位咖啡師（人員分頁），或自己站吧台。
2426.8s [10月24日（週五） 下午 7:13]   use "Sleep"
2427.4s [10月24日（週五） 下午 7:13]   click [Sleep] Sleep until 7:00 AM
2438.1s [10月25日（週六） 上午 7:14]   use "Packing table"
2438.8s [10月25日（週六） 上午 7:15]   click [Pack] 打包 3 筆訂單（24 分鐘）
2439.7s [10月25日（週六） 上午 7:40]   click [CourierEconomy] 快遞 · 經濟 3 天（$16.08）
2440.9s [10月25日（週六） 下午 5:00]   toast: Riverlight Goods 咖啡 今天沒開門：吧台沒人顧。去僱一位咖啡師（人員分頁），或自己站吧台。
2449.7s [10月25日（週六） 下午 7:13]   use "Sleep"
2450.3s [10月25日（週六） 下午 7:13]   click [Sleep] Sleep until 7:00 AM
2461.0s [10月26日（週日） 上午 7:14]   use "Packing table"
2461.7s [10月26日（週日） 上午 7:15]   click [Pack] 打包 1 筆訂單（8 分鐘）
2462.6s [10月26日（週日） 上午 7:24]   click [CourierEconomy] 快遞 · 經濟 3 天（$9.36）
2472.6s [10月26日（週日） 下午 7:13]   use "Sleep"
2473.2s [10月26日（週日） 下午 7:13]   click [Sleep] Sleep until 7:00 AM
2483.9s [10月27日（週一） 上午 7:14]   use "Packing table"
2484.6s [10月27日（週一） 上午 7:15]   click [Pack] 打包 1 筆訂單（8 分鐘）
2485.5s [10月27日（週一） 上午 7:24]   click [CourierEconomy] 快遞 · 經濟 3 天（$9.36）
2486.7s [10月27日（週一） 下午 5:00]   toast: Riverlight Goods 咖啡 今天沒開門：吧台沒人顧。去僱一位咖啡師（人員分頁），或自己站吧台。
2495.5s [10月27日（週一） 下午 7:13]   use "Sleep"
2496.1s [10月27日（週一） 下午 7:13]   click [Sleep] Sleep until 7:00 AM
2506.8s [10月28日（週二） 上午 7:14]   use "Packing table"
2507.5s [10月28日（週二） 上午 7:15]   click [Pack] 打包 2 筆訂單（16 分鐘）
2508.4s [10月28日（週二） 上午 7:32]   click [CourierEconomy] 快遞 · 經濟 3 天（$12.72）
2509.6s [10月28日（週二） 下午 5:00]   toast: Riverlight Goods 咖啡 今天沒開門：吧台沒人顧。去僱一位咖啡師（人員分頁），或自己站吧台。
2518.4s [10月28日（週二） 下午 7:13]   use "Sleep"
2519.0s [10月28日（週二） 下午 7:13]   click [Sleep] Sleep until 7:00 AM
2529.8s [10月29日（週三） 上午 7:14]   use "Packing table"
2530.5s [10月29日（週三） 上午 7:15]   click [Pack] 打包 3 筆訂單（24 分鐘）
2531.4s [10月29日（週三） 上午 7:40]   click [CourierEconomy] 快遞 · 經濟 3 天（$15.60）
2532.6s [10月29日（週三） 上午 7:42]   ok  the bridge reopened
2532.6s [10月29日（週三） 上午 7:42]   ok  frozen funds settled
2532.6s [10月29日（週三） 上午 7:42]   ok  Chapter 11 complete: through the freeze and restocked
2532.6s [10月29日（週三） 上午 7:42] STEP Chapter 12 — the regulation wave: the import licence
2532.6s [10月29日（週三） 上午 7:42]   ok  Year 8: the Regulation Wave
2535.0s [10月29日（週三） 上午 7:47]   ok  walked back outside
2538.3s [10月29日（週三） 上午 7:52]   ok  entered Bloom Coffee
2540.0s [10月29日（週三） 上午 7:54]   use "Read the news board"
2540.7s [10月29日（週三） 上午 7:59]   shot 160_news_regulation.png
2541.1s [10月29日（週三） 上午 7:59]   ok  read the news (regulation)
2544.0s [10月29日（週三） 上午 8:04]   ok  walked back outside
2547.2s [10月29日（週三） 上午 8:09]   ok  entered Riverside Tower
2547.2s [10月29日（週三） 上午 8:09]   (harness) wait 2 h
2549.3s [10月29日（週三） 上午 10:13]   ok  walked back outside
2563.2s [10月29日（週三） 上午 10:34]   use "捷運——河濱區站"
2564.2s [10月29日（週三） 上午 10:36]   shot 161_metro_civic_center.png
2564.2s [10月29日（週三） 上午 10:36]   click [Go_civic_center] 市政中心  ·  12 分鐘
2565.2s [10月29日（週三） 上午 10:49]   ok  took the Metro to Civic Center
2572.2s [10月29日（週三） 上午 11:00]   ok  entered Aurelia City Hall
2574.0s [10月29日（週三） 上午 11:02]   use "Permits & regulations"
2574.8s [10月29日（週三） 上午 11:03]   shot 162_permits_import_licence.png
2575.3s [10月29日（週三） 上午 11:04]   ok  the '!' badge for company_registration pins its card
2575.4s [10月29日（週三） 上午 11:04]   shot 163_badge_licence_pinned.png
2575.5s [10月29日（週三） 上午 11:05]   click [ApplyImportLicence] 申請（$450）
2576.2s [10月29日（週三） 上午 11:26]   shot 164_permits_licence_processing.png
2576.5s [10月29日（週三） 上午 11:26]   ok  import licence applied for
2579.5s [10月29日（週三） 上午 11:32]   ok  walked back outside
2585.1s [10月29日（週三） 上午 11:40]   use "捷運——市政中心站"
2586.1s [10月29日（週三） 上午 11:41]   shot 165_metro_riverside.png
2586.1s [10月29日（週三） 上午 11:41]   click [Go_riverside] 河濱區  ·  12 分鐘
2587.1s [10月29日（週三） 上午 11:55]   ok  took the Metro to Riverside
2596.3s [10月29日（週三） 下午 12:09]   ok  entered Riverside Tower
2596.3s [10月29日（週三） 下午 5:00]   toast: Riverlight Goods 咖啡 今天沒開門：吧台沒人顧。去僱一位咖啡師（人員分頁），或自己站吧台。
2598.2s [10月29日（週三） 下午 7:03]   use "Sleep"
2598.8s [10月29日（週三） 下午 7:03]   click [Sleep] Sleep until 7:00 AM
2600.9s [10月30日（週四） 下午 5:00]   toast: Riverlight Goods 咖啡 今天沒開門：吧台沒人顧。去僱一位咖啡師（人員分頁），或自己站吧台。
2601.1s [10月30日（週四） 下午 7:00]   use "Sleep"
2601.7s [10月30日（週四） 下午 7:00]   click [Sleep] Sleep until 7:00 AM
2603.7s [10月31日（週五） 下午 5:00]   toast: Riverlight Goods 咖啡 今天沒開門：吧台沒人顧。去僱一位咖啡師（人員分頁），或自己站吧台。
2603.9s [10月31日（週五） 下午 7:00]   use "Sleep"
2604.5s [10月31日（週五） 下午 7:00]   click [Sleep] Sleep until 7:00 AM
2608.0s [11月1日（週六） 上午 7:00]   shot 166_month_close_report.png
2608.0s [11月1日（週六） 上午 7:00]   click [month close] Continue
2608.6s [11月1日（週六） 上午 7:00]   ok  import licence granted
2608.6s [11月1日（週六） 上午 7:00] STEP Chapter 12 — a large import goes through KYC
2609.9s [11月1日（週六） 上午 7:02]   use "Use laptop — Company OS"
2610.5s [11月1日（週六） 上午 7:03]   click [Tab_operations] Operations
2611.2s [11月1日（週六） 上午 7:04]   click [DeliverTo_riverside_studio] 河濱大樓 7C
2611.8s [11月1日（週六） 上午 7:05]   click [Buy_lumina_direct_wireless_earbuds] 購買 $2,692.00
2612.6s [11月1日（週六） 上午 7:06]   shot 167_settlement_kyc.png
2612.6s [11月1日（週六） 上午 7:06]   click [Settle_letter_of_credit] Pay this way
2613.7s [11月1日（週六） 上午 7:08]   ok  the large payment carries a KYC check
2613.8s [11月1日（週六） 下午 5:00]   toast: Riverlight Goods 咖啡 今天沒開門：吧台沒人顧。去僱一位咖啡師（人員分頁），或自己站吧台。
2621.1s [11月1日（週六） 下午 7:11]   use "Sleep"
2621.7s [11月1日（週六） 下午 7:11]   click [Sleep] Sleep until 7:00 AM
2623.8s [11月2日（週日） 下午 7:00]   use "Sleep"
2624.4s [11月2日（週日） 下午 7:00]   click [Sleep] Sleep until 7:00 AM
2626.4s [11月3日（週一） 下午 5:00]   toast: Riverlight Goods 咖啡 今天沒開門：吧台沒人顧。去僱一位咖啡師（人員分頁），或自己站吧台。
2626.6s [11月3日（週一） 下午 7:00]   use "Sleep"
2627.2s [11月3日（週一） 下午 7:00]   click [Sleep] Sleep until 7:00 AM
2629.1s [11月4日（週二） 下午 5:00]   toast: Riverlight Goods 咖啡 今天沒開門：吧台沒人顧。去僱一位咖啡師（人員分頁），或自己站吧台。
2629.2s [11月4日（週二） 下午 7:00]   shot 168_decision_customer_return.png
2629.2s [11月4日（週二） 下午 7:00]   decision customer_return → refund
2629.2s [11月4日（週二） 下午 7:00]   click [Choice_refund] 退款＋收回商品
2630.6s [11月4日（週二） 下午 7:00]   shot 169_decision_outcome_customer_return.png
2630.6s [11月4日（週二） 下午 7:00]   click "OK"
2631.2s [11月4日（週二） 下午 7:00]   use "Sleep"
2631.8s [11月4日（週二） 下午 7:00]   click [Sleep] Sleep until 7:00 AM
2643.0s [11月5日（週三） 上午 7:14]   use "Packing table"
2643.7s [11月5日（週三） 上午 7:15]   click [Pack] 打包 1 筆訂單（8 分鐘）
2644.6s [11月5日（週三） 上午 7:24]   click [CourierEconomy] 快遞 · 經濟 3 天（$9.20）
2645.8s [11月5日（週三） 上午 7:26]   ok  KYC cleared
2647.3s [11月5日（週三） 上午 7:28]   use "Use laptop — Company OS"
2648.0s [11月5日（週三） 上午 7:29]   click [Tab_finance] Finance
2648.8s [11月5日（週三） 上午 7:30]   shot 170_finance_compliance_cost.png
2649.1s [11月5日（週三） 上午 7:31] STEP Chapter 12 — Victor Hale's offer
2649.2s [11月5日（週三） 上午 7:31]   (harness) wait 2 h
2649.9s [11月5日（週三） 上午 9:32]   (harness) wait 2 h
2653.3s [11月5日（週三） 上午 11:38]   ok  walked back outside
2667.2s [11月5日（週三） 上午 11:59]   use "捷運——河濱區站"
2668.2s [11月5日（週三） 下午 12:01]   shot 171_metro_shopping_street.png
2668.2s [11月5日（週三） 下午 12:01]   click [Go_shopping_street] 購物街  ·  15 分鐘
2669.2s [11月5日（週三） 下午 12:17]   ok  took the Metro to Shopping Street
2678.4s [11月5日（週三） 下午 12:30]   ok  entered Crestline Flagship
2679.0s [11月5日（週三） 下午 12:31]   use "和 Victor Hale 說話"
2680.0s [11月5日（週三） 下午 12:31]   shot 172_victor_offer.png
2687.5s [11月5日（週三） 下午 12:33]   ok  the '!' badge for valuation pins its card
2687.6s [11月5日（週三） 下午 12:33]   shot 173_badge_valuation_pinned.png
2687.8s [11月5日（週三） 下午 12:33]   shot 174_decision_acquisition_offer.png
2687.8s [11月5日（週三） 下午 12:33]   decision acquisition_offer → counter
2687.8s [11月5日（週三） 下午 12:33]   click [Choice_counter] 還價：開價 $117,712
2689.2s [11月5日（週三） 下午 12:33]   shot 175_decision_outcome_acquisition_offer.png
2689.2s [11月5日（週三） 下午 12:33]   click "OK"
2689.7s [11月5日（週三） 下午 12:33]   ok  countered Hale Group's offer
2691.1s [11月5日（週三） 下午 12:35]   shot 176_ending_card.png
2693.9s [11月5日（週三） 下午 12:40]   ok  Chapter 12 complete
2693.9s [11月5日（週三） 下午 12:40]   ok  the main story is complete
2693.9s [11月5日（週三） 下午 12:40]   ok  free play: the growth goal
2693.9s [11月5日（週三） 下午 12:40]   ok  ledger balanced after chapters 10–12
2695.8s [11月5日（週三） 下午 12:43]   ok  walked back outside
2703.0s [11月5日（週三） 下午 12:54]   use "捷運——購物街站"
2704.0s [11月5日（週三） 下午 12:56]   shot 177_metro_riverside.png
2704.0s [11月5日（週三） 下午 12:56]   click [Go_riverside] 河濱區  ·  15 分鐘
2705.0s [11月5日（週三） 下午 1:12]   ok  took the Metro to Riverside
2714.1s [11月5日（週三） 下午 1:26]   ok  entered Riverside Tower
2714.1s [11月5日（週三） 下午 1:26] STEP Save → reload → same state
2715.3s [11月5日（週三） 下午 1:27]   ok  cash restored after load
2715.3s [11月5日（週三） 下午 1:27]   ok  time restored after load
2715.3s [11月5日（週三） 下午 1:27]   ok  location restored (riverside_apartment)
2715.5s [11月5日（週三） 下午 1:27]   shot 178_after_load.png
2715.5s [11月5日（週三） 下午 1:27] STEP Summary
2715.5s [11月5日（週三） 下午 1:27]   business entity co_riverlight_goods cash $61,631.26 · personal $59,072.48 · orders delivered 1826 · chapters done ["ch1_arrival", "ch2_first_customer", "ch3_open_for_business", "ch4_growing_pains", "ch5_big_contract", "ch6_cash_is_oxygen", "ch7_supply_shock", "ch8_green_shift", "ch9_clearing_crisis", "ch10_digital_rails", "ch11_other_side_of_trust", "ch12_regulation_scale"]
2715.5s [11月5日（週三） 下午 1:27]   ok  ledger balanced at the end
2715.5s [11月5日（週三） 下午 1:27]   ok  story objective completed: ch1_phone
2715.5s [11月5日（週三） 下午 1:27]   ok  story objective completed: ch1_outside
2715.5s [11月5日（週三） 下午 1:27]   ok  story objective completed: ch1_coffee
2715.5s [11月5日（週三） 下午 1:27]   ok  story objective completed: ch1_cowork
2715.5s [11月5日（週三） 下午 1:27]   ok  story objective completed: ch1_board
2715.5s [11月5日（週三） 下午 1:27]   ok  story objective completed: ch2_supplier
2715.5s [11月5日（週三） 下午 1:27]   ok  story objective completed: ch2_stock
2715.5s [11月5日（週三） 下午 1:27]   ok  story objective completed: ch2_listing
2715.5s [11月5日（週三） 下午 1:27]   ok  story objective completed: ch2_order
2715.5s [11月5日（週三） 下午 1:27]   ok  story objective completed: ch2_ship
2715.5s [11月5日（週三） 下午 1:27]   ok  story objective completed: ch2_first_dollar
2715.5s [11月5日（週三） 下午 1:27]   ok  story objective completed: ch2_issue
2715.5s [11月5日（週三） 下午 1:27]   ok  story objective completed: ch3_register
2715.5s [11月5日（週三） 下午 1:27]   ok  story objective completed: ch3_bank
2715.5s [11月5日（週三） 下午 1:27]   ok  story objective completed: ch3_workspace
2715.5s [11月5日（週三） 下午 1:27]   ok  story objective completed: ch3_os
2715.5s [11月5日（週三） 下午 1:27]   ok  story objective completed: ch4_employer
2715.5s [11月5日（週三） 下午 1:27]   ok  story objective completed: ch4_post
2715.5s [11月5日（週三） 下午 1:27]   ok  story objective completed: ch4_hire
2715.5s [11月5日（週三） 下午 1:27]   ok  story objective completed: ch4_payroll
2715.5s [11月5日（週三） 下午 1:27]   ok  story objective completed: ch4_forecast
2715.5s [11月5日（週三） 下午 1:27]   ok  story objective completed: ch5_meet
2715.5s [11月5日（週三） 下午 1:27]   ok  story objective completed: ch5_decide
2715.5s [11月5日（週三） 下午 1:27]   ok  story objective completed: ch5_stock
2715.5s [11月5日（週三） 下午 1:27]   ok  story objective completed: ch5_deliver
2715.5s [11月5日（週三） 下午 1:27]   ok  story objective completed: ch6_forecast
2715.5s [11月5日（週三） 下午 1:27]   ok  story objective completed: ch6_bridge
2715.5s [11月5日（週三） 下午 1:27]   ok  story objective completed: ch6_collect
2715.5s [11月5日（週三） 下午 1:27]   ok  story objective completed: ch6_close
2715.5s [11月5日（週三） 下午 1:27]   ok  story objective completed: ch7_news
2715.5s [11月5日（週三） 下午 1:27]   ok  story objective completed: ch7_ken
2715.5s [11月5日（週三） 下午 1:27]   ok  story objective completed: ch7_stock
2715.5s [11月5日（週三） 下午 1:27]   ok  story objective completed: ch7_price
2715.5s [11月5日（週三） 下午 1:27]   ok  story objective completed: ch7_close
2715.5s [11月5日（週三） 下午 1:27]   ok  story objective completed: ch8_news
2715.5s [11月5日（週三） 下午 1:27]   ok  story objective completed: ch8_pack
2715.5s [11月5日（週三） 下午 1:27]   ok  story objective completed: ch8_product
2715.5s [11月5日（週三） 下午 1:27]   ok  story objective completed: ch8_grant
2715.5s [11月5日（週三） 下午 1:27]   ok  story objective completed: ch9_news
2715.5s [11月5日（週三） 下午 1:27]   ok  story objective completed: ch9_import
2715.5s [11月5日（週三） 下午 1:27]   ok  story objective completed: ch9_lina
2715.5s [11月5日（週三） 下午 1:27]   ok  story objective completed: ch9_settle
2715.5s [11月5日（週三） 下午 1:27]   ok  story objective completed: ch9_arrive
2715.5s [11月5日（週三） 下午 1:27]   ok  story objective completed: ch10_news
2715.5s [11月5日（週三） 下午 1:27]   ok  story objective completed: ch10_lina
2715.5s [11月5日（週三） 下午 1:27]   ok  story objective completed: ch10_import
2715.5s [11月5日（週三） 下午 1:27]   ok  story objective completed: ch10_arrive
2715.5s [11月5日（週三） 下午 1:27]   ok  story objective completed: ch11_news
2715.5s [11月5日（週三） 下午 1:27]   ok  story objective completed: ch11_order
2715.5s [11月5日（週三） 下午 1:27]   ok  story objective completed: ch11_freeze
2715.5s [11月5日（週三） 下午 1:27]   ok  story objective completed: ch11_restock
2715.5s [11月5日（週三） 下午 1:27]   ok  story objective completed: ch12_news
2715.5s [11月5日（週三） 下午 1:27]   ok  story objective completed: ch12_licence
2715.5s [11月5日（週三） 下午 1:27]   ok  story objective completed: ch12_kyc
2715.5s [11月5日（週三） 下午 1:27]   ok  story objective completed: ch12_offer
2715.7s [6月1日（週日） 下午 2:00] STEP (harness) skip to Chapter 10
2717.0s [6月1日（週日） 下午 2:02] STEP Industrial — factory lease, machine, technician and first OEM invoice
2720.5s [6月1日（週日） 下午 2:08]   ok  walked back outside
2734.4s [6月1日（週日） 下午 2:29]   use "捷運——河濱區站"
2735.4s [6月1日（週日） 下午 2:30]   shot 179_metro_industrial.png
2735.4s [6月1日（週日） 下午 2:30]   click [Go_industrial] 工業區  ·  14 分鐘
2736.4s [6月1日（週日） 下午 2:46]   ok  took the Metro to Industrial
2736.5s [6月1日（週日） 下午 2:46]   shot 180_industrial_day.png
2748.2s [6月1日（週日） 下午 3:03]   ok  entered Unit 12 Light Industrial
2751.2s [6月1日（週日） 下午 3:08]   use "Lease Unit 12"
2751.3s [6月1日（週日） 下午 3:08]   click [SignLease_unit12_factory] Sign the lease
2751.8s [6月1日（週日） 下午 3:09]   ok  factory lease signed with actual company funds
2752.0s [6月1日（週日） 下午 3:09]   shot 181_factory_interior.png
2752.8s [6月1日（週日） 下午 3:10]   use "Open Line Planner"
2752.9s [6月1日（週日） 下午 3:11]   click [OpenFactory] Open the factory
2753.0s [6月1日（週日） 下午 3:11]   click [RentMachine] Rent machine · $1,400/month
2753.2s [6月1日（週日） 下午 3:11]   click [HireTomas] Hire Tomas · $1,100/week
2753.3s [6月1日（週日） 下午 3:11]   ok  hired a production technician
2753.3s [6月1日（週日） 下午 3:11]   click [Quote_RFQ-1] Send quote
2753.5s [6月1日（週日） 下午 3:11]   ok  OEM quote became a Jobs contract with deposit
2753.5s [6月1日（週日） 下午 3:11]   click [MaterialMore] +100 units
2753.6s [6月1日（週日） 下午 3:12]   click [MaterialMore] +100 units
2753.8s [6月1日（週日） 下午 3:12]   click [MaterialMore] +100 units
2753.9s [6月1日（週日） 下午 3:12]   click [MaterialMore] +100 units
2754.1s [6月1日（週日） 下午 3:12]   click [MaterialMore] +100 units
2754.2s [6月1日（週日） 下午 3:13]   click [MaterialMore] +100 units
2754.4s [6月1日（週日） 下午 3:13]   click [MaterialMore] +100 units
2754.5s [6月1日（週日） 下午 3:13]   click [MaterialMore] +100 units
2754.7s [6月1日（週日） 下午 3:13]   click [MaterialMore] +100 units
2754.8s [6月1日（週日） 下午 3:13]   click [MaterialMore] +100 units
2755.0s [6月1日（週日） 下午 3:14]   click [BuyMaterials] Order Ferro materials
2756.0s [6月3日（週二） 下午 3:15]   use "Open Line Planner"
2756.1s [6月3日（週二） 下午 3:15]   click [Select_JOB-1] Schedule this order
2756.3s [6月3日（週二） 下午 3:15]   click [FactoryOvertime] ✗ 加班 · 工資 ×1.5、良率降低 2 個百分點
2756.4s [6月3日（週二） 下午 3:16]   click [More_hours] +
2756.6s [6月3日（週二） 下午 3:16]   click [More_hours] +
2757.2s [6月3日（週二） 下午 3:16]   click [More_hours] +
2757.4s [6月3日（週二） 下午 3:17]   click [More_hours] +
2757.5s [6月3日（週二） 下午 3:17]   click [More_hours] +
2757.7s [6月3日（週二） 下午 3:17]   click [More_hours] +
2757.8s [6月3日（週二） 下午 3:17]   click [More_hours] +
2758.0s [6月3日（週二） 下午 3:17]   click [More_hours] +
2758.2s [6月3日（週二） 下午 3:18]   shot 182_line_planner.png
2758.2s [6月3日（週二） 下午 3:18]   click [ReserveSlot] Reserve production slot
2759.1s [6月5日（週四） 上午 1:00]   use "Open Line Planner"
2759.2s [6月5日（週四） 上午 1:00]   click [Deliver_JOB-1] Deliver and invoice
2759.4s [6月5日（週四） 上午 1:00]   ok  first factory revenue has a completed traceable order
2759.4s [6月5日（週四） 上午 1:00]   click [FactoryTab_quality] Quality results
2759.5s [6月5日（週四） 上午 1:01]   shot 183_factory_quality.png
2759.5s [6月5日（週四） 上午 1:01]   ok  OEM material, overtime, invoice and return journals balanced
2764.3s [6月5日（週四） 上午 1:09]   ok  walked back outside
2764.6s [6月5日（週四） 下午 9:00]   shot 184_industrial_night.png
2764.7s [6月5日（週四） 下午 9:00]   shot 185_decision_manufacturing_recall.png
2764.7s [6月5日（週四） 下午 9:00]   decision manufacturing_recall → recall
2764.7s [6月5日（週四） 下午 9:00]   click [Choice_recall] 為受影響批次退款
2766.2s [6月5日（週四） 下午 9:00]   shot 186_decision_outcome_manufacturing_recall.png
2766.2s [6月5日（週四） 下午 9:00]   click "OK"
2776.8s [6月5日（週四） 下午 9:15]   use "捷運——工業區站"
2777.7s [6月5日（週四） 下午 9:17]   shot 187_metro_riverside.png
2777.7s [6月5日（週四） 下午 9:17]   click [Go_riverside] 河濱區  ·  14 分鐘
2778.7s [6月5日（週四） 下午 9:32]   ok  took the Metro to Riverside
2787.9s [6月5日（週四） 下午 9:46]   ok  entered Riverside Tower
2787.9s [6月5日（週四） 下午 9:46] STEP Save → reload → same state
2788.8s [6月5日（週四） 下午 9:47]   ok  cash restored after load
2788.8s [6月5日（週四） 下午 9:47]   ok  time restored after load
2788.8s [6月5日（週四） 下午 9:47]   ok  location restored (riverside_apartment)
2789.0s [6月5日（週四） 下午 9:47]   shot 188_after_load.png
2789.1s [6月1日（週日） 下午 2:00] STEP (harness) skip to Chapter 10
2790.5s [6月1日（週日） 下午 2:02] STEP Residential — licence, brokerage office, client match and first commission
2794.2s [6月3日（週二） 上午 10:06]   ok  walked back outside
2808.2s [6月3日（週二） 上午 10:27]   use "捷運——河濱區站"
2809.1s [6月3日（週二） 上午 10:29]   shot 189_metro_civic_center.png
2809.1s [6月3日（週二） 上午 10:29]   click [Go_civic_center] 市政中心  ·  12 分鐘
2810.2s [6月3日（週二） 上午 10:42]   ok  took the Metro to Civic Center
2817.2s [6月3日（週二） 上午 10:53]   ok  entered Aurelia City Hall
2819.0s [6月3日（週二） 上午 10:56]   use "Permits & regulations"
2819.1s [6月3日（週二） 上午 10:56]   click [PropertyPermits] Property permits
2819.2s [6月3日（週二） 上午 10:56]   click [ApplyRealtyPermit_brokerage] 申請：$250.00 · 3 天
2820.6s [6月6日（週五） 上午 10:57]   ok  brokerage licence followed City Hall fee and three-day process
2823.6s [6月6日（週五） 上午 11:03]   ok  walked back outside
2829.2s [6月6日（週五） 上午 11:11]   use "捷運——市政中心站"
2830.2s [6月6日（週五） 上午 11:13]   shot 190_metro_residential.png
2830.2s [6月6日（週五） 上午 11:13]   click [Go_residential] 住宅區  ·  32 分鐘
2831.2s [6月6日（週五） 上午 11:46]   ok  took the Metro to Residential
2831.3s [6月6日（週五） 上午 11:46]   shot 191_residential_day.png
2836.9s [6月6日（週五） 上午 11:54]   ok  entered Harlow & Finch Realty
2837.2s [6月6日（週五） 上午 11:55]   use "Lease the brokerage office"
2837.3s [6月6日（週五） 上午 11:55]   click [SignLease_realty_office] Sign the lease
2838.6s [6月6日（週五） 上午 11:57]   use "Open Matchmaker"
2838.7s [6月6日（週五） 上午 11:57]   click [OpenBrokerage] Open the brokerage
2838.9s [6月6日（週五） 上午 11:57]   shot 192_matchmaker.png
2839.4s [6月6日（週五） 上午 11:58]   use "Open Matchmaker"
2839.5s [6月6日（週五） 上午 11:58]   click [Mandate_M-1] 選擇物件
2839.7s [6月6日（週五） 上午 11:58]   click [Client_C-4] 選擇客戶
2839.8s [6月6日（週五） 上午 11:59]   click [Negotiate_soft] 柔性議價
2840.0s [6月6日（週五） 上午 11:59]   click [ArrangeViewing] 安排帶看：$180.00 · 90 分鐘
2840.8s [6月6日（週五） 下午 1:30]   use "Open Matchmaker"
2840.9s [6月6日（週五） 下午 1:30]   click [Mandate_M-2] 選擇物件
2841.0s [6月6日（週五） 下午 1:30]   click [Client_C-3] 選擇客戶
2841.2s [6月6日（週五） 下午 1:31]   click [Negotiate_soft] 柔性議價
2841.3s [6月6日（週五） 下午 1:31]   click [ArrangeViewing] 安排帶看：$180.00 · 90 分鐘
2842.1s [6月6日（週五） 下午 3:02]   use "Open Matchmaker"
2842.2s [6月6日（週五） 下午 3:02]   click [Mandate_M-2] 選擇物件
2842.4s [6月6日（週五） 下午 3:02]   click [Client_C-5] 選擇客戶
2842.5s [6月6日（週五） 下午 3:03]   click [Negotiate_soft] 柔性議價
2842.7s [6月6日（週五） 下午 3:03]   click [ArrangeViewing] 安排帶看：$180.00 · 90 分鐘
2844.4s [6月13日（週五） 下午 4:34]   shot 193_decision_real_estate_arrears.png
2844.4s [6月13日（週五） 下午 4:34]   decision real_estate_arrears → respond
2844.4s [6月13日（週五） 下午 4:34]   click [Choice_respond] 檢視物件並處理
2845.8s [6月13日（週五） 下午 4:34]   shot 194_decision_outcome_real_estate_arrears.png
2845.8s [6月13日（週五） 下午 4:34]   click "OK"
2846.4s [6月13日（週五） 下午 4:34]   use "Open Matchmaker"
2846.5s [6月13日（週五） 下午 4:35]   click [Mandate_M-7] 選擇物件
2846.7s [6月13日（週五） 下午 4:35]   click [Client_C-8] 選擇客戶
2846.8s [6月13日（週五） 下午 4:35]   click [Negotiate_soft] 柔性議價
2847.0s [6月13日（週五） 下午 4:35]   click [ArrangeViewing] 安排帶看：$180.00 · 90 分鐘
2847.8s [6月13日（週五） 下午 6:06]   use "Open Matchmaker"
2847.9s [6月13日（週五） 下午 6:07]   click [Mandate_M-7] 選擇物件
2848.0s [6月13日（週五） 下午 6:07]   click [Client_C-10] 選擇客戶
2848.2s [6月13日（週五） 下午 6:07]   click [Negotiate_soft] 柔性議價
2848.3s [6月13日（週五） 下午 6:07]   click [ArrangeViewing] 安排帶看：$180.00 · 90 分鐘
2848.9s [6月13日（週五） 下午 7:38]   ok  first brokerage income from a real client deal
2848.9s [6月13日（週五） 下午 7:38]   ok  viewing and commission ledger balanced
2849.1s [6月13日（週五） 下午 7:38]   use "Open Matchmaker"
2849.2s [6月13日（週五） 下午 7:39]   click [RealtyTab_properties] Properties
2849.4s [6月13日（週五） 下午 7:39]   shot 195_property_management.png
2852.0s [6月13日（週五） 下午 7:44]   ok  walked back outside
2855.7s [6月13日（週五） 下午 7:49]   use "捷運——住宅區站"
2856.7s [6月13日（週五） 下午 7:51]   shot 196_metro_riverside.png
2856.7s [6月13日（週五） 下午 7:51]   click [Go_riverside] 河濱區  ·  19 分鐘
2857.7s [6月13日（週五） 下午 8:11]   ok  took the Metro to Riverside
2866.9s [6月13日（週五） 下午 8:25]   ok  entered Riverside Tower
2866.9s [6月13日（週五） 下午 8:25] STEP Save → reload → same state
2867.8s [6月13日（週五） 下午 8:27]   ok  cash restored after load
2867.8s [6月13日（週五） 下午 8:27]   ok  time restored after load
2867.8s [6月13日（週五） 下午 8:27]   ok  location restored (riverside_apartment)
2868.0s [6月13日（週五） 下午 8:27]   shot 197_after_load.png
2868.2s [6月1日（週日） 下午 2:00] STEP (harness) skip to Chapter 10
2869.6s [6月1日（週日） 下午 2:02] STEP University — lease studio, creative pitch, media mix and first client invoice
2873.0s [6月1日（週日） 下午 2:08]   ok  walked back outside
2887.0s [6月1日（週日） 下午 2:29]   use "捷運——河濱區站"
2887.9s [6月1日（週日） 下午 2:31]   shot 198_metro_university.png
2887.9s [6月1日（週日） 下午 2:31]   click [Go_university] 大學城  ·  13 分鐘
2889.0s [6月1日（週日） 下午 2:45]   ok  took the Metro to University
2889.0s [6月1日（週日） 下午 2:45]   shot 199_university_day.png
2896.9s [6月1日（週日） 下午 2:57]   ok  entered The Loft
2897.2s [6月1日（週日） 下午 2:58]   use "Lease The Loft studio"
2897.3s [6月1日（週日） 下午 2:58]   click [SignLease_loft_office] Sign the lease
2898.6s [6月1日（週日） 下午 3:00]   use "Open Campaign Mixer"
2898.7s [6月1日（週日） 下午 3:00]   click [OpenAgency] Open the campaign studio
2899.5s [6月1日（週日） 下午 3:01]   use "Open Campaign Mixer"
2899.6s [6月1日（週日） 下午 3:01]   click [CreativePitch_JOB-1] Build Creative Pitch
2900.1s [6月1日（週日） 下午 3:01]   click [StartGame] Start
2900.2s [6月1日（週日） 下午 3:01]   click [CreativeCard_slogan_2] Care for every home
2900.3s [6月1日（週日） 下午 3:01]   click [CreativeCard_visual_3] Minimal luxury
2900.4s [6月1日（週日） 下午 3:01]   click [CreativeCard_tone_2] Reassuring
2900.6s [6月1日（週日） 下午 3:01]   shot 200_creative_pitch_result.png
2900.6s [6月1日（週日） 下午 3:01]   click [FinishGame] Continue
2900.6s [6月1日（週日） 下午 5:01]   click [Propose_JOB-1] 提出提案 · $280 · 180 分鐘
2901.4s [6月1日（週日） 下午 8:02]   use "Open Campaign Mixer"
2901.5s [6月1日（週日） 下午 8:02]   click [CreativePitch_JOB-2] Build Creative Pitch
2902.0s [6月1日（週日） 下午 8:02]   click [StartGame] Start
2902.1s [6月1日（週日） 下午 8:02]   click [CreativeCard_slogan_1] Make work easier
2902.2s [6月1日（週日） 下午 8:02]   click [CreativeCard_visual_3] Minimal luxury
2902.3s [6月1日（週日） 下午 8:02]   click [CreativeCard_tone_3] Refined
2902.5s [6月1日（週日） 下午 8:02]   shot 201_creative_pitch_result.png
2902.5s [6月1日（週日） 下午 8:02]   click [FinishGame] Continue
2902.5s [6月1日（週日） 下午 10:02]   click [Propose_JOB-2] 提出提案 · $280 · 180 分鐘
2903.1s [6月2日（週一） 上午 1:02]   ok  actual creative cards and proposal win a client job
2903.3s [6月2日（週一） 上午 1:03]   use "Open Campaign Mixer"
2903.4s [6月2日（週一） 上午 1:03]   click [MediaTab_mixer] Media mix
2903.5s [6月2日（週一） 上午 1:03]   click [SelectCampaign_JOB-2] Finch Families
2903.6s [6月2日（週一） 上午 1:03]   click [MixMore_radio] +
2903.8s [6月2日（週一） 上午 1:03]   shot 202_campaign_mixer.png
2906.5s [6月16日（週一） 上午 1:04]   ok  daily campaign finishes actual client work
2906.5s [6月16日（週一） 上午 1:04]   ok  first agency income is a traceable Jobs invoice
2906.5s [6月16日（週一） 上午 1:04]   ok  campaign costs and invoice balance
2906.7s [6月16日（週一） 上午 1:05]   use "Open Campaign Mixer"
2906.8s [6月16日（週一） 上午 1:05]   click [MediaTab_reports] Campaign reports
2906.9s [6月16日（週一） 上午 1:05]   shot 203_campaign_report.png
2909.5s [6月16日（週一） 上午 1:10]   ok  walked back outside
2916.0s [6月16日（週一） 上午 1:19]   use "捷運——大學區站"
2916.9s [6月16日（週一） 上午 1:21]   shot 204_metro_riverside.png
2916.9s [6月16日（週一） 上午 1:21]   click [Go_riverside] 河濱區  ·  13 分鐘
2917.9s [6月16日（週一） 上午 1:35]   ok  took the Metro to Riverside
2927.0s [6月16日（週一） 上午 1:49]   ok  entered Riverside Tower
2927.0s [6月16日（週一） 上午 1:49] STEP Save → reload → same state
2928.0s [6月16日（週一） 上午 1:51]   ok  cash restored after load
2928.0s [6月16日（週一） 上午 1:51]   ok  time restored after load
2928.0s [6月16日（週一） 上午 1:51]   ok  location restored (riverside_apartment)
2928.2s [6月16日（週一） 上午 1:51]   shot 205_after_load.png
2928.3s [6月1日（週日） 下午 2:00] STEP (harness) skip to Chapter 10
2929.7s [6月1日（週日） 下午 2:02] STEP Luxury Heights — take over the Aster Inn, set the Rate Board, staff up and sell the first nights
2933.2s [6月1日（週日） 下午 2:08]   ok  walked back outside
2947.1s [6月1日（週日） 下午 2:29]   use "捷運——河濱區站"
2948.1s [6月1日（週日） 下午 2:30]   shot 206_metro_luxury_heights.png
2948.1s [6月1日（週日） 下午 2:30]   click [Go_luxury_heights] 豪景高地  ·  18 分鐘
2949.1s [6月1日（週日） 下午 2:50]   ok  took the Metro to Luxury Heights
2949.2s [6月1日（週日） 下午 2:50]   shot 207_luxury_heights_day.png
2960.8s [6月1日（週日） 下午 3:08]   ok  entered The Aster
2961.6s [6月1日（週日） 下午 3:09]   use "Open the Rate Board"
2961.7s [6月1日（週日） 下午 3:09]   click [TakeoverAster] 頂下 Aster 小旅館 · $150,000
2961.9s [6月1日（週日） 下午 3:09]   ok  actual takeover opens the 12-room Aster Inn
2962.0s [6月1日（週日） 下午 3:09]   shot 208_rate_board.png
2962.0s [6月1日（週日） 下午 3:09]   click [Price_standard_10] +$10
2962.1s [6月1日（週日） 下午 3:10]   click [BoardNextOps] Next: daily operations
2962.3s [6月1日（週日） 下午 3:10]   shot 209_hotel_operations.png
2964.8s [6月13日（週五） 下午 9:11]   shot 210_decision_hotel_event_cancelled.png
2964.8s [6月13日（週五） 下午 9:11]   decision hotel_event_cancelled → promo
2964.8s [6月13日（週五） 下午 9:11]   click [Choice_promo] 推出 $1,200 的限時特賣
2966.2s [6月13日（週五） 下午 9:11]   shot 211_decision_outcome_hotel_event_cancelled.png
2966.2s [6月13日（週五） 下午 9:11]   click "OK"
2966.7s [6月13日（週五） 下午 9:11]   ok  night audits sell rooms and book room revenue
2966.7s [6月13日（週五） 下午 9:11]   ok  hotel books balance
2966.9s [6月13日（週五） 下午 9:11]   use "Open the Rate Board"
2967.0s [6月13日（週五） 下午 9:12]   click [HotelTab_reviews] Guest reviews
2967.1s [6月13日（週五） 下午 9:12]   shot 212_guest_reviews.png
2967.1s [6月1日（週日） 下午 2:00] STEP (harness) skip to Chapter 10
2968.5s [6月1日（週日） 下午 2:02] STEP Industrial - lease warehouse, Roof Survey, subsidy, install and first solar invoice
2972.0s [6月1日（週日） 下午 2:08]   ok  walked back outside
2985.9s [6月1日（週日） 下午 2:29]   use "捷運——河濱區站"
2986.9s [6月1日（週日） 下午 2:30]   shot 213_metro_industrial.png
2986.9s [6月1日（週日） 下午 2:30]   click [Go_industrial] 工業區  ·  14 分鐘
2987.9s [6月1日（週日） 下午 2:46]   ok  took the Metro to Industrial
2988.0s [6月1日（週日） 下午 2:46]   shot 214_industrial_energy_day.png
2993.4s [6月1日（週日） 下午 2:54]   ok  entered Helio Warehouse Office
2996.4s [6月1日（週日） 下午 2:59]   use "Lease the Helio warehouse office"
2996.6s [6月1日（週日） 下午 2:59]   click [SignLease_helio_warehouse] Sign the lease
2998.0s [6月1日（週日） 下午 3:01]   use "Open Energy Console"
2998.1s [6月1日（週日） 下午 3:01]   click [OpenEnergy] 開辦太陽能事業
2998.8s [6月1日（週日） 下午 3:02]   use "Open Energy Console"
2998.9s [6月1日（週日） 下午 3:03]   click [Survey_ROOF-1] 勘查這個屋頂
2999.1s [6月1日（週日） 下午 3:03]   click [AutoLayout] 自動擺放最佳位置
2999.3s [6月1日（週日） 下午 3:03]   shot 215_roof_survey.png
2999.3s [6月1日（週日） 下午 3:03]   click [SendQuote] 送出報價 · $15,632
2999.8s [6月1日（週日） 下午 3:49]   ok  actual Roof Survey quote wins a client job
3000.0s [6月1日（週日） 下午 3:49]   use "Open Energy Console"
3000.1s [6月1日（週日） 下午 3:49]   click [EnergyTab_installs] Installs & warranty
3000.2s [6月1日（週日） 下午 3:49]   click [StartInstall_JOB-1] 訂購材料並開工 · $11,880
3007.2s [7月1日（週二） 下午 3:51]   shot 216_month_close_report.png
3007.2s [7月1日（週二） 下午 3:51]   click [month close] Continue
3007.8s [7月1日（週二） 下午 3:51]   shot 217_decision_energy_shortage.png
3007.8s [7月1日（週二） 下午 3:51]   decision energy_shortage → premium
3007.8s [7月1日（週二） 下午 3:51]   click [Choice_premium] 付 Helio 優先配額費
3009.2s [7月1日（週二） 下午 3:51]   shot 218_decision_outcome_energy_shortage.png
3009.2s [7月1日（週二） 下午 3:51]   click "OK"
3009.7s [7月1日（週二） 下午 3:51]   ok  crew-days finish the install
3009.7s [7月1日（週二） 下午 3:51]   ok  first solar income is a traceable Jobs invoice
3009.7s [7月1日（週二） 下午 3:51]   ok  materials, install and invoice balance
3009.9s [7月1日（週二） 下午 3:51]   use "Open Energy Console"
3010.0s [7月1日（週二） 下午 3:52]   click [EnergyTab_installs] Installs & warranty
3010.1s [7月1日（週二） 下午 3:52]   shot 219_energy_installs.png
3014.9s [7月1日（週二） 下午 4:00]   ok  walked back outside
3018.8s [7月1日（週二） 下午 4:06]   use "捷運——工業區站"
3019.8s [7月1日（週二） 下午 4:07]   shot 220_metro_riverside.png
3019.8s [7月1日（週二） 下午 4:07]   click [Go_riverside] 河濱區  ·  14 分鐘
3020.8s [7月1日（週二） 下午 4:23]   ok  took the Metro to Riverside
3029.9s [7月1日（週二） 下午 4:37]   ok  entered Riverside Tower
3029.9s [6月1日（週日） 下午 2:00] STEP (harness) skip to Chapter 10
3031.4s [6月1日（週日） 下午 2:02] STEP Airport - open the auto desk, win a Wednesday auction car, recondition, list and sell it
3034.8s [6月1日（週日） 下午 2:08]   ok  walked back outside
3048.8s [6月1日（週日） 下午 2:29]   use "捷運——河濱區站"
3049.7s [6月1日（週日） 下午 2:30]   shot 221_metro_airport.png
3049.7s [6月1日（週日） 下午 2:30]   click [Go_airport] 國際機場  ·  24 分鐘
3050.7s [6月1日（週日） 下午 2:56]   ok  took the Metro to Airport
3050.8s [6月1日（週日） 下午 2:56]   shot 222_airport_day.png
3059.9s [6月1日（週日） 下午 3:09]   ok  entered Gateway Car Rental
3060.7s [6月1日（週日） 下午 3:11]   use "Open the fleet desk"
3060.8s [6月1日（週日） 下午 3:11]   click [OpenAutoDesk] 開設汽車櫃台 · 執照費 $400
3061.0s [6月1日（週日） 下午 3:11]   ok  actual licence opens the auto desk
3061.5s [6月4日（週三） 上午 10:00]   shot 223_auction_lots.png
3064.7s [6月25日（週三） 上午 10:00]   ok  auto books balance
3064.7s [6月25日（週三） 上午 10:00] STEP Save → reload → same state
3065.6s [6月25日（週三） 上午 10:02]   ok  cash restored after load
3065.6s [6月25日（週三） 上午 10:02]   ok  time restored after load
3065.6s [6月25日（週三） 上午 10:02]   ok  location restored (gateway_car_rental)
3065.7s [6月25日（週三） 上午 10:02]   shot 224_after_load.png
3066.6s [6月1日（週日） 下午 2:01]   click [ToggleWalkingRoutes] Walking routes
3067.2s [6月1日（週日） 下午 2:02]   ok  actual button opens walking diagram
3067.3s [6月1日（週日） 下午 2:02]   shot 225_city_walking_connections.png
3067.3s [6月1日（週日） 下午 2:02]   ok  Euler circuit includes every directed walking link
3067.3s [6月1日（週日） 下午 2:02] STEP Walking riverside > startup_hub
3067.9s [6月1日（週日） 下午 2:03]   shot 226_exit_sign_E_riverside.png
3068.9s [6月1日（週日） 下午 2:17]   ok  actual walking transition to startup_hub
3069.4s [6月1日（週日） 下午 2:17]   ok  arrival does not retrigger a return
3069.4s [6月1日（週日） 下午 2:17] STEP Walking startup_hub > riverside
3070.2s [6月1日（週日） 下午 2:18]   shot 227_exit_sign_W_startup_hub.png
3071.2s [6月1日（週日） 下午 2:32]   ok  actual walking transition to riverside
3071.7s [6月1日（週日） 下午 2:33]   ok  arrival does not retrigger a return
3071.7s [6月1日（週日） 下午 2:33] STEP Walking riverside > civic_center
3074.8s [6月1日（週日） 下午 2:37]   shot 228_exit_sign_N_riverside.png
3076.0s [6月1日（週日） 下午 2:50]   ok  actual walking transition to civic_center
3076.5s [6月1日（週日） 下午 2:51]   ok  arrival does not retrigger a return
3076.5s [6月1日（週日） 下午 2:51] STEP Walking civic_center > riverside
3077.0s [6月1日（週日） 下午 2:51]   shot 229_exit_sign_S_civic_center.png
3078.2s [6月1日（週日） 下午 3:04]   ok  actual walking transition to riverside
3078.7s [6月1日（週日） 下午 3:05]   ok  arrival does not retrigger a return
3078.7s [6月1日（週日） 下午 3:05] STEP Walking riverside > financial
3080.8s [6月1日（週日） 下午 3:17]   ok  actual walking transition to financial
3081.3s [6月1日（週日） 下午 3:18]   ok  arrival does not retrigger a return
3081.3s [6月1日（週日） 下午 3:18] STEP Walking financial > riverside
3083.0s [6月1日（週日） 下午 3:30]   ok  actual walking transition to riverside
3083.5s [6月1日（週日） 下午 3:30]   ok  arrival does not retrigger a return
3083.5s [6月1日（週日） 下午 3:30] STEP Walking riverside > harbor
3104.5s [6月1日（週日） 下午 4:08]   ok  actual walking transition to harbor
3105.0s [6月1日（週日） 下午 4:09]   ok  arrival does not retrigger a return
3105.0s [6月1日（週日） 下午 4:09] STEP Walking harbor > financial
3109.2s [6月1日（週日） 下午 4:28]   ok  actual walking transition to financial
3109.7s [6月1日（週日） 下午 4:28]   ok  arrival does not retrigger a return
3109.7s [6月1日（週日） 下午 4:28] STEP Walking financial > civic_center
3114.0s [6月1日（週日） 下午 4:44]   ok  actual walking transition to civic_center
3114.5s [6月1日（週日） 下午 4:45]   ok  arrival does not retrigger a return
3114.5s [6月1日（週日） 下午 4:45] STEP Walking civic_center > startup_hub
3128.5s [6月1日（週日） 下午 5:17]   ok  actual walking transition to startup_hub
3129.0s [6月1日（週日） 下午 5:17]   ok  arrival does not retrigger a return
3129.0s [6月1日（週日） 下午 5:17] STEP Walking startup_hub > civic_center
3130.7s [6月1日（週日） 下午 5:31]   ok  actual walking transition to civic_center
3131.2s [6月1日（週日） 下午 5:32]   ok  arrival does not retrigger a return
3131.2s [6月1日（週日） 下午 5:32] STEP Walking civic_center > financial
3145.2s [6月1日（週日） 下午 6:02]   ok  actual walking transition to financial
3145.7s [6月1日（週日） 下午 6:02]   ok  arrival does not retrigger a return
3145.7s [6月1日（週日） 下午 6:02] STEP Walking financial > harbor
3149.8s [6月1日（週日） 下午 6:20]   ok  actual walking transition to harbor
3150.3s [6月1日（週日） 下午 6:21]   ok  arrival does not retrigger a return
3150.3s [6月1日（週日） 下午 6:21] STEP Walking harbor > shopping_street
3169.5s [6月1日（週日） 下午 7:07]   ok  actual walking transition to shopping_street
3170.0s [6月1日（週日） 下午 7:08]   ok  arrival does not retrigger a return
3170.0s [6月1日（週日） 下午 7:08] STEP Walking shopping_street > residential
3174.2s [6月1日（週日） 下午 7:22]   ok  actual walking transition to residential
3174.7s [6月1日（週日） 下午 7:23]   ok  arrival does not retrigger a return
3174.7s [6月1日（週日） 下午 7:23] STEP Walking residential > shopping_street
3176.4s [6月1日（週日） 下午 7:33]   ok  actual walking transition to shopping_street
3176.9s [6月1日（週日） 下午 7:34]   ok  arrival does not retrigger a return
3176.9s [6月1日（週日） 下午 7:34] STEP Walking shopping_street > old_town
3182.0s [6月1日（週日） 下午 7:52]   ok  actual walking transition to old_town
3182.5s [6月1日（週日） 下午 7:53]   ok  arrival does not retrigger a return
3182.5s [6月1日（週日） 下午 7:53] STEP Walking old_town > financial
3197.6s [6月1日（週日） 下午 8:22]   ok  actual walking transition to financial
3198.1s [6月1日（週日） 下午 8:23]   ok  arrival does not retrigger a return
3198.1s [6月1日（週日） 下午 8:23] STEP Walking financial > luxury_heights
3213.1s [6月1日（週日） 下午 8:55]   ok  actual walking transition to luxury_heights
3213.6s [6月1日（週日） 下午 8:56]   ok  arrival does not retrigger a return
3213.6s [6月1日（週日） 下午 8:56] STEP Walking luxury_heights > civic_center
3215.6s [6月1日（週日） 下午 9:08]   ok  actual walking transition to civic_center
3216.1s [6月1日（週日） 下午 9:09]   ok  arrival does not retrigger a return
3216.1s [6月1日（週日） 下午 9:09] STEP Walking civic_center > airport
3221.2s [6月1日（週日） 下午 9:31]   ok  actual walking transition to airport
3221.7s [6月1日（週日） 下午 9:31]   ok  arrival does not retrigger a return
3221.7s [6月1日（週日） 下午 9:31] STEP Walking airport > university
3241.3s [6月1日（週日） 下午 10:09]   ok  actual walking transition to university
3241.8s [6月1日（週日） 下午 10:10]   ok  arrival does not retrigger a return
3241.8s [6月1日（週日） 下午 10:10] STEP Walking university > startup_hub
3262.3s [6月1日（週日） 下午 10:49]   ok  actual walking transition to startup_hub
3262.8s [6月1日（週日） 下午 10:50]   ok  arrival does not retrigger a return
3262.8s [6月1日（週日） 下午 10:50] STEP Walking startup_hub > university
3264.5s [6月1日（週日） 下午 11:01]   ok  actual walking transition to university
3265.0s [6月1日（週日） 下午 11:02]   ok  arrival does not retrigger a return
3265.0s [6月1日（週日） 下午 11:02] STEP Walking university > airport
3285.5s [6月1日（週日） 下午 11:41]   ok  actual walking transition to airport
3286.0s [6月1日（週日） 下午 11:42]   ok  arrival does not retrigger a return
3286.0s [6月1日（週日） 下午 11:42] STEP Walking airport > civic_center
3305.3s [6月2日（週一） 上午 12:25]   ok  actual walking transition to civic_center
3305.8s [6月2日（週一） 上午 12:26]   ok  arrival does not retrigger a return
3305.8s [6月2日（週一） 上午 12:26] STEP Walking civic_center > luxury_heights
3310.8s [6月2日（週一） 上午 12:42]   ok  actual walking transition to luxury_heights
3311.3s [6月2日（週一） 上午 12:43]   ok  arrival does not retrigger a return
3311.3s [6月2日（週一） 上午 12:43] STEP Walking luxury_heights > financial
3313.3s [6月2日（週一） 上午 12:56]   ok  actual walking transition to financial
3313.8s [6月2日（週一） 上午 12:56]   ok  arrival does not retrigger a return
3313.8s [6月2日（週一） 上午 12:56] STEP Walking financial > old_town
3328.7s [6月2日（週一） 上午 1:26]   ok  actual walking transition to old_town
3329.2s [6月2日（週一） 上午 1:27]   ok  arrival does not retrigger a return
3329.2s [6月2日（週一） 上午 1:27] STEP Walking old_town > shopping_street
3344.2s [6月2日（週一） 上午 1:59]   ok  actual walking transition to shopping_street
3344.7s [6月2日（週一） 上午 2:00]   ok  arrival does not retrigger a return
3344.7s [6月2日（週一） 上午 2:00] STEP Walking shopping_street > industrial
3360.3s [6月2日（週一） 上午 2:31]   ok  actual walking transition to industrial
3360.8s [6月2日（週一） 上午 2:32]   ok  arrival does not retrigger a return
3360.8s [6月2日（週一） 上午 2:32] STEP Walking industrial > residential
3362.9s [6月2日（週一） 上午 2:45]   ok  actual walking transition to residential
3363.4s [6月2日（週一） 上午 2:46]   ok  arrival does not retrigger a return
3363.4s [6月2日（週一） 上午 2:46] STEP Walking residential > old_town
3381.2s [6月2日（週一） 上午 3:20]   ok  actual walking transition to old_town
3381.7s [6月2日（週一） 上午 3:20]   ok  arrival does not retrigger a return
3381.7s [6月2日（週一） 上午 3:20] STEP Walking old_town > luxury_heights
3396.7s [6月2日（週一） 上午 3:52]   ok  actual walking transition to luxury_heights
3397.2s [6月2日（週一） 上午 3:53]   ok  arrival does not retrigger a return
3397.2s [6月2日（週一） 上午 3:53] STEP Walking luxury_heights > old_town
3398.9s [6月2日（週一） 上午 4:04]   ok  actual walking transition to old_town
3399.4s [6月2日（週一） 上午 4:05]   ok  arrival does not retrigger a return
3399.4s [6月2日（週一） 上午 4:05] STEP Walking old_town > residential
3414.4s [6月2日（週一） 上午 4:34]   ok  actual walking transition to residential
3414.9s [6月2日（週一） 上午 4:35]   ok  arrival does not retrigger a return
3414.9s [6月2日（週一） 上午 4:35] STEP Walking residential > industrial
3432.7s [6月2日（週一） 上午 5:12]   ok  actual walking transition to industrial
3433.2s [6月2日（週一） 上午 5:13]   ok  arrival does not retrigger a return
3433.2s [6月2日（週一） 上午 5:13] STEP Walking industrial > shopping_street
3435.3s [6月2日（週一） 上午 5:24]   ok  actual walking transition to shopping_street
3435.8s [6月2日（週一） 上午 5:25]   ok  arrival does not retrigger a return
3435.8s [6月2日（週一） 上午 5:25] STEP Walking shopping_street > harbor
3451.5s [6月2日（週一） 上午 6:05]   ok  actual walking transition to harbor
3452.0s [6月2日（週一） 上午 6:06]   ok  arrival does not retrigger a return
3452.0s [6月2日（週一） 上午 6:06] STEP Walking harbor > riverside
3470.2s [6月2日（週一） 上午 6:40]   ok  actual walking transition to riverside
3470.7s [6月2日（週一） 上午 6:41]   ok  arrival does not retrigger a return
3470.7s [6月2日（週一） 上午 6:41]   ok  all walking time preserves ledger
3470.7s [6月2日（週一） 上午 6:41] BOT FINISHED — 0 failure(s) · 3470.7s real
3470.7s [6月2日（週一） 上午 6:41] English audit: 32 on-screen text(s) with untranslated words
