Godot Engine v4.5.1.stable.official.f62fdbde1 - https://godotengine.org
OpenGL API 3.3.0 NVIDIA 462.59 - Compatibility - Using Device: NVIDIA - Quadro RTX 4000

   0.2s STEP Main menu → New Game
   0.8s   shot 01_main_menu.png
   0.8s   click [NewGame] New Game
   0.9s   click [CreateRunCharacter] Create character
   2.2s STEP Character Creator
   2.3s   shot 02_creator_default.png
   2.3s   click [Tab_hair] Hair
   2.4s   click [Next_hair] ▶
   2.9s   click [Tab_face] Face
   3.0s   click [Next_face] ▶
   3.2s   click [Next_eye_shape] ▶
   3.4s   click [Tab_body] Body
   3.5s   click [Next_presentation] ▶
   4.1s   shot 03_creator_customised.png
   4.1s   click [Tab_outfit] Outfit
   4.3s   click "Startup Casual"
   4.9s   ok  appearance changed from default (short_neat)
   5.0s   shot 04_creator_final.png
   5.0s   click [Start] Start in Aurelia  →
   5.1s [6月1日（週日） 下午 2:00] STEP Arrival sequence
   7.8s [6月1日（週日） 下午 2:00]   shot 05_arrival_train.png
  11.3s [6月1日（週日） 下午 2:00]   shot 06_arrival_phone.png
  16.4s [6月1日（週日） 下午 2:01]   ok  spawned in the Riverside apartment
  16.4s [6月1日（週日） 下午 2:01]   ok  starting cash $30,000
  16.4s [6月1日（週日） 下午 2:01]   ok  name saved
  18.2s [6月1日（週日） 下午 2:03]   shot 07_apartment_arrival.png
  18.2s [6月1日（週日） 下午 2:03] STEP Chapter 1 — phone & Maya
  21.3s [6月1日（週日） 下午 2:08]   shot 08_phone_home.png
  21.3s [6月1日（週日） 下午 2:08]   click [App_messages] 訊息 2
  21.8s [6月1日（週日） 下午 2:08]   click [Thread_maya] Maya  ● 打給我。或傳訊息。隨便。
  23.9s [6月1日（週日） 下午 2:09]   choose "› 嗯。"
  26.9s [6月1日（週日） 下午 2:09]   choose "› 我要開公司。"
  30.4s [6月1日（週日） 下午 2:09]   ok  Maya conversation done
  30.4s [6月1日（週日） 下午 2:09] STEP Head outside
  34.5s [6月1日（週日） 下午 2:15]   ok  walked back outside
  34.5s [6月1日（週日） 下午 2:15]   ok  visited Riverside
  34.7s [6月1日（週日） 下午 2:15]   shot 09_riverside_outside_home.png
  34.7s [6月1日（週日） 下午 2:15] STEP Bloom Coffee
  37.8s [6月1日（週日） 下午 2:20]   ok  entered Bloom Coffee
  38.0s [6月1日（週日） 下午 2:20]   shot 10_bloom_coffee_inside.png
  39.4s [6月1日（週日） 下午 2:22]   use "Order coffee ($4.50)"
  41.4s [6月1日（週日） 下午 2:22]   choose "› 麻煩了。"
  46.3s [6月1日（週日） 下午 2:33]   ok  bought a coffee from Jun
  49.1s [6月1日（週日） 下午 2:38]   ok  walked back outside
  49.1s [6月1日（週日） 下午 2:38] STEP Walk east to Startup Hub
  50.6s [6月1日（週日） 下午 2:40]   shot 11_riverside_street.png
  63.3s [6月1日（週日） 下午 3:11]   ok  walked to Startup Hub
  63.5s [6月1日（週日） 下午 3:11]   shot 12_startup_hub_arrive.png
  63.5s [6月1日（週日） 下午 3:11] STEP Nexus Co-work
  67.4s [6月1日（週日） 下午 3:17]   ok  entered Nexus Co-work
  67.6s [6月1日（週日） 下午 3:17]   shot 13_cowork_inside.png
  68.8s [6月1日（週日） 下午 3:19]   use "Reception — desks & day passes"
  71.4s [6月1日（週日） 下午 3:19]   choose "› 對。先看看。"
  74.3s [6月1日（週日） 下午 3:20]   click [DayPass] Buy a day pass ($15)
  75.3s [6月1日（週日） 下午 3:21] STEP Business Board
  82.8s [6月1日（週日） 下午 3:33]   use "Business Board"
  83.6s [6月1日（週日） 下午 3:34]   shot 14_business_board.png
  83.6s [6月1日（週日） 下午 3:34]   click [Biz_saas] ● SaaS／軟體
  84.2s [6月1日（週日） 下午 3:35]   shot 15_business_board_planned_saas.png
  84.2s [6月1日（週日） 下午 3:35]   click [Biz_ecommerce] ● 電商
  84.3s [6月1日（週日） 下午 3:35]   click [StartEcommerce] Start an ecommerce side business
  85.8s [6月1日（週日） 下午 3:37]   ok  picked ecommerce as first business
  88.3s [6月1日（週日） 下午 3:41]   ok  Chapter 1 complete
  88.3s [6月1日（週日） 下午 3:41] STEP Chapter 2 — buy stock at a hot desk (Company OS)
  97.2s [6月1日（週日） 下午 3:54]   use "Work at a hot desk — Company OS"
  97.9s [6月1日（週日） 下午 3:55]   shot 16_company_os_overview_personal.png
  97.9s [6月1日（週日） 下午 3:55]   click [Tab_operations] Operations
  98.7s [6月1日（週日） 下午 3:56]   shot 17_company_os_suppliers.png
  98.7s [6月1日（週日） 下午 3:56]   click [Buy_tradelink_wholesale_wireless_earbuds] 購買 $898.50
  99.2s [6月1日（週日） 下午 4:07]   click [Buy_tradelink_wholesale_water_bottle] 購買 $407.40
  99.8s [6月1日（週日） 下午 4:18]   click [Buy_tradelink_wholesale_desk_lamp] 購買 $459.20
 100.4s [6月1日（週日） 下午 4:29]   click [Buy_tradelink_wholesale_phone_stand] 購買 $271.20
 100.9s [6月1日（週日） 下午 4:40]   ok  placed purchase orders (MOQ, prepaid): 4 POs, cash $27,944.20
 101.0s [6月1日（週日） 下午 4:40]   shot 18_company_os_purchase_orders.png
 101.4s [6月1日（週日） 下午 4:41] STEP Home to wait for stock
 104.6s [6月1日（週日） 下午 4:46]   ok  walked back outside
 108.7s [6月1日（週日） 下午 5:04]   ok  walked to Riverside
 124.6s [6月1日（週日） 下午 5:28]   ok  entered Riverside Tower
 124.6s [6月1日（週日） 下午 5:28]   (harness) wait 2 h
 127.2s [6月1日（週日） 下午 7:32]   use "Sleep"
 127.8s [6月1日（週日） 下午 7:32]   click [Sleep] Sleep until 7:00 AM
 129.8s [6月2日（週一） 上午 7:01]   (harness) wait 2 h
 130.5s [6月2日（週一） 上午 9:02]   (harness) wait 2 h
 131.2s [6月2日（週一） 上午 11:03]   (harness) wait 2 h
 131.9s [6月2日（週一） 下午 1:04]   (harness) wait 2 h
 132.6s [6月2日（週一） 下午 3:05]   (harness) wait 2 h
 133.3s [6月2日（週一） 下午 5:06]   (harness) wait 2 h
 134.1s [6月2日（週一） 下午 7:07]   use "Sleep"
 134.7s [6月2日（週一） 下午 7:07]   click [Sleep] Sleep until 7:00 AM
 136.7s [6月3日（週二） 上午 7:01]   (harness) wait 2 h
 137.4s [6月3日（週二） 上午 9:02]   (harness) wait 2 h
 138.1s [6月3日（週二） 上午 11:03]   (harness) wait 2 h
 138.8s [6月3日（週二） 下午 1:04]   ok  stock delivered to the apartment
 139.5s [6月3日（週二） 下午 1:05]   shot 19_apartment_with_stock.png
 139.5s [6月3日（週二） 下午 1:05] STEP List products on ShopLane
 140.6s [6月3日（週二） 下午 1:06]   use "Use laptop — Company OS"
 141.2s [6月3日（週二） 下午 1:07]   click [Tab_sales] Ecommerce
 142.0s [6月3日（週二） 下午 1:09]   shot 20_company_os_sales_ready.png
 142.0s [6月3日（週二） 下午 1:09]   click [ListSelf_wireless_earbuds] Shoot photos myself & list (1 h 20 min)
 142.6s [6月3日（週二） 下午 2:30]   click [ListSelf_water_bottle] Shoot photos myself & list (1 h 20 min)
 143.3s [6月3日（週二） 下午 3:50]   click [ListSelf_desk_lamp] Shoot photos myself & list (1 h 20 min)
 143.9s [6月3日（週二） 下午 5:11]   click [ListSelf_phone_stand] Shoot photos myself & list (1 h 20 min)
 144.6s [6月3日（週二） 下午 6:32]   click [AdPlus_wireless_earbuds] +
 145.3s [6月3日（週二） 下午 6:33]   shot 21_company_os_listings_live.png
 145.3s [6月3日（週二） 下午 6:33]   ok  listings live
 145.7s [6月3日（週二） 下午 6:34] STEP First order → pack → ship
 153.9s [6月3日（週二） 下午 6:46]   use "Packing table"
 154.7s [6月3日（週二） 下午 6:47]   shot 22_packing_table.png
 154.7s [6月3日（週二） 下午 6:47]   click [Pack] 打包 4 筆訂單（32 分鐘）
 155.6s [6月3日（週二） 下午 7:21]   click [CourierEconomy] 快遞 · 經濟 3 天（$20.80）
 156.8s [6月3日（週二） 下午 7:23]   ok  first order came in
 156.8s [6月3日（週二） 下午 7:23]   ok  handed to the courier (pickup booked)
 156.8s [6月3日（週二） 下午 7:23] STEP Delivery → first dollar
 165.7s [6月3日（週二） 下午 7:36]   use "Sleep"
 166.3s [6月3日（週二） 下午 7:36]   click [Sleep] Sleep until 7:00 AM
 177.0s [6月4日（週三） 上午 7:14]   use "Packing table"
 177.7s [6月4日（週三） 上午 7:15]   click [Pack] 打包 18 筆訂單（2 小時 24 分）
 178.6s [6月4日（週三） 上午 9:40]   click [CourierEconomy] 快遞 · 經濟 3 天（$65.60）
 179.9s [6月4日（週三） 上午 9:42]   ok  first order delivered (Earn Your First Dollar)
 179.9s [6月4日（週三） 上午 9:42]   revenue booked $77.09 · ShopLane balance $72.86 · cash $27,745.70
 180.0s [6月4日（週三） 上午 9:42]   shot 23_first_dollar.png
 180.0s [6月4日（週三） 上午 9:42] STEP First customer issue
 180.0s [6月4日（週三） 上午 9:42]   (harness) wait 2 h
 187.0s [6月4日（週三） 上午 11:53]   use "Packing table"
 187.7s [6月4日（週三） 上午 11:54]   click [Pack] 打包 8 筆訂單（1 小時 4 分）
 188.7s [6月4日（週三） 下午 12:59]   click [CourierEconomy] 快遞 · 經濟 3 天（$37.60）
 190.0s [6月4日（週三） 下午 1:01]   (harness) wait 2 h
 190.8s [6月4日（週三） 下午 3:02]   use "Packing table"
 191.5s [6月4日（週三） 下午 3:04]   click [Pack] 打包 4 筆訂單（32 分鐘）
 192.4s [6月4日（週三） 下午 3:37]   click [CourierEconomy] 快遞 · 經濟 3 天（$20.80）
 193.7s [6月4日（週三） 下午 3:39]   (harness) wait 2 h
 194.5s [6月4日（週三） 下午 5:40]   use "Packing table"
 195.2s [6月4日（週三） 下午 5:41]   click [Pack] 打包 4 筆訂單（32 分鐘）
 196.2s [6月4日（週三） 下午 6:15]   click [CourierEconomy] 快遞 · 經濟 3 天（$20.80）
 197.4s [6月4日（週三） 下午 6:16]   (harness) wait 2 h
 198.3s [6月4日（週三） 下午 8:18]   use "Packing table"
 199.0s [6月4日（週三） 下午 8:19]   click [Pack] 打包 7 筆訂單（56 分鐘）
 199.9s [6月4日（週三） 下午 9:24]   click [CourierEconomy] 快遞 · 經濟 3 天（$33.60）
 203.8s [6月4日（週三） 下午 9:30]   use "Sleep"
 204.4s [6月4日（週三） 下午 9:30]   click [Sleep] Sleep until 7:00 AM
 206.3s [6月5日（週四） 上午 7:00]   shot 24_decision_customer_return_first.png
 206.3s [6月5日（週四） 上午 7:00]   decision customer_return_first → replace
 206.3s [6月5日（週四） 上午 7:00]   click [Choice_replace] 寄一個新的（快捷）
 208.0s [6月5日（週四） 上午 7:00]   shot 25_decision_outcome_customer_return_first.png
 208.0s [6月5日（週四） 上午 7:00]   click "OK"
 217.4s [6月5日（週四） 上午 7:14]   use "Packing table"
 218.1s [6月5日（週四） 上午 7:15]   click [Pack] 打包 9 筆訂單（1 小時 12 分）
 219.0s [6月5日（週四） 上午 8:28]   click [CourierEconomy] 快遞 · 經濟 3 天（$38.80）
 220.3s [6月5日（週四） 上午 8:30]   ok  resolved the first customer issue
 222.3s [6月5日（週四） 上午 8:33]   ok  Chapter 2 complete
 222.3s [6月5日（週四） 上午 8:33] STEP Purchase cancellation
 223.8s [6月5日（週四） 上午 8:35]   use "Use laptop — Company OS"
 224.4s [6月5日（週四） 上午 8:36]   click [Tab_operations] Operations
 225.2s [6月5日（週四） 上午 8:37]   click [Buy_tradelink_wholesale_wireless_earbuds] 購買 $896.00
 226.3s [6月5日（週四） 上午 8:49]   click [CancelPO_PO-105] Cancel purchase
 227.0s [6月5日（週四） 上午 8:49]   shot 26_purchase_cancel_confirmation.png
 227.0s [6月5日（週四） 上午 8:49]   click [ConfirmReturn] Confirm cancellation
 227.7s [6月5日（週四） 上午 8:49]   ok  extra PO cancelled through UI
 227.7s [6月5日（週四） 上午 8:49]   ok  cancellation cash equals quoted refund
 227.7s [6月5日（週四） 上午 8:49]   ok  ledger balanced after purchase cancellation
 228.2s [6月5日（週四） 上午 8:50]   shot 27_purchase_cancelled_operations.png
 228.6s [6月5日（週四） 上午 8:51] STEP Chapter 3 — wait for a weekday morning
 231.3s [6月5日（週四） 上午 8:56]   ok  walked back outside
 231.3s [6月5日（週四） 上午 8:56] STEP Metro to Civic Center → City Hall
 239.5s [6月5日（週四） 上午 9:08]   use "捷運——河濱區站"
 240.5s [6月5日（週四） 上午 9:09]   shot 28_metro_civic_center.png
 240.5s [6月5日（週四） 上午 9:09]   click [Go_civic_center] 市政中心  ·  12 分鐘
 241.6s [6月5日（週四） 上午 9:23]   ok  took the Metro to Civic Center
 241.7s [6月5日（週四） 上午 9:23]   shot 29_civic_center.png
 248.8s [6月5日（週四） 上午 9:34]   ok  entered Aurelia City Hall
 249.0s [6月5日（週四） 上午 9:34]   shot 30_city_hall_inside.png
 250.0s [6月5日（週四） 上午 9:36]   use "Registration counter"
 252.0s [6月5日（週四） 上午 9:36]   choose "› 我要登記公司。"
 254.8s [6月5日（週四） 上午 9:37]   shot 31_registration_form.png
 254.8s [6月5日（週四） 上午 9:37]   click [Submit] Register & pay
 255.8s [6月5日（週四） 上午 10:23]   shot 32_registration_done.png
 255.8s [6月5日（週四） 上午 10:23]   click "Thanks"
 255.9s [6月5日（週四） 上午 10:23]   ok  registered Riverlight Goods
 256.0s [6月5日（週四） 上午 10:23]   shot 33_decision_low_cash_warning.png
 256.0s [6月5日（週四） 上午 10:23]   decision low_cash_warning → reduce
 256.0s [6月5日（週四） 上午 10:23]   click [Choice_reduce] 縮減開支（暫停廣告、生活從簡）
 257.5s [6月5日（週四） 上午 10:23]   shot 34_decision_outcome_low_cash_warning.png
 257.5s [6月5日（週四） 上午 10:23]   click "OK"
 260.5s [6月5日（週四） 上午 10:28]   ok  walked back outside
 260.5s [6月5日（週四） 上午 10:28] STEP Walk to the Financial District → Nexus Bank
 270.0s [6月5日（週四） 上午 10:48]   ok  walked to Financial District
 274.2s [6月5日（週四） 上午 10:54]   ok  entered Nexus Bank
 274.4s [6月5日（週四） 上午 10:54]   shot 35_bank_inside.png
 275.4s [6月5日（週四） 上午 10:56]   use "Teller — business banking"
 276.2s [6月5日（週四） 上午 10:57]   click "$15,000"
 276.5s [6月5日（週四） 上午 10:58]   click [OpenAccount] 存入 $15,000 開戶
 277.6s [6月5日（週四） 上午 11:29]   shot 36_bank_account_opened.png
 278.0s [6月5日（週四） 上午 11:30]   ok  business account opened with founder capital
 280.4s [6月5日（週四） 上午 11:35]   ok  walked back outside
 280.4s [6月5日（週四） 上午 11:35] STEP Metro to Startup Hub → lease Suite 2B
 286.8s [6月5日（週四） 上午 11:44]   use "捷運——金融區站"
 287.8s [6月5日（週四） 上午 11:46]   shot 37_metro_startup_hub.png
 287.8s [6月5日（週四） 上午 11:46]   click [Go_startup_hub] 新創園區  ·  8 分鐘
 288.9s [6月5日（週四） 上午 11:55]   ok  took the Metro to Startup Hub
 293.9s [6月5日（週四） 下午 12:03]   ok  entered 22 Founders Lane
 294.1s [6月5日（週四） 下午 12:03]   shot 38_suite_2b_tour.png
 295.0s [6月5日（週四） 下午 12:05]   use "和 Tom 說話"
 297.4s [6月5日（週四） 下午 12:05]   click [SignLease] Sign the lease
 298.6s [6月5日（週四） 下午 12:07]   ok  leased Suite 2B
 299.3s [6月5日（週四） 下午 12:08]   shot 39_suite_2b_company_sign.png
 299.3s [6月5日（週四） 下午 12:08] STEP Sit at the desk → Company OS as the company
 299.9s [6月5日（週四） 下午 12:09]   use "Sit at your desk — Company OS"
 301.2s [6月5日（週四） 下午 12:11]   shot 40_company_os_as_company.png
 301.2s [6月5日（週四） 下午 12:11]   click [Tab_finance] Finance
 301.9s [6月5日（週四） 下午 12:12]   shot 41_company_os_finance.png
 301.9s [6月5日（週四） 下午 12:12]   click [Tab_inventory] Inventory
 302.6s [6月5日（週四） 下午 12:13]   shot 42_company_os_inventory.png
 306.0s [6月5日（週四） 下午 12:18]   ok  Chapter 3 complete
 308.4s [6月5日（週四） 下午 12:22]   ok  walked back outside
 308.6s [6月5日（週四） 下午 12:22]   shot 43_startup_hub_office_sign.png
 308.6s [6月5日（週四） 下午 12:22] STEP Careers — part-time job at Nexus Co-work
 315.1s [6月5日（週四） 下午 12:32]   ok  entered Nexus Co-work
 317.4s [6月5日（週四） 下午 12:36]   use "Business Board"
 318.1s [6月5日（週四） 下午 12:37]   click [Page_jobs] Part-time jobs
 318.8s [6月5日（週四） 下午 12:38]   shot 44_business_board_jobs.png
 318.8s [6月5日（週四） 下午 12:38]   click [Job_cowork_host] 詳情／應徵
 319.4s [6月5日（週四） 下午 12:39]   click [ApplyJob] Take the job
 320.0s [6月5日（週四） 下午 12:40]   shot 45_job_hired.png
 321.1s [6月5日（週四） 下午 12:41]   ok  hired as a community host
 327.9s [6月5日（週四） 下午 12:51]   use "Staff door — work a shift"
 328.6s [6月5日（週四） 下午 12:52]   shot 46_job_shift.png
 328.6s [6月5日（週四） 下午 12:52]   click [WorkShift] 開始 4 小時的班（最多 +$72）
 330.5s [6月5日（週四） 下午 4:55]   ok  a 4-hour shift paid by how it went ($68.14)
 330.5s [6月5日（週四） 下午 4:55] STEP Careers — freelance gig at a hot desk
 330.5s [6月5日（週四） 下午 4:55]   info card: Your first business loop
 330.6s [6月5日（週四） 下午 4:55]   shot 47_info_your_first_business_loop.png
 330.6s [6月5日（週四） 下午 4:55]   click "Let's go"
 339.6s [6月5日（週四） 下午 5:08]   use "Work at a hot desk — Company OS"
 340.2s [6月5日（週四） 下午 5:09]   click [Tab_freelance] Explore freelance consulting
 340.8s [6月5日（週四） 下午 5:10]   click [StartFreelance] Start freelancing
 341.5s [6月5日（週四） 下午 5:11]   click [Accept_G1] Accept
 342.1s [6月5日（週四） 下午 5:12]   click [Work_G1] 工作 2 小時
 343.0s [6月5日（週四） 下午 7:13]   shot 48_freelance_gig.png
 343.0s [6月5日（週四） 下午 7:13]   ok  put hours into a freelance gig
 343.0s [6月5日（週四） 下午 7:13] STEP Careers — start a SaaS product
 343.0s [6月5日（週四） 下午 7:13]   click [Tab_saas] Start a software product
 343.6s [6月5日（週四） 下午 7:14]   shot 49_saas_ideas.png
 343.6s [6月5日（週四） 下午 7:14]   click [Saas_freelancer_invoicing] Build this
 344.2s [6月5日（週四） 下午 7:15]   click [SaasCode] 寫程式 2 小時
 344.9s [6月5日（週四） 下午 9:16]   shot 50_saas_building.png
 344.9s [6月5日（週四） 下午 9:16]   ok  started building a SaaS product (2 dev h)
 348.6s [6月5日（週四） 下午 9:22]   ok  walked back outside
 348.6s [6月5日（週四） 下午 9:22] STEP Run the company to month-end
 352.6s [6月5日（週四） 下午 9:40]   ok  walked to Riverside
 368.5s [6月5日（週四） 下午 10:04]   ok  entered Riverside Tower
 370.5s [6月5日（週四） 下午 10:07]   use "Sleep"
 371.1s [6月5日（週四） 下午 10:07]   click [Sleep] Sleep until 7:00 AM
 381.9s [6月6日（週五） 上午 7:14]   use "Packing table"
 382.6s [6月6日（週五） 上午 7:15]   click [Pack] 打包 38 筆訂單（5 小時 4 分）
 383.6s [6月6日（週五） 下午 12:20]   click [CourierEconomy] 快遞 · 經濟 3 天（$151.60）
 393.8s [6月6日（週五） 下午 7:14]   use "Sleep"
 394.4s [6月6日（週五） 下午 7:14]   click [Sleep] Sleep until 7:00 AM
 405.1s [6月7日（週六） 上午 7:14]   use "Packing table"
 405.8s [6月7日（週六） 上午 7:15]   click [Pack] 打包 30 筆訂單（4 h）
 406.8s [6月7日（週六） 上午 11:16]   click [CourierEconomy] 快遞 · 經濟 3 天（$118.00）
 416.9s [6月7日（週六） 下午 7:13]   use "Sleep"
 417.5s [6月7日（週六） 下午 7:13]   click [Sleep] Sleep until 7:00 AM
 418.2s [6月7日（週六） 下午 10:34]   toast: 新評價 #1016：★「壞掉了，賣家不處理。」
 419.4s [6月8日（週日） 上午 7:00]   shot 51_decision_customer_return.png
 419.4s [6月8日（週日） 上午 7:00]   decision customer_return → replace
 419.4s [6月8日（週日） 上午 7:00]   click [Choice_replace] 寄一個新的
 420.8s [6月8日（週日） 上午 7:00]   shot 52_decision_outcome_customer_return.png
 420.8s [6月8日（週日） 上午 7:00]   click "OK"
 430.2s [6月8日（週日） 上午 7:13]   use "Packing table"
 430.9s [6月8日（週日） 上午 7:15]   click [Pack] 打包 37 筆訂單（4 小時 56 分）
 431.9s [6月8日（週日） 下午 12:12]   click [CourierEconomy] 快遞 · 經濟 3 天（$138.40）
 434.7s [6月8日（週日） 下午 12:16]   use "Use laptop — Company OS"
 435.3s [6月8日（週日） 下午 12:17]   click [Tab_operations] Operations
 435.6s [6月8日（週日） 下午 12:17]   click [DeliverTo_riverside_studio] 河濱大樓 7C
 435.9s [6月8日（週日） 下午 12:18]   click [Buy_tradelink_wholesale_wireless_earbuds] 購買 $900.00
 444.3s [6月8日（週日） 下午 7:12]   use "Sleep"
 445.0s [6月8日（週日） 下午 7:12]   click [Sleep] Sleep until 7:00 AM
 455.7s [6月9日（週一） 上午 7:14]   use "Packing table"
 456.4s [6月9日（週一） 上午 7:15]   click [Pack] 打包 25 筆訂單（3 小時 20 分）
 457.3s [6月9日（週一） 上午 10:36]   click [CourierEconomy] 快遞 · 經濟 3 天（$92.00）
 458.6s [6月9日（週一） 上午 10:37]   shot 53_decision_customer_return.png
 458.6s [6月9日（週一） 上午 10:37]   decision customer_return → refund
 458.6s [6月9日（週一） 上午 10:37]   click [Choice_refund] 退款＋收回商品
 460.0s [6月9日（週一） 上午 10:37]   shot 54_decision_outcome_customer_return.png
 460.0s [6月9日（週一） 上午 10:37]   click "OK"
 462.1s [6月9日（週一） 上午 10:40]   use "Use laptop — Company OS"
 462.7s [6月9日（週一） 上午 10:41]   click [Tab_operations] Operations
 463.0s [6月9日（週一） 上午 10:41]   click [DeliverTo_riverside_studio] 河濱大樓 7C
 463.3s [6月9日（週一） 上午 10:41]   click [Buy_tradelink_wholesale_water_bottle] 購買 $408.00
 463.6s [6月9日（週一） 上午 10:52]   click [Buy_tradelink_wholesale_wireless_earbuds] 購買 $900.00
 472.1s [6月9日（週一） 下午 7:12]   use "Sleep"
 472.7s [6月9日（週一） 下午 7:12]   click [Sleep] Sleep until 7:00 AM
 474.6s [6月10日（週二） 上午 7:00]   shot 55_decision_customer_return.png
 474.6s [6月10日（週二） 上午 7:00]   decision customer_return → refund
 474.6s [6月10日（週二） 上午 7:00]   click [Choice_refund] 退款＋收回商品
 476.0s [6月10日（週二） 上午 7:00]   shot 56_decision_outcome_customer_return.png
 476.0s [6月10日（週二） 上午 7:00]   click "OK"
 476.6s [6月10日（週二） 上午 7:00]   shot 57_decision_customer_return.png
 476.6s [6月10日（週二） 上午 7:00]   decision customer_return → replace
 476.6s [6月10日（週二） 上午 7:00]   click [Choice_replace] 寄一個新的
 478.0s [6月10日（週二） 上午 7:00]   shot 58_decision_outcome_customer_return.png
 478.0s [6月10日（週二） 上午 7:00]   click "OK"
 487.4s [6月10日（週二） 上午 7:14]   use "Packing table"
 488.1s [6月10日（週二） 上午 7:15]   click [Pack] 打包 32 筆訂單（4 小時 16 分）
 489.1s [6月10日（週二） 上午 11:32]   click [CourierEconomy] 快遞 · 經濟 3 天（$108.40）
 491.9s [6月10日（週二） 上午 11:36]   use "Use laptop — Company OS"
 492.5s [6月10日（週二） 上午 11:37]   click [Tab_operations] Operations
 492.8s [6月10日（週二） 上午 11:38]   click [DeliverTo_riverside_studio] 河濱大樓 7C
 493.1s [6月10日（週二） 上午 11:38]   click [Buy_tradelink_wholesale_water_bottle] 購買 $408.00
 501.6s [6月10日（週二） 下午 7:12]   use "Sleep"
 502.2s [6月10日（週二） 下午 7:12]   click [Sleep] Sleep until 7:00 AM
 504.1s [6月11日（週三） 上午 7:00]   shot 59_decision_customer_return.png
 504.1s [6月11日（週三） 上午 7:00]   decision customer_return → replace
 504.1s [6月11日（週三） 上午 7:00]   click [Choice_replace] 寄一個新的
 505.5s [6月11日（週三） 上午 7:00]   shot 60_decision_outcome_customer_return.png
 505.5s [6月11日（週三） 上午 7:00]   click "OK"
 514.9s [6月11日（週三） 上午 7:13]   use "Packing table"
 515.6s [6月11日（週三） 上午 7:15]   click [Pack] 打包 20 筆訂單（2 小時 40 分）
 516.6s [6月11日（週三） 上午 9:56]   click [CourierEconomy] 快遞 · 經濟 3 天（$72.00）
 519.4s [6月11日（週三） 上午 10:00]   use "Use laptop — Company OS"
 520.0s [6月11日（週三） 上午 10:01]   click [Tab_operations] Operations
 520.3s [6月11日（週三） 上午 10:02]   click [DeliverTo_riverside_studio] 河濱大樓 7C
 520.6s [6月11日（週三） 上午 10:02]   click [Buy_tradelink_wholesale_water_bottle] 購買 $408.00
 529.1s [6月11日（週三） 下午 7:12]   use "Sleep"
 529.7s [6月11日（週三） 下午 7:12]   click [Sleep] Sleep until 7:00 AM
 540.4s [6月12日（週四） 上午 7:14]   use "Packing table"
 541.1s [6月12日（週四） 上午 7:15]   click [Pack] 打包 23 筆訂單（3 小時 4 分）
 542.1s [6月12日（週四） 上午 10:20]   click [CourierEconomy] 快遞 · 經濟 3 天（$79.60）
 543.5s [6月12日（週四） 下午 7:00]   shot 61_decision_customer_return.png
 543.5s [6月12日（週四） 下午 7:00]   decision customer_return → replace
 543.5s [6月12日（週四） 下午 7:00]   click [Choice_replace] 寄一個新的
 545.0s [6月12日（週四） 下午 7:00]   shot 62_decision_outcome_customer_return.png
 545.0s [6月12日（週四） 下午 7:00]   click "OK"
 554.4s [6月12日（週四） 下午 7:13]   use "Sleep"
 555.0s [6月12日（週四） 下午 7:14]   click [Sleep] Sleep until 7:00 AM
 565.7s [6月13日（週五） 上午 7:14]   use "Packing table"
 566.4s [6月13日（週五） 上午 7:15]   click [Pack] 打包 41 筆訂單（5 小時 28 分）
 567.4s [6月13日（週五） 下午 12:44]   click [CourierEconomy] 快遞 · 經濟 3 天（$137.20）
 568.7s [6月13日（週五） 下午 12:46]   shot 63_decision_customer_return.png
 568.7s [6月13日（週五） 下午 12:46]   decision customer_return → replace
 568.7s [6月13日（週五） 下午 12:46]   click [Choice_replace] 寄一個新的
 570.1s [6月13日（週五） 下午 12:46]   shot 64_decision_outcome_customer_return.png
 570.1s [6月13日（週五） 下午 12:46]   click "OK"
 570.9s [6月13日（週五） 下午 7:00]   shot 65_decision_supplier_price_increase.png
 570.9s [6月13日（週五） 下午 7:00]   decision supplier_price_increase → accept
 570.9s [6月13日（週五） 下午 7:00]   click [Choice_accept] 好。繼續跟你進貨。
 572.3s [6月13日（週五） 下午 7:00]   shot 66_decision_outcome_supplier_price_increase.png
 572.3s [6月13日（週五） 下午 7:00]   click "OK"
 581.8s [6月13日（週五） 下午 7:14]   use "Sleep"
 582.4s [6月13日（週五） 下午 7:14]   click [Sleep] Sleep until 7:00 AM
 584.3s [6月14日（週六） 上午 7:00]   shot 67_decision_customer_return.png
 584.3s [6月14日（週六） 上午 7:00]   decision customer_return → replace
 584.3s [6月14日（週六） 上午 7:00]   click [Choice_replace] 寄一個新的
 585.7s [6月14日（週六） 上午 7:00]   shot 68_decision_outcome_customer_return.png
 585.7s [6月14日（週六） 上午 7:00]   click "OK"
 593.2s [6月14日（週六） 上午 7:11]   shot 69_decision_customer_return.png
 593.2s [6月14日（週六） 上午 7:11]   decision customer_return → replace
 593.2s [6月14日（週六） 上午 7:11]   click [Choice_replace] 寄一個新的
 594.6s [6月14日（週六） 上午 7:11]   shot 70_decision_outcome_customer_return.png
 594.6s [6月14日（週六） 上午 7:11]   click "OK"
 595.2s [6月14日（週六） 上午 7:11]   use "Packing table"
 595.9s [6月14日（週六） 上午 7:12]   click [Pack] 打包 28 筆訂單（3 小時 44 分）
 596.9s [6月14日（週六） 上午 10:58]   click [CourierEconomy] 快遞 · 經濟 3 天（$95.60）
 607.0s [6月14日（週六） 下午 7:13]   use "Sleep"
 607.6s [6月14日（週六） 下午 7:13]   click [Sleep] Sleep until 7:00 AM
 618.3s [6月15日（週日） 上午 7:14]   use "Packing table"
 619.0s [6月15日（週日） 上午 7:15]   click [Pack] 打包 28 筆訂單（3 小時 44 分）
 620.0s [6月15日（週日） 上午 11:00]   click [CourierEconomy] 快遞 · 經濟 3 天（$95.60）
 630.2s [6月15日（週日） 下午 7:13]   use "Sleep"
 630.8s [6月15日（週日） 下午 7:14]   click [Sleep] Sleep until 7:00 AM
 641.5s [6月16日（週一） 上午 7:14]   use "Packing table"
 642.2s [6月16日（週一） 上午 7:15]   click [Pack] 打包 32 筆訂單（4 小時 16 分）
 643.2s [6月16日（週一） 上午 11:32]   click [CourierEconomy] 快遞 · 經濟 3 天（$108.40）
 644.4s [6月16日（週一） 上午 11:34]   shot 71_decision_customer_return.png
 644.4s [6月16日（週一） 上午 11:34]   decision customer_return → refund
 644.4s [6月16日（週一） 上午 11:34]   click [Choice_refund] 退款＋收回商品
 645.8s [6月16日（週一） 上午 11:34]   shot 72_decision_outcome_customer_return.png
 645.8s [6月16日（週一） 上午 11:34]   click "OK"
 646.6s [6月16日（週一） 下午 7:00]   shot 73_decision_customer_return.png
 646.6s [6月16日（週一） 下午 7:00]   decision customer_return → replace
 646.6s [6月16日（週一） 下午 7:00]   click [Choice_replace] 寄一個新的
 648.0s [6月16日（週一） 下午 7:00]   shot 74_decision_outcome_customer_return.png
 648.0s [6月16日（週一） 下午 7:00]   click "OK"
 648.8s [6月16日（週一） 下午 7:00]   shot 75_decision_unexpected_large_order.png
 648.8s [6月16日（週一） 下午 7:00]   decision unexpected_large_order → review
 648.8s [6月16日（週一） 下午 7:00]   click [Choice_review] 把合約寄給我，我看看。
 650.2s [6月16日（週一） 下午 7:00]   shot 76_decision_outcome_unexpected_large_order.png
 650.2s [6月16日（週一） 下午 7:00]   click "OK"
 659.6s [6月16日（週一） 下午 7:14]   use "Sleep"
 660.2s [6月16日（週一） 下午 7:14]   click [Sleep] Sleep until 7:00 AM
 662.1s [6月17日（週二） 上午 7:00]   shot 77_decision_customer_return.png
 662.1s [6月17日（週二） 上午 7:00]   decision customer_return → replace
 662.1s [6月17日（週二） 上午 7:00]   click [Choice_replace] 寄一個新的
 663.6s [6月17日（週二） 上午 7:00]   shot 78_decision_outcome_customer_return.png
 663.6s [6月17日（週二） 上午 7:00]   click "OK"
 673.0s [6月17日（週二） 上午 7:14]   use "Packing table"
 673.7s [6月17日（週二） 上午 7:15]   click [Pack] 打包 36 筆訂單（4 小時 48 分）
 674.6s [6月17日（週二） 下午 12:04]   click [CourierEconomy] 快遞 · 經濟 3 天（$123.20）
 677.5s [6月17日（週二） 下午 12:08]   use "Use laptop — Company OS"
 678.1s [6月17日（週二） 下午 12:09]   click [Tab_operations] Operations
 678.4s [6月17日（週二） 下午 12:10]   click [DeliverTo_riverside_studio] 河濱大樓 7C
 678.7s [6月17日（週二） 下午 12:10]   click [Buy_tradelink_wholesale_wireless_earbuds] 購買 $900.50
 679.0s [6月17日（週二） 下午 12:21]   click [Tab_contracts] 合約 ●
 679.8s [6月17日（週二） 下午 12:22]   shot 79_contract_offer.png
 679.8s [6月17日（週二） 下午 12:22]   click [AcceptContract] Accept
 681.0s [6月17日（週二） 下午 7:00]   shot 80_decision_customer_return.png
 681.0s [6月17日（週二） 下午 7:00]   decision customer_return → refund
 681.0s [6月17日（週二） 下午 7:00]   click [Choice_refund] 退款＋收回商品
 682.4s [6月17日（週二） 下午 7:00]   shot 81_decision_outcome_customer_return.png
 682.5s [6月17日（週二） 下午 7:00]   click "OK"
 690.7s [6月17日（週二） 下午 7:12]   use "Sleep"
 691.3s [6月17日（週二） 下午 7:12]   click [Sleep] Sleep until 7:00 AM
 693.2s [6月18日（週三） 上午 7:00]   shot 82_decision_customer_return.png
 693.2s [6月18日（週三） 上午 7:00]   decision customer_return → refund
 693.2s [6月18日（週三） 上午 7:00]   click [Choice_refund] 退款＋收回商品
 694.7s [6月18日（週三） 上午 7:00]   shot 83_decision_outcome_customer_return.png
 694.7s [6月18日（週三） 上午 7:00]   click "OK"
 695.2s [6月18日（週三） 上午 7:00]   shot 84_decision_customer_return.png
 695.2s [6月18日（週三） 上午 7:00]   decision customer_return → refund
 695.2s [6月18日（週三） 上午 7:00]   click [Choice_refund] 退款＋收回商品
 696.6s [6月18日（週三） 上午 7:00]   shot 85_decision_outcome_customer_return.png
 696.6s [6月18日（週三） 上午 7:00]   click "OK"
 706.1s [6月18日（週三） 上午 7:14]   use "Packing table"
 706.7s [6月18日（週三） 上午 7:15]   click [Pack] 打包 6 筆訂單（48 分鐘）
 707.7s [6月18日（週三） 上午 8:04]   click [CourierEconomy] 快遞 · 經濟 3 天（$25.20）
 710.5s [6月18日（週三） 上午 8:08]   use "Use laptop — Company OS"
 711.1s [6月18日（週三） 上午 8:09]   click [Tab_operations] Operations
 711.4s [6月18日（週三） 上午 8:10]   click [DeliverTo_riverside_studio] 河濱大樓 7C
 711.7s [6月18日（週三） 上午 8:10]   click [Buy_tradelink_wholesale_water_bottle] 購買 $469.20
 712.0s [6月18日（週三） 上午 8:20]   click [Buy_tradelink_wholesale_water_bottle] 購買 $469.20
 712.3s [6月18日（週三） 上午 8:31]   click [Buy_tradelink_wholesale_wireless_earbuds] 購買 $900.00
 712.6s [6月18日（週三） 上午 8:41]   click [Tab_contracts] Contracts
 721.4s [6月18日（週三） 下午 7:12]   use "Sleep"
 722.0s [6月18日（週三） 下午 7:12]   click [Sleep] Sleep until 7:00 AM
 723.9s [6月19日（週四） 上午 7:00]   shot 86_decision_customer_return.png
 723.9s [6月19日（週四） 上午 7:00]   decision customer_return → refund
 723.9s [6月19日（週四） 上午 7:00]   click [Choice_refund] 退款＋收回商品
 725.4s [6月19日（週四） 上午 7:00]   shot 87_decision_outcome_customer_return.png
 725.4s [6月19日（週四） 上午 7:00]   click "OK"
 725.9s [6月19日（週四） 上午 7:00]   shot 88_decision_customer_return.png
 725.9s [6月19日（週四） 上午 7:00]   decision customer_return → refund
 725.9s [6月19日（週四） 上午 7:00]   click [Choice_refund] 退款＋收回商品
 727.3s [6月19日（週四） 上午 7:00]   shot 89_decision_outcome_customer_return.png
 727.3s [6月19日（週四） 上午 7:00]   click "OK"
 729.1s [6月19日（週四） 上午 7:02]   use "Use laptop — Company OS"
 729.7s [6月19日（週四） 上午 7:03]   click [Tab_operations] Operations
 730.0s [6月19日（週四） 上午 7:03]   click [DeliverTo_riverside_studio] 河濱大樓 7C
 730.3s [6月19日（週四） 上午 7:04]   click [Buy_tradelink_wholesale_water_bottle] 購買 $468.60
 730.7s [6月19日（週四） 上午 7:14]   click [Buy_tradelink_wholesale_water_bottle] 購買 $468.60
 731.0s [6月19日（週四） 上午 7:25]   click [Buy_tradelink_wholesale_wireless_earbuds] 購買 $898.50
 731.3s [6月19日（週四） 上午 7:35]   click [Tab_contracts] Contracts
 739.7s [6月19日（週四） 下午 7:11]   use "Sleep"
 740.3s [6月19日（週四） 下午 7:11]   click [Sleep] Sleep until 7:00 AM
 742.2s [6月20日（週五） 上午 7:00]   shot 90_decision_customer_return.png
 742.2s [6月20日（週五） 上午 7:00]   decision customer_return → replace
 742.2s [6月20日（週五） 上午 7:00]   click [Choice_replace] 寄一個新的
 743.6s [6月20日（週五） 上午 7:00]   shot 91_decision_outcome_customer_return.png
 743.6s [6月20日（週五） 上午 7:00]   click "OK"
 753.1s [6月20日（週五） 上午 7:14]   use "Packing table"
 753.7s [6月20日（週五） 上午 7:15]   click [Pack] 打包 7 筆訂單（56 分鐘）
 754.7s [6月20日（週五） 上午 8:12]   click [CourierEconomy] 快遞 · 經濟 3 天（$28.40）
 757.5s [6月20日（週五） 上午 8:16]   use "Use laptop — Company OS"
 758.1s [6月20日（週五） 上午 8:17]   click [Tab_operations] Operations
 758.5s [6月20日（週五） 上午 8:18]   click [DeliverTo_riverside_studio] 河濱大樓 7C
 758.8s [6月20日（週五） 上午 8:18]   click [Buy_tradelink_wholesale_water_bottle] 購買 $468.00
 759.1s [6月20日（週五） 上午 8:29]   click [Buy_tradelink_wholesale_water_bottle] 購買 $468.00
 759.4s [6月20日（週五） 上午 8:39]   click [Tab_contracts] Contracts
 768.2s [6月20日（週五） 下午 7:11]   use "Sleep"
 768.8s [6月20日（週五） 下午 7:11]   click [Sleep] Sleep until 7:00 AM
 779.6s [6月21日（週六） 上午 7:14]   use "Packing table"
 780.3s [6月21日（週六） 上午 7:15]   click [Pack] 打包 34 筆訂單（4 小時 32 分）
 781.2s [6月21日（週六） 上午 11:48]   click [CourierEconomy] 快遞 · 經濟 3 天（$114.80）
 782.5s [6月21日（週六） 上午 11:50]   shot 92_decision_viral_mention.png
 782.5s [6月21日（週六） 上午 11:50]   decision viral_mention → ride
 782.5s [6月21日（週六） 上午 11:50]   click [Choice_ride] 順其自然
 783.9s [6月21日（週六） 上午 11:50]   shot 93_decision_outcome_viral_mention.png
 783.9s [6月21日（週六） 上午 11:50]   click "OK"
 786.1s [6月21日（週六） 上午 11:53]   use "Use laptop — Company OS"
 786.7s [6月21日（週六） 上午 11:54]   click [Tab_contracts] Contracts
 787.3s [6月21日（週六） 上午 11:54]   click [DeliverContract] 打包並交貨 120 件（B2B 貨運 $40）
 788.1s [6月21日（週六） 下午 1:26]   shot 94_contract_delivered.png
 796.2s [6月21日（週六） 下午 7:12]   use "Sleep"
 796.8s [6月21日（週六） 下午 7:12]   click [Sleep] Sleep until 7:00 AM
 798.7s [6月22日（週日） 上午 7:00]   shot 95_decision_customer_return.png
 798.7s [6月22日（週日） 上午 7:00]   decision customer_return → replace
 798.7s [6月22日（週日） 上午 7:00]   click [Choice_replace] 寄一個新的
 800.1s [6月22日（週日） 上午 7:00]   shot 96_decision_outcome_customer_return.png
 800.1s [6月22日（週日） 上午 7:00]   click "OK"
 809.5s [6月22日（週日） 上午 7:14]   use "Packing table"
 810.2s [6月22日（週日） 上午 7:15]   click [Pack] 打包 53 筆訂單（7 小時 4 分）
 811.2s [6月22日（週日） 下午 2:20]   click [CourierEconomy] 快遞 · 經濟 3 天（$175.60）
 812.5s [6月22日（週日） 下午 2:21]   shot 97_decision_customer_return.png
 812.5s [6月22日（週日） 下午 2:21]   decision customer_return → replace
 812.5s [6月22日（週日） 下午 2:21]   click [Choice_replace] 寄一個新的
 813.9s [6月22日（週日） 下午 2:21]   shot 98_decision_outcome_customer_return.png
 813.9s [6月22日（週日） 下午 2:21]   click "OK"
 823.4s [6月22日（週日） 下午 7:14]   use "Sleep"
 824.0s [6月22日（週日） 下午 7:14]   click [Sleep] Sleep until 7:00 AM
 834.8s [6月23日（週一） 上午 7:14]   use "Packing table"
 835.4s [6月23日（週一） 上午 7:15]   click [Pack] 打包 53 筆訂單（7 小時 4 分）
 836.5s [6月23日（週一） 下午 2:20]   click [CourierEconomy] 快遞 · 經濟 3 天（$175.60）
 846.6s [6月23日（週一） 下午 7:14]   use "Sleep"
 847.2s [6月23日（週一） 下午 7:14]   click [Sleep] Sleep until 7:00 AM
 858.0s [6月24日（週二） 上午 7:14]   use "Packing table"
 858.7s [6月24日（週二） 上午 7:15]   click [Pack] 打包 61 筆訂單（8 小時 8 分）
 859.7s [6月24日（週二） 下午 3:24]   click [CourierEconomy] 快遞 · 經濟 3 天（$201.20）
 862.6s [6月24日（週二） 下午 3:29]   use "Use laptop — Company OS"
 863.2s [6月24日（週二） 下午 3:30]   click [Tab_operations] Operations
 863.5s [6月24日（週二） 下午 3:30]   click [DeliverTo_riverside_studio] 河濱大樓 7C
 863.8s [6月24日（週二） 下午 3:30]   click [Buy_tradelink_wholesale_wireless_earbuds] 購買 $900.50
 872.3s [6月24日（週二） 下午 7:11]   use "Sleep"
 872.9s [6月24日（週二） 下午 7:11]   click [Sleep] Sleep until 7:00 AM
 883.7s [6月25日（週三） 上午 7:14]   use "Packing table"
 884.4s [6月25日（週三） 上午 7:15]   click [Pack] 打包 10 筆訂單（1 小時 20 分）
 885.4s [6月25日（週三） 上午 8:36]   click [CourierEconomy] 快遞 · 經濟 3 天（$38.00）
 888.2s [6月25日（週三） 上午 8:40]   use "Use laptop — Company OS"
 888.8s [6月25日（週三） 上午 8:41]   click [Tab_operations] Operations
 889.2s [6月25日（週三） 上午 8:42]   click [DeliverTo_riverside_studio] 河濱大樓 7C
 889.5s [6月25日（週三） 上午 8:42]   click [Buy_tradelink_wholesale_wireless_earbuds] 購買 $900.50
 890.4s [6月25日（週三） 下午 7:00]   shot 99_decision_customer_return.png
 890.4s [6月25日（週三） 下午 7:00]   decision customer_return → refund
 890.4s [6月25日（週三） 下午 7:00]   click [Choice_refund] 退款＋收回商品
 891.9s [6月25日（週三） 下午 7:00]   shot 100_decision_outcome_customer_return.png
 891.9s [6月25日（週三） 下午 7:00]   click "OK"
 900.1s [6月25日（週三） 下午 7:12]   use "Sleep"
 900.7s [6月25日（週三） 下午 7:12]   click [Sleep] Sleep until 7:00 AM
 902.6s [6月26日（週四） 上午 7:00]   shot 101_decision_customer_return.png
 902.6s [6月26日（週四） 上午 7:00]   decision customer_return → refund
 902.6s [6月26日（週四） 上午 7:00]   click [Choice_refund] 退款＋收回商品
 904.1s [6月26日（週四） 上午 7:00]   shot 102_decision_outcome_customer_return.png
 904.1s [6月26日（週四） 上午 7:00]   click "OK"
 904.6s [6月26日（週四） 上午 7:00]   shot 103_decision_customer_return.png
 904.6s [6月26日（週四） 上午 7:00]   decision customer_return → refund
 904.6s [6月26日（週四） 上午 7:00]   click [Choice_refund] 退款＋收回商品
 906.0s [6月26日（週四） 上午 7:00]   shot 104_decision_outcome_customer_return.png
 906.0s [6月26日（週四） 上午 7:00]   click "OK"
 915.4s [6月26日（週四） 上午 7:14]   use "Packing table"
 916.1s [6月26日（週四） 上午 7:15]   click [Pack] 打包 11 筆訂單（1 小時 28 分）
 917.1s [6月26日（週四） 上午 8:44]   click [CourierEconomy] 快遞 · 經濟 3 天（$41.20）
 919.9s [6月26日（週四） 上午 8:48]   use "Use laptop — Company OS"
 920.5s [6月26日（週四） 上午 8:49]   click [Tab_operations] Operations
 920.8s [6月26日（週四） 上午 8:50]   click [DeliverTo_riverside_studio] 河濱大樓 7C
 921.2s [6月26日（週四） 上午 8:50]   click [Buy_tradelink_wholesale_wireless_earbuds] 購買 $901.50
 922.1s [6月26日（週四） 下午 7:00]   shot 105_decision_customer_return.png
 922.1s [6月26日（週四） 下午 7:00]   decision customer_return → replace
 922.1s [6月26日（週四） 下午 7:00]   click [Choice_replace] 寄一個新的
 923.5s [6月26日（週四） 下午 7:00]   shot 106_decision_outcome_customer_return.png
 923.5s [6月26日（週四） 下午 7:00]   click "OK"
 924.1s [6月26日（週四） 下午 7:00]   shot 107_decision_customer_return.png
 924.1s [6月26日（週四） 下午 7:00]   decision customer_return → replace
 924.1s [6月26日（週四） 下午 7:00]   click [Choice_replace] 寄一個新的
 925.5s [6月26日（週四） 下午 7:00]   shot 108_decision_outcome_customer_return.png
 925.5s [6月26日（週四） 下午 7:00]   click "OK"
 933.8s [6月26日（週四） 下午 7:12]   use "Sleep"
 934.4s [6月26日（週四） 下午 7:12]   click [Sleep] Sleep until 7:00 AM
 936.3s [6月27日（週五） 上午 7:00]   shot 109_decision_customer_return.png
 936.3s [6月27日（週五） 上午 7:00]   decision customer_return → replace
 936.3s [6月27日（週五） 上午 7:00]   click [Choice_replace] 寄一個新的
 937.7s [6月27日（週五） 上午 7:00]   shot 110_decision_outcome_customer_return.png
 937.7s [6月27日（週五） 上午 7:00]   click "OK"
 938.3s [6月27日（週五） 上午 7:00]   shot 111_decision_customer_return.png
 938.3s [6月27日（週五） 上午 7:00]   decision customer_return → replace
 938.3s [6月27日（週五） 上午 7:00]   click [Choice_replace] 寄一個新的
 939.7s [6月27日（週五） 上午 7:00]   shot 112_decision_outcome_customer_return.png
 939.7s [6月27日（週五） 上午 7:00]   click "OK"
 949.1s [6月27日（週五） 上午 7:14]   use "Packing table"
 949.8s [6月27日（週五） 上午 7:15]   click [Pack] 打包 21 筆訂單（2 小時 48 分）
 950.7s [6月27日（週五） 上午 10:04]   click [CourierEconomy] 快遞 · 經濟 3 天（$73.20）
 960.9s [6月27日（週五） 下午 7:13]   use "Sleep"
 961.5s [6月27日（週五） 下午 7:13]   click [Sleep] Sleep until 7:00 AM
 963.4s [6月28日（週六） 上午 7:00]   shot 113_decision_customer_return.png
 963.4s [6月28日（週六） 上午 7:00]   decision customer_return → replace
 963.4s [6月28日（週六） 上午 7:00]   click [Choice_replace] 寄一個新的
 964.8s [6月28日（週六） 上午 7:00]   shot 114_decision_outcome_customer_return.png
 964.8s [6月28日（週六） 上午 7:00]   click "OK"
 974.2s [6月28日（週六） 上午 7:14]   use "Packing table"
 974.9s [6月28日（週六） 上午 7:15]   click [Pack] 打包 21 筆訂單（2 小時 48 分）
 975.9s [6月28日（週六） 上午 10:04]   click [CourierEconomy] 快遞 · 經濟 3 天（$73.20）
 977.3s [6月28日（週六） 下午 7:00]   shot 115_decision_customer_return.png
 977.3s [6月28日（週六） 下午 7:00]   decision customer_return → replace
 977.3s [6月28日（週六） 下午 7:00]   click [Choice_replace] 寄一個新的
 978.8s [6月28日（週六） 下午 7:00]   shot 116_decision_outcome_customer_return.png
 978.8s [6月28日（週六） 下午 7:00]   click "OK"
 988.2s [6月28日（週六） 下午 7:14]   use "Sleep"
 988.8s [6月28日（週六） 下午 7:14]   click [Sleep] Sleep until 7:00 AM
 990.7s [6月29日（週日） 上午 7:00]   shot 117_decision_customer_return.png
 990.7s [6月29日（週日） 上午 7:00]   decision customer_return → replace
 990.7s [6月29日（週日） 上午 7:00]   click [Choice_replace] 寄一個新的
 992.1s [6月29日（週日） 上午 7:00]   shot 118_decision_outcome_customer_return.png
 992.1s [6月29日（週日） 上午 7:00]   click "OK"
 992.7s [6月29日（週日） 上午 7:00]   shot 119_decision_customer_return.png
 992.7s [6月29日（週日） 上午 7:00]   decision customer_return → replace
 992.7s [6月29日（週日） 上午 7:00]   click [Choice_replace] 寄一個新的
 994.1s [6月29日（週日） 上午 7:00]   shot 120_decision_outcome_customer_return.png
 994.1s [6月29日（週日） 上午 7:00]   click "OK"
1003.5s [6月29日（週日） 上午 7:14]   use "Packing table"
1004.2s [6月29日（週日） 上午 7:15]   click [Pack] 打包 18 筆訂單（2 小時 24 分）
1005.1s [6月29日（週日） 上午 9:40]   click [CourierEconomy] 快遞 · 經濟 3 天（$63.60）
1006.6s [6月29日（週日） 下午 7:00]   shot 121_decision_customer_return.png
1006.6s [6月29日（週日） 下午 7:00]   decision customer_return → replace
1006.6s [6月29日（週日） 下午 7:00]   click [Choice_replace] 寄一個新的
1008.0s [6月29日（週日） 下午 7:00]   shot 122_decision_outcome_customer_return.png
1008.0s [6月29日（週日） 下午 7:00]   click "OK"
1017.4s [6月29日（週日） 下午 7:14]   use "Sleep"
1018.0s [6月29日（週日） 下午 7:14]   click [Sleep] Sleep until 7:00 AM
1019.9s [6月30日（週一） 上午 7:00]   shot 123_decision_customer_return.png
1019.9s [6月30日（週一） 上午 7:00]   decision customer_return → replace
1019.9s [6月30日（週一） 上午 7:00]   click [Choice_replace] 寄一個新的
1021.4s [6月30日（週一） 上午 7:00]   shot 124_decision_outcome_customer_return.png
1021.4s [6月30日（週一） 上午 7:00]   click "OK"
1030.8s [6月30日（週一） 上午 7:13]   use "Packing table"
1031.5s [6月30日（週一） 上午 7:15]   click [Pack] 打包 39 筆訂單（5 小時 12 分）
1032.5s [6月30日（週一） 下午 12:28]   click [CourierEconomy] 快遞 · 經濟 3 天（$130.80）
1042.6s [6月30日（週一） 下午 7:13]   use "Sleep"
1043.2s [6月30日（週一） 下午 7:13]   click [Sleep] Sleep until 7:00 AM
1046.9s [7月1日（週二） 上午 7:00]   shot 125_month_close_report.png
1046.9s [7月1日（週二） 上午 7:00]   click [month close] Continue
1056.3s [7月1日（週二） 上午 7:13]   use "Packing table"
1057.0s [7月1日（週二） 上午 7:15]   click [Pack] 打包 37 筆訂單（4 小時 56 分）
1058.0s [7月1日（週二） 下午 12:12]   click [CourierEconomy] 快遞 · 經濟 3 天（$124.40）
1060.3s [7月1日（週二） 下午 12:16]   ok  month close ran (June)
1061.8s [7月1日（週二） 下午 12:18]   use "Use laptop — Company OS"
1062.5s [7月1日（週二） 下午 12:19]   click [Tab_finance] Finance
1063.3s [7月1日（週二） 下午 12:20]   shot 126_company_os_finance_july.png
1063.8s [7月1日（週二） 下午 12:21]   ok  Chapter 4 started after the June close
1063.8s [7月1日（週二） 下午 12:21] STEP Chapter 4 — register as an employer at City Hall
1066.5s [7月1日（週二） 下午 12:26]   ok  walked back outside
1080.4s [7月1日（週二） 下午 12:47]   use "捷運——河濱區站"
1081.4s [7月1日（週二） 下午 12:48]   shot 127_metro_civic_center.png
1081.4s [7月1日（週二） 下午 12:48]   click [Go_civic_center] 市政中心  ·  12 分鐘
1082.5s [7月1日（週二） 下午 1:02]   ok  took the Metro to Civic Center
1089.5s [7月1日（週二） 下午 1:12]   ok  entered Aurelia City Hall
1091.3s [7月1日（週二） 下午 1:15]   use "Permits & regulations"
1092.1s [7月1日（週二） 下午 1:16]   shot 128_permits_kiosk.png
1092.1s [7月1日（週二） 下午 1:16]   click [RegisterEmployer] 登記（$150）
1093.1s [7月1日（週二） 下午 1:38]   ok  registered as an employer
1093.1s [7月1日（週二） 下午 1:38] STEP Chapter 4 — post a job, hire, first payroll
1096.1s [7月1日（週二） 下午 1:43]   ok  walked back outside
1101.7s [7月1日（週二） 下午 1:52]   use "捷運——市政中心站"
1102.7s [7月1日（週二） 下午 1:53]   shot 129_metro_riverside.png
1102.7s [7月1日（週二） 下午 1:53]   click [Go_riverside] 河濱區  ·  12 分鐘
1103.8s [7月1日（週二） 下午 2:07]   ok  took the Metro to Riverside
1112.9s [7月1日（週二） 下午 2:20]   ok  entered Riverside Tower
1114.4s [7月1日（週二） 下午 2:23]   use "Use laptop — Company OS"
1115.0s [7月1日（週二） 下午 2:23]   click [Tab_people] People
1115.7s [7月1日（週二） 下午 2:25]   shot 130_people_tab.png
1115.7s [7月1日（週二） 下午 2:25]   click [Post_support] Post job
1116.8s [7月1日（週二） 下午 2:26]   ok  job ad posted
1116.8s [7月1日（週二） 下午 2:26]   (harness) wait 2 h
1125.3s [7月1日（週二） 下午 4:39]   use "Packing table"
1126.0s [7月1日（週二） 下午 4:40]   click [Pack] 打包 18 筆訂單（2 小時 24 分）
1126.9s [7月1日（週二） 下午 7:05]   click [CourierEconomy] 快遞 · 經濟 3 天（$63.60）
1128.2s [7月1日（週二） 下午 7:07]   shot 131_decision_customer_return.png
1128.2s [7月1日（週二） 下午 7:07]   decision customer_return → replace
1128.2s [7月1日（週二） 下午 7:07]   click [Choice_replace] 寄一個新的
1129.6s [7月1日（週二） 下午 7:07]   shot 132_decision_outcome_customer_return.png
1129.6s [7月1日（週二） 下午 7:07]   click "OK"
1139.0s [7月1日（週二） 下午 7:20]   use "Sleep"
1139.6s [7月1日（週二） 下午 7:21]   click [Sleep] Sleep until 7:00 AM
1150.3s [7月2日（週三） 上午 7:14]   use "Packing table"
1151.0s [7月2日（週三） 上午 7:15]   click [Pack] 打包 15 筆訂單（2 h）
1152.0s [7月2日（週三） 上午 9:16]   click [CourierEconomy] 快遞 · 經濟 3 天（$54.00）
1154.8s [7月2日（週三） 上午 9:20]   use "Use laptop — Company OS"
1155.4s [7月2日（週三） 上午 9:21]   click [Tab_people] People
1156.4s [7月2日（週三） 上午 9:23]   shot 133_applicants.png
1156.4s [7月2日（週三） 上午 9:23]   click [Hire_E1] Hire
1157.5s [7月2日（週三） 上午 9:24]   ok  hired the first employee (Lena Novak)
1165.2s [7月2日（週三） 下午 7:12]   use "Sleep"
1165.8s [7月2日（週三） 下午 7:12]   click [Sleep] Sleep until 7:00 AM
1167.7s [7月3日（週四） 上午 7:00]   shot 134_decision_customer_return.png
1167.7s [7月3日（週四） 上午 7:00]   decision customer_return → replace
1167.7s [7月3日（週四） 上午 7:00]   click [Choice_replace] 寄一個新的
1169.1s [7月3日（週四） 上午 7:00]   shot 135_decision_outcome_customer_return.png
1169.1s [7月3日（週四） 上午 7:00]   click "OK"
1178.5s [7月3日（週四） 上午 7:14]   use "Packing table"
1179.2s [7月3日（週四） 上午 7:15]   click [Pack] 打包 38 筆訂單（5 小時 4 分）
1180.2s [7月3日（週四） 下午 12:20]   click [CourierEconomy] 快遞 · 經濟 3 天（$127.60）
1190.3s [7月3日（週四） 下午 7:13]   use "Sleep"
1190.9s [7月3日（週四） 下午 7:13]   click [Sleep] Sleep until 7:00 AM
1191.5s [7月3日（週四） 下午 10:56]   toast: 新評價 #1696：★「壞掉了，賣家不處理。」
1201.6s [7月4日（週五） 上午 7:14]   use "Packing table"
1202.3s [7月4日（週五） 上午 7:15]   click [Pack] 打包 37 筆訂單（4 小時 56 分）
1203.3s [7月4日（週五） 下午 12:12]   click [CourierEconomy] 快遞 · 經濟 3 天（$124.40）
1205.0s [7月4日（週五） 下午 7:00]   shot 136_decision_supplier_price_increase.png
1205.0s [7月4日（週五） 下午 7:00]   decision supplier_price_increase → accept
1205.0s [7月4日（週五） 下午 7:00]   click [Choice_accept] 好。繼續跟你進貨。
1206.7s [7月4日（週五） 下午 7:00]   shot 137_decision_outcome_supplier_price_increase.png
1206.7s [7月4日（週五） 下午 7:00]   click "OK"
1216.1s [7月4日（週五） 下午 7:14]   use "Sleep"
1216.7s [7月4日（週五） 下午 7:14]   click [Sleep] Sleep until 7:00 AM
1227.5s [7月5日（週六） 上午 7:14]   use "Packing table"
1228.2s [7月5日（週六） 上午 7:15]   click [Pack] 打包 36 筆訂單（4 小時 48 分）
1228.3s [7月5日（週六） 上午 7:54]   toast: 新評價 #1763：★「壞掉了，賣家不處理。」
1229.2s [7月5日（週六） 下午 12:04]   click [CourierEconomy] 快遞 · 經濟 3 天（$121.20）
1230.4s [7月5日（週六） 下午 12:06]   ok  first payroll paid
1231.9s [7月5日（週六） 下午 12:08]   use "Use laptop — Company OS"
1232.6s [7月5日（週六） 下午 12:09]   click [Tab_finance] Finance
1233.5s [7月5日（週六） 下午 12:11]   shot 138_cash_forecast.png
1235.0s [7月5日（週六） 下午 12:13]   ok  Chapter 4 complete
1235.0s [7月5日（週六） 下午 12:13] STEP Chapter 5 — Crestline's offer
1242.7s [7月5日（週六） 下午 7:12]   use "Sleep"
1243.3s [7月5日（週六） 下午 7:12]   click [Sleep] Sleep until 7:00 AM
1254.0s [7月6日（週日） 上午 7:14]   use "Packing table"
1254.7s [7月6日（週日） 上午 7:15]   click [Pack] 打包 42 筆訂單（5 小時 36 分）
1255.7s [7月6日（週日） 下午 12:52]   click [CourierEconomy] 快遞 · 經濟 3 天（$140.40）
1265.8s [7月6日（週日） 下午 7:13]   use "Sleep"
1266.4s [7月6日（週日） 下午 7:13]   click [Sleep] Sleep until 7:00 AM
1277.1s [7月7日（週一） 上午 7:14]   use "Packing table"
1277.8s [7月7日（週一） 上午 7:15]   click [Pack] 打包 25 筆訂單（3 小時 20 分）
1278.8s [7月7日（週一） 上午 10:36]   click [CourierEconomy] 快遞 · 經濟 3 天（$86.00）
1288.8s [7月7日（週一） 下午 7:13]   use "Sleep"
1289.4s [7月7日（週一） 下午 7:13]   click [Sleep] Sleep until 7:00 AM
1300.2s [7月8日（週二） 上午 7:14]   use "Packing table"
1300.9s [7月8日（週二） 上午 7:15]   click [Pack] 打包 12 筆訂單（1 小時 36 分）
1301.8s [7月8日（週二） 上午 8:52]   click [CourierEconomy] 快遞 · 經濟 3 天（$44.40）
1311.9s [7月8日（週二） 下午 7:13]   use "Sleep"
1312.5s [7月8日（週二） 下午 7:13]   click [Sleep] Sleep until 7:00 AM
1313.1s [7月9日（週三） 上午 1:39]   toast: 新評價 #1928：★「浪費錢。」
1323.2s [7月9日（週三） 上午 7:14]   use "Packing table"
1323.9s [7月9日（週三） 上午 7:15]   click [Pack] 打包 10 筆訂單（1 小時 20 分）
1324.9s [7月9日（週三） 上午 8:36]   click [CourierEconomy] 快遞 · 經濟 3 天（$38.00）
1334.9s [7月9日（週三） 下午 7:13]   use "Sleep"
1335.5s [7月9日（週三） 下午 7:13]   click [Sleep] Sleep until 7:00 AM
1337.5s [7月10日（週四） 下午 12:36]   toast: 新評價 #1948：★「壞掉了，賣家不處理。」
1338.9s [7月10日（週四） 下午 7:02]   shot 139_decision_crestline_big_offer.png
1338.9s [7月10日（週四） 下午 7:02]   decision crestline_big_offer → review
1338.9s [7月10日（週四） 下午 7:02]   click [Choice_review] 把合約寄來，我看看。
1340.3s [7月10日（週四） 下午 7:02]   shot 140_decision_outcome_crestline_big_offer.png
1340.3s [7月10日（週四） 下午 7:02]   click "OK"
1340.9s [7月10日（週四） 下午 7:02]   use "Sleep"
1341.5s [7月10日（週四） 下午 7:02]   click [Sleep] Sleep until 7:00 AM
1343.5s [7月11日（週五） 上午 7:01]   ok  Crestline offered the big contract
1344.7s [7月11日（週五） 上午 7:02]   use "Use laptop — Company OS"
1345.3s [7月11日（週五） 上午 7:03]   click [Tab_contracts] 合約 ●
1346.1s [7月11日（週五） 上午 7:04]   shot 141_big_contract_offer.png
1346.1s [7月11日（週五） 上午 7:04]   click [AcceptContract] Accept
1347.2s [7月11日（週五） 上午 7:06]   ok  accepted Crestline's contract
1347.2s [7月11日（週五） 上午 7:06] STEP Chapter 5 — borrow from Marcus Reed at Nexus Bank
1350.1s [7月11日（週五） 上午 7:11]   ok  walked back outside
1364.0s [7月11日（週五） 上午 7:32]   use "捷運——河濱區站"
1365.0s [7月11日（週五） 上午 7:34]   shot 142_metro_financial.png
1365.0s [7月11日（週五） 上午 7:34]   click [Go_financial] 金融區  ·  10 分鐘
1366.1s [7月11日（週五） 上午 7:45]   ok  took the Metro to Financial District
1374.0s [7月11日（週五） 下午 1:17]   ok  entered Nexus Bank
1375.7s [7月11日（週五） 下午 1:20]   use "和 Marcus Reed 說話"
1378.7s [7月11日（週五） 下午 1:20]   choose "› 讓我看看你能借多少。"
1380.8s [7月11日（週五） 下午 1:20]   shot 143_loan_offer.png
1380.8s [7月11日（週五） 下午 1:20]   click [Amt_50] $28,000
1381.1s [7月11日（週五） 下午 1:20]   click [Term_12] 12 個月
1381.5s [7月11日（週五） 下午 1:20]   click [TakeLoan] 借 $28,000
1381.8s [7月11日（週五） 下午 1:20]   click [ConfirmLoan] Confirm loan signing
1382.4s [7月11日（週五） 下午 5:00]   ok  loan signing finishes the same afternoon
1382.9s [7月11日（週五） 下午 5:00]   shot 144_loan_taken.png
1383.3s [7月11日（週五） 下午 5:00]   ok  took a Nexus Bank loan (debt $28,000.00)
1383.3s [7月11日（週五） 下午 5:00] STEP Chapter 5 — order the lamps and deliver
1386.2s [7月11日（週五） 下午 5:05]   ok  walked back outside
1392.4s [7月11日（週五） 下午 5:15]   use "捷運——金融區站"
1393.4s [7月11日（週五） 下午 5:16]   shot 145_metro_riverside.png
1393.4s [7月11日（週五） 下午 5:16]   click [Go_riverside] 河濱區  ·  10 分鐘
1394.4s [7月11日（週五） 下午 5:28]   ok  took the Metro to Riverside
1403.5s [7月11日（週五） 下午 5:41]   ok  entered Riverside Tower
1405.0s [7月11日（週五） 下午 5:43]   use "Use laptop — Company OS"
1405.6s [7月11日（週五） 下午 5:44]   click [Tab_contracts] Contracts
1406.3s [7月11日（週五） 下午 5:46]   click [FillContract] 追加訂購 800 件，向 TradeLink 批發（$9,200）
1407.1s [7月11日（週五） 下午 5:57]   shot 146_contract_restock.png
1415.1s [7月11日（週五） 下午 7:12]   use "Sleep"
1415.7s [7月11日（週五） 下午 7:12]   click [Sleep] Sleep until 7:00 AM
1417.8s [7月12日（週六） 下午 7:00]   shot 147_competing_job_offer.png
1417.8s [7月12日（週六） 下午 7:00]   retention budget release
1417.8s [7月12日（週六） 下午 7:00]   click [ReleaseEmployee] Let them take the job
1418.6s [7月12日（週六） 下午 7:01]   use "Sleep"
1419.2s [7月12日（週六） 下午 7:01]   click [Sleep] Sleep until 7:00 AM
1421.1s [7月13日（週日） 上午 7:00]   shot 148_decision_customer_return.png
1421.1s [7月13日（週日） 上午 7:00]   decision customer_return → refund
1421.1s [7月13日（週日） 上午 7:00]   click [Choice_refund] 退款＋收回商品
1422.5s [7月13日（週日） 上午 7:00]   shot 149_decision_outcome_customer_return.png
1422.5s [7月13日（週日） 上午 7:00]   click "OK"
1423.2s [7月13日（週日） 下午 7:00]   shot 150_decision_customer_return.png
1423.2s [7月13日（週日） 下午 7:00]   decision customer_return → refund
1423.2s [7月13日（週日） 下午 7:00]   click [Choice_refund] 退款＋收回商品
1424.7s [7月13日（週日） 下午 7:00]   shot 151_decision_outcome_customer_return.png
1424.7s [7月13日（週日） 下午 7:00]   click "OK"
1425.4s [7月13日（週日） 下午 7:00]   use "Sleep"
1426.0s [7月13日（週日） 下午 7:00]   click [Sleep] Sleep until 7:00 AM
1436.8s [7月14日（週一） 上午 7:14]   use "Packing table"
1437.5s [7月14日（週一） 上午 7:15]   click [Pack] 打包 1 筆訂單（8 分鐘）
1438.5s [7月14日（週一） 上午 7:24]   click [CourierEconomy] 快遞 · 經濟 3 天（$9.20）
1441.3s [7月14日（週一） 上午 7:29]   use "Use laptop — Company OS"
1441.9s [7月14日（週一） 上午 7:30]   click [Tab_contracts] Contracts
1442.6s [7月14日（週一） 上午 7:31]   click [DeliverContract] 打包並交貨 800 件（B2B 貨運 $40）
1443.8s [7月14日（週一） 上午 9:02]   shot 152_big_contract_delivered.png
1444.2s [7月14日（週一） 上午 9:03]   ok  delivered 800 lamps to Crestline
1445.2s [7月14日（週一） 上午 9:04]   ok  Chapter 5 complete
1445.2s [7月14日（週一） 上午 9:04] STEP Chapter 6 — forecast, early payment, month in the black
1445.4s [7月14日（週一） 上午 9:05]   use "Use laptop — Company OS"
1446.0s [7月14日（週一） 上午 9:06]   click [Tab_finance] Finance
1447.1s [7月14日（週一） 上午 9:07]   shot 153_cash_forecast_ch6.png
1447.1s [7月14日（週一） 上午 9:07]   click [Tab_contracts] Contracts
1447.7s [7月14日（週一） 上午 9:08]   click [EarlyPayment] 請對方提前付款（折 3%：現在拿 $21,728）
1448.5s [7月14日（週一） 上午 9:09]   shot 154_early_payment.png
1448.9s [7月14日（週一） 上午 9:10]   ok  Crestline paid early (3% discount)
1456.6s [7月14日（週一） 下午 7:11]   use "Sleep"
1457.2s [7月14日（週一） 下午 7:11]   click [Sleep] Sleep until 7:00 AM
1459.3s [7月15日（週二） 下午 7:00]   shot 155_decision_elena_offer.png
1459.3s [7月15日（週二） 下午 7:00]   decision elena_offer → accept
1459.4s [7月15日（週二） 下午 7:00]   click [Choice_accept] 以 20% 股份換 $40,000
1460.8s [7月15日（週二） 下午 7:00]   shot 156_decision_outcome_elena_offer.png
1460.8s [7月15日（週二） 下午 7:00]   click "OK"
1461.4s [7月15日（週二） 下午 7:00]   shot 157_decision_customer_return.png
1461.4s [7月15日（週二） 下午 7:00]   decision customer_return → refund
1461.4s [7月15日（週二） 下午 7:00]   click [Choice_refund] 退款＋收回商品
1462.8s [7月15日（週二） 下午 7:00]   shot 158_decision_outcome_customer_return.png
1462.8s [7月15日（週二） 下午 7:00]   click "OK"
1463.5s [7月15日（週二） 下午 7:00]   use "Sleep"
1464.1s [7月15日（週二） 下午 7:00]   click [Sleep] Sleep until 7:00 AM
1466.2s [7月16日（週三） 下午 7:00]   use "Sleep"
1466.8s [7月16日（週三） 下午 7:00]   click [Sleep] Sleep until 7:00 AM
1469.0s [7月17日（週四） 下午 7:00]   use "Sleep"
1469.6s [7月17日（週四） 下午 7:00]   click [Sleep] Sleep until 7:00 AM
1471.7s [7月18日（週五） 下午 7:00]   use "Sleep"
1472.3s [7月18日（週五） 下午 7:00]   click [Sleep] Sleep until 7:00 AM
1480.9s [7月19日（週六） 下午 7:09]   use "Sleep"
1481.5s [7月19日（週六） 下午 7:09]   click [Sleep] Sleep until 7:00 AM
1483.6s [7月20日（週日） 下午 7:00]   use "Sleep"
1484.2s [7月20日（週日） 下午 7:00]   click [Sleep] Sleep until 7:00 AM
1486.3s [7月21日（週一） 下午 7:00]   use "Sleep"
1486.9s [7月21日（週一） 下午 7:00]   click [Sleep] Sleep until 7:00 AM
1489.0s [7月22日（週二） 下午 7:00]   use "Sleep"
1489.6s [7月22日（週二） 下午 7:00]   click [Sleep] Sleep until 7:00 AM
1491.8s [7月23日（週三） 下午 7:00]   use "Sleep"
1492.4s [7月23日（週三） 下午 7:00]   click [Sleep] Sleep until 7:00 AM
1500.9s [7月24日（週四） 下午 7:09]   use "Sleep"
1501.5s [7月24日（週四） 下午 7:09]   click [Sleep] Sleep until 7:00 AM
1503.6s [7月25日（週五） 下午 7:00]   use "Sleep"
1504.3s [7月25日（週五） 下午 7:00]   click [Sleep] Sleep until 7:00 AM
1506.4s [7月26日（週六） 下午 7:00]   use "Sleep"
1507.0s [7月26日（週六） 下午 7:00]   click [Sleep] Sleep until 7:00 AM
1509.0s [7月27日（週日） 下午 7:00]   shot 159_decision_supplier_price_increase.png
1509.1s [7月27日（週日） 下午 7:00]   decision supplier_price_increase → accept
1509.1s [7月27日（週日） 下午 7:00]   click [Choice_accept] 好。繼續跟你進貨。
1510.5s [7月27日（週日） 下午 7:00]   shot 160_decision_outcome_supplier_price_increase.png
1510.5s [7月27日（週日） 下午 7:00]   click "OK"
1511.2s [7月27日（週日） 下午 7:00]   use "Sleep"
1511.8s [7月27日（週日） 下午 7:00]   click [Sleep] Sleep until 7:00 AM
1513.9s [7月28日（週一） 下午 7:00]   use "Sleep"
1514.5s [7月28日（週一） 下午 7:00]   click [Sleep] Sleep until 7:00 AM
1523.1s [7月29日（週二） 下午 7:09]   use "Sleep"
1523.7s [7月29日（週二） 下午 7:09]   click [Sleep] Sleep until 7:00 AM
1525.8s [7月30日（週三） 下午 7:00]   use "Sleep"
1526.4s [7月30日（週三） 下午 7:00]   click [Sleep] Sleep until 7:00 AM
1528.5s [7月31日（週四） 下午 7:00]   use "Sleep"
1529.1s [7月31日（週四） 下午 7:00]   click [Sleep] Sleep until 7:00 AM
1532.9s [8月1日（週五） 上午 7:00]   shot 161_month_close_report.png
1532.9s [8月1日（週五） 上午 7:00]   click [month close] Continue
1534.5s [8月1日（週五） 上午 7:02]   ok  Chapter 6 complete
1534.5s [8月1日（週五） 上午 7:02]   ok  ledger balanced after chapters 4–6
1534.5s [8月1日（週五） 上午 7:02] STEP Shopping Street — compare Crestline shelf prices
1537.9s [8月1日（週五） 上午 7:08]   ok  walked back outside
1551.9s [8月1日（週五） 上午 7:29]   use "捷運——河濱區站"
1552.8s [8月1日（週五） 上午 7:30]   shot 162_metro_shopping_street.png
1552.8s [8月1日（週五） 上午 7:30]   click [Go_shopping_street] 購物街  ·  15 分鐘
1554.0s [8月1日（週五） 上午 7:47]   ok  took the Metro to Shopping Street
1562.9s [8月1日（週五） 下午 12:00]   ok  entered Crestline Flagship
1563.6s [8月1日（週五） 下午 12:01]   use "Research shelf prices"
1563.7s [8月1日（週五） 下午 12:01]   ok  owned/listed product available for research
1563.8s [8月1日（週五） 下午 12:01]   click [Research_desk_lamp] 調查 LED 檯燈 · 30 分鐘；七天內重看免費
1563.9s [8月1日（週五） 下午 12:32]   ok  real thirty-minute research saved
1564.0s [8月1日（週五） 下午 12:32]   shot 163_crestline_competitor_research.png
1564.0s [8月1日（週五） 下午 12:32]   click [ResearchDone] Return to the store
1566.0s [8月1日（週五） 下午 12:36]   ok  walked back outside
1573.3s [8月1日（週五） 下午 12:47]   use "捷運——購物街站"
1574.3s [8月1日（週五） 下午 12:48]   shot 164_metro_riverside.png
1574.3s [8月1日（週五） 下午 12:48]   click [Go_riverside] 河濱區  ·  15 分鐘
1575.3s [8月1日（週五） 下午 1:05]   ok  took the Metro to Riverside
1584.5s [8月1日（週五） 下午 1:19]   ok  entered Riverside Tower
1585.9s [8月1日（週五） 下午 1:21]   use "Use laptop — Company OS"
1586.5s [8月1日（週五） 下午 1:22]   click [Tab_sales] Ecommerce
1587.3s [8月1日（週五） 下午 1:23]   shot 165_sales_research_badge.png
1587.8s [8月1日（週五） 下午 1:24]   ok  Chapter 7 started after Chapter 6
1587.8s [8月1日（週五） 下午 1:24]   ok  Year 3: the Supply Shock
1587.8s [8月1日（週五） 下午 1:24] STEP Chapter 7 — the news, and Ken's options
1590.4s [8月1日（週五） 下午 1:28]   ok  walked back outside
1593.7s [8月1日（週五） 下午 1:33]   ok  entered Bloom Coffee
1595.4s [8月1日（週五） 下午 1:36]   use "Read the news board"
1596.2s [8月1日（週五） 下午 1:41]   shot 166_news_supply_shock.png
1596.2s [8月1日（週五） 下午 1:41]   info card: News board
1596.2s [8月1日（週五） 下午 1:41]   shot 167_info_news_board.png
1596.2s [8月1日（週五） 下午 1:41]   click "Close"
1596.7s [8月1日（週五） 下午 1:41]   ok  read the news (supply_shock)
1599.7s [8月1日（週五） 下午 1:47]   ok  walked back outside
1602.8s [8月1日（週五） 下午 1:51]   ok  entered Riverside Tower
1604.8s [8月1日（週五） 下午 7:03]   use "Sleep"
1605.4s [8月1日（週五） 下午 7:03]   click [Sleep] Sleep until 7:00 AM
1607.5s [8月2日（週六） 下午 7:00]   use "Sleep"
1608.1s [8月2日（週六） 下午 7:00]   click [Sleep] Sleep until 7:00 AM
1610.2s [8月3日（週日） 下午 7:00]   shot 168_decision_supply_shock_plan.png
1610.2s [8月3日（週日） 下午 7:00]   decision supply_shock_plan → local
1610.2s [8月3日（週日） 下午 7:00]   click [Choice_local] 加一個在地備援：奧瑞莉亞職人合作社
1611.6s [8月3日（週日） 下午 7:00]   shot 169_decision_outcome_supply_shock_plan.png
1611.6s [8月3日（週日） 下午 7:00]   click "OK"
1612.3s [8月3日（週日） 下午 7:00]   use "Sleep"
1613.0s [8月3日（週日） 下午 7:00]   click [Sleep] Sleep until 7:00 AM
1614.9s [8月4日（週一） 上午 7:01]   ok  the local co-op is a supplier now
1614.9s [8月4日（週一） 上午 7:01] STEP Chapter 7 — order from the co-op, raise a price
1616.1s [8月4日（週一） 上午 7:02]   use "Use laptop — Company OS"
1616.8s [8月4日（週一） 上午 7:03]   click [Tab_operations] Operations
1617.7s [8月4日（週一） 上午 7:05]   shot 170_operations_supply_shock.png
1617.7s [8月4日（週一） 上午 7:05]   click [Buy_aurelia_makers_desk_lamp] 購買 $417.00
1618.3s [8月4日（週一） 上午 7:16]   click [Buy_aurelia_makers_desk_lamp] 購買 $417.00
1619.1s [8月4日（週一） 上午 7:27]   click [Buy_aurelia_makers_desk_lamp] 購買 $417.00
1619.8s [8月4日（週一） 上午 7:38]   click [Buy_aurelia_makers_desk_lamp] 購買 $417.00
1620.5s [8月4日（週一） 上午 7:49]   click [Tab_sales] Ecommerce
1621.2s [8月4日（週一） 上午 7:50]   click [PriceUp_wireless_earbuds] +
1621.4s [8月4日（週一） 上午 7:50]   click [PriceUp_wireless_earbuds] +
1621.7s [8月4日（週一） 上午 7:51]   click [PriceUp_wireless_earbuds] +
1622.0s [8月4日（週一） 上午 7:51]   click [PriceUp_wireless_earbuds] +
1622.3s [8月4日（週一） 上午 7:52]   click [PriceUp_wireless_earbuds] +
1622.6s [8月4日（週一） 上午 7:52]   click [PriceUp_wireless_earbuds] +
1622.8s [8月4日（週一） 上午 7:52]   click [PriceUp_wireless_earbuds] +
1623.1s [8月4日（週一） 上午 7:53]   click [PriceUp_wireless_earbuds] +
1623.4s [8月4日（週一） 上午 7:53]   click [PriceUp_wireless_earbuds] +
1623.7s [8月4日（週一） 上午 7:54]   click [PriceUp_wireless_earbuds] +
1624.0s [8月4日（週一） 上午 7:54]   click [PriceUp_wireless_earbuds] +
1624.3s [8月4日（週一） 上午 7:55]   click [PriceUp_wireless_earbuds] +
1624.5s [8月4日（週一） 上午 7:55]   click [PriceUp_water_bottle] +
1624.8s [8月4日（週一） 上午 7:55]   click [PriceUp_water_bottle] +
1625.1s [8月4日（週一） 上午 7:56]   click [PriceUp_water_bottle] +
1625.4s [8月4日（週一） 上午 7:56]   click [PriceUp_water_bottle] +
1625.7s [8月4日（週一） 上午 7:57]   click [PriceUp_water_bottle] +
1626.0s [8月4日（週一） 上午 7:57]   click [PriceUp_desk_lamp] +
1626.3s [8月4日（週一） 上午 7:58]   click [PriceUp_desk_lamp] +
1626.5s [8月4日（週一） 上午 7:58]   click [PriceUp_desk_lamp] +
1626.8s [8月4日（週一） 上午 7:58]   click [PriceUp_desk_lamp] +
1627.1s [8月4日（週一） 上午 7:59]   click [PriceUp_desk_lamp] +
1627.4s [8月4日（週一） 上午 7:59]   click [PriceUp_desk_lamp] +
1627.7s [8月4日（週一） 上午 8:00]   click [PriceUp_desk_lamp] +
1628.0s [8月4日（週一） 上午 8:00]   click [PriceUp_desk_lamp] +
1628.2s [8月4日（週一） 上午 8:01]   click [PriceUp_phone_stand] +
1628.5s [8月4日（週一） 上午 8:01]   click [PriceUp_phone_stand] +
1628.8s [8月4日（週一） 上午 8:01]   click [PriceUp_phone_stand] +
1629.1s [8月4日（週一） 上午 8:02]   click [PriceUp_phone_stand] +
1630.8s [8月4日（週一） 上午 8:04]   ok  stocked and repriced
1631.0s [8月4日（週一） 上午 8:05]   use "Use laptop — Company OS"
1631.6s [8月4日（週一） 上午 8:06]   click [Tab_operations] Operations
1632.4s [8月4日（週一） 上午 8:07]   click [DeliverTo_riverside_studio] 河濱大樓 7C
1632.7s [8月4日（週一） 上午 8:07]   click [Buy_tradelink_wholesale_wireless_earbuds] 購買 $1,013.00
1633.1s [8月4日（週一） 上午 8:18]   click [Buy_tradelink_wholesale_wireless_earbuds] 購買 $1,013.00
1633.4s [8月4日（週一） 上午 8:28]   click [Buy_tradelink_wholesale_wireless_earbuds] 購買 $1,013.00
1633.7s [8月4日（週一） 上午 8:39]   click [Buy_tradelink_wholesale_water_bottle] 購買 $528.00
1634.1s [8月4日（週一） 上午 8:49]   click [Buy_tradelink_wholesale_water_bottle] 購買 $528.00
1634.4s [8月4日（週一） 上午 9:00]   click [Buy_tradelink_wholesale_water_bottle] 購買 $528.00
1634.7s [8月4日（週一） 上午 9:10]   click [Buy_tradelink_wholesale_phone_stand] 購買 $306.40
1635.1s [8月4日（週一） 上午 9:21]   click [Buy_tradelink_wholesale_phone_stand] 購買 $306.40
1643.3s [8月4日（週一） 下午 7:11]   use "Sleep"
1643.9s [8月4日（週一） 下午 7:11]   click [Sleep] Sleep until 7:00 AM
1652.3s [8月5日（週二） 下午 7:09]   use "Sleep"
1652.9s [8月5日（週二） 下午 7:09]   click [Sleep] Sleep until 7:00 AM
1655.1s [8月6日（週三） 下午 7:00]   use "Sleep"
1655.7s [8月6日（週三） 下午 7:00]   click [Sleep] Sleep until 7:00 AM
1657.9s [8月7日（週四） 下午 7:00]   use "Sleep"
1658.5s [8月7日（週四） 下午 7:00]   click [Sleep] Sleep until 7:00 AM
1669.3s [8月8日（週五） 上午 7:14]   use "Packing table"
1670.0s [8月8日（週五） 上午 7:15]   click [Pack] 打包 19 筆訂單（2 小時 32 分）
1670.9s [8月8日（週五） 上午 9:48]   click [CourierEconomy] 快遞 · 經濟 3 天（$115.44）
1681.0s [8月8日（週五） 下午 7:13]   use "Sleep"
1681.6s [8月8日（週五） 下午 7:13]   click [Sleep] Sleep until 7:00 AM
1692.3s [8月9日（週六） 上午 7:14]   use "Packing table"
1693.1s [8月9日（週六） 上午 7:15]   click [Pack] 打包 14 筆訂單（1 小時 52 分）
1694.0s [8月9日（週六） 上午 9:08]   click [CourierEconomy] 快遞 · 經濟 3 天（$86.64）
1704.1s [8月9日（週六） 下午 7:13]   use "Sleep"
1704.7s [8月9日（週六） 下午 7:13]   click [Sleep] Sleep until 7:00 AM
1715.4s [8月10日（週日） 上午 7:14]   use "Packing table"
1716.1s [8月10日（週日） 上午 7:15]   click [Pack] 打包 21 筆訂單（2 小時 48 分）
1717.1s [8月10日（週日） 上午 10:04]   click [CourierEconomy] 快遞 · 經濟 3 天（$126.96）
1727.2s [8月10日（週日） 下午 7:13]   use "Sleep"
1727.8s [8月10日（週日） 下午 7:13]   click [Sleep] Sleep until 7:00 AM
1738.5s [8月11日（週一） 上午 7:14]   use "Packing table"
1739.2s [8月11日（週一） 上午 7:15]   click [Pack] 打包 8 筆訂單（1 小時 4 分）
1740.2s [8月11日（週一） 上午 8:20]   click [CourierEconomy] 快遞 · 經濟 3 天（$52.08）
1750.3s [8月11日（週一） 下午 7:13]   use "Sleep"
1750.9s [8月11日（週一） 下午 7:13]   click [Sleep] Sleep until 7:00 AM
1761.6s [8月12日（週二） 上午 7:14]   use "Packing table"
1762.3s [8月12日（週二） 上午 7:15]   click [Pack] 打包 13 筆訂單（1 小時 44 分）
1763.2s [8月12日（週二） 上午 9:00]   click [CourierEconomy] 快遞 · 經濟 3 天（$80.88）
1773.3s [8月12日（週二） 下午 7:13]   use "Sleep"
1773.9s [8月12日（週二） 下午 7:13]   click [Sleep] Sleep until 7:00 AM
1775.8s [8月13日（週三） 上午 7:00]   shot 171_decision_customer_return.png
1775.8s [8月13日（週三） 上午 7:00]   decision customer_return → replace
1775.8s [8月13日（週三） 上午 7:00]   click [Choice_replace] 寄一個新的
1777.2s [8月13日（週三） 上午 7:00]   shot 172_decision_outcome_customer_return.png
1777.2s [8月13日（週三） 上午 7:00]   click "OK"
1777.8s [8月13日（週三） 上午 7:00]   shot 173_decision_customer_return.png
1777.8s [8月13日（週三） 上午 7:00]   decision customer_return → replace
1777.8s [8月13日（週三） 上午 7:00]   click [Choice_replace] 寄一個新的
1779.2s [8月13日（週三） 上午 7:00]   shot 174_decision_outcome_customer_return.png
1779.2s [8月13日（週三） 上午 7:00]   click "OK"
1788.6s [8月13日（週三） 上午 7:14]   use "Packing table"
1789.3s [8月13日（週三） 上午 7:15]   click [Pack] 打包 17 筆訂單（2 小時 16 分）
1790.3s [8月13日（週三） 上午 9:32]   click [CourierEconomy] 快遞 · 經濟 3 天（$103.92）
1800.4s [8月13日（週三） 下午 7:13]   use "Sleep"
1801.0s [8月13日（週三） 下午 7:13]   click [Sleep] Sleep until 7:00 AM
1802.8s [8月14日（週四） 上午 7:00]   shot 175_decision_customer_return.png
1802.8s [8月14日（週四） 上午 7:00]   decision customer_return → replace
1802.9s [8月14日（週四） 上午 7:00]   click [Choice_replace] 寄一個新的
1804.3s [8月14日（週四） 上午 7:00]   shot 176_decision_outcome_customer_return.png
1804.3s [8月14日（週四） 上午 7:00]   click "OK"
1804.8s [8月14日（週四） 上午 7:00]   shot 177_decision_customer_return.png
1804.8s [8月14日（週四） 上午 7:00]   decision customer_return → replace
1804.8s [8月14日（週四） 上午 7:00]   click [Choice_replace] 寄一個新的
1806.3s [8月14日（週四） 上午 7:00]   shot 178_decision_outcome_customer_return.png
1806.3s [8月14日（週四） 上午 7:00]   click "OK"
1815.7s [8月14日（週四） 上午 7:13]   use "Packing table"
1816.4s [8月14日（週四） 上午 7:15]   click [Pack] 打包 14 筆訂單（1 小時 52 分）
1817.3s [8月14日（週四） 上午 9:08]   click [CourierEconomy] 快遞 · 經濟 3 天（$86.64）
1827.5s [8月14日（週四） 下午 7:13]   use "Sleep"
1828.1s [8月14日（週四） 下午 7:13]   click [Sleep] Sleep until 7:00 AM
1838.8s [8月15日（週五） 上午 7:14]   use "Packing table"
1839.5s [8月15日（週五） 上午 7:15]   click [Pack] 打包 18 筆訂單（2 小時 24 分）
1840.5s [8月15日（週五） 上午 9:40]   click [CourierEconomy] 快遞 · 經濟 3 天（$109.68）
1841.9s [8月15日（週五） 下午 7:00]   shot 179_decision_supplier_price_increase.png
1841.9s [8月15日（週五） 下午 7:00]   decision supplier_price_increase → accept
1841.9s [8月15日（週五） 下午 7:00]   click [Choice_accept] 好。繼續跟你進貨。
1843.3s [8月15日（週五） 下午 7:00]   shot 180_decision_outcome_supplier_price_increase.png
1843.3s [8月15日（週五） 下午 7:00]   click "OK"
1852.7s [8月15日（週五） 下午 7:14]   use "Sleep"
1853.3s [8月15日（週五） 下午 7:14]   click [Sleep] Sleep until 7:00 AM
1864.1s [8月16日（週六） 上午 7:14]   use "Packing table"
1864.8s [8月16日（週六） 上午 7:15]   click [Pack] 打包 22 筆訂單（2 小時 56 分）
1865.8s [8月16日（週六） 上午 10:12]   click [CourierEconomy] 快遞 · 經濟 3 天（$132.72）
1867.1s [8月16日（週六） 下午 7:00]   shot 181_decision_customer_return.png
1867.1s [8月16日（週六） 下午 7:00]   decision customer_return → replace
1867.1s [8月16日（週六） 下午 7:00]   click [Choice_replace] 寄一個新的
1868.6s [8月16日（週六） 下午 7:00]   shot 182_decision_outcome_customer_return.png
1868.6s [8月16日（週六） 下午 7:00]   click "OK"
1878.0s [8月16日（週六） 下午 7:14]   use "Sleep"
1878.6s [8月16日（週六） 下午 7:14]   click [Sleep] Sleep until 7:00 AM
1889.3s [8月17日（週日） 上午 7:14]   use "Packing table"
1890.0s [8月17日（週日） 上午 7:15]   click [Pack] 打包 12 筆訂單（1 小時 36 分）
1891.0s [8月17日（週日） 上午 8:52]   click [CourierEconomy] 快遞 · 經濟 3 天（$75.12）
1901.1s [8月17日（週日） 下午 7:13]   use "Sleep"
1901.7s [8月17日（週日） 下午 7:13]   click [Sleep] Sleep until 7:00 AM
1912.4s [8月18日（週一） 上午 7:14]   use "Packing table"
1913.1s [8月18日（週一） 上午 7:15]   click [Pack] 打包 24 筆訂單（3 小時 12 分）
1914.1s [8月18日（週一） 上午 10:28]   click [CourierEconomy] 快遞 · 經濟 3 天（$144.24）
1924.2s [8月18日（週一） 下午 7:13]   use "Sleep"
1924.8s [8月18日（週一） 下午 7:13]   click [Sleep] Sleep until 7:00 AM
1935.5s [8月19日（週二） 上午 7:14]   use "Packing table"
1936.2s [8月19日（週二） 上午 7:15]   click [Pack] 打包 15 筆訂單（2 h）
1937.2s [8月19日（週二） 上午 9:16]   click [CourierEconomy] 快遞 · 經濟 3 天（$92.40）
1938.6s [8月19日（週二） 下午 7:00]   shot 183_decision_customer_return.png
1938.6s [8月19日（週二） 下午 7:00]   decision customer_return → replace
1938.6s [8月19日（週二） 下午 7:00]   click [Choice_replace] 寄一個新的
1940.0s [8月19日（週二） 下午 7:00]   shot 184_decision_outcome_customer_return.png
1940.0s [8月19日（週二） 下午 7:00]   click "OK"
1949.4s [8月19日（週二） 下午 7:14]   use "Sleep"
1950.0s [8月19日（週二） 下午 7:14]   click [Sleep] Sleep until 7:00 AM
1960.8s [8月20日（週三） 上午 7:14]   use "Packing table"
1961.5s [8月20日（週三） 上午 7:15]   click [Pack] 打包 24 筆訂單（3 小時 12 分）
1962.5s [8月20日（週三） 上午 10:28]   click [CourierEconomy] 快遞 · 經濟 3 天（$144.24）
1972.5s [8月20日（週三） 下午 7:13]   use "Sleep"
1973.1s [8月20日（週三） 下午 7:13]   click [Sleep] Sleep until 7:00 AM
1975.1s [8月21日（週四） 上午 7:00]   shot 185_decision_customer_return.png
1975.1s [8月21日（週四） 上午 7:00]   decision customer_return → replace
1975.1s [8月21日（週四） 上午 7:00]   click [Choice_replace] 寄一個新的
1976.5s [8月21日（週四） 上午 7:00]   shot 186_decision_outcome_customer_return.png
1976.5s [8月21日（週四） 上午 7:00]   click "OK"
1985.9s [8月21日（週四） 上午 7:13]   use "Packing table"
1986.6s [8月21日（週四） 上午 7:15]   click [Pack] 打包 20 筆訂單（2 小時 40 分）
1987.6s [8月21日（週四） 上午 9:56]   click [CourierEconomy] 快遞 · 經濟 3 天（$121.20）
1990.4s [8月21日（週四） 上午 10:00]   use "Use laptop — Company OS"
1991.0s [8月21日（週四） 上午 10:01]   click [Tab_operations] Operations
1991.8s [8月21日（週四） 上午 10:02]   click [DeliverTo_riverside_studio] 河濱大樓 7C
1992.1s [8月21日（週四） 上午 10:03]   click [Buy_tradelink_wholesale_desk_lamp] 購買 $512.80
1992.5s [8月21日（週四） 上午 10:13]   click [Buy_tradelink_wholesale_desk_lamp] 購買 $512.80
1993.3s [8月21日（週四） 上午 10:24]   shot 187_decision_customer_return.png
1993.3s [8月21日（週四） 上午 10:24]   decision customer_return → replace
1993.3s [8月21日（週四） 上午 10:24]   click [Choice_replace] 寄一個新的
1994.7s [8月21日（週四） 上午 10:24]   shot 188_decision_outcome_customer_return.png
1994.7s [8月21日（週四） 上午 10:24]   click "OK"
2003.0s [8月21日（週四） 下午 7:12]   use "Sleep"
2003.6s [8月21日（週四） 下午 7:12]   click [Sleep] Sleep until 7:00 AM
2014.3s [8月22日（週五） 上午 7:14]   use "Packing table"
2015.0s [8月22日（週五） 上午 7:15]   click [Pack] 打包 18 筆訂單（2 小時 24 分）
2016.0s [8月22日（週五） 上午 9:40]   click [CourierEconomy] 快遞 · 經濟 3 天（$109.68）
2017.2s [8月22日（週五） 上午 9:42]   shot 189_decision_customer_return.png
2017.2s [8月22日（週五） 上午 9:42]   decision customer_return → replace
2017.2s [8月22日（週五） 上午 9:42]   click [Choice_replace] 寄一個新的
2018.7s [8月22日（週五） 上午 9:42]   shot 190_decision_outcome_customer_return.png
2018.7s [8月22日（週五） 上午 9:42]   click "OK"
2020.7s [8月22日（週五） 上午 9:45]   use "Use laptop — Company OS"
2021.4s [8月22日（週五） 上午 9:45]   click [Tab_operations] Operations
2022.2s [8月22日（週五） 上午 9:47]   click [DeliverTo_riverside_studio] 河濱大樓 7C
2022.5s [8月22日（週五） 上午 9:47]   click [Buy_tradelink_wholesale_wireless_earbuds] 購買 $1,001.50
2022.8s [8月22日（週五） 上午 9:58]   click [Buy_tradelink_wholesale_wireless_earbuds] 購買 $1,001.50
2023.8s [8月22日（週五） 下午 7:00]   shot 191_decision_customer_return.png
2023.8s [8月22日（週五） 下午 7:00]   decision customer_return → replace
2023.8s [8月22日（週五） 下午 7:00]   click [Choice_replace] 寄一個新的
2025.2s [8月22日（週五） 下午 7:00]   shot 192_decision_outcome_customer_return.png
2025.2s [8月22日（週五） 下午 7:00]   click "OK"
2033.5s [8月22日（週五） 下午 7:12]   use "Sleep"
2034.1s [8月22日（週五） 下午 7:12]   click [Sleep] Sleep until 7:00 AM
2044.9s [8月23日（週六） 上午 7:14]   use "Packing table"
2045.5s [8月23日（週六） 上午 7:15]   click [Pack] 打包 20 筆訂單（2 小時 40 分）
2046.5s [8月23日（週六） 上午 9:56]   click [CourierEconomy] 快遞 · 經濟 3 天（$121.20）
2049.3s [8月23日（週六） 上午 10:00]   use "Use laptop — Company OS"
2049.9s [8月23日（週六） 上午 10:01]   click [Tab_operations] Operations
2050.7s [8月23日（週六） 上午 10:03]   click [DeliverTo_riverside_studio] 河濱大樓 7C
2051.1s [8月23日（週六） 上午 10:03]   click [Buy_tradelink_wholesale_phone_stand] 購買 $302.40
2052.0s [8月23日（週六） 下午 7:00]   shot 193_decision_customer_return.png
2052.0s [8月23日（週六） 下午 7:00]   decision customer_return → replace
2052.0s [8月23日（週六） 下午 7:00]   click [Choice_replace] 寄一個新的
2053.4s [8月23日（週六） 下午 7:00]   shot 194_decision_outcome_customer_return.png
2053.4s [8月23日（週六） 下午 7:00]   click "OK"
2061.7s [8月23日（週六） 下午 7:12]   use "Sleep"
2062.3s [8月23日（週六） 下午 7:12]   click [Sleep] Sleep until 7:00 AM
2073.0s [8月24日（週日） 上午 7:14]   use "Packing table"
2073.7s [8月24日（週日） 上午 7:15]   click [Pack] 打包 17 筆訂單（2 小時 16 分）
2074.7s [8月24日（週日） 上午 9:32]   click [CourierEconomy] 快遞 · 經濟 3 天（$103.92）
2077.4s [8月24日（週日） 上午 9:36]   use "Use laptop — Company OS"
2078.0s [8月24日（週日） 上午 9:37]   click [Tab_operations] Operations
2078.9s [8月24日（週日） 上午 9:39]   click [DeliverTo_riverside_studio] 河濱大樓 7C
2079.2s [8月24日（週日） 上午 9:39]   click [Buy_tradelink_wholesale_water_bottle] 購買 $599.40
2079.5s [8月24日（週日） 上午 9:50]   click [Buy_tradelink_wholesale_water_bottle] 購買 $599.40
2088.1s [8月24日（週日） 下午 7:11]   use "Sleep"
2088.7s [8月24日（週日） 下午 7:11]   click [Sleep] Sleep until 7:00 AM
2090.6s [8月25日（週一） 上午 7:00]   shot 195_decision_customer_return.png
2090.6s [8月25日（週一） 上午 7:00]   decision customer_return → replace
2090.6s [8月25日（週一） 上午 7:00]   click [Choice_replace] 寄一個新的
2092.0s [8月25日（週一） 上午 7:00]   shot 196_decision_outcome_customer_return.png
2092.0s [8月25日（週一） 上午 7:00]   click "OK"
2101.3s [8月25日（週一） 上午 7:13]   use "Packing table"
2102.0s [8月25日（週一） 上午 7:15]   click [Pack] 打包 25 筆訂單（3 小時 20 分）
2103.0s [8月25日（週一） 上午 10:36]   click [CourierEconomy] 快遞 · 經濟 3 天（$157.20）
2113.1s [8月25日（週一） 下午 7:13]   use "Sleep"
2113.7s [8月25日（週一） 下午 7:13]   click [Sleep] Sleep until 7:00 AM
2124.4s [8月26日（週二） 上午 7:14]   use "Packing table"
2125.1s [8月26日（週二） 上午 7:15]   click [Pack] 打包 26 筆訂單（3 小時 28 分）
2126.1s [8月26日（週二） 上午 10:44]   click [CourierEconomy] 快遞 · 經濟 3 天（$166.56）
2127.5s [8月26日（週二） 下午 7:00]   shot 197_decision_customer_return.png
2127.5s [8月26日（週二） 下午 7:00]   decision customer_return → replace
2127.5s [8月26日（週二） 下午 7:00]   click [Choice_replace] 寄一個新的
2128.9s [8月26日（週二） 下午 7:00]   shot 198_decision_outcome_customer_return.png
2128.9s [8月26日（週二） 下午 7:00]   click "OK"
2138.3s [8月26日（週二） 下午 7:14]   use "Sleep"
2138.9s [8月26日（週二） 下午 7:14]   click [Sleep] Sleep until 7:00 AM
2149.7s [8月27日（週三） 上午 7:14]   use "Packing table"
2150.4s [8月27日（週三） 上午 7:15]   click [Pack] 打包 26 筆訂單（3 小時 28 分）
2151.3s [8月27日（週三） 上午 10:44]   click [CourierEconomy] 快遞 · 經濟 3 天（$159.36）
2161.4s [8月27日（週三） 下午 7:13]   use "Sleep"
2162.0s [8月27日（週三） 下午 7:13]   click [Sleep] Sleep until 7:00 AM
2172.8s [8月28日（週四） 上午 7:14]   use "Packing table"
2173.5s [8月28日（週四） 上午 7:15]   click [Pack] 打包 17 筆訂單（2 小時 16 分）
2174.4s [8月28日（週四） 上午 9:32]   click [CourierEconomy] 快遞 · 經濟 3 天（$121.92）
2184.5s [8月28日（週四） 下午 7:13]   use "Sleep"
2185.1s [8月28日（週四） 下午 7:13]   click [Sleep] Sleep until 7:00 AM
2187.0s [8月29日（週五） 上午 7:00]   shot 199_decision_customer_return.png
2187.0s [8月29日（週五） 上午 7:00]   decision customer_return → replace
2187.0s [8月29日（週五） 上午 7:00]   click [Choice_replace] 寄一個新的
2188.5s [8月29日（週五） 上午 7:00]   shot 200_decision_outcome_customer_return.png
2188.5s [8月29日（週五） 上午 7:00]   click "OK"
2189.0s [8月29日（週五） 上午 7:00]   shot 201_decision_customer_return.png
2189.0s [8月29日（週五） 上午 7:00]   decision customer_return → replace
2189.0s [8月29日（週五） 上午 7:00]   click [Choice_replace] 寄一個新的
2190.4s [8月29日（週五） 上午 7:00]   shot 202_decision_outcome_customer_return.png
2190.4s [8月29日（週五） 上午 7:00]   click "OK"
2199.9s [8月29日（週五） 上午 7:14]   use "Packing table"
2200.5s [8月29日（週五） 上午 7:15]   click [Pack] 打包 15 筆訂單（2 h）
2201.5s [8月29日（週五） 上午 9:16]   click [CourierEconomy] 快遞 · 經濟 3 天（$99.60）
2202.8s [8月29日（週五） 上午 9:17]   shot 203_decision_customer_return.png
2202.8s [8月29日（週五） 上午 9:17]   decision customer_return → replace
2202.8s [8月29日（週五） 上午 9:17]   click [Choice_replace] 寄一個新的
2204.2s [8月29日（週五） 上午 9:17]   shot 204_decision_outcome_customer_return.png
2204.2s [8月29日（週五） 上午 9:17]   click "OK"
2204.9s [8月29日（週五） 下午 7:00]   shot 205_decision_customer_return.png
2204.9s [8月29日（週五） 下午 7:00]   decision customer_return → replace
2204.9s [8月29日（週五） 下午 7:00]   click [Choice_replace] 寄一個新的
2206.3s [8月29日（週五） 下午 7:00]   shot 206_decision_outcome_customer_return.png
2206.3s [8月29日（週五） 下午 7:00]   click "OK"
2206.9s [8月29日（週五） 下午 7:00]   shot 207_decision_customer_return.png
2206.9s [8月29日（週五） 下午 7:00]   decision customer_return → replace
2206.9s [8月29日（週五） 下午 7:00]   click [Choice_replace] 寄一個新的
2208.3s [8月29日（週五） 下午 7:00]   shot 208_decision_outcome_customer_return.png
2208.3s [8月29日（週五） 下午 7:00]   click "OK"
2217.8s [8月29日（週五） 下午 7:14]   use "Sleep"
2218.4s [8月29日（週五） 下午 7:14]   click [Sleep] Sleep until 7:00 AM
2229.1s [8月30日（週六） 上午 7:14]   use "Packing table"
2229.8s [8月30日（週六） 上午 7:15]   click [Pack] 打包 20 筆訂單（2 小時 40 分）
2230.8s [8月30日（週六） 上午 9:56]   click [CourierEconomy] 快遞 · 經濟 3 天（$142.80）
2240.9s [8月30日（週六） 下午 7:13]   use "Sleep"
2241.5s [8月30日（週六） 下午 7:13]   click [Sleep] Sleep until 7:00 AM
2243.4s [8月31日（週日） 上午 7:00]   shot 209_decision_customer_return.png
2243.4s [8月31日（週日） 上午 7:00]   decision customer_return → replace
2243.4s [8月31日（週日） 上午 7:00]   click [Choice_replace] 寄一個新的
2244.8s [8月31日（週日） 上午 7:00]   shot 210_decision_outcome_customer_return.png
2244.8s [8月31日（週日） 上午 7:00]   click "OK"
2254.2s [8月31日（週日） 上午 7:14]   use "Packing table"
2254.9s [8月31日（週日） 上午 7:15]   click [Pack] 打包 21 筆訂單（2 小時 48 分）
2255.9s [8月31日（週日） 上午 10:04]   click [CourierEconomy] 快遞 · 經濟 3 天（$141.36）
2257.1s [8月31日（週日） 上午 10:05]   shot 211_decision_customer_return.png
2257.1s [8月31日（週日） 上午 10:05]   decision customer_return → replace
2257.1s [8月31日（週日） 上午 10:05]   click [Choice_replace] 寄一個新的
2258.6s [8月31日（週日） 上午 10:05]   shot 212_decision_outcome_customer_return.png
2258.6s [8月31日（週日） 上午 10:05]   click "OK"
2263.4s [8月31日（週日） 下午 7:07]   shot 213_decision_customer_return.png
2263.4s [8月31日（週日） 下午 7:07]   decision customer_return → replace
2263.4s [8月31日（週日） 下午 7:07]   click [Choice_replace] 寄一個新的
2264.8s [8月31日（週日） 下午 7:07]   shot 214_decision_outcome_customer_return.png
2264.8s [8月31日（週日） 下午 7:07]   click "OK"
2265.4s [8月31日（週日） 下午 7:07]   use "Sleep"
2266.0s [8月31日（週日） 下午 7:07]   click [Sleep] Sleep until 7:00 AM
2269.8s [9月1日（週一） 上午 7:00]   shot 215_month_close_report.png
2269.8s [9月1日（週一） 上午 7:00]   click [month close] Continue
2279.2s [9月1日（週一） 上午 7:14]   use "Packing table"
2279.9s [9月1日（週一） 上午 7:15]   click [Pack] 打包 25 筆訂單（3 小時 20 分）
2280.9s [9月1日（週一） 上午 10:36]   click [CourierEconomy] 快遞 · 經濟 3 天（$123.00）
2282.2s [9月1日（週一） 上午 10:38]   ok  Chapter 7 complete
2282.2s [9月1日（週一） 上午 10:38]   ok  Chapter 7 passed with real profit, not two losses
2282.2s [9月1日（週一） 上午 10:38]   ch7_month_profit set from actual ledger profit $242; survived_losses=false
2282.2s [9月1日（週一） 上午 10:38]   ok  positive chapter seven monthly profit
2282.2s [9月1日（週一） 上午 10:38] STEP Chapter 8 — the Green Shift
2282.2s [9月1日（週一） 上午 10:38]   ok  Year 4: the Green Shift
2284.6s [9月1日（週一） 上午 10:43]   ok  walked back outside
2287.9s [9月1日（週一） 上午 10:48]   ok  entered Bloom Coffee
2289.6s [9月1日（週一） 上午 10:50]   use "Read the news board"
2290.4s [9月1日（週一） 上午 10:55]   shot 216_news_green_shift.png
2290.4s [9月1日（週一） 上午 10:55]   info card: News board
2290.4s [9月1日（週一） 上午 10:55]   shot 217_info_news_board.png
2290.4s [9月1日（週一） 上午 10:55]   click "Close"
2290.9s [9月1日（週一） 上午 10:55]   ok  read the news (green_shift)
2293.8s [9月1日（週一） 上午 11:00]   ok  walked back outside
2297.0s [9月1日（週一） 上午 11:05]   ok  entered Riverside Tower
2298.4s [9月1日（週一） 上午 11:07]   use "Use laptop — Company OS"
2299.1s [9月1日（週一） 上午 11:08]   click [Tab_operations] Operations
2299.9s [9月1日（週一） 上午 11:10]   click [Packaging_recycled] Recycled paper
2300.5s [9月1日（週一） 上午 11:10]   click [Buy_verdant_supply_solar_lamp] 購買 $500.10
2301.2s [9月1日（週一） 上午 11:21]   shot 218_operations_green.png
2301.6s [9月1日（週一） 上午 11:22]   ok  recycled packaging
2301.8s [9月1日（週一） 下午 7:00]   shot 219_decision_customer_return.png
2301.8s [9月1日（週一） 下午 7:00]   decision customer_return → replace
2301.8s [9月1日（週一） 下午 7:00]   click [Choice_replace] 寄一個新的
2303.2s [9月1日（週一） 下午 7:00]   shot 220_decision_outcome_customer_return.png
2303.2s [9月1日（週一） 下午 7:00]   click "OK"
2311.3s [9月1日（週一） 下午 7:12]   use "Sleep"
2311.9s [9月1日（週一） 下午 7:12]   click [Sleep] Sleep until 7:00 AM
2322.6s [9月2日（週二） 上午 7:14]   use "Packing table"
2323.3s [9月2日（週二） 上午 7:15]   click [Pack] 打包 31 筆訂單（4 小時 8 分）
2324.3s [9月2日（週二） 上午 11:24]   click [CourierEconomy] 快遞 · 經濟 3 天（$163.56）
2334.4s [9月2日（週二） 下午 7:13]   use "Sleep"
2335.0s [9月2日（週二） 下午 7:13]   click [Sleep] Sleep until 7:00 AM
2345.7s [9月3日（週三） 上午 7:14]   use "Packing table"
2346.4s [9月3日（週三） 上午 7:15]   click [Pack] 打包 22 筆訂單（2 小時 56 分）
2347.4s [9月3日（週三） 上午 10:12]   click [CourierEconomy] 快遞 · 經濟 3 天（$120.92）
2357.4s [9月3日（週三） 下午 7:13]   use "Sleep"
2358.0s [9月3日（週三） 下午 7:13]   click [Sleep] Sleep until 7:00 AM
2368.7s [9月4日（週四） 上午 7:14]   use "Packing table"
2369.4s [9月4日（週四） 上午 7:15]   click [Pack] 打包 25 筆訂單（3 小時 20 分）
2370.4s [9月4日（週四） 上午 10:36]   click [CourierEconomy] 快遞 · 經濟 3 天（$123.00）
2371.7s [9月4日（週四） 上午 10:38]   shot 221_decision_supplier_price_increase.png
2371.7s [9月4日（週四） 上午 10:38]   decision supplier_price_increase → accept
2371.7s [9月4日（週四） 上午 10:38]   click [Choice_accept] 好。繼續跟你進貨。
2373.1s [9月4日（週四） 上午 10:38]   shot 222_decision_outcome_supplier_price_increase.png
2373.1s [9月4日（週四） 上午 10:38]   click "OK"
2373.7s [9月4日（週四） 上午 10:38]   shot 223_decision_customer_return.png
2373.7s [9月4日（週四） 上午 10:38]   decision customer_return → replace
2373.7s [9月4日（週四） 上午 10:38]   click [Choice_replace] 寄一個新的
2375.1s [9月4日（週四） 上午 10:38]   shot 224_decision_outcome_customer_return.png
2375.1s [9月4日（週四） 上午 10:38]   click "OK"
2384.5s [9月4日（週四） 下午 7:13]   use "Sleep"
2385.1s [9月4日（週四） 下午 7:13]   click [Sleep] Sleep until 7:00 AM
2395.8s [9月5日（週五） 上午 7:14]   use "Packing table"
2396.5s [9月5日（週五） 上午 7:15]   click [Pack] 打包 19 筆訂單（2 小時 32 分）
2397.5s [9月5日（週五） 上午 9:48]   click [CourierEconomy] 快遞 · 經濟 3 天（$92.84）
2398.7s [9月5日（週五） 上午 9:50]   ok  solar desk lamps arrived before listing
2400.3s [9月5日（週五） 上午 9:52]   use "Use laptop — Company OS"
2400.9s [9月5日（週五） 上午 9:53]   click [Tab_sales] Ecommerce
2401.7s [9月5日（週五） 上午 9:55]   click [ListSelf_solar_lamp] Shoot photos myself & list (1 h 20 min)
2403.1s [9月5日（週五） 上午 11:17]   ok  solar desk lamps listed
2403.1s [9月5日（週五） 上午 11:17] STEP Chapter 8 — the Green Business Grant at City Hall
2405.7s [9月5日（週五） 上午 11:22]   ok  walked back outside
2419.7s [9月5日（週五） 上午 11:43]   use "捷運——河濱區站"
2420.7s [9月5日（週五） 上午 11:44]   shot 225_metro_civic_center.png
2420.7s [9月5日（週五） 上午 11:44]   click [Go_civic_center] 市政中心  ·  12 分鐘
2421.7s [9月5日（週五） 上午 11:58]   ok  took the Metro to Civic Center
2428.8s [9月5日（週五） 下午 12:08]   ok  entered Aurelia City Hall
2430.6s [9月5日（週五） 下午 12:11]   use "Permits & regulations"
2431.4s [9月5日（週五） 下午 12:12]   shot 226_green_grant.png
2431.4s [9月5日（週五） 下午 12:12]   click [ApplyGreenGrant] Apply
2432.4s [9月5日（週五） 下午 12:44]   ok  green grant approved
2433.4s [9月5日（週五） 下午 12:45]   ok  Chapter 8 complete
2433.4s [9月5日（週五） 下午 12:45] STEP Chapter 9 — the Clearing Crisis: an import stuck on the wire
2433.4s [9月5日（週五） 下午 12:45]   ok  Year 5: the Clearing Crisis
2436.4s [9月5日（週五） 下午 12:51]   ok  walked back outside
2442.0s [9月5日（週五） 下午 12:59]   use "捷運——市政中心站"
2443.0s [9月5日（週五） 下午 1:00]   shot 227_metro_riverside.png
2443.0s [9月5日（週五） 下午 1:00]   click [Go_riverside] 河濱區  ·  12 分鐘
2444.0s [9月5日（週五） 下午 1:14]   ok  took the Metro to Riverside
2451.5s [9月5日（週五） 下午 1:25]   ok  entered Bloom Coffee
2453.2s [9月5日（週五） 下午 1:28]   use "Read the news board"
2454.0s [9月5日（週五） 下午 1:33]   shot 228_news_clearing_crisis.png
2454.0s [9月5日（週五） 下午 1:33]   info card: News board
2454.0s [9月5日（週五） 下午 1:33]   shot 229_info_news_board.png
2454.0s [9月5日（週五） 下午 1:33]   click "Close"
2454.5s [9月5日（週五） 下午 1:33]   ok  read the news (clearing_crisis)
2457.5s [9月5日（週五） 下午 1:39]   ok  walked back outside
2460.6s [9月5日（週五） 下午 1:43]   ok  entered Riverside Tower
2462.1s [9月5日（週五） 下午 1:45]   use "Use laptop — Company OS"
2462.7s [9月5日（週五） 下午 1:46]   click [Tab_operations] Operations
2463.5s [9月5日（週五） 下午 1:48]   click [Buy_lumina_direct_phone_stand] 購買 $872.00
2464.4s [9月5日（週五） 下午 1:49]   shot 230_settlement_choice.png
2464.4s [9月5日（週五） 下午 1:49]   click [Settle_international_wire] Pay this way
2465.5s [9月5日（週五） 下午 1:51]   ok  import ordered, paid by wire
2465.5s [9月5日（週五） 下午 1:51] STEP Chapter 9 — Lina Zhao at Nexus Bank
2468.2s [9月5日（週五） 下午 1:56]   ok  walked back outside
2482.1s [9月5日（週五） 下午 2:16]   use "捷運——河濱區站"
2483.1s [9月5日（週五） 下午 2:18]   shot 231_metro_financial.png
2483.1s [9月5日（週五） 下午 2:18]   click [Go_financial] 金融區  ·  10 分鐘
2484.2s [9月5日（週五） 下午 2:30]   ok  took the Metro to Financial District
2491.7s [9月5日（週五） 下午 2:41]   ok  entered Nexus Bank
2499.1s [9月5日（週五） 下午 2:52]   use "和 Lina Zhao 說話"
2499.9s [9月5日（週五） 下午 2:52]   shot 232_lina_intro.png
2505.7s [9月5日（週五） 下午 2:52]   choose "› 幫我開一個數位美元帳戶。"
2507.9s [9月5日（週五） 下午 2:52]   ok  met Lina Zhao
2510.2s [9月5日（週五） 下午 2:56]   ok  walked back outside
2516.3s [9月5日（週五） 下午 3:05]   use "捷運——金融區站"
2517.3s [9月5日（週五） 下午 3:07]   shot 233_metro_riverside.png
2517.3s [9月5日（週五） 下午 3:07]   click [Go_riverside] 河濱區  ·  10 分鐘
2518.4s [9月5日（週五） 下午 3:18]   ok  took the Metro to Riverside
2527.5s [9月5日（週五） 下午 3:32]   ok  entered Riverside Tower
2528.9s [9月5日（週五） 下午 3:34]   use "Use laptop — Company OS"
2529.5s [9月5日（週五） 下午 3:35]   click [Tab_operations] Operations
2530.4s [9月5日（週五） 下午 3:36]   click [SpeedUp_PO-144] Speed up
2531.1s [9月5日（週五） 下午 3:37]   shot 234_settlement_speed_up.png
2531.1s [9月5日（週五） 下午 3:37]   click [Settle_letter_of_credit] Switch
2539.7s [9月5日（週五） 下午 7:11]   use "Sleep"
2540.3s [9月5日（週五） 下午 7:11]   click [Sleep] Sleep until 7:00 AM
2542.2s [9月6日（週六） 上午 7:00]   shot 235_decision_customer_return.png
2542.2s [9月6日（週六） 上午 7:00]   decision customer_return → replace
2542.2s [9月6日（週六） 上午 7:00]   click [Choice_replace] 寄一個新的
2543.6s [9月6日（週六） 上午 7:00]   shot 236_decision_outcome_customer_return.png
2543.6s [9月6日（週六） 上午 7:00]   click "OK"
2553.1s [9月6日（週六） 上午 7:13]   use "Packing table"
2553.8s [9月6日（週六） 上午 7:15]   click [Pack] 打包 21 筆訂單（2 小時 48 分）
2554.7s [9月6日（週六） 上午 10:04]   click [CourierEconomy] 快遞 · 經濟 3 天（$93.84）
2556.1s [9月6日（週六） 下午 7:00]   shot 237_decision_customer_return.png
2556.1s [9月6日（週六） 下午 7:00]   decision customer_return → replace
2556.1s [9月6日（週六） 下午 7:00]   click [Choice_replace] 寄一個新的
2557.5s [9月6日（週六） 下午 7:00]   shot 238_decision_outcome_customer_return.png
2557.5s [9月6日（週六） 下午 7:00]   click "OK"
2566.9s [9月6日（週六） 下午 7:13]   use "Sleep"
2567.5s [9月6日（週六） 下午 7:14]   click [Sleep] Sleep until 7:00 AM
2569.5s [9月7日（週日） 上午 7:00]   shot 239_decision_customer_return.png
2569.5s [9月7日（週日） 上午 7:00]   decision customer_return → replace
2569.5s [9月7日（週日） 上午 7:00]   click [Choice_replace] 寄一個新的
2570.9s [9月7日（週日） 上午 7:00]   shot 240_decision_outcome_customer_return.png
2570.9s [9月7日（週日） 上午 7:00]   click "OK"
2580.3s [9月7日（週日） 上午 7:14]   use "Packing table"
2581.0s [9月7日（週日） 上午 7:15]   click [Pack] 打包 14 筆訂單（1 小時 52 分）
2582.0s [9月7日（週日） 上午 9:08]   click [CourierEconomy] 快遞 · 經濟 3 天（$64.56）
2592.0s [9月7日（週日） 下午 7:13]   use "Sleep"
2592.6s [9月7日（週日） 下午 7:13]   click [Sleep] Sleep until 7:00 AM
2593.3s [9月8日（週一） 上午 3:13]   toast: 新評價 #2600：★「浪費錢。」
2603.4s [9月8日（週一） 上午 7:14]   use "Packing table"
2604.1s [9月8日（週一） 上午 7:15]   click [Pack] 打包 24 筆訂單（3 小時 12 分）
2605.0s [9月8日（週一） 上午 10:28]   click [CourierEconomy] 快遞 · 經濟 3 天（$102.96）
2606.4s [9月8日（週一） 下午 7:00]   shot 241_decision_customer_return.png
2606.4s [9月8日（週一） 下午 7:00]   decision customer_return → replace
2606.4s [9月8日（週一） 下午 7:00]   click [Choice_replace] 寄一個新的
2607.8s [9月8日（週一） 下午 7:00]   shot 242_decision_outcome_customer_return.png
2607.8s [9月8日（週一） 下午 7:00]   click "OK"
2617.2s [9月8日（週一） 下午 7:13]   use "Sleep"
2617.8s [9月8日（週一） 下午 7:14]   click [Sleep] Sleep until 7:00 AM
2628.6s [9月9日（週二） 上午 7:14]   use "Packing table"
2629.3s [9月9日（週二） 上午 7:15]   click [Pack] 打包 26 筆訂單（3 小時 28 分）
2630.3s [9月9日（週二） 上午 10:44]   click [CourierEconomy] 快遞 · 經濟 3 天（$117.84）
2640.3s [9月9日（週二） 下午 7:13]   use "Sleep"
2640.9s [9月9日（週二） 下午 7:13]   click [Sleep] Sleep until 7:00 AM
2651.7s [9月10日（週三） 上午 7:14]   use "Packing table"
2652.4s [9月10日（週三） 上午 7:15]   click [Pack] 打包 26 筆訂單（3 小時 28 分）
2653.4s [9月10日（週三） 上午 10:44]   click [CourierEconomy] 快遞 · 經濟 3 天（$110.64）
2663.4s [9月10日（週三） 下午 7:13]   use "Sleep"
2664.0s [9月10日（週三） 下午 7:13]   click [Sleep] Sleep until 7:00 AM
2665.9s [9月11日（週四） 上午 7:00]   shot 243_decision_customer_return.png
2665.9s [9月11日（週四） 上午 7:00]   decision customer_return → replace
2665.9s [9月11日（週四） 上午 7:00]   click [Choice_replace] 寄一個新的
2667.3s [9月11日（週四） 上午 7:00]   shot 244_decision_outcome_customer_return.png
2667.3s [9月11日（週四） 上午 7:00]   click "OK"
2676.7s [9月11日（週四） 上午 7:13]   use "Packing table"
2677.4s [9月11日（週四） 上午 7:15]   click [Pack] 打包 17 筆訂單（2 小時 16 分）
2678.4s [9月11日（週四） 上午 9:32]   click [CourierEconomy] 快遞 · 經濟 3 天（$78.48）
2688.5s [9月11日（週四） 下午 7:13]   use "Sleep"
2689.1s [9月11日（週四） 下午 7:13]   click [Sleep] Sleep until 7:00 AM
2699.8s [9月12日（週五） 上午 7:14]   use "Packing table"
2700.5s [9月12日（週五） 上午 7:15]   click [Pack] 打包 20 筆訂單（2 小時 40 分）
2701.5s [9月12日（週五） 上午 9:56]   click [CourierEconomy] 快遞 · 經濟 3 天（$90.00）
2711.6s [9月12日（週五） 下午 7:13]   use "Sleep"
2712.2s [9月12日（週五） 下午 7:13]   click [Sleep] Sleep until 7:00 AM
2722.9s [9月13日（週六） 上午 7:14]   use "Packing table"
2723.6s [9月13日（週六） 上午 7:15]   click [Pack] 打包 23 筆訂單（3 小時 4 分）
2724.6s [9月13日（週六） 上午 10:20]   click [CourierEconomy] 快遞 · 經濟 3 天（$101.52）
2734.6s [9月13日（週六） 下午 7:13]   use "Sleep"
2735.2s [9月13日（週六） 下午 7:13]   click [Sleep] Sleep until 7:00 AM
2745.9s [9月14日（週日） 上午 7:14]   use "Packing table"
2746.6s [9月14日（週日） 上午 7:15]   click [Pack] 打包 21 筆訂單（2 小時 48 分）
2747.6s [9月14日（週日） 上午 10:04]   click [CourierEconomy] 快遞 · 經濟 3 天（$89.04）
2757.7s [9月14日（週日） 下午 7:13]   use "Sleep"
2758.3s [9月14日（週日） 下午 7:13]   click [Sleep] Sleep until 7:00 AM
2769.0s [9月15日（週一） 上午 7:14]   use "Packing table"
2769.7s [9月15日（週一） 上午 7:15]   click [Pack] 打包 22 筆訂單（2 小時 56 分）
2770.7s [9月15日（週一） 上午 10:12]   click [CourierEconomy] 快遞 · 經濟 3 天（$90.48）
2780.7s [9月15日（週一） 下午 7:13]   use "Sleep"
2781.3s [9月15日（週一） 下午 7:13]   click [Sleep] Sleep until 7:00 AM
2783.2s [9月16日（週二） 上午 7:00]   shot 245_decision_customer_return.png
2783.2s [9月16日（週二） 上午 7:00]   decision customer_return → replace
2783.2s [9月16日（週二） 上午 7:00]   click [Choice_replace] 寄一個新的
2784.6s [9月16日（週二） 上午 7:00]   shot 246_decision_outcome_customer_return.png
2784.6s [9月16日（週二） 上午 7:00]   click "OK"
2794.0s [9月16日（週二） 上午 7:13]   use "Packing table"
2794.7s [9月16日（週二） 上午 7:15]   click [Pack] 打包 22 筆訂單（2 小時 56 分）
2795.7s [9月16日（週二） 上午 10:12]   click [CourierEconomy] 快遞 · 經濟 3 天（$90.48）
2805.7s [9月16日（週二） 下午 7:13]   use "Sleep"
2806.3s [9月16日（週二） 下午 7:13]   click [Sleep] Sleep until 7:00 AM
2808.2s [9月17日（週三） 上午 7:00]   shot 247_decision_customer_return.png
2808.2s [9月17日（週三） 上午 7:00]   decision customer_return → refund
2808.2s [9月17日（週三） 上午 7:00]   click [Choice_refund] 退款＋收回商品
2809.7s [9月17日（週三） 上午 7:00]   shot 248_decision_outcome_customer_return.png
2809.7s [9月17日（週三） 上午 7:00]   click "OK"
2819.1s [9月17日（週三） 上午 7:14]   use "Packing table"
2819.8s [9月17日（週三） 上午 7:15]   click [Pack] 打包 13 筆訂單（1 小時 44 分）
2820.7s [9月17日（週三） 上午 9:00]   click [CourierEconomy] 快遞 · 經濟 3 天（$55.92）
2827.2s [9月17日（週三） 下午 7:08]   shot 249_decision_customer_return.png
2827.2s [9月17日（週三） 下午 7:08]   decision customer_return → replace
2827.2s [9月17日（週三） 下午 7:08]   click [Choice_replace] 寄一個新的
2828.6s [9月17日（週三） 下午 7:08]   shot 250_decision_outcome_customer_return.png
2828.6s [9月17日（週三） 下午 7:08]   click "OK"
2829.2s [9月17日（週三） 下午 7:08]   use "Sleep"
2829.8s [9月17日（週三） 下午 7:08]   click [Sleep] Sleep until 7:00 AM
2840.5s [9月18日（週四） 上午 7:14]   use "Packing table"
2841.3s [9月18日（週四） 上午 7:15]   click [Pack] 打包 11 筆訂單（1 小時 28 分）
2842.2s [9月18日（週四） 上午 8:44]   click [CourierEconomy] 快遞 · 經濟 3 天（$50.64）
2843.5s [9月18日（週四） 下午 7:00]   shot 251_decision_customer_return.png
2843.5s [9月18日（週四） 下午 7:00]   decision customer_return → replace
2843.5s [9月18日（週四） 下午 7:00]   click [Choice_replace] 寄一個新的
2845.0s [9月18日（週四） 下午 7:00]   shot 252_decision_outcome_customer_return.png
2845.0s [9月18日（週四） 下午 7:00]   click "OK"
2854.4s [9月18日（週四） 下午 7:14]   use "Sleep"
2855.0s [9月18日（週四） 下午 7:14]   click [Sleep] Sleep until 7:00 AM
2856.9s [9月19日（週五） 上午 7:00]   shot 253_decision_customer_return.png
2856.9s [9月19日（週五） 上午 7:00]   decision customer_return → refund
2856.9s [9月19日（週五） 上午 7:00]   click [Choice_refund] 退款＋收回商品
2858.3s [9月19日（週五） 上午 7:00]   shot 254_decision_outcome_customer_return.png
2858.3s [9月19日（週五） 上午 7:00]   click "OK"
2867.7s [9月19日（週五） 上午 7:13]   use "Packing table"
2868.4s [9月19日（週五） 上午 7:15]   click [Pack] 打包 13 筆訂單（1 小時 44 分）
2869.3s [9月19日（週五） 上午 9:00]   click [CourierEconomy] 快遞 · 經濟 3 天（$55.92）
2879.4s [9月19日（週五） 下午 7:13]   use "Sleep"
2880.0s [9月19日（週五） 下午 7:13]   click [Sleep] Sleep until 7:00 AM
2882.0s [9月20日（週六） 下午 7:00]   shot 255_decision_customer_return.png
2882.0s [9月20日（週六） 下午 7:00]   decision customer_return → refund
2882.1s [9月20日（週六） 下午 7:00]   click [Choice_refund] 退款＋收回商品
2883.5s [9月20日（週六） 下午 7:00]   shot 256_decision_outcome_customer_return.png
2883.5s [9月20日（週六） 下午 7:00]   click "OK"
2884.0s [9月20日（週六） 下午 7:00]   shot 257_decision_customer_return.png
2884.0s [9月20日（週六） 下午 7:00]   decision customer_return → refund
2884.0s [9月20日（週六） 下午 7:00]   click [Choice_refund] 退款＋收回商品
2885.5s [9月20日（週六） 下午 7:00]   shot 258_decision_outcome_customer_return.png
2885.5s [9月20日（週六） 下午 7:00]   click "OK"
2892.4s [9月20日（週六） 下午 7:10]   use "Sleep"
2893.0s [9月20日（週六） 下午 7:10]   click [Sleep] Sleep until 7:00 AM
2894.9s [9月21日（週日） 上午 7:00]   shot 259_decision_customer_return.png
2894.9s [9月21日（週日） 上午 7:00]   decision customer_return → refund
2894.9s [9月21日（週日） 上午 7:00]   click [Choice_refund] 退款＋收回商品
2896.4s [9月21日（週日） 上午 7:00]   shot 260_decision_outcome_customer_return.png
2896.4s [9月21日（週日） 上午 7:00]   click "OK"
2896.9s [9月21日（週日） 上午 7:00]   shot 261_decision_customer_return.png
2896.9s [9月21日（週日） 上午 7:00]   decision customer_return → refund
2896.9s [9月21日（週日） 上午 7:00]   click [Choice_refund] 退款＋收回商品
2898.3s [9月21日（週日） 上午 7:00]   shot 262_decision_outcome_customer_return.png
2898.3s [9月21日（週日） 上午 7:00]   click "OK"
2899.2s [9月21日（週日） 下午 7:01]   use "Sleep"
2899.8s [9月21日（週日） 下午 7:01]   click [Sleep] Sleep until 7:00 AM
2910.6s [9月22日（週一） 上午 7:14]   use "Packing table"
2911.3s [9月22日（週一） 上午 7:15]   click [Pack] 打包 1 筆訂單（8 分鐘）
2912.2s [9月22日（週一） 上午 7:24]   click [CourierEconomy] 快遞 · 經濟 3 天（$9.84）
2914.0s [9月22日（週一） 下午 7:00]   shot 263_decision_customer_return.png
2914.0s [9月22日（週一） 下午 7:00]   decision customer_return → refund
2914.0s [9月22日（週一） 下午 7:00]   click [Choice_refund] 退款＋收回商品
2915.6s [9月22日（週一） 下午 7:00]   shot 264_decision_outcome_customer_return.png
2915.6s [9月22日（週一） 下午 7:00]   click "OK"
2925.1s [9月22日（週一） 下午 7:14]   use "Sleep"
2925.7s [9月22日（週一） 下午 7:14]   click [Sleep] Sleep until 7:00 AM
2927.5s [9月23日（週二） 上午 7:00]   shot 265_decision_customer_return.png
2927.5s [9月23日（週二） 上午 7:00]   decision customer_return → refund
2927.5s [9月23日（週二） 上午 7:00]   click [Choice_refund] 退款＋收回商品
2929.0s [9月23日（週二） 上午 7:00]   shot 266_decision_outcome_customer_return.png
2929.0s [9月23日（週二） 上午 7:00]   click "OK"
2938.4s [9月23日（週二） 上午 7:13]   use "Packing table"
2939.1s [9月23日（週二） 上午 7:15]   click [Pack] 打包 1 筆訂單（8 分鐘）
2940.0s [9月23日（週二） 上午 7:24]   click [CourierEconomy] 快遞 · 經濟 3 天（$9.52）
2941.3s [9月23日（週二） 上午 7:26]   ok  Chapter 9 complete: the import got through
2941.3s [9月23日（週二） 上午 7:26]   ok  ledger balanced after chapters 7–9
2941.3s [9月23日（週二） 上午 7:26] STEP Old Town — lease the corner café from Mr. Okafor
2941.3s [9月23日（週二） 上午 7:26]   (harness) wait 2 h
2944.5s [9月23日（週二） 上午 9:32]   ok  walked back outside
2958.4s [9月23日（週二） 上午 9:53]   use "捷運——河濱區站"
2959.4s [9月23日（週二） 上午 9:54]   shot 267_metro_old_town.png
2959.4s [9月23日（週二） 上午 9:54]   click [Go_old_town] 舊城區  ·  16 分鐘
2960.6s [9月23日（週二） 上午 10:12]   ok  took the Metro to Old Town
2960.7s [9月23日（週二） 上午 10:12]   shot 268_old_town.png
2971.6s [9月23日（週二） 上午 10:28]   ok  entered Okafor Lettings
2972.1s [9月23日（週二） 上午 10:29]   use "和 Okafor 先生 說話"
2975.1s [9月23日（週二） 上午 10:29]   choose "› 這裡以前是什麼店？"
2980.2s [9月23日（週二） 上午 10:30]   shot 269_cafe_lease.png
2980.2s [9月23日（週二） 上午 10:30]   click [SignLease_corner_cafe] Sign the lease
2981.1s [9月23日（週二） 上午 10:31]   ok  leased the corner café unit
2982.9s [9月23日（週二） 上午 10:35]   ok  walked back outside
2983.1s [9月23日（週二） 上午 10:35]   shot 270_old_town_storefronts.png
2988.1s [9月23日（週二） 上午 10:43]   ok  entered Corner Café Unit
2988.8s [9月23日（週二） 上午 10:44]   use "Check the till — Company OS"
2989.5s [9月23日（週二） 上午 10:45]   click [CafeFitOut] 裝修（$5,800）
2990.0s [9月23日（週二） 上午 10:46]   click [CafeSupplies_large] 400 杯份 · $325.00
2990.5s [9月23日（週二） 上午 10:46]   shot 271_cafe_setup.png
2990.9s [9月23日（週二） 上午 10:47]   ok  fit-out under way
2990.9s [9月23日（週二） 上午 10:47]   ok  coffee supplies ordered
2990.9s [9月23日（週二） 上午 10:47] STEP Old Town — the food licence at City Hall (walking via Shopping Street)
2992.9s [9月23日（週二） 上午 10:51]   ok  walked back outside
3000.7s [9月23日（週二） 上午 11:09]   ok  walked to Shopping Street
3014.1s [9月23日（週二） 上午 11:37]   ok  walked to Civic Center
3018.3s [9月23日（週二） 上午 11:43]   ok  entered Aurelia City Hall
3020.1s [9月23日（週二） 上午 11:46]   use "Permits & regulations"
3020.7s [9月23日（週二） 上午 11:47]   click [ApplyFoodLicence] Apply
3021.4s [9月23日（週二） 下午 12:08]   shot 272_food_licence.png
3021.8s [9月23日（週二） 下午 12:08]   ok  food licence applied for
3024.8s [9月23日（週二） 下午 12:14]   ok  walked back outside
3030.4s [9月23日（週二） 下午 12:22]   use "捷運——市政中心站"
3031.4s [9月23日（週二） 下午 12:24]   shot 273_metro_riverside.png
3031.4s [9月23日（週二） 下午 12:24]   click [Go_riverside] 河濱區  ·  12 分鐘
3032.4s [9月23日（週二） 下午 12:37]   ok  took the Metro to Riverside
3041.6s [9月23日（週二） 下午 12:51]   ok  entered Riverside Tower
3041.6s [9月23日（週二） 下午 12:51]   (harness) wait 2 h
3042.3s [9月23日（週二） 下午 2:52]   (harness) wait 2 h
3043.0s [9月23日（週二） 下午 4:53]   (harness) wait 2 h
3043.7s [9月23日（週二） 下午 6:54]   (harness) wait 2 h
3046.3s [9月23日（週二） 下午 8:58]   use "Sleep"
3046.9s [9月23日（週二） 下午 8:58]   click [Sleep] Sleep until 7:00 AM
3048.9s [9月24日（週三） 上午 7:01]   (harness) wait 2 h
3049.6s [9月24日（週三） 上午 9:02]   (harness) wait 2 h
3050.3s [9月24日（週三） 上午 11:03]   (harness) wait 2 h
3050.9s [9月24日（週三） 下午 1:04]   (harness) wait 2 h
3051.6s [9月24日（週三） 下午 3:05]   (harness) wait 2 h
3052.3s [9月24日（週三） 下午 5:06]   (harness) wait 2 h
3053.2s [9月24日（週三） 下午 7:07]   use "Sleep"
3053.8s [9月24日（週三） 下午 7:07]   click [Sleep] Sleep until 7:00 AM
3055.7s [9月25日（週四） 上午 7:00]   shot 274_decision_customer_return.png
3055.7s [9月25日（週四） 上午 7:00]   decision customer_return → refund
3055.7s [9月25日（週四） 上午 7:00]   click [Choice_refund] 退款＋收回商品
3057.1s [9月25日（週四） 上午 7:00]   shot 275_decision_outcome_customer_return.png
3057.1s [9月25日（週四） 上午 7:00]   click "OK"
3057.7s [9月25日（週四） 上午 7:00]   (harness) wait 2 h
3058.4s [9月25日（週四） 上午 9:01]   (harness) wait 2 h
3068.0s [9月25日（週四） 上午 11:16]   use "Packing table"
3068.7s [9月25日（週四） 上午 11:17]   click [Pack] 打包 1 筆訂單（8 分鐘）
3069.6s [9月25日（週四） 上午 11:26]   click [CourierEconomy] 快遞 · 經濟 3 天（$9.52）
3070.9s [9月25日（週四） 上午 11:28]   (harness) wait 2 h
3071.6s [9月25日（週四） 下午 1:29]   ok  fitted out and licensed
3071.6s [9月25日（週四） 下午 1:29] STEP Old Town — opening day behind your own counter
3074.0s [9月25日（週四） 下午 1:34]   ok  walked back outside
3088.0s [9月25日（週四） 下午 1:55]   use "捷運——河濱區站"
3089.0s [9月25日（週四） 下午 1:56]   shot 276_metro_old_town.png
3089.0s [9月25日（週四） 下午 1:56]   click [Go_old_town] 舊城區  ·  16 分鐘
3090.0s [9月25日（週四） 下午 2:14]   ok  took the Metro to Old Town
3097.5s [9月25日（週四） 下午 2:25]   ok  entered Corner Café Unit
3097.6s [9月25日（週四） 下午 2:25]   shot 277_cafe_open.png
3098.6s [9月25日（週四） 下午 2:27]   use "Work the counter (2 h)"
3099.5s [9月25日（週四） 下午 4:28]   ok  served customers at your own café
3100.0s [9月25日（週四） 下午 4:29]   use "Check the till — Company OS"
3100.6s [9月25日（週四） 下午 4:30]   shot 278_cafe_tab.png
3101.0s [9月25日（週四） 下午 4:30]   ok  ledger balanced after opening the café
3103.3s [9月25日（週四） 下午 4:35]   ok  walked back outside
3115.5s [9月25日（週四） 下午 4:53]   use "捷運——舊城區站"
3116.5s [9月25日（週四） 下午 4:54]   shot 279_metro_riverside.png
3116.5s [9月25日（週四） 下午 4:54]   click [Go_riverside] 河濱區  ·  16 分鐘
3117.5s [9月25日（週四） 下午 5:12]   ok  took the Metro to Riverside
3126.6s [9月25日（週四） 下午 5:26]   ok  entered Riverside Tower
3126.6s [9月25日（週四） 下午 5:26] STEP Harbor — metro to the docks, a used van from Sam, and Pier 7
3126.6s [9月25日（週四） 下午 5:26]   ok  actual financing covers the van, bay and working capital
3126.7s [9月25日（週四） 下午 5:26]   (harness) wait 2 h
3129.3s [9月25日（週四） 下午 7:30]   use "Sleep"
3129.9s [9月25日（週四） 下午 7:30]   click [Sleep] Sleep until 7:00 AM
3131.9s [9月26日（週五） 上午 7:01]   (harness) wait 2 h
3135.7s [9月26日（週五） 上午 9:07]   ok  walked back outside
3149.7s [9月26日（週五） 上午 9:28]   use "捷運——河濱區站"
3150.6s [9月26日（週五） 上午 9:30]   shot 280_metro_harbor.png
3150.6s [9月26日（週五） 上午 9:30]   click [Go_harbor] 港區  ·  8 分鐘
3153.6s [9月26日（週五） 上午 9:39]   ok  took the Metro to Harbor
3153.7s [9月26日（週五） 上午 9:39]   shot 281_harbor.png
3160.7s [9月26日（週五） 上午 9:50]   shot 282_harbor_street.png
3163.3s [9月26日（週五） 上午 9:54]   ok  entered Dockside Motors
3170.2s [9月26日（週五） 上午 10:04]   use "和 Sam Okoro 說話"
3173.2s [9月26日（週五） 上午 10:04]   choose "› 你這裡有什麼？"
3178.2s [9月26日（週五） 上午 10:05]   shot 283_van_dealer.png
3178.2s [9月26日（週五） 上午 10:05]   click [BuyVan] 買下這台貨車（$9,800.00）
3178.8s [9月26日（週五） 上午 10:06]   shot 284_van_bought.png
3179.2s [9月26日（週五） 上午 10:07]   ok  bought the van from Sam
3179.2s [9月26日（週五） 上午 10:07]   ok  the van is a vehicle expense
3181.1s [9月26日（週五） 上午 10:10]   ok  walked back outside
3186.8s [9月26日（週五） 上午 10:19]   ok  entered Pier 7 Warehouse
3190.4s [9月26日（週五） 上午 10:24]   use "Lettings desk: lease Bay 3"
3191.1s [9月26日（週五） 上午 10:25]   shot 285_pier7_lease.png
3191.1s [9月26日（週五） 上午 10:25]   click [SignLease_pier7_warehouse] Sign the lease
3192.0s [9月26日（週五） 上午 10:27]   ok  leased the Pier 7 bay
3192.0s [9月26日（週五） 上午 10:27]   ok  Pier 7 is a stock location
3192.6s [9月26日（週五） 上午 10:27]   shot 286_pier7_warehouse.png
3196.8s [9月26日（週五） 上午 10:35]   ok  walked back outside
3205.4s [9月26日（週五） 上午 10:48]   use "捷運——港區站"
3206.4s [9月26日（週五） 上午 10:49]   shot 287_metro_riverside.png
3206.4s [9月26日（週五） 上午 10:49]   click [Go_riverside] 河濱區  ·  8 分鐘
3207.4s [9月26日（週五） 上午 10:59]   ok  took the Metro to Riverside
3216.6s [9月26日（週五） 上午 11:13]   ok  entered Riverside Tower
3216.6s [9月26日（週五） 上午 11:13] STEP Harbor — the morning's delivery runs
3216.6s [9月26日（週五） 上午 11:13]   (harness) wait 2 h
3217.3s [9月26日（週五） 下午 1:14]   (harness) wait 2 h
3218.0s [9月26日（週五） 下午 3:14]   shot 288_decision_supplier_price_increase.png
3218.0s [9月26日（週五） 下午 3:14]   decision supplier_price_increase → accept
3218.0s [9月26日（週五） 下午 3:14]   click [Choice_accept] 好。繼續跟你進貨。
3219.4s [9月26日（週五） 下午 3:14]   shot 289_decision_outcome_supplier_price_increase.png
3219.4s [9月26日（週五） 下午 3:14]   click "OK"
3220.0s [9月26日（週五） 下午 3:14]   (harness) wait 2 h
3220.0s [9月26日（週五） 下午 5:00]   toast: Riverlight Goods 咖啡 今天沒開門：吧台沒人顧。去僱一位咖啡師（人員分頁），或自己站吧台。
3220.7s [9月26日（週五） 下午 5:15]   (harness) wait 2 h
3223.3s [9月26日（週五） 下午 7:19]   use "Sleep"
3223.9s [9月26日（週五） 下午 7:19]   click [Sleep] Sleep until 7:00 AM
3225.9s [9月27日（週六） 上午 7:01]   (harness) wait 2 h
3226.6s [9月27日（週六） 上午 9:02]   ok  runs were posted in the morning
3229.7s [9月27日（週六） 上午 9:07]   ok  walked back outside
3243.6s [9月27日（週六） 上午 9:28]   use "捷運——河濱區站"
3244.6s [9月27日（週六） 上午 9:30]   shot 290_metro_harbor.png
3244.6s [9月27日（週六） 上午 9:30]   click [Go_harbor] 港區  ·  8 分鐘
3245.9s [9月27日（週六） 上午 9:39]   ok  took the Metro to Harbor
3255.9s [9月27日（週六） 上午 9:54]   ok  entered Pier 7 Warehouse
3258.7s [9月27日（週六） 上午 9:58]   use "Sit at the yard office desk — Company OS"
3259.4s [9月27日（週六） 上午 10:00]   click [Tab_logistics] Logistics
3260.2s [9月27日（週六） 上午 10:01]   shot 291_logistics_tab.png
3260.9s [9月27日（週六） 上午 10:02]   shot 292_logistics_badge_pinned.png
3260.9s [9月27日（週六） 上午 10:02]   click [Tab_logistics] Logistics
3261.4s [9月27日（週六） 上午 10:03]   ok  delivery runs on the board
3261.4s [9月27日（週六） 上午 10:03]   click [Accept_R3] Accept
3262.0s [9月27日（週六） 上午 10:03]   ok  accepted run R3
3262.0s [9月27日（週六） 上午 10:03]   shot 293_logistics_accepted.png
3262.0s [9月27日（週六） 上午 10:03]   click [Drive_R3] Drive it
3262.7s [9月27日（週六） 上午 10:04]   shot 294_route_game_intro.png
3262.7s [9月27日（週六） 上午 10:04]   click [StartGame] Start
3263.3s [9月27日（週六） 上午 10:04]   click [Stop_3]
3263.4s [9月27日（週六） 上午 10:04]   click [Stop_2]
3263.8s [9月27日（週六） 上午 10:04]   shot 295_route_game_planning.png
3263.8s [9月27日（週六） 上午 10:04]   click [Stop_1]
3263.9s [9月27日（週六） 上午 10:04]   click [Stop_4]
3264.5s [9月27日（週六） 上午 10:04]   shot 296_route_game_planned.png
3264.5s [9月27日（週六） 上午 10:04]   click [DriveRoute] Drive the route
3265.2s [9月27日（週六） 上午 10:04]   shot 297_route_game_results.png
3265.2s [9月27日（週六） 上午 10:04]   click [FinishGame] Continue
3266.1s [9月27日（週六） 下午 1:02]   ok  the run is done and in the history
3266.1s [9月27日（週六） 下午 1:02]   ok  the pay was banked as revenue ($117.33 for run R3)
3266.1s [9月27日（週六） 下午 1:02]   ok  fuel was charged
3266.1s [9月27日（週六） 下午 1:02]   ok  the best route scored 100%
3266.6s [9月27日（週六） 下午 1:02]   shot 298_logistics_tab_paid.png
3267.0s [9月27日（週六） 下午 1:03]   ok  ledger balanced after the first delivery run
3271.0s [9月27日（週六） 下午 1:10]   ok  walked back outside
3279.6s [9月27日（週六） 下午 1:23]   use "捷運——港區站"
3280.6s [9月27日（週六） 下午 1:24]   shot 299_metro_riverside.png
3280.6s [9月27日（週六） 下午 1:24]   click [Go_riverside] 河濱區  ·  8 分鐘
3281.6s [9月27日（週六） 下午 1:34]   ok  took the Metro to Riverside
3290.8s [9月27日（週六） 下午 1:48]   ok  entered Riverside Tower
3290.8s [9月27日（週六） 下午 1:48] STEP Harbor — buy a single class and meet business connections
3292.2s [9月27日（週六） 下午 1:51]   ok  walked back outside
3306.2s [9月27日（週六） 下午 2:12]   use "捷運——河濱區站"
3307.2s [9月27日（週六） 下午 2:13]   shot 300_metro_harbor.png
3307.2s [9月27日（週六） 下午 2:13]   click [Go_harbor] 港區  ·  8 分鐘
3308.2s [9月27日（週六） 下午 2:23]   ok  took the Metro to Harbor
3308.3s [9月27日（週六） 下午 5:00]   toast: Riverlight Goods 咖啡 今天沒開門：吧台沒人顧。去僱一位咖啡師（人員分頁），或自己站吧台。
3315.5s [9月29日（週一） 上午 11:33]   ok  entered Harbor Point Fitness
3315.9s [9月29日（週一） 上午 11:34]   use "Front desk"
3316.0s [9月29日（週一） 上午 11:34]   click [FitnessSingle] 單堂課 · $12.00
3316.2s [9月29日（週一） 上午 11:34]   ok  single class charged to personal cash
3316.2s [9月29日（週一） 上午 11:34]   shot 301_fitness_timetable.png
3316.3s [9月29日（週一） 上午 11:34]   click [FitnessWait] 等候下一堂課 · 41 分鐘
3316.4s [9月29日（週一） 下午 12:15]   shot 302_fitness_class_ready.png
3316.4s [9月29日（週一） 下午 12:15]   ok  timetable reaches actual class start
3316.4s [9月29日（週一） 下午 12:15]   click [FitnessClass_circuits] 12:15 · 午間循環訓練 · 60 分鐘
3317.9s [9月29日（週一） 下午 1:16]   ok  class consumed saved single pass
3318.0s [9月29日（週一） 下午 1:16]   shot 303_fitness_networking_opportunity.png
3318.0s [9月29日（週一） 下午 1:16]   shot 304_decision_fitness_order.png
3318.0s [9月29日（週一） 下午 1:16]   decision fitness_order → accept
3318.0s [9月29日（週一） 下午 1:16]   click [Choice_accept] 取得合約，查看條款
3319.5s [9月29日（週一） 下午 1:16]   shot 305_decision_outcome_fitness_order.png
3319.5s [9月29日（週一） 下午 1:16]   click "OK"
3320.0s [9月29日（週一） 下午 1:16]   ok  fitness and networking books balance
3321.7s [9月29日（週一） 下午 1:20]   ok  walked back outside
3324.9s [9月29日（週一） 下午 1:24]   use "捷運——港區站"
3325.9s [9月29日（週一） 下午 1:26]   shot 306_metro_riverside.png
3325.9s [9月29日（週一） 下午 1:26]   click [Go_riverside] 河濱區  ·  8 分鐘
3327.0s [9月29日（週一） 下午 1:36]   ok  took the Metro to Riverside
3336.1s [9月29日（週一） 下午 1:49]   ok  entered Riverside Tower
3336.1s [9月29日（週一） 下午 1:49]   ok  Chapter 10 started after Chapter 9
3336.1s [9月29日（週一） 下午 1:49]   ok  Year 6: the Digital Finance Boom
3336.1s [9月29日（週一） 下午 1:49] STEP Chapter 10 — the news, and Lina's escrow offer
3337.5s [9月29日（週一） 下午 1:52]   ok  walked back outside
3340.8s [9月29日（週一） 下午 1:57]   ok  entered Bloom Coffee
3342.6s [9月29日（週一） 下午 2:00]   use "Read the news board"
3343.3s [9月29日（週一） 下午 2:05]   shot 307_news_digital_rails.png
3343.3s [9月29日（週一） 下午 2:05]   info card: News board
3343.4s [9月29日（週一） 下午 2:05]   shot 308_info_news_board.png
3343.4s [9月29日（週一） 下午 2:05]   click "Close"
3343.8s [9月29日（週一） 下午 2:05]   ok  read the news (digital_rails)
3346.8s [9月29日（週一） 下午 2:11]   ok  walked back outside
3350.0s [9月29日（週一） 下午 2:15]   ok  entered Riverside Tower
3351.4s [9月29日（週一） 下午 2:18]   ok  walked back outside
3365.3s [9月29日（週一） 下午 2:39]   use "捷運——河濱區站"
3366.3s [9月29日（週一） 下午 2:41]   shot 309_metro_financial.png
3366.3s [9月29日（週一） 下午 2:41]   click [Go_financial] 金融區  ·  10 分鐘
3367.4s [9月29日（週一） 下午 2:52]   ok  took the Metro to Financial District
3374.9s [9月29日（週一） 下午 3:04]   ok  entered Nexus Bank
3382.3s [9月29日（週一） 下午 3:15]   use "和 Lina Zhao 說話"
3383.1s [9月29日（週一） 下午 3:15]   shot 310_lina_rails.png
3388.8s [9月29日（週一） 下午 3:15]   choose "› 有什麼但書？"
3394.7s [9月29日（週一） 下午 3:17]   ok  the '!' badge for escrow pins its card
3394.8s [9月29日（週一） 下午 3:17]   shot 311_badge_escrow_pinned.png
3395.1s [9月29日（週一） 下午 3:17]   shot 312_decision_escrow_offer.png
3395.1s [9月29日（週一） 下午 3:17]   decision escrow_offer → try
3395.1s [9月29日（週一） 下午 3:17]   click [Choice_try] 開立託管帳戶
3396.5s [9月29日（週一） 下午 3:17]   shot 313_decision_outcome_escrow_offer.png
3396.5s [9月29日（週一） 下午 3:17]   click "OK"
3397.1s [9月29日（週一） 下午 3:17]   ok  opened an escrow account
3397.1s [9月29日（週一） 下午 3:17] STEP Chapter 10 — an import paid through escrow
3399.4s [9月29日（週一） 下午 3:22]   ok  walked back outside
3405.5s [9月29日（週一） 下午 3:31]   use "捷運——金融區站"
3406.5s [9月29日（週一） 下午 3:32]   shot 314_metro_riverside.png
3406.5s [9月29日（週一） 下午 3:32]   click [Go_riverside] 河濱區  ·  10 分鐘
3407.6s [9月29日（週一） 下午 3:44]   ok  took the Metro to Riverside
3416.7s [9月29日（週一） 下午 3:58]   ok  entered Riverside Tower
3418.1s [9月29日（週一） 下午 4:00]   use "Use laptop — Company OS"
3418.8s [9月29日（週一） 下午 4:01]   click [Tab_operations] Operations
3419.6s [9月29日（週一） 下午 4:02]   click [Buy_lumina_direct_phone_stand] 購買 $856.00
3420.5s [9月29日（週一） 下午 4:03]   shot 315_settlement_escrow.png
3420.5s [9月29日（週一） 下午 4:03]   click [Settle_escrow] Pay this way
3421.3s [9月29日（週一） 下午 5:00]   toast: Riverlight Goods 咖啡 今天沒開門：吧台沒人顧。去僱一位咖啡師（人員分頁），或自己站吧台。
3421.3s [9月29日（週一） 下午 6:15]   click [Tab_finance] Finance
3421.7s [9月29日（週一） 下午 6:15]   click [Tab_operations] Operations
3427.0s [9月29日（週一） 下午 6:23]   shot 316_operations_escrow_order.png
3427.4s [9月29日（週一） 下午 6:24]   ok  import ordered through escrow
3427.6s [9月29日（週一） 下午 6:24]   use "Use laptop — Company OS"
3428.2s [9月29日（週一） 下午 6:25]   click [Tab_finance] Finance
3429.2s [9月29日（週一） 下午 6:26]   shot 317_finance_held_in_escrow.png
3437.2s [9月29日（週一） 下午 7:11]   use "Sleep"
3437.8s [9月29日（週一） 下午 7:11]   click [Sleep] Sleep until 7:00 AM
3439.8s [9月30日（週二） 下午 5:00]   toast: Riverlight Goods 咖啡 今天沒開門：吧台沒人顧。去僱一位咖啡師（人員分頁），或自己站吧台。
3439.9s [9月30日（週二） 下午 7:00]   use "Sleep"
3440.6s [9月30日（週二） 下午 7:00]   click [Sleep] Sleep until 7:00 AM
3444.1s [10月1日（週三） 上午 7:00]   shot 318_month_close_report.png
3444.1s [10月1日（週三） 上午 7:00]   click [month close] Continue
3444.7s [10月1日（週三） 下午 5:00]   toast: Riverlight Goods 咖啡 今天沒開門：吧台沒人顧。去僱一位咖啡師（人員分頁），或自己站吧台。
3444.9s [10月1日（週三） 下午 7:01]   use "Sleep"
3445.5s [10月1日（週三） 下午 7:01]   click [Sleep] Sleep until 7:00 AM
3447.5s [10月2日（週四） 下午 5:00]   toast: Riverlight Goods 咖啡 今天沒開門：吧台沒人顧。去僱一位咖啡師（人員分頁），或自己站吧台。
3447.7s [10月2日（週四） 下午 7:00]   use "Sleep"
3448.3s [10月2日（週四） 下午 7:00]   click [Sleep] Sleep until 7:00 AM
3450.3s [10月3日（週五） 下午 5:00]   toast: Riverlight Goods 咖啡 今天沒開門：吧台沒人顧。去僱一位咖啡師（人員分頁），或自己站吧台。
3450.4s [10月3日（週五） 下午 7:00]   use "Sleep"
3451.0s [10月3日（週五） 下午 7:00]   click [Sleep] Sleep until 7:00 AM
3453.0s [10月4日（週六） 下午 5:00]   toast: Riverlight Goods 咖啡 今天沒開門：吧台沒人顧。去僱一位咖啡師（人員分頁），或自己站吧台。
3459.6s [10月4日（週六） 下午 7:09]   use "Sleep"
3460.2s [10月4日（週六） 下午 7:10]   click [Sleep] Sleep until 7:00 AM
3462.4s [10月5日（週日） 下午 7:00]   use "Sleep"
3463.0s [10月5日（週日） 下午 7:00]   click [Sleep] Sleep until 7:00 AM
3464.9s [10月6日（週一） 下午 5:00]   toast: Riverlight Goods 咖啡 今天沒開門：吧台沒人顧。去僱一位咖啡師（人員分頁），或自己站吧台。
3465.1s [10月6日（週一） 下午 7:00]   use "Sleep"
3465.7s [10月6日（週一） 下午 7:00]   click [Sleep] Sleep until 7:00 AM
3467.7s [10月7日（週二） 下午 5:00]   toast: Riverlight Goods 咖啡 今天沒開門：吧台沒人顧。去僱一位咖啡師（人員分頁），或自己站吧台。
3467.9s [10月7日（週二） 下午 7:00]   use "Sleep"
3468.5s [10月7日（週二） 下午 7:00]   click [Sleep] Sleep until 7:00 AM
3470.4s [10月8日（週三） 下午 5:00]   toast: Riverlight Goods 咖啡 今天沒開門：吧台沒人顧。去僱一位咖啡師（人員分頁），或自己站吧台。
3470.6s [10月8日（週三） 下午 7:00]   use "Sleep"
3471.2s [10月8日（週三） 下午 7:00]   click [Sleep] Sleep until 7:00 AM
3473.2s [10月9日（週四） 下午 5:00]   toast: Riverlight Goods 咖啡 今天沒開門：吧台沒人顧。去僱一位咖啡師（人員分頁），或自己站吧台。
3480.0s [10月9日（週四） 下午 7:10]   use "Sleep"
3480.6s [10月9日（週四） 下午 7:10]   click [Sleep] Sleep until 7:00 AM
3482.6s [10月10日（週五） 下午 5:00]   toast: Riverlight Goods 咖啡 今天沒開門：吧台沒人顧。去僱一位咖啡師（人員分頁），或自己站吧台。
3482.8s [10月10日（週五） 下午 7:00]   use "Sleep"
3483.4s [10月10日（週五） 下午 7:00]   click [Sleep] Sleep until 7:00 AM
3485.3s [10月11日（週六） 下午 5:00]   toast: Riverlight Goods 咖啡 今天沒開門：吧台沒人顧。去僱一位咖啡師（人員分頁），或自己站吧台。
3485.6s [10月11日（週六） 下午 7:00]   use "Sleep"
3486.2s [10月11日（週六） 下午 7:00]   click [Sleep] Sleep until 7:00 AM
3488.2s [10月12日（週日） 上午 7:01]   ok  escrow released to the supplier on arrival
3488.2s [10月12日（週日） 上午 7:01]   ok  Chapter 10 complete
3488.2s [10月12日（週日） 上午 7:01] STEP Chapter 11 — the bridge exploit
3488.2s [10月12日（週日） 上午 7:01]   ok  Year 7: the Bridge Exploit
3491.5s [10月12日（週日） 上午 7:07]   ok  walked back outside
3494.9s [10月12日（週日） 上午 7:12]   ok  entered Bloom Coffee
3496.6s [10月12日（週日） 上午 7:14]   use "Read the news board"
3497.3s [10月12日（週日） 上午 7:19]   shot 319_news_bridge_before.png
3497.3s [10月12日（週日） 上午 7:19]   info card: News board
3497.4s [10月12日（週日） 上午 7:19]   shot 320_info_news_board.png
3497.4s [10月12日（週日） 上午 7:19]   click "Close"
3497.8s [10月12日（週日） 上午 7:19]   ok  read the news (bridge_before)
3500.8s [10月12日（週日） 上午 7:25]   ok  walked back outside
3504.0s [10月12日（週日） 上午 7:29]   ok  entered Riverside Tower
3505.4s [10月12日（週日） 上午 7:31]   use "Use laptop — Company OS"
3506.0s [10月12日（週日） 上午 7:32]   click [Tab_operations] Operations
3506.9s [10月12日（週日） 上午 7:34]   click [Buy_lumina_direct_phone_stand] 購買 $860.00
3507.7s [10月12日（週日） 上午 7:35]   shot 321_settlement_before_exploit.png
3507.7s [10月12日（週日） 上午 7:35]   click [Settle_escrow] Pay this way
3509.0s [10月12日（週日） 上午 7:37]   ok  restock ordered through escrow (cash $68,437)
3520.8s [10月12日（週日） 上午 7:55]   toast: 快訊：數位美元跨鏈橋遭駭。轉帳凍結，預計 10月18日 上午 7:55 前後恢復。
3522.7s [10月12日（週日） 上午 7:57]   ok  the bridge is frozen with our payment crossing it
3523.4s [10月12日（週日） 上午 7:57]   ok  the '!' badge for frozen_funds pins its card
3523.5s [10月12日（週日） 上午 7:57]   shot 322_badge_frozen_pinned.png
3523.7s [10月12日（週日） 上午 7:57]   shot 323_decision_rail_frozen.png
3523.7s [10月12日（週日） 上午 7:57]   decision rail_frozen → reroute
3523.7s [10月12日（週日） 上午 7:57]   click [Choice_reroute] 改用電匯重新付款（$894）
3525.1s [10月12日（週日） 上午 7:57]   shot 324_decision_outcome_rail_frozen.png
3525.1s [10月12日（週日） 上午 7:57]   click "OK"
3525.7s [10月12日（週日） 上午 7:57]   ok  paid again by wire
3525.9s [10月12日（週日） 上午 7:57]   use "Use laptop — Company OS"
3526.5s [10月12日（週日） 上午 7:58]   click [Tab_finance] Finance
3527.4s [10月12日（週日） 上午 8:00]   shot 325_finance_frozen_funds.png
3527.4s [10月12日（週日） 上午 8:00]   click [Tab_operations] Operations
3533.1s [10月12日（週日） 上午 8:08]   shot 326_operations_frozen_order.png
3536.1s [10月12日（週日） 上午 8:14]   ok  walked back outside
3539.5s [10月12日（週日） 上午 8:19]   ok  entered Bloom Coffee
3541.2s [10月12日（週日） 上午 8:21]   use "Read the news board"
3541.9s [10月12日（週日） 上午 8:26]   shot 327_news_bridge_frozen.png
3541.9s [10月12日（週日） 上午 8:26]   info card: News board
3542.0s [10月12日（週日） 上午 8:26]   shot 328_info_news_board.png
3542.0s [10月12日（週日） 上午 8:26]   click "Close"
3542.5s [10月12日（週日） 上午 8:26]   ok  read the news (bridge_frozen)
3545.4s [10月12日（週日） 上午 8:32]   ok  walked back outside
3548.6s [10月12日（週日） 上午 8:36]   ok  entered Riverside Tower
3550.5s [10月12日（週日） 下午 7:03]   use "Sleep"
3551.1s [10月12日（週日） 下午 7:03]   click [Sleep] Sleep until 7:00 AM
3553.1s [10月13日（週一） 下午 5:00]   toast: Riverlight Goods 咖啡 今天沒開門：吧台沒人顧。去僱一位咖啡師（人員分頁），或自己站吧台。
3553.3s [10月13日（週一） 下午 7:00]   use "Sleep"
3553.9s [10月13日（週一） 下午 7:00]   click [Sleep] Sleep until 7:00 AM
3555.9s [10月14日（週二） 下午 5:00]   toast: Riverlight Goods 咖啡 今天沒開門：吧台沒人顧。去僱一位咖啡師（人員分頁），或自己站吧台。
3556.0s [10月14日（週二） 下午 7:00]   use "Sleep"
3556.6s [10月14日（週二） 下午 7:00]   click [Sleep] Sleep until 7:00 AM
3558.6s [10月15日（週三） 下午 5:00]   toast: Riverlight Goods 咖啡 今天沒開門：吧台沒人顧。去僱一位咖啡師（人員分頁），或自己站吧台。
3558.8s [10月15日（週三） 下午 7:00]   use "Sleep"
3559.4s [10月15日（週三） 下午 7:00]   click [Sleep] Sleep until 7:00 AM
3561.4s [10月16日（週四） 下午 5:00]   toast: Riverlight Goods 咖啡 今天沒開門：吧台沒人顧。去僱一位咖啡師（人員分頁），或自己站吧台。
3561.5s [10月16日（週四） 下午 7:00]   use "Sleep"
3562.1s [10月16日（週四） 下午 7:00]   click [Sleep] Sleep until 7:00 AM
3564.1s [10月17日（週五） 下午 5:00]   toast: Riverlight Goods 咖啡 今天沒開門：吧台沒人顧。去僱一位咖啡師（人員分頁），或自己站吧台。
3564.3s [10月17日（週五） 下午 7:00]   use "Sleep"
3564.9s [10月17日（週五） 下午 7:00]   click [Sleep] Sleep until 7:00 AM
3566.9s [10月18日（週六） 下午 5:00]   toast: Riverlight Goods 咖啡 今天沒開門：吧台沒人顧。去僱一位咖啡師（人員分頁），或自己站吧台。
3567.1s [10月18日（週六） 下午 7:00]   use "Sleep"
3567.7s [10月18日（週六） 下午 7:00]   click [Sleep] Sleep until 7:00 AM
3569.8s [10月19日（週日） 下午 7:00]   use "Sleep"
3570.4s [10月19日（週日） 下午 7:00]   click [Sleep] Sleep until 7:00 AM
3572.4s [10月20日（週一） 下午 5:00]   toast: Riverlight Goods 咖啡 今天沒開門：吧台沒人顧。去僱一位咖啡師（人員分頁），或自己站吧台。
3572.6s [10月20日（週一） 下午 7:00]   use "Sleep"
3573.2s [10月20日（週一） 下午 7:00]   click [Sleep] Sleep until 7:00 AM
3575.1s [10月21日（週二） 下午 5:00]   toast: Riverlight Goods 咖啡 今天沒開門：吧台沒人顧。去僱一位咖啡師（人員分頁），或自己站吧台。
3575.3s [10月21日（週二） 下午 7:00]   use "Sleep"
3575.9s [10月21日（週二） 下午 7:00]   click [Sleep] Sleep until 7:00 AM
3577.9s [10月22日（週三） 下午 5:00]   toast: Riverlight Goods 咖啡 今天沒開門：吧台沒人顧。去僱一位咖啡師（人員分頁），或自己站吧台。
3578.0s [10月22日（週三） 下午 7:00]   shot 329_decision_supplier_price_increase.png
3578.0s [10月22日（週三） 下午 7:00]   decision supplier_price_increase → accept
3578.0s [10月22日（週三） 下午 7:00]   click [Choice_accept] 好。繼續跟你進貨。
3579.4s [10月22日（週三） 下午 7:00]   shot 330_decision_outcome_supplier_price_increase.png
3579.4s [10月22日（週三） 下午 7:00]   click "OK"
3580.1s [10月22日（週三） 下午 7:00]   use "Sleep"
3580.7s [10月22日（週三） 下午 7:00]   click [Sleep] Sleep until 7:00 AM
3582.7s [10月23日（週四） 下午 5:00]   toast: Riverlight Goods 咖啡 今天沒開門：吧台沒人顧。去僱一位咖啡師（人員分頁），或自己站吧台。
3582.9s [10月23日（週四） 下午 7:00]   use "Sleep"
3583.5s [10月23日（週四） 下午 7:00]   click [Sleep] Sleep until 7:00 AM
3585.4s [10月24日（週五） 下午 5:00]   toast: Riverlight Goods 咖啡 今天沒開門：吧台沒人顧。去僱一位咖啡師（人員分頁），或自己站吧台。
3585.6s [10月24日（週五） 下午 7:00]   use "Sleep"
3586.2s [10月24日（週五） 下午 7:00]   click [Sleep] Sleep until 7:00 AM
3588.2s [10月25日（週六） 下午 5:00]   toast: Riverlight Goods 咖啡 今天沒開門：吧台沒人顧。去僱一位咖啡師（人員分頁），或自己站吧台。
3588.4s [10月25日（週六） 下午 7:00]   use "Sleep"
3589.0s [10月25日（週六） 下午 7:00]   click [Sleep] Sleep until 7:00 AM
3591.1s [10月26日（週日） 下午 7:00]   use "Sleep"
3591.7s [10月26日（週日） 下午 7:00]   click [Sleep] Sleep until 7:00 AM
3593.7s [10月27日（週一） 下午 5:00]   toast: Riverlight Goods 咖啡 今天沒開門：吧台沒人顧。去僱一位咖啡師（人員分頁），或自己站吧台。
3593.8s [10月27日（週一） 下午 7:00]   use "Sleep"
3594.4s [10月27日（週一） 下午 7:00]   click [Sleep] Sleep until 7:00 AM
3596.4s [10月28日（週二） 下午 5:00]   toast: Riverlight Goods 咖啡 今天沒開門：吧台沒人顧。去僱一位咖啡師（人員分頁），或自己站吧台。
3596.6s [10月28日（週二） 下午 7:00]   use "Sleep"
3597.2s [10月28日（週二） 下午 7:00]   click [Sleep] Sleep until 7:00 AM
3599.3s [10月29日（週三） 上午 7:01]   ok  the bridge reopened
3599.3s [10月29日（週三） 上午 7:01]   ok  frozen funds settled
3599.3s [10月29日（週三） 上午 7:01]   ok  Chapter 11 complete: through the freeze and restocked
3599.3s [10月29日（週三） 上午 7:01] STEP Chapter 12 — the regulation wave: the import licence
3599.3s [10月29日（週三） 上午 7:01]   ok  Year 8: the Regulation Wave
3602.5s [10月29日（週三） 上午 7:06]   ok  walked back outside
3605.8s [10月29日（週三） 上午 7:11]   ok  entered Bloom Coffee
3607.6s [10月29日（週三） 上午 7:14]   use "Read the news board"
3608.3s [10月29日（週三） 上午 7:19]   shot 331_news_regulation.png
3608.3s [10月29日（週三） 上午 7:19]   info card: News board
3608.4s [10月29日（週三） 上午 7:19]   shot 332_info_news_board.png
3608.4s [10月29日（週三） 上午 7:19]   click "Close"
3608.8s [10月29日（週三） 上午 7:19]   ok  read the news (regulation)
3611.8s [10月29日（週三） 上午 7:25]   ok  walked back outside
3615.0s [10月29日（週三） 上午 7:29]   ok  entered Riverside Tower
3615.0s [10月29日（週三） 上午 7:29]   (harness) wait 2 h
3617.1s [10月29日（週三） 上午 9:33]   ok  walked back outside
3631.1s [10月29日（週三） 上午 9:54]   use "捷運——河濱區站"
3632.0s [10月29日（週三） 上午 9:56]   shot 333_metro_civic_center.png
3632.0s [10月29日（週三） 上午 9:56]   click [Go_civic_center] 市政中心  ·  12 分鐘
3633.1s [10月29日（週三） 上午 10:09]   ok  took the Metro to Civic Center
3640.1s [10月29日（週三） 上午 10:20]   ok  entered Aurelia City Hall
3641.9s [10月29日（週三） 上午 10:23]   use "Permits & regulations"
3642.7s [10月29日（週三） 上午 10:24]   shot 334_permits_import_licence.png
3643.3s [10月29日（週三） 上午 10:25]   ok  the '!' badge for company_registration pins its card
3643.4s [10月29日（週三） 上午 10:25]   shot 335_badge_licence_pinned.png
3643.5s [10月29日（週三） 上午 10:25]   click [ApplyImportLicence] 申請（$450）
3644.2s [10月29日（週三） 上午 10:46]   shot 336_permits_licence_processing.png
3644.6s [10月29日（週三） 上午 10:47]   ok  import licence applied for
3647.6s [10月29日（週三） 上午 10:52]   ok  walked back outside
3653.2s [10月29日（週三） 上午 11:01]   use "捷運——市政中心站"
3654.2s [10月29日（週三） 上午 11:02]   shot 337_metro_riverside.png
3654.2s [10月29日（週三） 上午 11:02]   click [Go_riverside] 河濱區  ·  12 分鐘
3655.3s [10月29日（週三） 上午 11:16]   ok  took the Metro to Riverside
3664.4s [10月29日（週三） 上午 11:29]   ok  entered Riverside Tower
3664.5s [10月29日（週三） 下午 5:00]   toast: Riverlight Goods 咖啡 今天沒開門：吧台沒人顧。去僱一位咖啡師（人員分頁），或自己站吧台。
3666.4s [10月29日（週三） 下午 7:03]   use "Sleep"
3667.0s [10月29日（週三） 下午 7:03]   click [Sleep] Sleep until 7:00 AM
3668.9s [10月30日（週四） 下午 5:00]   toast: Riverlight Goods 咖啡 今天沒開門：吧台沒人顧。去僱一位咖啡師（人員分頁），或自己站吧台。
3669.1s [10月30日（週四） 下午 7:00]   use "Sleep"
3669.7s [10月30日（週四） 下午 7:00]   click [Sleep] Sleep until 7:00 AM
3671.7s [10月31日（週五） 下午 5:00]   toast: Riverlight Goods 咖啡 今天沒開門：吧台沒人顧。去僱一位咖啡師（人員分頁），或自己站吧台。
3671.9s [10月31日（週五） 下午 7:00]   use "Sleep"
3672.5s [10月31日（週五） 下午 7:00]   click [Sleep] Sleep until 7:00 AM
3676.0s [11月1日（週六） 上午 7:00]   shot 338_month_close_report.png
3676.0s [11月1日（週六） 上午 7:00]   click [month close] Continue
3676.6s [11月1日（週六） 上午 7:00]   ok  import licence granted
3676.6s [11月1日（週六） 上午 7:00] STEP Chapter 12 — a large import goes through KYC
3677.9s [11月1日（週六） 上午 7:02]   use "Use laptop — Company OS"
3678.6s [11月1日（週六） 上午 7:03]   click [Tab_operations] Operations
3679.4s [11月1日（週六） 上午 7:05]   click [DeliverTo_riverside_studio] 河濱大樓 7C
3680.1s [11月1日（週六） 上午 7:06]   click [Buy_lumina_direct_wireless_earbuds] 購買 $2,704.00
3681.0s [11月1日（週六） 上午 7:07]   shot 339_settlement_kyc.png
3681.0s [11月1日（週六） 上午 7:07]   click [Settle_letter_of_credit] Pay this way
3682.2s [11月1日（週六） 上午 7:09]   ok  the large payment carries a KYC check
3682.3s [11月1日（週六） 下午 5:00]   toast: Riverlight Goods 咖啡 今天沒開門：吧台沒人顧。去僱一位咖啡師（人員分頁），或自己站吧台。
3689.6s [11月1日（週六） 下午 7:11]   use "Sleep"
3690.2s [11月1日（週六） 下午 7:11]   click [Sleep] Sleep until 7:00 AM
3692.4s [11月2日（週日） 下午 7:00]   use "Sleep"
3693.0s [11月2日（週日） 下午 7:00]   click [Sleep] Sleep until 7:00 AM
3695.0s [11月3日（週一） 下午 5:00]   toast: Riverlight Goods 咖啡 今天沒開門：吧台沒人顧。去僱一位咖啡師（人員分頁），或自己站吧台。
3695.1s [11月3日（週一） 下午 7:00]   use "Sleep"
3695.7s [11月3日（週一） 下午 7:00]   click [Sleep] Sleep until 7:00 AM
3697.7s [11月4日（週二） 下午 5:00]   toast: Riverlight Goods 咖啡 今天沒開門：吧台沒人顧。去僱一位咖啡師（人員分頁），或自己站吧台。
3697.9s [11月4日（週二） 下午 7:00]   use "Sleep"
3698.5s [11月4日（週二） 下午 7:00]   click [Sleep] Sleep until 7:00 AM
3700.5s [11月5日（週三） 上午 7:01]   ok  KYC cleared
3701.6s [11月5日（週三） 上午 7:02]   use "Use laptop — Company OS"
3702.3s [11月5日（週三） 上午 7:03]   click [Tab_finance] Finance
3703.2s [11月5日（週三） 上午 7:05]   shot 340_finance_compliance_cost.png
3703.6s [11月5日（週三） 上午 7:05] STEP Chapter 12 — Victor Hale's offer
3703.7s [11月5日（週三） 上午 7:05]   (harness) wait 2 h
3704.4s [11月5日（週三） 上午 9:06]   (harness) wait 2 h
3707.9s [11月5日（週三） 上午 11:13]   ok  walked back outside
3721.9s [11月5日（週三） 上午 11:34]   use "捷運——河濱區站"
3722.8s [11月5日（週三） 上午 11:35]   shot 341_metro_shopping_street.png
3722.8s [11月5日（週三） 上午 11:35]   click [Go_shopping_street] 購物街  ·  15 分鐘
3723.9s [11月5日（週三） 上午 11:52]   ok  took the Metro to Shopping Street
3732.8s [11月5日（週三） 下午 12:05]   ok  entered Crestline Flagship
3733.5s [11月5日（週三） 下午 12:06]   use "和 Victor Hale 說話"
3734.4s [11月5日（週三） 下午 12:06]   shot 342_victor_offer.png
3742.0s [11月5日（週三） 下午 12:08]   ok  the '!' badge for valuation pins its card
3742.1s [11月5日（週三） 下午 12:08]   shot 343_badge_valuation_pinned.png
3742.3s [11月5日（週三） 下午 12:08]   shot 344_decision_acquisition_offer.png
3742.3s [11月5日（週三） 下午 12:08]   decision acquisition_offer → counter
3742.3s [11月5日（週三） 下午 12:08]   click [Choice_counter] 還價：開價 $89,095
3743.8s [11月5日（週三） 下午 12:08]   shot 345_decision_outcome_acquisition_offer.png
3743.8s [11月5日（週三） 下午 12:08]   click "OK"
3744.3s [11月5日（週三） 下午 12:08]   ok  countered Hale Group's offer
3745.7s [11月5日（週三） 下午 12:10]   shot 346_ending_card.png
3748.5s [11月5日（週三） 下午 12:15]   ok  Chapter 12 complete
3748.5s [11月5日（週三） 下午 12:15]   ok  the main story is complete
3748.5s [11月5日（週三） 下午 12:15]   ok  free play: the growth goal
3748.5s [11月5日（週三） 下午 12:15]   ok  ledger balanced after chapters 10–12
3750.4s [11月5日（週三） 下午 12:18]   ok  walked back outside
3757.6s [11月5日（週三） 下午 12:29]   use "捷運——購物街站"
3758.6s [11月5日（週三） 下午 12:31]   shot 347_metro_riverside.png
3758.6s [11月5日（週三） 下午 12:31]   click [Go_riverside] 河濱區  ·  15 分鐘
3759.7s [11月5日（週三） 下午 12:47]   ok  took the Metro to Riverside
3768.8s [11月5日（週三） 下午 1:01]   ok  entered Riverside Tower
3768.8s [11月5日（週三） 下午 1:01] STEP Save → reload → same state
3770.1s [11月5日（週三） 下午 1:02]   ok  cash restored after load
3770.1s [11月5日（週三） 下午 1:02]   ok  time restored after load
3770.1s [11月5日（週三） 下午 1:02]   ok  location restored (riverside_apartment)
3770.2s [11月5日（週三） 下午 1:02]   shot 348_after_load.png
3770.2s [11月5日（週三） 下午 1:02] STEP Summary
3770.2s [11月5日（週三） 下午 1:02]   business entity co_riverlight_goods cash $59,379.40 · personal $45,425.34 · orders delivered 1874 · chapters done ["ch1_arrival", "ch2_first_customer", "ch3_open_for_business", "ch4_growing_pains", "ch5_big_contract", "ch6_cash_is_oxygen", "ch7_supply_shock", "ch8_green_shift", "ch9_clearing_crisis", "ch10_digital_rails", "ch11_other_side_of_trust", "ch12_regulation_scale"]
3770.2s [11月5日（週三） 下午 1:02]   ok  ledger balanced at the end
3770.2s [11月5日（週三） 下午 1:02]   ok  story objective completed: ch1_phone
3770.2s [11月5日（週三） 下午 1:02]   ok  story objective completed: ch1_outside
3770.2s [11月5日（週三） 下午 1:02]   ok  story objective completed: ch1_coffee
3770.2s [11月5日（週三） 下午 1:02]   ok  story objective completed: ch1_cowork
3770.2s [11月5日（週三） 下午 1:02]   ok  story objective completed: ch1_board
3770.3s [11月5日（週三） 下午 1:02]   ok  story objective completed: ch2_supplier
3770.3s [11月5日（週三） 下午 1:02]   ok  story objective completed: ch2_stock
3770.3s [11月5日（週三） 下午 1:02]   ok  story objective completed: ch2_listing
3770.3s [11月5日（週三） 下午 1:02]   ok  story objective completed: ch2_order
3770.3s [11月5日（週三） 下午 1:02]   ok  story objective completed: ch2_ship
3770.3s [11月5日（週三） 下午 1:02]   ok  story objective completed: ch2_first_dollar
3770.3s [11月5日（週三） 下午 1:02]   ok  story objective completed: ch2_issue
3770.3s [11月5日（週三） 下午 1:02]   ok  story objective completed: ch3_register
3770.3s [11月5日（週三） 下午 1:02]   ok  story objective completed: ch3_bank
3770.3s [11月5日（週三） 下午 1:02]   ok  story objective completed: ch3_workspace
3770.3s [11月5日（週三） 下午 1:02]   ok  story objective completed: ch3_os
3770.3s [11月5日（週三） 下午 1:02]   ok  story objective completed: ch4_employer
3770.3s [11月5日（週三） 下午 1:02]   ok  story objective completed: ch4_post
3770.3s [11月5日（週三） 下午 1:02]   ok  story objective completed: ch4_hire
3770.3s [11月5日（週三） 下午 1:02]   ok  story objective completed: ch4_payroll
3770.3s [11月5日（週三） 下午 1:02]   ok  story objective completed: ch4_forecast
3770.3s [11月5日（週三） 下午 1:02]   ok  story objective completed: ch5_meet
3770.3s [11月5日（週三） 下午 1:02]   ok  story objective completed: ch5_decide
3770.3s [11月5日（週三） 下午 1:02]   ok  story objective completed: ch5_stock
3770.3s [11月5日（週三） 下午 1:02]   ok  story objective completed: ch5_deliver
3770.3s [11月5日（週三） 下午 1:02]   ok  story objective completed: ch6_forecast
3770.3s [11月5日（週三） 下午 1:02]   ok  story objective completed: ch6_bridge
3770.3s [11月5日（週三） 下午 1:02]   ok  story objective completed: ch6_collect
3770.3s [11月5日（週三） 下午 1:02]   ok  story objective completed: ch6_close
3770.3s [11月5日（週三） 下午 1:02]   ok  story objective completed: ch7_news
3770.3s [11月5日（週三） 下午 1:02]   ok  story objective completed: ch7_ken
3770.3s [11月5日（週三） 下午 1:02]   ok  story objective completed: ch7_stock
3770.3s [11月5日（週三） 下午 1:02]   ok  story objective completed: ch7_price
3770.3s [11月5日（週三） 下午 1:02]   ok  story objective completed: ch7_close
3770.3s [11月5日（週三） 下午 1:02]   ok  story objective completed: ch8_news
3770.3s [11月5日（週三） 下午 1:02]   ok  story objective completed: ch8_pack
3770.3s [11月5日（週三） 下午 1:02]   ok  story objective completed: ch8_product
3770.3s [11月5日（週三） 下午 1:02]   ok  story objective completed: ch8_grant
3770.3s [11月5日（週三） 下午 1:02]   ok  story objective completed: ch9_news
3770.3s [11月5日（週三） 下午 1:02]   ok  story objective completed: ch9_import
3770.3s [11月5日（週三） 下午 1:02]   ok  story objective completed: ch9_lina
3770.3s [11月5日（週三） 下午 1:02]   ok  story objective completed: ch9_settle
3770.3s [11月5日（週三） 下午 1:02]   ok  story objective completed: ch9_arrive
3770.3s [11月5日（週三） 下午 1:02]   ok  story objective completed: ch10_news
3770.3s [11月5日（週三） 下午 1:02]   ok  story objective completed: ch10_lina
3770.3s [11月5日（週三） 下午 1:02]   ok  story objective completed: ch10_import
3770.3s [11月5日（週三） 下午 1:02]   ok  story objective completed: ch10_arrive
3770.3s [11月5日（週三） 下午 1:02]   ok  story objective completed: ch11_news
3770.3s [11月5日（週三） 下午 1:02]   ok  story objective completed: ch11_order
3770.3s [11月5日（週三） 下午 1:02]   ok  story objective completed: ch11_freeze
3770.3s [11月5日（週三） 下午 1:02]   ok  story objective completed: ch11_restock
3770.3s [11月5日（週三） 下午 1:02]   ok  story objective completed: ch12_news
3770.3s [11月5日（週三） 下午 1:02]   ok  story objective completed: ch12_licence
3770.3s [11月5日（週三） 下午 1:02]   ok  story objective completed: ch12_kyc
3770.3s [11月5日（週三） 下午 1:02]   ok  story objective completed: ch12_offer
3770.3s [6月1日（週日） 下午 2:00] STEP (harness) skip to Chapter 10
3771.5s [6月1日（週日） 下午 2:02] STEP Industrial — factory lease, machine, technician and first OEM invoice
3774.6s [6月1日（週日） 下午 2:08]   ok  walked back outside
3788.6s [6月1日（週日） 下午 2:29]   use "捷運——河濱區站"
3789.6s [6月1日（週日） 下午 2:30]   shot 349_metro_industrial.png
3789.6s [6月1日（週日） 下午 2:30]   click [Go_industrial] 工業區  ·  14 分鐘
3790.7s [6月1日（週日） 下午 2:46]   ok  took the Metro to Industrial
3790.7s [6月1日（週日） 下午 2:46]   shot 350_industrial_day.png
3802.4s [6月1日（週日） 下午 3:04]   ok  entered Unit 12 Light Industrial
3805.5s [6月1日（週日） 下午 3:08]   use "Lease Unit 12"
3805.6s [6月1日（週日） 下午 3:08]   click [SignLease_unit12_factory] Sign the lease
3806.2s [6月1日（週日） 下午 3:09]   ok  factory lease signed with actual company funds
3806.3s [6月1日（週日） 下午 3:09]   shot 351_factory_interior.png
3807.1s [6月1日（週日） 下午 3:11]   use "Open Line Planner"
3807.2s [6月1日（週日） 下午 3:11]   click [OpenFactory] Open the factory
3807.4s [6月1日（週日） 下午 3:11]   click [RentMachine] Rent machine · $1,400/month
3807.6s [6月1日（週日） 下午 3:12]   click [HireTomas] Hire Tomas · $1,100/week
3807.8s [6月1日（週日） 下午 3:12]   ok  hired a production technician
3807.8s [6月1日（週日） 下午 3:12]   click [QuoteLess_RFQ-1] −$0.25
3808.0s [6月1日（週日） 下午 3:12]   click [QuoteLess_RFQ-1] −$0.25
3808.2s [6月1日（週日） 下午 3:12]   click [QuoteLess_RFQ-1] −$0.25
3808.4s [6月1日（週日） 下午 3:13]   click [Quote_RFQ-1] Send quote
3808.6s [6月1日（週日） 下午 3:13]   ok  OEM quote became a Jobs contract with deposit
3808.6s [6月1日（週日） 下午 3:13]   click [MaterialMore] +100 units
3808.8s [6月1日（週日） 下午 3:13]   click [MaterialMore] +100 units
3809.0s [6月1日（週日） 下午 3:14]   click [MaterialMore] +100 units
3809.2s [6月1日（週日） 下午 3:14]   click [MaterialMore] +100 units
3809.4s [6月1日（週日） 下午 3:14]   click [MaterialMore] +100 units
3809.6s [6月1日（週日） 下午 3:15]   click [MaterialMore] +100 units
3809.8s [6月1日（週日） 下午 3:15]   click [MaterialMore] +100 units
3810.0s [6月1日（週日） 下午 3:15]   click [MaterialMore] +100 units
3810.2s [6月1日（週日） 下午 3:15]   click [MaterialMore] +100 units
3810.4s [6月1日（週日） 下午 3:16]   click [MaterialMore] +100 units
3810.6s [6月1日（週日） 下午 3:16]   click [BuyMaterials] Order Ferro materials
3811.5s [6月3日（週二） 下午 3:17]   shot 352_decision_low_cash_warning.png
3811.5s [6月3日（週二） 下午 3:17]   decision low_cash_warning → reduce
3811.5s [6月3日（週二） 下午 3:17]   click [Choice_reduce] 縮減開支（暫停廣告、生活從簡）
3812.9s [6月3日（週二） 下午 3:17]   shot 353_decision_outcome_low_cash_warning.png
3812.9s [6月3日（週二） 下午 3:17]   click "OK"
3813.6s [6月3日（週二） 下午 3:17]   use "Open Line Planner"
3813.8s [6月3日（週二） 下午 3:18]   click [Select_JOB-1] Schedule this order
3814.0s [6月3日（週二） 下午 3:18]   click [FactoryOvertime] ✗ 加班 · 工資 ×1.5、良率降低 2 個百分點
3814.2s [6月3日（週二） 下午 3:18]   click [More_hours] +
3814.4s [6月3日（週二） 下午 3:19]   click [More_hours] +
3814.6s [6月3日（週二） 下午 3:19]   click [More_hours] +
3814.8s [6月3日（週二） 下午 3:19]   click [More_hours] +
3815.0s [6月3日（週二） 下午 3:19]   click [More_hours] +
3815.2s [6月3日（週二） 下午 3:20]   click [More_hours] +
3815.4s [6月3日（週二） 下午 3:20]   click [More_hours] +
3815.6s [6月3日（週二） 下午 3:20]   click [More_hours] +
3815.8s [6月3日（週二） 下午 3:21]   shot 354_line_planner.png
3815.8s [6月3日（週二） 下午 3:21]   click [ReserveSlot] Reserve production slot
3816.6s [6月5日（週四） 上午 1:00]   shot 355_decision_low_cash_warning.png
3816.6s [6月5日（週四） 上午 1:00]   decision low_cash_warning → reduce
3816.6s [6月5日（週四） 上午 1:00]   click [Choice_reduce] 縮減開支（暫停廣告、生活從簡）
3818.0s [6月5日（週四） 上午 1:00]   shot 356_decision_outcome_low_cash_warning.png
3818.0s [6月5日（週四） 上午 1:00]   click "OK"
3818.8s [6月5日（週四） 上午 1:00]   use "Open Line Planner"
3818.9s [6月5日（週四） 上午 1:01]   click [Deliver_JOB-1] Deliver and invoice
3819.1s [6月5日（週四） 上午 1:01]   ok  first factory revenue has a completed traceable order
3819.1s [6月5日（週四） 上午 1:01]   click [FactoryTab_quality] Quality results
3819.3s [6月5日（週四） 上午 1:01]   shot 357_factory_quality.png
3819.3s [6月5日（週四） 上午 1:01]   ok  OEM material, overtime, invoice and return journals balanced
3824.1s [6月5日（週四） 上午 1:10]   ok  walked back outside
3824.3s [6月5日（週四） 下午 9:00]   shot 358_industrial_night.png
3824.4s [6月5日（週四） 下午 9:00]   shot 359_decision_manufacturing_recall.png
3824.4s [6月5日（週四） 下午 9:00]   decision manufacturing_recall → recall
3824.4s [6月5日（週四） 下午 9:00]   click [Choice_recall] 為受影響批次退款
3825.9s [6月5日（週四） 下午 9:00]   shot 360_decision_outcome_manufacturing_recall.png
3825.9s [6月5日（週四） 下午 9:00]   click "OK"
3836.6s [6月5日（週四） 下午 9:15]   use "捷運——工業區站"
3837.6s [6月5日（週四） 下午 9:17]   shot 361_metro_riverside.png
3837.6s [6月5日（週四） 下午 9:17]   click [Go_riverside] 河濱區  ·  14 分鐘
3838.7s [6月5日（週四） 下午 9:33]   ok  took the Metro to Riverside
3847.8s [6月5日（週四） 下午 9:46]   ok  entered Riverside Tower
3847.8s [6月5日（週四） 下午 9:46] STEP Save → reload → same state
3848.8s [6月5日（週四） 下午 9:48]   ok  cash restored after load
3848.8s [6月5日（週四） 下午 9:48]   ok  time restored after load
3848.8s [6月5日（週四） 下午 9:48]   ok  location restored (riverside_apartment)
3848.9s [6月5日（週四） 下午 9:48]   shot 362_after_load.png
3849.0s [6月1日（週日） 下午 2:00] STEP (harness) skip to Chapter 10
3850.2s [6月1日（週日） 下午 2:02] STEP Residential — licence, brokerage office, client match and first commission
3853.3s [6月3日（週二） 上午 10:06]   ok  walked back outside
3867.3s [6月3日（週二） 上午 10:26]   use "捷運——河濱區站"
3868.3s [6月3日（週二） 上午 10:28]   shot 363_metro_civic_center.png
3868.3s [6月3日（週二） 上午 10:28]   click [Go_civic_center] 市政中心  ·  12 分鐘
3869.3s [6月3日（週二） 上午 10:42]   ok  took the Metro to Civic Center
3876.4s [6月3日（週二） 上午 10:52]   ok  entered Aurelia City Hall
3878.2s [6月3日（週二） 上午 10:55]   use "Permits & regulations"
3878.3s [6月3日（週二） 上午 10:55]   click [PropertyPermits] Property permits
3878.4s [6月3日（週二） 上午 10:55]   click [ApplyRealtyPermit_brokerage] 申請：$250.00 · 3 天
3879.6s [6月6日（週五） 上午 10:57]   ok  brokerage licence followed City Hall fee and three-day process
3882.6s [6月6日（週五） 上午 11:02]   ok  walked back outside
3888.2s [6月6日（週五） 上午 11:11]   use "捷運——市政中心站"
3889.2s [6月6日（週五） 上午 11:12]   shot 364_metro_residential.png
3889.2s [6月6日（週五） 上午 11:12]   click [Go_residential] 住宅區  ·  32 分鐘
3890.3s [6月6日（週五） 上午 11:46]   ok  took the Metro to Residential
3890.4s [6月6日（週五） 上午 11:46]   shot 365_residential_day.png
3895.6s [6月6日（週五） 上午 11:54]   ok  entered Harlow & Finch Realty
3895.9s [6月6日（週五） 上午 11:54]   use "Lease the brokerage office"
3896.0s [6月6日（週五） 上午 11:54]   click [SignLease_realty_office] Sign the lease
3897.4s [6月6日（週五） 上午 11:57]   use "Open Matchmaker"
3897.5s [6月6日（週五） 上午 11:57]   click [OpenBrokerage] Open the brokerage
3897.8s [6月6日（週五） 上午 11:57]   shot 366_matchmaker.png
3898.4s [6月6日（週五） 上午 11:58]   use "Open Matchmaker"
3898.5s [6月6日（週五） 上午 11:58]   click [Mandate_M-1] 選擇物件
3898.7s [6月6日（週五） 上午 11:58]   click [Client_C-4] 選擇客戶
3898.9s [6月6日（週五） 上午 11:59]   click [Negotiate_soft] 柔性議價
3899.1s [6月6日（週五） 上午 11:59]   click [ArrangeViewing] 安排帶看：$180.00 · 90 分鐘
3899.9s [6月6日（週五） 下午 1:30]   use "Open Matchmaker"
3900.0s [6月6日（週五） 下午 1:30]   click [Mandate_M-2] 選擇物件
3900.2s [6月6日（週五） 下午 1:31]   click [Client_C-3] 選擇客戶
3900.4s [6月6日（週五） 下午 1:31]   click [Negotiate_soft] 柔性議價
3900.6s [6月6日（週五） 下午 1:31]   click [ArrangeViewing] 安排帶看：$180.00 · 90 分鐘
3901.5s [6月6日（週五） 下午 3:03]   use "Open Matchmaker"
3901.6s [6月6日（週五） 下午 3:03]   click [Mandate_M-2] 選擇物件
3901.8s [6月6日（週五） 下午 3:03]   click [Client_C-5] 選擇客戶
3902.0s [6月6日（週五） 下午 3:03]   click [Negotiate_soft] 柔性議價
3902.2s [6月6日（週五） 下午 3:04]   click [ArrangeViewing] 安排帶看：$180.00 · 90 分鐘
3903.2s [6月13日（週五） 下午 4:35]   shot 367_decision_real_estate_arrears.png
3903.2s [6月13日（週五） 下午 4:35]   decision real_estate_arrears → respond
3903.2s [6月13日（週五） 下午 4:35]   click [Choice_respond] 檢視物件並處理
3904.6s [6月13日（週五） 下午 4:35]   shot 368_decision_outcome_real_estate_arrears.png
3904.6s [6月13日（週五） 下午 4:35]   click "OK"
3905.3s [6月13日（週五） 下午 4:36]   use "Open Matchmaker"
3905.4s [6月13日（週五） 下午 4:36]   click [Mandate_M-7] 選擇物件
3905.6s [6月13日（週五） 下午 4:36]   click [Client_C-8] 選擇客戶
3905.8s [6月13日（週五） 下午 4:36]   click [Negotiate_soft] 柔性議價
3906.0s [6月13日（週五） 下午 4:37]   click [ArrangeViewing] 安排帶看：$180.00 · 90 分鐘
3906.9s [6月13日（週五） 下午 6:08]   use "Open Matchmaker"
3907.0s [6月13日（週五） 下午 6:08]   click [Mandate_M-7] 選擇物件
3907.2s [6月13日（週五） 下午 6:08]   click [Client_C-10] 選擇客戶
3907.4s [6月13日（週五） 下午 6:09]   click [Negotiate_soft] 柔性議價
3907.6s [6月13日（週五） 下午 6:09]   click [ArrangeViewing] 安排帶看：$180.00 · 90 分鐘
3908.6s [6月20日（週五） 下午 7:40]   shot 369_decision_real_estate_neighbors.png
3908.6s [6月20日（週五） 下午 7:40]   decision real_estate_neighbors → respond
3908.6s [6月20日（週五） 下午 7:40]   click [Choice_respond] 檢視物件並處理
3910.0s [6月20日（週五） 下午 7:40]   shot 370_decision_outcome_real_estate_neighbors.png
3910.0s [6月20日（週五） 下午 7:40]   click "OK"
3910.8s [6月20日（週五） 下午 7:41]   use "Open Matchmaker"
3910.9s [6月20日（週五） 下午 7:41]   click [Mandate_M-12] 選擇物件
3911.1s [6月20日（週五） 下午 7:41]   click [Client_C-13] 選擇客戶
3911.3s [6月20日（週五） 下午 7:41]   click [Negotiate_soft] 柔性議價
3911.5s [6月20日（週五） 下午 7:42]   click [ArrangeViewing] 安排帶看：$180.00 · 90 分鐘
3912.4s [6月20日（週五） 下午 9:13]   use "Open Matchmaker"
3912.5s [6月20日（週五） 下午 9:13]   click [Mandate_M-12] 選擇物件
3912.7s [6月20日（週五） 下午 9:13]   click [Client_C-15] 選擇客戶
3912.9s [6月20日（週五） 下午 9:14]   click [Negotiate_soft] 柔性議價
3913.1s [6月20日（週五） 下午 9:14]   click [ArrangeViewing] 安排帶看：$180.00 · 90 分鐘
3913.8s [6月20日（週五） 下午 10:45]   ok  first brokerage income from a real client deal
3913.8s [6月20日（週五） 下午 10:45]   ok  viewing and commission ledger balanced
3913.9s [6月20日（週五） 下午 10:45]   use "Open Matchmaker"
3914.0s [6月20日（週五） 下午 10:45]   click [RealtyTab_properties] Properties
3914.2s [6月20日（週五） 下午 10:46]   shot 371_property_management.png
3916.9s [6月20日（週五） 下午 10:51]   ok  walked back outside
3920.7s [6月20日（週五） 下午 10:56]   use "捷運——住宅區站"
3921.7s [6月20日（週五） 下午 10:58]   shot 372_metro_riverside.png
3921.7s [6月20日（週五） 下午 10:58]   click [Go_riverside] 河濱區  ·  19 分鐘
3922.7s [6月20日（週五） 下午 11:18]   ok  took the Metro to Riverside
3931.9s [6月20日（週五） 下午 11:32]   ok  entered Riverside Tower
3931.9s [6月20日（週五） 下午 11:32] STEP Save → reload → same state
3932.8s [6月20日（週五） 下午 11:34]   ok  cash restored after load
3932.8s [6月20日（週五） 下午 11:34]   ok  time restored after load
3932.8s [6月20日（週五） 下午 11:34]   ok  location restored (riverside_apartment)
3933.0s [6月20日（週五） 下午 11:34]   shot 373_after_load.png
3933.0s [6月1日（週日） 下午 2:00] STEP (harness) skip to Chapter 10
3934.2s [6月1日（週日） 下午 2:02] STEP University — lease studio, creative pitch, media mix and first client invoice
3937.4s [6月1日（週日） 下午 2:07]   ok  walked back outside
3951.3s [6月1日（週日） 下午 2:28]   use "捷運——河濱區站"
3952.3s [6月1日（週日） 下午 2:30]   shot 374_metro_university.png
3952.3s [6月1日（週日） 下午 2:30]   click [Go_university] 大學城  ·  13 分鐘
3953.4s [6月1日（週日） 下午 2:44]   ok  took the Metro to University
3953.5s [6月1日（週日） 下午 2:44]   shot 375_university_day.png
3961.3s [6月1日（週日） 下午 2:56]   ok  entered The Loft
3961.6s [6月1日（週日） 下午 2:57]   use "Lease The Loft studio"
3961.7s [6月1日（週日） 下午 2:57]   click [SignLease_loft_office] Sign the lease
3963.1s [6月1日（週日） 下午 2:59]   use "Open Campaign Mixer"
3963.2s [6月1日（週日） 下午 2:59]   click [OpenAgency] Open the campaign studio
3964.1s [6月1日（週日） 下午 3:00]   use "Open Campaign Mixer"
3964.2s [6月1日（週日） 下午 3:01]   click [CreativePitch_JOB-1] Build Creative Pitch
3964.8s [6月1日（週日） 下午 3:01]   click [StartGame] Start
3964.9s [6月1日（週日） 下午 3:01]   click [CreativeCard_slogan_2] Care for every home
3965.1s [6月1日（週日） 下午 3:01]   click [CreativeCard_visual_3] Minimal luxury
3965.2s [6月1日（週日） 下午 3:01]   click [CreativeCard_tone_2] Reassuring
3965.4s [6月1日（週日） 下午 3:01]   shot 376_creative_pitch_result.png
3965.4s [6月1日（週日） 下午 3:01]   click [FinishGame] Continue
3965.5s [6月1日（週日） 下午 5:01]   click [Propose_JOB-1] 提出提案 · $280 · 180 分鐘
3966.4s [6月1日（週日） 下午 8:02]   use "Open Campaign Mixer"
3966.5s [6月1日（週日） 下午 8:02]   click [CreativePitch_JOB-2] Build Creative Pitch
3967.1s [6月1日（週日） 下午 8:02]   click [StartGame] Start
3967.2s [6月1日（週日） 下午 8:02]   click [CreativeCard_slogan_1] Make work easier
3967.4s [6月1日（週日） 下午 8:02]   click [CreativeCard_visual_3] Minimal luxury
3967.5s [6月1日（週日） 下午 8:02]   click [CreativeCard_tone_3] Refined
3967.7s [6月1日（週日） 下午 8:02]   shot 377_creative_pitch_result.png
3967.7s [6月1日（週日） 下午 8:02]   click [FinishGame] Continue
3967.8s [6月1日（週日） 下午 10:02]   click [Propose_JOB-2] 提出提案 · $280 · 180 分鐘
3968.5s [6月2日（週一） 上午 1:03]   ok  actual creative cards and proposal win a client job
3968.7s [6月2日（週一） 上午 1:03]   use "Open Campaign Mixer"
3968.8s [6月2日（週一） 上午 1:03]   click [MediaTab_mixer] Media mix
3968.9s [6月2日（週一） 上午 1:03]   click [SelectCampaign_JOB-2] Finch Families
3969.1s [6月2日（週一） 上午 1:03]   click [MixMore_radio] +
3969.4s [6月2日（週一） 上午 1:04]   shot 378_campaign_mixer.png
3970.2s [6月16日（週一） 上午 1:05]   ok  daily campaign finishes actual client work
3970.2s [6月16日（週一） 上午 1:05]   ok  first agency income is a traceable Jobs invoice
3970.2s [6月16日（週一） 上午 1:05]   ok  campaign costs and invoice balance
3970.3s [6月16日（週一） 上午 1:05]   use "Open Campaign Mixer"
3970.4s [6月16日（週一） 上午 1:05]   click [MediaTab_reports] Campaign reports
3970.6s [6月16日（週一） 上午 1:05]   shot 379_campaign_report.png
3973.3s [6月16日（週一） 上午 1:10]   ok  walked back outside
3979.7s [6月16日（週一） 上午 1:20]   use "捷運——大學區站"
3980.7s [6月16日（週一） 上午 1:21]   shot 380_metro_riverside.png
3980.7s [6月16日（週一） 上午 1:21]   click [Go_riverside] 河濱區  ·  13 分鐘
3981.8s [6月16日（週一） 上午 1:36]   ok  took the Metro to Riverside
3990.9s [6月16日（週一） 上午 1:50]   ok  entered Riverside Tower
3990.9s [6月16日（週一） 上午 1:50] STEP Save → reload → same state
3991.9s [6月16日（週一） 上午 1:51]   ok  cash restored after load
3991.9s [6月16日（週一） 上午 1:51]   ok  time restored after load
3991.9s [6月16日（週一） 上午 1:51]   ok  location restored (riverside_apartment)
3992.0s [6月16日（週一） 上午 1:51]   shot 381_after_load.png
3992.0s [6月1日（週日） 下午 2:00] STEP (harness) skip to Chapter 10
3993.3s [6月1日（週日） 下午 2:02] STEP Luxury Heights — take over the Aster Inn, set the Rate Board, staff up and sell the first nights
3996.4s [6月1日（週日） 下午 2:08]   ok  walked back outside
4010.4s [6月1日（週日） 下午 2:29]   use "捷運——河濱區站"
4011.4s [6月1日（週日） 下午 2:30]   shot 382_metro_luxury_heights.png
4011.4s [6月1日（週日） 下午 2:30]   click [Go_luxury_heights] 豪景高地  ·  18 分鐘
4012.4s [6月1日（週日） 下午 2:50]   ok  took the Metro to Luxury Heights
4012.5s [6月1日（週日） 下午 2:50]   shot 383_luxury_heights_day.png
4024.2s [6月1日（週日） 下午 3:08]   ok  entered The Aster
4025.0s [6月1日（週日） 下午 3:09]   use "Open the Rate Board"
4025.1s [6月1日（週日） 下午 3:09]   click [TakeoverAster] 頂下 Aster 小旅館 · $150,000
4025.4s [6月1日（週日） 下午 3:09]   ok  actual takeover opens the 12-room Aster Inn
4025.4s [6月1日（週日） 下午 3:10]   shot 384_rate_board.png
4025.4s [6月1日（週日） 下午 3:10]   click [Price_standard_10] +$10
4025.6s [6月1日（週日） 下午 3:10]   click [BoardNextOps] Next: daily operations
4025.9s [6月1日（週日） 下午 3:10]   shot 385_hotel_operations.png
4026.8s [6月13日（週五） 下午 9:11]   shot 386_decision_hotel_review_storm.png
4026.8s [6月13日（週五） 下午 9:11]   decision hotel_review_storm → respond
4026.8s [6月13日（週五） 下午 9:11]   click [Choice_respond] 道歉並賠償 $900
4028.2s [6月13日（週五） 下午 9:11]   shot 387_decision_outcome_hotel_review_storm.png
4028.2s [6月13日（週五） 下午 9:11]   click "OK"
4028.8s [6月13日（週五） 下午 9:11]   shot 388_decision_hotel_event_cancelled.png
4028.8s [6月13日（週五） 下午 9:11]   decision hotel_event_cancelled → promo
4028.8s [6月13日（週五） 下午 9:11]   click [Choice_promo] 推出 $1,200 的限時特賣
4030.2s [6月13日（週五） 下午 9:11]   shot 389_decision_outcome_hotel_event_cancelled.png
4030.2s [6月13日（週五） 下午 9:11]   click "OK"
4030.8s [6月13日（週五） 下午 9:11]   ok  night audits sell rooms and book room revenue
4030.8s [6月13日（週五） 下午 9:11]   ok  hotel books balance
4030.9s [6月13日（週五） 下午 9:12]   use "Open the Rate Board"
4031.1s [6月13日（週五） 下午 9:12]   click [HotelTab_reviews] Guest reviews
4031.3s [6月13日（週五） 下午 9:12]   shot 390_guest_reviews.png
4031.3s [6月1日（週日） 下午 2:00] STEP (harness) skip to Chapter 10
4032.7s [6月1日（週日） 下午 2:02] STEP Industrial - lease warehouse, Roof Survey, subsidy, install and first solar invoice
4036.2s [6月1日（週日） 下午 2:08]   ok  walked back outside
4050.1s [6月1日（週日） 下午 2:29]   use "捷運——河濱區站"
4051.1s [6月1日（週日） 下午 2:31]   shot 391_metro_industrial.png
4051.1s [6月1日（週日） 下午 2:31]   click [Go_industrial] 工業區  ·  14 分鐘
4052.2s [6月1日（週日） 下午 2:46]   ok  took the Metro to Industrial
4052.3s [6月1日（週日） 下午 2:46]   shot 392_industrial_energy_day.png
4057.6s [6月1日（週日） 下午 2:55]   ok  entered Helio Warehouse Office
4060.7s [6月1日（週日） 下午 2:59]   use "Lease the Helio warehouse office"
4060.8s [6月1日（週日） 下午 2:59]   click [SignLease_helio_warehouse] Sign the lease
4062.4s [6月1日（週日） 下午 3:02]   use "Open Energy Console"
4062.5s [6月1日（週日） 下午 3:02]   click [OpenEnergy] 開辦太陽能事業
4063.3s [6月1日（週日） 下午 3:03]   use "Open Energy Console"
4063.4s [6月1日（週日） 下午 3:03]   click [Survey_ROOF-1] 勘查這個屋頂
4063.6s [6月1日（週日） 下午 3:03]   click [AutoLayout] 自動擺放最佳位置
4063.9s [6月1日（週日） 下午 3:04]   shot 393_roof_survey.png
4063.9s [6月1日（週日） 下午 3:04]   click [SendQuote] 送出報價 · $15,632
4064.5s [6月1日（週日） 下午 3:50]   ok  actual Roof Survey quote wins a client job
4064.7s [6月1日（週日） 下午 3:50]   use "Open Energy Console"
4064.8s [6月1日（週日） 下午 3:50]   click [EnergyTab_installs] Installs & warranty
4064.9s [6月1日（週日） 下午 3:50]   click [StartInstall_JOB-1] 訂購材料並開工 · $11,880
4067.9s [7月1日（週二） 下午 3:52]   shot 394_month_close_report.png
4067.9s [7月1日（週二） 下午 3:52]   click [month close] Continue
4068.6s [7月1日（週二） 下午 3:52]   shot 395_decision_energy_shortage.png
4068.6s [7月1日（週二） 下午 3:52]   decision energy_shortage → premium
4068.6s [7月1日（週二） 下午 3:52]   click [Choice_premium] 付 Helio 優先配額費
4070.0s [7月1日（週二） 下午 3:52]   shot 396_decision_outcome_energy_shortage.png
4070.0s [7月1日（週二） 下午 3:52]   click "OK"
4070.6s [7月1日（週二） 下午 3:52]   ok  crew-days finish the install
4070.6s [7月1日（週二） 下午 3:52]   ok  first solar income is a traceable Jobs invoice
4070.6s [7月1日（週二） 下午 3:52]   ok  materials, install and invoice balance
4070.8s [7月1日（週二） 下午 3:52]   use "Open Energy Console"
4070.9s [7月1日（週二） 下午 3:53]   click [EnergyTab_installs] Installs & warranty
4071.1s [7月1日（週二） 下午 3:53]   shot 397_energy_installs.png
4075.8s [7月1日（週二） 下午 4:01]   ok  walked back outside
4079.8s [7月1日（週二） 下午 4:07]   use "捷運——工業區站"
4080.7s [7月1日（週二） 下午 4:08]   shot 398_metro_riverside.png
4080.7s [7月1日（週二） 下午 4:08]   click [Go_riverside] 河濱區  ·  14 分鐘
4081.8s [7月1日（週二） 下午 4:24]   ok  took the Metro to Riverside
4090.9s [7月1日（週二） 下午 4:38]   ok  entered Riverside Tower
4090.9s [6月1日（週日） 下午 2:00] STEP (harness) skip to Chapter 10
4092.3s [6月1日（週日） 下午 2:02] STEP Airport - open the auto desk, win a Wednesday auction car, recondition, list and sell it
4095.5s [6月1日（週日） 下午 2:08]   ok  walked back outside
4109.4s [6月1日（週日） 下午 2:28]   use "捷運——河濱區站"
4110.4s [6月1日（週日） 下午 2:30]   shot 399_metro_airport.png
4110.4s [6月1日（週日） 下午 2:30]   click [Go_airport] 國際機場  ·  24 分鐘
4111.5s [6月1日（週日） 下午 2:56]   ok  took the Metro to Airport
4111.5s [6月1日（週日） 下午 2:56]   shot 400_airport_day.png
4120.6s [6月1日（週日） 下午 3:09]   ok  entered Gateway Car Rental
4121.5s [6月1日（週日） 下午 3:11]   use "Open the fleet desk"
4121.6s [6月1日（週日） 下午 3:11]   click [OpenAutoDesk] 開設汽車櫃台 · 執照費 $400
4121.8s [6月1日（週日） 下午 3:11]   ok  actual licence opens the auto desk
4121.9s [6月4日（週三） 上午 10:00]   shot 401_auction_lots.png
4122.4s [6月25日（週三） 上午 10:00]   ok  auto books balance
4122.4s [6月25日（週三） 上午 10:00] STEP Save → reload → same state
4123.3s [6月25日（週三） 上午 10:01]   ok  cash restored after load
4123.3s [6月25日（週三） 上午 10:01]   ok  time restored after load
4123.3s [6月25日（週三） 上午 10:01]   ok  location restored (gateway_car_rental)
4123.4s [6月25日（週三） 上午 10:01]   shot 402_after_load.png
4123.4s [6月25日（週三） 上午 10:01] STEP Personal-life route: earned relationships, social event, referral and recovery
4123.6s [6月25日（週三） 上午 10:02]   click [PersonalRequest] 協助・45 分鐘・$0.00
4124.0s [6月25日（週三） 上午 10:02]   click [StartGame] Start
4124.3s [6月25日（週三） 上午 10:02]   click [PersonalAnswer_document] Use the step-free path and state the longer walk
4124.7s [6月25日（週三） 上午 10:02]   click [FinishGame] Continue
4125.1s [6月25日（週三） 上午 10:47]   ok  real personal request: maya part 1
4125.1s [6月25日（週三） 上午 10:47]   click [PersonalRequest] 協助・60 分鐘・$10.00
4125.5s [6月25日（週三） 上午 10:47]   click [StartGame] Start
4125.9s [6月25日（週三） 上午 10:47]   click [PersonalAnswer_compare] Publish the current hours and note the earlier err
4126.2s [6月25日（週三） 上午 10:47]   click [FinishGame] Continue
4126.7s [6月25日（週三） 上午 11:47]   ok  real personal request: maya part 2
4126.7s [6月25日（週三） 上午 11:47]   click [PersonalRequest] 協助・90 分鐘・$20.00
4127.1s [6月25日（週三） 上午 11:47]   click [StartGame] Start
4127.4s [6月25日（週三） 上午 11:47]   click [PersonalAnswer_scope] A checked guide with contacts and clear limits
4127.8s [6月25日（週三） 上午 11:47]   click [FinishGame] Continue
4128.2s [6月25日（週三） 下午 1:17]   ok  real personal request: maya part 3
4128.9s [6月25日（週三） 下午 1:18]   click [PersonalRequest] 協助・45 分鐘・$0.00
4129.3s [6月25日（週三） 下午 1:18]   click [StartGame] Start
4129.7s [6月25日（週三） 下午 1:18]   click [PersonalAnswer_document] Placement terms, commission and the need for actua
4130.0s [6月25日（週三） 下午 1:18]   click [FinishGame] Continue
4130.5s [6月25日（週三） 下午 2:03]   ok  real personal request: priya part 1
4130.5s [6月25日（週三） 下午 2:03]   click [PersonalRequest] 協助・60 分鐘・$10.00
4130.9s [6月25日（週三） 下午 2:03]   click [StartGame] Start
4131.2s [6月25日（週三） 下午 2:03]   click [PersonalAnswer_compare] Use the current room and label its actual amenitie
4131.6s [6月25日（週三） 下午 2:03]   click [FinishGame] Continue
4132.0s [6月25日（週三） 下午 3:03]   ok  real personal request: priya part 2
4132.0s [6月25日（週三） 下午 3:03]   click [PersonalRequest] 協助・90 分鐘・$20.00
4132.4s [6月25日（週三） 下午 3:03]   click [StartGame] Start
4132.8s [6月25日（週三） 下午 3:03]   click [PersonalAnswer_scope] Verified room copy and disclosed channel terms
4133.1s [6月25日（週三） 下午 3:03]   click [FinishGame] Continue
4133.6s [6月25日（週三） 下午 4:33]   ok  real personal request: priya part 3
4134.3s [6月25日（週三） 下午 4:34]   click [PersonalRequest] 協助・45 分鐘・$0.00
4134.7s [6月25日（週三） 下午 4:34]   click [StartGame] Start
4135.0s [6月25日（週三） 下午 4:34]   click [PersonalAnswer_document] Explain the repair and show both real prices
4135.4s [6月25日（週三） 下午 4:34]   click [FinishGame] Continue
4135.8s [6月25日（週三） 下午 5:19]   ok  real personal request: nina part 1
4135.8s [6月25日（週三） 下午 5:19]   click [PersonalRequest] 協助・60 分鐘・$10.00
4136.2s [6月25日（週三） 下午 5:19]   click [StartGame] Start
4136.6s [6月25日（週三） 下午 5:19]   click [PersonalAnswer_compare] Describe the material and leave the claim unverifi
4136.9s [6月25日（週三） 下午 5:19]   click [FinishGame] Continue
4137.4s [6月25日（週三） 下午 6:19]   ok  real personal request: nina part 2
4137.4s [6月25日（週三） 下午 6:19]   click [PersonalRequest] 協助・90 分鐘・$20.00
4137.8s [6月25日（週三） 下午 6:19]   click [StartGame] Start
4138.1s [6月25日（週三） 下午 6:19]   click [PersonalAnswer_scope] Document repairable examples and inspection limits
4138.5s [6月25日（週三） 下午 6:19]   click [FinishGame] Continue
4138.9s [6月25日（週三） 下午 7:49]   ok  real personal request: nina part 3
4139.7s [6月25日（週三） 下午 7:50]   click [PersonalRequest] 協助・45 分鐘・$0.00
4140.1s [6月25日（週三） 下午 7:50]   click [StartGame] Start
4140.4s [6月25日（週三） 下午 7:50]   click [PersonalAnswer_document] Disclose the brake work and ask for a repair quote
4140.8s [6月25日（週三） 下午 7:50]   click [FinishGame] Continue
4141.2s [6月25日（週三） 下午 8:35]   ok  real personal request: sam part 1
4141.2s [6月25日（週三） 下午 8:35]   click [PersonalRequest] 協助・60 分鐘・$10.00
4141.6s [6月25日（週三） 下午 8:35]   click [StartGame] Start
4142.0s [6月25日（週三） 下午 8:35]   click [PersonalAnswer_compare] State maintenance days and the replacement process
4142.3s [6月25日（週三） 下午 8:35]   click [FinishGame] Continue
4142.8s [6月25日（週三） 下午 9:35]   ok  real personal request: sam part 2
4142.8s [6月25日（週三） 下午 9:35]   click [PersonalRequest] 協助・90 分鐘・$20.00
4143.2s [6月25日（週三） 下午 9:35]   click [StartGame] Start
4143.5s [6月25日（週三） 下午 9:35]   click [PersonalAnswer_scope] A checked handover pack with inspection exceptions
4143.9s [6月25日（週三） 下午 9:35]   click [FinishGame] Continue
4144.3s [6月25日（週三） 下午 11:05]   ok  real personal request: sam part 3
4144.4s [6月25日（週三） 下午 11:05]   shot 403_personal_sam_partner.png
4144.4s [6月25日（週三） 下午 11:05]   click [ReferralReview] Review the referred job
4144.7s [6月25日（週三） 下午 11:06]   click [ReferralAccept] Accept the referred job
4145.1s [6月25日（週三） 下午 11:06]   click [ReferralWork] Do the referred work
4145.5s [6月25日（週三） 下午 11:06]   click [StartGame] Start
4145.9s [6月25日（週三） 下午 11:06]   click [PersonalAnswer_scope] A checked handover pack with inspection exceptions
4146.2s [6月25日（週三） 下午 11:06]   click [FinishGame] Continue
4146.7s [6月26日（週四） 上午 2:06]   ok  real Jobs referral waits for payment
4146.7s [6月26日（週四） 上午 2:06]   ok  referred work pays actual supplies before collection
4146.7s [6月26日（週四） 上午 2:06]   shot 404_personal_referral_invoice.png
4147.4s [6月26日（週四） 上午 2:07]   click [PersonalRequest] 協助・45 分鐘・$0.00
4147.8s [6月26日（週四） 上午 2:07]   click [StartGame] Start
4148.2s [6月26日（週四） 上午 2:07]   click [PersonalAnswer_document] Show the quantity, unit price and arrival estimate
4148.5s [6月26日（週四） 上午 2:07]   click [FinishGame] Continue
4149.0s [6月26日（週四） 上午 2:52]   ok  real personal request: ken part 1
4149.0s [6月26日（週四） 上午 2:52]   click [PersonalRequest] 協助・60 分鐘・$10.00
4149.4s [6月26日（週四） 上午 2:52]   click [StartGame] Start
4149.7s [6月26日（週四） 上午 2:52]   click [PersonalAnswer_compare] Explain the due date and the cash needed to pay
4150.1s [6月26日（週四） 上午 2:52]   click [FinishGame] Continue
4150.5s [6月26日（週四） 上午 3:52]   ok  real personal request: ken part 2
4150.5s [6月26日（週四） 上午 3:52]   click [PersonalRequest] 協助・90 分鐘・$20.00
4150.9s [6月26日（週四） 上午 3:52]   click [StartGame] Start
4151.3s [6月26日（週四） 上午 3:52]   click [PersonalAnswer_scope] List checked documents and the missing item
4151.6s [6月26日（週四） 上午 3:52]   click [FinishGame] Continue
4152.1s [6月26日（週四） 上午 5:22]   ok  real personal request: ken part 3
4154.4s [7月5日（週六） 下午 6:00]   shot 405_month_close_report.png
4154.4s [7月5日（週六） 下午 6:00]   click [month close] Continue
4155.3s [7月5日（週六） 下午 6:01]   shot 406_personal_social_calendar.png
4155.3s [7月5日（週六） 下午 6:01]   click [Social_chamber] Attend
4155.8s [7月5日（週六） 下午 8:01]   ok  social event meal really paid
4155.8s [7月5日（週六） 下午 8:01]   shot 407_personal_social_information.png
4156.6s [7月5日（週六） 下午 8:03]   ok  high-stress illness fixture triggered
4156.6s [7月5日（週六） 下午 8:03]   shot 408_personal_stress_choices.png
4156.6s [7月5日（週六） 下午 8:03]   click [RecoveryRest] Free recovery day · 480 minutes
4157.1s [7月6日（週日） 上午 4:03]   ok  real free rest button ends illness
4157.2s [7月6日（週日） 上午 4:03]   shot 409_personal_recovered_contacts.png
4157.6s [7月6日（週日） 上午 4:04]   ok  personal requests, gifts and referral journals balance
4157.6s [7月6日（週日） 上午 4:04] STEP Save → reload → same state
4158.6s [7月6日（週日） 上午 4:06]   ok  cash restored after load
4158.6s [7月6日（週日） 上午 4:06]   ok  time restored after load
4158.6s [7月6日（週日） 上午 4:06]   ok  location restored (gateway_car_rental)
4158.6s [7月6日（週日） 上午 4:06]   shot 410_after_load.png
4158.6s [7月6日（週日） 上午 4:06] BOT FINISHED — 0 failure(s) · 4158.6s real
4158.6s [7月6日（週日） 上午 4:06] English audit: 21 on-screen text(s) with untranslated words
