Godot Engine v4.5.1.stable.official.f62fdbde1 - https://godotengine.org
OpenGL API 3.3.0 NVIDIA 462.59 - Compatibility - Using Device: NVIDIA - Quadro RTX 4000

   0.0s STEP Main menu → New Game
   1.0s   shot 01_main_menu.png
   1.0s   click [NewGame] New Game
   2.2s STEP Character Creator
   2.3s   shot 02_creator_default.png
   2.3s   click [Tab_hair] Hair
   2.4s   click [Next_hair] ▶
   2.8s   click [Tab_face] Face
   2.9s   click [Next_face] ▶
   3.0s   click [Next_eye_shape] ▶
   3.1s   click [Tab_body] Body
   3.2s   click [Next_presentation] ▶
   3.8s   shot 03_creator_customised.png
   3.8s   click [Tab_outfit] Outfit
   3.8s   click "Startup Casual"
   4.4s   ok  appearance changed from default (short_neat)
   4.5s   shot 04_creator_final.png
   4.5s   click [Start] Start in Aurelia  →
   4.6s [6月1日（週日） 下午 2:00] STEP Arrival sequence
   7.1s [6月1日（週日） 下午 2:00]   shot 05_arrival_train.png
  10.7s [6月1日（週日） 下午 2:00]   shot 06_arrival_phone.png
  15.8s [6月1日（週日） 下午 2:01]   ok  spawned in the Riverside apartment
  15.8s [6月1日（週日） 下午 2:01]   ok  starting cash $30,000
  15.8s [6月1日（週日） 下午 2:01]   ok  name saved
  17.5s [6月1日（週日） 下午 2:03]   shot 07_apartment_arrival.png
  17.5s [6月1日（週日） 下午 2:03] STEP Chapter 1 — phone & Maya
  20.7s [6月1日（週日） 下午 2:08]   shot 08_phone_home.png
  20.7s [6月1日（週日） 下午 2:08]   click [App_messages] 訊息 2
  21.2s [6月1日（週日） 下午 2:09]   click [Thread_maya] Maya  ● 打給我。或傳訊息。隨便。
  23.2s [6月1日（週日） 下午 2:09]   choose "› 嗯。"
  26.2s [6月1日（週日） 下午 2:09]   choose "› 我要開公司。"
  29.6s [6月1日（週日） 下午 2:09]   ok  Maya conversation done
  29.6s [6月1日（週日） 下午 2:09] STEP Head outside
  33.3s [6月1日（週日） 下午 2:15]   ok  walked back outside
  33.3s [6月1日（週日） 下午 2:15]   ok  visited Riverside
  33.4s [6月1日（週日） 下午 2:15]   shot 09_riverside_outside_home.png
  33.4s [6月1日（週日） 下午 2:15] STEP Bloom Coffee
  36.6s [6月1日（週日） 下午 2:20]   ok  entered Bloom Coffee
  36.8s [6月1日（週日） 下午 2:20]   shot 10_bloom_coffee_inside.png
  38.1s [6月1日（週日） 下午 2:22]   use "Order coffee ($4.50)"
  40.1s [6月1日（週日） 下午 2:22]   choose "› 麻煩了。"
  45.0s [6月1日（週日） 下午 2:33]   ok  bought a coffee from Jun
  47.8s [6月1日（週日） 下午 2:38]   ok  walked back outside
  47.8s [6月1日（週日） 下午 2:38] STEP Walk east to Startup Hub
  49.2s [6月1日（週日） 下午 2:40]   shot 11_riverside_street.png
  61.9s [6月1日（週日） 下午 3:11]   ok  walked to Startup Hub
  62.0s [6月1日（週日） 下午 3:11]   shot 12_startup_hub_arrive.png
  62.0s [6月1日（週日） 下午 3:11] STEP Nexus Co-work
  66.0s [6月1日（週日） 下午 3:17]   ok  entered Nexus Co-work
  66.2s [6月1日（週日） 下午 3:17]   shot 13_cowork_inside.png
  67.4s [6月1日（週日） 下午 3:19]   use "Reception — desks & day passes"
  70.0s [6月1日（週日） 下午 3:19]   choose "› 對。先看看。"
  72.9s [6月1日（週日） 下午 3:20]   click [DayPass] Buy a day pass ($15)
  73.8s [6月1日（週日） 下午 3:21] STEP Business Board
  76.7s [6月1日（週日） 下午 3:26]   use "Business Board"
  77.5s [6月1日（週日） 下午 3:27]   shot 14_business_board.png
  77.5s [6月1日（週日） 下午 3:27]   click [Biz_saas] ● SaaS／軟體
  78.0s [6月1日（週日） 下午 3:27]   shot 15_business_board_planned_saas.png
  78.0s [6月1日（週日） 下午 3:27]   click [Biz_ecommerce] ● 電商
  78.0s [6月1日（週日） 下午 3:28]   click [StartEcommerce] Start an ecommerce side business
  79.3s [6月1日（週日） 下午 3:30]   ok  picked ecommerce as first business
  81.9s [6月1日（週日） 下午 3:33]   ok  Chapter 1 complete
  81.9s [6月1日（週日） 下午 3:33] STEP Chapter 2 — buy stock at a hot desk (Company OS)
  86.2s [6月1日（週日） 下午 3:40]   use "Work at a hot desk — Company OS"
  86.9s [6月1日（週日） 下午 3:41]   shot 16_company_os_overview_personal.png
  86.9s [6月1日（週日） 下午 3:41]   click [Tab_operations] Operations
  87.5s [6月1日（週日） 下午 3:42]   shot 17_company_os_suppliers.png
  87.5s [6月1日（週日） 下午 3:42]   click [Buy_tradelink_wholesale_wireless_earbuds] 購買 $900
  88.0s [6月1日（週日） 下午 3:52]   click [Buy_tradelink_wholesale_water_bottle] 購買 $408
  88.4s [6月1日（週日） 下午 4:03]   click [Buy_tradelink_wholesale_desk_lamp] 購買 $460
  88.9s [6月1日（週日） 下午 4:14]   click [Buy_tradelink_wholesale_phone_stand] 購買 $272
  89.3s [6月1日（週日） 下午 4:25]   ok  placed purchase orders (MOQ, prepaid): 4 POs, cash $27,940.50
  89.4s [6月1日（週日） 下午 4:25]   shot 18_company_os_purchase_orders.png
  89.7s [6月1日（週日） 下午 4:25] STEP Home to wait for stock
  93.0s [6月1日（週日） 下午 4:31]   ok  walked back outside
  97.0s [6月1日（週日） 下午 4:49]   ok  walked to Riverside
 112.9s [6月1日（週日） 下午 5:13]   ok  entered Riverside Tower
 112.9s [6月1日（週日） 下午 5:13]   (harness) wait 2 h
 115.4s [6月1日（週日） 下午 7:17]   use "Sleep"
 116.0s [6月1日（週日） 下午 7:17]   click [Sleep] Sleep until 7:00 AM
 117.7s [6月2日（週一） 上午 7:00]   (harness) wait 2 h
 118.3s [6月2日（週一） 上午 9:01]   (harness) wait 2 h
 118.9s [6月2日（週一） 上午 11:02]   (harness) wait 2 h
 119.5s [6月2日（週一） 下午 1:03]   (harness) wait 2 h
 120.1s [6月2日（週一） 下午 3:04]   (harness) wait 2 h
 120.7s [6月2日（週一） 下午 5:05]   (harness) wait 2 h
 121.5s [6月2日（週一） 下午 7:06]   use "Sleep"
 122.1s [6月2日（週一） 下午 7:06]   click [Sleep] Sleep until 7:00 AM
 123.9s [6月3日（週二） 上午 7:00]   (harness) wait 2 h
 124.5s [6月3日（週二） 上午 9:01]   (harness) wait 2 h
 125.1s [6月3日（週二） 上午 11:02]   (harness) wait 2 h
 125.7s [6月3日（週二） 下午 1:03]   (harness) wait 2 h
 126.3s [6月3日（週二） 下午 3:04]   (harness) wait 2 h
 126.9s [6月3日（週二） 下午 5:05]   ok  stock delivered to the apartment
 127.6s [6月3日（週二） 下午 5:06]   shot 19_apartment_with_stock.png
 127.6s [6月3日（週二） 下午 5:06] STEP List products on ShopLane
 128.7s [6月3日（週二） 下午 5:08]   use "Use laptop — Company OS"
 129.3s [6月3日（週二） 下午 5:09]   click [Tab_sales] Sales
 130.0s [6月3日（週二） 下午 5:09]   shot 20_company_os_sales_ready.png
 130.0s [6月3日（週二） 下午 5:09]   click [ListSelf_wireless_earbuds] Shoot photos myself & list (1 h 20 min)
 130.5s [6月3日（週二） 下午 6:30]   click [ListSelf_water_bottle] Shoot photos myself & list (1 h 20 min)
 131.1s [6月3日（週二） 下午 7:51]   click [ListSelf_desk_lamp] Shoot photos myself & list (1 h 20 min)
 131.6s [6月3日（週二） 下午 9:12]   click [ListSelf_phone_stand] Shoot photos myself & list (1 h 20 min)
 132.2s [6月3日（週二） 下午 10:33]   click [AdPlus_wireless_earbuds] +
 132.7s [6月3日（週二） 下午 10:34]   shot 21_company_os_listings_live.png
 132.7s [6月3日（週二） 下午 10:34]   ok  listings live
 133.1s [6月3日（週二） 下午 10:34] STEP First order → pack → ship
 136.6s [6月3日（週二） 下午 10:40]   use "Packing table"
 137.4s [6月3日（週二） 下午 10:41]   shot 22_packing_table.png
 137.4s [6月3日（週二） 下午 10:41]   click [Pack] 打包 4 筆訂單（32 分鐘）
 138.2s [6月3日（週二） 下午 11:14]   click [CourierExpress] 快遞 · 快捷 1 天（$41.60）
 139.3s [6月3日（週二） 下午 11:16]   ok  first order came in
 139.3s [6月3日（週二） 下午 11:16]   ok  handed to the courier (pickup booked)
 139.3s [6月3日（週二） 下午 11:16] STEP Delivery → first dollar
 143.6s [6月3日（週二） 下午 11:22]   use "Sleep"
 144.2s [6月3日（週二） 下午 11:22]   click [Sleep] Sleep until 7:00 AM
 146.0s [6月4日（週三） 上午 7:00]   ok  first order delivered (Earn Your First Dollar)
 146.0s [6月4日（週三） 上午 7:00]   revenue booked $92.96 · ShopLane balance $83.66 · cash $27,795.80
 146.1s [6月4日（週三） 上午 7:00]   shot 23_first_dollar.png
 146.1s [6月4日（週三） 上午 7:00] STEP First customer issue
 146.1s [6月4日（週三） 上午 7:00]   (harness) wait 2 h
 146.6s [6月4日（週三） 上午 9:01]   (harness) wait 2 h
 151.5s [6月4日（週三） 上午 11:09]   use "Packing table"
 152.2s [6月4日（週三） 上午 11:10]   click [Pack] 打包 1 筆訂單（8 分鐘）
 153.0s [6月4日（週三） 上午 11:19]   click [CourierExpress] 快遞 · 快捷 1 天（$14.90）
 154.1s [6月4日（週三） 上午 11:21]   (harness) wait 2 h
 154.7s [6月4日（週三） 下午 1:22]   (harness) wait 2 h
 157.2s [6月4日（週三） 下午 3:25]   use "Packing table"
 157.9s [6月4日（週三） 下午 3:26]   click [Pack] 打包 1 筆訂單（8 分鐘）
 158.7s [6月4日（週三） 下午 3:36]   click [CourierExpress] 快遞 · 快捷 1 天（$14.90）
 159.8s [6月4日（週三） 下午 3:37]   (harness) wait 2 h
 160.6s [6月4日（週三） 下午 5:38]   use "Packing table"
 161.3s [6月4日（週三） 下午 5:39]   click [Pack] 打包 3 筆訂單（24 分鐘）
 162.2s [6月4日（週三） 下午 6:05]   click [CourierExpress] 快遞 · 快捷 1 天（$32.70）
 163.3s [6月4日（週三） 下午 6:06]   (harness) wait 2 h
 164.0s [6月4日（週三） 下午 8:07]   use "Packing table"
 164.7s [6月4日（週三） 下午 8:09]   click [Pack] 打包 2 筆訂單（16 分鐘）
 165.6s [6月4日（週三） 下午 8:26]   click [CourierExpress] 快遞 · 快捷 1 天（$23.80）
 169.4s [6月4日（週三） 下午 8:31]   use "Sleep"
 170.0s [6月4日（週三） 下午 8:31]   click [Sleep] Sleep until 7:00 AM
 171.8s [6月5日（週四） 上午 7:00]   shot 24_decision_customer_return_first.png
 171.8s [6月5日（週四） 上午 7:00]   decision customer_return_first → replace
 171.8s [6月5日（週四） 上午 7:00]   click [Choice_replace] 寄一個新的（快捷）
 173.2s [6月5日（週四） 上午 7:00]   shot 25_decision_outcome_customer_return_first.png
 173.2s [6月5日（週四） 上午 7:00]   click "OK"
 178.0s [6月5日（週四） 上午 7:07]   use "Packing table"
 178.7s [6月5日（週四） 上午 7:08]   click [Pack] 打包 4 筆訂單（32 分鐘）
 179.6s [6月5日（週四） 上午 7:41]   click [CourierExpress] 快遞 · 快捷 1 天（$41.60）
 180.7s [6月5日（週四） 上午 7:43]   ok  resolved the first customer issue
 182.7s [6月5日（週四） 上午 7:46]   ok  Chapter 2 complete
 182.7s [6月5日（週四） 上午 7:46] STEP Purchase cancellation
 184.3s [6月5日（週四） 上午 7:48]   use "Use laptop — Company OS"
 184.9s [6月5日（週四） 上午 7:49]   click [Tab_operations] Operations
 185.5s [6月5日（週四） 上午 7:50]   click [Buy_tradelink_wholesale_wireless_earbuds] 購買 $900
 186.4s [6月5日（週四） 上午 8:01]   click [CancelPO_PO-105] Cancel purchase
 187.1s [6月5日（週四） 上午 8:01]   shot 26_purchase_cancel_confirmation.png
 187.1s [6月5日（週四） 上午 8:01]   click [ConfirmReturn] Confirm cancellation
 187.7s [6月5日（週四） 上午 8:01]   ok  extra PO cancelled through UI
 187.7s [6月5日（週四） 上午 8:01]   ok  cancellation cash equals quoted refund
 187.7s [6月5日（週四） 上午 8:01]   ok  ledger balanced after purchase cancellation
 188.2s [6月5日（週四） 上午 8:02]   shot 27_purchase_cancelled_operations.png
 188.5s [6月5日（週四） 上午 8:03] STEP Chapter 3 — wait for a weekday morning
 191.2s [6月5日（週四） 上午 8:08]   ok  walked back outside
 191.2s [6月5日（週四） 上午 8:08] STEP Metro to Civic Center → City Hall
 199.4s [6月5日（週四） 上午 8:20]   use "捷運——河濱區站"
 200.3s [6月5日（週四） 上午 8:21]   shot 28_metro_civic_center.png
 200.3s [6月5日（週四） 上午 8:21]   click [Go_civic_center] 市政中心  ·  12 分鐘
 201.4s [6月5日（週四） 上午 8:35]   ok  took the Metro to Civic Center
 201.4s [6月5日（週四） 上午 8:35]   shot 29_civic_center.png
 208.7s [6月5日（週四） 上午 9:11]   ok  entered Aurelia City Hall
 208.9s [6月5日（週四） 上午 9:11]   shot 30_city_hall_inside.png
 210.0s [6月5日（週四） 上午 9:13]   use "Registration counter"
 212.0s [6月5日（週四） 上午 9:13]   choose "› 我要登記公司。"
 214.8s [6月5日（週四） 上午 9:14]   shot 31_registration_form.png
 214.8s [6月5日（週四） 上午 9:14]   click [Submit] Register & pay
 215.7s [6月5日（週四） 上午 10:00]   shot 32_registration_done.png
 215.7s [6月5日（週四） 上午 10:00]   click "Thanks"
 215.8s [6月5日（週四） 上午 10:00]   ok  registered Riverlight Goods
 215.9s [6月5日（週四） 上午 10:00]   shot 33_decision_low_cash_warning.png
 215.9s [6月5日（週四） 上午 10:00]   decision low_cash_warning → reduce
 215.9s [6月5日（週四） 上午 10:00]   click [Choice_reduce] 縮減開支（暫停廣告、生活從簡）
 217.3s [6月5日（週四） 上午 10:00]   shot 34_decision_outcome_low_cash_warning.png
 217.3s [6月5日（週四） 上午 10:00]   click "OK"
 220.2s [6月5日（週四） 上午 10:05]   ok  walked back outside
 220.2s [6月5日（週四） 上午 10:05] STEP Walk to the Financial District → Nexus Bank
 229.7s [6月5日（週四） 上午 10:25]   ok  walked to Financial District
 233.9s [6月5日（週四） 上午 10:31]   ok  entered Nexus Bank
 234.1s [6月5日（週四） 上午 10:31]   shot 35_bank_inside.png
 235.0s [6月5日（週四） 上午 10:33]   use "Teller — business banking"
 235.7s [6月5日（週四） 上午 10:34]   click "$15,000"
 235.8s [6月5日（週四） 上午 10:34]   click [OpenAccount] 存入 $15,000 開戶
 236.8s [6月5日（週四） 上午 11:06]   shot 36_bank_account_opened.png
 237.2s [6月5日（週四） 上午 11:06]   ok  business account opened with founder capital
 239.5s [6月5日（週四） 上午 11:11]   ok  walked back outside
 239.5s [6月5日（週四） 上午 11:11] STEP Metro to Startup Hub → lease Suite 2B
 246.0s [6月5日（週四） 上午 11:20]   use "捷運——金融區站"
 247.0s [6月5日（週四） 上午 11:22]   shot 37_metro_startup_hub.png
 247.0s [6月5日（週四） 上午 11:22]   click [Go_startup_hub] 新創園區  ·  8 分鐘
 248.0s [6月5日（週四） 上午 11:31]   ok  took the Metro to Startup Hub
 253.1s [6月5日（週四） 上午 11:39]   ok  entered 22 Founders Lane
 253.2s [6月5日（週四） 上午 11:39]   shot 38_suite_2b_tour.png
 254.1s [6月5日（週四） 上午 11:41]   use "和 Tom 說話"
 256.5s [6月5日（週四） 上午 11:41]   click [SignLease] Sign the lease
 257.6s [6月5日（週四） 上午 11:43]   ok  leased Suite 2B
 258.4s [6月5日（週四） 上午 11:44]   shot 39_suite_2b_company_sign.png
 258.4s [6月5日（週四） 上午 11:44] STEP Sit at the desk → Company OS as the company
 258.9s [6月5日（週四） 上午 11:45]   use "Sit at your desk — Company OS"
 260.2s [6月5日（週四） 上午 11:46]   shot 40_company_os_as_company.png
 260.2s [6月5日（週四） 上午 11:46]   click [Tab_finance] Finance
 260.8s [6月5日（週四） 上午 11:47]   shot 41_company_os_finance.png
 260.8s [6月5日（週四） 上午 11:47]   click [Tab_inventory] Inventory
 261.3s [6月5日（週四） 上午 11:48]   shot 42_company_os_inventory.png
 264.6s [6月5日（週四） 上午 11:53]   ok  Chapter 3 complete
 266.9s [6月5日（週四） 上午 11:58]   ok  walked back outside
 267.0s [6月5日（週四） 上午 11:58]   shot 43_startup_hub_office_sign.png
 267.0s [6月5日（週四） 上午 11:58] STEP Careers — part-time job at Nexus Co-work
 273.5s [6月5日（週四） 下午 12:07]   ok  entered Nexus Co-work
 275.7s [6月5日（週四） 下午 12:11]   use "Business Board"
 276.4s [6月5日（週四） 下午 12:12]   click [Page_jobs] Part-time jobs
 277.1s [6月5日（週四） 下午 12:13]   shot 44_business_board_jobs.png
 277.1s [6月5日（週四） 下午 12:13]   click [Job_cowork_host] 詳情／應徵
 277.7s [6月5日（週四） 下午 12:14]   click [ApplyJob] Take the job
 278.2s [6月5日（週四） 下午 12:15]   shot 45_job_hired.png
 279.3s [6月5日（週四） 下午 12:16]   ok  hired as a community host
 281.5s [6月5日（週四） 下午 12:20]   use "Staff door — work a shift"
 282.2s [6月5日（週四） 下午 12:21]   shot 46_job_shift.png
 282.2s [6月5日（週四） 下午 12:21]   click [WorkShift] 開始 4 小時的班（最多 +$72.00）
 284.1s [6月5日（週四） 下午 4:23]   ok  a 4-hour shift paid by how it went ($67.68)
 284.1s [6月5日（週四） 下午 4:23] STEP Careers — freelance gig at a hot desk
 284.1s [6月5日（週四） 下午 4:23]   info card: Your first business loop
 284.2s [6月5日（週四） 下午 4:23]   shot 47_info_your_first_business_loop.png
 284.2s [6月5日（週四） 下午 4:23]   click "Let's go"
 288.5s [6月5日（週四） 下午 4:29]   use "Work at a hot desk — Company OS"
 289.1s [6月5日（週四） 下午 4:30]   click [Tab_freelance] Freelance
 289.6s [6月5日（週四） 下午 4:31]   click [StartFreelance] Start freelancing
 290.3s [6月5日（週四） 下午 4:32]   click [Accept_G1] Accept
 290.8s [6月5日（週四） 下午 4:32]   click [Work_G1] 工作 2 小時
 291.6s [6月5日（週四） 下午 6:34]   shot 48_freelance_gig.png
 291.6s [6月5日（週四） 下午 6:34]   ok  put hours into a freelance gig
 291.6s [6月5日（週四） 下午 6:34] STEP Careers — start a SaaS product
 291.6s [6月5日（週四） 下午 6:34]   click [Tab_saas] SaaS
 292.1s [6月5日（週四） 下午 6:34]   shot 49_saas_ideas.png
 292.1s [6月5日（週四） 下午 6:34]   click [Saas_freelancer_invoicing] Build this
 292.7s [6月5日（週四） 下午 6:35]   click [SaasCode] 寫程式 2 小時
 293.4s [6月5日（週四） 下午 8:36]   shot 50_saas_building.png
 293.4s [6月5日（週四） 下午 8:36]   ok  started building a SaaS product (2 dev h)
 297.0s [6月5日（週四） 下午 8:43]   ok  walked back outside
 297.0s [6月5日（週四） 下午 8:43] STEP Run the company to month-end
 301.0s [6月5日（週四） 下午 9:01]   ok  walked to Riverside
 316.9s [6月5日（週四） 下午 9:25]   ok  entered Riverside Tower
 318.8s [6月5日（週四） 下午 9:27]   use "Sleep"
 319.4s [6月5日（週四） 下午 9:27]   click [Sleep] Sleep until 7:00 AM
 325.6s [6月6日（週五） 上午 7:07]   use "Packing table"
 326.2s [6月6日（週五） 上午 7:08]   click [Pack] 打包 24 筆訂單（3 小時 12 分）
 327.1s [6月6日（週五） 上午 10:21]   click [CourierExpress] 快遞 · 快捷 1 天（$219.60）
 328.3s [6月6日（週五） 下午 7:00]   shot 51_decision_customer_return.png
 328.3s [6月6日（週五） 下午 7:00]   decision customer_return → replace
 328.3s [6月6日（週五） 下午 7:00]   click [Choice_replace] 寄一個新的
 329.7s [6月6日（週五） 下午 7:00]   shot 52_decision_outcome_customer_return.png
 329.7s [6月6日（週五） 下午 7:00]   click "OK"
 334.4s [6月6日（週五） 下午 7:07]   use "Sleep"
 335.0s [6月6日（週五） 下午 7:07]   click [Sleep] Sleep until 7:00 AM
 341.1s [6月7日（週六） 上午 7:07]   use "Packing table"
 341.8s [6月7日（週六） 上午 7:08]   click [Pack] 打包 14 筆訂單（1 小時 52 分）
 342.7s [6月7日（週六） 上午 9:01]   click [CourierExpress] 快遞 · 快捷 1 天（$145.00）
 348.0s [6月7日（週六） 下午 7:06]   use "Sleep"
 348.6s [6月7日（週六） 下午 7:06]   click [Sleep] Sleep until 7:00 AM
 354.7s [6月8日（週日） 上午 7:07]   use "Packing table"
 355.4s [6月8日（週日） 上午 7:08]   click [Pack] 打包 9 筆訂單（1 小時 12 分）
 356.3s [6月8日（週日） 上午 8:21]   click [CourierExpress] 快遞 · 快捷 1 天（$89.70）
 357.4s [6月8日（週日） 上午 8:22]   shot 53_decision_customer_return.png
 357.4s [6月8日（週日） 上午 8:22]   decision customer_return → replace
 357.4s [6月8日（週日） 上午 8:22]   click [Choice_replace] 寄一個新的
 358.8s [6月8日（週日） 上午 8:22]   shot 54_decision_outcome_customer_return.png
 358.8s [6月8日（週日） 上午 8:22]   click "OK"
 359.3s [6月8日（週日） 下午 7:00]   shot 55_decision_customer_return.png
 359.3s [6月8日（週日） 下午 7:00]   decision customer_return → replace
 359.3s [6月8日（週日） 下午 7:00]   click [Choice_replace] 寄一個新的
 360.7s [6月8日（週日） 下午 7:00]   shot 56_decision_outcome_customer_return.png
 360.7s [6月8日（週日） 下午 7:00]   click "OK"
 365.4s [6月8日（週日） 下午 7:07]   use "Sleep"
 366.0s [6月8日（週日） 下午 7:07]   click [Sleep] Sleep until 7:00 AM
 372.1s [6月9日（週一） 上午 7:07]   use "Packing table"
 372.8s [6月9日（週一） 上午 7:08]   click [Pack] 打包 10 筆訂單（1 小時 20 分）
 373.7s [6月9日（週一） 上午 8:29]   click [CourierExpress] 快遞 · 快捷 1 天（$102.20）
 374.9s [6月9日（週一） 下午 7:00]   shot 57_decision_viral_mention.png
 374.9s [6月9日（週一） 下午 7:00]   decision viral_mention → ride
 374.9s [6月9日（週一） 下午 7:00]   click [Choice_ride] 順其自然
 376.3s [6月9日（週一） 下午 7:00]   shot 58_decision_outcome_viral_mention.png
 376.3s [6月9日（週一） 下午 7:00]   click "OK"
 376.8s [6月9日（週一） 下午 7:00]   shot 59_decision_customer_return.png
 376.8s [6月9日（週一） 下午 7:00]   decision customer_return → replace
 376.8s [6月9日（週一） 下午 7:00]   click [Choice_replace] 寄一個新的
 378.2s [6月9日（週一） 下午 7:00]   shot 60_decision_outcome_customer_return.png
 378.2s [6月9日（週一） 下午 7:00]   click "OK"
 382.9s [6月9日（週一） 下午 7:07]   use "Sleep"
 383.5s [6月9日（週一） 下午 7:07]   click [Sleep] Sleep until 7:00 AM
 385.3s [6月10日（週二） 上午 7:00]   shot 61_decision_customer_return.png
 385.3s [6月10日（週二） 上午 7:00]   decision customer_return → replace
 385.3s [6月10日（週二） 上午 7:00]   click [Choice_replace] 寄一個新的
 386.7s [6月10日（週二） 上午 7:00]   shot 62_decision_outcome_customer_return.png
 386.7s [6月10日（週二） 上午 7:00]   click "OK"
 391.4s [6月10日（週二） 上午 7:07]   use "Packing table"
 392.1s [6月10日（週二） 上午 7:08]   click [Pack] 打包 14 筆訂單（1 小時 52 分）
 393.0s [6月10日（週二） 上午 9:01]   click [CourierExpress] 快遞 · 快捷 1 天（$137.80）
 394.2s [6月10日（週二） 上午 9:02]   shot 63_decision_supplier_price_increase.png
 394.2s [6月10日（週二） 上午 9:02]   decision supplier_price_increase → accept
 394.2s [6月10日（週二） 上午 9:02]   click [Choice_accept] 好。繼續跟你進貨。
 395.5s [6月10日（週二） 上午 9:02]   shot 64_decision_outcome_supplier_price_increase.png
 395.5s [6月10日（週二） 上午 9:02]   click "OK"
 400.3s [6月10日（週二） 下午 7:07]   use "Sleep"
 400.9s [6月10日（週二） 下午 7:07]   click [Sleep] Sleep until 7:00 AM
 407.0s [6月11日（週三） 上午 7:07]   use "Packing table"
 407.7s [6月11日（週三） 上午 7:08]   click [Pack] 打包 17 筆訂單（2 小時 16 分）
 408.6s [6月11日（週三） 上午 9:25]   click [CourierExpress] 快遞 · 快捷 1 天（$168.10）
 411.2s [6月11日（週三） 上午 9:29]   use "Use laptop — Company OS"
 411.8s [6月11日（週三） 上午 9:30]   click [Tab_operations] Operations
 411.9s [6月11日（週三） 上午 9:30]   click [DeliverTo_riverside_studio] 河濱大樓 7C
 412.1s [6月11日（週三） 上午 9:31]   click [Buy_tradelink_wholesale_water_bottle] 購買 $469
 412.8s [6月11日（週三） 下午 7:00]   shot 65_decision_customer_return.png
 412.8s [6月11日（週三） 下午 7:00]   decision customer_return → replace
 412.8s [6月11日（週三） 下午 7:00]   click [Choice_replace] 寄一個新的
 414.1s [6月11日（週三） 下午 7:00]   shot 66_decision_outcome_customer_return.png
 414.1s [6月11日（週三） 下午 7:00]   click "OK"
 417.8s [6月11日（週三） 下午 7:05]   use "Sleep"
 418.4s [6月11日（週三） 下午 7:05]   click [Sleep] Sleep until 7:00 AM
 424.5s [6月12日（週四） 上午 7:07]   use "Packing table"
 425.2s [6月12日（週四） 上午 7:08]   click [Pack] 打包 16 筆訂單（2 小時 8 分）
 426.1s [6月12日（週四） 上午 9:17]   click [CourierExpress] 快遞 · 快捷 1 天（$152.00）
 428.7s [6月12日（週四） 上午 9:21]   use "Use laptop — Company OS"
 429.3s [6月12日（週四） 上午 9:22]   click [Tab_operations] Operations
 429.4s [6月12日（週四） 上午 9:22]   click [DeliverTo_riverside_studio] 河濱大樓 7C
 429.6s [6月12日（週四） 上午 9:23]   click [Buy_tradelink_wholesale_water_bottle] 購買 $469
 433.3s [6月12日（週四） 下午 7:05]   use "Sleep"
 433.9s [6月12日（週四） 下午 7:05]   click [Sleep] Sleep until 7:00 AM
 435.8s [6月13日（週五） 上午 7:00]   shot 67_decision_customer_return.png
 435.8s [6月13日（週五） 上午 7:00]   decision customer_return → refund
 435.8s [6月13日（週五） 上午 7:00]   click [Choice_refund] 退款＋收回商品
 437.1s [6月13日（週五） 上午 7:00]   shot 68_decision_outcome_customer_return.png
 437.1s [6月13日（週五） 上午 7:00]   click "OK"
 441.9s [6月13日（週五） 上午 7:07]   use "Packing table"
 442.6s [6月13日（週五） 上午 7:08]   click [Pack] 打包 20 筆訂單（2 小時 40 分）
 443.4s [6月13日（週五） 上午 9:49]   click [CourierExpress] 快遞 · 快捷 1 天（$187.60）
 446.1s [6月13日（週五） 上午 9:53]   use "Use laptop — Company OS"
 446.7s [6月13日（週五） 上午 9:54]   click [Tab_operations] Operations
 446.8s [6月13日（週五） 上午 9:54]   click [DeliverTo_riverside_studio] 河濱大樓 7C
 447.0s [6月13日（週五） 上午 9:54]   click [Buy_tradelink_wholesale_water_bottle] 購買 $469
 447.6s [6月13日（週五） 下午 7:00]   shot 69_decision_customer_return.png
 447.6s [6月13日（週五） 下午 7:00]   decision customer_return → replace
 447.6s [6月13日（週五） 下午 7:00]   click [Choice_replace] 寄一個新的
 449.0s [6月13日（週五） 下午 7:00]   shot 70_decision_outcome_customer_return.png
 449.0s [6月13日（週五） 下午 7:00]   click "OK"
 452.6s [6月13日（週五） 下午 7:05]   use "Sleep"
 453.2s [6月13日（週五） 下午 7:05]   click [Sleep] Sleep until 7:00 AM
 455.0s [6月14日（週六） 上午 7:00]   shot 71_decision_customer_return.png
 455.0s [6月14日（週六） 上午 7:00]   decision customer_return → replace
 455.0s [6月14日（週六） 上午 7:00]   click [Choice_replace] 寄一個新的
 456.4s [6月14日（週六） 上午 7:00]   shot 72_decision_outcome_customer_return.png
 456.4s [6月14日（週六） 上午 7:00]   click "OK"
 461.1s [6月14日（週六） 上午 7:07]   use "Packing table"
 461.8s [6月14日（週六） 上午 7:08]   click [Pack] 打包 14 筆訂單（1 小時 52 分）
 462.7s [6月14日（週六） 上午 9:01]   click [CourierExpress] 快遞 · 快捷 1 天（$148.60）
 468.1s [6月14日（週六） 下午 7:06]   use "Sleep"
 468.7s [6月14日（週六） 下午 7:06]   click [Sleep] Sleep until 7:00 AM
 474.8s [6月15日（週日） 上午 7:07]   use "Packing table"
 475.4s [6月15日（週日） 上午 7:08]   click [Pack] 打包 12 筆訂單（1 小時 36 分）
 476.3s [6月15日（週日） 上午 8:45]   click [CourierExpress] 快遞 · 快捷 1 天（$123.60）
 481.7s [6月15日（週日） 下午 7:06]   use "Sleep"
 482.3s [6月15日（週日） 下午 7:06]   click [Sleep] Sleep until 7:00 AM
 488.4s [6月16日（週一） 上午 7:07]   use "Packing table"
 489.0s [6月16日（週一） 上午 7:08]   click [Pack] 打包 12 筆訂單（1 小時 36 分）
 489.9s [6月16日（週一） 上午 8:45]   click [CourierExpress] 快遞 · 快捷 1 天（$123.60）
 495.3s [6月16日（週一） 下午 7:06]   use "Sleep"
 495.9s [6月16日（週一） 下午 7:06]   click [Sleep] Sleep until 7:00 AM
 501.9s [6月17日（週二） 上午 7:07]   use "Packing table"
 502.6s [6月17日（週二） 上午 7:08]   click [Pack] 打包 17 筆訂單（2 小時 16 分）
 503.5s [6月17日（週二） 上午 9:25]   click [CourierExpress] 快遞 · 快捷 1 天（$160.90）
 504.7s [6月17日（週二） 上午 9:26]   shot 73_decision_unexpected_large_order.png
 504.7s [6月17日（週二） 上午 9:26]   decision unexpected_large_order → review
 504.7s [6月17日（週二） 上午 9:26]   click [Choice_review] 把合約寄給我，我看看。
 506.1s [6月17日（週二） 上午 9:26]   shot 74_decision_outcome_unexpected_large_order.png
 506.1s [6月17日（週二） 上午 9:26]   click "OK"
 508.0s [6月17日（週二） 上午 9:28]   use "Use laptop — Company OS"
 508.6s [6月17日（週二） 上午 9:29]   click [Tab_operations] Operations
 508.8s [6月17日（週二） 上午 9:30]   click [DeliverTo_riverside_studio] 河濱大樓 7C
 509.0s [6月17日（週二） 上午 9:30]   click [Buy_tradelink_wholesale_wireless_earbuds] 購買 $900
 509.1s [6月17日（週二） 上午 9:40]   click [Tab_contracts] 合約 ●
 509.8s [6月17日（週二） 上午 9:41]   shot 75_contract_offer.png
 509.8s [6月17日（週二） 上午 9:41]   click [AcceptContract] Accept
 514.0s [6月17日（週二） 下午 7:04]   use "Sleep"
 514.6s [6月17日（週二） 下午 7:04]   click [Sleep] Sleep until 7:00 AM
 520.7s [6月18日（週三） 上午 7:07]   use "Packing table"
 521.4s [6月18日（週三） 上午 7:08]   click [Pack] 打包 19 筆訂單（2 小時 32 分）
 522.3s [6月18日（週三） 上午 9:41]   click [CourierExpress] 快遞 · 快捷 1 天（$189.50）
 523.5s [6月18日（週三） 上午 9:42]   shot 76_decision_customer_return.png
 523.5s [6月18日（週三） 上午 9:42]   decision customer_return → replace
 523.5s [6月18日（週三） 上午 9:42]   click [Choice_replace] 寄一個新的
 524.8s [6月18日（週三） 上午 9:42]   shot 77_decision_outcome_customer_return.png
 524.8s [6月18日（週三） 上午 9:42]   click "OK"
 526.8s [6月18日（週三） 上午 9:44]   use "Use laptop — Company OS"
 527.4s [6月18日（週三） 上午 9:45]   click [Tab_operations] Operations
 527.5s [6月18日（週三） 上午 9:46]   click [DeliverTo_riverside_studio] 河濱大樓 7C
 527.7s [6月18日（週三） 上午 9:46]   click [Buy_tradelink_wholesale_wireless_earbuds] 購買 $900
 527.9s [6月18日（週三） 上午 9:56]   click [Tab_contracts] Contracts
 528.4s [6月18日（週三） 上午 9:57]   click [DeliverContract] 打包並交貨 120 件（B2B 貨運 $40）
 529.1s [6月18日（週三） 上午 11:28]   shot 78_contract_delivered.png
 529.5s [6月18日（週三） 上午 11:28]   shot 79_decision_customer_return.png
 529.5s [6月18日（週三） 上午 11:28]   decision customer_return → replace
 529.5s [6月18日（週三） 上午 11:28]   click [Choice_replace] 寄一個新的
 530.8s [6月18日（週三） 上午 11:28]   shot 80_decision_outcome_customer_return.png
 530.8s [6月18日（週三） 上午 11:28]   click "OK"
 531.4s [6月18日（週三） 下午 7:00]   shot 81_decision_customer_return.png
 531.4s [6月18日（週三） 下午 7:00]   decision customer_return → replace
 531.4s [6月18日（週三） 下午 7:00]   click [Choice_replace] 寄一個新的
 532.7s [6月18日（週三） 下午 7:00]   shot 82_decision_outcome_customer_return.png
 532.7s [6月18日（週三） 下午 7:00]   click "OK"
 536.3s [6月18日（週三） 下午 7:05]   use "Sleep"
 536.9s [6月18日（週三） 下午 7:05]   click [Sleep] Sleep until 7:00 AM
 538.8s [6月19日（週四） 上午 7:00]   shot 83_decision_customer_return.png
 538.8s [6月19日（週四） 上午 7:00]   decision customer_return → replace
 538.8s [6月19日（週四） 上午 7:00]   click [Choice_replace] 寄一個新的
 540.1s [6月19日（週四） 上午 7:00]   shot 84_decision_outcome_customer_return.png
 540.1s [6月19日（週四） 上午 7:00]   click "OK"
 544.9s [6月19日（週四） 上午 7:07]   use "Packing table"
 545.5s [6月19日（週四） 上午 7:08]   click [Pack] 打包 9 筆訂單（1 小時 12 分）
 546.4s [6月19日（週四） 上午 8:21]   click [CourierExpress] 快遞 · 快捷 1 天（$89.70）
 549.0s [6月19日（週四） 上午 8:25]   use "Use laptop — Company OS"
 549.6s [6月19日（週四） 上午 8:26]   click [Tab_operations] Operations
 549.8s [6月19日（週四） 上午 8:26]   click [DeliverTo_riverside_studio] 河濱大樓 7C
 549.9s [6月19日（週四） 上午 8:26]   click [Buy_tradelink_wholesale_wireless_earbuds] 購買 $900
 550.6s [6月19日（週四） 下午 7:00]   shot 85_decision_customer_return.png
 550.6s [6月19日（週四） 下午 7:00]   decision customer_return → replace
 550.6s [6月19日（週四） 下午 7:00]   click [Choice_replace] 寄一個新的
 552.0s [6月19日（週四） 下午 7:00]   shot 86_decision_outcome_customer_return.png
 552.0s [6月19日（週四） 下午 7:00]   click "OK"
 555.6s [6月19日（週四） 下午 7:05]   use "Sleep"
 556.2s [6月19日（週四） 下午 7:05]   click [Sleep] Sleep until 7:00 AM
 562.3s [6月20日（週五） 上午 7:07]   use "Packing table"
 563.0s [6月20日（週五） 上午 7:08]   click [Pack] 打包 17 筆訂單（2 小時 16 分）
 563.8s [6月20日（週五） 上午 9:25]   click [CourierExpress] 快遞 · 快捷 1 天（$178.90）
 569.2s [6月20日（週五） 下午 7:06]   use "Sleep"
 569.8s [6月20日（週五） 下午 7:06]   click [Sleep] Sleep until 7:00 AM
 571.6s [6月21日（週六） 上午 7:00]   shot 87_decision_customer_return.png
 571.6s [6月21日（週六） 上午 7:00]   decision customer_return → replace
 571.6s [6月21日（週六） 上午 7:00]   click [Choice_replace] 寄一個新的
 573.0s [6月21日（週六） 上午 7:00]   shot 88_decision_outcome_customer_return.png
 573.0s [6月21日（週六） 上午 7:00]   click "OK"
 573.5s [6月21日（週六） 上午 7:00]   shot 89_decision_customer_return.png
 573.5s [6月21日（週六） 上午 7:00]   decision customer_return → replace
 573.5s [6月21日（週六） 上午 7:00]   click [Choice_replace] 寄一個新的
 574.9s [6月21日（週六） 上午 7:00]   shot 90_decision_outcome_customer_return.png
 574.9s [6月21日（週六） 上午 7:00]   click "OK"
 579.6s [6月21日（週六） 上午 7:07]   use "Packing table"
 580.3s [6月21日（週六） 上午 7:08]   click [Pack] 打包 14 筆訂單（1 小時 52 分）
 581.2s [6月21日（週六） 上午 9:01]   click [CourierExpress] 快遞 · 快捷 1 天（$134.20）
 583.8s [6月21日（週六） 上午 9:05]   use "Use laptop — Company OS"
 584.4s [6月21日（週六） 上午 9:06]   click [Tab_operations] Operations
 584.5s [6月21日（週六） 上午 9:06]   click [DeliverTo_riverside_studio] 河濱大樓 7C
 584.7s [6月21日（週六） 上午 9:06]   click [Buy_tradelink_wholesale_water_bottle] 購買 $469
 588.4s [6月21日（週六） 下午 7:05]   use "Sleep"
 589.0s [6月21日（週六） 下午 7:05]   click [Sleep] Sleep until 7:00 AM
 590.8s [6月22日（週日） 上午 7:00]   shot 91_decision_customer_return.png
 590.8s [6月22日（週日） 上午 7:00]   decision customer_return → refund
 590.8s [6月22日（週日） 上午 7:00]   click [Choice_refund] 退款＋收回商品
 592.2s [6月22日（週日） 上午 7:00]   shot 92_decision_outcome_customer_return.png
 592.2s [6月22日（週日） 上午 7:00]   click "OK"
 596.9s [6月22日（週日） 上午 7:07]   use "Packing table"
 597.6s [6月22日（週日） 上午 7:08]   click [Pack] 打包 10 筆訂單（1 小時 20 分）
 598.5s [6月22日（週日） 上午 8:29]   click [CourierExpress] 快遞 · 快捷 1 天（$102.20）
 601.1s [6月22日（週日） 上午 8:33]   use "Use laptop — Company OS"
 601.7s [6月22日（週日） 上午 8:34]   click [Tab_operations] Operations
 601.8s [6月22日（週日） 上午 8:34]   click [DeliverTo_riverside_studio] 河濱大樓 7C
 602.0s [6月22日（週日） 上午 8:34]   click [Buy_tradelink_wholesale_water_bottle] 購買 $469
 605.7s [6月22日（週日） 下午 7:05]   use "Sleep"
 606.3s [6月22日（週日） 下午 7:05]   click [Sleep] Sleep until 7:00 AM
 608.2s [6月23日（週一） 上午 7:00]   shot 93_decision_customer_return.png
 608.2s [6月23日（週一） 上午 7:00]   decision customer_return → replace
 608.2s [6月23日（週一） 上午 7:00]   click [Choice_replace] 寄一個新的
 609.6s [6月23日（週一） 上午 7:00]   shot 94_decision_outcome_customer_return.png
 609.6s [6月23日（週一） 上午 7:00]   click "OK"
 614.3s [6月23日（週一） 上午 7:07]   use "Packing table"
 615.0s [6月23日（週一） 上午 7:08]   click [Pack] 打包 11 筆訂單（1 小時 28 分）
 615.9s [6月23日（週一） 上午 8:37]   click [CourierExpress] 快遞 · 快捷 1 天（$107.50）
 618.5s [6月23日（週一） 上午 8:41]   use "Use laptop — Company OS"
 619.1s [6月23日（週一） 上午 8:42]   click [Tab_operations] Operations
 619.2s [6月23日（週一） 上午 8:42]   click [DeliverTo_riverside_studio] 河濱大樓 7C
 619.4s [6月23日（週一） 上午 8:42]   click [Buy_tradelink_wholesale_water_bottle] 購買 $469
 623.1s [6月23日（週一） 下午 7:05]   use "Sleep"
 623.7s [6月23日（週一） 下午 7:05]   click [Sleep] Sleep until 7:00 AM
 629.8s [6月24日（週二） 上午 7:07]   use "Packing table"
 630.5s [6月24日（週二） 上午 7:08]   click [Pack] 打包 9 筆訂單（1 小時 12 分）
 631.4s [6月24日（週二） 上午 8:21]   click [CourierExpress] 快遞 · 快捷 1 天（$86.10）
 636.7s [6月24日（週二） 下午 7:06]   use "Sleep"
 637.4s [6月24日（週二） 下午 7:06]   click [Sleep] Sleep until 7:00 AM
 639.2s [6月25日（週三） 上午 7:00]   shot 95_decision_customer_return.png
 639.2s [6月25日（週三） 上午 7:00]   decision customer_return → refund
 639.2s [6月25日（週三） 上午 7:00]   click [Choice_refund] 退款＋收回商品
 640.6s [6月25日（週三） 上午 7:00]   shot 96_decision_outcome_customer_return.png
 640.6s [6月25日（週三） 上午 7:00]   click "OK"
 641.1s [6月25日（週三） 上午 7:00]   shot 97_decision_customer_return.png
 641.1s [6月25日（週三） 上午 7:00]   decision customer_return → replace
 641.1s [6月25日（週三） 上午 7:00]   click [Choice_replace] 寄一個新的
 642.4s [6月25日（週三） 上午 7:00]   shot 98_decision_outcome_customer_return.png
 642.4s [6月25日（週三） 上午 7:00]   click "OK"
 647.2s [6月25日（週三） 上午 7:07]   use "Packing table"
 647.8s [6月25日（週三） 上午 7:08]   click [Pack] 打包 5 筆訂單（40 分鐘）
 648.7s [6月25日（週三） 上午 7:49]   click [CourierExpress] 快遞 · 快捷 1 天（$50.50）
 649.8s [6月25日（週三） 下午 12:24]   toast: 新評價 #1256：★「浪費錢。」
 654.1s [6月25日（週三） 下午 7:06]   use "Sleep"
 654.7s [6月25日（週三） 下午 7:06]   click [Sleep] Sleep until 7:00 AM
 660.8s [6月26日（週四） 上午 7:07]   use "Packing table"
 661.5s [6月26日（週四） 上午 7:08]   click [Pack] 打包 3 筆訂單（24 分鐘）
 662.3s [6月26日（週四） 上午 7:33]   click [CourierExpress] 快遞 · 快捷 1 天（$32.70）
 667.7s [6月26日（週四） 下午 7:06]   use "Sleep"
 668.3s [6月26日（週四） 下午 7:06]   click [Sleep] Sleep until 7:00 AM
 674.4s [6月27日（週五） 上午 7:07]   use "Packing table"
 675.0s [6月27日（週五） 上午 7:08]   click [Pack] 打包 5 筆訂單（40 分鐘）
 675.9s [6月27日（週五） 上午 7:49]   click [CourierExpress] 快遞 · 快捷 1 天（$50.50）
 681.3s [6月27日（週五） 下午 7:06]   use "Sleep"
 681.9s [6月27日（週五） 下午 7:06]   click [Sleep] Sleep until 7:00 AM
 688.0s [6月28日（週六） 上午 7:07]   use "Packing table"
 688.7s [6月28日（週六） 上午 7:08]   click [Pack] 打包 5 筆訂單（40 分鐘）
 689.5s [6月28日（週六） 上午 7:49]   click [CourierExpress] 快遞 · 快捷 1 天（$50.50）
 690.7s [6月28日（週六） 下午 7:00]   shot 99_decision_customer_return.png
 690.7s [6月28日（週六） 下午 7:00]   decision customer_return → replace
 690.7s [6月28日（週六） 下午 7:00]   click [Choice_replace] 寄一個新的
 692.1s [6月28日（週六） 下午 7:00]   shot 100_decision_outcome_customer_return.png
 692.1s [6月28日（週六） 下午 7:00]   click "OK"
 696.9s [6月28日（週六） 下午 7:07]   use "Sleep"
 697.5s [6月28日（週六） 下午 7:07]   click [Sleep] Sleep until 7:00 AM
 703.5s [6月29日（週日） 上午 7:07]   use "Packing table"
 704.2s [6月29日（週日） 上午 7:08]   click [Pack] 打包 11 筆訂單（1 小時 28 分）
 705.1s [6月29日（週日） 上午 8:37]   click [CourierExpress] 快遞 · 快捷 1 天（$103.90）
 710.5s [6月29日（週日） 下午 7:06]   use "Sleep"
 711.1s [6月29日（週日） 下午 7:06]   click [Sleep] Sleep until 7:00 AM
 717.1s [6月30日（週一） 上午 7:07]   use "Packing table"
 717.8s [6月30日（週一） 上午 7:08]   click [Pack] 打包 7 筆訂單（56 分鐘）
 718.7s [6月30日（週一） 上午 8:05]   click [CourierExpress] 快遞 · 快捷 1 天（$68.30）
 724.1s [6月30日（週一） 下午 7:06]   use "Sleep"
 724.7s [6月30日（週一） 下午 7:06]   click [Sleep] Sleep until 7:00 AM
 728.1s [7月1日（週二） 上午 7:00]   shot 101_month_close_report.png
 728.1s [7月1日（週二） 上午 7:00]   click [month close] Continue
 732.8s [7月1日（週二） 上午 7:07]   use "Packing table"
 733.5s [7月1日（週二） 上午 7:08]   click [Pack] 打包 7 筆訂單（56 分鐘）
 734.4s [7月1日（週二） 上午 8:05]   click [CourierExpress] 快遞 · 快捷 1 天（$68.30）
 736.6s [7月1日（週二） 上午 8:08]   ok  month close ran (June)
 738.1s [7月1日（週二） 上午 8:10]   use "Use laptop — Company OS"
 738.7s [7月1日（週二） 上午 8:11]   click [Tab_finance] Finance
 739.4s [7月1日（週二） 上午 8:12]   shot 102_company_os_finance_july.png
 739.7s [7月1日（週二） 上午 8:13]   ok  Chapter 4 started after the June close
 739.7s [7月1日（週二） 上午 8:13] STEP Chapter 4 — register as an employer at City Hall
 742.4s [7月1日（週二） 上午 8:18]   ok  walked back outside
 751.8s [7月1日（週二） 上午 8:32]   use "捷運——河濱區站"
 752.7s [7月1日（週二） 上午 8:33]   shot 103_metro_civic_center.png
 752.7s [7月1日（週二） 上午 8:33]   click [Go_civic_center] 市政中心  ·  12 分鐘
 753.8s [7月1日（週二） 上午 8:47]   ok  took the Metro to Civic Center
 761.1s [7月1日（週二） 上午 9:18]   ok  entered Aurelia City Hall
 762.9s [7月1日（週二） 上午 9:21]   use "Permits & regulations"
 763.7s [7月1日（週二） 上午 9:22]   shot 104_permits_kiosk.png
 763.7s [7月1日（週二） 上午 9:22]   click [RegisterEmployer] 登記（$150）
 764.6s [7月1日（週二） 上午 9:43]   ok  registered as an employer
 764.6s [7月1日（週二） 上午 9:43] STEP Chapter 4 — post a job, hire, first payroll
 767.6s [7月1日（週二） 上午 9:49]   ok  walked back outside
 773.2s [7月1日（週二） 上午 9:57]   use "捷運——市政中心站"
 774.2s [7月1日（週二） 上午 9:58]   shot 105_metro_riverside.png
 774.2s [7月1日（週二） 上午 9:58]   click [Go_riverside] 河濱區  ·  12 分鐘
 775.2s [7月1日（週二） 上午 10:12]   ok  took the Metro to Riverside
 784.3s [7月1日（週二） 上午 10:26]   ok  entered Riverside Tower
 785.8s [7月1日（週二） 上午 10:28]   use "Use laptop — Company OS"
 786.3s [7月1日（週二） 上午 10:29]   click [Tab_people] People
 787.0s [7月1日（週二） 上午 10:30]   shot 106_people_tab.png
 787.0s [7月1日（週二） 上午 10:30]   click [Post_support] Post job
 787.9s [7月1日（週二） 上午 10:31]   ok  job ad posted
 787.9s [7月1日（週二） 上午 10:31]   (harness) wait 2 h
 791.8s [7月1日（週二） 下午 12:37]   use "Packing table"
 792.5s [7月1日（週二） 下午 12:38]   click [Pack] 打包 1 筆訂單（8 分鐘）
 793.4s [7月1日（週二） 下午 12:47]   click [CourierExpress] 快遞 · 快捷 1 天（$14.90）
 794.4s [7月1日（週二） 下午 12:49]   (harness) wait 2 h
 795.2s [7月1日（週二） 下午 2:50]   use "Packing table"
 795.9s [7月1日（週二） 下午 2:51]   click [Pack] 打包 1 筆訂單（8 分鐘）
 796.8s [7月1日（週二） 下午 3:01]   click [CourierExpress] 快遞 · 快捷 1 天（$14.90）
 797.9s [7月1日（週二） 下午 3:02]   (harness) wait 2 h
 798.5s [7月1日（週二） 下午 5:02]   shot 107_decision_customer_return.png
 798.5s [7月1日（週二） 下午 5:02]   decision customer_return → replace
 798.5s [7月1日（週二） 下午 5:02]   click [Choice_replace] 寄一個新的
 799.9s [7月1日（週二） 下午 5:02]   shot 108_decision_outcome_customer_return.png
 799.9s [7月1日（週二） 下午 5:02]   click "OK"
 800.4s [7月1日（週二） 下午 5:02]   (harness) wait 2 h
 801.1s [7月1日（週二） 下午 7:03]   use "Packing table"
 801.8s [7月1日（週二） 下午 7:04]   click [Pack] 打包 1 筆訂單（8 分鐘）
 802.7s [7月1日（週二） 下午 7:14]   click [CourierExpress] 快遞 · 快捷 1 天（$14.90）
 806.5s [7月1日（週二） 下午 7:19]   use "Sleep"
 807.1s [7月1日（週二） 下午 7:19]   click [Sleep] Sleep until 7:00 AM
 813.2s [7月2日（週三） 上午 7:07]   use "Packing table"
 813.9s [7月2日（週三） 上午 7:08]   click [Pack] 打包 3 筆訂單（24 分鐘）
 814.7s [7月2日（週三） 上午 7:33]   click [CourierExpress] 快遞 · 快捷 1 天（$32.70）
 817.4s [7月2日（週三） 上午 7:37]   use "Use laptop — Company OS"
 817.9s [7月2日（週三） 上午 7:38]   click [Tab_people] People
 818.6s [7月2日（週三） 上午 7:39]   shot 109_applicants.png
 818.6s [7月2日（週三） 上午 7:39]   click [Hire_E1] Hire
 819.5s [7月2日（週三） 上午 7:40]   ok  hired the first employee (Sam Hughes)
 822.6s [7月2日（週三） 下午 7:05]   use "Sleep"
 823.2s [7月2日（週三） 下午 7:05]   click [Sleep] Sleep until 7:00 AM
 829.3s [7月3日（週四） 上午 7:07]   use "Packing table"
 830.0s [7月3日（週四） 上午 7:08]   click [Pack] 打包 10 筆訂單（1 小時 20 分）
 830.9s [7月3日（週四） 上午 8:29]   click [CourierExpress] 快遞 · 快捷 1 天（$95.00）
 836.2s [7月3日（週四） 下午 7:06]   use "Sleep"
 836.8s [7月3日（週四） 下午 7:06]   click [Sleep] Sleep until 7:00 AM
 842.9s [7月4日（週五） 上午 7:07]   use "Packing table"
 843.6s [7月4日（週五） 上午 7:08]   click [Pack] 打包 10 筆訂單（1 小時 20 分）
 844.5s [7月4日（週五） 上午 8:29]   click [CourierExpress] 快遞 · 快捷 1 天（$95.00）
 849.9s [7月4日（週五） 下午 7:06]   use "Sleep"
 850.5s [7月4日（週五） 下午 7:06]   click [Sleep] Sleep until 7:00 AM
 856.6s [7月5日（週六） 上午 7:07]   use "Packing table"
 857.2s [7月5日（週六） 上午 7:08]   click [Pack] 打包 7 筆訂單（56 分鐘）
 858.1s [7月5日（週六） 上午 8:05]   click [CourierExpress] 快遞 · 快捷 1 天（$68.30）
 859.2s [7月5日（週六） 上午 8:07]   ok  first payroll paid
 860.8s [7月5日（週六） 上午 8:09]   use "Use laptop — Company OS"
 861.3s [7月5日（週六） 上午 8:10]   click [Tab_finance] Finance
 862.0s [7月5日（週六） 上午 8:11]   shot 110_cash_forecast.png
 863.4s [7月5日（週六） 上午 8:13]   ok  Chapter 4 complete
 863.4s [7月5日（週六） 上午 8:13] STEP Chapter 5 — Crestline's offer
 866.5s [7月5日（週六） 下午 7:05]   use "Sleep"
 867.1s [7月5日（週六） 下午 7:05]   click [Sleep] Sleep until 7:00 AM
 873.2s [7月6日（週日） 上午 7:07]   use "Packing table"
 873.9s [7月6日（週日） 上午 7:08]   click [Pack] 打包 8 筆訂單（1 小時 4 分）
 874.8s [7月6日（週日） 上午 8:13]   click [CourierExpress] 快遞 · 快捷 1 天（$77.20）
 880.1s [7月6日（週日） 下午 7:06]   use "Sleep"
 880.7s [7月6日（週日） 下午 7:06]   click [Sleep] Sleep until 7:00 AM
 886.8s [7月7日（週一） 上午 7:07]   use "Packing table"
 887.5s [7月7日（週一） 上午 7:08]   click [Pack] 打包 3 筆訂單（24 分鐘）
 888.4s [7月7日（週一） 上午 7:33]   click [CourierExpress] 快遞 · 快捷 1 天（$32.70）
 893.7s [7月7日（週一） 下午 7:06]   use "Sleep"
 894.3s [7月7日（週一） 下午 7:06]   click [Sleep] Sleep until 7:00 AM
 900.4s [7月8日（週二） 上午 7:07]   use "Packing table"
 901.1s [7月8日（週二） 上午 7:08]   click [Pack] 打包 2 筆訂單（16 分鐘）
 902.0s [7月8日（週二） 上午 7:25]   click [CourierExpress] 快遞 · 快捷 1 天（$23.80）
 907.3s [7月8日（週二） 下午 7:06]   use "Sleep"
 907.9s [7月8日（週二） 下午 7:06]   click [Sleep] Sleep until 7:00 AM
 914.0s [7月9日（週三） 上午 7:07]   use "Packing table"
 914.7s [7月9日（週三） 上午 7:08]   click [Pack] 打包 8 筆訂單（1 小時 4 分）
 915.6s [7月9日（週三） 上午 8:13]   click [CourierExpress] 快遞 · 快捷 1 天（$77.20）
 916.8s [7月9日（週三） 下午 7:00]   shot 111_decision_supplier_price_increase.png
 916.8s [7月9日（週三） 下午 7:00]   decision supplier_price_increase → accept
 916.8s [7月9日（週三） 下午 7:00]   click [Choice_accept] 好。繼續跟你進貨。
 918.1s [7月9日（週三） 下午 7:00]   shot 112_decision_outcome_supplier_price_increase.png
 918.1s [7月9日（週三） 下午 7:00]   click "OK"
 922.9s [7月9日（週三） 下午 7:07]   use "Sleep"
 923.5s [7月9日（週三） 下午 7:07]   click [Sleep] Sleep until 7:00 AM
 929.6s [7月10日（週四） 上午 7:07]   use "Packing table"
 930.2s [7月10日（週四） 上午 7:08]   click [Pack] 打包 5 筆訂單（40 分鐘）
 931.1s [7月10日（週四） 上午 7:49]   click [CourierExpress] 快遞 · 快捷 1 天（$50.50）
 933.4s [7月10日（週四） 下午 7:02]   shot 113_decision_crestline_big_offer.png
 933.4s [7月10日（週四） 下午 7:02]   decision crestline_big_offer → review
 933.4s [7月10日（週四） 下午 7:02]   click [Choice_review] 把合約寄來，我看看。
 934.8s [7月10日（週四） 下午 7:02]   shot 114_decision_outcome_crestline_big_offer.png
 934.8s [7月10日（週四） 下午 7:02]   click "OK"
 938.4s [7月10日（週四） 下午 7:07]   use "Sleep"
 939.0s [7月10日（週四） 下午 7:07]   click [Sleep] Sleep until 7:00 AM
 945.1s [7月11日（週五） 上午 7:07]   use "Packing table"
 945.8s [7月11日（週五） 上午 7:08]   click [Pack] 打包 4 筆訂單（32 分鐘）
 946.7s [7月11日（週五） 上午 7:41]   click [CourierExpress] 快遞 · 快捷 1 天（$41.60）
 947.8s [7月11日（週五） 上午 7:43]   ok  Crestline offered the big contract
 949.3s [7月11日（週五） 上午 7:45]   use "Use laptop — Company OS"
 949.9s [7月11日（週五） 上午 7:46]   click [Tab_contracts] 合約 ●
 950.5s [7月11日（週五） 上午 7:47]   shot 115_big_contract_offer.png
 950.5s [7月11日（週五） 上午 7:47]   click [AcceptContract] Accept
 951.6s [7月11日（週五） 上午 7:49]   ok  accepted Crestline's contract
 951.6s [7月11日（週五） 上午 7:49] STEP Chapter 5 — borrow from Marcus Reed at Nexus Bank
 954.2s [7月11日（週五） 上午 7:53]   ok  walked back outside
 963.6s [7月11日（週五） 上午 8:08]   use "捷運——河濱區站"
 964.6s [7月11日（週五） 上午 8:09]   shot 116_metro_financial.png
 964.6s [7月11日（週五） 上午 8:09]   click [Go_financial] 金融區  ·  10 分鐘
 965.6s [7月11日（週五） 上午 8:21]   ok  took the Metro to Financial District
 973.5s [7月11日（週五） 下午 1:17]   ok  entered Nexus Bank
 975.2s [7月11日（週五） 下午 1:20]   use "和 Marcus Reed 說話"
 978.2s [7月11日（週五） 下午 1:20]   choose "› 讓我看看你能借多少。"
 980.1s [7月11日（週五） 下午 1:20]   shot 117_loan_offer.png
 980.1s [7月11日（週五） 下午 1:20]   click [Amt_50] $16,000
 980.3s [7月11日（週五） 下午 1:20]   click [Term_12] 12 個月
 980.5s [7月11日（週五） 下午 1:20]   click [TakeLoan] 借 $16,000
 980.6s [7月11日（週五） 下午 1:20]   click [ConfirmLoan] Confirm loan signing
 980.8s [7月11日（週五） 下午 5:00]   ok  loan signing finishes the same afternoon
 981.4s [7月11日（週五） 下午 5:00]   shot 118_loan_taken.png
 981.7s [7月11日（週五） 下午 5:00]   ok  took a Nexus Bank loan (debt $16,000.00)
 981.7s [7月11日（週五） 下午 5:00] STEP Chapter 5 — order the lamps and deliver
 984.6s [7月11日（週五） 下午 5:05]   ok  walked back outside
 990.7s [7月11日（週五） 下午 5:15]   use "捷運——金融區站"
 991.7s [7月11日（週五） 下午 5:16]   shot 119_metro_riverside.png
 991.7s [7月11日（週五） 下午 5:16]   click [Go_riverside] 河濱區  ·  10 分鐘
 992.7s [7月11日（週五） 下午 5:28]   ok  took the Metro to Riverside
1001.9s [7月11日（週五） 下午 5:41]   ok  entered Riverside Tower
1003.3s [7月11日（週五） 下午 5:43]   use "Use laptop — Company OS"
1003.9s [7月11日（週五） 下午 5:44]   click [Tab_contracts] Contracts
1004.5s [7月11日（週五） 下午 5:45]   click [FillContract] 追加訂購 800 件，向 TradeLink 批發（$9,200）
1005.2s [7月11日（週五） 下午 5:56]   shot 120_contract_restock.png
1008.5s [7月11日（週五） 下午 7:04]   use "Sleep"
1009.1s [7月11日（週五） 下午 7:04]   click [Sleep] Sleep until 7:00 AM
1015.2s [7月12日（週六） 上午 7:07]   use "Packing table"
1015.9s [7月12日（週六） 上午 7:08]   click [Pack] 打包 7 筆訂單（56 分鐘）
1016.8s [7月12日（週六） 上午 8:05]   click [CourierExpress] 快遞 · 快捷 1 天（$68.30）
1022.1s [7月12日（週六） 下午 7:06]   use "Sleep"
1022.7s [7月12日（週六） 下午 7:06]   click [Sleep] Sleep until 7:00 AM
1028.8s [7月13日（週日） 上午 7:07]   use "Packing table"
1029.5s [7月13日（週日） 上午 7:08]   click [Pack] 打包 10 筆訂單（1 小時 20 分）
1030.4s [7月13日（週日） 上午 8:29]   click [CourierExpress] 快遞 · 快捷 1 天（$95.00）
1035.7s [7月13日（週日） 下午 7:06]   use "Sleep"
1036.3s [7月13日（週日） 下午 7:06]   click [Sleep] Sleep until 7:00 AM
1042.4s [7月14日（週一） 上午 7:07]   use "Packing table"
1043.1s [7月14日（週一） 上午 7:08]   click [Pack] 打包 5 筆訂單（40 分鐘）
1044.0s [7月14日（週一） 上午 7:49]   click [CourierExpress] 快遞 · 快捷 1 天（$50.50）
1046.6s [7月14日（週一） 上午 7:53]   use "Use laptop — Company OS"
1047.1s [7月14日（週一） 上午 7:54]   click [Tab_contracts] Contracts
1047.7s [7月14日（週一） 上午 7:55]   click [DeliverContract] 打包並交貨 800 件（B2B 貨運 $40）
1048.6s [7月14日（週一） 上午 9:26]   shot 121_big_contract_delivered.png
1049.0s [7月14日（週一） 上午 9:27]   ok  delivered 800 lamps to Crestline
1050.0s [7月14日（週一） 上午 9:28]   ok  Chapter 5 complete
1050.0s [7月14日（週一） 上午 9:28] STEP Chapter 6 — forecast, early payment, month in the black
1050.2s [7月14日（週一） 上午 9:29]   use "Use laptop — Company OS"
1050.8s [7月14日（週一） 上午 9:29]   click [Tab_finance] Finance
1051.5s [7月14日（週一） 上午 9:30]   shot 122_cash_forecast_ch6.png
1051.5s [7月14日（週一） 上午 9:30]   click [Tab_contracts] Contracts
1052.0s [7月14日（週一） 上午 9:31]   click [EarlyPayment] 請對方提前付款（折 3%：現在拿 $21,728）
1052.7s [7月14日（週一） 上午 9:32]   shot 123_early_payment.png
1053.1s [7月14日（週一） 上午 9:33]   ok  Crestline paid early (3% discount)
1056.2s [7月14日（週一） 下午 7:05]   use "Sleep"
1056.8s [7月14日（週一） 下午 7:05]   click [Sleep] Sleep until 7:00 AM
1062.9s [7月15日（週二） 上午 7:07]   use "Packing table"
1063.6s [7月15日（週二） 上午 7:08]   click [Pack] 打包 11 筆訂單（1 小時 28 分）
1064.5s [7月15日（週二） 上午 8:37]   click [CourierExpress] 快遞 · 快捷 1 天（$103.90）
1065.7s [7月15日（週二） 下午 7:00]   shot 124_decision_elena_offer.png
1065.7s [7月15日（週二） 下午 7:00]   decision elena_offer → accept
1065.7s [7月15日（週二） 下午 7:00]   click [Choice_accept] 以 20% 股份換 $40,000
1067.1s [7月15日（週二） 下午 7:00]   shot 125_decision_outcome_elena_offer.png
1067.1s [7月15日（週二） 下午 7:00]   click "OK"
1071.9s [7月15日（週二） 下午 7:07]   use "Sleep"
1072.5s [7月15日（週二） 下午 7:07]   click [Sleep] Sleep until 7:00 AM
1078.6s [7月16日（週三） 上午 7:07]   use "Packing table"
1079.3s [7月16日（週三） 上午 7:08]   click [Pack] 打包 6 筆訂單（48 分鐘）
1080.1s [7月16日（週三） 上午 7:57]   click [CourierExpress] 快遞 · 快捷 1 天（$59.40）
1085.5s [7月16日（週三） 下午 7:06]   use "Sleep"
1086.1s [7月16日（週三） 下午 7:06]   click [Sleep] Sleep until 7:00 AM
1092.2s [7月17日（週四） 上午 7:07]   use "Packing table"
1092.9s [7月17日（週四） 上午 7:08]   click [Pack] 打包 2 筆訂單（16 分鐘）
1093.8s [7月17日（週四） 上午 7:25]   click [CourierExpress] 快遞 · 快捷 1 天（$23.80）
1099.1s [7月17日（週四） 下午 7:06]   use "Sleep"
1099.7s [7月17日（週四） 下午 7:06]   click [Sleep] Sleep until 7:00 AM
1105.8s [7月18日（週五） 上午 7:07]   use "Packing table"
1106.5s [7月18日（週五） 上午 7:08]   click [Pack] 打包 4 筆訂單（32 分鐘）
1107.4s [7月18日（週五） 上午 7:41]   click [CourierExpress] 快遞 · 快捷 1 天（$41.60）
1112.7s [7月18日（週五） 下午 7:06]   use "Sleep"
1113.3s [7月18日（週五） 下午 7:06]   click [Sleep] Sleep until 7:00 AM
1119.4s [7月19日（週六） 上午 7:07]   use "Packing table"
1120.1s [7月19日（週六） 上午 7:08]   click [Pack] 打包 8 筆訂單（1 小時 4 分）
1121.0s [7月19日（週六） 上午 8:13]   click [CourierExpress] 快遞 · 快捷 1 天（$77.20）
1126.3s [7月19日（週六） 下午 7:06]   use "Sleep"
1126.9s [7月19日（週六） 下午 7:06]   click [Sleep] Sleep until 7:00 AM
1133.0s [7月20日（週日） 上午 7:07]   use "Packing table"
1133.7s [7月20日（週日） 上午 7:08]   click [Pack] 打包 5 筆訂單（40 分鐘）
1134.6s [7月20日（週日） 上午 7:49]   click [CourierExpress] 快遞 · 快捷 1 天（$50.50）
1139.9s [7月20日（週日） 下午 7:06]   use "Sleep"
1140.5s [7月20日（週日） 下午 7:06]   click [Sleep] Sleep until 7:00 AM
1146.6s [7月21日（週一） 上午 7:07]   use "Packing table"
1147.3s [7月21日（週一） 上午 7:08]   click [Pack] 打包 8 筆訂單（1 小時 4 分）
1148.2s [7月21日（週一） 上午 8:13]   click [CourierExpress] 快遞 · 快捷 1 天（$77.20）
1153.5s [7月21日（週一） 下午 7:06]   use "Sleep"
1154.1s [7月21日（週一） 下午 7:06]   click [Sleep] Sleep until 7:00 AM
1160.2s [7月22日（週二） 上午 7:07]   use "Packing table"
1160.9s [7月22日（週二） 上午 7:08]   click [Pack] 打包 5 筆訂單（40 分鐘）
1161.8s [7月22日（週二） 上午 7:49]   click [CourierExpress] 快遞 · 快捷 1 天（$50.50）
1167.2s [7月22日（週二） 下午 7:06]   use "Sleep"
1167.8s [7月22日（週二） 下午 7:06]   click [Sleep] Sleep until 7:00 AM
1173.9s [7月23日（週三） 上午 7:07]   use "Packing table"
1174.6s [7月23日（週三） 上午 7:08]   click [Pack] 打包 3 筆訂單（24 分鐘）
1175.4s [7月23日（週三） 上午 7:33]   click [CourierExpress] 快遞 · 快捷 1 天（$32.70）
1180.8s [7月23日（週三） 下午 7:06]   use "Sleep"
1181.4s [7月23日（週三） 下午 7:06]   click [Sleep] Sleep until 7:00 AM
1187.5s [7月24日（週四） 上午 7:07]   use "Packing table"
1188.2s [7月24日（週四） 上午 7:08]   click [Pack] 打包 5 筆訂單（40 分鐘）
1189.1s [7月24日（週四） 上午 7:49]   click [CourierExpress] 快遞 · 快捷 1 天（$50.50）
1194.4s [7月24日（週四） 下午 7:06]   use "Sleep"
1195.0s [7月24日（週四） 下午 7:06]   click [Sleep] Sleep until 7:00 AM
1201.1s [7月25日（週五） 上午 7:07]   use "Packing table"
1201.8s [7月25日（週五） 上午 7:08]   click [Pack] 打包 6 筆訂單（48 分鐘）
1202.7s [7月25日（週五） 上午 7:57]   click [CourierExpress] 快遞 · 快捷 1 天（$59.40）
1208.0s [7月25日（週五） 下午 7:06]   use "Sleep"
1208.6s [7月25日（週五） 下午 7:06]   click [Sleep] Sleep until 7:00 AM
1214.7s [7月26日（週六） 上午 7:07]   use "Packing table"
1215.4s [7月26日（週六） 上午 7:08]   click [Pack] 打包 5 筆訂單（40 分鐘）
1216.3s [7月26日（週六） 上午 7:49]   click [CourierExpress] 快遞 · 快捷 1 天（$50.50）
1221.7s [7月26日（週六） 下午 7:06]   use "Sleep"
1222.3s [7月26日（週六） 下午 7:06]   click [Sleep] Sleep until 7:00 AM
1228.3s [7月27日（週日） 上午 7:07]   use "Packing table"
1229.0s [7月27日（週日） 上午 7:08]   click [Pack] 打包 5 筆訂單（40 分鐘）
1229.9s [7月27日（週日） 上午 7:49]   click [CourierExpress] 快遞 · 快捷 1 天（$50.50）
1235.3s [7月27日（週日） 下午 7:06]   use "Sleep"
1235.9s [7月27日（週日） 下午 7:06]   click [Sleep] Sleep until 7:00 AM
1242.0s [7月28日（週一） 上午 7:07]   use "Packing table"
1242.7s [7月28日（週一） 上午 7:08]   click [Pack] 打包 9 筆訂單（1 小時 12 分）
1243.5s [7月28日（週一） 上午 8:21]   click [CourierExpress] 快遞 · 快捷 1 天（$86.10）
1248.9s [7月28日（週一） 下午 7:06]   use "Sleep"
1250.8s [7月28日（週一） 下午 7:09]   click [Sleep] Sleep until 7:00 AM
1256.9s [7月29日（週二） 上午 7:07]   use "Packing table"
1257.6s [7月29日（週二） 上午 7:08]   click [Pack] 打包 12 筆訂單（1 小時 36 分）
1258.5s [7月29日（週二） 上午 8:45]   click [CourierExpress] 快遞 · 快捷 1 天（$112.80）
1263.8s [7月29日（週二） 下午 7:06]   use "Sleep"
1264.4s [7月29日（週二） 下午 7:06]   click [Sleep] Sleep until 7:00 AM
1270.5s [7月30日（週三） 上午 7:07]   use "Packing table"
1271.2s [7月30日（週三） 上午 7:08]   click [Pack] 打包 9 筆訂單（1 小時 12 分）
1272.1s [7月30日（週三） 上午 8:21]   click [CourierExpress] 快遞 · 快捷 1 天（$86.10）
1273.3s [7月30日（週三） 下午 7:00]   shot 126_decision_supplier_price_increase.png
1273.3s [7月30日（週三） 下午 7:00]   decision supplier_price_increase → accept
1273.3s [7月30日（週三） 下午 7:00]   click [Choice_accept] 好。繼續跟你進貨。
1274.6s [7月30日（週三） 下午 7:00]   shot 127_decision_outcome_supplier_price_increase.png
1274.6s [7月30日（週三） 下午 7:00]   click "OK"
1279.4s [7月30日（週三） 下午 7:07]   use "Sleep"
1280.0s [7月30日（週三） 下午 7:07]   click [Sleep] Sleep until 7:00 AM
1286.1s [7月31日（週四） 上午 7:07]   use "Packing table"
1286.8s [7月31日（週四） 上午 7:08]   click [Pack] 打包 4 筆訂單（32 分鐘）
1287.7s [7月31日（週四） 上午 7:41]   click [CourierExpress] 快遞 · 快捷 1 天（$41.60）
1293.0s [7月31日（週四） 下午 7:06]   use "Sleep"
1293.7s [7月31日（週四） 下午 7:06]   click [Sleep] Sleep until 7:00 AM
1297.1s [8月1日（週五） 上午 7:00]   shot 128_month_close_report.png
1297.1s [8月1日（週五） 上午 7:00]   click [month close] Continue
1301.8s [8月1日（週五） 上午 7:07]   use "Packing table"
1302.5s [8月1日（週五） 上午 7:08]   click [Pack] 打包 4 筆訂單（32 分鐘）
1303.4s [8月1日（週五） 上午 7:41]   click [CourierExpress] 快遞 · 快捷 1 天（$70.08）
1305.5s [8月1日（週五） 上午 7:44]   ok  Chapter 6 complete
1305.5s [8月1日（週五） 上午 7:44]   ok  ledger balanced after chapters 4–6
1305.5s [8月1日（週五） 上午 7:44]   ok  Chapter 7 started after Chapter 6
1305.5s [8月1日（週五） 上午 7:44]   ok  Year 3: the Supply Shock
1305.5s [8月1日（週五） 上午 7:44] STEP Chapter 7 — the news, and Ken's options
1308.0s [8月1日（週五） 上午 7:49]   ok  walked back outside
1311.3s [8月1日（週五） 上午 7:54]   ok  entered Bloom Coffee
1313.0s [8月1日（週五） 上午 7:56]   use "Read the news board"
1313.8s [8月1日（週五） 上午 8:01]   shot 129_news_supply_shock.png
1314.1s [8月1日（週五） 上午 8:01]   ok  read the news (supply_shock)
1317.1s [8月1日（週五） 上午 8:06]   ok  walked back outside
1320.2s [8月1日（週五） 上午 8:11]   ok  entered Riverside Tower
1322.1s [8月1日（週五） 下午 7:03]   use "Sleep"
1322.7s [8月1日（週五） 下午 7:03]   click [Sleep] Sleep until 7:00 AM
1328.9s [8月2日（週六） 上午 7:07]   use "Packing table"
1329.6s [8月2日（週六） 上午 7:08]   click [Pack] 打包 7 筆訂單（56 分鐘）
1330.4s [8月2日（週六） 上午 8:05]   click [CourierExpress] 快遞 · 快捷 1 天（$118.14）
1335.8s [8月2日（週六） 下午 7:06]   use "Sleep"
1336.4s [8月2日（週六） 下午 7:06]   click [Sleep] Sleep until 7:00 AM
1342.5s [8月3日（週日） 上午 7:07]   use "Packing table"
1343.2s [8月3日（週日） 上午 7:08]   click [Pack] 打包 5 筆訂單（40 分鐘）
1344.1s [8月3日（週日） 上午 7:49]   click [CourierExpress] 快遞 · 快捷 1 天（$86.10）
1345.2s [8月3日（週日） 下午 7:00]   shot 130_decision_supply_shock_plan.png
1345.2s [8月3日（週日） 下午 7:00]   decision supply_shock_plan → local
1345.2s [8月3日（週日） 下午 7:00]   click [Choice_local] 加一個在地備援：奧瑞莉亞職人合作社
1346.6s [8月3日（週日） 下午 7:00]   shot 131_decision_outcome_supply_shock_plan.png
1346.6s [8月3日（週日） 下午 7:00]   click "OK"
1351.4s [8月3日（週日） 下午 7:07]   use "Sleep"
1352.0s [8月3日（週日） 下午 7:07]   click [Sleep] Sleep until 7:00 AM
1358.1s [8月4日（週一） 上午 7:07]   use "Packing table"
1358.7s [8月4日（週一） 上午 7:08]   click [Pack] 打包 4 筆訂單（32 分鐘）
1359.6s [8月4日（週一） 上午 7:41]   click [CourierExpress] 快遞 · 快捷 1 天（$70.08）
1360.7s [8月4日（週一） 上午 7:43]   ok  the local co-op is a supplier now
1360.7s [8月4日（週一） 上午 7:43] STEP Chapter 7 — order from the co-op, raise a price
1362.2s [8月4日（週一） 上午 7:45]   use "Use laptop — Company OS"
1362.8s [8月4日（週一） 上午 7:46]   click [Tab_operations] Operations
1363.5s [8月4日（週一） 上午 7:47]   shot 132_operations_supply_shock.png
1363.5s [8月4日（週一） 上午 7:47]   click [Buy_aurelia_makers_desk_lamp] 購買 $417
1364.1s [8月4日（週一） 上午 7:58]   click [Buy_aurelia_makers_desk_lamp] 購買 $417
1364.6s [8月4日（週一） 上午 8:09]   click [Tab_sales] Sales
1365.2s [8月4日（週一） 上午 8:10]   click [PriceUp_desk_lamp] +
1366.7s [8月4日（週一） 上午 8:12]   ok  stocked and repriced
1369.9s [8月4日（週一） 下午 7:05]   use "Sleep"
1370.5s [8月4日（週一） 下午 7:05]   click [Sleep] Sleep until 7:00 AM
1376.6s [8月5日（週二） 上午 7:07]   use "Packing table"
1377.2s [8月5日（週二） 上午 7:08]   click [Pack] 打包 8 筆訂單（1 小時 4 分）
1378.1s [8月5日（週二） 上午 8:13]   click [CourierExpress] 快遞 · 快捷 1 天（$134.16）
1383.5s [8月5日（週二） 下午 7:06]   use "Sleep"
1384.1s [8月5日（週二） 下午 7:06]   click [Sleep] Sleep until 7:00 AM
1390.2s [8月6日（週三） 上午 7:07]   use "Packing table"
1390.8s [8月6日（週三） 上午 7:08]   click [Pack] 打包 7 筆訂單（56 分鐘）
1391.7s [8月6日（週三） 上午 8:05]   click [CourierExpress] 快遞 · 快捷 1 天（$118.14）
1397.1s [8月6日（週三） 下午 7:06]   use "Sleep"
1397.7s [8月6日（週三） 下午 7:06]   click [Sleep] Sleep until 7:00 AM
1403.8s [8月7日（週四） 上午 7:07]   use "Packing table"
1404.5s [8月7日（週四） 上午 7:08]   click [Pack] 打包 7 筆訂單（56 分鐘）
1405.3s [8月7日（週四） 上午 8:05]   click [CourierExpress] 快遞 · 快捷 1 天（$118.14）
1410.7s [8月7日（週四） 下午 7:06]   use "Sleep"
1411.3s [8月7日（週四） 下午 7:06]   click [Sleep] Sleep until 7:00 AM
1417.4s [8月8日（週五） 上午 7:07]   use "Packing table"
1418.1s [8月8日（週五） 上午 7:08]   click [Pack] 打包 2 筆訂單（16 分鐘）
1419.0s [8月8日（週五） 上午 7:25]   click [CourierExpress] 快遞 · 快捷 1 天（$38.04）
1424.3s [8月8日（週五） 下午 7:06]   use "Sleep"
1424.9s [8月8日（週五） 下午 7:06]   click [Sleep] Sleep until 7:00 AM
1431.0s [8月9日（週六） 上午 7:07]   use "Packing table"
1431.7s [8月9日（週六） 上午 7:08]   click [Pack] 打包 7 筆訂單（56 分鐘）
1432.6s [8月9日（週六） 上午 8:05]   click [CourierExpress] 快遞 · 快捷 1 天（$118.14）
1438.0s [8月9日（週六） 下午 7:06]   use "Sleep"
1438.6s [8月9日（週六） 下午 7:06]   click [Sleep] Sleep until 7:00 AM
1444.7s [8月10日（週日） 上午 7:07]   use "Packing table"
1445.4s [8月10日（週日） 上午 7:08]   click [Pack] 打包 3 筆訂單（24 分鐘）
1446.3s [8月10日（週日） 上午 7:33]   click [CourierExpress] 快遞 · 快捷 1 天（$54.06）
1451.6s [8月10日（週日） 下午 7:06]   use "Sleep"
1452.2s [8月10日（週日） 下午 7:06]   click [Sleep] Sleep until 7:00 AM
1458.3s [8月11日（週一） 上午 7:07]   use "Packing table"
1459.0s [8月11日（週一） 上午 7:08]   click [Pack] 打包 2 筆訂單（16 分鐘）
1459.9s [8月11日（週一） 上午 7:25]   click [CourierExpress] 快遞 · 快捷 1 天（$38.04）
1465.2s [8月11日（週一） 下午 7:06]   use "Sleep"
1465.8s [8月11日（週一） 下午 7:06]   click [Sleep] Sleep until 7:00 AM
1471.9s [8月12日（週二） 上午 7:07]   use "Packing table"
1472.6s [8月12日（週二） 上午 7:08]   click [Pack] 打包 2 筆訂單（16 分鐘）
1473.5s [8月12日（週二） 上午 7:25]   click [CourierExpress] 快遞 · 快捷 1 天（$38.04）
1478.9s [8月12日（週二） 下午 7:06]   use "Sleep"
1479.5s [8月12日（週二） 下午 7:06]   click [Sleep] Sleep until 7:00 AM
1485.6s [8月13日（週三） 上午 7:07]   use "Packing table"
1486.2s [8月13日（週三） 上午 7:08]   click [Pack] 打包 2 筆訂單（16 分鐘）
1487.1s [8月13日（週三） 上午 7:25]   click [CourierExpress] 快遞 · 快捷 1 天（$38.04）
1492.5s [8月13日（週三） 下午 7:06]   use "Sleep"
1493.1s [8月13日（週三） 下午 7:06]   click [Sleep] Sleep until 7:00 AM
1499.1s [8月14日（週四） 上午 7:07]   use "Packing table"
1499.8s [8月14日（週四） 上午 7:08]   click [Pack] 打包 2 筆訂單（16 分鐘）
1500.7s [8月14日（週四） 上午 7:25]   click [CourierExpress] 快遞 · 快捷 1 天（$38.04）
1506.1s [8月14日（週四） 下午 7:06]   use "Sleep"
1506.7s [8月14日（週四） 下午 7:06]   click [Sleep] Sleep until 7:00 AM
1512.8s [8月15日（週五） 上午 7:07]   use "Packing table"
1513.5s [8月15日（週五） 上午 7:08]   click [Pack] 打包 3 筆訂單（24 分鐘）
1514.4s [8月15日（週五） 上午 7:33]   click [CourierExpress] 快遞 · 快捷 1 天（$54.06）
1519.8s [8月15日（週五） 下午 7:06]   use "Sleep"
1520.4s [8月15日（週五） 下午 7:06]   click [Sleep] Sleep until 7:00 AM
1526.5s [8月16日（週六） 上午 7:07]   use "Packing table"
1527.2s [8月16日（週六） 上午 7:08]   click [Pack] 打包 4 筆訂單（32 分鐘）
1528.1s [8月16日（週六） 上午 7:41]   click [CourierExpress] 快遞 · 快捷 1 天（$70.08）
1533.4s [8月16日（週六） 下午 7:06]   use "Sleep"
1534.0s [8月16日（週六） 下午 7:06]   click [Sleep] Sleep until 7:00 AM
1536.0s [8月17日（週日） 下午 7:01]   use "Sleep"
1536.6s [8月17日（週日） 下午 7:01]   click [Sleep] Sleep until 7:00 AM
1538.6s [8月18日（週一） 下午 7:01]   use "Sleep"
1539.2s [8月18日（週一） 下午 7:01]   click [Sleep] Sleep until 7:00 AM
1541.1s [8月19日（週二） 下午 7:01]   use "Sleep"
1541.7s [8月19日（週二） 下午 7:01]   click [Sleep] Sleep until 7:00 AM
1543.6s [8月20日（週三） 下午 7:00]   shot 133_decision_supplier_price_increase.png
1543.6s [8月20日（週三） 下午 7:00]   decision supplier_price_increase → accept
1543.6s [8月20日（週三） 下午 7:00]   click [Choice_accept] 好。繼續跟你進貨。
1545.0s [8月20日（週三） 下午 7:00]   shot 134_decision_outcome_supplier_price_increase.png
1545.0s [8月20日（週三） 下午 7:00]   click "OK"
1545.6s [8月20日（週三） 下午 7:00]   use "Sleep"
1546.2s [8月20日（週三） 下午 7:00]   click [Sleep] Sleep until 7:00 AM
1550.1s [8月21日（週四） 下午 7:04]   use "Sleep"
1550.7s [8月21日（週四） 下午 7:04]   click [Sleep] Sleep until 7:00 AM
1552.6s [8月22日（週五） 下午 7:01]   use "Sleep"
1553.2s [8月22日（週五） 下午 7:01]   click [Sleep] Sleep until 7:00 AM
1555.2s [8月23日（週六） 下午 7:01]   use "Sleep"
1555.8s [8月23日（週六） 下午 7:01]   click [Sleep] Sleep until 7:00 AM
1557.8s [8月24日（週日） 下午 7:01]   use "Sleep"
1558.4s [8月24日（週日） 下午 7:01]   click [Sleep] Sleep until 7:00 AM
1560.3s [8月25日（週一） 下午 7:01]   use "Sleep"
1560.9s [8月25日（週一） 下午 7:01]   click [Sleep] Sleep until 7:00 AM
1564.8s [8月26日（週二） 下午 7:03]   use "Sleep"
1565.4s [8月26日（週二） 下午 7:04]   click [Sleep] Sleep until 7:00 AM
1567.3s [8月27日（週三） 下午 7:01]   use "Sleep"
1567.9s [8月27日（週三） 下午 7:01]   click [Sleep] Sleep until 7:00 AM
1569.9s [8月28日（週四） 下午 7:01]   use "Sleep"
1570.5s [8月28日（週四） 下午 7:01]   click [Sleep] Sleep until 7:00 AM
1572.5s [8月29日（週五） 下午 7:01]   use "Sleep"
1573.1s [8月29日（週五） 下午 7:01]   click [Sleep] Sleep until 7:00 AM
1575.0s [8月30日（週六） 下午 7:01]   use "Sleep"
1575.6s [8月30日（週六） 下午 7:01]   click [Sleep] Sleep until 7:00 AM
1579.5s [8月31日（週日） 下午 7:04]   use "Sleep"
1580.1s [8月31日（週日） 下午 7:04]   click [Sleep] Sleep until 7:00 AM
1583.5s [9月1日（週一） 上午 7:00]   shot 135_month_close_report.png
1583.5s [9月1日（週一） 上午 7:00]   click [month close] Continue
1584.1s [9月1日（週一） 下午 7:00]   use "Sleep"
1584.7s [9月1日（週一） 下午 7:00]   click [Sleep] Sleep until 7:00 AM
1586.7s [9月2日（週二） 下午 7:01]   use "Sleep"
1587.3s [9月2日（週二） 下午 7:01]   click [Sleep] Sleep until 7:00 AM
1589.2s [9月3日（週三） 下午 7:01]   use "Sleep"
1589.8s [9月3日（週三） 下午 7:01]   click [Sleep] Sleep until 7:00 AM
1591.8s [9月4日（週四） 下午 7:01]   use "Sleep"
1592.4s [9月4日（週四） 下午 7:01]   click [Sleep] Sleep until 7:00 AM
1596.2s [9月5日（週五） 下午 7:03]   use "Sleep"
1596.8s [9月5日（週五） 下午 7:04]   click [Sleep] Sleep until 7:00 AM
1598.8s [9月6日（週六） 下午 7:01]   use "Sleep"
1599.4s [9月6日（週六） 下午 7:01]   click [Sleep] Sleep until 7:00 AM
1601.4s [9月7日（週日） 下午 7:01]   use "Sleep"
1602.0s [9月7日（週日） 下午 7:01]   click [Sleep] Sleep until 7:00 AM
1603.9s [9月8日（週一） 下午 7:01]   use "Sleep"
1604.5s [9月8日（週一） 下午 7:01]   click [Sleep] Sleep until 7:00 AM
1606.5s [9月9日（週二） 下午 7:01]   use "Sleep"
1607.1s [9月9日（週二） 下午 7:01]   click [Sleep] Sleep until 7:00 AM
1611.0s [9月10日（週三） 下午 7:03]   use "Sleep"
1611.6s [9月10日（週三） 下午 7:04]   click [Sleep] Sleep until 7:00 AM
1613.5s [9月11日（週四） 下午 7:01]   use "Sleep"
1614.1s [9月11日（週四） 下午 7:01]   click [Sleep] Sleep until 7:00 AM
1616.1s [9月12日（週五） 下午 7:01]   use "Sleep"
1616.7s [9月12日（週五） 下午 7:01]   click [Sleep] Sleep until 7:00 AM
1618.7s [9月13日（週六） 下午 7:01]   use "Sleep"
1619.3s [9月13日（週六） 下午 7:01]   click [Sleep] Sleep until 7:00 AM
1621.2s [9月14日（週日） 下午 7:01]   use "Sleep"
1621.8s [9月14日（週日） 下午 7:01]   click [Sleep] Sleep until 7:00 AM
1623.7s [9月15日（週一） 下午 7:00]   shot 136_decision_supplier_price_increase.png
1623.7s [9月15日（週一） 下午 7:00]   decision supplier_price_increase → accept
1623.7s [9月15日（週一） 下午 7:00]   click [Choice_accept] 好。繼續跟你進貨。
1625.1s [9月15日（週一） 下午 7:00]   shot 137_decision_outcome_supplier_price_increase.png
1625.1s [9月15日（週一） 下午 7:00]   click "OK"
1627.6s [9月15日（週一） 下午 7:03]   use "Sleep"
1628.2s [9月15日（週一） 下午 7:03]   click [Sleep] Sleep until 7:00 AM
1630.2s [9月16日（週二） 下午 7:01]   use "Sleep"
1630.8s [9月16日（週二） 下午 7:01]   click [Sleep] Sleep until 7:00 AM
1632.7s [9月17日（週三） 下午 7:01]   use "Sleep"
1633.3s [9月17日（週三） 下午 7:01]   click [Sleep] Sleep until 7:00 AM
1635.3s [9月18日（週四） 下午 7:01]   use "Sleep"
1635.9s [9月18日（週四） 下午 7:01]   click [Sleep] Sleep until 7:00 AM
1637.9s [9月19日（週五） 下午 7:01]   use "Sleep"
1638.5s [9月19日（週五） 下午 7:01]   click [Sleep] Sleep until 7:00 AM
1642.3s [9月20日（週六） 下午 7:03]   use "Sleep"
1642.9s [9月20日（週六） 下午 7:04]   click [Sleep] Sleep until 7:00 AM
1644.9s [9月21日（週日） 下午 7:01]   use "Sleep"
1645.5s [9月21日（週日） 下午 7:01]   click [Sleep] Sleep until 7:00 AM
1647.4s [9月22日（週一） 下午 7:01]   use "Sleep"
1648.0s [9月22日（週一） 下午 7:01]   click [Sleep] Sleep until 7:00 AM
1650.0s [9月23日（週二） 下午 7:01]   use "Sleep"
1650.6s [9月23日（週二） 下午 7:01]   click [Sleep] Sleep until 7:00 AM
1652.6s [9月24日（週三） 下午 7:01]   use "Sleep"
1653.2s [9月24日（週三） 下午 7:01]   click [Sleep] Sleep until 7:00 AM
1657.0s [9月25日（週四） 下午 7:03]   use "Sleep"
1657.6s [9月25日（週四） 下午 7:04]   click [Sleep] Sleep until 7:00 AM
1659.6s [9月26日（週五） 下午 7:01]   use "Sleep"
1660.2s [9月26日（週五） 下午 7:01]   click [Sleep] Sleep until 7:00 AM
1662.2s [9月27日（週六） 下午 7:01]   use "Sleep"
1662.8s [9月27日（週六） 下午 7:01]   click [Sleep] Sleep until 7:00 AM
1664.7s [9月28日（週日） 下午 7:01]   use "Sleep"
1665.3s [9月28日（週日） 下午 7:01]   click [Sleep] Sleep until 7:00 AM
1667.3s [9月29日（週一） 下午 7:01]   use "Sleep"
1667.9s [9月29日（週一） 下午 7:01]   click [Sleep] Sleep until 7:00 AM
1671.7s [9月30日（週二） 下午 7:03]   use "Sleep"
1672.3s [9月30日（週二） 下午 7:04]   click [Sleep] Sleep until 7:00 AM
1675.8s [10月1日（週三） 上午 7:00]   shot 138_month_close_report.png
1675.8s [10月1日（週三） 上午 7:00]   click [month close] Continue
1676.2s [10月1日（週三） 上午 7:00]   ok  Chapter 7 complete
1676.2s [10月1日（週三） 上午 7:00] STEP Chapter 8 — the Green Shift
1676.2s [10月1日（週三） 上午 7:00]   ok  Year 4: the Green Shift
1679.3s [10月1日（週三） 上午 7:06]   ok  walked back outside
1682.7s [10月1日（週三） 上午 7:11]   ok  entered Bloom Coffee
1684.4s [10月1日（週三） 上午 7:13]   use "Read the news board"
1685.1s [10月1日（週三） 上午 7:18]   shot 139_news_green_shift.png
1685.5s [10月1日（週三） 上午 7:18]   ok  read the news (green_shift)
1688.5s [10月1日（週三） 上午 7:23]   ok  walked back outside
1691.6s [10月1日（週三） 上午 7:28]   ok  entered Riverside Tower
1693.0s [10月1日（週三） 上午 7:30]   use "Use laptop — Company OS"
1693.6s [10月1日（週三） 上午 7:31]   click [Tab_operations] Operations
1694.3s [10月1日（週三） 上午 7:32]   click [Packaging_recycled] Recycled paper
1694.7s [10月1日（週三） 上午 7:33]   click [Buy_verdant_supply_solar_lamp] 購買 $504
1695.3s [10月1日（週三） 上午 7:44]   shot 140_operations_green.png
1695.7s [10月1日（週三） 上午 7:44]   ok  recycled packaging
1698.6s [10月1日（週三） 下午 7:05]   use "Sleep"
1699.2s [10月1日（週三） 下午 7:05]   click [Sleep] Sleep until 7:00 AM
1701.2s [10月2日（週四） 下午 7:01]   use "Sleep"
1701.8s [10月2日（週四） 下午 7:01]   click [Sleep] Sleep until 7:00 AM
1703.8s [10月3日（週五） 下午 7:01]   use "Sleep"
1704.4s [10月3日（週五） 下午 7:01]   click [Sleep] Sleep until 7:00 AM
1706.3s [10月4日（週六） 下午 7:01]   use "Sleep"
1706.9s [10月4日（週六） 下午 7:01]   click [Sleep] Sleep until 7:00 AM
1708.7s [10月5日（週日） 上午 7:00]   ok  solar desk lamps arrived before listing
1709.8s [10月5日（週日） 上午 7:02]   use "Use laptop — Company OS"
1710.4s [10月5日（週日） 上午 7:03]   click [Tab_sales] Sales
1711.0s [10月5日（週日） 上午 7:04]   click [ListSelf_solar_lamp] Shoot photos myself & list (1 h 20 min)
1712.2s [10月5日（週日） 上午 8:26]   ok  solar desk lamps listed
1712.2s [10月5日（週日） 上午 8:26] STEP Chapter 8 — the Green Business Grant at City Hall
1712.2s [10月5日（週日） 上午 8:26]   (harness) wait 2 h
1712.8s [10月5日（週日） 上午 10:26]   (harness) wait 2 h
1713.4s [10月5日（週日） 下午 12:27]   (harness) wait 2 h
1714.0s [10月5日（週日） 下午 2:28]   (harness) wait 2 h
1714.6s [10月5日（週日） 下午 4:29]   (harness) wait 2 h
1715.2s [10月5日（週日） 下午 6:30]   (harness) wait 2 h
1718.6s [10月5日（週日） 下午 8:35]   use "Sleep"
1719.2s [10月5日（週日） 下午 8:35]   click [Sleep] Sleep until 7:00 AM
1721.0s [10月6日（週一） 上午 7:00]   (harness) wait 2 h
1724.7s [10月6日（週一） 上午 9:07]   ok  walked back outside
1734.1s [10月6日（週一） 上午 9:21]   use "捷運——河濱區站"
1735.1s [10月6日（週一） 上午 9:22]   shot 141_metro_civic_center.png
1735.1s [10月6日（週一） 上午 9:22]   click [Go_civic_center] 市政中心  ·  12 分鐘
1736.1s [10月6日（週一） 上午 9:36]   ok  took the Metro to Civic Center
1743.1s [10月6日（週一） 上午 9:47]   ok  entered Aurelia City Hall
1744.9s [10月6日（週一） 上午 9:49]   use "Permits & regulations"
1745.7s [10月6日（週一） 上午 9:50]   shot 142_green_grant.png
1745.7s [10月6日（週一） 上午 9:50]   click [ApplyGreenGrant] Apply
1746.5s [10月6日（週一） 上午 10:22]   ok  green grant approved
1747.5s [10月6日（週一） 上午 10:23]   ok  Chapter 8 complete
1747.5s [10月6日（週一） 上午 10:23] STEP Chapter 9 — the Clearing Crisis: an import stuck on the wire
1747.5s [10月6日（週一） 上午 10:23]   ok  Year 5: the Clearing Crisis
1750.5s [10月6日（週一） 上午 10:29]   ok  walked back outside
1756.1s [10月6日（週一） 上午 10:37]   use "捷運——市政中心站"
1757.1s [10月6日（週一） 上午 10:38]   shot 143_metro_riverside.png
1757.1s [10月6日（週一） 上午 10:38]   click [Go_riverside] 河濱區  ·  12 分鐘
1758.1s [10月6日（週一） 上午 10:52]   ok  took the Metro to Riverside
1765.6s [10月6日（週一） 上午 11:03]   ok  entered Bloom Coffee
1767.3s [10月6日（週一） 上午 11:06]   use "Read the news board"
1768.1s [10月6日（週一） 上午 11:11]   shot 144_news_clearing_crisis.png
1768.4s [10月6日（週一） 上午 11:11]   ok  read the news (clearing_crisis)
1771.4s [10月6日（週一） 上午 11:16]   ok  walked back outside
1774.5s [10月6日（週一） 上午 11:21]   ok  entered Riverside Tower
1776.0s [10月6日（週一） 上午 11:23]   use "Use laptop — Company OS"
1776.6s [10月6日（週一） 上午 11:24]   click [Tab_operations] Operations
1777.2s [10月6日（週一） 上午 11:25]   click [Buy_lumina_direct_phone_stand] 購買 $884
1778.0s [10月6日（週一） 上午 11:26]   shot 145_settlement_choice.png
1778.0s [10月6日（週一） 上午 11:26]   click [Settle_international_wire] Pay this way
1778.9s [10月6日（週一） 上午 11:28]   ok  import ordered, paid by wire
1778.9s [10月6日（週一） 上午 11:28] STEP Chapter 9 — Lina Zhao at Nexus Bank
1781.5s [10月6日（週一） 上午 11:33]   ok  walked back outside
1790.9s [10月6日（週一） 上午 11:47]   use "捷運——河濱區站"
1791.9s [10月6日（週一） 上午 11:48]   shot 146_metro_financial.png
1791.9s [10月6日（週一） 上午 11:48]   click [Go_financial] 金融區  ·  10 分鐘
1792.9s [10月6日（週一） 下午 12:00]   ok  took the Metro to Financial District
1800.4s [10月6日（週一） 下午 12:11]   ok  entered Nexus Bank
1803.2s [10月6日（週一） 下午 12:15]   use "和 Lina Zhao 說話"
1804.1s [10月6日（週一） 下午 12:15]   shot 147_lina_intro.png
1809.9s [10月6日（週一） 下午 12:15]   choose "› 幫我開一個數位美元帳戶。"
1812.0s [10月6日（週一） 下午 12:15]   ok  met Lina Zhao
1814.3s [10月6日（週一） 下午 12:19]   ok  walked back outside
1820.5s [10月6日（週一） 下午 12:28]   use "捷運——金融區站"
1821.4s [10月6日（週一） 下午 12:30]   shot 148_metro_riverside.png
1821.4s [10月6日（週一） 下午 12:30]   click [Go_riverside] 河濱區  ·  10 分鐘
1822.5s [10月6日（週一） 下午 12:41]   ok  took the Metro to Riverside
1831.6s [10月6日（週一） 下午 12:55]   ok  entered Riverside Tower
1833.0s [10月6日（週一） 下午 12:57]   use "Use laptop — Company OS"
1833.6s [10月6日（週一） 下午 12:58]   click [Tab_operations] Operations
1834.2s [10月6日（週一） 下午 12:59]   click [SpeedUp_PO-119] Speed up
1834.9s [10月6日（週一） 下午 1:00]   shot 149_settlement_speed_up.png
1834.9s [10月6日（週一） 下午 1:00]   click [Settle_letter_of_credit] Switch
1836.3s [10月6日（週一） 下午 7:00]   shot 150_decision_supplier_price_increase.png
1836.3s [10月6日（週一） 下午 7:00]   decision supplier_price_increase → accept
1836.3s [10月6日（週一） 下午 7:00]   click [Choice_accept] 好。繼續跟你進貨。
1837.6s [10月6日（週一） 下午 7:00]   shot 151_decision_outcome_supplier_price_increase.png
1837.6s [10月6日（週一） 下午 7:00]   click "OK"
1841.1s [10月6日（週一） 下午 7:05]   use "Sleep"
1841.7s [10月6日（週一） 下午 7:05]   click [Sleep] Sleep until 7:00 AM
1843.7s [10月7日（週二） 下午 7:01]   use "Sleep"
1844.3s [10月7日（週二） 下午 7:01]   click [Sleep] Sleep until 7:00 AM
1846.2s [10月8日（週三） 下午 7:01]   use "Sleep"
1846.8s [10月8日（週三） 下午 7:01]   click [Sleep] Sleep until 7:00 AM
1848.8s [10月9日（週四） 下午 7:01]   use "Sleep"
1849.4s [10月9日（週四） 下午 7:01]   click [Sleep] Sleep until 7:00 AM
1851.4s [10月10日（週五） 下午 7:01]   use "Sleep"
1852.0s [10月10日（週五） 下午 7:01]   click [Sleep] Sleep until 7:00 AM
1855.8s [10月11日（週六） 下午 7:03]   use "Sleep"
1856.4s [10月11日（週六） 下午 7:04]   click [Sleep] Sleep until 7:00 AM
1858.4s [10月12日（週日） 下午 7:01]   use "Sleep"
1859.0s [10月12日（週日） 下午 7:01]   click [Sleep] Sleep until 7:00 AM
1861.0s [10月13日（週一） 下午 7:01]   use "Sleep"
1861.6s [10月13日（週一） 下午 7:01]   click [Sleep] Sleep until 7:00 AM
1863.6s [10月14日（週二） 下午 7:01]   use "Sleep"
1864.2s [10月14日（週二） 下午 7:01]   click [Sleep] Sleep until 7:00 AM
1866.1s [10月15日（週三） 下午 7:01]   use "Sleep"
1866.7s [10月15日（週三） 下午 7:01]   click [Sleep] Sleep until 7:00 AM
1870.8s [10月16日（週四） 下午 7:04]   use "Sleep"
1871.4s [10月16日（週四） 下午 7:04]   click [Sleep] Sleep until 7:00 AM
1873.4s [10月17日（週五） 下午 7:01]   use "Sleep"
1874.0s [10月17日（週五） 下午 7:01]   click [Sleep] Sleep until 7:00 AM
1875.9s [10月18日（週六） 下午 7:01]   use "Sleep"
1876.5s [10月18日（週六） 下午 7:01]   click [Sleep] Sleep until 7:00 AM
1878.5s [10月19日（週日） 下午 7:01]   use "Sleep"
1879.1s [10月19日（週日） 下午 7:01]   click [Sleep] Sleep until 7:00 AM
1881.1s [10月20日（週一） 下午 7:01]   use "Sleep"
1881.7s [10月20日（週一） 下午 7:01]   click [Sleep] Sleep until 7:00 AM
1885.5s [10月21日（週二） 下午 7:04]   use "Sleep"
1886.2s [10月21日（週二） 下午 7:04]   click [Sleep] Sleep until 7:00 AM
1888.1s [10月22日（週三） 下午 7:01]   use "Sleep"
1888.7s [10月22日（週三） 下午 7:01]   click [Sleep] Sleep until 7:00 AM
1890.7s [10月23日（週四） 下午 7:01]   use "Sleep"
1891.3s [10月23日（週四） 下午 7:01]   click [Sleep] Sleep until 7:00 AM
1893.1s [10月24日（週五） 上午 7:00]   ok  Chapter 9 complete: the import got through
1893.1s [10月24日（週五） 上午 7:00]   ok  ledger balanced after chapters 7–9
1893.1s [10月24日（週五） 上午 7:00] STEP Old Town — lease the corner café from Mr. Okafor
1893.1s [10月24日（週五） 上午 7:00]   (harness) wait 2 h
1897.0s [10月24日（週五） 上午 9:07]   ok  walked back outside
1906.4s [10月24日（週五） 上午 9:21]   use "捷運——河濱區站"
1907.4s [10月24日（週五） 上午 9:23]   shot 152_metro_old_town.png
1907.4s [10月24日（週五） 上午 9:23]   click [Go_old_town] 舊城區  ·  16 分鐘
1908.4s [10月24日（週五） 上午 9:40]   ok  took the Metro to Old Town
1908.4s [10月24日（週五） 上午 9:40]   shot 153_old_town.png
1919.3s [10月24日（週五） 上午 9:57]   ok  entered Okafor Lettings
1919.9s [10月24日（週五） 上午 9:58]   use "和 Okafor 先生 說話"
1922.9s [10月24日（週五） 上午 9:58]   choose "› 這裡以前是什麼店？"
1927.8s [10月24日（週五） 上午 9:59]   shot 154_cafe_lease.png
1927.8s [10月24日（週五） 上午 9:59]   click [SignLease_corner_cafe] Sign the lease
1928.7s [10月24日（週五） 上午 10:00]   ok  leased the corner café unit
1930.5s [10月24日（週五） 上午 10:04]   ok  walked back outside
1930.6s [10月24日（週五） 上午 10:04]   shot 155_old_town_storefronts.png
1935.6s [10月24日（週五） 上午 10:12]   ok  entered Corner Café Unit
1936.3s [10月24日（週五） 上午 10:13]   use "Check the till — Company OS"
1936.9s [10月24日（週五） 上午 10:14]   click [CafeFitOut] 裝修（$5,800）
1937.4s [10月24日（週五） 上午 10:14]   click [CafeSupplies_large] 400 杯份 · $330
1937.9s [10月24日（週五） 上午 10:15]   shot 156_cafe_setup.png
1938.2s [10月24日（週五） 上午 10:16]   ok  fit-out under way
1938.2s [10月24日（週五） 上午 10:16]   ok  coffee supplies ordered
1938.2s [10月24日（週五） 上午 10:16] STEP Old Town — the food licence at City Hall (walking via Shopping Street)
1940.3s [10月24日（週五） 上午 10:20]   ok  walked back outside
1948.0s [10月24日（週五） 上午 10:37]   ok  walked to Shopping Street
1961.4s [10月24日（週五） 上午 11:05]   ok  walked to Civic Center
1965.7s [10月24日（週五） 上午 11:12]   ok  entered Aurelia City Hall
1967.5s [10月24日（週五） 上午 11:14]   use "Permits & regulations"
1968.1s [10月24日（週五） 上午 11:15]   click [ApplyFoodLicence] Apply
1968.6s [10月24日（週五） 上午 11:36]   shot 157_food_licence.png
1969.0s [10月24日（週五） 上午 11:37]   ok  food licence applied for
1972.0s [10月24日（週五） 上午 11:42]   ok  walked back outside
1977.6s [10月24日（週五） 上午 11:51]   use "捷運——市政中心站"
1978.5s [10月24日（週五） 上午 11:52]   shot 158_metro_riverside.png
1978.5s [10月24日（週五） 上午 11:52]   click [Go_riverside] 河濱區  ·  12 分鐘
1979.6s [10月24日（週五） 下午 12:06]   ok  took the Metro to Riverside
1988.7s [10月24日（週五） 下午 12:19]   ok  entered Riverside Tower
1988.7s [10月24日（週五） 下午 12:19]   (harness) wait 2 h
1989.3s [10月24日（週五） 下午 2:20]   (harness) wait 2 h
1989.9s [10月24日（週五） 下午 4:21]   (harness) wait 2 h
1990.5s [10月24日（週五） 下午 6:22]   (harness) wait 2 h
1993.0s [10月24日（週五） 下午 8:26]   use "Sleep"
1993.6s [10月24日（週五） 下午 8:26]   click [Sleep] Sleep until 7:00 AM
1995.4s [10月25日（週六） 上午 7:00]   (harness) wait 2 h
1996.0s [10月25日（週六） 上午 9:01]   (harness) wait 2 h
1996.6s [10月25日（週六） 上午 11:02]   (harness) wait 2 h
1997.2s [10月25日（週六） 下午 1:03]   (harness) wait 2 h
1997.8s [10月25日（週六） 下午 3:04]   (harness) wait 2 h
1998.4s [10月25日（週六） 下午 5:05]   (harness) wait 2 h
1999.2s [10月25日（週六） 下午 7:06]   use "Sleep"
1999.8s [10月25日（週六） 下午 7:06]   click [Sleep] Sleep until 7:00 AM
2001.6s [10月26日（週日） 上午 7:00]   (harness) wait 2 h
2002.2s [10月26日（週日） 上午 9:01]   (harness) wait 2 h
2002.8s [10月26日（週日） 上午 11:02]   (harness) wait 2 h
2003.4s [10月26日（週日） 下午 1:03]   (harness) wait 2 h
2004.0s [10月26日（週日） 下午 3:04]   (harness) wait 2 h
2004.6s [10月26日（週日） 下午 5:05]   (harness) wait 2 h
2005.4s [10月26日（週日） 下午 7:06]   use "Sleep"
2006.0s [10月26日（週日） 下午 7:06]   click [Sleep] Sleep until 7:00 AM
2007.8s [10月27日（週一） 上午 7:00]   ok  fitted out and licensed
2007.8s [10月27日（週一） 上午 7:00] STEP Old Town — opening day behind your own counter
2011.0s [10月27日（週一） 上午 7:06]   ok  walked back outside
2020.3s [10月27日（週一） 上午 7:20]   use "捷運——河濱區站"
2021.3s [10月27日（週一） 上午 7:22]   shot 159_metro_old_town.png
2021.3s [10月27日（週一） 上午 7:22]   click [Go_old_town] 舊城區  ·  16 分鐘
2022.3s [10月27日（週一） 上午 7:39]   ok  took the Metro to Old Town
2029.8s [10月27日（週一） 上午 7:50]   ok  entered Corner Café Unit
2029.9s [10月27日（週一） 上午 7:50]   shot 160_cafe_open.png
2030.8s [10月27日（週一） 上午 7:52]   use "Work the counter (2 h)"
2031.7s [10月27日（週一） 上午 9:53]   ok  served customers at your own café
2032.2s [10月27日（週一） 上午 9:54]   use "Check the till — Company OS"
2032.8s [10月27日（週一） 上午 9:55]   shot 161_cafe_tab.png
2033.2s [10月27日（週一） 上午 9:56]   ok  ledger balanced after opening the café
2035.4s [10月27日（週一） 上午 10:00]   ok  walked back outside
2043.1s [10月27日（週一） 上午 10:11]   use "捷運——舊城區站"
2044.0s [10月27日（週一） 上午 10:13]   shot 162_metro_riverside.png
2044.0s [10月27日（週一） 上午 10:13]   click [Go_riverside] 河濱區  ·  16 分鐘
2045.0s [10月27日（週一） 上午 10:30]   ok  took the Metro to Riverside
2054.2s [10月27日（週一） 上午 10:44]   ok  entered Riverside Tower
2054.2s [10月27日（週一） 上午 10:44] STEP Harbor — metro to the docks, a used van from Sam, and Pier 7
2054.2s [10月27日（週一） 上午 10:44]   ok  actual financing covers the van, bay and working capital
2055.6s [10月27日（週一） 上午 10:47]   ok  walked back outside
2065.0s [10月27日（週一） 上午 11:01]   use "捷運——河濱區站"
2065.9s [10月27日（週一） 上午 11:03]   shot 163_metro_harbor.png
2065.9s [10月27日（週一） 上午 11:03]   click [Go_harbor] 港區  ·  8 分鐘
2067.0s [10月27日（週一） 上午 11:12]   ok  took the Metro to Harbor
2067.0s [10月27日（週一） 上午 11:12]   shot 164_harbor.png
2073.9s [10月27日（週一） 上午 11:22]   shot 165_harbor_street.png
2076.6s [10月27日（週一） 上午 11:27]   ok  entered Dockside Motors
2077.1s [10月27日（週一） 上午 11:27]   use "和 Sam Okoro 說話"
2080.1s [10月27日（週一） 上午 11:27]   choose "› 你這裡有什麼？"
2085.0s [10月27日（週一） 上午 11:28]   shot 166_van_dealer.png
2085.0s [10月27日（週一） 上午 11:28]   click [BuyVan] 買下這台貨車（$9,800）
2085.6s [10月27日（週一） 上午 11:29]   shot 167_van_bought.png
2086.0s [10月27日（週一） 上午 11:29]   ok  bought the van from Sam
2086.0s [10月27日（週一） 上午 11:29]   ok  the van is a vehicle expense
2087.7s [10月27日（週一） 上午 11:33]   ok  walked back outside
2093.4s [10月27日（週一） 上午 11:42]   ok  entered Pier 7 Warehouse
2097.0s [10月27日（週一） 上午 11:47]   use "Lettings desk: lease Bay 3"
2097.7s [10月27日（週一） 上午 11:48]   shot 168_pier7_lease.png
2097.7s [10月27日（週一） 上午 11:48]   click [SignLease_pier7_warehouse] Sign the lease
2098.5s [10月27日（週一） 上午 11:49]   ok  leased the Pier 7 bay
2098.5s [10月27日（週一） 上午 11:49]   ok  Pier 7 is a stock location
2099.1s [10月27日（週一） 上午 11:50]   shot 169_pier7_warehouse.png
2103.3s [10月27日（週一） 上午 11:57]   ok  walked back outside
2111.9s [10月27日（週一） 下午 12:10]   use "捷運——港區站"
2112.8s [10月27日（週一） 下午 12:12]   shot 170_metro_riverside.png
2112.8s [10月27日（週一） 下午 12:12]   click [Go_riverside] 河濱區  ·  8 分鐘
2113.8s [10月27日（週一） 下午 12:21]   ok  took the Metro to Riverside
2122.9s [10月27日（週一） 下午 12:35]   ok  entered Riverside Tower
2122.9s [10月27日（週一） 下午 12:35] STEP Harbor — the morning's delivery runs
2122.9s [10月27日（週一） 下午 12:35]   (harness) wait 2 h
2123.5s [10月27日（週一） 下午 2:36]   (harness) wait 2 h
2124.1s [10月27日（週一） 下午 4:37]   (harness) wait 2 h
2124.7s [10月27日（週一） 下午 6:38]   (harness) wait 2 h
2127.2s [10月27日（週一） 下午 8:41]   use "Sleep"
2127.8s [10月27日（週一） 下午 8:41]   click [Sleep] Sleep until 7:00 AM
2129.6s [10月28日（週二） 上午 7:00]   (harness) wait 2 h
2130.3s [10月28日（週二） 上午 9:01]   ok  runs were posted in the morning
2133.4s [10月28日（週二） 上午 9:07]   ok  walked back outside
2142.8s [10月28日（週二） 上午 9:21]   use "捷運——河濱區站"
2143.7s [10月28日（週二） 上午 9:22]   shot 171_metro_harbor.png
2143.7s [10月28日（週二） 上午 9:22]   click [Go_harbor] 港區  ·  8 分鐘
2144.7s [10月28日（週二） 上午 9:32]   ok  took the Metro to Harbor
2154.8s [10月28日（週二） 上午 9:47]   ok  entered Pier 7 Warehouse
2157.6s [10月28日（週二） 上午 9:51]   use "Sit at the yard office desk — Company OS"
2158.2s [10月28日（週二） 上午 9:52]   click [Tab_logistics] Logistics
2158.9s [10月28日（週二） 上午 9:53]   shot 172_logistics_tab.png
2159.5s [10月28日（週二） 上午 9:54]   shot 173_logistics_badge_pinned.png
2159.5s [10月28日（週二） 上午 9:54]   click [Tab_logistics] Logistics
2159.9s [10月28日（週二） 上午 9:55]   ok  delivery runs on the board
2159.9s [10月28日（週二） 上午 9:55]   click [Accept_R3] Accept
2160.5s [10月28日（週二） 上午 9:56]   ok  accepted run R3
2160.5s [10月28日（週二） 上午 9:56]   shot 174_logistics_accepted.png
2160.5s [10月28日（週二） 上午 9:56]   click [Drive_R3] Drive it
2161.2s [10月28日（週二） 上午 9:56]   shot 175_route_game_intro.png
2161.2s [10月28日（週二） 上午 9:56]   click [StartGame] Start
2161.6s [10月28日（週二） 上午 9:56]   click [Stop_1]
2161.7s [10月28日（週二） 上午 9:56]   click [Stop_2]
2161.9s [10月28日（週二） 上午 9:56]   shot 176_route_game_planning.png
2161.9s [10月28日（週二） 上午 9:56]   click [Stop_4]
2162.0s [10月28日（週二） 上午 9:56]   click [Stop_3]
2162.1s [10月28日（週二） 上午 9:56]   click [Stop_6]
2162.2s [10月28日（週二） 上午 9:56]   click [Stop_5]
2162.7s [10月28日（週二） 上午 9:56]   shot 177_route_game_planned.png
2162.7s [10月28日（週二） 上午 9:56]   click [DriveRoute] Drive the route
2163.3s [10月28日（週二） 上午 9:56]   shot 178_route_game_results.png
2163.3s [10月28日（週二） 上午 9:56]   click [FinishGame] Continue
2164.2s [10月28日（週二） 下午 1:38]   ok  the run is done and in the history
2164.2s [10月28日（週二） 下午 1:38]   ok  the pay was banked as revenue ($151.80 for run R3)
2164.2s [10月28日（週二） 下午 1:38]   ok  fuel was charged
2164.2s [10月28日（週二） 下午 1:38]   ok  the best route scored 100%
2164.7s [10月28日（週二） 下午 1:38]   shot 179_logistics_tab_paid.png
2165.0s [10月28日（週二） 下午 1:39]   ok  ledger balanced after the first delivery run
2169.0s [10月28日（週二） 下午 1:46]   ok  walked back outside
2177.6s [10月28日（週二） 下午 1:59]   use "捷運——港區站"
2178.6s [10月28日（週二） 下午 2:00]   shot 180_metro_riverside.png
2178.6s [10月28日（週二） 下午 2:00]   click [Go_riverside] 河濱區  ·  8 分鐘
2179.6s [10月28日（週二） 下午 2:10]   ok  took the Metro to Riverside
2188.7s [10月28日（週二） 下午 2:23]   ok  entered Riverside Tower
2188.7s [10月28日（週二） 下午 2:23]   ok  Chapter 10 started after Chapter 9
2188.7s [10月28日（週二） 下午 2:23]   ok  Year 6: the Digital Finance Boom
2188.7s [10月28日（週二） 下午 2:23] STEP Chapter 10 — the news, and Lina's escrow offer
2190.1s [10月28日（週二） 下午 2:27]   ok  walked back outside
2193.4s [10月28日（週二） 下午 2:32]   ok  entered Bloom Coffee
2195.1s [10月28日（週二） 下午 2:34]   use "Read the news board"
2195.9s [10月28日（週二） 下午 2:39]   shot 181_news_digital_rails.png
2196.2s [10月28日（週二） 下午 2:39]   ok  read the news (digital_rails)
2199.2s [10月28日（週二） 下午 2:44]   ok  walked back outside
2202.4s [10月28日（週二） 下午 2:49]   ok  entered Riverside Tower
2203.8s [10月28日（週二） 下午 2:52]   ok  walked back outside
2213.2s [10月28日（週二） 下午 3:06]   use "捷運——河濱區站"
2214.1s [10月28日（週二） 下午 3:08]   shot 182_metro_financial.png
2214.1s [10月28日（週二） 下午 3:08]   click [Go_financial] 金融區  ·  10 分鐘
2215.2s [10月28日（週二） 下午 3:19]   ok  took the Metro to Financial District
2222.8s [10月28日（週二） 下午 3:31]   ok  entered Nexus Bank
2225.5s [10月28日（週二） 下午 3:35]   use "和 Lina Zhao 說話"
2226.4s [10月28日（週二） 下午 3:35]   shot 183_lina_rails.png
2232.1s [10月28日（週二） 下午 3:35]   choose "› 有什麼但書？"
2238.0s [10月28日（週二） 下午 3:37]   ok  the '!' badge for escrow pins its card
2238.1s [10月28日（週二） 下午 3:37]   shot 184_badge_escrow_pinned.png
2238.3s [10月28日（週二） 下午 3:37]   shot 185_decision_escrow_offer.png
2238.3s [10月28日（週二） 下午 3:37]   decision escrow_offer → try
2238.3s [10月28日（週二） 下午 3:37]   click [Choice_try] 開立託管帳戶
2239.7s [10月28日（週二） 下午 3:37]   shot 186_decision_outcome_escrow_offer.png
2239.7s [10月28日（週二） 下午 3:37]   click "OK"
2240.2s [10月28日（週二） 下午 3:37]   ok  opened an escrow account
2240.2s [10月28日（週二） 下午 3:37] STEP Chapter 10 — an import paid through escrow
2242.5s [10月28日（週二） 下午 3:42]   ok  walked back outside
2248.6s [10月28日（週二） 下午 3:51]   use "捷運——金融區站"
2249.6s [10月28日（週二） 下午 3:52]   shot 187_metro_riverside.png
2249.6s [10月28日（週二） 下午 3:52]   click [Go_riverside] 河濱區  ·  10 分鐘
2250.6s [10月28日（週二） 下午 4:04]   ok  took the Metro to Riverside
2259.8s [10月28日（週二） 下午 4:18]   ok  entered Riverside Tower
2261.2s [10月28日（週二） 下午 4:20]   use "Use laptop — Company OS"
2261.8s [10月28日（週二） 下午 4:21]   click [Tab_operations] Operations
2262.4s [10月28日（週二） 下午 4:21]   click [Buy_lumina_direct_phone_stand] 購買 $864
2263.2s [10月28日（週二） 下午 4:23]   shot 188_settlement_escrow.png
2263.2s [10月28日（週二） 下午 4:23]   click [Settle_escrow] Pay this way
2263.8s [10月28日（週二） 下午 5:00]   toast: Riverlight Goods 咖啡 今天沒開門：吧台沒人顧。去僱一位咖啡師（人員分頁），或自己站吧台。
2263.8s [10月28日（週二） 下午 6:34]   click [Tab_finance] Finance
2264.0s [10月28日（週二） 下午 6:34]   click [Tab_operations] Operations
2269.1s [10月28日（週二） 下午 6:41]   shot 189_operations_escrow_order.png
2269.5s [10月28日（週二） 下午 6:42]   ok  import ordered through escrow
2269.6s [10月28日（週二） 下午 6:42]   use "Use laptop — Company OS"
2270.2s [10月28日（週二） 下午 6:43]   click [Tab_finance] Finance
2270.9s [10月28日（週二） 下午 6:44]   shot 190_finance_held_in_escrow.png
2274.3s [10月28日（週二） 下午 7:04]   use "Sleep"
2274.9s [10月28日（週二） 下午 7:04]   click [Sleep] Sleep until 7:00 AM
2276.7s [10月29日（週三） 下午 5:00]   toast: Riverlight Goods 咖啡 今天沒開門：吧台沒人顧。去僱一位咖啡師（人員分頁），或自己站吧台。
2276.9s [10月29日（週三） 下午 7:01]   use "Sleep"
2277.5s [10月29日（週三） 下午 7:01]   click [Sleep] Sleep until 7:00 AM
2279.3s [10月30日（週四） 下午 5:00]   toast: Riverlight Goods 咖啡 今天沒開門：吧台沒人顧。去僱一位咖啡師（人員分頁），或自己站吧台。
2279.4s [10月30日（週四） 下午 7:01]   use "Sleep"
2280.0s [10月30日（週四） 下午 7:01]   click [Sleep] Sleep until 7:00 AM
2281.8s [10月31日（週五） 下午 5:00]   toast: Riverlight Goods 咖啡 今天沒開門：吧台沒人顧。去僱一位咖啡師（人員分頁），或自己站吧台。
2282.0s [10月31日（週五） 下午 7:01]   use "Sleep"
2282.6s [10月31日（週五） 下午 7:01]   click [Sleep] Sleep until 7:00 AM
2286.0s [11月1日（週六） 上午 7:00]   shot 191_month_close_report.png
2286.0s [11月1日（週六） 上午 7:00]   click [month close] Continue
2286.4s [11月1日（週六） 下午 5:00]   toast: Riverlight Goods 咖啡 今天沒開門：吧台沒人顧。去僱一位咖啡師（人員分頁），或自己站吧台。
2286.6s [11月1日（週六） 下午 7:00]   use "Sleep"
2287.2s [11月1日（週六） 下午 7:00]   click [Sleep] Sleep until 7:00 AM
2291.0s [11月2日（週日） 下午 7:03]   use "Sleep"
2291.6s [11月2日（週日） 下午 7:04]   click [Sleep] Sleep until 7:00 AM
2293.4s [11月3日（週一） 下午 5:00]   toast: Riverlight Goods 咖啡 今天沒開門：吧台沒人顧。去僱一位咖啡師（人員分頁），或自己站吧台。
2293.6s [11月3日（週一） 下午 7:01]   use "Sleep"
2294.2s [11月3日（週一） 下午 7:01]   click [Sleep] Sleep until 7:00 AM
2296.0s [11月4日（週二） 下午 5:00]   toast: Riverlight Goods 咖啡 今天沒開門：吧台沒人顧。去僱一位咖啡師（人員分頁），或自己站吧台。
2296.1s [11月4日（週二） 下午 7:00]   shot 192_decision_supplier_price_increase.png
2296.1s [11月4日（週二） 下午 7:00]   decision supplier_price_increase → accept
2296.1s [11月4日（週二） 下午 7:00]   click [Choice_accept] 好。繼續跟你進貨。
2297.4s [11月4日（週二） 下午 7:00]   shot 193_decision_outcome_supplier_price_increase.png
2297.4s [11月4日（週二） 下午 7:00]   click "OK"
2298.0s [11月4日（週二） 下午 7:00]   use "Sleep"
2298.6s [11月4日（週二） 下午 7:00]   click [Sleep] Sleep until 7:00 AM
2300.4s [11月5日（週三） 下午 5:00]   toast: Riverlight Goods 咖啡 今天沒開門：吧台沒人顧。去僱一位咖啡師（人員分頁），或自己站吧台。
2300.6s [11月5日（週三） 下午 7:01]   use "Sleep"
2301.2s [11月5日（週三） 下午 7:01]   click [Sleep] Sleep until 7:00 AM
2303.0s [11月6日（週四） 下午 5:00]   toast: Riverlight Goods 咖啡 今天沒開門：吧台沒人顧。去僱一位咖啡師（人員分頁），或自己站吧台。
2303.2s [11月6日（週四） 下午 7:01]   use "Sleep"
2303.8s [11月6日（週四） 下午 7:01]   click [Sleep] Sleep until 7:00 AM
2305.6s [11月7日（週五） 下午 5:00]   toast: Riverlight Goods 咖啡 今天沒開門：吧台沒人顧。去僱一位咖啡師（人員分頁），或自己站吧台。
2307.9s [11月7日（週五） 下午 7:04]   use "Sleep"
2308.5s [11月7日（週五） 下午 7:04]   click [Sleep] Sleep until 7:00 AM
2310.3s [11月8日（週六） 下午 5:00]   toast: Riverlight Goods 咖啡 今天沒開門：吧台沒人顧。去僱一位咖啡師（人員分頁），或自己站吧台。
2310.4s [11月8日（週六） 下午 7:01]   use "Sleep"
2311.0s [11月8日（週六） 下午 7:01]   click [Sleep] Sleep until 7:00 AM
2313.0s [11月9日（週日） 下午 7:01]   use "Sleep"
2313.6s [11月9日（週日） 下午 7:01]   click [Sleep] Sleep until 7:00 AM
2315.4s [11月10日（週一） 上午 7:00]   ok  escrow released to the supplier on arrival
2315.4s [11月10日（週一） 上午 7:00]   ok  Chapter 10 complete
2315.4s [11月10日（週一） 上午 7:00] STEP Chapter 11 — the bridge exploit
2315.4s [11月10日（週一） 上午 7:00]   ok  Year 7: the Bridge Exploit
2318.7s [11月10日（週一） 上午 7:06]   ok  walked back outside
2322.0s [11月10日（週一） 上午 7:11]   ok  entered Bloom Coffee
2323.7s [11月10日（週一） 上午 7:14]   use "Read the news board"
2324.5s [11月10日（週一） 上午 7:19]   shot 194_news_bridge_before.png
2324.8s [11月10日（週一） 上午 7:19]   ok  read the news (bridge_before)
2327.8s [11月10日（週一） 上午 7:24]   ok  walked back outside
2330.9s [11月10日（週一） 上午 7:29]   ok  entered Riverside Tower
2332.4s [11月10日（週一） 上午 7:31]   use "Use laptop — Company OS"
2333.0s [11月10日（週一） 上午 7:32]   click [Tab_operations] Operations
2333.6s [11月10日（週一） 上午 7:33]   click [Buy_lumina_direct_phone_stand] 購買 $856
2334.4s [11月10日（週一） 上午 7:34]   shot 195_settlement_before_exploit.png
2334.4s [11月10日（週一） 上午 7:34]   click [Settle_escrow] Pay this way
2335.4s [11月10日（週一） 上午 7:36]   ok  restock ordered through escrow (cash $29,982)
2347.2s [11月10日（週一） 上午 7:54]   toast: 快訊：數位美元跨鏈橋遭駭。轉帳凍結，預計 11月16日 上午 7:54 前後恢復。
2349.1s [11月10日（週一） 上午 7:56]   ok  the bridge is frozen with our payment crossing it
2349.8s [11月10日（週一） 上午 7:56]   ok  the '!' badge for frozen_funds pins its card
2349.8s [11月10日（週一） 上午 7:56]   shot 196_badge_frozen_pinned.png
2350.0s [11月10日（週一） 上午 7:56]   shot 197_decision_rail_frozen.png
2350.0s [11月10日（週一） 上午 7:56]   decision rail_frozen → reroute
2350.0s [11月10日（週一） 上午 7:56]   click [Choice_reroute] 改用電匯重新付款（$890）
2351.4s [11月10日（週一） 上午 7:56]   shot 198_decision_outcome_rail_frozen.png
2351.4s [11月10日（週一） 上午 7:56]   click "OK"
2351.8s [11月10日（週一） 上午 7:56]   ok  paid again by wire
2352.0s [11月10日（週一） 上午 7:56]   use "Use laptop — Company OS"
2352.6s [11月10日（週一） 上午 7:57]   click [Tab_finance] Finance
2353.3s [11月10日（週一） 上午 7:58]   shot 199_finance_frozen_funds.png
2353.3s [11月10日（週一） 上午 7:58]   click [Tab_operations] Operations
2358.8s [11月10日（週一） 上午 8:06]   shot 200_operations_frozen_order.png
2361.7s [11月10日（週一） 上午 8:12]   ok  walked back outside
2365.1s [11月10日（週一） 上午 8:17]   ok  entered Bloom Coffee
2366.8s [11月10日（週一） 上午 8:20]   use "Read the news board"
2367.5s [11月10日（週一） 上午 8:25]   shot 201_news_bridge_frozen.png
2367.9s [11月10日（週一） 上午 8:25]   ok  read the news (bridge_frozen)
2370.9s [11月10日（週一） 上午 8:30]   ok  walked back outside
2374.0s [11月10日（週一） 上午 8:35]   ok  entered Riverside Tower
2374.0s [11月10日（週一） 下午 5:00]   toast: Riverlight Goods 咖啡 今天沒開門：吧台沒人顧。去僱一位咖啡師（人員分頁），或自己站吧台。
2375.9s [11月10日（週一） 下午 7:03]   use "Sleep"
2376.5s [11月10日（週一） 下午 7:03]   click [Sleep] Sleep until 7:00 AM
2378.3s [11月11日（週二） 下午 5:00]   toast: Riverlight Goods 咖啡 今天沒開門：吧台沒人顧。去僱一位咖啡師（人員分頁），或自己站吧台。
2378.5s [11月11日（週二） 下午 7:01]   use "Sleep"
2379.1s [11月11日（週二） 下午 7:01]   click [Sleep] Sleep until 7:00 AM
2380.9s [11月12日（週三） 下午 5:00]   toast: Riverlight Goods 咖啡 今天沒開門：吧台沒人顧。去僱一位咖啡師（人員分頁），或自己站吧台。
2381.1s [11月12日（週三） 下午 7:01]   use "Sleep"
2381.7s [11月12日（週三） 下午 7:01]   click [Sleep] Sleep until 7:00 AM
2383.5s [11月13日（週四） 下午 5:00]   toast: Riverlight Goods 咖啡 今天沒開門：吧台沒人顧。去僱一位咖啡師（人員分頁），或自己站吧台。
2383.7s [11月13日（週四） 下午 7:01]   use "Sleep"
2384.3s [11月13日（週四） 下午 7:01]   click [Sleep] Sleep until 7:00 AM
2386.1s [11月14日（週五） 下午 5:00]   toast: Riverlight Goods 咖啡 今天沒開門：吧台沒人顧。去僱一位咖啡師（人員分頁），或自己站吧台。
2386.2s [11月14日（週五） 下午 7:00]   shot 202_decision_low_cash_warning.png
2386.2s [11月14日（週五） 下午 7:00]   decision low_cash_warning → reduce
2386.2s [11月14日（週五） 下午 7:00]   click [Choice_reduce] 縮減開支（暫停廣告、生活從簡）
2387.6s [11月14日（週五） 下午 7:00]   shot 203_decision_outcome_low_cash_warning.png
2387.6s [11月14日（週五） 下午 7:00]   click "OK"
2388.1s [11月14日（週五） 下午 7:00]   use "Sleep"
2388.7s [11月14日（週五） 下午 7:00]   click [Sleep] Sleep until 7:00 AM
2390.6s [11月15日（週六） 下午 5:00]   toast: Riverlight Goods 咖啡 今天沒開門：吧台沒人顧。去僱一位咖啡師（人員分頁），或自己站吧台。
2390.7s [11月15日（週六） 下午 7:01]   use "Sleep"
2391.3s [11月15日（週六） 下午 7:01]   click [Sleep] Sleep until 7:00 AM
2393.3s [11月16日（週日） 下午 7:01]   use "Sleep"
2393.9s [11月16日（週日） 下午 7:01]   click [Sleep] Sleep until 7:00 AM
2395.7s [11月17日（週一） 下午 5:00]   toast: Riverlight Goods 咖啡 今天沒開門：吧台沒人顧。去僱一位咖啡師（人員分頁），或自己站吧台。
2395.8s [11月17日（週一） 下午 7:00]   shot 204_decision_low_cash_warning.png
2395.8s [11月17日（週一） 下午 7:00]   decision low_cash_warning → reduce
2395.8s [11月17日（週一） 下午 7:00]   click [Choice_reduce] 縮減開支（暫停廣告、生活從簡）
2397.1s [11月17日（週一） 下午 7:00]   shot 205_decision_outcome_low_cash_warning.png
2397.1s [11月17日（週一） 下午 7:00]   click "OK"
2397.7s [11月17日（週一） 下午 7:00]   use "Sleep"
2398.3s [11月17日（週一） 下午 7:00]   click [Sleep] Sleep until 7:00 AM
2400.1s [11月18日（週二） 下午 5:00]   toast: Riverlight Goods 咖啡 今天沒開門：吧台沒人顧。去僱一位咖啡師（人員分頁），或自己站吧台。
2400.3s [11月18日（週二） 下午 7:01]   use "Sleep"
2400.9s [11月18日（週二） 下午 7:01]   click [Sleep] Sleep until 7:00 AM
2402.7s [11月19日（週三） 下午 5:00]   toast: Riverlight Goods 咖啡 今天沒開門：吧台沒人顧。去僱一位咖啡師（人員分頁），或自己站吧台。
2402.9s [11月19日（週三） 下午 7:01]   use "Sleep"
2403.5s [11月19日（週三） 下午 7:01]   click [Sleep] Sleep until 7:00 AM
2405.3s [11月20日（週四） 下午 5:00]   toast: Riverlight Goods 咖啡 今天沒開門：吧台沒人顧。去僱一位咖啡師（人員分頁），或自己站吧台。
2405.4s [11月20日（週四） 下午 7:00]   shot 206_decision_low_cash_warning.png
2405.4s [11月20日（週四） 下午 7:00]   decision low_cash_warning → reduce
2405.4s [11月20日（週四） 下午 7:00]   click [Choice_reduce] 縮減開支（暫停廣告、生活從簡）
2406.7s [11月20日（週四） 下午 7:00]   shot 207_decision_outcome_low_cash_warning.png
2406.7s [11月20日（週四） 下午 7:00]   click "OK"
2407.3s [11月20日（週四） 下午 7:00]   use "Sleep"
2407.9s [11月20日（週四） 下午 7:00]   click [Sleep] Sleep until 7:00 AM
2409.8s [11月21日（週五） 下午 5:00]   toast: Riverlight Goods 咖啡 今天沒開門：吧台沒人顧。去僱一位咖啡師（人員分頁），或自己站吧台。
2409.9s [11月21日（週五） 下午 7:01]   use "Sleep"
2410.5s [11月21日（週五） 下午 7:01]   click [Sleep] Sleep until 7:00 AM
2412.3s [11月22日（週六） 下午 5:00]   toast: Riverlight Goods 咖啡 今天沒開門：吧台沒人顧。去僱一位咖啡師（人員分頁），或自己站吧台。
2412.5s [11月22日（週六） 下午 7:01]   use "Sleep"
2413.1s [11月22日（週六） 下午 7:01]   click [Sleep] Sleep until 7:00 AM
2415.0s [11月23日（週日） 下午 7:00]   shot 208_decision_low_cash_warning.png
2415.0s [11月23日（週日） 下午 7:00]   decision low_cash_warning → reduce
2415.0s [11月23日（週日） 下午 7:00]   click [Choice_reduce] 縮減開支（暫停廣告、生活從簡）
2416.3s [11月23日（週日） 下午 7:00]   shot 209_decision_outcome_low_cash_warning.png
2416.3s [11月23日（週日） 下午 7:00]   click "OK"
2417.0s [11月23日（週日） 下午 7:00]   use "Sleep"
2417.6s [11月23日（週日） 下午 7:00]   click [Sleep] Sleep until 7:00 AM
2419.4s [11月24日（週一） 下午 5:00]   toast: Riverlight Goods 咖啡 今天沒開門：吧台沒人顧。去僱一位咖啡師（人員分頁），或自己站吧台。
2419.5s [11月24日（週一） 下午 7:00]   shot 210_decision_supplier_price_increase.png
2419.5s [11月24日（週一） 下午 7:00]   decision supplier_price_increase → accept
2419.5s [11月24日（週一） 下午 7:00]   click [Choice_accept] 好。繼續跟你進貨。
2420.8s [11月24日（週一） 下午 7:00]   shot 211_decision_outcome_supplier_price_increase.png
2420.8s [11月24日（週一） 下午 7:00]   click "OK"
2421.4s [11月24日（週一） 下午 7:00]   use "Sleep"
2422.0s [11月24日（週一） 下午 7:00]   click [Sleep] Sleep until 7:00 AM
2423.9s [11月25日（週二） 下午 5:00]   toast: Riverlight Goods 咖啡 今天沒開門：吧台沒人顧。去僱一位咖啡師（人員分頁），或自己站吧台。
2424.0s [11月25日（週二） 下午 7:01]   use "Sleep"
2424.6s [11月25日（週二） 下午 7:01]   click [Sleep] Sleep until 7:00 AM
2426.4s [11月26日（週三） 下午 5:00]   toast: Riverlight Goods 咖啡 今天沒開門：吧台沒人顧。去僱一位咖啡師（人員分頁），或自己站吧台。
2426.5s [11月26日（週三） 下午 7:00]   shot 212_decision_low_cash_warning.png
2426.5s [11月26日（週三） 下午 7:00]   decision low_cash_warning → reduce
2426.5s [11月26日（週三） 下午 7:00]   click [Choice_reduce] 縮減開支（暫停廣告、生活從簡）
2427.9s [11月26日（週三） 下午 7:00]   shot 213_decision_outcome_low_cash_warning.png
2427.9s [11月26日（週三） 下午 7:00]   click "OK"
2428.5s [11月26日（週三） 下午 7:00]   use "Sleep"
2429.1s [11月26日（週三） 下午 7:00]   click [Sleep] Sleep until 7:00 AM
2430.9s [11月27日（週四） 下午 5:00]   toast: Riverlight Goods 咖啡 今天沒開門：吧台沒人顧。去僱一位咖啡師（人員分頁），或自己站吧台。
2431.1s [11月27日（週四） 下午 7:01]   use "Sleep"
2431.7s [11月27日（週四） 下午 7:01]   click [Sleep] Sleep until 7:00 AM
2433.5s [11月28日（週五） 上午 7:00]   ok  the bridge reopened
2433.5s [11月28日（週五） 上午 7:00]   ok  frozen funds settled
2433.5s [11月28日（週五） 上午 7:00]   ok  Chapter 11 complete: through the freeze and restocked
2433.5s [11月28日（週五） 上午 7:00] STEP Chapter 12 — the regulation wave: the import licence
2433.5s [11月28日（週五） 上午 7:00]   ok  Year 8: the Regulation Wave
2436.8s [11月28日（週五） 上午 7:06]   ok  walked back outside
2440.1s [11月28日（週五） 上午 7:11]   ok  entered Bloom Coffee
2441.8s [11月28日（週五） 上午 7:14]   use "Read the news board"
2442.5s [11月28日（週五） 上午 7:19]   shot 214_news_regulation.png
2442.9s [11月28日（週五） 上午 7:19]   ok  read the news (regulation)
2445.8s [11月28日（週五） 上午 7:24]   ok  walked back outside
2449.0s [11月28日（週五） 上午 7:29]   ok  entered Riverside Tower
2449.0s [11月28日（週五） 上午 7:29]   (harness) wait 2 h
2451.0s [11月28日（週五） 上午 9:33]   ok  walked back outside
2460.4s [11月28日（週五） 上午 9:47]   use "捷運——河濱區站"
2461.4s [11月28日（週五） 上午 9:49]   shot 215_metro_civic_center.png
2461.4s [11月28日（週五） 上午 9:49]   click [Go_civic_center] 市政中心  ·  12 分鐘
2462.4s [11月28日（週五） 上午 10:02]   ok  took the Metro to Civic Center
2469.4s [11月28日（週五） 上午 10:13]   ok  entered Aurelia City Hall
2471.2s [11月28日（週五） 上午 10:15]   use "Permits & regulations"
2472.0s [11月28日（週五） 上午 10:17]   shot 216_permits_import_licence.png
2472.5s [11月28日（週五） 上午 10:17]   ok  the '!' badge for import_licence pins its card
2472.6s [11月28日（週五） 上午 10:17]   shot 217_badge_licence_pinned.png
2472.8s [11月28日（週五） 上午 10:18]   click [ApplyImportLicence] 申請（$450）
2473.4s [11月28日（週五） 上午 10:39]   shot 218_permits_licence_processing.png
2473.8s [11月28日（週五） 上午 10:39]   ok  import licence applied for
2476.8s [11月28日（週五） 上午 10:45]   ok  walked back outside
2482.4s [11月28日（週五） 上午 10:53]   use "捷運——市政中心站"
2483.4s [11月28日（週五） 上午 10:55]   shot 219_metro_riverside.png
2483.4s [11月28日（週五） 上午 10:55]   click [Go_riverside] 河濱區  ·  12 分鐘
2484.4s [11月28日（週五） 上午 11:08]   ok  took the Metro to Riverside
2493.5s [11月28日（週五） 上午 11:22]   ok  entered Riverside Tower
2493.5s [11月28日（週五） 下午 5:00]   toast: Riverlight Goods 咖啡 今天沒開門：吧台沒人顧。去僱一位咖啡師（人員分頁），或自己站吧台。
2495.4s [11月28日（週五） 下午 7:03]   use "Sleep"
2496.0s [11月28日（週五） 下午 7:03]   click [Sleep] Sleep until 7:00 AM
2497.8s [11月29日（週六） 下午 5:00]   toast: Riverlight Goods 咖啡 今天沒開門：吧台沒人顧。去僱一位咖啡師（人員分頁），或自己站吧台。
2497.9s [11月29日（週六） 下午 7:00]   shot 220_decision_low_cash_warning.png
2497.9s [11月29日（週六） 下午 7:00]   decision low_cash_warning → reduce
2497.9s [11月29日（週六） 下午 7:00]   click [Choice_reduce] 縮減開支（暫停廣告、生活從簡）
2499.3s [11月29日（週六） 下午 7:00]   shot 221_decision_outcome_low_cash_warning.png
2499.3s [11月29日（週六） 下午 7:00]   click "OK"
2499.9s [11月29日（週六） 下午 7:00]   use "Sleep"
2500.5s [11月29日（週六） 下午 7:00]   click [Sleep] Sleep until 7:00 AM
2502.4s [11月30日（週日） 下午 7:01]   use "Sleep"
2503.1s [11月30日（週日） 下午 7:01]   click [Sleep] Sleep until 7:00 AM
2506.4s [12月1日（週一） 上午 7:00]   shot 222_month_close_report.png
2506.4s [12月1日（週一） 上午 7:00]   click [month close] Continue
2506.8s [12月1日（週一） 上午 7:00]   ok  import licence granted
2506.8s [12月1日（週一） 上午 7:00] STEP Chapter 12 — a large import goes through KYC
2508.1s [12月1日（週一） 上午 7:02]   use "Use laptop — Company OS"
2508.7s [12月1日（週一） 上午 7:03]   click [Tab_operations] Operations
2509.3s [12月1日（週一） 上午 7:04]   click [Buy_lumina_direct_wireless_earbuds] 購買 $2,692
2510.1s [12月1日（週一） 上午 7:05]   shot 223_settlement_kyc.png
2510.1s [12月1日（週一） 上午 7:05]   click [Settle_letter_of_credit] Pay this way
2511.2s [12月1日（週一） 上午 7:07]   ok  the large payment carries a KYC check
2511.2s [12月1日（週一） 下午 5:00]   toast: Riverlight Goods 咖啡 今天沒開門：吧台沒人顧。去僱一位咖啡師（人員分頁），或自己站吧台。
2514.0s [12月1日（週一） 下午 7:04]   use "Sleep"
2514.6s [12月1日（週一） 下午 7:04]   click [Sleep] Sleep until 7:00 AM
2516.4s [12月2日（週二） 下午 5:00]   toast: Riverlight Goods 咖啡 今天沒開門：吧台沒人顧。去僱一位咖啡師（人員分頁），或自己站吧台。
2516.5s [12月2日（週二） 下午 7:00]   shot 224_decision_low_cash_warning.png
2516.5s [12月2日（週二） 下午 7:00]   decision low_cash_warning → reduce
2516.5s [12月2日（週二） 下午 7:00]   click [Choice_reduce] 縮減開支（暫停廣告、生活從簡）
2517.9s [12月2日（週二） 下午 7:00]   shot 225_decision_outcome_low_cash_warning.png
2517.9s [12月2日（週二） 下午 7:00]   click "OK"
2518.5s [12月2日（週二） 下午 7:00]   use "Sleep"
2519.1s [12月2日（週二） 下午 7:00]   click [Sleep] Sleep until 7:00 AM
2520.9s [12月3日（週三） 下午 5:00]   toast: Riverlight Goods 咖啡 今天沒開門：吧台沒人顧。去僱一位咖啡師（人員分頁），或自己站吧台。
2521.1s [12月3日（週三） 下午 7:01]   use "Sleep"
2521.7s [12月3日（週三） 下午 7:01]   click [Sleep] Sleep until 7:00 AM
2523.5s [12月4日（週四） 下午 5:00]   toast: Riverlight Goods 咖啡 今天沒開門：吧台沒人顧。去僱一位咖啡師（人員分頁），或自己站吧台。
2523.6s [12月4日（週四） 下午 7:01]   use "Sleep"
2524.2s [12月4日（週四） 下午 7:01]   click [Sleep] Sleep until 7:00 AM
2526.0s [12月5日（週五） 上午 7:00]   ok  KYC cleared
2527.2s [12月5日（週五） 上午 7:02]   use "Use laptop — Company OS"
2527.8s [12月5日（週五） 上午 7:03]   click [Tab_finance] Finance
2528.5s [12月5日（週五） 上午 7:04]   shot 226_finance_compliance_cost.png
2528.8s [12月5日（週五） 上午 7:05] STEP Chapter 12 — Victor Hale's offer
2528.8s [12月5日（週五） 上午 7:05]   (harness) wait 2 h
2529.5s [12月5日（週五） 上午 9:05]   shot 227_decision_low_cash_warning.png
2529.5s [12月5日（週五） 上午 9:05]   decision low_cash_warning → reduce
2529.5s [12月5日（週五） 上午 9:05]   click [Choice_reduce] 縮減開支（暫停廣告、生活從簡）
2530.8s [12月5日（週五） 上午 9:05]   shot 228_decision_outcome_low_cash_warning.png
2530.9s [12月5日（週五） 上午 9:05]   click "OK"
2531.3s [12月5日（週五） 上午 9:05]   (harness) wait 2 h
2534.7s [12月5日（週五） 上午 11:11]   ok  walked back outside
2544.1s [12月5日（週五） 上午 11:25]   use "捷運——河濱區站"
2545.1s [12月5日（週五） 上午 11:27]   shot 229_metro_shopping_street.png
2545.1s [12月5日（週五） 上午 11:27]   click [Go_shopping_street] 購物街  ·  15 分鐘
2546.1s [12月5日（週五） 上午 11:43]   ok  took the Metro to Shopping Street
2554.8s [12月5日（週五） 上午 11:56]   ok  entered Crestline Flagship
2555.4s [12月5日（週五） 上午 11:57]   use "和 Victor Hale 說話"
2556.2s [12月5日（週五） 上午 11:57]   shot 230_victor_offer.png
2563.8s [12月5日（週五） 上午 11:59]   ok  the '!' badge for valuation pins its card
2563.9s [12月5日（週五） 上午 11:59]   shot 231_badge_valuation_pinned.png
2564.1s [12月5日（週五） 上午 11:59]   shot 232_decision_acquisition_offer.png
2564.1s [12月5日（週五） 上午 11:59]   decision acquisition_offer → counter
2564.1s [12月5日（週五） 上午 11:59]   click [Choice_counter] 還價：開價 $16,320
2565.5s [12月5日（週五） 上午 11:59]   shot 233_decision_outcome_acquisition_offer.png
2565.5s [12月5日（週五） 上午 11:59]   click "OK"
2566.0s [12月5日（週五） 上午 11:59]   ok  countered Hale Group's offer
2567.3s [12月5日（週五） 下午 12:01]   shot 234_ending_card.png
2570.2s [12月5日（週五） 下午 12:05]   ok  Chapter 12 complete
2570.2s [12月5日（週五） 下午 12:05]   ok  the main story is complete
2570.2s [12月5日（週五） 下午 12:05]   ok  free play: the growth goal
2570.2s [12月5日（週五） 下午 12:05]   ok  ledger balanced after chapters 10–12
2572.0s [12月5日（週五） 下午 12:09]   ok  walked back outside
2579.3s [12月5日（週五） 下午 12:20]   use "捷運——購物街站"
2580.2s [12月5日（週五） 下午 12:21]   shot 235_metro_riverside.png
2580.2s [12月5日（週五） 下午 12:21]   click [Go_riverside] 河濱區  ·  15 分鐘
2581.3s [12月5日（週五） 下午 12:38]   ok  took the Metro to Riverside
2590.4s [12月5日（週五） 下午 12:52]   ok  entered Riverside Tower
2590.4s [12月5日（週五） 下午 12:52] STEP Save → reload → same state
2591.3s [12月5日（週五） 下午 12:53]   ok  cash restored after load
2591.3s [12月5日（週五） 下午 12:53]   ok  time restored after load
2591.3s [12月5日（週五） 下午 12:53]   ok  location restored (riverside_apartment)
2591.5s [12月5日（週五） 下午 12:53]   shot 236_after_load.png
2591.5s [12月5日（週五） 下午 12:53] STEP Summary
2591.5s [12月5日（週五） 下午 12:53]   business entity co_riverlight_goods cash $18,804.67 · personal $8,685.98 · orders delivered 587 · chapters done ["ch1_arrival", "ch2_first_customer", "ch3_open_for_business", "ch4_growing_pains", "ch5_big_contract", "ch6_cash_is_oxygen", "ch7_supply_shock", "ch8_green_shift", "ch9_clearing_crisis", "ch10_digital_rails", "ch11_other_side_of_trust", "ch12_regulation_scale"]
2591.5s [12月5日（週五） 下午 12:53]   ok  ledger balanced at the end
2591.5s [12月5日（週五） 下午 12:53]   ok  story objective completed: ch1_phone
2591.5s [12月5日（週五） 下午 12:53]   ok  story objective completed: ch1_outside
2591.5s [12月5日（週五） 下午 12:53]   ok  story objective completed: ch1_coffee
2591.5s [12月5日（週五） 下午 12:53]   ok  story objective completed: ch1_cowork
2591.5s [12月5日（週五） 下午 12:53]   ok  story objective completed: ch1_board
2591.5s [12月5日（週五） 下午 12:53]   ok  story objective completed: ch2_supplier
2591.5s [12月5日（週五） 下午 12:53]   ok  story objective completed: ch2_stock
2591.5s [12月5日（週五） 下午 12:53]   ok  story objective completed: ch2_listing
2591.5s [12月5日（週五） 下午 12:53]   ok  story objective completed: ch2_order
2591.5s [12月5日（週五） 下午 12:53]   ok  story objective completed: ch2_ship
2591.5s [12月5日（週五） 下午 12:53]   ok  story objective completed: ch2_first_dollar
2591.5s [12月5日（週五） 下午 12:53]   ok  story objective completed: ch2_issue
2591.5s [12月5日（週五） 下午 12:53]   ok  story objective completed: ch3_register
2591.5s [12月5日（週五） 下午 12:53]   ok  story objective completed: ch3_bank
2591.5s [12月5日（週五） 下午 12:53]   ok  story objective completed: ch3_workspace
2591.5s [12月5日（週五） 下午 12:53]   ok  story objective completed: ch3_os
2591.5s [12月5日（週五） 下午 12:53]   ok  story objective completed: ch4_employer
2591.5s [12月5日（週五） 下午 12:53]   ok  story objective completed: ch4_post
2591.5s [12月5日（週五） 下午 12:53]   ok  story objective completed: ch4_hire
2591.5s [12月5日（週五） 下午 12:53]   ok  story objective completed: ch4_payroll
2591.5s [12月5日（週五） 下午 12:53]   ok  story objective completed: ch4_forecast
2591.5s [12月5日（週五） 下午 12:53]   ok  story objective completed: ch5_meet
2591.5s [12月5日（週五） 下午 12:53]   ok  story objective completed: ch5_decide
2591.5s [12月5日（週五） 下午 12:53]   ok  story objective completed: ch5_stock
2591.5s [12月5日（週五） 下午 12:53]   ok  story objective completed: ch5_deliver
2591.5s [12月5日（週五） 下午 12:53]   ok  story objective completed: ch6_forecast
2591.5s [12月5日（週五） 下午 12:53]   ok  story objective completed: ch6_bridge
2591.5s [12月5日（週五） 下午 12:53]   ok  story objective completed: ch6_collect
2591.5s [12月5日（週五） 下午 12:53]   ok  story objective completed: ch6_close
2591.5s [12月5日（週五） 下午 12:53]   ok  story objective completed: ch7_news
2591.5s [12月5日（週五） 下午 12:53]   ok  story objective completed: ch7_ken
2591.5s [12月5日（週五） 下午 12:53]   ok  story objective completed: ch7_stock
2591.5s [12月5日（週五） 下午 12:53]   ok  story objective completed: ch7_price
2591.5s [12月5日（週五） 下午 12:53]   ok  story objective completed: ch7_close
2591.5s [12月5日（週五） 下午 12:53]   ok  story objective completed: ch8_news
2591.5s [12月5日（週五） 下午 12:53]   ok  story objective completed: ch8_pack
2591.5s [12月5日（週五） 下午 12:53]   ok  story objective completed: ch8_product
2591.5s [12月5日（週五） 下午 12:53]   ok  story objective completed: ch8_grant
2591.5s [12月5日（週五） 下午 12:53]   ok  story objective completed: ch9_news
2591.5s [12月5日（週五） 下午 12:53]   ok  story objective completed: ch9_import
2591.5s [12月5日（週五） 下午 12:53]   ok  story objective completed: ch9_lina
2591.5s [12月5日（週五） 下午 12:53]   ok  story objective completed: ch9_settle
2591.5s [12月5日（週五） 下午 12:53]   ok  story objective completed: ch9_arrive
2591.5s [12月5日（週五） 下午 12:53]   ok  story objective completed: ch10_news
2591.5s [12月5日（週五） 下午 12:53]   ok  story objective completed: ch10_lina
2591.5s [12月5日（週五） 下午 12:53]   ok  story objective completed: ch10_import
2591.5s [12月5日（週五） 下午 12:53]   ok  story objective completed: ch10_arrive
2591.5s [12月5日（週五） 下午 12:53]   ok  story objective completed: ch11_news
2591.5s [12月5日（週五） 下午 12:53]   ok  story objective completed: ch11_order
2591.5s [12月5日（週五） 下午 12:53]   ok  story objective completed: ch11_freeze
2591.5s [12月5日（週五） 下午 12:53]   ok  story objective completed: ch11_restock
2591.5s [12月5日（週五） 下午 12:53]   ok  story objective completed: ch12_news
2591.5s [12月5日（週五） 下午 12:53]   ok  story objective completed: ch12_licence
2591.5s [12月5日（週五） 下午 12:53]   ok  story objective completed: ch12_kyc
2591.5s [12月5日（週五） 下午 12:53]   ok  story objective completed: ch12_offer
2591.5s [12月5日（週五） 下午 12:53] BOT FINISHED — 0 failure(s) · 2591.5s real
2591.5s [12月5日（週五） 下午 12:53] English audit: 23 on-screen text(s) with untranslated words
