Godot Engine v4.5.1.stable.official.f62fdbde1 - https://godotengine.org

   0.0s STEP Main menu → New Game
   0.9s   (shot main_menu skipped: headless)
   0.9s   click [NewGame] New Game
   2.1s STEP Character Creator
   2.1s   (shot creator_default skipped: headless)
   2.1s   click [Tab_hair] Hair
   2.2s   click [Next_hair] ▶
   2.5s   click [Tab_face] Face
   2.6s   click [Next_face] ▶
   2.6s   click [Next_eye_shape] ▶
   2.6s   click [Tab_body] Body
   2.7s   click [Next_presentation] ▶
   3.1s   (shot creator_customised skipped: headless)
   3.1s   click [Tab_outfit] Outfit
   3.2s   click "Startup Casual"
   3.6s   ok  appearance changed from default (short_neat)
   3.6s   (shot creator_final skipped: headless)
   3.6s   click [Start] Start in Aurelia  →
   3.6s [6月1日（週日） 下午 2:00] STEP Arrival sequence
   6.1s [6月1日（週日） 下午 2:00]   (shot arrival_train skipped: headless)
   9.7s [6月1日（週日） 下午 2:00]   (shot arrival_phone skipped: headless)
  14.8s [6月1日（週日） 下午 2:01]   ok  spawned in the Riverside apartment
  14.8s [6月1日（週日） 下午 2:01]   ok  starting cash $30,000
  14.8s [6月1日（週日） 下午 2:01]   ok  name saved
  16.3s [6月1日（週日） 下午 2:03]   (shot apartment_arrival skipped: headless)
  16.3s [6月1日（週日） 下午 2:03] STEP Chapter 1 — phone & Maya
  19.5s [6月1日（週日） 下午 2:08]   (shot phone_home skipped: headless)
  19.5s [6月1日（週日） 下午 2:08]   click [App_messages] 消息 2
  20.0s [6月1日（週日） 下午 2:08]   click [Thread_maya] Maya  ● 打给我。或传消息。随便。
  21.9s [6月1日（週日） 下午 2:08]   choose "› 嗯。"
  24.9s [6月1日（週日） 下午 2:08]   choose "› 我要开公司。"
  28.2s [6月1日（週日） 下午 2:08]   ok  Maya conversation done
  28.2s [6月1日（週日） 下午 2:08] STEP Head outside
  31.3s [6月1日（週日） 下午 2:14]   ok  walked back outside
  31.3s [6月1日（週日） 下午 2:14]   ok  visited Riverside
  31.3s [6月1日（週日） 下午 2:14]   (shot riverside_outside_home skipped: headless)
  31.3s [6月1日（週日） 下午 2:14] STEP Bloom Coffee
  34.5s [6月1日（週日） 下午 2:19]   ok  entered Bloom Coffee
  34.5s [6月1日（週日） 下午 2:19]   (shot bloom_coffee_inside skipped: headless)
  36.0s [6月1日（週日） 下午 2:21]   use "Order coffee ($4.50)"
  37.9s [6月1日（週日） 下午 2:21]   choose "› 麻烦了。"
  42.7s [6月1日（週日） 下午 2:32]   ok  bought a coffee from Jun
  45.4s [6月1日（週日） 下午 2:37]   ok  walked back outside
  45.4s [6月1日（週日） 下午 2:37] STEP Walk east to Startup Hub
  46.7s [6月1日（週日） 下午 2:39]   (shot riverside_street skipped: headless)
  59.4s [6月1日（週日） 下午 3:10]   ok  walked to Startup Hub
  59.4s [6月1日（週日） 下午 3:10]   (shot startup_hub_arrive skipped: headless)
  59.4s [6月1日（週日） 下午 3:10] STEP Nexus Co-work
  63.5s [6月1日（週日） 下午 3:16]   ok  entered Nexus Co-work
  63.5s [6月1日（週日） 下午 3:16]   (shot cowork_inside skipped: headless)
  64.8s [6月1日（週日） 下午 3:18]   use "Reception — desks & day passes"
  67.4s [6月1日（週日） 下午 3:18]   choose "› 对。先看看。"
  70.2s [6月1日（週日） 下午 3:19]   click [DayPass] Buy a day pass ($15)
  71.0s [6月1日（週日） 下午 3:20] STEP Business Board
  72.2s [6月1日（週日） 下午 3:22]   use "Business Board"
  72.8s [6月1日（週日） 下午 3:23]   (shot business_board skipped: headless)
  72.8s [6月1日（週日） 下午 3:23]   click [Biz_saas] ● SaaS／软件
  73.3s [6月1日（週日） 下午 3:24]   (shot business_board_planned_saas skipped: headless)
  73.3s [6月1日（週日） 下午 3:24]   click [Biz_ecommerce] ● 电商
  73.3s [6月1日（週日） 下午 3:24]   click [StartEcommerce] Start an ecommerce side business
  74.5s [6月1日（週日） 下午 3:25]   ok  picked ecommerce as first business
  77.0s [6月1日（週日） 下午 3:29]   ok  Chapter 1 complete
  77.0s [6月1日（週日） 下午 3:29] STEP Chapter 2 — buy stock at a hot desk (Company OS)
  81.1s [6月1日（週日） 下午 3:35]   use "Work at a hot desk — Company OS"
  81.7s [6月1日（週日） 下午 3:36]   (shot company_os_overview_personal skipped: headless)
  81.7s [6月1日（週日） 下午 3:36]   click [Tab_operations] Operations
  82.3s [6月1日（週日） 下午 3:37]   (shot company_os_suppliers skipped: headless)
  82.3s [6月1日（週日） 下午 3:37]   click [Buy_tradelink_wholesale_wireless_earbuds] 购买 $900
  82.7s [6月1日（週日） 下午 3:48]   click [Buy_tradelink_wholesale_water_bottle] 购买 $408
  83.1s [6月1日（週日） 下午 3:58]   click [Buy_tradelink_wholesale_desk_lamp] 购买 $460
  83.5s [6月1日（週日） 下午 4:09]   click [Buy_tradelink_wholesale_phone_stand] 购买 $272
  83.9s [6月1日（週日） 下午 4:19]   ok  placed purchase orders (MOQ, prepaid): 4 POs, cash $27,940.50
  83.9s [6月1日（週日） 下午 4:19]   (shot company_os_purchase_orders skipped: headless)
  84.2s [6月1日（週日） 下午 4:20] STEP Home to wait for stock
  87.4s [6月1日（週日） 下午 4:26]   ok  walked back outside
  91.4s [6月1日（週日） 下午 4:44]   ok  walked to Riverside
 107.2s [6月1日（週日） 下午 5:07]   ok  entered Riverside Tower
 107.2s [6月1日（週日） 下午 5:07]   (harness) wait 2 h
 109.6s [6月1日（週日） 下午 7:11]   use "Sleep"
 110.2s [6月1日（週日） 下午 7:11]   click [Sleep] Sleep until 7:00 AM
 111.9s [6月2日（週一） 上午 7:00]   (harness) wait 2 h
 112.5s [6月2日（週一） 上午 9:01]   (harness) wait 2 h
 113.1s [6月2日（週一） 上午 11:02]   (harness) wait 2 h
 113.8s [6月2日（週一） 下午 1:03]   (harness) wait 2 h
 114.4s [6月2日（週一） 下午 3:04]   (harness) wait 2 h
 115.0s [6月2日（週一） 下午 5:05]   (harness) wait 2 h
 115.6s [6月2日（週一） 下午 7:06]   use "Sleep"
 116.2s [6月2日（週一） 下午 7:06]   click [Sleep] Sleep until 7:00 AM
 118.0s [6月3日（週二） 上午 7:00]   (harness) wait 2 h
 118.6s [6月3日（週二） 上午 9:01]   (harness) wait 2 h
 119.2s [6月3日（週二） 上午 11:02]   (harness) wait 2 h
 119.8s [6月3日（週二） 下午 1:03]   (harness) wait 2 h
 120.4s [6月3日（週二） 下午 3:04]   (harness) wait 2 h
 121.0s [6月3日（週二） 下午 5:05]   ok  stock delivered to the apartment
 121.6s [6月3日（週二） 下午 5:06]   (shot apartment_with_stock skipped: headless)
 121.6s [6月3日（週二） 下午 5:06] STEP List products on ShopLane
 124.3s [6月3日（週二） 下午 5:10]   use "Use laptop — Company OS"
 124.9s [6月3日（週二） 下午 5:11]   click [Tab_sales] Sales
 125.5s [6月3日（週二） 下午 5:12]   (shot company_os_sales_ready skipped: headless)
 125.5s [6月3日（週二） 下午 5:12]   click [ListSelf_wireless_earbuds] Shoot photos myself & list (1 h 20 min)
 126.0s [6月3日（週二） 下午 6:32]   click [ListSelf_water_bottle] Shoot photos myself & list (1 h 20 min)
 126.4s [6月3日（週二） 下午 7:52]   click [ListSelf_desk_lamp] Shoot photos myself & list (1 h 20 min)
 126.9s [6月3日（週二） 下午 9:12]   click [ListSelf_phone_stand] Shoot photos myself & list (1 h 20 min)
 127.4s [6月3日（週二） 下午 10:33]   click [AdPlus_wireless_earbuds] +
 127.9s [6月3日（週二） 下午 10:34]   (shot company_os_listings_live skipped: headless)
 127.9s [6月3日（週二） 下午 10:34]   ok  listings live
 128.2s [6月3日（週二） 下午 10:34] STEP First order → pack → ship
 131.5s [6月3日（週二） 下午 10:39]   use "Packing table"
 132.2s [6月3日（週二） 下午 10:40]   (shot packing_table skipped: headless)
 132.2s [6月3日（週二） 下午 10:40]   click [Pack] 打包 5 笔订单（40 分钟）
 133.1s [6月3日（週二） 下午 11:21]   click [CourierExpress] 快递 · 快捷 1 天（$50.50）
 134.0s [6月3日（週二） 下午 11:23]   ok  first order came in
 134.0s [6月3日（週二） 下午 11:23]   ok  handed to the courier (pickup booked)
 134.0s [6月3日（週二） 下午 11:23] STEP Delivery → first dollar
 138.1s [6月3日（週二） 下午 11:29]   use "Sleep"
 138.7s [6月3日（週二） 下午 11:29]   click [Sleep] Sleep until 7:00 AM
 140.5s [6月4日（週三） 上午 7:00]   ok  first order delivered (Earn Your First Dollar)
 140.5s [6月4日（週三） 上午 7:00]   revenue booked $124.95 · ShopLane balance $112.45 · cash $27,786.50
 140.5s [6月4日（週三） 上午 7:00]   (shot first_dollar skipped: headless)
 140.5s [6月4日（週三） 上午 7:00] STEP First customer issue
 140.5s [6月4日（週三） 上午 7:00]   (harness) wait 2 h
 145.2s [6月4日（週三） 上午 9:07]   use "Packing table"
 145.9s [6月4日（週三） 上午 9:09]   click [Pack] 打包 2 笔订单（16 分钟）
 146.7s [6月4日（週三） 上午 9:26]   click [CourierExpress] 快递 · 快捷 1 天（$23.80）
 147.7s [6月4日（週三） 上午 9:27]   (harness) wait 2 h
 150.0s [6月4日（週三） 上午 11:31]   use "Packing table"
 150.6s [6月4日（週三） 上午 11:32]   click [Pack] 打包 2 笔订单（16 分钟）
 151.5s [6月4日（週三） 上午 11:49]   click [CourierExpress] 快递 · 快捷 1 天（$23.80）
 152.5s [6月4日（週三） 上午 11:50]   (harness) wait 2 h
 153.1s [6月4日（週三） 下午 1:51]   use "Packing table"
 153.8s [6月4日（週三） 下午 1:52]   click [Pack] 打包 4 笔订单（32 分钟）
 154.7s [6月4日（週三） 下午 2:25]   click [CourierExpress] 快递 · 快捷 1 天（$45.20）
 155.6s [6月4日（週三） 下午 2:26]   (harness) wait 2 h
 156.3s [6月4日（週三） 下午 4:27]   use "Packing table"
 157.0s [6月4日（週三） 下午 4:28]   click [Pack] 打包 4 笔订单（32 分钟）
 157.8s [6月4日（週三） 下午 5:01]   click [CourierExpress] 快递 · 快捷 1 天（$41.60）
 158.8s [6月4日（週三） 下午 5:02]   (harness) wait 2 h
 159.5s [6月4日（週三） 下午 7:03]   use "Packing table"
 160.2s [6月4日（週三） 下午 7:04]   click [Pack] 打包 2 笔订单（16 分钟）
 161.0s [6月4日（週三） 下午 7:21]   click [CourierExpress] 快递 · 快捷 1 天（$23.80）
 164.6s [6月4日（週三） 下午 7:26]   use "Sleep"
 165.2s [6月4日（週三） 下午 7:26]   click [Sleep] Sleep until 7:00 AM
 166.9s [6月5日（週四） 上午 7:00]   (shot decision_customer_return_first skipped: headless)
 166.9s [6月5日（週四） 上午 7:00]   decision customer_return_first → replace
 166.9s [6月5日（週四） 上午 7:00]   click [Choice_replace] 寄一个新的（快捷）
 168.2s [6月5日（週四） 上午 7:00]   (shot decision_outcome_customer_return_first skipped: headless)
 168.2s [6月5日（週四） 上午 7:00]   click "OK"
 172.7s [6月5日（週四） 上午 7:06]   use "Packing table"
 173.4s [6月5日（週四） 上午 7:07]   click [Pack] 打包 8 笔订单（1 小时 4 分）
 174.3s [6月5日（週四） 上午 8:13]   click [CourierExpress] 快递 · 快捷 1 天（$80.80）
 175.2s [6月5日（週四） 上午 8:14]   ok  resolved the first customer issue
 177.2s [6月5日（週四） 上午 8:17]   ok  Chapter 2 complete
 177.2s [6月5日（週四） 上午 8:17] STEP Purchase cancellation
 178.6s [6月5日（週四） 上午 8:19]   use "Use laptop — Company OS"
 179.2s [6月5日（週四） 上午 8:20]   click [Tab_operations] Operations
 179.8s [6月5日（週四） 上午 8:21]   click [Buy_tradelink_wholesale_wireless_earbuds] 购买 $900
 180.7s [6月5日（週四） 上午 8:32]   click [CancelPO_PO-105] Cancel purchase
 181.2s [6月5日（週四） 上午 8:32]   (shot purchase_cancel_confirmation skipped: headless)
 181.3s [6月5日（週四） 上午 8:32]   click [ConfirmReturn] Confirm cancellation
 181.8s [6月5日（週四） 上午 8:32]   ok  extra PO cancelled through UI
 181.8s [6月5日（週四） 上午 8:32]   ok  cancellation cash equals quoted refund
 181.8s [6月5日（週四） 上午 8:32]   ok  ledger balanced after purchase cancellation
 182.2s [6月5日（週四） 上午 8:33]   (shot purchase_cancelled_operations skipped: headless)
 182.6s [6月5日（週四） 上午 8:33] STEP Chapter 3 — wait for a weekday morning
 185.2s [6月5日（週四） 上午 8:38]   ok  walked back outside
 185.2s [6月5日（週四） 上午 8:38] STEP Metro to Civic Center → City Hall
 193.2s [6月5日（週四） 上午 8:50]   use "捷运——河滨区站"
 194.1s [6月5日（週四） 上午 8:52]   (shot metro_civic_center skipped: headless)
 194.1s [6月5日（週四） 上午 8:52]   click [Go_civic_center] 市政中心  ·  12 分钟
 195.1s [6月5日（週四） 上午 9:05]   ok  took the Metro to Civic Center
 195.1s [6月5日（週四） 上午 9:05]   (shot civic_center skipped: headless)
 202.1s [6月5日（週四） 上午 9:16]   ok  entered Aurelia City Hall
 202.1s [6月5日（週四） 上午 9:16]   (shot city_hall_inside skipped: headless)
 203.2s [6月5日（週四） 上午 9:17]   use "Registration counter"
 205.2s [6月5日（週四） 上午 9:17]   choose "› 我要登记公司。"
 207.6s [6月5日（週四） 上午 9:17]   (shot registration_form skipped: headless)
 207.6s [6月5日（週四） 上午 9:17]   click [Submit] Register & pay
 208.4s [6月5日（週四） 上午 10:04]   (shot registration_done skipped: headless)
 208.4s [6月5日（週四） 上午 10:04]   click "Thanks"
 208.5s [6月5日（週四） 上午 10:04]   ok  registered Riverlight Goods
 208.5s [6月5日（週四） 上午 10:04]   (shot decision_low_cash_warning skipped: headless)
 208.5s [6月5日（週四） 上午 10:04]   decision low_cash_warning → reduce
 208.5s [6月5日（週四） 上午 10:04]   click [Choice_reduce] 缩减开支（暂停广告、生活从简）
 209.8s [6月5日（週四） 上午 10:04]   (shot decision_outcome_low_cash_warning skipped: headless)
 209.8s [6月5日（週四） 上午 10:04]   click "OK"
 212.6s [6月5日（週四） 上午 10:09]   ok  walked back outside
 212.6s [6月5日（週四） 上午 10:09] STEP Walk to the Financial District → Nexus Bank
 222.1s [6月5日（週四） 上午 10:29]   ok  walked to Financial District
 226.2s [6月5日（週四） 上午 10:35]   ok  entered Nexus Bank
 226.2s [6月5日（週四） 上午 10:35]   (shot bank_inside skipped: headless)
 227.2s [6月5日（週四） 上午 10:37]   use "Teller — business banking"
 227.9s [6月5日（週四） 上午 10:38]   click "$15,000"
 228.0s [6月5日（週四） 上午 10:38]   click [OpenAccount] 存入 $15,000 开户
 228.8s [6月5日（週四） 上午 11:09]   (shot bank_account_opened skipped: headless)
 229.2s [6月5日（週四） 上午 11:10]   ok  business account opened with founder capital
 231.5s [6月5日（週四） 上午 11:14]   ok  walked back outside
 231.5s [6月5日（週四） 上午 11:14] STEP Metro to Startup Hub → lease Suite 2B
 237.8s [6月5日（週四） 上午 11:24]   use "捷运——金融区站"
 238.7s [6月5日（週四） 上午 11:25]   (shot metro_startup_hub skipped: headless)
 238.7s [6月5日（週四） 上午 11:25]   click [Go_startup_hub] 新创园区  ·  8 分钟
 239.7s [6月5日（週四） 上午 11:34]   ok  took the Metro to Startup Hub
 244.7s [6月5日（週四） 上午 11:42]   ok  entered 22 Founders Lane
 244.7s [6月5日（週四） 上午 11:42]   (shot suite_2b_tour skipped: headless)
 245.7s [6月5日（週四） 上午 11:43]   use "和 Tom 说话"
 248.0s [6月5日（週四） 上午 11:43]   click [SignLease] Sign the lease
 249.0s [6月5日（週四） 上午 11:45]   ok  leased Suite 2B
 249.6s [6月5日（週四） 上午 11:45]   (shot suite_2b_company_sign skipped: headless)
 249.6s [6月5日（週四） 上午 11:45] STEP Sit at the desk → Company OS as the company
 250.2s [6月5日（週四） 上午 11:46]   use "Sit at your desk — Company OS"
 251.4s [6月5日（週四） 上午 11:48]   (shot company_os_as_company skipped: headless)
 251.4s [6月5日（週四） 上午 11:48]   click [Tab_finance] Finance
 251.9s [6月5日（週四） 上午 11:49]   (shot company_os_finance skipped: headless)
 251.9s [6月5日（週四） 上午 11:49]   click [Tab_inventory] Inventory
 252.4s [6月5日（週四） 上午 11:50]   (shot company_os_inventory skipped: headless)
 255.7s [6月5日（週四） 上午 11:55]   ok  Chapter 3 complete
 258.0s [6月5日（週四） 上午 11:59]   ok  walked back outside
 258.0s [6月5日（週四） 上午 11:59]   (shot startup_hub_office_sign skipped: headless)
 258.0s [6月5日（週四） 上午 11:59] STEP Careers — part-time job at Nexus Co-work
 264.5s [6月5日（週四） 下午 12:09]   ok  entered Nexus Co-work
 266.6s [6月5日（週四） 下午 12:12]   use "Business Board"
 267.3s [6月5日（週四） 下午 12:13]   click [Page_jobs] Part-time jobs
 267.8s [6月5日（週四） 下午 12:14]   (shot business_board_jobs skipped: headless)
 267.8s [6月5日（週四） 下午 12:14]   click [Job_cowork_host] 详情／应征
 268.4s [6月5日（週四） 下午 12:15]   click [ApplyJob] Take the job
 268.8s [6月5日（週四） 下午 12:15]   (shot job_hired skipped: headless)
 269.8s [6月5日（週四） 下午 12:17]   ok  hired as a community host
 270.3s [6月5日（週四） 下午 12:17]   use "Staff door — work a shift"
 271.0s [6月5日（週四） 下午 12:18]   (shot job_shift skipped: headless)
 271.0s [6月5日（週四） 下午 12:18]   click [WorkShift] 开始 4 小时的班（最多 +$72.00）
 272.8s [6月5日（週四） 下午 4:19]   ok  a 4-hour shift paid by how it went ($67.68)
 272.8s [6月5日（週四） 下午 4:19] STEP Careers — freelance gig at a hot desk
 272.8s [6月5日（週四） 下午 4:19]   info card: Your first business loop
 272.8s [6月5日（週四） 下午 4:19]   (shot info_your_first_business_loop skipped: headless)
 272.8s [6月5日（週四） 下午 4:19]   click "Let's go"
 276.9s [6月5日（週四） 下午 4:25]   use "Work at a hot desk — Company OS"
 277.5s [6月5日（週四） 下午 4:26]   click [Tab_freelance] Freelance
 278.0s [6月5日（週四） 下午 4:26]   click [StartFreelance] Start freelancing
 278.5s [6月5日（週四） 下午 4:27]   click [Accept_G1] Accept
 279.0s [6月5日（週四） 下午 4:28]   click [Work_G1] 工作 2 小时
 279.7s [6月5日（週四） 下午 6:29]   (shot freelance_gig skipped: headless)
 279.7s [6月5日（週四） 下午 6:29]   ok  put hours into a freelance gig
 279.7s [6月5日（週四） 下午 6:29] STEP Careers — start a SaaS product
 279.7s [6月5日（週四） 下午 6:29]   click [Tab_saas] SaaS
 280.1s [6月5日（週四） 下午 6:29]   (shot saas_ideas skipped: headless)
 280.1s [6月5日（週四） 下午 6:29]   click [Saas_freelancer_invoicing] Build this
 280.5s [6月5日（週四） 下午 6:30]   click [SaasCode] 写程序 2 小时
 281.1s [6月5日（週四） 下午 8:31]   (shot saas_building skipped: headless)
 281.1s [6月5日（週四） 下午 8:31]   ok  started building a SaaS product (2 dev h)
 284.6s [6月5日（週四） 下午 8:37]   ok  walked back outside
 284.6s [6月5日（週四） 下午 8:37] STEP Run the company to month-end
 288.6s [6月5日（週四） 下午 8:55]   ok  walked to Riverside
 304.5s [6月5日（週四） 下午 9:19]   ok  entered Riverside Tower
 306.2s [6月5日（週四） 下午 9:22]   use "Sleep"
 306.8s [6月5日（週四） 下午 9:22]   click [Sleep] Sleep until 7:00 AM
 312.7s [6月6日（週五） 上午 7:07]   use "Packing table"
 313.4s [6月6日（週五） 上午 7:08]   click [Pack] 打包 13 笔订单（1 小时 44 分）
 314.3s [6月6日（週五） 上午 8:53]   click [CourierExpress] 快递 · 快捷 1 天（$132.50）
 319.3s [6月6日（週五） 下午 7:07]   use "Sleep"
 319.9s [6月6日（週五） 下午 7:07]   click [Sleep] Sleep until 7:00 AM
 325.8s [6月7日（週六） 上午 7:07]   use "Packing table"
 326.5s [6月7日（週六） 上午 7:08]   click [Pack] 打包 9 笔订单（1 小时 12 分）
 327.3s [6月7日（週六） 上午 8:21]   click [CourierExpress] 快递 · 快捷 1 天（$89.70）
 332.4s [6月7日（週六） 下午 7:06]   use "Sleep"
 333.0s [6月7日（週六） 下午 7:06]   click [Sleep] Sleep until 7:00 AM
 337.2s [6月8日（週日） 上午 7:04]   use "Packing table"
 337.9s [6月8日（週日） 上午 7:05]   click [Pack] 打包 14 笔订单（1 小时 52 分）
 338.8s [6月8日（週日） 上午 8:58]   click [CourierExpress] 快递 · 快捷 1 天（$134.20）
 343.8s [6月8日（週日） 下午 7:06]   use "Sleep"
 344.4s [6月8日（週日） 下午 7:06]   click [Sleep] Sleep until 7:00 AM
 350.3s [6月9日（週一） 上午 7:07]   use "Packing table"
 350.9s [6月9日（週一） 上午 7:08]   click [Pack] 打包 7 笔订单（56 分钟）
 351.8s [6月9日（週一） 上午 8:05]   click [CourierExpress] 快递 · 快捷 1 天（$75.50）
 356.9s [6月9日（週一） 下午 7:06]   use "Sleep"
 357.4s [6月9日（週一） 下午 7:06]   click [Sleep] Sleep until 7:00 AM
 363.3s [6月10日（週二） 上午 7:07]   use "Packing table"
 364.0s [6月10日（週二） 上午 7:08]   click [Pack] 打包 14 笔订单（1 小时 52 分）
 364.8s [6月10日（週二） 上午 9:01]   click [CourierExpress] 快递 · 快捷 1 天（$145.00）
 369.9s [6月10日（週二） 下午 7:06]   use "Sleep"
 370.5s [6月10日（週二） 下午 7:06]   click [Sleep] Sleep until 7:00 AM
 374.7s [6月11日（週三） 上午 7:04]   use "Packing table"
 375.4s [6月11日（週三） 上午 7:05]   click [Pack] 打包 14 笔订单（1 小时 52 分）
 376.3s [6月11日（週三） 上午 8:58]   click [CourierExpress] 快递 · 快捷 1 天（$155.80）
 381.3s [6月11日（週三） 下午 7:06]   use "Sleep"
 381.9s [6月11日（週三） 下午 7:06]   click [Sleep] Sleep until 7:00 AM
 387.8s [6月12日（週四） 上午 7:07]   use "Packing table"
 388.4s [6月12日（週四） 上午 7:08]   click [Pack] 打包 13 笔订单（1 小时 44 分）
 389.3s [6月12日（週四） 上午 8:53]   click [CourierExpress] 快递 · 快捷 1 天（$125.30）
 390.3s [6月12日（週四） 下午 7:00]   (shot decision_supplier_price_increase skipped: headless)
 390.3s [6月12日（週四） 下午 7:00]   decision supplier_price_increase → accept
 390.3s [6月12日（週四） 下午 7:00]   click [Choice_accept] 好。继续跟你进货。
 391.5s [6月12日（週四） 下午 7:00]   (shot decision_outcome_supplier_price_increase skipped: headless)
 391.5s [6月12日（週四） 下午 7:00]   click "OK"
 396.1s [6月12日（週四） 下午 7:06]   use "Sleep"
 396.7s [6月12日（週四） 下午 7:06]   click [Sleep] Sleep until 7:00 AM
 400.9s [6月13日（週五） 上午 7:04]   use "Packing table"
 401.6s [6月13日（週五） 上午 7:05]   click [Pack] 打包 21 笔订单（2 小时 48 分）
 402.5s [6月13日（週五） 上午 9:54]   click [CourierExpress] 快递 · 快捷 1 天（$210.90）
 407.5s [6月13日（週五） 下午 7:06]   use "Sleep"
 408.1s [6月13日（週五） 下午 7:06]   click [Sleep] Sleep until 7:00 AM
 414.0s [6月14日（週六） 上午 7:07]   use "Packing table"
 414.6s [6月14日（週六） 上午 7:08]   click [Pack] 打包 11 笔订单（1 小时 28 分）
 415.5s [6月14日（週六） 上午 8:37]   click [CourierExpress] 快递 · 快捷 1 天（$111.10）
 417.9s [6月14日（週六） 上午 8:40]   use "Use laptop — Company OS"
 418.5s [6月14日（週六） 上午 8:41]   click [Tab_operations] Operations
 418.5s [6月14日（週六） 上午 8:41]   click [DeliverTo_riverside_studio] 河滨大楼 7C
 418.6s [6月14日（週六） 上午 8:42]   click [Buy_tradelink_wholesale_water_bottle] 购买 $408
 419.1s [6月14日（週六） 下午 7:00]   (shot decision_customer_return skipped: headless)
 419.1s [6月14日（週六） 下午 7:00]   decision customer_return → replace
 419.1s [6月14日（週六） 下午 7:00]   click [Choice_replace] 寄一个新的
 420.3s [6月14日（週六） 下午 7:00]   (shot decision_outcome_customer_return skipped: headless)
 420.3s [6月14日（週六） 下午 7:00]   click "OK"
 423.7s [6月14日（週六） 下午 7:05]   use "Sleep"
 424.3s [6月14日（週六） 下午 7:05]   click [Sleep] Sleep until 7:00 AM
 430.1s [6月15日（週日） 上午 7:07]   use "Packing table"
 430.8s [6月15日（週日） 上午 7:08]   click [Pack] 打包 15 笔订单（2 h）
 431.7s [6月15日（週日） 上午 9:09]   click [CourierExpress] 快递 · 快捷 1 天（$146.70）
 434.1s [6月15日（週日） 上午 9:12]   use "Use laptop — Company OS"
 434.7s [6月15日（週日） 上午 9:13]   click [Tab_operations] Operations
 434.7s [6月15日（週日） 上午 9:13]   click [DeliverTo_riverside_studio] 河滨大楼 7C
 434.8s [6月15日（週日） 上午 9:14]   click [Buy_tradelink_wholesale_water_bottle] 购买 $408
 436.6s [6月15日（週日） 下午 7:02]   use "Sleep"
 437.2s [6月15日（週日） 下午 7:02]   click [Sleep] Sleep until 7:00 AM
 443.0s [6月16日（週一） 上午 7:07]   use "Packing table"
 443.7s [6月16日（週一） 上午 7:08]   click [Pack] 打包 8 笔订单（1 小时 4 分）
 444.6s [6月16日（週一） 上午 8:13]   click [CourierExpress] 快递 · 快捷 1 天（$77.20）
 447.0s [6月16日（週一） 上午 8:16]   use "Use laptop — Company OS"
 447.6s [6月16日（週一） 上午 8:17]   click [Tab_operations] Operations
 447.6s [6月16日（週一） 上午 8:17]   click [DeliverTo_riverside_studio] 河滨大楼 7C
 447.7s [6月16日（週一） 上午 8:18]   click [Buy_tradelink_wholesale_water_bottle] 购买 $408
 451.1s [6月16日（週一） 下午 7:05]   use "Sleep"
 451.7s [6月16日（週一） 下午 7:05]   click [Sleep] Sleep until 7:00 AM
 453.4s [6月17日（週二） 上午 7:00]   (shot decision_customer_return skipped: headless)
 453.4s [6月17日（週二） 上午 7:00]   decision customer_return → replace
 453.4s [6月17日（週二） 上午 7:00]   click [Choice_replace] 寄一个新的
 454.7s [6月17日（週二） 上午 7:00]   (shot decision_outcome_customer_return skipped: headless)
 454.7s [6月17日（週二） 上午 7:00]   click "OK"
 459.3s [6月17日（週二） 上午 7:06]   use "Packing table"
 460.0s [6月17日（週二） 上午 7:07]   click [Pack] 打包 17 笔订单（2 小时 16 分）
 460.8s [6月17日（週二） 上午 9:24]   click [CourierExpress] 快递 · 快捷 1 天（$164.50）
 465.9s [6月17日（週二） 下午 7:06]   use "Sleep"
 466.5s [6月17日（週二） 下午 7:06]   click [Sleep] Sleep until 7:00 AM
 472.3s [6月18日（週三） 上午 7:07]   use "Packing table"
 473.0s [6月18日（週三） 上午 7:08]   click [Pack] 打包 14 笔订单（1 小时 52 分）
 473.9s [6月18日（週三） 上午 9:01]   click [CourierExpress] 快递 · 快捷 1 天（$141.40）
 478.9s [6月18日（週三） 下午 7:06]   use "Sleep"
 479.5s [6月18日（週三） 下午 7:06]   click [Sleep] Sleep until 7:00 AM
 483.8s [6月19日（週四） 上午 7:04]   use "Packing table"
 484.5s [6月19日（週四） 上午 7:05]   click [Pack] 打包 16 笔订单（2 小时 8 分）
 485.3s [6月19日（週四） 上午 9:14]   click [CourierExpress] 快递 · 快捷 1 天（$162.80）
 487.7s [6月19日（週四） 上午 9:17]   use "Use laptop — Company OS"
 488.3s [6月19日（週四） 上午 9:18]   click [Tab_operations] Operations
 488.4s [6月19日（週四） 上午 9:18]   click [DeliverTo_riverside_studio] 河滨大楼 7C
 488.4s [6月19日（週四） 上午 9:18]   click [Buy_tradelink_wholesale_wireless_earbuds] 购买 $900
 491.8s [6月19日（週四） 下午 7:05]   use "Sleep"
 492.4s [6月19日（週四） 下午 7:05]   click [Sleep] Sleep until 7:00 AM
 498.3s [6月20日（週五） 上午 7:07]   use "Packing table"
 499.0s [6月20日（週五） 上午 7:08]   click [Pack] 打包 15 笔订单（2 h）
 499.8s [6月20日（週五） 上午 9:09]   click [CourierExpress] 快递 · 快捷 1 天（$143.10）
 502.2s [6月20日（週五） 上午 9:12]   use "Use laptop — Company OS"
 502.8s [6月20日（週五） 上午 9:13]   click [Tab_operations] Operations
 502.9s [6月20日（週五） 上午 9:13]   click [DeliverTo_riverside_studio] 河滨大楼 7C
 503.0s [6月20日（週五） 上午 9:13]   click [Buy_tradelink_wholesale_wireless_earbuds] 购买 $900
 506.4s [6月20日（週五） 下午 7:05]   use "Sleep"
 506.9s [6月20日（週五） 下午 7:05]   click [Sleep] Sleep until 7:00 AM
 511.2s [6月21日（週六） 上午 7:04]   use "Packing table"
 511.9s [6月21日（週六） 上午 7:05]   click [Pack] 打包 9 笔订单（1 小时 12 分）
 512.7s [6月21日（週六） 上午 8:18]   click [CourierExpress] 快递 · 快捷 1 天（$86.10）
 515.1s [6月21日（週六） 上午 8:21]   use "Use laptop — Company OS"
 515.7s [6月21日（週六） 上午 8:22]   click [Tab_operations] Operations
 515.8s [6月21日（週六） 上午 8:22]   click [DeliverTo_riverside_studio] 河滨大楼 7C
 515.9s [6月21日（週六） 上午 8:22]   click [Buy_tradelink_wholesale_wireless_earbuds] 购买 $900
 516.4s [6月21日（週六） 下午 7:00]   (shot decision_unexpected_large_order skipped: headless)
 516.4s [6月21日（週六） 下午 7:00]   decision unexpected_large_order → review
 516.4s [6月21日（週六） 下午 7:00]   click [Choice_review] 把合约寄给我，我看看。
 517.6s [6月21日（週六） 下午 7:00]   (shot decision_outcome_unexpected_large_order skipped: headless)
 517.6s [6月21日（週六） 下午 7:00]   click "OK"
 518.1s [6月21日（週六） 下午 7:00]   (shot decision_customer_return skipped: headless)
 518.1s [6月21日（週六） 下午 7:00]   decision customer_return → refund
 518.1s [6月21日（週六） 下午 7:00]   click [Choice_refund] 退款＋收回商品
 519.3s [6月21日（週六） 下午 7:00]   (shot decision_outcome_customer_return skipped: headless)
 519.3s [6月21日（週六） 下午 7:00]   click "OK"
 519.8s [6月21日（週六） 下午 7:00]   (shot decision_customer_return skipped: headless)
 519.8s [6月21日（週六） 下午 7:00]   decision customer_return → refund
 519.8s [6月21日（週六） 下午 7:00]   click [Choice_refund] 退款＋收回商品
 521.0s [6月21日（週六） 下午 7:00]   (shot decision_outcome_customer_return skipped: headless)
 521.0s [6月21日（週六） 下午 7:00]   click "OK"
 524.4s [6月21日（週六） 下午 7:05]   use "Sleep"
 525.0s [6月21日（週六） 下午 7:05]   click [Sleep] Sleep until 7:00 AM
 529.2s [6月22日（週日） 上午 7:04]   use "Packing table"
 529.9s [6月22日（週日） 上午 7:05]   click [Pack] 打包 10 笔订单（1 小时 20 分）
 530.7s [6月22日（週日） 上午 8:26]   click [CourierExpress] 快递 · 快捷 1 天（$95.00）
 533.1s [6月22日（週日） 上午 8:29]   use "Use laptop — Company OS"
 533.7s [6月22日（週日） 上午 8:30]   click [Tab_contracts] 合约 ●
 534.2s [6月22日（週日） 上午 8:31]   (shot contract_offer skipped: headless)
 534.2s [6月22日（週日） 上午 8:31]   click [AcceptContract] Accept
 538.1s [6月22日（週日） 下午 7:05]   use "Sleep"
 538.7s [6月22日（週日） 下午 7:05]   click [Sleep] Sleep until 7:00 AM
 542.9s [6月23日（週一） 上午 7:04]   use "Packing table"
 543.6s [6月23日（週一） 上午 7:05]   click [Pack] 打包 8 笔订单（1 小时 4 分）
 544.5s [6月23日（週一） 上午 8:10]   click [CourierExpress] 快递 · 快捷 1 天（$80.80）
 546.9s [6月23日（週一） 上午 8:13]   use "Use laptop — Company OS"
 547.5s [6月23日（週一） 上午 8:14]   click [Tab_contracts] Contracts
 547.9s [6月23日（週一） 上午 8:15]   click [DeliverContract] 打包并交货 120 件（B2B 货运 $40）
 548.5s [6月23日（週一） 上午 9:46]   (shot contract_delivered skipped: headless)
 548.8s [6月23日（週一） 下午 7:00]   (shot decision_customer_return skipped: headless)
 548.8s [6月23日（週一） 下午 7:00]   decision customer_return → replace
 548.8s [6月23日（週一） 下午 7:00]   click [Choice_replace] 寄一个新的
 550.1s [6月23日（週一） 下午 7:00]   (shot decision_outcome_customer_return skipped: headless)
 550.1s [6月23日（週一） 下午 7:00]   click "OK"
 550.5s [6月23日（週一） 下午 7:00]   (shot decision_viral_mention skipped: headless)
 550.5s [6月23日（週一） 下午 7:00]   decision viral_mention → ride
 550.5s [6月23日（週一） 下午 7:00]   click [Choice_ride] 顺其自然
 551.8s [6月23日（週一） 下午 7:00]   (shot decision_outcome_viral_mention skipped: headless)
 551.8s [6月23日（週一） 下午 7:00]   click "OK"
 555.2s [6月23日（週一） 下午 7:05]   use "Sleep"
 555.8s [6月23日（週一） 下午 7:05]   click [Sleep] Sleep until 7:00 AM
 561.6s [6月24日（週二） 上午 7:07]   use "Packing table"
 562.3s [6月24日（週二） 上午 7:08]   click [Pack] 打包 6 笔订单（48 分钟）
 563.1s [6月24日（週二） 上午 7:57]   click [CourierExpress] 快递 · 快捷 1 天（$59.40）
 564.1s [6月24日（週二） 下午 7:00]   (shot decision_customer_return skipped: headless)
 564.1s [6月24日（週二） 下午 7:00]   decision customer_return → replace
 564.1s [6月24日（週二） 下午 7:00]   click [Choice_replace] 寄一个新的
 565.4s [6月24日（週二） 下午 7:00]   (shot decision_outcome_customer_return skipped: headless)
 565.4s [6月24日（週二） 下午 7:00]   click "OK"
 569.9s [6月24日（週二） 下午 7:06]   use "Sleep"
 570.5s [6月24日（週二） 下午 7:06]   click [Sleep] Sleep until 7:00 AM
 576.3s [6月25日（週三） 上午 7:07]   use "Packing table"
 577.0s [6月25日（週三） 上午 7:08]   click [Pack] 打包 10 笔订单（1 小时 20 分）
 577.9s [6月25日（週三） 上午 8:29]   click [CourierExpress] 快递 · 快捷 1 天（$95.00）
 580.3s [6月25日（週三） 上午 8:32]   use "Use laptop — Company OS"
 580.9s [6月25日（週三） 上午 8:33]   click [Tab_operations] Operations
 580.9s [6月25日（週三） 上午 8:33]   click [DeliverTo_riverside_studio] 河滨大楼 7C
 581.0s [6月25日（週三） 上午 8:34]   click [Buy_tradelink_wholesale_water_bottle] 购买 $408
 582.8s [6月25日（週三） 下午 7:02]   use "Sleep"
 583.4s [6月25日（週三） 下午 7:02]   click [Sleep] Sleep until 7:00 AM
 589.3s [6月26日（週四） 上午 7:07]   use "Packing table"
 590.0s [6月26日（週四） 上午 7:08]   click [Pack] 打包 25 笔订单（3 小时 20 分）
 590.8s [6月26日（週四） 上午 10:29]   click [CourierExpress] 快递 · 快捷 1 天（$228.50）
 591.8s [6月26日（週四） 上午 10:30]   (shot decision_customer_return skipped: headless)
 591.8s [6月26日（週四） 上午 10:30]   decision customer_return → refund
 591.8s [6月26日（週四） 上午 10:30]   click [Choice_refund] 退款＋收回商品
 593.0s [6月26日（週四） 上午 10:30]   (shot decision_outcome_customer_return skipped: headless)
 593.0s [6月26日（週四） 上午 10:30]   click "OK"
 594.9s [6月26日（週四） 上午 10:32]   use "Use laptop — Company OS"
 595.5s [6月26日（週四） 上午 10:33]   click [Tab_operations] Operations
 595.6s [6月26日（週四） 上午 10:33]   click [DeliverTo_riverside_studio] 河滨大楼 7C
 595.7s [6月26日（週四） 上午 10:33]   click [Buy_tradelink_wholesale_water_bottle] 购买 $408
 599.1s [6月26日（週四） 下午 7:04]   use "Sleep"
 599.7s [6月26日（週四） 下午 7:04]   click [Sleep] Sleep until 7:00 AM
 605.5s [6月27日（週五） 上午 7:07]   use "Packing table"
 606.2s [6月27日（週五） 上午 7:08]   click [Pack] 打包 9 笔订单（1 小时 12 分）
 607.0s [6月27日（週五） 上午 8:21]   click [CourierExpress] 快递 · 快捷 1 天（$86.10）
 609.4s [6月27日（週五） 上午 8:24]   use "Use laptop — Company OS"
 610.0s [6月27日（週五） 上午 8:25]   click [Tab_operations] Operations
 610.1s [6月27日（週五） 上午 8:25]   click [DeliverTo_riverside_studio] 河滨大楼 7C
 610.2s [6月27日（週五） 上午 8:26]   click [Buy_tradelink_wholesale_water_bottle] 购买 $408
 613.6s [6月27日（週五） 下午 7:05]   use "Sleep"
 614.1s [6月27日（週五） 下午 7:05]   click [Sleep] Sleep until 7:00 AM
 615.9s [6月28日（週六） 上午 7:00]   (shot decision_customer_return skipped: headless)
 615.9s [6月28日（週六） 上午 7:00]   decision customer_return → replace
 615.9s [6月28日（週六） 上午 7:00]   click [Choice_replace] 寄一个新的
 617.1s [6月28日（週六） 上午 7:00]   (shot decision_outcome_customer_return skipped: headless)
 617.1s [6月28日（週六） 上午 7:00]   click "OK"
 621.7s [6月28日（週六） 上午 7:06]   use "Packing table"
 622.4s [6月28日（週六） 上午 7:07]   click [Pack] 打包 10 笔订单（1 小时 20 分）
 623.2s [6月28日（週六） 上午 8:29]   click [CourierExpress] 快递 · 快捷 1 天（$95.00）
 624.2s [6月28日（週六） 下午 7:00]   (shot decision_customer_return skipped: headless)
 624.2s [6月28日（週六） 下午 7:00]   decision customer_return → replace
 624.2s [6月28日（週六） 下午 7:00]   click [Choice_replace] 寄一个新的
 625.5s [6月28日（週六） 下午 7:00]   (shot decision_outcome_customer_return skipped: headless)
 625.5s [6月28日（週六） 下午 7:00]   click "OK"
 630.0s [6月28日（週六） 下午 7:06]   use "Sleep"
 630.6s [6月28日（週六） 下午 7:06]   click [Sleep] Sleep until 7:00 AM
 632.3s [6月29日（週日） 上午 7:00]   (shot decision_customer_return skipped: headless)
 632.3s [6月29日（週日） 上午 7:00]   decision customer_return → replace
 632.3s [6月29日（週日） 上午 7:00]   click [Choice_replace] 寄一个新的
 633.6s [6月29日（週日） 上午 7:00]   (shot decision_outcome_customer_return skipped: headless)
 633.6s [6月29日（週日） 上午 7:00]   click "OK"
 638.1s [6月29日（週日） 上午 7:06]   use "Packing table"
 638.8s [6月29日（週日） 上午 7:07]   click [Pack] 打包 3 笔订单（24 分钟）
 639.7s [6月29日（週日） 上午 7:32]   click [CourierExpress] 快递 · 快捷 1 天（$32.70）
 640.7s [6月29日（週日） 下午 7:00]   (shot decision_customer_return skipped: headless)
 640.7s [6月29日（週日） 下午 7:00]   decision customer_return → replace
 640.7s [6月29日（週日） 下午 7:00]   click [Choice_replace] 寄一个新的
 641.9s [6月29日（週日） 下午 7:00]   (shot decision_outcome_customer_return skipped: headless)
 641.9s [6月29日（週日） 下午 7:00]   click "OK"
 642.4s [6月29日（週日） 下午 7:00]   (shot decision_customer_return skipped: headless)
 642.4s [6月29日（週日） 下午 7:00]   decision customer_return → replace
 642.4s [6月29日（週日） 下午 7:00]   click [Choice_replace] 寄一个新的
 643.6s [6月29日（週日） 下午 7:00]   (shot decision_outcome_customer_return skipped: headless)
 643.6s [6月29日（週日） 下午 7:00]   click "OK"
 648.2s [6月29日（週日） 下午 7:06]   use "Sleep"
 648.8s [6月29日（週日） 下午 7:06]   click [Sleep] Sleep until 7:00 AM
 654.6s [6月30日（週一） 上午 7:07]   use "Packing table"
 655.3s [6月30日（週一） 上午 7:08]   click [Pack] 打包 6 笔订单（48 分钟）
 656.2s [6月30日（週一） 上午 7:57]   click [CourierExpress] 快递 · 快捷 1 天（$59.40）
 661.2s [6月30日（週一） 下午 7:06]   use "Sleep"
 661.8s [6月30日（週一） 下午 7:06]   click [Sleep] Sleep until 7:00 AM
 665.0s [7月1日（週二） 上午 7:00]   (shot month_close_report skipped: headless)
 665.0s [7月1日（週二） 上午 7:00]   click [month close] Continue
 669.6s [7月1日（週二） 上午 7:06]   use "Packing table"
 670.3s [7月1日（週二） 上午 7:07]   click [Pack] 打包 5 笔订单（40 分钟）
 671.1s [7月1日（週二） 上午 7:49]   click [CourierExpress] 快递 · 快捷 1 天（$50.50）
 673.1s [7月1日（週二） 上午 7:52]   ok  month close ran (June)
 674.5s [7月1日（週二） 上午 7:54]   use "Use laptop — Company OS"
 675.1s [7月1日（週二） 上午 7:55]   click [Tab_finance] Finance
 675.7s [7月1日（週二） 上午 7:55]   (shot company_os_finance_july skipped: headless)
 676.1s [7月1日（週二） 上午 7:56]   ok  Chapter 4 started after the June close
 676.1s [7月1日（週二） 上午 7:56] STEP Chapter 4 — register as an employer at City Hall
 678.7s [7月1日（週二） 上午 8:01]   ok  walked back outside
 687.9s [7月1日（週二） 上午 8:15]   use "捷运——河滨区站"
 688.8s [7月1日（週二） 上午 8:16]   (shot metro_civic_center skipped: headless)
 688.8s [7月1日（週二） 上午 8:16]   click [Go_civic_center] 市政中心  ·  12 分钟
 689.8s [7月1日（週二） 上午 8:30]   ok  took the Metro to Civic Center
 697.1s [7月1日（週二） 上午 9:16]   ok  entered Aurelia City Hall
 698.8s [7月1日（週二） 上午 9:18]   use "Permits & regulations"
 699.5s [7月1日（週二） 上午 9:19]   (shot permits_kiosk skipped: headless)
 699.5s [7月1日（週二） 上午 9:19]   click [RegisterEmployer] 登记（$150）
 700.3s [7月1日（週二） 上午 9:40]   ok  registered as an employer
 700.3s [7月1日（週二） 上午 9:40] STEP Chapter 4 — post a job, hire, first payroll
 703.3s [7月1日（週二） 上午 9:46]   ok  walked back outside
 708.8s [7月1日（週二） 上午 9:54]   use "捷运——市政中心站"
 709.7s [7月1日（週二） 上午 9:55]   (shot metro_riverside skipped: headless)
 709.7s [7月1日（週二） 上午 9:55]   click [Go_riverside] 河滨区  ·  12 分钟
 710.7s [7月1日（週二） 上午 10:09]   ok  took the Metro to Riverside
 719.8s [7月1日（週二） 上午 10:23]   ok  entered Riverside Tower
 721.1s [7月1日（週二） 上午 10:25]   use "Use laptop — Company OS"
 721.7s [7月1日（週二） 上午 10:25]   click [Tab_people] People
 722.2s [7月1日（週二） 上午 10:26]   (shot people_tab skipped: headless)
 722.2s [7月1日（週二） 上午 10:26]   click [Post_support] Post job
 723.0s [7月1日（週二） 上午 10:27]   ok  job ad posted
 723.0s [7月1日（週二） 上午 10:27]   (harness) wait 2 h
 726.7s [7月1日（週二） 下午 12:33]   use "Packing table"
 727.3s [7月1日（週二） 下午 12:34]   click [Pack] 打包 3 笔订单（24 分钟）
 728.2s [7月1日（週二） 下午 12:59]   click [CourierExpress] 快递 · 快捷 1 天（$32.70）
 729.2s [7月1日（週二） 下午 1:01]   (harness) wait 2 h
 729.8s [7月1日（週二） 下午 3:02]   (shot decision_supplier_price_increase skipped: headless)
 729.8s [7月1日（週二） 下午 3:02]   decision supplier_price_increase → accept
 729.8s [7月1日（週二） 下午 3:02]   click [Choice_accept] 好。继续跟你进货。
 731.0s [7月1日（週二） 下午 3:02]   (shot decision_outcome_supplier_price_increase skipped: headless)
 731.0s [7月1日（週二） 下午 3:02]   click "OK"
 731.5s [7月1日（週二） 下午 3:02]   (harness) wait 2 h
 732.1s [7月1日（週二） 下午 5:03]   (harness) wait 2 h
 736.8s [7月1日（週二） 下午 7:10]   use "Sleep"
 737.4s [7月1日（週二） 下午 7:10]   click [Sleep] Sleep until 7:00 AM
 743.2s [7月2日（週三） 上午 7:07]   use "Packing table"
 743.9s [7月2日（週三） 上午 7:08]   click [Pack] 打包 3 笔订单（24 分钟）
 744.7s [7月2日（週三） 上午 7:33]   click [CourierExpress] 快递 · 快捷 1 天（$32.70）
 747.1s [7月2日（週三） 上午 7:36]   use "Use laptop — Company OS"
 747.7s [7月2日（週三） 上午 7:37]   click [Tab_people] People
 748.3s [7月2日（週三） 上午 7:38]   (shot applicants skipped: headless)
 748.3s [7月2日（週三） 上午 7:38]   click [Hire_E1] Hire
 749.1s [7月2日（週三） 上午 7:39]   ok  hired the first employee (Mei Hughes)
 749.1s [7月2日（週三） 下午 7:00]   (shot decision_customer_return skipped: headless)
 749.1s [7月2日（週三） 下午 7:00]   decision customer_return → replace
 749.1s [7月2日（週三） 下午 7:00]   click [Choice_replace] 寄一个新的
 750.4s [7月2日（週三） 下午 7:00]   (shot decision_outcome_customer_return skipped: headless)
 750.4s [7月2日（週三） 下午 7:00]   click "OK"
 753.7s [7月2日（週三） 下午 7:05]   use "Sleep"
 754.3s [7月2日（週三） 下午 7:05]   click [Sleep] Sleep until 7:00 AM
 760.2s [7月3日（週四） 上午 7:07]   use "Packing table"
 760.9s [7月3日（週四） 上午 7:08]   click [Pack] 打包 4 笔订单（32 分钟）
 761.7s [7月3日（週四） 上午 7:41]   click [CourierExpress] 快递 · 快捷 1 天（$41.60）
 766.8s [7月3日（週四） 下午 7:06]   use "Sleep"
 767.4s [7月3日（週四） 下午 7:06]   click [Sleep] Sleep until 7:00 AM
 773.2s [7月4日（週五） 上午 7:07]   use "Packing table"
 773.9s [7月4日（週五） 上午 7:08]   click [Pack] 打包 6 笔订单（48 分钟）
 774.7s [7月4日（週五） 上午 7:57]   click [CourierExpress] 快递 · 快捷 1 天（$59.40）
 779.8s [7月4日（週五） 下午 7:06]   use "Sleep"
 780.4s [7月4日（週五） 下午 7:06]   click [Sleep] Sleep until 7:00 AM
 786.2s [7月5日（週六） 上午 7:07]   use "Packing table"
 786.9s [7月5日（週六） 上午 7:08]   click [Pack] 打包 5 笔订单（40 分钟）
 787.7s [7月5日（週六） 上午 7:49]   click [CourierExpress] 快递 · 快捷 1 天（$50.50）
 788.7s [7月5日（週六） 上午 7:50]   ok  first payroll paid
 790.1s [7月5日（週六） 上午 7:52]   use "Use laptop — Company OS"
 790.7s [7月5日（週六） 上午 7:53]   click [Tab_finance] Finance
 791.3s [7月5日（週六） 上午 7:54]   (shot cash_forecast skipped: headless)
 792.7s [7月5日（週六） 上午 7:56]   ok  Chapter 4 complete
 792.7s [7月5日（週六） 上午 7:56] STEP Chapter 5 — Crestline's offer
 795.6s [7月5日（週六） 下午 7:05]   use "Sleep"
 796.2s [7月5日（週六） 下午 7:05]   click [Sleep] Sleep until 7:00 AM
 802.0s [7月6日（週日） 上午 7:07]   use "Packing table"
 802.7s [7月6日（週日） 上午 7:08]   click [Pack] 打包 4 笔订单（32 分钟）
 803.5s [7月6日（週日） 上午 7:41]   click [CourierExpress] 快递 · 快捷 1 天（$41.60）
 808.6s [7月6日（週日） 下午 7:06]   use "Sleep"
 809.2s [7月6日（週日） 下午 7:06]   click [Sleep] Sleep until 7:00 AM
 815.0s [7月7日（週一） 上午 7:07]   use "Packing table"
 815.7s [7月7日（週一） 上午 7:08]   click [Pack] 打包 9 笔订单（1 小时 12 分）
 816.6s [7月7日（週一） 上午 8:21]   click [CourierExpress] 快递 · 快捷 1 天（$86.10）
 820.1s [7月7日（週一） 下午 7:04]   use "Sleep"
 820.7s [7月7日（週一） 下午 7:04]   click [Sleep] Sleep until 7:00 AM
 826.5s [7月8日（週二） 上午 7:07]   use "Packing table"
 827.2s [7月8日（週二） 上午 7:08]   click [Pack] 打包 10 笔订单（1 小时 20 分）
 828.0s [7月8日（週二） 上午 8:29]   click [CourierExpress] 快递 · 快捷 1 天（$95.00）
 833.1s [7月8日（週二） 下午 7:06]   use "Sleep"
 833.7s [7月8日（週二） 下午 7:06]   click [Sleep] Sleep until 7:00 AM
 839.6s [7月9日（週三） 上午 7:07]   use "Packing table"
 840.3s [7月9日（週三） 上午 7:08]   click [Pack] 打包 5 笔订单（40 分钟）
 841.1s [7月9日（週三） 上午 7:49]   click [CourierExpress] 快递 · 快捷 1 天（$50.50）
 846.2s [7月9日（週三） 下午 7:06]   use "Sleep"
 846.8s [7月9日（週三） 下午 7:06]   click [Sleep] Sleep until 7:00 AM
 852.6s [7月10日（週四） 上午 7:07]   use "Packing table"
 853.3s [7月10日（週四） 上午 7:08]   click [Pack] 打包 8 笔订单（1 小时 4 分）
 854.2s [7月10日（週四） 上午 8:13]   click [CourierExpress] 快递 · 快捷 1 天（$77.20）
 855.9s [7月10日（週四） 下午 7:02]   (shot decision_crestline_big_offer skipped: headless)
 855.9s [7月10日（週四） 下午 7:02]   decision crestline_big_offer → review
 855.9s [7月10日（週四） 下午 7:02]   click [Choice_review] 把合约寄来，我看看。
 857.2s [7月10日（週四） 下午 7:02]   (shot decision_outcome_crestline_big_offer skipped: headless)
 857.2s [7月10日（週四） 下午 7:02]   click "OK"
 860.9s [7月10日（週四） 下午 7:07]   use "Sleep"
 861.5s [7月10日（週四） 下午 7:07]   click [Sleep] Sleep until 7:00 AM
 867.4s [7月11日（週五） 上午 7:07]   use "Packing table"
 868.0s [7月11日（週五） 上午 7:08]   click [Pack] 打包 10 笔订单（1 小时 20 分）
 868.9s [7月11日（週五） 上午 8:29]   click [CourierExpress] 快递 · 快捷 1 天（$95.00）
 869.9s [7月11日（週五） 上午 8:30]   ok  Crestline offered the big contract
 871.3s [7月11日（週五） 上午 8:32]   use "Use laptop — Company OS"
 871.9s [7月11日（週五） 上午 8:33]   click [Tab_contracts] 合约 ●
 872.4s [7月11日（週五） 上午 8:34]   (shot big_contract_offer skipped: headless)
 872.4s [7月11日（週五） 上午 8:34]   click [AcceptContract] Accept
 873.3s [7月11日（週五） 上午 8:36]   ok  accepted Crestline's contract
 873.3s [7月11日（週五） 上午 8:36] STEP Chapter 5 — borrow from Marcus Reed at Nexus Bank
 875.9s [7月11日（週五） 上午 8:40]   ok  walked back outside
 885.2s [7月11日（週五） 上午 8:54]   use "捷运——河滨区站"
 886.1s [7月11日（週五） 上午 8:56]   (shot metro_financial skipped: headless)
 886.1s [7月11日（週五） 上午 8:56]   click [Go_financial] 金融区  ·  10 分钟
 887.1s [7月11日（週五） 上午 9:07]   ok  took the Metro to Financial District
 894.9s [7月11日（週五） 下午 1:19]   ok  entered Nexus Bank
 896.5s [7月11日（週五） 下午 1:21]   use "和 Marcus Reed 说话"
 899.4s [7月11日（週五） 下午 1:21]   choose "› 让我看看你能借多少。"
 901.2s [7月11日（週五） 下午 1:21]   (shot loan_offer skipped: headless)
 901.2s [7月11日（週五） 下午 1:21]   click [Amt_50] $17,000
 901.3s [7月11日（週五） 下午 1:21]   click [Term_12] 12 个月
 901.4s [7月11日（週五） 下午 1:21]   click [TakeLoan] 借 $17,000
 901.5s [7月11日（週五） 下午 1:21]   click [ConfirmLoan] Confirm loan signing
 901.7s [7月11日（週五） 下午 5:00]   ok  loan signing finishes the same afternoon
 902.2s [7月11日（週五） 下午 5:00]   (shot loan_taken skipped: headless)
 902.5s [7月11日（週五） 下午 5:00]   ok  took a Nexus Bank loan (debt $17,000.00)
 902.5s [7月11日（週五） 下午 5:00] STEP Chapter 5 — order the lamps and deliver
 905.3s [7月11日（週五） 下午 5:05]   ok  walked back outside
 911.3s [7月11日（週五） 下午 5:14]   use "捷运——金融区站"
 912.2s [7月11日（週五） 下午 5:16]   (shot metro_riverside skipped: headless)
 912.2s [7月11日（週五） 下午 5:16]   click [Go_riverside] 河滨区  ·  10 分钟
 913.2s [7月11日（週五） 下午 5:27]   ok  took the Metro to Riverside
 922.3s [7月11日（週五） 下午 5:41]   ok  entered Riverside Tower
 923.6s [7月11日（週五） 下午 5:43]   use "Use laptop — Company OS"
 924.2s [7月11日（週五） 下午 5:44]   click [Tab_contracts] Contracts
 924.7s [7月11日（週五） 下午 5:44]   click [FillContract] 追加订购 800 件，向 TradeLink 批发（$9,200）
 925.3s [7月11日（週五） 下午 5:55]   (shot contract_restock skipped: headless)
 928.4s [7月11日（週五） 下午 7:04]   use "Sleep"
 929.0s [7月11日（週五） 下午 7:04]   click [Sleep] Sleep until 7:00 AM
 934.9s [7月12日（週六） 上午 7:07]   use "Packing table"
 935.5s [7月12日（週六） 上午 7:08]   click [Pack] 打包 5 笔订单（40 分钟）
 936.4s [7月12日（週六） 上午 7:49]   click [CourierExpress] 快递 · 快捷 1 天（$50.50）
 941.4s [7月12日（週六） 下午 7:06]   use "Sleep"
 942.0s [7月12日（週六） 下午 7:06]   click [Sleep] Sleep until 7:00 AM
 942.6s [7月13日（週日） 上午 1:54]   toast: 新评价 #1395：★「坏掉了，卖家不处理。」
 947.9s [7月13日（週日） 上午 7:07]   use "Packing table"
 948.5s [7月13日（週日） 上午 7:08]   click [Pack] 打包 9 笔订单（1 小时 12 分）
 949.4s [7月13日（週日） 上午 8:21]   click [CourierExpress] 快递 · 快捷 1 天（$86.10）
 954.4s [7月13日（週日） 下午 7:06]   use "Sleep"
 955.0s [7月13日（週日） 下午 7:06]   click [Sleep] Sleep until 7:00 AM
 960.9s [7月14日（週一） 上午 7:07]   use "Packing table"
 961.6s [7月14日（週一） 上午 7:08]   click [Pack] 打包 5 笔订单（40 分钟）
 962.4s [7月14日（週一） 上午 7:49]   click [CourierExpress] 快递 · 快捷 1 天（$50.50）
 964.8s [7月14日（週一） 上午 7:52]   use "Use laptop — Company OS"
 965.4s [7月14日（週一） 上午 7:53]   click [Tab_contracts] Contracts
 965.9s [7月14日（週一） 上午 7:54]   click [DeliverContract] 打包并交货 800 件（B2B 货运 $40）
 966.6s [7月14日（週一） 上午 9:25]   (shot big_contract_delivered skipped: headless)
 966.9s [7月14日（週一） 上午 9:26]   ok  delivered 800 lamps to Crestline
 968.0s [7月14日（週一） 上午 9:27]   ok  Chapter 5 complete
 968.0s [7月14日（週一） 上午 9:27] STEP Chapter 6 — forecast, early payment, month in the black
 968.0s [7月14日（週一） 上午 9:27]   use "Use laptop — Company OS"
 968.6s [7月14日（週一） 上午 9:28]   click [Tab_finance] Finance
 969.2s [7月14日（週一） 上午 9:29]   (shot cash_forecast_ch6 skipped: headless)
 969.2s [7月14日（週一） 上午 9:29]   click [Tab_contracts] Contracts
 969.7s [7月14日（週一） 上午 9:30]   click [EarlyPayment] 请对方提前付款（折 3%：现在拿 $21,728）
 970.2s [7月14日（週一） 上午 9:31]   (shot early_payment skipped: headless)
 970.6s [7月14日（週一） 上午 9:31]   ok  Crestline paid early (3% discount)
 973.5s [7月14日（週一） 下午 7:05]   use "Sleep"
 974.1s [7月14日（週一） 下午 7:05]   click [Sleep] Sleep until 7:00 AM
 978.3s [7月15日（週二） 上午 7:04]   use "Packing table"
 979.0s [7月15日（週二） 上午 7:05]   click [Pack] 打包 4 笔订单（32 分钟）
 979.9s [7月15日（週二） 上午 7:38]   click [CourierExpress] 快递 · 快捷 1 天（$41.60）
 980.9s [7月15日（週二） 下午 7:00]   (shot decision_elena_offer skipped: headless)
 980.9s [7月15日（週二） 下午 7:00]   decision elena_offer → accept
 980.9s [7月15日（週二） 下午 7:00]   click [Choice_accept] 以 20% 股份换 $40,000
 982.1s [7月15日（週二） 下午 7:00]   (shot decision_outcome_elena_offer skipped: headless)
 982.1s [7月15日（週二） 下午 7:00]   click "OK"
 986.6s [7月15日（週二） 下午 7:06]   use "Sleep"
 987.2s [7月15日（週二） 下午 7:06]   click [Sleep] Sleep until 7:00 AM
 993.0s [7月16日（週三） 上午 7:07]   use "Packing table"
 993.7s [7月16日（週三） 上午 7:08]   click [Pack] 打包 7 笔订单（56 分钟）
 994.6s [7月16日（週三） 上午 8:05]   click [CourierExpress] 快递 · 快捷 1 天（$68.30）
 999.6s [7月16日（週三） 下午 7:06]   use "Sleep"
1000.2s [7月16日（週三） 下午 7:06]   click [Sleep] Sleep until 7:00 AM
1006.0s [7月17日（週四） 上午 7:07]   use "Packing table"
1006.7s [7月17日（週四） 上午 7:08]   click [Pack] 打包 13 笔订单（1 小时 44 分）
1007.6s [7月17日（週四） 上午 8:53]   click [CourierExpress] 快递 · 快捷 1 天（$121.70）
1012.6s [7月17日（週四） 下午 7:06]   use "Sleep"
1013.2s [7月17日（週四） 下午 7:06]   click [Sleep] Sleep until 7:00 AM
1019.1s [7月18日（週五） 上午 7:07]   use "Packing table"
1019.7s [7月18日（週五） 上午 7:08]   click [Pack] 打包 4 笔订单（32 分钟）
1020.6s [7月18日（週五） 上午 7:41]   click [CourierExpress] 快递 · 快捷 1 天（$41.60）
1025.7s [7月18日（週五） 下午 7:06]   use "Sleep"
1026.2s [7月18日（週五） 下午 7:06]   click [Sleep] Sleep until 7:00 AM
1032.1s [7月19日（週六） 上午 7:07]   use "Packing table"
1032.8s [7月19日（週六） 上午 7:08]   click [Pack] 打包 12 笔订单（1 小时 36 分）
1033.6s [7月19日（週六） 上午 8:45]   click [CourierExpress] 快递 · 快捷 1 天（$112.80）
1038.7s [7月19日（週六） 下午 7:06]   use "Sleep"
1039.3s [7月19日（週六） 下午 7:06]   click [Sleep] Sleep until 7:00 AM
1045.1s [7月20日（週日） 上午 7:07]   use "Packing table"
1045.8s [7月20日（週日） 上午 7:08]   click [Pack] 打包 8 笔订单（1 小时 4 分）
1046.6s [7月20日（週日） 上午 8:13]   click [CourierExpress] 快递 · 快捷 1 天（$77.20）
1047.6s [7月20日（週日） 下午 7:00]   (shot decision_supplier_price_increase skipped: headless)
1047.6s [7月20日（週日） 下午 7:00]   decision supplier_price_increase → accept
1047.6s [7月20日（週日） 下午 7:00]   click [Choice_accept] 好。继续跟你进货。
1048.9s [7月20日（週日） 下午 7:00]   (shot decision_outcome_supplier_price_increase skipped: headless)
1048.9s [7月20日（週日） 下午 7:00]   click "OK"
1053.4s [7月20日（週日） 下午 7:06]   use "Sleep"
1054.0s [7月20日（週日） 下午 7:06]   click [Sleep] Sleep until 7:00 AM
1059.8s [7月21日（週一） 上午 7:07]   use "Packing table"
1060.5s [7月21日（週一） 上午 7:08]   click [Pack] 打包 12 笔订单（1 小时 36 分）
1061.4s [7月21日（週一） 上午 8:45]   click [CourierExpress] 快递 · 快捷 1 天（$112.80）
1064.9s [7月21日（週一） 下午 7:04]   use "Sleep"
1065.5s [7月21日（週一） 下午 7:04]   click [Sleep] Sleep until 7:00 AM
1071.3s [7月22日（週二） 上午 7:07]   use "Packing table"
1072.0s [7月22日（週二） 上午 7:08]   click [Pack] 打包 9 笔订单（1 小时 12 分）
1072.8s [7月22日（週二） 上午 8:21]   click [CourierExpress] 快递 · 快捷 1 天（$86.10）
1077.9s [7月22日（週二） 下午 7:06]   use "Sleep"
1078.5s [7月22日（週二） 下午 7:06]   click [Sleep] Sleep until 7:00 AM
1084.3s [7月23日（週三） 上午 7:07]   use "Packing table"
1085.0s [7月23日（週三） 上午 7:08]   click [Pack] 打包 11 笔订单（1 小时 28 分）
1085.9s [7月23日（週三） 上午 8:37]   click [CourierExpress] 快递 · 快捷 1 天（$103.90）
1089.4s [7月23日（週三） 下午 7:04]   use "Sleep"
1089.9s [7月23日（週三） 下午 7:04]   click [Sleep] Sleep until 7:00 AM
1095.8s [7月24日（週四） 上午 7:07]   use "Packing table"
1096.5s [7月24日（週四） 上午 7:08]   click [Pack] 打包 6 笔订单（48 分钟）
1097.3s [7月24日（週四） 上午 7:57]   click [CourierExpress] 快递 · 快捷 1 天（$59.40）
1100.9s [7月24日（週四） 下午 7:04]   use "Sleep"
1101.4s [7月24日（週四） 下午 7:04]   click [Sleep] Sleep until 7:00 AM
1107.3s [7月25日（週五） 上午 7:07]   use "Packing table"
1107.9s [7月25日（週五） 上午 7:08]   click [Pack] 打包 12 笔订单（1 小时 36 分）
1108.8s [7月25日（週五） 上午 8:45]   click [CourierExpress] 快递 · 快捷 1 天（$112.80）
1113.9s [7月25日（週五） 下午 7:06]   use "Sleep"
1114.4s [7月25日（週五） 下午 7:06]   click [Sleep] Sleep until 7:00 AM
1120.3s [7月26日（週六） 上午 7:07]   use "Packing table"
1121.0s [7月26日（週六） 上午 7:08]   click [Pack] 打包 5 笔订单（40 分钟）
1121.8s [7月26日（週六） 上午 7:49]   click [CourierExpress] 快递 · 快捷 1 天（$50.50）
1126.9s [7月26日（週六） 下午 7:06]   use "Sleep"
1127.5s [7月26日（週六） 下午 7:06]   click [Sleep] Sleep until 7:00 AM
1133.3s [7月27日（週日） 上午 7:07]   use "Packing table"
1134.0s [7月27日（週日） 上午 7:08]   click [Pack] 打包 6 笔订单（48 分钟）
1134.9s [7月27日（週日） 上午 7:57]   click [CourierExpress] 快递 · 快捷 1 天（$59.40）
1139.9s [7月27日（週日） 下午 7:06]   use "Sleep"
1140.5s [7月27日（週日） 下午 7:06]   click [Sleep] Sleep until 7:00 AM
1141.0s [7月27日（週日） 下午 9:22]   toast: 新评价 #1515：★「坏掉了，卖家不处理。」
1146.4s [7月28日（週一） 上午 7:07]   use "Packing table"
1147.0s [7月28日（週一） 上午 7:08]   click [Pack] 打包 16 笔订单（2 小时 8 分）
1147.9s [7月28日（週一） 上午 9:17]   click [CourierExpress] 快递 · 快捷 1 天（$148.40）
1153.0s [7月28日（週一） 下午 7:06]   use "Sleep"
1153.6s [7月28日（週一） 下午 7:07]   click [Sleep] Sleep until 7:00 AM
1159.4s [7月29日（週二） 上午 7:07]   use "Packing table"
1160.1s [7月29日（週二） 上午 7:08]   click [Pack] 打包 7 笔订单（56 分钟）
1160.9s [7月29日（週二） 上午 8:05]   click [CourierExpress] 快递 · 快捷 1 天（$68.30）
1166.0s [7月29日（週二） 下午 7:06]   use "Sleep"
1166.6s [7月29日（週二） 下午 7:06]   click [Sleep] Sleep until 7:00 AM
1170.8s [7月30日（週三） 上午 7:04]   use "Packing table"
1171.5s [7月30日（週三） 上午 7:05]   click [Pack] 打包 4 笔订单（32 分钟）
1172.4s [7月30日（週三） 上午 7:38]   click [CourierExpress] 快递 · 快捷 1 天（$41.60）
1177.4s [7月30日（週三） 下午 7:06]   use "Sleep"
1178.0s [7月30日（週三） 下午 7:06]   click [Sleep] Sleep until 7:00 AM
1183.9s [7月31日（週四） 上午 7:07]   use "Packing table"
1184.5s [7月31日（週四） 上午 7:08]   click [Pack] 打包 5 笔订单（40 分钟）
1185.4s [7月31日（週四） 上午 7:49]   click [CourierExpress] 快递 · 快捷 1 天（$50.50）
1190.5s [7月31日（週四） 下午 7:06]   use "Sleep"
1191.0s [7月31日（週四） 下午 7:06]   click [Sleep] Sleep until 7:00 AM
1194.3s [8月1日（週五） 上午 7:00]   (shot month_close_report skipped: headless)
1194.3s [8月1日（週五） 上午 7:00]   click [month close] Continue
1198.8s [8月1日（週五） 上午 7:06]   use "Packing table"
1199.5s [8月1日（週五） 上午 7:07]   click [Pack] 打包 2 笔订单（16 分钟）
1200.3s [8月1日（週五） 上午 7:25]   click [CourierExpress] 快递 · 快捷 1 天（$38.04）
1202.3s [8月1日（週五） 上午 7:28]   ok  Chapter 6 complete
1202.3s [8月1日（週五） 上午 7:28]   ok  ledger balanced after chapters 4–6
1202.3s [8月1日（週五） 上午 7:28]   ok  Chapter 7 started after Chapter 6
1202.3s [8月1日（週五） 上午 7:28]   ok  Year 3: the Supply Shock
1202.3s [8月1日（週五） 上午 7:28] STEP Chapter 7 — the news, and Ken's options
1204.7s [8月1日（週五） 上午 7:32]   ok  walked back outside
1208.0s [8月1日（週五） 上午 7:37]   ok  entered Bloom Coffee
1209.6s [8月1日（週五） 上午 7:39]   use "Read the news board"
1210.3s [8月1日（週五） 上午 7:44]   (shot news_supply_shock skipped: headless)
1210.6s [8月1日（週五） 上午 7:44]   ok  read the news (supply_shock)
1213.5s [8月1日（週五） 上午 7:49]   ok  walked back outside
1216.7s [8月1日（週五） 上午 7:54]   ok  entered Riverside Tower
1218.5s [8月1日（週五） 下午 7:03]   use "Sleep"
1219.1s [8月1日（週五） 下午 7:03]   click [Sleep] Sleep until 7:00 AM
1220.9s [8月2日（週六） 下午 7:01]   use "Sleep"
1221.4s [8月2日（週六） 下午 7:01]   click [Sleep] Sleep until 7:00 AM
1227.3s [8月3日（週日） 上午 7:07]   use "Packing table"
1228.0s [8月3日（週日） 上午 7:08]   click [Pack] 打包 4 笔订单（32 分钟）
1228.9s [8月3日（週日） 上午 7:41]   click [CourierExpress] 快递 · 快捷 1 天（$70.08）
1229.9s [8月3日（週日） 下午 7:00]   (shot decision_supply_shock_plan skipped: headless)
1229.9s [8月3日（週日） 下午 7:00]   decision supply_shock_plan → local
1229.9s [8月3日（週日） 下午 7:00]   click [Choice_local] 加一个在地备援：奥瑞莉亚职人合作社
1231.1s [8月3日（週日） 下午 7:00]   (shot decision_outcome_supply_shock_plan skipped: headless)
1231.1s [8月3日（週日） 下午 7:00]   click "OK"
1235.7s [8月3日（週日） 下午 7:06]   use "Sleep"
1236.3s [8月3日（週日） 下午 7:06]   click [Sleep] Sleep until 7:00 AM
1242.1s [8月4日（週一） 上午 7:07]   use "Packing table"
1242.8s [8月4日（週一） 上午 7:08]   click [Pack] 打包 5 笔订单（40 分钟）
1243.6s [8月4日（週一） 上午 7:49]   click [CourierExpress] 快递 · 快捷 1 天（$86.10）
1244.6s [8月4日（週一） 上午 7:50]   ok  the local co-op is a supplier now
1244.6s [8月4日（週一） 上午 7:50] STEP Chapter 7 — order from the co-op, raise a price
1246.0s [8月4日（週一） 上午 7:52]   use "Use laptop — Company OS"
1246.6s [8月4日（週一） 上午 7:53]   click [Tab_operations] Operations
1247.2s [8月4日（週一） 上午 7:54]   (shot operations_supply_shock skipped: headless)
1247.2s [8月4日（週一） 上午 7:54]   click [Buy_aurelia_makers_desk_lamp] 购买 $417
1247.7s [8月4日（週一） 上午 8:05]   click [Buy_aurelia_makers_desk_lamp] 购买 $417
1248.2s [8月4日（週一） 上午 8:16]   click [Buy_aurelia_makers_desk_lamp] 购买 $417
1248.8s [8月4日（週一） 上午 8:27]   click [Tab_sales] Sales
1249.2s [8月4日（週一） 上午 8:27]   click [PriceUp_desk_lamp] +
1250.7s [8月4日（週一） 上午 8:29]   ok  stocked and repriced
1253.6s [8月4日（週一） 下午 7:05]   use "Sleep"
1254.2s [8月4日（週一） 下午 7:05]   click [Sleep] Sleep until 7:00 AM
1260.0s [8月5日（週二） 上午 7:07]   use "Packing table"
1260.7s [8月5日（週二） 上午 7:08]   click [Pack] 打包 4 笔订单（32 分钟）
1261.6s [8月5日（週二） 上午 7:41]   click [CourierExpress] 快递 · 快捷 1 天（$70.08）
1266.6s [8月5日（週二） 下午 7:06]   use "Sleep"
1267.2s [8月5日（週二） 下午 7:06]   click [Sleep] Sleep until 7:00 AM
1273.0s [8月6日（週三） 上午 7:07]   use "Packing table"
1273.7s [8月6日（週三） 上午 7:08]   click [Pack] 打包 3 笔订单（24 分钟）
1274.6s [8月6日（週三） 上午 7:33]   click [CourierExpress] 快递 · 快捷 1 天（$54.06）
1279.6s [8月6日（週三） 下午 7:06]   use "Sleep"
1280.2s [8月6日（週三） 下午 7:06]   click [Sleep] Sleep until 7:00 AM
1286.1s [8月7日（週四） 上午 7:07]   use "Packing table"
1286.8s [8月7日（週四） 上午 7:08]   click [Pack] 打包 2 笔订单（16 分钟）
1287.6s [8月7日（週四） 上午 7:25]   click [CourierExpress] 快递 · 快捷 1 天（$38.04）
1292.7s [8月7日（週四） 下午 7:06]   use "Sleep"
1293.3s [8月7日（週四） 下午 7:06]   click [Sleep] Sleep until 7:00 AM
1299.1s [8月8日（週五） 上午 7:07]   use "Packing table"
1299.8s [8月8日（週五） 上午 7:08]   click [Pack] 打包 3 笔订单（24 分钟）
1300.6s [8月8日（週五） 上午 7:33]   click [CourierExpress] 快递 · 快捷 1 天（$54.06）
1305.7s [8月8日（週五） 下午 7:06]   use "Sleep"
1306.3s [8月8日（週五） 下午 7:06]   click [Sleep] Sleep until 7:00 AM
1312.1s [8月9日（週六） 上午 7:07]   use "Packing table"
1312.8s [8月9日（週六） 上午 7:08]   click [Pack] 打包 1 笔订单（8 分钟）
1313.7s [8月9日（週六） 上午 7:17]   click [CourierExpress] 快递 · 快捷 1 天（$22.02）
1314.7s [8月9日（週六） 下午 7:00]   (shot decision_supplier_price_increase skipped: headless)
1314.7s [8月9日（週六） 下午 7:00]   decision supplier_price_increase → accept
1314.7s [8月9日（週六） 下午 7:00]   click [Choice_accept] 好。继续跟你进货。
1315.9s [8月9日（週六） 下午 7:00]   (shot decision_outcome_supplier_price_increase skipped: headless)
1315.9s [8月9日（週六） 下午 7:00]   click "OK"
1320.5s [8月9日（週六） 下午 7:06]   use "Sleep"
1321.0s [8月9日（週六） 下午 7:06]   click [Sleep] Sleep until 7:00 AM
1325.3s [8月10日（週日） 上午 7:04]   use "Packing table"
1326.0s [8月10日（週日） 上午 7:05]   click [Pack] 打包 2 笔订单（16 分钟）
1326.8s [8月10日（週日） 上午 7:22]   click [CourierExpress] 快递 · 快捷 1 天（$38.04）
1331.9s [8月10日（週日） 下午 7:06]   use "Sleep"
1332.5s [8月10日（週日） 下午 7:06]   click [Sleep] Sleep until 7:00 AM
1338.3s [8月11日（週一） 上午 7:07]   use "Packing table"
1339.0s [8月11日（週一） 上午 7:08]   click [Pack] 打包 2 笔订单（16 分钟）
1339.8s [8月11日（週一） 上午 7:25]   click [CourierExpress] 快递 · 快捷 1 天（$38.04）
1344.9s [8月11日（週一） 下午 7:06]   use "Sleep"
1345.5s [8月11日（週一） 下午 7:06]   click [Sleep] Sleep until 7:00 AM
1351.3s [8月12日（週二） 上午 7:07]   use "Packing table"
1352.0s [8月12日（週二） 上午 7:08]   click [Pack] 打包 3 笔订单（24 分钟）
1352.9s [8月12日（週二） 上午 7:33]   click [CourierExpress] 快递 · 快捷 1 天（$54.06）
1357.9s [8月12日（週二） 下午 7:06]   use "Sleep"
1358.5s [8月12日（週二） 下午 7:06]   click [Sleep] Sleep until 7:00 AM
1364.4s [8月13日（週三） 上午 7:07]   use "Packing table"
1365.0s [8月13日（週三） 上午 7:08]   click [Pack] 打包 3 笔订单（24 分钟）
1365.9s [8月13日（週三） 上午 7:33]   click [CourierExpress] 快递 · 快捷 1 天（$54.06）
1371.0s [8月13日（週三） 下午 7:06]   use "Sleep"
1371.6s [8月13日（週三） 下午 7:06]   click [Sleep] Sleep until 7:00 AM
1377.4s [8月14日（週四） 上午 7:07]   use "Packing table"
1378.1s [8月14日（週四） 上午 7:08]   click [Pack] 打包 6 笔订单（48 分钟）
1378.9s [8月14日（週四） 上午 7:57]   click [CourierExpress] 快递 · 快捷 1 天（$102.12）
1384.0s [8月14日（週四） 下午 7:06]   use "Sleep"
1384.6s [8月14日（週四） 下午 7:06]   click [Sleep] Sleep until 7:00 AM
1390.4s [8月15日（週五） 上午 7:07]   use "Packing table"
1391.1s [8月15日（週五） 上午 7:08]   click [Pack] 打包 2 笔订单（16 分钟）
1392.0s [8月15日（週五） 上午 7:25]   click [CourierExpress] 快递 · 快捷 1 天（$38.04）
1397.1s [8月15日（週五） 下午 7:06]   use "Sleep"
1397.6s [8月15日（週五） 下午 7:06]   click [Sleep] Sleep until 7:00 AM
1399.4s [8月16日（週六） 下午 7:01]   use "Sleep"
1400.0s [8月16日（週六） 下午 7:01]   click [Sleep] Sleep until 7:00 AM
1401.8s [8月17日（週日） 下午 7:01]   use "Sleep"
1402.4s [8月17日（週日） 下午 7:01]   click [Sleep] Sleep until 7:00 AM
1408.3s [8月18日（週一） 上午 7:07]   use "Packing table"
1409.0s [8月18日（週一） 上午 7:08]   click [Pack] 打包 1 笔订单（8 分钟）
1409.8s [8月18日（週一） 上午 7:17]   click [CourierExpress] 快递 · 快捷 1 天（$22.02）
1413.3s [8月18日（週一） 下午 7:04]   use "Sleep"
1413.9s [8月18日（週一） 下午 7:04]   click [Sleep] Sleep until 7:00 AM
1417.3s [8月19日（週二） 下午 7:03]   use "Sleep"
1417.9s [8月19日（週二） 下午 7:03]   click [Sleep] Sleep until 7:00 AM
1419.7s [8月20日（週三） 下午 7:01]   use "Sleep"
1420.3s [8月20日（週三） 下午 7:01]   click [Sleep] Sleep until 7:00 AM
1422.1s [8月21日（週四） 下午 7:01]   use "Sleep"
1422.7s [8月21日（週四） 下午 7:01]   click [Sleep] Sleep until 7:00 AM
1424.5s [8月22日（週五） 下午 7:01]   use "Sleep"
1425.1s [8月22日（週五） 下午 7:01]   click [Sleep] Sleep until 7:00 AM
1426.9s [8月23日（週六） 下午 7:01]   use "Sleep"
1427.4s [8月23日（週六） 下午 7:01]   click [Sleep] Sleep until 7:00 AM
1429.3s [8月24日（週日） 下午 7:01]   use "Sleep"
1429.8s [8月24日（週日） 下午 7:01]   click [Sleep] Sleep until 7:00 AM
1431.6s [8月25日（週一） 下午 7:01]   use "Sleep"
1432.2s [8月25日（週一） 下午 7:01]   click [Sleep] Sleep until 7:00 AM
1434.0s [8月26日（週二） 下午 7:01]   use "Sleep"
1434.6s [8月26日（週二） 下午 7:01]   click [Sleep] Sleep until 7:00 AM
1436.4s [8月27日（週三） 下午 7:01]   use "Sleep"
1437.0s [8月27日（週三） 下午 7:01]   click [Sleep] Sleep until 7:00 AM
1438.8s [8月28日（週四） 下午 7:01]   use "Sleep"
1439.4s [8月28日（週四） 下午 7:01]   click [Sleep] Sleep until 7:00 AM
1441.2s [8月29日（週五） 下午 7:01]   use "Sleep"
1441.8s [8月29日（週五） 下午 7:01]   click [Sleep] Sleep until 7:00 AM
1443.6s [8月30日（週六） 下午 7:01]   use "Sleep"
1444.2s [8月30日（週六） 下午 7:01]   click [Sleep] Sleep until 7:00 AM
1445.9s [8月31日（週日） 下午 7:00]   (shot decision_supplier_price_increase skipped: headless)
1445.9s [8月31日（週日） 下午 7:00]   decision supplier_price_increase → accept
1445.9s [8月31日（週日） 下午 7:00]   click [Choice_accept] 好。继续跟你进货。
1447.2s [8月31日（週日） 下午 7:00]   (shot decision_outcome_supplier_price_increase skipped: headless)
1447.2s [8月31日（週日） 下午 7:00]   click "OK"
1447.7s [8月31日（週日） 下午 7:00]   use "Sleep"
1448.3s [8月31日（週日） 下午 7:00]   click [Sleep] Sleep until 7:00 AM
1451.5s [9月1日（週一） 上午 7:00]   (shot month_close_report skipped: headless)
1451.5s [9月1日（週一） 上午 7:00]   click [month close] Continue
1452.0s [9月1日（週一） 下午 7:00]   use "Sleep"
1452.6s [9月1日（週一） 下午 7:00]   click [Sleep] Sleep until 7:00 AM
1454.4s [9月2日（週二） 下午 7:01]   use "Sleep"
1455.0s [9月2日（週二） 下午 7:01]   click [Sleep] Sleep until 7:00 AM
1456.8s [9月3日（週三） 下午 7:01]   use "Sleep"
1457.4s [9月3日（週三） 下午 7:01]   click [Sleep] Sleep until 7:00 AM
1459.2s [9月4日（週四） 下午 7:01]   use "Sleep"
1459.8s [9月4日（週四） 下午 7:01]   click [Sleep] Sleep until 7:00 AM
1461.6s [9月5日（週五） 下午 7:01]   use "Sleep"
1462.2s [9月5日（週五） 下午 7:01]   click [Sleep] Sleep until 7:00 AM
1464.0s [9月6日（週六） 下午 7:01]   use "Sleep"
1464.5s [9月6日（週六） 下午 7:01]   click [Sleep] Sleep until 7:00 AM
1466.4s [9月7日（週日） 下午 7:01]   use "Sleep"
1466.9s [9月7日（週日） 下午 7:01]   click [Sleep] Sleep until 7:00 AM
1468.7s [9月8日（週一） 下午 7:01]   use "Sleep"
1469.3s [9月8日（週一） 下午 7:01]   click [Sleep] Sleep until 7:00 AM
1471.1s [9月9日（週二） 下午 7:01]   use "Sleep"
1471.7s [9月9日（週二） 下午 7:01]   click [Sleep] Sleep until 7:00 AM
1473.5s [9月10日（週三） 下午 7:01]   use "Sleep"
1474.1s [9月10日（週三） 下午 7:01]   click [Sleep] Sleep until 7:00 AM
1475.9s [9月11日（週四） 下午 7:01]   use "Sleep"
1476.5s [9月11日（週四） 下午 7:01]   click [Sleep] Sleep until 7:00 AM
1478.3s [9月12日（週五） 下午 7:01]   use "Sleep"
1478.9s [9月12日（週五） 下午 7:01]   click [Sleep] Sleep until 7:00 AM
1480.7s [9月13日（週六） 下午 7:01]   use "Sleep"
1481.3s [9月13日（週六） 下午 7:01]   click [Sleep] Sleep until 7:00 AM
1483.1s [9月14日（週日） 下午 7:01]   use "Sleep"
1483.7s [9月14日（週日） 下午 7:01]   click [Sleep] Sleep until 7:00 AM
1485.5s [9月15日（週一） 下午 7:01]   use "Sleep"
1486.1s [9月15日（週一） 下午 7:01]   click [Sleep] Sleep until 7:00 AM
1487.9s [9月16日（週二） 下午 7:01]   use "Sleep"
1488.4s [9月16日（週二） 下午 7:01]   click [Sleep] Sleep until 7:00 AM
1490.3s [9月17日（週三） 下午 7:01]   use "Sleep"
1490.8s [9月17日（週三） 下午 7:01]   click [Sleep] Sleep until 7:00 AM
1492.6s [9月18日（週四） 下午 7:01]   use "Sleep"
1493.2s [9月18日（週四） 下午 7:01]   click [Sleep] Sleep until 7:00 AM
1495.0s [9月19日（週五） 下午 7:00]   (shot decision_supplier_price_increase skipped: headless)
1495.0s [9月19日（週五） 下午 7:00]   decision supplier_price_increase → accept
1495.0s [9月19日（週五） 下午 7:00]   click [Choice_accept] 好。继续跟你进货。
1496.2s [9月19日（週五） 下午 7:00]   (shot decision_outcome_supplier_price_increase skipped: headless)
1496.2s [9月19日（週五） 下午 7:00]   click "OK"
1496.7s [9月19日（週五） 下午 7:00]   use "Sleep"
1497.3s [9月19日（週五） 下午 7:00]   click [Sleep] Sleep until 7:00 AM
1499.1s [9月20日（週六） 下午 7:01]   use "Sleep"
1499.7s [9月20日（週六） 下午 7:01]   click [Sleep] Sleep until 7:00 AM
1501.5s [9月21日（週日） 下午 7:01]   use "Sleep"
1502.1s [9月21日（週日） 下午 7:01]   click [Sleep] Sleep until 7:00 AM
1503.9s [9月22日（週一） 下午 7:01]   use "Sleep"
1504.5s [9月22日（週一） 下午 7:01]   click [Sleep] Sleep until 7:00 AM
1506.3s [9月23日（週二） 下午 7:01]   use "Sleep"
1506.9s [9月23日（週二） 下午 7:01]   click [Sleep] Sleep until 7:00 AM
1508.7s [9月24日（週三） 下午 7:01]   use "Sleep"
1509.3s [9月24日（週三） 下午 7:01]   click [Sleep] Sleep until 7:00 AM
1511.1s [9月25日（週四） 下午 7:01]   use "Sleep"
1511.7s [9月25日（週四） 下午 7:01]   click [Sleep] Sleep until 7:00 AM
1513.5s [9月26日（週五） 下午 7:01]   use "Sleep"
1514.0s [9月26日（週五） 下午 7:01]   click [Sleep] Sleep until 7:00 AM
1515.8s [9月27日（週六） 下午 7:01]   use "Sleep"
1516.4s [9月27日（週六） 下午 7:01]   click [Sleep] Sleep until 7:00 AM
1518.2s [9月28日（週日） 下午 7:01]   use "Sleep"
1518.8s [9月28日（週日） 下午 7:01]   click [Sleep] Sleep until 7:00 AM
1520.6s [9月29日（週一） 下午 7:01]   use "Sleep"
1521.2s [9月29日（週一） 下午 7:01]   click [Sleep] Sleep until 7:00 AM
1523.0s [9月30日（週二） 下午 7:01]   use "Sleep"
1523.6s [9月30日（週二） 下午 7:01]   click [Sleep] Sleep until 7:00 AM
1526.8s [10月1日（週三） 上午 7:00]   (shot month_close_report skipped: headless)
1526.8s [10月1日（週三） 上午 7:00]   click [month close] Continue
1527.3s [10月1日（週三） 上午 7:00]   ok  Chapter 7 complete
1527.3s [10月1日（週三） 上午 7:00] STEP Chapter 8 — the Green Shift
1527.3s [10月1日（週三） 上午 7:00]   ok  Year 4: the Green Shift
1530.5s [10月1日（週三） 上午 7:06]   ok  walked back outside
1533.8s [10月1日（週三） 上午 7:11]   ok  entered Bloom Coffee
1535.4s [10月1日（週三） 上午 7:13]   use "Read the news board"
1536.1s [10月1日（週三） 上午 7:18]   (shot news_green_shift skipped: headless)
1536.4s [10月1日（週三） 上午 7:18]   ok  read the news (green_shift)
1539.3s [10月1日（週三） 上午 7:23]   ok  walked back outside
1542.5s [10月1日（週三） 上午 7:28]   ok  entered Riverside Tower
1543.8s [10月1日（週三） 上午 7:30]   use "Use laptop — Company OS"
1544.4s [10月1日（週三） 上午 7:31]   click [Tab_operations] Operations
1545.0s [10月1日（週三） 上午 7:32]   click [Packaging_recycled] Recycled paper
1545.4s [10月1日（週三） 上午 7:32]   click [Buy_verdant_supply_solar_lamp] 购买 $504
1545.8s [10月1日（週三） 上午 7:43]   (shot operations_green skipped: headless)
1546.2s [10月1日（週三） 上午 7:44]   ok  recycled packaging
1549.0s [10月1日（週三） 下午 7:04]   use "Sleep"
1549.6s [10月1日（週三） 下午 7:04]   click [Sleep] Sleep until 7:00 AM
1551.3s [10月2日（週四） 下午 7:01]   use "Sleep"
1551.9s [10月2日（週四） 下午 7:01]   click [Sleep] Sleep until 7:00 AM
1553.7s [10月3日（週五） 下午 7:01]   use "Sleep"
1554.3s [10月3日（週五） 下午 7:01]   click [Sleep] Sleep until 7:00 AM
1556.1s [10月4日（週六） 下午 7:01]   use "Sleep"
1556.7s [10月4日（週六） 下午 7:01]   click [Sleep] Sleep until 7:00 AM
1558.4s [10月5日（週日） 上午 7:00]   ok  solar desk lamps arrived before listing
1559.5s [10月5日（週日） 上午 7:02]   use "Use laptop — Company OS"
1560.1s [10月5日（週日） 上午 7:03]   click [Tab_sales] Sales
1560.6s [10月5日（週日） 上午 7:04]   click [ListSelf_solar_lamp] Shoot photos myself & list (1 h 20 min)
1561.7s [10月5日（週日） 上午 8:25]   ok  solar desk lamps listed
1561.7s [10月5日（週日） 上午 8:25] STEP Chapter 8 — the Green Business Grant at City Hall
1561.7s [10月5日（週日） 上午 8:25]   (harness) wait 2 h
1562.3s [10月5日（週日） 上午 10:26]   (harness) wait 2 h
1562.9s [10月5日（週日） 下午 12:27]   (harness) wait 2 h
1563.5s [10月5日（週日） 下午 2:28]   (harness) wait 2 h
1564.1s [10月5日（週日） 下午 4:29]   (harness) wait 2 h
1564.7s [10月5日（週日） 下午 6:30]   (harness) wait 2 h
1567.9s [10月5日（週日） 下午 8:34]   use "Sleep"
1568.5s [10月5日（週日） 下午 8:34]   click [Sleep] Sleep until 7:00 AM
1570.2s [10月6日（週一） 上午 7:00]   (harness) wait 2 h
1573.9s [10月6日（週一） 上午 9:07]   ok  walked back outside
1581.6s [10月6日（週一） 上午 9:19]   use "捷运——河滨区站"
1582.5s [10月6日（週一） 上午 9:20]   (shot metro_civic_center skipped: headless)
1582.5s [10月6日（週一） 上午 9:20]   click [Go_civic_center] 市政中心  ·  12 分钟
1583.5s [10月6日（週一） 上午 9:33]   ok  took the Metro to Civic Center
1590.5s [10月6日（週一） 上午 9:44]   ok  entered Aurelia City Hall
1592.2s [10月6日（週一） 上午 9:46]   use "Permits & regulations"
1592.9s [10月6日（週一） 上午 9:47]   (shot green_grant skipped: headless)
1592.9s [10月6日（週一） 上午 9:47]   click [ApplyGreenGrant] Apply
1593.7s [10月6日（週一） 上午 10:19]   ok  green grant approved
1594.7s [10月6日（週一） 上午 10:20]   ok  Chapter 8 complete
1594.7s [10月6日（週一） 上午 10:20] STEP Chapter 9 — the Clearing Crisis: an import stuck on the wire
1594.7s [10月6日（週一） 上午 10:20]   ok  Year 5: the Clearing Crisis
1597.6s [10月6日（週一） 上午 10:25]   ok  walked back outside
1603.1s [10月6日（週一） 上午 10:34]   use "捷运——市政中心站"
1604.0s [10月6日（週一） 上午 10:35]   (shot metro_riverside skipped: headless)
1604.0s [10月6日（週一） 上午 10:35]   click [Go_riverside] 河滨区  ·  12 分钟
1605.0s [10月6日（週一） 上午 10:49]   ok  took the Metro to Riverside
1612.4s [10月6日（週一） 上午 11:00]   ok  entered Bloom Coffee
1614.0s [10月6日（週一） 上午 11:02]   use "Read the news board"
1614.7s [10月6日（週一） 上午 11:07]   (shot news_clearing_crisis skipped: headless)
1615.0s [10月6日（週一） 上午 11:07]   ok  read the news (clearing_crisis)
1618.0s [10月6日（週一） 上午 11:12]   ok  walked back outside
1621.1s [10月6日（週一） 上午 11:17]   ok  entered Riverside Tower
1622.4s [10月6日（週一） 上午 11:19]   use "Use laptop — Company OS"
1623.0s [10月6日（週一） 上午 11:20]   click [Tab_operations] Operations
1623.6s [10月6日（週一） 上午 11:21]   click [Buy_lumina_direct_phone_stand] 购买 $884
1624.2s [10月6日（週一） 上午 11:22]   (shot settlement_choice skipped: headless)
1624.2s [10月6日（週一） 上午 11:22]   click [Settle_international_wire] Pay this way
1625.1s [10月6日（週一） 上午 11:23]   ok  import ordered, paid by wire
1625.1s [10月6日（週一） 上午 11:23] STEP Chapter 9 — Lina Zhao at Nexus Bank
1627.7s [10月6日（週一） 上午 11:28]   ok  walked back outside
1636.9s [10月6日（週一） 上午 11:42]   use "捷运——河滨区站"
1637.8s [10月6日（週一） 上午 11:43]   (shot metro_financial skipped: headless)
1637.8s [10月6日（週一） 上午 11:43]   click [Go_financial] 金融区  ·  10 分钟
1638.8s [10月6日（週一） 上午 11:55]   ok  took the Metro to Financial District
1646.3s [10月6日（週一） 下午 12:06]   ok  entered Nexus Bank
1648.9s [10月6日（週一） 下午 12:10]   use "和 Lina Zhao 说话"
1649.6s [10月6日（週一） 下午 12:10]   (shot lina_intro skipped: headless)
1655.5s [10月6日（週一） 下午 12:10]   choose "› 帮我开一个数字美元帐户。"
1657.5s [10月6日（週一） 下午 12:10]   ok  met Lina Zhao
1659.7s [10月6日（週一） 下午 12:14]   ok  walked back outside
1665.8s [10月6日（週一） 下午 12:23]   use "捷运——金融区站"
1666.7s [10月6日（週一） 下午 12:24]   (shot metro_riverside skipped: headless)
1666.7s [10月6日（週一） 下午 12:24]   click [Go_riverside] 河滨区  ·  10 分钟
1667.6s [10月6日（週一） 下午 12:36]   ok  took the Metro to Riverside
1676.7s [10月6日（週一） 下午 12:50]   ok  entered Riverside Tower
1678.0s [10月6日（週一） 下午 12:51]   use "Use laptop — Company OS"
1678.6s [10月6日（週一） 下午 12:52]   click [Tab_operations] Operations
1679.3s [10月6日（週一） 下午 12:53]   click [SpeedUp_PO-120] Speed up
1679.8s [10月6日（週一） 下午 12:54]   (shot settlement_speed_up skipped: headless)
1679.8s [10月6日（週一） 下午 12:54]   click [Settle_letter_of_credit] Switch
1683.7s [10月6日（週一） 下午 7:04]   use "Sleep"
1684.3s [10月6日（週一） 下午 7:04]   click [Sleep] Sleep until 7:00 AM
1686.1s [10月7日（週二） 下午 7:01]   use "Sleep"
1686.7s [10月7日（週二） 下午 7:01]   click [Sleep] Sleep until 7:00 AM
1688.5s [10月8日（週三） 下午 7:01]   use "Sleep"
1689.1s [10月8日（週三） 下午 7:01]   click [Sleep] Sleep until 7:00 AM
1690.9s [10月9日（週四） 下午 7:01]   use "Sleep"
1691.5s [10月9日（週四） 下午 7:01]   click [Sleep] Sleep until 7:00 AM
1693.2s [10月10日（週五） 下午 7:00]   (shot decision_supplier_price_increase skipped: headless)
1693.2s [10月10日（週五） 下午 7:00]   decision supplier_price_increase → accept
1693.2s [10月10日（週五） 下午 7:00]   click [Choice_accept] 好。继续跟你进货。
1694.5s [10月10日（週五） 下午 7:00]   (shot decision_outcome_supplier_price_increase skipped: headless)
1694.5s [10月10日（週五） 下午 7:00]   click "OK"
1695.0s [10月10日（週五） 下午 7:00]   use "Sleep"
1695.6s [10月10日（週五） 下午 7:00]   click [Sleep] Sleep until 7:00 AM
1697.4s [10月11日（週六） 下午 7:01]   use "Sleep"
1698.0s [10月11日（週六） 下午 7:01]   click [Sleep] Sleep until 7:00 AM
1699.8s [10月12日（週日） 下午 7:01]   use "Sleep"
1700.4s [10月12日（週日） 下午 7:01]   click [Sleep] Sleep until 7:00 AM
1702.2s [10月13日（週一） 下午 7:01]   use "Sleep"
1702.8s [10月13日（週一） 下午 7:01]   click [Sleep] Sleep until 7:00 AM
1704.6s [10月14日（週二） 下午 7:01]   use "Sleep"
1705.2s [10月14日（週二） 下午 7:01]   click [Sleep] Sleep until 7:00 AM
1706.9s [10月15日（週三） 下午 7:01]   use "Sleep"
1707.5s [10月15日（週三） 下午 7:01]   click [Sleep] Sleep until 7:00 AM
1711.1s [10月16日（週四） 下午 7:03]   use "Sleep"
1711.7s [10月16日（週四） 下午 7:03]   click [Sleep] Sleep until 7:00 AM
1713.5s [10月17日（週五） 下午 7:01]   use "Sleep"
1714.1s [10月17日（週五） 下午 7:01]   click [Sleep] Sleep until 7:00 AM
1715.9s [10月18日（週六） 下午 7:01]   use "Sleep"
1716.5s [10月18日（週六） 下午 7:01]   click [Sleep] Sleep until 7:00 AM
1718.3s [10月19日（週日） 下午 7:01]   use "Sleep"
1718.9s [10月19日（週日） 下午 7:01]   click [Sleep] Sleep until 7:00 AM
1720.7s [10月20日（週一） 下午 7:01]   use "Sleep"
1721.3s [10月20日（週一） 下午 7:01]   click [Sleep] Sleep until 7:00 AM
1723.1s [10月21日（週二） 下午 7:01]   use "Sleep"
1723.7s [10月21日（週二） 下午 7:01]   click [Sleep] Sleep until 7:00 AM
1725.5s [10月22日（週三） 下午 7:01]   use "Sleep"
1726.1s [10月22日（週三） 下午 7:01]   click [Sleep] Sleep until 7:00 AM
1727.9s [10月23日（週四） 下午 7:01]   use "Sleep"
1728.5s [10月23日（週四） 下午 7:01]   click [Sleep] Sleep until 7:00 AM
1730.2s [10月24日（週五） 上午 7:00]   ok  Chapter 9 complete: the import got through
1730.2s [10月24日（週五） 上午 7:00]   ok  ledger balanced after chapters 7–9
1730.2s [10月24日（週五） 上午 7:00] STEP Old Town — lease the corner café from Mr. Okafor
1730.2s [10月24日（週五） 上午 7:00]   (harness) wait 2 h
1734.1s [10月24日（週五） 上午 9:07]   ok  walked back outside
1743.3s [10月24日（週五） 上午 9:21]   use "捷运——河滨区站"
1744.2s [10月24日（週五） 上午 9:22]   (shot metro_old_town skipped: headless)
1744.2s [10月24日（週五） 上午 9:22]   click [Go_old_town] 旧城区  ·  16 分钟
1745.4s [10月24日（週五） 上午 9:40]   ok  took the Metro to Old Town
1745.4s [10月24日（週五） 上午 9:40]   (shot old_town skipped: headless)
1756.3s [10月24日（週五） 上午 9:56]   ok  entered Okafor Lettings
1756.8s [10月24日（週五） 上午 9:57]   use "和 Okafor 先生 说话"
1759.8s [10月24日（週五） 上午 9:57]   choose "› 这里以前是什么店？"
1764.6s [10月24日（週五） 上午 9:58]   (shot cafe_lease skipped: headless)
1764.6s [10月24日（週五） 上午 9:58]   click [SignLease_corner_cafe] Sign the lease
1765.4s [10月24日（週五） 上午 9:59]   ok  leased the corner café unit
1767.1s [10月24日（週五） 上午 10:03]   ok  walked back outside
1767.1s [10月24日（週五） 上午 10:03]   (shot old_town_storefronts skipped: headless)
1772.1s [10月24日（週五） 上午 10:10]   ok  entered Corner Café Unit
1772.8s [10月24日（週五） 上午 10:11]   use "Check the till — Company OS"
1773.4s [10月24日（週五） 上午 10:12]   click [CafeFitOut] 装修（$5,800）
1773.8s [10月24日（週五） 上午 10:13]   click [CafeSupplies_large] 400 杯份 · $330
1774.1s [10月24日（週五） 上午 10:13]   (shot cafe_setup skipped: headless)
1774.5s [10月24日（週五） 上午 10:14]   ok  fit-out under way
1774.5s [10月24日（週五） 上午 10:14]   ok  coffee supplies ordered
1774.5s [10月24日（週五） 上午 10:14] STEP Old Town — the food licence at City Hall (walking via Shopping Street)
1776.4s [10月24日（週五） 上午 10:18]   ok  walked back outside
1784.6s [10月24日（週五） 上午 10:35]   ok  walked to Shopping Street
1797.9s [10月24日（週五） 上午 11:03]   ok  walked to Civic Center
1802.2s [10月24日（週五） 上午 11:10]   ok  entered Aurelia City Hall
1803.9s [10月24日（週五） 上午 11:12]   use "Permits & regulations"
1804.5s [10月24日（週五） 上午 11:13]   click [ApplyFoodLicence] Apply
1804.9s [10月24日（週五） 上午 11:34]   (shot food_licence skipped: headless)
1805.3s [10月24日（週五） 上午 11:34]   ok  food licence applied for
1808.2s [10月24日（週五） 上午 11:40]   ok  walked back outside
1813.7s [10月24日（週五） 上午 11:48]   use "捷运——市政中心站"
1814.6s [10月24日（週五） 上午 11:49]   (shot metro_riverside skipped: headless)
1814.6s [10月24日（週五） 上午 11:49]   click [Go_riverside] 河滨区  ·  12 分钟
1815.6s [10月24日（週五） 下午 12:03]   ok  took the Metro to Riverside
1824.7s [10月24日（週五） 下午 12:16]   ok  entered Riverside Tower
1824.7s [10月24日（週五） 下午 12:16]   (harness) wait 2 h
1825.3s [10月24日（週五） 下午 2:17]   (harness) wait 2 h
1825.9s [10月24日（週五） 下午 4:18]   (harness) wait 2 h
1826.5s [10月24日（週五） 下午 6:19]   (harness) wait 2 h
1828.9s [10月24日（週五） 下午 8:23]   use "Sleep"
1829.5s [10月24日（週五） 下午 8:23]   click [Sleep] Sleep until 7:00 AM
1831.2s [10月25日（週六） 上午 7:00]   (harness) wait 2 h
1831.8s [10月25日（週六） 上午 9:01]   (harness) wait 2 h
1832.4s [10月25日（週六） 上午 11:02]   (harness) wait 2 h
1833.0s [10月25日（週六） 下午 1:03]   (harness) wait 2 h
1833.7s [10月25日（週六） 下午 3:04]   (harness) wait 2 h
1834.3s [10月25日（週六） 下午 5:05]   (harness) wait 2 h
1834.9s [10月25日（週六） 下午 7:06]   use "Sleep"
1835.5s [10月25日（週六） 下午 7:06]   click [Sleep] Sleep until 7:00 AM
1837.3s [10月26日（週日） 上午 7:00]   (harness) wait 2 h
1837.9s [10月26日（週日） 上午 9:01]   (harness) wait 2 h
1838.5s [10月26日（週日） 上午 11:02]   (harness) wait 2 h
1839.1s [10月26日（週日） 下午 1:03]   (harness) wait 2 h
1839.7s [10月26日（週日） 下午 3:04]   (harness) wait 2 h
1840.3s [10月26日（週日） 下午 5:05]   (harness) wait 2 h
1841.0s [10月26日（週日） 下午 7:06]   use "Sleep"
1841.6s [10月26日（週日） 下午 7:06]   click [Sleep] Sleep until 7:00 AM
1843.3s [10月27日（週一） 上午 7:00]   ok  fitted out and licensed
1843.3s [10月27日（週一） 上午 7:00] STEP Old Town — opening day behind your own counter
1846.4s [10月27日（週一） 上午 7:06]   ok  walked back outside
1855.6s [10月27日（週一） 上午 7:20]   use "捷运——河滨区站"
1856.5s [10月27日（週一） 上午 7:21]   (shot metro_old_town skipped: headless)
1856.5s [10月27日（週一） 上午 7:21]   click [Go_old_town] 旧城区  ·  16 分钟
1857.5s [10月27日（週一） 上午 7:39]   ok  took the Metro to Old Town
1864.9s [10月27日（週一） 上午 7:50]   ok  entered Corner Café Unit
1864.9s [10月27日（週一） 上午 7:50]   (shot cafe_open skipped: headless)
1867.4s [10月27日（週一） 上午 7:54]   use "Work the counter (2 h)"
1868.3s [10月27日（週一） 上午 9:55]   ok  served customers at your own café
1868.7s [10月27日（週一） 上午 9:55]   use "Check the till — Company OS"
1869.3s [10月27日（週一） 上午 9:56]   (shot cafe_tab skipped: headless)
1869.6s [10月27日（週一） 上午 9:57]   ok  ledger balanced after opening the café
1871.8s [10月27日（週一） 上午 10:01]   ok  walked back outside
1879.3s [10月27日（週一） 上午 10:12]   use "捷运——旧城区站"
1880.2s [10月27日（週一） 上午 10:14]   (shot metro_riverside skipped: headless)
1880.2s [10月27日（週一） 上午 10:14]   click [Go_riverside] 河滨区  ·  16 分钟
1881.1s [10月27日（週一） 上午 10:31]   ok  took the Metro to Riverside
1890.2s [10月27日（週一） 上午 10:45]   ok  entered Riverside Tower
1890.2s [10月27日（週一） 上午 10:45] STEP Harbor — metro to the docks, a used van from Sam, and Pier 7
1890.2s [10月27日（週一） 上午 10:45]   ok  actual financing covers the van, bay and working capital
1891.5s [10月27日（週一） 上午 10:48]   ok  walked back outside
1900.8s [10月27日（週一） 上午 11:02]   use "捷运——河滨区站"
1901.7s [10月27日（週一） 上午 11:03]   (shot metro_harbor skipped: headless)
1901.7s [10月27日（週一） 上午 11:03]   click [Go_harbor] 港区  ·  8 分钟
1903.1s [10月27日（週一） 上午 11:12]   ok  took the Metro to Harbor
1903.1s [10月27日（週一） 上午 11:12]   (shot harbor skipped: headless)
1909.9s [10月27日（週一） 上午 11:23]   (shot harbor_street skipped: headless)
1912.7s [10月27日（週一） 上午 11:27]   ok  entered Dockside Motors
1913.1s [10月27日（週一） 上午 11:27]   use "和 Sam Okoro 说话"
1916.0s [10月27日（週一） 上午 11:27]   choose "› 你这里有什么？"
1920.9s [10月27日（週一） 上午 11:28]   (shot van_dealer skipped: headless)
1920.9s [10月27日（週一） 上午 11:28]   click [BuyVan] 买下这台货车（$9,800）
1921.4s [10月27日（週一） 上午 11:29]   (shot van_bought skipped: headless)
1921.7s [10月27日（週一） 上午 11:29]   ok  bought the van from Sam
1921.7s [10月27日（週一） 上午 11:29]   ok  the van is a vehicle expense
1923.5s [10月27日（週一） 上午 11:33]   ok  walked back outside
1929.1s [10月27日（週一） 上午 11:41]   ok  entered Pier 7 Warehouse
1932.6s [10月27日（週一） 上午 11:46]   use "Lettings desk: lease Bay 3"
1933.2s [10月27日（週一） 上午 11:47]   (shot pier7_lease skipped: headless)
1933.2s [10月27日（週一） 上午 11:47]   click [SignLease_pier7_warehouse] Sign the lease
1933.9s [10月27日（週一） 上午 11:48]   ok  leased the Pier 7 bay
1933.9s [10月27日（週一） 上午 11:48]   ok  Pier 7 is a stock location
1934.3s [10月27日（週一） 上午 11:49]   (shot pier7_warehouse skipped: headless)
1938.6s [10月27日（週一） 上午 11:56]   ok  walked back outside
1947.1s [10月27日（週一） 下午 12:09]   use "捷运——港区站"
1948.0s [10月27日（週一） 下午 12:11]   (shot metro_riverside skipped: headless)
1948.0s [10月27日（週一） 下午 12:11]   click [Go_riverside] 河滨区  ·  8 分钟
1949.0s [10月27日（週一） 下午 12:20]   ok  took the Metro to Riverside
1958.0s [10月27日（週一） 下午 12:34]   ok  entered Riverside Tower
1958.0s [10月27日（週一） 下午 12:34] STEP Harbor — the morning's delivery runs
1958.0s [10月27日（週一） 下午 12:34]   (harness) wait 2 h
1958.7s [10月27日（週一） 下午 2:35]   (harness) wait 2 h
1959.3s [10月27日（週一） 下午 4:35]   (harness) wait 2 h
1959.9s [10月27日（週一） 下午 6:36]   (harness) wait 2 h
1962.3s [10月27日（週一） 下午 8:40]   use "Sleep"
1962.8s [10月27日（週一） 下午 8:40]   click [Sleep] Sleep until 7:00 AM
1964.6s [10月28日（週二） 上午 7:00]   (harness) wait 2 h
1965.2s [10月28日（週二） 上午 9:01]   ok  runs were posted in the morning
1968.2s [10月28日（週二） 上午 9:07]   ok  walked back outside
1977.5s [10月28日（週二） 上午 9:21]   use "捷运——河滨区站"
1978.4s [10月28日（週二） 上午 9:22]   (shot metro_harbor skipped: headless)
1978.4s [10月28日（週二） 上午 9:22]   click [Go_harbor] 港区  ·  8 分钟
1979.3s [10月28日（週二） 上午 9:32]   ok  took the Metro to Harbor
1989.3s [10月28日（週二） 上午 9:47]   ok  entered Pier 7 Warehouse
1992.0s [10月28日（週二） 上午 9:51]   use "Sit at the yard office desk — Company OS"
1992.6s [10月28日（週二） 上午 9:51]   click [Tab_logistics] Logistics
1993.2s [10月28日（週二） 上午 9:52]   (shot logistics_tab skipped: headless)
1993.8s [10月28日（週二） 上午 9:53]   (shot logistics_badge_pinned skipped: headless)
1993.8s [10月28日（週二） 上午 9:53]   click [Tab_logistics] Logistics
1994.1s [10月28日（週二） 上午 9:54]   ok  delivery runs on the board
1994.1s [10月28日（週二） 上午 9:54]   click [Accept_R4] Accept
1994.6s [10月28日（週二） 上午 9:54]   ok  accepted run R4
1994.6s [10月28日（週二） 上午 9:54]   (shot logistics_accepted skipped: headless)
1994.6s [10月28日（週二） 上午 9:54]   click [Drive_R4] Drive it
1995.1s [10月28日（週二） 上午 9:54]   (shot route_game_intro skipped: headless)
1995.1s [10月28日（週二） 上午 9:54]   click [StartGame] Start
1995.6s [10月28日（週二） 上午 9:54]   click [Stop_3] 
1995.6s [10月28日（週二） 上午 9:54]   click [Stop_4] 
1995.6s [10月28日（週二） 上午 9:54]   (shot route_game_planning skipped: headless)
1995.6s [10月28日（週二） 上午 9:54]   click [Stop_2] 
1995.7s [10月28日（週二） 上午 9:54]   click [Stop_1] 
1995.7s [10月28日（週二） 上午 9:54]   click [Stop_5] 
1996.1s [10月28日（週二） 上午 9:54]   (shot route_game_planned skipped: headless)
1996.1s [10月28日（週二） 上午 9:54]   click [DriveRoute] Drive the route
1996.6s [10月28日（週二） 上午 9:54]   (shot route_game_results skipped: headless)
1996.6s [10月28日（週二） 上午 9:54]   click [FinishGame] Continue
1997.5s [10月28日（週二） 下午 1:15]   ok  the run is done and in the history
1997.5s [10月28日（週二） 下午 1:15]   ok  the pay was banked as revenue ($138.60 for run R4)
1997.5s [10月28日（週二） 下午 1:15]   ok  fuel was charged
1997.5s [10月28日（週二） 下午 1:15]   ok  the best route scored 100%
1997.9s [10月28日（週二） 下午 1:15]   (shot logistics_tab_paid skipped: headless)
1998.2s [10月28日（週二） 下午 1:16]   ok  ledger balanced after the first delivery run
2002.1s [10月28日（週二） 下午 1:23]   ok  walked back outside
2010.6s [10月28日（週二） 下午 1:35]   use "捷运——港区站"
2011.5s [10月28日（週二） 下午 1:37]   (shot metro_riverside skipped: headless)
2011.5s [10月28日（週二） 下午 1:37]   click [Go_riverside] 河滨区  ·  8 分钟
2012.5s [10月28日（週二） 下午 1:46]   ok  took the Metro to Riverside
2021.6s [10月28日（週二） 下午 2:00]   ok  entered Riverside Tower
2021.6s [10月28日（週二） 下午 2:00]   ok  Chapter 10 started after Chapter 9
2021.6s [10月28日（週二） 下午 2:00]   ok  Year 6: the Digital Finance Boom
2021.6s [10月28日（週二） 下午 2:00] STEP Chapter 10 — the news, and Lina's escrow offer
2022.9s [10月28日（週二） 下午 2:03]   ok  walked back outside
2026.2s [10月28日（週二） 下午 2:08]   ok  entered Bloom Coffee
2027.8s [10月28日（週二） 下午 2:10]   use "Read the news board"
2028.5s [10月28日（週二） 下午 2:15]   (shot news_digital_rails skipped: headless)
2028.8s [10月28日（週二） 下午 2:15]   ok  read the news (digital_rails)
2031.7s [10月28日（週二） 下午 2:20]   ok  walked back outside
2034.9s [10月28日（週二） 下午 2:25]   ok  entered Riverside Tower
2036.2s [10月28日（週二） 下午 2:28]   ok  walked back outside
2045.4s [10月28日（週二） 下午 2:42]   use "捷运——河滨区站"
2046.3s [10月28日（週二） 下午 2:43]   (shot metro_financial skipped: headless)
2046.3s [10月28日（週二） 下午 2:43]   click [Go_financial] 金融区  ·  10 分钟
2047.3s [10月28日（週二） 下午 2:55]   ok  took the Metro to Financial District
2054.9s [10月28日（週二） 下午 3:06]   ok  entered Nexus Bank
2057.4s [10月28日（週二） 下午 3:10]   use "和 Lina Zhao 说话"
2058.1s [10月28日（週二） 下午 3:10]   (shot lina_rails skipped: headless)
2064.0s [10月28日（週二） 下午 3:10]   choose "› 有什么但书？"
2069.6s [10月28日（週二） 下午 3:12]   ok  the '!' badge for escrow pins its card
2069.6s [10月28日（週二） 下午 3:12]   (shot badge_escrow_pinned skipped: headless)
2069.8s [10月28日（週二） 下午 3:12]   (shot decision_escrow_offer skipped: headless)
2069.8s [10月28日（週二） 下午 3:12]   decision escrow_offer → try
2069.8s [10月28日（週二） 下午 3:12]   click [Choice_try] 开立托管帐户
2071.1s [10月28日（週二） 下午 3:12]   (shot decision_outcome_escrow_offer skipped: headless)
2071.1s [10月28日（週二） 下午 3:12]   click "OK"
2071.5s [10月28日（週二） 下午 3:12]   ok  opened an escrow account
2071.5s [10月28日（週二） 下午 3:12] STEP Chapter 10 — an import paid through escrow
2073.8s [10月28日（週二） 下午 3:17]   ok  walked back outside
2079.8s [10月28日（週二） 下午 3:26]   use "捷运——金融区站"
2080.7s [10月28日（週二） 下午 3:27]   (shot metro_riverside skipped: headless)
2080.7s [10月28日（週二） 下午 3:27]   click [Go_riverside] 河滨区  ·  10 分钟
2081.7s [10月28日（週二） 下午 3:38]   ok  took the Metro to Riverside
2090.8s [10月28日（週二） 下午 3:52]   ok  entered Riverside Tower
2092.1s [10月28日（週二） 下午 3:54]   use "Use laptop — Company OS"
2092.7s [10月28日（週二） 下午 3:55]   click [Tab_operations] Operations
2093.3s [10月28日（週二） 下午 3:56]   click [Buy_lumina_direct_phone_stand] 购买 $864
2093.9s [10月28日（週二） 下午 3:57]   (shot settlement_escrow skipped: headless)
2093.9s [10月28日（週二） 下午 3:57]   click [Settle_escrow] Pay this way
2094.5s [10月28日（週二） 下午 5:00]   toast: Riverlight Goods 咖啡 今天没开门：吧台没人顾。去雇一位咖啡师（人员分页），或自己站吧台。
2094.5s [10月28日（週二） 下午 6:08]   click [Tab_finance] Finance
2094.6s [10月28日（週二） 下午 6:08]   click [Tab_operations] Operations
2099.6s [10月28日（週二） 下午 6:15]   (shot operations_escrow_order skipped: headless)
2100.0s [10月28日（週二） 下午 6:16]   ok  import ordered through escrow
2100.0s [10月28日（週二） 下午 6:16]   use "Use laptop — Company OS"
2100.6s [10月28日（週二） 下午 6:17]   click [Tab_finance] Finance
2101.2s [10月28日（週二） 下午 6:18]   (shot finance_held_in_escrow skipped: headless)
2104.3s [10月28日（週二） 下午 7:04]   use "Sleep"
2104.9s [10月28日（週二） 下午 7:04]   click [Sleep] Sleep until 7:00 AM
2106.7s [10月29日（週三） 下午 5:00]   toast: Riverlight Goods 咖啡 今天没开门：吧台没人顾。去雇一位咖啡师（人员分页），或自己站吧台。
2108.3s [10月29日（週三） 下午 7:03]   use "Sleep"
2108.9s [10月29日（週三） 下午 7:03]   click [Sleep] Sleep until 7:00 AM
2110.6s [10月30日（週四） 下午 5:00]   toast: Riverlight Goods 咖啡 今天没开门：吧台没人顾。去雇一位咖啡师（人员分页），或自己站吧台。
2110.7s [10月30日（週四） 下午 7:01]   use "Sleep"
2111.3s [10月30日（週四） 下午 7:01]   click [Sleep] Sleep until 7:00 AM
2113.0s [10月31日（週五） 下午 5:00]   toast: Riverlight Goods 咖啡 今天没开门：吧台没人顾。去雇一位咖啡师（人员分页），或自己站吧台。
2113.1s [10月31日（週五） 下午 7:01]   use "Sleep"
2113.7s [10月31日（週五） 下午 7:01]   click [Sleep] Sleep until 7:00 AM
2116.9s [11月1日（週六） 上午 7:00]   (shot month_close_report skipped: headless)
2116.9s [11月1日（週六） 上午 7:00]   click [month close] Continue
2117.4s [11月1日（週六） 下午 5:00]   toast: Riverlight Goods 咖啡 今天没开门：吧台没人顾。去雇一位咖啡师（人员分页），或自己站吧台。
2117.4s [11月1日（週六） 下午 7:00]   use "Sleep"
2118.0s [11月1日（週六） 下午 7:00]   click [Sleep] Sleep until 7:00 AM
2119.8s [11月2日（週日） 下午 7:01]   use "Sleep"
2120.4s [11月2日（週日） 下午 7:01]   click [Sleep] Sleep until 7:00 AM
2122.1s [11月3日（週一） 下午 5:00]   toast: Riverlight Goods 咖啡 今天没开门：吧台没人顾。去雇一位咖啡师（人员分页），或自己站吧台。
2122.2s [11月3日（週一） 下午 7:00]   (shot decision_supplier_price_increase skipped: headless)
2122.2s [11月3日（週一） 下午 7:00]   decision supplier_price_increase → accept
2122.2s [11月3日（週一） 下午 7:00]   click [Choice_accept] 好。继续跟你进货。
2123.4s [11月3日（週一） 下午 7:00]   (shot decision_outcome_supplier_price_increase skipped: headless)
2123.4s [11月3日（週一） 下午 7:00]   click "OK"
2123.9s [11月3日（週一） 下午 7:00]   use "Sleep"
2124.5s [11月3日（週一） 下午 7:00]   click [Sleep] Sleep until 7:00 AM
2126.2s [11月4日（週二） 下午 5:00]   toast: Riverlight Goods 咖啡 今天没开门：吧台没人顾。去雇一位咖啡师（人员分页），或自己站吧台。
2126.3s [11月4日（週二） 下午 7:01]   use "Sleep"
2126.9s [11月4日（週二） 下午 7:01]   click [Sleep] Sleep until 7:00 AM
2128.6s [11月5日（週三） 下午 5:00]   toast: Riverlight Goods 咖啡 今天没开门：吧台没人顾。去雇一位咖啡师（人员分页），或自己站吧台。
2128.7s [11月5日（週三） 下午 7:01]   use "Sleep"
2129.3s [11月5日（週三） 下午 7:01]   click [Sleep] Sleep until 7:00 AM
2131.0s [11月6日（週四） 下午 5:00]   toast: Riverlight Goods 咖啡 今天没开门：吧台没人顾。去雇一位咖啡师（人员分页），或自己站吧台。
2131.1s [11月6日（週四） 下午 7:01]   use "Sleep"
2131.7s [11月6日（週四） 下午 7:01]   click [Sleep] Sleep until 7:00 AM
2133.4s [11月7日（週五） 下午 5:00]   toast: Riverlight Goods 咖啡 今天没开门：吧台没人顾。去雇一位咖啡师（人员分页），或自己站吧台。
2133.5s [11月7日（週五） 下午 7:01]   use "Sleep"
2134.1s [11月7日（週五） 下午 7:01]   click [Sleep] Sleep until 7:00 AM
2135.8s [11月8日（週六） 下午 5:00]   toast: Riverlight Goods 咖啡 今天没开门：吧台没人顾。去雇一位咖啡师（人员分页），或自己站吧台。
2135.9s [11月8日（週六） 下午 7:01]   use "Sleep"
2136.5s [11月8日（週六） 下午 7:01]   click [Sleep] Sleep until 7:00 AM
2140.1s [11月9日（週日） 下午 7:03]   use "Sleep"
2140.7s [11月9日（週日） 下午 7:03]   click [Sleep] Sleep until 7:00 AM
2142.4s [11月10日（週一） 上午 7:00]   ok  escrow released to the supplier on arrival
2142.4s [11月10日（週一） 上午 7:00]   ok  Chapter 10 complete
2142.4s [11月10日（週一） 上午 7:00] STEP Chapter 11 — the bridge exploit
2142.4s [11月10日（週一） 上午 7:00]   ok  Year 7: the Bridge Exploit
2145.5s [11月10日（週一） 上午 7:06]   ok  walked back outside
2148.8s [11月10日（週一） 上午 7:11]   ok  entered Bloom Coffee
2150.4s [11月10日（週一） 上午 7:13]   use "Read the news board"
2151.1s [11月10日（週一） 上午 7:18]   (shot news_bridge_before skipped: headless)
2151.4s [11月10日（週一） 上午 7:18]   ok  read the news (bridge_before)
2154.3s [11月10日（週一） 上午 7:23]   ok  walked back outside
2157.5s [11月10日（週一） 上午 7:28]   ok  entered Riverside Tower
2158.8s [11月10日（週一） 上午 7:30]   use "Use laptop — Company OS"
2159.4s [11月10日（週一） 上午 7:31]   click [Tab_operations] Operations
2160.0s [11月10日（週一） 上午 7:32]   click [Buy_lumina_direct_phone_stand] 购买 $856
2160.6s [11月10日（週一） 上午 7:33]   (shot settlement_before_exploit skipped: headless)
2160.7s [11月10日（週一） 上午 7:33]   click [Settle_escrow] Pay this way
2161.6s [11月10日（週一） 上午 7:34]   ok  restock ordered through escrow (cash $31,212)
2173.8s [11月10日（週一） 上午 7:53]   toast: 快讯：数字美元跨链桥遭骇。转帐冻结，预计 11月16日 上午 7:53 前后恢复。
2175.7s [11月10日（週一） 上午 7:55]   ok  the bridge is frozen with our payment crossing it
2176.3s [11月10日（週一） 上午 7:55]   ok  the '!' badge for frozen_funds pins its card
2176.3s [11月10日（週一） 上午 7:55]   (shot badge_frozen_pinned skipped: headless)
2176.5s [11月10日（週一） 上午 7:55]   (shot decision_rail_frozen skipped: headless)
2176.5s [11月10日（週一） 上午 7:55]   decision rail_frozen → reroute
2176.5s [11月10日（週一） 上午 7:55]   click [Choice_reroute] 改用电汇重新付款（$890）
2177.8s [11月10日（週一） 上午 7:55]   (shot decision_outcome_rail_frozen skipped: headless)
2177.8s [11月10日（週一） 上午 7:55]   click "OK"
2178.2s [11月10日（週一） 上午 7:55]   ok  paid again by wire
2178.3s [11月10日（週一） 上午 7:55]   use "Use laptop — Company OS"
2178.9s [11月10日（週一） 上午 7:56]   click [Tab_finance] Finance
2179.5s [11月10日（週一） 上午 7:57]   (shot finance_frozen_funds skipped: headless)
2179.5s [11月10日（週一） 上午 7:57]   click [Tab_operations] Operations
2185.0s [11月10日（週一） 上午 8:05]   (shot operations_frozen_order skipped: headless)
2187.9s [11月10日（週一） 上午 8:11]   ok  walked back outside
2191.2s [11月10日（週一） 上午 8:16]   ok  entered Bloom Coffee
2192.8s [11月10日（週一） 上午 8:18]   use "Read the news board"
2193.4s [11月10日（週一） 上午 8:23]   (shot news_bridge_frozen skipped: headless)
2193.8s [11月10日（週一） 上午 8:23]   ok  read the news (bridge_frozen)
2196.7s [11月10日（週一） 上午 8:28]   ok  walked back outside
2199.8s [11月10日（週一） 上午 8:33]   ok  entered Riverside Tower
2199.8s [11月10日（週一） 下午 5:00]   toast: Riverlight Goods 咖啡 今天没开门：吧台没人顾。去雇一位咖啡师（人员分页），或自己站吧台。
2201.6s [11月10日（週一） 下午 7:03]   use "Sleep"
2202.2s [11月10日（週一） 下午 7:03]   click [Sleep] Sleep until 7:00 AM
2204.0s [11月11日（週二） 下午 5:00]   toast: Riverlight Goods 咖啡 今天没开门：吧台没人顾。去雇一位咖啡师（人员分页），或自己站吧台。
2204.0s [11月11日（週二） 下午 7:01]   use "Sleep"
2204.6s [11月11日（週二） 下午 7:01]   click [Sleep] Sleep until 7:00 AM
2206.4s [11月12日（週三） 下午 5:00]   toast: Riverlight Goods 咖啡 今天没开门：吧台没人顾。去雇一位咖啡师（人员分页），或自己站吧台。
2206.4s [11月12日（週三） 下午 7:01]   use "Sleep"
2207.0s [11月12日（週三） 下午 7:01]   click [Sleep] Sleep until 7:00 AM
2208.7s [11月13日（週四） 下午 5:00]   toast: Riverlight Goods 咖啡 今天没开门：吧台没人顾。去雇一位咖啡师（人员分页），或自己站吧台。
2208.8s [11月13日（週四） 下午 7:01]   use "Sleep"
2209.4s [11月13日（週四） 下午 7:01]   click [Sleep] Sleep until 7:00 AM
2211.1s [11月14日（週五） 下午 5:00]   toast: Riverlight Goods 咖啡 今天没开门：吧台没人顾。去雇一位咖啡师（人员分页），或自己站吧台。
2211.1s [11月14日（週五） 下午 7:00]   (shot decision_low_cash_warning skipped: headless)
2211.1s [11月14日（週五） 下午 7:00]   decision low_cash_warning → reduce
2211.1s [11月14日（週五） 下午 7:00]   click [Choice_reduce] 缩减开支（暂停广告、生活从简）
2212.4s [11月14日（週五） 下午 7:00]   (shot decision_outcome_low_cash_warning skipped: headless)
2212.4s [11月14日（週五） 下午 7:00]   click "OK"
2212.9s [11月14日（週五） 下午 7:00]   use "Sleep"
2213.5s [11月14日（週五） 下午 7:00]   click [Sleep] Sleep until 7:00 AM
2215.2s [11月15日（週六） 下午 5:00]   toast: Riverlight Goods 咖啡 今天没开门：吧台没人顾。去雇一位咖啡师（人员分页），或自己站吧台。
2215.3s [11月15日（週六） 下午 7:01]   use "Sleep"
2215.9s [11月15日（週六） 下午 7:01]   click [Sleep] Sleep until 7:00 AM
2217.7s [11月16日（週日） 下午 7:01]   use "Sleep"
2218.3s [11月16日（週日） 下午 7:01]   click [Sleep] Sleep until 7:00 AM
2220.0s [11月17日（週一） 下午 5:00]   toast: Riverlight Goods 咖啡 今天没开门：吧台没人顾。去雇一位咖啡师（人员分页），或自己站吧台。
2220.0s [11月17日（週一） 下午 7:00]   (shot decision_low_cash_warning skipped: headless)
2220.0s [11月17日（週一） 下午 7:00]   decision low_cash_warning → reduce
2220.0s [11月17日（週一） 下午 7:00]   click [Choice_reduce] 缩减开支（暂停广告、生活从简）
2221.3s [11月17日（週一） 下午 7:00]   (shot decision_outcome_low_cash_warning skipped: headless)
2221.3s [11月17日（週一） 下午 7:00]   click "OK"
2221.8s [11月17日（週一） 下午 7:00]   use "Sleep"
2222.3s [11月17日（週一） 下午 7:00]   click [Sleep] Sleep until 7:00 AM
2224.1s [11月18日（週二） 下午 5:00]   toast: Riverlight Goods 咖啡 今天没开门：吧台没人顾。去雇一位咖啡师（人员分页），或自己站吧台。
2224.2s [11月18日（週二） 下午 7:01]   use "Sleep"
2224.7s [11月18日（週二） 下午 7:01]   click [Sleep] Sleep until 7:00 AM
2226.5s [11月19日（週三） 下午 5:00]   toast: Riverlight Goods 咖啡 今天没开门：吧台没人顾。去雇一位咖啡师（人员分页），或自己站吧台。
2226.5s [11月19日（週三） 下午 7:01]   use "Sleep"
2227.1s [11月19日（週三） 下午 7:01]   click [Sleep] Sleep until 7:00 AM
2228.9s [11月20日（週四） 下午 5:00]   toast: Riverlight Goods 咖啡 今天没开门：吧台没人顾。去雇一位咖啡师（人员分页），或自己站吧台。
2228.9s [11月20日（週四） 下午 7:00]   (shot decision_low_cash_warning skipped: headless)
2228.9s [11月20日（週四） 下午 7:00]   decision low_cash_warning → reduce
2228.9s [11月20日（週四） 下午 7:00]   click [Choice_reduce] 缩减开支（暂停广告、生活从简）
2230.1s [11月20日（週四） 下午 7:00]   (shot decision_outcome_low_cash_warning skipped: headless)
2230.1s [11月20日（週四） 下午 7:00]   click "OK"
2230.6s [11月20日（週四） 下午 7:00]   use "Sleep"
2231.2s [11月20日（週四） 下午 7:00]   click [Sleep] Sleep until 7:00 AM
2233.0s [11月21日（週五） 下午 5:00]   toast: Riverlight Goods 咖啡 今天没开门：吧台没人顾。去雇一位咖啡师（人员分页），或自己站吧台。
2233.0s [11月21日（週五） 下午 7:01]   use "Sleep"
2233.6s [11月21日（週五） 下午 7:01]   click [Sleep] Sleep until 7:00 AM
2235.4s [11月22日（週六） 下午 5:00]   toast: Riverlight Goods 咖啡 今天没开门：吧台没人顾。去雇一位咖啡师（人员分页），或自己站吧台。
2235.4s [11月22日（週六） 下午 7:01]   use "Sleep"
2236.0s [11月22日（週六） 下午 7:01]   click [Sleep] Sleep until 7:00 AM
2237.8s [11月23日（週日） 下午 7:00]   (shot decision_low_cash_warning skipped: headless)
2237.8s [11月23日（週日） 下午 7:00]   decision low_cash_warning → reduce
2237.8s [11月23日（週日） 下午 7:00]   click [Choice_reduce] 缩减开支（暂停广告、生活从简）
2239.0s [11月23日（週日） 下午 7:00]   (shot decision_outcome_low_cash_warning skipped: headless)
2239.0s [11月23日（週日） 下午 7:00]   click "OK"
2239.5s [11月23日（週日） 下午 7:00]   use "Sleep"
2240.1s [11月23日（週日） 下午 7:00]   click [Sleep] Sleep until 7:00 AM
2241.9s [11月24日（週一） 下午 5:00]   toast: Riverlight Goods 咖啡 今天没开门：吧台没人顾。去雇一位咖啡师（人员分页），或自己站吧台。
2241.9s [11月24日（週一） 下午 7:01]   use "Sleep"
2242.5s [11月24日（週一） 下午 7:01]   click [Sleep] Sleep until 7:00 AM
2244.3s [11月25日（週二） 下午 5:00]   toast: Riverlight Goods 咖啡 今天没开门：吧台没人顾。去雇一位咖啡师（人员分页），或自己站吧台。
2244.3s [11月25日（週二） 下午 7:01]   use "Sleep"
2244.9s [11月25日（週二） 下午 7:01]   click [Sleep] Sleep until 7:00 AM
2246.6s [11月26日（週三） 下午 5:00]   toast: Riverlight Goods 咖啡 今天没开门：吧台没人顾。去雇一位咖啡师（人员分页），或自己站吧台。
2246.7s [11月26日（週三） 下午 7:00]   (shot decision_low_cash_warning skipped: headless)
2246.7s [11月26日（週三） 下午 7:00]   decision low_cash_warning → reduce
2246.7s [11月26日（週三） 下午 7:00]   click [Choice_reduce] 缩减开支（暂停广告、生活从简）
2248.0s [11月26日（週三） 下午 7:00]   (shot decision_outcome_low_cash_warning skipped: headless)
2248.0s [11月26日（週三） 下午 7:00]   click "OK"
2248.5s [11月26日（週三） 下午 7:00]   use "Sleep"
2249.1s [11月26日（週三） 下午 7:00]   click [Sleep] Sleep until 7:00 AM
2250.8s [11月27日（週四） 上午 7:00]   ok  the bridge reopened
2250.8s [11月27日（週四） 上午 7:00]   ok  frozen funds settled
2250.8s [11月27日（週四） 上午 7:00]   ok  Chapter 11 complete: through the freeze and restocked
2250.8s [11月27日（週四） 上午 7:00] STEP Chapter 12 — the regulation wave: the import licence
2250.8s [11月27日（週四） 上午 7:00]   ok  Year 8: the Regulation Wave
2253.9s [11月27日（週四） 上午 7:06]   ok  walked back outside
2257.2s [11月27日（週四） 上午 7:11]   ok  entered Bloom Coffee
2258.9s [11月27日（週四） 上午 7:14]   use "Read the news board"
2259.5s [11月27日（週四） 上午 7:19]   (shot news_regulation skipped: headless)
2259.9s [11月27日（週四） 上午 7:19]   ok  read the news (regulation)
2262.8s [11月27日（週四） 上午 7:24]   ok  walked back outside
2265.9s [11月27日（週四） 上午 7:29]   ok  entered Riverside Tower
2265.9s [11月27日（週四） 上午 7:29]   (harness) wait 2 h
2267.9s [11月27日（週四） 上午 9:33]   ok  walked back outside
2275.6s [11月27日（週四） 上午 9:44]   use "捷运——河滨区站"
2276.5s [11月27日（週四） 上午 9:46]   (shot metro_civic_center skipped: headless)
2276.5s [11月27日（週四） 上午 9:46]   click [Go_civic_center] 市政中心  ·  12 分钟
2277.4s [11月27日（週四） 上午 9:59]   ok  took the Metro to Civic Center
2284.4s [11月27日（週四） 上午 10:10]   ok  entered Aurelia City Hall
2286.1s [11月27日（週四） 上午 10:12]   use "Permits & regulations"
2286.8s [11月27日（週四） 上午 10:13]   (shot permits_import_licence skipped: headless)
2287.4s [11月27日（週四） 上午 10:14]   ok  the '!' badge for import_licence pins its card
2287.4s [11月27日（週四） 上午 10:14]   (shot badge_licence_pinned skipped: headless)
2287.6s [11月27日（週四） 上午 10:14]   click [ApplyImportLicence] 申请（$450）
2288.1s [11月27日（週四） 上午 10:35]   (shot permits_licence_processing skipped: headless)
2288.4s [11月27日（週四） 上午 10:36]   ok  import licence applied for
2291.4s [11月27日（週四） 上午 10:41]   ok  walked back outside
2296.9s [11月27日（週四） 上午 10:49]   use "捷运——市政中心站"
2297.8s [11月27日（週四） 上午 10:51]   (shot metro_riverside skipped: headless)
2297.8s [11月27日（週四） 上午 10:51]   click [Go_riverside] 河滨区  ·  12 分钟
2298.8s [11月27日（週四） 上午 11:04]   ok  took the Metro to Riverside
2307.9s [11月27日（週四） 上午 11:18]   ok  entered Riverside Tower
2307.9s [11月27日（週四） 下午 5:00]   toast: Riverlight Goods 咖啡 今天没开门：吧台没人顾。去雇一位咖啡师（人员分页），或自己站吧台。
2309.7s [11月27日（週四） 下午 7:03]   use "Sleep"
2310.2s [11月27日（週四） 下午 7:03]   click [Sleep] Sleep until 7:00 AM
2312.0s [11月28日（週五） 下午 5:00]   toast: Riverlight Goods 咖啡 今天没开门：吧台没人顾。去雇一位咖啡师（人员分页），或自己站吧台。
2312.1s [11月28日（週五） 下午 7:01]   use "Sleep"
2312.6s [11月28日（週五） 下午 7:01]   click [Sleep] Sleep until 7:00 AM
2314.4s [11月29日（週六） 下午 5:00]   toast: Riverlight Goods 咖啡 今天没开门：吧台没人顾。去雇一位咖啡师（人员分页），或自己站吧台。
2314.4s [11月29日（週六） 下午 7:00]   (shot decision_low_cash_warning skipped: headless)
2314.4s [11月29日（週六） 下午 7:00]   decision low_cash_warning → reduce
2314.4s [11月29日（週六） 下午 7:00]   click [Choice_reduce] 缩减开支（暂停广告、生活从简）
2315.6s [11月29日（週六） 下午 7:00]   (shot decision_outcome_low_cash_warning skipped: headless)
2315.6s [11月29日（週六） 下午 7:00]   click "OK"
2316.1s [11月29日（週六） 下午 7:00]   use "Sleep"
2316.7s [11月29日（週六） 下午 7:00]   click [Sleep] Sleep until 7:00 AM
2318.4s [11月30日（週日） 上午 7:00]   ok  import licence granted
2318.4s [11月30日（週日） 上午 7:00] STEP Chapter 12 — a large import goes through KYC
2319.6s [11月30日（週日） 上午 7:02]   use "Use laptop — Company OS"
2320.2s [11月30日（週日） 上午 7:03]   click [Tab_operations] Operations
2320.8s [11月30日（週日） 上午 7:04]   click [DeliverTo_riverside_studio] 河滨大楼 7C
2321.3s [11月30日（週日） 上午 7:05]   click [Buy_lumina_direct_wireless_earbuds] 购买 $2,692
2322.0s [11月30日（週日） 上午 7:06]   (shot settlement_kyc skipped: headless)
2322.0s [11月30日（週日） 上午 7:06]   click [Settle_letter_of_credit] Pay this way
2323.0s [11月30日（週日） 上午 7:07]   ok  the large payment carries a KYC check
2325.5s [11月30日（週日） 下午 7:04]   use "Sleep"
2326.1s [11月30日（週日） 下午 7:04]   click [Sleep] Sleep until 7:00 AM
2329.4s [12月1日（週一） 上午 7:00]   (shot month_close_report skipped: headless)
2329.4s [12月1日（週一） 上午 7:00]   click [month close] Continue
2329.8s [12月1日（週一） 下午 5:00]   toast: Riverlight Goods 咖啡 今天没开门：吧台没人顾。去雇一位咖啡师（人员分页），或自己站吧台。
2329.9s [12月1日（週一） 下午 7:00]   use "Sleep"
2330.5s [12月1日（週一） 下午 7:00]   click [Sleep] Sleep until 7:00 AM
2332.2s [12月2日（週二） 下午 5:00]   toast: Riverlight Goods 咖啡 今天没开门：吧台没人顾。去雇一位咖啡师（人员分页），或自己站吧台。
2332.2s [12月2日（週二） 下午 7:00]   (shot decision_low_cash_warning skipped: headless)
2332.2s [12月2日（週二） 下午 7:00]   decision low_cash_warning → reduce
2332.2s [12月2日（週二） 下午 7:00]   click [Choice_reduce] 缩减开支（暂停广告、生活从简）
2333.5s [12月2日（週二） 下午 7:00]   (shot decision_outcome_low_cash_warning skipped: headless)
2333.5s [12月2日（週二） 下午 7:00]   click "OK"
2334.0s [12月2日（週二） 下午 7:00]   use "Sleep"
2334.6s [12月2日（週二） 下午 7:00]   click [Sleep] Sleep until 7:00 AM
2336.3s [12月3日（週三） 下午 5:00]   toast: Riverlight Goods 咖啡 今天没开门：吧台没人顾。去雇一位咖啡师（人员分页），或自己站吧台。
2336.4s [12月3日（週三） 下午 7:01]   use "Sleep"
2337.0s [12月3日（週三） 下午 7:01]   click [Sleep] Sleep until 7:00 AM
2338.7s [12月4日（週四） 上午 7:00]   ok  KYC cleared
2339.8s [12月4日（週四） 上午 7:02]   use "Use laptop — Company OS"
2340.3s [12月4日（週四） 上午 7:03]   click [Tab_finance] Finance
2340.9s [12月4日（週四） 上午 7:04]   (shot finance_compliance_cost skipped: headless)
2341.3s [12月4日（週四） 上午 7:04] STEP Chapter 12 — Victor Hale's offer
2341.3s [12月4日（週四） 上午 7:04]   (harness) wait 2 h
2341.9s [12月4日（週四） 上午 9:04]   (shot decision_supplier_price_increase skipped: headless)
2341.9s [12月4日（週四） 上午 9:04]   decision supplier_price_increase → accept
2341.9s [12月4日（週四） 上午 9:04]   click [Choice_accept] 好。继续跟你进货。
2343.1s [12月4日（週四） 上午 9:04]   (shot decision_outcome_supplier_price_increase skipped: headless)
2343.1s [12月4日（週四） 上午 9:04]   click "OK"
2343.6s [12月4日（週四） 上午 9:04]   (harness) wait 2 h
2346.9s [12月4日（週四） 上午 11:10]   ok  walked back outside
2356.2s [12月4日（週四） 上午 11:24]   use "捷运——河滨区站"
2357.1s [12月4日（週四） 上午 11:25]   (shot metro_shopping_street skipped: headless)
2357.1s [12月4日（週四） 上午 11:25]   click [Go_shopping_street] 购物街  ·  15 分钟
2358.1s [12月4日（週四） 上午 11:42]   ok  took the Metro to Shopping Street
2367.1s [12月4日（週四） 上午 11:55]   ok  entered Crestline Flagship
2367.6s [12月4日（週四） 上午 11:56]   use "和 Victor Hale 说话"
2368.3s [12月4日（週四） 上午 11:56]   (shot victor_offer skipped: headless)
2375.9s [12月4日（週四） 上午 11:58]   ok  the '!' badge for valuation pins its card
2375.9s [12月4日（週四） 上午 11:58]   (shot badge_valuation_pinned skipped: headless)
2376.1s [12月4日（週四） 上午 11:58]   (shot decision_acquisition_offer skipped: headless)
2376.1s [12月4日（週四） 上午 11:58]   decision acquisition_offer → counter
2376.1s [12月4日（週四） 上午 11:58]   click [Choice_counter] 还价：开价 $19,410
2377.4s [12月4日（週四） 上午 11:58]   (shot decision_outcome_acquisition_offer skipped: headless)
2377.4s [12月4日（週四） 上午 11:58]   click "OK"
2377.8s [12月4日（週四） 上午 11:58]   ok  countered Hale Group's offer
2379.0s [12月4日（週四） 下午 12:00]   (shot ending_card skipped: headless)
2382.0s [12月4日（週四） 下午 12:04]   ok  Chapter 12 complete
2382.0s [12月4日（週四） 下午 12:04]   ok  the main story is complete
2382.0s [12月4日（週四） 下午 12:04]   ok  free play: the growth goal
2382.0s [12月4日（週四） 下午 12:04]   ok  ledger balanced after chapters 10–12
2383.8s [12月4日（週四） 下午 12:08]   ok  walked back outside
2391.0s [12月4日（週四） 下午 12:19]   use "捷运——购物街站"
2391.8s [12月4日（週四） 下午 12:20]   (shot metro_riverside skipped: headless)
2391.8s [12月4日（週四） 下午 12:20]   click [Go_riverside] 河滨区  ·  15 分钟
2392.8s [12月4日（週四） 下午 12:37]   ok  took the Metro to Riverside
2401.9s [12月4日（週四） 下午 12:50]   ok  entered Riverside Tower
2401.9s [12月4日（週四） 下午 12:50] STEP Save → reload → same state
2402.9s [12月4日（週四） 下午 12:52]   ok  cash restored after load
2402.9s [12月4日（週四） 下午 12:52]   ok  time restored after load
2402.9s [12月4日（週四） 下午 12:52]   ok  location restored (riverside_apartment)
2402.9s [12月4日（週四） 下午 12:52]   (shot after_load skipped: headless)
2402.9s [12月4日（週四） 下午 12:52] STEP Summary
2402.9s [12月4日（週四） 下午 12:52]   business entity co_riverlight_goods cash $21,676.04 · personal $10,061.28 · orders delivered 599 · chapters done ["ch1_arrival", "ch2_first_customer", "ch3_open_for_business", "ch4_growing_pains", "ch5_big_contract", "ch6_cash_is_oxygen", "ch7_supply_shock", "ch8_green_shift", "ch9_clearing_crisis", "ch10_digital_rails", "ch11_other_side_of_trust", "ch12_regulation_scale"]
2402.9s [12月4日（週四） 下午 12:52]   ok  ledger balanced at the end
2402.9s [12月4日（週四） 下午 12:52]   ok  story objective completed: ch1_phone
2402.9s [12月4日（週四） 下午 12:52]   ok  story objective completed: ch1_outside
2402.9s [12月4日（週四） 下午 12:52]   ok  story objective completed: ch1_coffee
2402.9s [12月4日（週四） 下午 12:52]   ok  story objective completed: ch1_cowork
2402.9s [12月4日（週四） 下午 12:52]   ok  story objective completed: ch1_board
2402.9s [12月4日（週四） 下午 12:52]   ok  story objective completed: ch2_supplier
2402.9s [12月4日（週四） 下午 12:52]   ok  story objective completed: ch2_stock
2402.9s [12月4日（週四） 下午 12:52]   ok  story objective completed: ch2_listing
2402.9s [12月4日（週四） 下午 12:52]   ok  story objective completed: ch2_order
2402.9s [12月4日（週四） 下午 12:52]   ok  story objective completed: ch2_ship
2402.9s [12月4日（週四） 下午 12:52]   ok  story objective completed: ch2_first_dollar
2402.9s [12月4日（週四） 下午 12:52]   ok  story objective completed: ch2_issue
2402.9s [12月4日（週四） 下午 12:52]   ok  story objective completed: ch3_register
2402.9s [12月4日（週四） 下午 12:52]   ok  story objective completed: ch3_bank
2402.9s [12月4日（週四） 下午 12:52]   ok  story objective completed: ch3_workspace
2402.9s [12月4日（週四） 下午 12:52]   ok  story objective completed: ch3_os
2402.9s [12月4日（週四） 下午 12:52]   ok  story objective completed: ch4_employer
2402.9s [12月4日（週四） 下午 12:52]   ok  story objective completed: ch4_post
2402.9s [12月4日（週四） 下午 12:52]   ok  story objective completed: ch4_hire
2402.9s [12月4日（週四） 下午 12:52]   ok  story objective completed: ch4_payroll
2402.9s [12月4日（週四） 下午 12:52]   ok  story objective completed: ch4_forecast
2402.9s [12月4日（週四） 下午 12:52]   ok  story objective completed: ch5_meet
2402.9s [12月4日（週四） 下午 12:52]   ok  story objective completed: ch5_decide
2402.9s [12月4日（週四） 下午 12:52]   ok  story objective completed: ch5_stock
2402.9s [12月4日（週四） 下午 12:52]   ok  story objective completed: ch5_deliver
2402.9s [12月4日（週四） 下午 12:52]   ok  story objective completed: ch6_forecast
2402.9s [12月4日（週四） 下午 12:52]   ok  story objective completed: ch6_bridge
2402.9s [12月4日（週四） 下午 12:52]   ok  story objective completed: ch6_collect
2402.9s [12月4日（週四） 下午 12:52]   ok  story objective completed: ch6_close
2402.9s [12月4日（週四） 下午 12:52]   ok  story objective completed: ch7_news
2402.9s [12月4日（週四） 下午 12:52]   ok  story objective completed: ch7_ken
2402.9s [12月4日（週四） 下午 12:52]   ok  story objective completed: ch7_stock
2402.9s [12月4日（週四） 下午 12:52]   ok  story objective completed: ch7_price
2402.9s [12月4日（週四） 下午 12:52]   ok  story objective completed: ch7_close
2402.9s [12月4日（週四） 下午 12:52]   ok  story objective completed: ch8_news
2402.9s [12月4日（週四） 下午 12:52]   ok  story objective completed: ch8_pack
2402.9s [12月4日（週四） 下午 12:52]   ok  story objective completed: ch8_product
2402.9s [12月4日（週四） 下午 12:52]   ok  story objective completed: ch8_grant
2402.9s [12月4日（週四） 下午 12:52]   ok  story objective completed: ch9_news
2402.9s [12月4日（週四） 下午 12:52]   ok  story objective completed: ch9_import
2402.9s [12月4日（週四） 下午 12:52]   ok  story objective completed: ch9_lina
2402.9s [12月4日（週四） 下午 12:52]   ok  story objective completed: ch9_settle
2402.9s [12月4日（週四） 下午 12:52]   ok  story objective completed: ch9_arrive
2402.9s [12月4日（週四） 下午 12:52]   ok  story objective completed: ch10_news
2402.9s [12月4日（週四） 下午 12:52]   ok  story objective completed: ch10_lina
2402.9s [12月4日（週四） 下午 12:52]   ok  story objective completed: ch10_import
2402.9s [12月4日（週四） 下午 12:52]   ok  story objective completed: ch10_arrive
2402.9s [12月4日（週四） 下午 12:52]   ok  story objective completed: ch11_news
2402.9s [12月4日（週四） 下午 12:52]   ok  story objective completed: ch11_order
2402.9s [12月4日（週四） 下午 12:52]   ok  story objective completed: ch11_freeze
2402.9s [12月4日（週四） 下午 12:52]   ok  story objective completed: ch11_restock
2402.9s [12月4日（週四） 下午 12:52]   ok  story objective completed: ch12_news
2402.9s [12月4日（週四） 下午 12:52]   ok  story objective completed: ch12_licence
2402.9s [12月4日（週四） 下午 12:52]   ok  story objective completed: ch12_kyc
2402.9s [12月4日（週四） 下午 12:52]   ok  story objective completed: ch12_offer
2402.9s [12月4日（週四） 下午 12:52] BOT FINISHED — 0 failure(s) · 2402.9s real
2402.9s [12月4日（週四） 下午 12:52] English audit: 18 on-screen text(s) with untranslated words
