Godot Engine v4.5.1.stable.official.f62fdbde1 - https://godotengine.org

   0.0s STEP Main menu → New Game
   0.0s   (shot main_menu skipped: headless)
   0.0s   click [NewGame] New Game
   0.2s STEP Character Creator
   0.2s   (shot creator_default skipped: headless)
   0.2s   click [Tab_hair] Hair
   0.2s   click [Next_hair] ▶
   0.3s   click [Tab_face] Face
   0.3s   click [Next_face] ▶
   0.3s   click [Next_eye_shape] ▶
   0.3s   click [Tab_body] Body
   0.4s   click [Next_presentation] ▶
   0.4s   (shot creator_customised skipped: headless)
   0.4s   click [Tab_outfit] Outfit
   0.4s   click "Startup Casual"
   0.4s   ok  appearance changed from default (short_neat)
   0.4s   (shot creator_final skipped: headless)
   0.4s   click [Start] Start in Aurelia  →
   0.4s [6月1日（週日） 下午 2:00] STEP Arrival sequence
   0.6s [6月1日（週日） 下午 2:00]   (shot arrival_train skipped: headless)
   0.6s [6月1日（週日） 下午 2:00]   (shot arrival_phone skipped: headless)
   0.9s [6月1日（週日） 下午 2:01]   ok  spawned in the Riverside apartment
   0.9s [6月1日（週日） 下午 2:01]   ok  starting cash $30,000
   0.9s [6月1日（週日） 下午 2:01]   ok  name saved
   1.0s [6月1日（週日） 下午 2:03]   (shot apartment_arrival skipped: headless)
   1.0s [6月1日（週日） 下午 2:03] STEP Chapter 1 — phone & Maya
   1.1s [6月1日（週日） 下午 2:08]   (shot phone_home skipped: headless)
   1.1s [6月1日（週日） 下午 2:08]   click [App_messages] 訊息 2
   1.2s [6月1日（週日） 下午 2:09]   click [Thread_maya] Maya  ● 打給我。或傳訊息。隨便。
   1.2s [6月1日（週日） 下午 2:09]   choose "› 嗯。"
   1.3s [6月1日（週日） 下午 2:09]   choose "› 我要開公司。"
   1.4s [6月1日（週日） 下午 2:09]   ok  Maya conversation done
   1.4s [6月1日（週日） 下午 2:09] STEP Head outside
   2.8s [6月1日（週日） 下午 2:15]   ok  walked back outside
   2.8s [6月1日（週日） 下午 2:15]   ok  visited Riverside
   2.8s [6月1日（週日） 下午 2:15]   (shot riverside_outside_home skipped: headless)
   2.8s [6月1日（週日） 下午 2:15] STEP Bloom Coffee
   3.3s [6月1日（週日） 下午 2:20]   ok  entered Bloom Coffee
   3.3s [6月1日（週日） 下午 2:20]   (shot bloom_coffee_inside skipped: headless)
   3.3s [6月1日（週日） 下午 2:22]   use "Order coffee ($4.50)"
   3.4s [6月1日（週日） 下午 2:22]   choose "› 麻煩了。"
   3.7s [6月1日（週日） 下午 2:33]   ok  bought a coffee from Jun
   4.1s [6月1日（週日） 下午 2:38]   ok  walked back outside
   4.1s [6月1日（週日） 下午 2:38] STEP Walk east to Startup Hub
   4.2s [6月1日（週日） 下午 2:40]   (shot riverside_street skipped: headless)
   6.1s [6月1日（週日） 下午 3:11]   ok  walked to Startup Hub
   6.1s [6月1日（週日） 下午 3:11]   (shot startup_hub_arrive skipped: headless)
   6.1s [6月1日（週日） 下午 3:11] STEP Nexus Co-work
   6.6s [6月1日（週日） 下午 3:17]   ok  entered Nexus Co-work
   6.6s [6月1日（週日） 下午 3:17]   (shot cowork_inside skipped: headless)
   6.8s [6月1日（週日） 下午 3:19]   use "Reception — desks & day passes"
   6.9s [6月1日（週日） 下午 3:19]   choose "› 對。先看看。"
   7.0s [6月1日（週日） 下午 3:20]   click [DayPass] Buy a day pass ($15)
   7.1s [6月1日（週日） 下午 3:21] STEP Business Board
   7.3s [6月1日（週日） 下午 3:26]   use "Business Board"
   7.4s [6月1日（週日） 下午 3:27]   (shot business_board skipped: headless)
   7.4s [6月1日（週日） 下午 3:27]   click [Biz_saas] ● SaaS／軟體
   7.4s [6月1日（週日） 下午 3:27]   (shot business_board_planned_saas skipped: headless)
   7.4s [6月1日（週日） 下午 3:27]   click [Biz_ecommerce] ● 電商
   7.4s [6月1日（週日） 下午 3:28]   click [StartEcommerce] Start an ecommerce side business
   7.7s [6月1日（週日） 下午 3:30]   ok  picked ecommerce as first business
   7.8s [6月1日（週日） 下午 3:33]   ok  Chapter 1 complete
   7.8s [6月1日（週日） 下午 3:33] STEP Chapter 2 — buy stock at a hot desk (Company OS)
   8.1s [6月1日（週日） 下午 3:40]   use "Work at a hot desk — Company OS"
   8.1s [6月1日（週日） 下午 3:41]   (shot company_os_overview_personal skipped: headless)
   8.1s [6月1日（週日） 下午 3:41]   click [Tab_operations] Operations
   8.4s [6月1日（週日） 下午 3:42]   (shot company_os_suppliers skipped: headless)
   8.4s [6月1日（週日） 下午 3:42]   click [Buy_tradelink_wholesale_wireless_earbuds] 購買 $900
   8.6s [6月1日（週日） 下午 3:52]   click [Buy_tradelink_wholesale_water_bottle] 購買 $408
   8.8s [6月1日（週日） 下午 4:03]   click [Buy_tradelink_wholesale_desk_lamp] 購買 $460
   9.0s [6月1日（週日） 下午 4:14]   click [Buy_tradelink_wholesale_phone_stand] 購買 $272
   9.1s [6月1日（週日） 下午 4:24]   ok  placed purchase orders (MOQ, prepaid): 4 POs, cash $27,940.50
   9.1s [6月1日（週日） 下午 4:24]   (shot company_os_purchase_orders skipped: headless)
   9.2s [6月1日（週日） 下午 4:25] STEP Home to wait for stock
   9.4s [6月1日（週日） 下午 4:31]   ok  walked back outside
   9.9s [6月1日（週日） 下午 4:49]   ok  walked to Riverside
  11.6s [6月1日（週日） 下午 5:13]   ok  entered Riverside Tower
  11.6s [6月1日（週日） 下午 5:13]   (harness) wait 2 h
  11.7s [6月1日（週日） 下午 7:16]   use "Sleep"
  11.7s [6月1日（週日） 下午 7:16]   click [Sleep] Sleep until 7:00 AM
  11.9s [6月2日（週一） 上午 7:00]   (harness) wait 2 h
  11.9s [6月2日（週一） 上午 9:01]   (harness) wait 2 h
  11.9s [6月2日（週一） 上午 11:02]   (harness) wait 2 h
  11.9s [6月2日（週一） 下午 1:03]   (harness) wait 2 h
  12.0s [6月2日（週一） 下午 3:04]   (harness) wait 2 h
  12.0s [6月2日（週一） 下午 5:05]   (harness) wait 2 h
  12.1s [6月2日（週一） 下午 7:06]   use "Sleep"
  12.1s [6月2日（週一） 下午 7:06]   click [Sleep] Sleep until 7:00 AM
  12.2s [6月3日（週二） 上午 7:00]   (harness) wait 2 h
  12.2s [6月3日（週二） 上午 9:01]   (harness) wait 2 h
  12.3s [6月3日（週二） 上午 11:02]   (harness) wait 2 h
  12.3s [6月3日（週二） 下午 1:03]   (harness) wait 2 h
  12.4s [6月3日（週二） 下午 3:04]   (harness) wait 2 h
  12.4s [6月3日（週二） 下午 5:05]   ok  stock delivered to the apartment
  12.4s [6月3日（週二） 下午 5:06]   (shot apartment_with_stock skipped: headless)
  12.4s [6月3日（週二） 下午 5:06] STEP List products on ShopLane
  12.5s [6月3日（週二） 下午 5:08]   use "Use laptop — Company OS"
  12.7s [6月3日（週二） 下午 5:09]   click [Tab_sales] Ecommerce
  12.8s [6月3日（週二） 下午 5:10]   (shot company_os_sales_ready skipped: headless)
  12.8s [6月3日（週二） 下午 5:10]   click [ListSelf_wireless_earbuds] Shoot photos myself & list (1 h 20 min)
  12.9s [6月3日（週二） 下午 6:30]   click [ListSelf_water_bottle] Shoot photos myself & list (1 h 20 min)
  13.0s [6月3日（週二） 下午 7:51]   click [ListSelf_desk_lamp] Shoot photos myself & list (1 h 20 min)
  13.1s [6月3日（週二） 下午 9:12]   click [ListSelf_phone_stand] Shoot photos myself & list (1 h 20 min)
  13.3s [6月3日（週二） 下午 10:33]   click [AdPlus_wireless_earbuds] +
  13.4s [6月3日（週二） 下午 10:34]   (shot company_os_listings_live skipped: headless)
  13.4s [6月3日（週二） 下午 10:34]   ok  listings live
  13.4s [6月3日（週二） 下午 10:34] STEP First order → pack → ship
  13.6s [6月3日（週二） 下午 10:40]   use "Packing table"
  13.6s [6月3日（週二） 下午 10:41]   (shot packing_table skipped: headless)
  13.6s [6月3日（週二） 下午 10:41]   click [Pack] 打包 5 筆訂單（40 分鐘）
  13.7s [6月3日（週二） 下午 11:22]   click [CourierExpress] 快遞 · 快捷 1 天（$50.50）
  13.8s [6月3日（週二） 下午 11:24]   ok  first order came in
  13.8s [6月3日（週二） 下午 11:24]   ok  handed to the courier (pickup booked)
  13.8s [6月3日（週二） 下午 11:24] STEP Delivery → first dollar
  14.0s [6月3日（週二） 下午 11:30]   use "Sleep"
  14.1s [6月3日（週二） 下午 11:30]   click [Sleep] Sleep until 7:00 AM
  14.3s [6月4日（週三） 上午 7:07]   use "Packing table"
  14.3s [6月4日（週三） 上午 7:08]   click [Pack] 打包 2 筆訂單（16 分鐘）
  14.4s [6月4日（週三） 上午 7:25]   click [CourierExpress] 快遞 · 快捷 1 天（$23.80）
  14.4s [6月4日（週三） 上午 7:27]   ok  first order delivered (Earn Your First Dollar)
  14.4s [6月4日（週三） 上午 7:27]   revenue booked $194.95 · ShopLane balance $175.45 · cash $27,761.30
  14.4s [6月4日（週三） 上午 7:27]   (shot first_dollar skipped: headless)
  14.4s [6月4日（週三） 上午 7:27] STEP First customer issue
  14.4s [6月4日（週三） 上午 7:27]   (harness) wait 2 h
  14.6s [6月4日（週三） 上午 9:30]   use "Packing table"
  14.6s [6月4日（週三） 上午 9:32]   click [Pack] 打包 2 筆訂單（16 分鐘）
  14.7s [6月4日（週三） 上午 9:57]   click [CourierExpress] 快遞 · 快捷 1 天（$39.90）
  14.8s [6月4日（週三） 上午 9:58]   (harness) wait 2 h
  14.9s [6月4日（週三） 下午 12:00]   use "Packing table"
  14.9s [6月4日（週三） 下午 12:01]   click [Pack] 打包 3 筆訂單（24 分鐘）
  15.0s [6月4日（週三） 下午 12:26]   click [CourierExpress] 快遞 · 快捷 1 天（$32.70）
  15.1s [6月4日（週三） 下午 12:28]   (harness) wait 2 h
  15.1s [6月4日（週三） 下午 2:29]   use "Packing table"
  15.2s [6月4日（週三） 下午 2:30]   click [Pack] 打包 1 筆訂單（8 分鐘）
  15.2s [6月4日（週三） 下午 2:39]   click [CourierExpress] 快遞 · 快捷 1 天（$14.90）
  15.3s [6月4日（週三） 下午 2:41]   (harness) wait 2 h
  15.3s [6月4日（週三） 下午 4:42]   use "Packing table"
  15.4s [6月4日（週三） 下午 4:43]   click [Pack] 打包 1 筆訂單（8 分鐘）
  15.6s [6月4日（週三） 下午 4:52]   click [CourierExpress] 快遞 · 快捷 1 天（$14.90）
  15.7s [6月4日（週三） 下午 4:54]   (harness) wait 2 h
  15.8s [6月4日（週三） 下午 6:55]   (harness) wait 2 h
  15.9s [6月4日（週三） 下午 8:56]   use "Packing table"
  16.0s [6月4日（週三） 下午 8:57]   click [Pack] 打包 5 筆訂單（40 分鐘）
  16.1s [6月4日（週三） 下午 9:38]   click [CourierExpress] 快遞 · 快捷 1 天（$50.50）
  16.3s [6月4日（週三） 下午 9:44]   use "Sleep"
  16.3s [6月4日（週三） 下午 9:44]   click [Sleep] Sleep until 7:00 AM
  16.5s [6月5日（週四） 上午 7:00]   (shot decision_customer_return_first skipped: headless)
  16.5s [6月5日（週四） 上午 7:00]   decision customer_return_first → replace
  16.5s [6月5日（週四） 上午 7:00]   click [Choice_replace] 寄一個新的（快捷）
  16.6s [6月5日（週四） 上午 7:00]   (shot decision_outcome_customer_return_first skipped: headless)
  16.6s [6月5日（週四） 上午 7:00]   click "OK"
  17.0s [6月5日（週四） 上午 7:07]   use "Packing table"
  17.1s [6月5日（週四） 上午 7:08]   click [Pack] 打包 6 筆訂單（48 分鐘）
  17.2s [6月5日（週四） 上午 7:57]   click [CourierExpress] 快遞 · 快捷 1 天（$59.40）
  17.2s [6月5日（週四） 上午 7:59]   ok  resolved the first customer issue
  17.3s [6月5日（週四） 上午 8:02]   ok  Chapter 2 complete
  17.3s [6月5日（週四） 上午 8:02] STEP Purchase cancellation
  17.4s [6月5日（週四） 上午 8:04]   use "Use laptop — Company OS"
  17.5s [6月5日（週四） 上午 8:05]   click [Tab_operations] Operations
  17.6s [6月5日（週四） 上午 8:06]   click [Buy_tradelink_wholesale_wireless_earbuds] 購買 $900
  17.9s [6月5日（週四） 上午 8:17]   click [CancelPO_PO-105] Cancel purchase
  17.9s [6月5日（週四） 上午 8:17]   (shot purchase_cancel_confirmation skipped: headless)
  17.9s [6月5日（週四） 上午 8:17]   click [ConfirmReturn] Confirm cancellation
  18.1s [6月5日（週四） 上午 8:17]   ok  extra PO cancelled through UI
  18.1s [6月5日（週四） 上午 8:17]   ok  cancellation cash equals quoted refund
  18.1s [6月5日（週四） 上午 8:17]   ok  ledger balanced after purchase cancellation
  18.1s [6月5日（週四） 上午 8:18]   (shot purchase_cancelled_operations skipped: headless)
  18.1s [6月5日（週四） 上午 8:19] STEP Chapter 3 — wait for a weekday morning
  18.3s [6月5日（週四） 上午 8:24]   ok  walked back outside
  18.3s [6月5日（週四） 上午 8:24] STEP Metro to Civic Center → City Hall
  19.3s [6月5日（週四） 上午 8:36]   use "捷運——河濱區站"
  19.4s [6月5日（週四） 上午 8:37]   (shot metro_civic_center skipped: headless)
  19.4s [6月5日（週四） 上午 8:37]   click [Go_civic_center] 市政中心  ·  12 分鐘
  19.7s [6月5日（週四） 上午 8:51]   ok  took the Metro to Civic Center
  19.7s [6月5日（週四） 上午 8:51]   (shot civic_center skipped: headless)
  20.5s [6月5日（週四） 上午 9:12]   ok  entered Aurelia City Hall
  20.5s [6月5日（週四） 上午 9:12]   (shot city_hall_inside skipped: headless)
  20.6s [6月5日（週四） 上午 9:13]   use "Registration counter"
  20.7s [6月5日（週四） 上午 9:14]   choose "› 我要登記公司。"
  20.9s [6月5日（週四） 上午 9:15]   (shot registration_form skipped: headless)
  20.9s [6月5日（週四） 上午 9:15]   click [Submit] Register & pay
  21.0s [6月5日（週四） 上午 10:01]   (shot registration_done skipped: headless)
  21.0s [6月5日（週四） 上午 10:01]   click "Thanks"
  21.0s [6月5日（週四） 上午 10:01]   ok  registered Riverlight Goods
  21.0s [6月5日（週四） 上午 10:01]   (shot decision_low_cash_warning skipped: headless)
  21.0s [6月5日（週四） 上午 10:01]   decision low_cash_warning → reduce
  21.0s [6月5日（週四） 上午 10:01]   click [Choice_reduce] 縮減開支（暫停廣告、生活從簡）
  21.0s [6月5日（週四） 上午 10:01]   (shot decision_outcome_low_cash_warning skipped: headless)
  21.0s [6月5日（週四） 上午 10:01]   click "OK"
  21.3s [6月5日（週四） 上午 10:06]   ok  walked back outside
  21.3s [6月5日（週四） 上午 10:06] STEP Walk to the Financial District → Nexus Bank
  21.9s [6月5日（週四） 上午 10:26]   ok  walked to Financial District
  22.4s [6月5日（週四） 上午 10:32]   ok  entered Nexus Bank
  22.4s [6月5日（週四） 上午 10:32]   (shot bank_inside skipped: headless)
  22.4s [6月5日（週四） 上午 10:34]   use "Teller — business banking"
  22.6s [6月5日（週四） 上午 10:35]   click "$15,000"
  22.7s [6月5日（週四） 上午 10:35]   click [OpenAccount] 存入 $15,000 開戶
  22.9s [6月5日（週四） 上午 11:06]   (shot bank_account_opened skipped: headless)
  23.0s [6月5日（週四） 上午 11:07]   ok  business account opened with founder capital
  23.1s [6月5日（週四） 上午 11:12]   ok  walked back outside
  23.1s [6月5日（週四） 上午 11:12] STEP Metro to Startup Hub → lease Suite 2B
  23.8s [6月5日（週四） 上午 11:21]   use "捷運——金融區站"
  23.9s [6月5日（週四） 上午 11:23]   (shot metro_startup_hub skipped: headless)
  23.9s [6月5日（週四） 上午 11:23]   click [Go_startup_hub] 新創園區  ·  8 分鐘
  24.1s [6月5日（週四） 上午 11:32]   ok  took the Metro to Startup Hub
  24.7s [6月5日（週四） 上午 11:40]   ok  entered 22 Founders Lane
  24.7s [6月5日（週四） 上午 11:40]   (shot suite_2b_tour skipped: headless)
  24.8s [6月5日（週四） 上午 11:41]   use "和 Tom 說話"
  24.9s [6月5日（週四） 上午 11:41]   click [SignLease] Sign the lease
  25.0s [6月5日（週四） 上午 11:43]   ok  leased Suite 2B
  25.1s [6月5日（週四） 上午 11:44]   (shot suite_2b_company_sign skipped: headless)
  25.1s [6月5日（週四） 上午 11:44] STEP Sit at the desk → Company OS as the company
  25.1s [6月5日（週四） 上午 11:45]   use "Sit at your desk — Company OS"
  25.2s [6月5日（週四） 上午 11:46]   (shot company_os_as_company skipped: headless)
  25.2s [6月5日（週四） 上午 11:46]   click [Tab_finance] Finance
  25.4s [6月5日（週四） 上午 11:47]   (shot company_os_finance skipped: headless)
  25.4s [6月5日（週四） 上午 11:47]   click [Tab_inventory] Inventory
  25.5s [6月5日（週四） 上午 11:48]   (shot company_os_inventory skipped: headless)
  25.7s [6月5日（週四） 上午 11:53]   ok  Chapter 3 complete
  25.9s [6月5日（週四） 上午 11:58]   ok  walked back outside
  25.9s [6月5日（週四） 上午 11:58]   (shot startup_hub_office_sign skipped: headless)
  25.9s [6月5日（週四） 上午 11:58] STEP Careers — part-time job at Nexus Co-work
  26.6s [6月5日（週四） 下午 12:08]   ok  entered Nexus Co-work
  26.8s [6月5日（週四） 下午 12:11]   use "Business Board"
  26.8s [6月5日（週四） 下午 12:12]   click [Page_jobs] Part-time jobs
  26.9s [6月5日（週四） 下午 12:13]   (shot business_board_jobs skipped: headless)
  26.9s [6月5日（週四） 下午 12:13]   click [Job_cowork_host] 詳情／應徵
  27.0s [6月5日（週四） 下午 12:14]   click [ApplyJob] Take the job
  27.0s [6月5日（週四） 下午 12:15]   (shot job_hired skipped: headless)
  27.1s [6月5日（週四） 下午 12:16]   ok  hired as a community host
  27.3s [6月5日（週四） 下午 12:20]   use "Staff door — work a shift"
  27.4s [6月5日（週四） 下午 12:21]   (shot job_shift skipped: headless)
  27.4s [6月5日（週四） 下午 12:21]   click [WorkShift] 開始 4 小時的班（最多 +$72.00）
  27.5s [6月5日（週四） 下午 4:23]   ok  a 4-hour shift paid by how it went ($67.68)
  27.5s [6月5日（週四） 下午 4:23] STEP Careers — freelance gig at a hot desk
  27.5s [6月5日（週四） 下午 4:23]   info card: Your first business loop
  27.5s [6月5日（週四） 下午 4:23]   (shot info_your_first_business_loop skipped: headless)
  27.5s [6月5日（週四） 下午 4:23]   click "Let's go"
  27.7s [6月5日（週四） 下午 4:29]   use "Work at a hot desk — Company OS"
  27.7s [6月5日（週四） 下午 4:30]   click [Tab_freelance] Explore freelance consulting
  27.8s [6月5日（週四） 下午 4:31]   click [StartFreelance] Start freelancing
  27.8s [6月5日（週四） 下午 4:32]   click [Accept_G1] Accept
  27.8s [6月5日（週四） 下午 4:33]   click [Work_G1] 工作 2 小時
  27.9s [6月5日（週四） 下午 6:34]   (shot freelance_gig skipped: headless)
  27.9s [6月5日（週四） 下午 6:34]   ok  put hours into a freelance gig
  27.9s [6月5日（週四） 下午 6:34] STEP Careers — start a SaaS product
  27.9s [6月5日（週四） 下午 6:34]   click [Tab_saas] Start a software product
  27.9s [6月5日（週四） 下午 6:34]   (shot saas_ideas skipped: headless)
  27.9s [6月5日（週四） 下午 6:34]   click [Saas_freelancer_invoicing] Build this
  28.0s [6月5日（週四） 下午 6:35]   click [SaasCode] 寫程式 2 小時
  28.0s [6月5日（週四） 下午 8:36]   (shot saas_building skipped: headless)
  28.0s [6月5日（週四） 下午 8:36]   ok  started building a SaaS product (2 dev h)
  28.3s [6月5日（週四） 下午 8:43]   ok  walked back outside
  28.3s [6月5日（週四） 下午 8:43] STEP Run the company to month-end
  28.7s [6月5日（週四） 下午 9:01]   ok  walked to Riverside
  28.8s [6月5日（週四） 下午 9:04]   (shot decision_customer_return skipped: headless)
  28.8s [6月5日（週四） 下午 9:04]   decision customer_return → replace
  28.8s [6月5日（週四） 下午 9:04]   click [Choice_replace] 寄一個新的
  28.9s [6月5日（週四） 下午 9:04]   (shot decision_outcome_customer_return skipped: headless)
  28.9s [6月5日（週四） 下午 9:04]   click "OK"
  29.7s [6月5日（週四） 下午 9:25]   ok  entered Riverside Tower
  29.8s [6月5日（週四） 下午 9:28]   use "Sleep"
  29.8s [6月5日（週四） 下午 9:28]   click [Sleep] Sleep until 7:00 AM
  30.0s [6月6日（週五） 上午 7:07]   use "Packing table"
  30.0s [6月6日（週五） 上午 7:08]   click [Pack] 打包 18 筆訂單（2 小時 24 分）
  30.1s [6月6日（週五） 上午 9:33]   click [CourierExpress] 快遞 · 快捷 1 天（$180.60）
  30.3s [6月6日（週五） 下午 7:06]   use "Sleep"
  30.3s [6月6日（週五） 下午 7:06]   click [Sleep] Sleep until 7:00 AM
  30.6s [6月7日（週六） 上午 7:07]   use "Packing table"
  30.6s [6月7日（週六） 上午 7:08]   click [Pack] 打包 16 筆訂單（2 小時 8 分）
  30.6s [6月7日（週六） 上午 9:17]   click [CourierExpress] 快遞 · 快捷 1 天（$159.20）
  30.8s [6月7日（週六） 下午 7:06]   use "Sleep"
  30.9s [6月7日（週六） 下午 7:06]   click [Sleep] Sleep until 7:00 AM
  31.1s [6月8日（週日） 上午 7:07]   use "Packing table"
  31.1s [6月8日（週日） 上午 7:08]   click [Pack] 打包 14 筆訂單（1 小時 52 分）
  31.2s [6月8日（週日） 上午 9:01]   click [CourierExpress] 快遞 · 快捷 1 天（$134.20）
  31.4s [6月8日（週日） 下午 7:06]   use "Sleep"
  31.4s [6月8日（週日） 下午 7:06]   click [Sleep] Sleep until 7:00 AM
  31.7s [6月9日（週一） 上午 7:07]   use "Packing table"
  31.7s [6月9日（週一） 上午 7:08]   click [Pack] 打包 16 筆訂單（2 小時 8 分）
  31.8s [6月9日（週一） 上午 9:25]   click [CourierExpress] 快遞 · 快捷 1 天（$164.50）
  31.9s [6月9日（週一） 下午 7:00]   (shot decision_customer_return skipped: headless)
  31.9s [6月9日（週一） 下午 7:00]   decision customer_return → replace
  31.9s [6月9日（週一） 下午 7:00]   click [Choice_replace] 寄一個新的
  31.9s [6月9日（週一） 下午 7:00]   (shot decision_outcome_customer_return skipped: headless)
  31.9s [6月9日（週一） 下午 7:00]   click "OK"
  32.0s [6月9日（週一） 下午 7:07]   use "Sleep"
  32.1s [6月9日（週一） 下午 7:07]   click [Sleep] Sleep until 7:00 AM
  32.3s [6月10日（週二） 上午 7:07]   use "Packing table"
  32.4s [6月10日（週二） 上午 7:08]   click [Pack] 打包 11 筆訂單（1 小時 28 分）
  32.4s [6月10日（週二） 上午 8:37]   click [CourierExpress] 快遞 · 快捷 1 天（$111.10）
  32.6s [6月10日（週二） 下午 7:06]   use "Sleep"
  32.7s [6月10日（週二） 下午 7:06]   click [Sleep] Sleep until 7:00 AM
  32.8s [6月11日（週三） 上午 7:00]   (shot decision_customer_return skipped: headless)
  32.8s [6月11日（週三） 上午 7:00]   decision customer_return → replace
  32.8s [6月11日（週三） 上午 7:00]   click [Choice_replace] 寄一個新的
  32.8s [6月11日（週三） 上午 7:00]   (shot decision_outcome_customer_return skipped: headless)
  32.8s [6月11日（週三） 上午 7:00]   click "OK"
  33.0s [6月11日（週三） 上午 7:07]   use "Packing table"
  33.0s [6月11日（週三） 上午 7:08]   click [Pack] 打包 11 筆訂單（1 小時 28 分）
  33.1s [6月11日（週三） 上午 8:37]   click [CourierExpress] 快遞 · 快捷 1 天（$103.90）
  33.3s [6月11日（週三） 下午 7:06]   use "Sleep"
  33.3s [6月11日（週三） 下午 7:06]   click [Sleep] Sleep until 7:00 AM
  33.7s [6月12日（週四） 上午 7:07]   use "Packing table"
  33.7s [6月12日（週四） 上午 7:08]   click [Pack] 打包 12 筆訂單（1 小時 36 分）
  33.7s [6月12日（週四） 上午 8:45]   click [CourierExpress] 快遞 · 快捷 1 天（$116.40）
  33.8s [6月12日（週四） 上午 8:49]   use "Use laptop — Company OS"
  33.9s [6月12日（週四） 上午 8:50]   click [Tab_operations] Operations
  33.9s [6月12日（週四） 上午 8:50]   click [DeliverTo_riverside_studio] 河濱大樓 7C
  34.0s [6月12日（週四） 上午 8:50]   click [Buy_tradelink_wholesale_wireless_earbuds] 購買 $900
  34.1s [6月12日（週四） 下午 7:02]   toast: 新評價 #1092：★★「晚到還有刮痕。」
  34.2s [6月12日（週四） 下午 7:05]   use "Sleep"
  34.2s [6月12日（週四） 下午 7:05]   click [Sleep] Sleep until 7:00 AM
  34.4s [6月13日（週五） 上午 7:07]   use "Packing table"
  34.5s [6月13日（週五） 上午 7:08]   click [Pack] 打包 12 筆訂單（1 小時 36 分）
  34.5s [6月13日（週五） 上午 8:45]   click [CourierExpress] 快遞 · 快捷 1 天（$120.00）
  34.6s [6月13日（週五） 上午 8:49]   use "Use laptop — Company OS"
  34.7s [6月13日（週五） 上午 8:50]   click [Tab_operations] Operations
  34.7s [6月13日（週五） 上午 8:50]   click [DeliverTo_riverside_studio] 河濱大樓 7C
  34.8s [6月13日（週五） 上午 8:50]   click [Buy_tradelink_wholesale_wireless_earbuds] 購買 $900
  35.0s [6月13日（週五） 下午 7:05]   use "Sleep"
  35.0s [6月13日（週五） 下午 7:05]   click [Sleep] Sleep until 7:00 AM
  35.2s [6月14日（週六） 上午 7:07]   use "Packing table"
  35.3s [6月14日（週六） 上午 7:08]   click [Pack] 打包 18 筆訂單（2 小時 24 分）
  35.3s [6月14日（週六） 上午 9:33]   click [CourierExpress] 快遞 · 快捷 1 天（$169.80）
  35.4s [6月14日（週六） 上午 9:34]   (shot decision_customer_return skipped: headless)
  35.4s [6月14日（週六） 上午 9:34]   decision customer_return → replace
  35.4s [6月14日（週六） 上午 9:34]   click [Choice_replace] 寄一個新的
  35.4s [6月14日（週六） 上午 9:34]   (shot decision_outcome_customer_return skipped: headless)
  35.4s [6月14日（週六） 上午 9:34]   click "OK"
  35.5s [6月14日（週六） 上午 9:36]   use "Use laptop — Company OS"
  35.5s [6月14日（週六） 上午 9:37]   click [Tab_operations] Operations
  35.6s [6月14日（週六） 上午 9:38]   click [DeliverTo_riverside_studio] 河濱大樓 7C
  35.7s [6月14日（週六） 上午 9:38]   click [Buy_tradelink_wholesale_water_bottle] 購買 $408
  35.7s [6月14日（週六） 上午 9:48]   click [Buy_tradelink_wholesale_wireless_earbuds] 購買 $900
  36.0s [6月14日（週六） 下午 7:05]   use "Sleep"
  36.0s [6月14日（週六） 下午 7:05]   click [Sleep] Sleep until 7:00 AM
  36.2s [6月15日（週日） 上午 7:07]   use "Packing table"
  36.3s [6月15日（週日） 上午 7:08]   click [Pack] 打包 8 筆訂單（1 小時 4 分）
  36.3s [6月15日（週日） 上午 8:13]   click [CourierExpress] 快遞 · 快捷 1 天（$84.40）
  36.4s [6月15日（週日） 上午 8:17]   use "Use laptop — Company OS"
  36.4s [6月15日（週日） 上午 8:18]   click [Tab_operations] Operations
  36.5s [6月15日（週日） 上午 8:18]   click [DeliverTo_riverside_studio] 河濱大樓 7C
  36.6s [6月15日（週日） 上午 8:19]   click [Buy_tradelink_wholesale_water_bottle] 購買 $408
  36.8s [6月15日（週日） 下午 7:05]   use "Sleep"
  36.8s [6月15日（週日） 下午 7:05]   click [Sleep] Sleep until 7:00 AM
  37.1s [6月16日（週一） 上午 7:07]   use "Packing table"
  37.1s [6月16日（週一） 上午 7:08]   click [Pack] 打包 7 筆訂單（56 分鐘）
  37.1s [6月16日（週一） 上午 8:05]   click [CourierExpress] 快遞 · 快捷 1 天（$71.90）
  37.2s [6月16日（週一） 上午 8:09]   use "Use laptop — Company OS"
  37.3s [6月16日（週一） 上午 8:10]   click [Tab_operations] Operations
  37.3s [6月16日（週一） 上午 8:10]   click [DeliverTo_riverside_studio] 河濱大樓 7C
  37.4s [6月16日（週一） 上午 8:10]   click [Buy_tradelink_wholesale_water_bottle] 購買 $408
  37.5s [6月16日（週一） 下午 7:00]   (shot decision_unexpected_large_order skipped: headless)
  37.5s [6月16日（週一） 下午 7:00]   decision unexpected_large_order → review
  37.5s [6月16日（週一） 下午 7:00]   click [Choice_review] 把合約寄給我，我看看。
  37.6s [6月16日（週一） 下午 7:00]   (shot decision_outcome_unexpected_large_order skipped: headless)
  37.6s [6月16日（週一） 下午 7:00]   click "OK"
  37.7s [6月16日（週一） 下午 7:05]   use "Sleep"
  37.8s [6月16日（週一） 下午 7:05]   click [Sleep] Sleep until 7:00 AM
  37.9s [6月17日（週二） 上午 7:00]   (shot decision_customer_return skipped: headless)
  37.9s [6月17日（週二） 上午 7:00]   decision customer_return → replace
  37.9s [6月17日（週二） 上午 7:00]   click [Choice_replace] 寄一個新的
  37.9s [6月17日（週二） 上午 7:00]   (shot decision_outcome_customer_return skipped: headless)
  37.9s [6月17日（週二） 上午 7:00]   click "OK"
  38.1s [6月17日（週二） 上午 7:07]   use "Packing table"
  38.1s [6月17日（週二） 上午 7:08]   click [Pack] 打包 15 筆訂單（2 h）
  38.2s [6月17日（週二） 上午 9:09]   click [CourierExpress] 快遞 · 快捷 1 天（$146.70）
  38.3s [6月17日（週二） 上午 9:13]   use "Use laptop — Company OS"
  38.3s [6月17日（週二） 上午 9:14]   click [Tab_contracts] 合約 ●
  38.4s [6月17日（週二） 上午 9:15]   (shot contract_offer skipped: headless)
  38.4s [6月17日（週二） 上午 9:15]   click [AcceptContract] Accept
  38.5s [6月17日（週二） 下午 7:00]   (shot decision_supplier_price_increase skipped: headless)
  38.5s [6月17日（週二） 下午 7:00]   decision supplier_price_increase → accept
  38.5s [6月17日（週二） 下午 7:00]   click [Choice_accept] 好。繼續跟你進貨。
  38.6s [6月17日（週二） 下午 7:00]   (shot decision_outcome_supplier_price_increase skipped: headless)
  38.6s [6月17日（週二） 下午 7:00]   click "OK"
  38.7s [6月17日（週二） 下午 7:05]   use "Sleep"
  38.7s [6月17日（週二） 下午 7:05]   click [Sleep] Sleep until 7:00 AM
  39.0s [6月18日（週三） 上午 7:07]   use "Packing table"
  39.0s [6月18日（週三） 上午 7:08]   click [Pack] 打包 13 筆訂單（1 小時 44 分）
  39.0s [6月18日（週三） 上午 8:53]   click [CourierExpress] 快遞 · 快捷 1 天（$125.30）
  39.1s [6月18日（週三） 上午 8:57]   use "Use laptop — Company OS"
  39.2s [6月18日（週三） 上午 8:58]   click [Tab_operations] Operations
  39.2s [6月18日（週三） 上午 8:58]   click [DeliverTo_riverside_studio] 河濱大樓 7C
  39.3s [6月18日（週三） 上午 8:58]   click [Buy_tradelink_wholesale_water_bottle] 購買 $408
  39.4s [6月18日（週三） 上午 9:09]   click [Tab_contracts] Contracts
  39.4s [6月18日（週三） 上午 9:10]   click [DeliverContract] 打包並交貨 120 件（B2B 貨運 $40）
  39.5s [6月18日（週三） 上午 10:41]   (shot contract_delivered skipped: headless)
  39.6s [6月18日（週三） 下午 7:05]   use "Sleep"
  39.6s [6月18日（週三） 下午 7:05]   click [Sleep] Sleep until 7:00 AM
  39.9s [6月19日（週四） 上午 7:07]   use "Packing table"
  39.9s [6月19日（週四） 上午 7:08]   click [Pack] 打包 12 筆訂單（1 小時 36 分）
  40.0s [6月19日（週四） 上午 8:45]   click [CourierExpress] 快遞 · 快捷 1 天（$123.60）
  40.1s [6月19日（週四） 下午 7:00]   (shot decision_viral_mention skipped: headless)
  40.1s [6月19日（週四） 下午 7:00]   decision viral_mention → ride
  40.1s [6月19日（週四） 下午 7:00]   click [Choice_ride] 順其自然
  40.1s [6月19日（週四） 下午 7:00]   (shot decision_outcome_viral_mention skipped: headless)
  40.1s [6月19日（週四） 下午 7:00]   click "OK"
  40.1s [6月19日（週四） 下午 7:00]   (shot decision_customer_return skipped: headless)
  40.1s [6月19日（週四） 下午 7:00]   decision customer_return → replace
  40.1s [6月19日（週四） 下午 7:00]   click [Choice_replace] 寄一個新的
  40.2s [6月19日（週四） 下午 7:00]   (shot decision_outcome_customer_return skipped: headless)
  40.2s [6月19日（週四） 下午 7:00]   click "OK"
  40.3s [6月19日（週四） 下午 7:07]   use "Sleep"
  40.4s [6月19日（週四） 下午 7:07]   click [Sleep] Sleep until 7:00 AM
  40.6s [6月20日（週五） 上午 7:07]   use "Packing table"
  40.6s [6月20日（週五） 上午 7:08]   click [Pack] 打包 12 筆訂單（1 小時 36 分）
  40.7s [6月20日（週五） 上午 8:45]   click [CourierExpress] 快遞 · 快捷 1 天（$120.00）
  41.0s [6月20日（週五） 下午 7:06]   use "Sleep"
  41.0s [6月20日（週五） 下午 7:06]   click [Sleep] Sleep until 7:00 AM
  41.4s [6月21日（週六） 上午 7:07]   use "Packing table"
  41.4s [6月21日（週六） 上午 7:08]   click [Pack] 打包 6 筆訂單（48 分鐘）
  41.5s [6月21日（週六） 上午 7:57]   click [CourierExpress] 快遞 · 快捷 1 天（$59.40）
  41.6s [6月21日（週六） 下午 7:00]   (shot decision_customer_return skipped: headless)
  41.6s [6月21日（週六） 下午 7:00]   decision customer_return → replace
  41.6s [6月21日（週六） 下午 7:00]   click [Choice_replace] 寄一個新的
  41.6s [6月21日（週六） 下午 7:00]   (shot decision_outcome_customer_return skipped: headless)
  41.6s [6月21日（週六） 下午 7:00]   click "OK"
  41.8s [6月21日（週六） 下午 7:07]   use "Sleep"
  41.9s [6月21日（週六） 下午 7:07]   click [Sleep] Sleep until 7:00 AM
  42.2s [6月22日（週日） 上午 7:07]   use "Packing table"
  42.2s [6月22日（週日） 上午 7:08]   click [Pack] 打包 9 筆訂單（1 小時 12 分）
  42.3s [6月22日（週日） 上午 8:21]   click [CourierExpress] 快遞 · 快捷 1 天（$93.30）
  42.5s [6月22日（週日） 下午 7:06]   use "Sleep"
  42.5s [6月22日（週日） 下午 7:06]   click [Sleep] Sleep until 7:00 AM
  42.8s [6月23日（週一） 上午 7:07]   use "Packing table"
  42.8s [6月23日（週一） 上午 7:08]   click [Pack] 打包 11 筆訂單（1 小時 28 分）
  42.8s [6月23日（週一） 上午 8:37]   click [CourierExpress] 快遞 · 快捷 1 天（$125.50）
  42.9s [6月23日（週一） 下午 7:00]   (shot decision_customer_return skipped: headless)
  42.9s [6月23日（週一） 下午 7:00]   decision customer_return → replace
  42.9s [6月23日（週一） 下午 7:00]   click [Choice_replace] 寄一個新的
  43.0s [6月23日（週一） 下午 7:00]   (shot decision_outcome_customer_return skipped: headless)
  43.0s [6月23日（週一） 下午 7:00]   click "OK"
  43.1s [6月23日（週一） 下午 7:07]   use "Sleep"
  43.2s [6月23日（週一） 下午 7:07]   click [Sleep] Sleep until 7:00 AM
  43.4s [6月24日（週二） 上午 7:07]   use "Packing table"
  43.4s [6月24日（週二） 上午 7:08]   click [Pack] 打包 8 筆訂單（1 小時 4 分）
  43.5s [6月24日（週二） 上午 8:13]   click [CourierExpress] 快遞 · 快捷 1 天（$84.40）
  43.5s [6月24日（週二） 下午 7:00]   (shot decision_customer_return skipped: headless)
  43.5s [6月24日（週二） 下午 7:00]   decision customer_return → replace
  43.5s [6月24日（週二） 下午 7:00]   click [Choice_replace] 寄一個新的
  43.6s [6月24日（週二） 下午 7:00]   (shot decision_outcome_customer_return skipped: headless)
  43.6s [6月24日（週二） 下午 7:00]   click "OK"
  43.7s [6月24日（週二） 下午 7:07]   use "Sleep"
  43.7s [6月24日（週二） 下午 7:07]   click [Sleep] Sleep until 7:00 AM
  44.0s [6月25日（週三） 上午 7:07]   use "Packing table"
  44.0s [6月25日（週三） 上午 7:08]   click [Pack] 打包 6 筆訂單（48 分鐘）
  44.0s [6月25日（週三） 上午 7:57]   click [CourierExpress] 快遞 · 快捷 1 天（$59.40）
  44.2s [6月25日（週三） 下午 7:06]   use "Sleep"
  44.3s [6月25日（週三） 下午 7:06]   click [Sleep] Sleep until 7:00 AM
  44.5s [6月26日（週四） 上午 7:07]   use "Packing table"
  44.5s [6月26日（週四） 上午 7:08]   click [Pack] 打包 5 筆訂單（40 分鐘）
  44.5s [6月26日（週四） 上午 7:49]   click [CourierExpress] 快遞 · 快捷 1 天（$50.50）
  44.6s [6月26日（週四） 下午 7:00]   (shot decision_customer_return skipped: headless)
  44.6s [6月26日（週四） 下午 7:00]   decision customer_return → replace
  44.6s [6月26日（週四） 下午 7:00]   click [Choice_replace] 寄一個新的
  44.7s [6月26日（週四） 下午 7:00]   (shot decision_outcome_customer_return skipped: headless)
  44.7s [6月26日（週四） 下午 7:00]   click "OK"
  44.8s [6月26日（週四） 下午 7:07]   use "Sleep"
  44.8s [6月26日（週四） 下午 7:07]   click [Sleep] Sleep until 7:00 AM
  44.9s [6月27日（週五） 上午 7:00]   (shot decision_customer_return skipped: headless)
  44.9s [6月27日（週五） 上午 7:00]   decision customer_return → refund
  44.9s [6月27日（週五） 上午 7:00]   click [Choice_refund] 退款＋收回商品
  45.0s [6月27日（週五） 上午 7:00]   (shot decision_outcome_customer_return skipped: headless)
  45.0s [6月27日（週五） 上午 7:00]   click "OK"
  45.1s [6月27日（週五） 上午 7:07]   use "Packing table"
  45.1s [6月27日（週五） 上午 7:08]   click [Pack] 打包 7 筆訂單（56 分鐘）
  45.2s [6月27日（週五） 上午 8:05]   click [CourierExpress] 快遞 · 快捷 1 天（$68.30）
  45.4s [6月27日（週五） 下午 7:06]   use "Sleep"
  45.4s [6月27日（週五） 下午 7:06]   click [Sleep] Sleep until 7:00 AM
  45.5s [6月28日（週六） 上午 7:00]   (shot decision_customer_return skipped: headless)
  45.5s [6月28日（週六） 上午 7:00]   decision customer_return → replace
  45.5s [6月28日（週六） 上午 7:00]   click [Choice_replace] 寄一個新的
  45.6s [6月28日（週六） 上午 7:00]   (shot decision_outcome_customer_return skipped: headless)
  45.6s [6月28日（週六） 上午 7:00]   click "OK"
  45.7s [6月28日（週六） 上午 7:07]   use "Packing table"
  45.7s [6月28日（週六） 上午 7:08]   click [Pack] 打包 6 筆訂單（48 分鐘）
  45.8s [6月28日（週六） 上午 7:57]   click [CourierExpress] 快遞 · 快捷 1 天（$59.40）
  46.0s [6月28日（週六） 下午 7:06]   use "Sleep"
  46.0s [6月28日（週六） 下午 7:06]   click [Sleep] Sleep until 7:00 AM
  46.2s [6月29日（週日） 上午 7:07]   use "Packing table"
  46.2s [6月29日（週日） 上午 7:08]   click [Pack] 打包 5 筆訂單（40 分鐘）
  46.3s [6月29日（週日） 上午 7:49]   click [CourierExpress] 快遞 · 快捷 1 天（$50.50）
  46.3s [6月29日（週日） 下午 7:00]   (shot decision_customer_return skipped: headless)
  46.3s [6月29日（週日） 下午 7:00]   decision customer_return → replace
  46.3s [6月29日（週日） 下午 7:00]   click [Choice_replace] 寄一個新的
  46.4s [6月29日（週日） 下午 7:00]   (shot decision_outcome_customer_return skipped: headless)
  46.4s [6月29日（週日） 下午 7:00]   click "OK"
  46.5s [6月29日（週日） 下午 7:07]   use "Sleep"
  46.5s [6月29日（週日） 下午 7:07]   click [Sleep] Sleep until 7:00 AM
  46.7s [6月30日（週一） 上午 7:00]   (shot decision_customer_return skipped: headless)
  46.7s [6月30日（週一） 上午 7:00]   decision customer_return → replace
  46.7s [6月30日（週一） 上午 7:00]   click [Choice_replace] 寄一個新的
  46.7s [6月30日（週一） 上午 7:00]   (shot decision_outcome_customer_return skipped: headless)
  46.7s [6月30日（週一） 上午 7:00]   click "OK"
  46.8s [6月30日（週一） 上午 7:07]   use "Packing table"
  46.9s [6月30日（週一） 上午 7:08]   click [Pack] 打包 6 筆訂單（48 分鐘）
  46.9s [6月30日（週一） 上午 7:57]   click [CourierExpress] 快遞 · 快捷 1 天（$59.40）
  47.1s [6月30日（週一） 下午 7:06]   use "Sleep"
  47.1s [6月30日（週一） 下午 7:06]   click [Sleep] Sleep until 7:00 AM
  47.4s [7月1日（週二） 上午 7:00]   (shot month_close_report skipped: headless)
  47.4s [7月1日（週二） 上午 7:00]   click [month close] Continue
  47.4s [7月1日（週二） 上午 7:00]   (shot decision_customer_return skipped: headless)
  47.4s [7月1日（週二） 上午 7:00]   decision customer_return → replace
  47.4s [7月1日（週二） 上午 7:00]   click [Choice_replace] 寄一個新的
  47.5s [7月1日（週二） 上午 7:00]   (shot decision_outcome_customer_return skipped: headless)
  47.5s [7月1日（週二） 上午 7:00]   click "OK"
  47.6s [7月1日（週二） 上午 7:07]   use "Packing table"
  47.6s [7月1日（週二） 上午 7:08]   click [Pack] 打包 4 筆訂單（32 分鐘）
  47.7s [7月1日（週二） 上午 7:41]   click [CourierExpress] 快遞 · 快捷 1 天（$41.60）
  47.8s [7月1日（週二） 上午 7:44]   ok  month close ran (June)
  47.8s [7月1日（週二） 上午 7:46]   use "Use laptop — Company OS"
  47.9s [7月1日（週二） 上午 7:47]   click [Tab_finance] Finance
  48.0s [7月1日（週二） 上午 7:48]   (shot company_os_finance_july skipped: headless)
  48.0s [7月1日（週二） 上午 7:49]   ok  Chapter 4 started after the June close
  48.0s [7月1日（週二） 上午 7:49] STEP Chapter 4 — register as an employer at City Hall
  48.2s [7月1日（週二） 上午 7:54]   ok  walked back outside
  48.9s [7月1日（週二） 上午 8:08]   use "捷運——河濱區站"
  48.9s [7月1日（週二） 上午 8:09]   (shot metro_civic_center skipped: headless)
  48.9s [7月1日（週二） 上午 8:09]   click [Go_civic_center] 市政中心  ·  12 分鐘
  49.0s [7月1日（週二） 上午 8:23]   ok  took the Metro to Civic Center
  49.5s [7月1日（週二） 上午 9:19]   ok  entered Aurelia City Hall
  49.6s [7月1日（週二） 上午 9:22]   use "Permits & regulations"
  49.6s [7月1日（週二） 上午 9:23]   (shot permits_kiosk skipped: headless)
  49.6s [7月1日（週二） 上午 9:23]   click [RegisterEmployer] 登記（$150）
  49.6s [7月1日（週二） 上午 9:44]   ok  registered as an employer
  49.6s [7月1日（週二） 上午 9:44] STEP Chapter 4 — post a job, hire, first payroll
  49.8s [7月1日（週二） 上午 9:50]   ok  walked back outside
  50.1s [7月1日（週二） 上午 9:58]   use "捷運——市政中心站"
  50.2s [7月1日（週二） 上午 9:59]   (shot metro_riverside skipped: headless)
  50.2s [7月1日（週二） 上午 9:59]   click [Go_riverside] 河濱區  ·  12 分鐘
  50.3s [7月1日（週二） 上午 10:13]   ok  took the Metro to Riverside
  51.2s [7月1日（週二） 上午 10:27]   ok  entered Riverside Tower
  51.2s [7月1日（週二） 上午 10:29]   use "Use laptop — Company OS"
  51.3s [7月1日（週二） 上午 10:30]   click [Tab_people] People
  51.3s [7月1日（週二） 上午 10:31]   (shot people_tab skipped: headless)
  51.3s [7月1日（週二） 上午 10:31]   click [Post_support] Post job
  51.4s [7月1日（週二） 上午 10:32]   ok  job ad posted
  51.4s [7月1日（週二） 上午 10:32]   (harness) wait 2 h
  51.6s [7月1日（週二） 下午 12:38]   use "Packing table"
  51.6s [7月1日（週二） 下午 12:39]   click [Pack] 打包 2 筆訂單（16 分鐘）
  51.7s [7月1日（週二） 下午 12:56]   click [CourierExpress] 快遞 · 快捷 1 天（$23.80）
  51.7s [7月1日（週二） 下午 12:58]   (harness) wait 2 h
  51.7s [7月1日（週二） 下午 2:59]   (harness) wait 2 h
  51.8s [7月1日（週二） 下午 5:00]   use "Packing table"
  51.8s [7月1日（週二） 下午 5:01]   click [Pack] 打包 1 筆訂單（8 分鐘）
  51.8s [7月1日（週二） 下午 5:10]   click [CourierExpress] 快遞 · 快捷 1 天（$14.90）
  51.9s [7月1日（週二） 下午 5:12]   (harness) wait 2 h
  52.0s [7月1日（週二） 下午 7:13]   use "Packing table"
  52.0s [7月1日（週二） 下午 7:14]   click [Pack] 打包 1 筆訂單（8 分鐘）
  52.0s [7月1日（週二） 下午 7:23]   click [CourierExpress] 快遞 · 快捷 1 天（$14.90）
  52.2s [7月1日（週二） 下午 7:29]   use "Sleep"
  52.2s [7月1日（週二） 下午 7:29]   click [Sleep] Sleep until 7:00 AM
  52.5s [7月2日（週三） 上午 7:07]   use "Packing table"
  52.5s [7月2日（週三） 上午 7:08]   click [Pack] 打包 2 筆訂單（16 分鐘）
  52.6s [7月2日（週三） 上午 7:25]   click [CourierExpress] 快遞 · 快捷 1 天（$23.80）
  52.7s [7月2日（週三） 上午 7:29]   use "Use laptop — Company OS"
  52.8s [7月2日（週三） 上午 7:30]   click [Tab_people] People
  52.8s [7月2日（週三） 上午 7:31]   (shot applicants skipped: headless)
  52.8s [7月2日（週三） 上午 7:31]   click [Hire_E1] Hire
  52.9s [7月2日（週三） 上午 7:32]   ok  hired the first employee (Theo Ferreira)
  53.1s [7月2日（週三） 下午 7:05]   use "Sleep"
  53.1s [7月2日（週三） 下午 7:05]   click [Sleep] Sleep until 7:00 AM
  53.4s [7月3日（週四） 上午 7:07]   use "Packing table"
  53.4s [7月3日（週四） 上午 7:08]   click [Pack] 打包 7 筆訂單（56 分鐘）
  53.5s [7月3日（週四） 上午 8:05]   click [CourierExpress] 快遞 · 快捷 1 天（$68.30）
  53.7s [7月3日（週四） 下午 7:06]   use "Sleep"
  53.7s [7月3日（週四） 下午 7:06]   click [Sleep] Sleep until 7:00 AM
  54.0s [7月4日（週五） 上午 7:07]   use "Packing table"
  54.0s [7月4日（週五） 上午 7:08]   click [Pack] 打包 12 筆訂單（1 小時 36 分）
  54.1s [7月4日（週五） 上午 8:45]   click [CourierExpress] 快遞 · 快捷 1 天（$112.80）
  54.3s [7月4日（週五） 下午 7:06]   use "Sleep"
  54.4s [7月4日（週五） 下午 7:06]   click [Sleep] Sleep until 7:00 AM
  54.6s [7月5日（週六） 上午 7:07]   use "Packing table"
  54.6s [7月5日（週六） 上午 7:08]   click [Pack] 打包 7 筆訂單（56 分鐘）
  54.7s [7月5日（週六） 上午 8:05]   click [CourierExpress] 快遞 · 快捷 1 天（$68.30）
  54.7s [7月5日（週六） 上午 8:07]   ok  first payroll paid
  54.8s [7月5日（週六） 上午 8:09]   use "Use laptop — Company OS"
  54.9s [7月5日（週六） 上午 8:10]   click [Tab_finance] Finance
  54.9s [7月5日（週六） 上午 8:11]   (shot cash_forecast skipped: headless)
  55.0s [7月5日（週六） 上午 8:13]   ok  Chapter 4 complete
  55.0s [7月5日（週六） 上午 8:13] STEP Chapter 5 — Crestline's offer
  55.2s [7月5日（週六） 下午 7:05]   use "Sleep"
  55.2s [7月5日（週六） 下午 7:05]   click [Sleep] Sleep until 7:00 AM
  55.5s [7月6日（週日） 上午 7:07]   use "Packing table"
  55.6s [7月6日（週日） 上午 7:08]   click [Pack] 打包 9 筆訂單（1 小時 12 分）
  55.7s [7月6日（週日） 上午 8:21]   click [CourierExpress] 快遞 · 快捷 1 天（$86.10）
  56.1s [7月6日（週日） 下午 7:06]   use "Sleep"
  56.1s [7月6日（週日） 下午 7:06]   click [Sleep] Sleep until 7:00 AM
  56.6s [7月7日（週一） 上午 7:07]   use "Packing table"
  56.7s [7月7日（週一） 上午 7:08]   click [Pack] 打包 3 筆訂單（24 分鐘）
  56.7s [7月7日（週一） 上午 7:33]   click [CourierExpress] 快遞 · 快捷 1 天（$32.70）
  56.9s [7月7日（週一） 下午 7:00]   (shot decision_supplier_price_increase skipped: headless)
  56.9s [7月7日（週一） 下午 7:00]   decision supplier_price_increase → accept
  56.9s [7月7日（週一） 下午 7:00]   click [Choice_accept] 好。繼續跟你進貨。
  56.9s [7月7日（週一） 下午 7:00]   (shot decision_outcome_supplier_price_increase skipped: headless)
  56.9s [7月7日（週一） 下午 7:00]   click "OK"
  57.3s [7月7日（週一） 下午 7:07]   use "Sleep"
  57.3s [7月7日（週一） 下午 7:07]   click [Sleep] Sleep until 7:00 AM
  57.7s [7月8日（週二） 上午 7:07]   use "Packing table"
  57.8s [7月8日（週二） 上午 7:08]   click [Pack] 打包 7 筆訂單（56 分鐘）
  57.9s [7月8日（週二） 上午 8:05]   click [CourierExpress] 快遞 · 快捷 1 天（$68.30）
  58.2s [7月8日（週二） 下午 7:06]   use "Sleep"
  58.2s [7月8日（週二） 下午 7:06]   click [Sleep] Sleep until 7:00 AM
  58.7s [7月9日（週三） 上午 7:07]   use "Packing table"
  58.7s [7月9日（週三） 上午 7:08]   click [Pack] 打包 10 筆訂單（1 小時 20 分）
  58.8s [7月9日（週三） 上午 8:29]   click [CourierExpress] 快遞 · 快捷 1 天（$95.00）
  59.2s [7月9日（週三） 下午 7:06]   use "Sleep"
  59.3s [7月9日（週三） 下午 7:06]   click [Sleep] Sleep until 7:00 AM
  59.6s [7月10日（週四） 上午 7:07]   use "Packing table"
  59.7s [7月10日（週四） 上午 7:08]   click [Pack] 打包 7 筆訂單（56 分鐘）
  59.7s [7月10日（週四） 上午 8:05]   click [CourierExpress] 快遞 · 快捷 1 天（$68.30）
  59.9s [7月10日（週四） 下午 7:02]   (shot decision_crestline_big_offer skipped: headless)
  59.9s [7月10日（週四） 下午 7:02]   decision crestline_big_offer → review
  59.9s [7月10日（週四） 下午 7:02]   click [Choice_review] 把合約寄來，我看看。
  60.0s [7月10日（週四） 下午 7:02]   (shot decision_outcome_crestline_big_offer skipped: headless)
  60.0s [7月10日（週四） 下午 7:02]   click "OK"
  60.2s [7月10日（週四） 下午 7:07]   use "Sleep"
  60.2s [7月10日（週四） 下午 7:07]   click [Sleep] Sleep until 7:00 AM
  60.6s [7月11日（週五） 上午 7:07]   use "Packing table"
  60.6s [7月11日（週五） 上午 7:08]   click [Pack] 打包 2 筆訂單（16 分鐘）
  60.7s [7月11日（週五） 上午 7:25]   click [CourierExpress] 快遞 · 快捷 1 天（$23.80）
  60.7s [7月11日（週五） 上午 7:27]   ok  Crestline offered the big contract
  60.8s [7月11日（週五） 上午 7:29]   use "Use laptop — Company OS"
  61.0s [7月11日（週五） 上午 7:30]   click [Tab_contracts] 合約 ●
  61.0s [7月11日（週五） 上午 7:31]   (shot big_contract_offer skipped: headless)
  61.0s [7月11日（週五） 上午 7:31]   click [AcceptContract] Accept
  61.1s [7月11日（週五） 上午 7:33]   ok  accepted Crestline's contract
  61.1s [7月11日（週五） 上午 7:33] STEP Chapter 5 — borrow from Marcus Reed at Nexus Bank
  61.4s [7月11日（週五） 上午 7:38]   ok  walked back outside
  62.2s [7月11日（週五） 上午 7:52]   use "捷運——河濱區站"
  62.3s [7月11日（週五） 上午 7:53]   (shot metro_financial skipped: headless)
  62.3s [7月11日（週五） 上午 7:53]   click [Go_financial] 金融區  ·  10 分鐘
  62.4s [7月11日（週五） 上午 8:05]   ok  took the Metro to Financial District
  63.3s [7月11日（週五） 下午 1:16]   ok  entered Nexus Bank
  63.4s [7月11日（週五） 下午 1:19]   use "和 Marcus Reed 說話"
  63.6s [7月11日（週五） 下午 1:19]   choose "› 讓我看看你能借多少。"
  63.9s [7月11日（週五） 下午 1:19]   (shot loan_offer skipped: headless)
  63.9s [7月11日（週五） 下午 1:19]   click [Amt_50] $16,000
  64.1s [7月11日（週五） 下午 1:19]   click [Term_12] 12 個月
  64.2s [7月11日（週五） 下午 1:19]   click [TakeLoan] 借 $16,000
  64.3s [7月11日（週五） 下午 1:19]   click [ConfirmLoan] Confirm loan signing
  64.8s [7月11日（週五） 下午 5:00]   ok  loan signing finishes the same afternoon
  64.8s [7月11日（週五） 下午 5:00]   (shot loan_taken skipped: headless)
  64.8s [7月11日（週五） 下午 5:00]   ok  took a Nexus Bank loan (debt $16,000.00)
  64.8s [7月11日（週五） 下午 5:00] STEP Chapter 5 — order the lamps and deliver
  65.3s [7月11日（週五） 下午 5:05]   ok  walked back outside
  65.9s [7月11日（週五） 下午 5:15]   use "捷運——金融區站"
  66.0s [7月11日（週五） 下午 5:16]   (shot metro_riverside skipped: headless)
  66.0s [7月11日（週五） 下午 5:16]   click [Go_riverside] 河濱區  ·  10 分鐘
  66.2s [7月11日（週五） 下午 5:28]   ok  took the Metro to Riverside
  67.2s [7月11日（週五） 下午 5:41]   ok  entered Riverside Tower
  67.2s [7月11日（週五） 下午 5:43]   use "Use laptop — Company OS"
  67.3s [7月11日（週五） 下午 5:44]   click [Tab_contracts] Contracts
  67.4s [7月11日（週五） 下午 5:45]   click [FillContract] 追加訂購 800 件，向 TradeLink 批發（$9,200）
  67.4s [7月11日（週五） 下午 5:56]   (shot contract_restock skipped: headless)
  67.6s [7月11日（週五） 下午 7:04]   use "Sleep"
  67.6s [7月11日（週五） 下午 7:04]   click [Sleep] Sleep until 7:00 AM
  68.1s [7月12日（週六） 上午 7:07]   use "Packing table"
  68.1s [7月12日（週六） 上午 7:08]   click [Pack] 打包 7 筆訂單（56 分鐘）
  68.2s [7月12日（週六） 上午 8:05]   click [CourierExpress] 快遞 · 快捷 1 天（$68.30）
  68.6s [7月12日（週六） 下午 7:06]   use "Sleep"
  68.6s [7月12日（週六） 下午 7:06]   click [Sleep] Sleep until 7:00 AM
  69.0s [7月13日（週日） 上午 7:07]   use "Packing table"
  69.1s [7月13日（週日） 上午 7:08]   click [Pack] 打包 7 筆訂單（56 分鐘）
  69.1s [7月13日（週日） 上午 8:05]   click [CourierExpress] 快遞 · 快捷 1 天（$68.30）
  69.3s [7月13日（週日） 下午 7:06]   use "Sleep"
  69.3s [7月13日（週日） 下午 7:06]   click [Sleep] Sleep until 7:00 AM
  69.7s [7月14日（週一） 上午 7:07]   use "Packing table"
  69.8s [7月14日（週一） 上午 7:08]   click [Pack] 打包 3 筆訂單（24 分鐘）
  69.8s [7月14日（週一） 上午 7:33]   click [CourierExpress] 快遞 · 快捷 1 天（$32.70）
  69.9s [7月14日（週一） 上午 7:37]   use "Use laptop — Company OS"
  70.0s [7月14日（週一） 上午 7:38]   click [Tab_contracts] Contracts
  70.0s [7月14日（週一） 上午 7:39]   click [DeliverContract] 打包並交貨 800 件（B2B 貨運 $40）
  70.2s [7月14日（週一） 上午 9:10]   (shot big_contract_delivered skipped: headless)
  70.2s [7月14日（週一） 上午 9:11]   ok  delivered 800 lamps to Crestline
  70.3s [7月14日（週一） 上午 9:12]   ok  Chapter 5 complete
  70.3s [7月14日（週一） 上午 9:12] STEP Chapter 6 — forecast, early payment, month in the black
  70.3s [7月14日（週一） 上午 9:12]   use "Use laptop — Company OS"
  70.4s [7月14日（週一） 上午 9:13]   click [Tab_finance] Finance
  70.6s [7月14日（週一） 上午 9:14]   (shot cash_forecast_ch6 skipped: headless)
  70.6s [7月14日（週一） 上午 9:14]   click [Tab_contracts] Contracts
  70.7s [7月14日（週一） 上午 9:15]   click [EarlyPayment] 請對方提前付款（折 3%：現在拿 $21,728）
  70.8s [7月14日（週一） 上午 9:16]   (shot early_payment skipped: headless)
  70.8s [7月14日（週一） 上午 9:17]   ok  Crestline paid early (3% discount)
  71.0s [7月14日（週一） 下午 7:04]   use "Sleep"
  71.0s [7月14日（週一） 下午 7:04]   click [Sleep] Sleep until 7:00 AM
  71.3s [7月15日（週二） 上午 7:07]   use "Packing table"
  71.4s [7月15日（週二） 上午 7:08]   click [Pack] 打包 2 筆訂單（16 分鐘）
  71.4s [7月15日（週二） 上午 7:25]   click [CourierExpress] 快遞 · 快捷 1 天（$23.80）
  71.6s [7月15日（週二） 下午 7:00]   (shot decision_elena_offer skipped: headless)
  71.6s [7月15日（週二） 下午 7:00]   decision elena_offer → accept
  71.6s [7月15日（週二） 下午 7:00]   click [Choice_accept] 以 20% 股份換 $40,000
  71.6s [7月15日（週二） 下午 7:00]   (shot decision_outcome_elena_offer skipped: headless)
  71.6s [7月15日（週二） 下午 7:00]   click "OK"
  71.9s [7月15日（週二） 下午 7:07]   use "Sleep"
  71.9s [7月15日（週二） 下午 7:07]   click [Sleep] Sleep until 7:00 AM
  72.4s [7月16日（週三） 上午 7:07]   use "Packing table"
  72.4s [7月16日（週三） 上午 7:08]   click [Pack] 打包 5 筆訂單（40 分鐘）
  72.5s [7月16日（週三） 上午 7:49]   click [CourierExpress] 快遞 · 快捷 1 天（$50.50）
  73.0s [7月16日（週三） 下午 7:06]   use "Sleep"
  73.1s [7月16日（週三） 下午 7:06]   click [Sleep] Sleep until 7:00 AM
  73.6s [7月17日（週四） 上午 7:07]   use "Packing table"
  73.6s [7月17日（週四） 上午 7:08]   click [Pack] 打包 2 筆訂單（16 分鐘）
  73.7s [7月17日（週四） 上午 7:25]   click [CourierExpress] 快遞 · 快捷 1 天（$23.80）
  74.0s [7月17日（週四） 下午 7:06]   use "Sleep"
  74.0s [7月17日（週四） 下午 7:06]   click [Sleep] Sleep until 7:00 AM
  74.4s [7月18日（週五） 上午 7:07]   use "Packing table"
  74.5s [7月18日（週五） 上午 7:08]   click [Pack] 打包 8 筆訂單（1 小時 4 分）
  74.5s [7月18日（週五） 上午 8:13]   click [CourierExpress] 快遞 · 快捷 1 天（$77.20）
  74.9s [7月18日（週五） 下午 7:06]   use "Sleep"
  75.0s [7月18日（週五） 下午 7:06]   click [Sleep] Sleep until 7:00 AM
  75.4s [7月19日（週六） 上午 7:07]   use "Packing table"
  75.4s [7月19日（週六） 上午 7:08]   click [Pack] 打包 5 筆訂單（40 分鐘）
  75.5s [7月19日（週六） 上午 7:49]   click [CourierExpress] 快遞 · 快捷 1 天（$50.50）
  75.9s [7月19日（週六） 下午 7:06]   use "Sleep"
  75.9s [7月19日（週六） 下午 7:06]   click [Sleep] Sleep until 7:00 AM
  76.6s [7月20日（週日） 上午 7:07]   use "Packing table"
  76.6s [7月20日（週日） 上午 7:08]   click [Pack] 打包 6 筆訂單（48 分鐘）
  76.7s [7月20日（週日） 上午 7:57]   click [CourierExpress] 快遞 · 快捷 1 天（$59.40）
  77.1s [7月20日（週日） 下午 7:06]   use "Sleep"
  77.1s [7月20日（週日） 下午 7:06]   click [Sleep] Sleep until 7:00 AM
  77.5s [7月21日（週一） 上午 7:07]   use "Packing table"
  77.6s [7月21日（週一） 上午 7:08]   click [Pack] 打包 3 筆訂單（24 分鐘）
  77.6s [7月21日（週一） 上午 7:33]   click [CourierExpress] 快遞 · 快捷 1 天（$32.70）
  77.9s [7月21日（週一） 下午 7:06]   use "Sleep"
  77.9s [7月21日（週一） 下午 7:06]   click [Sleep] Sleep until 7:00 AM
  78.3s [7月22日（週二） 上午 7:07]   use "Packing table"
  78.3s [7月22日（週二） 上午 7:08]   click [Pack] 打包 3 筆訂單（24 分鐘）
  78.4s [7月22日（週二） 上午 7:33]   click [CourierExpress] 快遞 · 快捷 1 天（$32.70）
  78.7s [7月22日（週二） 下午 7:06]   use "Sleep"
  78.7s [7月22日（週二） 下午 7:06]   click [Sleep] Sleep until 7:00 AM
  79.0s [7月23日（週三） 上午 7:07]   use "Packing table"
  79.0s [7月23日（週三） 上午 7:08]   click [Pack] 打包 9 筆訂單（1 小時 12 分）
  79.1s [7月23日（週三） 上午 8:21]   click [CourierExpress] 快遞 · 快捷 1 天（$86.10）
  79.4s [7月23日（週三） 下午 7:06]   use "Sleep"
  79.4s [7月23日（週三） 下午 7:06]   click [Sleep] Sleep until 7:00 AM
  79.8s [7月24日（週四） 上午 7:07]   use "Packing table"
  79.8s [7月24日（週四） 上午 7:08]   click [Pack] 打包 9 筆訂單（1 小時 12 分）
  79.9s [7月24日（週四） 上午 8:21]   click [CourierExpress] 快遞 · 快捷 1 天（$86.10）
  80.2s [7月24日（週四） 下午 7:06]   use "Sleep"
  80.2s [7月24日（週四） 下午 7:06]   click [Sleep] Sleep until 7:00 AM
  80.6s [7月25日（週五） 上午 7:07]   use "Packing table"
  80.7s [7月25日（週五） 上午 7:08]   click [Pack] 打包 8 筆訂單（1 小時 4 分）
  80.7s [7月25日（週五） 上午 8:13]   click [CourierExpress] 快遞 · 快捷 1 天（$77.20）
  81.0s [7月25日（週五） 下午 7:06]   use "Sleep"
  81.0s [7月25日（週五） 下午 7:06]   click [Sleep] Sleep until 7:00 AM
  81.4s [7月26日（週六） 上午 7:07]   use "Packing table"
  81.4s [7月26日（週六） 上午 7:08]   click [Pack] 打包 5 筆訂單（40 分鐘）
  81.5s [7月26日（週六） 上午 7:49]   click [CourierExpress] 快遞 · 快捷 1 天（$50.50）
  81.8s [7月26日（週六） 下午 7:06]   use "Sleep"
  81.8s [7月26日（週六） 下午 7:06]   click [Sleep] Sleep until 7:00 AM
  82.4s [7月27日（週日） 上午 7:07]   use "Packing table"
  82.4s [7月27日（週日） 上午 7:08]   click [Pack] 打包 7 筆訂單（56 分鐘）
  82.5s [7月27日（週日） 上午 8:05]   click [CourierExpress] 快遞 · 快捷 1 天（$68.30）
  82.8s [7月27日（週日） 下午 7:06]   use "Sleep"
  82.9s [7月27日（週日） 下午 7:06]   click [Sleep] Sleep until 7:00 AM
  83.3s [7月28日（週一） 上午 7:07]   use "Packing table"
  83.3s [7月28日（週一） 上午 7:08]   click [Pack] 打包 6 筆訂單（48 分鐘）
  83.4s [7月28日（週一） 上午 7:57]   click [CourierExpress] 快遞 · 快捷 1 天（$59.40）
  83.7s [7月28日（週一） 下午 7:06]   use "Sleep"
  83.8s [7月28日（週一） 下午 7:06]   click [Sleep] Sleep until 7:00 AM
  84.2s [7月29日（週二） 上午 7:07]   use "Packing table"
  84.2s [7月29日（週二） 上午 7:08]   click [Pack] 打包 6 筆訂單（48 分鐘）
  84.3s [7月29日（週二） 上午 7:57]   click [CourierExpress] 快遞 · 快捷 1 天（$59.40）
  84.6s [7月29日（週二） 下午 7:06]   use "Sleep"
  84.7s [7月29日（週二） 下午 7:06]   click [Sleep] Sleep until 7:00 AM
  85.0s [7月30日（週三） 上午 7:07]   use "Packing table"
  85.1s [7月30日（週三） 上午 7:08]   click [Pack] 打包 3 筆訂單（24 分鐘）
  85.1s [7月30日（週三） 上午 7:33]   click [CourierExpress] 快遞 · 快捷 1 天（$32.70）
  85.5s [7月30日（週三） 下午 7:06]   use "Sleep"
  85.5s [7月30日（週三） 下午 7:06]   click [Sleep] Sleep until 7:00 AM
  85.9s [7月31日（週四） 上午 7:07]   use "Packing table"
  85.9s [7月31日（週四） 上午 7:08]   click [Pack] 打包 3 筆訂單（24 分鐘）
  86.0s [7月31日（週四） 上午 7:33]   click [CourierExpress] 快遞 · 快捷 1 天（$32.70）
  86.1s [7月31日（週四） 下午 7:00]   (shot decision_supplier_price_increase skipped: headless)
  86.1s [7月31日（週四） 下午 7:00]   decision supplier_price_increase → accept
  86.1s [7月31日（週四） 下午 7:00]   click [Choice_accept] 好。繼續跟你進貨。
  86.2s [7月31日（週四） 下午 7:00]   (shot decision_outcome_supplier_price_increase skipped: headless)
  86.2s [7月31日（週四） 下午 7:00]   click "OK"
  86.5s [7月31日（週四） 下午 7:07]   use "Sleep"
  86.5s [7月31日（週四） 下午 7:07]   click [Sleep] Sleep until 7:00 AM
  87.1s [8月1日（週五） 上午 7:00]   (shot month_close_report skipped: headless)
  87.1s [8月1日（週五） 上午 7:00]   click [month close] Continue
  87.2s [8月1日（週五） 上午 7:02]   ok  Chapter 6 complete
  87.2s [8月1日（週五） 上午 7:02]   ok  ledger balanced after chapters 4–6
  87.2s [8月1日（週五） 上午 7:02]   ok  Chapter 7 started after Chapter 6
  87.2s [8月1日（週五） 上午 7:02]   ok  Year 3: the Supply Shock
  87.2s [8月1日（週五） 上午 7:02] STEP Chapter 7 — the news, and Ken's options
  87.7s [8月1日（週五） 上午 7:07]   ok  walked back outside
  88.1s [8月1日（週五） 上午 7:12]   ok  entered Bloom Coffee
  88.3s [8月1日（週五） 上午 7:15]   use "Read the news board"
  88.4s [8月1日（週五） 上午 7:20]   (shot news_supply_shock skipped: headless)
  88.4s [8月1日（週五） 上午 7:20]   ok  read the news (supply_shock)
  88.8s [8月1日（週五） 上午 7:25]   ok  walked back outside
  89.3s [8月1日（週五） 上午 7:30]   ok  entered Riverside Tower
  89.5s [8月1日（週五） 下午 7:03]   use "Sleep"
  89.5s [8月1日（週五） 下午 7:03]   click [Sleep] Sleep until 7:00 AM
  89.8s [8月2日（週六） 下午 7:01]   use "Sleep"
  89.8s [8月2日（週六） 下午 7:01]   click [Sleep] Sleep until 7:00 AM
  90.0s [8月3日（週日） 下午 7:00]   (shot decision_supply_shock_plan skipped: headless)
  90.0s [8月3日（週日） 下午 7:00]   decision supply_shock_plan → local
  90.0s [8月3日（週日） 下午 7:00]   click [Choice_local] 加一個在地備援：奧瑞莉亞職人合作社
  90.1s [8月3日（週日） 下午 7:00]   (shot decision_outcome_supply_shock_plan skipped: headless)
  90.1s [8月3日（週日） 下午 7:00]   click "OK"
  90.1s [8月3日（週日） 下午 7:00]   use "Sleep"
  90.2s [8月3日（週日） 下午 7:00]   click [Sleep] Sleep until 7:00 AM
  90.4s [8月4日（週一） 上午 7:00]   ok  the local co-op is a supplier now
  90.4s [8月4日（週一） 上午 7:00] STEP Chapter 7 — order from the co-op, raise a price
  90.4s [8月4日（週一） 上午 7:02]   use "Use laptop — Company OS"
  90.5s [8月4日（週一） 上午 7:03]   click [Tab_operations] Operations
  90.7s [8月4日（週一） 上午 7:04]   (shot operations_supply_shock skipped: headless)
  90.7s [8月4日（週一） 上午 7:04]   click [Buy_aurelia_makers_desk_lamp] 購買 $417
  90.8s [8月4日（週一） 上午 7:15]   click [Buy_aurelia_makers_desk_lamp] 購買 $417
  91.0s [8月4日（週一） 上午 7:26]   click [Buy_aurelia_makers_desk_lamp] 購買 $417
  91.2s [8月4日（週一） 上午 7:37]   click [Buy_aurelia_makers_desk_lamp] 購買 $417
  91.4s [8月4日（週一） 上午 7:47]   click [Tab_sales] Ecommerce
  91.5s [8月4日（週一） 上午 7:48]   click [PriceUp_desk_lamp] +
  91.7s [8月4日（週一） 上午 7:51]   ok  stocked and repriced
  91.9s [8月4日（週一） 下午 7:04]   use "Sleep"
  91.9s [8月4日（週一） 下午 7:04]   click [Sleep] Sleep until 7:00 AM
  92.3s [8月5日（週二） 下午 7:01]   use "Sleep"
  92.4s [8月5日（週二） 下午 7:01]   click [Sleep] Sleep until 7:00 AM
  92.7s [8月6日（週三） 下午 7:01]   use "Sleep"
  92.7s [8月6日（週三） 下午 7:01]   click [Sleep] Sleep until 7:00 AM
  93.0s [8月7日（週四） 下午 7:01]   use "Sleep"
  93.0s [8月7日（週四） 下午 7:01]   click [Sleep] Sleep until 7:00 AM
  93.4s [8月8日（週五） 下午 7:01]   use "Sleep"
  93.6s [8月8日（週五） 下午 7:01]   click [Sleep] Sleep until 7:00 AM
  94.0s [8月9日（週六） 下午 7:03]   use "Sleep"
  94.0s [8月9日（週六） 下午 7:04]   click [Sleep] Sleep until 7:00 AM
  94.2s [8月10日（週日） 下午 7:01]   use "Sleep"
  94.3s [8月10日（週日） 下午 7:01]   click [Sleep] Sleep until 7:00 AM
  94.6s [8月11日（週一） 下午 7:01]   use "Sleep"
  94.6s [8月11日（週一） 下午 7:01]   click [Sleep] Sleep until 7:00 AM
  94.9s [8月12日（週二） 下午 7:01]   use "Sleep"
  95.0s [8月12日（週二） 下午 7:01]   click [Sleep] Sleep until 7:00 AM
  95.2s [8月13日（週三） 下午 7:01]   use "Sleep"
  95.3s [8月13日（週三） 下午 7:01]   click [Sleep] Sleep until 7:00 AM
  95.6s [8月14日（週四） 下午 7:03]   use "Sleep"
  95.7s [8月14日（週四） 下午 7:04]   click [Sleep] Sleep until 7:00 AM
  95.9s [8月15日（週五） 下午 7:01]   use "Sleep"
  96.0s [8月15日（週五） 下午 7:01]   click [Sleep] Sleep until 7:00 AM
  96.3s [8月16日（週六） 下午 7:01]   use "Sleep"
  96.4s [8月16日（週六） 下午 7:01]   click [Sleep] Sleep until 7:00 AM
  96.8s [8月17日（週日） 下午 7:01]   use "Sleep"
  96.8s [8月17日（週日） 下午 7:01]   click [Sleep] Sleep until 7:00 AM
  97.1s [8月18日（週一） 下午 7:01]   use "Sleep"
  97.1s [8月18日（週一） 下午 7:01]   click [Sleep] Sleep until 7:00 AM
  97.5s [8月19日（週二） 下午 7:00]   (shot decision_supplier_price_increase skipped: headless)
  97.5s [8月19日（週二） 下午 7:00]   decision supplier_price_increase → accept
  97.5s [8月19日（週二） 下午 7:00]   click [Choice_accept] 好。繼續跟你進貨。
  97.5s [8月19日（週二） 下午 7:00]   (shot decision_outcome_supplier_price_increase skipped: headless)
  97.5s [8月19日（週二） 下午 7:00]   click "OK"
  97.6s [8月19日（週二） 下午 7:03]   use "Sleep"
  97.7s [8月19日（週二） 下午 7:03]   click [Sleep] Sleep until 7:00 AM
  98.0s [8月20日（週三） 下午 7:01]   use "Sleep"
  98.0s [8月20日（週三） 下午 7:01]   click [Sleep] Sleep until 7:00 AM
  98.4s [8月21日（週四） 下午 7:01]   use "Sleep"
  98.4s [8月21日（週四） 下午 7:01]   click [Sleep] Sleep until 7:00 AM
  98.7s [8月22日（週五） 下午 7:01]   use "Sleep"
  98.8s [8月22日（週五） 下午 7:01]   click [Sleep] Sleep until 7:00 AM
  99.1s [8月23日（週六） 下午 7:01]   use "Sleep"
  99.1s [8月23日（週六） 下午 7:01]   click [Sleep] Sleep until 7:00 AM
  99.7s [8月24日（週日） 下午 7:03]   use "Sleep"
  99.8s [8月24日（週日） 下午 7:04]   click [Sleep] Sleep until 7:00 AM
 100.1s [8月25日（週一） 下午 7:01]   use "Sleep"
 100.1s [8月25日（週一） 下午 7:01]   click [Sleep] Sleep until 7:00 AM
 100.4s [8月26日（週二） 下午 7:01]   use "Sleep"
 100.4s [8月26日（週二） 下午 7:01]   click [Sleep] Sleep until 7:00 AM
 100.7s [8月27日（週三） 下午 7:01]   use "Sleep"
 100.7s [8月27日（週三） 下午 7:01]   click [Sleep] Sleep until 7:00 AM
 101.0s [8月28日（週四） 下午 7:01]   use "Sleep"
 101.1s [8月28日（週四） 下午 7:01]   click [Sleep] Sleep until 7:00 AM
 101.5s [8月29日（週五） 下午 7:03]   use "Sleep"
 101.6s [8月29日（週五） 下午 7:04]   click [Sleep] Sleep until 7:00 AM
 101.9s [8月30日（週六） 下午 7:01]   use "Sleep"
 101.9s [8月30日（週六） 下午 7:01]   click [Sleep] Sleep until 7:00 AM
 102.2s [8月31日（週日） 下午 7:01]   use "Sleep"
 102.3s [8月31日（週日） 下午 7:01]   click [Sleep] Sleep until 7:00 AM
 102.8s [9月1日（週一） 上午 7:00]   (shot month_close_report skipped: headless)
 102.8s [9月1日（週一） 上午 7:00]   click [month close] Continue
 102.9s [9月1日（週一） 下午 7:00]   use "Sleep"
 103.0s [9月1日（週一） 下午 7:00]   click [Sleep] Sleep until 7:00 AM
 103.2s [9月2日（週二） 下午 7:01]   use "Sleep"
 103.3s [9月2日（週二） 下午 7:01]   click [Sleep] Sleep until 7:00 AM
 103.7s [9月3日（週三） 下午 7:04]   use "Sleep"
 103.8s [9月3日（週三） 下午 7:04]   click [Sleep] Sleep until 7:00 AM
 104.0s [9月4日（週四） 下午 7:01]   use "Sleep"
 104.1s [9月4日（週四） 下午 7:01]   click [Sleep] Sleep until 7:00 AM
 104.3s [9月5日（週五） 下午 7:01]   use "Sleep"
 104.4s [9月5日（週五） 下午 7:01]   click [Sleep] Sleep until 7:00 AM
 104.8s [9月6日（週六） 下午 7:01]   use "Sleep"
 104.8s [9月6日（週六） 下午 7:01]   click [Sleep] Sleep until 7:00 AM
 105.1s [9月7日（週日） 下午 7:01]   use "Sleep"
 105.1s [9月7日（週日） 下午 7:01]   click [Sleep] Sleep until 7:00 AM
 105.4s [9月8日（週一） 下午 7:00]   (shot decision_supplier_price_increase skipped: headless)
 105.4s [9月8日（週一） 下午 7:00]   decision supplier_price_increase → accept
 105.4s [9月8日（週一） 下午 7:00]   click [Choice_accept] 好。繼續跟你進貨。
 105.5s [9月8日（週一） 下午 7:00]   (shot decision_outcome_supplier_price_increase skipped: headless)
 105.5s [9月8日（週一） 下午 7:00]   click "OK"
 105.7s [9月8日（週一） 下午 7:03]   use "Sleep"
 105.7s [9月8日（週一） 下午 7:03]   click [Sleep] Sleep until 7:00 AM
 106.0s [9月9日（週二） 下午 7:01]   use "Sleep"
 106.1s [9月9日（週二） 下午 7:01]   click [Sleep] Sleep until 7:00 AM
 106.4s [9月10日（週三） 下午 7:01]   use "Sleep"
 106.4s [9月10日（週三） 下午 7:01]   click [Sleep] Sleep until 7:00 AM
 106.7s [9月11日（週四） 下午 7:01]   use "Sleep"
 106.8s [9月11日（週四） 下午 7:01]   click [Sleep] Sleep until 7:00 AM
 107.1s [9月12日（週五） 下午 7:01]   use "Sleep"
 107.2s [9月12日（週五） 下午 7:01]   click [Sleep] Sleep until 7:00 AM
 107.7s [9月13日（週六） 下午 7:04]   use "Sleep"
 107.8s [9月13日（週六） 下午 7:04]   click [Sleep] Sleep until 7:00 AM
 108.0s [9月14日（週日） 下午 7:01]   use "Sleep"
 108.1s [9月14日（週日） 下午 7:01]   click [Sleep] Sleep until 7:00 AM
 108.4s [9月15日（週一） 下午 7:01]   use "Sleep"
 108.5s [9月15日（週一） 下午 7:01]   click [Sleep] Sleep until 7:00 AM
 108.8s [9月16日（週二） 下午 7:01]   use "Sleep"
 108.8s [9月16日（週二） 下午 7:01]   click [Sleep] Sleep until 7:00 AM
 109.1s [9月17日（週三） 下午 7:01]   use "Sleep"
 109.2s [9月17日（週三） 下午 7:01]   click [Sleep] Sleep until 7:00 AM
 109.7s [9月18日（週四） 下午 7:04]   use "Sleep"
 109.7s [9月18日（週四） 下午 7:04]   click [Sleep] Sleep until 7:00 AM
 110.0s [9月19日（週五） 下午 7:01]   use "Sleep"
 110.1s [9月19日（週五） 下午 7:01]   click [Sleep] Sleep until 7:00 AM
 110.4s [9月20日（週六） 下午 7:01]   use "Sleep"
 110.5s [9月20日（週六） 下午 7:01]   click [Sleep] Sleep until 7:00 AM
 110.8s [9月21日（週日） 下午 7:01]   use "Sleep"
 110.9s [9月21日（週日） 下午 7:01]   click [Sleep] Sleep until 7:00 AM
 111.2s [9月22日（週一） 下午 7:01]   use "Sleep"
 111.3s [9月22日（週一） 下午 7:01]   click [Sleep] Sleep until 7:00 AM
 111.9s [9月23日（週二） 下午 7:03]   use "Sleep"
 111.9s [9月23日（週二） 下午 7:04]   click [Sleep] Sleep until 7:00 AM
 112.2s [9月24日（週三） 下午 7:01]   use "Sleep"
 112.2s [9月24日（週三） 下午 7:01]   click [Sleep] Sleep until 7:00 AM
 112.5s [9月25日（週四） 下午 7:01]   use "Sleep"
 112.6s [9月25日（週四） 下午 7:01]   click [Sleep] Sleep until 7:00 AM
 112.9s [9月26日（週五） 下午 7:01]   use "Sleep"
 112.9s [9月26日（週五） 下午 7:01]   click [Sleep] Sleep until 7:00 AM
 113.1s [9月27日（週六） 下午 7:00]   (shot decision_supplier_price_increase skipped: headless)
 113.1s [9月27日（週六） 下午 7:00]   decision supplier_price_increase → accept
 113.1s [9月27日（週六） 下午 7:00]   click [Choice_accept] 好。繼續跟你進貨。
 113.2s [9月27日（週六） 下午 7:00]   (shot decision_outcome_supplier_price_increase skipped: headless)
 113.2s [9月27日（週六） 下午 7:00]   click "OK"
 113.3s [9月27日（週六） 下午 7:00]   use "Sleep"
 113.4s [9月27日（週六） 下午 7:00]   click [Sleep] Sleep until 7:00 AM
 114.1s [9月28日（週日） 下午 7:03]   use "Sleep"
 114.2s [9月28日（週日） 下午 7:04]   click [Sleep] Sleep until 7:00 AM
 114.5s [9月29日（週一） 下午 7:01]   use "Sleep"
 114.5s [9月29日（週一） 下午 7:01]   click [Sleep] Sleep until 7:00 AM
 114.9s [9月30日（週二） 下午 7:01]   use "Sleep"
 114.9s [9月30日（週二） 下午 7:01]   click [Sleep] Sleep until 7:00 AM
 115.4s [10月1日（週三） 上午 7:00]   (shot month_close_report skipped: headless)
 115.4s [10月1日（週三） 上午 7:00]   click [month close] Continue
 115.5s [10月1日（週三） 上午 7:00]   ok  Chapter 7 complete
 115.5s [10月1日（週三） 上午 7:00] STEP Chapter 8 — the Green Shift
 115.5s [10月1日（週三） 上午 7:00]   ok  Year 4: the Green Shift
 116.0s [10月1日（週三） 上午 7:06]   ok  walked back outside
 116.5s [10月1日（週三） 上午 7:11]   ok  entered Bloom Coffee
 116.7s [10月1日（週三） 上午 7:14]   use "Read the news board"
 116.7s [10月1日（週三） 上午 7:19]   (shot news_green_shift skipped: headless)
 116.7s [10月1日（週三） 上午 7:19]   ok  read the news (green_shift)
 117.2s [10月1日（週三） 上午 7:24]   ok  walked back outside
 117.7s [10月1日（週三） 上午 7:29]   ok  entered Riverside Tower
 117.8s [10月1日（週三） 上午 7:31]   use "Use laptop — Company OS"
 117.9s [10月1日（週三） 上午 7:32]   click [Tab_operations] Operations
 118.0s [10月1日（週三） 上午 7:33]   click [Packaging_recycled] Recycled paper
 118.2s [10月1日（週三） 上午 7:34]   click [Buy_verdant_supply_solar_lamp] 購買 $504
 118.3s [10月1日（週三） 上午 7:45]   (shot operations_green skipped: headless)
 118.4s [10月1日（週三） 上午 7:45]   ok  recycled packaging
 118.6s [10月1日（週三） 下午 7:05]   use "Sleep"
 118.6s [10月1日（週三） 下午 7:05]   click [Sleep] Sleep until 7:00 AM
 118.9s [10月2日（週四） 下午 7:01]   use "Sleep"
 118.9s [10月2日（週四） 下午 7:01]   click [Sleep] Sleep until 7:00 AM
 119.2s [10月3日（週五） 下午 7:01]   use "Sleep"
 119.3s [10月3日（週五） 下午 7:01]   click [Sleep] Sleep until 7:00 AM
 119.6s [10月4日（週六） 下午 7:01]   use "Sleep"
 119.7s [10月4日（週六） 下午 7:01]   click [Sleep] Sleep until 7:00 AM
 120.0s [10月5日（週日） 上午 7:00]   ok  solar desk lamps arrived before listing
 120.1s [10月5日（週日） 上午 7:02]   use "Use laptop — Company OS"
 120.3s [10月5日（週日） 上午 7:03]   click [Tab_sales] Ecommerce
 120.4s [10月5日（週日） 上午 7:04]   click [ListSelf_solar_lamp] Shoot photos myself & list (1 h 20 min)
 120.6s [10月5日（週日） 上午 8:26]   ok  solar desk lamps listed
 120.6s [10月5日（週日） 上午 8:26] STEP Chapter 8 — the Green Business Grant at City Hall
 120.6s [10月5日（週日） 上午 8:26]   (harness) wait 2 h
 120.7s [10月5日（週日） 上午 10:27]   (harness) wait 2 h
 120.8s [10月5日（週日） 下午 12:27]   (harness) wait 2 h
 120.8s [10月5日（週日） 下午 2:28]   (harness) wait 2 h
 120.9s [10月5日（週日） 下午 4:29]   (harness) wait 2 h
 120.9s [10月5日（週日） 下午 6:30]   (harness) wait 2 h
 121.1s [10月5日（週日） 下午 8:35]   use "Sleep"
 121.2s [10月5日（週日） 下午 8:35]   click [Sleep] Sleep until 7:00 AM
 121.4s [10月6日（週一） 上午 7:00]   (harness) wait 2 h
 121.8s [10月6日（週一） 上午 9:07]   ok  walked back outside
 123.3s [10月6日（週一） 上午 9:21]   use "捷運——河濱區站"
 123.5s [10月6日（週一） 上午 9:22]   (shot metro_civic_center skipped: headless)
 123.5s [10月6日（週一） 上午 9:22]   click [Go_civic_center] 市政中心  ·  12 分鐘
 123.7s [10月6日（週一） 上午 9:36]   ok  took the Metro to Civic Center
 124.7s [10月6日（週一） 上午 9:47]   ok  entered Aurelia City Hall
 124.9s [10月6日（週一） 上午 9:49]   use "Permits & regulations"
 125.0s [10月6日（週一） 上午 9:50]   (shot green_grant skipped: headless)
 125.0s [10月6日（週一） 上午 9:50]   click [ApplyGreenGrant] Apply
 125.2s [10月6日（週一） 上午 10:22]   ok  green grant approved
 125.2s [10月6日（週一） 上午 10:23]   ok  Chapter 8 complete
 125.2s [10月6日（週一） 上午 10:23] STEP Chapter 9 — the Clearing Crisis: an import stuck on the wire
 125.2s [10月6日（週一） 上午 10:23]   ok  Year 5: the Clearing Crisis
 125.6s [10月6日（週一） 上午 10:29]   ok  walked back outside
 126.4s [10月6日（週一） 上午 10:37]   use "捷運——市政中心站"
 126.5s [10月6日（週一） 上午 10:38]   (shot metro_riverside skipped: headless)
 126.5s [10月6日（週一） 上午 10:38]   click [Go_riverside] 河濱區  ·  12 分鐘
 126.9s [10月6日（週一） 上午 10:52]   ok  took the Metro to Riverside
 127.9s [10月6日（週一） 上午 11:03]   ok  entered Bloom Coffee
 127.9s [10月6日（週一） 上午 11:06]   use "Read the news board"
 128.0s [10月6日（週一） 上午 11:11]   (shot news_clearing_crisis skipped: headless)
 128.0s [10月6日（週一） 上午 11:11]   ok  read the news (clearing_crisis)
 128.4s [10月6日（週一） 上午 11:16]   ok  walked back outside
 128.9s [10月6日（週一） 上午 11:21]   ok  entered Riverside Tower
 129.0s [10月6日（週一） 上午 11:23]   use "Use laptop — Company OS"
 129.1s [10月6日（週一） 上午 11:24]   click [Tab_operations] Operations
 129.2s [10月6日（週一） 上午 11:25]   click [Buy_lumina_direct_phone_stand] 購買 $884
 129.3s [10月6日（週一） 上午 11:26]   (shot settlement_choice skipped: headless)
 129.3s [10月6日（週一） 上午 11:26]   click [Settle_international_wire] Pay this way
 129.6s [10月6日（週一） 上午 11:28]   ok  import ordered, paid by wire
 129.6s [10月6日（週一） 上午 11:28] STEP Chapter 9 — Lina Zhao at Nexus Bank
 130.0s [10月6日（週一） 上午 11:33]   ok  walked back outside
 131.2s [10月6日（週一） 上午 11:47]   use "捷運——河濱區站"
 131.3s [10月6日（週一） 上午 11:48]   (shot metro_financial skipped: headless)
 131.3s [10月6日（週一） 上午 11:48]   click [Go_financial] 金融區  ·  10 分鐘
 131.5s [10月6日（週一） 下午 12:00]   ok  took the Metro to Financial District
 132.5s [10月6日（週一） 下午 12:11]   ok  entered Nexus Bank
 132.8s [10月6日（週一） 下午 12:15]   use "和 Lina Zhao 說話"
 132.8s [10月6日（週一） 下午 12:15]   (shot lina_intro skipped: headless)
 133.3s [10月6日（週一） 下午 12:15]   choose "› 幫我開一個數位美元帳戶。"
 133.4s [10月6日（週一） 下午 12:15]   ok  met Lina Zhao
 133.7s [10月6日（週一） 下午 12:19]   ok  walked back outside
 134.8s [10月6日（週一） 下午 12:28]   use "捷運——金融區站"
 134.9s [10月6日（週一） 下午 12:30]   (shot metro_riverside skipped: headless)
 134.9s [10月6日（週一） 下午 12:30]   click [Go_riverside] 河濱區  ·  10 分鐘
 135.0s [10月6日（週一） 下午 12:41]   ok  took the Metro to Riverside
 135.6s [10月6日（週一） 下午 12:55]   ok  entered Riverside Tower
 135.6s [10月6日（週一） 下午 12:57]   use "Use laptop — Company OS"
 135.7s [10月6日（週一） 下午 12:58]   click [Tab_operations] Operations
 135.7s [10月6日（週一） 下午 12:59]   click [SpeedUp_PO-119] Speed up
 135.8s [10月6日（週一） 下午 1:00]   (shot settlement_speed_up skipped: headless)
 135.8s [10月6日（週一） 下午 1:00]   click [Settle_letter_of_credit] Switch
 135.9s [10月6日（週一） 下午 7:04]   use "Sleep"
 136.0s [10月6日（週一） 下午 7:04]   click [Sleep] Sleep until 7:00 AM
 136.1s [10月7日（週二） 下午 7:01]   use "Sleep"
 136.1s [10月7日（週二） 下午 7:01]   click [Sleep] Sleep until 7:00 AM
 136.2s [10月8日（週三） 下午 7:01]   use "Sleep"
 136.3s [10月8日（週三） 下午 7:01]   click [Sleep] Sleep until 7:00 AM
 136.4s [10月9日（週四） 下午 7:01]   use "Sleep"
 136.4s [10月9日（週四） 下午 7:01]   click [Sleep] Sleep until 7:00 AM
 136.6s [10月10日（週五） 下午 7:01]   use "Sleep"
 136.6s [10月10日（週五） 下午 7:01]   click [Sleep] Sleep until 7:00 AM
 136.8s [10月11日（週六） 下午 7:03]   use "Sleep"
 136.8s [10月11日（週六） 下午 7:04]   click [Sleep] Sleep until 7:00 AM
 136.9s [10月12日（週日） 下午 7:01]   use "Sleep"
 137.0s [10月12日（週日） 下午 7:01]   click [Sleep] Sleep until 7:00 AM
 137.1s [10月13日（週一） 下午 7:01]   use "Sleep"
 137.1s [10月13日（週一） 下午 7:01]   click [Sleep] Sleep until 7:00 AM
 137.3s [10月14日（週二） 下午 7:01]   use "Sleep"
 137.3s [10月14日（週二） 下午 7:01]   click [Sleep] Sleep until 7:00 AM
 137.4s [10月15日（週三） 下午 7:01]   use "Sleep"
 137.5s [10月15日（週三） 下午 7:01]   click [Sleep] Sleep until 7:00 AM
 137.7s [10月16日（週四） 下午 7:04]   use "Sleep"
 137.7s [10月16日（週四） 下午 7:04]   click [Sleep] Sleep until 7:00 AM
 137.9s [10月17日（週五） 下午 7:01]   use "Sleep"
 137.9s [10月17日（週五） 下午 7:01]   click [Sleep] Sleep until 7:00 AM
 138.0s [10月18日（週六） 下午 7:00]   (shot decision_supplier_price_increase skipped: headless)
 138.0s [10月18日（週六） 下午 7:00]   decision supplier_price_increase → accept
 138.0s [10月18日（週六） 下午 7:00]   click [Choice_accept] 好。繼續跟你進貨。
 138.1s [10月18日（週六） 下午 7:00]   (shot decision_outcome_supplier_price_increase skipped: headless)
 138.1s [10月18日（週六） 下午 7:00]   click "OK"
 138.1s [10月18日（週六） 下午 7:00]   use "Sleep"
 138.1s [10月18日（週六） 下午 7:00]   click [Sleep] Sleep until 7:00 AM
 138.3s [10月19日（週日） 下午 7:01]   use "Sleep"
 138.3s [10月19日（週日） 下午 7:01]   click [Sleep] Sleep until 7:00 AM
 138.4s [10月20日（週一） 下午 7:01]   use "Sleep"
 138.5s [10月20日（週一） 下午 7:01]   click [Sleep] Sleep until 7:00 AM
 138.7s [10月21日（週二） 下午 7:04]   use "Sleep"
 138.7s [10月21日（週二） 下午 7:04]   click [Sleep] Sleep until 7:00 AM
 138.8s [10月22日（週三） 下午 7:01]   use "Sleep"
 138.8s [10月22日（週三） 下午 7:01]   click [Sleep] Sleep until 7:00 AM
 139.0s [10月23日（週四） 下午 7:01]   use "Sleep"
 139.0s [10月23日（週四） 下午 7:01]   click [Sleep] Sleep until 7:00 AM
 139.2s [10月24日（週五） 上午 7:00]   ok  Chapter 9 complete: the import got through
 139.2s [10月24日（週五） 上午 7:00]   ok  ledger balanced after chapters 7–9
 139.2s [10月24日（週五） 上午 7:00] STEP Old Town — lease the corner café from Mr. Okafor
 139.2s [10月24日（週五） 上午 7:00]   (harness) wait 2 h
 139.4s [10月24日（週五） 上午 9:07]   ok  walked back outside
 139.9s [10月24日（週五） 上午 9:21]   use "捷運——河濱區站"
 140.0s [10月24日（週五） 上午 9:23]   (shot metro_old_town skipped: headless)
 140.0s [10月24日（週五） 上午 9:23]   click [Go_old_town] 舊城區  ·  16 分鐘
 140.2s [10月24日（週五） 上午 9:40]   ok  took the Metro to Old Town
 140.2s [10月24日（週五） 上午 9:40]   (shot old_town skipped: headless)
 140.8s [10月24日（週五） 上午 9:57]   ok  entered Okafor Lettings
 140.8s [10月24日（週五） 上午 9:58]   use "和 Okafor 先生 說話"
 140.9s [10月24日（週五） 上午 9:58]   choose "› 這裡以前是什麼店？"
 141.0s [10月24日（週五） 上午 9:59]   (shot cafe_lease skipped: headless)
 141.0s [10月24日（週五） 上午 9:59]   click [SignLease_corner_cafe] Sign the lease
 141.0s [10月24日（週五） 上午 10:00]   ok  leased the corner café unit
 141.2s [10月24日（週五） 上午 10:04]   ok  walked back outside
 141.2s [10月24日（週五） 上午 10:04]   (shot old_town_storefronts skipped: headless)
 141.5s [10月24日（週五） 上午 10:12]   ok  entered Corner Café Unit
 141.6s [10月24日（週五） 上午 10:13]   use "Check the till — Company OS"
 141.6s [10月24日（週五） 上午 10:14]   click [CafeFitOut] 裝修（$5,800）
 141.6s [10月24日（週五） 上午 10:14]   click [CafeSupplies_large] 400 杯份 · $330
 141.7s [10月24日（週五） 上午 10:15]   (shot cafe_setup skipped: headless)
 141.7s [10月24日（週五） 上午 10:16]   ok  fit-out under way
 141.7s [10月24日（週五） 上午 10:16]   ok  coffee supplies ordered
 141.7s [10月24日（週五） 上午 10:16] STEP Old Town — the food licence at City Hall (walking via Shopping Street)
 141.8s [10月24日（週五） 上午 10:20]   ok  walked back outside
 142.4s [10月24日（週五） 上午 10:37]   ok  walked to Shopping Street
 143.2s [10月24日（週五） 上午 11:05]   ok  walked to Civic Center
 143.4s [10月24日（週五） 上午 11:12]   ok  entered Aurelia City Hall
 143.5s [10月24日（週五） 上午 11:14]   use "Permits & regulations"
 143.5s [10月24日（週五） 上午 11:15]   click [ApplyFoodLicence] Apply
 143.6s [10月24日（週五） 上午 11:36]   (shot food_licence skipped: headless)
 143.6s [10月24日（週五） 上午 11:37]   ok  food licence applied for
 143.8s [10月24日（週五） 上午 11:42]   ok  walked back outside
 144.1s [10月24日（週五） 上午 11:50]   use "捷運——市政中心站"
 144.1s [10月24日（週五） 上午 11:52]   (shot metro_riverside skipped: headless)
 144.1s [10月24日（週五） 上午 11:52]   click [Go_riverside] 河濱區  ·  12 分鐘
 144.3s [10月24日（週五） 下午 12:05]   ok  took the Metro to Riverside
 144.9s [10月24日（週五） 下午 12:19]   ok  entered Riverside Tower
 144.9s [10月24日（週五） 下午 12:19]   (harness) wait 2 h
 144.9s [10月24日（週五） 下午 2:20]   (harness) wait 2 h
 145.0s [10月24日（週五） 下午 4:21]   (harness) wait 2 h
 145.0s [10月24日（週五） 下午 6:22]   (harness) wait 2 h
 145.1s [10月24日（週五） 下午 8:25]   use "Sleep"
 145.1s [10月24日（週五） 下午 8:25]   click [Sleep] Sleep until 7:00 AM
 145.2s [10月25日（週六） 上午 7:00]   (harness) wait 2 h
 145.2s [10月25日（週六） 上午 9:01]   (harness) wait 2 h
 145.3s [10月25日（週六） 上午 11:02]   (harness) wait 2 h
 145.3s [10月25日（週六） 下午 1:03]   (harness) wait 2 h
 145.3s [10月25日（週六） 下午 3:04]   (harness) wait 2 h
 145.3s [10月25日（週六） 下午 5:05]   (harness) wait 2 h
 145.3s [10月25日（週六） 下午 7:06]   use "Sleep"
 145.4s [10月25日（週六） 下午 7:06]   click [Sleep] Sleep until 7:00 AM
 145.5s [10月26日（週日） 上午 7:00]   (harness) wait 2 h
 145.5s [10月26日（週日） 上午 9:01]   (harness) wait 2 h
 145.5s [10月26日（週日） 上午 11:02]   (harness) wait 2 h
 145.5s [10月26日（週日） 下午 1:03]   (harness) wait 2 h
 145.6s [10月26日（週日） 下午 3:04]   (harness) wait 2 h
 145.6s [10月26日（週日） 下午 5:05]   (harness) wait 2 h
 145.6s [10月26日（週日） 下午 7:06]   use "Sleep"
 145.6s [10月26日（週日） 下午 7:06]   click [Sleep] Sleep until 7:00 AM
 145.7s [10月27日（週一） 上午 7:00]   ok  fitted out and licensed
 145.7s [10月27日（週一） 上午 7:00] STEP Old Town — opening day behind your own counter
 145.9s [10月27日（週一） 上午 7:06]   ok  walked back outside
 146.5s [10月27日（週一） 上午 7:20]   use "捷運——河濱區站"
 146.6s [10月27日（週一） 上午 7:22]   (shot metro_old_town skipped: headless)
 146.6s [10月27日（週一） 上午 7:22]   click [Go_old_town] 舊城區  ·  16 分鐘
 146.7s [10月27日（週一） 上午 7:39]   ok  took the Metro to Old Town
 147.1s [10月27日（週一） 上午 7:50]   ok  entered Corner Café Unit
 147.1s [10月27日（週一） 上午 7:50]   (shot cafe_open skipped: headless)
 147.2s [10月27日（週一） 上午 7:52]   use "Work the counter (2 h)"
 147.2s [10月27日（週一） 上午 9:53]   ok  served customers at your own café
 147.2s [10月27日（週一） 上午 9:54]   use "Check the till — Company OS"
 147.3s [10月27日（週一） 上午 9:55]   (shot cafe_tab skipped: headless)
 147.3s [10月27日（週一） 上午 9:55]   ok  ledger balanced after opening the café
 147.4s [10月27日（週一） 上午 10:00]   ok  walked back outside
 147.8s [10月27日（週一） 上午 10:11]   use "捷運——舊城區站"
 147.9s [10月27日（週一） 上午 10:13]   (shot metro_riverside skipped: headless)
 147.9s [10月27日（週一） 上午 10:13]   click [Go_riverside] 河濱區  ·  16 分鐘
 148.0s [10月27日（週一） 上午 10:30]   ok  took the Metro to Riverside
 148.5s [10月27日（週一） 上午 10:44]   ok  entered Riverside Tower
 148.5s [10月27日（週一） 上午 10:44] STEP Harbor — metro to the docks, a used van from Sam, and Pier 7
 148.5s [10月27日（週一） 上午 10:44]   ok  actual financing covers the van, bay and working capital
 148.7s [10月27日（週一） 上午 10:47]   ok  walked back outside
 149.3s [10月27日（週一） 上午 11:01]   use "捷運——河濱區站"
 149.3s [10月27日（週一） 上午 11:02]   (shot metro_harbor skipped: headless)
 149.3s [10月27日（週一） 上午 11:02]   click [Go_harbor] 港區  ·  8 分鐘
 149.9s [10月27日（週一） 上午 11:12]   ok  took the Metro to Harbor
 149.9s [10月27日（週一） 上午 11:12]   (shot harbor skipped: headless)
 150.2s [10月27日（週一） 上午 11:22]   (shot harbor_street skipped: headless)
 150.5s [10月27日（週一） 上午 11:26]   ok  entered Dockside Motors
 150.5s [10月27日（週一） 上午 11:27]   use "和 Sam Okoro 說話"
 150.6s [10月27日（週一） 上午 11:27]   choose "› 你這裡有什麼？"
 150.8s [10月27日（週一） 上午 11:28]   (shot van_dealer skipped: headless)
 150.8s [10月27日（週一） 上午 11:28]   click [BuyVan] 買下這台貨車（$9,800）
 150.8s [10月27日（週一） 上午 11:29]   (shot van_bought skipped: headless)
 150.8s [10月27日（週一） 上午 11:29]   ok  bought the van from Sam
 150.8s [10月27日（週一） 上午 11:29]   ok  the van is a vehicle expense
 150.9s [10月27日（週一） 上午 11:33]   ok  walked back outside
 151.3s [10月27日（週一） 上午 11:42]   ok  entered Pier 7 Warehouse
 151.5s [10月27日（週一） 上午 11:47]   use "Lettings desk: lease Bay 3"
 151.5s [10月27日（週一） 上午 11:48]   (shot pier7_lease skipped: headless)
 151.5s [10月27日（週一） 上午 11:48]   click [SignLease_pier7_warehouse] Sign the lease
 151.5s [10月27日（週一） 上午 11:49]   ok  leased the Pier 7 bay
 151.5s [10月27日（週一） 上午 11:49]   ok  Pier 7 is a stock location
 151.5s [10月27日（週一） 上午 11:50]   (shot pier7_warehouse skipped: headless)
 151.8s [10月27日（週一） 上午 11:57]   ok  walked back outside
 152.2s [10月27日（週一） 下午 12:10]   use "捷運——港區站"
 152.3s [10月27日（週一） 下午 12:11]   (shot metro_riverside skipped: headless)
 152.3s [10月27日（週一） 下午 12:11]   click [Go_riverside] 河濱區  ·  8 分鐘
 152.6s [10月27日（週一） 下午 12:21]   ok  took the Metro to Riverside
 153.2s [10月27日（週一） 下午 12:35]   ok  entered Riverside Tower
 153.2s [10月27日（週一） 下午 12:35] STEP Harbor — the morning's delivery runs
 153.2s [10月27日（週一） 下午 12:35]   (harness) wait 2 h
 153.2s [10月27日（週一） 下午 2:36]   (harness) wait 2 h
 153.2s [10月27日（週一） 下午 4:37]   (harness) wait 2 h
 153.2s [10月27日（週一） 下午 6:37]   (harness) wait 2 h
 153.3s [10月27日（週一） 下午 8:41]   use "Sleep"
 153.3s [10月27日（週一） 下午 8:41]   click [Sleep] Sleep until 7:00 AM
 153.5s [10月28日（週二） 上午 7:00]   (harness) wait 2 h
 153.6s [10月28日（週二） 上午 9:01]   ok  runs were posted in the morning
 153.8s [10月28日（週二） 上午 9:07]   ok  walked back outside
 154.3s [10月28日（週二） 上午 9:21]   use "捷運——河濱區站"
 154.4s [10月28日（週二） 上午 9:22]   (shot metro_harbor skipped: headless)
 154.4s [10月28日（週二） 上午 9:22]   click [Go_harbor] 港區  ·  8 分鐘
 154.5s [10月28日（週二） 上午 9:32]   ok  took the Metro to Harbor
 155.0s [10月28日（週二） 上午 9:47]   ok  entered Pier 7 Warehouse
 155.1s [10月28日（週二） 上午 9:51]   use "Sit at the yard office desk — Company OS"
 155.2s [10月28日（週二） 上午 9:52]   click [Tab_logistics] Logistics
 155.2s [10月28日（週二） 上午 9:53]   (shot logistics_tab skipped: headless)
 155.2s [10月28日（週二） 上午 9:54]   (shot logistics_badge_pinned skipped: headless)
 155.2s [10月28日（週二） 上午 9:54]   click [Tab_logistics] Logistics
 155.3s [10月28日（週二） 上午 9:55]   ok  delivery runs on the board
 155.3s [10月28日（週二） 上午 9:55]   click [Accept_R2] Accept
 155.3s [10月28日（週二） 上午 9:56]   ok  accepted run R2
 155.3s [10月28日（週二） 上午 9:56]   (shot logistics_accepted skipped: headless)
 155.3s [10月28日（週二） 上午 9:56]   click [Drive_R2] Drive it
 155.3s [10月28日（週二） 上午 9:56]   (shot route_game_intro skipped: headless)
 155.3s [10月28日（週二） 上午 9:56]   click [StartGame] Start
 155.4s [10月28日（週二） 上午 9:56]   click [Stop_2]
 155.4s [10月28日（週二） 上午 9:56]   click [Stop_4]
 155.4s [10月28日（週二） 上午 9:56]   (shot route_game_planning skipped: headless)
 155.4s [10月28日（週二） 上午 9:56]   click [Stop_1]
 155.4s [10月28日（週二） 上午 9:56]   click [Stop_5]
 155.4s [10月28日（週二） 上午 9:56]   click [Stop_3]
 155.4s [10月28日（週二） 上午 9:56]   click [Stop_6]
 155.5s [10月28日（週二） 上午 9:56]   (shot route_game_planned skipped: headless)
 155.5s [10月28日（週二） 上午 9:56]   click [DriveRoute] Drive the route
 155.5s [10月28日（週二） 上午 9:56]   (shot route_game_results skipped: headless)
 155.5s [10月28日（週二） 上午 9:56]   click [FinishGame] Continue
 155.6s [10月28日（週二） 下午 1:40]   ok  the run is done and in the history
 155.6s [10月28日（週二） 下午 1:40]   ok  the pay was banked as revenue ($155.10 for run R2)
 155.6s [10月28日（週二） 下午 1:40]   ok  fuel was charged
 155.6s [10月28日（週二） 下午 1:40]   ok  the best route scored 100%
 155.6s [10月28日（週二） 下午 1:40]   (shot logistics_tab_paid skipped: headless)
 155.6s [10月28日（週二） 下午 1:41]   ok  ledger balanced after the first delivery run
 155.9s [10月28日（週二） 下午 1:48]   ok  walked back outside
 156.3s [10月28日（週二） 下午 2:01]   use "捷運——港區站"
 156.4s [10月28日（週二） 下午 2:02]   (shot metro_riverside skipped: headless)
 156.4s [10月28日（週二） 下午 2:02]   click [Go_riverside] 河濱區  ·  8 分鐘
 156.5s [10月28日（週二） 下午 2:12]   ok  took the Metro to Riverside
 157.2s [10月28日（週二） 下午 2:25]   ok  entered Riverside Tower
 157.2s [10月28日（週二） 下午 2:25]   ok  Chapter 10 started after Chapter 9
 157.2s [10月28日（週二） 下午 2:25]   ok  Year 6: the Digital Finance Boom
 157.2s [10月28日（週二） 下午 2:25] STEP Chapter 10 — the news, and Lina's escrow offer
 157.3s [10月28日（週二） 下午 2:28]   ok  walked back outside
 157.6s [10月28日（週二） 下午 2:33]   ok  entered Bloom Coffee
 157.6s [10月28日（週二） 下午 2:36]   use "Read the news board"
 157.7s [10月28日（週二） 下午 2:41]   (shot news_digital_rails skipped: headless)
 157.7s [10月28日（週二） 下午 2:41]   ok  read the news (digital_rails)
 157.9s [10月28日（週二） 下午 2:46]   ok  walked back outside
 158.1s [10月28日（週二） 下午 2:51]   ok  entered Riverside Tower
 158.2s [10月28日（週二） 下午 2:54]   ok  walked back outside
 158.8s [10月28日（週二） 下午 3:08]   use "捷運——河濱區站"
 158.8s [10月28日（週二） 下午 3:10]   (shot metro_financial skipped: headless)
 158.8s [10月28日（週二） 下午 3:10]   click [Go_financial] 金融區  ·  10 分鐘
 158.9s [10月28日（週二） 下午 3:21]   ok  took the Metro to Financial District
 159.3s [10月28日（週二） 下午 3:33]   ok  entered Nexus Bank
 159.4s [10月28日（週二） 下午 3:37]   use "和 Lina Zhao 說話"
 159.4s [10月28日（週二） 下午 3:37]   (shot lina_rails skipped: headless)
 159.6s [10月28日（週二） 下午 3:37]   choose "› 有什麼但書？"
 159.8s [10月28日（週二） 下午 3:39]   ok  the '!' badge for escrow pins its card
 159.8s [10月28日（週二） 下午 3:39]   (shot badge_escrow_pinned skipped: headless)
 159.8s [10月28日（週二） 下午 3:39]   (shot decision_escrow_offer skipped: headless)
 159.8s [10月28日（週二） 下午 3:39]   decision escrow_offer → try
 159.8s [10月28日（週二） 下午 3:39]   click [Choice_try] 開立託管帳戶
 159.9s [10月28日（週二） 下午 3:39]   (shot decision_outcome_escrow_offer skipped: headless)
 159.9s [10月28日（週二） 下午 3:39]   click "OK"
 159.9s [10月28日（週二） 下午 3:39]   ok  opened an escrow account
 159.9s [10月28日（週二） 下午 3:39] STEP Chapter 10 — an import paid through escrow
 160.0s [10月28日（週二） 下午 3:44]   ok  walked back outside
 160.4s [10月28日（週二） 下午 3:53]   use "捷運——金融區站"
 160.4s [10月28日（週二） 下午 3:54]   (shot metro_riverside skipped: headless)
 160.4s [10月28日（週二） 下午 3:54]   click [Go_riverside] 河濱區  ·  10 分鐘
 160.5s [10月28日（週二） 下午 4:06]   ok  took the Metro to Riverside
 161.1s [10月28日（週二） 下午 4:19]   ok  entered Riverside Tower
 161.1s [10月28日（週二） 下午 4:21]   use "Use laptop — Company OS"
 161.2s [10月28日（週二） 下午 4:22]   click [Tab_operations] Operations
 161.3s [10月28日（週二） 下午 4:23]   click [Buy_lumina_direct_phone_stand] 購買 $864
 161.3s [10月28日（週二） 下午 4:24]   (shot settlement_escrow skipped: headless)
 161.3s [10月28日（週二） 下午 4:24]   click [Settle_escrow] Pay this way
 161.4s [10月28日（週二） 下午 5:00]   toast: Riverlight Goods 咖啡 今天沒開門：吧台沒人顧。去僱一位咖啡師（人員分頁），或自己站吧台。
 161.4s [10月28日（週二） 下午 6:35]   click [Tab_finance] Finance
 161.5s [10月28日（週二） 下午 6:36]   click [Tab_operations] Operations
 161.7s [10月28日（週二） 下午 6:43]   (shot operations_escrow_order skipped: headless)
 161.7s [10月28日（週二） 下午 6:44]   ok  import ordered through escrow
 161.7s [10月28日（週二） 下午 6:44]   use "Use laptop — Company OS"
 161.8s [10月28日（週二） 下午 6:45]   click [Tab_finance] Finance
 161.9s [10月28日（週二） 下午 6:46]   (shot finance_held_in_escrow skipped: headless)
 162.0s [10月28日（週二） 下午 7:04]   use "Sleep"
 162.1s [10月28日（週二） 下午 7:04]   click [Sleep] Sleep until 7:00 AM
 162.2s [10月29日（週三） 下午 5:00]   toast: Riverlight Goods 咖啡 今天沒開門：吧台沒人顧。去僱一位咖啡師（人員分頁），或自己站吧台。
 162.2s [10月29日（週三） 下午 7:01]   use "Sleep"
 162.2s [10月29日（週三） 下午 7:01]   click [Sleep] Sleep until 7:00 AM
 162.4s [10月30日（週四） 下午 5:00]   toast: Riverlight Goods 咖啡 今天沒開門：吧台沒人顧。去僱一位咖啡師（人員分頁），或自己站吧台。
 162.4s [10月30日（週四） 下午 7:01]   use "Sleep"
 162.4s [10月30日（週四） 下午 7:01]   click [Sleep] Sleep until 7:00 AM
 162.5s [10月31日（週五） 下午 5:00]   toast: Riverlight Goods 咖啡 今天沒開門：吧台沒人顧。去僱一位咖啡師（人員分頁），或自己站吧台。
 162.6s [10月31日（週五） 下午 7:01]   use "Sleep"
 162.6s [10月31日（週五） 下午 7:01]   click [Sleep] Sleep until 7:00 AM
 162.8s [11月1日（週六） 上午 7:00]   (shot month_close_report skipped: headless)
 162.8s [11月1日（週六） 上午 7:00]   click [month close] Continue
 162.8s [11月1日（週六） 下午 5:00]   toast: Riverlight Goods 咖啡 今天沒開門：吧台沒人顧。去僱一位咖啡師（人員分頁），或自己站吧台。
 162.9s [11月1日（週六） 下午 7:00]   use "Sleep"
 162.9s [11月1日（週六） 下午 7:00]   click [Sleep] Sleep until 7:00 AM
 163.1s [11月2日（週日） 下午 7:03]   use "Sleep"
 163.1s [11月2日（週日） 下午 7:04]   click [Sleep] Sleep until 7:00 AM
 163.2s [11月3日（週一） 下午 5:00]   toast: Riverlight Goods 咖啡 今天沒開門：吧台沒人顧。去僱一位咖啡師（人員分頁），或自己站吧台。
 163.2s [11月3日（週一） 下午 7:01]   use "Sleep"
 163.3s [11月3日（週一） 下午 7:01]   click [Sleep] Sleep until 7:00 AM
 163.4s [11月4日（週二） 下午 5:00]   toast: Riverlight Goods 咖啡 今天沒開門：吧台沒人顧。去僱一位咖啡師（人員分頁），或自己站吧台。
 163.4s [11月4日（週二） 下午 7:01]   use "Sleep"
 163.4s [11月4日（週二） 下午 7:01]   click [Sleep] Sleep until 7:00 AM
 163.6s [11月5日（週三） 下午 5:00]   toast: Riverlight Goods 咖啡 今天沒開門：吧台沒人顧。去僱一位咖啡師（人員分頁），或自己站吧台。
 163.6s [11月5日（週三） 下午 7:01]   use "Sleep"
 163.6s [11月5日（週三） 下午 7:01]   click [Sleep] Sleep until 7:00 AM
 163.8s [11月6日（週四） 下午 5:00]   toast: Riverlight Goods 咖啡 今天沒開門：吧台沒人顧。去僱一位咖啡師（人員分頁），或自己站吧台。
 163.8s [11月6日（週四） 下午 7:01]   use "Sleep"
 163.8s [11月6日（週四） 下午 7:01]   click [Sleep] Sleep until 7:00 AM
 163.9s [11月7日（週五） 下午 5:00]   toast: Riverlight Goods 咖啡 今天沒開門：吧台沒人顧。去僱一位咖啡師（人員分頁），或自己站吧台。
 164.0s [11月7日（週五） 下午 7:04]   use "Sleep"
 164.0s [11月7日（週五） 下午 7:04]   click [Sleep] Sleep until 7:00 AM
 164.2s [11月8日（週六） 下午 5:00]   toast: Riverlight Goods 咖啡 今天沒開門：吧台沒人顧。去僱一位咖啡師（人員分頁），或自己站吧台。
 164.2s [11月8日（週六） 下午 7:01]   use "Sleep"
 164.2s [11月8日（週六） 下午 7:01]   click [Sleep] Sleep until 7:00 AM
 164.4s [11月9日（週日） 下午 7:01]   use "Sleep"
 164.4s [11月9日（週日） 下午 7:01]   click [Sleep] Sleep until 7:00 AM
 164.6s [11月10日（週一） 上午 7:00]   ok  escrow released to the supplier on arrival
 164.6s [11月10日（週一） 上午 7:00]   ok  Chapter 10 complete
 164.6s [11月10日（週一） 上午 7:00] STEP Chapter 11 — the bridge exploit
 164.6s [11月10日（週一） 上午 7:00]   ok  Year 7: the Bridge Exploit
 164.8s [11月10日（週一） 上午 7:06]   ok  walked back outside
 165.1s [11月10日（週一） 上午 7:11]   ok  entered Bloom Coffee
 165.1s [11月10日（週一） 上午 7:14]   use "Read the news board"
 165.2s [11月10日（週一） 上午 7:19]   (shot news_bridge_before skipped: headless)
 165.2s [11月10日（週一） 上午 7:19]   ok  read the news (bridge_before)
 165.4s [11月10日（週一） 上午 7:24]   ok  walked back outside
 165.6s [11月10日（週一） 上午 7:29]   ok  entered Riverside Tower
 165.7s [11月10日（週一） 上午 7:31]   use "Use laptop — Company OS"
 165.7s [11月10日（週一） 上午 7:32]   click [Tab_operations] Operations
 165.8s [11月10日（週一） 上午 7:33]   click [Buy_lumina_direct_phone_stand] 購買 $856
 165.9s [11月10日（週一） 上午 7:34]   (shot settlement_before_exploit skipped: headless)
 165.9s [11月10日（週一） 上午 7:34]   click [Settle_escrow] Pay this way
 166.0s [11月10日（週一） 上午 7:36]   ok  restock ordered through escrow (cash $32,761)
 166.4s [11月10日（週一） 上午 7:54]   toast: 快訊：數位美元跨鏈橋遭駭。轉帳凍結，預計 11月16日 上午 7:54 前後恢復。
 166.5s [11月10日（週一） 上午 7:56]   ok  the bridge is frozen with our payment crossing it
 166.5s [11月10日（週一） 上午 7:56]   ok  the '!' badge for frozen_funds pins its card
 166.5s [11月10日（週一） 上午 7:56]   (shot badge_frozen_pinned skipped: headless)
 166.5s [11月10日（週一） 上午 7:56]   (shot decision_rail_frozen skipped: headless)
 166.5s [11月10日（週一） 上午 7:56]   decision rail_frozen → reroute
 166.5s [11月10日（週一） 上午 7:56]   click [Choice_reroute] 改用電匯重新付款（$890）
 166.5s [11月10日（週一） 上午 7:56]   (shot decision_outcome_rail_frozen skipped: headless)
 166.5s [11月10日（週一） 上午 7:56]   click "OK"
 166.6s [11月10日（週一） 上午 7:56]   ok  paid again by wire
 166.6s [11月10日（週一） 上午 7:56]   use "Use laptop — Company OS"
 166.6s [11月10日（週一） 上午 7:57]   click [Tab_finance] Finance
 166.7s [11月10日（週一） 上午 7:58]   (shot finance_frozen_funds skipped: headless)
 166.7s [11月10日（週一） 上午 7:58]   click [Tab_operations] Operations
 166.9s [11月10日（週一） 上午 8:07]   (shot operations_frozen_order skipped: headless)
 167.2s [11月10日（週一） 上午 8:12]   ok  walked back outside
 167.4s [11月10日（週一） 上午 8:17]   ok  entered Bloom Coffee
 167.5s [11月10日（週一） 上午 8:20]   use "Read the news board"
 167.5s [11月10日（週一） 上午 8:25]   (shot news_bridge_frozen skipped: headless)
 167.5s [11月10日（週一） 上午 8:25]   ok  read the news (bridge_frozen)
 167.7s [11月10日（週一） 上午 8:30]   ok  walked back outside
 167.9s [11月10日（週一） 上午 8:35]   ok  entered Riverside Tower
 167.9s [11月10日（週一） 下午 5:00]   toast: Riverlight Goods 咖啡 今天沒開門：吧台沒人顧。去僱一位咖啡師（人員分頁），或自己站吧台。
 168.0s [11月10日（週一） 下午 7:03]   use "Sleep"
 168.0s [11月10日（週一） 下午 7:03]   click [Sleep] Sleep until 7:00 AM
 168.2s [11月11日（週二） 下午 5:00]   toast: Riverlight Goods 咖啡 今天沒開門：吧台沒人顧。去僱一位咖啡師（人員分頁），或自己站吧台。
 168.2s [11月11日（週二） 下午 7:01]   use "Sleep"
 168.2s [11月11日（週二） 下午 7:01]   click [Sleep] Sleep until 7:00 AM
 168.3s [11月12日（週三） 下午 5:00]   toast: Riverlight Goods 咖啡 今天沒開門：吧台沒人顧。去僱一位咖啡師（人員分頁），或自己站吧台。
 168.3s [11月12日（週三） 下午 7:01]   use "Sleep"
 168.3s [11月12日（週三） 下午 7:01]   click [Sleep] Sleep until 7:00 AM
 168.5s [11月13日（週四） 下午 5:00]   toast: Riverlight Goods 咖啡 今天沒開門：吧台沒人顧。去僱一位咖啡師（人員分頁），或自己站吧台。
 168.5s [11月13日（週四） 下午 7:01]   use "Sleep"
 168.5s [11月13日（週四） 下午 7:01]   click [Sleep] Sleep until 7:00 AM
 168.7s [11月14日（週五） 下午 5:00]   toast: Riverlight Goods 咖啡 今天沒開門：吧台沒人顧。去僱一位咖啡師（人員分頁），或自己站吧台。
 168.7s [11月14日（週五） 下午 7:00]   (shot decision_low_cash_warning skipped: headless)
 168.7s [11月14日（週五） 下午 7:00]   decision low_cash_warning → reduce
 168.7s [11月14日（週五） 下午 7:00]   click [Choice_reduce] 縮減開支（暫停廣告、生活從簡）
 168.7s [11月14日（週五） 下午 7:00]   (shot decision_outcome_low_cash_warning skipped: headless)
 168.7s [11月14日（週五） 下午 7:00]   click "OK"
 168.7s [11月14日（週五） 下午 7:00]   use "Sleep"
 168.8s [11月14日（週五） 下午 7:00]   click [Sleep] Sleep until 7:00 AM
 168.9s [11月15日（週六） 下午 5:00]   toast: Riverlight Goods 咖啡 今天沒開門：吧台沒人顧。去僱一位咖啡師（人員分頁），或自己站吧台。
 168.9s [11月15日（週六） 下午 7:01]   use "Sleep"
 168.9s [11月15日（週六） 下午 7:01]   click [Sleep] Sleep until 7:00 AM
 169.1s [11月16日（週日） 下午 7:01]   use "Sleep"
 169.1s [11月16日（週日） 下午 7:01]   click [Sleep] Sleep until 7:00 AM
 169.2s [11月17日（週一） 下午 5:00]   toast: Riverlight Goods 咖啡 今天沒開門：吧台沒人顧。去僱一位咖啡師（人員分頁），或自己站吧台。
 169.2s [11月17日（週一） 下午 7:00]   (shot decision_low_cash_warning skipped: headless)
 169.2s [11月17日（週一） 下午 7:00]   decision low_cash_warning → reduce
 169.2s [11月17日（週一） 下午 7:00]   click [Choice_reduce] 縮減開支（暫停廣告、生活從簡）
 169.3s [11月17日（週一） 下午 7:00]   (shot decision_outcome_low_cash_warning skipped: headless)
 169.3s [11月17日（週一） 下午 7:00]   click "OK"
 169.3s [11月17日（週一） 下午 7:00]   use "Sleep"
 169.3s [11月17日（週一） 下午 7:00]   click [Sleep] Sleep until 7:00 AM
 169.5s [11月18日（週二） 下午 5:00]   toast: Riverlight Goods 咖啡 今天沒開門：吧台沒人顧。去僱一位咖啡師（人員分頁），或自己站吧台。
 169.5s [11月18日（週二） 下午 7:01]   use "Sleep"
 169.5s [11月18日（週二） 下午 7:01]   click [Sleep] Sleep until 7:00 AM
 169.7s [11月19日（週三） 下午 5:00]   toast: Riverlight Goods 咖啡 今天沒開門：吧台沒人顧。去僱一位咖啡師（人員分頁），或自己站吧台。
 169.7s [11月19日（週三） 下午 7:01]   use "Sleep"
 169.7s [11月19日（週三） 下午 7:01]   click [Sleep] Sleep until 7:00 AM
 169.9s [11月20日（週四） 下午 5:00]   toast: Riverlight Goods 咖啡 今天沒開門：吧台沒人顧。去僱一位咖啡師（人員分頁），或自己站吧台。
 169.9s [11月20日（週四） 下午 7:00]   (shot decision_low_cash_warning skipped: headless)
 169.9s [11月20日（週四） 下午 7:00]   decision low_cash_warning → reduce
 169.9s [11月20日（週四） 下午 7:00]   click [Choice_reduce] 縮減開支（暫停廣告、生活從簡）
 169.9s [11月20日（週四） 下午 7:00]   (shot decision_outcome_low_cash_warning skipped: headless)
 169.9s [11月20日（週四） 下午 7:00]   click "OK"
 169.9s [11月20日（週四） 下午 7:00]   use "Sleep"
 170.0s [11月20日（週四） 下午 7:00]   click [Sleep] Sleep until 7:00 AM
 170.1s [11月21日（週五） 下午 5:00]   toast: Riverlight Goods 咖啡 今天沒開門：吧台沒人顧。去僱一位咖啡師（人員分頁），或自己站吧台。
 170.1s [11月21日（週五） 下午 7:01]   use "Sleep"
 170.2s [11月21日（週五） 下午 7:01]   click [Sleep] Sleep until 7:00 AM
 170.3s [11月22日（週六） 下午 5:00]   toast: Riverlight Goods 咖啡 今天沒開門：吧台沒人顧。去僱一位咖啡師（人員分頁），或自己站吧台。
 170.3s [11月22日（週六） 下午 7:01]   use "Sleep"
 170.3s [11月22日（週六） 下午 7:01]   click [Sleep] Sleep until 7:00 AM
 170.5s [11月23日（週日） 下午 7:00]   (shot decision_low_cash_warning skipped: headless)
 170.5s [11月23日（週日） 下午 7:00]   decision low_cash_warning → reduce
 170.5s [11月23日（週日） 下午 7:00]   click [Choice_reduce] 縮減開支（暫停廣告、生活從簡）
 170.5s [11月23日（週日） 下午 7:00]   (shot decision_outcome_low_cash_warning skipped: headless)
 170.5s [11月23日（週日） 下午 7:00]   click "OK"
 170.6s [11月23日（週日） 下午 7:00]   use "Sleep"
 170.6s [11月23日（週日） 下午 7:00]   click [Sleep] Sleep until 7:00 AM
 170.7s [11月24日（週一） 下午 5:00]   toast: Riverlight Goods 咖啡 今天沒開門：吧台沒人顧。去僱一位咖啡師（人員分頁），或自己站吧台。
 170.7s [11月24日（週一） 下午 7:01]   use "Sleep"
 170.8s [11月24日（週一） 下午 7:01]   click [Sleep] Sleep until 7:00 AM
 170.9s [11月25日（週二） 下午 5:00]   toast: Riverlight Goods 咖啡 今天沒開門：吧台沒人顧。去僱一位咖啡師（人員分頁），或自己站吧台。
 170.9s [11月25日（週二） 下午 7:01]   use "Sleep"
 170.9s [11月25日（週二） 下午 7:01]   click [Sleep] Sleep until 7:00 AM
 171.1s [11月26日（週三） 下午 5:00]   toast: Riverlight Goods 咖啡 今天沒開門：吧台沒人顧。去僱一位咖啡師（人員分頁），或自己站吧台。
 171.1s [11月26日（週三） 下午 7:00]   (shot decision_low_cash_warning skipped: headless)
 171.1s [11月26日（週三） 下午 7:00]   decision low_cash_warning → reduce
 171.1s [11月26日（週三） 下午 7:00]   click [Choice_reduce] 縮減開支（暫停廣告、生活從簡）
 171.1s [11月26日（週三） 下午 7:00]   (shot decision_outcome_low_cash_warning skipped: headless)
 171.1s [11月26日（週三） 下午 7:00]   click "OK"
 171.1s [11月26日（週三） 下午 7:00]   use "Sleep"
 171.2s [11月26日（週三） 下午 7:00]   click [Sleep] Sleep until 7:00 AM
 171.3s [11月27日（週四） 下午 5:00]   toast: Riverlight Goods 咖啡 今天沒開門：吧台沒人顧。去僱一位咖啡師（人員分頁），或自己站吧台。
 171.4s [11月27日（週四） 下午 7:00]   (shot decision_supplier_price_increase skipped: headless)
 171.4s [11月27日（週四） 下午 7:00]   decision supplier_price_increase → accept
 171.4s [11月27日（週四） 下午 7:00]   click [Choice_accept] 好。繼續跟你進貨。
 171.4s [11月27日（週四） 下午 7:00]   (shot decision_outcome_supplier_price_increase skipped: headless)
 171.4s [11月27日（週四） 下午 7:00]   click "OK"
 171.4s [11月27日（週四） 下午 7:00]   use "Sleep"
 171.5s [11月27日（週四） 下午 7:00]   click [Sleep] Sleep until 7:00 AM
 171.6s [11月28日（週五） 上午 7:00]   ok  the bridge reopened
 171.6s [11月28日（週五） 上午 7:00]   ok  frozen funds settled
 171.6s [11月28日（週五） 上午 7:00]   ok  Chapter 11 complete: through the freeze and restocked
 171.6s [11月28日（週五） 上午 7:00] STEP Chapter 12 — the regulation wave: the import licence
 171.6s [11月28日（週五） 上午 7:00]   ok  Year 8: the Regulation Wave
 171.8s [11月28日（週五） 上午 7:06]   ok  walked back outside
 172.0s [11月28日（週五） 上午 7:11]   ok  entered Bloom Coffee
 172.1s [11月28日（週五） 上午 7:14]   use "Read the news board"
 172.1s [11月28日（週五） 上午 7:19]   (shot news_regulation skipped: headless)
 172.1s [11月28日（週五） 上午 7:19]   ok  read the news (regulation)
 172.3s [11月28日（週五） 上午 7:24]   ok  walked back outside
 172.5s [11月28日（週五） 上午 7:29]   ok  entered Riverside Tower
 172.5s [11月28日（週五） 上午 7:29]   (harness) wait 2 h
 172.7s [11月28日（週五） 上午 9:33]   ok  walked back outside
 173.2s [11月28日（週五） 上午 9:47]   use "捷運——河濱區站"
 173.3s [11月28日（週五） 上午 9:49]   (shot metro_civic_center skipped: headless)
 173.3s [11月28日（週五） 上午 9:49]   click [Go_civic_center] 市政中心  ·  12 分鐘
 173.4s [11月28日（週五） 上午 10:02]   ok  took the Metro to Civic Center
 173.8s [11月28日（週五） 上午 10:13]   ok  entered Aurelia City Hall
 173.9s [11月28日（週五） 上午 10:15]   use "Permits & regulations"
 173.9s [11月28日（週五） 上午 10:16]   (shot permits_import_licence skipped: headless)
 173.9s [11月28日（週五） 上午 10:17]   ok  the '!' badge for import_licence pins its card
 173.9s [11月28日（週五） 上午 10:17]   (shot badge_licence_pinned skipped: headless)
 174.0s [11月28日（週五） 上午 10:18]   click [ApplyImportLicence] 申請（$450）
 174.0s [11月28日（週五） 上午 10:39]   (shot permits_licence_processing skipped: headless)
 174.0s [11月28日（週五） 上午 10:39]   ok  import licence applied for
 174.2s [11月28日（週五） 上午 10:45]   ok  walked back outside
 174.4s [11月28日（週五） 上午 10:53]   use "捷運——市政中心站"
 174.5s [11月28日（週五） 上午 10:54]   (shot metro_riverside skipped: headless)
 174.5s [11月28日（週五） 上午 10:54]   click [Go_riverside] 河濱區  ·  12 分鐘
 174.6s [11月28日（週五） 上午 11:08]   ok  took the Metro to Riverside
 175.2s [11月28日（週五） 上午 11:22]   ok  entered Riverside Tower
 175.2s [11月28日（週五） 下午 5:00]   toast: Riverlight Goods 咖啡 今天沒開門：吧台沒人顧。去僱一位咖啡師（人員分頁），或自己站吧台。
 175.3s [11月28日（週五） 下午 7:02]   use "Sleep"
 175.3s [11月28日（週五） 下午 7:02]   click [Sleep] Sleep until 7:00 AM
 175.4s [11月29日（週六） 下午 5:00]   toast: Riverlight Goods 咖啡 今天沒開門：吧台沒人顧。去僱一位咖啡師（人員分頁），或自己站吧台。
 175.4s [11月29日（週六） 下午 7:00]   (shot decision_low_cash_warning skipped: headless)
 175.4s [11月29日（週六） 下午 7:00]   decision low_cash_warning → reduce
 175.4s [11月29日（週六） 下午 7:00]   click [Choice_reduce] 縮減開支（暫停廣告、生活從簡）
 175.5s [11月29日（週六） 下午 7:00]   (shot decision_outcome_low_cash_warning skipped: headless)
 175.5s [11月29日（週六） 下午 7:00]   click "OK"
 175.5s [11月29日（週六） 下午 7:00]   use "Sleep"
 175.5s [11月29日（週六） 下午 7:00]   click [Sleep] Sleep until 7:00 AM
 175.6s [11月30日（週日） 下午 7:01]   use "Sleep"
 175.7s [11月30日（週日） 下午 7:01]   click [Sleep] Sleep until 7:00 AM
 175.9s [12月1日（週一） 上午 7:00]   (shot month_close_report skipped: headless)
 175.9s [12月1日（週一） 上午 7:00]   click [month close] Continue
 175.9s [12月1日（週一） 上午 7:00]   ok  import licence granted
 175.9s [12月1日（週一） 上午 7:00] STEP Chapter 12 — a large import goes through KYC
 175.9s [12月1日（週一） 上午 7:02]   use "Use laptop — Company OS"
 176.0s [12月1日（週一） 上午 7:03]   click [Tab_operations] Operations
 176.1s [12月1日（週一） 上午 7:04]   click [DeliverTo_riverside_studio] 河濱大樓 7C
 176.2s [12月1日（週一） 上午 7:05]   click [Buy_lumina_direct_wireless_earbuds] 購買 $2,692
 176.2s [12月1日（週一） 上午 7:06]   (shot settlement_kyc skipped: headless)
 176.2s [12月1日（週一） 上午 7:06]   click [Settle_letter_of_credit] Pay this way
 176.4s [12月1日（週一） 上午 7:07]   ok  the large payment carries a KYC check
 176.4s [12月1日（週一） 下午 5:00]   toast: Riverlight Goods 咖啡 今天沒開門：吧台沒人顧。去僱一位咖啡師（人員分頁），或自己站吧台。
 176.5s [12月1日（週一） 下午 7:05]   use "Sleep"
 176.5s [12月1日（週一） 下午 7:05]   click [Sleep] Sleep until 7:00 AM
 176.6s [12月2日（週二） 下午 5:00]   toast: Riverlight Goods 咖啡 今天沒開門：吧台沒人顧。去僱一位咖啡師（人員分頁），或自己站吧台。
 176.7s [12月2日（週二） 下午 7:00]   (shot decision_low_cash_warning skipped: headless)
 176.7s [12月2日（週二） 下午 7:00]   decision low_cash_warning → reduce
 176.7s [12月2日（週二） 下午 7:00]   click [Choice_reduce] 縮減開支（暫停廣告、生活從簡）
 176.7s [12月2日（週二） 下午 7:00]   (shot decision_outcome_low_cash_warning skipped: headless)
 176.7s [12月2日（週二） 下午 7:00]   click "OK"
 176.7s [12月2日（週二） 下午 7:00]   use "Sleep"
 176.7s [12月2日（週二） 下午 7:00]   click [Sleep] Sleep until 7:00 AM
 176.9s [12月3日（週三） 下午 5:00]   toast: Riverlight Goods 咖啡 今天沒開門：吧台沒人顧。去僱一位咖啡師（人員分頁），或自己站吧台。
 176.9s [12月3日（週三） 下午 7:01]   use "Sleep"
 176.9s [12月3日（週三） 下午 7:01]   click [Sleep] Sleep until 7:00 AM
 177.1s [12月4日（週四） 下午 5:00]   toast: Riverlight Goods 咖啡 今天沒開門：吧台沒人顧。去僱一位咖啡師（人員分頁），或自己站吧台。
 177.1s [12月4日（週四） 下午 7:01]   use "Sleep"
 177.1s [12月4日（週四） 下午 7:01]   click [Sleep] Sleep until 7:00 AM
 177.3s [12月5日（週五） 上午 7:00]   ok  KYC cleared
 177.3s [12月5日（週五） 上午 7:02]   use "Use laptop — Company OS"
 177.4s [12月5日（週五） 上午 7:03]   click [Tab_finance] Finance
 177.5s [12月5日（週五） 上午 7:04]   (shot finance_compliance_cost skipped: headless)
 177.5s [12月5日（週五） 上午 7:05] STEP Chapter 12 — Victor Hale's offer
 177.5s [12月5日（週五） 上午 7:05]   (harness) wait 2 h
 177.5s [12月5日（週五） 上午 9:05]   (shot decision_low_cash_warning skipped: headless)
 177.5s [12月5日（週五） 上午 9:05]   decision low_cash_warning → reduce
 177.5s [12月5日（週五） 上午 9:05]   click [Choice_reduce] 縮減開支（暫停廣告、生活從簡）
 177.6s [12月5日（週五） 上午 9:05]   (shot decision_outcome_low_cash_warning skipped: headless)
 177.6s [12月5日（週五） 上午 9:05]   click "OK"
 177.6s [12月5日（週五） 上午 9:05]   (harness) wait 2 h
 177.8s [12月5日（週五） 上午 11:11]   ok  walked back outside
 178.5s [12月5日（週五） 上午 11:25]   use "捷運——河濱區站"
 178.6s [12月5日（週五） 上午 11:27]   (shot metro_shopping_street skipped: headless)
 178.6s [12月5日（週五） 上午 11:27]   click [Go_shopping_street] 購物街  ·  15 分鐘
 178.7s [12月5日（週五） 上午 11:43]   ok  took the Metro to Shopping Street
 179.3s [12月5日（週五） 上午 11:56]   ok  entered Crestline Flagship
 179.3s [12月5日（週五） 上午 11:57]   use "和 Victor Hale 說話"
 179.3s [12月5日（週五） 上午 11:57]   (shot victor_offer skipped: headless)
 179.6s [12月5日（週五） 上午 11:59]   ok  the '!' badge for valuation pins its card
 179.6s [12月5日（週五） 上午 11:59]   (shot badge_valuation_pinned skipped: headless)
 179.6s [12月5日（週五） 上午 11:59]   (shot decision_acquisition_offer skipped: headless)
 179.6s [12月5日（週五） 上午 11:59]   decision acquisition_offer → counter
 179.6s [12月5日（週五） 上午 11:59]   click [Choice_counter] 還價：開價 $20,981
 179.7s [12月5日（週五） 上午 11:59]   (shot decision_outcome_acquisition_offer skipped: headless)
 179.7s [12月5日（週五） 上午 11:59]   click "OK"
 179.7s [12月5日（週五） 上午 11:59]   ok  countered Hale Group's offer
 179.7s [12月5日（週五） 下午 12:01]   (shot ending_card skipped: headless)
 179.9s [12月5日（週五） 下午 12:06]   ok  Chapter 12 complete
 179.9s [12月5日（週五） 下午 12:06]   ok  the main story is complete
 179.9s [12月5日（週五） 下午 12:06]   ok  free play: the growth goal
 179.9s [12月5日（週五） 下午 12:06]   ok  ledger balanced after chapters 10–12
 180.1s [12月5日（週五） 下午 12:09]   ok  walked back outside
 180.5s [12月5日（週五） 下午 12:20]   use "捷運——購物街站"
 180.5s [12月5日（週五） 下午 12:21]   (shot metro_riverside skipped: headless)
 180.5s [12月5日（週五） 下午 12:21]   click [Go_riverside] 河濱區  ·  15 分鐘
 180.7s [12月5日（週五） 下午 12:38]   ok  took the Metro to Riverside
 181.3s [12月5日（週五） 下午 12:52]   ok  entered Riverside Tower
 181.3s [12月5日（週五） 下午 12:52] STEP Save → reload → same state
 181.5s [12月5日（週五） 下午 12:53]   ok  cash restored after load
 181.5s [12月5日（週五） 下午 12:53]   ok  time restored after load
 181.5s [12月5日（週五） 下午 12:53]   ok  location restored (riverside_apartment)
 181.5s [12月5日（週五） 下午 12:53]   (shot after_load skipped: headless)
 181.5s [12月5日（週五） 下午 12:53] STEP Summary
 181.5s [12月5日（週五） 下午 12:53]   business entity co_riverlight_goods cash $21,958.77 · personal $10,799.88 · orders delivered 472 · chapters done ["ch1_arrival", "ch2_first_customer", "ch3_open_for_business", "ch4_growing_pains", "ch5_big_contract", "ch6_cash_is_oxygen", "ch7_supply_shock", "ch8_green_shift", "ch9_clearing_crisis", "ch10_digital_rails", "ch11_other_side_of_trust", "ch12_regulation_scale"]
 181.5s [12月5日（週五） 下午 12:53]   ok  ledger balanced at the end
 181.5s [12月5日（週五） 下午 12:53]   ok  story objective completed: ch1_phone
 181.5s [12月5日（週五） 下午 12:53]   ok  story objective completed: ch1_outside
 181.5s [12月5日（週五） 下午 12:53]   ok  story objective completed: ch1_coffee
 181.5s [12月5日（週五） 下午 12:53]   ok  story objective completed: ch1_cowork
 181.5s [12月5日（週五） 下午 12:53]   ok  story objective completed: ch1_board
 181.5s [12月5日（週五） 下午 12:53]   ok  story objective completed: ch2_supplier
 181.5s [12月5日（週五） 下午 12:53]   ok  story objective completed: ch2_stock
 181.5s [12月5日（週五） 下午 12:53]   ok  story objective completed: ch2_listing
 181.5s [12月5日（週五） 下午 12:53]   ok  story objective completed: ch2_order
 181.5s [12月5日（週五） 下午 12:53]   ok  story objective completed: ch2_ship
 181.5s [12月5日（週五） 下午 12:53]   ok  story objective completed: ch2_first_dollar
 181.5s [12月5日（週五） 下午 12:53]   ok  story objective completed: ch2_issue
 181.5s [12月5日（週五） 下午 12:53]   ok  story objective completed: ch3_register
 181.5s [12月5日（週五） 下午 12:53]   ok  story objective completed: ch3_bank
 181.5s [12月5日（週五） 下午 12:53]   ok  story objective completed: ch3_workspace
 181.5s [12月5日（週五） 下午 12:53]   ok  story objective completed: ch3_os
 181.5s [12月5日（週五） 下午 12:53]   ok  story objective completed: ch4_employer
 181.5s [12月5日（週五） 下午 12:53]   ok  story objective completed: ch4_post
 181.5s [12月5日（週五） 下午 12:53]   ok  story objective completed: ch4_hire
 181.5s [12月5日（週五） 下午 12:53]   ok  story objective completed: ch4_payroll
 181.5s [12月5日（週五） 下午 12:53]   ok  story objective completed: ch4_forecast
 181.5s [12月5日（週五） 下午 12:53]   ok  story objective completed: ch5_meet
 181.5s [12月5日（週五） 下午 12:53]   ok  story objective completed: ch5_decide
 181.5s [12月5日（週五） 下午 12:53]   ok  story objective completed: ch5_stock
 181.5s [12月5日（週五） 下午 12:53]   ok  story objective completed: ch5_deliver
 181.5s [12月5日（週五） 下午 12:53]   ok  story objective completed: ch6_forecast
 181.5s [12月5日（週五） 下午 12:53]   ok  story objective completed: ch6_bridge
 181.5s [12月5日（週五） 下午 12:53]   ok  story objective completed: ch6_collect
 181.5s [12月5日（週五） 下午 12:53]   ok  story objective completed: ch6_close
 181.5s [12月5日（週五） 下午 12:53]   ok  story objective completed: ch7_news
 181.5s [12月5日（週五） 下午 12:53]   ok  story objective completed: ch7_ken
 181.5s [12月5日（週五） 下午 12:53]   ok  story objective completed: ch7_stock
 181.5s [12月5日（週五） 下午 12:53]   ok  story objective completed: ch7_price
 181.5s [12月5日（週五） 下午 12:53]   ok  story objective completed: ch7_close
 181.5s [12月5日（週五） 下午 12:53]   ok  story objective completed: ch8_news
 181.5s [12月5日（週五） 下午 12:53]   ok  story objective completed: ch8_pack
 181.5s [12月5日（週五） 下午 12:53]   ok  story objective completed: ch8_product
 181.5s [12月5日（週五） 下午 12:53]   ok  story objective completed: ch8_grant
 181.5s [12月5日（週五） 下午 12:53]   ok  story objective completed: ch9_news
 181.5s [12月5日（週五） 下午 12:53]   ok  story objective completed: ch9_import
 181.5s [12月5日（週五） 下午 12:53]   ok  story objective completed: ch9_lina
 181.5s [12月5日（週五） 下午 12:53]   ok  story objective completed: ch9_settle
 181.5s [12月5日（週五） 下午 12:53]   ok  story objective completed: ch9_arrive
 181.5s [12月5日（週五） 下午 12:53]   ok  story objective completed: ch10_news
 181.5s [12月5日（週五） 下午 12:53]   ok  story objective completed: ch10_lina
 181.5s [12月5日（週五） 下午 12:53]   ok  story objective completed: ch10_import
 181.5s [12月5日（週五） 下午 12:53]   ok  story objective completed: ch10_arrive
 181.5s [12月5日（週五） 下午 12:53]   ok  story objective completed: ch11_news
 181.5s [12月5日（週五） 下午 12:53]   ok  story objective completed: ch11_order
 181.5s [12月5日（週五） 下午 12:53]   ok  story objective completed: ch11_freeze
 181.5s [12月5日（週五） 下午 12:53]   ok  story objective completed: ch11_restock
 181.5s [12月5日（週五） 下午 12:53]   ok  story objective completed: ch12_news
 181.5s [12月5日（週五） 下午 12:53]   ok  story objective completed: ch12_licence
 181.5s [12月5日（週五） 下午 12:53]   ok  story objective completed: ch12_kyc
 181.5s [12月5日（週五） 下午 12:53]   ok  story objective completed: ch12_offer
 181.5s [6月1日（週日） 下午 2:00] STEP (harness) skip to Chapter 10
 181.7s [6月1日（週日） 下午 2:02] STEP Industrial — factory lease, machine, technician and first OEM invoice
 181.9s [6月1日（週日） 下午 2:08]   ok  walked back outside
 182.4s [6月1日（週日） 下午 2:22]   use "捷運——河濱區站"
 182.5s [6月1日（週日） 下午 2:23]   (shot metro_industrial skipped: headless)
 182.5s [6月1日（週日） 下午 2:23]   click [Go_industrial] 工業區  ·  14 分鐘
 182.6s [6月1日（週日） 下午 2:39]   ok  took the Metro to Industrial
 182.6s [6月1日（週日） 下午 2:39]   (shot industrial_day skipped: headless)
 183.2s [6月1日（週日） 下午 2:56]   ok  entered Unit 12 Light Industrial
 183.3s [6月1日（週日） 下午 3:01]   use "Lease Unit 12"
 183.3s [6月1日（週日） 下午 3:01]   click [SignLease_unit12_factory] Sign the lease
 183.3s [6月1日（週日） 下午 3:02]   ok  factory lease signed with actual company funds
 183.3s [6月1日（週日） 下午 3:02]   (shot factory_interior skipped: headless)
 183.3s [6月1日（週日） 下午 3:03]   use "Open Line Planner"
 183.3s [6月1日（週日） 下午 3:03]   click [OpenFactory] Open the factory
 183.4s [6月1日（週日） 下午 3:04]   click [RentMachine] Rent machine · $1,400/month
 183.4s [6月1日（週日） 下午 3:04]   click [HireTomas] Hire Tomas · $1,100/week
 183.4s [6月1日（週日） 下午 3:04]   ok  hired a production technician
 183.4s [6月1日（週日） 下午 3:04]   click [Quote_RFQ-1] Send quote
 183.4s [6月1日（週日） 下午 3:04]   ok  OEM quote became a Jobs contract with deposit
 183.4s [6月1日（週日） 下午 3:04]   click [MaterialMore] +100 units
 183.4s [6月1日（週日） 下午 3:05]   click [MaterialMore] +100 units
 183.5s [6月1日（週日） 下午 3:05]   click [MaterialMore] +100 units
 183.5s [6月1日（週日） 下午 3:05]   click [MaterialMore] +100 units
 183.5s [6月1日（週日） 下午 3:05]   click [MaterialMore] +100 units
 183.5s [6月1日（週日） 下午 3:05]   click [MaterialMore] +100 units
 183.5s [6月1日（週日） 下午 3:06]   click [MaterialMore] +100 units
 183.5s [6月1日（週日） 下午 3:06]   click [MaterialMore] +100 units
 183.5s [6月1日（週日） 下午 3:06]   click [MaterialMore] +100 units
 183.6s [6月1日（週日） 下午 3:06]   click [MaterialMore] +100 units
 183.6s [6月1日（週日） 下午 3:07]   click [BuyMaterials] Order Ferro materials
 183.6s [6月3日（週二） 下午 3:08]   use "Open Line Planner"
 183.7s [6月3日（週二） 下午 3:08]   click [Select_JOB-1] Schedule this order
 183.7s [6月3日（週二） 下午 3:08]   click [FactoryOvertime] ✗ 加班 · 工資 ×1.5、良率降低 2 個百分點
 183.7s [6月3日（週二） 下午 3:08]   click [More_hours] +
 183.7s [6月3日（週二） 下午 3:09]   click [More_hours] +
 183.7s [6月3日（週二） 下午 3:09]   click [More_hours] +
 183.8s [6月3日（週二） 下午 3:09]   click [More_hours] +
 183.8s [6月3日（週二） 下午 3:09]   click [More_hours] +
 183.8s [6月3日（週二） 下午 3:09]   click [More_hours] +
 183.8s [6月3日（週二） 下午 3:10]   click [More_hours] +
 183.8s [6月3日（週二） 下午 3:10]   click [More_hours] +
 183.8s [6月3日（週二） 下午 3:10]   (shot line_planner skipped: headless)
 183.8s [6月3日（週二） 下午 3:10]   click [ReserveSlot] Reserve production slot
 183.9s [6月5日（週四） 上午 1:00]   use "Open Line Planner"
 183.9s [6月5日（週四） 上午 1:00]   click [Deliver_JOB-1] Deliver and invoice
 183.9s [6月5日（週四） 上午 1:01]   ok  first factory revenue has a completed traceable order
 183.9s [6月5日（週四） 上午 1:01]   click [FactoryTab_quality] Quality results
 184.0s [6月5日（週四） 上午 1:01]   (shot factory_quality skipped: headless)
 184.0s [6月5日（週四） 上午 1:01]   ok  OEM material, overtime, invoice and return journals balanced
 184.1s [6月5日（週四） 上午 1:09]   ok  walked back outside
 184.1s [6月5日（週四） 下午 9:00]   (shot industrial_night skipped: headless)
 184.5s [6月5日（週四） 下午 9:15]   use "捷運——工業區站"
 184.6s [6月5日（週四） 下午 9:17]   (shot metro_riverside skipped: headless)
 184.6s [6月5日（週四） 下午 9:17]   click [Go_riverside] 河濱區  ·  14 分鐘
 184.7s [6月5日（週四） 下午 9:32]   ok  took the Metro to Riverside
 185.2s [6月5日（週四） 下午 9:46]   ok  entered Riverside Tower
 185.2s [6月5日（週四） 下午 9:46] STEP Save → reload → same state
 185.3s [6月5日（週四） 下午 9:47]   ok  cash restored after load
 185.3s [6月5日（週四） 下午 9:47]   ok  time restored after load
 185.3s [6月5日（週四） 下午 9:47]   ok  location restored (riverside_apartment)
 185.3s [6月5日（週四） 下午 9:47]   (shot after_load skipped: headless)
 185.3s [6月1日（週日） 下午 2:00] STEP (harness) skip to Chapter 10
 185.3s [6月1日（週日） 下午 2:02] STEP Residential — licence, brokerage office, client match and first commission
 185.5s [6月3日（週二） 上午 10:06]   ok  walked back outside
 186.1s [6月3日（週二） 上午 10:20]   use "捷運——河濱區站"
 186.1s [6月3日（週二） 上午 10:21]   (shot metro_civic_center skipped: headless)
 186.1s [6月3日（週二） 上午 10:21]   click [Go_civic_center] 市政中心  ·  12 分鐘
 186.2s [6月3日（週二） 上午 10:35]   ok  took the Metro to Civic Center
 186.6s [6月3日（週二） 上午 10:45]   ok  entered Aurelia City Hall
 186.7s [6月3日（週二） 上午 10:48]   use "Permits & regulations"
 186.7s [6月3日（週二） 上午 10:48]   click [PropertyPermits] Property permits
 186.7s [6月3日（週二） 上午 10:48]   click [ApplyRealtyPermit_brokerage] 申請：$250.00 · 3 天
 186.8s [6月6日（週五） 上午 10:50]   ok  brokerage licence followed City Hall fee and three-day process
 186.9s [6月6日（週五） 上午 10:55]   ok  walked back outside
 187.2s [6月6日（週五） 上午 11:04]   use "捷運——市政中心站"
 187.3s [6月6日（週五） 上午 11:05]   (shot metro_residential skipped: headless)
 187.3s [6月6日（週五） 上午 11:05]   click [Go_residential] 住宅區  ·  32 分鐘
 187.4s [6月6日（週五） 上午 11:39]   ok  took the Metro to Residential
 187.4s [6月6日（週五） 上午 11:39]   (shot residential_day skipped: headless)
 187.7s [6月6日（週五） 上午 11:46]   ok  entered Harlow & Finch Realty
 187.7s [6月6日（週五） 上午 11:47]   use "Lease the brokerage office"
 187.7s [6月6日（週五） 上午 11:47]   click [SignLease_realty_office] Sign the lease
 187.8s [6月6日（週五） 上午 11:49]   use "Open Matchmaker"
 187.8s [6月6日（週五） 上午 11:49]   click [OpenBrokerage] Open the brokerage
 187.8s [6月6日（週五） 上午 11:49]   (shot matchmaker skipped: headless)
 187.8s [6月6日（週五） 上午 11:50]   use "Open Matchmaker"
 187.8s [6月6日（週五） 上午 11:50]   click [Mandate_M-2] 選擇物件
 187.8s [6月6日（週五） 上午 11:51]   click [Client_C-3] 選擇客戶
 187.9s [6月6日（週五） 上午 11:51]   click [Negotiate_soft] 柔性議價
 187.9s [6月6日（週五） 上午 11:51]   click [ArrangeViewing] 安排帶看：$180.00 · 90 分鐘
 188.0s [6月13日（週五） 下午 1:22]   use "Open Matchmaker"
 188.0s [6月13日（週五） 下午 1:22]   click [Mandate_M-6] 選擇物件
 188.0s [6月13日（週五） 下午 1:23]   click [Client_C-9] 選擇客戶
 188.1s [6月13日（週五） 下午 1:23]   click [Negotiate_soft] 柔性議價
 188.1s [6月13日（週五） 下午 1:23]   click [ArrangeViewing] 安排帶看：$180.00 · 90 分鐘
 188.1s [6月13日（週五） 下午 2:54]   use "Open Matchmaker"
 188.1s [6月13日（週五） 下午 2:54]   click [Mandate_M-7] 選擇物件
 188.1s [6月13日（週五） 下午 2:55]   click [Client_C-8] 選擇客戶
 188.2s [6月13日（週五） 下午 2:55]   click [Negotiate_soft] 柔性議價
 188.2s [6月13日（週五） 下午 2:55]   click [ArrangeViewing] 安排帶看：$180.00 · 90 分鐘
 188.2s [6月13日（週五） 下午 4:26]   use "Open Matchmaker"
 188.2s [6月13日（週五） 下午 4:26]   click [Mandate_M-7] 選擇物件
 188.2s [6月13日（週五） 下午 4:26]   click [Client_C-10] 選擇客戶
 188.3s [6月13日（週五） 下午 4:27]   click [Negotiate_soft] 柔性議價
 188.3s [6月13日（週五） 下午 4:27]   click [ArrangeViewing] 安排帶看：$180.00 · 90 分鐘
 188.3s [6月13日（週五） 下午 5:58]   ok  first brokerage income from a real client deal
 188.3s [6月13日（週五） 下午 5:58]   ok  viewing and commission ledger balanced
 188.3s [6月13日（週五） 下午 5:58]   use "Open Matchmaker"
 188.3s [6月13日（週五） 下午 5:58]   click [RealtyTab_properties] Properties
 188.3s [6月13日（週五） 下午 5:58]   (shot property_management skipped: headless)
 188.5s [6月13日（週五） 下午 6:03]   ok  walked back outside
 188.7s [6月13日（週五） 下午 6:09]   use "捷運——住宅區站"
 188.7s [6月13日（週五） 下午 6:10]   (shot metro_riverside skipped: headless)
 188.7s [6月13日（週五） 下午 6:10]   click [Go_riverside] 河濱區  ·  19 分鐘
 188.8s [6月13日（週五） 下午 6:31]   ok  took the Metro to Riverside
 189.3s [6月13日（週五） 下午 6:45]   ok  entered Riverside Tower
 189.3s [6月13日（週五） 下午 6:45] STEP Save → reload → same state
 189.3s [6月13日（週五） 下午 6:46]   ok  cash restored after load
 189.3s [6月13日（週五） 下午 6:46]   ok  time restored after load
 189.3s [6月13日（週五） 下午 6:46]   ok  location restored (riverside_apartment)
 189.3s [6月13日（週五） 下午 6:46]   (shot after_load skipped: headless)
 189.3s [6月1日（週日） 下午 2:00] STEP (harness) skip to Chapter 10
 189.5s [6月1日（週日） 下午 2:03] STEP University — lease studio, creative pitch, media mix and first client invoice
 189.6s [6月1日（週日） 下午 2:09]   ok  walked back outside
 190.2s [6月1日（週日） 下午 2:23]   use "捷運——河濱區站"
 190.3s [6月1日（週日） 下午 2:24]   (shot metro_university skipped: headless)
 190.3s [6月1日（週日） 下午 2:24]   click [Go_university] 大學城  ·  13 分鐘
 190.4s [6月1日（週日） 下午 2:39]   ok  took the Metro to University
 190.4s [6月1日（週日） 下午 2:39]   (shot university_day skipped: headless)
 190.7s [6月1日（週日） 下午 2:50]   ok  entered The Loft
 190.7s [6月1日（週日） 下午 2:51]   use "Lease The Loft studio"
 190.8s [6月1日（週日） 下午 2:51]   click [SignLease_loft_office] Sign the lease
 190.8s [6月1日（週日） 下午 2:53]   use "Open Campaign Mixer"
 190.8s [6月1日（週日） 下午 2:53]   click [OpenAgency] Open the campaign studio
 190.8s [6月1日（週日） 下午 2:54]   use "Open Campaign Mixer"
 190.9s [6月1日（週日） 下午 2:54]   click [CreativePitch_JOB-1] Build Creative Pitch
 190.9s [6月1日（週日） 下午 2:55]   click [StartGame] Start
 190.9s [6月1日（週日） 下午 2:55]   click [CreativeCard_slogan_0] Belong together
 190.9s [6月1日（週日） 下午 2:55]   click [CreativeCard_visual_0] Bold colour
 190.9s [6月1日（週日） 下午 2:55]   click [CreativeCard_tone_0] Playful
 190.9s [6月1日（週日） 下午 2:55]   (shot creative_pitch_result skipped: headless)
 190.9s [6月1日（週日） 下午 2:55]   click [FinishGame] Continue
 190.9s [6月1日（週日） 下午 4:55]   click [Propose_JOB-1] 提出提案 · $280 · 180 分鐘
 190.9s [6月1日（週日） 下午 7:56]   use "Open Campaign Mixer"
 191.0s [6月1日（週日） 下午 7:56]   click [CreativePitch_JOB-2] Build Creative Pitch
 191.0s [6月1日（週日） 下午 7:56]   click [StartGame] Start
 191.0s [6月1日（週日） 下午 7:56]   click [CreativeCard_slogan_1] Make work easier
 191.0s [6月1日（週日） 下午 7:56]   click [CreativeCard_visual_1] Clean charts
 191.0s [6月1日（週日） 下午 7:56]   click [CreativeCard_tone_1] Direct
 191.0s [6月1日（週日） 下午 7:56]   (shot creative_pitch_result skipped: headless)
 191.0s [6月1日（週日） 下午 7:56]   click [FinishGame] Continue
 191.0s [6月1日（週日） 下午 9:56]   click [Propose_JOB-2] 提出提案 · $280 · 180 分鐘
 191.2s [6月9日（週一） 上午 12:57]   use "Open Campaign Mixer"
 191.2s [6月9日（週一） 上午 12:57]   click [CreativePitch_JOB-3] Build Creative Pitch
 191.2s [6月9日（週一） 上午 12:57]   click [StartGame] Start
 191.2s [6月9日（週一） 上午 12:57]   click [CreativeCard_slogan_1] Make work easier
 191.2s [6月9日（週一） 上午 12:57]   click [CreativeCard_visual_1] Clean charts
 191.2s [6月9日（週一） 上午 12:57]   click [CreativeCard_tone_1] Direct
 191.2s [6月9日（週一） 上午 12:57]   (shot creative_pitch_result skipped: headless)
 191.2s [6月9日（週一） 上午 12:57]   click [FinishGame] Continue
 191.3s [6月9日（週一） 上午 2:57]   click [Propose_JOB-3] 提出提案 · $280 · 180 分鐘
 191.3s [6月9日（週一） 上午 5:58]   use "Open Campaign Mixer"
 191.3s [6月9日（週一） 上午 5:58]   click [CreativePitch_JOB-4] Build Creative Pitch
 191.3s [6月9日（週一） 上午 5:58]   click [StartGame] Start
 191.3s [6月9日（週一） 上午 5:58]   click [CreativeCard_slogan_3] Quiet excellence
 191.3s [6月9日（週一） 上午 5:58]   click [CreativeCard_visual_3] Minimal luxury
 191.3s [6月9日（週一） 上午 5:58]   click [CreativeCard_tone_3] Refined
 191.3s [6月9日（週一） 上午 5:58]   (shot creative_pitch_result skipped: headless)
 191.3s [6月9日（週一） 上午 5:58]   click [FinishGame] Continue
 191.4s [6月9日（週一） 上午 7:58]   click [Propose_JOB-4] 提出提案 · $280 · 180 分鐘
 191.4s [6月9日（週一） 上午 10:58]   ok  actual creative cards and proposal win a client job
 191.4s [6月9日（週一） 上午 10:59]   use "Open Campaign Mixer"
 191.4s [6月9日（週一） 上午 10:59]   click [MediaTab_mixer] Media mix
 191.4s [6月9日（週一） 上午 10:59]   click [SelectCampaign_JOB-4] Northstar Books
 191.4s [6月9日（週一） 上午 10:59]   click [MixMore_radio] +
 191.4s [6月9日（週一） 上午 10:59]   (shot campaign_mixer skipped: headless)
 191.7s [6月23日（週一） 上午 11:00]   ok  daily campaign finishes actual client work
 191.7s [6月23日（週一） 上午 11:00]   ok  first agency income is a traceable Jobs invoice
 191.7s [6月23日（週一） 上午 11:00]   ok  campaign costs and invoice balance
 191.7s [6月23日（週一） 上午 11:00]   use "Open Campaign Mixer"
 191.7s [6月23日（週一） 上午 11:00]   click [MediaTab_reports] Campaign reports
 191.7s [6月23日（週一） 上午 11:01]   (shot campaign_report skipped: headless)
 191.8s [6月23日（週一） 上午 11:06]   ok  walked back outside
 192.1s [6月23日（週一） 上午 11:15]   use "捷運——大學區站"
 192.2s [6月23日（週一） 上午 11:17]   (shot metro_riverside skipped: headless)
 192.2s [6月23日（週一） 上午 11:17]   click [Go_riverside] 河濱區  ·  13 分鐘
 192.2s [6月23日（週一） 上午 11:31]   ok  took the Metro to Riverside
 192.8s [6月23日（週一） 上午 11:45]   ok  entered Riverside Tower
 192.8s [6月23日（週一） 上午 11:45] STEP Save → reload → same state
 192.8s [6月23日（週一） 上午 11:46]   ok  cash restored after load
 192.8s [6月23日（週一） 上午 11:46]   ok  time restored after load
 192.8s [6月23日（週一） 上午 11:46]   ok  location restored (riverside_apartment)
 192.8s [6月23日（週一） 上午 11:46]   (shot after_load skipped: headless)
 192.8s [6月23日（週一） 上午 11:46] BOT FINISHED — 0 failure(s) · 192.8s real
 192.8s [6月23日（週一） 上午 11:46] English audit: 27 on-screen text(s) with untranslated words
