Godot Engine v4.5.1.stable.official.f62fdbde1 - https://godotengine.org

   0.0s STEP Main menu → New Game
   0.0s   (shot main_menu skipped: headless)
   0.0s   click [NewGame] New Game
   0.1s STEP Character Creator
   0.1s   (shot creator_default skipped: headless)
   0.1s   click [Tab_hair] Hair
   0.1s   click [Next_hair] ▶
   0.1s   click [Tab_face] Face
   0.1s   click [Next_face] ▶
   0.1s   click [Next_eye_shape] ▶
   0.2s   click [Tab_body] Body
   0.2s   click [Next_presentation] ▶
   0.2s   (shot creator_customised skipped: headless)
   0.2s   click [Tab_outfit] Outfit
   0.2s   click "Startup Casual"
   0.2s   ok  appearance changed from default (short_neat)
   0.2s   (shot creator_final skipped: headless)
   0.2s   click [Start] Start in Aurelia  →
   0.2s [6月1日（週日） 下午 2:00] STEP Arrival sequence
   0.2s [6月1日（週日） 下午 2:00]   (shot arrival_train skipped: headless)
   0.2s [6月1日（週日） 下午 2:00]   (shot arrival_phone skipped: headless)
   0.4s [6月1日（週日） 下午 2:01]   ok  spawned in the Riverside apartment
   0.4s [6月1日（週日） 下午 2:01]   ok  starting cash $30,000
   0.4s [6月1日（週日） 下午 2:01]   ok  name saved
   0.4s [6月1日（週日） 下午 2:03]   (shot apartment_arrival skipped: headless)
   0.4s [6月1日（週日） 下午 2:03] STEP Chapter 1 — phone & Maya
   0.5s [6月1日（週日） 下午 2:08]   (shot phone_home skipped: headless)
   0.5s [6月1日（週日） 下午 2:08]   click [App_messages] 訊息 2
   0.5s [6月1日（週日） 下午 2:09]   click [Thread_maya] Maya  ● 打給我。或傳訊息。隨便。
   0.6s [6月1日（週日） 下午 2:09]   choose "› 嗯。"
   0.7s [6月1日（週日） 下午 2:09]   choose "› 我要開公司。"
   0.8s [6月1日（週日） 下午 2:09]   ok  Maya conversation done
   0.8s [6月1日（週日） 下午 2:09] STEP Head outside
   1.1s [6月1日（週日） 下午 2:15]   ok  walked back outside
   1.1s [6月1日（週日） 下午 2:15]   ok  visited Riverside
   1.1s [6月1日（週日） 下午 2:15]   (shot riverside_outside_home skipped: headless)
   1.1s [6月1日（週日） 下午 2:15] STEP Bloom Coffee
   1.4s [6月1日（週日） 下午 2:20]   ok  entered Bloom Coffee
   1.4s [6月1日（週日） 下午 2:20]   (shot bloom_coffee_inside skipped: headless)
   1.4s [6月1日（週日） 下午 2:22]   use "Order coffee ($4.50)"
   1.5s [6月1日（週日） 下午 2:22]   choose "› 麻煩了。"
   1.7s [6月1日（週日） 下午 2:33]   ok  bought a coffee from Jun
   1.8s [6月1日（週日） 下午 2:38]   ok  walked back outside
   1.8s [6月1日（週日） 下午 2:38] STEP Walk east to Startup Hub
   1.9s [6月1日（週日） 下午 2:40]   (shot riverside_street skipped: headless)
   2.6s [6月1日（週日） 下午 3:11]   ok  walked to Startup Hub
   2.6s [6月1日（週日） 下午 3:11]   (shot startup_hub_arrive skipped: headless)
   2.6s [6月1日（週日） 下午 3:11] STEP Nexus Co-work
   2.9s [6月1日（週日） 下午 3:17]   ok  entered Nexus Co-work
   2.9s [6月1日（週日） 下午 3:17]   (shot cowork_inside skipped: headless)
   2.9s [6月1日（週日） 下午 3:19]   use "Reception — desks & day passes"
   3.0s [6月1日（週日） 下午 3:19]   choose "› 對。先看看。"
   3.1s [6月1日（週日） 下午 3:20]   click [DayPass] Buy a day pass ($15)
   3.1s [6月1日（週日） 下午 3:21] STEP Business Board
   3.3s [6月1日（週日） 下午 3:26]   use "Business Board"
   3.3s [6月1日（週日） 下午 3:27]   (shot business_board skipped: headless)
   3.3s [6月1日（週日） 下午 3:27]   click [Biz_saas] ● SaaS／軟體
   3.3s [6月1日（週日） 下午 3:27]   (shot business_board_planned_saas skipped: headless)
   3.3s [6月1日（週日） 下午 3:27]   click [Biz_ecommerce] ● 電商
   3.4s [6月1日（週日） 下午 3:28]   click [StartEcommerce] Start an ecommerce side business
   3.4s [6月1日（週日） 下午 3:30]   ok  picked ecommerce as first business
   3.5s [6月1日（週日） 下午 3:33]   ok  Chapter 1 complete
   3.5s [6月1日（週日） 下午 3:33] STEP Chapter 2 — buy stock at a hot desk (Company OS)
   3.7s [6月1日（週日） 下午 3:40]   use "Work at a hot desk — Company OS"
   3.7s [6月1日（週日） 下午 3:41]   (shot company_os_overview_personal skipped: headless)
   3.7s [6月1日（週日） 下午 3:41]   click [Tab_operations] Operations
   3.8s [6月1日（週日） 下午 3:42]   (shot company_os_suppliers skipped: headless)
   3.8s [6月1日（週日） 下午 3:42]   click [Buy_tradelink_wholesale_wireless_earbuds] 購買 $900
   3.9s [6月1日（週日） 下午 3:52]   click [Buy_tradelink_wholesale_water_bottle] 購買 $408
   3.9s [6月1日（週日） 下午 4:03]   click [Buy_tradelink_wholesale_desk_lamp] 購買 $460
   4.0s [6月1日（週日） 下午 4:14]   click [Buy_tradelink_wholesale_phone_stand] 購買 $272
   4.0s [6月1日（週日） 下午 4:24]   ok  placed purchase orders (MOQ, prepaid): 4 POs, cash $27,940.50
   4.0s [6月1日（週日） 下午 4:24]   (shot company_os_purchase_orders skipped: headless)
   4.1s [6月1日（週日） 下午 4:25] STEP Home to wait for stock
   4.2s [6月1日（週日） 下午 4:31]   ok  walked back outside
   4.5s [6月1日（週日） 下午 4:49]   ok  walked to Riverside
   5.3s [6月1日（週日） 下午 5:13]   ok  entered Riverside Tower
   5.3s [6月1日（週日） 下午 5:13]   (harness) wait 2 h
   5.4s [6月1日（週日） 下午 7:16]   use "Sleep"
   5.4s [6月1日（週日） 下午 7:16]   click [Sleep] Sleep until 7:00 AM
   5.5s [6月2日（週一） 上午 7:00]   (harness) wait 2 h
   5.5s [6月2日（週一） 上午 9:01]   (harness) wait 2 h
   5.5s [6月2日（週一） 上午 11:02]   (harness) wait 2 h
   5.5s [6月2日（週一） 下午 1:03]   (harness) wait 2 h
   5.6s [6月2日（週一） 下午 3:04]   (harness) wait 2 h
   5.6s [6月2日（週一） 下午 5:05]   (harness) wait 2 h
   5.6s [6月2日（週一） 下午 7:06]   use "Sleep"
   5.6s [6月2日（週一） 下午 7:06]   click [Sleep] Sleep until 7:00 AM
   5.7s [6月3日（週二） 上午 7:00]   (harness) wait 2 h
   5.7s [6月3日（週二） 上午 9:01]   (harness) wait 2 h
   5.7s [6月3日（週二） 上午 11:02]   (harness) wait 2 h
   5.8s [6月3日（週二） 下午 1:03]   (harness) wait 2 h
   5.8s [6月3日（週二） 下午 3:04]   ok  stock delivered to the apartment
   5.8s [6月3日（週二） 下午 3:05]   (shot apartment_with_stock skipped: headless)
   5.8s [6月3日（週二） 下午 3:05] STEP List products on ShopLane
   5.8s [6月3日（週二） 下午 3:07]   use "Use laptop — Company OS"
   5.9s [6月3日（週二） 下午 3:08]   click [Tab_sales] Sales
   5.9s [6月3日（週二） 下午 3:09]   (shot company_os_sales_ready skipped: headless)
   5.9s [6月3日（週二） 下午 3:09]   click [ListSelf_wireless_earbuds] Shoot photos myself & list (1 h 20 min)
   6.0s [6月3日（週二） 下午 4:29]   click [ListSelf_water_bottle] Shoot photos myself & list (1 h 20 min)
   6.0s [6月3日（週二） 下午 5:50]   click [ListSelf_desk_lamp] Shoot photos myself & list (1 h 20 min)
   6.1s [6月3日（週二） 下午 7:11]   click [ListSelf_phone_stand] Shoot photos myself & list (1 h 20 min)
   6.2s [6月3日（週二） 下午 8:32]   click [AdPlus_wireless_earbuds] +
   6.2s [6月3日（週二） 下午 8:33]   (shot company_os_listings_live skipped: headless)
   6.2s [6月3日（週二） 下午 8:33]   ok  listings live
   6.2s [6月3日（週二） 下午 8:33] STEP First order → pack → ship
   6.3s [6月3日（週二） 下午 8:39]   use "Packing table"
   6.4s [6月3日（週二） 下午 8:40]   (shot packing_table skipped: headless)
   6.4s [6月3日（週二） 下午 8:40]   click [Pack] 打包 9 筆訂單（1 小時 12 分）
   6.4s [6月3日（週二） 下午 9:53]   click [CourierEconomy] 快遞 · 經濟 3 天（$38.80）
   6.5s [6月3日（週二） 下午 9:55]   ok  first order came in
   6.5s [6月3日（週二） 下午 9:55]   ok  handed to the courier (pickup booked)
   6.5s [6月3日（週二） 下午 9:55] STEP Delivery → first dollar
   6.6s [6月3日（週二） 下午 10:01]   use "Sleep"
   6.6s [6月3日（週二） 下午 10:01]   click [Sleep] Sleep until 7:00 AM
   6.8s [6月4日（週三） 上午 7:07]   use "Packing table"
   6.9s [6月4日（週三） 上午 7:08]   click [Pack] 打包 12 筆訂單（1 小時 36 分）
   6.9s [6月4日（週三） 上午 8:45]   click [CourierEconomy] 快遞 · 經濟 3 天（$48.40）
   7.0s [6月4日（週三） 上午 8:47]   ok  first order delivered (Earn Your First Dollar)
   7.0s [6月4日（週三） 上午 8:47]   revenue booked $200.91 · ShopLane balance $180.81 · cash $27,741.40
   7.0s [6月4日（週三） 上午 8:47]   (shot first_dollar skipped: headless)
   7.0s [6月4日（週三） 上午 8:47] STEP First customer issue
   7.0s [6月4日（週三） 上午 8:47]   (harness) wait 2 h
   7.1s [6月4日（週三） 上午 10:50]   use "Packing table"
   7.2s [6月4日（週三） 上午 10:52]   click [Pack] 打包 6 筆訂單（48 分鐘）
   7.2s [6月4日（週三） 上午 11:41]   click [CourierEconomy] 快遞 · 經濟 3 天（$27.20）
   7.3s [6月4日（週三） 上午 11:42]   (harness) wait 2 h
   7.3s [6月4日（週三） 下午 1:44]   use "Packing table"
   7.3s [6月4日（週三） 下午 1:45]   click [Pack] 打包 8 筆訂單（1 小時 4 分）
   7.4s [6月4日（週三） 下午 2:50]   click [CourierEconomy] 快遞 · 經濟 3 天（$33.60）
   7.4s [6月4日（週三） 下午 2:52]   (harness) wait 2 h
   7.5s [6月4日（週三） 下午 4:53]   use "Packing table"
   7.5s [6月4日（週三） 下午 4:54]   click [Pack] 打包 13 筆訂單（1 小時 44 分）
   7.5s [6月4日（週三） 下午 6:39]   click [CourierEconomy] 快遞 · 經濟 3 天（$49.60）
   7.6s [6月4日（週三） 下午 6:41]   (harness) wait 2 h
   7.6s [6月4日（週三） 下午 8:42]   use "Packing table"
   7.6s [6月4日（週三） 下午 8:43]   click [Pack] 打包 12 筆訂單（1 小時 36 分）
   7.7s [6月4日（週三） 下午 10:20]   click [CourierEconomy] 快遞 · 經濟 3 天（$50.40）
   7.8s [6月4日（週三） 下午 10:26]   use "Sleep"
   7.9s [6月4日（週三） 下午 10:26]   click [Sleep] Sleep until 7:00 AM
   8.0s [6月5日（週四） 上午 7:00]   (shot decision_customer_return_first skipped: headless)
   8.0s [6月5日（週四） 上午 7:00]   decision customer_return_first → replace
   8.0s [6月5日（週四） 上午 7:00]   click [Choice_replace] 寄一個新的（快捷）
   8.0s [6月5日（週四） 上午 7:00]   (shot decision_outcome_customer_return_first skipped: headless)
   8.0s [6月5日（週四） 上午 7:00]   click "OK"
   8.2s [6月5日（週四） 上午 7:07]   use "Packing table"
   8.2s [6月5日（週四） 上午 7:08]   click [Pack] 打包 15 筆訂單（2 h）
   8.3s [6月5日（週四） 上午 9:09]   click [CourierEconomy] 快遞 · 經濟 3 天（$62.00）
   8.3s [6月5日（週四） 上午 9:11]   ok  resolved the first customer issue
   8.4s [6月5日（週四） 上午 9:14]   ok  Chapter 2 complete
   8.4s [6月5日（週四） 上午 9:14] STEP Purchase cancellation
   8.4s [6月5日（週四） 上午 9:16]   use "Use laptop — Company OS"
   8.5s [6月5日（週四） 上午 9:17]   click [Tab_operations] Operations
   8.5s [6月5日（週四） 上午 9:18]   click [Buy_tradelink_wholesale_wireless_earbuds] 購買 $900
   8.6s [6月5日（週四） 上午 9:29]   click [CancelPO_PO-105] Cancel purchase
   8.7s [6月5日（週四） 上午 9:29]   (shot purchase_cancel_confirmation skipped: headless)
   8.7s [6月5日（週四） 上午 9:29]   click [ConfirmReturn] Confirm cancellation
   8.8s [6月5日（週四） 上午 9:29]   ok  extra PO cancelled through UI
   8.8s [6月5日（週四） 上午 9:29]   ok  cancellation cash equals quoted refund
   8.8s [6月5日（週四） 上午 9:29]   ok  ledger balanced after purchase cancellation
   8.8s [6月5日（週四） 上午 9:30]   (shot purchase_cancelled_operations skipped: headless)
   8.8s [6月5日（週四） 上午 9:31] STEP Chapter 3 — wait for a weekday morning
   8.9s [6月5日（週四） 上午 9:36]   ok  walked back outside
   8.9s [6月5日（週四） 上午 9:36] STEP Metro to Civic Center → City Hall
   9.4s [6月5日（週四） 上午 9:48]   use "捷運——河濱區站"
   9.4s [6月5日（週四） 上午 9:49]   (shot metro_civic_center skipped: headless)
   9.4s [6月5日（週四） 上午 9:49]   click [Go_civic_center] 市政中心  ·  12 分鐘
   9.5s [6月5日（週四） 上午 10:03]   ok  took the Metro to Civic Center
   9.5s [6月5日（週四） 上午 10:03]   (shot civic_center skipped: headless)
   9.9s [6月5日（週四） 上午 10:13]   ok  entered Aurelia City Hall
   9.9s [6月5日（週四） 上午 10:13]   (shot city_hall_inside skipped: headless)
  10.0s [6月5日（週四） 上午 10:15]   use "Registration counter"
  10.0s [6月5日（週四） 上午 10:15]   choose "› 我要登記公司。"
  10.1s [6月5日（週四） 上午 10:16]   (shot registration_form skipped: headless)
  10.1s [6月5日（週四） 上午 10:16]   click [Submit] Register & pay
  10.2s [6月5日（週四） 上午 11:02]   (shot registration_done skipped: headless)
  10.2s [6月5日（週四） 上午 11:02]   click "Thanks"
  10.2s [6月5日（週四） 上午 11:02]   ok  registered Riverlight Goods
  10.2s [6月5日（週四） 上午 11:02]   (shot decision_low_cash_warning skipped: headless)
  10.2s [6月5日（週四） 上午 11:02]   decision low_cash_warning → reduce
  10.2s [6月5日（週四） 上午 11:02]   click [Choice_reduce] 縮減開支（暫停廣告、生活從簡）
  10.2s [6月5日（週四） 上午 11:02]   (shot decision_outcome_low_cash_warning skipped: headless)
  10.2s [6月5日（週四） 上午 11:02]   click "OK"
  10.4s [6月5日（週四） 上午 11:07]   ok  walked back outside
  10.4s [6月5日（週四） 上午 11:07] STEP Walk to the Financial District → Nexus Bank
  10.8s [6月5日（週四） 上午 11:27]   ok  walked to Financial District
  11.1s [6月5日（週四） 上午 11:33]   ok  entered Nexus Bank
  11.1s [6月5日（週四） 上午 11:33]   (shot bank_inside skipped: headless)
  11.1s [6月5日（週四） 上午 11:35]   use "Teller — business banking"
  11.2s [6月5日（週四） 上午 11:36]   click "$15,000"
  11.3s [6月5日（週四） 上午 11:36]   click [OpenAccount] 存入 $15,000 開戶
  11.4s [6月5日（週四） 下午 12:07]   (shot bank_account_opened skipped: headless)
  11.5s [6月5日（週四） 下午 12:08]   ok  business account opened with founder capital
  11.6s [6月5日（週四） 下午 12:13]   ok  walked back outside
  11.6s [6月5日（週四） 下午 12:13] STEP Metro to Startup Hub → lease Suite 2B
  11.9s [6月5日（週四） 下午 12:22]   use "捷運——金融區站"
  12.0s [6月5日（週四） 下午 12:24]   (shot metro_startup_hub skipped: headless)
  12.0s [6月5日（週四） 下午 12:24]   click [Go_startup_hub] 新創園區  ·  8 分鐘
  12.1s [6月5日（週四） 下午 12:33]   ok  took the Metro to Startup Hub
  12.4s [6月5日（週四） 下午 12:41]   ok  entered 22 Founders Lane
  12.4s [6月5日（週四） 下午 12:41]   (shot suite_2b_tour skipped: headless)
  12.4s [6月5日（週四） 下午 12:42]   use "和 Tom 說話"
  12.5s [6月5日（週四） 下午 12:42]   click [SignLease] Sign the lease
  12.6s [6月5日（週四） 下午 12:44]   ok  leased Suite 2B
  12.6s [6月5日（週四） 下午 12:45]   (shot suite_2b_company_sign skipped: headless)
  12.6s [6月5日（週四） 下午 12:45] STEP Sit at the desk → Company OS as the company
  12.6s [6月5日（週四） 下午 12:46]   use "Sit at your desk — Company OS"
  12.7s [6月5日（週四） 下午 12:47]   (shot company_os_as_company skipped: headless)
  12.7s [6月5日（週四） 下午 12:47]   click [Tab_finance] Finance
  12.8s [6月5日（週四） 下午 12:48]   (shot company_os_finance skipped: headless)
  12.8s [6月5日（週四） 下午 12:48]   click [Tab_inventory] Inventory
  12.8s [6月5日（週四） 下午 12:49]   (shot company_os_inventory skipped: headless)
  12.9s [6月5日（週四） 下午 12:54]   ok  Chapter 3 complete
  13.1s [6月5日（週四） 下午 12:59]   ok  walked back outside
  13.1s [6月5日（週四） 下午 12:59]   (shot startup_hub_office_sign skipped: headless)
  13.1s [6月5日（週四） 下午 12:59] STEP Careers — part-time job at Nexus Co-work
  13.6s [6月5日（週四） 下午 1:08]   ok  entered Nexus Co-work
  13.7s [6月5日（週四） 下午 1:12]   use "Business Board"
  13.8s [6月5日（週四） 下午 1:13]   click [Page_jobs] Part-time jobs
  13.8s [6月5日（週四） 下午 1:14]   (shot business_board_jobs skipped: headless)
  13.8s [6月5日（週四） 下午 1:14]   click [Job_cowork_host] 詳情／應徵
  13.8s [6月5日（週四） 下午 1:15]   click [ApplyJob] Take the job
  13.9s [6月5日（週四） 下午 1:15]   (shot job_hired skipped: headless)
  14.0s [6月5日（週四） 下午 1:17]   ok  hired as a community host
  14.1s [6月5日（週四） 下午 1:20]   use "Staff door — work a shift"
  14.1s [6月5日（週四） 下午 1:21]   (shot job_shift skipped: headless)
  14.1s [6月5日（週四） 下午 1:21]   click [WorkShift] 開始 4 小時的班（最多 +$72.00）
  14.3s [6月5日（週四） 下午 5:23]   ok  a 4-hour shift paid by how it went ($67.68)
  14.3s [6月5日（週四） 下午 5:23] STEP Careers — freelance gig at a hot desk
  14.3s [6月5日（週四） 下午 5:23]   info card: Your first business loop
  14.3s [6月5日（週四） 下午 5:23]   (shot info_your_first_business_loop skipped: headless)
  14.3s [6月5日（週四） 下午 5:23]   click "Let's go"
  14.4s [6月5日（週四） 下午 5:29]   use "Work at a hot desk — Company OS"
  14.5s [6月5日（週四） 下午 5:30]   click [Tab_freelance] Freelance
  14.5s [6月5日（週四） 下午 5:31]   click [StartFreelance] Start freelancing
  14.5s [6月5日（週四） 下午 5:32]   click [Accept_G1] Accept
  14.5s [6月5日（週四） 下午 5:32]   click [Work_G1] 工作 2 小時
  14.6s [6月5日（週四） 下午 7:34]   (shot freelance_gig skipped: headless)
  14.6s [6月5日（週四） 下午 7:34]   ok  put hours into a freelance gig
  14.6s [6月5日（週四） 下午 7:34] STEP Careers — start a SaaS product
  14.6s [6月5日（週四） 下午 7:34]   click [Tab_saas] SaaS
  14.6s [6月5日（週四） 下午 7:34]   (shot saas_ideas skipped: headless)
  14.6s [6月5日（週四） 下午 7:34]   click [Saas_freelancer_invoicing] Build this
  14.7s [6月5日（週四） 下午 7:35]   click [SaasCode] 寫程式 2 小時
  14.7s [6月5日（週四） 下午 9:36]   (shot saas_building skipped: headless)
  14.7s [6月5日（週四） 下午 9:36]   ok  started building a SaaS product (2 dev h)
  14.9s [6月5日（週四） 下午 9:43]   ok  walked back outside
  14.9s [6月5日（週四） 下午 9:43] STEP Run the company to month-end
  15.1s [6月5日（週四） 下午 10:01]   ok  walked to Riverside
  15.9s [6月5日（週四） 下午 10:24]   ok  entered Riverside Tower
  16.0s [6月5日（週四） 下午 10:27]   use "Sleep"
  16.0s [6月5日（週四） 下午 10:27]   click [Sleep] Sleep until 7:00 AM
  16.2s [6月6日（週五） 上午 7:07]   use "Packing table"
  16.3s [6月6日（週五） 上午 7:08]   click [Pack] 打包 57 筆訂單（7 小時 36 分）
  16.4s [6月6日（週五） 下午 2:45]   click [CourierEconomy] 快遞 · 經濟 3 天（$210.40）
  16.5s [6月6日（週五） 下午 2:49]   use "Use laptop — Company OS"
  16.5s [6月6日（週五） 下午 2:50]   click [Tab_operations] Operations
  16.5s [6月6日（週五） 下午 2:50]   click [DeliverTo_riverside_studio] 河濱大樓 7C
  16.6s [6月6日（週五） 下午 2:51]   click [Buy_tradelink_wholesale_water_bottle] 購買 $408
  16.8s [6月6日（週五） 下午 7:05]   use "Sleep"
  16.8s [6月6日（週五） 下午 7:05]   click [Sleep] Sleep until 7:00 AM
  17.1s [6月7日（週六） 上午 7:07]   use "Packing table"
  17.1s [6月7日（週六） 上午 7:08]   click [Pack] 打包 48 筆訂單（6 小時 24 分）
  17.2s [6月7日（週六） 下午 1:33]   click [CourierEconomy] 快遞 · 經濟 3 天（$179.60）
  17.2s [6月7日（週六） 下午 1:37]   use "Use laptop — Company OS"
  17.3s [6月7日（週六） 下午 1:38]   click [Tab_operations] Operations
  17.3s [6月7日（週六） 下午 1:38]   click [DeliverTo_riverside_studio] 河濱大樓 7C
  17.4s [6月7日（週六） 下午 1:38]   click [Buy_tradelink_wholesale_water_bottle] 購買 $408
  17.4s [6月7日（週六） 下午 1:49]   click [Buy_tradelink_wholesale_wireless_earbuds] 購買 $900
  17.6s [6月7日（週六） 下午 7:04]   use "Sleep"
  17.7s [6月7日（週六） 下午 7:04]   click [Sleep] Sleep until 7:00 AM
  17.9s [6月8日（週日） 上午 7:07]   use "Packing table"
  17.9s [6月8日（週日） 上午 7:08]   click [Pack] 打包 24 筆訂單（3 小時 12 分）
  18.0s [6月8日（週日） 上午 10:21]   click [CourierEconomy] 快遞 · 經濟 3 天（$90.80）
  18.1s [6月8日（週日） 上午 10:25]   use "Use laptop — Company OS"
  18.1s [6月8日（週日） 上午 10:26]   click [Tab_operations] Operations
  18.1s [6月8日（週日） 上午 10:26]   click [DeliverTo_riverside_studio] 河濱大樓 7C
  18.2s [6月8日（週日） 上午 10:26]   click [Buy_tradelink_wholesale_water_bottle] 購買 $408
  18.3s [6月8日（週日） 上午 10:37]   click [Buy_tradelink_wholesale_wireless_earbuds] 購買 $900
  18.5s [6月8日（週日） 下午 7:05]   use "Sleep"
  18.5s [6月8日（週日） 下午 7:05]   click [Sleep] Sleep until 7:00 AM
  18.6s [6月9日（週一） 上午 7:00]   (shot decision_customer_return skipped: headless)
  18.6s [6月9日（週一） 上午 7:00]   decision customer_return → refund
  18.6s [6月9日（週一） 上午 7:00]   click [Choice_refund] 退款＋收回商品
  18.6s [6月9日（週一） 上午 7:00]   (shot decision_outcome_customer_return skipped: headless)
  18.6s [6月9日（週一） 上午 7:00]   click "OK"
  18.8s [6月9日（週一） 上午 7:07]   use "Packing table"
  18.8s [6月9日（週一） 上午 7:08]   click [Pack] 打包 23 筆訂單（3 小時 4 分）
  18.9s [6月9日（週一） 上午 10:13]   click [CourierEconomy] 快遞 · 經濟 3 天（$81.60）
  19.0s [6月9日（週一） 上午 10:17]   use "Use laptop — Company OS"
  19.0s [6月9日（週一） 上午 10:18]   click [Tab_operations] Operations
  19.0s [6月9日（週一） 上午 10:18]   click [DeliverTo_riverside_studio] 河濱大樓 7C
  19.1s [6月9日（週一） 上午 10:18]   click [Buy_tradelink_wholesale_wireless_earbuds] 購買 $900
  19.3s [6月9日（週一） 下午 7:05]   use "Sleep"
  19.4s [6月9日（週一） 下午 7:05]   click [Sleep] Sleep until 7:00 AM
  19.5s [6月10日（週二） 上午 7:00]   (shot decision_customer_return skipped: headless)
  19.5s [6月10日（週二） 上午 7:00]   decision customer_return → refund
  19.5s [6月10日（週二） 上午 7:00]   click [Choice_refund] 退款＋收回商品
  19.5s [6月10日（週二） 上午 7:00]   (shot decision_outcome_customer_return skipped: headless)
  19.5s [6月10日（週二） 上午 7:00]   click "OK"
  19.5s [6月10日（週二） 上午 7:00]   (shot decision_customer_return skipped: headless)
  19.5s [6月10日（週二） 上午 7:00]   decision customer_return → replace
  19.5s [6月10日（週二） 上午 7:00]   click [Choice_replace] 寄一個新的
  19.6s [6月10日（週二） 上午 7:00]   (shot decision_outcome_customer_return skipped: headless)
  19.6s [6月10日（週二） 上午 7:00]   click "OK"
  19.6s [6月10日（週二） 上午 7:00]   (shot decision_customer_return skipped: headless)
  19.6s [6月10日（週二） 上午 7:00]   decision customer_return → replace
  19.6s [6月10日（週二） 上午 7:00]   click [Choice_replace] 寄一個新的
  19.6s [6月10日（週二） 上午 7:00]   (shot decision_outcome_customer_return skipped: headless)
  19.6s [6月10日（週二） 上午 7:00]   click "OK"
  19.8s [6月10日（週二） 上午 7:07]   use "Packing table"
  19.8s [6月10日（週二） 上午 7:08]   click [Pack] 打包 28 筆訂單（3 小時 44 分）
  19.9s [6月10日（週二） 上午 10:53]   click [CourierEconomy] 快遞 · 經濟 3 天（$97.60）
  19.9s [6月10日（週二） 上午 10:54]   (shot decision_viral_mention skipped: headless)
  19.9s [6月10日（週二） 上午 10:54]   decision viral_mention → ride
  19.9s [6月10日（週二） 上午 10:54]   click [Choice_ride] 順其自然
  20.0s [6月10日（週二） 上午 10:54]   (shot decision_outcome_viral_mention skipped: headless)
  20.0s [6月10日（週二） 上午 10:54]   click "OK"
  20.2s [6月10日（週二） 下午 7:07]   use "Sleep"
  20.2s [6月10日（週二） 下午 7:07]   click [Sleep] Sleep until 7:00 AM
  20.3s [6月11日（週三） 上午 7:00]   (shot decision_customer_return skipped: headless)
  20.3s [6月11日（週三） 上午 7:00]   decision customer_return → refund
  20.3s [6月11日（週三） 上午 7:00]   click [Choice_refund] 退款＋收回商品
  20.4s [6月11日（週三） 上午 7:00]   (shot decision_outcome_customer_return skipped: headless)
  20.4s [6月11日（週三） 上午 7:00]   click "OK"
  20.5s [6月11日（週三） 上午 7:07]   use "Packing table"
  20.5s [6月11日（週三） 上午 7:08]   click [Pack] 打包 26 筆訂單（3 小時 28 分）
  20.6s [6月11日（週三） 上午 10:37]   click [CourierEconomy] 快遞 · 經濟 3 天（$89.20）
  20.7s [6月11日（週三） 下午 6:52]   toast: 新評價 #1177：★「壞掉了，賣家不處理。」
  20.8s [6月11日（週三） 下午 7:06]   use "Sleep"
  20.8s [6月11日（週三） 下午 7:06]   click [Sleep] Sleep until 7:00 AM
  21.0s [6月12日（週四） 上午 7:00]   (shot decision_customer_return skipped: headless)
  21.0s [6月12日（週四） 上午 7:00]   decision customer_return → replace
  21.0s [6月12日（週四） 上午 7:00]   click [Choice_replace] 寄一個新的
  21.0s [6月12日（週四） 上午 7:00]   (shot decision_outcome_customer_return skipped: headless)
  21.0s [6月12日（週四） 上午 7:00]   click "OK"
  21.0s [6月12日（週四） 上午 7:00]   (shot decision_customer_return skipped: headless)
  21.0s [6月12日（週四） 上午 7:00]   decision customer_return → replace
  21.1s [6月12日（週四） 上午 7:00]   click [Choice_replace] 寄一個新的
  21.1s [6月12日（週四） 上午 7:00]   (shot decision_outcome_customer_return skipped: headless)
  21.1s [6月12日（週四） 上午 7:00]   click "OK"
  21.1s [6月12日（週四） 上午 7:00]   (shot decision_customer_return skipped: headless)
  21.1s [6月12日（週四） 上午 7:00]   decision customer_return → replace
  21.1s [6月12日（週四） 上午 7:00]   click [Choice_replace] 寄一個新的
  21.2s [6月12日（週四） 上午 7:00]   (shot decision_outcome_customer_return skipped: headless)
  21.2s [6月12日（週四） 上午 7:00]   click "OK"
  21.2s [6月12日（週四） 上午 7:00]   (shot decision_customer_return skipped: headless)
  21.2s [6月12日（週四） 上午 7:00]   decision customer_return → refund
  21.2s [6月12日（週四） 上午 7:00]   click [Choice_refund] 退款＋收回商品
  21.2s [6月12日（週四） 上午 7:00]   (shot decision_outcome_customer_return skipped: headless)
  21.2s [6月12日（週四） 上午 7:00]   click "OK"
  21.3s [6月12日（週四） 上午 7:00]   (shot decision_customer_return skipped: headless)
  21.3s [6月12日（週四） 上午 7:00]   decision customer_return → refund
  21.3s [6月12日（週四） 上午 7:00]   click [Choice_refund] 退款＋收回商品
  21.3s [6月12日（週四） 上午 7:00]   (shot decision_outcome_customer_return skipped: headless)
  21.3s [6月12日（週四） 上午 7:00]   click "OK"
  21.5s [6月12日（週四） 上午 7:07]   use "Packing table"
  21.5s [6月12日（週四） 上午 7:08]   click [Pack] 打包 16 筆訂單（2 小時 8 分）
  21.6s [6月12日（週四） 上午 9:17]   click [CourierEconomy] 快遞 · 經濟 3 天（$59.20）
  21.6s [6月12日（週四） 上午 9:18]   (shot decision_customer_return skipped: headless)
  21.6s [6月12日（週四） 上午 9:18]   decision customer_return → refund
  21.6s [6月12日（週四） 上午 9:18]   click [Choice_refund] 退款＋收回商品
  21.6s [6月12日（週四） 上午 9:18]   (shot decision_outcome_customer_return skipped: headless)
  21.6s [6月12日（週四） 上午 9:18]   click "OK"
  21.7s [6月12日（週四） 下午 2:50]   toast: 新評價 #1150：★「壞掉了，賣家不處理。」
  21.7s [6月12日（週四） 下午 7:00]   (shot decision_customer_return skipped: headless)
  21.7s [6月12日（週四） 下午 7:00]   decision customer_return → refund
  21.7s [6月12日（週四） 下午 7:00]   click [Choice_refund] 退款＋收回商品
  21.7s [6月12日（週四） 下午 7:00]   (shot decision_outcome_customer_return skipped: headless)
  21.7s [6月12日（週四） 下午 7:00]   click "OK"
  21.9s [6月12日（週四） 下午 7:07]   use "Sleep"
  21.9s [6月12日（週四） 下午 7:07]   click [Sleep] Sleep until 7:00 AM
  22.1s [6月13日（週五） 上午 7:00]   (shot decision_customer_return skipped: headless)
  22.1s [6月13日（週五） 上午 7:00]   decision customer_return → replace
  22.1s [6月13日（週五） 上午 7:00]   click [Choice_replace] 寄一個新的
  22.1s [6月13日（週五） 上午 7:00]   (shot decision_outcome_customer_return skipped: headless)
  22.1s [6月13日（週五） 上午 7:00]   click "OK"
  22.2s [6月13日（週五） 上午 7:00]   (shot decision_customer_return skipped: headless)
  22.2s [6月13日（週五） 上午 7:00]   decision customer_return → refund
  22.2s [6月13日（週五） 上午 7:00]   click [Choice_refund] 退款＋收回商品
  22.2s [6月13日（週五） 上午 7:00]   (shot decision_outcome_customer_return skipped: headless)
  22.2s [6月13日（週五） 上午 7:00]   click "OK"
  22.3s [6月13日（週五） 上午 7:07]   use "Packing table"
  22.4s [6月13日（週五） 上午 7:08]   click [Pack] 打包 16 筆訂單（2 小時 8 分）
  22.4s [6月13日（週五） 上午 9:17]   click [CourierEconomy] 快遞 · 經濟 3 天（$59.20）
  22.6s [6月13日（週五） 下午 7:06]   use "Sleep"
  22.7s [6月13日（週五） 下午 7:06]   click [Sleep] Sleep until 7:00 AM
  22.9s [6月14日（週六） 上午 7:07]   use "Packing table"
  22.9s [6月14日（週六） 上午 7:08]   click [Pack] 打包 16 筆訂單（2 小時 8 分）
  23.0s [6月14日（週六） 上午 9:17]   click [CourierEconomy] 快遞 · 經濟 3 天（$57.20）
  23.0s [6月14日（週六） 下午 7:00]   (shot decision_supplier_price_increase skipped: headless)
  23.0s [6月14日（週六） 下午 7:00]   decision supplier_price_increase → accept
  23.0s [6月14日（週六） 下午 7:00]   click [Choice_accept] 好。繼續跟你進貨。
  23.1s [6月14日（週六） 下午 7:00]   (shot decision_outcome_supplier_price_increase skipped: headless)
  23.1s [6月14日（週六） 下午 7:00]   click "OK"
  23.2s [6月14日（週六） 下午 7:07]   use "Sleep"
  23.3s [6月14日（週六） 下午 7:07]   click [Sleep] Sleep until 7:00 AM
  23.5s [6月15日（週日） 上午 7:07]   use "Packing table"
  23.6s [6月15日（週日） 上午 7:08]   click [Pack] 打包 17 筆訂單（2 小時 16 分）
  23.6s [6月15日（週日） 上午 9:25]   click [CourierEconomy] 快遞 · 經濟 3 天（$60.40）
  23.7s [6月15日（週日） 下午 7:00]   (shot decision_customer_return skipped: headless)
  23.7s [6月15日（週日） 下午 7:00]   decision customer_return → replace
  23.7s [6月15日（週日） 下午 7:00]   click [Choice_replace] 寄一個新的
  23.7s [6月15日（週日） 下午 7:00]   (shot decision_outcome_customer_return skipped: headless)
  23.7s [6月15日（週日） 下午 7:00]   click "OK"
  23.9s [6月15日（週日） 下午 7:07]   use "Sleep"
  23.9s [6月15日（週日） 下午 7:07]   click [Sleep] Sleep until 7:00 AM
  24.2s [6月16日（週一） 上午 7:07]   use "Packing table"
  24.2s [6月16日（週一） 上午 7:08]   click [Pack] 打包 22 筆訂單（2 小時 56 分）
  24.3s [6月16日（週一） 上午 10:05]   click [CourierEconomy] 快遞 · 經濟 3 天（$76.40）
  24.4s [6月16日（週一） 下午 7:06]   use "Sleep"
  24.5s [6月16日（週一） 下午 7:06]   click [Sleep] Sleep until 7:00 AM
  24.7s [6月17日（週二） 上午 7:07]   use "Packing table"
  24.7s [6月17日（週二） 上午 7:08]   click [Pack] 打包 12 筆訂單（1 小時 36 分）
  24.8s [6月17日（週二） 上午 8:45]   click [CourierEconomy] 快遞 · 經濟 3 天（$44.40）
  24.9s [6月17日（週二） 下午 7:00]   (shot decision_unexpected_large_order skipped: headless)
  24.9s [6月17日（週二） 下午 7:00]   decision unexpected_large_order → review
  24.9s [6月17日（週二） 下午 7:00]   click [Choice_review] 把合約寄給我，我看看。
  24.9s [6月17日（週二） 下午 7:00]   (shot decision_outcome_unexpected_large_order skipped: headless)
  24.9s [6月17日（週二） 下午 7:00]   click "OK"
  25.1s [6月17日（週二） 下午 7:07]   use "Sleep"
  25.1s [6月17日（週二） 下午 7:07]   click [Sleep] Sleep until 7:00 AM
  25.4s [6月18日（週三） 上午 7:07]   use "Packing table"
  25.4s [6月18日（週三） 上午 7:08]   click [Pack] 打包 34 筆訂單（4 小時 32 分）
  25.5s [6月18日（週三） 上午 11:41]   click [CourierEconomy] 快遞 · 經濟 3 天（$114.80）
  25.6s [6月18日（週三） 上午 11:45]   use "Use laptop — Company OS"
  25.6s [6月18日（週三） 上午 11:46]   click [Tab_contracts] 合約 ●
  25.7s [6月18日（週三） 上午 11:47]   (shot contract_offer skipped: headless)
  25.7s [6月18日（週三） 上午 11:47]   click [AcceptContract] Accept
  25.9s [6月18日（週三） 下午 7:04]   use "Sleep"
  25.9s [6月18日（週三） 下午 7:04]   click [Sleep] Sleep until 7:00 AM
  26.1s [6月19日（週四） 上午 7:07]   use "Packing table"
  26.2s [6月19日（週四） 上午 7:08]   click [Pack] 打包 20 筆訂單（2 小時 40 分）
  26.2s [6月19日（週四） 上午 9:49]   click [CourierEconomy] 快遞 · 經濟 3 天（$70.00）
  26.3s [6月19日（週四） 上午 9:53]   use "Use laptop — Company OS"
  26.4s [6月19日（週四） 上午 9:54]   click [Tab_operations] Operations
  26.4s [6月19日（週四） 上午 9:54]   click [DeliverTo_riverside_studio] 河濱大樓 7C
  26.5s [6月19日（週四） 上午 9:54]   click [Buy_tradelink_wholesale_water_bottle] 購買 $469
  26.5s [6月19日（週四） 上午 10:05]   click [Buy_tradelink_wholesale_water_bottle] 購買 $469
  26.6s [6月19日（週四） 上午 10:15]   click [Tab_contracts] Contracts
  26.8s [6月19日（週四） 下午 7:05]   use "Sleep"
  26.8s [6月19日（週四） 下午 7:05]   click [Sleep] Sleep until 7:00 AM
  26.9s [6月20日（週五） 上午 7:00]   (shot decision_customer_return skipped: headless)
  26.9s [6月20日（週五） 上午 7:00]   decision customer_return → refund
  26.9s [6月20日（週五） 上午 7:00]   click [Choice_refund] 退款＋收回商品
  27.0s [6月20日（週五） 上午 7:00]   (shot decision_outcome_customer_return skipped: headless)
  27.0s [6月20日（週五） 上午 7:00]   click "OK"
  27.0s [6月20日（週五） 上午 7:00]   (shot decision_customer_return skipped: headless)
  27.0s [6月20日（週五） 上午 7:00]   decision customer_return → replace
  27.0s [6月20日（週五） 上午 7:00]   click [Choice_replace] 寄一個新的
  27.1s [6月20日（週五） 上午 7:00]   (shot decision_outcome_customer_return skipped: headless)
  27.1s [6月20日（週五） 上午 7:00]   click "OK"
  27.2s [6月20日（週五） 上午 7:07]   use "Packing table"
  27.2s [6月20日（週五） 上午 7:08]   click [Pack] 打包 8 筆訂單（1 小時 4 分）
  27.3s [6月20日（週五） 上午 8:13]   click [CourierEconomy] 快遞 · 經濟 3 天（$31.60）
  27.4s [6月20日（週五） 上午 8:17]   use "Use laptop — Company OS"
  27.4s [6月20日（週五） 上午 8:18]   click [Tab_operations] Operations
  27.5s [6月20日（週五） 上午 8:18]   click [DeliverTo_riverside_studio] 河濱大樓 7C
  27.5s [6月20日（週五） 上午 8:18]   click [Buy_tradelink_wholesale_water_bottle] 購買 $469
  27.6s [6月20日（週五） 上午 8:28]   click [Buy_tradelink_wholesale_water_bottle] 購買 $469
  27.6s [6月20日（週五） 上午 8:39]   click [Tab_contracts] Contracts
  27.8s [6月20日（週五） 下午 7:00]   (shot decision_customer_return skipped: headless)
  27.8s [6月20日（週五） 下午 7:00]   decision customer_return → replace
  27.8s [6月20日（週五） 下午 7:00]   click [Choice_replace] 寄一個新的
  27.8s [6月20日（週五） 下午 7:00]   (shot decision_outcome_customer_return skipped: headless)
  27.8s [6月20日（週五） 下午 7:00]   click "OK"
  27.9s [6月20日（週五） 下午 7:05]   use "Sleep"
  28.0s [6月20日（週五） 下午 7:05]   click [Sleep] Sleep until 7:00 AM
  28.2s [6月21日（週六） 上午 7:07]   use "Packing table"
  28.3s [6月21日（週六） 上午 7:08]   click [Pack] 打包 13 筆訂單（1 小時 44 分）
  28.3s [6月21日（週六） 上午 8:53]   click [CourierEconomy] 快遞 · 經濟 3 天（$47.60）
  28.4s [6月21日（週六） 上午 8:57]   use "Use laptop — Company OS"
  28.5s [6月21日（週六） 上午 8:58]   click [Tab_operations] Operations
  28.5s [6月21日（週六） 上午 8:58]   click [DeliverTo_riverside_studio] 河濱大樓 7C
  28.6s [6月21日（週六） 上午 8:58]   click [Buy_tradelink_wholesale_water_bottle] 購買 $469
  28.7s [6月21日（週六） 上午 9:09]   click [Buy_tradelink_wholesale_water_bottle] 購買 $469
  28.8s [6月21日（週六） 上午 9:19]   click [Tab_contracts] Contracts
  28.9s [6月21日（週六） 下午 7:05]   use "Sleep"
  29.0s [6月21日（週六） 下午 7:05]   click [Sleep] Sleep until 7:00 AM
  29.1s [6月22日（週日） 上午 7:00]   (shot decision_customer_return skipped: headless)
  29.1s [6月22日（週日） 上午 7:00]   decision customer_return → replace
  29.1s [6月22日（週日） 上午 7:00]   click [Choice_replace] 寄一個新的
  29.2s [6月22日（週日） 上午 7:00]   (shot decision_outcome_customer_return skipped: headless)
  29.2s [6月22日（週日） 上午 7:00]   click "OK"
  29.4s [6月22日（週日） 上午 7:07]   use "Packing table"
  29.4s [6月22日（週日） 上午 7:08]   click [Pack] 打包 19 筆訂單（2 小時 32 分）
  29.4s [6月22日（週日） 上午 9:41]   click [CourierEconomy] 快遞 · 經濟 3 天（$66.80）
  29.5s [6月22日（週日） 上午 9:42]   (shot decision_customer_return skipped: headless)
  29.5s [6月22日（週日） 上午 9:42]   decision customer_return → replace
  29.5s [6月22日（週日） 上午 9:42]   click [Choice_replace] 寄一個新的
  29.5s [6月22日（週日） 上午 9:42]   (shot decision_outcome_customer_return skipped: headless)
  29.5s [6月22日（週日） 上午 9:42]   click "OK"
  29.6s [6月22日（週日） 上午 9:44]   use "Use laptop — Company OS"
  29.7s [6月22日（週日） 上午 9:45]   click [Tab_contracts] Contracts
  29.7s [6月22日（週日） 上午 9:46]   click [DeliverContract] 打包並交貨 120 件（B2B 貨運 $40）
  29.8s [6月22日（週日） 上午 11:17]   (shot contract_delivered skipped: headless)
  30.0s [6月22日（週日） 下午 7:04]   use "Sleep"
  30.0s [6月22日（週日） 下午 7:04]   click [Sleep] Sleep until 7:00 AM
  30.1s [6月23日（週一） 上午 7:00]   (shot decision_customer_return skipped: headless)
  30.1s [6月23日（週一） 上午 7:00]   decision customer_return → replace
  30.1s [6月23日（週一） 上午 7:00]   click [Choice_replace] 寄一個新的
  30.2s [6月23日（週一） 上午 7:00]   (shot decision_outcome_customer_return skipped: headless)
  30.2s [6月23日（週一） 上午 7:00]   click "OK"
  30.3s [6月23日（週一） 上午 7:07]   use "Packing table"
  30.4s [6月23日（週一） 上午 7:08]   click [Pack] 打包 16 筆訂單（2 小時 8 分）
  30.4s [6月23日（週一） 上午 9:17]   click [CourierEconomy] 快遞 · 經濟 3 天（$57.20）
  30.5s [6月23日（週一） 下午 7:00]   (shot decision_customer_return skipped: headless)
  30.5s [6月23日（週一） 下午 7:00]   decision customer_return → replace
  30.5s [6月23日（週一） 下午 7:00]   click [Choice_replace] 寄一個新的
  30.5s [6月23日（週一） 下午 7:00]   (shot decision_outcome_customer_return skipped: headless)
  30.5s [6月23日（週一） 下午 7:00]   click "OK"
  30.7s [6月23日（週一） 下午 7:07]   use "Sleep"
  30.8s [6月23日（週一） 下午 7:07]   click [Sleep] Sleep until 7:00 AM
  30.9s [6月24日（週二） 上午 7:00]   (shot decision_customer_return skipped: headless)
  30.9s [6月24日（週二） 上午 7:00]   decision customer_return → replace
  30.9s [6月24日（週二） 上午 7:00]   click [Choice_replace] 寄一個新的
  30.9s [6月24日（週二） 上午 7:00]   (shot decision_outcome_customer_return skipped: headless)
  30.9s [6月24日（週二） 上午 7:00]   click "OK"
  30.9s [6月24日（週二） 上午 7:00]   (shot decision_customer_return skipped: headless)
  30.9s [6月24日（週二） 上午 7:00]   decision customer_return → replace
  30.9s [6月24日（週二） 上午 7:00]   click [Choice_replace] 寄一個新的
  31.0s [6月24日（週二） 上午 7:00]   (shot decision_outcome_customer_return skipped: headless)
  31.0s [6月24日（週二） 上午 7:00]   click "OK"
  31.0s [6月24日（週二） 上午 7:00]   (shot decision_customer_return skipped: headless)
  31.0s [6月24日（週二） 上午 7:00]   decision customer_return → refund
  31.0s [6月24日（週二） 上午 7:00]   click [Choice_refund] 退款＋收回商品
  31.0s [6月24日（週二） 上午 7:00]   (shot decision_outcome_customer_return skipped: headless)
  31.0s [6月24日（週二） 上午 7:00]   click "OK"
  31.2s [6月24日（週二） 上午 7:07]   use "Packing table"
  31.2s [6月24日（週二） 上午 7:08]   click [Pack] 打包 26 筆訂單（3 小時 28 分）
  31.3s [6月24日（週二） 上午 10:37]   click [CourierEconomy] 快遞 · 經濟 3 天（$89.20）
  31.5s [6月24日（週二） 上午 10:41]   use "Use laptop — Company OS"
  31.5s [6月24日（週二） 上午 10:42]   click [Tab_operations] Operations
  31.6s [6月24日（週二） 上午 10:42]   click [DeliverTo_riverside_studio] 河濱大樓 7C
  31.6s [6月24日（週二） 上午 10:42]   click [Buy_tradelink_wholesale_wireless_earbuds] 購買 $900
  31.8s [6月24日（週二） 下午 7:05]   use "Sleep"
  31.8s [6月24日（週二） 下午 7:05]   click [Sleep] Sleep until 7:00 AM
  32.0s [6月25日（週三） 上午 7:00]   (shot decision_customer_return skipped: headless)
  32.0s [6月25日（週三） 上午 7:00]   decision customer_return → refund
  32.0s [6月25日（週三） 上午 7:00]   click [Choice_refund] 退款＋收回商品
  32.0s [6月25日（週三） 上午 7:00]   (shot decision_outcome_customer_return skipped: headless)
  32.0s [6月25日（週三） 上午 7:00]   click "OK"
  32.0s [6月25日（週三） 上午 7:00]   (shot decision_customer_return skipped: headless)
  32.0s [6月25日（週三） 上午 7:00]   decision customer_return → replace
  32.0s [6月25日（週三） 上午 7:00]   click [Choice_replace] 寄一個新的
  32.1s [6月25日（週三） 上午 7:00]   (shot decision_outcome_customer_return skipped: headless)
  32.1s [6月25日（週三） 上午 7:00]   click "OK"
  32.2s [6月25日（週三） 上午 7:07]   use "Packing table"
  32.3s [6月25日（週三） 上午 7:08]   click [Pack] 打包 14 筆訂單（1 小時 52 分）
  32.3s [6月25日（週三） 上午 9:01]   click [CourierEconomy] 快遞 · 經濟 3 天（$50.80）
  32.4s [6月25日（週三） 上午 9:02]   (shot decision_customer_return skipped: headless)
  32.4s [6月25日（週三） 上午 9:02]   decision customer_return → refund
  32.4s [6月25日（週三） 上午 9:02]   click [Choice_refund] 退款＋收回商品
  32.4s [6月25日（週三） 上午 9:02]   (shot decision_outcome_customer_return skipped: headless)
  32.4s [6月25日（週三） 上午 9:02]   click "OK"
  32.5s [6月25日（週三） 上午 9:04]   use "Use laptop — Company OS"
  32.6s [6月25日（週三） 上午 9:05]   click [Tab_operations] Operations
  32.6s [6月25日（週三） 上午 9:06]   click [DeliverTo_riverside_studio] 河濱大樓 7C
  32.7s [6月25日（週三） 上午 9:06]   click [Buy_tradelink_wholesale_wireless_earbuds] 購買 $900
  32.9s [6月25日（週三） 下午 7:04]   use "Sleep"
  32.9s [6月25日（週三） 下午 7:04]   click [Sleep] Sleep until 7:00 AM
  33.0s [6月26日（週四） 上午 7:00]   (shot decision_customer_return skipped: headless)
  33.1s [6月26日（週四） 上午 7:00]   decision customer_return → refund
  33.1s [6月26日（週四） 上午 7:00]   click [Choice_refund] 退款＋收回商品
  33.1s [6月26日（週四） 上午 7:00]   (shot decision_outcome_customer_return skipped: headless)
  33.1s [6月26日（週四） 上午 7:00]   click "OK"
  33.1s [6月26日（週四） 上午 7:00]   (shot decision_customer_return skipped: headless)
  33.1s [6月26日（週四） 上午 7:00]   decision customer_return → replace
  33.1s [6月26日（週四） 上午 7:00]   click [Choice_replace] 寄一個新的
  33.2s [6月26日（週四） 上午 7:00]   (shot decision_outcome_customer_return skipped: headless)
  33.2s [6月26日（週四） 上午 7:00]   click "OK"
  33.3s [6月26日（週四） 上午 7:07]   use "Packing table"
  33.4s [6月26日（週四） 上午 7:08]   click [Pack] 打包 8 筆訂單（1 小時 4 分）
  33.4s [6月26日（週四） 上午 8:13]   click [CourierEconomy] 快遞 · 經濟 3 天（$31.60）
  33.5s [6月26日（週四） 上午 8:17]   use "Use laptop — Company OS"
  33.6s [6月26日（週四） 上午 8:18]   click [Tab_operations] Operations
  33.6s [6月26日（週四） 上午 8:18]   click [DeliverTo_riverside_studio] 河濱大樓 7C
  33.7s [6月26日（週四） 上午 8:18]   click [Buy_tradelink_wholesale_wireless_earbuds] 購買 $900
  34.0s [6月26日（週四） 下午 7:05]   use "Sleep"
  34.0s [6月26日（週四） 下午 7:05]   click [Sleep] Sleep until 7:00 AM
  34.2s [6月27日（週五） 上午 7:07]   use "Packing table"
  34.3s [6月27日（週五） 上午 7:08]   click [Pack] 打包 26 筆訂單（3 小時 28 分）
  34.3s [6月27日（週五） 上午 10:37]   click [CourierEconomy] 快遞 · 經濟 3 天（$89.20）
  34.4s [6月27日（週五） 上午 10:38]   (shot decision_customer_return skipped: headless)
  34.4s [6月27日（週五） 上午 10:38]   decision customer_return → replace
  34.4s [6月27日（週五） 上午 10:38]   click [Choice_replace] 寄一個新的
  34.4s [6月27日（週五） 上午 10:38]   (shot decision_outcome_customer_return skipped: headless)
  34.4s [6月27日（週五） 上午 10:38]   click "OK"
  34.5s [6月27日（週五） 上午 10:38]   (shot decision_customer_return skipped: headless)
  34.5s [6月27日（週五） 上午 10:38]   decision customer_return → replace
  34.5s [6月27日（週五） 上午 10:38]   click [Choice_replace] 寄一個新的
  34.5s [6月27日（週五） 上午 10:38]   (shot decision_outcome_customer_return skipped: headless)
  34.5s [6月27日（週五） 上午 10:38]   click "OK"
  34.7s [6月27日（週五） 下午 7:07]   use "Sleep"
  34.8s [6月27日（週五） 下午 7:07]   click [Sleep] Sleep until 7:00 AM
  35.1s [6月28日（週六） 上午 7:07]   use "Packing table"
  35.1s [6月28日（週六） 上午 7:08]   click [Pack] 打包 23 筆訂單（3 小時 4 分）
  35.2s [6月28日（週六） 上午 10:13]   click [CourierEconomy] 快遞 · 經濟 3 天（$79.60）
  35.4s [6月28日（週六） 下午 7:06]   use "Sleep"
  35.4s [6月28日（週六） 下午 7:06]   click [Sleep] Sleep until 7:00 AM
  35.6s [6月29日（週日） 上午 7:00]   (shot decision_customer_return skipped: headless)
  35.6s [6月29日（週日） 上午 7:00]   decision customer_return → replace
  35.6s [6月29日（週日） 上午 7:00]   click [Choice_replace] 寄一個新的
  35.6s [6月29日（週日） 上午 7:00]   (shot decision_outcome_customer_return skipped: headless)
  35.6s [6月29日（週日） 上午 7:00]   click "OK"
  35.8s [6月29日（週日） 上午 7:07]   use "Packing table"
  35.8s [6月29日（週日） 上午 7:08]   click [Pack] 打包 23 筆訂單（3 小時 4 分）
  35.8s [6月29日（週日） 上午 10:13]   click [CourierEconomy] 快遞 · 經濟 3 天（$79.60）
  36.1s [6月29日（週日） 下午 7:06]   use "Sleep"
  36.1s [6月29日（週日） 下午 7:06]   click [Sleep] Sleep until 7:00 AM
  36.4s [6月30日（週一） 上午 7:07]   use "Packing table"
  36.4s [6月30日（週一） 上午 7:08]   click [Pack] 打包 22 筆訂單（2 小時 56 分）
  36.5s [6月30日（週一） 上午 10:05]   click [CourierEconomy] 快遞 · 經濟 3 天（$76.40）
  36.7s [6月30日（週一） 下午 7:06]   use "Sleep"
  36.7s [6月30日（週一） 下午 7:06]   click [Sleep] Sleep until 7:00 AM
  37.0s [7月1日（週二） 上午 7:00]   (shot month_close_report skipped: headless)
  37.0s [7月1日（週二） 上午 7:00]   click [month close] Continue
  37.1s [7月1日（週二） 上午 7:07]   use "Packing table"
  37.2s [7月1日（週二） 上午 7:08]   click [Pack] 打包 21 筆訂單（2 小時 48 分）
  37.2s [7月1日（週二） 上午 9:57]   click [CourierEconomy] 快遞 · 經濟 3 天（$73.20）
  37.3s [7月1日（週二） 上午 10:00]   ok  month close ran (June)
  37.3s [7月1日（週二） 上午 10:02]   use "Use laptop — Company OS"
  37.4s [7月1日（週二） 上午 10:03]   click [Tab_finance] Finance
  37.5s [7月1日（週二） 上午 10:04]   (shot company_os_finance_july skipped: headless)
  37.5s [7月1日（週二） 上午 10:05]   ok  Chapter 4 started after the June close
  37.5s [7月1日（週二） 上午 10:05] STEP Chapter 4 — register as an employer at City Hall
  37.7s [7月1日（週二） 上午 10:10]   ok  walked back outside
  38.3s [7月1日（週二） 上午 10:24]   use "捷運——河濱區站"
  38.4s [7月1日（週二） 上午 10:25]   (shot metro_civic_center skipped: headless)
  38.4s [7月1日（週二） 上午 10:25]   click [Go_civic_center] 市政中心  ·  12 分鐘
  38.5s [7月1日（週二） 上午 10:39]   ok  took the Metro to Civic Center
  38.9s [7月1日（週二） 上午 10:49]   ok  entered Aurelia City Hall
  39.0s [7月1日（週二） 上午 10:52]   use "Permits & regulations"
  39.0s [7月1日（週二） 上午 10:53]   (shot permits_kiosk skipped: headless)
  39.0s [7月1日（週二） 上午 10:53]   click [RegisterEmployer] 登記（$150）
  39.1s [7月1日（週二） 上午 11:15]   ok  registered as an employer
  39.1s [7月1日（週二） 上午 11:15] STEP Chapter 4 — post a job, hire, first payroll
  39.3s [7月1日（週二） 上午 11:20]   ok  walked back outside
  39.6s [7月1日（週二） 上午 11:28]   use "捷運——市政中心站"
  39.7s [7月1日（週二） 上午 11:30]   (shot metro_riverside skipped: headless)
  39.7s [7月1日（週二） 上午 11:30]   click [Go_riverside] 河濱區  ·  12 分鐘
  39.8s [7月1日（週二） 上午 11:43]   ok  took the Metro to Riverside
  40.4s [7月1日（週二） 上午 11:57]   ok  entered Riverside Tower
  40.5s [7月1日（週二） 上午 11:59]   use "Use laptop — Company OS"
  40.5s [7月1日（週二） 下午 12:00]   click [Tab_people] People
  40.6s [7月1日（週二） 下午 12:01]   (shot people_tab skipped: headless)
  40.6s [7月1日（週二） 下午 12:01]   click [Post_support] Post job
  40.6s [7月1日（週二） 下午 12:02]   ok  job ad posted
  40.6s [7月1日（週二） 下午 12:02]   (harness) wait 2 h
  40.7s [7月1日（週二） 下午 2:08]   use "Packing table"
  40.8s [7月1日（週二） 下午 2:09]   click [Pack] 打包 7 筆訂單（56 分鐘）
  40.8s [7月1日（週二） 下午 3:07]   click [CourierEconomy] 快遞 · 經濟 3 天（$28.40）
  40.8s [7月1日（週二） 下午 3:08]   (harness) wait 2 h
  40.9s [7月1日（週二） 下午 5:09]   use "Packing table"
  40.9s [7月1日（週二） 下午 5:10]   click [Pack] 打包 4 筆訂單（32 分鐘）
  40.9s [7月1日（週二） 下午 5:44]   click [CourierEconomy] 快遞 · 經濟 3 天（$18.80）
  41.0s [7月1日（週二） 下午 5:45]   (harness) wait 2 h
  41.0s [7月1日（週二） 下午 7:46]   use "Packing table"
  41.1s [7月1日（週二） 下午 7:47]   click [Pack] 打包 2 筆訂單（16 分鐘）
  41.1s [7月1日（週二） 下午 8:05]   click [CourierEconomy] 快遞 · 經濟 3 天（$12.40）
  41.3s [7月1日（週二） 下午 8:10]   use "Sleep"
  41.3s [7月1日（週二） 下午 8:10]   click [Sleep] Sleep until 7:00 AM
  41.6s [7月2日（週三） 上午 7:07]   use "Packing table"
  41.6s [7月2日（週三） 上午 7:08]   click [Pack] 打包 8 筆訂單（1 小時 4 分）
  41.6s [7月2日（週三） 上午 8:13]   click [CourierEconomy] 快遞 · 經濟 3 天（$31.60）
  41.7s [7月2日（週三） 上午 8:17]   use "Use laptop — Company OS"
  41.8s [7月2日（週三） 上午 8:18]   click [Tab_people] People
  41.8s [7月2日（週三） 上午 8:19]   (shot applicants skipped: headless)
  41.8s [7月2日（週三） 上午 8:19]   click [Hire_E1] Hire
  41.9s [7月2日（週三） 上午 8:20]   ok  hired the first employee (Hana Clarke)
  42.0s [7月2日（週三） 下午 7:05]   use "Sleep"
  42.1s [7月2日（週三） 下午 7:05]   click [Sleep] Sleep until 7:00 AM
  42.4s [7月3日（週四） 上午 7:07]   use "Packing table"
  42.4s [7月3日（週四） 上午 7:08]   click [Pack] 打包 16 筆訂單（2 小時 8 分）
  42.4s [7月3日（週四） 上午 9:17]   click [CourierEconomy] 快遞 · 經濟 3 天（$57.20）
  42.7s [7月3日（週四） 下午 7:06]   use "Sleep"
  42.7s [7月3日（週四） 下午 7:06]   click [Sleep] Sleep until 7:00 AM
  42.9s [7月4日（週五） 上午 7:07]   use "Packing table"
  43.0s [7月4日（週五） 上午 7:08]   click [Pack] 打包 14 筆訂單（1 小時 52 分）
  43.0s [7月4日（週五） 上午 9:01]   click [CourierEconomy] 快遞 · 經濟 3 天（$50.80）
  43.3s [7月4日（週五） 下午 7:06]   use "Sleep"
  43.3s [7月4日（週五） 下午 7:06]   click [Sleep] Sleep until 7:00 AM
  43.6s [7月5日（週六） 上午 7:07]   use "Packing table"
  43.6s [7月5日（週六） 上午 7:08]   click [Pack] 打包 22 筆訂單（2 小時 56 分）
  43.7s [7月5日（週六） 上午 10:05]   click [CourierEconomy] 快遞 · 經濟 3 天（$76.40）
  43.8s [7月5日（週六） 上午 10:06]   (shot decision_supplier_price_increase skipped: headless)
  43.8s [7月5日（週六） 上午 10:06]   decision supplier_price_increase → accept
  43.8s [7月5日（週六） 上午 10:06]   click [Choice_accept] 好。繼續跟你進貨。
  43.8s [7月5日（週六） 上午 10:06]   (shot decision_outcome_supplier_price_increase skipped: headless)
  43.8s [7月5日（週六） 上午 10:06]   click "OK"
  43.8s [7月5日（週六） 上午 10:06]   ok  first payroll paid
  43.9s [7月5日（週六） 上午 10:08]   use "Use laptop — Company OS"
  43.9s [7月5日（週六） 上午 10:09]   click [Tab_finance] Finance
  44.0s [7月5日（週六） 上午 10:10]   (shot cash_forecast skipped: headless)
  44.1s [7月5日（週六） 上午 10:12]   ok  Chapter 4 complete
  44.1s [7月5日（週六） 上午 10:12] STEP Chapter 5 — Crestline's offer
  44.3s [7月5日（週六） 下午 7:05]   use "Sleep"
  44.3s [7月5日（週六） 下午 7:05]   click [Sleep] Sleep until 7:00 AM
  44.6s [7月6日（週日） 上午 7:07]   use "Packing table"
  44.6s [7月6日（週日） 上午 7:08]   click [Pack] 打包 21 筆訂單（2 小時 48 分）
  44.7s [7月6日（週日） 上午 9:57]   click [CourierEconomy] 快遞 · 經濟 3 天（$73.20）
  44.9s [7月6日（週日） 下午 7:06]   use "Sleep"
  44.9s [7月6日（週日） 下午 7:06]   click [Sleep] Sleep until 7:00 AM
  45.3s [7月7日（週一） 上午 7:07]   use "Packing table"
  45.3s [7月7日（週一） 上午 7:08]   click [Pack] 打包 30 筆訂單（4 h）
  45.4s [7月7日（週一） 上午 11:09]   click [CourierEconomy] 快遞 · 經濟 3 天（$102.00）
  45.6s [7月7日（週一） 下午 7:06]   use "Sleep"
  45.6s [7月7日（週一） 下午 7:06]   click [Sleep] Sleep until 7:00 AM
  46.0s [7月8日（週二） 上午 7:07]   use "Packing table"
  46.0s [7月8日（週二） 上午 7:08]   click [Pack] 打包 26 筆訂單（3 小時 28 分）
  46.1s [7月8日（週二） 上午 10:37]   click [CourierEconomy] 快遞 · 經濟 3 天（$89.20）
  46.3s [7月8日（週二） 下午 7:06]   use "Sleep"
  46.3s [7月8日（週二） 下午 7:06]   click [Sleep] Sleep until 7:00 AM
  46.6s [7月9日（週三） 上午 7:07]   use "Packing table"
  46.6s [7月9日（週三） 上午 7:08]   click [Pack] 打包 16 筆訂單（2 小時 8 分）
  46.7s [7月9日（週三） 上午 9:17]   click [CourierEconomy] 快遞 · 經濟 3 天（$57.20）
  46.9s [7月9日（週三） 下午 7:06]   use "Sleep"
  46.9s [7月9日（週三） 下午 7:06]   click [Sleep] Sleep until 7:00 AM
  47.2s [7月10日（週四） 上午 7:07]   use "Packing table"
  47.3s [7月10日（週四） 上午 7:08]   click [Pack] 打包 27 筆訂單（3 小時 36 分）
  47.3s [7月10日（週四） 上午 10:45]   click [CourierEconomy] 快遞 · 經濟 3 天（$92.40）
  47.4s [7月10日（週四） 下午 4:49]   toast: 新評價 #1722：★「浪費錢。」
  47.5s [7月10日（週四） 下午 7:02]   (shot decision_crestline_big_offer skipped: headless)
  47.5s [7月10日（週四） 下午 7:02]   decision crestline_big_offer → review
  47.5s [7月10日（週四） 下午 7:02]   click [Choice_review] 把合約寄來，我看看。
  47.5s [7月10日（週四） 下午 7:02]   (shot decision_outcome_crestline_big_offer skipped: headless)
  47.5s [7月10日（週四） 下午 7:02]   click "OK"
  47.6s [7月10日（週四） 下午 7:07]   use "Sleep"
  47.6s [7月10日（週四） 下午 7:07]   click [Sleep] Sleep until 7:00 AM
  48.0s [7月11日（週五） 上午 7:07]   use "Packing table"
  48.0s [7月11日（週五） 上午 7:08]   click [Pack] 打包 10 筆訂單（1 小時 20 分）
  48.1s [7月11日（週五） 上午 8:29]   click [CourierEconomy] 快遞 · 經濟 3 天（$38.00）
  48.1s [7月11日（週五） 上午 8:31]   ok  Crestline offered the big contract
  48.2s [7月11日（週五） 上午 8:33]   use "Use laptop — Company OS"
  48.2s [7月11日（週五） 上午 8:34]   click [Tab_contracts] 合約 ●
  48.3s [7月11日（週五） 上午 8:35]   (shot big_contract_offer skipped: headless)
  48.3s [7月11日（週五） 上午 8:35]   click [AcceptContract] Accept
  48.3s [7月11日（週五） 上午 8:37]   ok  accepted Crestline's contract
  48.3s [7月11日（週五） 上午 8:37] STEP Chapter 5 — borrow from Marcus Reed at Nexus Bank
  48.5s [7月11日（週五） 上午 8:41]   ok  walked back outside
  49.0s [7月11日（週五） 上午 8:56]   use "捷運——河濱區站"
  49.1s [7月11日（週五） 上午 8:57]   (shot metro_financial skipped: headless)
  49.1s [7月11日（週五） 上午 8:57]   click [Go_financial] 金融區  ·  10 分鐘
  49.2s [7月11日（週五） 上午 9:08]   ok  took the Metro to Financial District
  49.7s [7月11日（週五） 下午 1:20]   ok  entered Nexus Bank
  49.8s [7月11日（週五） 下午 1:23]   use "和 Marcus Reed 說話"
  49.9s [7月11日（週五） 下午 1:23]   choose "› 讓我看看你能借多少。"
  50.1s [7月11日（週五） 下午 1:23]   (shot loan_offer skipped: headless)
  50.1s [7月11日（週五） 下午 1:23]   click [Amt_50] $24,000
  50.2s [7月11日（週五） 下午 1:23]   click [Term_12] 12 個月
  50.3s [7月11日（週五） 下午 1:23]   click [TakeLoan] 借 $24,000
  50.4s [7月11日（週五） 下午 1:23]   click [ConfirmLoan] Confirm loan signing
  50.6s [7月11日（週五） 下午 5:00]   ok  loan signing finishes the same afternoon
  50.7s [7月11日（週五） 下午 5:00]   (shot loan_taken skipped: headless)
  50.7s [7月11日（週五） 下午 5:00]   ok  took a Nexus Bank loan (debt $24,000.00)
  50.7s [7月11日（週五） 下午 5:00] STEP Chapter 5 — order the lamps and deliver
  50.9s [7月11日（週五） 下午 5:05]   ok  walked back outside
  51.2s [7月11日（週五） 下午 5:15]   use "捷運——金融區站"
  51.2s [7月11日（週五） 下午 5:16]   (shot metro_riverside skipped: headless)
  51.2s [7月11日（週五） 下午 5:16]   click [Go_riverside] 河濱區  ·  10 分鐘
  51.4s [7月11日（週五） 下午 5:27]   ok  took the Metro to Riverside
  51.9s [7月11日（週五） 下午 5:41]   ok  entered Riverside Tower
  51.9s [7月11日（週五） 下午 5:43]   use "Use laptop — Company OS"
  52.0s [7月11日（週五） 下午 5:44]   click [Tab_contracts] Contracts
  52.0s [7月11日（週五） 下午 5:45]   click [FillContract] 追加訂購 800 件，向 TradeLink 批發（$9,200）
  52.1s [7月11日（週五） 下午 5:56]   (shot contract_restock skipped: headless)
  52.2s [7月11日（週五） 下午 7:04]   use "Sleep"
  52.3s [7月11日（週五） 下午 7:04]   click [Sleep] Sleep until 7:00 AM
  52.5s [7月12日（週六） 上午 7:07]   use "Packing table"
  52.6s [7月12日（週六） 上午 7:08]   click [Pack] 打包 8 筆訂單（1 小時 4 分）
  52.6s [7月12日（週六） 上午 8:13]   click [CourierEconomy] 快遞 · 經濟 3 天（$31.60）
  52.8s [7月12日（週六） 下午 7:06]   use "Sleep"
  52.9s [7月12日（週六） 下午 7:06]   click [Sleep] Sleep until 7:00 AM
  53.1s [7月13日（週日） 上午 7:07]   use "Packing table"
  53.2s [7月13日（週日） 上午 7:08]   click [Pack] 打包 10 筆訂單（1 小時 20 分）
  53.2s [7月13日（週日） 上午 8:29]   click [CourierEconomy] 快遞 · 經濟 3 天（$38.00）
  53.4s [7月13日（週日） 下午 7:06]   use "Sleep"
  53.5s [7月13日（週日） 下午 7:06]   click [Sleep] Sleep until 7:00 AM
  53.5s [7月13日（週日） 下午 8:59]   toast: 新評價 #1791：★「浪費錢。」
  53.8s [7月14日（週一） 上午 7:07]   use "Packing table"
  53.8s [7月14日（週一） 上午 7:08]   click [Pack] 打包 13 筆訂單（1 小時 44 分）
  53.8s [7月14日（週一） 上午 8:53]   click [CourierEconomy] 快遞 · 經濟 3 天（$47.60）
  53.9s [7月14日（週一） 上午 8:57]   use "Use laptop — Company OS"
  54.0s [7月14日（週一） 上午 8:58]   click [Tab_contracts] Contracts
  54.0s [7月14日（週一） 上午 8:59]   click [DeliverContract] 打包並交貨 800 件（B2B 貨運 $40）
  54.1s [7月14日（週一） 上午 10:30]   (shot big_contract_delivered skipped: headless)
  54.1s [7月14日（週一） 上午 10:31]   ok  delivered 800 lamps to Crestline
  54.1s [7月14日（週一） 上午 10:32]   ok  Chapter 5 complete
  54.1s [7月14日（週一） 上午 10:32] STEP Chapter 6 — forecast, early payment, month in the black
  54.1s [7月14日（週一） 上午 10:32]   use "Use laptop — Company OS"
  54.2s [7月14日（週一） 上午 10:33]   click [Tab_finance] Finance
  54.3s [7月14日（週一） 上午 10:34]   (shot cash_forecast_ch6 skipped: headless)
  54.3s [7月14日（週一） 上午 10:34]   click [Tab_contracts] Contracts
  54.3s [7月14日（週一） 上午 10:35]   click [EarlyPayment] 請對方提前付款（折 3%：現在拿 $21,728）
  54.4s [7月14日（週一） 上午 10:36]   (shot early_payment skipped: headless)
  54.4s [7月14日（週一） 上午 10:37]   ok  Crestline paid early (3% discount)
  54.6s [7月14日（週一） 下午 7:04]   use "Sleep"
  54.6s [7月14日（週一） 下午 7:04]   click [Sleep] Sleep until 7:00 AM
  54.9s [7月15日（週二） 上午 7:07]   use "Packing table"
  54.9s [7月15日（週二） 上午 7:08]   click [Pack] 打包 13 筆訂單（1 小時 44 分）
  54.9s [7月15日（週二） 上午 8:53]   click [CourierEconomy] 快遞 · 經濟 3 天（$47.60）
  55.0s [7月15日（週二） 下午 7:00]   (shot decision_elena_offer skipped: headless)
  55.0s [7月15日（週二） 下午 7:00]   decision elena_offer → accept
  55.0s [7月15日（週二） 下午 7:00]   click [Choice_accept] 以 20% 股份換 $40,000
  55.1s [7月15日（週二） 下午 7:00]   (shot decision_outcome_elena_offer skipped: headless)
  55.1s [7月15日（週二） 下午 7:00]   click "OK"
  55.2s [7月15日（週二） 下午 7:07]   use "Sleep"
  55.2s [7月15日（週二） 下午 7:07]   click [Sleep] Sleep until 7:00 AM
  55.6s [7月16日（週三） 上午 7:07]   use "Packing table"
  55.7s [7月16日（週三） 上午 7:08]   click [Pack] 打包 15 筆訂單（2 h）
  55.7s [7月16日（週三） 上午 9:09]   click [CourierEconomy] 快遞 · 經濟 3 天（$54.00）
  55.9s [7月16日（週三） 下午 7:06]   use "Sleep"
  55.9s [7月16日（週三） 下午 7:06]   click [Sleep] Sleep until 7:00 AM
  56.2s [7月17日（週四） 上午 7:07]   use "Packing table"
  56.2s [7月17日（週四） 上午 7:08]   click [Pack] 打包 14 筆訂單（1 小時 52 分）
  56.3s [7月17日（週四） 上午 9:01]   click [CourierEconomy] 快遞 · 經濟 3 天（$50.80）
  56.5s [7月17日（週四） 下午 7:06]   use "Sleep"
  56.5s [7月17日（週四） 下午 7:06]   click [Sleep] Sleep until 7:00 AM
  56.8s [7月18日（週五） 上午 7:07]   use "Packing table"
  56.8s [7月18日（週五） 上午 7:08]   click [Pack] 打包 3 筆訂單（24 分鐘）
  56.8s [7月18日（週五） 上午 7:33]   click [CourierEconomy] 快遞 · 經濟 3 天（$15.60）
  57.0s [7月18日（週五） 下午 7:06]   use "Sleep"
  57.1s [7月18日（週五） 下午 7:06]   click [Sleep] Sleep until 7:00 AM
  57.3s [7月19日（週六） 下午 7:03]   use "Sleep"
  57.3s [7月19日（週六） 下午 7:03]   click [Sleep] Sleep until 7:00 AM
  57.5s [7月20日（週日） 下午 7:01]   use "Sleep"
  57.5s [7月20日（週日） 下午 7:01]   click [Sleep] Sleep until 7:00 AM
  57.7s [7月21日（週一） 下午 7:01]   use "Sleep"
  57.7s [7月21日（週一） 下午 7:01]   click [Sleep] Sleep until 7:00 AM
  57.9s [7月22日（週二） 下午 7:01]   use "Sleep"
  57.9s [7月22日（週二） 下午 7:01]   click [Sleep] Sleep until 7:00 AM
  58.1s [7月23日（週三） 下午 7:00]   (shot decision_supplier_price_increase skipped: headless)
  58.1s [7月23日（週三） 下午 7:00]   decision supplier_price_increase → accept
  58.1s [7月23日（週三） 下午 7:00]   click [Choice_accept] 好。繼續跟你進貨。
  58.2s [7月23日（週三） 下午 7:00]   (shot decision_outcome_supplier_price_increase skipped: headless)
  58.2s [7月23日（週三） 下午 7:00]   click "OK"
  58.2s [7月23日（週三） 下午 7:00]   use "Sleep"
  58.2s [7月23日（週三） 下午 7:00]   click [Sleep] Sleep until 7:00 AM
  58.4s [7月24日（週四） 下午 7:01]   use "Sleep"
  58.4s [7月24日（週四） 下午 7:01]   click [Sleep] Sleep until 7:00 AM
  58.7s [7月25日（週五） 下午 7:03]   use "Sleep"
  58.7s [7月25日（週五） 下午 7:04]   click [Sleep] Sleep until 7:00 AM
  58.9s [7月26日（週六） 下午 7:01]   use "Sleep"
  58.9s [7月26日（週六） 下午 7:01]   click [Sleep] Sleep until 7:00 AM
  59.1s [7月27日（週日） 下午 7:01]   use "Sleep"
  59.1s [7月27日（週日） 下午 7:01]   click [Sleep] Sleep until 7:00 AM
  59.3s [7月28日（週一） 下午 7:01]   use "Sleep"
  59.3s [7月28日（週一） 下午 7:01]   click [Sleep] Sleep until 7:00 AM
  59.5s [7月29日（週二） 下午 7:01]   use "Sleep"
  59.5s [7月29日（週二） 下午 7:01]   click [Sleep] Sleep until 7:00 AM
  59.8s [7月30日（週三） 下午 7:03]   use "Sleep"
  59.8s [7月30日（週三） 下午 7:04]   click [Sleep] Sleep until 7:00 AM
  60.0s [7月31日（週四） 下午 7:01]   use "Sleep"
  60.0s [7月31日（週四） 下午 7:01]   click [Sleep] Sleep until 7:00 AM
  60.3s [8月1日（週五） 上午 7:00]   (shot month_close_report skipped: headless)
  60.3s [8月1日（週五） 上午 7:00]   click [month close] Continue
  60.3s [8月1日（週五） 上午 7:02]   ok  Chapter 6 complete
  60.3s [8月1日（週五） 上午 7:02]   ok  ledger balanced after chapters 4–6
  60.3s [8月1日（週五） 上午 7:02]   ok  Chapter 7 started after Chapter 6
  60.3s [8月1日（週五） 上午 7:02]   ok  Year 3: the Supply Shock
  60.3s [8月1日（週五） 上午 7:02] STEP Chapter 7 — the news, and Ken's options
  60.6s [8月1日（週五） 上午 7:07]   ok  walked back outside
  60.8s [8月1日（週五） 上午 7:12]   ok  entered Bloom Coffee
  60.9s [8月1日（週五） 上午 7:15]   use "Read the news board"
  60.9s [8月1日（週五） 上午 7:20]   (shot news_supply_shock skipped: headless)
  60.9s [8月1日（週五） 上午 7:20]   ok  read the news (supply_shock)
  61.2s [8月1日（週五） 上午 7:25]   ok  walked back outside
  61.4s [8月1日（週五） 上午 7:30]   ok  entered Riverside Tower
  61.5s [8月1日（週五） 下午 7:03]   use "Sleep"
  61.5s [8月1日（週五） 下午 7:03]   click [Sleep] Sleep until 7:00 AM
  61.7s [8月2日（週六） 下午 7:01]   use "Sleep"
  61.7s [8月2日（週六） 下午 7:01]   click [Sleep] Sleep until 7:00 AM
  61.9s [8月3日（週日） 下午 7:00]   (shot decision_supply_shock_plan skipped: headless)
  61.9s [8月3日（週日） 下午 7:00]   decision supply_shock_plan → local
  61.9s [8月3日（週日） 下午 7:00]   click [Choice_local] 加一個在地備援：奧瑞莉亞職人合作社
  62.0s [8月3日（週日） 下午 7:00]   (shot decision_outcome_supply_shock_plan skipped: headless)
  62.0s [8月3日（週日） 下午 7:00]   click "OK"
  62.0s [8月3日（週日） 下午 7:00]   use "Sleep"
  62.0s [8月3日（週日） 下午 7:00]   click [Sleep] Sleep until 7:00 AM
  62.2s [8月4日（週一） 上午 7:00]   ok  the local co-op is a supplier now
  62.2s [8月4日（週一） 上午 7:00] STEP Chapter 7 — order from the co-op, raise a price
  62.3s [8月4日（週一） 上午 7:02]   use "Use laptop — Company OS"
  62.3s [8月4日（週一） 上午 7:03]   click [Tab_operations] Operations
  62.4s [8月4日（週一） 上午 7:04]   (shot operations_supply_shock skipped: headless)
  62.4s [8月4日（週一） 上午 7:04]   click [Buy_aurelia_makers_desk_lamp] 購買 $417
  62.5s [8月4日（週一） 上午 7:15]   click [Buy_aurelia_makers_desk_lamp] 購買 $417
  62.6s [8月4日（週一） 上午 7:26]   click [Buy_aurelia_makers_desk_lamp] 購買 $417
  62.6s [8月4日（週一） 上午 7:37]   click [Buy_aurelia_makers_desk_lamp] 購買 $417
  62.7s [8月4日（週一） 上午 7:47]   click [Tab_sales] Sales
  62.8s [8月4日（週一） 上午 7:48]   click [PriceUp_wireless_earbuds] +
  62.8s [8月4日（週一） 上午 7:48]   click [PriceUp_wireless_earbuds] +
  62.9s [8月4日（週一） 上午 7:49]   click [PriceUp_wireless_earbuds] +
  62.9s [8月4日（週一） 上午 7:49]   click [PriceUp_wireless_earbuds] +
  62.9s [8月4日（週一） 上午 7:49]   click [PriceUp_wireless_earbuds] +
  63.0s [8月4日（週一） 上午 7:49]   click [PriceUp_wireless_earbuds] +
  63.0s [8月4日（週一） 上午 7:49]   click [PriceUp_wireless_earbuds] +
  63.1s [8月4日（週一） 上午 7:50]   click [PriceUp_wireless_earbuds] +
  63.1s [8月4日（週一） 上午 7:50]   click [PriceUp_wireless_earbuds] +
  63.2s [8月4日（週一） 上午 7:50]   click [PriceUp_wireless_earbuds] +
  63.2s [8月4日（週一） 上午 7:50]   click [PriceUp_wireless_earbuds] +
  63.3s [8月4日（週一） 上午 7:51]   click [PriceUp_wireless_earbuds] +
  63.3s [8月4日（週一） 上午 7:51]   click [PriceUp_water_bottle] +
  63.3s [8月4日（週一） 上午 7:51]   click [PriceUp_water_bottle] +
  63.4s [8月4日（週一） 上午 7:51]   click [PriceUp_water_bottle] +
  63.4s [8月4日（週一） 上午 7:52]   click [PriceUp_water_bottle] +
  63.5s [8月4日（週一） 上午 7:52]   click [PriceUp_water_bottle] +
  63.5s [8月4日（週一） 上午 7:52]   click [PriceUp_desk_lamp] +
  63.6s [8月4日（週一） 上午 7:52]   click [PriceUp_desk_lamp] +
  63.6s [8月4日（週一） 上午 7:52]   click [PriceUp_desk_lamp] +
  63.6s [8月4日（週一） 上午 7:53]   click [PriceUp_desk_lamp] +
  63.7s [8月4日（週一） 上午 7:53]   click [PriceUp_desk_lamp] +
  63.7s [8月4日（週一） 上午 7:53]   click [PriceUp_desk_lamp] +
  63.8s [8月4日（週一） 上午 7:53]   click [PriceUp_desk_lamp] +
  63.8s [8月4日（週一） 上午 7:54]   click [PriceUp_desk_lamp] +
  63.9s [8月4日（週一） 上午 7:54]   click [PriceUp_phone_stand] +
  63.9s [8月4日（週一） 上午 7:54]   click [PriceUp_phone_stand] +
  63.9s [8月4日（週一） 上午 7:54]   click [PriceUp_phone_stand] +
  64.0s [8月4日（週一） 上午 7:54]   click [PriceUp_phone_stand] +
  64.1s [8月4日（週一） 上午 7:57]   ok  stocked and repriced
  64.1s [8月4日（週一） 上午 7:57]   use "Use laptop — Company OS"
  64.1s [8月4日（週一） 上午 7:58]   click [Tab_operations] Operations
  64.2s [8月4日（週一） 上午 7:59]   click [DeliverTo_riverside_studio] 河濱大樓 7C
  64.3s [8月4日（週一） 上午 7:59]   click [Buy_tradelink_wholesale_wireless_earbuds] 購買 $1,008
  64.3s [8月4日（週一） 上午 8:09]   click [Buy_tradelink_wholesale_wireless_earbuds] 購買 $1,008
  64.4s [8月4日（週一） 上午 8:20]   click [Buy_tradelink_wholesale_wireless_earbuds] 購買 $1,008
  64.5s [8月4日（週一） 上午 8:30]   click [Buy_tradelink_wholesale_water_bottle] 購買 $604
  64.5s [8月4日（週一） 上午 8:40]   click [Buy_tradelink_wholesale_water_bottle] 購買 $604
  64.6s [8月4日（週一） 上午 8:50]   click [Buy_tradelink_wholesale_water_bottle] 購買 $604
  64.7s [8月4日（週一） 上午 9:00]   click [Buy_tradelink_wholesale_phone_stand] 購買 $305
  64.8s [8月4日（週一） 上午 9:11]   click [Buy_tradelink_wholesale_phone_stand] 購買 $305
  65.0s [8月4日（週一） 下午 7:05]   use "Sleep"
  65.0s [8月4日（週一） 下午 7:05]   click [Sleep] Sleep until 7:00 AM
  65.3s [8月5日（週二） 下午 7:03]   use "Sleep"
  65.3s [8月5日（週二） 下午 7:03]   click [Sleep] Sleep until 7:00 AM
  65.5s [8月6日（週三） 下午 7:01]   use "Sleep"
  65.5s [8月6日（週三） 下午 7:01]   click [Sleep] Sleep until 7:00 AM
  65.7s [8月7日（週四） 下午 7:01]   use "Sleep"
  65.8s [8月7日（週四） 下午 7:01]   click [Sleep] Sleep until 7:00 AM
  66.0s [8月8日（週五） 上午 7:07]   use "Packing table"
  66.1s [8月8日（週五） 上午 7:08]   click [Pack] 打包 11 筆訂單（1 小時 28 分）
  66.1s [8月8日（週五） 上午 8:37]   click [CourierEconomy] 快遞 · 經濟 3 天（$69.36）
  66.3s [8月8日（週五） 下午 7:06]   use "Sleep"
  66.3s [8月8日（週五） 下午 7:06]   click [Sleep] Sleep until 7:00 AM
  66.6s [8月9日（週六） 上午 7:07]   use "Packing table"
  66.6s [8月9日（週六） 上午 7:08]   click [Pack] 打包 24 筆訂單（3 小時 12 分）
  66.7s [8月9日（週六） 上午 10:21]   click [CourierEconomy] 快遞 · 經濟 3 天（$144.24）
  66.9s [8月9日（週六） 下午 7:06]   use "Sleep"
  66.9s [8月9日（週六） 下午 7:06]   click [Sleep] Sleep until 7:00 AM
  67.3s [8月10日（週日） 上午 7:07]   use "Packing table"
  67.3s [8月10日（週日） 上午 7:08]   click [Pack] 打包 18 筆訂單（2 小時 24 分）
  67.3s [8月10日（週日） 上午 9:33]   click [CourierEconomy] 快遞 · 經濟 3 天（$109.68）
  67.5s [8月10日（週日） 下午 7:06]   use "Sleep"
  67.6s [8月10日（週日） 下午 7:06]   click [Sleep] Sleep until 7:00 AM
  67.8s [8月11日（週一） 上午 7:07]   use "Packing table"
  67.9s [8月11日（週一） 上午 7:08]   click [Pack] 打包 24 筆訂單（3 小時 12 分）
  67.9s [8月11日（週一） 上午 10:21]   click [CourierEconomy] 快遞 · 經濟 3 天（$144.24）
  68.0s [8月11日（週一） 下午 7:00]   (shot decision_supplier_price_increase skipped: headless)
  68.0s [8月11日（週一） 下午 7:00]   decision supplier_price_increase → accept
  68.0s [8月11日（週一） 下午 7:00]   click [Choice_accept] 好。繼續跟你進貨。
  68.0s [8月11日（週一） 下午 7:00]   (shot decision_outcome_supplier_price_increase skipped: headless)
  68.0s [8月11日（週一） 下午 7:00]   click "OK"
  68.2s [8月11日（週一） 下午 7:07]   use "Sleep"
  68.2s [8月11日（週一） 下午 7:07]   click [Sleep] Sleep until 7:00 AM
  68.6s [8月12日（週二） 上午 7:07]   use "Packing table"
  68.6s [8月12日（週二） 上午 7:08]   click [Pack] 打包 24 筆訂單（3 小時 12 分）
  68.7s [8月12日（週二） 上午 10:21]   click [CourierEconomy] 快遞 · 經濟 3 天（$144.24）
  68.9s [8月12日（週二） 下午 7:06]   use "Sleep"
  68.9s [8月12日（週二） 下午 7:06]   click [Sleep] Sleep until 7:00 AM
  69.2s [8月13日（週三） 上午 7:07]   use "Packing table"
  69.2s [8月13日（週三） 上午 7:08]   click [Pack] 打包 21 筆訂單（2 小時 48 分）
  69.2s [8月13日（週三） 上午 9:57]   click [CourierEconomy] 快遞 · 經濟 3 天（$126.96）
  69.5s [8月13日（週三） 下午 7:06]   use "Sleep"
  69.5s [8月13日（週三） 下午 7:06]   click [Sleep] Sleep until 7:00 AM
  69.8s [8月14日（週四） 上午 7:07]   use "Packing table"
  69.8s [8月14日（週四） 上午 7:08]   click [Pack] 打包 22 筆訂單（2 小時 56 分）
  69.8s [8月14日（週四） 上午 10:05]   click [CourierEconomy] 快遞 · 經濟 3 天（$132.72）
  70.0s [8月14日（週四） 下午 7:06]   use "Sleep"
  70.1s [8月14日（週四） 下午 7:06]   click [Sleep] Sleep until 7:00 AM
  70.4s [8月15日（週五） 上午 7:07]   use "Packing table"
  70.4s [8月15日（週五） 上午 7:08]   click [Pack] 打包 23 筆訂單（3 小時 4 分）
  70.5s [8月15日（週五） 上午 10:13]   click [CourierEconomy] 快遞 · 經濟 3 天（$138.48）
  70.7s [8月15日（週五） 下午 7:06]   use "Sleep"
  70.7s [8月15日（週五） 下午 7:06]   click [Sleep] Sleep until 7:00 AM
  71.0s [8月16日（週六） 上午 7:07]   use "Packing table"
  71.0s [8月16日（週六） 上午 7:08]   click [Pack] 打包 19 筆訂單（2 小時 32 分）
  71.1s [8月16日（週六） 上午 9:41]   click [CourierEconomy] 快遞 · 經濟 3 天（$115.44）
  71.3s [8月16日（週六） 下午 7:06]   use "Sleep"
  71.3s [8月16日（週六） 下午 7:06]   click [Sleep] Sleep until 7:00 AM
  71.6s [8月17日（週日） 上午 7:07]   use "Packing table"
  71.6s [8月17日（週日） 上午 7:08]   click [Pack] 打包 18 筆訂單（2 小時 24 分）
  71.7s [8月17日（週日） 上午 9:33]   click [CourierEconomy] 快遞 · 經濟 3 天（$109.68）
  71.9s [8月17日（週日） 下午 7:06]   use "Sleep"
  71.9s [8月17日（週日） 下午 7:06]   click [Sleep] Sleep until 7:00 AM
  72.2s [8月18日（週一） 上午 7:07]   use "Packing table"
  72.2s [8月18日（週一） 上午 7:08]   click [Pack] 打包 12 筆訂單（1 小時 36 分）
  72.3s [8月18日（週一） 上午 8:45]   click [CourierEconomy] 快遞 · 經濟 3 天（$75.12）
  72.5s [8月18日（週一） 下午 7:06]   use "Sleep"
  72.5s [8月18日（週一） 下午 7:06]   click [Sleep] Sleep until 7:00 AM
  72.8s [8月19日（週二） 上午 7:07]   use "Packing table"
  72.9s [8月19日（週二） 上午 7:08]   click [Pack] 打包 28 筆訂單（3 小時 44 分）
  72.9s [8月19日（週二） 上午 10:53]   click [CourierEconomy] 快遞 · 經濟 3 天（$167.28）
  73.0s [8月19日（週二） 上午 10:57]   use "Use laptop — Company OS"
  73.1s [8月19日（週二） 上午 10:58]   click [Tab_operations] Operations
  73.2s [8月19日（週二） 上午 10:59]   click [DeliverTo_riverside_studio] 河濱大樓 7C
  73.3s [8月19日（週二） 上午 10:59]   click [Buy_tradelink_wholesale_phone_stand] 購買 $305
  73.5s [8月19日（週二） 下午 7:05]   use "Sleep"
  73.6s [8月19日（週二） 下午 7:05]   click [Sleep] Sleep until 7:00 AM
  73.9s [8月20日（週三） 上午 7:07]   use "Packing table"
  74.0s [8月20日（週三） 上午 7:08]   click [Pack] 打包 22 筆訂單（2 小時 56 分）
  74.0s [8月20日（週三） 上午 10:05]   click [CourierEconomy] 快遞 · 經濟 3 天（$132.72）
  74.2s [8月20日（週三） 下午 7:06]   use "Sleep"
  74.2s [8月20日（週三） 下午 7:06]   click [Sleep] Sleep until 7:00 AM
  74.5s [8月21日（週四） 上午 7:07]   use "Packing table"
  74.6s [8月21日（週四） 上午 7:08]   click [Pack] 打包 14 筆訂單（1 小時 52 分）
  74.6s [8月21日（週四） 上午 9:01]   click [CourierEconomy] 快遞 · 經濟 3 天（$86.64）
  74.7s [8月21日（週四） 上午 9:05]   use "Use laptop — Company OS"
  74.8s [8月21日（週四） 上午 9:06]   click [Tab_operations] Operations
  74.9s [8月21日（週四） 上午 9:07]   click [DeliverTo_riverside_studio] 河濱大樓 7C
  74.9s [8月21日（週四） 上午 9:07]   click [Buy_tradelink_wholesale_wireless_earbuds] 購買 $1,008
  75.0s [8月21日（週四） 上午 9:17]   click [Buy_tradelink_wholesale_wireless_earbuds] 購買 $1,008
  75.2s [8月21日（週四） 下午 7:05]   use "Sleep"
  75.4s [8月21日（週四） 下午 7:05]   click [Sleep] Sleep until 7:00 AM
  75.7s [8月22日（週五） 上午 7:07]   use "Packing table"
  75.7s [8月22日（週五） 上午 7:08]   click [Pack] 打包 19 筆訂單（2 小時 32 分）
  75.8s [8月22日（週五） 上午 9:41]   click [CourierEconomy] 快遞 · 經濟 3 天（$115.44）
  75.9s [8月22日（週五） 上午 9:45]   use "Use laptop — Company OS"
  75.9s [8月22日（週五） 上午 9:46]   click [Tab_operations] Operations
  76.0s [8月22日（週五） 上午 9:47]   click [DeliverTo_riverside_studio] 河濱大樓 7C
  76.1s [8月22日（週五） 上午 9:47]   click [Buy_tradelink_wholesale_water_bottle] 購買 $604
  76.1s [8月22日（週五） 上午 9:57]   click [Buy_tradelink_wholesale_water_bottle] 購買 $604
  76.3s [8月22日（週五） 下午 7:05]   use "Sleep"
  76.5s [8月22日（週五） 下午 7:05]   click [Sleep] Sleep until 7:00 AM
  76.8s [8月23日（週六） 上午 7:07]   use "Packing table"
  76.8s [8月23日（週六） 上午 7:08]   click [Pack] 打包 16 筆訂單（2 小時 8 分）
  76.8s [8月23日（週六） 上午 9:17]   click [CourierEconomy] 快遞 · 經濟 3 天（$98.16）
  76.9s [8月23日（週六） 上午 9:21]   use "Use laptop — Company OS"
  77.0s [8月23日（週六） 上午 9:22]   click [Tab_operations] Operations
  77.1s [8月23日（週六） 上午 9:23]   click [DeliverTo_riverside_studio] 河濱大樓 7C
  77.1s [8月23日（週六） 上午 9:23]   click [Buy_tradelink_wholesale_desk_lamp] 購買 $515
  77.2s [8月23日（週六） 上午 9:33]   click [Buy_tradelink_wholesale_desk_lamp] 購買 $515
  77.4s [8月23日（週六） 下午 7:05]   use "Sleep"
  77.6s [8月23日（週六） 下午 7:05]   click [Sleep] Sleep until 7:00 AM
  77.9s [8月24日（週日） 上午 7:07]   use "Packing table"
  77.9s [8月24日（週日） 上午 7:08]   click [Pack] 打包 27 筆訂單（3 小時 36 分）
  78.0s [8月24日（週日） 上午 10:45]   click [CourierEconomy] 快遞 · 經濟 3 天（$161.52）
  78.2s [8月24日（週日） 下午 7:06]   use "Sleep"
  78.2s [8月24日（週日） 下午 7:06]   click [Sleep] Sleep until 7:00 AM
  78.3s [8月25日（週一） 上午 1:48]   toast: 新評價 #2232：★「壞掉了，賣家不處理。」
  78.5s [8月25日（週一） 上午 7:07]   use "Packing table"
  78.6s [8月25日（週一） 上午 7:08]   click [Pack] 打包 27 筆訂單（3 小時 36 分）
  78.6s [8月25日（週一） 上午 10:45]   click [CourierEconomy] 快遞 · 經濟 3 天（$161.52）
  78.8s [8月25日（週一） 下午 7:06]   use "Sleep"
  78.9s [8月25日（週一） 下午 7:06]   click [Sleep] Sleep until 7:00 AM
  79.2s [8月26日（週二） 上午 7:07]   use "Packing table"
  79.2s [8月26日（週二） 上午 7:08]   click [Pack] 打包 20 筆訂單（2 小時 40 分）
  79.2s [8月26日（週二） 上午 9:49]   click [CourierEconomy] 快遞 · 經濟 3 天（$121.20）
  79.5s [8月26日（週二） 下午 7:06]   use "Sleep"
  79.5s [8月26日（週二） 下午 7:06]   click [Sleep] Sleep until 7:00 AM
  79.8s [8月27日（週三） 上午 7:07]   use "Packing table"
  79.8s [8月27日（週三） 上午 7:08]   click [Pack] 打包 28 筆訂單（3 小時 44 分）
  79.9s [8月27日（週三） 上午 11:01]   click [CourierEconomy] 快遞 · 經濟 3 天（$187.44）
  80.1s [8月27日（週三） 下午 7:06]   use "Sleep"
  80.1s [8月27日（週三） 下午 7:06]   click [Sleep] Sleep until 7:00 AM
  80.4s [8月28日（週四） 上午 7:07]   use "Packing table"
  80.5s [8月28日（週四） 上午 7:08]   click [Pack] 打包 27 筆訂單（3 小時 36 分）
  80.5s [8月28日（週四） 上午 10:45]   click [CourierEconomy] 快遞 · 經濟 3 天（$165.12）
  80.7s [8月28日（週四） 下午 7:06]   use "Sleep"
  80.8s [8月28日（週四） 下午 7:06]   click [Sleep] Sleep until 7:00 AM
  81.1s [8月29日（週五） 上午 7:07]   use "Packing table"
  81.1s [8月29日（週五） 上午 7:08]   click [Pack] 打包 26 筆訂單（3 小時 28 分）
  81.2s [8月29日（週五） 上午 10:37]   click [CourierEconomy] 快遞 · 經濟 3 天（$184.56）
  81.3s [8月29日（週五） 上午 10:41]   use "Use laptop — Company OS"
  81.3s [8月29日（週五） 上午 10:42]   click [Tab_operations] Operations
  81.4s [8月29日（週五） 上午 10:43]   click [DeliverTo_riverside_studio] 河濱大樓 7C
  81.5s [8月29日（週五） 上午 10:43]   click [Buy_tradelink_wholesale_phone_stand] 購買 $305
  81.6s [8月29日（週五） 上午 10:53]   click [Buy_tradelink_wholesale_phone_stand] 購買 $305
  81.8s [8月29日（週五） 下午 7:05]   use "Sleep"
  81.9s [8月29日（週五） 下午 7:05]   click [Sleep] Sleep until 7:00 AM
  82.2s [8月30日（週六） 上午 7:07]   use "Packing table"
  82.3s [8月30日（週六） 上午 7:08]   click [Pack] 打包 21 筆訂單（2 小時 48 分）
  82.3s [8月30日（週六） 上午 9:57]   click [CourierEconomy] 快遞 · 經濟 3 天（$134.16）
  82.5s [8月30日（週六） 下午 7:06]   use "Sleep"
  82.6s [8月30日（週六） 下午 7:06]   click [Sleep] Sleep until 7:00 AM
  82.9s [8月31日（週日） 上午 7:07]   use "Packing table"
  82.9s [8月31日（週日） 上午 7:08]   click [Pack] 打包 28 筆訂單（3 小時 44 分）
  83.0s [8月31日（週日） 上午 10:53]   click [CourierEconomy] 快遞 · 經濟 3 天（$181.68）
  83.1s [8月31日（週日） 下午 7:00]   (shot decision_supplier_price_increase skipped: headless)
  83.1s [8月31日（週日） 下午 7:00]   decision supplier_price_increase → accept
  83.1s [8月31日（週日） 下午 7:00]   click [Choice_accept] 好。繼續跟你進貨。
  83.1s [8月31日（週日） 下午 7:00]   (shot decision_outcome_supplier_price_increase skipped: headless)
  83.1s [8月31日（週日） 下午 7:00]   click "OK"
  83.3s [8月31日（週日） 下午 7:07]   use "Sleep"
  83.3s [8月31日（週日） 下午 7:07]   click [Sleep] Sleep until 7:00 AM
  83.8s [9月1日（週一） 上午 7:00]   (shot month_close_report skipped: headless)
  83.8s [9月1日（週一） 上午 7:00]   click [month close] Continue
  83.9s [9月1日（週一） 上午 7:07]   use "Packing table"
  84.0s [9月1日（週一） 上午 7:08]   click [Pack] 打包 24 筆訂單（3 小時 12 分）
  84.0s [9月1日（週一） 上午 10:21]   click [CourierEconomy] 快遞 · 經濟 3 天（$158.64）
  84.3s [9月1日（週一） 下午 7:06]   use "Sleep"
  84.4s [9月1日（週一） 下午 7:06]   click [Sleep] Sleep until 7:00 AM
  84.8s [9月2日（週二） 上午 7:07]   use "Packing table"
  84.8s [9月2日（週二） 上午 7:08]   click [Pack] 打包 28 筆訂單（3 小時 44 分）
  84.9s [9月2日（週二） 上午 10:53]   click [CourierEconomy] 快遞 · 經濟 3 天（$181.68）
  85.1s [9月2日（週二） 下午 7:06]   use "Sleep"
  85.1s [9月2日（週二） 下午 7:06]   click [Sleep] Sleep until 7:00 AM
  85.5s [9月3日（週三） 上午 7:07]   use "Packing table"
  85.5s [9月3日（週三） 上午 7:08]   click [Pack] 打包 32 筆訂單（4 小時 16 分）
  85.6s [9月3日（週三） 上午 11:25]   click [CourierEconomy] 快遞 · 經濟 3 天（$215.52）
  85.8s [9月3日（週三） 下午 7:06]   use "Sleep"
  85.8s [9月3日（週三） 下午 7:06]   click [Sleep] Sleep until 7:00 AM
  86.1s [9月4日（週四） 上午 7:07]   use "Packing table"
  86.1s [9月4日（週四） 上午 7:08]   click [Pack] 打包 27 筆訂單（3 小時 36 分）
  86.2s [9月4日（週四） 上午 10:45]   click [CourierEconomy] 快遞 · 經濟 3 天（$186.72）
  86.3s [9月4日（週四） 上午 10:49]   use "Use laptop — Company OS"
  86.4s [9月4日（週四） 上午 10:50]   click [Tab_operations] Operations
  86.5s [9月4日（週四） 上午 10:51]   click [DeliverTo_riverside_studio] 河濱大樓 7C
  86.6s [9月4日（週四） 上午 10:51]   click [Buy_tradelink_wholesale_wireless_earbuds] 購買 $1,008
  86.6s [9月4日（週四） 上午 11:01]   click [Buy_tradelink_wholesale_wireless_earbuds] 購買 $1,008
  86.9s [9月4日（週四） 下午 7:05]   use "Sleep"
  87.0s [9月4日（週四） 下午 7:05]   click [Sleep] Sleep until 7:00 AM
  87.3s [9月5日（週五） 上午 7:07]   use "Packing table"
  87.4s [9月5日（週五） 上午 7:08]   click [Pack] 打包 22 筆訂單（2 小時 56 分）
  87.4s [9月5日（週五） 上午 10:05]   click [CourierEconomy] 快遞 · 經濟 3 天（$147.12）
  87.6s [9月5日（週五） 下午 7:06]   use "Sleep"
  87.7s [9月5日（週五） 下午 7:06]   click [Sleep] Sleep until 7:00 AM
  88.0s [9月6日（週六） 上午 7:07]   use "Packing table"
  88.0s [9月6日（週六） 上午 7:08]   click [Pack] 打包 31 筆訂單（4 小時 8 分）
  88.1s [9月6日（週六） 上午 11:17]   click [CourierEconomy] 快遞 · 經濟 3 天（$198.96）
  88.3s [9月6日（週六） 下午 7:06]   use "Sleep"
  88.3s [9月6日（週六） 下午 7:06]   click [Sleep] Sleep until 7:00 AM
  88.7s [9月7日（週日） 上午 7:07]   use "Packing table"
  88.7s [9月7日（週日） 上午 7:08]   click [Pack] 打包 30 筆訂單（4 h）
  88.8s [9月7日（週日） 上午 11:09]   click [CourierEconomy] 快遞 · 經濟 3 天（$207.60）
  88.9s [9月7日（週日） 上午 11:13]   use "Use laptop — Company OS"
  89.0s [9月7日（週日） 上午 11:14]   click [Tab_operations] Operations
  89.0s [9月7日（週日） 上午 11:15]   click [DeliverTo_riverside_studio] 河濱大樓 7C
  89.1s [9月7日（週日） 上午 11:15]   click [Buy_tradelink_wholesale_desk_lamp] 購買 $515
  89.2s [9月7日（週日） 上午 11:25]   click [Buy_tradelink_wholesale_desk_lamp] 購買 $515
  89.4s [9月7日（週日） 下午 7:05]   use "Sleep"
  89.6s [9月7日（週日） 下午 7:05]   click [Sleep] Sleep until 7:00 AM
  89.9s [9月8日（週一） 上午 7:07]   use "Packing table"
  89.9s [9月8日（週一） 上午 7:08]   click [Pack] 打包 20 筆訂單（2 小時 40 分）
  90.0s [9月8日（週一） 上午 9:49]   click [CourierEconomy] 快遞 · 經濟 3 天（$139.20）
  90.2s [9月8日（週一） 下午 7:06]   use "Sleep"
  90.2s [9月8日（週一） 下午 7:06]   click [Sleep] Sleep until 7:00 AM
  90.6s [9月9日（週二） 上午 7:07]   use "Packing table"
  90.6s [9月9日（週二） 上午 7:08]   click [Pack] 打包 31 筆訂單（4 小時 8 分）
  90.7s [9月9日（週二） 上午 11:17]   click [CourierEconomy] 快遞 · 經濟 3 天（$191.76）
  90.8s [9月9日（週二） 上午 11:21]   use "Use laptop — Company OS"
  90.9s [9月9日（週二） 上午 11:22]   click [Tab_operations] Operations
  91.0s [9月9日（週二） 上午 11:23]   click [DeliverTo_riverside_studio] 河濱大樓 7C
  91.0s [9月9日（週二） 上午 11:23]   click [Buy_tradelink_wholesale_water_bottle] 購買 $604
  91.1s [9月9日（週二） 上午 11:33]   click [Buy_tradelink_wholesale_water_bottle] 購買 $604
  91.3s [9月9日（週二） 下午 7:05]   use "Sleep"
  91.5s [9月9日（週二） 下午 7:05]   click [Sleep] Sleep until 7:00 AM
  91.8s [9月10日（週三） 上午 7:07]   use "Packing table"
  91.8s [9月10日（週三） 上午 7:08]   click [Pack] 打包 25 筆訂單（3 小時 20 分）
  91.9s [9月10日（週三） 上午 10:29]   click [CourierEconomy] 快遞 · 經濟 3 天（$160.80）
  92.1s [9月10日（週三） 下午 7:06]   use "Sleep"
  92.2s [9月10日（週三） 下午 7:06]   click [Sleep] Sleep until 7:00 AM
  92.5s [9月11日（週四） 上午 7:07]   use "Packing table"
  92.6s [9月11日（週四） 上午 7:08]   click [Pack] 打包 27 筆訂單（3 小時 36 分）
  92.6s [9月11日（週四） 上午 10:45]   click [CourierEconomy] 快遞 · 經濟 3 天（$179.52）
  92.8s [9月11日（週四） 下午 7:06]   use "Sleep"
  92.9s [9月11日（週四） 下午 7:06]   click [Sleep] Sleep until 7:00 AM
  93.2s [9月12日（週五） 上午 7:07]   use "Packing table"
  93.2s [9月12日（週五） 上午 7:08]   click [Pack] 打包 31 筆訂單（4 小時 8 分）
  93.3s [9月12日（週五） 上午 11:17]   click [CourierEconomy] 快遞 · 經濟 3 天（$206.16）
  93.5s [9月12日（週五） 下午 7:06]   use "Sleep"
  93.6s [9月12日（週五） 下午 7:06]   click [Sleep] Sleep until 7:00 AM
  93.9s [9月13日（週六） 上午 7:07]   use "Packing table"
  94.0s [9月13日（週六） 上午 7:08]   click [Pack] 打包 19 筆訂單（2 小時 32 分）
  94.0s [9月13日（週六） 上午 9:41]   click [CourierEconomy] 快遞 · 經濟 3 天（$129.84）
  94.2s [9月13日（週六） 下午 7:06]   use "Sleep"
  94.3s [9月13日（週六） 下午 7:06]   click [Sleep] Sleep until 7:00 AM
  94.6s [9月14日（週日） 上午 7:07]   use "Packing table"
  94.6s [9月14日（週日） 上午 7:08]   click [Pack] 打包 24 筆訂單（3 小時 12 分）
  94.7s [9月14日（週日） 上午 10:21]   click [CourierEconomy] 快遞 · 經濟 3 天（$169.44）
  94.9s [9月14日（週日） 下午 7:06]   use "Sleep"
  95.0s [9月14日（週日） 下午 7:06]   click [Sleep] Sleep until 7:00 AM
  95.3s [9月15日（週一） 上午 7:07]   use "Packing table"
  95.4s [9月15日（週一） 上午 7:08]   click [Pack] 打包 32 筆訂單（4 小時 16 分）
  95.5s [9月15日（週一） 上午 11:25]   click [CourierEconomy] 快遞 · 經濟 3 天（$204.72）
  95.7s [9月15日（週一） 下午 7:06]   use "Sleep"
  95.7s [9月15日（週一） 下午 7:06]   click [Sleep] Sleep until 7:00 AM
  96.1s [9月16日（週二） 上午 7:07]   use "Packing table"
  96.1s [9月16日（週二） 上午 7:08]   click [Pack] 打包 27 筆訂單（3 小時 36 分）
  96.2s [9月16日（週二） 上午 10:45]   click [CourierEconomy] 快遞 · 經濟 3 天（$172.32）
  96.4s [9月16日（週二） 下午 7:06]   use "Sleep"
  96.4s [9月16日（週二） 下午 7:06]   click [Sleep] Sleep until 7:00 AM
  96.8s [9月17日（週三） 上午 7:07]   use "Packing table"
  96.8s [9月17日（週三） 上午 7:08]   click [Pack] 打包 38 筆訂單（5 小時 4 分）
  96.9s [9月17日（週三） 下午 12:13]   click [CourierEconomy] 快遞 · 經濟 3 天（$239.28）
  97.0s [9月17日（週三） 下午 12:17]   use "Use laptop — Company OS"
  97.1s [9月17日（週三） 下午 12:18]   click [Tab_operations] Operations
  97.1s [9月17日（週三） 下午 12:19]   click [DeliverTo_riverside_studio] 河濱大樓 7C
  97.2s [9月17日（週三） 下午 12:19]   click [Buy_tradelink_wholesale_wireless_earbuds] 購買 $1,008
  97.3s [9月17日（週三） 下午 12:29]   click [Buy_tradelink_wholesale_wireless_earbuds] 購買 $1,008
  97.4s [9月17日（週三） 下午 12:40]   click [Buy_tradelink_wholesale_phone_stand] 購買 $305
  97.4s [9月17日（週三） 下午 12:50]   click [Buy_tradelink_wholesale_phone_stand] 購買 $305
  97.8s [9月17日（週三） 下午 7:04]   use "Sleep"
  97.8s [9月17日（週三） 下午 7:04]   click [Sleep] Sleep until 7:00 AM
  98.2s [9月18日（週四） 上午 7:07]   use "Packing table"
  98.2s [9月18日（週四） 上午 7:08]   click [Pack] 打包 24 筆訂單（3 小時 12 分）
  98.3s [9月18日（週四） 上午 10:21]   click [CourierEconomy] 快遞 · 經濟 3 天（$162.24）
  98.4s [9月18日（週四） 下午 7:00]   (shot decision_supplier_price_increase skipped: headless)
  98.4s [9月18日（週四） 下午 7:00]   decision supplier_price_increase → accept
  98.4s [9月18日（週四） 下午 7:00]   click [Choice_accept] 好。繼續跟你進貨。
  98.4s [9月18日（週四） 下午 7:00]   (shot decision_outcome_supplier_price_increase skipped: headless)
  98.4s [9月18日（週四） 下午 7:00]   click "OK"
  98.6s [9月18日（週四） 下午 7:07]   use "Sleep"
  98.6s [9月18日（週四） 下午 7:07]   click [Sleep] Sleep until 7:00 AM
  99.1s [9月19日（週五） 上午 7:07]   use "Packing table"
  99.1s [9月19日（週五） 上午 7:08]   click [Pack] 打包 25 筆訂單（3 小時 20 分）
  99.2s [9月19日（週五） 上午 10:29]   click [CourierEconomy] 快遞 · 經濟 3 天（$164.40）
  99.4s [9月19日（週五） 下午 7:06]   use "Sleep"
  99.4s [9月19日（週五） 下午 7:06]   click [Sleep] Sleep until 7:00 AM
  99.8s [9月20日（週六） 上午 7:07]   use "Packing table"
  99.8s [9月20日（週六） 上午 7:08]   click [Pack] 打包 28 筆訂單（3 小時 44 分）
  99.9s [9月20日（週六） 上午 10:53]   click [CourierEconomy] 快遞 · 經濟 3 天（$178.08）
 100.2s [9月20日（週六） 下午 7:06]   use "Sleep"
 100.2s [9月20日（週六） 下午 7:06]   click [Sleep] Sleep until 7:00 AM
 100.6s [9月21日（週日） 上午 7:07]   use "Packing table"
 100.6s [9月21日（週日） 上午 7:08]   click [Pack] 打包 24 筆訂單（3 小時 12 分）
 100.7s [9月21日（週日） 上午 10:21]   click [CourierEconomy] 快遞 · 經濟 3 天（$165.84）
 100.9s [9月21日（週日） 下午 7:06]   use "Sleep"
 100.9s [9月21日（週日） 下午 7:06]   click [Sleep] Sleep until 7:00 AM
 101.3s [9月22日（週一） 上午 7:07]   use "Packing table"
 101.4s [9月22日（週一） 上午 7:08]   click [Pack] 打包 29 筆訂單（3 小時 52 分）
 101.4s [9月22日（週一） 上午 11:01]   click [CourierEconomy] 快遞 · 經濟 3 天（$187.44）
 101.5s [9月22日（週一） 上午 11:05]   use "Use laptop — Company OS"
 101.7s [9月22日（週一） 上午 11:06]   click [Tab_operations] Operations
 101.7s [9月22日（週一） 上午 11:07]   click [DeliverTo_riverside_studio] 河濱大樓 7C
 101.8s [9月22日（週一） 上午 11:07]   click [Buy_tradelink_wholesale_desk_lamp] 購買 $515
 101.9s [9月22日（週一） 上午 11:17]   click [Buy_tradelink_wholesale_desk_lamp] 購買 $515
 102.2s [9月22日（週一） 下午 7:05]   use "Sleep"
 102.3s [9月22日（週一） 下午 7:05]   click [Sleep] Sleep until 7:00 AM
 102.7s [9月23日（週二） 上午 7:07]   use "Packing table"
 102.7s [9月23日（週二） 上午 7:08]   click [Pack] 打包 17 筆訂單（2 小時 16 分）
 102.8s [9月23日（週二） 上午 9:25]   click [CourierEconomy] 快遞 · 經濟 3 天（$114.72）
 103.0s [9月23日（週二） 下午 7:06]   use "Sleep"
 103.0s [9月23日（週二） 下午 7:06]   click [Sleep] Sleep until 7:00 AM
 103.4s [9月24日（週三） 上午 7:07]   use "Packing table"
 103.4s [9月24日（週三） 上午 7:08]   click [Pack] 打包 22 筆訂單（2 小時 56 分）
 103.5s [9月24日（週三） 上午 10:05]   click [CourierEconomy] 快遞 · 經濟 3 天（$154.32）
 103.8s [9月24日（週三） 下午 7:06]   use "Sleep"
 103.8s [9月24日（週三） 下午 7:06]   click [Sleep] Sleep until 7:00 AM
 104.1s [9月25日（週四） 上午 7:07]   use "Packing table"
 104.2s [9月25日（週四） 上午 7:08]   click [Pack] 打包 31 筆訂單（4 小時 8 分）
 104.2s [9月25日（週四） 上午 11:17]   click [CourierEconomy] 快遞 · 經濟 3 天（$209.76）
 104.5s [9月25日（週四） 下午 7:06]   use "Sleep"
 104.5s [9月25日（週四） 下午 7:06]   click [Sleep] Sleep until 7:00 AM
 104.5s [9月25日（週四） 下午 11:05]   toast: 新評價 #3138：★「壞掉了，賣家不處理。」
 104.9s [9月26日（週五） 上午 7:07]   use "Packing table"
 104.9s [9月26日（週五） 上午 7:08]   click [Pack] 打包 27 筆訂單（3 小時 36 分）
 105.0s [9月26日（週五） 上午 10:45]   click [CourierEconomy] 快遞 · 經濟 3 天（$183.12）
 105.1s [9月26日（週五） 上午 10:49]   use "Use laptop — Company OS"
 105.2s [9月26日（週五） 上午 10:50]   click [Tab_operations] Operations
 105.3s [9月26日（週五） 上午 10:51]   click [DeliverTo_riverside_studio] 河濱大樓 7C
 105.4s [9月26日（週五） 上午 10:51]   click [Buy_tradelink_wholesale_water_bottle] 購買 $604
 105.5s [9月26日（週五） 上午 11:01]   click [Buy_tradelink_wholesale_water_bottle] 購買 $604
 105.7s [9月26日（週五） 下午 7:05]   use "Sleep"
 105.9s [9月26日（週五） 下午 7:05]   click [Sleep] Sleep until 7:00 AM
 106.3s [9月27日（週六） 上午 7:07]   use "Packing table"
 106.3s [9月27日（週六） 上午 7:08]   click [Pack] 打包 32 筆訂單（4 小時 16 分）
 106.4s [9月27日（週六） 上午 11:25]   click [CourierEconomy] 快遞 · 經濟 3 天（$201.12）
 106.6s [9月27日（週六） 下午 7:06]   use "Sleep"
 106.6s [9月27日（週六） 下午 7:06]   click [Sleep] Sleep until 7:00 AM
 107.0s [9月28日（週日） 上午 7:07]   use "Packing table"
 107.1s [9月28日（週日） 上午 7:08]   click [Pack] 打包 33 筆訂單（4 小時 24 分）
 107.1s [9月28日（週日） 上午 11:33]   click [CourierEconomy] 快遞 · 經濟 3 天（$214.08）
 107.4s [9月28日（週日） 下午 7:06]   use "Sleep"
 107.4s [9月28日（週日） 下午 7:06]   click [Sleep] Sleep until 7:00 AM
 107.8s [9月29日（週一） 上午 7:07]   use "Packing table"
 107.8s [9月29日（週一） 上午 7:08]   click [Pack] 打包 31 筆訂單（4 小時 8 分）
 107.9s [9月29日（週一） 上午 11:17]   click [CourierEconomy] 快遞 · 經濟 3 天（$206.16）
 108.1s [9月29日（週一） 下午 7:06]   use "Sleep"
 108.2s [9月29日（週一） 下午 7:06]   click [Sleep] Sleep until 7:00 AM
 108.6s [9月30日（週二） 上午 7:07]   use "Packing table"
 108.6s [9月30日（週二） 上午 7:08]   click [Pack] 打包 27 筆訂單（3 小時 36 分）
 108.7s [9月30日（週二） 上午 10:45]   click [CourierEconomy] 快遞 · 經濟 3 天（$183.12）
 108.9s [9月30日（週二） 下午 7:06]   use "Sleep"
 108.9s [9月30日（週二） 下午 7:06]   click [Sleep] Sleep until 7:00 AM
 109.4s [10月1日（週三） 上午 7:00]   (shot month_close_report skipped: headless)
 109.4s [10月1日（週三） 上午 7:00]   click [month close] Continue
 109.6s [10月1日（週三） 上午 7:07]   use "Packing table"
 109.6s [10月1日（週三） 上午 7:08]   click [Pack] 打包 27 筆訂單（3 小時 36 分）
 109.7s [10月1日（週三） 上午 10:45]   click [CourierEconomy] 快遞 · 經濟 3 天（$133.92）
 109.8s [10月1日（週三） 上午 10:47]   ok  Chapter 7 complete
 109.8s [10月1日（週三） 上午 10:47]   ok  Chapter 7 passed with real profit, not two losses
 109.8s [10月1日（週三） 上午 10:47]   ch7_month_profit set from actual ledger profit $1,551; survived_losses=false
 109.8s [10月1日（週三） 上午 10:47]   ok  positive chapter seven monthly profit
 109.8s [10月1日（週三） 上午 10:47] STEP Chapter 8 — the Green Shift
 109.8s [10月1日（週三） 上午 10:47]   ok  Year 4: the Green Shift
 110.1s [10月1日（週三） 上午 10:51]   ok  walked back outside
 110.5s [10月1日（週三） 上午 10:56]   ok  entered Bloom Coffee
 110.5s [10月1日（週三） 上午 10:59]   use "Read the news board"
 110.6s [10月1日（週三） 上午 11:04]   (shot news_green_shift skipped: headless)
 110.6s [10月1日（週三） 上午 11:04]   ok  read the news (green_shift)
 110.9s [10月1日（週三） 上午 11:09]   ok  walked back outside
 111.3s [10月1日（週三） 上午 11:14]   ok  entered Riverside Tower
 111.3s [10月1日（週三） 上午 11:16]   use "Use laptop — Company OS"
 111.5s [10月1日（週三） 上午 11:17]   click [Tab_operations] Operations
 111.6s [10月1日（週三） 上午 11:18]   click [Packaging_recycled] Recycled paper
 111.7s [10月1日（週三） 上午 11:19]   click [Buy_verdant_supply_solar_lamp] 購買 $504
 111.8s [10月1日（週三） 上午 11:29]   (shot operations_green skipped: headless)
 111.8s [10月1日（週三） 上午 11:30]   ok  recycled packaging
 112.0s [10月1日（週三） 下午 7:05]   use "Sleep"
 112.0s [10月1日（週三） 下午 7:05]   click [Sleep] Sleep until 7:00 AM
 112.5s [10月2日（週四） 上午 7:07]   use "Packing table"
 112.5s [10月2日（週四） 上午 7:08]   click [Pack] 打包 25 筆訂單（3 小時 20 分）
 112.6s [10月2日（週四） 上午 10:29]   click [CourierEconomy] 快遞 · 經濟 3 天（$125.60）
 112.8s [10月2日（週四） 下午 7:06]   use "Sleep"
 112.8s [10月2日（週四） 下午 7:06]   click [Sleep] Sleep until 7:00 AM
 113.2s [10月3日（週五） 上午 7:07]   use "Packing table"
 113.2s [10月3日（週五） 上午 7:08]   click [Pack] 打包 22 筆訂單（2 小時 56 分）
 113.3s [10月3日（週五） 上午 10:05]   click [CourierEconomy] 快遞 · 經濟 3 天（$102.72）
 113.5s [10月3日（週五） 下午 7:06]   use "Sleep"
 113.6s [10月3日（週五） 下午 7:06]   click [Sleep] Sleep until 7:00 AM
 114.0s [10月4日（週六） 上午 7:07]   use "Packing table"
 114.0s [10月4日（週六） 上午 7:08]   click [Pack] 打包 31 筆訂單（4 小時 8 分）
 114.1s [10月4日（週六） 上午 11:17]   click [CourierEconomy] 快遞 · 經濟 3 天（$147.96）
 114.3s [10月4日（週六） 下午 7:06]   use "Sleep"
 114.4s [10月4日（週六） 下午 7:06]   click [Sleep] Sleep until 7:00 AM
 114.9s [10月5日（週日） 上午 7:07]   use "Packing table"
 114.9s [10月5日（週日） 上午 7:08]   click [Pack] 打包 37 筆訂單（4 小時 56 分）
 115.0s [10月5日（週日） 下午 12:05]   click [CourierEconomy] 快遞 · 經濟 3 天（$167.72）
 115.1s [10月5日（週日） 下午 12:07]   ok  solar desk lamps arrived before listing
 115.1s [10月5日（週日） 下午 12:09]   use "Use laptop — Company OS"
 115.3s [10月5日（週日） 下午 12:10]   click [Tab_sales] Sales
 115.3s [10月5日（週日） 下午 12:11]   click [ListSelf_solar_lamp] Shoot photos myself & list (1 h 20 min)
 115.5s [10月5日（週日） 下午 1:33]   ok  solar desk lamps listed
 115.5s [10月5日（週日） 下午 1:33] STEP Chapter 8 — the Green Business Grant at City Hall
 115.5s [10月5日（週日） 下午 1:33]   (harness) wait 2 h
 115.8s [10月5日（週日） 下午 3:38]   use "Packing table"
 115.9s [10月5日（週日） 下午 3:39]   click [Pack] 打包 16 筆訂單（2 小時 8 分）
 115.9s [10月5日（週日） 下午 5:49]   click [CourierEconomy] 快遞 · 經濟 3 天（$72.56）
 116.0s [10月5日（週日） 下午 5:50]   (harness) wait 2 h
 116.0s [10月5日（週日） 下午 7:52]   use "Packing table"
 116.1s [10月5日（週日） 下午 7:53]   click [Pack] 打包 9 筆訂單（1 小時 12 分）
 116.1s [10月5日（週日） 下午 9:14]   click [CourierEconomy] 快遞 · 經濟 3 天（$50.20）
 116.3s [10月5日（週日） 下午 9:22]   use "Sleep"
 116.4s [10月5日（週日） 下午 9:22]   click [Sleep] Sleep until 7:00 AM
 116.8s [10月6日（週一） 上午 7:07]   use "Packing table"
 116.9s [10月6日（週一） 上午 7:08]   click [Pack] 打包 9 筆訂單（1 小時 12 分）
 116.9s [10月6日（週一） 上午 8:21]   click [CourierEconomy] 快遞 · 經濟 3 天（$46.04）
 117.0s [10月6日（週一） 上午 8:23]   (harness) wait 2 h
 117.1s [10月6日（週一） 上午 10:27]   use "Packing table"
 117.1s [10月6日（週一） 上午 10:28]   click [Pack] 打包 3 筆訂單（24 分鐘）
 117.1s [10月6日（週一） 上午 10:53]   click [CourierEconomy] 快遞 · 經濟 3 天（$21.08）
 117.5s [10月6日（週一） 上午 10:59]   ok  walked back outside
 118.1s [10月6日（週一） 上午 11:13]   use "捷運——河濱區站"
 118.1s [10月6日（週一） 上午 11:15]   (shot metro_civic_center skipped: headless)
 118.1s [10月6日（週一） 上午 11:15]   click [Go_civic_center] 市政中心  ·  12 分鐘
 118.4s [10月6日（週一） 上午 11:28]   ok  took the Metro to Civic Center
 118.9s [10月6日（週一） 上午 11:39]   ok  entered Aurelia City Hall
 119.0s [10月6日（週一） 上午 11:41]   use "Permits & regulations"
 119.0s [10月6日（週一） 上午 11:42]   (shot green_grant skipped: headless)
 119.0s [10月6日（週一） 上午 11:42]   click [ApplyGreenGrant] Apply
 119.1s [10月6日（週一） 下午 12:14]   ok  green grant approved
 119.1s [10月6日（週一） 下午 12:15]   ok  Chapter 8 complete
 119.1s [10月6日（週一） 下午 12:15] STEP Chapter 9 — the Clearing Crisis: an import stuck on the wire
 119.1s [10月6日（週一） 下午 12:15]   ok  Year 5: the Clearing Crisis
 119.4s [10月6日（週一） 下午 12:21]   ok  walked back outside
 119.7s [10月6日（週一） 下午 12:29]   use "捷運——市政中心站"
 119.8s [10月6日（週一） 下午 12:30]   (shot metro_riverside skipped: headless)
 119.8s [10月6日（週一） 下午 12:30]   click [Go_riverside] 河濱區  ·  12 分鐘
 120.0s [10月6日（週一） 下午 12:44]   ok  took the Metro to Riverside
 120.6s [10月6日（週一） 下午 12:55]   ok  entered Bloom Coffee
 120.7s [10月6日（週一） 下午 12:58]   use "Read the news board"
 120.7s [10月6日（週一） 下午 1:03]   (shot news_clearing_crisis skipped: headless)
 120.8s [10月6日（週一） 下午 1:03]   ok  read the news (clearing_crisis)
 121.1s [10月6日（週一） 下午 1:08]   ok  walked back outside
 121.5s [10月6日（週一） 下午 1:13]   ok  entered Riverside Tower
 121.6s [10月6日（週一） 下午 1:15]   use "Use laptop — Company OS"
 121.7s [10月6日（週一） 下午 1:16]   click [Tab_operations] Operations
 121.8s [10月6日（週一） 下午 1:17]   click [Buy_lumina_direct_phone_stand] 購買 $884
 121.9s [10月6日（週一） 下午 1:18]   (shot settlement_choice skipped: headless)
 121.9s [10月6日（週一） 下午 1:18]   click [Settle_international_wire] Pay this way
 122.0s [10月6日（週一） 下午 1:20]   ok  import ordered, paid by wire
 122.0s [10月6日（週一） 下午 1:20] STEP Chapter 9 — Lina Zhao at Nexus Bank
 122.3s [10月6日（週一） 下午 1:25]   ok  walked back outside
 122.9s [10月6日（週一） 下午 1:39]   use "捷運——河濱區站"
 122.9s [10月6日（週一） 下午 1:40]   (shot metro_financial skipped: headless)
 122.9s [10月6日（週一） 下午 1:40]   click [Go_financial] 金融區  ·  10 分鐘
 123.2s [10月6日（週一） 下午 1:52]   ok  took the Metro to Financial District
 123.8s [10月6日（週一） 下午 2:03]   ok  entered Nexus Bank
 123.9s [10月6日（週一） 下午 2:07]   use "和 Lina Zhao 說話"
 123.9s [10月6日（週一） 下午 2:07]   (shot lina_intro skipped: headless)
 124.1s [10月6日（週一） 下午 2:07]   choose "› 幫我開一個數位美元帳戶。"
 124.2s [10月6日（週一） 下午 2:07]   ok  met Lina Zhao
 124.5s [10月6日（週一） 下午 2:11]   ok  walked back outside
 124.8s [10月6日（週一） 下午 2:20]   use "捷運——金融區站"
 124.8s [10月6日（週一） 下午 2:22]   (shot metro_riverside skipped: headless)
 124.8s [10月6日（週一） 下午 2:22]   click [Go_riverside] 河濱區  ·  10 分鐘
 125.1s [10月6日（週一） 下午 2:33]   ok  took the Metro to Riverside
 125.9s [10月6日（週一） 下午 2:47]   ok  entered Riverside Tower
 125.9s [10月6日（週一） 下午 2:49]   use "Use laptop — Company OS"
 126.1s [10月6日（週一） 下午 2:50]   click [Tab_operations] Operations
 126.2s [10月6日（週一） 下午 2:51]   click [SpeedUp_PO-158] Speed up
 126.2s [10月6日（週一） 下午 2:52]   (shot settlement_speed_up skipped: headless)
 126.2s [10月6日（週一） 下午 2:52]   click [Settle_letter_of_credit] Switch
 126.4s [10月6日（週一） 下午 7:04]   use "Sleep"
 126.4s [10月6日（週一） 下午 7:04]   click [Sleep] Sleep until 7:00 AM
 126.8s [10月7日（週二） 上午 7:07]   use "Packing table"
 126.9s [10月7日（週二） 上午 7:08]   click [Pack] 打包 24 筆訂單（3 小時 12 分）
 126.9s [10月7日（週二） 上午 10:21]   click [CourierEconomy] 快遞 · 經濟 3 天（$112.56）
 127.3s [10月7日（週二） 下午 7:06]   use "Sleep"
 127.3s [10月7日（週二） 下午 7:06]   click [Sleep] Sleep until 7:00 AM
 127.7s [10月8日（週三） 上午 7:07]   use "Packing table"
 127.7s [10月8日（週三） 上午 7:08]   click [Pack] 打包 18 筆訂單（2 小時 24 分）
 127.8s [10月8日（週三） 上午 9:33]   click [CourierEconomy] 快遞 · 經濟 3 天（$87.12）
 127.9s [10月8日（週三） 下午 12:42]   toast: 新評價 #3426：★★「晚到還有刮痕。」
 128.0s [10月8日（週三） 下午 7:06]   use "Sleep"
 128.1s [10月8日（週三） 下午 7:06]   click [Sleep] Sleep until 7:00 AM
 128.5s [10月9日（週四） 上午 7:07]   use "Packing table"
 128.5s [10月9日（週四） 上午 7:08]   click [Pack] 打包 21 筆訂單（2 小時 48 分）
 128.6s [10月9日（週四） 上午 9:57]   click [CourierEconomy] 快遞 · 經濟 3 天（$96.24）
 128.7s [10月9日（週四） 下午 5:10]   toast: 新評價 #3521：★「壞掉了，賣家不處理。」
 128.8s [10月9日（週四） 下午 7:06]   use "Sleep"
 128.8s [10月9日（週四） 下午 7:06]   click [Sleep] Sleep until 7:00 AM
 128.9s [10月10日（週五） 上午 5:33]   toast: 新評價 #3486：★★「不太好。感覺很廉價。」
 129.3s [10月10日（週五） 上午 7:07]   use "Packing table"
 129.3s [10月10日（週五） 上午 7:08]   click [Pack] 打包 24 筆訂單（3 小時 12 分）
 129.4s [10月10日（週五） 上午 10:21]   click [CourierEconomy] 快遞 · 經濟 3 天（$114.96）
 129.6s [10月10日（週五） 下午 7:06]   use "Sleep"
 129.7s [10月10日（週五） 下午 7:06]   click [Sleep] Sleep until 7:00 AM
 130.1s [10月11日（週六） 上午 7:07]   use "Packing table"
 130.1s [10月11日（週六） 上午 7:08]   click [Pack] 打包 15 筆訂單（2 h）
 130.2s [10月11日（週六） 上午 9:09]   click [CourierEconomy] 快遞 · 經濟 3 天（$68.40）
 130.4s [10月11日（週六） 下午 7:06]   use "Sleep"
 130.4s [10月11日（週六） 下午 7:06]   click [Sleep] Sleep until 7:00 AM
 130.8s [10月12日（週日） 上午 7:07]   use "Packing table"
 130.9s [10月12日（週日） 上午 7:08]   click [Pack] 打包 17 筆訂單（2 小時 16 分）
 130.9s [10月12日（週日） 上午 9:25]   click [CourierEconomy] 快遞 · 經濟 3 天（$83.28）
 131.1s [10月12日（週日） 下午 7:06]   use "Sleep"
 131.2s [10月12日（週日） 下午 7:06]   click [Sleep] Sleep until 7:00 AM
 131.6s [10月13日（週一） 上午 7:07]   use "Packing table"
 131.6s [10月13日（週一） 上午 7:08]   click [Pack] 打包 17 筆訂單（2 小時 16 分）
 131.7s [10月13日（週一） 上午 9:25]   click [CourierEconomy] 快遞 · 經濟 3 天（$76.08）
 131.9s [10月13日（週一） 下午 7:06]   use "Sleep"
 131.9s [10月13日（週一） 下午 7:06]   click [Sleep] Sleep until 7:00 AM
 132.4s [10月14日（週二） 上午 7:07]   use "Packing table"
 132.4s [10月14日（週二） 上午 7:08]   click [Pack] 打包 21 筆訂單（2 小時 48 分）
 132.5s [10月14日（週二） 上午 9:57]   click [CourierEconomy] 快遞 · 經濟 3 天（$93.84）
 132.6s [10月14日（週二） 下午 7:00]   (shot decision_supplier_price_increase skipped: headless)
 132.6s [10月14日（週二） 下午 7:00]   decision supplier_price_increase → accept
 132.6s [10月14日（週二） 下午 7:00]   click [Choice_accept] 好。繼續跟你進貨。
 132.6s [10月14日（週二） 下午 7:00]   (shot decision_outcome_supplier_price_increase skipped: headless)
 132.6s [10月14日（週二） 下午 7:00]   click "OK"
 132.7s [10月14日（週二） 下午 7:07]   use "Sleep"
 132.8s [10月14日（週二） 下午 7:07]   click [Sleep] Sleep until 7:00 AM
 133.4s [10月15日（週三） 上午 7:07]   use "Packing table"
 133.4s [10月15日（週三） 上午 7:08]   click [Pack] 打包 11 筆訂單（1 小時 28 分）
 133.5s [10月15日（週三） 上午 8:37]   click [CourierEconomy] 快遞 · 經濟 3 天（$55.44）
 133.7s [10月15日（週三） 下午 7:06]   use "Sleep"
 133.8s [10月15日（週三） 下午 7:06]   click [Sleep] Sleep until 7:00 AM
 134.2s [10月16日（週四） 上午 7:07]   use "Packing table"
 134.2s [10月16日（週四） 上午 7:08]   click [Pack] 打包 17 筆訂單（2 小時 16 分）
 134.3s [10月16日（週四） 上午 9:25]   click [CourierEconomy] 快遞 · 經濟 3 天（$73.68）
 134.5s [10月16日（週四） 下午 7:06]   use "Sleep"
 134.5s [10月16日（週四） 下午 7:06]   click [Sleep] Sleep until 7:00 AM
 135.0s [10月17日（週五） 上午 7:07]   use "Packing table"
 135.0s [10月17日（週五） 上午 7:08]   click [Pack] 打包 6 筆訂單（48 分鐘）
 135.0s [10月17日（週五） 上午 7:57]   click [CourierEconomy] 快遞 · 經濟 3 天（$29.04）
 135.3s [10月17日（週五） 下午 7:06]   use "Sleep"
 135.4s [10月17日（週五） 下午 7:06]   click [Sleep] Sleep until 7:00 AM
 135.8s [10月18日（週六） 上午 7:07]   use "Packing table"
 135.8s [10月18日（週六） 上午 7:08]   click [Pack] 打包 7 筆訂單（56 分鐘）
 135.9s [10月18日（週六） 上午 8:05]   click [CourierEconomy] 快遞 · 經濟 3 天（$32.88）
 136.1s [10月18日（週六） 下午 7:06]   use "Sleep"
 136.1s [10月18日（週六） 下午 7:06]   click [Sleep] Sleep until 7:00 AM
 136.5s [10月19日（週日） 上午 7:07]   use "Packing table"
 136.6s [10月19日（週日） 上午 7:08]   click [Pack] 打包 1 筆訂單（8 分鐘）
 136.6s [10月19日（週日） 上午 7:17]   click [CourierEconomy] 快遞 · 經濟 3 天（$9.84）
 136.8s [10月19日（週日） 下午 7:06]   use "Sleep"
 136.9s [10月19日（週日） 下午 7:06]   click [Sleep] Sleep until 7:00 AM
 137.3s [10月20日（週一） 上午 7:07]   use "Packing table"
 137.3s [10月20日（週一） 上午 7:08]   click [Pack] 打包 2 筆訂單（16 分鐘）
 137.4s [10月20日（週一） 上午 7:25]   click [CourierEconomy] 快遞 · 經濟 3 天（$13.68）
 137.6s [10月20日（週一） 下午 7:06]   use "Sleep"
 137.6s [10月20日（週一） 下午 7:06]   click [Sleep] Sleep until 7:00 AM
 138.0s [10月21日（週二） 下午 7:01]   use "Sleep"
 138.0s [10月21日（週二） 下午 7:01]   click [Sleep] Sleep until 7:00 AM
 138.3s [10月22日（週三） 下午 7:01]   use "Sleep"
 138.4s [10月22日（週三） 下午 7:01]   click [Sleep] Sleep until 7:00 AM
 138.7s [10月23日（週四） 下午 7:01]   use "Sleep"
 138.8s [10月23日（週四） 下午 7:01]   click [Sleep] Sleep until 7:00 AM
 139.1s [10月24日（週五） 上午 7:00]   ok  Chapter 9 complete: the import got through
 139.1s [10月24日（週五） 上午 7:00]   ok  ledger balanced after chapters 7–9
 139.1s [10月24日（週五） 上午 7:00] STEP Old Town — lease the corner café from Mr. Okafor
 139.1s [10月24日（週五） 上午 7:00]   (harness) wait 2 h
 139.5s [10月24日（週五） 上午 9:07]   ok  walked back outside
 140.0s [10月24日（週五） 上午 9:21]   use "捷運——河濱區站"
 140.0s [10月24日（週五） 上午 9:23]   (shot metro_old_town skipped: headless)
 140.0s [10月24日（週五） 上午 9:23]   click [Go_old_town] 舊城區  ·  16 分鐘
 140.3s [10月24日（週五） 上午 9:40]   ok  took the Metro to Old Town
 140.3s [10月24日（週五） 上午 9:40]   (shot old_town skipped: headless)
 141.1s [10月24日（週五） 上午 9:57]   ok  entered Okafor Lettings
 141.1s [10月24日（週五） 上午 9:57]   use "和 Okafor 先生 說話"
 141.2s [10月24日（週五） 上午 9:57]   choose "› 這裡以前是什麼店？"
 141.4s [10月24日（週五） 上午 9:58]   (shot cafe_lease skipped: headless)
 141.4s [10月24日（週五） 上午 9:58]   click [SignLease_corner_cafe] Sign the lease
 141.4s [10月24日（週五） 上午 9:59]   ok  leased the corner café unit
 141.7s [10月24日（週五） 上午 10:03]   ok  walked back outside
 141.7s [10月24日（週五） 上午 10:03]   (shot old_town_storefronts skipped: headless)
 142.3s [10月24日（週五） 上午 10:11]   ok  entered Corner Café Unit
 142.3s [10月24日（週五） 上午 10:12]   use "Check the till — Company OS"
 142.4s [10月24日（週五） 上午 10:13]   click [CafeFitOut] 裝修（$5,800）
 142.4s [10月24日（週五） 上午 10:13]   click [CafeSupplies_large] 400 杯份 · $330
 142.4s [10月24日（週五） 上午 10:14]   (shot cafe_setup skipped: headless)
 142.5s [10月24日（週五） 上午 10:15]   ok  fit-out under way
 142.5s [10月24日（週五） 上午 10:15]   ok  coffee supplies ordered
 142.5s [10月24日（週五） 上午 10:15] STEP Old Town — the food licence at City Hall (walking via Shopping Street)
 142.8s [10月24日（週五） 上午 10:19]   ok  walked back outside
 143.4s [10月24日（週五） 上午 10:36]   ok  walked to Shopping Street
 144.3s [10月24日（週五） 上午 11:04]   ok  walked to Civic Center
 144.8s [10月24日（週五） 上午 11:11]   ok  entered Aurelia City Hall
 144.8s [10月24日（週五） 上午 11:13]   use "Permits & regulations"
 144.9s [10月24日（週五） 上午 11:14]   click [ApplyFoodLicence] Apply
 144.9s [10月24日（週五） 上午 11:35]   (shot food_licence skipped: headless)
 144.9s [10月24日（週五） 上午 11:36]   ok  food licence applied for
 145.3s [10月24日（週五） 上午 11:41]   ok  walked back outside
 145.5s [10月24日（週五） 上午 11:49]   use "捷運——市政中心站"
 145.6s [10月24日（週五） 上午 11:51]   (shot metro_riverside skipped: headless)
 145.6s [10月24日（週五） 上午 11:51]   click [Go_riverside] 河濱區  ·  12 分鐘
 145.9s [10月24日（週五） 下午 12:04]   ok  took the Metro to Riverside
 146.6s [10月24日（週五） 下午 12:18]   ok  entered Riverside Tower
 146.6s [10月24日（週五） 下午 12:18]   (harness) wait 2 h
 146.7s [10月24日（週五） 下午 2:19]   (harness) wait 2 h
 146.7s [10月24日（週五） 下午 4:20]   (harness) wait 2 h
 146.8s [10月24日（週五） 下午 6:21]   (harness) wait 2 h
 146.9s [10月24日（週五） 下午 8:24]   use "Sleep"
 146.9s [10月24日（週五） 下午 8:24]   click [Sleep] Sleep until 7:00 AM
 147.2s [10月25日（週六） 上午 7:00]   (harness) wait 2 h
 147.2s [10月25日（週六） 上午 9:01]   (harness) wait 2 h
 147.2s [10月25日（週六） 上午 11:02]   (harness) wait 2 h
 147.3s [10月25日（週六） 下午 1:03]   (harness) wait 2 h
 147.3s [10月25日（週六） 下午 3:04]   (harness) wait 2 h
 147.3s [10月25日（週六） 下午 5:05]   (harness) wait 2 h
 147.4s [10月25日（週六） 下午 7:06]   use "Sleep"
 147.4s [10月25日（週六） 下午 7:06]   click [Sleep] Sleep until 7:00 AM
 147.7s [10月26日（週日） 上午 7:00]   (harness) wait 2 h
 147.7s [10月26日（週日） 上午 9:01]   (harness) wait 2 h
 147.8s [10月26日（週日） 上午 11:02]   (harness) wait 2 h
 147.8s [10月26日（週日） 下午 1:03]   (harness) wait 2 h
 147.8s [10月26日（週日） 下午 3:04]   (harness) wait 2 h
 147.9s [10月26日（週日） 下午 5:05]   (harness) wait 2 h
 147.9s [10月26日（週日） 下午 7:06]   use "Sleep"
 147.9s [10月26日（週日） 下午 7:06]   click [Sleep] Sleep until 7:00 AM
 148.2s [10月27日（週一） 上午 7:00]   ok  fitted out and licensed
 148.2s [10月27日（週一） 上午 7:00] STEP Old Town — opening day behind your own counter
 148.6s [10月27日（週一） 上午 7:06]   ok  walked back outside
 149.1s [10月27日（週一） 上午 7:20]   use "捷運——河濱區站"
 149.2s [10月27日（週一） 上午 7:22]   (shot metro_old_town skipped: headless)
 149.2s [10月27日（週一） 上午 7:22]   click [Go_old_town] 舊城區  ·  16 分鐘
 149.4s [10月27日（週一） 上午 7:39]   ok  took the Metro to Old Town
 150.0s [10月27日（週一） 上午 7:50]   ok  entered Corner Café Unit
 150.0s [10月27日（週一） 上午 7:50]   (shot cafe_open skipped: headless)
 150.1s [10月27日（週一） 上午 7:52]   use "Work the counter (2 h)"
 150.1s [10月27日（週一） 上午 9:53]   ok  served customers at your own café
 150.1s [10月27日（週一） 上午 9:54]   use "Check the till — Company OS"
 150.2s [10月27日（週一） 上午 9:55]   (shot cafe_tab skipped: headless)
 150.2s [10月27日（週一） 上午 9:55]   ok  ledger balanced after opening the café
 150.5s [10月27日（週一） 上午 10:00]   ok  walked back outside
 150.9s [10月27日（週一） 上午 10:11]   use "捷運——舊城區站"
 150.9s [10月27日（週一） 上午 10:13]   (shot metro_riverside skipped: headless)
 150.9s [10月27日（週一） 上午 10:13]   click [Go_riverside] 河濱區  ·  16 分鐘
 151.2s [10月27日（週一） 上午 10:30]   ok  took the Metro to Riverside
 152.0s [10月27日（週一） 上午 10:44]   ok  entered Riverside Tower
 152.0s [10月27日（週一） 上午 10:44] STEP Harbor — metro to the docks, a used van from Sam, and Pier 7
 152.0s [10月27日（週一） 上午 10:44]   ok  actual financing covers the van, bay and working capital
 152.3s [10月27日（週一） 上午 10:47]   ok  walked back outside
 152.9s [10月27日（週一） 上午 11:01]   use "捷運——河濱區站"
 153.0s [10月27日（週一） 上午 11:02]   (shot metro_harbor skipped: headless)
 153.0s [10月27日（週一） 上午 11:02]   click [Go_harbor] 港區  ·  8 分鐘
 153.4s [10月27日（週一） 上午 11:12]   ok  took the Metro to Harbor
 153.4s [10月27日（週一） 上午 11:12]   (shot harbor skipped: headless)
 153.7s [10月27日（週一） 上午 11:22]   (shot harbor_street skipped: headless)
 154.2s [10月27日（週一） 上午 11:26]   ok  entered Dockside Motors
 154.2s [10月27日（週一） 上午 11:27]   use "和 Sam Okoro 說話"
 154.3s [10月27日（週一） 上午 11:27]   choose "› 你這裡有什麼？"
 154.4s [10月27日（週一） 上午 11:28]   (shot van_dealer skipped: headless)
 154.4s [10月27日（週一） 上午 11:28]   click [BuyVan] 買下這台貨車（$9,800）
 154.5s [10月27日（週一） 上午 11:29]   (shot van_bought skipped: headless)
 154.5s [10月27日（週一） 上午 11:29]   ok  bought the van from Sam
 154.5s [10月27日（週一） 上午 11:29]   ok  the van is a vehicle expense
 154.8s [10月27日（週一） 上午 11:33]   ok  walked back outside
 155.4s [10月27日（週一） 上午 11:42]   ok  entered Pier 7 Warehouse
 155.5s [10月27日（週一） 上午 11:47]   use "Lettings desk: lease Bay 3"
 155.6s [10月27日（週一） 上午 11:48]   (shot pier7_lease skipped: headless)
 155.6s [10月27日（週一） 上午 11:48]   click [SignLease_pier7_warehouse] Sign the lease
 155.6s [10月27日（週一） 上午 11:49]   ok  leased the Pier 7 bay
 155.6s [10月27日（週一） 上午 11:49]   ok  Pier 7 is a stock location
 155.6s [10月27日（週一） 上午 11:50]   (shot pier7_warehouse skipped: headless)
 156.0s [10月27日（週一） 上午 11:57]   ok  walked back outside
 156.5s [10月27日（週一） 下午 12:10]   use "捷運——港區站"
 156.5s [10月27日（週一） 下午 12:11]   (shot metro_riverside skipped: headless)
 156.5s [10月27日（週一） 下午 12:11]   click [Go_riverside] 河濱區  ·  8 分鐘
 156.8s [10月27日（週一） 下午 12:21]   ok  took the Metro to Riverside
 157.5s [10月27日（週一） 下午 12:35]   ok  entered Riverside Tower
 157.5s [10月27日（週一） 下午 12:35] STEP Harbor — the morning's delivery runs
 157.5s [10月27日（週一） 下午 12:35]   (harness) wait 2 h
 157.6s [10月27日（週一） 下午 2:36]   (harness) wait 2 h
 157.6s [10月27日（週一） 下午 4:37]   (harness) wait 2 h
 157.7s [10月27日（週一） 下午 6:37]   (harness) wait 2 h
 157.8s [10月27日（週一） 下午 8:41]   use "Sleep"
 157.8s [10月27日（週一） 下午 8:41]   click [Sleep] Sleep until 7:00 AM
 158.1s [10月28日（週二） 上午 7:00]   (harness) wait 2 h
 158.1s [10月28日（週二） 上午 9:01]   ok  runs were posted in the morning
 158.5s [10月28日（週二） 上午 9:07]   ok  walked back outside
 159.0s [10月28日（週二） 上午 9:21]   use "捷運——河濱區站"
 159.0s [10月28日（週二） 上午 9:22]   (shot metro_harbor skipped: headless)
 159.0s [10月28日（週二） 上午 9:22]   click [Go_harbor] 港區  ·  8 分鐘
 159.3s [10月28日（週二） 上午 9:32]   ok  took the Metro to Harbor
 160.1s [10月28日（週二） 上午 9:47]   ok  entered Pier 7 Warehouse
 160.2s [10月28日（週二） 上午 9:51]   use "Sit at the yard office desk — Company OS"
 160.3s [10月28日（週二） 上午 9:52]   click [Tab_logistics] Logistics
 160.4s [10月28日（週二） 上午 9:53]   (shot logistics_tab skipped: headless)
 160.4s [10月28日（週二） 上午 9:54]   (shot logistics_badge_pinned skipped: headless)
 160.4s [10月28日（週二） 上午 9:54]   click [Tab_logistics] Logistics
 160.4s [10月28日（週二） 上午 9:55]   ok  delivery runs on the board
 160.4s [10月28日（週二） 上午 9:55]   click [Accept_R3] Accept
 160.5s [10月28日（週二） 上午 9:55]   ok  accepted run R3
 160.5s [10月28日（週二） 上午 9:55]   (shot logistics_accepted skipped: headless)
 160.5s [10月28日（週二） 上午 9:55]   click [Drive_R3] Drive it
 160.5s [10月28日（週二） 上午 9:56]   (shot route_game_intro skipped: headless)
 160.5s [10月28日（週二） 上午 9:56]   click [StartGame] Start
 160.5s [10月28日（週二） 上午 9:56]   click [Stop_3]
 160.5s [10月28日（週二） 上午 9:56]   click [Stop_1]
 160.5s [10月28日（週二） 上午 9:56]   (shot route_game_planning skipped: headless)
 160.5s [10月28日（週二） 上午 9:56]   click [Stop_2]
 160.5s [10月28日（週二） 上午 9:56]   click [Stop_6]
 160.5s [10月28日（週二） 上午 9:56]   click [Stop_4]
 160.5s [10月28日（週二） 上午 9:56]   click [Stop_5]
 160.6s [10月28日（週二） 上午 9:56]   (shot route_game_planned skipped: headless)
 160.6s [10月28日（週二） 上午 9:56]   click [DriveRoute] Drive the route
 160.6s [10月28日（週二） 上午 9:56]   (shot route_game_results skipped: headless)
 160.6s [10月28日（週二） 上午 9:56]   click [FinishGame] Continue
 160.7s [10月28日（週二） 下午 1:34]   ok  the run is done and in the history
 160.7s [10月28日（週二） 下午 1:34]   ok  the pay was banked as revenue ($166.10 for run R3)
 160.7s [10月28日（週二） 下午 1:34]   ok  fuel was charged
 160.7s [10月28日（週二） 下午 1:34]   ok  the best route scored 100%
 160.7s [10月28日（週二） 下午 1:34]   (shot logistics_tab_paid skipped: headless)
 160.7s [10月28日（週二） 下午 1:35]   ok  ledger balanced after the first delivery run
 161.1s [10月28日（週二） 下午 1:42]   ok  walked back outside
 161.5s [10月28日（週二） 下午 1:55]   use "捷運——港區站"
 161.5s [10月28日（週二） 下午 1:56]   (shot metro_riverside skipped: headless)
 161.5s [10月28日（週二） 下午 1:56]   click [Go_riverside] 河濱區  ·  8 分鐘
 161.8s [10月28日（週二） 下午 2:06]   ok  took the Metro to Riverside
 162.5s [10月28日（週二） 下午 2:19]   ok  entered Riverside Tower
 162.5s [10月28日（週二） 下午 2:19]   ok  Chapter 10 started after Chapter 9
 162.5s [10月28日（週二） 下午 2:19]   ok  Year 6: the Digital Finance Boom
 162.5s [10月28日（週二） 下午 2:19] STEP Chapter 10 — the news, and Lina's escrow offer
 162.9s [10月28日（週二） 下午 2:22]   ok  walked back outside
 163.3s [10月28日（週二） 下午 2:27]   ok  entered Bloom Coffee
 163.3s [10月28日（週二） 下午 2:30]   use "Read the news board"
 163.4s [10月28日（週二） 下午 2:35]   (shot news_digital_rails skipped: headless)
 163.4s [10月28日（週二） 下午 2:35]   ok  read the news (digital_rails)
 163.8s [10月28日（週二） 下午 2:40]   ok  walked back outside
 164.2s [10月28日（週二） 下午 2:45]   ok  entered Riverside Tower
 164.5s [10月28日（週二） 下午 2:48]   ok  walked back outside
 165.0s [10月28日（週二） 下午 3:02]   use "捷運——河濱區站"
 165.0s [10月28日（週二） 下午 3:04]   (shot metro_financial skipped: headless)
 165.0s [10月28日（週二） 下午 3:04]   click [Go_financial] 金融區  ·  10 分鐘
 165.3s [10月28日（週二） 下午 3:15]   ok  took the Metro to Financial District
 165.9s [10月28日（週二） 下午 3:27]   ok  entered Nexus Bank
 166.0s [10月28日（週二） 下午 3:31]   use "和 Lina Zhao 說話"
 166.1s [10月28日（週二） 下午 3:31]   (shot lina_rails skipped: headless)
 166.3s [10月28日（週二） 下午 3:31]   choose "› 有什麼但書？"
 166.7s [10月28日（週二） 下午 3:33]   ok  the '!' badge for escrow pins its card
 166.7s [10月28日（週二） 下午 3:33]   (shot badge_escrow_pinned skipped: headless)
 166.7s [10月28日（週二） 下午 3:33]   (shot decision_escrow_offer skipped: headless)
 166.7s [10月28日（週二） 下午 3:33]   decision escrow_offer → try
 166.7s [10月28日（週二） 下午 3:33]   click [Choice_try] 開立託管帳戶
 166.8s [10月28日（週二） 下午 3:33]   (shot decision_outcome_escrow_offer skipped: headless)
 166.8s [10月28日（週二） 下午 3:33]   click "OK"
 166.8s [10月28日（週二） 下午 3:33]   ok  opened an escrow account
 166.8s [10月28日（週二） 下午 3:33] STEP Chapter 10 — an import paid through escrow
 167.2s [10月28日（週二） 下午 3:38]   ok  walked back outside
 167.5s [10月28日（週二） 下午 3:47]   use "捷運——金融區站"
 167.5s [10月28日（週二） 下午 3:48]   (shot metro_riverside skipped: headless)
 167.5s [10月28日（週二） 下午 3:48]   click [Go_riverside] 河濱區  ·  10 分鐘
 167.8s [10月28日（週二） 下午 4:00]   ok  took the Metro to Riverside
 168.6s [10月28日（週二） 下午 4:13]   ok  entered Riverside Tower
 168.7s [10月28日（週二） 下午 4:15]   use "Use laptop — Company OS"
 168.8s [10月28日（週二） 下午 4:16]   click [Tab_operations] Operations
 168.9s [10月28日（週二） 下午 4:17]   click [Buy_lumina_direct_phone_stand] 購買 $864
 168.9s [10月28日（週二） 下午 4:18]   (shot settlement_escrow skipped: headless)
 168.9s [10月28日（週二） 下午 4:18]   click [Settle_escrow] Pay this way
 169.0s [10月28日（週二） 下午 5:00]   toast: Riverlight Goods 咖啡 今天沒開門：吧台沒人顧。去僱一位咖啡師（人員分頁），或自己站吧台。
 169.1s [10月28日（週二） 下午 6:29]   click [Tab_finance] Finance
 169.2s [10月28日（週二） 下午 6:30]   click [Tab_operations] Operations
 169.5s [10月28日（週二） 下午 6:37]   (shot operations_escrow_order skipped: headless)
 169.5s [10月28日（週二） 下午 6:38]   ok  import ordered through escrow
 169.5s [10月28日（週二） 下午 6:38]   use "Use laptop — Company OS"
 169.7s [10月28日（週二） 下午 6:39]   click [Tab_finance] Finance
 169.8s [10月28日（週二） 下午 6:40]   (shot finance_held_in_escrow skipped: headless)
 170.0s [10月28日（週二） 下午 7:05]   use "Sleep"
 170.2s [10月28日（週二） 下午 7:05]   click [Sleep] Sleep until 7:00 AM
 170.5s [10月29日（週三） 下午 5:00]   toast: Riverlight Goods 咖啡 今天沒開門：吧台沒人顧。去僱一位咖啡師（人員分頁），或自己站吧台。
 170.5s [10月29日（週三） 下午 7:01]   use "Sleep"
 170.6s [10月29日（週三） 下午 7:01]   click [Sleep] Sleep until 7:00 AM
 170.9s [10月30日（週四） 下午 5:00]   toast: Riverlight Goods 咖啡 今天沒開門：吧台沒人顧。去僱一位咖啡師（人員分頁），或自己站吧台。
 170.9s [10月30日（週四） 下午 7:01]   use "Sleep"
 171.0s [10月30日（週四） 下午 7:01]   click [Sleep] Sleep until 7:00 AM
 171.3s [10月31日（週五） 下午 5:00]   toast: Riverlight Goods 咖啡 今天沒開門：吧台沒人顧。去僱一位咖啡師（人員分頁），或自己站吧台。
 171.3s [10月31日（週五） 下午 7:01]   use "Sleep"
 171.4s [10月31日（週五） 下午 7:01]   click [Sleep] Sleep until 7:00 AM
 171.9s [11月1日（週六） 上午 7:00]   (shot month_close_report skipped: headless)
 171.9s [11月1日（週六） 上午 7:00]   click [month close] Continue
 172.0s [11月1日（週六） 下午 5:00]   toast: Riverlight Goods 咖啡 今天沒開門：吧台沒人顧。去僱一位咖啡師（人員分頁），或自己站吧台。
 172.0s [11月1日（週六） 下午 7:00]   use "Sleep"
 172.0s [11月1日（週六） 下午 7:00]   click [Sleep] Sleep until 7:00 AM
 172.5s [11月2日（週日） 下午 7:03]   use "Sleep"
 172.5s [11月2日（週日） 下午 7:04]   click [Sleep] Sleep until 7:00 AM
 172.9s [11月3日（週一） 下午 5:00]   toast: Riverlight Goods 咖啡 今天沒開門：吧台沒人顧。去僱一位咖啡師（人員分頁），或自己站吧台。
 173.0s [11月3日（週一） 下午 7:00]   (shot decision_supplier_price_increase skipped: headless)
 173.0s [11月3日（週一） 下午 7:00]   decision supplier_price_increase → accept
 173.0s [11月3日（週一） 下午 7:00]   click [Choice_accept] 好。繼續跟你進貨。
 173.0s [11月3日（週一） 下午 7:00]   (shot decision_outcome_supplier_price_increase skipped: headless)
 173.0s [11月3日（週一） 下午 7:00]   click "OK"
 173.0s [11月3日（週一） 下午 7:00]   use "Sleep"
 173.1s [11月3日（週一） 下午 7:00]   click [Sleep] Sleep until 7:00 AM
 173.5s [11月4日（週二） 下午 5:00]   toast: Riverlight Goods 咖啡 今天沒開門：吧台沒人顧。去僱一位咖啡師（人員分頁），或自己站吧台。
 173.5s [11月4日（週二） 下午 7:01]   use "Sleep"
 173.5s [11月4日（週二） 下午 7:01]   click [Sleep] Sleep until 7:00 AM
 174.0s [11月5日（週三） 下午 5:00]   toast: Riverlight Goods 咖啡 今天沒開門：吧台沒人顧。去僱一位咖啡師（人員分頁），或自己站吧台。
 174.0s [11月5日（週三） 下午 7:01]   use "Sleep"
 174.0s [11月5日（週三） 下午 7:01]   click [Sleep] Sleep until 7:00 AM
 174.4s [11月6日（週四） 下午 5:00]   toast: Riverlight Goods 咖啡 今天沒開門：吧台沒人顧。去僱一位咖啡師（人員分頁），或自己站吧台。
 174.4s [11月6日（週四） 下午 7:01]   use "Sleep"
 174.4s [11月6日（週四） 下午 7:01]   click [Sleep] Sleep until 7:00 AM
 174.8s [11月7日（週五） 下午 5:00]   toast: Riverlight Goods 咖啡 今天沒開門：吧台沒人顧。去僱一位咖啡師（人員分頁），或自己站吧台。
 174.9s [11月7日（週五） 下午 7:04]   use "Sleep"
 174.9s [11月7日（週五） 下午 7:04]   click [Sleep] Sleep until 7:00 AM
 175.3s [11月8日（週六） 下午 5:00]   toast: Riverlight Goods 咖啡 今天沒開門：吧台沒人顧。去僱一位咖啡師（人員分頁），或自己站吧台。
 175.4s [11月8日（週六） 下午 7:01]   use "Sleep"
 175.4s [11月8日（週六） 下午 7:01]   click [Sleep] Sleep until 7:00 AM
 175.8s [11月9日（週日） 下午 7:01]   use "Sleep"
 175.9s [11月9日（週日） 下午 7:01]   click [Sleep] Sleep until 7:00 AM
 176.2s [11月10日（週一） 上午 7:00]   ok  escrow released to the supplier on arrival
 176.2s [11月10日（週一） 上午 7:00]   ok  Chapter 10 complete
 176.2s [11月10日（週一） 上午 7:00] STEP Chapter 11 — the bridge exploit
 176.2s [11月10日（週一） 上午 7:00]   ok  Year 7: the Bridge Exploit
 176.5s [11月10日（週一） 上午 7:06]   ok  walked back outside
 176.9s [11月10日（週一） 上午 7:11]   ok  entered Bloom Coffee
 177.0s [11月10日（週一） 上午 7:14]   use "Read the news board"
 177.0s [11月10日（週一） 上午 7:19]   (shot news_bridge_before skipped: headless)
 177.1s [11月10日（週一） 上午 7:19]   ok  read the news (bridge_before)
 177.4s [11月10日（週一） 上午 7:24]   ok  walked back outside
 177.8s [11月10日（週一） 上午 7:29]   ok  entered Riverside Tower
 177.9s [11月10日（週一） 上午 7:31]   use "Use laptop — Company OS"
 178.0s [11月10日（週一） 上午 7:32]   click [Tab_operations] Operations
 178.1s [11月10日（週一） 上午 7:33]   click [Buy_lumina_direct_phone_stand] 購買 $856
 178.1s [11月10日（週一） 上午 7:34]   (shot settlement_before_exploit skipped: headless)
 178.1s [11月10日（週一） 上午 7:34]   click [Settle_escrow] Pay this way
 178.2s [11月10日（週一） 上午 7:36]   ok  restock ordered through escrow (cash $56,831)
 178.8s [11月10日（週一） 上午 7:54]   toast: 快訊：數位美元跨鏈橋遭駭。轉帳凍結，預計 11月16日 上午 7:54 前後恢復。
 179.0s [11月10日（週一） 上午 7:56]   ok  the bridge is frozen with our payment crossing it
 179.0s [11月10日（週一） 上午 7:56]   ok  the '!' badge for frozen_funds pins its card
 179.0s [11月10日（週一） 上午 7:56]   (shot badge_frozen_pinned skipped: headless)
 179.0s [11月10日（週一） 上午 7:56]   (shot decision_rail_frozen skipped: headless)
 179.0s [11月10日（週一） 上午 7:56]   decision rail_frozen → reroute
 179.0s [11月10日（週一） 上午 7:56]   click [Choice_reroute] 改用電匯重新付款（$890）
 179.1s [11月10日（週一） 上午 7:56]   (shot decision_outcome_rail_frozen skipped: headless)
 179.1s [11月10日（週一） 上午 7:56]   click "OK"
 179.1s [11月10日（週一） 上午 7:56]   ok  paid again by wire
 179.1s [11月10日（週一） 上午 7:56]   use "Use laptop — Company OS"
 179.3s [11月10日（週一） 上午 7:57]   click [Tab_finance] Finance
 179.5s [11月10日（週一） 上午 7:58]   (shot finance_frozen_funds skipped: headless)
 179.5s [11月10日（週一） 上午 7:58]   click [Tab_operations] Operations
 179.7s [11月10日（週一） 上午 8:06]   (shot operations_frozen_order skipped: headless)
 180.2s [11月10日（週一） 上午 8:12]   ok  walked back outside
 180.6s [11月10日（週一） 上午 8:17]   ok  entered Bloom Coffee
 180.7s [11月10日（週一） 上午 8:19]   use "Read the news board"
 180.7s [11月10日（週一） 上午 8:24]   (shot news_bridge_frozen skipped: headless)
 180.7s [11月10日（週一） 上午 8:24]   ok  read the news (bridge_frozen)
 181.1s [11月10日（週一） 上午 8:29]   ok  walked back outside
 181.5s [11月10日（週一） 上午 8:34]   ok  entered Riverside Tower
 181.5s [11月10日（週一） 下午 5:00]   toast: Riverlight Goods 咖啡 今天沒開門：吧台沒人顧。去僱一位咖啡師（人員分頁），或自己站吧台。
 181.6s [11月10日（週一） 下午 7:03]   use "Sleep"
 181.6s [11月10日（週一） 下午 7:03]   click [Sleep] Sleep until 7:00 AM
 182.0s [11月11日（週二） 下午 5:00]   toast: Riverlight Goods 咖啡 今天沒開門：吧台沒人顧。去僱一位咖啡師（人員分頁），或自己站吧台。
 182.0s [11月11日（週二） 下午 7:01]   use "Sleep"
 182.0s [11月11日（週二） 下午 7:01]   click [Sleep] Sleep until 7:00 AM
 182.4s [11月12日（週三） 下午 5:00]   toast: Riverlight Goods 咖啡 今天沒開門：吧台沒人顧。去僱一位咖啡師（人員分頁），或自己站吧台。
 182.4s [11月12日（週三） 下午 7:01]   use "Sleep"
 182.5s [11月12日（週三） 下午 7:01]   click [Sleep] Sleep until 7:00 AM
 182.8s [11月13日（週四） 下午 5:00]   toast: Riverlight Goods 咖啡 今天沒開門：吧台沒人顧。去僱一位咖啡師（人員分頁），或自己站吧台。
 182.9s [11月13日（週四） 下午 7:01]   use "Sleep"
 182.9s [11月13日（週四） 下午 7:01]   click [Sleep] Sleep until 7:00 AM
 183.2s [11月14日（週五） 下午 5:00]   toast: Riverlight Goods 咖啡 今天沒開門：吧台沒人顧。去僱一位咖啡師（人員分頁），或自己站吧台。
 183.3s [11月14日（週五） 下午 7:00]   (shot decision_low_cash_warning skipped: headless)
 183.3s [11月14日（週五） 下午 7:00]   decision low_cash_warning → reduce
 183.3s [11月14日（週五） 下午 7:00]   click [Choice_reduce] 縮減開支（暫停廣告、生活從簡）
 183.3s [11月14日（週五） 下午 7:00]   (shot decision_outcome_low_cash_warning skipped: headless)
 183.3s [11月14日（週五） 下午 7:00]   click "OK"
 183.3s [11月14日（週五） 下午 7:00]   use "Sleep"
 183.4s [11月14日（週五） 下午 7:00]   click [Sleep] Sleep until 7:00 AM
 183.7s [11月15日（週六） 下午 5:00]   toast: Riverlight Goods 咖啡 今天沒開門：吧台沒人顧。去僱一位咖啡師（人員分頁），或自己站吧台。
 183.7s [11月15日（週六） 下午 7:01]   use "Sleep"
 183.7s [11月15日（週六） 下午 7:01]   click [Sleep] Sleep until 7:00 AM
 184.2s [11月16日（週日） 下午 7:01]   use "Sleep"
 184.2s [11月16日（週日） 下午 7:01]   click [Sleep] Sleep until 7:00 AM
 184.6s [11月17日（週一） 下午 5:00]   toast: Riverlight Goods 咖啡 今天沒開門：吧台沒人顧。去僱一位咖啡師（人員分頁），或自己站吧台。
 184.6s [11月17日（週一） 下午 7:00]   (shot decision_low_cash_warning skipped: headless)
 184.6s [11月17日（週一） 下午 7:00]   decision low_cash_warning → reduce
 184.6s [11月17日（週一） 下午 7:00]   click [Choice_reduce] 縮減開支（暫停廣告、生活從簡）
 184.6s [11月17日（週一） 下午 7:00]   (shot decision_outcome_low_cash_warning skipped: headless)
 184.6s [11月17日（週一） 下午 7:00]   click "OK"
 184.7s [11月17日（週一） 下午 7:00]   use "Sleep"
 184.7s [11月17日（週一） 下午 7:00]   click [Sleep] Sleep until 7:00 AM
 185.0s [11月18日（週二） 下午 5:00]   toast: Riverlight Goods 咖啡 今天沒開門：吧台沒人顧。去僱一位咖啡師（人員分頁），或自己站吧台。
 185.0s [11月18日（週二） 下午 7:01]   use "Sleep"
 185.1s [11月18日（週二） 下午 7:01]   click [Sleep] Sleep until 7:00 AM
 185.5s [11月19日（週三） 下午 5:00]   toast: Riverlight Goods 咖啡 今天沒開門：吧台沒人顧。去僱一位咖啡師（人員分頁），或自己站吧台。
 185.5s [11月19日（週三） 下午 7:01]   use "Sleep"
 185.6s [11月19日（週三） 下午 7:01]   click [Sleep] Sleep until 7:00 AM
 186.0s [11月20日（週四） 下午 5:00]   toast: Riverlight Goods 咖啡 今天沒開門：吧台沒人顧。去僱一位咖啡師（人員分頁），或自己站吧台。
 186.0s [11月20日（週四） 下午 7:00]   (shot decision_low_cash_warning skipped: headless)
 186.0s [11月20日（週四） 下午 7:00]   decision low_cash_warning → reduce
 186.0s [11月20日（週四） 下午 7:00]   click [Choice_reduce] 縮減開支（暫停廣告、生活從簡）
 186.0s [11月20日（週四） 下午 7:00]   (shot decision_outcome_low_cash_warning skipped: headless)
 186.0s [11月20日（週四） 下午 7:00]   click "OK"
 186.1s [11月20日（週四） 下午 7:00]   use "Sleep"
 186.1s [11月20日（週四） 下午 7:00]   click [Sleep] Sleep until 7:00 AM
 186.5s [11月21日（週五） 下午 5:00]   toast: Riverlight Goods 咖啡 今天沒開門：吧台沒人顧。去僱一位咖啡師（人員分頁），或自己站吧台。
 186.5s [11月21日（週五） 下午 7:01]   use "Sleep"
 186.5s [11月21日（週五） 下午 7:01]   click [Sleep] Sleep until 7:00 AM
 186.9s [11月22日（週六） 下午 5:00]   toast: Riverlight Goods 咖啡 今天沒開門：吧台沒人顧。去僱一位咖啡師（人員分頁），或自己站吧台。
 187.0s [11月22日（週六） 下午 7:00]   (shot decision_supplier_price_increase skipped: headless)
 187.0s [11月22日（週六） 下午 7:00]   decision supplier_price_increase → accept
 187.0s [11月22日（週六） 下午 7:00]   click [Choice_accept] 好。繼續跟你進貨。
 187.0s [11月22日（週六） 下午 7:00]   (shot decision_outcome_supplier_price_increase skipped: headless)
 187.0s [11月22日（週六） 下午 7:00]   click "OK"
 187.1s [11月22日（週六） 下午 7:00]   use "Sleep"
 187.1s [11月22日（週六） 下午 7:00]   click [Sleep] Sleep until 7:00 AM
 187.6s [11月23日（週日） 下午 7:00]   (shot decision_low_cash_warning skipped: headless)
 187.6s [11月23日（週日） 下午 7:00]   decision low_cash_warning → reduce
 187.6s [11月23日（週日） 下午 7:00]   click [Choice_reduce] 縮減開支（暫停廣告、生活從簡）
 187.7s [11月23日（週日） 下午 7:00]   (shot decision_outcome_low_cash_warning skipped: headless)
 187.7s [11月23日（週日） 下午 7:00]   click "OK"
 187.7s [11月23日（週日） 下午 7:00]   use "Sleep"
 187.7s [11月23日（週日） 下午 7:00]   click [Sleep] Sleep until 7:00 AM
 188.1s [11月24日（週一） 下午 5:00]   toast: Riverlight Goods 咖啡 今天沒開門：吧台沒人顧。去僱一位咖啡師（人員分頁），或自己站吧台。
 188.1s [11月24日（週一） 下午 7:01]   use "Sleep"
 188.2s [11月24日（週一） 下午 7:01]   click [Sleep] Sleep until 7:00 AM
 188.5s [11月25日（週二） 下午 5:00]   toast: Riverlight Goods 咖啡 今天沒開門：吧台沒人顧。去僱一位咖啡師（人員分頁），或自己站吧台。
 188.6s [11月25日（週二） 下午 7:01]   use "Sleep"
 188.6s [11月25日（週二） 下午 7:01]   click [Sleep] Sleep until 7:00 AM
 189.0s [11月26日（週三） 下午 5:00]   toast: Riverlight Goods 咖啡 今天沒開門：吧台沒人顧。去僱一位咖啡師（人員分頁），或自己站吧台。
 189.0s [11月26日（週三） 下午 7:00]   (shot decision_low_cash_warning skipped: headless)
 189.0s [11月26日（週三） 下午 7:00]   decision low_cash_warning → reduce
 189.0s [11月26日（週三） 下午 7:00]   click [Choice_reduce] 縮減開支（暫停廣告、生活從簡）
 189.1s [11月26日（週三） 下午 7:00]   (shot decision_outcome_low_cash_warning skipped: headless)
 189.1s [11月26日（週三） 下午 7:00]   click "OK"
 189.1s [11月26日（週三） 下午 7:00]   use "Sleep"
 189.1s [11月26日（週三） 下午 7:00]   click [Sleep] Sleep until 7:00 AM
 189.5s [11月27日（週四） 上午 7:00]   ok  the bridge reopened
 189.5s [11月27日（週四） 上午 7:00]   ok  frozen funds settled
 189.5s [11月27日（週四） 上午 7:00]   ok  Chapter 11 complete: through the freeze and restocked
 189.5s [11月27日（週四） 上午 7:00] STEP Chapter 12 — the regulation wave: the import licence
 189.5s [11月27日（週四） 上午 7:00]   ok  Year 8: the Regulation Wave
 189.9s [11月27日（週四） 上午 7:06]   ok  walked back outside
 190.3s [11月27日（週四） 上午 7:11]   ok  entered Bloom Coffee
 190.4s [11月27日（週四） 上午 7:14]   use "Read the news board"
 190.4s [11月27日（週四） 上午 7:19]   (shot news_regulation skipped: headless)
 190.4s [11月27日（週四） 上午 7:19]   ok  read the news (regulation)
 190.8s [11月27日（週四） 上午 7:24]   ok  walked back outside
 191.2s [11月27日（週四） 上午 7:29]   ok  entered Riverside Tower
 191.2s [11月27日（週四） 上午 7:29]   (harness) wait 2 h
 191.5s [11月27日（週四） 上午 9:33]   ok  walked back outside
 192.1s [11月27日（週四） 上午 9:47]   use "捷運——河濱區站"
 192.1s [11月27日（週四） 上午 9:49]   (shot metro_civic_center skipped: headless)
 192.1s [11月27日（週四） 上午 9:49]   click [Go_civic_center] 市政中心  ·  12 分鐘
 192.4s [11月27日（週四） 上午 10:02]   ok  took the Metro to Civic Center
 193.0s [11月27日（週四） 上午 10:13]   ok  entered Aurelia City Hall
 193.0s [11月27日（週四） 上午 10:15]   use "Permits & regulations"
 193.1s [11月27日（週四） 上午 10:16]   (shot permits_import_licence skipped: headless)
 193.1s [11月27日（週四） 上午 10:17]   ok  the '!' badge for import_licence pins its card
 193.1s [11月27日（週四） 上午 10:17]   (shot badge_licence_pinned skipped: headless)
 193.1s [11月27日（週四） 上午 10:18]   click [ApplyImportLicence] 申請（$450）
 193.1s [11月27日（週四） 上午 10:39]   (shot permits_licence_processing skipped: headless)
 193.1s [11月27日（週四） 上午 10:39]   ok  import licence applied for
 193.5s [11月27日（週四） 上午 10:45]   ok  walked back outside
 193.8s [11月27日（週四） 上午 10:53]   use "捷運——市政中心站"
 193.8s [11月27日（週四） 上午 10:54]   (shot metro_riverside skipped: headless)
 193.8s [11月27日（週四） 上午 10:54]   click [Go_riverside] 河濱區  ·  12 分鐘
 194.1s [11月27日（週四） 上午 11:08]   ok  took the Metro to Riverside
 194.8s [11月27日（週四） 上午 11:22]   ok  entered Riverside Tower
 194.9s [11月27日（週四） 下午 5:00]   toast: Riverlight Goods 咖啡 今天沒開門：吧台沒人顧。去僱一位咖啡師（人員分頁），或自己站吧台。
 195.0s [11月27日（週四） 下午 7:02]   use "Sleep"
 195.0s [11月27日（週四） 下午 7:02]   click [Sleep] Sleep until 7:00 AM
 195.4s [11月28日（週五） 下午 5:00]   toast: Riverlight Goods 咖啡 今天沒開門：吧台沒人顧。去僱一位咖啡師（人員分頁），或自己站吧台。
 195.4s [11月28日（週五） 下午 7:01]   use "Sleep"
 195.4s [11月28日（週五） 下午 7:01]   click [Sleep] Sleep until 7:00 AM
 195.8s [11月29日（週六） 下午 5:00]   toast: Riverlight Goods 咖啡 今天沒開門：吧台沒人顧。去僱一位咖啡師（人員分頁），或自己站吧台。
 195.8s [11月29日（週六） 下午 7:00]   (shot decision_low_cash_warning skipped: headless)
 195.8s [11月29日（週六） 下午 7:00]   decision low_cash_warning → reduce
 195.8s [11月29日（週六） 下午 7:00]   click [Choice_reduce] 縮減開支（暫停廣告、生活從簡）
 195.9s [11月29日（週六） 下午 7:00]   (shot decision_outcome_low_cash_warning skipped: headless)
 195.9s [11月29日（週六） 下午 7:00]   click "OK"
 195.9s [11月29日（週六） 下午 7:00]   use "Sleep"
 195.9s [11月29日（週六） 下午 7:00]   click [Sleep] Sleep until 7:00 AM
 196.3s [11月30日（週日） 上午 7:00]   ok  import licence granted
 196.3s [11月30日（週日） 上午 7:00] STEP Chapter 12 — a large import goes through KYC
 196.3s [11月30日（週日） 上午 7:02]   use "Use laptop — Company OS"
 196.5s [11月30日（週日） 上午 7:03]   click [Tab_operations] Operations
 196.6s [11月30日（週日） 上午 7:04]   click [DeliverTo_riverside_studio] 河濱大樓 7C
 196.7s [11月30日（週日） 上午 7:05]   click [Buy_lumina_direct_wireless_earbuds] 購買 $2,692
 196.7s [11月30日（週日） 上午 7:06]   (shot settlement_kyc skipped: headless)
 196.7s [11月30日（週日） 上午 7:06]   click [Settle_letter_of_credit] Pay this way
 196.8s [11月30日（週日） 上午 7:08]   ok  the large payment carries a KYC check
 197.0s [11月30日（週日） 下午 7:04]   use "Sleep"
 197.0s [11月30日（週日） 下午 7:04]   click [Sleep] Sleep until 7:00 AM
 197.5s [12月1日（週一） 上午 7:00]   (shot month_close_report skipped: headless)
 197.5s [12月1日（週一） 上午 7:00]   click [month close] Continue
 197.6s [12月1日（週一） 下午 5:00]   toast: Riverlight Goods 咖啡 今天沒開門：吧台沒人顧。去僱一位咖啡師（人員分頁），或自己站吧台。
 197.6s [12月1日（週一） 下午 7:00]   use "Sleep"
 197.7s [12月1日（週一） 下午 7:00]   click [Sleep] Sleep until 7:00 AM
 198.0s [12月2日（週二） 下午 5:00]   toast: Riverlight Goods 咖啡 今天沒開門：吧台沒人顧。去僱一位咖啡師（人員分頁），或自己站吧台。
 198.1s [12月2日（週二） 下午 7:00]   (shot decision_low_cash_warning skipped: headless)
 198.1s [12月2日（週二） 下午 7:00]   decision low_cash_warning → reduce
 198.1s [12月2日（週二） 下午 7:00]   click [Choice_reduce] 縮減開支（暫停廣告、生活從簡）
 198.1s [12月2日（週二） 下午 7:00]   (shot decision_outcome_low_cash_warning skipped: headless)
 198.1s [12月2日（週二） 下午 7:00]   click "OK"
 198.1s [12月2日（週二） 下午 7:00]   use "Sleep"
 198.2s [12月2日（週二） 下午 7:00]   click [Sleep] Sleep until 7:00 AM
 198.5s [12月3日（週三） 下午 5:00]   toast: Riverlight Goods 咖啡 今天沒開門：吧台沒人顧。去僱一位咖啡師（人員分頁），或自己站吧台。
 198.6s [12月3日（週三） 下午 7:01]   use "Sleep"
 198.6s [12月3日（週三） 下午 7:01]   click [Sleep] Sleep until 7:00 AM
 198.9s [12月4日（週四） 上午 7:00]   ok  KYC cleared
 199.0s [12月4日（週四） 上午 7:02]   use "Use laptop — Company OS"
 199.1s [12月4日（週四） 上午 7:03]   click [Tab_finance] Finance
 199.3s [12月4日（週四） 上午 7:04]   (shot finance_compliance_cost skipped: headless)
 199.3s [12月4日（週四） 上午 7:04] STEP Chapter 12 — Victor Hale's offer
 199.3s [12月4日（週四） 上午 7:04]   (harness) wait 2 h
 199.4s [12月4日（週四） 上午 9:05]   (harness) wait 2 h
 199.8s [12月4日（週四） 上午 11:11]   ok  walked back outside
 200.3s [12月4日（週四） 上午 11:26]   use "捷運——河濱區站"
 200.4s [12月4日（週四） 上午 11:27]   (shot metro_shopping_street skipped: headless)
 200.4s [12月4日（週四） 上午 11:27]   click [Go_shopping_street] 購物街  ·  15 分鐘
 200.6s [12月4日（週四） 上午 11:43]   ok  took the Metro to Shopping Street
 201.3s [12月4日（週四） 上午 11:56]   ok  entered Crestline Flagship
 201.4s [12月4日（週四） 上午 11:57]   use "和 Victor Hale 說話"
 201.4s [12月4日（週四） 上午 11:57]   (shot victor_offer skipped: headless)
 201.8s [12月4日（週四） 上午 11:59]   ok  the '!' badge for valuation pins its card
 201.8s [12月4日（週四） 上午 11:59]   (shot badge_valuation_pinned skipped: headless)
 201.8s [12月4日（週四） 上午 11:59]   (shot decision_acquisition_offer skipped: headless)
 201.8s [12月4日（週四） 上午 11:59]   decision acquisition_offer → counter
 201.8s [12月4日（週四） 上午 11:59]   click [Choice_counter] 還價：開價 $101,784
 201.8s [12月4日（週四） 上午 11:59]   (shot decision_outcome_acquisition_offer skipped: headless)
 201.8s [12月4日（週四） 上午 11:59]   click "OK"
 201.8s [12月4日（週四） 上午 11:59]   ok  countered Hale Group's offer
 201.9s [12月4日（週四） 下午 12:01]   (shot ending_card skipped: headless)
 202.2s [12月4日（週四） 下午 12:06]   ok  Chapter 12 complete
 202.2s [12月4日（週四） 下午 12:06]   ok  the main story is complete
 202.2s [12月4日（週四） 下午 12:06]   ok  free play: the growth goal
 202.2s [12月4日（週四） 下午 12:06]   ok  ledger balanced after chapters 10–12
 202.5s [12月4日（週四） 下午 12:09]   ok  walked back outside
 203.0s [12月4日（週四） 下午 12:20]   use "捷運——購物街站"
 203.0s [12月4日（週四） 下午 12:21]   (shot metro_riverside skipped: headless)
 203.0s [12月4日（週四） 下午 12:21]   click [Go_riverside] 河濱區  ·  15 分鐘
 203.3s [12月4日（週四） 下午 12:38]   ok  took the Metro to Riverside
 204.1s [12月4日（週四） 下午 12:52]   ok  entered Riverside Tower
 204.1s [12月4日（週四） 下午 12:52] STEP Save → reload → same state
 204.9s [12月4日（週四） 下午 12:53]   ok  cash restored after load
 204.9s [12月4日（週四） 下午 12:53]   ok  time restored after load
 204.9s [12月4日（週四） 下午 12:53]   ok  location restored (riverside_apartment)
 204.9s [12月4日（週四） 下午 12:53]   (shot after_load skipped: headless)
 204.9s [12月4日（週四） 下午 12:53] STEP Summary
 204.9s [12月4日（週四） 下午 12:53]   business entity co_riverlight_goods cash $47,759.92 · personal $49,555.58 · orders delivered 2651 · chapters done ["ch1_arrival", "ch2_first_customer", "ch3_open_for_business", "ch4_growing_pains", "ch5_big_contract", "ch6_cash_is_oxygen", "ch7_supply_shock", "ch8_green_shift", "ch9_clearing_crisis", "ch10_digital_rails", "ch11_other_side_of_trust", "ch12_regulation_scale"]
 204.9s [12月4日（週四） 下午 12:53]   ok  ledger balanced at the end
 204.9s [12月4日（週四） 下午 12:53]   ok  story objective completed: ch1_phone
 204.9s [12月4日（週四） 下午 12:53]   ok  story objective completed: ch1_outside
 204.9s [12月4日（週四） 下午 12:53]   ok  story objective completed: ch1_coffee
 204.9s [12月4日（週四） 下午 12:53]   ok  story objective completed: ch1_cowork
 204.9s [12月4日（週四） 下午 12:53]   ok  story objective completed: ch1_board
 204.9s [12月4日（週四） 下午 12:53]   ok  story objective completed: ch2_supplier
 204.9s [12月4日（週四） 下午 12:53]   ok  story objective completed: ch2_stock
 204.9s [12月4日（週四） 下午 12:53]   ok  story objective completed: ch2_listing
 204.9s [12月4日（週四） 下午 12:53]   ok  story objective completed: ch2_order
 204.9s [12月4日（週四） 下午 12:53]   ok  story objective completed: ch2_ship
 204.9s [12月4日（週四） 下午 12:53]   ok  story objective completed: ch2_first_dollar
 204.9s [12月4日（週四） 下午 12:53]   ok  story objective completed: ch2_issue
 204.9s [12月4日（週四） 下午 12:53]   ok  story objective completed: ch3_register
 204.9s [12月4日（週四） 下午 12:53]   ok  story objective completed: ch3_bank
 204.9s [12月4日（週四） 下午 12:53]   ok  story objective completed: ch3_workspace
 204.9s [12月4日（週四） 下午 12:53]   ok  story objective completed: ch3_os
 204.9s [12月4日（週四） 下午 12:53]   ok  story objective completed: ch4_employer
 204.9s [12月4日（週四） 下午 12:53]   ok  story objective completed: ch4_post
 204.9s [12月4日（週四） 下午 12:53]   ok  story objective completed: ch4_hire
 204.9s [12月4日（週四） 下午 12:53]   ok  story objective completed: ch4_payroll
 204.9s [12月4日（週四） 下午 12:53]   ok  story objective completed: ch4_forecast
 204.9s [12月4日（週四） 下午 12:53]   ok  story objective completed: ch5_meet
 204.9s [12月4日（週四） 下午 12:53]   ok  story objective completed: ch5_decide
 204.9s [12月4日（週四） 下午 12:53]   ok  story objective completed: ch5_stock
 204.9s [12月4日（週四） 下午 12:53]   ok  story objective completed: ch5_deliver
 204.9s [12月4日（週四） 下午 12:53]   ok  story objective completed: ch6_forecast
 204.9s [12月4日（週四） 下午 12:53]   ok  story objective completed: ch6_bridge
 204.9s [12月4日（週四） 下午 12:53]   ok  story objective completed: ch6_collect
 204.9s [12月4日（週四） 下午 12:53]   ok  story objective completed: ch6_close
 204.9s [12月4日（週四） 下午 12:53]   ok  story objective completed: ch7_news
 204.9s [12月4日（週四） 下午 12:53]   ok  story objective completed: ch7_ken
 204.9s [12月4日（週四） 下午 12:53]   ok  story objective completed: ch7_stock
 204.9s [12月4日（週四） 下午 12:53]   ok  story objective completed: ch7_price
 204.9s [12月4日（週四） 下午 12:53]   ok  story objective completed: ch7_close
 204.9s [12月4日（週四） 下午 12:53]   ok  story objective completed: ch8_news
 204.9s [12月4日（週四） 下午 12:53]   ok  story objective completed: ch8_pack
 204.9s [12月4日（週四） 下午 12:53]   ok  story objective completed: ch8_product
 204.9s [12月4日（週四） 下午 12:53]   ok  story objective completed: ch8_grant
 204.9s [12月4日（週四） 下午 12:53]   ok  story objective completed: ch9_news
 204.9s [12月4日（週四） 下午 12:53]   ok  story objective completed: ch9_import
 204.9s [12月4日（週四） 下午 12:53]   ok  story objective completed: ch9_lina
 204.9s [12月4日（週四） 下午 12:53]   ok  story objective completed: ch9_settle
 204.9s [12月4日（週四） 下午 12:53]   ok  story objective completed: ch9_arrive
 204.9s [12月4日（週四） 下午 12:53]   ok  story objective completed: ch10_news
 204.9s [12月4日（週四） 下午 12:53]   ok  story objective completed: ch10_lina
 204.9s [12月4日（週四） 下午 12:53]   ok  story objective completed: ch10_import
 204.9s [12月4日（週四） 下午 12:53]   ok  story objective completed: ch10_arrive
 204.9s [12月4日（週四） 下午 12:53]   ok  story objective completed: ch11_news
 204.9s [12月4日（週四） 下午 12:53]   ok  story objective completed: ch11_order
 204.9s [12月4日（週四） 下午 12:53]   ok  story objective completed: ch11_freeze
 204.9s [12月4日（週四） 下午 12:53]   ok  story objective completed: ch11_restock
 204.9s [12月4日（週四） 下午 12:53]   ok  story objective completed: ch12_news
 204.9s [12月4日（週四） 下午 12:53]   ok  story objective completed: ch12_licence
 204.9s [12月4日（週四） 下午 12:53]   ok  story objective completed: ch12_kyc
 204.9s [12月4日（週四） 下午 12:53]   ok  story objective completed: ch12_offer
 204.9s [12月4日（週四） 下午 12:53] BOT FINISHED — 0 failure(s) · 204.9s real
 204.9s [12月4日（週四） 下午 12:53] English audit: 43 on-screen text(s) with untranslated words
