Godot Engine v4.5.1.stable.official.f62fdbde1 - https://godotengine.org

   0.0s STEP Main menu → New Game
   0.0s   (shot main_menu skipped: headless)
   0.0s   click [NewGame] New Game
   0.1s STEP Character Creator
   0.1s   (shot creator_default skipped: headless)
   0.1s   click [Tab_hair] Hair
   0.1s   click [Next_hair] ▶
   0.1s   click [Tab_face] Face
   0.1s   click [Next_face] ▶
   0.1s   click [Next_eye_shape] ▶
   0.1s   click [Tab_body] Body
   0.1s   click [Next_presentation] ▶
   0.1s   (shot creator_customised skipped: headless)
   0.1s   click [Tab_outfit] Outfit
   0.2s   click "Startup Casual"
   0.2s   ok  appearance changed from default (short_neat)
   0.2s   (shot creator_final skipped: headless)
   0.2s   click [Start] Start in Aurelia  →
   0.2s [Sun, Jun 1 2:00 PM] STEP Arrival sequence
   0.2s [Sun, Jun 1 2:00 PM]   (shot arrival_train skipped: headless)
   0.2s [Sun, Jun 1 2:00 PM]   (shot arrival_phone skipped: headless)
   0.3s [Sun, Jun 1 2:01 PM]   ok  spawned in the Riverside apartment
   0.3s [Sun, Jun 1 2:01 PM]   ok  starting cash $30,000
   0.3s [Sun, Jun 1 2:01 PM]   ok  name saved
   0.3s [Sun, Jun 1 2:03 PM]   (shot apartment_arrival skipped: headless)
   0.3s [Sun, Jun 1 2:03 PM] STEP Chapter 1 — phone & Maya
   0.5s [Sun, Jun 1 2:08 PM]   (shot phone_home skipped: headless)
   0.5s [Sun, Jun 1 2:08 PM]   click [App_messages] Messages 2
   0.5s [Sun, Jun 1 2:09 PM]   click [Thread_maya] Maya  ● Call me. Or text. Or whate
   0.5s [Sun, Jun 1 2:09 PM]   choose "› Yeah."
   0.6s [Sun, Jun 1 2:09 PM]   choose "› I'm starting a company."
   0.7s [Sun, Jun 1 2:09 PM]   ok  Maya conversation done
   0.7s [Sun, Jun 1 2:09 PM] STEP Head outside
   1.1s [Sun, Jun 1 2:15 PM]   ok  walked back outside
   1.1s [Sun, Jun 1 2:15 PM]   ok  visited Riverside
   1.1s [Sun, Jun 1 2:15 PM]   (shot riverside_outside_home skipped: headless)
   1.1s [Sun, Jun 1 2:15 PM] STEP Bloom Coffee
   1.3s [Sun, Jun 1 2:20 PM]   ok  entered Bloom Coffee
   1.3s [Sun, Jun 1 2:20 PM]   (shot bloom_coffee_inside skipped: headless)
   1.4s [Sun, Jun 1 2:22 PM]   use "Order coffee ($4.50)"
   1.4s [Sun, Jun 1 2:22 PM]   choose "› Please."
   1.7s [Sun, Jun 1 2:33 PM]   ok  bought a coffee from Jun
   1.8s [Sun, Jun 1 2:38 PM]   ok  walked back outside
   1.8s [Sun, Jun 1 2:38 PM] STEP Walk east to Startup Hub
   1.9s [Sun, Jun 1 2:40 PM]   (shot riverside_street skipped: headless)
   2.5s [Sun, Jun 1 3:11 PM]   ok  walked to Startup Hub
   2.5s [Sun, Jun 1 3:11 PM]   (shot startup_hub_arrive skipped: headless)
   2.5s [Sun, Jun 1 3:11 PM] STEP Nexus Co-work
   2.8s [Sun, Jun 1 3:17 PM]   ok  entered Nexus Co-work
   2.8s [Sun, Jun 1 3:17 PM]   (shot cowork_inside skipped: headless)
   2.8s [Sun, Jun 1 3:19 PM]   use "Reception — desks & day passes"
   2.9s [Sun, Jun 1 3:19 PM]   choose "› Yeah. Just looking."
   3.1s [Sun, Jun 1 3:20 PM]   click [DayPass] Buy a day pass ($15)
   3.2s [Sun, Jun 1 3:21 PM] STEP Business Board
   3.3s [Sun, Jun 1 3:26 PM]   use "Business Board"
   3.3s [Sun, Jun 1 3:27 PM]   (shot business_board skipped: headless)
   3.3s [Sun, Jun 1 3:27 PM]   click [Biz_saas] ● SaaS / Software
   3.3s [Sun, Jun 1 3:27 PM]   (shot business_board_planned_saas skipped: headless)
   3.3s [Sun, Jun 1 3:27 PM]   click [Biz_ecommerce] ● Ecommerce
   3.4s [Sun, Jun 1 3:28 PM]   click [StartEcommerce] Start an ecommerce side business
   3.4s [Sun, Jun 1 3:30 PM]   ok  picked ecommerce as first business
   3.5s [Sun, Jun 1 3:33 PM]   ok  Chapter 1 complete
   3.5s [Sun, Jun 1 3:33 PM] STEP Chapter 2 — buy stock at a hot desk (Company OS)
   3.7s [Sun, Jun 1 3:40 PM]   use "Work at a hot desk — Company OS"
   3.7s [Sun, Jun 1 3:41 PM]   (shot company_os_overview_personal skipped: headless)
   3.7s [Sun, Jun 1 3:41 PM]   click [Tab_operations] Operations
   3.7s [Sun, Jun 1 3:42 PM]   (shot company_os_suppliers skipped: headless)
   3.7s [Sun, Jun 1 3:42 PM]   click [Buy_tradelink_wholesale_wireless_earbuds] Buy $900
   3.8s [Sun, Jun 1 3:52 PM]   click [Buy_tradelink_wholesale_water_bottle] Buy $408
   3.8s [Sun, Jun 1 4:03 PM]   click [Buy_tradelink_wholesale_desk_lamp] Buy $460
   3.9s [Sun, Jun 1 4:14 PM]   click [Buy_tradelink_wholesale_phone_stand] Buy $272
   4.0s [Sun, Jun 1 4:24 PM]   ok  placed purchase orders (MOQ, prepaid): 4 POs, cash $27,940.50
   4.0s [Sun, Jun 1 4:24 PM]   (shot company_os_purchase_orders skipped: headless)
   4.0s [Sun, Jun 1 4:25 PM] STEP Home to wait for stock
   4.2s [Sun, Jun 1 4:31 PM]   ok  walked back outside
   4.4s [Sun, Jun 1 4:49 PM]   ok  walked to Riverside
   5.2s [Sun, Jun 1 5:13 PM]   ok  entered Riverside Tower
   5.2s [Sun, Jun 1 5:13 PM]   (harness) wait 2 h
   5.3s [Sun, Jun 1 7:16 PM]   use "Sleep"
   5.3s [Sun, Jun 1 7:16 PM]   click [Sleep] Sleep until 7:00 AM
   5.4s [Mon, Jun 2 7:00 AM]   (harness) wait 2 h
   5.4s [Mon, Jun 2 9:01 AM]   (harness) wait 2 h
   5.4s [Mon, Jun 2 11:02 AM]   (harness) wait 2 h
   5.4s [Mon, Jun 2 1:03 PM]   (harness) wait 2 h
   5.4s [Mon, Jun 2 3:04 PM]   (harness) wait 2 h
   5.5s [Mon, Jun 2 5:05 PM]   (harness) wait 2 h
   5.5s [Mon, Jun 2 7:06 PM]   use "Sleep"
   5.5s [Mon, Jun 2 7:06 PM]   click [Sleep] Sleep until 7:00 AM
   5.6s [Tue, Jun 3 7:00 AM]   (harness) wait 2 h
   5.6s [Tue, Jun 3 9:01 AM]   (harness) wait 2 h
   5.6s [Tue, Jun 3 11:02 AM]   (harness) wait 2 h
   5.6s [Tue, Jun 3 1:03 PM]   ok  stock delivered to the apartment
   5.7s [Tue, Jun 3 1:04 PM]   (shot apartment_with_stock skipped: headless)
   5.7s [Tue, Jun 3 1:04 PM] STEP List products on ShopLane
   5.7s [Tue, Jun 3 1:06 PM]   use "Use laptop — Company OS"
   5.7s [Tue, Jun 3 1:07 PM]   click [Tab_sales] Sales
   5.8s [Tue, Jun 3 1:08 PM]   (shot company_os_sales_ready skipped: headless)
   5.8s [Tue, Jun 3 1:08 PM]   click [ListSelf_wireless_earbuds] Shoot photos myself & list (1 h 20 min)
   5.8s [Tue, Jun 3 2:29 PM]   click [ListSelf_water_bottle] Shoot photos myself & list (1 h 20 min)
   5.9s [Tue, Jun 3 3:49 PM]   click [ListSelf_desk_lamp] Shoot photos myself & list (1 h 20 min)
   5.9s [Tue, Jun 3 5:10 PM]   click [ListSelf_phone_stand] Shoot photos myself & list (1 h 20 min)
   6.0s [Tue, Jun 3 6:31 PM]   click [AdPlus_wireless_earbuds] +
   6.0s [Tue, Jun 3 6:32 PM]   (shot company_os_listings_live skipped: headless)
   6.0s [Tue, Jun 3 6:32 PM]   ok  listings live
   6.1s [Tue, Jun 3 6:32 PM] STEP First order → pack → ship
   6.2s [Tue, Jun 3 6:38 PM]   use "Packing table"
   6.2s [Tue, Jun 3 6:39 PM]   (shot packing_table skipped: headless)
   6.2s [Tue, Jun 3 6:39 PM]   click [Pack] Pack 14 orders (1 h 52 min)
   6.3s [Tue, Jun 3 8:32 PM]   click [CourierEconomy] Courier · Economy 3d ($54.80)
   6.3s [Tue, Jun 3 8:34 PM]   ok  first order came in
   6.3s [Tue, Jun 3 8:34 PM]   ok  handed to the courier (pickup booked)
   6.3s [Tue, Jun 3 8:34 PM] STEP Delivery → first dollar
   6.4s [Tue, Jun 3 8:40 PM]   use "Sleep"
   6.5s [Tue, Jun 3 8:40 PM]   click [Sleep] Sleep until 7:00 AM
   6.7s [Wed, Jun 4 7:07 AM]   use "Packing table"
   6.7s [Wed, Jun 4 7:08 AM]   click [Pack] Pack 23 orders (3 h 4 min)
   6.8s [Wed, Jun 4 10:13 AM]   click [CourierEconomy] Courier · Economy 3d ($87.60)
   6.8s [Wed, Jun 4 10:15 AM]   ok  first order delivered (Earn Your First Dollar)
   6.8s [Wed, Jun 4 10:15 AM]   revenue booked $318.86 · ShopLane balance $286.96 · cash $27,677.10
   6.8s [Wed, Jun 4 10:15 AM]   (shot first_dollar skipped: headless)
   6.8s [Wed, Jun 4 10:15 AM] STEP First customer issue
   6.8s [Wed, Jun 4 10:15 AM]   (harness) wait 2 h
   6.9s [Wed, Jun 4 12:18 PM]   use "Packing table"
   6.9s [Wed, Jun 4 12:20 PM]   click [Pack] Pack 16 orders (2 h 8 min)
   7.0s [Wed, Jun 4 2:29 PM]   click [CourierEconomy] Courier · Economy 3d ($63.20)
   7.0s [Wed, Jun 4 2:30 PM]   (harness) wait 2 h
   7.1s [Wed, Jun 4 4:32 PM]   use "Packing table"
   7.1s [Wed, Jun 4 4:33 PM]   click [Pack] Pack 17 orders (2 h 16 min)
   7.2s [Wed, Jun 4 6:50 PM]   click [CourierEconomy] Courier · Economy 3d ($64.40)
   7.2s [Wed, Jun 4 6:52 PM]   (harness) wait 2 h
   7.2s [Wed, Jun 4 8:53 PM]   use "Packing table"
   7.3s [Wed, Jun 4 8:54 PM]   click [Pack] Pack 21 orders (2 h 48 min)
   7.3s [Wed, Jun 4 11:43 PM]   click [CourierEconomy] Courier · Economy 3d ($79.20)
   7.4s [Wed, Jun 4 11:49 PM]   use "Sleep"
   7.5s [Wed, Jun 4 11:49 PM]   click [Sleep] Sleep until 7:00 AM
   7.5s [Thu, Jun 5 7:00 AM]   (shot decision_customer_return_first skipped: headless)
   7.5s [Thu, Jun 5 7:00 AM]   decision customer_return_first → replace
   7.5s [Thu, Jun 5 7:00 AM]   click [Choice_replace] Send a replacement (express)
   7.6s [Thu, Jun 5 7:00 AM]   (shot decision_outcome_customer_return_first skipped: headless)
   7.6s [Thu, Jun 5 7:00 AM]   click "OK"
   7.7s [Thu, Jun 5 7:07 AM]   use "Packing table"
   7.8s [Thu, Jun 5 7:08 AM]   click [Pack] Pack 5 orders (40 min)
   7.8s [Thu, Jun 5 7:49 AM]   click [CourierEconomy] Courier · Economy 3d ($24.00)
   7.8s [Thu, Jun 5 7:51 AM]   ok  resolved the first customer issue
   7.9s [Thu, Jun 5 7:54 AM]   ok  Chapter 2 complete
   7.9s [Thu, Jun 5 7:54 AM] STEP Purchase cancellation
   7.9s [Thu, Jun 5 7:56 AM]   use "Use laptop — Company OS"
   8.0s [Thu, Jun 5 7:57 AM]   click [Tab_operations] Operations
   8.0s [Thu, Jun 5 7:58 AM]   click [Buy_tradelink_wholesale_wireless_earbuds] Buy $900
   8.1s [Thu, Jun 5 8:09 AM]   click [CancelPO_PO-105] Cancel purchase
   8.1s [Thu, Jun 5 8:09 AM]   (shot purchase_cancel_confirmation skipped: headless)
   8.1s [Thu, Jun 5 8:09 AM]   click [ConfirmReturn] Confirm cancellation
   8.2s [Thu, Jun 5 8:09 AM]   ok  extra PO cancelled through UI
   8.2s [Thu, Jun 5 8:09 AM]   ok  cancellation cash equals quoted refund
   8.2s [Thu, Jun 5 8:09 AM]   ok  ledger balanced after purchase cancellation
   8.2s [Thu, Jun 5 8:10 AM]   (shot purchase_cancelled_operations skipped: headless)
   8.2s [Thu, Jun 5 8:11 AM] STEP Chapter 3 — wait for a weekday morning
   8.4s [Thu, Jun 5 8:16 AM]   ok  walked back outside
   8.4s [Thu, Jun 5 8:16 AM] STEP Metro to Civic Center → City Hall
   8.9s [Thu, Jun 5 8:28 AM]   use "Metro — Riverside Station"
   8.9s [Thu, Jun 5 8:29 AM]   (shot metro_civic_center skipped: headless)
   8.9s [Thu, Jun 5 8:29 AM]   click [Go_civic_center] Civic Center  ·  12 min
   9.1s [Thu, Jun 5 8:43 AM]   ok  took the Metro to Civic Center
   9.1s [Thu, Jun 5 8:43 AM]   (shot civic_center skipped: headless)
   9.4s [Thu, Jun 5 9:14 AM]   ok  entered Aurelia City Hall
   9.4s [Thu, Jun 5 9:14 AM]   (shot city_hall_inside skipped: headless)
   9.5s [Thu, Jun 5 9:16 AM]   use "Registration counter"
   9.6s [Thu, Jun 5 9:16 AM]   choose "› I want to register a company."
   9.7s [Thu, Jun 5 9:17 AM]   (shot registration_form skipped: headless)
   9.7s [Thu, Jun 5 9:17 AM]   click [Submit] Register & pay
   9.7s [Thu, Jun 5 10:03 AM]   (shot registration_done skipped: headless)
   9.7s [Thu, Jun 5 10:03 AM]   click "Thanks"
   9.7s [Thu, Jun 5 10:03 AM]   ok  registered Riverlight Goods
   9.7s [Thu, Jun 5 10:03 AM]   (shot decision_low_cash_warning skipped: headless)
   9.7s [Thu, Jun 5 10:03 AM]   decision low_cash_warning → reduce
   9.7s [Thu, Jun 5 10:03 AM]   click [Choice_reduce] Cut spending (pause ads, cheaper living)
   9.8s [Thu, Jun 5 10:03 AM]   (shot decision_outcome_low_cash_warning skipped: headless)
   9.8s [Thu, Jun 5 10:03 AM]   click "OK"
   9.9s [Thu, Jun 5 10:08 AM]   ok  walked back outside
   9.9s [Thu, Jun 5 10:08 AM] STEP Walk to the Financial District → Nexus Bank
  10.4s [Thu, Jun 5 10:28 AM]   ok  walked to Financial District
  10.6s [Thu, Jun 5 10:34 AM]   ok  entered Nexus Bank
  10.6s [Thu, Jun 5 10:34 AM]   (shot bank_inside skipped: headless)
  10.7s [Thu, Jun 5 10:36 AM]   use "Teller — business banking"
  10.7s [Thu, Jun 5 10:37 AM]   click "$15,000"
  10.8s [Thu, Jun 5 10:37 AM]   click [OpenAccount] Open account with $15,000
  10.9s [Thu, Jun 5 11:08 AM]   (shot bank_account_opened skipped: headless)
  10.9s [Thu, Jun 5 11:09 AM]   ok  business account opened with founder capital
  11.0s [Thu, Jun 5 11:14 AM]   ok  walked back outside
  11.0s [Thu, Jun 5 11:14 AM] STEP Metro to Startup Hub → lease Suite 2B
  11.4s [Thu, Jun 5 11:23 AM]   use "Metro — Financial District Station"
  11.4s [Thu, Jun 5 11:25 AM]   (shot metro_startup_hub skipped: headless)
  11.4s [Thu, Jun 5 11:25 AM]   click [Go_startup_hub] Startup Hub  ·  8 min
  11.5s [Thu, Jun 5 11:34 AM]   ok  took the Metro to Startup Hub
  11.8s [Thu, Jun 5 11:42 AM]   ok  entered 22 Founders Lane
  11.8s [Thu, Jun 5 11:42 AM]   (shot suite_2b_tour skipped: headless)
  11.8s [Thu, Jun 5 11:43 AM]   use "Talk to Tom"
  12.0s [Thu, Jun 5 11:43 AM]   click [SignLease] Sign the lease
  12.0s [Thu, Jun 5 11:45 AM]   ok  leased Suite 2B
  12.1s [Thu, Jun 5 11:46 AM]   (shot suite_2b_company_sign skipped: headless)
  12.1s [Thu, Jun 5 11:46 AM] STEP Sit at the desk → Company OS as the company
  12.1s [Thu, Jun 5 11:47 AM]   use "Sit at your desk — Company OS"
  12.2s [Thu, Jun 5 11:48 AM]   (shot company_os_as_company skipped: headless)
  12.2s [Thu, Jun 5 11:48 AM]   click [Tab_finance] Finance
  12.2s [Thu, Jun 5 11:49 AM]   (shot company_os_finance skipped: headless)
  12.2s [Thu, Jun 5 11:49 AM]   click [Tab_inventory] Inventory
  12.2s [Thu, Jun 5 11:50 AM]   (shot company_os_inventory skipped: headless)
  12.4s [Thu, Jun 5 11:55 AM]   ok  Chapter 3 complete
  12.5s [Thu, Jun 5 12:00 PM]   ok  walked back outside
  12.5s [Thu, Jun 5 12:00 PM]   (shot startup_hub_office_sign skipped: headless)
  12.5s [Thu, Jun 5 12:00 PM] STEP Careers — part-time job at Nexus Co-work
  13.0s [Thu, Jun 5 12:09 PM]   ok  entered Nexus Co-work
  13.1s [Thu, Jun 5 12:13 PM]   use "Business Board"
  13.1s [Thu, Jun 5 12:14 PM]   click [Page_jobs] Part-time jobs
  13.1s [Thu, Jun 5 12:15 PM]   (shot business_board_jobs skipped: headless)
  13.1s [Thu, Jun 5 12:15 PM]   click [Job_cowork_host] Details / apply
  13.2s [Thu, Jun 5 12:16 PM]   click [ApplyJob] Take the job
  13.2s [Thu, Jun 5 12:16 PM]   (shot job_hired skipped: headless)
  13.3s [Thu, Jun 5 12:18 PM]   ok  hired as a community host
  13.4s [Thu, Jun 5 12:21 PM]   use "Staff door — work a shift"
  13.4s [Thu, Jun 5 12:22 PM]   (shot job_shift skipped: headless)
  13.4s [Thu, Jun 5 12:22 PM]   click [WorkShift] Start a 4-hour shift (up to +$72.00)
  13.5s [Thu, Jun 5 4:24 PM]   ok  a 4-hour shift paid by how it went ($67.68)
  13.5s [Thu, Jun 5 4:24 PM] STEP Careers — freelance gig at a hot desk
  13.5s [Thu, Jun 5 4:24 PM]   info card: Your first business loop
  13.5s [Thu, Jun 5 4:24 PM]   (shot info_your_first_business_loop skipped: headless)
  13.5s [Thu, Jun 5 4:24 PM]   click "Let's go"
  13.7s [Thu, Jun 5 4:30 PM]   use "Work at a hot desk — Company OS"
  13.7s [Thu, Jun 5 4:31 PM]   click [Tab_freelance] Freelance
  13.7s [Thu, Jun 5 4:32 PM]   click [StartFreelance] Start freelancing
  13.8s [Thu, Jun 5 4:33 PM]   click [Accept_G1] Accept
  13.8s [Thu, Jun 5 4:33 PM]   click [Work_G1] Work 2 h
  13.8s [Thu, Jun 5 6:35 PM]   (shot freelance_gig skipped: headless)
  13.8s [Thu, Jun 5 6:35 PM]   ok  put hours into a freelance gig
  13.8s [Thu, Jun 5 6:35 PM] STEP Careers — start a SaaS product
  13.8s [Thu, Jun 5 6:35 PM]   click [Tab_saas] SaaS
  13.9s [Thu, Jun 5 6:35 PM]   (shot saas_ideas skipped: headless)
  13.9s [Thu, Jun 5 6:35 PM]   click [Saas_freelancer_invoicing] Build this
  13.9s [Thu, Jun 5 6:36 PM]   click [SaasCode] Code for 2 hours
  13.9s [Thu, Jun 5 8:37 PM]   (shot saas_building skipped: headless)
  13.9s [Thu, Jun 5 8:37 PM]   ok  started building a SaaS product (2 dev h)
  14.1s [Thu, Jun 5 8:44 PM]   ok  walked back outside
  14.1s [Thu, Jun 5 8:44 PM] STEP Run the company to month-end
  14.4s [Thu, Jun 5 9:02 PM]   ok  walked to Riverside
  15.3s [Thu, Jun 5 9:25 PM]   ok  entered Riverside Tower
  15.3s [Thu, Jun 5 9:28 PM]   use "Use laptop — Company OS"
  15.4s [Thu, Jun 5 9:28 PM]   click [Tab_operations] Operations
  15.4s [Thu, Jun 5 9:29 PM]   click [DeliverTo_riverside_studio] Riverside Tower, Unit
  15.4s [Thu, Jun 5 9:29 PM]   click [Buy_tradelink_wholesale_water_bottle] Buy $408
  15.5s [Thu, Jun 5 9:39 PM]   click [Buy_tradelink_wholesale_wireless_earbuds] Buy $900
  15.6s [Thu, Jun 5 9:54 PM]   use "Sleep"
  15.7s [Thu, Jun 5 9:54 PM]   click [Sleep] Sleep until 7:00 AM
  15.9s [Fri, Jun 6 7:07 AM]   use "Packing table"
  15.9s [Fri, Jun 6 7:08 AM]   click [Pack] Pack 56 orders (7 h 28 min)
  16.0s [Fri, Jun 6 2:37 PM]   click [CourierEconomy] Courier · Economy 3d ($205.20)
  16.1s [Fri, Jun 6 2:41 PM]   use "Use laptop — Company OS"
  16.1s [Fri, Jun 6 2:42 PM]   click [Tab_operations] Operations
  16.1s [Fri, Jun 6 2:42 PM]   click [DeliverTo_riverside_studio] Riverside Tower, Unit
  16.2s [Fri, Jun 6 2:42 PM]   click [Buy_tradelink_wholesale_water_bottle] Buy $408
  16.2s [Fri, Jun 6 2:53 PM]   click [Buy_tradelink_wholesale_wireless_earbuds] Buy $900
  16.4s [Fri, Jun 6 7:05 PM]   use "Sleep"
  16.4s [Fri, Jun 6 7:05 PM]   click [Sleep] Sleep until 7:00 AM
  16.7s [Sat, Jun 7 7:07 AM]   use "Packing table"
  16.7s [Sat, Jun 7 7:08 AM]   click [Pack] Pack 33 orders (4 h 24 min)
  16.8s [Sat, Jun 7 11:33 AM]   click [CourierEconomy] Courier · Economy 3d ($121.60)
  16.8s [Sat, Jun 7 11:37 AM]   use "Use laptop — Company OS"
  16.9s [Sat, Jun 7 11:38 AM]   click [Tab_operations] Operations
  16.9s [Sat, Jun 7 11:38 AM]   click [DeliverTo_riverside_studio] Riverside Tower, Unit
  16.9s [Sat, Jun 7 11:38 AM]   click [Buy_tradelink_wholesale_water_bottle] Buy $408
  17.1s [Sat, Jun 7 7:05 PM]   use "Sleep"
  17.2s [Sat, Jun 7 7:05 PM]   click [Sleep] Sleep until 7:00 AM
  17.3s [Sun, Jun 8 7:00 AM]   (shot decision_customer_return skipped: headless)
  17.3s [Sun, Jun 8 7:00 AM]   decision customer_return → replace
  17.3s [Sun, Jun 8 7:00 AM]   click [Choice_replace] Send a replacement
  17.3s [Sun, Jun 8 7:00 AM]   (shot decision_outcome_customer_return skipped: headless)
  17.3s [Sun, Jun 8 7:00 AM]   click "OK"
  17.5s [Sun, Jun 8 7:07 AM]   use "Packing table"
  17.5s [Sun, Jun 8 7:08 AM]   click [Pack] Pack 45 orders (6 h)
  17.6s [Sun, Jun 8 1:09 PM]   click [CourierEconomy] Courier · Economy 3d ($160.00)
  17.8s [Sun, Jun 8 7:06 PM]   use "Sleep"
  17.8s [Sun, Jun 8 7:06 PM]   click [Sleep] Sleep until 7:00 AM
  17.9s [Mon, Jun 9 7:00 AM]   (shot decision_customer_return skipped: headless)
  17.9s [Mon, Jun 9 7:00 AM]   decision customer_return → refund
  17.9s [Mon, Jun 9 7:00 AM]   click [Choice_refund] Refund + take it back
  17.9s [Mon, Jun 9 7:00 AM]   (shot decision_outcome_customer_return skipped: headless)
  17.9s [Mon, Jun 9 7:00 AM]   click "OK"
  18.1s [Mon, Jun 9 7:07 AM]   use "Packing table"
  18.1s [Mon, Jun 9 7:08 AM]   click [Pack] Pack 33 orders (4 h 24 min)
  18.2s [Mon, Jun 9 11:33 AM]   click [CourierEconomy] Courier · Economy 3d ($121.60)
  18.2s [Mon, Jun 9 11:34 AM]   (shot decision_customer_return skipped: headless)
  18.2s [Mon, Jun 9 11:34 AM]   decision customer_return → replace
  18.2s [Mon, Jun 9 11:34 AM]   click [Choice_replace] Send a replacement
  18.3s [Mon, Jun 9 11:34 AM]   (shot decision_outcome_customer_return skipped: headless)
  18.3s [Mon, Jun 9 11:34 AM]   click "OK"
  18.3s [Mon, Jun 9 11:34 AM]   (shot decision_customer_return skipped: headless)
  18.3s [Mon, Jun 9 11:34 AM]   decision customer_return → refund
  18.3s [Mon, Jun 9 11:34 AM]   click [Choice_refund] Refund + take it back
  18.3s [Mon, Jun 9 11:34 AM]   (shot decision_outcome_customer_return skipped: headless)
  18.3s [Mon, Jun 9 11:34 AM]   click "OK"
  18.4s [Mon, Jun 9 7:00 PM]   (shot decision_customer_return skipped: headless)
  18.4s [Mon, Jun 9 7:00 PM]   decision customer_return → replace
  18.4s [Mon, Jun 9 7:00 PM]   click [Choice_replace] Send a replacement
  18.4s [Mon, Jun 9 7:00 PM]   (shot decision_outcome_customer_return skipped: headless)
  18.4s [Mon, Jun 9 7:00 PM]   click "OK"
  18.6s [Mon, Jun 9 7:07 PM]   use "Sleep"
  18.6s [Mon, Jun 9 7:07 PM]   click [Sleep] Sleep until 7:00 AM
  18.7s [Tue, Jun 10 7:00 AM]   (shot decision_customer_return skipped: headless)
  18.7s [Tue, Jun 10 7:00 AM]   decision customer_return → refund
  18.7s [Tue, Jun 10 7:00 AM]   click [Choice_refund] Refund + take it back
  18.8s [Tue, Jun 10 7:00 AM]   (shot decision_outcome_customer_return skipped: headless)
  18.8s [Tue, Jun 10 7:00 AM]   click "OK"
  18.9s [Tue, Jun 10 7:07 AM]   use "Packing table"
  18.9s [Tue, Jun 10 7:08 AM]   click [Pack] Pack 21 orders (2 h 48 min)
  19.0s [Tue, Jun 10 9:57 AM]   click [CourierEconomy] Courier · Economy 3d ($73.20)
  19.1s [Tue, Jun 10 7:00 PM]   (shot decision_supplier_price_increase skipped: headless)
  19.1s [Tue, Jun 10 7:00 PM]   decision supplier_price_increase → accept
  19.1s [Tue, Jun 10 7:00 PM]   click [Choice_accept] Okay. Keep supplying me.
  19.1s [Tue, Jun 10 7:00 PM]   (shot decision_outcome_supplier_price_increase skipped: headless)
  19.1s [Tue, Jun 10 7:00 PM]   click "OK"
  19.1s [Tue, Jun 10 7:00 PM]   (shot decision_viral_mention skipped: headless)
  19.1s [Tue, Jun 10 7:00 PM]   decision viral_mention → ride
  19.1s [Tue, Jun 10 7:00 PM]   click [Choice_ride] Ride it out
  19.1s [Tue, Jun 10 7:00 PM]   (shot decision_outcome_viral_mention skipped: headless)
  19.1s [Tue, Jun 10 7:00 PM]   click "OK"
  19.3s [Tue, Jun 10 7:07 PM]   use "Sleep"
  19.3s [Tue, Jun 10 7:07 PM]   click [Sleep] Sleep until 7:00 AM
  19.5s [Wed, Jun 11 7:00 AM]   (shot decision_customer_return skipped: headless)
  19.5s [Wed, Jun 11 7:00 AM]   decision customer_return → replace
  19.5s [Wed, Jun 11 7:00 AM]   click [Choice_replace] Send a replacement
  19.5s [Wed, Jun 11 7:00 AM]   (shot decision_outcome_customer_return skipped: headless)
  19.5s [Wed, Jun 11 7:00 AM]   click "OK"
  19.6s [Wed, Jun 11 7:07 AM]   use "Packing table"
  19.7s [Wed, Jun 11 7:08 AM]   click [Pack] Pack 33 orders (4 h 24 min)
  19.7s [Wed, Jun 11 11:33 AM]   click [CourierEconomy] Courier · Economy 3d ($113.60)
  19.8s [Wed, Jun 11 11:34 AM]   (shot decision_customer_return skipped: headless)
  19.8s [Wed, Jun 11 11:34 AM]   decision customer_return → refund
  19.8s [Wed, Jun 11 11:34 AM]   click [Choice_refund] Refund + take it back
  19.8s [Wed, Jun 11 11:34 AM]   (shot decision_outcome_customer_return skipped: headless)
  19.8s [Wed, Jun 11 11:34 AM]   click "OK"
  20.0s [Wed, Jun 11 7:07 PM]   use "Sleep"
  20.0s [Wed, Jun 11 7:07 PM]   click [Sleep] Sleep until 7:00 AM
  20.3s [Thu, Jun 12 7:07 AM]   use "Packing table"
  20.3s [Thu, Jun 12 7:08 AM]   click [Pack] Pack 43 orders (5 h 44 min)
  20.4s [Thu, Jun 12 12:53 PM]   click [CourierEconomy] Courier · Economy 3d ($143.60)
  20.4s [Thu, Jun 12 12:54 PM]   (shot decision_customer_return skipped: headless)
  20.4s [Thu, Jun 12 12:54 PM]   decision customer_return → refund
  20.4s [Thu, Jun 12 12:54 PM]   click [Choice_refund] Refund + take it back
  20.5s [Thu, Jun 12 12:54 PM]   (shot decision_outcome_customer_return skipped: headless)
  20.5s [Thu, Jun 12 12:54 PM]   click "OK"
  20.5s [Thu, Jun 12 12:54 PM]   (shot decision_customer_return skipped: headless)
  20.5s [Thu, Jun 12 12:54 PM]   decision customer_return → replace
  20.5s [Thu, Jun 12 12:54 PM]   click [Choice_replace] Send a replacement
  20.5s [Thu, Jun 12 12:54 PM]   (shot decision_outcome_customer_return skipped: headless)
  20.5s [Thu, Jun 12 12:54 PM]   click "OK"
  20.5s [Thu, Jun 12 12:54 PM]   (shot decision_customer_return skipped: headless)
  20.5s [Thu, Jun 12 12:54 PM]   decision customer_return → replace
  20.5s [Thu, Jun 12 12:54 PM]   click [Choice_replace] Send a replacement
  20.6s [Thu, Jun 12 12:54 PM]   (shot decision_outcome_customer_return skipped: headless)
  20.6s [Thu, Jun 12 12:54 PM]   click "OK"
  20.8s [Thu, Jun 12 7:07 PM]   use "Sleep"
  20.8s [Thu, Jun 12 7:07 PM]   click [Sleep] Sleep until 7:00 AM
  20.9s [Fri, Jun 13 7:00 AM]   (shot decision_customer_return skipped: headless)
  20.9s [Fri, Jun 13 7:00 AM]   decision customer_return → refund
  20.9s [Fri, Jun 13 7:00 AM]   click [Choice_refund] Refund + take it back
  21.0s [Fri, Jun 13 7:00 AM]   (shot decision_outcome_customer_return skipped: headless)
  21.0s [Fri, Jun 13 7:00 AM]   click "OK"
  21.0s [Fri, Jun 13 7:02 AM]   (shot decision_customer_return skipped: headless)
  21.0s [Fri, Jun 13 7:02 AM]   decision customer_return → replace
  21.0s [Fri, Jun 13 7:02 AM]   click [Choice_replace] Send a replacement
  21.1s [Fri, Jun 13 7:02 AM]   (shot decision_outcome_customer_return skipped: headless)
  21.1s [Fri, Jun 13 7:02 AM]   click "OK"
  21.2s [Fri, Jun 13 7:07 AM]   use "Packing table"
  21.2s [Fri, Jun 13 7:08 AM]   click [Pack] Pack 45 orders (6 h)
  21.3s [Fri, Jun 13 1:10 PM]   click [CourierEconomy] Courier · Economy 3d ($150.00)
  21.4s [Fri, Jun 13 1:11 PM]   (shot decision_customer_return skipped: headless)
  21.4s [Fri, Jun 13 1:11 PM]   decision customer_return → replace
  21.4s [Fri, Jun 13 1:11 PM]   click [Choice_replace] Send a replacement
  21.4s [Fri, Jun 13 1:11 PM]   (shot decision_outcome_customer_return skipped: headless)
  21.4s [Fri, Jun 13 1:11 PM]   click "OK"
  21.6s [Fri, Jun 13 7:07 PM]   use "Sleep"
  21.6s [Fri, Jun 13 7:07 PM]   click [Sleep] Sleep until 7:00 AM
  21.9s [Sat, Jun 14 7:07 AM]   use "Packing table"
  21.9s [Sat, Jun 14 7:08 AM]   click [Pack] Pack 43 orders (5 h 44 min)
  22.0s [Sat, Jun 14 12:53 PM]   click [CourierEconomy] Courier · Economy 3d ($143.60)
  22.0s [Sat, Jun 14 12:54 PM]   (shot decision_customer_return skipped: headless)
  22.0s [Sat, Jun 14 12:54 PM]   decision customer_return → refund
  22.0s [Sat, Jun 14 12:54 PM]   click [Choice_refund] Refund + take it back
  22.0s [Sat, Jun 14 12:54 PM]   (shot decision_outcome_customer_return skipped: headless)
  22.0s [Sat, Jun 14 12:54 PM]   click "OK"
  22.1s [Sat, Jun 14 12:56 PM]   use "Use laptop — Company OS"
  22.2s [Sat, Jun 14 12:57 PM]   click [Tab_operations] Operations
  22.2s [Sat, Jun 14 12:58 PM]   click [DeliverTo_riverside_studio] Riverside Tower, Unit
  22.2s [Sat, Jun 14 12:58 PM]   click [Buy_tradelink_wholesale_water_bottle] Buy $469
  22.5s [Sat, Jun 14 7:04 PM]   use "Sleep"
  22.5s [Sat, Jun 14 7:04 PM]   click [Sleep] Sleep until 7:00 AM
  22.7s [Sun, Jun 15 7:07 AM]   use "Packing table"
  22.8s [Sun, Jun 15 7:08 AM]   click [Pack] Pack 19 orders (2 h 32 min)
  22.8s [Sun, Jun 15 9:41 AM]   click [CourierEconomy] Courier · Economy 3d ($66.80)
  22.9s [Sun, Jun 15 9:45 AM]   use "Use laptop — Company OS"
  22.9s [Sun, Jun 15 9:46 AM]   click [Tab_operations] Operations
  23.0s [Sun, Jun 15 9:46 AM]   click [DeliverTo_riverside_studio] Riverside Tower, Unit
  23.0s [Sun, Jun 15 9:46 AM]   click [Buy_tradelink_wholesale_water_bottle] Buy $469
  23.2s [Sun, Jun 15 7:05 PM]   use "Sleep"
  23.3s [Sun, Jun 15 7:05 PM]   click [Sleep] Sleep until 7:00 AM
  23.4s [Mon, Jun 16 7:00 AM]   (shot decision_customer_return skipped: headless)
  23.4s [Mon, Jun 16 7:00 AM]   decision customer_return → replace
  23.4s [Mon, Jun 16 7:00 AM]   click [Choice_replace] Send a replacement
  23.5s [Mon, Jun 16 7:00 AM]   (shot decision_outcome_customer_return skipped: headless)
  23.5s [Mon, Jun 16 7:00 AM]   click "OK"
  23.6s [Mon, Jun 16 7:07 AM]   use "Packing table"
  23.7s [Mon, Jun 16 7:08 AM]   click [Pack] Pack 25 orders (3 h 20 min)
  23.7s [Mon, Jun 16 10:29 AM]   click [CourierEconomy] Courier · Economy 3d ($86.00)
  23.8s [Mon, Jun 16 10:33 AM]   use "Use laptop — Company OS"
  23.8s [Mon, Jun 16 10:34 AM]   click [Tab_operations] Operations
  23.9s [Mon, Jun 16 10:34 AM]   click [DeliverTo_riverside_studio] Riverside Tower, Unit
  23.9s [Mon, Jun 16 10:34 AM]   click [Buy_tradelink_wholesale_water_bottle] Buy $469
  24.0s [Mon, Jun 16 10:44 AM]   click [Buy_tradelink_wholesale_wireless_earbuds] Buy $900
  24.2s [Mon, Jun 16 7:05 PM]   use "Sleep"
  24.2s [Mon, Jun 16 7:05 PM]   click [Sleep] Sleep until 7:00 AM
  24.5s [Tue, Jun 17 7:07 AM]   use "Packing table"
  24.5s [Tue, Jun 17 7:08 AM]   click [Pack] Pack 20 orders (2 h 40 min)
  24.5s [Tue, Jun 17 9:49 AM]   click [CourierEconomy] Courier · Economy 3d ($70.00)
  24.6s [Tue, Jun 17 9:50 AM]   (shot decision_customer_return skipped: headless)
  24.6s [Tue, Jun 17 9:50 AM]   decision customer_return → replace
  24.6s [Tue, Jun 17 9:50 AM]   click [Choice_replace] Send a replacement
  24.6s [Tue, Jun 17 9:50 AM]   (shot decision_outcome_customer_return skipped: headless)
  24.6s [Tue, Jun 17 9:50 AM]   click "OK"
  24.7s [Tue, Jun 17 9:50 AM]   (shot decision_customer_return skipped: headless)
  24.7s [Tue, Jun 17 9:50 AM]   decision customer_return → refund
  24.7s [Tue, Jun 17 9:50 AM]   click [Choice_refund] Refund + take it back
  24.7s [Tue, Jun 17 9:50 AM]   (shot decision_outcome_customer_return skipped: headless)
  24.7s [Tue, Jun 17 9:50 AM]   click "OK"
  24.8s [Tue, Jun 17 9:52 AM]   use "Use laptop — Company OS"
  24.8s [Tue, Jun 17 9:53 AM]   click [Tab_operations] Operations
  24.8s [Tue, Jun 17 9:54 AM]   click [DeliverTo_riverside_studio] Riverside Tower, Unit
  24.9s [Tue, Jun 17 9:54 AM]   click [Buy_tradelink_wholesale_wireless_earbuds] Buy $900
  25.0s [Tue, Jun 17 7:00 PM]   (shot decision_customer_return skipped: headless)
  25.0s [Tue, Jun 17 7:00 PM]   decision customer_return → replace
  25.0s [Tue, Jun 17 7:00 PM]   click [Choice_replace] Send a replacement
  25.1s [Tue, Jun 17 7:00 PM]   (shot decision_outcome_customer_return skipped: headless)
  25.1s [Tue, Jun 17 7:00 PM]   click "OK"
  25.1s [Tue, Jun 17 7:00 PM]   (shot decision_customer_return skipped: headless)
  25.1s [Tue, Jun 17 7:00 PM]   decision customer_return → refund
  25.1s [Tue, Jun 17 7:00 PM]   click [Choice_refund] Refund + take it back
  25.1s [Tue, Jun 17 7:00 PM]   (shot decision_outcome_customer_return skipped: headless)
  25.1s [Tue, Jun 17 7:00 PM]   click "OK"
  25.2s [Tue, Jun 17 7:05 PM]   use "Sleep"
  25.3s [Tue, Jun 17 7:05 PM]   click [Sleep] Sleep until 7:00 AM
  25.5s [Wed, Jun 18 7:07 AM]   use "Packing table"
  25.5s [Wed, Jun 18 7:08 AM]   click [Pack] Pack 16 orders (2 h 8 min)
  25.6s [Wed, Jun 18 9:17 AM]   click [CourierEconomy] Courier · Economy 3d ($57.20)
  25.6s [Wed, Jun 18 9:18 AM]   (shot decision_customer_return skipped: headless)
  25.6s [Wed, Jun 18 9:18 AM]   decision customer_return → replace
  25.6s [Wed, Jun 18 9:18 AM]   click [Choice_replace] Send a replacement
  25.6s [Wed, Jun 18 9:18 AM]   (shot decision_outcome_customer_return skipped: headless)
  25.6s [Wed, Jun 18 9:18 AM]   click "OK"
  25.7s [Wed, Jun 18 9:18 AM]   (shot decision_customer_return skipped: headless)
  25.7s [Wed, Jun 18 9:18 AM]   decision customer_return → replace
  25.7s [Wed, Jun 18 9:18 AM]   click [Choice_replace] Send a replacement
  25.7s [Wed, Jun 18 9:18 AM]   (shot decision_outcome_customer_return skipped: headless)
  25.7s [Wed, Jun 18 9:18 AM]   click "OK"
  25.8s [Wed, Jun 18 9:20 AM]   use "Use laptop — Company OS"
  25.8s [Wed, Jun 18 9:21 AM]   click [Tab_operations] Operations
  25.8s [Wed, Jun 18 9:22 AM]   click [DeliverTo_riverside_studio] Riverside Tower, Unit
  25.9s [Wed, Jun 18 9:22 AM]   click [Buy_tradelink_wholesale_wireless_earbuds] Buy $900
  26.0s [Wed, Jun 18 7:00 PM]   (shot decision_customer_return skipped: headless)
  26.0s [Wed, Jun 18 7:00 PM]   decision customer_return → replace
  26.0s [Wed, Jun 18 7:00 PM]   click [Choice_replace] Send a replacement
  26.1s [Wed, Jun 18 7:00 PM]   (shot decision_outcome_customer_return skipped: headless)
  26.1s [Wed, Jun 18 7:00 PM]   click "OK"
  26.2s [Wed, Jun 18 7:05 PM]   use "Sleep"
  26.2s [Wed, Jun 18 7:05 PM]   click [Sleep] Sleep until 7:00 AM
  26.4s [Thu, Jun 19 7:07 AM]   use "Packing table"
  26.5s [Thu, Jun 19 7:08 AM]   click [Pack] Pack 23 orders (3 h 4 min)
  26.5s [Thu, Jun 19 10:13 AM]   click [CourierEconomy] Courier · Economy 3d ($79.60)
  26.6s [Thu, Jun 19 10:14 AM]   (shot decision_customer_return skipped: headless)
  26.6s [Thu, Jun 19 10:14 AM]   decision customer_return → replace
  26.6s [Thu, Jun 19 10:14 AM]   click [Choice_replace] Send a replacement
  26.6s [Thu, Jun 19 10:14 AM]   (shot decision_outcome_customer_return skipped: headless)
  26.6s [Thu, Jun 19 10:14 AM]   click "OK"
  26.7s [Thu, Jun 19 7:00 PM]   (shot decision_customer_return skipped: headless)
  26.7s [Thu, Jun 19 7:00 PM]   decision customer_return → replace
  26.7s [Thu, Jun 19 7:00 PM]   click [Choice_replace] Send a replacement
  26.7s [Thu, Jun 19 7:00 PM]   (shot decision_outcome_customer_return skipped: headless)
  26.7s [Thu, Jun 19 7:00 PM]   click "OK"
  26.7s [Thu, Jun 19 7:00 PM]   (shot decision_customer_return skipped: headless)
  26.7s [Thu, Jun 19 7:00 PM]   decision customer_return → replace
  26.7s [Thu, Jun 19 7:00 PM]   click [Choice_replace] Send a replacement
  26.8s [Thu, Jun 19 7:00 PM]   (shot decision_outcome_customer_return skipped: headless)
  26.8s [Thu, Jun 19 7:00 PM]   click "OK"
  27.0s [Thu, Jun 19 7:07 PM]   use "Sleep"
  27.0s [Thu, Jun 19 7:07 PM]   click [Sleep] Sleep until 7:00 AM
  27.1s [Fri, Jun 20 7:00 AM]   (shot decision_customer_return skipped: headless)
  27.1s [Fri, Jun 20 7:00 AM]   decision customer_return → replace
  27.1s [Fri, Jun 20 7:00 AM]   click [Choice_replace] Send a replacement
  27.2s [Fri, Jun 20 7:00 AM]   (shot decision_outcome_customer_return skipped: headless)
  27.2s [Fri, Jun 20 7:00 AM]   click "OK"
  27.3s [Fri, Jun 20 7:07 AM]   use "Packing table"
  27.3s [Fri, Jun 20 7:08 AM]   click [Pack] Pack 25 orders (3 h 20 min)
  27.4s [Fri, Jun 20 10:29 AM]   click [CourierEconomy] Courier · Economy 3d ($86.00)
  27.5s [Fri, Jun 20 7:00 PM]   (shot decision_customer_return skipped: headless)
  27.5s [Fri, Jun 20 7:00 PM]   decision customer_return → replace
  27.5s [Fri, Jun 20 7:00 PM]   click [Choice_replace] Send a replacement
  27.5s [Fri, Jun 20 7:00 PM]   (shot decision_outcome_customer_return skipped: headless)
  27.5s [Fri, Jun 20 7:00 PM]   click "OK"
  27.5s [Fri, Jun 20 7:00 PM]   (shot decision_customer_return skipped: headless)
  27.5s [Fri, Jun 20 7:00 PM]   decision customer_return → replace
  27.5s [Fri, Jun 20 7:00 PM]   click [Choice_replace] Send a replacement
  27.6s [Fri, Jun 20 7:00 PM]   (shot decision_outcome_customer_return skipped: headless)
  27.6s [Fri, Jun 20 7:00 PM]   click "OK"
  27.8s [Fri, Jun 20 7:07 PM]   use "Sleep"
  27.8s [Fri, Jun 20 7:07 PM]   click [Sleep] Sleep until 7:00 AM
  27.9s [Sat, Jun 21 7:00 AM]   (shot decision_customer_return skipped: headless)
  27.9s [Sat, Jun 21 7:00 AM]   decision customer_return → replace
  27.9s [Sat, Jun 21 7:00 AM]   click [Choice_replace] Send a replacement
  28.0s [Sat, Jun 21 7:00 AM]   (shot decision_outcome_customer_return skipped: headless)
  28.0s [Sat, Jun 21 7:00 AM]   click "OK"
  28.1s [Sat, Jun 21 7:07 AM]   use "Packing table"
  28.1s [Sat, Jun 21 7:08 AM]   click [Pack] Pack 21 orders (2 h 48 min)
  28.2s [Sat, Jun 21 9:57 AM]   click [CourierEconomy] Courier · Economy 3d ($73.20)
  28.3s [Sat, Jun 21 7:00 PM]   (shot decision_customer_return skipped: headless)
  28.3s [Sat, Jun 21 7:00 PM]   decision customer_return → replace
  28.3s [Sat, Jun 21 7:00 PM]   click [Choice_replace] Send a replacement
  28.3s [Sat, Jun 21 7:00 PM]   (shot decision_outcome_customer_return skipped: headless)
  28.3s [Sat, Jun 21 7:00 PM]   click "OK"
  28.3s [Sat, Jun 21 7:00 PM]   (shot decision_customer_return skipped: headless)
  28.3s [Sat, Jun 21 7:00 PM]   decision customer_return → replace
  28.3s [Sat, Jun 21 7:00 PM]   click [Choice_replace] Send a replacement
  28.4s [Sat, Jun 21 7:00 PM]   (shot decision_outcome_customer_return skipped: headless)
  28.4s [Sat, Jun 21 7:00 PM]   click "OK"
  28.6s [Sat, Jun 21 7:07 PM]   use "Sleep"
  28.6s [Sat, Jun 21 7:07 PM]   click [Sleep] Sleep until 7:00 AM
  28.8s [Sun, Jun 22 7:07 AM]   use "Packing table"
  28.9s [Sun, Jun 22 7:08 AM]   click [Pack] Pack 26 orders (3 h 28 min)
  28.9s [Sun, Jun 22 10:37 AM]   click [CourierEconomy] Courier · Economy 3d ($89.20)
  29.0s [Sun, Jun 22 10:38 AM]   (shot decision_unexpected_large_order skipped: headless)
  29.0s [Sun, Jun 22 10:38 AM]   decision unexpected_large_order → review
  29.0s [Sun, Jun 22 10:38 AM]   click [Choice_review] Send me the contract. I'll look.
  29.0s [Sun, Jun 22 10:38 AM]   (shot decision_outcome_unexpected_large_order skipped: headless)
  29.0s [Sun, Jun 22 10:38 AM]   click "OK"
  29.1s [Sun, Jun 22 10:40 AM]   use "Use laptop — Company OS"
  29.1s [Sun, Jun 22 10:41 AM]   click [Tab_contracts] Contracts ●
  29.1s [Sun, Jun 22 10:42 AM]   (shot contract_offer skipped: headless)
  29.1s [Sun, Jun 22 10:42 AM]   click [AcceptContract] Accept
  29.4s [Sun, Jun 22 7:05 PM]   use "Sleep"
  29.4s [Sun, Jun 22 7:05 PM]   click [Sleep] Sleep until 7:00 AM
  29.6s [Mon, Jun 23 7:00 AM]   (shot decision_customer_return skipped: headless)
  29.6s [Mon, Jun 23 7:00 AM]   decision customer_return → refund
  29.6s [Mon, Jun 23 7:00 AM]   click [Choice_refund] Refund + take it back
  29.6s [Mon, Jun 23 7:00 AM]   (shot decision_outcome_customer_return skipped: headless)
  29.6s [Mon, Jun 23 7:00 AM]   click "OK"
  29.8s [Mon, Jun 23 7:07 AM]   use "Packing table"
  29.8s [Mon, Jun 23 7:08 AM]   click [Pack] Pack 14 orders (1 h 52 min)
  29.9s [Mon, Jun 23 9:01 AM]   click [CourierEconomy] Courier · Economy 3d ($50.80)
  30.0s [Mon, Jun 23 9:05 AM]   use "Use laptop — Company OS"
  30.0s [Mon, Jun 23 9:06 AM]   click [Tab_operations] Operations
  30.1s [Mon, Jun 23 9:06 AM]   click [DeliverTo_riverside_studio] Riverside Tower, Unit
  30.1s [Mon, Jun 23 9:06 AM]   click [Buy_tradelink_wholesale_water_bottle] Buy $469
  30.2s [Mon, Jun 23 9:16 AM]   click [Buy_tradelink_wholesale_water_bottle] Buy $469
  30.2s [Mon, Jun 23 9:27 AM]   click [Tab_contracts] Contracts
  30.5s [Mon, Jun 23 7:05 PM]   use "Sleep"
  30.5s [Mon, Jun 23 7:05 PM]   click [Sleep] Sleep until 7:00 AM
  30.8s [Tue, Jun 24 7:07 AM]   use "Packing table"
  30.8s [Tue, Jun 24 7:08 AM]   click [Pack] Pack 16 orders (2 h 8 min)
  30.9s [Tue, Jun 24 9:17 AM]   click [CourierEconomy] Courier · Economy 3d ($57.20)
  31.0s [Tue, Jun 24 9:21 AM]   use "Use laptop — Company OS"
  31.0s [Tue, Jun 24 9:22 AM]   click [Tab_operations] Operations
  31.1s [Tue, Jun 24 9:22 AM]   click [DeliverTo_riverside_studio] Riverside Tower, Unit
  31.1s [Tue, Jun 24 9:22 AM]   click [Buy_tradelink_wholesale_water_bottle] Buy $469
  31.2s [Tue, Jun 24 9:33 AM]   click [Buy_tradelink_wholesale_water_bottle] Buy $469
  31.3s [Tue, Jun 24 9:43 AM]   click [Tab_contracts] Contracts
  31.4s [Tue, Jun 24 7:05 PM]   use "Sleep"
  31.5s [Tue, Jun 24 7:05 PM]   click [Sleep] Sleep until 7:00 AM
  31.8s [Wed, Jun 25 7:07 AM]   use "Packing table"
  31.8s [Wed, Jun 25 7:08 AM]   click [Pack] Pack 11 orders (1 h 28 min)
  31.9s [Wed, Jun 25 8:37 AM]   click [CourierEconomy] Courier · Economy 3d ($41.20)
  32.0s [Wed, Jun 25 8:41 AM]   use "Use laptop — Company OS"
  32.0s [Wed, Jun 25 8:42 AM]   click [Tab_operations] Operations
  32.0s [Wed, Jun 25 8:42 AM]   click [DeliverTo_riverside_studio] Riverside Tower, Unit
  32.1s [Wed, Jun 25 8:42 AM]   click [Buy_tradelink_wholesale_water_bottle] Buy $469
  32.1s [Wed, Jun 25 8:53 AM]   click [Buy_tradelink_wholesale_water_bottle] Buy $469
  32.2s [Wed, Jun 25 9:03 AM]   click [Tab_contracts] Contracts
  32.4s [Wed, Jun 25 7:05 PM]   use "Sleep"
  32.4s [Wed, Jun 25 7:05 PM]   click [Sleep] Sleep until 7:00 AM
  32.7s [Thu, Jun 26 7:07 AM]   use "Packing table"
  32.7s [Thu, Jun 26 7:08 AM]   click [Pack] Pack 13 orders (1 h 44 min)
  32.8s [Thu, Jun 26 8:53 AM]   click [CourierEconomy] Courier · Economy 3d ($47.60)
  32.8s [Thu, Jun 26 8:54 AM]   (shot decision_customer_return skipped: headless)
  32.8s [Thu, Jun 26 8:54 AM]   decision customer_return → replace
  32.8s [Thu, Jun 26 8:54 AM]   click [Choice_replace] Send a replacement
  32.9s [Thu, Jun 26 8:54 AM]   (shot decision_outcome_customer_return skipped: headless)
  32.9s [Thu, Jun 26 8:54 AM]   click "OK"
  33.0s [Thu, Jun 26 8:56 AM]   use "Use laptop — Company OS"
  33.0s [Thu, Jun 26 8:57 AM]   click [Tab_contracts] Contracts
  33.1s [Thu, Jun 26 8:58 AM]   click [DeliverContract] Pack & deliver 120 units (B2B freight $40)
  33.1s [Thu, Jun 26 10:29 AM]   (shot contract_delivered skipped: headless)
  33.1s [Thu, Jun 26 7:00 PM]   (shot decision_customer_return skipped: headless)
  33.1s [Thu, Jun 26 7:00 PM]   decision customer_return → replace
  33.1s [Thu, Jun 26 7:00 PM]   click [Choice_replace] Send a replacement
  33.2s [Thu, Jun 26 7:00 PM]   (shot decision_outcome_customer_return skipped: headless)
  33.2s [Thu, Jun 26 7:00 PM]   click "OK"
  33.4s [Thu, Jun 26 7:05 PM]   use "Sleep"
  33.4s [Thu, Jun 26 7:05 PM]   click [Sleep] Sleep until 7:00 AM
  33.6s [Fri, Jun 27 7:00 AM]   (shot decision_customer_return skipped: headless)
  33.6s [Fri, Jun 27 7:00 AM]   decision customer_return → replace
  33.6s [Fri, Jun 27 7:00 AM]   click [Choice_replace] Send a replacement
  33.6s [Fri, Jun 27 7:00 AM]   (shot decision_outcome_customer_return skipped: headless)
  33.6s [Fri, Jun 27 7:00 AM]   click "OK"
  33.6s [Fri, Jun 27 7:00 AM]   (shot decision_customer_return skipped: headless)
  33.6s [Fri, Jun 27 7:00 AM]   decision customer_return → replace
  33.6s [Fri, Jun 27 7:00 AM]   click [Choice_replace] Send a replacement
  33.7s [Fri, Jun 27 7:00 AM]   (shot decision_outcome_customer_return skipped: headless)
  33.7s [Fri, Jun 27 7:00 AM]   click "OK"
  33.8s [Fri, Jun 27 7:07 AM]   use "Packing table"
  33.8s [Fri, Jun 27 7:08 AM]   click [Pack] Pack 24 orders (3 h 12 min)
  33.9s [Fri, Jun 27 10:21 AM]   click [CourierEconomy] Courier · Economy 3d ($82.80)
  34.0s [Fri, Jun 27 7:00 PM]   (shot decision_customer_return skipped: headless)
  34.0s [Fri, Jun 27 7:00 PM]   decision customer_return → replace
  34.0s [Fri, Jun 27 7:00 PM]   click [Choice_replace] Send a replacement
  34.0s [Fri, Jun 27 7:00 PM]   (shot decision_outcome_customer_return skipped: headless)
  34.0s [Fri, Jun 27 7:00 PM]   click "OK"
  34.2s [Fri, Jun 27 7:07 PM]   use "Sleep"
  34.2s [Fri, Jun 27 7:07 PM]   click [Sleep] Sleep until 7:00 AM
  34.4s [Sat, Jun 28 7:00 AM]   (shot decision_customer_return skipped: headless)
  34.4s [Sat, Jun 28 7:00 AM]   decision customer_return → replace
  34.4s [Sat, Jun 28 7:00 AM]   click [Choice_replace] Send a replacement
  34.4s [Sat, Jun 28 7:00 AM]   (shot decision_outcome_customer_return skipped: headless)
  34.4s [Sat, Jun 28 7:00 AM]   click "OK"
  34.6s [Sat, Jun 28 7:07 AM]   use "Packing table"
  34.6s [Sat, Jun 28 7:08 AM]   click [Pack] Pack 24 orders (3 h 12 min)
  34.7s [Sat, Jun 28 10:21 AM]   click [CourierEconomy] Courier · Economy 3d ($82.80)
  34.8s [Sat, Jun 28 7:00 PM]   (shot decision_supplier_price_increase skipped: headless)
  34.8s [Sat, Jun 28 7:00 PM]   decision supplier_price_increase → accept
  34.8s [Sat, Jun 28 7:00 PM]   click [Choice_accept] Okay. Keep supplying me.
  34.8s [Sat, Jun 28 7:00 PM]   (shot decision_outcome_supplier_price_increase skipped: headless)
  34.8s [Sat, Jun 28 7:00 PM]   click "OK"
  35.0s [Sat, Jun 28 7:07 PM]   use "Sleep"
  35.0s [Sat, Jun 28 7:07 PM]   click [Sleep] Sleep until 7:00 AM
  35.3s [Sun, Jun 29 7:07 AM]   use "Packing table"
  35.3s [Sun, Jun 29 7:08 AM]   click [Pack] Pack 17 orders (2 h 16 min)
  35.4s [Sun, Jun 29 9:25 AM]   click [CourierEconomy] Courier · Economy 3d ($60.40)
  35.6s [Sun, Jun 29 7:06 PM]   use "Sleep"
  35.6s [Sun, Jun 29 7:06 PM]   click [Sleep] Sleep until 7:00 AM
  35.9s [Mon, Jun 30 7:07 AM]   use "Packing table"
  35.9s [Mon, Jun 30 7:08 AM]   click [Pack] Pack 20 orders (2 h 40 min)
  36.0s [Mon, Jun 30 9:49 AM]   click [CourierEconomy] Courier · Economy 3d ($70.00)
  36.2s [Mon, Jun 30 7:06 PM]   use "Sleep"
  36.2s [Mon, Jun 30 7:06 PM]   click [Sleep] Sleep until 7:00 AM
  36.5s [Tue, Jul 1 7:00 AM]   (shot month_close_report skipped: headless)
  36.5s [Tue, Jul 1 7:00 AM]   click [month close] Continue
  36.5s [Tue, Jul 1 7:00 AM]   (shot decision_customer_return skipped: headless)
  36.5s [Tue, Jul 1 7:00 AM]   decision customer_return → replace
  36.5s [Tue, Jul 1 7:00 AM]   click [Choice_replace] Send a replacement
  36.5s [Tue, Jul 1 7:00 AM]   (shot decision_outcome_customer_return skipped: headless)
  36.5s [Tue, Jul 1 7:00 AM]   click "OK"
  36.7s [Tue, Jul 1 7:07 AM]   use "Packing table"
  36.8s [Tue, Jul 1 7:08 AM]   click [Pack] Pack 29 orders (3 h 52 min)
  36.8s [Tue, Jul 1 11:01 AM]   click [CourierEconomy] Courier · Economy 3d ($98.80)
  36.9s [Tue, Jul 1 11:04 AM]   ok  month close ran (June)
  37.0s [Tue, Jul 1 11:06 AM]   use "Use laptop — Company OS"
  37.1s [Tue, Jul 1 11:07 AM]   click [Tab_finance] Finance
  37.1s [Tue, Jul 1 11:08 AM]   (shot company_os_finance_july skipped: headless)
  37.2s [Tue, Jul 1 11:09 AM]   ok  Chapter 4 started after the June close
  37.2s [Tue, Jul 1 11:09 AM] STEP Chapter 4 — register as an employer at City Hall
  37.4s [Tue, Jul 1 11:14 AM]   ok  walked back outside
  37.9s [Tue, Jul 1 11:28 AM]   use "Metro — Riverside Station"
  37.9s [Tue, Jul 1 11:29 AM]   (shot metro_civic_center skipped: headless)
  37.9s [Tue, Jul 1 11:29 AM]   click [Go_civic_center] Civic Center  ·  12 min
  38.1s [Tue, Jul 1 11:43 AM]   ok  took the Metro to Civic Center
  38.5s [Tue, Jul 1 11:53 AM]   ok  entered Aurelia City Hall
  38.5s [Tue, Jul 1 11:56 AM]   use "Permits & regulations"
  38.5s [Tue, Jul 1 11:57 AM]   (shot permits_kiosk skipped: headless)
  38.5s [Tue, Jul 1 11:57 AM]   click [RegisterEmployer] Register ($150)
  38.6s [Tue, Jul 1 12:19 PM]   ok  registered as an employer
  38.6s [Tue, Jul 1 12:19 PM] STEP Chapter 4 — post a job, hire, first payroll
  38.8s [Tue, Jul 1 12:24 PM]   ok  walked back outside
  39.0s [Tue, Jul 1 12:32 PM]   use "Metro — Civic Center Station"
  39.1s [Tue, Jul 1 12:34 PM]   (shot metro_riverside skipped: headless)
  39.1s [Tue, Jul 1 12:34 PM]   click [Go_riverside] Riverside  ·  12 min
  39.2s [Tue, Jul 1 12:47 PM]   ok  took the Metro to Riverside
  39.9s [Tue, Jul 1 1:01 PM]   ok  entered Riverside Tower
  39.9s [Tue, Jul 1 1:03 PM]   use "Use laptop — Company OS"
  40.0s [Tue, Jul 1 1:04 PM]   click [Tab_people] People
  40.0s [Tue, Jul 1 1:05 PM]   (shot people_tab skipped: headless)
  40.0s [Tue, Jul 1 1:05 PM]   click [Post_support] Post job
  40.1s [Tue, Jul 1 1:06 PM]   ok  job ad posted
  40.1s [Tue, Jul 1 1:06 PM]   (harness) wait 2 h
  40.2s [Tue, Jul 1 3:12 PM]   use "Packing table"
  40.3s [Tue, Jul 1 3:13 PM]   click [Pack] Pack 8 orders (1 h 4 min)
  40.3s [Tue, Jul 1 4:19 PM]   click [CourierEconomy] Courier · Economy 3d ($31.60)
  40.3s [Tue, Jul 1 4:20 PM]   (harness) wait 2 h
  40.4s [Tue, Jul 1 6:21 PM]   use "Packing table"
  40.4s [Tue, Jul 1 6:22 PM]   click [Pack] Pack 7 orders (56 min)
  40.4s [Tue, Jul 1 7:20 PM]   click [CourierEconomy] Courier · Economy 3d ($28.40)
  40.7s [Tue, Jul 1 7:28 PM]   use "Sleep"
  40.8s [Tue, Jul 1 7:28 PM]   click [Sleep] Sleep until 7:00 AM
  41.1s [Wed, Jul 2 7:07 AM]   use "Packing table"
  41.1s [Wed, Jul 2 7:08 AM]   click [Pack] Pack 5 orders (40 min)
  41.2s [Wed, Jul 2 7:49 AM]   click [CourierEconomy] Courier · Economy 3d ($22.00)
  41.3s [Wed, Jul 2 7:53 AM]   use "Use laptop — Company OS"
  41.3s [Wed, Jul 2 7:54 AM]   click [Tab_people] People
  41.4s [Wed, Jul 2 7:55 AM]   (shot applicants skipped: headless)
  41.4s [Wed, Jul 2 7:55 AM]   click [Hire_E1] Hire
  41.4s [Wed, Jul 2 7:56 AM]   ok  hired the first employee (Jae Hughes)
  41.4s [Wed, Jul 2 7:00 PM]   (shot decision_customer_return skipped: headless)
  41.4s [Wed, Jul 2 7:00 PM]   decision customer_return → replace
  41.4s [Wed, Jul 2 7:00 PM]   click [Choice_replace] Send a replacement
  41.5s [Wed, Jul 2 7:00 PM]   (shot decision_outcome_customer_return skipped: headless)
  41.5s [Wed, Jul 2 7:00 PM]   click "OK"
  41.7s [Wed, Jul 2 7:05 PM]   use "Sleep"
  41.7s [Wed, Jul 2 7:05 PM]   click [Sleep] Sleep until 7:00 AM
  41.9s [Thu, Jul 3 7:00 AM]   (shot decision_customer_return skipped: headless)
  41.9s [Thu, Jul 3 7:00 AM]   decision customer_return → refund
  41.9s [Thu, Jul 3 7:00 AM]   click [Choice_refund] Refund + take it back
  41.9s [Thu, Jul 3 7:00 AM]   (shot decision_outcome_customer_return skipped: headless)
  41.9s [Thu, Jul 3 7:00 AM]   click "OK"
  42.0s [Thu, Jul 3 7:07 AM]   use "Packing table"
  42.1s [Thu, Jul 3 7:08 AM]   click [Pack] Pack 8 orders (1 h 4 min)
  42.1s [Thu, Jul 3 8:13 AM]   click [CourierEconomy] Courier · Economy 3d ($31.60)
  42.3s [Thu, Jul 3 7:06 PM]   use "Sleep"
  42.3s [Thu, Jul 3 7:06 PM]   click [Sleep] Sleep until 7:00 AM
  42.6s [Fri, Jul 4 7:07 AM]   use "Packing table"
  42.7s [Fri, Jul 4 7:08 AM]   click [Pack] Pack 10 orders (1 h 20 min)
  42.7s [Fri, Jul 4 8:29 AM]   click [CourierEconomy] Courier · Economy 3d ($38.00)
  42.9s [Fri, Jul 4 7:06 PM]   use "Sleep"
  43.0s [Fri, Jul 4 7:06 PM]   click [Sleep] Sleep until 7:00 AM
  43.2s [Sat, Jul 5 7:07 AM]   use "Packing table"
  43.3s [Sat, Jul 5 7:08 AM]   click [Pack] Pack 16 orders (2 h 8 min)
  43.3s [Sat, Jul 5 7:51 AM]   toast: New review #1761: ★★ "Arrived late and scratched."
  43.3s [Sat, Jul 5 9:17 AM]   click [CourierEconomy] Courier · Economy 3d ($57.20)
  43.4s [Sat, Jul 5 9:19 AM]   ok  first payroll paid
  43.4s [Sat, Jul 5 9:21 AM]   use "Use laptop — Company OS"
  43.5s [Sat, Jul 5 9:22 AM]   click [Tab_finance] Finance
  43.6s [Sat, Jul 5 9:23 AM]   (shot cash_forecast skipped: headless)
  43.6s [Sat, Jul 5 9:25 AM]   ok  Chapter 4 complete
  43.6s [Sat, Jul 5 9:25 AM] STEP Chapter 5 — Crestline's offer
  43.8s [Sat, Jul 5 7:05 PM]   use "Sleep"
  43.9s [Sat, Jul 5 7:05 PM]   click [Sleep] Sleep until 7:00 AM
  44.1s [Sun, Jul 6 7:07 AM]   use "Packing table"
  44.2s [Sun, Jul 6 7:08 AM]   click [Pack] Pack 14 orders (1 h 52 min)
  44.2s [Sun, Jul 6 9:01 AM]   click [CourierEconomy] Courier · Economy 3d ($50.80)
  44.4s [Sun, Jul 6 7:06 PM]   use "Sleep"
  44.4s [Sun, Jul 6 7:06 PM]   click [Sleep] Sleep until 7:00 AM
  44.7s [Mon, Jul 7 7:07 AM]   use "Packing table"
  44.8s [Mon, Jul 7 7:08 AM]   click [Pack] Pack 8 orders (1 h 4 min)
  44.8s [Mon, Jul 7 8:13 AM]   click [CourierEconomy] Courier · Economy 3d ($31.60)
  45.0s [Mon, Jul 7 7:06 PM]   use "Sleep"
  45.0s [Mon, Jul 7 7:06 PM]   click [Sleep] Sleep until 7:00 AM
  45.4s [Tue, Jul 8 7:07 AM]   use "Packing table"
  45.4s [Tue, Jul 8 7:08 AM]   click [Pack] Pack 12 orders (1 h 36 min)
  45.5s [Tue, Jul 8 8:45 AM]   click [CourierEconomy] Courier · Economy 3d ($44.40)
  45.7s [Tue, Jul 8 7:06 PM]   use "Sleep"
  45.7s [Tue, Jul 8 7:06 PM]   click [Sleep] Sleep until 7:00 AM
  46.0s [Wed, Jul 9 7:07 AM]   use "Packing table"
  46.0s [Wed, Jul 9 7:08 AM]   click [Pack] Pack 14 orders (1 h 52 min)
  46.1s [Wed, Jul 9 9:01 AM]   click [CourierEconomy] Courier · Economy 3d ($50.80)
  46.3s [Wed, Jul 9 7:06 PM]   use "Sleep"
  46.3s [Wed, Jul 9 7:06 PM]   click [Sleep] Sleep until 7:00 AM
  46.6s [Thu, Jul 10 7:07 AM]   use "Packing table"
  46.7s [Thu, Jul 10 7:08 AM]   click [Pack] Pack 12 orders (1 h 36 min)
  46.7s [Thu, Jul 10 8:45 AM]   click [CourierEconomy] Courier · Economy 3d ($44.40)
  46.8s [Thu, Jul 10 7:02 PM]   (shot decision_crestline_big_offer skipped: headless)
  46.8s [Thu, Jul 10 7:02 PM]   decision crestline_big_offer → review
  46.8s [Thu, Jul 10 7:02 PM]   click [Choice_review] Send the contract. I'll review it.
  46.9s [Thu, Jul 10 7:02 PM]   (shot decision_outcome_crestline_big_offer skipped: headless)
  46.9s [Thu, Jul 10 7:02 PM]   click "OK"
  47.0s [Thu, Jul 10 7:07 PM]   use "Sleep"
  47.1s [Thu, Jul 10 7:07 PM]   click [Sleep] Sleep until 7:00 AM
  47.5s [Fri, Jul 11 7:07 AM]   use "Packing table"
  47.5s [Fri, Jul 11 7:08 AM]   click [Pack] Pack 8 orders (1 h 4 min)
  47.5s [Fri, Jul 11 8:13 AM]   click [CourierEconomy] Courier · Economy 3d ($31.60)
  47.6s [Fri, Jul 11 8:15 AM]   ok  Crestline offered the big contract
  47.6s [Fri, Jul 11 8:17 AM]   use "Use laptop — Company OS"
  47.7s [Fri, Jul 11 8:18 AM]   click [Tab_contracts] Contracts ●
  47.7s [Fri, Jul 11 8:19 AM]   (shot big_contract_offer skipped: headless)
  47.7s [Fri, Jul 11 8:19 AM]   click [AcceptContract] Accept
  47.8s [Fri, Jul 11 8:21 AM]   ok  accepted Crestline's contract
  47.8s [Fri, Jul 11 8:21 AM] STEP Chapter 5 — borrow from Marcus Reed at Nexus Bank
  48.0s [Fri, Jul 11 8:26 AM]   ok  walked back outside
  48.5s [Fri, Jul 11 8:40 AM]   use "Metro — Riverside Station"
  48.5s [Fri, Jul 11 8:41 AM]   (shot metro_financial skipped: headless)
  48.5s [Fri, Jul 11 8:41 AM]   click [Go_financial] Financial District  ·  10 min
  48.7s [Fri, Jul 11 8:53 AM]   ok  took the Metro to Financial District
  49.1s [Fri, Jul 11 1:19 PM]   ok  entered Nexus Bank
  49.2s [Fri, Jul 11 1:22 PM]   use "Talk to Marcus Reed"
  49.3s [Fri, Jul 11 1:22 PM]   choose "› Show me what you can do."
  49.6s [Fri, Jul 11 1:22 PM]   (shot loan_offer skipped: headless)
  49.6s [Fri, Jul 11 1:22 PM]   click [Amt_50] $24,000
  49.7s [Fri, Jul 11 1:22 PM]   click [Term_12] 12 months
  49.9s [Fri, Jul 11 1:22 PM]   click [TakeLoan] Borrow $24,000
  50.0s [Fri, Jul 11 1:22 PM]   click [ConfirmLoan] Confirm loan signing
  50.2s [Fri, Jul 11 5:00 PM]   ok  loan signing finishes the same afternoon
  50.2s [Fri, Jul 11 5:00 PM]   (shot loan_taken skipped: headless)
  50.3s [Fri, Jul 11 5:00 PM]   ok  took a Nexus Bank loan (debt $24,000.00)
  50.3s [Fri, Jul 11 5:00 PM] STEP Chapter 5 — order the lamps and deliver
  50.5s [Fri, Jul 11 5:05 PM]   ok  walked back outside
  50.7s [Fri, Jul 11 5:15 PM]   use "Metro — Financial District Station"
  50.8s [Fri, Jul 11 5:16 PM]   (shot metro_riverside skipped: headless)
  50.8s [Fri, Jul 11 5:16 PM]   click [Go_riverside] Riverside  ·  10 min
  50.9s [Fri, Jul 11 5:27 PM]   ok  took the Metro to Riverside
  51.5s [Fri, Jul 11 5:41 PM]   ok  entered Riverside Tower
  51.5s [Fri, Jul 11 5:43 PM]   use "Use laptop — Company OS"
  51.6s [Fri, Jul 11 5:44 PM]   click [Tab_contracts] Contracts
  51.7s [Fri, Jul 11 5:45 PM]   click [FillContract] Order 800 more from TradeLink Wholesale ($9,200)
  51.7s [Fri, Jul 11 5:56 PM]   (shot contract_restock skipped: headless)
  51.8s [Fri, Jul 11 7:04 PM]   use "Sleep"
  51.8s [Fri, Jul 11 7:04 PM]   click [Sleep] Sleep until 7:00 AM
  52.1s [Sat, Jul 12 7:07 AM]   use "Packing table"
  52.2s [Sat, Jul 12 7:08 AM]   click [Pack] Pack 11 orders (1 h 28 min)
  52.2s [Sat, Jul 12 8:37 AM]   click [CourierEconomy] Courier · Economy 3d ($41.20)
  52.4s [Sat, Jul 12 7:06 PM]   use "Sleep"
  52.4s [Sat, Jul 12 7:06 PM]   click [Sleep] Sleep until 7:00 AM
  52.7s [Sun, Jul 13 7:07 AM]   use "Packing table"
  52.8s [Sun, Jul 13 7:08 AM]   click [Pack] Pack 11 orders (1 h 28 min)
  52.8s [Sun, Jul 13 8:37 AM]   click [CourierEconomy] Courier · Economy 3d ($41.20)
  53.0s [Sun, Jul 13 7:06 PM]   use "Sleep"
  53.0s [Sun, Jul 13 7:06 PM]   click [Sleep] Sleep until 7:00 AM
  53.3s [Mon, Jul 14 7:07 AM]   use "Packing table"
  53.4s [Mon, Jul 14 7:08 AM]   click [Pack] Pack 10 orders (1 h 20 min)
  53.4s [Mon, Jul 14 8:29 AM]   click [CourierEconomy] Courier · Economy 3d ($38.00)
  53.5s [Mon, Jul 14 8:33 AM]   use "Use laptop — Company OS"
  53.6s [Mon, Jul 14 8:34 AM]   click [Tab_contracts] Contracts
  53.6s [Mon, Jul 14 8:35 AM]   click [DeliverContract] Pack & deliver 800 units (B2B freight $40)
  53.7s [Mon, Jul 14 10:06 AM]   (shot big_contract_delivered skipped: headless)
  53.7s [Mon, Jul 14 10:07 AM]   ok  delivered 800 lamps to Crestline
  53.7s [Mon, Jul 14 10:08 AM]   ok  Chapter 5 complete
  53.7s [Mon, Jul 14 10:08 AM] STEP Chapter 6 — forecast, early payment, month in the black
  53.7s [Mon, Jul 14 10:08 AM]   use "Use laptop — Company OS"
  53.8s [Mon, Jul 14 10:09 AM]   click [Tab_finance] Finance
  53.9s [Mon, Jul 14 10:10 AM]   (shot cash_forecast_ch6 skipped: headless)
  53.9s [Mon, Jul 14 10:10 AM]   click [Tab_contracts] Contracts
  53.9s [Mon, Jul 14 10:11 AM]   click [EarlyPayment] Ask for early payment (−3%: $21,728 now)
  54.0s [Mon, Jul 14 10:12 AM]   (shot early_payment skipped: headless)
  54.0s [Mon, Jul 14 10:13 AM]   ok  Crestline paid early (3% discount)
  54.1s [Mon, Jul 14 7:04 PM]   use "Sleep"
  54.1s [Mon, Jul 14 7:04 PM]   click [Sleep] Sleep until 7:00 AM
  54.4s [Tue, Jul 15 7:07 AM]   use "Packing table"
  54.4s [Tue, Jul 15 7:08 AM]   click [Pack] Pack 18 orders (2 h 24 min)
  54.5s [Tue, Jul 15 9:33 AM]   click [CourierEconomy] Courier · Economy 3d ($63.60)
  54.6s [Tue, Jul 15 7:00 PM]   (shot decision_elena_offer skipped: headless)
  54.6s [Tue, Jul 15 7:00 PM]   decision elena_offer → accept
  54.6s [Tue, Jul 15 7:00 PM]   click [Choice_accept] Take $40,000 for 20%
  54.6s [Tue, Jul 15 7:00 PM]   (shot decision_outcome_elena_offer skipped: headless)
  54.6s [Tue, Jul 15 7:00 PM]   click "OK"
  54.7s [Tue, Jul 15 7:07 PM]   use "Sleep"
  54.8s [Tue, Jul 15 7:07 PM]   click [Sleep] Sleep until 7:00 AM
  55.1s [Wed, Jul 16 7:07 AM]   use "Packing table"
  55.1s [Wed, Jul 16 7:08 AM]   click [Pack] Pack 13 orders (1 h 44 min)
  55.2s [Wed, Jul 16 8:53 AM]   click [CourierEconomy] Courier · Economy 3d ($47.60)
  55.4s [Wed, Jul 16 7:06 PM]   use "Sleep"
  55.4s [Wed, Jul 16 7:06 PM]   click [Sleep] Sleep until 7:00 AM
  55.7s [Thu, Jul 17 7:07 AM]   use "Packing table"
  55.7s [Thu, Jul 17 7:08 AM]   click [Pack] Pack 7 orders (56 min)
  55.7s [Thu, Jul 17 8:05 AM]   click [CourierEconomy] Courier · Economy 3d ($28.40)
  55.8s [Thu, Jul 17 7:00 PM]   (shot decision_supplier_price_increase skipped: headless)
  55.8s [Thu, Jul 17 7:00 PM]   decision supplier_price_increase → accept
  55.8s [Thu, Jul 17 7:00 PM]   click [Choice_accept] Okay. Keep supplying me.
  55.8s [Thu, Jul 17 7:00 PM]   (shot decision_outcome_supplier_price_increase skipped: headless)
  55.8s [Thu, Jul 17 7:00 PM]   click "OK"
  56.0s [Thu, Jul 17 7:07 PM]   use "Sleep"
  56.0s [Thu, Jul 17 7:07 PM]   click [Sleep] Sleep until 7:00 AM
  56.4s [Fri, Jul 18 7:07 AM]   use "Packing table"
  56.4s [Fri, Jul 18 7:08 AM]   click [Pack] Pack 14 orders (1 h 52 min)
  56.4s [Fri, Jul 18 9:01 AM]   click [CourierEconomy] Courier · Economy 3d ($50.80)
  56.6s [Fri, Jul 18 7:06 PM]   use "Sleep"
  56.6s [Fri, Jul 18 7:06 PM]   click [Sleep] Sleep until 7:00 AM
  57.0s [Sat, Jul 19 7:07 AM]   use "Packing table"
  57.0s [Sat, Jul 19 7:08 AM]   click [Pack] Pack 11 orders (1 h 28 min)
  57.0s [Sat, Jul 19 8:37 AM]   click [CourierEconomy] Courier · Economy 3d ($41.20)
  57.2s [Sat, Jul 19 7:06 PM]   use "Sleep"
  57.3s [Sat, Jul 19 7:06 PM]   click [Sleep] Sleep until 7:00 AM
  57.5s [Sun, Jul 20 7:07 AM]   use "Packing table"
  57.6s [Sun, Jul 20 7:08 AM]   click [Pack] Pack 16 orders (2 h 8 min)
  57.6s [Sun, Jul 20 9:17 AM]   click [CourierEconomy] Courier · Economy 3d ($57.20)
  57.8s [Sun, Jul 20 7:06 PM]   use "Sleep"
  57.8s [Sun, Jul 20 7:06 PM]   click [Sleep] Sleep until 7:00 AM
  58.1s [Mon, Jul 21 7:07 AM]   use "Packing table"
  58.1s [Mon, Jul 21 7:08 AM]   click [Pack] Pack 11 orders (1 h 28 min)
  58.2s [Mon, Jul 21 8:37 AM]   click [CourierEconomy] Courier · Economy 3d ($41.20)
  58.4s [Mon, Jul 21 7:06 PM]   use "Sleep"
  58.4s [Mon, Jul 21 7:06 PM]   click [Sleep] Sleep until 7:00 AM
  58.7s [Tue, Jul 22 7:07 AM]   use "Packing table"
  58.7s [Tue, Jul 22 7:08 AM]   click [Pack] Pack 7 orders (56 min)
  58.8s [Tue, Jul 22 8:05 AM]   click [CourierEconomy] Courier · Economy 3d ($28.40)
  59.0s [Tue, Jul 22 7:06 PM]   use "Sleep"
  59.0s [Tue, Jul 22 7:06 PM]   click [Sleep] Sleep until 7:00 AM
  59.2s [Wed, Jul 23 7:01 PM]   use "Sleep"
  59.2s [Wed, Jul 23 7:01 PM]   click [Sleep] Sleep until 7:00 AM
  59.5s [Thu, Jul 24 7:07 AM]   use "Packing table"
  59.5s [Thu, Jul 24 7:08 AM]   click [Pack] Pack 1 order (8 min)
  59.6s [Thu, Jul 24 7:17 AM]   click [CourierEconomy] Courier · Economy 3d ($9.20)
  59.8s [Thu, Jul 24 7:06 PM]   use "Sleep"
  59.8s [Thu, Jul 24 7:06 PM]   click [Sleep] Sleep until 7:00 AM
  60.0s [Fri, Jul 25 7:01 PM]   use "Sleep"
  60.0s [Fri, Jul 25 7:01 PM]   click [Sleep] Sleep until 7:00 AM
  60.2s [Sat, Jul 26 7:01 PM]   use "Sleep"
  60.2s [Sat, Jul 26 7:01 PM]   click [Sleep] Sleep until 7:00 AM
  60.5s [Sun, Jul 27 7:07 AM]   use "Packing table"
  60.5s [Sun, Jul 27 7:08 AM]   click [Pack] Pack 2 orders (16 min)
  60.6s [Sun, Jul 27 7:25 AM]   click [CourierEconomy] Courier · Economy 3d ($12.40)
  60.8s [Sun, Jul 27 7:06 PM]   use "Sleep"
  60.8s [Sun, Jul 27 7:06 PM]   click [Sleep] Sleep until 7:00 AM
  61.0s [Mon, Jul 28 7:01 PM]   use "Sleep"
  61.0s [Mon, Jul 28 7:01 PM]   click [Sleep] Sleep until 7:00 AM
  61.2s [Tue, Jul 29 7:01 PM]   use "Sleep"
  61.2s [Tue, Jul 29 7:01 PM]   click [Sleep] Sleep until 7:00 AM
  61.4s [Wed, Jul 30 7:01 PM]   use "Sleep"
  61.4s [Wed, Jul 30 7:01 PM]   click [Sleep] Sleep until 7:00 AM
  61.6s [Thu, Jul 31 7:01 PM]   use "Sleep"
  61.6s [Thu, Jul 31 7:01 PM]   click [Sleep] Sleep until 7:00 AM
  61.9s [Fri, Aug 1 7:00 AM]   (shot month_close_report skipped: headless)
  61.9s [Fri, Aug 1 7:00 AM]   click [month close] Continue
  62.0s [Fri, Aug 1 7:02 AM]   ok  Chapter 6 complete
  62.0s [Fri, Aug 1 7:02 AM]   ok  ledger balanced after chapters 4–6
  62.0s [Fri, Aug 1 7:02 AM]   ok  Chapter 7 started after Chapter 6
  62.0s [Fri, Aug 1 7:02 AM]   ok  Year 3: the Supply Shock
  62.0s [Fri, Aug 1 7:02 AM] STEP Chapter 7 — the news, and Ken's options
  62.2s [Fri, Aug 1 7:08 AM]   ok  walked back outside
  62.5s [Fri, Aug 1 7:13 AM]   ok  entered Bloom Coffee
  62.5s [Fri, Aug 1 7:15 AM]   use "Read the news board"
  62.6s [Fri, Aug 1 7:20 AM]   (shot news_supply_shock skipped: headless)
  62.6s [Fri, Aug 1 7:20 AM]   ok  read the news (supply_shock)
  62.8s [Fri, Aug 1 7:25 AM]   ok  walked back outside
  63.1s [Fri, Aug 1 7:30 AM]   ok  entered Riverside Tower
  63.2s [Fri, Aug 1 7:03 PM]   use "Sleep"
  63.2s [Fri, Aug 1 7:03 PM]   click [Sleep] Sleep until 7:00 AM
  63.4s [Sat, Aug 2 7:01 PM]   use "Sleep"
  63.4s [Sat, Aug 2 7:01 PM]   click [Sleep] Sleep until 7:00 AM
  63.6s [Sun, Aug 3 7:00 PM]   (shot decision_supply_shock_plan skipped: headless)
  63.6s [Sun, Aug 3 7:00 PM]   decision supply_shock_plan → local
  63.6s [Sun, Aug 3 7:00 PM]   click [Choice_local] Add a local backup: Aurelia Makers Co-op
  63.7s [Sun, Aug 3 7:00 PM]   (shot decision_outcome_supply_shock_plan skipped: headless)
  63.7s [Sun, Aug 3 7:00 PM]   click "OK"
  63.7s [Sun, Aug 3 7:00 PM]   use "Sleep"
  63.7s [Sun, Aug 3 7:00 PM]   click [Sleep] Sleep until 7:00 AM
  63.9s [Mon, Aug 4 7:00 AM]   ok  the local co-op is a supplier now
  63.9s [Mon, Aug 4 7:00 AM] STEP Chapter 7 — order from the co-op, raise a price
  63.9s [Mon, Aug 4 7:02 AM]   use "Use laptop — Company OS"
  64.0s [Mon, Aug 4 7:03 AM]   click [Tab_operations] Operations
  64.0s [Mon, Aug 4 7:04 AM]   (shot operations_supply_shock skipped: headless)
  64.0s [Mon, Aug 4 7:04 AM]   click [Buy_aurelia_makers_desk_lamp] Buy $417
  64.1s [Mon, Aug 4 7:15 AM]   click [Buy_aurelia_makers_desk_lamp] Buy $417
  64.2s [Mon, Aug 4 7:26 AM]   click [Buy_aurelia_makers_desk_lamp] Buy $417
  64.2s [Mon, Aug 4 7:37 AM]   click [Buy_aurelia_makers_desk_lamp] Buy $417
  64.3s [Mon, Aug 4 7:47 AM]   click [Tab_sales] Sales
  64.3s [Mon, Aug 4 7:48 AM]   click [PriceUp_wireless_earbuds] +
  64.4s [Mon, Aug 4 7:48 AM]   click [PriceUp_wireless_earbuds] +
  64.4s [Mon, Aug 4 7:49 AM]   click [PriceUp_wireless_earbuds] +
  64.5s [Mon, Aug 4 7:49 AM]   click [PriceUp_wireless_earbuds] +
  64.5s [Mon, Aug 4 7:49 AM]   click [PriceUp_wireless_earbuds] +
  64.5s [Mon, Aug 4 7:49 AM]   click [PriceUp_wireless_earbuds] +
  64.6s [Mon, Aug 4 7:49 AM]   click [PriceUp_wireless_earbuds] +
  64.6s [Mon, Aug 4 7:50 AM]   click [PriceUp_wireless_earbuds] +
  64.6s [Mon, Aug 4 7:50 AM]   click [PriceUp_wireless_earbuds] +
  64.7s [Mon, Aug 4 7:50 AM]   click [PriceUp_wireless_earbuds] +
  64.7s [Mon, Aug 4 7:50 AM]   click [PriceUp_wireless_earbuds] +
  64.7s [Mon, Aug 4 7:51 AM]   click [PriceUp_wireless_earbuds] +
  64.8s [Mon, Aug 4 7:51 AM]   click [PriceUp_water_bottle] +
  64.8s [Mon, Aug 4 7:51 AM]   click [PriceUp_water_bottle] +
  64.9s [Mon, Aug 4 7:51 AM]   click [PriceUp_water_bottle] +
  64.9s [Mon, Aug 4 7:52 AM]   click [PriceUp_water_bottle] +
  64.9s [Mon, Aug 4 7:52 AM]   click [PriceUp_water_bottle] +
  65.0s [Mon, Aug 4 7:52 AM]   click [PriceUp_desk_lamp] +
  65.0s [Mon, Aug 4 7:52 AM]   click [PriceUp_desk_lamp] +
  65.0s [Mon, Aug 4 7:52 AM]   click [PriceUp_desk_lamp] +
  65.1s [Mon, Aug 4 7:53 AM]   click [PriceUp_desk_lamp] +
  65.1s [Mon, Aug 4 7:53 AM]   click [PriceUp_desk_lamp] +
  65.1s [Mon, Aug 4 7:53 AM]   click [PriceUp_desk_lamp] +
  65.2s [Mon, Aug 4 7:53 AM]   click [PriceUp_desk_lamp] +
  65.2s [Mon, Aug 4 7:54 AM]   click [PriceUp_desk_lamp] +
  65.3s [Mon, Aug 4 7:54 AM]   click [PriceUp_phone_stand] +
  65.3s [Mon, Aug 4 7:54 AM]   click [PriceUp_phone_stand] +
  65.3s [Mon, Aug 4 7:54 AM]   click [PriceUp_phone_stand] +
  65.4s [Mon, Aug 4 7:54 AM]   click [PriceUp_phone_stand] +
  65.5s [Mon, Aug 4 7:57 AM]   ok  stocked and repriced
  65.5s [Mon, Aug 4 7:57 AM]   use "Use laptop — Company OS"
  65.5s [Mon, Aug 4 7:58 AM]   click [Tab_operations] Operations
  65.6s [Mon, Aug 4 7:59 AM]   click [DeliverTo_riverside_studio] Riverside Tower, Unit
  65.6s [Mon, Aug 4 7:59 AM]   click [Buy_tradelink_wholesale_wireless_earbuds] Buy $1,008
  65.7s [Mon, Aug 4 8:09 AM]   click [Buy_tradelink_wholesale_wireless_earbuds] Buy $1,008
  65.7s [Mon, Aug 4 8:20 AM]   click [Buy_tradelink_wholesale_wireless_earbuds] Buy $1,008
  65.8s [Mon, Aug 4 8:30 AM]   click [Buy_tradelink_wholesale_water_bottle] Buy $526
  65.8s [Mon, Aug 4 8:40 AM]   click [Buy_tradelink_wholesale_water_bottle] Buy $526
  65.9s [Mon, Aug 4 8:50 AM]   click [Buy_tradelink_wholesale_water_bottle] Buy $526
  65.9s [Mon, Aug 4 9:00 AM]   click [Buy_tradelink_wholesale_phone_stand] Buy $305
  66.0s [Mon, Aug 4 9:11 AM]   click [Buy_tradelink_wholesale_phone_stand] Buy $305
  66.2s [Mon, Aug 4 7:01 PM]   (shot decision_supplier_price_increase skipped: headless)
  66.2s [Mon, Aug 4 7:01 PM]   decision supplier_price_increase → accept
  66.2s [Mon, Aug 4 7:01 PM]   click [Choice_accept] Okay. Keep supplying me.
  66.2s [Mon, Aug 4 7:01 PM]   (shot decision_outcome_supplier_price_increase skipped: headless)
  66.2s [Mon, Aug 4 7:01 PM]   click "OK"
  66.3s [Mon, Aug 4 7:05 PM]   use "Sleep"
  66.3s [Mon, Aug 4 7:05 PM]   click [Sleep] Sleep until 7:00 AM
  66.6s [Tue, Aug 5 7:03 PM]   use "Sleep"
  66.6s [Tue, Aug 5 7:03 PM]   click [Sleep] Sleep until 7:00 AM
  66.8s [Wed, Aug 6 7:01 PM]   use "Sleep"
  66.8s [Wed, Aug 6 7:01 PM]   click [Sleep] Sleep until 7:00 AM
  67.0s [Thu, Aug 7 7:01 PM]   use "Sleep"
  67.1s [Thu, Aug 7 7:01 PM]   click [Sleep] Sleep until 7:00 AM
  67.4s [Fri, Aug 8 7:07 AM]   use "Packing table"
  67.4s [Fri, Aug 8 7:08 AM]   click [Pack] Pack 12 orders (1 h 36 min)
  67.4s [Fri, Aug 8 8:45 AM]   click [CourierEconomy] Courier · Economy 3d ($75.12)
  67.6s [Fri, Aug 8 7:06 PM]   use "Sleep"
  67.6s [Fri, Aug 8 7:06 PM]   click [Sleep] Sleep until 7:00 AM
  67.9s [Sat, Aug 9 7:07 AM]   use "Packing table"
  67.9s [Sat, Aug 9 7:08 AM]   click [Pack] Pack 19 orders (2 h 32 min)
  68.0s [Sat, Aug 9 9:41 AM]   click [CourierEconomy] Courier · Economy 3d ($115.44)
  68.2s [Sat, Aug 9 7:06 PM]   use "Sleep"
  68.2s [Sat, Aug 9 7:06 PM]   click [Sleep] Sleep until 7:00 AM
  68.6s [Sun, Aug 10 7:07 AM]   use "Packing table"
  68.6s [Sun, Aug 10 7:08 AM]   click [Pack] Pack 23 orders (3 h 4 min)
  68.6s [Sun, Aug 10 10:13 AM]   click [CourierEconomy] Courier · Economy 3d ($138.48)
  68.8s [Sun, Aug 10 7:06 PM]   use "Sleep"
  68.9s [Sun, Aug 10 7:06 PM]   click [Sleep] Sleep until 7:00 AM
  69.1s [Mon, Aug 11 7:07 AM]   use "Packing table"
  69.2s [Mon, Aug 11 7:08 AM]   click [Pack] Pack 30 orders (4 h)
  69.2s [Mon, Aug 11 11:09 AM]   click [CourierEconomy] Courier · Economy 3d ($178.80)
  69.4s [Mon, Aug 11 7:06 PM]   use "Sleep"
  69.4s [Mon, Aug 11 7:06 PM]   click [Sleep] Sleep until 7:00 AM
  69.7s [Tue, Aug 12 7:07 AM]   use "Packing table"
  69.8s [Tue, Aug 12 7:08 AM]   click [Pack] Pack 27 orders (3 h 36 min)
  69.8s [Tue, Aug 12 10:45 AM]   click [CourierEconomy] Courier · Economy 3d ($161.52)
  70.0s [Tue, Aug 12 7:06 PM]   use "Sleep"
  70.0s [Tue, Aug 12 7:06 PM]   click [Sleep] Sleep until 7:00 AM
  70.3s [Wed, Aug 13 7:07 AM]   use "Packing table"
  70.3s [Wed, Aug 13 7:08 AM]   click [Pack] Pack 27 orders (3 h 36 min)
  70.4s [Wed, Aug 13 10:45 AM]   click [CourierEconomy] Courier · Economy 3d ($161.52)
  70.6s [Wed, Aug 13 7:06 PM]   use "Sleep"
  70.6s [Wed, Aug 13 7:06 PM]   click [Sleep] Sleep until 7:00 AM
  70.9s [Thu, Aug 14 7:07 AM]   use "Packing table"
  70.9s [Thu, Aug 14 7:08 AM]   click [Pack] Pack 27 orders (3 h 36 min)
  71.0s [Thu, Aug 14 10:45 AM]   click [CourierEconomy] Courier · Economy 3d ($161.52)
  71.2s [Thu, Aug 14 7:06 PM]   use "Sleep"
  71.2s [Thu, Aug 14 7:06 PM]   click [Sleep] Sleep until 7:00 AM
  71.5s [Fri, Aug 15 7:07 AM]   use "Packing table"
  71.5s [Fri, Aug 15 7:08 AM]   click [Pack] Pack 22 orders (2 h 56 min)
  71.6s [Fri, Aug 15 10:05 AM]   click [CourierEconomy] Courier · Economy 3d ($132.72)
  71.8s [Fri, Aug 15 7:06 PM]   use "Sleep"
  71.8s [Fri, Aug 15 7:06 PM]   click [Sleep] Sleep until 7:00 AM
  72.1s [Sat, Aug 16 7:07 AM]   use "Packing table"
  72.1s [Sat, Aug 16 7:08 AM]   click [Pack] Pack 25 orders (3 h 20 min)
  72.2s [Sat, Aug 16 10:29 AM]   click [CourierEconomy] Courier · Economy 3d ($150.00)
  72.4s [Sat, Aug 16 7:06 PM]   use "Sleep"
  72.4s [Sat, Aug 16 7:06 PM]   click [Sleep] Sleep until 7:00 AM
  72.7s [Sun, Aug 17 7:07 AM]   use "Packing table"
  72.7s [Sun, Aug 17 7:08 AM]   click [Pack] Pack 18 orders (2 h 24 min)
  72.8s [Sun, Aug 17 9:33 AM]   click [CourierEconomy] Courier · Economy 3d ($109.68)
  73.0s [Sun, Aug 17 7:06 PM]   use "Sleep"
  73.0s [Sun, Aug 17 7:06 PM]   click [Sleep] Sleep until 7:00 AM
  73.3s [Mon, Aug 18 7:07 AM]   use "Packing table"
  73.3s [Mon, Aug 18 7:08 AM]   click [Pack] Pack 23 orders (3 h 4 min)
  73.4s [Mon, Aug 18 10:13 AM]   click [CourierEconomy] Courier · Economy 3d ($138.48)
  73.5s [Mon, Aug 18 10:17 AM]   use "Use laptop — Company OS"
  73.6s [Mon, Aug 18 10:18 AM]   click [Tab_operations] Operations
  73.6s [Mon, Aug 18 10:19 AM]   click [DeliverTo_riverside_studio] Riverside Tower, Unit
  73.7s [Mon, Aug 18 10:19 AM]   click [Buy_tradelink_wholesale_phone_stand] Buy $305
  73.8s [Mon, Aug 18 10:29 AM]   click [Buy_tradelink_wholesale_phone_stand] Buy $305
  74.0s [Mon, Aug 18 7:05 PM]   use "Sleep"
  74.1s [Mon, Aug 18 7:05 PM]   click [Sleep] Sleep until 7:00 AM
  74.4s [Tue, Aug 19 7:07 AM]   use "Packing table"
  74.4s [Tue, Aug 19 7:08 AM]   click [Pack] Pack 17 orders (2 h 16 min)
  74.5s [Tue, Aug 19 9:25 AM]   click [CourierEconomy] Courier · Economy 3d ($103.92)
  74.7s [Tue, Aug 19 7:06 PM]   use "Sleep"
  74.7s [Tue, Aug 19 7:06 PM]   click [Sleep] Sleep until 7:00 AM
  75.0s [Wed, Aug 20 7:07 AM]   use "Packing table"
  75.0s [Wed, Aug 20 7:08 AM]   click [Pack] Pack 19 orders (2 h 32 min)
  75.1s [Wed, Aug 20 9:41 AM]   click [CourierEconomy] Courier · Economy 3d ($115.44)
  75.2s [Wed, Aug 20 9:45 AM]   use "Use laptop — Company OS"
  75.3s [Wed, Aug 20 9:46 AM]   click [Tab_operations] Operations
  75.3s [Wed, Aug 20 9:47 AM]   click [DeliverTo_riverside_studio] Riverside Tower, Unit
  75.4s [Wed, Aug 20 9:47 AM]   click [Buy_tradelink_wholesale_wireless_earbuds] Buy $1,008
  75.5s [Wed, Aug 20 9:57 AM]   click [Buy_tradelink_wholesale_wireless_earbuds] Buy $1,008
  75.5s [Wed, Aug 20 10:08 AM]   click [Buy_tradelink_wholesale_desk_lamp] Buy $515
  75.6s [Wed, Aug 20 10:18 AM]   click [Buy_tradelink_wholesale_desk_lamp] Buy $515
  75.9s [Wed, Aug 20 7:04 PM]   use "Sleep"
  75.9s [Wed, Aug 20 7:04 PM]   click [Sleep] Sleep until 7:00 AM
  76.2s [Thu, Aug 21 7:07 AM]   use "Packing table"
  76.2s [Thu, Aug 21 7:08 AM]   click [Pack] Pack 24 orders (3 h 12 min)
  76.3s [Thu, Aug 21 10:21 AM]   click [CourierEconomy] Courier · Economy 3d ($144.24)
  76.4s [Thu, Aug 21 10:25 AM]   use "Use laptop — Company OS"
  76.5s [Thu, Aug 21 10:26 AM]   click [Tab_operations] Operations
  76.5s [Thu, Aug 21 10:27 AM]   click [DeliverTo_riverside_studio] Riverside Tower, Unit
  76.6s [Thu, Aug 21 10:27 AM]   click [Buy_tradelink_wholesale_water_bottle] Buy $526
  76.9s [Thu, Aug 21 7:05 PM]   use "Sleep"
  77.0s [Thu, Aug 21 7:05 PM]   click [Sleep] Sleep until 7:00 AM
  77.3s [Fri, Aug 22 7:07 AM]   use "Packing table"
  77.3s [Fri, Aug 22 7:08 AM]   click [Pack] Pack 22 orders (2 h 56 min)
  77.4s [Fri, Aug 22 10:05 AM]   click [CourierEconomy] Courier · Economy 3d ($132.72)
  77.4s [Fri, Aug 22 7:00 PM]   (shot decision_supplier_price_increase skipped: headless)
  77.4s [Fri, Aug 22 7:00 PM]   decision supplier_price_increase → accept
  77.4s [Fri, Aug 22 7:00 PM]   click [Choice_accept] Okay. Keep supplying me.
  77.5s [Fri, Aug 22 7:00 PM]   (shot decision_outcome_supplier_price_increase skipped: headless)
  77.5s [Fri, Aug 22 7:00 PM]   click "OK"
  77.6s [Fri, Aug 22 7:07 PM]   use "Sleep"
  77.6s [Fri, Aug 22 7:07 PM]   click [Sleep] Sleep until 7:00 AM
  78.1s [Sat, Aug 23 7:07 AM]   use "Packing table"
  78.1s [Sat, Aug 23 7:08 AM]   click [Pack] Pack 23 orders (3 h 4 min)
  78.1s [Sat, Aug 23 10:21 AM]   click [CourierEconomy] Courier · Economy 3d ($144.24)
  78.3s [Sat, Aug 23 7:06 PM]   use "Sleep"
  78.4s [Sat, Aug 23 7:06 PM]   click [Sleep] Sleep until 7:00 AM
  78.7s [Sun, Aug 24 7:07 AM]   use "Packing table"
  78.7s [Sun, Aug 24 7:08 AM]   click [Pack] Pack 31 orders (4 h 8 min)
  78.8s [Sun, Aug 24 11:17 AM]   click [CourierEconomy] Courier · Economy 3d ($206.16)
  79.0s [Sun, Aug 24 7:06 PM]   use "Sleep"
  79.0s [Sun, Aug 24 7:06 PM]   click [Sleep] Sleep until 7:00 AM
  79.3s [Mon, Aug 25 7:07 AM]   use "Packing table"
  79.4s [Mon, Aug 25 7:08 AM]   click [Pack] Pack 28 orders (3 h 44 min)
  79.4s [Mon, Aug 25 10:53 AM]   click [CourierEconomy] Courier · Economy 3d ($178.08)
  79.7s [Mon, Aug 25 7:06 PM]   use "Sleep"
  79.7s [Mon, Aug 25 7:06 PM]   click [Sleep] Sleep until 7:00 AM
  80.0s [Tue, Aug 26 7:07 AM]   use "Packing table"
  80.0s [Tue, Aug 26 7:08 AM]   click [Pack] Pack 31 orders (4 h 8 min)
  80.1s [Tue, Aug 26 11:17 AM]   click [CourierEconomy] Courier · Economy 3d ($206.16)
  80.3s [Tue, Aug 26 7:06 PM]   use "Sleep"
  80.3s [Tue, Aug 26 7:06 PM]   click [Sleep] Sleep until 7:00 AM
  80.6s [Wed, Aug 27 7:07 AM]   use "Packing table"
  80.7s [Wed, Aug 27 7:08 AM]   click [Pack] Pack 27 orders (3 h 36 min)
  80.7s [Wed, Aug 27 10:45 AM]   click [CourierEconomy] Courier · Economy 3d ($172.32)
  80.8s [Wed, Aug 27 10:49 AM]   use "Use laptop — Company OS"
  80.9s [Wed, Aug 27 10:50 AM]   click [Tab_operations] Operations
  81.0s [Wed, Aug 27 10:51 AM]   click [DeliverTo_riverside_studio] Riverside Tower, Unit
  81.0s [Wed, Aug 27 10:51 AM]   click [Buy_tradelink_wholesale_water_bottle] Buy $604
  81.1s [Wed, Aug 27 11:01 AM]   click [Buy_tradelink_wholesale_water_bottle] Buy $604
  81.3s [Wed, Aug 27 7:05 PM]   use "Sleep"
  81.4s [Wed, Aug 27 7:05 PM]   click [Sleep] Sleep until 7:00 AM
  81.8s [Thu, Aug 28 7:07 AM]   use "Packing table"
  81.8s [Thu, Aug 28 7:08 AM]   click [Pack] Pack 22 orders (2 h 56 min)
  81.9s [Thu, Aug 28 10:05 AM]   click [CourierEconomy] Courier · Economy 3d ($136.32)
  82.1s [Thu, Aug 28 7:06 PM]   use "Sleep"
  82.1s [Thu, Aug 28 7:06 PM]   click [Sleep] Sleep until 7:00 AM
  82.4s [Fri, Aug 29 7:07 AM]   use "Packing table"
  82.4s [Fri, Aug 29 7:08 AM]   click [Pack] Pack 32 orders (4 h 16 min)
  82.5s [Fri, Aug 29 11:25 AM]   click [CourierEconomy] Courier · Economy 3d ($219.12)
  82.7s [Fri, Aug 29 7:06 PM]   use "Sleep"
  82.7s [Fri, Aug 29 7:06 PM]   click [Sleep] Sleep until 7:00 AM
  83.1s [Sat, Aug 30 7:07 AM]   use "Packing table"
  83.1s [Sat, Aug 30 7:08 AM]   click [Pack] Pack 26 orders (3 h 28 min)
  83.2s [Sat, Aug 30 10:37 AM]   click [CourierEconomy] Courier · Economy 3d ($180.96)
  83.4s [Sat, Aug 30 7:06 PM]   use "Sleep"
  83.4s [Sat, Aug 30 7:06 PM]   click [Sleep] Sleep until 7:00 AM
  83.7s [Sun, Aug 31 7:07 AM]   use "Packing table"
  83.8s [Sun, Aug 31 7:08 AM]   click [Pack] Pack 23 orders (3 h 4 min)
  83.8s [Sun, Aug 31 10:13 AM]   click [CourierEconomy] Courier · Economy 3d ($160.08)
  84.0s [Sun, Aug 31 7:06 PM]   use "Sleep"
  84.0s [Sun, Aug 31 7:06 PM]   click [Sleep] Sleep until 7:00 AM
  84.4s [Mon, Sep 1 7:00 AM]   (shot month_close_report skipped: headless)
  84.4s [Mon, Sep 1 7:00 AM]   click [month close] Continue
  84.5s [Mon, Sep 1 7:07 AM]   use "Packing table"
  84.6s [Mon, Sep 1 7:08 AM]   click [Pack] Pack 27 orders (3 h 36 min)
  84.6s [Mon, Sep 1 10:45 AM]   click [CourierEconomy] Courier · Economy 3d ($168.72)
  84.9s [Mon, Sep 1 7:06 PM]   use "Sleep"
  85.0s [Mon, Sep 1 7:06 PM]   click [Sleep] Sleep until 7:00 AM
  85.1s [Tue, Sep 2 5:51 AM]   toast: New review #2644: ★ "Waste of money."
  85.4s [Tue, Sep 2 7:07 AM]   use "Packing table"
  85.4s [Tue, Sep 2 7:08 AM]   click [Pack] Pack 34 orders (4 h 32 min)
  85.5s [Tue, Sep 2 11:41 AM]   click [CourierEconomy] Courier · Economy 3d ($245.04)
  85.7s [Tue, Sep 2 7:06 PM]   use "Sleep"
  85.7s [Tue, Sep 2 7:06 PM]   click [Sleep] Sleep until 7:00 AM
  86.1s [Wed, Sep 3 7:07 AM]   use "Packing table"
  86.1s [Wed, Sep 3 7:08 AM]   click [Pack] Pack 22 orders (2 h 56 min)
  86.2s [Wed, Sep 3 10:05 AM]   click [CourierEconomy] Courier · Economy 3d ($143.52)
  86.2s [Wed, Sep 3 10:09 AM]   use "Use laptop — Company OS"
  86.3s [Wed, Sep 3 10:10 AM]   click [Tab_operations] Operations
  86.4s [Wed, Sep 3 10:11 AM]   click [DeliverTo_riverside_studio] Riverside Tower, Unit
  86.5s [Wed, Sep 3 10:11 AM]   click [Buy_tradelink_wholesale_wireless_earbuds] Buy $1,008
  86.5s [Wed, Sep 3 10:21 AM]   click [Buy_tradelink_wholesale_wireless_earbuds] Buy $1,008
  86.7s [Wed, Sep 3 12:49 PM]   toast: New review #2654: ★★ "Arrived late and scratched."
  86.8s [Wed, Sep 3 7:05 PM]   use "Sleep"
  87.0s [Wed, Sep 3 7:05 PM]   click [Sleep] Sleep until 7:00 AM
  87.3s [Thu, Sep 4 7:07 AM]   use "Packing table"
  87.3s [Thu, Sep 4 7:08 AM]   click [Pack] Pack 19 orders (2 h 32 min)
  87.4s [Thu, Sep 4 9:41 AM]   click [CourierEconomy] Courier · Economy 3d ($119.04)
  87.5s [Thu, Sep 4 9:45 AM]   use "Use laptop — Company OS"
  87.6s [Thu, Sep 4 9:46 AM]   click [Tab_operations] Operations
  87.6s [Thu, Sep 4 9:47 AM]   click [DeliverTo_riverside_studio] Riverside Tower, Unit
  87.7s [Thu, Sep 4 9:47 AM]   click [Buy_tradelink_wholesale_desk_lamp] Buy $515
  87.7s [Thu, Sep 4 9:57 AM]   click [Buy_tradelink_wholesale_desk_lamp] Buy $515
  88.0s [Thu, Sep 4 7:05 PM]   use "Sleep"
  88.1s [Thu, Sep 4 7:05 PM]   click [Sleep] Sleep until 7:00 AM
  88.5s [Fri, Sep 5 7:07 AM]   use "Packing table"
  88.5s [Fri, Sep 5 7:08 AM]   click [Pack] Pack 31 orders (4 h 8 min)
  88.6s [Fri, Sep 5 11:17 AM]   click [CourierEconomy] Courier · Economy 3d ($195.36)
  88.8s [Fri, Sep 5 7:06 PM]   use "Sleep"
  88.8s [Fri, Sep 5 7:06 PM]   click [Sleep] Sleep until 7:00 AM
  89.1s [Sat, Sep 6 7:07 AM]   use "Packing table"
  89.2s [Sat, Sep 6 7:08 AM]   click [Pack] Pack 26 orders (3 h 28 min)
  89.2s [Sat, Sep 6 10:37 AM]   click [CourierEconomy] Courier · Economy 3d ($159.36)
  89.3s [Sat, Sep 6 10:41 AM]   use "Use laptop — Company OS"
  89.4s [Sat, Sep 6 10:42 AM]   click [Tab_operations] Operations
  89.5s [Sat, Sep 6 10:43 AM]   click [DeliverTo_riverside_studio] Riverside Tower, Unit
  89.5s [Sat, Sep 6 10:43 AM]   click [Buy_tradelink_wholesale_phone_stand] Buy $305
  89.6s [Sat, Sep 6 10:53 AM]   click [Buy_tradelink_wholesale_phone_stand] Buy $305
  89.8s [Sat, Sep 6 7:05 PM]   use "Sleep"
  90.0s [Sat, Sep 6 7:05 PM]   click [Sleep] Sleep until 7:00 AM
  90.3s [Sun, Sep 7 7:07 AM]   use "Packing table"
  90.3s [Sun, Sep 7 7:08 AM]   click [Pack] Pack 17 orders (2 h 16 min)
  90.4s [Sun, Sep 7 9:25 AM]   click [CourierEconomy] Courier · Economy 3d ($118.32)
  90.6s [Sun, Sep 7 7:06 PM]   use "Sleep"
  90.6s [Sun, Sep 7 7:06 PM]   click [Sleep] Sleep until 7:00 AM
  91.0s [Mon, Sep 8 7:07 AM]   use "Packing table"
  91.0s [Mon, Sep 8 7:08 AM]   click [Pack] Pack 23 orders (3 h 4 min)
  91.0s [Mon, Sep 8 10:13 AM]   click [CourierEconomy] Courier · Economy 3d ($160.08)
  91.2s [Mon, Sep 8 7:06 PM]   use "Sleep"
  91.3s [Mon, Sep 8 7:06 PM]   click [Sleep] Sleep until 7:00 AM
  91.6s [Tue, Sep 9 7:07 AM]   use "Packing table"
  91.6s [Tue, Sep 9 7:08 AM]   click [Pack] Pack 23 orders (3 h 4 min)
  91.7s [Tue, Sep 9 10:13 AM]   click [CourierEconomy] Courier · Economy 3d ($149.28)
  91.8s [Tue, Sep 9 7:00 PM]   (shot decision_supplier_price_increase skipped: headless)
  91.8s [Tue, Sep 9 7:00 PM]   decision supplier_price_increase → accept
  91.8s [Tue, Sep 9 7:00 PM]   click [Choice_accept] Okay. Keep supplying me.
  91.8s [Tue, Sep 9 7:00 PM]   (shot decision_outcome_supplier_price_increase skipped: headless)
  91.8s [Tue, Sep 9 7:00 PM]   click "OK"
  92.0s [Tue, Sep 9 7:07 PM]   use "Sleep"
  92.0s [Tue, Sep 9 7:07 PM]   click [Sleep] Sleep until 7:00 AM
  92.5s [Wed, Sep 10 7:07 AM]   use "Packing table"
  92.5s [Wed, Sep 10 7:08 AM]   click [Pack] Pack 24 orders (3 h 12 min)
  92.6s [Wed, Sep 10 10:21 AM]   click [CourierEconomy] Courier · Economy 3d ($173.04)
  92.8s [Wed, Sep 10 7:06 PM]   use "Sleep"
  92.8s [Wed, Sep 10 7:06 PM]   click [Sleep] Sleep until 7:00 AM
  93.2s [Thu, Sep 11 7:07 AM]   use "Packing table"
  93.2s [Thu, Sep 11 7:08 AM]   click [Pack] Pack 41 orders (5 h 28 min)
  93.3s [Thu, Sep 11 12:37 PM]   click [CourierEconomy] Courier · Economy 3d ($285.36)
  93.5s [Thu, Sep 11 7:06 PM]   use "Sleep"
  93.5s [Thu, Sep 11 7:06 PM]   click [Sleep] Sleep until 7:00 AM
  93.9s [Fri, Sep 12 7:07 AM]   use "Packing table"
  93.9s [Fri, Sep 12 7:08 AM]   click [Pack] Pack 30 orders (4 h)
  94.0s [Fri, Sep 12 11:09 AM]   click [CourierEconomy] Courier · Economy 3d ($200.40)
  94.2s [Fri, Sep 12 7:06 PM]   use "Sleep"
  94.2s [Fri, Sep 12 7:06 PM]   click [Sleep] Sleep until 7:00 AM
  94.5s [Sat, Sep 13 7:07 AM]   use "Packing table"
  94.6s [Sat, Sep 13 7:08 AM]   click [Pack] Pack 21 orders (2 h 48 min)
  94.6s [Sat, Sep 13 9:57 AM]   click [CourierEconomy] Courier · Economy 3d ($137.76)
  94.7s [Sat, Sep 13 10:01 AM]   use "Use laptop — Company OS"
  94.8s [Sat, Sep 13 10:02 AM]   click [Tab_operations] Operations
  94.9s [Sat, Sep 13 10:03 AM]   click [DeliverTo_riverside_studio] Riverside Tower, Unit
  95.0s [Sat, Sep 13 10:03 AM]   click [Buy_tradelink_wholesale_water_bottle] Buy $604
  95.0s [Sat, Sep 13 10:13 AM]   click [Buy_tradelink_wholesale_water_bottle] Buy $604
  95.3s [Sat, Sep 13 7:05 PM]   use "Sleep"
  95.4s [Sat, Sep 13 7:05 PM]   click [Sleep] Sleep until 7:00 AM
  95.8s [Sun, Sep 14 7:07 AM]   use "Packing table"
  95.8s [Sun, Sep 14 7:08 AM]   click [Pack] Pack 23 orders (3 h 4 min)
  95.9s [Sun, Sep 14 10:13 AM]   click [CourierEconomy] Courier · Economy 3d ($149.28)
  96.1s [Sun, Sep 14 7:06 PM]   use "Sleep"
  96.1s [Sun, Sep 14 7:06 PM]   click [Sleep] Sleep until 7:00 AM
  96.5s [Mon, Sep 15 7:07 AM]   use "Packing table"
  96.5s [Mon, Sep 15 7:08 AM]   click [Pack] Pack 22 orders (2 h 56 min)
  96.6s [Mon, Sep 15 10:05 AM]   click [CourierEconomy] Courier · Economy 3d ($157.92)
  96.8s [Mon, Sep 15 7:06 PM]   use "Sleep"
  96.8s [Mon, Sep 15 7:06 PM]   click [Sleep] Sleep until 7:00 AM
  97.2s [Tue, Sep 16 7:07 AM]   use "Packing table"
  97.2s [Tue, Sep 16 7:08 AM]   click [Pack] Pack 25 orders (3 h 20 min)
  97.3s [Tue, Sep 16 10:29 AM]   click [CourierEconomy] Courier · Economy 3d ($164.40)
  97.5s [Tue, Sep 16 7:06 PM]   use "Sleep"
  97.5s [Tue, Sep 16 7:06 PM]   click [Sleep] Sleep until 7:00 AM
  97.9s [Wed, Sep 17 7:07 AM]   use "Packing table"
  97.9s [Wed, Sep 17 7:08 AM]   click [Pack] Pack 29 orders (3 h 52 min)
  98.0s [Wed, Sep 17 11:01 AM]   click [CourierEconomy] Courier · Economy 3d ($201.84)
  98.2s [Wed, Sep 17 7:06 PM]   use "Sleep"
  98.2s [Wed, Sep 17 7:06 PM]   click [Sleep] Sleep until 7:00 AM
  98.6s [Thu, Sep 18 7:07 AM]   use "Packing table"
  98.6s [Thu, Sep 18 7:08 AM]   click [Pack] Pack 28 orders (3 h 44 min)
  98.7s [Thu, Sep 18 10:53 AM]   click [CourierEconomy] Courier · Economy 3d ($181.68)
  98.8s [Thu, Sep 18 10:57 AM]   use "Use laptop — Company OS"
  98.9s [Thu, Sep 18 10:58 AM]   click [Tab_operations] Operations
  99.0s [Thu, Sep 18 10:59 AM]   click [DeliverTo_riverside_studio] Riverside Tower, Unit
  99.0s [Thu, Sep 18 10:59 AM]   click [Buy_tradelink_wholesale_desk_lamp] Buy $515
  99.1s [Thu, Sep 18 11:09 AM]   click [Buy_tradelink_wholesale_desk_lamp] Buy $515
  99.3s [Thu, Sep 18 7:05 PM]   use "Sleep"
  99.5s [Thu, Sep 18 7:05 PM]   click [Sleep] Sleep until 7:00 AM
  99.8s [Fri, Sep 19 7:07 AM]   use "Packing table"
  99.9s [Fri, Sep 19 7:08 AM]   click [Pack] Pack 15 orders (2 h)
  99.9s [Fri, Sep 19 9:09 AM]   click [CourierEconomy] Courier · Economy 3d ($99.60)
 100.1s [Fri, Sep 19 7:06 PM]   use "Sleep"
 100.1s [Fri, Sep 19 7:06 PM]   click [Sleep] Sleep until 7:00 AM
 100.5s [Sat, Sep 20 7:07 AM]   use "Packing table"
 100.5s [Sat, Sep 20 7:08 AM]   click [Pack] Pack 20 orders (2 h 40 min)
 100.6s [Sat, Sep 20 9:49 AM]   click [CourierEconomy] Courier · Economy 3d ($142.80)
 100.7s [Sat, Sep 20 9:53 AM]   use "Use laptop — Company OS"
 100.8s [Sat, Sep 20 9:54 AM]   click [Tab_operations] Operations
 100.9s [Sat, Sep 20 9:55 AM]   click [DeliverTo_riverside_studio] Riverside Tower, Unit
 101.0s [Sat, Sep 20 9:55 AM]   click [Buy_tradelink_wholesale_wireless_earbuds] Buy $1,008
 101.0s [Sat, Sep 20 10:05 AM]   click [Buy_tradelink_wholesale_wireless_earbuds] Buy $1,008
 101.3s [Sat, Sep 20 7:05 PM]   use "Sleep"
 101.4s [Sat, Sep 20 7:05 PM]   click [Sleep] Sleep until 7:00 AM
 101.9s [Sun, Sep 21 7:07 AM]   use "Packing table"
 101.9s [Sun, Sep 21 7:08 AM]   click [Pack] Pack 20 orders (2 h 40 min)
 101.9s [Sun, Sep 21 9:49 AM]   click [CourierEconomy] Courier · Economy 3d ($146.40)
 102.2s [Sun, Sep 21 7:06 PM]   use "Sleep"
 102.2s [Sun, Sep 21 7:06 PM]   click [Sleep] Sleep until 7:00 AM
 102.6s [Mon, Sep 22 7:07 AM]   use "Packing table"
 102.6s [Mon, Sep 22 7:08 AM]   click [Pack] Pack 25 orders (3 h 20 min)
 102.7s [Mon, Sep 22 10:29 AM]   click [CourierEconomy] Courier · Economy 3d ($157.20)
 102.9s [Mon, Sep 22 7:06 PM]   use "Sleep"
 102.9s [Mon, Sep 22 7:06 PM]   click [Sleep] Sleep until 7:00 AM
 103.3s [Tue, Sep 23 7:07 AM]   use "Packing table"
 103.3s [Tue, Sep 23 7:08 AM]   click [Pack] Pack 27 orders (3 h 36 min)
 103.3s [Tue, Sep 23 7:54 AM]   toast: New review #3157: ★★ "Not great. Feels cheap."
 103.4s [Tue, Sep 23 10:45 AM]   click [CourierEconomy] Courier · Economy 3d ($175.92)
 103.6s [Tue, Sep 23 7:06 PM]   use "Sleep"
 103.6s [Tue, Sep 23 7:06 PM]   click [Sleep] Sleep until 7:00 AM
 104.0s [Wed, Sep 24 7:07 AM]   use "Packing table"
 104.0s [Wed, Sep 24 7:08 AM]   click [Pack] Pack 18 orders (2 h 24 min)
 104.1s [Wed, Sep 24 9:33 AM]   click [CourierEconomy] Courier · Economy 3d ($131.28)
 104.3s [Wed, Sep 24 7:06 PM]   use "Sleep"
 104.3s [Wed, Sep 24 7:06 PM]   click [Sleep] Sleep until 7:00 AM
 104.7s [Thu, Sep 25 7:07 AM]   use "Packing table"
 104.7s [Thu, Sep 25 7:08 AM]   click [Pack] Pack 26 orders (3 h 28 min)
 104.8s [Thu, Sep 25 10:37 AM]   click [CourierEconomy] Courier · Economy 3d ($173.76)
 105.0s [Thu, Sep 25 7:06 PM]   use "Sleep"
 105.0s [Thu, Sep 25 7:06 PM]   click [Sleep] Sleep until 7:00 AM
 105.4s [Fri, Sep 26 7:07 AM]   use "Packing table"
 105.4s [Fri, Sep 26 7:08 AM]   click [Pack] Pack 29 orders (3 h 52 min)
 105.5s [Fri, Sep 26 11:01 AM]   click [CourierEconomy] Courier · Economy 3d ($187.44)
 105.7s [Fri, Sep 26 7:06 PM]   use "Sleep"
 105.7s [Fri, Sep 26 7:06 PM]   click [Sleep] Sleep until 7:00 AM
 106.1s [Sat, Sep 27 7:07 AM]   use "Packing table"
 106.1s [Sat, Sep 27 7:08 AM]   click [Pack] Pack 23 orders (3 h 4 min)
 106.2s [Sat, Sep 27 10:13 AM]   click [CourierEconomy] Courier · Economy 3d ($156.48)
 106.3s [Sat, Sep 27 10:17 AM]   use "Use laptop — Company OS"
 106.5s [Sat, Sep 27 10:18 AM]   click [Tab_operations] Operations
 106.5s [Sat, Sep 27 10:19 AM]   click [DeliverTo_riverside_studio] Riverside Tower, Unit
 106.6s [Sat, Sep 27 10:19 AM]   click [Buy_tradelink_wholesale_phone_stand] Buy $305
 106.7s [Sat, Sep 27 10:29 AM]   click [Buy_tradelink_wholesale_phone_stand] Buy $305
 106.9s [Sat, Sep 27 7:05 PM]   use "Sleep"
 107.1s [Sat, Sep 27 7:05 PM]   click [Sleep] Sleep until 7:00 AM
 107.5s [Sun, Sep 28 7:07 AM]   use "Packing table"
 107.5s [Sun, Sep 28 7:08 AM]   click [Pack] Pack 25 orders (3 h 20 min)
 107.5s [Sun, Sep 28 10:29 AM]   click [CourierEconomy] Courier · Economy 3d ($157.20)
 107.8s [Sun, Sep 28 7:06 PM]   use "Sleep"
 107.8s [Sun, Sep 28 7:06 PM]   click [Sleep] Sleep until 7:00 AM
 108.2s [Mon, Sep 29 7:07 AM]   use "Packing table"
 108.2s [Mon, Sep 29 7:08 AM]   click [Pack] Pack 24 orders (3 h 12 min)
 108.3s [Mon, Sep 29 10:21 AM]   click [CourierEconomy] Courier · Economy 3d ($169.44)
 108.5s [Mon, Sep 29 7:06 PM]   use "Sleep"
 108.6s [Mon, Sep 29 7:06 PM]   click [Sleep] Sleep until 7:00 AM
 108.9s [Tue, Sep 30 7:07 AM]   use "Packing table"
 109.0s [Tue, Sep 30 7:08 AM]   click [Pack] Pack 28 orders (3 h 44 min)
 109.1s [Tue, Sep 30 10:53 AM]   click [CourierEconomy] Courier · Economy 3d ($203.28)
 109.1s [Tue, Sep 30 7:00 PM]   (shot decision_supplier_price_increase skipped: headless)
 109.1s [Tue, Sep 30 7:00 PM]   decision supplier_price_increase → accept
 109.1s [Tue, Sep 30 7:00 PM]   click [Choice_accept] Okay. Keep supplying me.
 109.2s [Tue, Sep 30 7:00 PM]   (shot decision_outcome_supplier_price_increase skipped: headless)
 109.2s [Tue, Sep 30 7:00 PM]   click "OK"
 109.3s [Tue, Sep 30 7:07 PM]   use "Sleep"
 109.3s [Tue, Sep 30 7:07 PM]   click [Sleep] Sleep until 7:00 AM
 110.0s [Wed, Oct 1 7:00 AM]   (shot month_close_report skipped: headless)
 110.0s [Wed, Oct 1 7:00 AM]   click [month close] Continue
 110.2s [Wed, Oct 1 7:07 AM]   use "Packing table"
 110.2s [Wed, Oct 1 7:08 AM]   click [Pack] Pack 27 orders (3 h 36 min)
 110.3s [Wed, Oct 1 10:45 AM]   click [CourierEconomy] Courier · Economy 3d ($128.72)
 110.3s [Wed, Oct 1 10:47 AM]   ok  Chapter 7 complete
 110.3s [Wed, Oct 1 10:47 AM]   ok  Chapter 7 passed with real profit, not two losses
 110.3s [Wed, Oct 1 10:47 AM]   ch7_month_profit set from actual ledger profit $1,218; survived_losses=false
 110.3s [Wed, Oct 1 10:47 AM]   ok  positive chapter seven monthly profit
 110.3s [Wed, Oct 1 10:47 AM] STEP Chapter 8 — the Green Shift
 110.3s [Wed, Oct 1 10:47 AM]   ok  Year 4: the Green Shift
 110.6s [Wed, Oct 1 10:51 AM]   ok  walked back outside
 111.0s [Wed, Oct 1 10:56 AM]   ok  entered Bloom Coffee
 111.1s [Wed, Oct 1 10:59 AM]   use "Read the news board"
 111.1s [Wed, Oct 1 11:04 AM]   (shot news_green_shift skipped: headless)
 111.1s [Wed, Oct 1 11:04 AM]   ok  read the news (green_shift)
 111.5s [Wed, Oct 1 11:09 AM]   ok  walked back outside
 111.9s [Wed, Oct 1 11:14 AM]   ok  entered Riverside Tower
 111.9s [Wed, Oct 1 11:16 AM]   use "Use laptop — Company OS"
 112.1s [Wed, Oct 1 11:17 AM]   click [Tab_operations] Operations
 112.1s [Wed, Oct 1 11:18 AM]   click [Packaging_recycled] Recycled paper
 112.2s [Wed, Oct 1 11:19 AM]   click [Buy_verdant_supply_solar_lamp] Buy $504
 112.3s [Wed, Oct 1 11:29 AM]   (shot operations_green skipped: headless)
 112.3s [Wed, Oct 1 11:30 AM]   ok  recycled packaging
 112.5s [Wed, Oct 1 7:05 PM]   use "Sleep"
 112.5s [Wed, Oct 1 7:05 PM]   click [Sleep] Sleep until 7:00 AM
 112.9s [Thu, Oct 2 7:07 AM]   use "Packing table"
 113.0s [Thu, Oct 2 7:08 AM]   click [Pack] Pack 29 orders (3 h 52 min)
 113.0s [Thu, Oct 2 11:01 AM]   click [CourierEconomy] Courier · Economy 3d ($142.24)
 113.3s [Thu, Oct 2 7:06 PM]   use "Sleep"
 113.3s [Thu, Oct 2 7:06 PM]   click [Sleep] Sleep until 7:00 AM
 113.8s [Fri, Oct 3 7:07 AM]   use "Packing table"
 113.8s [Fri, Oct 3 7:08 AM]   click [Pack] Pack 36 orders (4 h 48 min)
 113.9s [Fri, Oct 3 11:57 AM]   click [CourierEconomy] Courier · Economy 3d ($184.36)
 114.1s [Fri, Oct 3 7:06 PM]   use "Sleep"
 114.1s [Fri, Oct 3 7:06 PM]   click [Sleep] Sleep until 7:00 AM
 114.5s [Sat, Oct 4 7:07 AM]   use "Packing table"
 114.6s [Sat, Oct 4 7:08 AM]   click [Pack] Pack 24 orders (3 h 12 min)
 114.6s [Sat, Oct 4 10:21 AM]   click [CourierEconomy] Courier · Economy 3d ($111.04)
 114.9s [Sat, Oct 4 7:06 PM]   use "Sleep"
 114.9s [Sat, Oct 4 7:06 PM]   click [Sleep] Sleep until 7:00 AM
 115.3s [Sun, Oct 5 7:07 AM]   use "Packing table"
 115.4s [Sun, Oct 5 7:08 AM]   click [Pack] Pack 29 orders (3 h 52 min)
 115.4s [Sun, Oct 5 11:01 AM]   click [CourierEconomy] Courier · Economy 3d ($134.44)
 115.5s [Sun, Oct 5 11:03 AM]   ok  solar desk lamps arrived before listing
 115.5s [Sun, Oct 5 11:05 AM]   use "Use laptop — Company OS"
 115.7s [Sun, Oct 5 11:06 AM]   click [Tab_sales] Sales
 115.7s [Sun, Oct 5 11:07 AM]   click [ListSelf_solar_lamp] Shoot photos myself & list (1 h 20 min)
 115.9s [Sun, Oct 5 12:29 PM]   ok  solar desk lamps listed
 115.9s [Sun, Oct 5 12:29 PM] STEP Chapter 8 — the Green Business Grant at City Hall
 115.9s [Sun, Oct 5 12:29 PM]   (harness) wait 2 h
 116.2s [Sun, Oct 5 2:34 PM]   use "Packing table"
 116.2s [Sun, Oct 5 2:35 PM]   click [Pack] Pack 12 orders (1 h 36 min)
 116.3s [Sun, Oct 5 4:13 PM]   click [CourierEconomy] Courier · Economy 3d ($68.92)
 116.4s [Sun, Oct 5 4:14 PM]   (harness) wait 2 h
 116.4s [Sun, Oct 5 6:16 PM]   use "Packing table"
 116.4s [Sun, Oct 5 6:17 PM]   click [Pack] Pack 5 orders (40 min)
 116.5s [Sun, Oct 5 6:58 PM]   click [CourierEconomy] Courier · Economy 3d ($26.80)
 116.7s [Sun, Oct 5 7:06 PM]   use "Sleep"
 116.7s [Sun, Oct 5 7:06 PM]   click [Sleep] Sleep until 7:00 AM
 117.2s [Mon, Oct 6 7:07 AM]   use "Packing table"
 117.2s [Mon, Oct 6 7:08 AM]   click [Pack] Pack 16 orders (2 h 8 min)
 117.3s [Mon, Oct 6 9:17 AM]   click [CourierEconomy] Courier · Economy 3d ($77.76)
 117.7s [Mon, Oct 6 9:23 AM]   ok  walked back outside
 118.2s [Mon, Oct 6 9:38 AM]   use "Metro — Riverside Station"
 118.3s [Mon, Oct 6 9:39 AM]   (shot metro_civic_center skipped: headless)
 118.3s [Mon, Oct 6 9:39 AM]   click [Go_civic_center] Civic Center  ·  12 min
 118.5s [Mon, Oct 6 9:52 AM]   ok  took the Metro to Civic Center
 119.1s [Mon, Oct 6 10:03 AM]   ok  entered Aurelia City Hall
 119.1s [Mon, Oct 6 10:06 AM]   use "Permits & regulations"
 119.2s [Mon, Oct 6 10:07 AM]   (shot green_grant skipped: headless)
 119.2s [Mon, Oct 6 10:07 AM]   click [ApplyGreenGrant] Apply
 119.2s [Mon, Oct 6 10:38 AM]   ok  green grant approved
 119.3s [Mon, Oct 6 10:40 AM]   ok  Chapter 8 complete
 119.3s [Mon, Oct 6 10:40 AM] STEP Chapter 9 — the Clearing Crisis: an import stuck on the wire
 119.3s [Mon, Oct 6 10:40 AM]   ok  Year 5: the Clearing Crisis
 119.6s [Mon, Oct 6 10:45 AM]   ok  walked back outside
 119.9s [Mon, Oct 6 10:53 AM]   use "Metro — Civic Center Station"
 119.9s [Mon, Oct 6 10:55 AM]   (shot metro_riverside skipped: headless)
 119.9s [Mon, Oct 6 10:55 AM]   click [Go_riverside] Riverside  ·  12 min
 120.2s [Mon, Oct 6 11:08 AM]   ok  took the Metro to Riverside
 120.8s [Mon, Oct 6 11:20 AM]   ok  entered Bloom Coffee
 120.9s [Mon, Oct 6 11:22 AM]   use "Read the news board"
 120.9s [Mon, Oct 6 11:27 AM]   (shot news_clearing_crisis skipped: headless)
 120.9s [Mon, Oct 6 11:27 AM]   ok  read the news (clearing_crisis)
 121.3s [Mon, Oct 6 11:32 AM]   ok  walked back outside
 121.6s [Mon, Oct 6 11:37 AM]   ok  entered Riverside Tower
 121.7s [Mon, Oct 6 11:39 AM]   use "Use laptop — Company OS"
 121.8s [Mon, Oct 6 11:40 AM]   click [Tab_operations] Operations
 121.9s [Mon, Oct 6 11:41 AM]   click [Buy_lumina_direct_phone_stand] Buy $884
 121.9s [Mon, Oct 6 11:42 AM]   (shot settlement_choice skipped: headless)
 121.9s [Mon, Oct 6 11:42 AM]   click [Settle_international_wire] Pay this way
 122.0s [Mon, Oct 6 11:44 AM]   ok  import ordered, paid by wire
 122.0s [Mon, Oct 6 11:44 AM] STEP Chapter 9 — Lina Zhao at Nexus Bank
 122.4s [Mon, Oct 6 11:49 AM]   ok  walked back outside
 123.0s [Mon, Oct 6 12:03 PM]   use "Metro — Riverside Station"
 123.0s [Mon, Oct 6 12:04 PM]   (shot metro_financial skipped: headless)
 123.0s [Mon, Oct 6 12:04 PM]   click [Go_financial] Financial District  ·  10 min
 123.3s [Mon, Oct 6 12:16 PM]   ok  took the Metro to Financial District
 123.9s [Mon, Oct 6 12:27 PM]   ok  entered Nexus Bank
 124.0s [Mon, Oct 6 12:31 PM]   use "Talk to Lina Zhao"
 124.0s [Mon, Oct 6 12:31 PM]   (shot lina_intro skipped: headless)
 124.4s [Mon, Oct 6 12:31 PM]   choose "› Set me up with a digital dollar account."
 124.7s [Mon, Oct 6 12:31 PM]   ok  met Lina Zhao
 125.0s [Mon, Oct 6 12:35 PM]   ok  walked back outside
 125.3s [Mon, Oct 6 12:44 PM]   use "Metro — Financial District Station"
 125.3s [Mon, Oct 6 12:46 PM]   (shot metro_riverside skipped: headless)
 125.3s [Mon, Oct 6 12:46 PM]   click [Go_riverside] Riverside  ·  10 min
 125.6s [Mon, Oct 6 12:57 PM]   ok  took the Metro to Riverside
 126.3s [Mon, Oct 6 1:11 PM]   ok  entered Riverside Tower
 126.4s [Mon, Oct 6 1:13 PM]   use "Use laptop — Company OS"
 126.5s [Mon, Oct 6 1:14 PM]   click [Tab_operations] Operations
 126.6s [Mon, Oct 6 1:15 PM]   click [SpeedUp_PO-160] Speed up
 126.6s [Mon, Oct 6 1:16 PM]   (shot settlement_speed_up skipped: headless)
 126.6s [Mon, Oct 6 1:16 PM]   click [Settle_letter_of_credit] Switch
 126.8s [Mon, Oct 6 7:04 PM]   use "Sleep"
 126.9s [Mon, Oct 6 7:04 PM]   click [Sleep] Sleep until 7:00 AM
 127.3s [Tue, Oct 7 7:07 AM]   use "Packing table"
 127.4s [Tue, Oct 7 7:08 AM]   click [Pack] Pack 21 orders (2 h 48 min)
 127.4s [Tue, Oct 7 9:57 AM]   click [CourierEconomy] Courier · Economy 3d ($91.44)
 127.7s [Tue, Oct 7 7:06 PM]   use "Sleep"
 127.7s [Tue, Oct 7 7:06 PM]   click [Sleep] Sleep until 7:00 AM
 128.1s [Wed, Oct 8 7:07 AM]   use "Packing table"
 128.1s [Wed, Oct 8 7:08 AM]   click [Pack] Pack 28 orders (3 h 44 min)
 128.2s [Wed, Oct 8 10:53 AM]   click [CourierEconomy] Courier · Economy 3d ($118.32)
 128.5s [Wed, Oct 8 7:06 PM]   use "Sleep"
 128.6s [Wed, Oct 8 7:06 PM]   click [Sleep] Sleep until 7:00 AM
 129.0s [Thu, Oct 9 7:07 AM]   use "Packing table"
 129.0s [Thu, Oct 9 7:08 AM]   click [Pack] Pack 23 orders (3 h 4 min)
 129.1s [Thu, Oct 9 10:13 AM]   click [CourierEconomy] Courier · Economy 3d ($99.12)
 129.3s [Thu, Oct 9 7:06 PM]   use "Sleep"
 129.3s [Thu, Oct 9 7:06 PM]   click [Sleep] Sleep until 7:00 AM
 129.7s [Fri, Oct 10 7:07 AM]   use "Packing table"
 129.8s [Fri, Oct 10 7:08 AM]   click [Pack] Pack 24 orders (3 h 12 min)
 129.8s [Fri, Oct 10 10:21 AM]   click [CourierEconomy] Courier · Economy 3d ($105.36)
 130.1s [Fri, Oct 10 7:06 PM]   use "Sleep"
 130.1s [Fri, Oct 10 7:06 PM]   click [Sleep] Sleep until 7:00 AM
 130.5s [Sat, Oct 11 7:07 AM]   use "Packing table"
 130.6s [Sat, Oct 11 7:08 AM]   click [Pack] Pack 26 orders (3 h 28 min)
 130.6s [Sat, Oct 11 10:37 AM]   click [CourierEconomy] Courier · Economy 3d ($108.24)
 130.9s [Sat, Oct 11 7:06 PM]   use "Sleep"
 130.9s [Sat, Oct 11 7:06 PM]   click [Sleep] Sleep until 7:00 AM
 131.3s [Sun, Oct 12 7:07 AM]   use "Packing table"
 131.3s [Sun, Oct 12 7:08 AM]   click [Pack] Pack 19 orders (2 h 32 min)
 131.4s [Sun, Oct 12 9:41 AM]   click [CourierEconomy] Courier · Economy 3d ($78.96)
 131.6s [Sun, Oct 12 7:06 PM]   use "Sleep"
 131.7s [Sun, Oct 12 7:06 PM]   click [Sleep] Sleep until 7:00 AM
 132.1s [Mon, Oct 13 7:07 AM]   use "Packing table"
 132.1s [Mon, Oct 13 7:08 AM]   click [Pack] Pack 7 orders (56 min)
 132.2s [Mon, Oct 13 8:05 AM]   click [CourierEconomy] Courier · Economy 3d ($32.88)
 132.4s [Mon, Oct 13 7:06 PM]   use "Sleep"
 132.4s [Mon, Oct 13 7:06 PM]   click [Sleep] Sleep until 7:00 AM
 132.8s [Tue, Oct 14 7:07 AM]   use "Packing table"
 132.9s [Tue, Oct 14 7:08 AM]   click [Pack] Pack 12 orders (1 h 36 min)
 132.9s [Tue, Oct 14 8:45 AM]   click [CourierEconomy] Courier · Economy 3d ($52.08)
 133.2s [Tue, Oct 14 7:06 PM]   use "Sleep"
 133.2s [Tue, Oct 14 7:06 PM]   click [Sleep] Sleep until 7:00 AM
 133.6s [Wed, Oct 15 7:07 AM]   use "Packing table"
 133.7s [Wed, Oct 15 7:08 AM]   click [Pack] Pack 17 orders (2 h 16 min)
 133.7s [Wed, Oct 15 9:25 AM]   click [CourierEconomy] Courier · Economy 3d ($71.28)
 133.9s [Wed, Oct 15 7:06 PM]   use "Sleep"
 134.0s [Wed, Oct 15 7:06 PM]   click [Sleep] Sleep until 7:00 AM
 134.4s [Thu, Oct 16 7:07 AM]   use "Packing table"
 134.4s [Thu, Oct 16 7:08 AM]   click [Pack] Pack 10 orders (1 h 20 min)
 134.5s [Thu, Oct 16 8:29 AM]   click [CourierEconomy] Courier · Economy 3d ($44.40)
 134.7s [Thu, Oct 16 7:06 PM]   use "Sleep"
 134.7s [Thu, Oct 16 7:06 PM]   click [Sleep] Sleep until 7:00 AM
 135.2s [Fri, Oct 17 7:07 AM]   use "Packing table"
 135.2s [Fri, Oct 17 7:08 AM]   click [Pack] Pack 10 orders (1 h 20 min)
 135.2s [Fri, Oct 17 8:29 AM]   click [CourierEconomy] Courier · Economy 3d ($44.40)
 135.5s [Fri, Oct 17 7:06 PM]   use "Sleep"
 135.5s [Fri, Oct 17 7:06 PM]   click [Sleep] Sleep until 7:00 AM
 135.9s [Sat, Oct 18 7:07 AM]   use "Packing table"
 136.0s [Sat, Oct 18 7:08 AM]   click [Pack] Pack 7 orders (56 min)
 136.0s [Sat, Oct 18 8:05 AM]   click [CourierEconomy] Courier · Economy 3d ($32.88)
 136.1s [Sat, Oct 18 7:00 PM]   (shot decision_supplier_price_increase skipped: headless)
 136.1s [Sat, Oct 18 7:00 PM]   decision supplier_price_increase → accept
 136.1s [Sat, Oct 18 7:00 PM]   click [Choice_accept] Okay. Keep supplying me.
 136.2s [Sat, Oct 18 7:00 PM]   (shot decision_outcome_supplier_price_increase skipped: headless)
 136.2s [Sat, Oct 18 7:00 PM]   click "OK"
 136.3s [Sat, Oct 18 7:07 PM]   use "Sleep"
 136.4s [Sat, Oct 18 7:07 PM]   click [Sleep] Sleep until 7:00 AM
 137.1s [Sun, Oct 19 7:07 AM]   use "Packing table"
 137.1s [Sun, Oct 19 7:08 AM]   click [Pack] Pack 6 orders (48 min)
 137.1s [Sun, Oct 19 7:57 AM]   click [CourierEconomy] Courier · Economy 3d ($29.04)
 137.3s [Sun, Oct 19 7:06 PM]   use "Sleep"
 137.4s [Sun, Oct 19 7:06 PM]   click [Sleep] Sleep until 7:00 AM
 137.8s [Mon, Oct 20 7:07 AM]   use "Packing table"
 137.8s [Mon, Oct 20 7:08 AM]   click [Pack] Pack 8 orders (1 h 4 min)
 137.9s [Mon, Oct 20 8:13 AM]   click [CourierEconomy] Courier · Economy 3d ($36.72)
 138.1s [Mon, Oct 20 7:06 PM]   use "Sleep"
 138.1s [Mon, Oct 20 7:06 PM]   click [Sleep] Sleep until 7:00 AM
 138.5s [Tue, Oct 21 7:07 AM]   use "Packing table"
 138.6s [Tue, Oct 21 7:08 AM]   click [Pack] Pack 10 orders (1 h 20 min)
 138.6s [Tue, Oct 21 8:29 AM]   click [CourierEconomy] Courier · Economy 3d ($44.40)
 138.8s [Tue, Oct 21 7:06 PM]   use "Sleep"
 138.9s [Tue, Oct 21 7:06 PM]   click [Sleep] Sleep until 7:00 AM
 139.3s [Wed, Oct 22 7:07 AM]   use "Packing table"
 139.3s [Wed, Oct 22 7:08 AM]   click [Pack] Pack 4 orders (32 min)
 139.4s [Wed, Oct 22 7:41 AM]   click [CourierEconomy] Courier · Economy 3d ($21.36)
 139.6s [Wed, Oct 22 7:06 PM]   use "Sleep"
 139.6s [Wed, Oct 22 7:06 PM]   click [Sleep] Sleep until 7:00 AM
 140.0s [Thu, Oct 23 7:03 PM]   use "Sleep"
 140.1s [Thu, Oct 23 7:03 PM]   click [Sleep] Sleep until 7:00 AM
 140.4s [Fri, Oct 24 7:00 AM]   ok  Chapter 9 complete: the import got through
 140.4s [Fri, Oct 24 7:00 AM]   ok  ledger balanced after chapters 7–9
 140.4s [Fri, Oct 24 7:00 AM] STEP Old Town — lease the corner café from Mr. Okafor
 140.4s [Fri, Oct 24 7:00 AM]   (harness) wait 2 h
 140.8s [Fri, Oct 24 9:07 AM]   ok  walked back outside
 141.3s [Fri, Oct 24 9:21 AM]   use "Metro — Riverside Station"
 141.3s [Fri, Oct 24 9:22 AM]   (shot metro_old_town skipped: headless)
 141.3s [Fri, Oct 24 9:22 AM]   click [Go_old_town] Old Town  ·  16 min
 141.6s [Fri, Oct 24 9:40 AM]   ok  took the Metro to Old Town
 141.6s [Fri, Oct 24 9:40 AM]   (shot old_town skipped: headless)
 142.4s [Fri, Oct 24 9:56 AM]   ok  entered Okafor Lettings
 142.5s [Fri, Oct 24 9:57 AM]   use "Talk to Mr. Okafor"
 142.6s [Fri, Oct 24 9:57 AM]   choose "› What was it before?"
 142.8s [Fri, Oct 24 9:58 AM]   (shot cafe_lease skipped: headless)
 142.8s [Fri, Oct 24 9:58 AM]   click [SignLease_corner_cafe] Sign the lease
 142.9s [Fri, Oct 24 9:59 AM]   ok  leased the corner café unit
 143.4s [Fri, Oct 24 10:03 AM]   ok  walked back outside
 143.4s [Fri, Oct 24 10:03 AM]   (shot old_town_storefronts skipped: headless)
 144.0s [Fri, Oct 24 10:11 AM]   ok  entered Corner Café Unit
 144.0s [Fri, Oct 24 10:12 AM]   use "Check the till — Company OS"
 144.0s [Fri, Oct 24 10:13 AM]   click [CafeFitOut] Fit out ($5,800)
 144.1s [Fri, Oct 24 10:13 AM]   click [CafeSupplies_large] 400 cups · $330
 144.1s [Fri, Oct 24 10:14 AM]   (shot cafe_setup skipped: headless)
 144.1s [Fri, Oct 24 10:15 AM]   ok  fit-out under way
 144.1s [Fri, Oct 24 10:15 AM]   ok  coffee supplies ordered
 144.1s [Fri, Oct 24 10:15 AM] STEP Old Town — the food licence at City Hall (walking via Shopping Street)
 144.4s [Fri, Oct 24 10:19 AM]   ok  walked back outside
 145.1s [Fri, Oct 24 10:36 AM]   ok  walked to Shopping Street
 146.0s [Fri, Oct 24 11:04 AM]   ok  walked to Civic Center
 146.4s [Fri, Oct 24 11:11 AM]   ok  entered Aurelia City Hall
 146.5s [Fri, Oct 24 11:13 AM]   use "Permits & regulations"
 146.5s [Fri, Oct 24 11:14 AM]   click [ApplyFoodLicence] Apply
 146.6s [Fri, Oct 24 11:35 AM]   (shot food_licence skipped: headless)
 146.6s [Fri, Oct 24 11:36 AM]   ok  food licence applied for
 147.0s [Fri, Oct 24 11:41 AM]   ok  walked back outside
 147.3s [Fri, Oct 24 11:49 AM]   use "Metro — Civic Center Station"
 147.3s [Fri, Oct 24 11:51 AM]   (shot metro_riverside skipped: headless)
 147.3s [Fri, Oct 24 11:51 AM]   click [Go_riverside] Riverside  ·  12 min
 147.6s [Fri, Oct 24 12:04 PM]   ok  took the Metro to Riverside
 148.4s [Fri, Oct 24 12:18 PM]   ok  entered Riverside Tower
 148.4s [Fri, Oct 24 12:18 PM]   (harness) wait 2 h
 148.4s [Fri, Oct 24 2:19 PM]   (harness) wait 2 h
 148.4s [Fri, Oct 24 4:20 PM]   (harness) wait 2 h
 148.5s [Fri, Oct 24 6:21 PM]   (harness) wait 2 h
 148.6s [Fri, Oct 24 8:24 PM]   use "Sleep"
 148.6s [Fri, Oct 24 8:24 PM]   click [Sleep] Sleep until 7:00 AM
 148.9s [Sat, Oct 25 7:00 AM]   (harness) wait 2 h
 148.9s [Sat, Oct 25 9:01 AM]   (harness) wait 2 h
 148.9s [Sat, Oct 25 11:02 AM]   (harness) wait 2 h
 149.0s [Sat, Oct 25 1:03 PM]   (harness) wait 2 h
 149.0s [Sat, Oct 25 3:04 PM]   (harness) wait 2 h
 149.0s [Sat, Oct 25 5:05 PM]   (harness) wait 2 h
 149.1s [Sat, Oct 25 7:06 PM]   use "Sleep"
 149.1s [Sat, Oct 25 7:06 PM]   click [Sleep] Sleep until 7:00 AM
 149.4s [Sun, Oct 26 7:00 AM]   (harness) wait 2 h
 149.4s [Sun, Oct 26 9:01 AM]   (harness) wait 2 h
 149.4s [Sun, Oct 26 11:02 AM]   (harness) wait 2 h
 149.5s [Sun, Oct 26 1:03 PM]   (harness) wait 2 h
 149.5s [Sun, Oct 26 3:04 PM]   (harness) wait 2 h
 149.5s [Sun, Oct 26 5:05 PM]   (harness) wait 2 h
 149.6s [Sun, Oct 26 7:06 PM]   use "Sleep"
 149.6s [Sun, Oct 26 7:06 PM]   click [Sleep] Sleep until 7:00 AM
 149.9s [Mon, Oct 27 7:00 AM]   ok  fitted out and licensed
 149.9s [Mon, Oct 27 7:00 AM] STEP Old Town — opening day behind your own counter
 150.3s [Mon, Oct 27 7:06 AM]   ok  walked back outside
 150.8s [Mon, Oct 27 7:20 AM]   use "Metro — Riverside Station"
 150.8s [Mon, Oct 27 7:22 AM]   (shot metro_old_town skipped: headless)
 150.8s [Mon, Oct 27 7:22 AM]   click [Go_old_town] Old Town  ·  16 min
 151.1s [Mon, Oct 27 7:39 AM]   ok  took the Metro to Old Town
 151.7s [Mon, Oct 27 7:50 AM]   ok  entered Corner Café Unit
 151.7s [Mon, Oct 27 7:50 AM]   (shot cafe_open skipped: headless)
 151.7s [Mon, Oct 27 7:52 AM]   use "Work the counter (2 h)"
 151.8s [Mon, Oct 27 9:53 AM]   ok  served customers at your own café
 151.8s [Mon, Oct 27 9:54 AM]   use "Check the till — Company OS"
 151.8s [Mon, Oct 27 9:55 AM]   (shot cafe_tab skipped: headless)
 151.8s [Mon, Oct 27 9:55 AM]   ok  ledger balanced after opening the café
 152.2s [Mon, Oct 27 10:00 AM]   ok  walked back outside
 152.6s [Mon, Oct 27 10:11 AM]   use "Metro — Old Town Station"
 152.6s [Mon, Oct 27 10:13 AM]   (shot metro_riverside skipped: headless)
 152.6s [Mon, Oct 27 10:13 AM]   click [Go_riverside] Riverside  ·  16 min
 152.9s [Mon, Oct 27 10:30 AM]   ok  took the Metro to Riverside
 153.7s [Mon, Oct 27 10:44 AM]   ok  entered Riverside Tower
 153.7s [Mon, Oct 27 10:44 AM] STEP Harbor — metro to the docks, a used van from Sam, and Pier 7
 153.7s [Mon, Oct 27 10:44 AM]   ok  actual financing covers the van, bay and working capital
 154.0s [Mon, Oct 27 10:47 AM]   ok  walked back outside
 154.6s [Mon, Oct 27 11:01 AM]   use "Metro — Riverside Station"
 154.6s [Mon, Oct 27 11:02 AM]   (shot metro_harbor skipped: headless)
 154.6s [Mon, Oct 27 11:02 AM]   click [Go_harbor] Harbor  ·  8 min
 155.0s [Mon, Oct 27 11:12 AM]   ok  took the Metro to Harbor
 155.0s [Mon, Oct 27 11:12 AM]   (shot harbor skipped: headless)
 155.4s [Mon, Oct 27 11:22 AM]   (shot harbor_street skipped: headless)
 155.8s [Mon, Oct 27 11:26 AM]   ok  entered Dockside Motors
 155.8s [Mon, Oct 27 11:27 AM]   use "Talk to Sam Okoro"
 156.0s [Mon, Oct 27 11:27 AM]   choose "› What have you got?"
 156.2s [Mon, Oct 27 11:28 AM]   (shot van_dealer skipped: headless)
 156.2s [Mon, Oct 27 11:28 AM]   click [BuyVan] Buy the van ($9,800)
 156.5s [Mon, Oct 27 11:29 AM]   (shot van_bought skipped: headless)
 156.5s [Mon, Oct 27 11:29 AM]   ok  bought the van from Sam
 156.5s [Mon, Oct 27 11:29 AM]   ok  the van is a vehicle expense
 156.9s [Mon, Oct 27 11:33 AM]   ok  walked back outside
 157.4s [Mon, Oct 27 11:42 AM]   ok  entered Pier 7 Warehouse
 157.5s [Mon, Oct 27 11:47 AM]   use "Lettings desk: lease Bay 3"
 157.6s [Mon, Oct 27 11:48 AM]   (shot pier7_lease skipped: headless)
 157.6s [Mon, Oct 27 11:48 AM]   click [SignLease_pier7_warehouse] Sign the lease
 157.6s [Mon, Oct 27 11:49 AM]   ok  leased the Pier 7 bay
 157.6s [Mon, Oct 27 11:49 AM]   ok  Pier 7 is a stock location
 157.6s [Mon, Oct 27 11:50 AM]   (shot pier7_warehouse skipped: headless)
 158.0s [Mon, Oct 27 11:57 AM]   ok  walked back outside
 158.5s [Mon, Oct 27 12:10 PM]   use "Metro — Harbor Station"
 158.5s [Mon, Oct 27 12:11 PM]   (shot metro_riverside skipped: headless)
 158.5s [Mon, Oct 27 12:11 PM]   click [Go_riverside] Riverside  ·  8 min
 158.9s [Mon, Oct 27 12:21 PM]   ok  took the Metro to Riverside
 159.6s [Mon, Oct 27 12:35 PM]   ok  entered Riverside Tower
 159.6s [Mon, Oct 27 12:35 PM] STEP Harbor — the morning's delivery runs
 159.6s [Mon, Oct 27 12:35 PM]   (harness) wait 2 h
 159.6s [Mon, Oct 27 2:36 PM]   (harness) wait 2 h
 159.7s [Mon, Oct 27 4:37 PM]   (harness) wait 2 h
 159.7s [Mon, Oct 27 6:37 PM]   (harness) wait 2 h
 159.8s [Mon, Oct 27 8:41 PM]   use "Sleep"
 159.8s [Mon, Oct 27 8:41 PM]   click [Sleep] Sleep until 7:00 AM
 160.1s [Tue, Oct 28 7:00 AM]   (harness) wait 2 h
 160.1s [Tue, Oct 28 9:01 AM]   ok  runs were posted in the morning
 160.5s [Tue, Oct 28 9:07 AM]   ok  walked back outside
 161.0s [Tue, Oct 28 9:21 AM]   use "Metro — Riverside Station"
 161.1s [Tue, Oct 28 9:22 AM]   (shot metro_harbor skipped: headless)
 161.1s [Tue, Oct 28 9:22 AM]   click [Go_harbor] Harbor  ·  8 min
 161.4s [Tue, Oct 28 9:32 AM]   ok  took the Metro to Harbor
 162.1s [Tue, Oct 28 9:47 AM]   ok  entered Pier 7 Warehouse
 162.2s [Tue, Oct 28 9:51 AM]   use "Sit at the yard office desk — Company OS"
 162.3s [Tue, Oct 28 9:52 AM]   click [Tab_logistics] Logistics
 162.4s [Tue, Oct 28 9:53 AM]   (shot logistics_tab skipped: headless)
 162.4s [Tue, Oct 28 9:54 AM]   (shot logistics_badge_pinned skipped: headless)
 162.4s [Tue, Oct 28 9:54 AM]   click [Tab_logistics] Logistics
 162.4s [Tue, Oct 28 9:55 AM]   ok  delivery runs on the board
 162.4s [Tue, Oct 28 9:55 AM]   click [Accept_R3] Accept
 162.4s [Tue, Oct 28 9:55 AM]   ok  accepted run R3
 162.4s [Tue, Oct 28 9:55 AM]   (shot logistics_accepted skipped: headless)
 162.4s [Tue, Oct 28 9:55 AM]   click [Drive_R3] Drive it
 162.5s [Tue, Oct 28 9:56 AM]   (shot route_game_intro skipped: headless)
 162.5s [Tue, Oct 28 9:56 AM]   click [StartGame] Start
 162.5s [Tue, Oct 28 9:56 AM]   click [Stop_2]
 162.5s [Tue, Oct 28 9:56 AM]   click [Stop_5]
 162.5s [Tue, Oct 28 9:56 AM]   (shot route_game_planning skipped: headless)
 162.5s [Tue, Oct 28 9:56 AM]   click [Stop_1]
 162.5s [Tue, Oct 28 9:56 AM]   click [Stop_3]
 162.5s [Tue, Oct 28 9:56 AM]   click [Stop_4]
 162.5s [Tue, Oct 28 9:56 AM]   (shot route_game_planned skipped: headless)
 162.5s [Tue, Oct 28 9:56 AM]   click [DriveRoute] Drive the route
 162.5s [Tue, Oct 28 9:56 AM]   (shot route_game_results skipped: headless)
 162.5s [Tue, Oct 28 9:56 AM]   click [FinishGame] Continue
 162.6s [Tue, Oct 28 1:11 PM]   ok  the run is done and in the history
 162.6s [Tue, Oct 28 1:11 PM]   ok  the pay was banked as revenue ($133.10 for run R3)
 162.6s [Tue, Oct 28 1:11 PM]   ok  fuel was charged
 162.6s [Tue, Oct 28 1:11 PM]   ok  the best route scored 100%
 162.6s [Tue, Oct 28 1:11 PM]   (shot logistics_tab_paid skipped: headless)
 162.6s [Tue, Oct 28 1:12 PM]   ok  ledger balanced after the first delivery run
 163.0s [Tue, Oct 28 1:19 PM]   ok  walked back outside
 163.5s [Tue, Oct 28 1:32 PM]   use "Metro — Harbor Station"
 163.5s [Tue, Oct 28 1:33 PM]   (shot metro_riverside skipped: headless)
 163.5s [Tue, Oct 28 1:33 PM]   click [Go_riverside] Riverside  ·  8 min
 163.9s [Tue, Oct 28 1:43 PM]   ok  took the Metro to Riverside
 164.6s [Tue, Oct 28 1:56 PM]   ok  entered Riverside Tower
 164.6s [Tue, Oct 28 1:56 PM]   ok  Chapter 10 started after Chapter 9
 164.6s [Tue, Oct 28 1:56 PM]   ok  Year 6: the Digital Finance Boom
 164.6s [Tue, Oct 28 1:56 PM] STEP Chapter 10 — the news, and Lina's escrow offer
 164.9s [Tue, Oct 28 1:59 PM]   ok  walked back outside
 165.3s [Tue, Oct 28 2:04 PM]   ok  entered Bloom Coffee
 165.4s [Tue, Oct 28 2:07 PM]   use "Read the news board"
 165.4s [Tue, Oct 28 2:12 PM]   (shot news_digital_rails skipped: headless)
 165.4s [Tue, Oct 28 2:12 PM]   ok  read the news (digital_rails)
 165.8s [Tue, Oct 28 2:17 PM]   ok  walked back outside
 166.2s [Tue, Oct 28 2:22 PM]   ok  entered Riverside Tower
 166.5s [Tue, Oct 28 2:25 PM]   ok  walked back outside
 167.1s [Tue, Oct 28 2:39 PM]   use "Metro — Riverside Station"
 167.1s [Tue, Oct 28 2:41 PM]   (shot metro_financial skipped: headless)
 167.1s [Tue, Oct 28 2:41 PM]   click [Go_financial] Financial District  ·  10 min
 167.4s [Tue, Oct 28 2:52 PM]   ok  took the Metro to Financial District
 168.0s [Tue, Oct 28 3:04 PM]   ok  entered Nexus Bank
 168.1s [Tue, Oct 28 3:08 PM]   use "Talk to Lina Zhao"
 168.1s [Tue, Oct 28 3:08 PM]   (shot lina_rails skipped: headless)
 168.5s [Tue, Oct 28 3:08 PM]   choose "› What's the catch?"
 169.0s [Tue, Oct 28 3:10 PM]   ok  the '!' badge for escrow pins its card
 169.0s [Tue, Oct 28 3:10 PM]   (shot badge_escrow_pinned skipped: headless)
 169.0s [Tue, Oct 28 3:10 PM]   (shot decision_escrow_offer skipped: headless)
 169.0s [Tue, Oct 28 3:10 PM]   decision escrow_offer → try
 169.0s [Tue, Oct 28 3:10 PM]   click [Choice_try] Open an escrow account
 169.0s [Tue, Oct 28 3:10 PM]   (shot decision_outcome_escrow_offer skipped: headless)
 169.0s [Tue, Oct 28 3:10 PM]   click "OK"
 169.1s [Tue, Oct 28 3:10 PM]   ok  opened an escrow account
 169.1s [Tue, Oct 28 3:10 PM] STEP Chapter 10 — an import paid through escrow
 169.4s [Tue, Oct 28 3:15 PM]   ok  walked back outside
 169.8s [Tue, Oct 28 3:24 PM]   use "Metro — Financial District Station"
 169.8s [Tue, Oct 28 3:25 PM]   (shot metro_riverside skipped: headless)
 169.8s [Tue, Oct 28 3:25 PM]   click [Go_riverside] Riverside  ·  10 min
 170.1s [Tue, Oct 28 3:37 PM]   ok  took the Metro to Riverside
 170.8s [Tue, Oct 28 3:50 PM]   ok  entered Riverside Tower
 170.9s [Tue, Oct 28 3:52 PM]   use "Use laptop — Company OS"
 171.0s [Tue, Oct 28 3:53 PM]   click [Tab_operations] Operations
 171.1s [Tue, Oct 28 3:54 PM]   click [Buy_lumina_direct_phone_stand] Buy $864
 171.1s [Tue, Oct 28 3:55 PM]   (shot settlement_escrow skipped: headless)
 171.1s [Tue, Oct 28 3:55 PM]   click [Settle_escrow] Pay this way
 171.2s [Tue, Oct 28 5:00 PM]   toast: Riverlight Goods Café stayed shut today: nobody was behind the counter. Hire a barista (People tab) or work the counter yourself.
 171.2s [Tue, Oct 28 6:06 PM]   click [Tab_finance] Finance
 171.4s [Tue, Oct 28 6:07 PM]   click [Tab_operations] Operations
 171.6s [Tue, Oct 28 6:14 PM]   (shot operations_escrow_order skipped: headless)
 171.6s [Tue, Oct 28 6:15 PM]   ok  import ordered through escrow
 171.6s [Tue, Oct 28 6:15 PM]   use "Use laptop — Company OS"
 171.8s [Tue, Oct 28 6:16 PM]   click [Tab_finance] Finance
 171.9s [Tue, Oct 28 6:17 PM]   (shot finance_held_in_escrow skipped: headless)
 172.1s [Tue, Oct 28 7:05 PM]   use "Sleep"
 172.3s [Tue, Oct 28 7:05 PM]   click [Sleep] Sleep until 7:00 AM
 172.7s [Wed, Oct 29 5:00 PM]   toast: Riverlight Goods Café stayed shut today: nobody was behind the counter. Hire a barista (People tab) or work the counter yourself.
 172.7s [Wed, Oct 29 7:01 PM]   use "Sleep"
 172.7s [Wed, Oct 29 7:01 PM]   click [Sleep] Sleep until 7:00 AM
 173.1s [Thu, Oct 30 5:00 PM]   toast: Riverlight Goods Café stayed shut today: nobody was behind the counter. Hire a barista (People tab) or work the counter yourself.
 173.1s [Thu, Oct 30 7:01 PM]   use "Sleep"
 173.1s [Thu, Oct 30 7:01 PM]   click [Sleep] Sleep until 7:00 AM
 173.5s [Fri, Oct 31 5:00 PM]   toast: Riverlight Goods Café stayed shut today: nobody was behind the counter. Hire a barista (People tab) or work the counter yourself.
 173.6s [Fri, Oct 31 7:01 PM]   use "Sleep"
 173.6s [Fri, Oct 31 7:01 PM]   click [Sleep] Sleep until 7:00 AM
 174.2s [Sat, Nov 1 7:00 AM]   (shot month_close_report skipped: headless)
 174.2s [Sat, Nov 1 7:00 AM]   click [month close] Continue
 174.2s [Sat, Nov 1 5:00 PM]   toast: Riverlight Goods Café stayed shut today: nobody was behind the counter. Hire a barista (People tab) or work the counter yourself.
 174.2s [Sat, Nov 1 7:00 PM]   use "Sleep"
 174.3s [Sat, Nov 1 7:00 PM]   click [Sleep] Sleep until 7:00 AM
 174.7s [Sun, Nov 2 7:03 PM]   use "Sleep"
 174.8s [Sun, Nov 2 7:04 PM]   click [Sleep] Sleep until 7:00 AM
 175.2s [Mon, Nov 3 5:00 PM]   toast: Riverlight Goods Café stayed shut today: nobody was behind the counter. Hire a barista (People tab) or work the counter yourself.
 175.2s [Mon, Nov 3 7:01 PM]   use "Sleep"
 175.3s [Mon, Nov 3 7:01 PM]   click [Sleep] Sleep until 7:00 AM
 175.7s [Tue, Nov 4 5:00 PM]   toast: Riverlight Goods Café stayed shut today: nobody was behind the counter. Hire a barista (People tab) or work the counter yourself.
 175.7s [Tue, Nov 4 7:01 PM]   use "Sleep"
 175.7s [Tue, Nov 4 7:01 PM]   click [Sleep] Sleep until 7:00 AM
 176.1s [Wed, Nov 5 5:00 PM]   toast: Riverlight Goods Café stayed shut today: nobody was behind the counter. Hire a barista (People tab) or work the counter yourself.
 176.1s [Wed, Nov 5 7:01 PM]   use "Sleep"
 176.2s [Wed, Nov 5 7:01 PM]   click [Sleep] Sleep until 7:00 AM
 176.6s [Thu, Nov 6 5:00 PM]   toast: Riverlight Goods Café stayed shut today: nobody was behind the counter. Hire a barista (People tab) or work the counter yourself.
 176.6s [Thu, Nov 6 7:01 PM]   use "Sleep"
 176.6s [Thu, Nov 6 7:01 PM]   click [Sleep] Sleep until 7:00 AM
 177.0s [Fri, Nov 7 5:00 PM]   toast: Riverlight Goods Café stayed shut today: nobody was behind the counter. Hire a barista (People tab) or work the counter yourself.
 177.1s [Fri, Nov 7 7:04 PM]   use "Sleep"
 177.1s [Fri, Nov 7 7:04 PM]   click [Sleep] Sleep until 7:00 AM
 177.5s [Sat, Nov 8 5:00 PM]   toast: Riverlight Goods Café stayed shut today: nobody was behind the counter. Hire a barista (People tab) or work the counter yourself.
 177.5s [Sat, Nov 8 7:01 PM]   use "Sleep"
 177.6s [Sat, Nov 8 7:01 PM]   click [Sleep] Sleep until 7:00 AM
 178.0s [Sun, Nov 9 7:00 PM]   (shot decision_supplier_price_increase skipped: headless)
 178.0s [Sun, Nov 9 7:00 PM]   decision supplier_price_increase → accept
 178.0s [Sun, Nov 9 7:00 PM]   click [Choice_accept] Okay. Keep supplying me.
 178.0s [Sun, Nov 9 7:00 PM]   (shot decision_outcome_supplier_price_increase skipped: headless)
 178.0s [Sun, Nov 9 7:00 PM]   click "OK"
 178.1s [Sun, Nov 9 7:00 PM]   use "Sleep"
 178.1s [Sun, Nov 9 7:00 PM]   click [Sleep] Sleep until 7:00 AM
 178.4s [Mon, Nov 10 7:00 AM]   ok  escrow released to the supplier on arrival
 178.4s [Mon, Nov 10 7:00 AM]   ok  Chapter 10 complete
 178.4s [Mon, Nov 10 7:00 AM] STEP Chapter 11 — the bridge exploit
 178.4s [Mon, Nov 10 7:00 AM]   ok  Year 7: the Bridge Exploit
 178.8s [Mon, Nov 10 7:06 AM]   ok  walked back outside
 179.2s [Mon, Nov 10 7:11 AM]   ok  entered Bloom Coffee
 179.2s [Mon, Nov 10 7:14 AM]   use "Read the news board"
 179.3s [Mon, Nov 10 7:19 AM]   (shot news_bridge_before skipped: headless)
 179.3s [Mon, Nov 10 7:19 AM]   ok  read the news (bridge_before)
 179.6s [Mon, Nov 10 7:24 AM]   ok  walked back outside
 180.0s [Mon, Nov 10 7:29 AM]   ok  entered Riverside Tower
 180.1s [Mon, Nov 10 7:31 AM]   use "Use laptop — Company OS"
 180.2s [Mon, Nov 10 7:32 AM]   click [Tab_operations] Operations
 180.3s [Mon, Nov 10 7:33 AM]   click [Buy_lumina_direct_phone_stand] Buy $856
 180.3s [Mon, Nov 10 7:34 AM]   (shot settlement_before_exploit skipped: headless)
 180.3s [Mon, Nov 10 7:34 AM]   click [Settle_escrow] Pay this way
 180.4s [Mon, Nov 10 7:36 AM]   ok  restock ordered through escrow (cash $55,570)
 181.0s [Mon, Nov 10 7:54 AM]   toast: BREAKING: the digital-dollar bridge was exploited. Transfers are frozen until about Nov 16 7:54 AM.
 181.2s [Mon, Nov 10 7:56 AM]   ok  the bridge is frozen with our payment crossing it
 181.2s [Mon, Nov 10 7:56 AM]   ok  the '!' badge for frozen_funds pins its card
 181.2s [Mon, Nov 10 7:56 AM]   (shot badge_frozen_pinned skipped: headless)
 181.2s [Mon, Nov 10 7:56 AM]   (shot decision_rail_frozen skipped: headless)
 181.2s [Mon, Nov 10 7:56 AM]   decision rail_frozen → reroute
 181.2s [Mon, Nov 10 7:56 AM]   click [Choice_reroute] Pay again by wire ($890)
 181.3s [Mon, Nov 10 7:56 AM]   (shot decision_outcome_rail_frozen skipped: headless)
 181.3s [Mon, Nov 10 7:56 AM]   click "OK"
 181.3s [Mon, Nov 10 7:56 AM]   ok  paid again by wire
 181.3s [Mon, Nov 10 7:56 AM]   use "Use laptop — Company OS"
 181.5s [Mon, Nov 10 7:57 AM]   click [Tab_finance] Finance
 181.6s [Mon, Nov 10 7:58 AM]   (shot finance_frozen_funds skipped: headless)
 181.6s [Mon, Nov 10 7:58 AM]   click [Tab_operations] Operations
 181.9s [Mon, Nov 10 8:06 AM]   (shot operations_frozen_order skipped: headless)
 182.4s [Mon, Nov 10 8:12 AM]   ok  walked back outside
 182.8s [Mon, Nov 10 8:17 AM]   ok  entered Bloom Coffee
 182.9s [Mon, Nov 10 8:19 AM]   use "Read the news board"
 182.9s [Mon, Nov 10 8:24 AM]   (shot news_bridge_frozen skipped: headless)
 182.9s [Mon, Nov 10 8:24 AM]   ok  read the news (bridge_frozen)
 183.3s [Mon, Nov 10 8:29 AM]   ok  walked back outside
 183.7s [Mon, Nov 10 8:34 AM]   ok  entered Riverside Tower
 183.8s [Mon, Nov 10 5:00 PM]   toast: Riverlight Goods Café stayed shut today: nobody was behind the counter. Hire a barista (People tab) or work the counter yourself.
 183.8s [Mon, Nov 10 7:03 PM]   use "Sleep"
 183.8s [Mon, Nov 10 7:03 PM]   click [Sleep] Sleep until 7:00 AM
 184.2s [Tue, Nov 11 5:00 PM]   toast: Riverlight Goods Café stayed shut today: nobody was behind the counter. Hire a barista (People tab) or work the counter yourself.
 184.2s [Tue, Nov 11 7:01 PM]   use "Sleep"
 184.3s [Tue, Nov 11 7:01 PM]   click [Sleep] Sleep until 7:00 AM
 184.6s [Wed, Nov 12 5:00 PM]   toast: Riverlight Goods Café stayed shut today: nobody was behind the counter. Hire a barista (People tab) or work the counter yourself.
 184.6s [Wed, Nov 12 7:01 PM]   use "Sleep"
 184.7s [Wed, Nov 12 7:01 PM]   click [Sleep] Sleep until 7:00 AM
 185.1s [Thu, Nov 13 5:00 PM]   toast: Riverlight Goods Café stayed shut today: nobody was behind the counter. Hire a barista (People tab) or work the counter yourself.
 185.1s [Thu, Nov 13 7:01 PM]   use "Sleep"
 185.1s [Thu, Nov 13 7:01 PM]   click [Sleep] Sleep until 7:00 AM
 185.5s [Fri, Nov 14 5:00 PM]   toast: Riverlight Goods Café stayed shut today: nobody was behind the counter. Hire a barista (People tab) or work the counter yourself.
 185.5s [Fri, Nov 14 7:00 PM]   (shot decision_low_cash_warning skipped: headless)
 185.5s [Fri, Nov 14 7:00 PM]   decision low_cash_warning → reduce
 185.5s [Fri, Nov 14 7:00 PM]   click [Choice_reduce] Cut spending (pause ads, cheaper living)
 185.5s [Fri, Nov 14 7:00 PM]   (shot decision_outcome_low_cash_warning skipped: headless)
 185.5s [Fri, Nov 14 7:00 PM]   click "OK"
 185.5s [Fri, Nov 14 7:00 PM]   use "Sleep"
 185.6s [Fri, Nov 14 7:00 PM]   click [Sleep] Sleep until 7:00 AM
 186.0s [Sat, Nov 15 5:00 PM]   toast: Riverlight Goods Café stayed shut today: nobody was behind the counter. Hire a barista (People tab) or work the counter yourself.
 186.0s [Sat, Nov 15 7:01 PM]   use "Sleep"
 186.0s [Sat, Nov 15 7:01 PM]   click [Sleep] Sleep until 7:00 AM
 186.4s [Sun, Nov 16 7:01 PM]   use "Sleep"
 186.4s [Sun, Nov 16 7:01 PM]   click [Sleep] Sleep until 7:00 AM
 186.8s [Mon, Nov 17 5:00 PM]   toast: Riverlight Goods Café stayed shut today: nobody was behind the counter. Hire a barista (People tab) or work the counter yourself.
 186.9s [Mon, Nov 17 7:00 PM]   (shot decision_low_cash_warning skipped: headless)
 186.9s [Mon, Nov 17 7:00 PM]   decision low_cash_warning → reduce
 186.9s [Mon, Nov 17 7:00 PM]   click [Choice_reduce] Cut spending (pause ads, cheaper living)
 186.9s [Mon, Nov 17 7:00 PM]   (shot decision_outcome_low_cash_warning skipped: headless)
 186.9s [Mon, Nov 17 7:00 PM]   click "OK"
 187.0s [Mon, Nov 17 7:00 PM]   use "Sleep"
 187.0s [Mon, Nov 17 7:00 PM]   click [Sleep] Sleep until 7:00 AM
 187.4s [Tue, Nov 18 5:00 PM]   toast: Riverlight Goods Café stayed shut today: nobody was behind the counter. Hire a barista (People tab) or work the counter yourself.
 187.4s [Tue, Nov 18 7:01 PM]   use "Sleep"
 187.4s [Tue, Nov 18 7:01 PM]   click [Sleep] Sleep until 7:00 AM
 187.8s [Wed, Nov 19 5:00 PM]   toast: Riverlight Goods Café stayed shut today: nobody was behind the counter. Hire a barista (People tab) or work the counter yourself.
 187.9s [Wed, Nov 19 7:01 PM]   use "Sleep"
 187.9s [Wed, Nov 19 7:01 PM]   click [Sleep] Sleep until 7:00 AM
 188.3s [Thu, Nov 20 5:00 PM]   toast: Riverlight Goods Café stayed shut today: nobody was behind the counter. Hire a barista (People tab) or work the counter yourself.
 188.3s [Thu, Nov 20 7:00 PM]   (shot decision_low_cash_warning skipped: headless)
 188.3s [Thu, Nov 20 7:00 PM]   decision low_cash_warning → reduce
 188.3s [Thu, Nov 20 7:00 PM]   click [Choice_reduce] Cut spending (pause ads, cheaper living)
 188.4s [Thu, Nov 20 7:00 PM]   (shot decision_outcome_low_cash_warning skipped: headless)
 188.4s [Thu, Nov 20 7:00 PM]   click "OK"
 188.4s [Thu, Nov 20 7:00 PM]   use "Sleep"
 188.5s [Thu, Nov 20 7:00 PM]   click [Sleep] Sleep until 7:00 AM
 188.9s [Fri, Nov 21 5:00 PM]   toast: Jae Hughes quit.
 188.9s [Fri, Nov 21 5:00 PM]   toast: Riverlight Goods Café stayed shut today: nobody was behind the counter. Hire a barista (People tab) or work the counter yourself.
 188.9s [Fri, Nov 21 7:01 PM]   use "Sleep"
 188.9s [Fri, Nov 21 7:01 PM]   click [Sleep] Sleep until 7:00 AM
 189.4s [Sat, Nov 22 5:00 PM]   toast: Riverlight Goods Café stayed shut today: nobody was behind the counter. Hire a barista (People tab) or work the counter yourself.
 189.4s [Sat, Nov 22 7:01 PM]   use "Sleep"
 189.4s [Sat, Nov 22 7:01 PM]   click [Sleep] Sleep until 7:00 AM
 189.9s [Sun, Nov 23 7:00 PM]   (shot decision_low_cash_warning skipped: headless)
 189.9s [Sun, Nov 23 7:00 PM]   decision low_cash_warning → reduce
 189.9s [Sun, Nov 23 7:00 PM]   click [Choice_reduce] Cut spending (pause ads, cheaper living)
 189.9s [Sun, Nov 23 7:00 PM]   (shot decision_outcome_low_cash_warning skipped: headless)
 189.9s [Sun, Nov 23 7:00 PM]   click "OK"
 190.0s [Sun, Nov 23 7:00 PM]   use "Sleep"
 190.0s [Sun, Nov 23 7:00 PM]   click [Sleep] Sleep until 7:00 AM
 190.4s [Mon, Nov 24 5:00 PM]   toast: Riverlight Goods Café stayed shut today: nobody was behind the counter. Hire a barista (People tab) or work the counter yourself.
 190.4s [Mon, Nov 24 7:01 PM]   use "Sleep"
 190.4s [Mon, Nov 24 7:01 PM]   click [Sleep] Sleep until 7:00 AM
 190.9s [Tue, Nov 25 5:00 PM]   toast: Riverlight Goods Café stayed shut today: nobody was behind the counter. Hire a barista (People tab) or work the counter yourself.
 190.9s [Tue, Nov 25 7:01 PM]   use "Sleep"
 191.0s [Tue, Nov 25 7:01 PM]   click [Sleep] Sleep until 7:00 AM
 191.4s [Wed, Nov 26 5:00 PM]   toast: Riverlight Goods Café stayed shut today: nobody was behind the counter. Hire a barista (People tab) or work the counter yourself.
 191.4s [Wed, Nov 26 7:00 PM]   (shot decision_low_cash_warning skipped: headless)
 191.4s [Wed, Nov 26 7:00 PM]   decision low_cash_warning → reduce
 191.4s [Wed, Nov 26 7:00 PM]   click [Choice_reduce] Cut spending (pause ads, cheaper living)
 191.5s [Wed, Nov 26 7:00 PM]   (shot decision_outcome_low_cash_warning skipped: headless)
 191.5s [Wed, Nov 26 7:00 PM]   click "OK"
 191.5s [Wed, Nov 26 7:00 PM]   use "Sleep"
 191.5s [Wed, Nov 26 7:00 PM]   click [Sleep] Sleep until 7:00 AM
 191.9s [Thu, Nov 27 7:00 AM]   ok  the bridge reopened
 191.9s [Thu, Nov 27 7:00 AM]   ok  frozen funds settled
 191.9s [Thu, Nov 27 7:00 AM]   ok  Chapter 11 complete: through the freeze and restocked
 191.9s [Thu, Nov 27 7:00 AM] STEP Chapter 12 — the regulation wave: the import licence
 191.9s [Thu, Nov 27 7:00 AM]   ok  Year 8: the Regulation Wave
 192.3s [Thu, Nov 27 7:06 AM]   ok  walked back outside
 192.7s [Thu, Nov 27 7:11 AM]   ok  entered Bloom Coffee
 192.7s [Thu, Nov 27 7:14 AM]   use "Read the news board"
 192.8s [Thu, Nov 27 7:19 AM]   (shot news_regulation skipped: headless)
 192.8s [Thu, Nov 27 7:19 AM]   ok  read the news (regulation)
 193.2s [Thu, Nov 27 7:24 AM]   ok  walked back outside
 193.6s [Thu, Nov 27 7:29 AM]   ok  entered Riverside Tower
 193.6s [Thu, Nov 27 7:29 AM]   (harness) wait 2 h
 193.9s [Thu, Nov 27 9:33 AM]   ok  walked back outside
 194.4s [Thu, Nov 27 9:47 AM]   use "Metro — Riverside Station"
 194.5s [Thu, Nov 27 9:49 AM]   (shot metro_civic_center skipped: headless)
 194.5s [Thu, Nov 27 9:49 AM]   click [Go_civic_center] Civic Center  ·  12 min
 194.8s [Thu, Nov 27 10:02 AM]   ok  took the Metro to Civic Center
 195.3s [Thu, Nov 27 10:13 AM]   ok  entered Aurelia City Hall
 195.4s [Thu, Nov 27 10:15 AM]   use "Permits & regulations"
 195.4s [Thu, Nov 27 10:16 AM]   (shot permits_import_licence skipped: headless)
 195.5s [Thu, Nov 27 10:17 AM]   ok  the '!' badge for import_licence pins its card
 195.5s [Thu, Nov 27 10:17 AM]   (shot badge_licence_pinned skipped: headless)
 195.5s [Thu, Nov 27 10:18 AM]   click [ApplyImportLicence] Apply ($450)
 195.5s [Thu, Nov 27 10:39 AM]   (shot permits_licence_processing skipped: headless)
 195.5s [Thu, Nov 27 10:39 AM]   ok  import licence applied for
 195.9s [Thu, Nov 27 10:45 AM]   ok  walked back outside
 196.1s [Thu, Nov 27 10:53 AM]   use "Metro — Civic Center Station"
 196.2s [Thu, Nov 27 10:54 AM]   (shot metro_riverside skipped: headless)
 196.2s [Thu, Nov 27 10:54 AM]   click [Go_riverside] Riverside  ·  12 min
 196.5s [Thu, Nov 27 11:08 AM]   ok  took the Metro to Riverside
 197.2s [Thu, Nov 27 11:22 AM]   ok  entered Riverside Tower
 197.3s [Thu, Nov 27 5:00 PM]   toast: Riverlight Goods Café stayed shut today: nobody was behind the counter. Hire a barista (People tab) or work the counter yourself.
 197.3s [Thu, Nov 27 7:02 PM]   use "Sleep"
 197.3s [Thu, Nov 27 7:02 PM]   click [Sleep] Sleep until 7:00 AM
 197.7s [Fri, Nov 28 5:00 PM]   toast: Riverlight Goods Café stayed shut today: nobody was behind the counter. Hire a barista (People tab) or work the counter yourself.
 197.8s [Fri, Nov 28 7:00 PM]   (shot decision_supplier_price_increase skipped: headless)
 197.8s [Fri, Nov 28 7:00 PM]   decision supplier_price_increase → accept
 197.8s [Fri, Nov 28 7:00 PM]   click [Choice_accept] Okay. Keep supplying me.
 197.8s [Fri, Nov 28 7:00 PM]   (shot decision_outcome_supplier_price_increase skipped: headless)
 197.8s [Fri, Nov 28 7:00 PM]   click "OK"
 197.8s [Fri, Nov 28 7:00 PM]   use "Sleep"
 197.8s [Fri, Nov 28 7:00 PM]   click [Sleep] Sleep until 7:00 AM
 198.2s [Sat, Nov 29 5:00 PM]   toast: Riverlight Goods Café stayed shut today: nobody was behind the counter. Hire a barista (People tab) or work the counter yourself.
 198.3s [Sat, Nov 29 7:00 PM]   (shot decision_low_cash_warning skipped: headless)
 198.3s [Sat, Nov 29 7:00 PM]   decision low_cash_warning → reduce
 198.3s [Sat, Nov 29 7:00 PM]   click [Choice_reduce] Cut spending (pause ads, cheaper living)
 198.3s [Sat, Nov 29 7:00 PM]   (shot decision_outcome_low_cash_warning skipped: headless)
 198.3s [Sat, Nov 29 7:00 PM]   click "OK"
 198.3s [Sat, Nov 29 7:00 PM]   use "Sleep"
 198.3s [Sat, Nov 29 7:00 PM]   click [Sleep] Sleep until 7:00 AM
 198.7s [Sun, Nov 30 7:00 AM]   ok  import licence granted
 198.7s [Sun, Nov 30 7:00 AM] STEP Chapter 12 — a large import goes through KYC
 198.7s [Sun, Nov 30 7:02 AM]   use "Use laptop — Company OS"
 198.9s [Sun, Nov 30 7:03 AM]   click [Tab_operations] Operations
 199.0s [Sun, Nov 30 7:04 AM]   click [DeliverTo_riverside_studio] Riverside Tower, Unit
 199.0s [Sun, Nov 30 7:05 AM]   click [Buy_lumina_direct_wireless_earbuds] Buy $2,692
 199.1s [Sun, Nov 30 7:06 AM]   (shot settlement_kyc skipped: headless)
 199.1s [Sun, Nov 30 7:06 AM]   click [Settle_letter_of_credit] Pay this way
 199.2s [Sun, Nov 30 7:08 AM]   ok  the large payment carries a KYC check
 199.3s [Sun, Nov 30 7:04 PM]   use "Sleep"
 199.4s [Sun, Nov 30 7:04 PM]   click [Sleep] Sleep until 7:00 AM
 199.9s [Mon, Dec 1 7:00 AM]   (shot month_close_report skipped: headless)
 199.9s [Mon, Dec 1 7:00 AM]   click [month close] Continue
 200.0s [Mon, Dec 1 5:00 PM]   toast: Riverlight Goods Café stayed shut today: nobody was behind the counter. Hire a barista (People tab) or work the counter yourself.
 200.0s [Mon, Dec 1 7:00 PM]   use "Sleep"
 200.0s [Mon, Dec 1 7:00 PM]   click [Sleep] Sleep until 7:00 AM
 200.4s [Tue, Dec 2 5:00 PM]   toast: Riverlight Goods Café stayed shut today: nobody was behind the counter. Hire a barista (People tab) or work the counter yourself.
 200.4s [Tue, Dec 2 7:00 PM]   (shot decision_low_cash_warning skipped: headless)
 200.4s [Tue, Dec 2 7:00 PM]   decision low_cash_warning → reduce
 200.4s [Tue, Dec 2 7:00 PM]   click [Choice_reduce] Cut spending (pause ads, cheaper living)
 200.5s [Tue, Dec 2 7:00 PM]   (shot decision_outcome_low_cash_warning skipped: headless)
 200.5s [Tue, Dec 2 7:00 PM]   click "OK"
 200.5s [Tue, Dec 2 7:00 PM]   use "Sleep"
 200.5s [Tue, Dec 2 7:00 PM]   click [Sleep] Sleep until 7:00 AM
 200.9s [Wed, Dec 3 5:00 PM]   toast: Riverlight Goods Café stayed shut today: nobody was behind the counter. Hire a barista (People tab) or work the counter yourself.
 200.9s [Wed, Dec 3 7:01 PM]   use "Sleep"
 200.9s [Wed, Dec 3 7:01 PM]   click [Sleep] Sleep until 7:00 AM
 201.3s [Thu, Dec 4 7:00 AM]   ok  KYC cleared
 201.3s [Thu, Dec 4 7:02 AM]   use "Use laptop — Company OS"
 201.5s [Thu, Dec 4 7:03 AM]   click [Tab_finance] Finance
 201.6s [Thu, Dec 4 7:04 AM]   (shot finance_compliance_cost skipped: headless)
 201.7s [Thu, Dec 4 7:04 AM] STEP Chapter 12 — Victor Hale's offer
 201.7s [Thu, Dec 4 7:04 AM]   (harness) wait 2 h
 201.7s [Thu, Dec 4 9:05 AM]   (harness) wait 2 h
 202.1s [Thu, Dec 4 11:11 AM]   ok  walked back outside
 202.6s [Thu, Dec 4 11:26 AM]   use "Metro — Riverside Station"
 202.6s [Thu, Dec 4 11:27 AM]   (shot metro_shopping_street skipped: headless)
 202.6s [Thu, Dec 4 11:27 AM]   click [Go_shopping_street] Shopping Street  ·  15 min
 203.0s [Thu, Dec 4 11:43 AM]   ok  took the Metro to Shopping Street
 203.7s [Thu, Dec 4 11:56 AM]   ok  entered Crestline Flagship
 203.7s [Thu, Dec 4 11:57 AM]   use "Talk to Victor Hale"
 203.7s [Thu, Dec 4 11:57 AM]   (shot victor_offer skipped: headless)
 204.2s [Thu, Dec 4 11:59 AM]   ok  the '!' badge for valuation pins its card
 204.2s [Thu, Dec 4 11:59 AM]   (shot badge_valuation_pinned skipped: headless)
 204.3s [Thu, Dec 4 11:59 AM]   (shot decision_acquisition_offer skipped: headless)
 204.3s [Thu, Dec 4 11:59 AM]   decision acquisition_offer → counter
 204.3s [Thu, Dec 4 11:59 AM]   click [Choice_counter] Counter: ask for $97,811
 204.3s [Thu, Dec 4 11:59 AM]   (shot decision_outcome_acquisition_offer skipped: headless)
 204.3s [Thu, Dec 4 11:59 AM]   click "OK"
 204.3s [Thu, Dec 4 11:59 AM]   ok  countered Hale Group's offer
 204.6s [Thu, Dec 4 12:01 PM]   (shot ending_card skipped: headless)
 204.7s [Thu, Dec 4 12:06 PM]   ok  Chapter 12 complete
 204.7s [Thu, Dec 4 12:06 PM]   ok  the main story is complete
 204.7s [Thu, Dec 4 12:06 PM]   ok  free play: the growth goal
 204.7s [Thu, Dec 4 12:06 PM]   ok  ledger balanced after chapters 10–12
 205.0s [Thu, Dec 4 12:09 PM]   ok  walked back outside
 205.4s [Thu, Dec 4 12:20 PM]   use "Metro — Shopping Street Station"
 205.5s [Thu, Dec 4 12:21 PM]   (shot metro_riverside skipped: headless)
 205.5s [Thu, Dec 4 12:21 PM]   click [Go_riverside] Riverside  ·  15 min
 205.8s [Thu, Dec 4 12:38 PM]   ok  took the Metro to Riverside
 206.5s [Thu, Dec 4 12:52 PM]   ok  entered Riverside Tower
 206.5s [Thu, Dec 4 12:52 PM] STEP Save → reload → same state
 207.4s [Thu, Dec 4 12:53 PM]   ok  cash restored after load
 207.4s [Thu, Dec 4 12:53 PM]   ok  time restored after load
 207.4s [Thu, Dec 4 12:53 PM]   ok  location restored (riverside_apartment)
 207.4s [Thu, Dec 4 12:53 PM]   (shot after_load skipped: headless)
 207.4s [Thu, Dec 4 12:53 PM] STEP Summary
 207.4s [Thu, Dec 4 12:53 PM]   business entity co_riverlight_goods cash $46,867.39 · personal $47,574.38 · orders delivered 2779 · chapters done ["ch1_arrival", "ch2_first_customer", "ch3_open_for_business", "ch4_growing_pains", "ch5_big_contract", "ch6_cash_is_oxygen", "ch7_supply_shock", "ch8_green_shift", "ch9_clearing_crisis", "ch10_digital_rails", "ch11_other_side_of_trust", "ch12_regulation_scale"]
 207.4s [Thu, Dec 4 12:53 PM]   ok  ledger balanced at the end
 207.4s [Thu, Dec 4 12:53 PM]   ok  story objective completed: ch1_phone
 207.4s [Thu, Dec 4 12:53 PM]   ok  story objective completed: ch1_outside
 207.4s [Thu, Dec 4 12:53 PM]   ok  story objective completed: ch1_coffee
 207.4s [Thu, Dec 4 12:53 PM]   ok  story objective completed: ch1_cowork
 207.4s [Thu, Dec 4 12:53 PM]   ok  story objective completed: ch1_board
 207.4s [Thu, Dec 4 12:53 PM]   ok  story objective completed: ch2_supplier
 207.4s [Thu, Dec 4 12:53 PM]   ok  story objective completed: ch2_stock
 207.4s [Thu, Dec 4 12:53 PM]   ok  story objective completed: ch2_listing
 207.4s [Thu, Dec 4 12:53 PM]   ok  story objective completed: ch2_order
 207.4s [Thu, Dec 4 12:53 PM]   ok  story objective completed: ch2_ship
 207.4s [Thu, Dec 4 12:53 PM]   ok  story objective completed: ch2_first_dollar
 207.4s [Thu, Dec 4 12:53 PM]   ok  story objective completed: ch2_issue
 207.4s [Thu, Dec 4 12:53 PM]   ok  story objective completed: ch3_register
 207.4s [Thu, Dec 4 12:53 PM]   ok  story objective completed: ch3_bank
 207.4s [Thu, Dec 4 12:53 PM]   ok  story objective completed: ch3_workspace
 207.4s [Thu, Dec 4 12:53 PM]   ok  story objective completed: ch3_os
 207.4s [Thu, Dec 4 12:53 PM]   ok  story objective completed: ch4_employer
 207.4s [Thu, Dec 4 12:53 PM]   ok  story objective completed: ch4_post
 207.4s [Thu, Dec 4 12:53 PM]   ok  story objective completed: ch4_hire
 207.4s [Thu, Dec 4 12:53 PM]   ok  story objective completed: ch4_payroll
 207.4s [Thu, Dec 4 12:53 PM]   ok  story objective completed: ch4_forecast
 207.4s [Thu, Dec 4 12:53 PM]   ok  story objective completed: ch5_meet
 207.4s [Thu, Dec 4 12:53 PM]   ok  story objective completed: ch5_decide
 207.4s [Thu, Dec 4 12:53 PM]   ok  story objective completed: ch5_stock
 207.4s [Thu, Dec 4 12:53 PM]   ok  story objective completed: ch5_deliver
 207.4s [Thu, Dec 4 12:53 PM]   ok  story objective completed: ch6_forecast
 207.4s [Thu, Dec 4 12:53 PM]   ok  story objective completed: ch6_bridge
 207.4s [Thu, Dec 4 12:53 PM]   ok  story objective completed: ch6_collect
 207.4s [Thu, Dec 4 12:53 PM]   ok  story objective completed: ch6_close
 207.4s [Thu, Dec 4 12:53 PM]   ok  story objective completed: ch7_news
 207.4s [Thu, Dec 4 12:53 PM]   ok  story objective completed: ch7_ken
 207.4s [Thu, Dec 4 12:53 PM]   ok  story objective completed: ch7_stock
 207.4s [Thu, Dec 4 12:53 PM]   ok  story objective completed: ch7_price
 207.4s [Thu, Dec 4 12:53 PM]   ok  story objective completed: ch7_close
 207.4s [Thu, Dec 4 12:53 PM]   ok  story objective completed: ch8_news
 207.4s [Thu, Dec 4 12:53 PM]   ok  story objective completed: ch8_pack
 207.4s [Thu, Dec 4 12:53 PM]   ok  story objective completed: ch8_product
 207.4s [Thu, Dec 4 12:53 PM]   ok  story objective completed: ch8_grant
 207.4s [Thu, Dec 4 12:53 PM]   ok  story objective completed: ch9_news
 207.4s [Thu, Dec 4 12:53 PM]   ok  story objective completed: ch9_import
 207.4s [Thu, Dec 4 12:53 PM]   ok  story objective completed: ch9_lina
 207.4s [Thu, Dec 4 12:53 PM]   ok  story objective completed: ch9_settle
 207.4s [Thu, Dec 4 12:53 PM]   ok  story objective completed: ch9_arrive
 207.4s [Thu, Dec 4 12:53 PM]   ok  story objective completed: ch10_news
 207.4s [Thu, Dec 4 12:53 PM]   ok  story objective completed: ch10_lina
 207.4s [Thu, Dec 4 12:53 PM]   ok  story objective completed: ch10_import
 207.4s [Thu, Dec 4 12:53 PM]   ok  story objective completed: ch10_arrive
 207.4s [Thu, Dec 4 12:53 PM]   ok  story objective completed: ch11_news
 207.4s [Thu, Dec 4 12:53 PM]   ok  story objective completed: ch11_order
 207.4s [Thu, Dec 4 12:53 PM]   ok  story objective completed: ch11_freeze
 207.4s [Thu, Dec 4 12:53 PM]   ok  story objective completed: ch11_restock
 207.4s [Thu, Dec 4 12:53 PM]   ok  story objective completed: ch12_news
 207.4s [Thu, Dec 4 12:53 PM]   ok  story objective completed: ch12_licence
 207.4s [Thu, Dec 4 12:53 PM]   ok  story objective completed: ch12_kyc
 207.4s [Thu, Dec 4 12:53 PM]   ok  story objective completed: ch12_offer
 207.4s [Thu, Dec 4 12:53 PM] BOT FINISHED — 0 failure(s) · 207.4s real
